r,rho,cL,cH,tauL,tauH,regime,family,cutoff,pool_end,qH,qL,eH,eL,E,O_H,pool_prob,pool_belief,var_mu,informative,E_weak,OH_weak,E_gt_weak,OH_gt_weak,reversal,regret_H,regret_L,entry_gap_E,entry_gap_OH
3,0.1,2.366178511,6,0.2689414214,0.705,I,full-minimal,-inf,-inf,1,-1,0.5780618219,0.2765556916,0.4273087567,0.2890309109,0,nan,0.0426878261,true,0.1,0.05,true,true,true,0,0,0.3273087567,0.2390309109
3,0.1,4.291666667,6,0.5,0.705,II,full-minimal,-inf,0,1,-1,0.5477352889,0.2068822245,0.3773087567,0.2738676444,0.5,0.3032653299,0.04069617827,true,0.1,0.05,true,true,true,0,0,0.2773087567,0.2238676444
3,0.1,4.291666667,6,0.5,0.705,II,full-pool,0.05,0.05,1,-1,0.546967569,0.2061334598,0.3765505144,0.2734837845,0.507582423,0.3062975727,0.04038833066,true,0.1,0.05,true,true,true,0,0,0.2765505144,0.2234837845
3,0.1,4.291666667,6,0.5,0.705,II,full-pool,0.1,0.1,1,-1,0.5461804143,0.2054031821,0.3757917982,0.2730902071,0.5151695853,0.3094263374,0.04005084914,true,0.1,0.05,true,true,true,0,0,0.2757917982,0.2230902071
3,0.1,4.291666667,6,0.5,0.705,II,full-pool,0.15,0.15,1,-1,0.5453733326,0.204690935,0.3750321338,0.2726866663,0.5227662291,0.3126492057,0.03968251936,true,0.1,0.05,true,true,true,0,0,0.2750321338,0.2226866663
3,0.1,4.291666667,6,0.5,0.705,II,full-pool,0.2,0.2,1,-1,0.5445458196,0.2039962734,0.3742710465,0.2722729098,0.5303771025,0.3159638882,0.03928216225,true,0.1,0.05,true,true,true,0,0,0.2742710465,0.2222729098
3,0.1,4.291666667,6,0.5,0.705,II,full-pool,0.25,0.25,1,-1,0.5436973579,0.203318763,0.3735080605,0.271848679,0.5380069626,0.3193682083,0.03884863748,true,0.1,0.05,true,true,true,0,0,0.2735080605,0.221848679
3,0.1,4.291666667,6,0.5,0.705,II,full-pool,0.3,0.3,1,-1,0.5428274174,0.2026579804,0.3727426989,0.2714137087,0.5456605782,0.3228600882,0.03838084684,true,0.1,0.05,true,true,true,0,0,0.2727426989,0.2214137087
3,0.1,4.291666667,6,0.5,0.705,II,full-pool,0.35,0.35,1,-1,0.5419354542,0.2020135126,0.3719744834,0.2709677271,0.5533427333,0.326437536,0.03787773764,true,0.1,0.05,true,true,true,0,0,0.2719744834,0.2209677271
3,0.1,4.291666667,6,0.5,0.705,II,full-pool,0.4,0.4,1,-1,0.5410209108,0.2013849568,0.3712029338,0.2705104554,0.5610582292,0.3300986342,0.03733830593,true,0.1,0.05,true,true,true,0,0,0.2712029338,0.2205104554
3,0.1,4.291666667,6,0.5,0.705,II,full-pool,0.45,0.45,1,-1,0.5400832157,0.20077192,0.3704275679,0.2700416079,0.5688118886,0.3338415294,0.03676159958,true,0.1,0.05,true,true,true,0,0,0.2704275679,0.2200416079
3,0.1,4.291666667,6,0.5,0.705,II,full-pool,0.5,0.5,1,-1,0.5391217827,0.2001740192,0.369647901,0.2695608914,0.5766085576,0.3376644228,0.0361467213,true,0.1,0.05,true,true,true,0,0,0.269647901,0.2195608914
3,0.1,4.291666667,6,0.5,0.705,II,full-pool,0.55,0.55,1,-1,0.5381360109,0.1995908806,0.3688634458,0.2690680055,0.5844531094,0.3415655618,0.03549283133,true,0.1,0.05,true,true,true,0,0,0.2688634458,0.2190680055
3,0.1,4.291666667,6,0.5,0.705,II,full-pool,0.6,0.6,1,-1,0.5371252842,0.1990221398,0.368073712,0.2685626421,0.5923504472,0.3455432324,0.03479915,true,0.1,0.05,true,true,true,0,0,0.268073712,0.2185626421
3,0.1,4.291666667,6,0.5,0.705,II,full-pool,0.65,0.65,1,-1,0.5360889708,0.1984674412,0.367278206,0.2680444854,0.6003055071,0.349595752,0.03406496011,true,0.1,0.05,true,true,true,0,0,0.267278206,0.2180444854
3,0.1,4.291666667,6,0.5,0.705,II,full-pool,0.7,0.7,1,-1,0.535026423,0.1979264382,0.3664764306,0.2675132115,0.6083232611,0.3537214633,0.03328960893,true,0.1,0.05,true,true,true,0,0,0.2664764306,0.2175132115
3,0.1,4.291666667,6,0.5,0.705,II,full-pool,0.75,0.75,1,-1,0.5339369767,0.1973987925,0.3656678846,0.2669684884,0.6164087207,0.3579187286,0.03247251009,true,0.1,0.05,true,true,true,0,0,0.2656678846,0.2169684884
3,0.1,4.291666667,6,0.5,0.705,II,full-pool,0.8,0.8,1,-1,0.532819951,0.1968841745,0.3648520628,0.2664099755,0.6245669396,0.3621859246,0.03161314512,true,0.1,0.05,true,true,true,0,0,0.2648520628,0.2164099755
3,0.1,4.291666667,6,0.5,0.705,II,full-pool,0.85,0.85,1,-1,0.5316746475,0.1963822625,0.364028455,0.2658373238,0.6328030168,0.3665214378,0.03071106477,true,0.1,0.05,true,true,true,0,0,0.264028455,0.2158373238
3,0.1,4.291666667,6,0.5,0.705,II,full-pool,0.9,0.9,1,-1,0.5243852877,0.1933705117,0.3588778997,0.2621926439,0.6411221003,0.3709236603,0.02976589001,true,0.1,0.05,true,true,true,0,0,0.2588778997,0.2121926439
3,0.1,4.291666667,6,0.5,0.705,II,full-pool,0.95,0.95,1,-1,0.512345044,0.1885961768,0.3504706104,0.256172522,0.6495293896,0.375390986,0.02877731277,true,0.1,0.05,true,true,true,0,0,0.2504706104,0.206172522
3,0.1,4.291666667,6,0.5,0.705,II,full-pool,1,1,1,-1,0.5,0.1839397206,0.3419698603,0.25,0.6580301397,0.3799218074,0.02774509651,true,0.1,0.05,true,true,true,0,0,0.2419698603,0.2
3,0.1,4.291666667,6,0.5,0.705,II,full-pool,1.05,1.05,1,-1,0.487654956,0.1793982327,0.3335265944,0.243827478,0.6664734056,0.3843702087,0.02671725523,true,0.1,0.05,true,true,true,0,0,0.2335265944,0.193827478
3,0.1,4.291666667,6,0.5,0.705,II,full-pool,1.1,1.1,1,-1,0.4756147123,0.1749688746,0.3252917934,0.2378073561,0.6747082066,0.3886015337,0.02573957129,true,0.1,0.05,true,true,true,0,0,0.2252917934,0.1878073561
3,0.1,4.291666667,6,0.5,0.705,II,full-pool,1.15,1.15,1,-1,0.4638717432,0.1706488777,0.3172603104,0.2319358716,0.6827396896,0.3926300646,0.02480874467,true,0.1,0.05,true,true,true,0,0,0.2172603104,0.1819358716
3,0.1,4.291666667,6,0.5,0.705,II,full-pool,1.2,1.2,1,-1,0.452418709,0.1664355418,0.3094271254,0.2262093545,0.6905728746,0.3964688675,0.02392175632,true,0.1,0.05,true,true,true,0,0,0.2094271254,0.1762093545
3,0.1,4.291666667,6,0.5,0.705,II,full-pool,1.25,1.25,1,-1,0.4412484513,0.1623262337,0.3017873425,0.2206242256,0.6982126575,0.4001299194,0.02307583888,true,0.1,0.05,true,true,true,0,0,0.2017873425,0.1706242256
3,0.1,4.291666667,6,0.5,0.705,II,full-pool,1.3,1.3,1,-1,0.4303539882,0.1583183847,0.2943361865,0.2151769941,0.7056638135,0.4036242194,0.02226845088,true,0.1,0.05,true,true,true,0,0,0.1943361865,0.1651769941
3,0.1,4.291666667,6,0.5,0.705,II,full-pool,1.35,1.35,1,-1,0.4197285104,0.1544094898,0.2870690001,0.2098642552,0.7129309999,0.4069618867,0.02149725422,true,0.1,0.05,true,true,true,0,0,0.1870690001,0.1598642552
3,0.1,4.291666667,6,0.5,0.705,II,full-pool,1.4,1.4,1,-1,0.4093653765,0.150597106,0.2799812412,0.2046826883,0.7200187588,0.4101522469,0.02076009412,true,0.1,0.05,true,true,true,0,0,0.1799812412,0.1546826883
3,0.1,4.291666667,6,0.5,0.705,II,full-pool,1.45,1.45,1,-1,0.3992581094,0.1468788502,0.2730684798,0.1996290547,0.7269315202,0.4132039084,0.02005498155,true,0.1,0.05,true,true,true,0,0,0.1730684798,0.1496290547
3,0.1,4.291666667,6,0.5,0.705,II,full-pool,1.5,1.5,1,-1,0.3894003915,0.1432523984,0.266326395,0.1947001958,0.733673605,0.4161248301,0.01938007754,true,0.1,0.05,true,true,true,0,0,0.166326395,0.1447001958
3,0.1,4.291666667,6,0.5,0.705,II,full-pool,1.55,1.55,1,-1,0.3797860616,0.1397154841,0.2597507729,0.1898930308,0.7402492271,0.4189223816,0.01873367927,true,0.1,0.05,true,true,true,0,0,0.1597507729,0.1398930308
3,0.1,4.291666667,6,0.5,0.705,II,full-pool,1.6,1.6,1,-1,0.3704091103,0.1362658965,0.2533375034,0.1852045552,0.7466624966,0.4216033968,0.0181142077,true,0.1,0.05,true,true,true,0,0,0.1533375034,0.1352045552
3,0.1,4.291666667,6,0.5,0.705,II,full-pool,1.65,1.65,1,-1,0.3612636768,0.1329014795,0.2470825782,0.1806318384,0.7529174218,0.4241742219,0.0175201965,true,0.1,0.05,true,true,true,0,0,0.1470825782,0.1306318384
3,0.1,4.291666667,6,0.5,0.705,II,full-pool,1.7,1.7,1,-1,0.3523440449,0.1296201303,0.2409820876,0.1761720224,0.7590179124,0.4266407581,0.01695028216,true,0.1,0.05,true,true,true,0,0,0.1409820876,0.1261720224
3,0.1,4.291666667,6,0.5,0.705,II,full-pool,1.75,1.75,1,-1,0.3436446394,0.1264197979,0.2350322186,0.1718223197,0.7649677814,0.4290084998,0.01640319512,true,0.1,0.05,true,true,true,0,0,0.1350322186,0.1218223197
3,0.1,4.291666667,6,0.5,0.705,II,full-pool,1.8,1.8,1,-1,0.335160023,0.123298482,0.2292292525,0.1675800115,0.7707707475,0.4312825695,0.01587775182,true,0.1,0.05,true,true,true,0,0,0.1292292525,0.1175800115
3,0.1,4.291666667,6,0.5,0.705,II,full-pool,1.85,1.85,1,-1,0.3268848926,0.1202542316,0.2235695621,0.1634424463,0.7764304379,0.4334677484,0.01537284749,true,0.1,0.05,true,true,true,0,0,0.1235695621,0.1134424463
3,0.1,4.291666667,6,0.5,0.705,II,full-pool,1.9,1.9,1,-1,0.3188140758,0.117285144,0.2180496099,0.1594070379,0.7819503901,0.4355685046,0.01488744974,true,0.1,0.05,true,true,true,0,0,0.1180496099,0.1094070379
3,0.1,4.291666667,6,0.5,0.705,II,full-pool,1.95,1.95,1,-1,0.3109425282,0.1143893635,0.2126659459,0.1554712641,0.7873340541,0.4375890184,0.0144205927,true,0.1,0.05,true,true,true,0,0,0.1126659459,0.1054712641
3,0.1,4.291666667,6,0.5,0.705,II,full-pool,2,2,1,-1,0.3032653299,0.1115650801,0.207415205,0.1516326649,0.792584795,0.4395332048,0.01397137174,true,0.1,0.05,true,true,true,0,0,0.107415205,0.1016326649
3,0.1,4.291666667,6,0.5,0.705,II,full-pool,2.05,2.05,1,-1,0.2957776822,0.1088105284,0.2022941053,0.1478888411,0.7977058947,0.4414047348,0.01353893869,true,0.1,0.05,true,true,true,0,0,0.1022941053,0.09788884109
3,0.1,4.291666667,6,0.5,0.705,II,full-pool,2.1,2.1,1,-1,0.2884749052,0.1061239869,0.1972994461,0.1442374526,0.8027005539,0.4432070536,0.01312249748,true,0.1,0.05,true,true,true,0,0,0.09729944605,0.0942374526
3,0.1,4.291666667,6,0.5,0.705,II,full-pool,2.15,2.15,1,-1,0.2813524344,0.1035037763,0.1924281054,0.1406762172,0.8075718946,0.4449433978,0.01272130024,true,0.1,0.05,true,true,true,0,0,0.09242810537,0.0906762172
3,0.1,4.291666667,6,0.5,0.705,II,full-pool,2.2,2.2,1,-1,0.274405818,0.100948259,0.1876770385,0.137202909,0.8123229615,0.4466168115,0.01233464365,true,0.1,0.05,true,true,true,0,0,0.08767703852,0.08720290902
3,0.1,4.291666667,6,0.5,0.705,II,full-pool,2.25,2.25,1,-1,0.2676307143,0.0984558376,0.1830432759,0.1338153571,0.8169567241,0.4482301597,0.01196186572,true,0.1,0.05,true,true,true,0,0,0.08304327593,0.08381535713
3,0.1,4.291666667,6,0.5,0.705,II,full-pool,2.3,2.3,1,-1,0.2610228884,0.09602495431,0.1785239213,0.1305114442,0.8214760787,0.4497861416,0.01160234276,true,0.1,0.05,true,true,true,0,0,0.07852392135,0.08051144419
3,0.1,4.291666667,6,0.5,0.705,II,full-pool,2.35,2.35,1,-1,0.2545782103,0.09365408974,0.17411615,0.1272891052,0.82588385,0.4512873025,0.01125548664,true,0.1,0.05,true,true,true,0,0,0.07411615002,0.07728910515
3,0.1,4.291666667,6,0.5,0.705,II,full-pool,2.4,2.4,1,-1,0.2482926519,0.09134176203,0.169817207,0.1241463259,0.830182793,0.4527360446,0.01092074234,true,0.1,0.05,true,true,true,0,0,0.06981720696,0.07414632595
3,0.1,4.291666667,6,0.5,0.705,II,full-pool,2.45,2.45,1,-1,0.2421622845,0.08908652589,0.1656244052,0.1210811422,0.8343755948,0.4541346369,0.01059758561,true,0.1,0.05,true,true,true,0,0,0.06562440518,0.07108114224
3,0.1,4.291666667,6,0.5,0.705,II,full-pool,2.5,2.5,1,-1,0.2361832764,0.08688697173,0.161535124,0.1180916382,0.838464876,0.455485224,0.01028552088,true,0.1,0.05,true,true,true,0,0,0.06153512405,0.06809163819
3,0.1,4.291666667,6,0.5,0.705,II,full-pool,2.55,2.55,1,-1,0.2303518905,0.08474172475,0.1575468076,0.1151759452,0.8424531924,0.456789835,0.009984079305,true,0.1,0.05,true,true,true,0,0,0.05754680762,0.06517594525
3,0.1,4.291666667,6,0.5,0.705,II,full-pool,2.6,2.6,1,-1,0.2246644821,0.08264944411,0.1536569631,0.112332241,0.8463430369,0.458050391,0.009692817032,true,0.1,0.05,true,true,true,0,0,0.05365696308,0.06233224103
3,0.1,4.291666667,6,0.5,0.705,II,partial-pool,2.65,2.65,1,-0.9867528152,0.2191174962,0.08114451419,0.1501310052,0.1095587481,0.8498689948,0.4594134558,0.009324933455,true,0.1,0.05,true,true,true,0,0,0.05013100521,0.05955874812
3,0.1,4.291666667,6,0.5,0.705,II,partial-pool,2.7,2.7,1,-0.9681291962,0.213707466,0.0798814372,0.1467944516,0.106853733,0.8532055484,0.4607872836,0.008937126124,true,0.1,0.05,true,true,true,0,0,0.04679445159,0.05685373299
3,0.1,4.291666667,6,0.5,0.705,II,partial-pool,2.75,2.75,1,-0.9492447662,0.2084310098,0.07864827647,0.1435396432,0.1042155049,0.8564603568,0.462116538,0.008563173096,true,0.1,0.05,true,true,true,0,0,0.04353964315,0.05421550492
3,0.1,4.291666667,6,0.5,0.705,II,partial-pool,2.8,2.8,1,-0.9300975418,0.2032848299,0.07744432782,0.1403645788,0.1016424149,0.8596354212,0.4634029442,0.008202553519,true,0.1,0.05,true,true,true,0,0,0.04036457885,0.05164241494
3,0.1,4.291666667,6,0.5,0.705,II,partial-pool,2.85,2.85,1,-0.9106856155,0.1982657095,0.07626890282,0.1372673062,0.09913285477,0.8627326938,0.4646481443,0.007854771875,true,0.1,0.05,true,true,true,0,0,0.03726730618,0.04913285477
3,0.1,4.291666667,6,0.5,0.705,II,partial-pool,2.9,2.9,1,-0.8910070038,0.1933705117,0.07512133427,0.134245923,0.09668525586,0.865754077,0.4658537047,0.007519355601,true,0.1,0.05,true,true,true,0,0,0.034245923,0.04668525586
3,0.1,4.291666667,6,0.5,0.705,II,partial-pool,2.95,2.95,1,-0.871059761,0.1885961768,0.07400097123,0.131298574,0.09429808839,0.868701426,0.4670211185,0.007195854435,true,0.1,0.05,true,true,true,0,0,0.03129857401,0.04429808839
3,0.1,4.291666667,6,0.5,0.705,II,partial-pool,3,3,1,-0.85084198,0.1839397206,0.07290717877,0.1284234497,0.09196986029,0.8715765503,0.4681518101,0.00688383913,true,0.1,0.05,true,true,true,0,0,0.02842344968,0.04196986029
3,0.1,4.291666667,6,0.5,0.705,II,partial-pool,3.05,3.05,1,-0.8303516006,0.1793982327,0.0718393444,0.1256187886,0.08969911635,0.8743812114,0.469247141,0.006582899263,true,0.1,0.05,true,true,true,0,0,0.02561878855,0.03969911635
3,0.1,4.291666667,6,0.5,0.705,II,partial-pool,3.1,3.1,1,-0.8095867157,0.1749688746,0.07079686645,0.1228828705,0.08748443728,0.8771171295,0.4703084102,0.006292643803,true,0.1,0.05,true,true,true,0,0,0.0228828705,0.03748443728
3,0.1,4.291666667,6,0.5,0.705,II,partial-pool,3.15,3.15,1,-0.7885453415,0.1706488777,0.06977916208,0.1202140199,0.08532443883,0.8797859801,0.4713368598,0.006012698856,true,0.1,0.05,true,true,true,0,0,0.02021401987,0.03532443883
3,0.1,4.291666667,6,0.5,0.705,II,partial-pool,3.2,3.2,1,-0.7672253418,0.1664355418,0.06878566925,0.1176106056,0.08321777092,0.8823893944,0.4723336791,0.005742706405,true,0.1,0.05,true,true,true,0,0,0.01761060555,0.03321777092
3,0.1,4.291666667,6,0.5,0.705,II,partial-pool,3.25,3.25,1,-0.7456248474,0.1623262337,0.06781583178,0.1150710327,0.08116311684,0.8849289673,0.4733000033,0.005482325473,true,0.1,0.05,true,true,true,0,0,0.01507103273,0.03116311684
3,0.1,4.291666667,6,0.5,0.705,II,partial-pool,3.257305908,3.257305908,1,-0.7424449921,0.1617343451,0.06767607014,0.1147052076,0.08086717256,0.8852947924,0.4734387134,0.005445064036,true,0.1,0.05,true,true,true,0,0,0.01470520763,0.03086717256
3,0.1,2.3,6,0.261,0.705,I,full-minimal,-inf,-inf,1,-1,0.5780618219,0.2765556916,0.4273087567,0.2890309109,0,nan,0.0426878261,true,0.1,0.05,true,true,true,0,0,0.3273087567,0.2390309109
3,0.1,2.325,6,0.264,0.705,I,full-minimal,-inf,-inf,1,-1,0.5780618219,0.2765556916,0.4273087567,0.2890309109,0,nan,0.0426878261,true,0.1,0.05,true,true,true,0,0,0.3273087567,0.2390309109
3,0.1,2.35,6,0.267,0.705,I,full-minimal,-inf,-inf,1,-1,0.5780618219,0.2765556916,0.4273087567,0.2890309109,0,nan,0.0426878261,true,0.1,0.05,true,true,true,0,0,0.3273087567,0.2390309109
3,0.1,2.36,6,0.2682,0.705,I,full-minimal,-inf,-inf,1,-1,0.5780618219,0.2765556916,0.4273087567,0.2890309109,0,nan,0.0426878261,true,0.1,0.05,true,true,true,0,0,0.3273087567,0.2390309109
3,0.1,2.37,6,0.2694,0.705,II,full-minimal,-inf,-0.9976688504,1,-1,0.5596463978,0.2264974468,0.3930719223,0.2798231989,0.3423683445,0.2689416882,0.04268782608,true,0.1,0.05,true,true,true,0,0,0.2930719223,0.2298231989
3,0.1,2.37,6,0.2694,0.705,II,full-pool,-0.95,-0.95,1,-1,0.5592022042,0.2253211872,0.3922616957,0.2796011021,0.3504706104,0.2690613295,0.04268755335,true,0.1,0.05,true,true,true,0,0,0.2922616957,0.2296011021
3,0.1,2.37,6,0.2694,0.705,II,full-pool,-0.9010864258,-0.9010864258,1,-1,0.558735272,0.2241430058,0.3914391389,0.279367636,0.3586961782,0.2693999973,0.04268573268,true,0.1,0.05,true,true,true,0,0,0.2914391389,0.229367636
3,0.1,2.375,6,0.27,0.705,II,full-minimal,-inf,-0.9946225751,1,-1,0.5596183272,0.2264214365,0.3930198818,0.2798091636,0.3428887488,0.2689428389,0.04268782576,true,0.1,0.05,true,true,true,0,0,0.2930198818,0.2298091636
3,0.1,2.375,6,0.27,0.705,II,full-pool,-0.95,-0.95,1,-1,0.5592022042,0.2253211872,0.3922616957,0.2796011021,0.3504706104,0.2690613295,0.04268755335,true,0.1,0.05,true,true,true,0,0,0.2922616957,0.2296011021
3,0.1,2.375,6,0.27,0.705,II,full-pool,-0.9,-0.9,1,-1,0.5587247707,0.2241171628,0.3914209667,0.2793623853,0.3588778997,0.269409891,0.04268566334,true,0.1,0.05,true,true,true,0,0,0.2914209667,0.2293623853
3,0.1,2.375,6,0.27,0.705,II,full-pool,-0.85,-0.85,1,-1,0.5582352509,0.2229428659,0.3905890584,0.2791176255,0.3671969832,0.2699718661,0.04268058591,true,0.1,0.05,true,true,true,0,0,0.2905890584,0.2291176255
3,0.1,2.375,6,0.27,0.705,II,full-pool,-0.8478973389,-0.8478973389,1,-1,0.5582143957,0.2228941233,0.3905542595,0.2791071978,0.3675449725,0.2699999684,0.04268027961,true,0.1,0.05,true,true,true,0,0,0.2905542595,0.2291071978
3,0.1,2.4,6,0.273,0.705,II,full-minimal,-inf,-0.9794546823,1,-1,0.5594779209,0.2260446878,0.3927613044,0.2797389605,0.3454745234,0.268961959,0.04268780708,true,0.1,0.05,true,true,true,0,0,0.2927613044,0.2297389605
3,0.1,2.4,6,0.273,0.705,II,full-pool,-0.95,-0.95,1,-1,0.5592022042,0.2253211872,0.3922616957,0.2796011021,0.3504706104,0.2690613295,0.04268755335,true,0.1,0.05,true,true,true,0,0,0.2922616957,0.2296011021
3,0.1,2.4,6,0.273,0.705,II,full-pool,-0.9,-0.9,1,-1,0.5587247707,0.2241171628,0.3914209667,0.2793623853,0.3588778997,0.269409891,0.04268566334,true,0.1,0.05,true,true,true,0,0,0.2914209667,0.2293623853
3,0.1,2.4,6,0.273,0.705,II,full-pool,-0.85,-0.85,1,-1,0.5582352509,0.2229428659,0.3905890584,0.2791176255,0.3671969832,0.2699718661,0.04268058591,true,0.1,0.05,true,true,true,0,0,0.2905890584,0.2291176255
3,0.1,2.4,6,0.273,0.705,II,full-pool,-0.8,-0.8,1,-1,0.5577333389,0.2217975625,0.3897654507,0.2788666694,0.3754330604,0.2707337889,0.04267079187,true,0.1,0.05,true,true,true,0,0,0.2897654507,0.2288666694
3,0.1,2.4,6,0.273,0.705,II,full-pool,-0.75,-0.75,1,-1,0.5572187209,0.2206805367,0.3889496288,0.2786093604,0.3835912793,0.2716837179,0.04265478365,true,0.1,0.05,true,true,true,0,0,0.2889496288,0.2286093604
3,0.1,2.4,6,0.273,0.705,II,full-pool,-0.7,-0.7,1,-1,0.5566910753,0.2195910904,0.3881410828,0.2783455376,0.3916767389,0.272811026,0.04263108784,true,0.1,0.05,true,true,true,0,0,0.2881410828,0.2283455376
3,0.1,2.4,6,0.273,0.705,II,full-pool,-0.6922912598,-0.6922912598,1,-1,0.5566085455,0.2194255353,0.3880170404,0.2783042728,0.3929171629,0.27299999,0.04262665741,true,0.1,0.05,true,true,true,0,0,0.2880170404,0.2283042728
3,0.1,2.425,6,0.276,0.705,II,full-minimal,-inf,-0.9643905267,1,-1,0.5593374171,0.2256733331,0.3925053751,0.2796687085,0.3480338162,0.2690026647,0.04268772731,true,0.1,0.05,true,true,true,0,0,0.2925053751,0.2296687085
3,0.1,2.425,6,0.276,0.705,II,full-pool,-0.95,-0.95,1,-1,0.5592022042,0.2253211872,0.3922616957,0.2796011021,0.3504706104,0.2690613295,0.04268755335,true,0.1,0.05,true,true,true,0,0,0.2922616957,0.2296011021
3,0.1,2.425,6,0.276,0.705,II,full-pool,-0.9,-0.9,1,-1,0.5587247707,0.2241171628,0.3914209667,0.2793623853,0.3588778997,0.269409891,0.04268566334,true,0.1,0.05,true,true,true,0,0,0.2914209667,0.2293623853
3,0.1,2.425,6,0.276,0.705,II,full-pool,-0.85,-0.85,1,-1,0.5582352509,0.2229428659,0.3905890584,0.2791176255,0.3671969832,0.2699718661,0.04268058591,true,0.1,0.05,true,true,true,0,0,0.2905890584,0.2291176255
3,0.1,2.425,6,0.276,0.705,II,full-pool,-0.8,-0.8,1,-1,0.5577333389,0.2217975625,0.3897654507,0.2788666694,0.3754330604,0.2707337889,0.04267079187,true,0.1,0.05,true,true,true,0,0,0.2897654507,0.2288666694
3,0.1,2.425,6,0.276,0.705,II,full-pool,-0.75,-0.75,1,-1,0.5572187209,0.2206805367,0.3889496288,0.2786093604,0.3835912793,0.2716837179,0.04265478365,true,0.1,0.05,true,true,true,0,0,0.2889496288,0.2286093604
3,0.1,2.425,6,0.276,0.705,II,full-pool,-0.7,-0.7,1,-1,0.5566910753,0.2195910904,0.3881410828,0.2783455376,0.3916767389,0.272811026,0.04263108784,true,0.1,0.05,true,true,true,0,0,0.2881410828,0.2283455376
3,0.1,2.425,6,0.276,0.705,II,full-pool,-0.65,-0.65,1,-1,0.5561500722,0.2185285426,0.3873393074,0.2780750361,0.3996944929,0.2741062238,0.04259824953,true,0.1,0.05,true,true,true,0,0,0.2873393074,0.2280750361
3,0.1,2.425,6,0.276,0.705,II,full-pool,-0.6,-0.6,1,-1,0.5555953737,0.2174922292,0.3865438014,0.2777976868,0.4076495528,0.2755608102,0.04255482788,true,0.1,0.05,true,true,true,0,0,0.2865438014,0.2277976868
3,0.1,2.425,6,0.276,0.705,II,full-pool,-0.5858612061,-0.5858612061,1,-1,0.5554359867,0.2172038531,0.3863199199,0.2777179933,0.4098883681,0.2759999664,0.04254043222,true,0.1,0.05,true,true,true,0,0,0.2863199199,0.2277179933
3,0.1,2.45,6,0.279,0.705,II,full-minimal,-inf,-0.9494273555,1,-1,0.5591968035,0.2253072265,0.392252015,0.2795984017,0.3505674171,0.2690640581,0.0426875439,true,0.1,0.05,true,true,true,0,0,0.292252015,0.2295984017
3,0.1,2.45,6,0.279,0.705,II,full-pool,-0.9,-0.9,1,-1,0.5587247707,0.2241171628,0.3914209667,0.2793623853,0.3588778997,0.269409891,0.04268566334,true,0.1,0.05,true,true,true,0,0,0.2914209667,0.2293623853
3,0.1,2.45,6,0.279,0.705,II,full-pool,-0.85,-0.85,1,-1,0.5582352509,0.2229428659,0.3905890584,0.2791176255,0.3671969832,0.2699718661,0.04268058591,true,0.1,0.05,true,true,true,0,0,0.2905890584,0.2291176255
3,0.1,2.45,6,0.279,0.705,II,full-pool,-0.8,-0.8,1,-1,0.5577333389,0.2217975625,0.3897654507,0.2788666694,0.3754330604,0.2707337889,0.04267079187,true,0.1,0.05,true,true,true,0,0,0.2897654507,0.2288666694
3,0.1,2.45,6,0.279,0.705,II,full-pool,-0.75,-0.75,1,-1,0.5572187209,0.2206805367,0.3889496288,0.2786093604,0.3835912793,0.2716837179,0.04265478365,true,0.1,0.05,true,true,true,0,0,0.2889496288,0.2286093604
3,0.1,2.45,6,0.279,0.705,II,full-pool,-0.7,-0.7,1,-1,0.5566910753,0.2195910904,0.3881410828,0.2783455376,0.3916767389,0.272811026,0.04263108784,true,0.1,0.05,true,true,true,0,0,0.2881410828,0.2283455376
3,0.1,2.45,6,0.279,0.705,II,full-pool,-0.65,-0.65,1,-1,0.5561500722,0.2185285426,0.3873393074,0.2780750361,0.3996944929,0.2741062238,0.04259824953,true,0.1,0.05,true,true,true,0,0,0.2873393074,0.2280750361
3,0.1,2.45,6,0.279,0.705,II,full-pool,-0.6,-0.6,1,-1,0.5555953737,0.2174922292,0.3865438014,0.2777976868,0.4076495528,0.2755608102,0.04255482788,true,0.1,0.05,true,true,true,0,0,0.2865438014,0.2277976868
3,0.1,2.45,6,0.279,0.705,II,full-pool,-0.55,-0.55,1,-1,0.5550266328,0.2164815025,0.3857540677,0.2775133164,0.4155468906,0.277167145,0.04249939297,true,0.1,0.05,true,true,true,0,0,0.2857540677,0.2275133164
3,0.1,2.45,6,0.279,0.705,II,full-pool,-0.5,-0.5,1,-1,0.5544434942,0.2154957307,0.3849696125,0.2772217471,0.4233914424,0.2789183398,0.04243052373,true,0.1,0.05,true,true,true,0,0,0.2849696125,0.2272217471
3,0.1,2.45,6,0.279,0.705,II,full-pool,-0.4977630615,-0.4977630615,1,-1,0.5544170631,0.2154522018,0.3849346324,0.2772085315,0.4237412426,0.2789999699,0.0424271061,true,0.1,0.05,true,true,true,0,0,0.2849346324,0.2272085315
3,0.1,2.475,6,0.282,0.705,II,full-minimal,-inf,-0.9345624981,1,-1,0.5590560682,0.2249462274,0.3920011478,0.2795280341,0.3530760889,0.2691452952,0.04268721641,true,0.1,0.05,true,true,true,0,0,0.2920011478,0.2295280341
3,0.1,2.475,6,0.282,0.705,II,full-pool,-0.9,-0.9,1,-1,0.5587247707,0.2241171628,0.3914209667,0.2793623853,0.3588778997,0.269409891,0.04268566334,true,0.1,0.05,true,true,true,0,0,0.2914209667,0.2293623853
3,0.1,2.475,6,0.282,0.705,II,full-pool,-0.85,-0.85,1,-1,0.5582352509,0.2229428659,0.3905890584,0.2791176255,0.3671969832,0.2699718661,0.04268058591,true,0.1,0.05,true,true,true,0,0,0.2905890584,0.2291176255
3,0.1,2.475,6,0.282,0.705,II,full-pool,-0.8,-0.8,1,-1,0.5577333389,0.2217975625,0.3897654507,0.2788666694,0.3754330604,0.2707337889,0.04267079187,true,0.1,0.05,true,true,true,0,0,0.2897654507,0.2288666694
3,0.1,2.475,6,0.282,0.705,II,full-pool,-0.75,-0.75,1,-1,0.5572187209,0.2206805367,0.3889496288,0.2786093604,0.3835912793,0.2716837179,0.04265478365,true,0.1,0.05,true,true,true,0,0,0.2889496288,0.2286093604
3,0.1,2.475,6,0.282,0.705,II,full-pool,-0.7,-0.7,1,-1,0.5566910753,0.2195910904,0.3881410828,0.2783455376,0.3916767389,0.272811026,0.04263108784,true,0.1,0.05,true,true,true,0,0,0.2881410828,0.2283455376
3,0.1,2.475,6,0.282,0.705,II,full-pool,-0.65,-0.65,1,-1,0.5561500722,0.2185285426,0.3873393074,0.2780750361,0.3996944929,0.2741062238,0.04259824953,true,0.1,0.05,true,true,true,0,0,0.2873393074,0.2280750361
3,0.1,2.475,6,0.282,0.705,II,full-pool,-0.6,-0.6,1,-1,0.5555953737,0.2174922292,0.3865438014,0.2777976868,0.4076495528,0.2755608102,0.04255482788,true,0.1,0.05,true,true,true,0,0,0.2865438014,0.2277976868
3,0.1,2.475,6,0.282,0.705,II,full-pool,-0.55,-0.55,1,-1,0.5550266328,0.2164815025,0.3857540677,0.2775133164,0.4155468906,0.277167145,0.04249939297,true,0.1,0.05,true,true,true,0,0,0.2857540677,0.2275133164
3,0.1,2.475,6,0.282,0.705,II,full-pool,-0.5,-0.5,1,-1,0.5544434942,0.2154957307,0.3849696125,0.2772217471,0.4233914424,0.2789183398,0.04243052373,true,0.1,0.05,true,true,true,0,0,0.2849696125,0.2272217471
3,0.1,2.475,6,0.282,0.705,II,full-pool,-0.45,-0.45,1,-1,0.5538455934,0.2145342977,0.3841899456,0.2769227967,0.4311881114,0.2808081648,0.04234680664,true,0.1,0.05,true,true,true,0,0,0.2841899456,0.2269227967
3,0.1,2.475,6,0.282,0.705,II,full-pool,-0.4201538086,-0.4201538086,1,-1,0.5534815024,0.2139717473,0.3837266248,0.2767407512,0.4358213187,0.2819999666,0.04228917657,true,0.1,0.05,true,true,true,0,0,0.2837266248,0.2267407512
3,0.1,2.5,6,0.285,0.705,II,full-minimal,-inf,-0.9197933624,1,-1,0.5589151995,0.2245902004,0.3917526999,0.2794575997,0.3555605678,0.269245582,0.04268670634,true,0.1,0.05,true,true,true,0,0,0.2917526999,0.2294575997
3,0.1,2.5,6,0.285,0.705,II,full-pool,-0.9,-0.9,1,-1,0.5587247707,0.2241171628,0.3914209667,0.2793623853,0.3588778997,0.269409891,0.04268566334,true,0.1,0.05,true,true,true,0,0,0.2914209667,0.2293623853
3,0.1,2.5,6,0.285,0.705,II,full-pool,-0.85,-0.85,1,-1,0.5582352509,0.2229428659,0.3905890584,0.2791176255,0.3671969832,0.2699718661,0.04268058591,true,0.1,0.05,true,true,true,0,0,0.2905890584,0.2291176255
3,0.1,2.5,6,0.285,0.705,II,full-pool,-0.8,-0.8,1,-1,0.5577333389,0.2217975625,0.3897654507,0.2788666694,0.3754330604,0.2707337889,0.04267079187,true,0.1,0.05,true,true,true,0,0,0.2897654507,0.2288666694
3,0.1,2.5,6,0.285,0.705,II,full-pool,-0.75,-0.75,1,-1,0.5572187209,0.2206805367,0.3889496288,0.2786093604,0.3835912793,0.2716837179,0.04265478365,true,0.1,0.05,true,true,true,0,0,0.2889496288,0.2286093604
3,0.1,2.5,6,0.285,0.705,II,full-pool,-0.7,-0.7,1,-1,0.5566910753,0.2195910904,0.3881410828,0.2783455376,0.3916767389,0.272811026,0.04263108784,true,0.1,0.05,true,true,true,0,0,0.2881410828,0.2283455376
3,0.1,2.5,6,0.285,0.705,II,full-pool,-0.65,-0.65,1,-1,0.5561500722,0.2185285426,0.3873393074,0.2780750361,0.3996944929,0.2741062238,0.04259824953,true,0.1,0.05,true,true,true,0,0,0.2873393074,0.2280750361
3,0.1,2.5,6,0.285,0.705,II,full-pool,-0.6,-0.6,1,-1,0.5555953737,0.2174922292,0.3865438014,0.2777976868,0.4076495528,0.2755608102,0.04255482788,true,0.1,0.05,true,true,true,0,0,0.2865438014,0.2277976868
3,0.1,2.5,6,0.285,0.705,II,full-pool,-0.55,-0.55,1,-1,0.5550266328,0.2164815025,0.3857540677,0.2775133164,0.4155468906,0.277167145,0.04249939297,true,0.1,0.05,true,true,true,0,0,0.2857540677,0.2275133164
3,0.1,2.5,6,0.285,0.705,II,full-pool,-0.5,-0.5,1,-1,0.5544434942,0.2154957307,0.3849696125,0.2772217471,0.4233914424,0.2789183398,0.04243052373,true,0.1,0.05,true,true,true,0,0,0.2849696125,0.2272217471
3,0.1,2.5,6,0.285,0.705,II,full-pool,-0.45,-0.45,1,-1,0.5538455934,0.2145342977,0.3841899456,0.2769227967,0.4311881114,0.2808081648,0.04234680664,true,0.1,0.05,true,true,true,0,0,0.2841899456,0.2269227967
3,0.1,2.5,6,0.285,0.705,II,full-pool,-0.4,-0.4,1,-1,0.5532325567,0.2135966026,0.3834145796,0.2766162783,0.4389417708,0.2828309681,0.04224683532,true,0.1,0.05,true,true,true,0,0,0.2834145796,0.2266162783
3,0.1,2.5,6,0.285,0.705,II,full-pool,-0.35,-0.35,1,-1,0.5526040008,0.2126820592,0.38264303,0.2763020004,0.4466572667,0.2849816059,0.04212921075,true,0.1,0.05,true,true,true,0,0,0.28264303,0.2263020004
3,0.1,2.5,6,0.285,0.705,II,full-pool,-0.3495849609,-0.3495849609,1,-1,0.5525987173,0.2126745631,0.3826366402,0.2762993586,0.4467211652,0.2849999794,0.0421281566,true,0.1,0.05,true,true,true,0,0,0.2826366402,0.2262993586
3,0.1,2.525,6,0.288,0.705,II,full-minimal,-inf,-0.9051174313,1,-1,0.5587741855,0.2242390149,0.3915066002,0.2793870927,0.3580215654,0.2693641706,0.04268597706,true,0.1,0.05,true,true,true,0,0,0.2915066002,0.2293870927
3,0.1,2.525,6,0.288,0.705,II,full-pool,-0.9,-0.9,1,-1,0.5587247707,0.2241171628,0.3914209667,0.2793623853,0.3588778997,0.269409891,0.04268566334,true,0.1,0.05,true,true,true,0,0,0.2914209667,0.2293623853
3,0.1,2.525,6,0.288,0.705,II,full-pool,-0.85,-0.85,1,-1,0.5582352509,0.2229428659,0.3905890584,0.2791176255,0.3671969832,0.2699718661,0.04268058591,true,0.1,0.05,true,true,true,0,0,0.2905890584,0.2291176255
3,0.1,2.525,6,0.288,0.705,II,full-pool,-0.8,-0.8,1,-1,0.5577333389,0.2217975625,0.3897654507,0.2788666694,0.3754330604,0.2707337889,0.04267079187,true,0.1,0.05,true,true,true,0,0,0.2897654507,0.2288666694
3,0.1,2.525,6,0.288,0.705,II,full-pool,-0.75,-0.75,1,-1,0.5572187209,0.2206805367,0.3889496288,0.2786093604,0.3835912793,0.2716837179,0.04265478365,true,0.1,0.05,true,true,true,0,0,0.2889496288,0.2286093604
3,0.1,2.525,6,0.288,0.705,II,full-pool,-0.7,-0.7,1,-1,0.5566910753,0.2195910904,0.3881410828,0.2783455376,0.3916767389,0.272811026,0.04263108784,true,0.1,0.05,true,true,true,0,0,0.2881410828,0.2283455376
3,0.1,2.525,6,0.288,0.705,II,full-pool,-0.65,-0.65,1,-1,0.5561500722,0.2185285426,0.3873393074,0.2780750361,0.3996944929,0.2741062238,0.04259824953,true,0.1,0.05,true,true,true,0,0,0.2873393074,0.2280750361
3,0.1,2.525,6,0.288,0.705,II,full-pool,-0.6,-0.6,1,-1,0.5555953737,0.2174922292,0.3865438014,0.2777976868,0.4076495528,0.2755608102,0.04255482788,true,0.1,0.05,true,true,true,0,0,0.2865438014,0.2277976868
3,0.1,2.525,6,0.288,0.705,II,full-pool,-0.55,-0.55,1,-1,0.5550266328,0.2164815025,0.3857540677,0.2775133164,0.4155468906,0.277167145,0.04249939297,true,0.1,0.05,true,true,true,0,0,0.2857540677,0.2275133164
3,0.1,2.525,6,0.288,0.705,II,full-pool,-0.5,-0.5,1,-1,0.5544434942,0.2154957307,0.3849696125,0.2772217471,0.4233914424,0.2789183398,0.04243052373,true,0.1,0.05,true,true,true,0,0,0.2849696125,0.2272217471
3,0.1,2.525,6,0.288,0.705,II,full-pool,-0.45,-0.45,1,-1,0.5538455934,0.2145342977,0.3841899456,0.2769227967,0.4311881114,0.2808081648,0.04234680664,true,0.1,0.05,true,true,true,0,0,0.2841899456,0.2269227967
3,0.1,2.525,6,0.288,0.705,II,full-pool,-0.4,-0.4,1,-1,0.5532325567,0.2135966026,0.3834145796,0.2766162783,0.4389417708,0.2828309681,0.04224683532,true,0.1,0.05,true,true,true,0,0,0.2834145796,0.2266162783
3,0.1,2.525,6,0.288,0.705,II,full-pool,-0.35,-0.35,1,-1,0.5526040008,0.2126820592,0.38264303,0.2763020004,0.4466572667,0.2849816059,0.04212921075,true,0.1,0.05,true,true,true,0,0,0.28264303,0.2263020004
3,0.1,2.525,6,0.288,0.705,II,full-pool,-0.3,-0.3,1,-1,0.551959533,0.211790096,0.3818748145,0.2759797665,0.4543394218,0.2872553821,0.04199254211,true,0.1,0.05,true,true,true,0,0,0.2818748145,0.2259797665
3,0.1,2.525,6,0.288,0.705,II,full-pool,-0.2841766357,-0.2841766357,1,-1,0.5517522009,0.2115124325,0.3816323167,0.2758761005,0.4567644001,0.2879999069,0.04194510143,true,0.1,0.05,true,true,true,0,0,0.2816323167,0.2258761005
3,0.1,2.55,6,0.291,0.705,II,full-minimal,-inf,-0.8905322594,1,-1,0.5586330146,0.223892545,0.3912627798,0.2793165073,0.3604597691,0.2695003568,0.04268499357,true,0.1,0.05,true,true,true,0,0,0.2912627798,0.2293165073
3,0.1,2.55,6,0.291,0.705,II,full-pool,-0.85,-0.85,1,-1,0.5582352509,0.2229428659,0.3905890584,0.2791176255,0.3671969832,0.2699718661,0.04268058591,true,0.1,0.05,true,true,true,0,0,0.2905890584,0.2291176255
3,0.1,2.55,6,0.291,0.705,II,full-pool,-0.8,-0.8,1,-1,0.5577333389,0.2217975625,0.3897654507,0.2788666694,0.3754330604,0.2707337889,0.04267079187,true,0.1,0.05,true,true,true,0,0,0.2897654507,0.2288666694
3,0.1,2.55,6,0.291,0.705,II,full-pool,-0.75,-0.75,1,-1,0.5572187209,0.2206805367,0.3889496288,0.2786093604,0.3835912793,0.2716837179,0.04265478365,true,0.1,0.05,true,true,true,0,0,0.2889496288,0.2286093604
3,0.1,2.55,6,0.291,0.705,II,full-pool,-0.7,-0.7,1,-1,0.5566910753,0.2195910904,0.3881410828,0.2783455376,0.3916767389,0.272811026,0.04263108784,true,0.1,0.05,true,true,true,0,0,0.2881410828,0.2283455376
3,0.1,2.55,6,0.291,0.705,II,full-pool,-0.65,-0.65,1,-1,0.5561500722,0.2185285426,0.3873393074,0.2780750361,0.3996944929,0.2741062238,0.04259824953,true,0.1,0.05,true,true,true,0,0,0.2873393074,0.2280750361
3,0.1,2.55,6,0.291,0.705,II,full-pool,-0.6,-0.6,1,-1,0.5555953737,0.2174922292,0.3865438014,0.2777976868,0.4076495528,0.2755608102,0.04255482788,true,0.1,0.05,true,true,true,0,0,0.2865438014,0.2277976868
3,0.1,2.55,6,0.291,0.705,II,full-pool,-0.55,-0.55,1,-1,0.5550266328,0.2164815025,0.3857540677,0.2775133164,0.4155468906,0.277167145,0.04249939297,true,0.1,0.05,true,true,true,0,0,0.2857540677,0.2275133164
3,0.1,2.55,6,0.291,0.705,II,full-pool,-0.5,-0.5,1,-1,0.5544434942,0.2154957307,0.3849696125,0.2772217471,0.4233914424,0.2789183398,0.04243052373,true,0.1,0.05,true,true,true,0,0,0.2849696125,0.2272217471
3,0.1,2.55,6,0.291,0.705,II,full-pool,-0.45,-0.45,1,-1,0.5538455934,0.2145342977,0.3841899456,0.2769227967,0.4311881114,0.2808081648,0.04234680664,true,0.1,0.05,true,true,true,0,0,0.2841899456,0.2269227967
3,0.1,2.55,6,0.291,0.705,II,full-pool,-0.4,-0.4,1,-1,0.5532325567,0.2135966026,0.3834145796,0.2766162783,0.4389417708,0.2828309681,0.04224683532,true,0.1,0.05,true,true,true,0,0,0.2834145796,0.2266162783
3,0.1,2.55,6,0.291,0.705,II,full-pool,-0.35,-0.35,1,-1,0.5526040008,0.2126820592,0.38264303,0.2763020004,0.4466572667,0.2849816059,0.04212921075,true,0.1,0.05,true,true,true,0,0,0.28264303,0.2263020004
3,0.1,2.55,6,0.291,0.705,II,full-pool,-0.3,-0.3,1,-1,0.551959533,0.211790096,0.3818748145,0.2759797665,0.4543394218,0.2872553821,0.04199254211,true,0.1,0.05,true,true,true,0,0,0.2818748145,0.2259797665
3,0.1,2.55,6,0.291,0.705,II,full-pool,-0.25,-0.25,1,-1,0.5512987504,0.2109201555,0.381109453,0.2756493752,0.4619930374,0.2896479953,0.04183544812,true,0.1,0.05,true,true,true,0,0,0.281109453,0.2256493752
3,0.1,2.55,6,0.291,0.705,II,full-pool,-0.2227630615,-0.2227630615,1,-1,0.5509317853,0.2104553364,0.3806935608,0.2754658926,0.4661519589,0.2909999202,0.04174078974,true,0.1,0.05,true,true,true,0,0,0.2806935608,0.2254658926
3,0.1,2.575,6,0.294,0.705,II,full-minimal,-inf,-0.8760354702,1,-1,0.5584916753,0.2235506694,0.3910211723,0.2792458377,0.3628758438,0.2696534764,0.04268372245,true,0.1,0.05,true,true,true,0,0,0.2910211723,0.2292458377
3,0.1,2.575,6,0.294,0.705,II,full-pool,-0.85,-0.85,1,-1,0.5582352509,0.2229428659,0.3905890584,0.2791176255,0.3671969832,0.2699718661,0.04268058591,true,0.1,0.05,true,true,true,0,0,0.2905890584,0.2291176255
3,0.1,2.575,6,0.294,0.705,II,full-pool,-0.8,-0.8,1,-1,0.5577333389,0.2217975625,0.3897654507,0.2788666694,0.3754330604,0.2707337889,0.04267079187,true,0.1,0.05,true,true,true,0,0,0.2897654507,0.2288666694
3,0.1,2.575,6,0.294,0.705,II,full-pool,-0.75,-0.75,1,-1,0.5572187209,0.2206805367,0.3889496288,0.2786093604,0.3835912793,0.2716837179,0.04265478365,true,0.1,0.05,true,true,true,0,0,0.2889496288,0.2286093604
3,0.1,2.575,6,0.294,0.705,II,full-pool,-0.7,-0.7,1,-1,0.5566910753,0.2195910904,0.3881410828,0.2783455376,0.3916767389,0.272811026,0.04263108784,true,0.1,0.05,true,true,true,0,0,0.2881410828,0.2283455376
3,0.1,2.575,6,0.294,0.705,II,full-pool,-0.65,-0.65,1,-1,0.5561500722,0.2185285426,0.3873393074,0.2780750361,0.3996944929,0.2741062238,0.04259824953,true,0.1,0.05,true,true,true,0,0,0.2873393074,0.2280750361
3,0.1,2.575,6,0.294,0.705,II,full-pool,-0.6,-0.6,1,-1,0.5555953737,0.2174922292,0.3865438014,0.2777976868,0.4076495528,0.2755608102,0.04255482788,true,0.1,0.05,true,true,true,0,0,0.2865438014,0.2277976868
3,0.1,2.575,6,0.294,0.705,II,full-pool,-0.55,-0.55,1,-1,0.5550266328,0.2164815025,0.3857540677,0.2775133164,0.4155468906,0.277167145,0.04249939297,true,0.1,0.05,true,true,true,0,0,0.2857540677,0.2275133164
3,0.1,2.575,6,0.294,0.705,II,full-pool,-0.5,-0.5,1,-1,0.5544434942,0.2154957307,0.3849696125,0.2772217471,0.4233914424,0.2789183398,0.04243052373,true,0.1,0.05,true,true,true,0,0,0.2849696125,0.2272217471
3,0.1,2.575,6,0.294,0.705,II,full-pool,-0.45,-0.45,1,-1,0.5538455934,0.2145342977,0.3841899456,0.2769227967,0.4311881114,0.2808081648,0.04234680664,true,0.1,0.05,true,true,true,0,0,0.2841899456,0.2269227967
3,0.1,2.575,6,0.294,0.705,II,full-pool,-0.4,-0.4,1,-1,0.5532325567,0.2135966026,0.3834145796,0.2766162783,0.4389417708,0.2828309681,0.04224683532,true,0.1,0.05,true,true,true,0,0,0.2834145796,0.2266162783
3,0.1,2.575,6,0.294,0.705,II,full-pool,-0.35,-0.35,1,-1,0.5526040008,0.2126820592,0.38264303,0.2763020004,0.4466572667,0.2849816059,0.04212921075,true,0.1,0.05,true,true,true,0,0,0.28264303,0.2263020004
3,0.1,2.575,6,0.294,0.705,II,full-pool,-0.3,-0.3,1,-1,0.551959533,0.211790096,0.3818748145,0.2759797665,0.4543394218,0.2872553821,0.04199254211,true,0.1,0.05,true,true,true,0,0,0.2818748145,0.2259797665
3,0.1,2.575,6,0.294,0.705,II,full-pool,-0.25,-0.25,1,-1,0.5512987504,0.2109201555,0.381109453,0.2756493752,0.4619930374,0.2896479953,0.04183544812,true,0.1,0.05,true,true,true,0,0,0.281109453,0.2256493752
3,0.1,2.575,6,0.294,0.705,II,full-pool,-0.2,-0.2,1,-1,0.5506212401,0.2100716939,0.380346467,0.27531062,0.4696228975,0.2921554927,0.04165655883,true,0.1,0.05,true,true,true,0,0,0.280346467,0.22531062
3,0.1,2.575,6,0.294,0.705,II,full-pool,-0.1645690918,-0.1645690918,1,-1,0.5501307862,0.209483171,0.3798069786,0.2750653931,0.4750177809,0.2939998961,0.04151585821,true,0.1,0.05,true,true,true,0,0,0.2798069786,0.2250653931
3,0.1,2.6,6,0.297,0.705,II,full-minimal,-inf,-0.861624753,1,-1,0.5583501561,0.2232132707,0.3907817134,0.2791750781,0.365270433,0.269822903,0.04268213172,true,0.1,0.05,true,true,true,0,0,0.2907817134,0.2291750781
3,0.1,2.6,6,0.297,0.705,II,full-pool,-0.85,-0.85,1,-1,0.5582352509,0.2229428659,0.3905890584,0.2791176255,0.3671969832,0.2699718661,0.04268058591,true,0.1,0.05,true,true,true,0,0,0.2905890584,0.2291176255
3,0.1,2.6,6,0.297,0.705,II,full-pool,-0.8,-0.8,1,-1,0.5577333389,0.2217975625,0.3897654507,0.2788666694,0.3754330604,0.2707337889,0.04267079187,true,0.1,0.05,true,true,true,0,0,0.2897654507,0.2288666694
3,0.1,2.6,6,0.297,0.705,II,full-pool,-0.75,-0.75,1,-1,0.5572187209,0.2206805367,0.3889496288,0.2786093604,0.3835912793,0.2716837179,0.04265478365,true,0.1,0.05,true,true,true,0,0,0.2889496288,0.2286093604
3,0.1,2.6,6,0.297,0.705,II,full-pool,-0.7,-0.7,1,-1,0.5566910753,0.2195910904,0.3881410828,0.2783455376,0.3916767389,0.272811026,0.04263108784,true,0.1,0.05,true,true,true,0,0,0.2881410828,0.2283455376
3,0.1,2.6,6,0.297,0.705,II,full-pool,-0.65,-0.65,1,-1,0.5561500722,0.2185285426,0.3873393074,0.2780750361,0.3996944929,0.2741062238,0.04259824953,true,0.1,0.05,true,true,true,0,0,0.2873393074,0.2280750361
3,0.1,2.6,6,0.297,0.705,II,full-pool,-0.6,-0.6,1,-1,0.5555953737,0.2174922292,0.3865438014,0.2777976868,0.4076495528,0.2755608102,0.04255482788,true,0.1,0.05,true,true,true,0,0,0.2865438014,0.2277976868
3,0.1,2.6,6,0.297,0.705,II,full-pool,-0.55,-0.55,1,-1,0.5550266328,0.2164815025,0.3857540677,0.2775133164,0.4155468906,0.277167145,0.04249939297,true,0.1,0.05,true,true,true,0,0,0.2857540677,0.2275133164
3,0.1,2.6,6,0.297,0.705,II,full-pool,-0.5,-0.5,1,-1,0.5544434942,0.2154957307,0.3849696125,0.2772217471,0.4233914424,0.2789183398,0.04243052373,true,0.1,0.05,true,true,true,0,0,0.2849696125,0.2272217471
3,0.1,2.6,6,0.297,0.705,II,full-pool,-0.45,-0.45,1,-1,0.5538455934,0.2145342977,0.3841899456,0.2769227967,0.4311881114,0.2808081648,0.04234680664,true,0.1,0.05,true,true,true,0,0,0.2841899456,0.2269227967
3,0.1,2.6,6,0.297,0.705,II,full-pool,-0.4,-0.4,1,-1,0.5532325567,0.2135966026,0.3834145796,0.2766162783,0.4389417708,0.2828309681,0.04224683532,true,0.1,0.05,true,true,true,0,0,0.2834145796,0.2266162783
3,0.1,2.6,6,0.297,0.705,II,full-pool,-0.35,-0.35,1,-1,0.5526040008,0.2126820592,0.38264303,0.2763020004,0.4466572667,0.2849816059,0.04212921075,true,0.1,0.05,true,true,true,0,0,0.28264303,0.2263020004
3,0.1,2.6,6,0.297,0.705,II,full-pool,-0.3,-0.3,1,-1,0.551959533,0.211790096,0.3818748145,0.2759797665,0.4543394218,0.2872553821,0.04199254211,true,0.1,0.05,true,true,true,0,0,0.2818748145,0.2259797665
3,0.1,2.6,6,0.297,0.705,II,full-pool,-0.25,-0.25,1,-1,0.5512987504,0.2109201555,0.381109453,0.2756493752,0.4619930374,0.2896479953,0.04183544812,true,0.1,0.05,true,true,true,0,0,0.281109453,0.2256493752
3,0.1,2.6,6,0.297,0.705,II,full-pool,-0.2,-0.2,1,-1,0.5506212401,0.2100716939,0.380346467,0.27531062,0.4696228975,0.2921554927,0.04165655883,true,0.1,0.05,true,true,true,0,0,0.280346467,0.22531062
3,0.1,2.6,6,0.297,0.705,II,full-pool,-0.15,-0.15,1,-1,0.5499265784,0.2092441808,0.3795853796,0.2749632892,0.4772337709,0.2947742297,0.04145451783,true,0.1,0.05,true,true,true,0,0,0.2795853796,0.2249632892
3,0.1,2.6,6,0.297,0.705,II,full-pool,-0.1090423584,-0.1090423584,1,-1,0.5493444616,0.208581567,0.3789630143,0.2746722308,0.4834574238,0.296999889,0.0412708264,true,0.1,0.05,true,true,true,0,0,0.2789630143,0.2246722308
3,0.1,2.625,6,0.3,0.705,II,full-minimal,-inf,-0.8472978604,1,-1,0.5582084457,0.2228802359,0.3905443408,0.2791042229,0.3676441591,0.2700080451,0.04268019074,true,0.1,0.05,true,true,true,0,0,0.2905443408,0.2291042229
3,0.1,2.625,6,0.3,0.705,II,full-pool,-0.8,-0.8,1,-1,0.5577333389,0.2217975625,0.3897654507,0.2788666694,0.3754330604,0.2707337889,0.04267079187,true,0.1,0.05,true,true,true,0,0,0.2897654507,0.2288666694
3,0.1,2.625,6,0.3,0.705,II,full-pool,-0.75,-0.75,1,-1,0.5572187209,0.2206805367,0.3889496288,0.2786093604,0.3835912793,0.2716837179,0.04265478365,true,0.1,0.05,true,true,true,0,0,0.2889496288,0.2286093604
3,0.1,2.625,6,0.3,0.705,II,full-pool,-0.7,-0.7,1,-1,0.5566910753,0.2195910904,0.3881410828,0.2783455376,0.3916767389,0.272811026,0.04263108784,true,0.1,0.05,true,true,true,0,0,0.2881410828,0.2283455376
3,0.1,2.625,6,0.3,0.705,II,full-pool,-0.65,-0.65,1,-1,0.5561500722,0.2185285426,0.3873393074,0.2780750361,0.3996944929,0.2741062238,0.04259824953,true,0.1,0.05,true,true,true,0,0,0.2873393074,0.2280750361
3,0.1,2.625,6,0.3,0.705,II,full-pool,-0.6,-0.6,1,-1,0.5555953737,0.2174922292,0.3865438014,0.2777976868,0.4076495528,0.2755608102,0.04255482788,true,0.1,0.05,true,true,true,0,0,0.2865438014,0.2277976868
3,0.1,2.625,6,0.3,0.705,II,full-pool,-0.55,-0.55,1,-1,0.5550266328,0.2164815025,0.3857540677,0.2775133164,0.4155468906,0.277167145,0.04249939297,true,0.1,0.05,true,true,true,0,0,0.2857540677,0.2275133164
3,0.1,2.625,6,0.3,0.705,II,full-pool,-0.5,-0.5,1,-1,0.5544434942,0.2154957307,0.3849696125,0.2772217471,0.4233914424,0.2789183398,0.04243052373,true,0.1,0.05,true,true,true,0,0,0.2849696125,0.2272217471
3,0.1,2.625,6,0.3,0.705,II,full-pool,-0.45,-0.45,1,-1,0.5538455934,0.2145342977,0.3841899456,0.2769227967,0.4311881114,0.2808081648,0.04234680664,true,0.1,0.05,true,true,true,0,0,0.2841899456,0.2269227967
3,0.1,2.625,6,0.3,0.705,II,full-pool,-0.4,-0.4,1,-1,0.5532325567,0.2135966026,0.3834145796,0.2766162783,0.4389417708,0.2828309681,0.04224683532,true,0.1,0.05,true,true,true,0,0,0.2834145796,0.2266162783
3,0.1,2.625,6,0.3,0.705,II,full-pool,-0.35,-0.35,1,-1,0.5526040008,0.2126820592,0.38264303,0.2763020004,0.4466572667,0.2849816059,0.04212921075,true,0.1,0.05,true,true,true,0,0,0.28264303,0.2263020004
3,0.1,2.625,6,0.3,0.705,II,full-pool,-0.3,-0.3,1,-1,0.551959533,0.211790096,0.3818748145,0.2759797665,0.4543394218,0.2872553821,0.04199254211,true,0.1,0.05,true,true,true,0,0,0.2818748145,0.2259797665
3,0.1,2.625,6,0.3,0.705,II,full-pool,-0.25,-0.25,1,-1,0.5512987504,0.2109201555,0.381109453,0.2756493752,0.4619930374,0.2896479953,0.04183544812,true,0.1,0.05,true,true,true,0,0,0.281109453,0.2256493752
3,0.1,2.625,6,0.3,0.705,II,full-pool,-0.2,-0.2,1,-1,0.5506212401,0.2100716939,0.380346467,0.27531062,0.4696228975,0.2921554927,0.04165655883,true,0.1,0.05,true,true,true,0,0,0.280346467,0.22531062
3,0.1,2.625,6,0.3,0.705,II,full-pool,-0.15,-0.15,1,-1,0.5499265784,0.2092441808,0.3795853796,0.2749632892,0.4772337709,0.2947742297,0.04145451783,true,0.1,0.05,true,true,true,0,0,0.2795853796,0.2249632892
3,0.1,2.625,6,0.3,0.705,II,full-pool,-0.1,-0.1,1,-1,0.5492143313,0.2084370991,0.3788257152,0.2746071657,0.4848304147,0.2975008337,0.04122798476,true,0.1,0.05,true,true,true,0,0,0.2788257152,0.2246071657
3,0.1,2.625,6,0.3,0.705,II,full-pool,-0.05577392578,-0.05577392578,1,-1,0.5485693204,0.207739842,0.3781545812,0.2742846602,0.4915417548,0.2999999609,0.04100613898,true,0.1,0.05,true,true,true,0,0,0.2781545812,0.2242846602
3,0.1,2.65,6,0.303,0.705,II,full-minimal,-inf,-0.8330526053,1,-1,0.5580665327,0.2225514557,0.3903089942,0.2790332664,0.3699976251,0.2702083444,0.0426778701,true,0.1,0.05,true,true,true,0,0,0.2903089942,0.2290332664
3,0.1,2.65,6,0.303,0.705,II,full-pool,-0.8,-0.8,1,-1,0.5577333389,0.2217975625,0.3897654507,0.2788666694,0.3754330604,0.2707337889,0.04267079187,true,0.1,0.05,true,true,true,0,0,0.2897654507,0.2288666694
3,0.1,2.65,6,0.303,0.705,II,full-pool,-0.75,-0.75,1,-1,0.5572187209,0.2206805367,0.3889496288,0.2786093604,0.3835912793,0.2716837179,0.04265478365,true,0.1,0.05,true,true,true,0,0,0.2889496288,0.2286093604
3,0.1,2.65,6,0.303,0.705,II,full-pool,-0.7,-0.7,1,-1,0.5566910753,0.2195910904,0.3881410828,0.2783455376,0.3916767389,0.272811026,0.04263108784,true,0.1,0.05,true,true,true,0,0,0.2881410828,0.2283455376
3,0.1,2.65,6,0.303,0.705,II,full-pool,-0.65,-0.65,1,-1,0.5561500722,0.2185285426,0.3873393074,0.2780750361,0.3996944929,0.2741062238,0.04259824953,true,0.1,0.05,true,true,true,0,0,0.2873393074,0.2280750361
3,0.1,2.65,6,0.303,0.705,II,full-pool,-0.6,-0.6,1,-1,0.5555953737,0.2174922292,0.3865438014,0.2777976868,0.4076495528,0.2755608102,0.04255482788,true,0.1,0.05,true,true,true,0,0,0.2865438014,0.2277976868
3,0.1,2.65,6,0.303,0.705,II,full-pool,-0.55,-0.55,1,-1,0.5550266328,0.2164815025,0.3857540677,0.2775133164,0.4155468906,0.277167145,0.04249939297,true,0.1,0.05,true,true,true,0,0,0.2857540677,0.2275133164
3,0.1,2.65,6,0.303,0.705,II,full-pool,-0.5,-0.5,1,-1,0.5544434942,0.2154957307,0.3849696125,0.2772217471,0.4233914424,0.2789183398,0.04243052373,true,0.1,0.05,true,true,true,0,0,0.2849696125,0.2272217471
3,0.1,2.65,6,0.303,0.705,II,full-pool,-0.45,-0.45,1,-1,0.5538455934,0.2145342977,0.3841899456,0.2769227967,0.4311881114,0.2808081648,0.04234680664,true,0.1,0.05,true,true,true,0,0,0.2841899456,0.2269227967
3,0.1,2.65,6,0.303,0.705,II,full-pool,-0.4,-0.4,1,-1,0.5532325567,0.2135966026,0.3834145796,0.2766162783,0.4389417708,0.2828309681,0.04224683532,true,0.1,0.05,true,true,true,0,0,0.2834145796,0.2266162783
3,0.1,2.65,6,0.303,0.705,II,full-pool,-0.35,-0.35,1,-1,0.5526040008,0.2126820592,0.38264303,0.2763020004,0.4466572667,0.2849816059,0.04212921075,true,0.1,0.05,true,true,true,0,0,0.28264303,0.2263020004
3,0.1,2.65,6,0.303,0.705,II,full-pool,-0.3,-0.3,1,-1,0.551959533,0.211790096,0.3818748145,0.2759797665,0.4543394218,0.2872553821,0.04199254211,true,0.1,0.05,true,true,true,0,0,0.2818748145,0.2259797665
3,0.1,2.65,6,0.303,0.705,II,full-pool,-0.25,-0.25,1,-1,0.5512987504,0.2109201555,0.381109453,0.2756493752,0.4619930374,0.2896479953,0.04183544812,true,0.1,0.05,true,true,true,0,0,0.281109453,0.2256493752
3,0.1,2.65,6,0.303,0.705,II,full-pool,-0.2,-0.2,1,-1,0.5506212401,0.2100716939,0.380346467,0.27531062,0.4696228975,0.2921554927,0.04165655883,true,0.1,0.05,true,true,true,0,0,0.280346467,0.22531062
3,0.1,2.65,6,0.303,0.705,II,full-pool,-0.15,-0.15,1,-1,0.5499265784,0.2092441808,0.3795853796,0.2749632892,0.4772337709,0.2947742297,0.04145451783,true,0.1,0.05,true,true,true,0,0,0.2795853796,0.2249632892
3,0.1,2.65,6,0.303,0.705,II,full-pool,-0.1,-0.1,1,-1,0.5492143313,0.2084370991,0.3788257152,0.2746071657,0.4848304147,0.2975008337,0.04122798476,true,0.1,0.05,true,true,true,0,0,0.2788257152,0.2246071657
3,0.1,2.65,6,0.303,0.705,II,full-pool,-0.05,-0.05,1,-1,0.5484840536,0.2076499444,0.378066999,0.2742420268,0.492417577,0.3003321734,0.04097563812,true,0.1,0.05,true,true,true,0,0,0.278066999,0.2242420268
3,0.1,2.65,6,0.303,0.705,II,full-pool,-0.004455566406,-0.004455566406,1,-1,0.5478027746,0.2069498608,0.3773763177,0.2739013873,0.49932439,0.3029998919,0.04072221484,true,0.1,0.05,true,true,true,0,0,0.2773763177,0.2239013873
3,0.1,2.675,6,0.306,0.705,II,full-minimal,-inf,-0.8188868586,1,-1,0.5579244059,0.2222268245,0.3900756152,0.2789622029,0.372331415,0.270423273,0.04267514154,true,0.1,0.05,true,true,true,0,0,0.2900756152,0.2289622029
3,0.1,2.675,6,0.306,0.705,II,full-pool,-0.8,-0.8,1,-1,0.5577333389,0.2217975625,0.3897654507,0.2788666694,0.3754330604,0.2707337889,0.04267079187,true,0.1,0.05,true,true,true,0,0,0.2897654507,0.2288666694
3,0.1,2.675,6,0.306,0.705,II,full-pool,-0.75,-0.75,1,-1,0.5572187209,0.2206805367,0.3889496288,0.2786093604,0.3835912793,0.2716837179,0.04265478365,true,0.1,0.05,true,true,true,0,0,0.2889496288,0.2286093604
3,0.1,2.675,6,0.306,0.705,II,full-pool,-0.7,-0.7,1,-1,0.5566910753,0.2195910904,0.3881410828,0.2783455376,0.3916767389,0.272811026,0.04263108784,true,0.1,0.05,true,true,true,0,0,0.2881410828,0.2283455376
3,0.1,2.675,6,0.306,0.705,II,full-pool,-0.65,-0.65,1,-1,0.5561500722,0.2185285426,0.3873393074,0.2780750361,0.3996944929,0.2741062238,0.04259824953,true,0.1,0.05,true,true,true,0,0,0.2873393074,0.2280750361
3,0.1,2.675,6,0.306,0.705,II,full-pool,-0.6,-0.6,1,-1,0.5555953737,0.2174922292,0.3865438014,0.2777976868,0.4076495528,0.2755608102,0.04255482788,true,0.1,0.05,true,true,true,0,0,0.2865438014,0.2277976868
3,0.1,2.675,6,0.306,0.705,II,full-pool,-0.55,-0.55,1,-1,0.5550266328,0.2164815025,0.3857540677,0.2775133164,0.4155468906,0.277167145,0.04249939297,true,0.1,0.05,true,true,true,0,0,0.2857540677,0.2275133164
3,0.1,2.675,6,0.306,0.705,II,full-pool,-0.5,-0.5,1,-1,0.5544434942,0.2154957307,0.3849696125,0.2772217471,0.4233914424,0.2789183398,0.04243052373,true,0.1,0.05,true,true,true,0,0,0.2849696125,0.2272217471
3,0.1,2.675,6,0.306,0.705,II,full-pool,-0.45,-0.45,1,-1,0.5538455934,0.2145342977,0.3841899456,0.2769227967,0.4311881114,0.2808081648,0.04234680664,true,0.1,0.05,true,true,true,0,0,0.2841899456,0.2269227967
3,0.1,2.675,6,0.306,0.705,II,full-pool,-0.4,-0.4,1,-1,0.5532325567,0.2135966026,0.3834145796,0.2766162783,0.4389417708,0.2828309681,0.04224683532,true,0.1,0.05,true,true,true,0,0,0.2834145796,0.2266162783
3,0.1,2.675,6,0.306,0.705,II,full-pool,-0.35,-0.35,1,-1,0.5526040008,0.2126820592,0.38264303,0.2763020004,0.4466572667,0.2849816059,0.04212921075,true,0.1,0.05,true,true,true,0,0,0.28264303,0.2263020004
3,0.1,2.675,6,0.306,0.705,II,full-pool,-0.3,-0.3,1,-1,0.551959533,0.211790096,0.3818748145,0.2759797665,0.4543394218,0.2872553821,0.04199254211,true,0.1,0.05,true,true,true,0,0,0.2818748145,0.2259797665
3,0.1,2.675,6,0.306,0.705,II,full-pool,-0.25,-0.25,1,-1,0.5512987504,0.2109201555,0.381109453,0.2756493752,0.4619930374,0.2896479953,0.04183544812,true,0.1,0.05,true,true,true,0,0,0.281109453,0.2256493752
3,0.1,2.675,6,0.306,0.705,II,full-pool,-0.2,-0.2,1,-1,0.5506212401,0.2100716939,0.380346467,0.27531062,0.4696228975,0.2921554927,0.04165655883,true,0.1,0.05,true,true,true,0,0,0.280346467,0.22531062
3,0.1,2.675,6,0.306,0.705,II,full-pool,-0.15,-0.15,1,-1,0.5499265784,0.2092441808,0.3795853796,0.2749632892,0.4772337709,0.2947742297,0.04145451783,true,0.1,0.05,true,true,true,0,0,0.2795853796,0.2249632892
3,0.1,2.675,6,0.306,0.705,II,full-pool,-0.1,-0.1,1,-1,0.5492143313,0.2084370991,0.3788257152,0.2746071657,0.4848304147,0.2975008337,0.04122798476,true,0.1,0.05,true,true,true,0,0,0.2788257152,0.2246071657
3,0.1,2.675,6,0.306,0.705,II,full-pool,-0.05,-0.05,1,-1,0.5484840536,0.2076499444,0.378066999,0.2742420268,0.492417577,0.3003321734,0.04097563812,true,0.1,0.05,true,true,true,0,0,0.278066999,0.2242420268
3,0.1,2.675,6,0.306,0.705,II,full-pool,0,0,1,-1,0.5477352889,0.2068822245,0.3773087567,0.2738676444,0.5,0.3032653299,0.04069617827,true,0.1,0.05,true,true,true,0,0,0.2773087567,0.2238676444
3,0.1,2.675,6,0.306,0.705,II,full-pool,0.04516296387,0.04516296387,1,-1,0.5470426802,0.2062050807,0.3766238805,0.2735213401,0.5068487626,0.3059999744,0.04041938712,true,0.1,0.05,true,true,true,0,0,0.2766238805,0.2235213401
3,0.1,2.7,6,0.309,0.705,II,full-minimal,-inf,-0.8047985469,1,-1,0.557782054,0.2219062404,0.3898441472,0.278891027,0.3746460951,0.270652332,0.04267197786,true,0.1,0.05,true,true,true,0,0,0.2898441472,0.228891027
3,0.1,2.7,6,0.309,0.705,II,full-pool,-0.8,-0.8,1,-1,0.5577333389,0.2217975625,0.3897654507,0.2788666694,0.3754330604,0.2707337889,0.04267079187,true,0.1,0.05,true,true,true,0,0,0.2897654507,0.2288666694
3,0.1,2.7,6,0.309,0.705,II,full-pool,-0.75,-0.75,1,-1,0.5572187209,0.2206805367,0.3889496288,0.2786093604,0.3835912793,0.2716837179,0.04265478365,true,0.1,0.05,true,true,true,0,0,0.2889496288,0.2286093604
3,0.1,2.7,6,0.309,0.705,II,full-pool,-0.7,-0.7,1,-1,0.5566910753,0.2195910904,0.3881410828,0.2783455376,0.3916767389,0.272811026,0.04263108784,true,0.1,0.05,true,true,true,0,0,0.2881410828,0.2283455376
3,0.1,2.7,6,0.309,0.705,II,full-pool,-0.65,-0.65,1,-1,0.5561500722,0.2185285426,0.3873393074,0.2780750361,0.3996944929,0.2741062238,0.04259824953,true,0.1,0.05,true,true,true,0,0,0.2873393074,0.2280750361
3,0.1,2.7,6,0.309,0.705,II,full-pool,-0.6,-0.6,1,-1,0.5555953737,0.2174922292,0.3865438014,0.2777976868,0.4076495528,0.2755608102,0.04255482788,true,0.1,0.05,true,true,true,0,0,0.2865438014,0.2277976868
3,0.1,2.7,6,0.309,0.705,II,full-pool,-0.55,-0.55,1,-1,0.5550266328,0.2164815025,0.3857540677,0.2775133164,0.4155468906,0.277167145,0.04249939297,true,0.1,0.05,true,true,true,0,0,0.2857540677,0.2275133164
3,0.1,2.7,6,0.309,0.705,II,full-pool,-0.5,-0.5,1,-1,0.5544434942,0.2154957307,0.3849696125,0.2772217471,0.4233914424,0.2789183398,0.04243052373,true,0.1,0.05,true,true,true,0,0,0.2849696125,0.2272217471
3,0.1,2.7,6,0.309,0.705,II,full-pool,-0.45,-0.45,1,-1,0.5538455934,0.2145342977,0.3841899456,0.2769227967,0.4311881114,0.2808081648,0.04234680664,true,0.1,0.05,true,true,true,0,0,0.2841899456,0.2269227967
3,0.1,2.7,6,0.309,0.705,II,full-pool,-0.4,-0.4,1,-1,0.5532325567,0.2135966026,0.3834145796,0.2766162783,0.4389417708,0.2828309681,0.04224683532,true,0.1,0.05,true,true,true,0,0,0.2834145796,0.2266162783
3,0.1,2.7,6,0.309,0.705,II,full-pool,-0.35,-0.35,1,-1,0.5526040008,0.2126820592,0.38264303,0.2763020004,0.4466572667,0.2849816059,0.04212921075,true,0.1,0.05,true,true,true,0,0,0.28264303,0.2263020004
3,0.1,2.7,6,0.309,0.705,II,full-pool,-0.3,-0.3,1,-1,0.551959533,0.211790096,0.3818748145,0.2759797665,0.4543394218,0.2872553821,0.04199254211,true,0.1,0.05,true,true,true,0,0,0.2818748145,0.2259797665
3,0.1,2.7,6,0.309,0.705,II,full-pool,-0.25,-0.25,1,-1,0.5512987504,0.2109201555,0.381109453,0.2756493752,0.4619930374,0.2896479953,0.04183544812,true,0.1,0.05,true,true,true,0,0,0.281109453,0.2256493752
3,0.1,2.7,6,0.309,0.705,II,full-pool,-0.2,-0.2,1,-1,0.5506212401,0.2100716939,0.380346467,0.27531062,0.4696228975,0.2921554927,0.04165655883,true,0.1,0.05,true,true,true,0,0,0.280346467,0.22531062
3,0.1,2.7,6,0.309,0.705,II,full-pool,-0.15,-0.15,1,-1,0.5499265784,0.2092441808,0.3795853796,0.2749632892,0.4772337709,0.2947742297,0.04145451783,true,0.1,0.05,true,true,true,0,0,0.2795853796,0.2249632892
3,0.1,2.7,6,0.309,0.705,II,full-pool,-0.1,-0.1,1,-1,0.5492143313,0.2084370991,0.3788257152,0.2746071657,0.4848304147,0.2975008337,0.04122798476,true,0.1,0.05,true,true,true,0,0,0.2788257152,0.2246071657
3,0.1,2.7,6,0.309,0.705,II,full-pool,-0.05,-0.05,1,-1,0.5484840536,0.2076499444,0.378066999,0.2742420268,0.492417577,0.3003321734,0.04097563812,true,0.1,0.05,true,true,true,0,0,0.278066999,0.2242420268
3,0.1,2.7,6,0.309,0.705,II,full-pool,0,0,1,-1,0.5477352889,0.2068822245,0.3773087567,0.2738676444,0.5,0.3032653299,0.04069617827,true,0.1,0.05,true,true,true,0,0,0.2773087567,0.2238676444
3,0.1,2.7,6,0.309,0.705,II,full-pool,0.05,0.05,1,-1,0.546967569,0.2061334598,0.3765505144,0.2734837845,0.507582423,0.3062975727,0.04038833066,true,0.1,0.05,true,true,true,0,0,0.2765505144,0.2234837845
3,0.1,2.7,6,0.309,0.705,II,full-pool,0.09327392578,0.09327392578,1,-1,0.5462874526,0.2055003606,0.3758939066,0.2731437263,0.5141485015,0.3089999214,0.04009801703,true,0.1,0.05,true,true,true,0,0,0.2758939066,0.2231437263
3,0.1,2.725,6,0.312,0.705,II,full-minimal,-inf,-0.7907856501,1,-1,0.5576394659,0.2215896047,0.3896145353,0.278819733,0.3769422142,0.2708950493,0.04266835284,true,0.1,0.05,true,true,true,0,0,0.2896145353,0.228819733
3,0.1,2.725,6,0.312,0.705,II,full-pool,-0.75,-0.75,1,-1,0.5572187209,0.2206805367,0.3889496288,0.2786093604,0.3835912793,0.2716837179,0.04265478365,true,0.1,0.05,true,true,true,0,0,0.2889496288,0.2286093604
3,0.1,2.725,6,0.312,0.705,II,full-pool,-0.7,-0.7,1,-1,0.5566910753,0.2195910904,0.3881410828,0.2783455376,0.3916767389,0.272811026,0.04263108784,true,0.1,0.05,true,true,true,0,0,0.2881410828,0.2283455376
3,0.1,2.725,6,0.312,0.705,II,full-pool,-0.65,-0.65,1,-1,0.5561500722,0.2185285426,0.3873393074,0.2780750361,0.3996944929,0.2741062238,0.04259824953,true,0.1,0.05,true,true,true,0,0,0.2873393074,0.2280750361
3,0.1,2.725,6,0.312,0.705,II,full-pool,-0.6,-0.6,1,-1,0.5555953737,0.2174922292,0.3865438014,0.2777976868,0.4076495528,0.2755608102,0.04255482788,true,0.1,0.05,true,true,true,0,0,0.2865438014,0.2277976868
3,0.1,2.725,6,0.312,0.705,II,full-pool,-0.55,-0.55,1,-1,0.5550266328,0.2164815025,0.3857540677,0.2775133164,0.4155468906,0.277167145,0.04249939297,true,0.1,0.05,true,true,true,0,0,0.2857540677,0.2275133164
3,0.1,2.725,6,0.312,0.705,II,full-pool,-0.5,-0.5,1,-1,0.5544434942,0.2154957307,0.3849696125,0.2772217471,0.4233914424,0.2789183398,0.04243052373,true,0.1,0.05,true,true,true,0,0,0.2849696125,0.2272217471
3,0.1,2.725,6,0.312,0.705,II,full-pool,-0.45,-0.45,1,-1,0.5538455934,0.2145342977,0.3841899456,0.2769227967,0.4311881114,0.2808081648,0.04234680664,true,0.1,0.05,true,true,true,0,0,0.2841899456,0.2269227967
3,0.1,2.725,6,0.312,0.705,II,full-pool,-0.4,-0.4,1,-1,0.5532325567,0.2135966026,0.3834145796,0.2766162783,0.4389417708,0.2828309681,0.04224683532,true,0.1,0.05,true,true,true,0,0,0.2834145796,0.2266162783
3,0.1,2.725,6,0.312,0.705,II,full-pool,-0.35,-0.35,1,-1,0.5526040008,0.2126820592,0.38264303,0.2763020004,0.4466572667,0.2849816059,0.04212921075,true,0.1,0.05,true,true,true,0,0,0.28264303,0.2263020004
3,0.1,2.725,6,0.312,0.705,II,full-pool,-0.3,-0.3,1,-1,0.551959533,0.211790096,0.3818748145,0.2759797665,0.4543394218,0.2872553821,0.04199254211,true,0.1,0.05,true,true,true,0,0,0.2818748145,0.2259797665
3,0.1,2.725,6,0.312,0.705,II,full-pool,-0.25,-0.25,1,-1,0.5512987504,0.2109201555,0.381109453,0.2756493752,0.4619930374,0.2896479953,0.04183544812,true,0.1,0.05,true,true,true,0,0,0.281109453,0.2256493752
3,0.1,2.725,6,0.312,0.705,II,full-pool,-0.2,-0.2,1,-1,0.5506212401,0.2100716939,0.380346467,0.27531062,0.4696228975,0.2921554927,0.04165655883,true,0.1,0.05,true,true,true,0,0,0.280346467,0.22531062
3,0.1,2.725,6,0.312,0.705,II,full-pool,-0.15,-0.15,1,-1,0.5499265784,0.2092441808,0.3795853796,0.2749632892,0.4772337709,0.2947742297,0.04145451783,true,0.1,0.05,true,true,true,0,0,0.2795853796,0.2249632892
3,0.1,2.725,6,0.312,0.705,II,full-pool,-0.1,-0.1,1,-1,0.5492143313,0.2084370991,0.3788257152,0.2746071657,0.4848304147,0.2975008337,0.04122798476,true,0.1,0.05,true,true,true,0,0,0.2788257152,0.2246071657
3,0.1,2.725,6,0.312,0.705,II,full-pool,-0.05,-0.05,1,-1,0.5484840536,0.2076499444,0.378066999,0.2742420268,0.492417577,0.3003321734,0.04097563812,true,0.1,0.05,true,true,true,0,0,0.278066999,0.2242420268
3,0.1,2.725,6,0.312,0.705,II,full-pool,0,0,1,-1,0.5477352889,0.2068822245,0.3773087567,0.2738676444,0.5,0.3032653299,0.04069617827,true,0.1,0.05,true,true,true,0,0,0.2773087567,0.2238676444
3,0.1,2.725,6,0.312,0.705,II,full-pool,0.05,0.05,1,-1,0.546967569,0.2061334598,0.3765505144,0.2734837845,0.507582423,0.3062975727,0.04038833066,true,0.1,0.05,true,true,true,0,0,0.2765505144,0.2234837845
3,0.1,2.725,6,0.312,0.705,II,full-pool,0.1,0.1,1,-1,0.5461804143,0.2054031821,0.3757917982,0.2730902071,0.5151695853,0.3094263374,0.04005084914,true,0.1,0.05,true,true,true,0,0,0.2757917982,0.2230902071
3,0.1,2.725,6,0.312,0.705,II,full-pool,0.1400421143,0.1400421143,1,-1,0.5455356822,0.2048313681,0.3751835252,0.2727678411,0.5212523156,0.3119999534,0.03975839211,true,0.1,0.05,true,true,true,0,0,0.2751835252,0.2227678411
3,0.1,2.75,6,0.315,0.705,II,full-minimal,-inf,-0.7768461994,1,-1,0.5574966305,0.2212768219,0.3893867262,0.2787483153,0.3792203048,0.2711509784,0.0426642412,true,0.1,0.05,true,true,true,0,0,0.2893867262,0.2287483153
3,0.1,2.75,6,0.315,0.705,II,full-pool,-0.75,-0.75,1,-1,0.5572187209,0.2206805367,0.3889496288,0.2786093604,0.3835912793,0.2716837179,0.04265478365,true,0.1,0.05,true,true,true,0,0,0.2889496288,0.2286093604
3,0.1,2.75,6,0.315,0.705,II,full-pool,-0.7,-0.7,1,-1,0.5566910753,0.2195910904,0.3881410828,0.2783455376,0.3916767389,0.272811026,0.04263108784,true,0.1,0.05,true,true,true,0,0,0.2881410828,0.2283455376
3,0.1,2.75,6,0.315,0.705,II,full-pool,-0.65,-0.65,1,-1,0.5561500722,0.2185285426,0.3873393074,0.2780750361,0.3996944929,0.2741062238,0.04259824953,true,0.1,0.05,true,true,true,0,0,0.2873393074,0.2280750361
3,0.1,2.75,6,0.315,0.705,II,full-pool,-0.6,-0.6,1,-1,0.5555953737,0.2174922292,0.3865438014,0.2777976868,0.4076495528,0.2755608102,0.04255482788,true,0.1,0.05,true,true,true,0,0,0.2865438014,0.2277976868
3,0.1,2.75,6,0.315,0.705,II,full-pool,-0.55,-0.55,1,-1,0.5550266328,0.2164815025,0.3857540677,0.2775133164,0.4155468906,0.277167145,0.04249939297,true,0.1,0.05,true,true,true,0,0,0.2857540677,0.2275133164
3,0.1,2.75,6,0.315,0.705,II,full-pool,-0.5,-0.5,1,-1,0.5544434942,0.2154957307,0.3849696125,0.2772217471,0.4233914424,0.2789183398,0.04243052373,true,0.1,0.05,true,true,true,0,0,0.2849696125,0.2272217471
3,0.1,2.75,6,0.315,0.705,II,full-pool,-0.45,-0.45,1,-1,0.5538455934,0.2145342977,0.3841899456,0.2769227967,0.4311881114,0.2808081648,0.04234680664,true,0.1,0.05,true,true,true,0,0,0.2841899456,0.2269227967
3,0.1,2.75,6,0.315,0.705,II,full-pool,-0.4,-0.4,1,-1,0.5532325567,0.2135966026,0.3834145796,0.2766162783,0.4389417708,0.2828309681,0.04224683532,true,0.1,0.05,true,true,true,0,0,0.2834145796,0.2266162783
3,0.1,2.75,6,0.315,0.705,II,full-pool,-0.35,-0.35,1,-1,0.5526040008,0.2126820592,0.38264303,0.2763020004,0.4466572667,0.2849816059,0.04212921075,true,0.1,0.05,true,true,true,0,0,0.28264303,0.2263020004
3,0.1,2.75,6,0.315,0.705,II,full-pool,-0.3,-0.3,1,-1,0.551959533,0.211790096,0.3818748145,0.2759797665,0.4543394218,0.2872553821,0.04199254211,true,0.1,0.05,true,true,true,0,0,0.2818748145,0.2259797665
3,0.1,2.75,6,0.315,0.705,II,full-pool,-0.25,-0.25,1,-1,0.5512987504,0.2109201555,0.381109453,0.2756493752,0.4619930374,0.2896479953,0.04183544812,true,0.1,0.05,true,true,true,0,0,0.281109453,0.2256493752
3,0.1,2.75,6,0.315,0.705,II,full-pool,-0.2,-0.2,1,-1,0.5506212401,0.2100716939,0.380346467,0.27531062,0.4696228975,0.2921554927,0.04165655883,true,0.1,0.05,true,true,true,0,0,0.280346467,0.22531062
3,0.1,2.75,6,0.315,0.705,II,full-pool,-0.15,-0.15,1,-1,0.5499265784,0.2092441808,0.3795853796,0.2749632892,0.4772337709,0.2947742297,0.04145451783,true,0.1,0.05,true,true,true,0,0,0.2795853796,0.2249632892
3,0.1,2.75,6,0.315,0.705,II,full-pool,-0.1,-0.1,1,-1,0.5492143313,0.2084370991,0.3788257152,0.2746071657,0.4848304147,0.2975008337,0.04122798476,true,0.1,0.05,true,true,true,0,0,0.2788257152,0.2246071657
3,0.1,2.75,6,0.315,0.705,II,full-pool,-0.05,-0.05,1,-1,0.5484840536,0.2076499444,0.378066999,0.2742420268,0.492417577,0.3003321734,0.04097563812,true,0.1,0.05,true,true,true,0,0,0.278066999,0.2242420268
3,0.1,2.75,6,0.315,0.705,II,full-pool,0,0,1,-1,0.5477352889,0.2068822245,0.3773087567,0.2738676444,0.5,0.3032653299,0.04069617827,true,0.1,0.05,true,true,true,0,0,0.2773087567,0.2238676444
3,0.1,2.75,6,0.315,0.705,II,full-pool,0.05,0.05,1,-1,0.546967569,0.2061334598,0.3765505144,0.2734837845,0.507582423,0.3062975727,0.04038833066,true,0.1,0.05,true,true,true,0,0,0.2765505144,0.2234837845
3,0.1,2.75,6,0.315,0.705,II,full-pool,0.1,0.1,1,-1,0.5461804143,0.2054031821,0.3757917982,0.2730902071,0.5151695853,0.3094263374,0.04005084914,true,0.1,0.05,true,true,true,0,0,0.2757917982,0.2230902071
3,0.1,2.75,6,0.315,0.705,II,full-pool,0.15,0.15,1,-1,0.5453733326,0.204690935,0.3750321338,0.2726866663,0.5227662291,0.3126492057,0.03968251936,true,0.1,0.05,true,true,true,0,0,0.2750321338,0.2226866663
3,0.1,2.75,6,0.315,0.705,II,full-pool,0.1855987549,0.1855987549,1,-1,0.5447862888,0.2041945757,0.3744904323,0.2723931444,0.5281832443,0.3149998924,0.03940082642,true,0.1,0.05,true,true,true,0,0,0.2744904323,0.2223931444
3,0.1,2.775,6,0.318,0.705,II,full-minimal,-inf,-0.7629782751,1,-1,0.5573535367,0.2209677999,0.3891606683,0.2786767684,0.3814808839,0.2714196963,0.04265961849,true,0.1,0.05,true,true,true,0,0,0.2891606683,0.2286767684
3,0.1,2.775,6,0.318,0.705,II,full-pool,-0.75,-0.75,1,-1,0.5572187209,0.2206805367,0.3889496288,0.2786093604,0.3835912793,0.2716837179,0.04265478365,true,0.1,0.05,true,true,true,0,0,0.2889496288,0.2286093604
3,0.1,2.775,6,0.318,0.705,II,full-pool,-0.7,-0.7,1,-1,0.5566910753,0.2195910904,0.3881410828,0.2783455376,0.3916767389,0.272811026,0.04263108784,true,0.1,0.05,true,true,true,0,0,0.2881410828,0.2283455376
3,0.1,2.775,6,0.318,0.705,II,full-pool,-0.65,-0.65,1,-1,0.5561500722,0.2185285426,0.3873393074,0.2780750361,0.3996944929,0.2741062238,0.04259824953,true,0.1,0.05,true,true,true,0,0,0.2873393074,0.2280750361
3,0.1,2.775,6,0.318,0.705,II,full-pool,-0.6,-0.6,1,-1,0.5555953737,0.2174922292,0.3865438014,0.2777976868,0.4076495528,0.2755608102,0.04255482788,true,0.1,0.05,true,true,true,0,0,0.2865438014,0.2277976868
3,0.1,2.775,6,0.318,0.705,II,full-pool,-0.55,-0.55,1,-1,0.5550266328,0.2164815025,0.3857540677,0.2775133164,0.4155468906,0.277167145,0.04249939297,true,0.1,0.05,true,true,true,0,0,0.2857540677,0.2275133164
3,0.1,2.775,6,0.318,0.705,II,full-pool,-0.5,-0.5,1,-1,0.5544434942,0.2154957307,0.3849696125,0.2772217471,0.4233914424,0.2789183398,0.04243052373,true,0.1,0.05,true,true,true,0,0,0.2849696125,0.2272217471
3,0.1,2.775,6,0.318,0.705,II,full-pool,-0.45,-0.45,1,-1,0.5538455934,0.2145342977,0.3841899456,0.2769227967,0.4311881114,0.2808081648,0.04234680664,true,0.1,0.05,true,true,true,0,0,0.2841899456,0.2269227967
3,0.1,2.775,6,0.318,0.705,II,full-pool,-0.4,-0.4,1,-1,0.5532325567,0.2135966026,0.3834145796,0.2766162783,0.4389417708,0.2828309681,0.04224683532,true,0.1,0.05,true,true,true,0,0,0.2834145796,0.2266162783
3,0.1,2.775,6,0.318,0.705,II,full-pool,-0.35,-0.35,1,-1,0.5526040008,0.2126820592,0.38264303,0.2763020004,0.4466572667,0.2849816059,0.04212921075,true,0.1,0.05,true,true,true,0,0,0.28264303,0.2263020004
3,0.1,2.775,6,0.318,0.705,II,full-pool,-0.3,-0.3,1,-1,0.551959533,0.211790096,0.3818748145,0.2759797665,0.4543394218,0.2872553821,0.04199254211,true,0.1,0.05,true,true,true,0,0,0.2818748145,0.2259797665
3,0.1,2.775,6,0.318,0.705,II,full-pool,-0.25,-0.25,1,-1,0.5512987504,0.2109201555,0.381109453,0.2756493752,0.4619930374,0.2896479953,0.04183544812,true,0.1,0.05,true,true,true,0,0,0.281109453,0.2256493752
3,0.1,2.775,6,0.318,0.705,II,full-pool,-0.2,-0.2,1,-1,0.5506212401,0.2100716939,0.380346467,0.27531062,0.4696228975,0.2921554927,0.04165655883,true,0.1,0.05,true,true,true,0,0,0.280346467,0.22531062
3,0.1,2.775,6,0.318,0.705,II,full-pool,-0.15,-0.15,1,-1,0.5499265784,0.2092441808,0.3795853796,0.2749632892,0.4772337709,0.2947742297,0.04145451783,true,0.1,0.05,true,true,true,0,0,0.2795853796,0.2249632892
3,0.1,2.775,6,0.318,0.705,II,full-pool,-0.1,-0.1,1,-1,0.5492143313,0.2084370991,0.3788257152,0.2746071657,0.4848304147,0.2975008337,0.04122798476,true,0.1,0.05,true,true,true,0,0,0.2788257152,0.2246071657
3,0.1,2.775,6,0.318,0.705,II,full-pool,-0.05,-0.05,1,-1,0.5484840536,0.2076499444,0.378066999,0.2742420268,0.492417577,0.3003321734,0.04097563812,true,0.1,0.05,true,true,true,0,0,0.278066999,0.2242420268
3,0.1,2.775,6,0.318,0.705,II,full-pool,0,0,1,-1,0.5477352889,0.2068822245,0.3773087567,0.2738676444,0.5,0.3032653299,0.04069617827,true,0.1,0.05,true,true,true,0,0,0.2773087567,0.2238676444
3,0.1,2.775,6,0.318,0.705,II,full-pool,0.05,0.05,1,-1,0.546967569,0.2061334598,0.3765505144,0.2734837845,0.507582423,0.3062975727,0.04038833066,true,0.1,0.05,true,true,true,0,0,0.2765505144,0.2234837845
3,0.1,2.775,6,0.318,0.705,II,full-pool,0.1,0.1,1,-1,0.5461804143,0.2054031821,0.3757917982,0.2730902071,0.5151695853,0.3094263374,0.04005084914,true,0.1,0.05,true,true,true,0,0,0.2757917982,0.2230902071
3,0.1,2.775,6,0.318,0.705,II,full-pool,0.15,0.15,1,-1,0.5453733326,0.204690935,0.3750321338,0.2726866663,0.5227662291,0.3126492057,0.03968251936,true,0.1,0.05,true,true,true,0,0,0.2750321338,0.2226866663
3,0.1,2.775,6,0.318,0.705,II,full-pool,0.2,0.2,1,-1,0.5445458196,0.2039962734,0.3742710465,0.2722729098,0.5303771025,0.3159638882,0.03928216225,true,0.1,0.05,true,true,true,0,0,0.2742710465,0.2222729098
3,0.1,2.775,6,0.318,0.705,II,full-pool,0.2300598145,0.2300598145,1,-1,0.5440382725,0.2035869279,0.3738126002,0.2720191363,0.5349615651,0.3179999421,0.03902557614,true,0.1,0.05,true,true,true,0,0,0.2738126002,0.2220191363
3,0.1,2.8,6,0.321,0.705,II,full-minimal,-inf,-0.7491800044,1,-1,0.5572101735,0.2206624493,0.3889363114,0.2786050868,0.3837244531,0.2717008024,0.04265446104,true,0.1,0.05,true,true,true,0,0,0.2889363114,0.2286050868
3,0.1,2.8,6,0.321,0.705,II,full-pool,-0.7,-0.7,1,-1,0.5566910753,0.2195910904,0.3881410828,0.2783455376,0.3916767389,0.272811026,0.04263108784,true,0.1,0.05,true,true,true,0,0,0.2881410828,0.2283455376
3,0.1,2.8,6,0.321,0.705,II,full-pool,-0.65,-0.65,1,-1,0.5561500722,0.2185285426,0.3873393074,0.2780750361,0.3996944929,0.2741062238,0.04259824953,true,0.1,0.05,true,true,true,0,0,0.2873393074,0.2280750361
3,0.1,2.8,6,0.321,0.705,II,full-pool,-0.6,-0.6,1,-1,0.5555953737,0.2174922292,0.3865438014,0.2777976868,0.4076495528,0.2755608102,0.04255482788,true,0.1,0.05,true,true,true,0,0,0.2865438014,0.2277976868
3,0.1,2.8,6,0.321,0.705,II,full-pool,-0.55,-0.55,1,-1,0.5550266328,0.2164815025,0.3857540677,0.2775133164,0.4155468906,0.277167145,0.04249939297,true,0.1,0.05,true,true,true,0,0,0.2857540677,0.2275133164
3,0.1,2.8,6,0.321,0.705,II,full-pool,-0.5,-0.5,1,-1,0.5544434942,0.2154957307,0.3849696125,0.2772217471,0.4233914424,0.2789183398,0.04243052373,true,0.1,0.05,true,true,true,0,0,0.2849696125,0.2272217471
3,0.1,2.8,6,0.321,0.705,II,full-pool,-0.45,-0.45,1,-1,0.5538455934,0.2145342977,0.3841899456,0.2769227967,0.4311881114,0.2808081648,0.04234680664,true,0.1,0.05,true,true,true,0,0,0.2841899456,0.2269227967
3,0.1,2.8,6,0.321,0.705,II,full-pool,-0.4,-0.4,1,-1,0.5532325567,0.2135966026,0.3834145796,0.2766162783,0.4389417708,0.2828309681,0.04224683532,true,0.1,0.05,true,true,true,0,0,0.2834145796,0.2266162783
3,0.1,2.8,6,0.321,0.705,II,full-pool,-0.35,-0.35,1,-1,0.5526040008,0.2126820592,0.38264303,0.2763020004,0.4466572667,0.2849816059,0.04212921075,true,0.1,0.05,true,true,true,0,0,0.28264303,0.2263020004
3,0.1,2.8,6,0.321,0.705,II,full-pool,-0.3,-0.3,1,-1,0.551959533,0.211790096,0.3818748145,0.2759797665,0.4543394218,0.2872553821,0.04199254211,true,0.1,0.05,true,true,true,0,0,0.2818748145,0.2259797665
3,0.1,2.8,6,0.321,0.705,II,full-pool,-0.25,-0.25,1,-1,0.5512987504,0.2109201555,0.381109453,0.2756493752,0.4619930374,0.2896479953,0.04183544812,true,0.1,0.05,true,true,true,0,0,0.281109453,0.2256493752
3,0.1,2.8,6,0.321,0.705,II,full-pool,-0.2,-0.2,1,-1,0.5506212401,0.2100716939,0.380346467,0.27531062,0.4696228975,0.2921554927,0.04165655883,true,0.1,0.05,true,true,true,0,0,0.280346467,0.22531062
3,0.1,2.8,6,0.321,0.705,II,full-pool,-0.15,-0.15,1,-1,0.5499265784,0.2092441808,0.3795853796,0.2749632892,0.4772337709,0.2947742297,0.04145451783,true,0.1,0.05,true,true,true,0,0,0.2795853796,0.2249632892
3,0.1,2.8,6,0.321,0.705,II,full-pool,-0.1,-0.1,1,-1,0.5492143313,0.2084370991,0.3788257152,0.2746071657,0.4848304147,0.2975008337,0.04122798476,true,0.1,0.05,true,true,true,0,0,0.2788257152,0.2246071657
3,0.1,2.8,6,0.321,0.705,II,full-pool,-0.05,-0.05,1,-1,0.5484840536,0.2076499444,0.378066999,0.2742420268,0.492417577,0.3003321734,0.04097563812,true,0.1,0.05,true,true,true,0,0,0.278066999,0.2242420268
3,0.1,2.8,6,0.321,0.705,II,full-pool,0,0,1,-1,0.5477352889,0.2068822245,0.3773087567,0.2738676444,0.5,0.3032653299,0.04069617827,true,0.1,0.05,true,true,true,0,0,0.2773087567,0.2238676444
3,0.1,2.8,6,0.321,0.705,II,full-pool,0.05,0.05,1,-1,0.546967569,0.2061334598,0.3765505144,0.2734837845,0.507582423,0.3062975727,0.04038833066,true,0.1,0.05,true,true,true,0,0,0.2765505144,0.2234837845
3,0.1,2.8,6,0.321,0.705,II,full-pool,0.1,0.1,1,-1,0.5461804143,0.2054031821,0.3757917982,0.2730902071,0.5151695853,0.3094263374,0.04005084914,true,0.1,0.05,true,true,true,0,0,0.2757917982,0.2230902071
3,0.1,2.8,6,0.321,0.705,II,full-pool,0.15,0.15,1,-1,0.5453733326,0.204690935,0.3750321338,0.2726866663,0.5227662291,0.3126492057,0.03968251936,true,0.1,0.05,true,true,true,0,0,0.2750321338,0.2226866663
3,0.1,2.8,6,0.321,0.705,II,full-pool,0.2,0.2,1,-1,0.5445458196,0.2039962734,0.3742710465,0.2722729098,0.5303771025,0.3159638882,0.03928216225,true,0.1,0.05,true,true,true,0,0,0.2742710465,0.2222729098
3,0.1,2.8,6,0.321,0.705,II,full-pool,0.25,0.25,1,-1,0.5436973579,0.203318763,0.3735080605,0.271848679,0.5380069626,0.3193682083,0.03884863748,true,0.1,0.05,true,true,true,0,0,0.2735080605,0.221848679
3,0.1,2.8,6,0.321,0.705,II,full-pool,0.2735198975,0.2735198975,1,-1,0.543290848,0.203005874,0.373148361,0.271645424,0.541603957,0.3209999983,0.03863292331,true,0.1,0.05,true,true,true,0,0,0.273148361,0.221645424
3,0.1,2.825,6,0.324,0.705,II,full-minimal,-inf,-0.7354495603,1,-1,0.5570665298,0.2203606837,0.3887136067,0.2785332649,0.3859514999,0.2719939173,0.04264874592,true,0.1,0.05,true,true,true,0,0,0.2887136067,0.2285332649
3,0.1,2.825,6,0.324,0.705,II,full-pool,-0.7,-0.7,1,-1,0.5566910753,0.2195910904,0.3881410828,0.2783455376,0.3916767389,0.272811026,0.04263108784,true,0.1,0.05,true,true,true,0,0,0.2881410828,0.2283455376
3,0.1,2.825,6,0.324,0.705,II,full-pool,-0.65,-0.65,1,-1,0.5561500722,0.2185285426,0.3873393074,0.2780750361,0.3996944929,0.2741062238,0.04259824953,true,0.1,0.05,true,true,true,0,0,0.2873393074,0.2280750361
3,0.1,2.825,6,0.324,0.705,II,full-pool,-0.6,-0.6,1,-1,0.5555953737,0.2174922292,0.3865438014,0.2777976868,0.4076495528,0.2755608102,0.04255482788,true,0.1,0.05,true,true,true,0,0,0.2865438014,0.2277976868
3,0.1,2.825,6,0.324,0.705,II,full-pool,-0.55,-0.55,1,-1,0.5550266328,0.2164815025,0.3857540677,0.2775133164,0.4155468906,0.277167145,0.04249939297,true,0.1,0.05,true,true,true,0,0,0.2857540677,0.2275133164
3,0.1,2.825,6,0.324,0.705,II,full-pool,-0.5,-0.5,1,-1,0.5544434942,0.2154957307,0.3849696125,0.2772217471,0.4233914424,0.2789183398,0.04243052373,true,0.1,0.05,true,true,true,0,0,0.2849696125,0.2272217471
3,0.1,2.825,6,0.324,0.705,II,full-pool,-0.45,-0.45,1,-1,0.5538455934,0.2145342977,0.3841899456,0.2769227967,0.4311881114,0.2808081648,0.04234680664,true,0.1,0.05,true,true,true,0,0,0.2841899456,0.2269227967
3,0.1,2.825,6,0.324,0.705,II,full-pool,-0.4,-0.4,1,-1,0.5532325567,0.2135966026,0.3834145796,0.2766162783,0.4389417708,0.2828309681,0.04224683532,true,0.1,0.05,true,true,true,0,0,0.2834145796,0.2266162783
3,0.1,2.825,6,0.324,0.705,II,full-pool,-0.35,-0.35,1,-1,0.5526040008,0.2126820592,0.38264303,0.2763020004,0.4466572667,0.2849816059,0.04212921075,true,0.1,0.05,true,true,true,0,0,0.28264303,0.2263020004
3,0.1,2.825,6,0.324,0.705,II,full-pool,-0.3,-0.3,1,-1,0.551959533,0.211790096,0.3818748145,0.2759797665,0.4543394218,0.2872553821,0.04199254211,true,0.1,0.05,true,true,true,0,0,0.2818748145,0.2259797665
3,0.1,2.825,6,0.324,0.705,II,full-pool,-0.25,-0.25,1,-1,0.5512987504,0.2109201555,0.381109453,0.2756493752,0.4619930374,0.2896479953,0.04183544812,true,0.1,0.05,true,true,true,0,0,0.281109453,0.2256493752
3,0.1,2.825,6,0.324,0.705,II,full-pool,-0.2,-0.2,1,-1,0.5506212401,0.2100716939,0.380346467,0.27531062,0.4696228975,0.2921554927,0.04165655883,true,0.1,0.05,true,true,true,0,0,0.280346467,0.22531062
3,0.1,2.825,6,0.324,0.705,II,full-pool,-0.15,-0.15,1,-1,0.5499265784,0.2092441808,0.3795853796,0.2749632892,0.4772337709,0.2947742297,0.04145451783,true,0.1,0.05,true,true,true,0,0,0.2795853796,0.2249632892
3,0.1,2.825,6,0.324,0.705,II,full-pool,-0.1,-0.1,1,-1,0.5492143313,0.2084370991,0.3788257152,0.2746071657,0.4848304147,0.2975008337,0.04122798476,true,0.1,0.05,true,true,true,0,0,0.2788257152,0.2246071657
3,0.1,2.825,6,0.324,0.705,II,full-pool,-0.05,-0.05,1,-1,0.5484840536,0.2076499444,0.378066999,0.2742420268,0.492417577,0.3003321734,0.04097563812,true,0.1,0.05,true,true,true,0,0,0.278066999,0.2242420268
3,0.1,2.825,6,0.324,0.705,II,full-pool,0,0,1,-1,0.5477352889,0.2068822245,0.3773087567,0.2738676444,0.5,0.3032653299,0.04069617827,true,0.1,0.05,true,true,true,0,0,0.2773087567,0.2238676444
3,0.1,2.825,6,0.324,0.705,II,full-pool,0.05,0.05,1,-1,0.546967569,0.2061334598,0.3765505144,0.2734837845,0.507582423,0.3062975727,0.04038833066,true,0.1,0.05,true,true,true,0,0,0.2765505144,0.2234837845
3,0.1,2.825,6,0.324,0.705,II,full-pool,0.1,0.1,1,-1,0.5461804143,0.2054031821,0.3757917982,0.2730902071,0.5151695853,0.3094263374,0.04005084914,true,0.1,0.05,true,true,true,0,0,0.2757917982,0.2230902071
3,0.1,2.825,6,0.324,0.705,II,full-pool,0.15,0.15,1,-1,0.5453733326,0.204690935,0.3750321338,0.2726866663,0.5227662291,0.3126492057,0.03968251936,true,0.1,0.05,true,true,true,0,0,0.2750321338,0.2226866663
3,0.1,2.825,6,0.324,0.705,II,full-pool,0.2,0.2,1,-1,0.5445458196,0.2039962734,0.3742710465,0.2722729098,0.5303771025,0.3159638882,0.03928216225,true,0.1,0.05,true,true,true,0,0,0.2742710465,0.2222729098
3,0.1,2.825,6,0.324,0.705,II,full-pool,0.25,0.25,1,-1,0.5436973579,0.203318763,0.3735080605,0.271848679,0.5380069626,0.3193682083,0.03884863748,true,0.1,0.05,true,true,true,0,0,0.2735080605,0.221848679
3,0.1,2.825,6,0.324,0.705,II,full-pool,0.3,0.3,1,-1,0.5428274174,0.2026579804,0.3727426989,0.2714137087,0.5456605782,0.3228600882,0.03838084684,true,0.1,0.05,true,true,true,0,0,0.2727426989,0.2214137087
3,0.1,2.825,6,0.324,0.705,II,full-pool,0.3160583496,0.3160583496,1,-1,0.5425433754,0.2024492397,0.3724963075,0.2712716877,0.5481244917,0.3239998121,0.03822316403,true,0.1,0.05,true,true,true,0,0,0.2724963075,0.2212716877
3,0.1,2.85,6,0.327,0.705,II,full-minimal,-inf,-0.7217851587,1,-1,0.5569225946,0.2200624192,0.3884925069,0.2784612973,0.388162498,0.2722986811,0.04264245087,true,0.1,0.05,true,true,true,0,0,0.2884925069,0.2284612973
3,0.1,2.85,6,0.327,0.705,II,full-pool,-0.7,-0.7,1,-1,0.5566910753,0.2195910904,0.3881410828,0.2783455376,0.3916767389,0.272811026,0.04263108784,true,0.1,0.05,true,true,true,0,0,0.2881410828,0.2283455376
3,0.1,2.85,6,0.327,0.705,II,full-pool,-0.65,-0.65,1,-1,0.5561500722,0.2185285426,0.3873393074,0.2780750361,0.3996944929,0.2741062238,0.04259824953,true,0.1,0.05,true,true,true,0,0,0.2873393074,0.2280750361
3,0.1,2.85,6,0.327,0.705,II,full-pool,-0.6,-0.6,1,-1,0.5555953737,0.2174922292,0.3865438014,0.2777976868,0.4076495528,0.2755608102,0.04255482788,true,0.1,0.05,true,true,true,0,0,0.2865438014,0.2277976868
3,0.1,2.85,6,0.327,0.705,II,full-pool,-0.55,-0.55,1,-1,0.5550266328,0.2164815025,0.3857540677,0.2775133164,0.4155468906,0.277167145,0.04249939297,true,0.1,0.05,true,true,true,0,0,0.2857540677,0.2275133164
3,0.1,2.85,6,0.327,0.705,II,full-pool,-0.5,-0.5,1,-1,0.5544434942,0.2154957307,0.3849696125,0.2772217471,0.4233914424,0.2789183398,0.04243052373,true,0.1,0.05,true,true,true,0,0,0.2849696125,0.2272217471
3,0.1,2.85,6,0.327,0.705,II,full-pool,-0.45,-0.45,1,-1,0.5538455934,0.2145342977,0.3841899456,0.2769227967,0.4311881114,0.2808081648,0.04234680664,true,0.1,0.05,true,true,true,0,0,0.2841899456,0.2269227967
3,0.1,2.85,6,0.327,0.705,II,full-pool,-0.4,-0.4,1,-1,0.5532325567,0.2135966026,0.3834145796,0.2766162783,0.4389417708,0.2828309681,0.04224683532,true,0.1,0.05,true,true,true,0,0,0.2834145796,0.2266162783
3,0.1,2.85,6,0.327,0.705,II,full-pool,-0.35,-0.35,1,-1,0.5526040008,0.2126820592,0.38264303,0.2763020004,0.4466572667,0.2849816059,0.04212921075,true,0.1,0.05,true,true,true,0,0,0.28264303,0.2263020004
3,0.1,2.85,6,0.327,0.705,II,full-pool,-0.3,-0.3,1,-1,0.551959533,0.211790096,0.3818748145,0.2759797665,0.4543394218,0.2872553821,0.04199254211,true,0.1,0.05,true,true,true,0,0,0.2818748145,0.2259797665
3,0.1,2.85,6,0.327,0.705,II,full-pool,-0.25,-0.25,1,-1,0.5512987504,0.2109201555,0.381109453,0.2756493752,0.4619930374,0.2896479953,0.04183544812,true,0.1,0.05,true,true,true,0,0,0.281109453,0.2256493752
3,0.1,2.85,6,0.327,0.705,II,full-pool,-0.2,-0.2,1,-1,0.5506212401,0.2100716939,0.380346467,0.27531062,0.4696228975,0.2921554927,0.04165655883,true,0.1,0.05,true,true,true,0,0,0.280346467,0.22531062
3,0.1,2.85,6,0.327,0.705,II,full-pool,-0.15,-0.15,1,-1,0.5499265784,0.2092441808,0.3795853796,0.2749632892,0.4772337709,0.2947742297,0.04145451783,true,0.1,0.05,true,true,true,0,0,0.2795853796,0.2249632892
3,0.1,2.85,6,0.327,0.705,II,full-pool,-0.1,-0.1,1,-1,0.5492143313,0.2084370991,0.3788257152,0.2746071657,0.4848304147,0.2975008337,0.04122798476,true,0.1,0.05,true,true,true,0,0,0.2788257152,0.2246071657
3,0.1,2.85,6,0.327,0.705,II,full-pool,-0.05,-0.05,1,-1,0.5484840536,0.2076499444,0.378066999,0.2742420268,0.492417577,0.3003321734,0.04097563812,true,0.1,0.05,true,true,true,0,0,0.278066999,0.2242420268
3,0.1,2.85,6,0.327,0.705,II,full-pool,0,0,1,-1,0.5477352889,0.2068822245,0.3773087567,0.2738676444,0.5,0.3032653299,0.04069617827,true,0.1,0.05,true,true,true,0,0,0.2773087567,0.2238676444
3,0.1,2.85,6,0.327,0.705,II,full-pool,0.05,0.05,1,-1,0.546967569,0.2061334598,0.3765505144,0.2734837845,0.507582423,0.3062975727,0.04038833066,true,0.1,0.05,true,true,true,0,0,0.2765505144,0.2234837845
3,0.1,2.85,6,0.327,0.705,II,full-pool,0.1,0.1,1,-1,0.5461804143,0.2054031821,0.3757917982,0.2730902071,0.5151695853,0.3094263374,0.04005084914,true,0.1,0.05,true,true,true,0,0,0.2757917982,0.2230902071
3,0.1,2.85,6,0.327,0.705,II,full-pool,0.15,0.15,1,-1,0.5453733326,0.204690935,0.3750321338,0.2726866663,0.5227662291,0.3126492057,0.03968251936,true,0.1,0.05,true,true,true,0,0,0.2750321338,0.2226866663
3,0.1,2.85,6,0.327,0.705,II,full-pool,0.2,0.2,1,-1,0.5445458196,0.2039962734,0.3742710465,0.2722729098,0.5303771025,0.3159638882,0.03928216225,true,0.1,0.05,true,true,true,0,0,0.2742710465,0.2222729098
3,0.1,2.85,6,0.327,0.705,II,full-pool,0.25,0.25,1,-1,0.5436973579,0.203318763,0.3735080605,0.271848679,0.5380069626,0.3193682083,0.03884863748,true,0.1,0.05,true,true,true,0,0,0.2735080605,0.221848679
3,0.1,2.85,6,0.327,0.705,II,full-pool,0.3,0.3,1,-1,0.5428274174,0.2026579804,0.3727426989,0.2714137087,0.5456605782,0.3228600882,0.03838084684,true,0.1,0.05,true,true,true,0,0,0.2727426989,0.2214137087
3,0.1,2.85,6,0.327,0.705,II,full-pool,0.35,0.35,1,-1,0.5419354542,0.2020135126,0.3719744834,0.2709677271,0.5533427333,0.326437536,0.03787773764,true,0.1,0.05,true,true,true,0,0,0.2719744834,0.2209677271
3,0.1,2.85,6,0.327,0.705,II,full-pool,0.3577545166,0.3577545166,1,-1,0.541795111,0.2019149972,0.3718550541,0.2708975555,0.5545370262,0.3269999037,0.03779648144,true,0.1,0.05,true,true,true,0,0,0.2718550541,0.2208975555
3,0.1,2.875,6,0.33,0.705,II,full-minimal,-inf,-0.7081850579,1,-1,0.5567783569,0.2197675749,0.3882729659,0.2783891785,0.390357908,0.2726147528,0.04263555425,true,0.1,0.05,true,true,true,0,0,0.2882729659,0.2283891785
3,0.1,2.875,6,0.33,0.705,II,full-pool,-0.7,-0.7,1,-1,0.5566910753,0.2195910904,0.3881410828,0.2783455376,0.3916767389,0.272811026,0.04263108784,true,0.1,0.05,true,true,true,0,0,0.2881410828,0.2283455376
3,0.1,2.875,6,0.33,0.705,II,full-pool,-0.65,-0.65,1,-1,0.5561500722,0.2185285426,0.3873393074,0.2780750361,0.3996944929,0.2741062238,0.04259824953,true,0.1,0.05,true,true,true,0,0,0.2873393074,0.2280750361
3,0.1,2.875,6,0.33,0.705,II,full-pool,-0.6,-0.6,1,-1,0.5555953737,0.2174922292,0.3865438014,0.2777976868,0.4076495528,0.2755608102,0.04255482788,true,0.1,0.05,true,true,true,0,0,0.2865438014,0.2277976868
3,0.1,2.875,6,0.33,0.705,II,full-pool,-0.55,-0.55,1,-1,0.5550266328,0.2164815025,0.3857540677,0.2775133164,0.4155468906,0.277167145,0.04249939297,true,0.1,0.05,true,true,true,0,0,0.2857540677,0.2275133164
3,0.1,2.875,6,0.33,0.705,II,full-pool,-0.5,-0.5,1,-1,0.5544434942,0.2154957307,0.3849696125,0.2772217471,0.4233914424,0.2789183398,0.04243052373,true,0.1,0.05,true,true,true,0,0,0.2849696125,0.2272217471
3,0.1,2.875,6,0.33,0.705,II,full-pool,-0.45,-0.45,1,-1,0.5538455934,0.2145342977,0.3841899456,0.2769227967,0.4311881114,0.2808081648,0.04234680664,true,0.1,0.05,true,true,true,0,0,0.2841899456,0.2269227967
3,0.1,2.875,6,0.33,0.705,II,full-pool,-0.4,-0.4,1,-1,0.5532325567,0.2135966026,0.3834145796,0.2766162783,0.4389417708,0.2828309681,0.04224683532,true,0.1,0.05,true,true,true,0,0,0.2834145796,0.2266162783
3,0.1,2.875,6,0.33,0.705,II,full-pool,-0.35,-0.35,1,-1,0.5526040008,0.2126820592,0.38264303,0.2763020004,0.4466572667,0.2849816059,0.04212921075,true,0.1,0.05,true,true,true,0,0,0.28264303,0.2263020004
3,0.1,2.875,6,0.33,0.705,II,full-pool,-0.3,-0.3,1,-1,0.551959533,0.211790096,0.3818748145,0.2759797665,0.4543394218,0.2872553821,0.04199254211,true,0.1,0.05,true,true,true,0,0,0.2818748145,0.2259797665
3,0.1,2.875,6,0.33,0.705,II,full-pool,-0.25,-0.25,1,-1,0.5512987504,0.2109201555,0.381109453,0.2756493752,0.4619930374,0.2896479953,0.04183544812,true,0.1,0.05,true,true,true,0,0,0.281109453,0.2256493752
3,0.1,2.875,6,0.33,0.705,II,full-pool,-0.2,-0.2,1,-1,0.5506212401,0.2100716939,0.380346467,0.27531062,0.4696228975,0.2921554927,0.04165655883,true,0.1,0.05,true,true,true,0,0,0.280346467,0.22531062
3,0.1,2.875,6,0.33,0.705,II,full-pool,-0.15,-0.15,1,-1,0.5499265784,0.2092441808,0.3795853796,0.2749632892,0.4772337709,0.2947742297,0.04145451783,true,0.1,0.05,true,true,true,0,0,0.2795853796,0.2249632892
3,0.1,2.875,6,0.33,0.705,II,full-pool,-0.1,-0.1,1,-1,0.5492143313,0.2084370991,0.3788257152,0.2746071657,0.4848304147,0.2975008337,0.04122798476,true,0.1,0.05,true,true,true,0,0,0.2788257152,0.2246071657
3,0.1,2.875,6,0.33,0.705,II,full-pool,-0.05,-0.05,1,-1,0.5484840536,0.2076499444,0.378066999,0.2742420268,0.492417577,0.3003321734,0.04097563812,true,0.1,0.05,true,true,true,0,0,0.278066999,0.2242420268
3,0.1,2.875,6,0.33,0.705,II,full-pool,0,0,1,-1,0.5477352889,0.2068822245,0.3773087567,0.2738676444,0.5,0.3032653299,0.04069617827,true,0.1,0.05,true,true,true,0,0,0.2773087567,0.2238676444
3,0.1,2.875,6,0.33,0.705,II,full-pool,0.05,0.05,1,-1,0.546967569,0.2061334598,0.3765505144,0.2734837845,0.507582423,0.3062975727,0.04038833066,true,0.1,0.05,true,true,true,0,0,0.2765505144,0.2234837845
3,0.1,2.875,6,0.33,0.705,II,full-pool,0.1,0.1,1,-1,0.5461804143,0.2054031821,0.3757917982,0.2730902071,0.5151695853,0.3094263374,0.04005084914,true,0.1,0.05,true,true,true,0,0,0.2757917982,0.2230902071
3,0.1,2.875,6,0.33,0.705,II,full-pool,0.15,0.15,1,-1,0.5453733326,0.204690935,0.3750321338,0.2726866663,0.5227662291,0.3126492057,0.03968251936,true,0.1,0.05,true,true,true,0,0,0.2750321338,0.2226866663
3,0.1,2.875,6,0.33,0.705,II,full-pool,0.2,0.2,1,-1,0.5445458196,0.2039962734,0.3742710465,0.2722729098,0.5303771025,0.3159638882,0.03928216225,true,0.1,0.05,true,true,true,0,0,0.2742710465,0.2222729098
3,0.1,2.875,6,0.33,0.705,II,full-pool,0.25,0.25,1,-1,0.5436973579,0.203318763,0.3735080605,0.271848679,0.5380069626,0.3193682083,0.03884863748,true,0.1,0.05,true,true,true,0,0,0.2735080605,0.221848679
3,0.1,2.875,6,0.33,0.705,II,full-pool,0.3,0.3,1,-1,0.5428274174,0.2026579804,0.3727426989,0.2714137087,0.5456605782,0.3228600882,0.03838084684,true,0.1,0.05,true,true,true,0,0,0.2727426989,0.2214137087
3,0.1,2.875,6,0.33,0.705,II,full-pool,0.35,0.35,1,-1,0.5419354542,0.2020135126,0.3719744834,0.2709677271,0.5533427333,0.326437536,0.03787773764,true,0.1,0.05,true,true,true,0,0,0.2719744834,0.2209677271
3,0.1,2.875,6,0.33,0.705,II,full-pool,0.3986663818,0.3986663818,1,-1,0.5410456018,0.2014015187,0.3712235602,0.2705228009,0.5608519648,0.3299999142,0.03735317357,true,0.1,0.05,true,true,true,0,0,0.2712235602,0.2205228009
3,0.1,2.9,6,0.333,0.705,II,full-minimal,-inf,-0.6946475559,1,-1,0.5566338058,0.2194760721,0.3880549389,0.2783169029,0.3925381777,0.2729418089,0.04262803502,true,0.1,0.05,true,true,true,0,0,0.2880549389,0.2283169029
3,0.1,2.9,6,0.333,0.705,II,full-pool,-0.65,-0.65,1,-1,0.5561500722,0.2185285426,0.3873393074,0.2780750361,0.3996944929,0.2741062238,0.04259824953,true,0.1,0.05,true,true,true,0,0,0.2873393074,0.2280750361
3,0.1,2.9,6,0.333,0.705,II,full-pool,-0.6,-0.6,1,-1,0.5555953737,0.2174922292,0.3865438014,0.2777976868,0.4076495528,0.2755608102,0.04255482788,true,0.1,0.05,true,true,true,0,0,0.2865438014,0.2277976868
3,0.1,2.9,6,0.333,0.705,II,full-pool,-0.55,-0.55,1,-1,0.5550266328,0.2164815025,0.3857540677,0.2775133164,0.4155468906,0.277167145,0.04249939297,true,0.1,0.05,true,true,true,0,0,0.2857540677,0.2275133164
3,0.1,2.9,6,0.333,0.705,II,full-pool,-0.5,-0.5,1,-1,0.5544434942,0.2154957307,0.3849696125,0.2772217471,0.4233914424,0.2789183398,0.04243052373,true,0.1,0.05,true,true,true,0,0,0.2849696125,0.2272217471
3,0.1,2.9,6,0.333,0.705,II,full-pool,-0.45,-0.45,1,-1,0.5538455934,0.2145342977,0.3841899456,0.2769227967,0.4311881114,0.2808081648,0.04234680664,true,0.1,0.05,true,true,true,0,0,0.2841899456,0.2269227967
3,0.1,2.9,6,0.333,0.705,II,full-pool,-0.4,-0.4,1,-1,0.5532325567,0.2135966026,0.3834145796,0.2766162783,0.4389417708,0.2828309681,0.04224683532,true,0.1,0.05,true,true,true,0,0,0.2834145796,0.2266162783
3,0.1,2.9,6,0.333,0.705,II,full-pool,-0.35,-0.35,1,-1,0.5526040008,0.2126820592,0.38264303,0.2763020004,0.4466572667,0.2849816059,0.04212921075,true,0.1,0.05,true,true,true,0,0,0.28264303,0.2263020004
3,0.1,2.9,6,0.333,0.705,II,full-pool,-0.3,-0.3,1,-1,0.551959533,0.211790096,0.3818748145,0.2759797665,0.4543394218,0.2872553821,0.04199254211,true,0.1,0.05,true,true,true,0,0,0.2818748145,0.2259797665
3,0.1,2.9,6,0.333,0.705,II,full-pool,-0.25,-0.25,1,-1,0.5512987504,0.2109201555,0.381109453,0.2756493752,0.4619930374,0.2896479953,0.04183544812,true,0.1,0.05,true,true,true,0,0,0.281109453,0.2256493752
3,0.1,2.9,6,0.333,0.705,II,full-pool,-0.2,-0.2,1,-1,0.5506212401,0.2100716939,0.380346467,0.27531062,0.4696228975,0.2921554927,0.04165655883,true,0.1,0.05,true,true,true,0,0,0.280346467,0.22531062
3,0.1,2.9,6,0.333,0.705,II,full-pool,-0.15,-0.15,1,-1,0.5499265784,0.2092441808,0.3795853796,0.2749632892,0.4772337709,0.2947742297,0.04145451783,true,0.1,0.05,true,true,true,0,0,0.2795853796,0.2249632892
3,0.1,2.9,6,0.333,0.705,II,full-pool,-0.1,-0.1,1,-1,0.5492143313,0.2084370991,0.3788257152,0.2746071657,0.4848304147,0.2975008337,0.04122798476,true,0.1,0.05,true,true,true,0,0,0.2788257152,0.2246071657
3,0.1,2.9,6,0.333,0.705,II,full-pool,-0.05,-0.05,1,-1,0.5484840536,0.2076499444,0.378066999,0.2742420268,0.492417577,0.3003321734,0.04097563812,true,0.1,0.05,true,true,true,0,0,0.278066999,0.2242420268
3,0.1,2.9,6,0.333,0.705,II,full-pool,0,0,1,-1,0.5477352889,0.2068822245,0.3773087567,0.2738676444,0.5,0.3032653299,0.04069617827,true,0.1,0.05,true,true,true,0,0,0.2773087567,0.2238676444
3,0.1,2.9,6,0.333,0.705,II,full-pool,0.05,0.05,1,-1,0.546967569,0.2061334598,0.3765505144,0.2734837845,0.507582423,0.3062975727,0.04038833066,true,0.1,0.05,true,true,true,0,0,0.2765505144,0.2234837845
3,0.1,2.9,6,0.333,0.705,II,full-pool,0.1,0.1,1,-1,0.5461804143,0.2054031821,0.3757917982,0.2730902071,0.5151695853,0.3094263374,0.04005084914,true,0.1,0.05,true,true,true,0,0,0.2757917982,0.2230902071
3,0.1,2.9,6,0.333,0.705,II,full-pool,0.15,0.15,1,-1,0.5453733326,0.204690935,0.3750321338,0.2726866663,0.5227662291,0.3126492057,0.03968251936,true,0.1,0.05,true,true,true,0,0,0.2750321338,0.2226866663
3,0.1,2.9,6,0.333,0.705,II,full-pool,0.2,0.2,1,-1,0.5445458196,0.2039962734,0.3742710465,0.2722729098,0.5303771025,0.3159638882,0.03928216225,true,0.1,0.05,true,true,true,0,0,0.2742710465,0.2222729098
3,0.1,2.9,6,0.333,0.705,II,full-pool,0.25,0.25,1,-1,0.5436973579,0.203318763,0.3735080605,0.271848679,0.5380069626,0.3193682083,0.03884863748,true,0.1,0.05,true,true,true,0,0,0.2735080605,0.221848679
3,0.1,2.9,6,0.333,0.705,II,full-pool,0.3,0.3,1,-1,0.5428274174,0.2026579804,0.3727426989,0.2714137087,0.5456605782,0.3228600882,0.03838084684,true,0.1,0.05,true,true,true,0,0,0.2727426989,0.2214137087
3,0.1,2.9,6,0.333,0.705,II,full-pool,0.35,0.35,1,-1,0.5419354542,0.2020135126,0.3719744834,0.2709677271,0.5533427333,0.326437536,0.03787773764,true,0.1,0.05,true,true,true,0,0,0.2719744834,0.2209677271
3,0.1,2.9,6,0.333,0.705,II,full-pool,0.4,0.4,1,-1,0.5410209108,0.2013849568,0.3712029338,0.2705104554,0.5610582292,0.3300986342,0.03733830593,true,0.1,0.05,true,true,true,0,0,0.2712029338,0.2205104554
3,0.1,2.9,6,0.333,0.705,II,full-pool,0.438848877,0.438848877,1,-1,0.5402943785,0.2009073162,0.3706008474,0.2701471893,0.5670790935,0.3329997857,0.03689349452,true,0.1,0.05,true,true,true,0,0,0.2706008474,0.2201471893
3,0.1,2.925,6,0.336,0.705,II,full-minimal,-inf,-0.6811709895,1,-1,0.5564889302,0.2191878346,0.3878383824,0.2782444651,0.3947037431,0.2732795424,0.04261987265,true,0.1,0.05,true,true,true,0,0,0.2878383824,0.2282444651
3,0.1,2.925,6,0.336,0.705,II,full-pool,-0.65,-0.65,1,-1,0.5561500722,0.2185285426,0.3873393074,0.2780750361,0.3996944929,0.2741062238,0.04259824953,true,0.1,0.05,true,true,true,0,0,0.2873393074,0.2280750361
3,0.1,2.925,6,0.336,0.705,II,full-pool,-0.6,-0.6,1,-1,0.5555953737,0.2174922292,0.3865438014,0.2777976868,0.4076495528,0.2755608102,0.04255482788,true,0.1,0.05,true,true,true,0,0,0.2865438014,0.2277976868
3,0.1,2.925,6,0.336,0.705,II,full-pool,-0.55,-0.55,1,-1,0.5550266328,0.2164815025,0.3857540677,0.2775133164,0.4155468906,0.277167145,0.04249939297,true,0.1,0.05,true,true,true,0,0,0.2857540677,0.2275133164
3,0.1,2.925,6,0.336,0.705,II,full-pool,-0.5,-0.5,1,-1,0.5544434942,0.2154957307,0.3849696125,0.2772217471,0.4233914424,0.2789183398,0.04243052373,true,0.1,0.05,true,true,true,0,0,0.2849696125,0.2272217471
3,0.1,2.925,6,0.336,0.705,II,full-pool,-0.45,-0.45,1,-1,0.5538455934,0.2145342977,0.3841899456,0.2769227967,0.4311881114,0.2808081648,0.04234680664,true,0.1,0.05,true,true,true,0,0,0.2841899456,0.2269227967
3,0.1,2.925,6,0.336,0.705,II,full-pool,-0.4,-0.4,1,-1,0.5532325567,0.2135966026,0.3834145796,0.2766162783,0.4389417708,0.2828309681,0.04224683532,true,0.1,0.05,true,true,true,0,0,0.2834145796,0.2266162783
3,0.1,2.925,6,0.336,0.705,II,full-pool,-0.35,-0.35,1,-1,0.5526040008,0.2126820592,0.38264303,0.2763020004,0.4466572667,0.2849816059,0.04212921075,true,0.1,0.05,true,true,true,0,0,0.28264303,0.2263020004
3,0.1,2.925,6,0.336,0.705,II,full-pool,-0.3,-0.3,1,-1,0.551959533,0.211790096,0.3818748145,0.2759797665,0.4543394218,0.2872553821,0.04199254211,true,0.1,0.05,true,true,true,0,0,0.2818748145,0.2259797665
3,0.1,2.925,6,0.336,0.705,II,full-pool,-0.25,-0.25,1,-1,0.5512987504,0.2109201555,0.381109453,0.2756493752,0.4619930374,0.2896479953,0.04183544812,true,0.1,0.05,true,true,true,0,0,0.281109453,0.2256493752
3,0.1,2.925,6,0.336,0.705,II,full-pool,-0.2,-0.2,1,-1,0.5506212401,0.2100716939,0.380346467,0.27531062,0.4696228975,0.2921554927,0.04165655883,true,0.1,0.05,true,true,true,0,0,0.280346467,0.22531062
3,0.1,2.925,6,0.336,0.705,II,full-pool,-0.15,-0.15,1,-1,0.5499265784,0.2092441808,0.3795853796,0.2749632892,0.4772337709,0.2947742297,0.04145451783,true,0.1,0.05,true,true,true,0,0,0.2795853796,0.2249632892
3,0.1,2.925,6,0.336,0.705,II,full-pool,-0.1,-0.1,1,-1,0.5492143313,0.2084370991,0.3788257152,0.2746071657,0.4848304147,0.2975008337,0.04122798476,true,0.1,0.05,true,true,true,0,0,0.2788257152,0.2246071657
3,0.1,2.925,6,0.336,0.705,II,full-pool,-0.05,-0.05,1,-1,0.5484840536,0.2076499444,0.378066999,0.2742420268,0.492417577,0.3003321734,0.04097563812,true,0.1,0.05,true,true,true,0,0,0.278066999,0.2242420268
3,0.1,2.925,6,0.336,0.705,II,full-pool,0,0,1,-1,0.5477352889,0.2068822245,0.3773087567,0.2738676444,0.5,0.3032653299,0.04069617827,true,0.1,0.05,true,true,true,0,0,0.2773087567,0.2238676444
3,0.1,2.925,6,0.336,0.705,II,full-pool,0.05,0.05,1,-1,0.546967569,0.2061334598,0.3765505144,0.2734837845,0.507582423,0.3062975727,0.04038833066,true,0.1,0.05,true,true,true,0,0,0.2765505144,0.2234837845
3,0.1,2.925,6,0.336,0.705,II,full-pool,0.1,0.1,1,-1,0.5461804143,0.2054031821,0.3757917982,0.2730902071,0.5151695853,0.3094263374,0.04005084914,true,0.1,0.05,true,true,true,0,0,0.2757917982,0.2230902071
3,0.1,2.925,6,0.336,0.705,II,full-pool,0.15,0.15,1,-1,0.5453733326,0.204690935,0.3750321338,0.2726866663,0.5227662291,0.3126492057,0.03968251936,true,0.1,0.05,true,true,true,0,0,0.2750321338,0.2226866663
3,0.1,2.925,6,0.336,0.705,II,full-pool,0.2,0.2,1,-1,0.5445458196,0.2039962734,0.3742710465,0.2722729098,0.5303771025,0.3159638882,0.03928216225,true,0.1,0.05,true,true,true,0,0,0.2742710465,0.2222729098
3,0.1,2.925,6,0.336,0.705,II,full-pool,0.25,0.25,1,-1,0.5436973579,0.203318763,0.3735080605,0.271848679,0.5380069626,0.3193682083,0.03884863748,true,0.1,0.05,true,true,true,0,0,0.2735080605,0.221848679
3,0.1,2.925,6,0.336,0.705,II,full-pool,0.3,0.3,1,-1,0.5428274174,0.2026579804,0.3727426989,0.2714137087,0.5456605782,0.3228600882,0.03838084684,true,0.1,0.05,true,true,true,0,0,0.2727426989,0.2214137087
3,0.1,2.925,6,0.336,0.705,II,full-pool,0.35,0.35,1,-1,0.5419354542,0.2020135126,0.3719744834,0.2709677271,0.5533427333,0.326437536,0.03787773764,true,0.1,0.05,true,true,true,0,0,0.2719744834,0.2209677271
3,0.1,2.925,6,0.336,0.705,II,full-pool,0.4,0.4,1,-1,0.5410209108,0.2013849568,0.3712029338,0.2705104554,0.5610582292,0.3300986342,0.03733830593,true,0.1,0.05,true,true,true,0,0,0.2712029338,0.2205104554
3,0.1,2.925,6,0.336,0.705,II,full-pool,0.45,0.45,1,-1,0.5400832157,0.20077192,0.3704275679,0.2700416079,0.5688118886,0.3338415294,0.03676159958,true,0.1,0.05,true,true,true,0,0,0.2704275679,0.2200416079
3,0.1,2.925,6,0.336,0.705,II,full-pool,0.4783569336,0.4783569336,1,-1,0.5395409018,0.2004309936,0.3699859477,0.2697704509,0.57322809,0.3359999339,0.03641761899,true,0.1,0.05,true,true,true,0,0,0.2699859477,0.2197704509
3,0.1,2.95,6,0.339,0.705,II,full-minimal,-inf,-0.6677537325,1,-1,0.5563437191,0.2189027886,0.3876232539,0.2781718596,0.3968550284,0.273627662,0.0426110471,true,0.1,0.05,true,true,true,0,0,0.2876232539,0.2281718596
3,0.1,2.95,6,0.339,0.705,II,full-pool,-0.65,-0.65,1,-1,0.5561500722,0.2185285426,0.3873393074,0.2780750361,0.3996944929,0.2741062238,0.04259824953,true,0.1,0.05,true,true,true,0,0,0.2873393074,0.2280750361
3,0.1,2.95,6,0.339,0.705,II,full-pool,-0.6,-0.6,1,-1,0.5555953737,0.2174922292,0.3865438014,0.2777976868,0.4076495528,0.2755608102,0.04255482788,true,0.1,0.05,true,true,true,0,0,0.2865438014,0.2277976868
3,0.1,2.95,6,0.339,0.705,II,full-pool,-0.55,-0.55,1,-1,0.5550266328,0.2164815025,0.3857540677,0.2775133164,0.4155468906,0.277167145,0.04249939297,true,0.1,0.05,true,true,true,0,0,0.2857540677,0.2275133164
3,0.1,2.95,6,0.339,0.705,II,full-pool,-0.5,-0.5,1,-1,0.5544434942,0.2154957307,0.3849696125,0.2772217471,0.4233914424,0.2789183398,0.04243052373,true,0.1,0.05,true,true,true,0,0,0.2849696125,0.2272217471
3,0.1,2.95,6,0.339,0.705,II,full-pool,-0.45,-0.45,1,-1,0.5538455934,0.2145342977,0.3841899456,0.2769227967,0.4311881114,0.2808081648,0.04234680664,true,0.1,0.05,true,true,true,0,0,0.2841899456,0.2269227967
3,0.1,2.95,6,0.339,0.705,II,full-pool,-0.4,-0.4,1,-1,0.5532325567,0.2135966026,0.3834145796,0.2766162783,0.4389417708,0.2828309681,0.04224683532,true,0.1,0.05,true,true,true,0,0,0.2834145796,0.2266162783
3,0.1,2.95,6,0.339,0.705,II,full-pool,-0.35,-0.35,1,-1,0.5526040008,0.2126820592,0.38264303,0.2763020004,0.4466572667,0.2849816059,0.04212921075,true,0.1,0.05,true,true,true,0,0,0.28264303,0.2263020004
3,0.1,2.95,6,0.339,0.705,II,full-pool,-0.3,-0.3,1,-1,0.551959533,0.211790096,0.3818748145,0.2759797665,0.4543394218,0.2872553821,0.04199254211,true,0.1,0.05,true,true,true,0,0,0.2818748145,0.2259797665
3,0.1,2.95,6,0.339,0.705,II,full-pool,-0.25,-0.25,1,-1,0.5512987504,0.2109201555,0.381109453,0.2756493752,0.4619930374,0.2896479953,0.04183544812,true,0.1,0.05,true,true,true,0,0,0.281109453,0.2256493752
3,0.1,2.95,6,0.339,0.705,II,full-pool,-0.2,-0.2,1,-1,0.5506212401,0.2100716939,0.380346467,0.27531062,0.4696228975,0.2921554927,0.04165655883,true,0.1,0.05,true,true,true,0,0,0.280346467,0.22531062
3,0.1,2.95,6,0.339,0.705,II,full-pool,-0.15,-0.15,1,-1,0.5499265784,0.2092441808,0.3795853796,0.2749632892,0.4772337709,0.2947742297,0.04145451783,true,0.1,0.05,true,true,true,0,0,0.2795853796,0.2249632892
3,0.1,2.95,6,0.339,0.705,II,full-pool,-0.1,-0.1,1,-1,0.5492143313,0.2084370991,0.3788257152,0.2746071657,0.4848304147,0.2975008337,0.04122798476,true,0.1,0.05,true,true,true,0,0,0.2788257152,0.2246071657
3,0.1,2.95,6,0.339,0.705,II,full-pool,-0.05,-0.05,1,-1,0.5484840536,0.2076499444,0.378066999,0.2742420268,0.492417577,0.3003321734,0.04097563812,true,0.1,0.05,true,true,true,0,0,0.278066999,0.2242420268
3,0.1,2.95,6,0.339,0.705,II,full-pool,0,0,1,-1,0.5477352889,0.2068822245,0.3773087567,0.2738676444,0.5,0.3032653299,0.04069617827,true,0.1,0.05,true,true,true,0,0,0.2773087567,0.2238676444
3,0.1,2.95,6,0.339,0.705,II,full-pool,0.05,0.05,1,-1,0.546967569,0.2061334598,0.3765505144,0.2734837845,0.507582423,0.3062975727,0.04038833066,true,0.1,0.05,true,true,true,0,0,0.2765505144,0.2234837845
3,0.1,2.95,6,0.339,0.705,II,full-pool,0.1,0.1,1,-1,0.5461804143,0.2054031821,0.3757917982,0.2730902071,0.5151695853,0.3094263374,0.04005084914,true,0.1,0.05,true,true,true,0,0,0.2757917982,0.2230902071
3,0.1,2.95,6,0.339,0.705,II,full-pool,0.15,0.15,1,-1,0.5453733326,0.204690935,0.3750321338,0.2726866663,0.5227662291,0.3126492057,0.03968251936,true,0.1,0.05,true,true,true,0,0,0.2750321338,0.2226866663
3,0.1,2.95,6,0.339,0.705,II,full-pool,0.2,0.2,1,-1,0.5445458196,0.2039962734,0.3742710465,0.2722729098,0.5303771025,0.3159638882,0.03928216225,true,0.1,0.05,true,true,true,0,0,0.2742710465,0.2222729098
3,0.1,2.95,6,0.339,0.705,II,full-pool,0.25,0.25,1,-1,0.5436973579,0.203318763,0.3735080605,0.271848679,0.5380069626,0.3193682083,0.03884863748,true,0.1,0.05,true,true,true,0,0,0.2735080605,0.221848679
3,0.1,2.95,6,0.339,0.705,II,full-pool,0.3,0.3,1,-1,0.5428274174,0.2026579804,0.3727426989,0.2714137087,0.5456605782,0.3228600882,0.03838084684,true,0.1,0.05,true,true,true,0,0,0.2727426989,0.2214137087
3,0.1,2.95,6,0.339,0.705,II,full-pool,0.35,0.35,1,-1,0.5419354542,0.2020135126,0.3719744834,0.2709677271,0.5533427333,0.326437536,0.03787773764,true,0.1,0.05,true,true,true,0,0,0.2719744834,0.2209677271
3,0.1,2.95,6,0.339,0.705,II,full-pool,0.4,0.4,1,-1,0.5410209108,0.2013849568,0.3712029338,0.2705104554,0.5610582292,0.3300986342,0.03733830593,true,0.1,0.05,true,true,true,0,0,0.2712029338,0.2205104554
3,0.1,2.95,6,0.339,0.705,II,full-pool,0.45,0.45,1,-1,0.5400832157,0.20077192,0.3704275679,0.2700416079,0.5688118886,0.3338415294,0.03676159958,true,0.1,0.05,true,true,true,0,0,0.2704275679,0.2200416079
3,0.1,2.95,6,0.339,0.705,II,full-pool,0.5,0.5,1,-1,0.5391217827,0.2001740192,0.369647901,0.2695608914,0.5766085576,0.3376644228,0.0361467213,true,0.1,0.05,true,true,true,0,0,0.269647901,0.2195608914
3,0.1,2.95,6,0.339,0.705,II,full-pool,0.5172271729,0.5172271729,1,-1,0.5387849206,0.1999714543,0.3693781875,0.2693924603,0.5793056924,0.338999787,0.0359258736,true,0.1,0.05,true,true,true,0,0,0.2693781875,0.2193924603
3,0.1,2.975,6,0.342,0.705,II,full-minimal,-inf,-0.6543941943,1,-1,0.5561981616,0.2186208624,0.387409512,0.2780990808,0.3989924469,0.2739858912,0.04260153882,true,0.1,0.05,true,true,true,0,0,0.287409512,0.2280990808
3,0.1,2.975,6,0.342,0.705,II,full-pool,-0.65,-0.65,1,-1,0.5561500722,0.2185285426,0.3873393074,0.2780750361,0.3996944929,0.2741062238,0.04259824953,true,0.1,0.05,true,true,true,0,0,0.2873393074,0.2280750361
3,0.1,2.975,6,0.342,0.705,II,full-pool,-0.6,-0.6,1,-1,0.5555953737,0.2174922292,0.3865438014,0.2777976868,0.4076495528,0.2755608102,0.04255482788,true,0.1,0.05,true,true,true,0,0,0.2865438014,0.2277976868
3,0.1,2.975,6,0.342,0.705,II,full-pool,-0.55,-0.55,1,-1,0.5550266328,0.2164815025,0.3857540677,0.2775133164,0.4155468906,0.277167145,0.04249939297,true,0.1,0.05,true,true,true,0,0,0.2857540677,0.2275133164
3,0.1,2.975,6,0.342,0.705,II,full-pool,-0.5,-0.5,1,-1,0.5544434942,0.2154957307,0.3849696125,0.2772217471,0.4233914424,0.2789183398,0.04243052373,true,0.1,0.05,true,true,true,0,0,0.2849696125,0.2272217471
3,0.1,2.975,6,0.342,0.705,II,full-pool,-0.45,-0.45,1,-1,0.5538455934,0.2145342977,0.3841899456,0.2769227967,0.4311881114,0.2808081648,0.04234680664,true,0.1,0.05,true,true,true,0,0,0.2841899456,0.2269227967
3,0.1,2.975,6,0.342,0.705,II,full-pool,-0.4,-0.4,1,-1,0.5532325567,0.2135966026,0.3834145796,0.2766162783,0.4389417708,0.2828309681,0.04224683532,true,0.1,0.05,true,true,true,0,0,0.2834145796,0.2266162783
3,0.1,2.975,6,0.342,0.705,II,full-pool,-0.35,-0.35,1,-1,0.5526040008,0.2126820592,0.38264303,0.2763020004,0.4466572667,0.2849816059,0.04212921075,true,0.1,0.05,true,true,true,0,0,0.28264303,0.2263020004
3,0.1,2.975,6,0.342,0.705,II,full-pool,-0.3,-0.3,1,-1,0.551959533,0.211790096,0.3818748145,0.2759797665,0.4543394218,0.2872553821,0.04199254211,true,0.1,0.05,true,true,true,0,0,0.2818748145,0.2259797665
3,0.1,2.975,6,0.342,0.705,II,full-pool,-0.25,-0.25,1,-1,0.5512987504,0.2109201555,0.381109453,0.2756493752,0.4619930374,0.2896479953,0.04183544812,true,0.1,0.05,true,true,true,0,0,0.281109453,0.2256493752
3,0.1,2.975,6,0.342,0.705,II,full-pool,-0.2,-0.2,1,-1,0.5506212401,0.2100716939,0.380346467,0.27531062,0.4696228975,0.2921554927,0.04165655883,true,0.1,0.05,true,true,true,0,0,0.280346467,0.22531062
3,0.1,2.975,6,0.342,0.705,II,full-pool,-0.15,-0.15,1,-1,0.5499265784,0.2092441808,0.3795853796,0.2749632892,0.4772337709,0.2947742297,0.04145451783,true,0.1,0.05,true,true,true,0,0,0.2795853796,0.2249632892
3,0.1,2.975,6,0.342,0.705,II,full-pool,-0.1,-0.1,1,-1,0.5492143313,0.2084370991,0.3788257152,0.2746071657,0.4848304147,0.2975008337,0.04122798476,true,0.1,0.05,true,true,true,0,0,0.2788257152,0.2246071657
3,0.1,2.975,6,0.342,0.705,II,full-pool,-0.05,-0.05,1,-1,0.5484840536,0.2076499444,0.378066999,0.2742420268,0.492417577,0.3003321734,0.04097563812,true,0.1,0.05,true,true,true,0,0,0.278066999,0.2242420268
3,0.1,2.975,6,0.342,0.705,II,full-pool,0,0,1,-1,0.5477352889,0.2068822245,0.3773087567,0.2738676444,0.5,0.3032653299,0.04069617827,true,0.1,0.05,true,true,true,0,0,0.2773087567,0.2238676444
3,0.1,2.975,6,0.342,0.705,II,full-pool,0.05,0.05,1,-1,0.546967569,0.2061334598,0.3765505144,0.2734837845,0.507582423,0.3062975727,0.04038833066,true,0.1,0.05,true,true,true,0,0,0.2765505144,0.2234837845
3,0.1,2.975,6,0.342,0.705,II,full-pool,0.1,0.1,1,-1,0.5461804143,0.2054031821,0.3757917982,0.2730902071,0.5151695853,0.3094263374,0.04005084914,true,0.1,0.05,true,true,true,0,0,0.2757917982,0.2230902071
3,0.1,2.975,6,0.342,0.705,II,full-pool,0.15,0.15,1,-1,0.5453733326,0.204690935,0.3750321338,0.2726866663,0.5227662291,0.3126492057,0.03968251936,true,0.1,0.05,true,true,true,0,0,0.2750321338,0.2226866663
3,0.1,2.975,6,0.342,0.705,II,full-pool,0.2,0.2,1,-1,0.5445458196,0.2039962734,0.3742710465,0.2722729098,0.5303771025,0.3159638882,0.03928216225,true,0.1,0.05,true,true,true,0,0,0.2742710465,0.2222729098
3,0.1,2.975,6,0.342,0.705,II,full-pool,0.25,0.25,1,-1,0.5436973579,0.203318763,0.3735080605,0.271848679,0.5380069626,0.3193682083,0.03884863748,true,0.1,0.05,true,true,true,0,0,0.2735080605,0.221848679
3,0.1,2.975,6,0.342,0.705,II,full-pool,0.3,0.3,1,-1,0.5428274174,0.2026579804,0.3727426989,0.2714137087,0.5456605782,0.3228600882,0.03838084684,true,0.1,0.05,true,true,true,0,0,0.2727426989,0.2214137087
3,0.1,2.975,6,0.342,0.705,II,full-pool,0.35,0.35,1,-1,0.5419354542,0.2020135126,0.3719744834,0.2709677271,0.5533427333,0.326437536,0.03787773764,true,0.1,0.05,true,true,true,0,0,0.2719744834,0.2209677271
3,0.1,2.975,6,0.342,0.705,II,full-pool,0.4,0.4,1,-1,0.5410209108,0.2013849568,0.3712029338,0.2705104554,0.5610582292,0.3300986342,0.03733830593,true,0.1,0.05,true,true,true,0,0,0.2712029338,0.2205104554
3,0.1,2.975,6,0.342,0.705,II,full-pool,0.45,0.45,1,-1,0.5400832157,0.20077192,0.3704275679,0.2700416079,0.5688118886,0.3338415294,0.03676159958,true,0.1,0.05,true,true,true,0,0,0.2704275679,0.2200416079
3,0.1,2.975,6,0.342,0.705,II,full-pool,0.5,0.5,1,-1,0.5391217827,0.2001740192,0.369647901,0.2695608914,0.5766085576,0.3376644228,0.0361467213,true,0.1,0.05,true,true,true,0,0,0.269647901,0.2195608914
3,0.1,2.975,6,0.342,0.705,II,full-pool,0.55,0.55,1,-1,0.5381360109,0.1995908806,0.3688634458,0.2690680055,0.5844531094,0.3415655618,0.03549283133,true,0.1,0.05,true,true,true,0,0,0.2688634458,0.2190680055
3,0.1,2.975,6,0.342,0.705,II,full-pool,0.5555053711,0.5555053711,1,-1,0.5380259563,0.1995275592,0.3687767577,0.2690129782,0.5853199897,0.3419998142,0.03541841486,true,0.1,0.05,true,true,true,0,0,0.2687767577,0.2190129782
3,0.1,3,6,0.345,0.705,II,full-minimal,-inf,-0.6410908186,1,-1,0.5560522466,0.2183419866,0.3871971166,0.2780261233,0.4011164012,0.2743539676,0.04259132863,true,0.1,0.05,true,true,true,0,0,0.2871971166,0.2280261233
3,0.1,3,6,0.345,0.705,II,full-pool,-0.6,-0.6,1,-1,0.5555953737,0.2174922292,0.3865438014,0.2777976868,0.4076495528,0.2755608102,0.04255482788,true,0.1,0.05,true,true,true,0,0,0.2865438014,0.2277976868
3,0.1,3,6,0.345,0.705,II,full-pool,-0.55,-0.55,1,-1,0.5550266328,0.2164815025,0.3857540677,0.2775133164,0.4155468906,0.277167145,0.04249939297,true,0.1,0.05,true,true,true,0,0,0.2857540677,0.2275133164
3,0.1,3,6,0.345,0.705,II,full-pool,-0.5,-0.5,1,-1,0.5544434942,0.2154957307,0.3849696125,0.2772217471,0.4233914424,0.2789183398,0.04243052373,true,0.1,0.05,true,true,true,0,0,0.2849696125,0.2272217471
3,0.1,3,6,0.345,0.705,II,full-pool,-0.45,-0.45,1,-1,0.5538455934,0.2145342977,0.3841899456,0.2769227967,0.4311881114,0.2808081648,0.04234680664,true,0.1,0.05,true,true,true,0,0,0.2841899456,0.2269227967
3,0.1,3,6,0.345,0.705,II,full-pool,-0.4,-0.4,1,-1,0.5532325567,0.2135966026,0.3834145796,0.2766162783,0.4389417708,0.2828309681,0.04224683532,true,0.1,0.05,true,true,true,0,0,0.2834145796,0.2266162783
3,0.1,3,6,0.345,0.705,II,full-pool,-0.35,-0.35,1,-1,0.5526040008,0.2126820592,0.38264303,0.2763020004,0.4466572667,0.2849816059,0.04212921075,true,0.1,0.05,true,true,true,0,0,0.28264303,0.2263020004
3,0.1,3,6,0.345,0.705,II,full-pool,-0.3,-0.3,1,-1,0.551959533,0.211790096,0.3818748145,0.2759797665,0.4543394218,0.2872553821,0.04199254211,true,0.1,0.05,true,true,true,0,0,0.2818748145,0.2259797665
3,0.1,3,6,0.345,0.705,II,full-pool,-0.25,-0.25,1,-1,0.5512987504,0.2109201555,0.381109453,0.2756493752,0.4619930374,0.2896479953,0.04183544812,true,0.1,0.05,true,true,true,0,0,0.281109453,0.2256493752
3,0.1,3,6,0.345,0.705,II,full-pool,-0.2,-0.2,1,-1,0.5506212401,0.2100716939,0.380346467,0.27531062,0.4696228975,0.2921554927,0.04165655883,true,0.1,0.05,true,true,true,0,0,0.280346467,0.22531062
3,0.1,3,6,0.345,0.705,II,full-pool,-0.15,-0.15,1,-1,0.5499265784,0.2092441808,0.3795853796,0.2749632892,0.4772337709,0.2947742297,0.04145451783,true,0.1,0.05,true,true,true,0,0,0.2795853796,0.2249632892
3,0.1,3,6,0.345,0.705,II,full-pool,-0.1,-0.1,1,-1,0.5492143313,0.2084370991,0.3788257152,0.2746071657,0.4848304147,0.2975008337,0.04122798476,true,0.1,0.05,true,true,true,0,0,0.2788257152,0.2246071657
3,0.1,3,6,0.345,0.705,II,full-pool,-0.05,-0.05,1,-1,0.5484840536,0.2076499444,0.378066999,0.2742420268,0.492417577,0.3003321734,0.04097563812,true,0.1,0.05,true,true,true,0,0,0.278066999,0.2242420268
3,0.1,3,6,0.345,0.705,II,full-pool,0,0,1,-1,0.5477352889,0.2068822245,0.3773087567,0.2738676444,0.5,0.3032653299,0.04069617827,true,0.1,0.05,true,true,true,0,0,0.2773087567,0.2238676444
3,0.1,3,6,0.345,0.705,II,full-pool,0.05,0.05,1,-1,0.546967569,0.2061334598,0.3765505144,0.2734837845,0.507582423,0.3062975727,0.04038833066,true,0.1,0.05,true,true,true,0,0,0.2765505144,0.2234837845
3,0.1,3,6,0.345,0.705,II,full-pool,0.1,0.1,1,-1,0.5461804143,0.2054031821,0.3757917982,0.2730902071,0.5151695853,0.3094263374,0.04005084914,true,0.1,0.05,true,true,true,0,0,0.2757917982,0.2230902071
3,0.1,3,6,0.345,0.705,II,full-pool,0.15,0.15,1,-1,0.5453733326,0.204690935,0.3750321338,0.2726866663,0.5227662291,0.3126492057,0.03968251936,true,0.1,0.05,true,true,true,0,0,0.2750321338,0.2226866663
3,0.1,3,6,0.345,0.705,II,full-pool,0.2,0.2,1,-1,0.5445458196,0.2039962734,0.3742710465,0.2722729098,0.5303771025,0.3159638882,0.03928216225,true,0.1,0.05,true,true,true,0,0,0.2742710465,0.2222729098
3,0.1,3,6,0.345,0.705,II,full-pool,0.25,0.25,1,-1,0.5436973579,0.203318763,0.3735080605,0.271848679,0.5380069626,0.3193682083,0.03884863748,true,0.1,0.05,true,true,true,0,0,0.2735080605,0.221848679
3,0.1,3,6,0.345,0.705,II,full-pool,0.3,0.3,1,-1,0.5428274174,0.2026579804,0.3727426989,0.2714137087,0.5456605782,0.3228600882,0.03838084684,true,0.1,0.05,true,true,true,0,0,0.2727426989,0.2214137087
3,0.1,3,6,0.345,0.705,II,full-pool,0.35,0.35,1,-1,0.5419354542,0.2020135126,0.3719744834,0.2709677271,0.5533427333,0.326437536,0.03787773764,true,0.1,0.05,true,true,true,0,0,0.2719744834,0.2209677271
3,0.1,3,6,0.345,0.705,II,full-pool,0.4,0.4,1,-1,0.5410209108,0.2013849568,0.3712029338,0.2705104554,0.5610582292,0.3300986342,0.03733830593,true,0.1,0.05,true,true,true,0,0,0.2712029338,0.2205104554
3,0.1,3,6,0.345,0.705,II,full-pool,0.45,0.45,1,-1,0.5400832157,0.20077192,0.3704275679,0.2700416079,0.5688118886,0.3338415294,0.03676159958,true,0.1,0.05,true,true,true,0,0,0.2704275679,0.2200416079
3,0.1,3,6,0.345,0.705,II,full-pool,0.5,0.5,1,-1,0.5391217827,0.2001740192,0.369647901,0.2695608914,0.5766085576,0.3376644228,0.0361467213,true,0.1,0.05,true,true,true,0,0,0.269647901,0.2195608914
3,0.1,3,6,0.345,0.705,II,full-pool,0.55,0.55,1,-1,0.5381360109,0.1995908806,0.3688634458,0.2690680055,0.5844531094,0.3415655618,0.03549283133,true,0.1,0.05,true,true,true,0,0,0.2688634458,0.2190680055
3,0.1,3,6,0.345,0.705,II,full-pool,0.5932250977,0.5932250977,1,-1,0.5372637201,0.1990983728,0.3681810465,0.2686318601,0.5912771024,0.344999845,0.03489549978,true,0.1,0.05,true,true,true,0,0,0.2681810465,0.2186318601
3,0.1,3.025,6,0.348,0.705,II,full-minimal,-inf,-0.6278420822,1,-1,0.5559059631,0.2180660936,0.3869860283,0.2779529816,0.4032272837,0.2747316419,0.04258039778,true,0.1,0.05,true,true,true,0,0,0.2869860283,0.2279529816
3,0.1,3.025,6,0.348,0.705,II,full-pool,-0.6,-0.6,1,-1,0.5555953737,0.2174922292,0.3865438014,0.2777976868,0.4076495528,0.2755608102,0.04255482788,true,0.1,0.05,true,true,true,0,0,0.2865438014,0.2277976868
3,0.1,3.025,6,0.348,0.705,II,full-pool,-0.55,-0.55,1,-1,0.5550266328,0.2164815025,0.3857540677,0.2775133164,0.4155468906,0.277167145,0.04249939297,true,0.1,0.05,true,true,true,0,0,0.2857540677,0.2275133164
3,0.1,3.025,6,0.348,0.705,II,full-pool,-0.5,-0.5,1,-1,0.5544434942,0.2154957307,0.3849696125,0.2772217471,0.4233914424,0.2789183398,0.04243052373,true,0.1,0.05,true,true,true,0,0,0.2849696125,0.2272217471
3,0.1,3.025,6,0.348,0.705,II,full-pool,-0.45,-0.45,1,-1,0.5538455934,0.2145342977,0.3841899456,0.2769227967,0.4311881114,0.2808081648,0.04234680664,true,0.1,0.05,true,true,true,0,0,0.2841899456,0.2269227967
3,0.1,3.025,6,0.348,0.705,II,full-pool,-0.4,-0.4,1,-1,0.5532325567,0.2135966026,0.3834145796,0.2766162783,0.4389417708,0.2828309681,0.04224683532,true,0.1,0.05,true,true,true,0,0,0.2834145796,0.2266162783
3,0.1,3.025,6,0.348,0.705,II,full-pool,-0.35,-0.35,1,-1,0.5526040008,0.2126820592,0.38264303,0.2763020004,0.4466572667,0.2849816059,0.04212921075,true,0.1,0.05,true,true,true,0,0,0.28264303,0.2263020004
3,0.1,3.025,6,0.348,0.705,II,full-pool,-0.3,-0.3,1,-1,0.551959533,0.211790096,0.3818748145,0.2759797665,0.4543394218,0.2872553821,0.04199254211,true,0.1,0.05,true,true,true,0,0,0.2818748145,0.2259797665
3,0.1,3.025,6,0.348,0.705,II,full-pool,-0.25,-0.25,1,-1,0.5512987504,0.2109201555,0.381109453,0.2756493752,0.4619930374,0.2896479953,0.04183544812,true,0.1,0.05,true,true,true,0,0,0.281109453,0.2256493752
3,0.1,3.025,6,0.348,0.705,II,full-pool,-0.2,-0.2,1,-1,0.5506212401,0.2100716939,0.380346467,0.27531062,0.4696228975,0.2921554927,0.04165655883,true,0.1,0.05,true,true,true,0,0,0.280346467,0.22531062
3,0.1,3.025,6,0.348,0.705,II,full-pool,-0.15,-0.15,1,-1,0.5499265784,0.2092441808,0.3795853796,0.2749632892,0.4772337709,0.2947742297,0.04145451783,true,0.1,0.05,true,true,true,0,0,0.2795853796,0.2249632892
3,0.1,3.025,6,0.348,0.705,II,full-pool,-0.1,-0.1,1,-1,0.5492143313,0.2084370991,0.3788257152,0.2746071657,0.4848304147,0.2975008337,0.04122798476,true,0.1,0.05,true,true,true,0,0,0.2788257152,0.2246071657
3,0.1,3.025,6,0.348,0.705,II,full-pool,-0.05,-0.05,1,-1,0.5484840536,0.2076499444,0.378066999,0.2742420268,0.492417577,0.3003321734,0.04097563812,true,0.1,0.05,true,true,true,0,0,0.278066999,0.2242420268
3,0.1,3.025,6,0.348,0.705,II,full-pool,0,0,1,-1,0.5477352889,0.2068822245,0.3773087567,0.2738676444,0.5,0.3032653299,0.04069617827,true,0.1,0.05,true,true,true,0,0,0.2773087567,0.2238676444
3,0.1,3.025,6,0.348,0.705,II,full-pool,0.05,0.05,1,-1,0.546967569,0.2061334598,0.3765505144,0.2734837845,0.507582423,0.3062975727,0.04038833066,true,0.1,0.05,true,true,true,0,0,0.2765505144,0.2234837845
3,0.1,3.025,6,0.348,0.705,II,full-pool,0.1,0.1,1,-1,0.5461804143,0.2054031821,0.3757917982,0.2730902071,0.5151695853,0.3094263374,0.04005084914,true,0.1,0.05,true,true,true,0,0,0.2757917982,0.2230902071
3,0.1,3.025,6,0.348,0.705,II,full-pool,0.15,0.15,1,-1,0.5453733326,0.204690935,0.3750321338,0.2726866663,0.5227662291,0.3126492057,0.03968251936,true,0.1,0.05,true,true,true,0,0,0.2750321338,0.2226866663
3,0.1,3.025,6,0.348,0.705,II,full-pool,0.2,0.2,1,-1,0.5445458196,0.2039962734,0.3742710465,0.2722729098,0.5303771025,0.3159638882,0.03928216225,true,0.1,0.05,true,true,true,0,0,0.2742710465,0.2222729098
3,0.1,3.025,6,0.348,0.705,II,full-pool,0.25,0.25,1,-1,0.5436973579,0.203318763,0.3735080605,0.271848679,0.5380069626,0.3193682083,0.03884863748,true,0.1,0.05,true,true,true,0,0,0.2735080605,0.221848679
3,0.1,3.025,6,0.348,0.705,II,full-pool,0.3,0.3,1,-1,0.5428274174,0.2026579804,0.3727426989,0.2714137087,0.5456605782,0.3228600882,0.03838084684,true,0.1,0.05,true,true,true,0,0,0.2727426989,0.2214137087
3,0.1,3.025,6,0.348,0.705,II,full-pool,0.35,0.35,1,-1,0.5419354542,0.2020135126,0.3719744834,0.2709677271,0.5533427333,0.326437536,0.03787773764,true,0.1,0.05,true,true,true,0,0,0.2719744834,0.2209677271
3,0.1,3.025,6,0.348,0.705,II,full-pool,0.4,0.4,1,-1,0.5410209108,0.2013849568,0.3712029338,0.2705104554,0.5610582292,0.3300986342,0.03733830593,true,0.1,0.05,true,true,true,0,0,0.2712029338,0.2205104554
3,0.1,3.025,6,0.348,0.705,II,full-pool,0.45,0.45,1,-1,0.5400832157,0.20077192,0.3704275679,0.2700416079,0.5688118886,0.3338415294,0.03676159958,true,0.1,0.05,true,true,true,0,0,0.2704275679,0.2200416079
3,0.1,3.025,6,0.348,0.705,II,full-pool,0.5,0.5,1,-1,0.5391217827,0.2001740192,0.369647901,0.2695608914,0.5766085576,0.3376644228,0.0361467213,true,0.1,0.05,true,true,true,0,0,0.269647901,0.2195608914
3,0.1,3.025,6,0.348,0.705,II,full-pool,0.55,0.55,1,-1,0.5381360109,0.1995908806,0.3688634458,0.2690680055,0.5844531094,0.3415655618,0.03549283133,true,0.1,0.05,true,true,true,0,0,0.2688634458,0.2190680055
3,0.1,3.025,6,0.348,0.705,II,full-pool,0.6,0.6,1,-1,0.5371252842,0.1990221398,0.368073712,0.2685626421,0.5923504472,0.3455432324,0.03479915,true,0.1,0.05,true,true,true,0,0,0.268073712,0.2185626421
3,0.1,3.025,6,0.348,0.705,II,full-pool,0.6304199219,0.6304199219,1,-1,0.5364978818,0.1986830116,0.3675904467,0.2682489409,0.5971831004,0.347999969,0.03435733874,true,0.1,0.05,true,true,true,0,0,0.2675904467,0.2182489409
3,0.1,3.05,6,0.351,0.705,II,full-minimal,-inf,-0.6146464932,1,-1,0.5557593,0.217793118,0.386776209,0.27787965,0.4053254771,0.2751186774,0.04256872784,true,0.1,0.05,true,true,true,0,0,0.286776209,0.22787965
3,0.1,3.05,6,0.351,0.705,II,full-pool,-0.6,-0.6,1,-1,0.5555953737,0.2174922292,0.3865438014,0.2777976868,0.4076495528,0.2755608102,0.04255482788,true,0.1,0.05,true,true,true,0,0,0.2865438014,0.2277976868
3,0.1,3.05,6,0.351,0.705,II,full-pool,-0.55,-0.55,1,-1,0.5550266328,0.2164815025,0.3857540677,0.2775133164,0.4155468906,0.277167145,0.04249939297,true,0.1,0.05,true,true,true,0,0,0.2857540677,0.2275133164
3,0.1,3.05,6,0.351,0.705,II,full-pool,-0.5,-0.5,1,-1,0.5544434942,0.2154957307,0.3849696125,0.2772217471,0.4233914424,0.2789183398,0.04243052373,true,0.1,0.05,true,true,true,0,0,0.2849696125,0.2272217471
3,0.1,3.05,6,0.351,0.705,II,full-pool,-0.45,-0.45,1,-1,0.5538455934,0.2145342977,0.3841899456,0.2769227967,0.4311881114,0.2808081648,0.04234680664,true,0.1,0.05,true,true,true,0,0,0.2841899456,0.2269227967
3,0.1,3.05,6,0.351,0.705,II,full-pool,-0.4,-0.4,1,-1,0.5532325567,0.2135966026,0.3834145796,0.2766162783,0.4389417708,0.2828309681,0.04224683532,true,0.1,0.05,true,true,true,0,0,0.2834145796,0.2266162783
3,0.1,3.05,6,0.351,0.705,II,full-pool,-0.35,-0.35,1,-1,0.5526040008,0.2126820592,0.38264303,0.2763020004,0.4466572667,0.2849816059,0.04212921075,true,0.1,0.05,true,true,true,0,0,0.28264303,0.2263020004
3,0.1,3.05,6,0.351,0.705,II,full-pool,-0.3,-0.3,1,-1,0.551959533,0.211790096,0.3818748145,0.2759797665,0.4543394218,0.2872553821,0.04199254211,true,0.1,0.05,true,true,true,0,0,0.2818748145,0.2259797665
3,0.1,3.05,6,0.351,0.705,II,full-pool,-0.25,-0.25,1,-1,0.5512987504,0.2109201555,0.381109453,0.2756493752,0.4619930374,0.2896479953,0.04183544812,true,0.1,0.05,true,true,true,0,0,0.281109453,0.2256493752
3,0.1,3.05,6,0.351,0.705,II,full-pool,-0.2,-0.2,1,-1,0.5506212401,0.2100716939,0.380346467,0.27531062,0.4696228975,0.2921554927,0.04165655883,true,0.1,0.05,true,true,true,0,0,0.280346467,0.22531062
3,0.1,3.05,6,0.351,0.705,II,full-pool,-0.15,-0.15,1,-1,0.5499265784,0.2092441808,0.3795853796,0.2749632892,0.4772337709,0.2947742297,0.04145451783,true,0.1,0.05,true,true,true,0,0,0.2795853796,0.2249632892
3,0.1,3.05,6,0.351,0.705,II,full-pool,-0.1,-0.1,1,-1,0.5492143313,0.2084370991,0.3788257152,0.2746071657,0.4848304147,0.2975008337,0.04122798476,true,0.1,0.05,true,true,true,0,0,0.2788257152,0.2246071657
3,0.1,3.05,6,0.351,0.705,II,full-pool,-0.05,-0.05,1,-1,0.5484840536,0.2076499444,0.378066999,0.2742420268,0.492417577,0.3003321734,0.04097563812,true,0.1,0.05,true,true,true,0,0,0.278066999,0.2242420268
3,0.1,3.05,6,0.351,0.705,II,full-pool,0,0,1,-1,0.5477352889,0.2068822245,0.3773087567,0.2738676444,0.5,0.3032653299,0.04069617827,true,0.1,0.05,true,true,true,0,0,0.2773087567,0.2238676444
3,0.1,3.05,6,0.351,0.705,II,full-pool,0.05,0.05,1,-1,0.546967569,0.2061334598,0.3765505144,0.2734837845,0.507582423,0.3062975727,0.04038833066,true,0.1,0.05,true,true,true,0,0,0.2765505144,0.2234837845
3,0.1,3.05,6,0.351,0.705,II,full-pool,0.1,0.1,1,-1,0.5461804143,0.2054031821,0.3757917982,0.2730902071,0.5151695853,0.3094263374,0.04005084914,true,0.1,0.05,true,true,true,0,0,0.2757917982,0.2230902071
3,0.1,3.05,6,0.351,0.705,II,full-pool,0.15,0.15,1,-1,0.5453733326,0.204690935,0.3750321338,0.2726866663,0.5227662291,0.3126492057,0.03968251936,true,0.1,0.05,true,true,true,0,0,0.2750321338,0.2226866663
3,0.1,3.05,6,0.351,0.705,II,full-pool,0.2,0.2,1,-1,0.5445458196,0.2039962734,0.3742710465,0.2722729098,0.5303771025,0.3159638882,0.03928216225,true,0.1,0.05,true,true,true,0,0,0.2742710465,0.2222729098
3,0.1,3.05,6,0.351,0.705,II,full-pool,0.25,0.25,1,-1,0.5436973579,0.203318763,0.3735080605,0.271848679,0.5380069626,0.3193682083,0.03884863748,true,0.1,0.05,true,true,true,0,0,0.2735080605,0.221848679
3,0.1,3.05,6,0.351,0.705,II,full-pool,0.3,0.3,1,-1,0.5428274174,0.2026579804,0.3727426989,0.2714137087,0.5456605782,0.3228600882,0.03838084684,true,0.1,0.05,true,true,true,0,0,0.2727426989,0.2214137087
3,0.1,3.05,6,0.351,0.705,II,full-pool,0.35,0.35,1,-1,0.5419354542,0.2020135126,0.3719744834,0.2709677271,0.5533427333,0.326437536,0.03787773764,true,0.1,0.05,true,true,true,0,0,0.2719744834,0.2209677271
3,0.1,3.05,6,0.351,0.705,II,full-pool,0.4,0.4,1,-1,0.5410209108,0.2013849568,0.3712029338,0.2705104554,0.5610582292,0.3300986342,0.03733830593,true,0.1,0.05,true,true,true,0,0,0.2712029338,0.2205104554
3,0.1,3.05,6,0.351,0.705,II,full-pool,0.45,0.45,1,-1,0.5400832157,0.20077192,0.3704275679,0.2700416079,0.5688118886,0.3338415294,0.03676159958,true,0.1,0.05,true,true,true,0,0,0.2704275679,0.2200416079
3,0.1,3.05,6,0.351,0.705,II,full-pool,0.5,0.5,1,-1,0.5391217827,0.2001740192,0.369647901,0.2695608914,0.5766085576,0.3376644228,0.0361467213,true,0.1,0.05,true,true,true,0,0,0.269647901,0.2195608914
3,0.1,3.05,6,0.351,0.705,II,full-pool,0.55,0.55,1,-1,0.5381360109,0.1995908806,0.3688634458,0.2690680055,0.5844531094,0.3415655618,0.03549283133,true,0.1,0.05,true,true,true,0,0,0.2688634458,0.2190680055
3,0.1,3.05,6,0.351,0.705,II,full-pool,0.6,0.6,1,-1,0.5371252842,0.1990221398,0.368073712,0.2685626421,0.5923504472,0.3455432324,0.03479915,true,0.1,0.05,true,true,true,0,0,0.268073712,0.2185626421
3,0.1,3.05,6,0.351,0.705,II,full-pool,0.65,0.65,1,-1,0.5360889708,0.1984674412,0.367278206,0.2680444854,0.6003055071,0.349595752,0.03406496011,true,0.1,0.05,true,true,true,0,0,0.267278206,0.2180444854
3,0.1,3.05,6,0.351,0.705,II,full-pool,0.6671142578,0.6671142578,1,-1,0.5357282626,0.1982807395,0.367004501,0.2678641313,0.6030425567,0.3509997659,0.03380423308,true,0.1,0.05,true,true,true,0,0,0.267004501,0.2178641313
3,0.1,3.075,6,0.354,0.705,II,full-minimal,-inf,-0.6015025906,1,-1,0.5556122463,0.2175229962,0.3865676212,0.2778061231,0.4074113548,0.2755148493,0.04255630073,true,0.1,0.05,true,true,true,0,0,0.2865676212,0.2278061231
3,0.1,3.075,6,0.354,0.705,II,full-pool,-0.6,-0.6,1,-1,0.5555953737,0.2174922292,0.3865438014,0.2777976868,0.4076495528,0.2755608102,0.04255482788,true,0.1,0.05,true,true,true,0,0,0.2865438014,0.2277976868
3,0.1,3.075,6,0.354,0.705,II,full-pool,-0.55,-0.55,1,-1,0.5550266328,0.2164815025,0.3857540677,0.2775133164,0.4155468906,0.277167145,0.04249939297,true,0.1,0.05,true,true,true,0,0,0.2857540677,0.2275133164
3,0.1,3.075,6,0.354,0.705,II,full-pool,-0.5,-0.5,1,-1,0.5544434942,0.2154957307,0.3849696125,0.2772217471,0.4233914424,0.2789183398,0.04243052373,true,0.1,0.05,true,true,true,0,0,0.2849696125,0.2272217471
3,0.1,3.075,6,0.354,0.705,II,full-pool,-0.45,-0.45,1,-1,0.5538455934,0.2145342977,0.3841899456,0.2769227967,0.4311881114,0.2808081648,0.04234680664,true,0.1,0.05,true,true,true,0,0,0.2841899456,0.2269227967
3,0.1,3.075,6,0.354,0.705,II,full-pool,-0.4,-0.4,1,-1,0.5532325567,0.2135966026,0.3834145796,0.2766162783,0.4389417708,0.2828309681,0.04224683532,true,0.1,0.05,true,true,true,0,0,0.2834145796,0.2266162783
3,0.1,3.075,6,0.354,0.705,II,full-pool,-0.35,-0.35,1,-1,0.5526040008,0.2126820592,0.38264303,0.2763020004,0.4466572667,0.2849816059,0.04212921075,true,0.1,0.05,true,true,true,0,0,0.28264303,0.2263020004
3,0.1,3.075,6,0.354,0.705,II,full-pool,-0.3,-0.3,1,-1,0.551959533,0.211790096,0.3818748145,0.2759797665,0.4543394218,0.2872553821,0.04199254211,true,0.1,0.05,true,true,true,0,0,0.2818748145,0.2259797665
3,0.1,3.075,6,0.354,0.705,II,full-pool,-0.25,-0.25,1,-1,0.5512987504,0.2109201555,0.381109453,0.2756493752,0.4619930374,0.2896479953,0.04183544812,true,0.1,0.05,true,true,true,0,0,0.281109453,0.2256493752
3,0.1,3.075,6,0.354,0.705,II,full-pool,-0.2,-0.2,1,-1,0.5506212401,0.2100716939,0.380346467,0.27531062,0.4696228975,0.2921554927,0.04165655883,true,0.1,0.05,true,true,true,0,0,0.280346467,0.22531062
3,0.1,3.075,6,0.354,0.705,II,full-pool,-0.15,-0.15,1,-1,0.5499265784,0.2092441808,0.3795853796,0.2749632892,0.4772337709,0.2947742297,0.04145451783,true,0.1,0.05,true,true,true,0,0,0.2795853796,0.2249632892
3,0.1,3.075,6,0.354,0.705,II,full-pool,-0.1,-0.1,1,-1,0.5492143313,0.2084370991,0.3788257152,0.2746071657,0.4848304147,0.2975008337,0.04122798476,true,0.1,0.05,true,true,true,0,0,0.2788257152,0.2246071657
3,0.1,3.075,6,0.354,0.705,II,full-pool,-0.05,-0.05,1,-1,0.5484840536,0.2076499444,0.378066999,0.2742420268,0.492417577,0.3003321734,0.04097563812,true,0.1,0.05,true,true,true,0,0,0.278066999,0.2242420268
3,0.1,3.075,6,0.354,0.705,II,full-pool,0,0,1,-1,0.5477352889,0.2068822245,0.3773087567,0.2738676444,0.5,0.3032653299,0.04069617827,true,0.1,0.05,true,true,true,0,0,0.2773087567,0.2238676444
3,0.1,3.075,6,0.354,0.705,II,full-pool,0.05,0.05,1,-1,0.546967569,0.2061334598,0.3765505144,0.2734837845,0.507582423,0.3062975727,0.04038833066,true,0.1,0.05,true,true,true,0,0,0.2765505144,0.2234837845
3,0.1,3.075,6,0.354,0.705,II,full-pool,0.1,0.1,1,-1,0.5461804143,0.2054031821,0.3757917982,0.2730902071,0.5151695853,0.3094263374,0.04005084914,true,0.1,0.05,true,true,true,0,0,0.2757917982,0.2230902071
3,0.1,3.075,6,0.354,0.705,II,full-pool,0.15,0.15,1,-1,0.5453733326,0.204690935,0.3750321338,0.2726866663,0.5227662291,0.3126492057,0.03968251936,true,0.1,0.05,true,true,true,0,0,0.2750321338,0.2226866663
3,0.1,3.075,6,0.354,0.705,II,full-pool,0.2,0.2,1,-1,0.5445458196,0.2039962734,0.3742710465,0.2722729098,0.5303771025,0.3159638882,0.03928216225,true,0.1,0.05,true,true,true,0,0,0.2742710465,0.2222729098
3,0.1,3.075,6,0.354,0.705,II,full-pool,0.25,0.25,1,-1,0.5436973579,0.203318763,0.3735080605,0.271848679,0.5380069626,0.3193682083,0.03884863748,true,0.1,0.05,true,true,true,0,0,0.2735080605,0.221848679
3,0.1,3.075,6,0.354,0.705,II,full-pool,0.3,0.3,1,-1,0.5428274174,0.2026579804,0.3727426989,0.2714137087,0.5456605782,0.3228600882,0.03838084684,true,0.1,0.05,true,true,true,0,0,0.2727426989,0.2214137087
3,0.1,3.075,6,0.354,0.705,II,full-pool,0.35,0.35,1,-1,0.5419354542,0.2020135126,0.3719744834,0.2709677271,0.5533427333,0.326437536,0.03787773764,true,0.1,0.05,true,true,true,0,0,0.2719744834,0.2209677271
3,0.1,3.075,6,0.354,0.705,II,full-pool,0.4,0.4,1,-1,0.5410209108,0.2013849568,0.3712029338,0.2705104554,0.5610582292,0.3300986342,0.03733830593,true,0.1,0.05,true,true,true,0,0,0.2712029338,0.2205104554
3,0.1,3.075,6,0.354,0.705,II,full-pool,0.45,0.45,1,-1,0.5400832157,0.20077192,0.3704275679,0.2700416079,0.5688118886,0.3338415294,0.03676159958,true,0.1,0.05,true,true,true,0,0,0.2704275679,0.2200416079
3,0.1,3.075,6,0.354,0.705,II,full-pool,0.5,0.5,1,-1,0.5391217827,0.2001740192,0.369647901,0.2695608914,0.5766085576,0.3376644228,0.0361467213,true,0.1,0.05,true,true,true,0,0,0.269647901,0.2195608914
3,0.1,3.075,6,0.354,0.705,II,full-pool,0.55,0.55,1,-1,0.5381360109,0.1995908806,0.3688634458,0.2690680055,0.5844531094,0.3415655618,0.03549283133,true,0.1,0.05,true,true,true,0,0,0.2688634458,0.2190680055
3,0.1,3.075,6,0.354,0.705,II,full-pool,0.6,0.6,1,-1,0.5371252842,0.1990221398,0.368073712,0.2685626421,0.5923504472,0.3455432324,0.03479915,true,0.1,0.05,true,true,true,0,0,0.268073712,0.2185626421
3,0.1,3.075,6,0.354,0.705,II,full-pool,0.65,0.65,1,-1,0.5360889708,0.1984674412,0.367278206,0.2680444854,0.6003055071,0.349595752,0.03406496011,true,0.1,0.05,true,true,true,0,0,0.267278206,0.2180444854
3,0.1,3.075,6,0.354,0.705,II,full-pool,0.7,0.7,1,-1,0.535026423,0.1979264382,0.3664764306,0.2675132115,0.6083232611,0.3537214633,0.03328960893,true,0.1,0.05,true,true,true,0,0,0.2664764306,0.2175132115
3,0.1,3.075,6,0.354,0.705,II,full-pool,0.7033416748,0.7033416748,1,-1,0.5349544578,0.1978907609,0.3664226094,0.2674772289,0.6088614736,0.353999768,0.0332363073,true,0.1,0.05,true,true,true,0,0,0.2664226094,0.2174772289
3,0.1,3.1,6,0.357,0.705,II,full-minimal,-inf,-0.5884089425,1,-1,0.5554647907,0.2172556665,0.3863602286,0.2777323953,0.4094852812,0.2759199441,0.04254309864,true,0.1,0.05,true,true,true,0,0,0.2863602286,0.2277323953
3,0.1,3.1,6,0.357,0.705,II,full-pool,-0.55,-0.55,1,-1,0.5550266328,0.2164815025,0.3857540677,0.2775133164,0.4155468906,0.277167145,0.04249939297,true,0.1,0.05,true,true,true,0,0,0.2857540677,0.2275133164
3,0.1,3.1,6,0.357,0.705,II,full-pool,-0.5,-0.5,1,-1,0.5544434942,0.2154957307,0.3849696125,0.2772217471,0.4233914424,0.2789183398,0.04243052373,true,0.1,0.05,true,true,true,0,0,0.2849696125,0.2272217471
3,0.1,3.1,6,0.357,0.705,II,full-pool,-0.45,-0.45,1,-1,0.5538455934,0.2145342977,0.3841899456,0.2769227967,0.4311881114,0.2808081648,0.04234680664,true,0.1,0.05,true,true,true,0,0,0.2841899456,0.2269227967
3,0.1,3.1,6,0.357,0.705,II,full-pool,-0.4,-0.4,1,-1,0.5532325567,0.2135966026,0.3834145796,0.2766162783,0.4389417708,0.2828309681,0.04224683532,true,0.1,0.05,true,true,true,0,0,0.2834145796,0.2266162783
3,0.1,3.1,6,0.357,0.705,II,full-pool,-0.35,-0.35,1,-1,0.5526040008,0.2126820592,0.38264303,0.2763020004,0.4466572667,0.2849816059,0.04212921075,true,0.1,0.05,true,true,true,0,0,0.28264303,0.2263020004
3,0.1,3.1,6,0.357,0.705,II,full-pool,-0.3,-0.3,1,-1,0.551959533,0.211790096,0.3818748145,0.2759797665,0.4543394218,0.2872553821,0.04199254211,true,0.1,0.05,true,true,true,0,0,0.2818748145,0.2259797665
3,0.1,3.1,6,0.357,0.705,II,full-pool,-0.25,-0.25,1,-1,0.5512987504,0.2109201555,0.381109453,0.2756493752,0.4619930374,0.2896479953,0.04183544812,true,0.1,0.05,true,true,true,0,0,0.281109453,0.2256493752
3,0.1,3.1,6,0.357,0.705,II,full-pool,-0.2,-0.2,1,-1,0.5506212401,0.2100716939,0.380346467,0.27531062,0.4696228975,0.2921554927,0.04165655883,true,0.1,0.05,true,true,true,0,0,0.280346467,0.22531062
3,0.1,3.1,6,0.357,0.705,II,full-pool,-0.15,-0.15,1,-1,0.5499265784,0.2092441808,0.3795853796,0.2749632892,0.4772337709,0.2947742297,0.04145451783,true,0.1,0.05,true,true,true,0,0,0.2795853796,0.2249632892
3,0.1,3.1,6,0.357,0.705,II,full-pool,-0.1,-0.1,1,-1,0.5492143313,0.2084370991,0.3788257152,0.2746071657,0.4848304147,0.2975008337,0.04122798476,true,0.1,0.05,true,true,true,0,0,0.2788257152,0.2246071657
3,0.1,3.1,6,0.357,0.705,II,full-pool,-0.05,-0.05,1,-1,0.5484840536,0.2076499444,0.378066999,0.2742420268,0.492417577,0.3003321734,0.04097563812,true,0.1,0.05,true,true,true,0,0,0.278066999,0.2242420268
3,0.1,3.1,6,0.357,0.705,II,full-pool,0,0,1,-1,0.5477352889,0.2068822245,0.3773087567,0.2738676444,0.5,0.3032653299,0.04069617827,true,0.1,0.05,true,true,true,0,0,0.2773087567,0.2238676444
3,0.1,3.1,6,0.357,0.705,II,full-pool,0.05,0.05,1,-1,0.546967569,0.2061334598,0.3765505144,0.2734837845,0.507582423,0.3062975727,0.04038833066,true,0.1,0.05,true,true,true,0,0,0.2765505144,0.2234837845
3,0.1,3.1,6,0.357,0.705,II,full-pool,0.1,0.1,1,-1,0.5461804143,0.2054031821,0.3757917982,0.2730902071,0.5151695853,0.3094263374,0.04005084914,true,0.1,0.05,true,true,true,0,0,0.2757917982,0.2230902071
3,0.1,3.1,6,0.357,0.705,II,full-pool,0.15,0.15,1,-1,0.5453733326,0.204690935,0.3750321338,0.2726866663,0.5227662291,0.3126492057,0.03968251936,true,0.1,0.05,true,true,true,0,0,0.2750321338,0.2226866663
3,0.1,3.1,6,0.357,0.705,II,full-pool,0.2,0.2,1,-1,0.5445458196,0.2039962734,0.3742710465,0.2722729098,0.5303771025,0.3159638882,0.03928216225,true,0.1,0.05,true,true,true,0,0,0.2742710465,0.2222729098
3,0.1,3.1,6,0.357,0.705,II,full-pool,0.25,0.25,1,-1,0.5436973579,0.203318763,0.3735080605,0.271848679,0.5380069626,0.3193682083,0.03884863748,true,0.1,0.05,true,true,true,0,0,0.2735080605,0.221848679
3,0.1,3.1,6,0.357,0.705,II,full-pool,0.3,0.3,1,-1,0.5428274174,0.2026579804,0.3727426989,0.2714137087,0.5456605782,0.3228600882,0.03838084684,true,0.1,0.05,true,true,true,0,0,0.2727426989,0.2214137087
3,0.1,3.1,6,0.357,0.705,II,full-pool,0.35,0.35,1,-1,0.5419354542,0.2020135126,0.3719744834,0.2709677271,0.5533427333,0.326437536,0.03787773764,true,0.1,0.05,true,true,true,0,0,0.2719744834,0.2209677271
3,0.1,3.1,6,0.357,0.705,II,full-pool,0.4,0.4,1,-1,0.5410209108,0.2013849568,0.3712029338,0.2705104554,0.5610582292,0.3300986342,0.03733830593,true,0.1,0.05,true,true,true,0,0,0.2712029338,0.2205104554
3,0.1,3.1,6,0.357,0.705,II,full-pool,0.45,0.45,1,-1,0.5400832157,0.20077192,0.3704275679,0.2700416079,0.5688118886,0.3338415294,0.03676159958,true,0.1,0.05,true,true,true,0,0,0.2704275679,0.2200416079
3,0.1,3.1,6,0.357,0.705,II,full-pool,0.5,0.5,1,-1,0.5391217827,0.2001740192,0.369647901,0.2695608914,0.5766085576,0.3376644228,0.0361467213,true,0.1,0.05,true,true,true,0,0,0.269647901,0.2195608914
3,0.1,3.1,6,0.357,0.705,II,full-pool,0.55,0.55,1,-1,0.5381360109,0.1995908806,0.3688634458,0.2690680055,0.5844531094,0.3415655618,0.03549283133,true,0.1,0.05,true,true,true,0,0,0.2688634458,0.2190680055
3,0.1,3.1,6,0.357,0.705,II,full-pool,0.6,0.6,1,-1,0.5371252842,0.1990221398,0.368073712,0.2685626421,0.5923504472,0.3455432324,0.03479915,true,0.1,0.05,true,true,true,0,0,0.268073712,0.2185626421
3,0.1,3.1,6,0.357,0.705,II,full-pool,0.65,0.65,1,-1,0.5360889708,0.1984674412,0.367278206,0.2680444854,0.6003055071,0.349595752,0.03406496011,true,0.1,0.05,true,true,true,0,0,0.267278206,0.2180444854
3,0.1,3.1,6,0.357,0.705,II,full-pool,0.7,0.7,1,-1,0.535026423,0.1979264382,0.3664764306,0.2675132115,0.6083232611,0.3537214633,0.03328960893,true,0.1,0.05,true,true,true,0,0,0.2664764306,0.2175132115
3,0.1,3.1,6,0.357,0.705,II,full-pool,0.7391265869,0.7391265869,1,-1,0.5341762196,0.197512419,0.3658443193,0.2670881098,0.6146443741,0.3569999505,0.03265378264,true,0.1,0.05,true,true,true,0,0,0.2658443193,0.2170881098
3,0.1,3.125,6,0.36,0.705,II,full-minimal,-inf,-0.5753641449,1,-1,0.5553169221,0.2169910689,0.3861539955,0.2776584611,0.4115476121,0.2763337591,0.04252910404,true,0.1,0.05,true,true,true,0,0,0.2861539955,0.2276584611
3,0.1,3.125,6,0.36,0.705,II,full-pool,-0.55,-0.55,1,-1,0.5550266328,0.2164815025,0.3857540677,0.2775133164,0.4155468906,0.277167145,0.04249939297,true,0.1,0.05,true,true,true,0,0,0.2857540677,0.2275133164
3,0.1,3.125,6,0.36,0.705,II,full-pool,-0.5,-0.5,1,-1,0.5544434942,0.2154957307,0.3849696125,0.2772217471,0.4233914424,0.2789183398,0.04243052373,true,0.1,0.05,true,true,true,0,0,0.2849696125,0.2272217471
3,0.1,3.125,6,0.36,0.705,II,full-pool,-0.45,-0.45,1,-1,0.5538455934,0.2145342977,0.3841899456,0.2769227967,0.4311881114,0.2808081648,0.04234680664,true,0.1,0.05,true,true,true,0,0,0.2841899456,0.2269227967
3,0.1,3.125,6,0.36,0.705,II,full-pool,-0.4,-0.4,1,-1,0.5532325567,0.2135966026,0.3834145796,0.2766162783,0.4389417708,0.2828309681,0.04224683532,true,0.1,0.05,true,true,true,0,0,0.2834145796,0.2266162783
3,0.1,3.125,6,0.36,0.705,II,full-pool,-0.35,-0.35,1,-1,0.5526040008,0.2126820592,0.38264303,0.2763020004,0.4466572667,0.2849816059,0.04212921075,true,0.1,0.05,true,true,true,0,0,0.28264303,0.2263020004
3,0.1,3.125,6,0.36,0.705,II,full-pool,-0.3,-0.3,1,-1,0.551959533,0.211790096,0.3818748145,0.2759797665,0.4543394218,0.2872553821,0.04199254211,true,0.1,0.05,true,true,true,0,0,0.2818748145,0.2259797665
3,0.1,3.125,6,0.36,0.705,II,full-pool,-0.25,-0.25,1,-1,0.5512987504,0.2109201555,0.381109453,0.2756493752,0.4619930374,0.2896479953,0.04183544812,true,0.1,0.05,true,true,true,0,0,0.281109453,0.2256493752
3,0.1,3.125,6,0.36,0.705,II,full-pool,-0.2,-0.2,1,-1,0.5506212401,0.2100716939,0.380346467,0.27531062,0.4696228975,0.2921554927,0.04165655883,true,0.1,0.05,true,true,true,0,0,0.280346467,0.22531062
3,0.1,3.125,6,0.36,0.705,II,full-pool,-0.15,-0.15,1,-1,0.5499265784,0.2092441808,0.3795853796,0.2749632892,0.4772337709,0.2947742297,0.04145451783,true,0.1,0.05,true,true,true,0,0,0.2795853796,0.2249632892
3,0.1,3.125,6,0.36,0.705,II,full-pool,-0.1,-0.1,1,-1,0.5492143313,0.2084370991,0.3788257152,0.2746071657,0.4848304147,0.2975008337,0.04122798476,true,0.1,0.05,true,true,true,0,0,0.2788257152,0.2246071657
3,0.1,3.125,6,0.36,0.705,II,full-pool,-0.05,-0.05,1,-1,0.5484840536,0.2076499444,0.378066999,0.2742420268,0.492417577,0.3003321734,0.04097563812,true,0.1,0.05,true,true,true,0,0,0.278066999,0.2242420268
3,0.1,3.125,6,0.36,0.705,II,full-pool,0,0,1,-1,0.5477352889,0.2068822245,0.3773087567,0.2738676444,0.5,0.3032653299,0.04069617827,true,0.1,0.05,true,true,true,0,0,0.2773087567,0.2238676444
3,0.1,3.125,6,0.36,0.705,II,full-pool,0.05,0.05,1,-1,0.546967569,0.2061334598,0.3765505144,0.2734837845,0.507582423,0.3062975727,0.04038833066,true,0.1,0.05,true,true,true,0,0,0.2765505144,0.2234837845
3,0.1,3.125,6,0.36,0.705,II,full-pool,0.1,0.1,1,-1,0.5461804143,0.2054031821,0.3757917982,0.2730902071,0.5151695853,0.3094263374,0.04005084914,true,0.1,0.05,true,true,true,0,0,0.2757917982,0.2230902071
3,0.1,3.125,6,0.36,0.705,II,full-pool,0.15,0.15,1,-1,0.5453733326,0.204690935,0.3750321338,0.2726866663,0.5227662291,0.3126492057,0.03968251936,true,0.1,0.05,true,true,true,0,0,0.2750321338,0.2226866663
3,0.1,3.125,6,0.36,0.705,II,full-pool,0.2,0.2,1,-1,0.5445458196,0.2039962734,0.3742710465,0.2722729098,0.5303771025,0.3159638882,0.03928216225,true,0.1,0.05,true,true,true,0,0,0.2742710465,0.2222729098
3,0.1,3.125,6,0.36,0.705,II,full-pool,0.25,0.25,1,-1,0.5436973579,0.203318763,0.3735080605,0.271848679,0.5380069626,0.3193682083,0.03884863748,true,0.1,0.05,true,true,true,0,0,0.2735080605,0.221848679
3,0.1,3.125,6,0.36,0.705,II,full-pool,0.3,0.3,1,-1,0.5428274174,0.2026579804,0.3727426989,0.2714137087,0.5456605782,0.3228600882,0.03838084684,true,0.1,0.05,true,true,true,0,0,0.2727426989,0.2214137087
3,0.1,3.125,6,0.36,0.705,II,full-pool,0.35,0.35,1,-1,0.5419354542,0.2020135126,0.3719744834,0.2709677271,0.5533427333,0.326437536,0.03787773764,true,0.1,0.05,true,true,true,0,0,0.2719744834,0.2209677271
3,0.1,3.125,6,0.36,0.705,II,full-pool,0.4,0.4,1,-1,0.5410209108,0.2013849568,0.3712029338,0.2705104554,0.5610582292,0.3300986342,0.03733830593,true,0.1,0.05,true,true,true,0,0,0.2712029338,0.2205104554
3,0.1,3.125,6,0.36,0.705,II,full-pool,0.45,0.45,1,-1,0.5400832157,0.20077192,0.3704275679,0.2700416079,0.5688118886,0.3338415294,0.03676159958,true,0.1,0.05,true,true,true,0,0,0.2704275679,0.2200416079
3,0.1,3.125,6,0.36,0.705,II,full-pool,0.5,0.5,1,-1,0.5391217827,0.2001740192,0.369647901,0.2695608914,0.5766085576,0.3376644228,0.0361467213,true,0.1,0.05,true,true,true,0,0,0.269647901,0.2195608914
3,0.1,3.125,6,0.36,0.705,II,full-pool,0.55,0.55,1,-1,0.5381360109,0.1995908806,0.3688634458,0.2690680055,0.5844531094,0.3415655618,0.03549283133,true,0.1,0.05,true,true,true,0,0,0.2688634458,0.2190680055
3,0.1,3.125,6,0.36,0.705,II,full-pool,0.6,0.6,1,-1,0.5371252842,0.1990221398,0.368073712,0.2685626421,0.5923504472,0.3455432324,0.03479915,true,0.1,0.05,true,true,true,0,0,0.268073712,0.2185626421
3,0.1,3.125,6,0.36,0.705,II,full-pool,0.65,0.65,1,-1,0.5360889708,0.1984674412,0.367278206,0.2680444854,0.6003055071,0.349595752,0.03406496011,true,0.1,0.05,true,true,true,0,0,0.267278206,0.2180444854
3,0.1,3.125,6,0.36,0.705,II,full-pool,0.7,0.7,1,-1,0.535026423,0.1979264382,0.3664764306,0.2675132115,0.6083232611,0.3537214633,0.03328960893,true,0.1,0.05,true,true,true,0,0,0.2664764306,0.2175132115
3,0.1,3.125,6,0.36,0.705,II,full-pool,0.75,0.75,1,-1,0.5339369767,0.1973987925,0.3656678846,0.2669684884,0.6164087207,0.3579187286,0.03247251009,true,0.1,0.05,true,true,true,0,0,0.2656678846,0.2169684884
3,0.1,3.125,6,0.36,0.705,II,full-pool,0.7744873047,0.7744873047,1,-1,0.5333934066,0.1971451528,0.3652692797,0.2666967033,0.6203947702,0.3599999338,0.03205695001,true,0.1,0.05,true,true,true,0,0,0.2652692797,0.2166967033
3,0.1,3.15,6,0.363,0.705,II,full-minimal,-inf,-0.5623668213,1,-1,0.5551686294,0.216729145,0.3859488872,0.2775843147,0.413598695,0.2767561014,0.04251429966,true,0.1,0.05,true,true,true,0,0,0.2859488872,0.2275843147
3,0.1,3.15,6,0.363,0.705,II,full-pool,-0.55,-0.55,1,-1,0.5550266328,0.2164815025,0.3857540677,0.2775133164,0.4155468906,0.277167145,0.04249939297,true,0.1,0.05,true,true,true,0,0,0.2857540677,0.2275133164
3,0.1,3.15,6,0.363,0.705,II,full-pool,-0.5,-0.5,1,-1,0.5544434942,0.2154957307,0.3849696125,0.2772217471,0.4233914424,0.2789183398,0.04243052373,true,0.1,0.05,true,true,true,0,0,0.2849696125,0.2272217471
3,0.1,3.15,6,0.363,0.705,II,full-pool,-0.45,-0.45,1,-1,0.5538455934,0.2145342977,0.3841899456,0.2769227967,0.4311881114,0.2808081648,0.04234680664,true,0.1,0.05,true,true,true,0,0,0.2841899456,0.2269227967
3,0.1,3.15,6,0.363,0.705,II,full-pool,-0.4,-0.4,1,-1,0.5532325567,0.2135966026,0.3834145796,0.2766162783,0.4389417708,0.2828309681,0.04224683532,true,0.1,0.05,true,true,true,0,0,0.2834145796,0.2266162783
3,0.1,3.15,6,0.363,0.705,II,full-pool,-0.35,-0.35,1,-1,0.5526040008,0.2126820592,0.38264303,0.2763020004,0.4466572667,0.2849816059,0.04212921075,true,0.1,0.05,true,true,true,0,0,0.28264303,0.2263020004
3,0.1,3.15,6,0.363,0.705,II,full-pool,-0.3,-0.3,1,-1,0.551959533,0.211790096,0.3818748145,0.2759797665,0.4543394218,0.2872553821,0.04199254211,true,0.1,0.05,true,true,true,0,0,0.2818748145,0.2259797665
3,0.1,3.15,6,0.363,0.705,II,full-pool,-0.25,-0.25,1,-1,0.5512987504,0.2109201555,0.381109453,0.2756493752,0.4619930374,0.2896479953,0.04183544812,true,0.1,0.05,true,true,true,0,0,0.281109453,0.2256493752
3,0.1,3.15,6,0.363,0.705,II,full-pool,-0.2,-0.2,1,-1,0.5506212401,0.2100716939,0.380346467,0.27531062,0.4696228975,0.2921554927,0.04165655883,true,0.1,0.05,true,true,true,0,0,0.280346467,0.22531062
3,0.1,3.15,6,0.363,0.705,II,full-pool,-0.15,-0.15,1,-1,0.5499265784,0.2092441808,0.3795853796,0.2749632892,0.4772337709,0.2947742297,0.04145451783,true,0.1,0.05,true,true,true,0,0,0.2795853796,0.2249632892
3,0.1,3.15,6,0.363,0.705,II,full-pool,-0.1,-0.1,1,-1,0.5492143313,0.2084370991,0.3788257152,0.2746071657,0.4848304147,0.2975008337,0.04122798476,true,0.1,0.05,true,true,true,0,0,0.2788257152,0.2246071657
3,0.1,3.15,6,0.363,0.705,II,full-pool,-0.05,-0.05,1,-1,0.5484840536,0.2076499444,0.378066999,0.2742420268,0.492417577,0.3003321734,0.04097563812,true,0.1,0.05,true,true,true,0,0,0.278066999,0.2242420268
3,0.1,3.15,6,0.363,0.705,II,full-pool,0,0,1,-1,0.5477352889,0.2068822245,0.3773087567,0.2738676444,0.5,0.3032653299,0.04069617827,true,0.1,0.05,true,true,true,0,0,0.2773087567,0.2238676444
3,0.1,3.15,6,0.363,0.705,II,full-pool,0.05,0.05,1,-1,0.546967569,0.2061334598,0.3765505144,0.2734837845,0.507582423,0.3062975727,0.04038833066,true,0.1,0.05,true,true,true,0,0,0.2765505144,0.2234837845
3,0.1,3.15,6,0.363,0.705,II,full-pool,0.1,0.1,1,-1,0.5461804143,0.2054031821,0.3757917982,0.2730902071,0.5151695853,0.3094263374,0.04005084914,true,0.1,0.05,true,true,true,0,0,0.2757917982,0.2230902071
3,0.1,3.15,6,0.363,0.705,II,full-pool,0.15,0.15,1,-1,0.5453733326,0.204690935,0.3750321338,0.2726866663,0.5227662291,0.3126492057,0.03968251936,true,0.1,0.05,true,true,true,0,0,0.2750321338,0.2226866663
3,0.1,3.15,6,0.363,0.705,II,full-pool,0.2,0.2,1,-1,0.5445458196,0.2039962734,0.3742710465,0.2722729098,0.5303771025,0.3159638882,0.03928216225,true,0.1,0.05,true,true,true,0,0,0.2742710465,0.2222729098
3,0.1,3.15,6,0.363,0.705,II,full-pool,0.25,0.25,1,-1,0.5436973579,0.203318763,0.3735080605,0.271848679,0.5380069626,0.3193682083,0.03884863748,true,0.1,0.05,true,true,true,0,0,0.2735080605,0.221848679
3,0.1,3.15,6,0.363,0.705,II,full-pool,0.3,0.3,1,-1,0.5428274174,0.2026579804,0.3727426989,0.2714137087,0.5456605782,0.3228600882,0.03838084684,true,0.1,0.05,true,true,true,0,0,0.2727426989,0.2214137087
3,0.1,3.15,6,0.363,0.705,II,full-pool,0.35,0.35,1,-1,0.5419354542,0.2020135126,0.3719744834,0.2709677271,0.5533427333,0.326437536,0.03787773764,true,0.1,0.05,true,true,true,0,0,0.2719744834,0.2209677271
3,0.1,3.15,6,0.363,0.705,II,full-pool,0.4,0.4,1,-1,0.5410209108,0.2013849568,0.3712029338,0.2705104554,0.5610582292,0.3300986342,0.03733830593,true,0.1,0.05,true,true,true,0,0,0.2712029338,0.2205104554
3,0.1,3.15,6,0.363,0.705,II,full-pool,0.45,0.45,1,-1,0.5400832157,0.20077192,0.3704275679,0.2700416079,0.5688118886,0.3338415294,0.03676159958,true,0.1,0.05,true,true,true,0,0,0.2704275679,0.2200416079
3,0.1,3.15,6,0.363,0.705,II,full-pool,0.5,0.5,1,-1,0.5391217827,0.2001740192,0.369647901,0.2695608914,0.5766085576,0.3376644228,0.0361467213,true,0.1,0.05,true,true,true,0,0,0.269647901,0.2195608914
3,0.1,3.15,6,0.363,0.705,II,full-pool,0.55,0.55,1,-1,0.5381360109,0.1995908806,0.3688634458,0.2690680055,0.5844531094,0.3415655618,0.03549283133,true,0.1,0.05,true,true,true,0,0,0.2688634458,0.2190680055
3,0.1,3.15,6,0.363,0.705,II,full-pool,0.6,0.6,1,-1,0.5371252842,0.1990221398,0.368073712,0.2685626421,0.5923504472,0.3455432324,0.03479915,true,0.1,0.05,true,true,true,0,0,0.268073712,0.2185626421
3,0.1,3.15,6,0.363,0.705,II,full-pool,0.65,0.65,1,-1,0.5360889708,0.1984674412,0.367278206,0.2680444854,0.6003055071,0.349595752,0.03406496011,true,0.1,0.05,true,true,true,0,0,0.267278206,0.2180444854
3,0.1,3.15,6,0.363,0.705,II,full-pool,0.7,0.7,1,-1,0.535026423,0.1979264382,0.3664764306,0.2675132115,0.6083232611,0.3537214633,0.03328960893,true,0.1,0.05,true,true,true,0,0,0.2664764306,0.2175132115
3,0.1,3.15,6,0.363,0.705,II,full-pool,0.75,0.75,1,-1,0.5339369767,0.1973987925,0.3656678846,0.2669684884,0.6164087207,0.3579187286,0.03247251009,true,0.1,0.05,true,true,true,0,0,0.2656678846,0.2169684884
3,0.1,3.15,6,0.363,0.705,II,full-pool,0.8,0.8,1,-1,0.532819951,0.1968841745,0.3648520628,0.2664099755,0.6245669396,0.3621859246,0.03161314512,true,0.1,0.05,true,true,true,0,0,0.2648520628,0.2164099755
3,0.1,3.15,6,0.363,0.705,II,full-pool,0.8094482422,0.8094482422,1,-1,0.5326057172,0.1967883668,0.364697042,0.2663028586,0.6261171468,0.362999998,0.03144596935,true,0.1,0.05,true,true,true,0,0,0.264697042,0.2163028586
3,0.1,3.175,6,0.366,0.705,II,full-minimal,-inf,-0.549415621,1,-1,0.5550199012,0.2164698383,0.3857448697,0.2775099506,0.4156388697,0.2771867883,0.04249866841,true,0.1,0.05,true,true,true,0,0,0.2857448697,0.2275099506
3,0.1,3.175,6,0.366,0.705,II,full-pool,-0.5,-0.5,1,-1,0.5544434942,0.2154957307,0.3849696125,0.2772217471,0.4233914424,0.2789183398,0.04243052373,true,0.1,0.05,true,true,true,0,0,0.2849696125,0.2272217471
3,0.1,3.175,6,0.366,0.705,II,full-pool,-0.45,-0.45,1,-1,0.5538455934,0.2145342977,0.3841899456,0.2769227967,0.4311881114,0.2808081648,0.04234680664,true,0.1,0.05,true,true,true,0,0,0.2841899456,0.2269227967
3,0.1,3.175,6,0.366,0.705,II,full-pool,-0.4,-0.4,1,-1,0.5532325567,0.2135966026,0.3834145796,0.2766162783,0.4389417708,0.2828309681,0.04224683532,true,0.1,0.05,true,true,true,0,0,0.2834145796,0.2266162783
3,0.1,3.175,6,0.366,0.705,II,full-pool,-0.35,-0.35,1,-1,0.5526040008,0.2126820592,0.38264303,0.2763020004,0.4466572667,0.2849816059,0.04212921075,true,0.1,0.05,true,true,true,0,0,0.28264303,0.2263020004
3,0.1,3.175,6,0.366,0.705,II,full-pool,-0.3,-0.3,1,-1,0.551959533,0.211790096,0.3818748145,0.2759797665,0.4543394218,0.2872553821,0.04199254211,true,0.1,0.05,true,true,true,0,0,0.2818748145,0.2259797665
3,0.1,3.175,6,0.366,0.705,II,full-pool,-0.25,-0.25,1,-1,0.5512987504,0.2109201555,0.381109453,0.2756493752,0.4619930374,0.2896479953,0.04183544812,true,0.1,0.05,true,true,true,0,0,0.281109453,0.2256493752
3,0.1,3.175,6,0.366,0.705,II,full-pool,-0.2,-0.2,1,-1,0.5506212401,0.2100716939,0.380346467,0.27531062,0.4696228975,0.2921554927,0.04165655883,true,0.1,0.05,true,true,true,0,0,0.280346467,0.22531062
3,0.1,3.175,6,0.366,0.705,II,full-pool,-0.15,-0.15,1,-1,0.5499265784,0.2092441808,0.3795853796,0.2749632892,0.4772337709,0.2947742297,0.04145451783,true,0.1,0.05,true,true,true,0,0,0.2795853796,0.2249632892
3,0.1,3.175,6,0.366,0.705,II,full-pool,-0.1,-0.1,1,-1,0.5492143313,0.2084370991,0.3788257152,0.2746071657,0.4848304147,0.2975008337,0.04122798476,true,0.1,0.05,true,true,true,0,0,0.2788257152,0.2246071657
3,0.1,3.175,6,0.366,0.705,II,full-pool,-0.05,-0.05,1,-1,0.5484840536,0.2076499444,0.378066999,0.2742420268,0.492417577,0.3003321734,0.04097563812,true,0.1,0.05,true,true,true,0,0,0.278066999,0.2242420268
3,0.1,3.175,6,0.366,0.705,II,full-pool,0,0,1,-1,0.5477352889,0.2068822245,0.3773087567,0.2738676444,0.5,0.3032653299,0.04069617827,true,0.1,0.05,true,true,true,0,0,0.2773087567,0.2238676444
3,0.1,3.175,6,0.366,0.705,II,full-pool,0.05,0.05,1,-1,0.546967569,0.2061334598,0.3765505144,0.2734837845,0.507582423,0.3062975727,0.04038833066,true,0.1,0.05,true,true,true,0,0,0.2765505144,0.2234837845
3,0.1,3.175,6,0.366,0.705,II,full-pool,0.1,0.1,1,-1,0.5461804143,0.2054031821,0.3757917982,0.2730902071,0.5151695853,0.3094263374,0.04005084914,true,0.1,0.05,true,true,true,0,0,0.2757917982,0.2230902071
3,0.1,3.175,6,0.366,0.705,II,full-pool,0.15,0.15,1,-1,0.5453733326,0.204690935,0.3750321338,0.2726866663,0.5227662291,0.3126492057,0.03968251936,true,0.1,0.05,true,true,true,0,0,0.2750321338,0.2226866663
3,0.1,3.175,6,0.366,0.705,II,full-pool,0.2,0.2,1,-1,0.5445458196,0.2039962734,0.3742710465,0.2722729098,0.5303771025,0.3159638882,0.03928216225,true,0.1,0.05,true,true,true,0,0,0.2742710465,0.2222729098
3,0.1,3.175,6,0.366,0.705,II,full-pool,0.25,0.25,1,-1,0.5436973579,0.203318763,0.3735080605,0.271848679,0.5380069626,0.3193682083,0.03884863748,true,0.1,0.05,true,true,true,0,0,0.2735080605,0.221848679
3,0.1,3.175,6,0.366,0.705,II,full-pool,0.3,0.3,1,-1,0.5428274174,0.2026579804,0.3727426989,0.2714137087,0.5456605782,0.3228600882,0.03838084684,true,0.1,0.05,true,true,true,0,0,0.2727426989,0.2214137087
3,0.1,3.175,6,0.366,0.705,II,full-pool,0.35,0.35,1,-1,0.5419354542,0.2020135126,0.3719744834,0.2709677271,0.5533427333,0.326437536,0.03787773764,true,0.1,0.05,true,true,true,0,0,0.2719744834,0.2209677271
3,0.1,3.175,6,0.366,0.705,II,full-pool,0.4,0.4,1,-1,0.5410209108,0.2013849568,0.3712029338,0.2705104554,0.5610582292,0.3300986342,0.03733830593,true,0.1,0.05,true,true,true,0,0,0.2712029338,0.2205104554
3,0.1,3.175,6,0.366,0.705,II,full-pool,0.45,0.45,1,-1,0.5400832157,0.20077192,0.3704275679,0.2700416079,0.5688118886,0.3338415294,0.03676159958,true,0.1,0.05,true,true,true,0,0,0.2704275679,0.2200416079
3,0.1,3.175,6,0.366,0.705,II,full-pool,0.5,0.5,1,-1,0.5391217827,0.2001740192,0.369647901,0.2695608914,0.5766085576,0.3376644228,0.0361467213,true,0.1,0.05,true,true,true,0,0,0.269647901,0.2195608914
3,0.1,3.175,6,0.366,0.705,II,full-pool,0.55,0.55,1,-1,0.5381360109,0.1995908806,0.3688634458,0.2690680055,0.5844531094,0.3415655618,0.03549283133,true,0.1,0.05,true,true,true,0,0,0.2688634458,0.2190680055
3,0.1,3.175,6,0.366,0.705,II,full-pool,0.6,0.6,1,-1,0.5371252842,0.1990221398,0.368073712,0.2685626421,0.5923504472,0.3455432324,0.03479915,true,0.1,0.05,true,true,true,0,0,0.268073712,0.2185626421
3,0.1,3.175,6,0.366,0.705,II,full-pool,0.65,0.65,1,-1,0.5360889708,0.1984674412,0.367278206,0.2680444854,0.6003055071,0.349595752,0.03406496011,true,0.1,0.05,true,true,true,0,0,0.267278206,0.2180444854
3,0.1,3.175,6,0.366,0.705,II,full-pool,0.7,0.7,1,-1,0.535026423,0.1979264382,0.3664764306,0.2675132115,0.6083232611,0.3537214633,0.03328960893,true,0.1,0.05,true,true,true,0,0,0.2664764306,0.2175132115
3,0.1,3.175,6,0.366,0.705,II,full-pool,0.75,0.75,1,-1,0.5339369767,0.1973987925,0.3656678846,0.2669684884,0.6164087207,0.3579187286,0.03247251009,true,0.1,0.05,true,true,true,0,0,0.2656678846,0.2169684884
3,0.1,3.175,6,0.366,0.705,II,full-pool,0.8,0.8,1,-1,0.532819951,0.1968841745,0.3648520628,0.2664099755,0.6245669396,0.3621859246,0.03161314512,true,0.1,0.05,true,true,true,0,0,0.2648520628,0.2164099755
3,0.1,3.175,6,0.366,0.705,II,full-pool,0.8440246582,0.8440246582,1,-1,0.5318130303,0.1964415864,0.3641273083,0.2659065152,0.6318144837,0.3659997731,0.03082113006,true,0.1,0.05,true,true,true,0,0,0.2641273083,0.2159065152
3,0.1,3.2,6,0.369,0.705,II,full-minimal,-inf,-0.5365092185,1,-1,0.5548707262,0.2162130936,0.3855419099,0.2774353631,0.4176684681,0.2776256458,0.04248219343,true,0.1,0.05,true,true,true,0,0,0.2855419099,0.2274353631
3,0.1,3.2,6,0.369,0.705,II,full-pool,-0.5,-0.5,1,-1,0.5544434942,0.2154957307,0.3849696125,0.2772217471,0.4233914424,0.2789183398,0.04243052373,true,0.1,0.05,true,true,true,0,0,0.2849696125,0.2272217471
3,0.1,3.2,6,0.369,0.705,II,full-pool,-0.45,-0.45,1,-1,0.5538455934,0.2145342977,0.3841899456,0.2769227967,0.4311881114,0.2808081648,0.04234680664,true,0.1,0.05,true,true,true,0,0,0.2841899456,0.2269227967
3,0.1,3.2,6,0.369,0.705,II,full-pool,-0.4,-0.4,1,-1,0.5532325567,0.2135966026,0.3834145796,0.2766162783,0.4389417708,0.2828309681,0.04224683532,true,0.1,0.05,true,true,true,0,0,0.2834145796,0.2266162783
3,0.1,3.2,6,0.369,0.705,II,full-pool,-0.35,-0.35,1,-1,0.5526040008,0.2126820592,0.38264303,0.2763020004,0.4466572667,0.2849816059,0.04212921075,true,0.1,0.05,true,true,true,0,0,0.28264303,0.2263020004
3,0.1,3.2,6,0.369,0.705,II,full-pool,-0.3,-0.3,1,-1,0.551959533,0.211790096,0.3818748145,0.2759797665,0.4543394218,0.2872553821,0.04199254211,true,0.1,0.05,true,true,true,0,0,0.2818748145,0.2259797665
3,0.1,3.2,6,0.369,0.705,II,full-pool,-0.25,-0.25,1,-1,0.5512987504,0.2109201555,0.381109453,0.2756493752,0.4619930374,0.2896479953,0.04183544812,true,0.1,0.05,true,true,true,0,0,0.281109453,0.2256493752
3,0.1,3.2,6,0.369,0.705,II,full-pool,-0.2,-0.2,1,-1,0.5506212401,0.2100716939,0.380346467,0.27531062,0.4696228975,0.2921554927,0.04165655883,true,0.1,0.05,true,true,true,0,0,0.280346467,0.22531062
3,0.1,3.2,6,0.369,0.705,II,full-pool,-0.15,-0.15,1,-1,0.5499265784,0.2092441808,0.3795853796,0.2749632892,0.4772337709,0.2947742297,0.04145451783,true,0.1,0.05,true,true,true,0,0,0.2795853796,0.2249632892
3,0.1,3.2,6,0.369,0.705,II,full-pool,-0.1,-0.1,1,-1,0.5492143313,0.2084370991,0.3788257152,0.2746071657,0.4848304147,0.2975008337,0.04122798476,true,0.1,0.05,true,true,true,0,0,0.2788257152,0.2246071657
3,0.1,3.2,6,0.369,0.705,II,full-pool,-0.05,-0.05,1,-1,0.5484840536,0.2076499444,0.378066999,0.2742420268,0.492417577,0.3003321734,0.04097563812,true,0.1,0.05,true,true,true,0,0,0.278066999,0.2242420268
3,0.1,3.2,6,0.369,0.705,II,full-pool,0,0,1,-1,0.5477352889,0.2068822245,0.3773087567,0.2738676444,0.5,0.3032653299,0.04069617827,true,0.1,0.05,true,true,true,0,0,0.2773087567,0.2238676444
3,0.1,3.2,6,0.369,0.705,II,full-pool,0.05,0.05,1,-1,0.546967569,0.2061334598,0.3765505144,0.2734837845,0.507582423,0.3062975727,0.04038833066,true,0.1,0.05,true,true,true,0,0,0.2765505144,0.2234837845
3,0.1,3.2,6,0.369,0.705,II,full-pool,0.1,0.1,1,-1,0.5461804143,0.2054031821,0.3757917982,0.2730902071,0.5151695853,0.3094263374,0.04005084914,true,0.1,0.05,true,true,true,0,0,0.2757917982,0.2230902071
3,0.1,3.2,6,0.369,0.705,II,full-pool,0.15,0.15,1,-1,0.5453733326,0.204690935,0.3750321338,0.2726866663,0.5227662291,0.3126492057,0.03968251936,true,0.1,0.05,true,true,true,0,0,0.2750321338,0.2226866663
3,0.1,3.2,6,0.369,0.705,II,full-pool,0.2,0.2,1,-1,0.5445458196,0.2039962734,0.3742710465,0.2722729098,0.5303771025,0.3159638882,0.03928216225,true,0.1,0.05,true,true,true,0,0,0.2742710465,0.2222729098
3,0.1,3.2,6,0.369,0.705,II,full-pool,0.25,0.25,1,-1,0.5436973579,0.203318763,0.3735080605,0.271848679,0.5380069626,0.3193682083,0.03884863748,true,0.1,0.05,true,true,true,0,0,0.2735080605,0.221848679
3,0.1,3.2,6,0.369,0.705,II,full-pool,0.3,0.3,1,-1,0.5428274174,0.2026579804,0.3727426989,0.2714137087,0.5456605782,0.3228600882,0.03838084684,true,0.1,0.05,true,true,true,0,0,0.2727426989,0.2214137087
3,0.1,3.2,6,0.369,0.705,II,full-pool,0.35,0.35,1,-1,0.5419354542,0.2020135126,0.3719744834,0.2709677271,0.5533427333,0.326437536,0.03787773764,true,0.1,0.05,true,true,true,0,0,0.2719744834,0.2209677271
3,0.1,3.2,6,0.369,0.705,II,full-pool,0.4,0.4,1,-1,0.5410209108,0.2013849568,0.3712029338,0.2705104554,0.5610582292,0.3300986342,0.03733830593,true,0.1,0.05,true,true,true,0,0,0.2712029338,0.2205104554
3,0.1,3.2,6,0.369,0.705,II,full-pool,0.45,0.45,1,-1,0.5400832157,0.20077192,0.3704275679,0.2700416079,0.5688118886,0.3338415294,0.03676159958,true,0.1,0.05,true,true,true,0,0,0.2704275679,0.2200416079
3,0.1,3.2,6,0.369,0.705,II,full-pool,0.5,0.5,1,-1,0.5391217827,0.2001740192,0.369647901,0.2695608914,0.5766085576,0.3376644228,0.0361467213,true,0.1,0.05,true,true,true,0,0,0.269647901,0.2195608914
3,0.1,3.2,6,0.369,0.705,II,full-pool,0.55,0.55,1,-1,0.5381360109,0.1995908806,0.3688634458,0.2690680055,0.5844531094,0.3415655618,0.03549283133,true,0.1,0.05,true,true,true,0,0,0.2688634458,0.2190680055
3,0.1,3.2,6,0.369,0.705,II,full-pool,0.6,0.6,1,-1,0.5371252842,0.1990221398,0.368073712,0.2685626421,0.5923504472,0.3455432324,0.03479915,true,0.1,0.05,true,true,true,0,0,0.268073712,0.2185626421
3,0.1,3.2,6,0.369,0.705,II,full-pool,0.65,0.65,1,-1,0.5360889708,0.1984674412,0.367278206,0.2680444854,0.6003055071,0.349595752,0.03406496011,true,0.1,0.05,true,true,true,0,0,0.267278206,0.2180444854
3,0.1,3.2,6,0.369,0.705,II,full-pool,0.7,0.7,1,-1,0.535026423,0.1979264382,0.3664764306,0.2675132115,0.6083232611,0.3537214633,0.03328960893,true,0.1,0.05,true,true,true,0,0,0.2664764306,0.2175132115
3,0.1,3.2,6,0.369,0.705,II,full-pool,0.75,0.75,1,-1,0.5339369767,0.1973987925,0.3656678846,0.2669684884,0.6164087207,0.3579187286,0.03247251009,true,0.1,0.05,true,true,true,0,0,0.2656678846,0.2169684884
3,0.1,3.2,6,0.369,0.705,II,full-pool,0.8,0.8,1,-1,0.532819951,0.1968841745,0.3648520628,0.2664099755,0.6245669396,0.3621859246,0.03161314512,true,0.1,0.05,true,true,true,0,0,0.2648520628,0.2164099755
3,0.1,3.2,6,0.369,0.705,II,full-pool,0.85,0.85,1,-1,0.5316746475,0.1963822625,0.364028455,0.2658373238,0.6328030168,0.3665214378,0.03071106477,true,0.1,0.05,true,true,true,0,0,0.264028455,0.2158373238
3,0.1,3.2,6,0.369,0.705,II,full-pool,0.8782409668,0.8782409668,1,-1,0.5295316999,0.1954857751,0.3625087375,0.26476585,0.6374912625,0.3689998026,0.03018252945,true,0.1,0.05,true,true,true,0,0,0.2625087375,0.21476585
3,0.1,3.225,6,0.372,0.705,II,full-minimal,-inf,-0.5236463122,1,-1,0.5547210931,0.2159588573,0.3853399752,0.2773605466,0.4196878151,0.278072509,0.04246485801,true,0.1,0.05,true,true,true,0,0,0.2853399752,0.2273605466
3,0.1,3.225,6,0.372,0.705,II,full-pool,-0.5,-0.5,1,-1,0.5544434942,0.2154957307,0.3849696125,0.2772217471,0.4233914424,0.2789183398,0.04243052373,true,0.1,0.05,true,true,true,0,0,0.2849696125,0.2272217471
3,0.1,3.225,6,0.372,0.705,II,full-pool,-0.45,-0.45,1,-1,0.5538455934,0.2145342977,0.3841899456,0.2769227967,0.4311881114,0.2808081648,0.04234680664,true,0.1,0.05,true,true,true,0,0,0.2841899456,0.2269227967
3,0.1,3.225,6,0.372,0.705,II,full-pool,-0.4,-0.4,1,-1,0.5532325567,0.2135966026,0.3834145796,0.2766162783,0.4389417708,0.2828309681,0.04224683532,true,0.1,0.05,true,true,true,0,0,0.2834145796,0.2266162783
3,0.1,3.225,6,0.372,0.705,II,full-pool,-0.35,-0.35,1,-1,0.5526040008,0.2126820592,0.38264303,0.2763020004,0.4466572667,0.2849816059,0.04212921075,true,0.1,0.05,true,true,true,0,0,0.28264303,0.2263020004
3,0.1,3.225,6,0.372,0.705,II,full-pool,-0.3,-0.3,1,-1,0.551959533,0.211790096,0.3818748145,0.2759797665,0.4543394218,0.2872553821,0.04199254211,true,0.1,0.05,true,true,true,0,0,0.2818748145,0.2259797665
3,0.1,3.225,6,0.372,0.705,II,full-pool,-0.25,-0.25,1,-1,0.5512987504,0.2109201555,0.381109453,0.2756493752,0.4619930374,0.2896479953,0.04183544812,true,0.1,0.05,true,true,true,0,0,0.281109453,0.2256493752
3,0.1,3.225,6,0.372,0.705,II,full-pool,-0.2,-0.2,1,-1,0.5506212401,0.2100716939,0.380346467,0.27531062,0.4696228975,0.2921554927,0.04165655883,true,0.1,0.05,true,true,true,0,0,0.280346467,0.22531062
3,0.1,3.225,6,0.372,0.705,II,full-pool,-0.15,-0.15,1,-1,0.5499265784,0.2092441808,0.3795853796,0.2749632892,0.4772337709,0.2947742297,0.04145451783,true,0.1,0.05,true,true,true,0,0,0.2795853796,0.2249632892
3,0.1,3.225,6,0.372,0.705,II,full-pool,-0.1,-0.1,1,-1,0.5492143313,0.2084370991,0.3788257152,0.2746071657,0.4848304147,0.2975008337,0.04122798476,true,0.1,0.05,true,true,true,0,0,0.2788257152,0.2246071657
3,0.1,3.225,6,0.372,0.705,II,full-pool,-0.05,-0.05,1,-1,0.5484840536,0.2076499444,0.378066999,0.2742420268,0.492417577,0.3003321734,0.04097563812,true,0.1,0.05,true,true,true,0,0,0.278066999,0.2242420268
3,0.1,3.225,6,0.372,0.705,II,full-pool,0,0,1,-1,0.5477352889,0.2068822245,0.3773087567,0.2738676444,0.5,0.3032653299,0.04069617827,true,0.1,0.05,true,true,true,0,0,0.2773087567,0.2238676444
3,0.1,3.225,6,0.372,0.705,II,full-pool,0.05,0.05,1,-1,0.546967569,0.2061334598,0.3765505144,0.2734837845,0.507582423,0.3062975727,0.04038833066,true,0.1,0.05,true,true,true,0,0,0.2765505144,0.2234837845
3,0.1,3.225,6,0.372,0.705,II,full-pool,0.1,0.1,1,-1,0.5461804143,0.2054031821,0.3757917982,0.2730902071,0.5151695853,0.3094263374,0.04005084914,true,0.1,0.05,true,true,true,0,0,0.2757917982,0.2230902071
3,0.1,3.225,6,0.372,0.705,II,full-pool,0.15,0.15,1,-1,0.5453733326,0.204690935,0.3750321338,0.2726866663,0.5227662291,0.3126492057,0.03968251936,true,0.1,0.05,true,true,true,0,0,0.2750321338,0.2226866663
3,0.1,3.225,6,0.372,0.705,II,full-pool,0.2,0.2,1,-1,0.5445458196,0.2039962734,0.3742710465,0.2722729098,0.5303771025,0.3159638882,0.03928216225,true,0.1,0.05,true,true,true,0,0,0.2742710465,0.2222729098
3,0.1,3.225,6,0.372,0.705,II,full-pool,0.25,0.25,1,-1,0.5436973579,0.203318763,0.3735080605,0.271848679,0.5380069626,0.3193682083,0.03884863748,true,0.1,0.05,true,true,true,0,0,0.2735080605,0.221848679
3,0.1,3.225,6,0.372,0.705,II,full-pool,0.3,0.3,1,-1,0.5428274174,0.2026579804,0.3727426989,0.2714137087,0.5456605782,0.3228600882,0.03838084684,true,0.1,0.05,true,true,true,0,0,0.2727426989,0.2214137087
3,0.1,3.225,6,0.372,0.705,II,full-pool,0.35,0.35,1,-1,0.5419354542,0.2020135126,0.3719744834,0.2709677271,0.5533427333,0.326437536,0.03787773764,true,0.1,0.05,true,true,true,0,0,0.2719744834,0.2209677271
3,0.1,3.225,6,0.372,0.705,II,full-pool,0.4,0.4,1,-1,0.5410209108,0.2013849568,0.3712029338,0.2705104554,0.5610582292,0.3300986342,0.03733830593,true,0.1,0.05,true,true,true,0,0,0.2712029338,0.2205104554
3,0.1,3.225,6,0.372,0.705,II,full-pool,0.45,0.45,1,-1,0.5400832157,0.20077192,0.3704275679,0.2700416079,0.5688118886,0.3338415294,0.03676159958,true,0.1,0.05,true,true,true,0,0,0.2704275679,0.2200416079
3,0.1,3.225,6,0.372,0.705,II,full-pool,0.5,0.5,1,-1,0.5391217827,0.2001740192,0.369647901,0.2695608914,0.5766085576,0.3376644228,0.0361467213,true,0.1,0.05,true,true,true,0,0,0.269647901,0.2195608914
3,0.1,3.225,6,0.372,0.705,II,full-pool,0.55,0.55,1,-1,0.5381360109,0.1995908806,0.3688634458,0.2690680055,0.5844531094,0.3415655618,0.03549283133,true,0.1,0.05,true,true,true,0,0,0.2688634458,0.2190680055
3,0.1,3.225,6,0.372,0.705,II,full-pool,0.6,0.6,1,-1,0.5371252842,0.1990221398,0.368073712,0.2685626421,0.5923504472,0.3455432324,0.03479915,true,0.1,0.05,true,true,true,0,0,0.268073712,0.2185626421
3,0.1,3.225,6,0.372,0.705,II,full-pool,0.65,0.65,1,-1,0.5360889708,0.1984674412,0.367278206,0.2680444854,0.6003055071,0.349595752,0.03406496011,true,0.1,0.05,true,true,true,0,0,0.267278206,0.2180444854
3,0.1,3.225,6,0.372,0.705,II,full-pool,0.7,0.7,1,-1,0.535026423,0.1979264382,0.3664764306,0.2675132115,0.6083232611,0.3537214633,0.03328960893,true,0.1,0.05,true,true,true,0,0,0.2664764306,0.2175132115
3,0.1,3.225,6,0.372,0.705,II,full-pool,0.75,0.75,1,-1,0.5339369767,0.1973987925,0.3656678846,0.2669684884,0.6164087207,0.3579187286,0.03247251009,true,0.1,0.05,true,true,true,0,0,0.2656678846,0.2169684884
3,0.1,3.225,6,0.372,0.705,II,full-pool,0.8,0.8,1,-1,0.532819951,0.1968841745,0.3648520628,0.2664099755,0.6245669396,0.3621859246,0.03161314512,true,0.1,0.05,true,true,true,0,0,0.2648520628,0.2164099755
3,0.1,3.225,6,0.372,0.705,II,full-pool,0.85,0.85,1,-1,0.5316746475,0.1963822625,0.364028455,0.2658373238,0.6328030168,0.3665214378,0.03071106477,true,0.1,0.05,true,true,true,0,0,0.264028455,0.2158373238
3,0.1,3.225,6,0.372,0.705,II,full-pool,0.9,0.9,1,-1,0.5243852877,0.1933705117,0.3588778997,0.2621926439,0.6411221003,0.3709236603,0.02976589001,true,0.1,0.05,true,true,true,0,0,0.2588778997,0.2121926439
3,0.1,3.225,6,0.372,0.705,II,full-pool,0.9121124268,0.9121124268,1,-1,0.5214961237,0.1922029577,0.3568495407,0.2607480618,0.6431504593,0.3719999491,0.02953040238,true,0.1,0.05,true,true,true,0,0,0.2568495407,0.2107480618
3,0.1,3.25,6,0.375,0.705,II,full-minimal,-inf,-0.5108256238,1,-1,0.5545709904,0.2157070773,0.3851390339,0.2772854952,0.4216972285,0.2785272211,0.04244664563,true,0.1,0.05,true,true,true,0,0,0.2851390339,0.2272854952
3,0.1,3.25,6,0.375,0.705,II,full-pool,-0.5,-0.5,1,-1,0.5544434942,0.2154957307,0.3849696125,0.2772217471,0.4233914424,0.2789183398,0.04243052373,true,0.1,0.05,true,true,true,0,0,0.2849696125,0.2272217471
3,0.1,3.25,6,0.375,0.705,II,full-pool,-0.45,-0.45,1,-1,0.5538455934,0.2145342977,0.3841899456,0.2769227967,0.4311881114,0.2808081648,0.04234680664,true,0.1,0.05,true,true,true,0,0,0.2841899456,0.2269227967
3,0.1,3.25,6,0.375,0.705,II,full-pool,-0.4,-0.4,1,-1,0.5532325567,0.2135966026,0.3834145796,0.2766162783,0.4389417708,0.2828309681,0.04224683532,true,0.1,0.05,true,true,true,0,0,0.2834145796,0.2266162783
3,0.1,3.25,6,0.375,0.705,II,full-pool,-0.35,-0.35,1,-1,0.5526040008,0.2126820592,0.38264303,0.2763020004,0.4466572667,0.2849816059,0.04212921075,true,0.1,0.05,true,true,true,0,0,0.28264303,0.2263020004
3,0.1,3.25,6,0.375,0.705,II,full-pool,-0.3,-0.3,1,-1,0.551959533,0.211790096,0.3818748145,0.2759797665,0.4543394218,0.2872553821,0.04199254211,true,0.1,0.05,true,true,true,0,0,0.2818748145,0.2259797665
3,0.1,3.25,6,0.375,0.705,II,full-pool,-0.25,-0.25,1,-1,0.5512987504,0.2109201555,0.381109453,0.2756493752,0.4619930374,0.2896479953,0.04183544812,true,0.1,0.05,true,true,true,0,0,0.281109453,0.2256493752
3,0.1,3.25,6,0.375,0.705,II,full-pool,-0.2,-0.2,1,-1,0.5506212401,0.2100716939,0.380346467,0.27531062,0.4696228975,0.2921554927,0.04165655883,true,0.1,0.05,true,true,true,0,0,0.280346467,0.22531062
3,0.1,3.25,6,0.375,0.705,II,full-pool,-0.15,-0.15,1,-1,0.5499265784,0.2092441808,0.3795853796,0.2749632892,0.4772337709,0.2947742297,0.04145451783,true,0.1,0.05,true,true,true,0,0,0.2795853796,0.2249632892
3,0.1,3.25,6,0.375,0.705,II,full-pool,-0.1,-0.1,1,-1,0.5492143313,0.2084370991,0.3788257152,0.2746071657,0.4848304147,0.2975008337,0.04122798476,true,0.1,0.05,true,true,true,0,0,0.2788257152,0.2246071657
3,0.1,3.25,6,0.375,0.705,II,full-pool,-0.05,-0.05,1,-1,0.5484840536,0.2076499444,0.378066999,0.2742420268,0.492417577,0.3003321734,0.04097563812,true,0.1,0.05,true,true,true,0,0,0.278066999,0.2242420268
3,0.1,3.25,6,0.375,0.705,II,full-pool,0,0,1,-1,0.5477352889,0.2068822245,0.3773087567,0.2738676444,0.5,0.3032653299,0.04069617827,true,0.1,0.05,true,true,true,0,0,0.2773087567,0.2238676444
3,0.1,3.25,6,0.375,0.705,II,full-pool,0.05,0.05,1,-1,0.546967569,0.2061334598,0.3765505144,0.2734837845,0.507582423,0.3062975727,0.04038833066,true,0.1,0.05,true,true,true,0,0,0.2765505144,0.2234837845
3,0.1,3.25,6,0.375,0.705,II,full-pool,0.1,0.1,1,-1,0.5461804143,0.2054031821,0.3757917982,0.2730902071,0.5151695853,0.3094263374,0.04005084914,true,0.1,0.05,true,true,true,0,0,0.2757917982,0.2230902071
3,0.1,3.25,6,0.375,0.705,II,full-pool,0.15,0.15,1,-1,0.5453733326,0.204690935,0.3750321338,0.2726866663,0.5227662291,0.3126492057,0.03968251936,true,0.1,0.05,true,true,true,0,0,0.2750321338,0.2226866663
3,0.1,3.25,6,0.375,0.705,II,full-pool,0.2,0.2,1,-1,0.5445458196,0.2039962734,0.3742710465,0.2722729098,0.5303771025,0.3159638882,0.03928216225,true,0.1,0.05,true,true,true,0,0,0.2742710465,0.2222729098
3,0.1,3.25,6,0.375,0.705,II,full-pool,0.25,0.25,1,-1,0.5436973579,0.203318763,0.3735080605,0.271848679,0.5380069626,0.3193682083,0.03884863748,true,0.1,0.05,true,true,true,0,0,0.2735080605,0.221848679
3,0.1,3.25,6,0.375,0.705,II,full-pool,0.3,0.3,1,-1,0.5428274174,0.2026579804,0.3727426989,0.2714137087,0.5456605782,0.3228600882,0.03838084684,true,0.1,0.05,true,true,true,0,0,0.2727426989,0.2214137087
3,0.1,3.25,6,0.375,0.705,II,full-pool,0.35,0.35,1,-1,0.5419354542,0.2020135126,0.3719744834,0.2709677271,0.5533427333,0.326437536,0.03787773764,true,0.1,0.05,true,true,true,0,0,0.2719744834,0.2209677271
3,0.1,3.25,6,0.375,0.705,II,full-pool,0.4,0.4,1,-1,0.5410209108,0.2013849568,0.3712029338,0.2705104554,0.5610582292,0.3300986342,0.03733830593,true,0.1,0.05,true,true,true,0,0,0.2712029338,0.2205104554
3,0.1,3.25,6,0.375,0.705,II,full-pool,0.45,0.45,1,-1,0.5400832157,0.20077192,0.3704275679,0.2700416079,0.5688118886,0.3338415294,0.03676159958,true,0.1,0.05,true,true,true,0,0,0.2704275679,0.2200416079
3,0.1,3.25,6,0.375,0.705,II,full-pool,0.5,0.5,1,-1,0.5391217827,0.2001740192,0.369647901,0.2695608914,0.5766085576,0.3376644228,0.0361467213,true,0.1,0.05,true,true,true,0,0,0.269647901,0.2195608914
3,0.1,3.25,6,0.375,0.705,II,full-pool,0.55,0.55,1,-1,0.5381360109,0.1995908806,0.3688634458,0.2690680055,0.5844531094,0.3415655618,0.03549283133,true,0.1,0.05,true,true,true,0,0,0.2688634458,0.2190680055
3,0.1,3.25,6,0.375,0.705,II,full-pool,0.6,0.6,1,-1,0.5371252842,0.1990221398,0.368073712,0.2685626421,0.5923504472,0.3455432324,0.03479915,true,0.1,0.05,true,true,true,0,0,0.268073712,0.2185626421
3,0.1,3.25,6,0.375,0.705,II,full-pool,0.65,0.65,1,-1,0.5360889708,0.1984674412,0.367278206,0.2680444854,0.6003055071,0.349595752,0.03406496011,true,0.1,0.05,true,true,true,0,0,0.267278206,0.2180444854
3,0.1,3.25,6,0.375,0.705,II,full-pool,0.7,0.7,1,-1,0.535026423,0.1979264382,0.3664764306,0.2675132115,0.6083232611,0.3537214633,0.03328960893,true,0.1,0.05,true,true,true,0,0,0.2664764306,0.2175132115
3,0.1,3.25,6,0.375,0.705,II,full-pool,0.75,0.75,1,-1,0.5339369767,0.1973987925,0.3656678846,0.2669684884,0.6164087207,0.3579187286,0.03247251009,true,0.1,0.05,true,true,true,0,0,0.2656678846,0.2169684884
3,0.1,3.25,6,0.375,0.705,II,full-pool,0.8,0.8,1,-1,0.532819951,0.1968841745,0.3648520628,0.2664099755,0.6245669396,0.3621859246,0.03161314512,true,0.1,0.05,true,true,true,0,0,0.2648520628,0.2164099755
3,0.1,3.25,6,0.375,0.705,II,full-pool,0.85,0.85,1,-1,0.5316746475,0.1963822625,0.364028455,0.2658373238,0.6328030168,0.3665214378,0.03071106477,true,0.1,0.05,true,true,true,0,0,0.264028455,0.2158373238
3,0.1,3.25,6,0.375,0.705,II,full-pool,0.9,0.9,1,-1,0.5243852877,0.1933705117,0.3588778997,0.2621926439,0.6411221003,0.3709236603,0.02976589001,true,0.1,0.05,true,true,true,0,0,0.2588778997,0.2121926439
3,0.1,3.25,6,0.375,0.705,II,full-pool,0.9456512451,0.9456512451,1,-1,0.513404238,0.1890067022,0.3512054701,0.256702119,0.6487945299,0.3749998957,0.02886502416,true,0.1,0.05,true,true,true,0,0,0.2512054701,0.206702119
3,0.1,3.275,6,0.378,0.705,II,full-minimal,-inf,-0.4980458971,1,-1,0.5544204066,0.2154577029,0.3849390548,0.2772102033,0.4236970196,0.2789896334,0.04242753987,true,0.1,0.05,true,true,true,0,0,0.2849390548,0.2272102033
3,0.1,3.275,6,0.378,0.705,II,full-pool,-0.45,-0.45,1,-1,0.5538455934,0.2145342977,0.3841899456,0.2769227967,0.4311881114,0.2808081648,0.04234680664,true,0.1,0.05,true,true,true,0,0,0.2841899456,0.2269227967
3,0.1,3.275,6,0.378,0.705,II,full-pool,-0.4,-0.4,1,-1,0.5532325567,0.2135966026,0.3834145796,0.2766162783,0.4389417708,0.2828309681,0.04224683532,true,0.1,0.05,true,true,true,0,0,0.2834145796,0.2266162783
3,0.1,3.275,6,0.378,0.705,II,full-pool,-0.35,-0.35,1,-1,0.5526040008,0.2126820592,0.38264303,0.2763020004,0.4466572667,0.2849816059,0.04212921075,true,0.1,0.05,true,true,true,0,0,0.28264303,0.2263020004
3,0.1,3.275,6,0.378,0.705,II,full-pool,-0.3,-0.3,1,-1,0.551959533,0.211790096,0.3818748145,0.2759797665,0.4543394218,0.2872553821,0.04199254211,true,0.1,0.05,true,true,true,0,0,0.2818748145,0.2259797665
3,0.1,3.275,6,0.378,0.705,II,full-pool,-0.25,-0.25,1,-1,0.5512987504,0.2109201555,0.381109453,0.2756493752,0.4619930374,0.2896479953,0.04183544812,true,0.1,0.05,true,true,true,0,0,0.281109453,0.2256493752
3,0.1,3.275,6,0.378,0.705,II,full-pool,-0.2,-0.2,1,-1,0.5506212401,0.2100716939,0.380346467,0.27531062,0.4696228975,0.2921554927,0.04165655883,true,0.1,0.05,true,true,true,0,0,0.280346467,0.22531062
3,0.1,3.275,6,0.378,0.705,II,full-pool,-0.15,-0.15,1,-1,0.5499265784,0.2092441808,0.3795853796,0.2749632892,0.4772337709,0.2947742297,0.04145451783,true,0.1,0.05,true,true,true,0,0,0.2795853796,0.2249632892
3,0.1,3.275,6,0.378,0.705,II,full-pool,-0.1,-0.1,1,-1,0.5492143313,0.2084370991,0.3788257152,0.2746071657,0.4848304147,0.2975008337,0.04122798476,true,0.1,0.05,true,true,true,0,0,0.2788257152,0.2246071657
3,0.1,3.275,6,0.378,0.705,II,full-pool,-0.05,-0.05,1,-1,0.5484840536,0.2076499444,0.378066999,0.2742420268,0.492417577,0.3003321734,0.04097563812,true,0.1,0.05,true,true,true,0,0,0.278066999,0.2242420268
3,0.1,3.275,6,0.378,0.705,II,full-pool,0,0,1,-1,0.5477352889,0.2068822245,0.3773087567,0.2738676444,0.5,0.3032653299,0.04069617827,true,0.1,0.05,true,true,true,0,0,0.2773087567,0.2238676444
3,0.1,3.275,6,0.378,0.705,II,full-pool,0.05,0.05,1,-1,0.546967569,0.2061334598,0.3765505144,0.2734837845,0.507582423,0.3062975727,0.04038833066,true,0.1,0.05,true,true,true,0,0,0.2765505144,0.2234837845
3,0.1,3.275,6,0.378,0.705,II,full-pool,0.1,0.1,1,-1,0.5461804143,0.2054031821,0.3757917982,0.2730902071,0.5151695853,0.3094263374,0.04005084914,true,0.1,0.05,true,true,true,0,0,0.2757917982,0.2230902071
3,0.1,3.275,6,0.378,0.705,II,full-pool,0.15,0.15,1,-1,0.5453733326,0.204690935,0.3750321338,0.2726866663,0.5227662291,0.3126492057,0.03968251936,true,0.1,0.05,true,true,true,0,0,0.2750321338,0.2226866663
3,0.1,3.275,6,0.378,0.705,II,full-pool,0.2,0.2,1,-1,0.5445458196,0.2039962734,0.3742710465,0.2722729098,0.5303771025,0.3159638882,0.03928216225,true,0.1,0.05,true,true,true,0,0,0.2742710465,0.2222729098
3,0.1,3.275,6,0.378,0.705,II,full-pool,0.25,0.25,1,-1,0.5436973579,0.203318763,0.3735080605,0.271848679,0.5380069626,0.3193682083,0.03884863748,true,0.1,0.05,true,true,true,0,0,0.2735080605,0.221848679
3,0.1,3.275,6,0.378,0.705,II,full-pool,0.3,0.3,1,-1,0.5428274174,0.2026579804,0.3727426989,0.2714137087,0.5456605782,0.3228600882,0.03838084684,true,0.1,0.05,true,true,true,0,0,0.2727426989,0.2214137087
3,0.1,3.275,6,0.378,0.705,II,full-pool,0.35,0.35,1,-1,0.5419354542,0.2020135126,0.3719744834,0.2709677271,0.5533427333,0.326437536,0.03787773764,true,0.1,0.05,true,true,true,0,0,0.2719744834,0.2209677271
3,0.1,3.275,6,0.378,0.705,II,full-pool,0.4,0.4,1,-1,0.5410209108,0.2013849568,0.3712029338,0.2705104554,0.5610582292,0.3300986342,0.03733830593,true,0.1,0.05,true,true,true,0,0,0.2712029338,0.2205104554
3,0.1,3.275,6,0.378,0.705,II,full-pool,0.45,0.45,1,-1,0.5400832157,0.20077192,0.3704275679,0.2700416079,0.5688118886,0.3338415294,0.03676159958,true,0.1,0.05,true,true,true,0,0,0.2704275679,0.2200416079
3,0.1,3.275,6,0.378,0.705,II,full-pool,0.5,0.5,1,-1,0.5391217827,0.2001740192,0.369647901,0.2695608914,0.5766085576,0.3376644228,0.0361467213,true,0.1,0.05,true,true,true,0,0,0.269647901,0.2195608914
3,0.1,3.275,6,0.378,0.705,II,full-pool,0.55,0.55,1,-1,0.5381360109,0.1995908806,0.3688634458,0.2690680055,0.5844531094,0.3415655618,0.03549283133,true,0.1,0.05,true,true,true,0,0,0.2688634458,0.2190680055
3,0.1,3.275,6,0.378,0.705,II,full-pool,0.6,0.6,1,-1,0.5371252842,0.1990221398,0.368073712,0.2685626421,0.5923504472,0.3455432324,0.03479915,true,0.1,0.05,true,true,true,0,0,0.268073712,0.2185626421
3,0.1,3.275,6,0.378,0.705,II,full-pool,0.65,0.65,1,-1,0.5360889708,0.1984674412,0.367278206,0.2680444854,0.6003055071,0.349595752,0.03406496011,true,0.1,0.05,true,true,true,0,0,0.267278206,0.2180444854
3,0.1,3.275,6,0.378,0.705,II,full-pool,0.7,0.7,1,-1,0.535026423,0.1979264382,0.3664764306,0.2675132115,0.6083232611,0.3537214633,0.03328960893,true,0.1,0.05,true,true,true,0,0,0.2664764306,0.2175132115
3,0.1,3.275,6,0.378,0.705,II,full-pool,0.75,0.75,1,-1,0.5339369767,0.1973987925,0.3656678846,0.2669684884,0.6164087207,0.3579187286,0.03247251009,true,0.1,0.05,true,true,true,0,0,0.2656678846,0.2169684884
3,0.1,3.275,6,0.378,0.705,II,full-pool,0.8,0.8,1,-1,0.532819951,0.1968841745,0.3648520628,0.2664099755,0.6245669396,0.3621859246,0.03161314512,true,0.1,0.05,true,true,true,0,0,0.2648520628,0.2164099755
3,0.1,3.275,6,0.378,0.705,II,full-pool,0.85,0.85,1,-1,0.5316746475,0.1963822625,0.364028455,0.2658373238,0.6328030168,0.3665214378,0.03071106477,true,0.1,0.05,true,true,true,0,0,0.264028455,0.2158373238
3,0.1,3.275,6,0.378,0.705,II,full-pool,0.9,0.9,1,-1,0.5243852877,0.1933705117,0.3588778997,0.2621926439,0.6411221003,0.3709236603,0.02976589001,true,0.1,0.05,true,true,true,0,0,0.2588778997,0.2121926439
3,0.1,3.275,6,0.378,0.705,II,full-pool,0.95,0.95,1,-1,0.512345044,0.1885961768,0.3504706104,0.256172522,0.6495293896,0.375390986,0.02877731277,true,0.1,0.05,true,true,true,0,0,0.2504706104,0.206172522
3,0.1,3.275,6,0.378,0.705,II,full-pool,0.9788757324,0.9788757324,1,-1,0.5052532752,0.1858928128,0.345573044,0.2526266376,0.654426956,0.3779999588,0.02818652875,true,0.1,0.05,true,true,true,0,0,0.245573044,0.2026266376
3,0.1,3.3,6,0.381,0.705,II,full-minimal,-inf,-0.4853058976,1,-1,0.5542693301,0.2152106847,0.3847400074,0.2771346651,0.4256874931,0.2794596048,0.04240752443,true,0.1,0.05,true,true,true,0,0,0.2847400074,0.2271346651
3,0.1,3.3,6,0.381,0.705,II,full-pool,-0.45,-0.45,1,-1,0.5538455934,0.2145342977,0.3841899456,0.2769227967,0.4311881114,0.2808081648,0.04234680664,true,0.1,0.05,true,true,true,0,0,0.2841899456,0.2269227967
3,0.1,3.3,6,0.381,0.705,II,full-pool,-0.4,-0.4,1,-1,0.5532325567,0.2135966026,0.3834145796,0.2766162783,0.4389417708,0.2828309681,0.04224683532,true,0.1,0.05,true,true,true,0,0,0.2834145796,0.2266162783
3,0.1,3.3,6,0.381,0.705,II,full-pool,-0.35,-0.35,1,-1,0.5526040008,0.2126820592,0.38264303,0.2763020004,0.4466572667,0.2849816059,0.04212921075,true,0.1,0.05,true,true,true,0,0,0.28264303,0.2263020004
3,0.1,3.3,6,0.381,0.705,II,full-pool,-0.3,-0.3,1,-1,0.551959533,0.211790096,0.3818748145,0.2759797665,0.4543394218,0.2872553821,0.04199254211,true,0.1,0.05,true,true,true,0,0,0.2818748145,0.2259797665
3,0.1,3.3,6,0.381,0.705,II,full-pool,-0.25,-0.25,1,-1,0.5512987504,0.2109201555,0.381109453,0.2756493752,0.4619930374,0.2896479953,0.04183544812,true,0.1,0.05,true,true,true,0,0,0.281109453,0.2256493752
3,0.1,3.3,6,0.381,0.705,II,full-pool,-0.2,-0.2,1,-1,0.5506212401,0.2100716939,0.380346467,0.27531062,0.4696228975,0.2921554927,0.04165655883,true,0.1,0.05,true,true,true,0,0,0.280346467,0.22531062
3,0.1,3.3,6,0.381,0.705,II,full-pool,-0.15,-0.15,1,-1,0.5499265784,0.2092441808,0.3795853796,0.2749632892,0.4772337709,0.2947742297,0.04145451783,true,0.1,0.05,true,true,true,0,0,0.2795853796,0.2249632892
3,0.1,3.3,6,0.381,0.705,II,full-pool,-0.1,-0.1,1,-1,0.5492143313,0.2084370991,0.3788257152,0.2746071657,0.4848304147,0.2975008337,0.04122798476,true,0.1,0.05,true,true,true,0,0,0.2788257152,0.2246071657
3,0.1,3.3,6,0.381,0.705,II,full-pool,-0.05,-0.05,1,-1,0.5484840536,0.2076499444,0.378066999,0.2742420268,0.492417577,0.3003321734,0.04097563812,true,0.1,0.05,true,true,true,0,0,0.278066999,0.2242420268
3,0.1,3.3,6,0.381,0.705,II,full-pool,0,0,1,-1,0.5477352889,0.2068822245,0.3773087567,0.2738676444,0.5,0.3032653299,0.04069617827,true,0.1,0.05,true,true,true,0,0,0.2773087567,0.2238676444
3,0.1,3.3,6,0.381,0.705,II,full-pool,0.05,0.05,1,-1,0.546967569,0.2061334598,0.3765505144,0.2734837845,0.507582423,0.3062975727,0.04038833066,true,0.1,0.05,true,true,true,0,0,0.2765505144,0.2234837845
3,0.1,3.3,6,0.381,0.705,II,full-pool,0.1,0.1,1,-1,0.5461804143,0.2054031821,0.3757917982,0.2730902071,0.5151695853,0.3094263374,0.04005084914,true,0.1,0.05,true,true,true,0,0,0.2757917982,0.2230902071
3,0.1,3.3,6,0.381,0.705,II,full-pool,0.15,0.15,1,-1,0.5453733326,0.204690935,0.3750321338,0.2726866663,0.5227662291,0.3126492057,0.03968251936,true,0.1,0.05,true,true,true,0,0,0.2750321338,0.2226866663
3,0.1,3.3,6,0.381,0.705,II,full-pool,0.2,0.2,1,-1,0.5445458196,0.2039962734,0.3742710465,0.2722729098,0.5303771025,0.3159638882,0.03928216225,true,0.1,0.05,true,true,true,0,0,0.2742710465,0.2222729098
3,0.1,3.3,6,0.381,0.705,II,full-pool,0.25,0.25,1,-1,0.5436973579,0.203318763,0.3735080605,0.271848679,0.5380069626,0.3193682083,0.03884863748,true,0.1,0.05,true,true,true,0,0,0.2735080605,0.221848679
3,0.1,3.3,6,0.381,0.705,II,full-pool,0.3,0.3,1,-1,0.5428274174,0.2026579804,0.3727426989,0.2714137087,0.5456605782,0.3228600882,0.03838084684,true,0.1,0.05,true,true,true,0,0,0.2727426989,0.2214137087
3,0.1,3.3,6,0.381,0.705,II,full-pool,0.35,0.35,1,-1,0.5419354542,0.2020135126,0.3719744834,0.2709677271,0.5533427333,0.326437536,0.03787773764,true,0.1,0.05,true,true,true,0,0,0.2719744834,0.2209677271
3,0.1,3.3,6,0.381,0.705,II,full-pool,0.4,0.4,1,-1,0.5410209108,0.2013849568,0.3712029338,0.2705104554,0.5610582292,0.3300986342,0.03733830593,true,0.1,0.05,true,true,true,0,0,0.2712029338,0.2205104554
3,0.1,3.3,6,0.381,0.705,II,full-pool,0.45,0.45,1,-1,0.5400832157,0.20077192,0.3704275679,0.2700416079,0.5688118886,0.3338415294,0.03676159958,true,0.1,0.05,true,true,true,0,0,0.2704275679,0.2200416079
3,0.1,3.3,6,0.381,0.705,II,full-pool,0.5,0.5,1,-1,0.5391217827,0.2001740192,0.369647901,0.2695608914,0.5766085576,0.3376644228,0.0361467213,true,0.1,0.05,true,true,true,0,0,0.269647901,0.2195608914
3,0.1,3.3,6,0.381,0.705,II,full-pool,0.55,0.55,1,-1,0.5381360109,0.1995908806,0.3688634458,0.2690680055,0.5844531094,0.3415655618,0.03549283133,true,0.1,0.05,true,true,true,0,0,0.2688634458,0.2190680055
3,0.1,3.3,6,0.381,0.705,II,full-pool,0.6,0.6,1,-1,0.5371252842,0.1990221398,0.368073712,0.2685626421,0.5923504472,0.3455432324,0.03479915,true,0.1,0.05,true,true,true,0,0,0.268073712,0.2185626421
3,0.1,3.3,6,0.381,0.705,II,full-pool,0.65,0.65,1,-1,0.5360889708,0.1984674412,0.367278206,0.2680444854,0.6003055071,0.349595752,0.03406496011,true,0.1,0.05,true,true,true,0,0,0.267278206,0.2180444854
3,0.1,3.3,6,0.381,0.705,II,full-pool,0.7,0.7,1,-1,0.535026423,0.1979264382,0.3664764306,0.2675132115,0.6083232611,0.3537214633,0.03328960893,true,0.1,0.05,true,true,true,0,0,0.2664764306,0.2175132115
3,0.1,3.3,6,0.381,0.705,II,full-pool,0.75,0.75,1,-1,0.5339369767,0.1973987925,0.3656678846,0.2669684884,0.6164087207,0.3579187286,0.03247251009,true,0.1,0.05,true,true,true,0,0,0.2656678846,0.2169684884
3,0.1,3.3,6,0.381,0.705,II,full-pool,0.8,0.8,1,-1,0.532819951,0.1968841745,0.3648520628,0.2664099755,0.6245669396,0.3621859246,0.03161314512,true,0.1,0.05,true,true,true,0,0,0.2648520628,0.2164099755
3,0.1,3.3,6,0.381,0.705,II,full-pool,0.85,0.85,1,-1,0.5316746475,0.1963822625,0.364028455,0.2658373238,0.6328030168,0.3665214378,0.03071106477,true,0.1,0.05,true,true,true,0,0,0.264028455,0.2158373238
3,0.1,3.3,6,0.381,0.705,II,full-pool,0.9,0.9,1,-1,0.5243852877,0.1933705117,0.3588778997,0.2621926439,0.6411221003,0.3709236603,0.02976589001,true,0.1,0.05,true,true,true,0,0,0.2588778997,0.2121926439
3,0.1,3.3,6,0.381,0.705,II,full-pool,0.95,0.95,1,-1,0.512345044,0.1885961768,0.3504706104,0.256172522,0.6495293896,0.375390986,0.02877731277,true,0.1,0.05,true,true,true,0,0,0.2504706104,0.206172522
3,0.1,3.3,6,0.381,0.705,II,full-pool,1,1,1,-1,0.5,0.1839397206,0.3419698603,0.25,0.6580301397,0.3799218074,0.02774509651,true,0.1,0.05,true,true,true,0,0,0.2419698603,0.2
3,0.1,3.3,6,0.381,0.705,II,full-pool,1.011886597,1.011886597,1,-1,0.4970371641,0.1828497542,0.3399434591,0.248518582,0.6600565409,0.380999812,0.0274960143,true,0.1,0.05,true,true,true,0,0,0.2399434591,0.198518582
3,0.1,3.325,6,0.384,0.705,II,full-minimal,-inf,-0.4726044109,1,-1,0.5541177493,0.2149659746,0.384541862,0.2770588747,0.4276689475,0.2799370012,0.04238658313,true,0.1,0.05,true,true,true,0,0,0.284541862,0.2270588747
3,0.1,3.325,6,0.384,0.705,II,full-pool,-0.45,-0.45,1,-1,0.5538455934,0.2145342977,0.3841899456,0.2769227967,0.4311881114,0.2808081648,0.04234680664,true,0.1,0.05,true,true,true,0,0,0.2841899456,0.2269227967
3,0.1,3.325,6,0.384,0.705,II,full-pool,-0.4,-0.4,1,-1,0.5532325567,0.2135966026,0.3834145796,0.2766162783,0.4389417708,0.2828309681,0.04224683532,true,0.1,0.05,true,true,true,0,0,0.2834145796,0.2266162783
3,0.1,3.325,6,0.384,0.705,II,full-pool,-0.35,-0.35,1,-1,0.5526040008,0.2126820592,0.38264303,0.2763020004,0.4466572667,0.2849816059,0.04212921075,true,0.1,0.05,true,true,true,0,0,0.28264303,0.2263020004
3,0.1,3.325,6,0.384,0.705,II,full-pool,-0.3,-0.3,1,-1,0.551959533,0.211790096,0.3818748145,0.2759797665,0.4543394218,0.2872553821,0.04199254211,true,0.1,0.05,true,true,true,0,0,0.2818748145,0.2259797665
3,0.1,3.325,6,0.384,0.705,II,full-pool,-0.25,-0.25,1,-1,0.5512987504,0.2109201555,0.381109453,0.2756493752,0.4619930374,0.2896479953,0.04183544812,true,0.1,0.05,true,true,true,0,0,0.281109453,0.2256493752
3,0.1,3.325,6,0.384,0.705,II,full-pool,-0.2,-0.2,1,-1,0.5506212401,0.2100716939,0.380346467,0.27531062,0.4696228975,0.2921554927,0.04165655883,true,0.1,0.05,true,true,true,0,0,0.280346467,0.22531062
3,0.1,3.325,6,0.384,0.705,II,full-pool,-0.15,-0.15,1,-1,0.5499265784,0.2092441808,0.3795853796,0.2749632892,0.4772337709,0.2947742297,0.04145451783,true,0.1,0.05,true,true,true,0,0,0.2795853796,0.2249632892
3,0.1,3.325,6,0.384,0.705,II,full-pool,-0.1,-0.1,1,-1,0.5492143313,0.2084370991,0.3788257152,0.2746071657,0.4848304147,0.2975008337,0.04122798476,true,0.1,0.05,true,true,true,0,0,0.2788257152,0.2246071657
3,0.1,3.325,6,0.384,0.705,II,full-pool,-0.05,-0.05,1,-1,0.5484840536,0.2076499444,0.378066999,0.2742420268,0.492417577,0.3003321734,0.04097563812,true,0.1,0.05,true,true,true,0,0,0.278066999,0.2242420268
3,0.1,3.325,6,0.384,0.705,II,full-pool,0,0,1,-1,0.5477352889,0.2068822245,0.3773087567,0.2738676444,0.5,0.3032653299,0.04069617827,true,0.1,0.05,true,true,true,0,0,0.2773087567,0.2238676444
3,0.1,3.325,6,0.384,0.705,II,full-pool,0.05,0.05,1,-1,0.546967569,0.2061334598,0.3765505144,0.2734837845,0.507582423,0.3062975727,0.04038833066,true,0.1,0.05,true,true,true,0,0,0.2765505144,0.2234837845
3,0.1,3.325,6,0.384,0.705,II,full-pool,0.1,0.1,1,-1,0.5461804143,0.2054031821,0.3757917982,0.2730902071,0.5151695853,0.3094263374,0.04005084914,true,0.1,0.05,true,true,true,0,0,0.2757917982,0.2230902071
3,0.1,3.325,6,0.384,0.705,II,full-pool,0.15,0.15,1,-1,0.5453733326,0.204690935,0.3750321338,0.2726866663,0.5227662291,0.3126492057,0.03968251936,true,0.1,0.05,true,true,true,0,0,0.2750321338,0.2226866663
3,0.1,3.325,6,0.384,0.705,II,full-pool,0.2,0.2,1,-1,0.5445458196,0.2039962734,0.3742710465,0.2722729098,0.5303771025,0.3159638882,0.03928216225,true,0.1,0.05,true,true,true,0,0,0.2742710465,0.2222729098
3,0.1,3.325,6,0.384,0.705,II,full-pool,0.25,0.25,1,-1,0.5436973579,0.203318763,0.3735080605,0.271848679,0.5380069626,0.3193682083,0.03884863748,true,0.1,0.05,true,true,true,0,0,0.2735080605,0.221848679
3,0.1,3.325,6,0.384,0.705,II,full-pool,0.3,0.3,1,-1,0.5428274174,0.2026579804,0.3727426989,0.2714137087,0.5456605782,0.3228600882,0.03838084684,true,0.1,0.05,true,true,true,0,0,0.2727426989,0.2214137087
3,0.1,3.325,6,0.384,0.705,II,full-pool,0.35,0.35,1,-1,0.5419354542,0.2020135126,0.3719744834,0.2709677271,0.5533427333,0.326437536,0.03787773764,true,0.1,0.05,true,true,true,0,0,0.2719744834,0.2209677271
3,0.1,3.325,6,0.384,0.705,II,full-pool,0.4,0.4,1,-1,0.5410209108,0.2013849568,0.3712029338,0.2705104554,0.5610582292,0.3300986342,0.03733830593,true,0.1,0.05,true,true,true,0,0,0.2712029338,0.2205104554
3,0.1,3.325,6,0.384,0.705,II,full-pool,0.45,0.45,1,-1,0.5400832157,0.20077192,0.3704275679,0.2700416079,0.5688118886,0.3338415294,0.03676159958,true,0.1,0.05,true,true,true,0,0,0.2704275679,0.2200416079
3,0.1,3.325,6,0.384,0.705,II,full-pool,0.5,0.5,1,-1,0.5391217827,0.2001740192,0.369647901,0.2695608914,0.5766085576,0.3376644228,0.0361467213,true,0.1,0.05,true,true,true,0,0,0.269647901,0.2195608914
3,0.1,3.325,6,0.384,0.705,II,full-pool,0.55,0.55,1,-1,0.5381360109,0.1995908806,0.3688634458,0.2690680055,0.5844531094,0.3415655618,0.03549283133,true,0.1,0.05,true,true,true,0,0,0.2688634458,0.2190680055
3,0.1,3.325,6,0.384,0.705,II,full-pool,0.6,0.6,1,-1,0.5371252842,0.1990221398,0.368073712,0.2685626421,0.5923504472,0.3455432324,0.03479915,true,0.1,0.05,true,true,true,0,0,0.268073712,0.2185626421
3,0.1,3.325,6,0.384,0.705,II,full-pool,0.65,0.65,1,-1,0.5360889708,0.1984674412,0.367278206,0.2680444854,0.6003055071,0.349595752,0.03406496011,true,0.1,0.05,true,true,true,0,0,0.267278206,0.2180444854
3,0.1,3.325,6,0.384,0.705,II,full-pool,0.7,0.7,1,-1,0.535026423,0.1979264382,0.3664764306,0.2675132115,0.6083232611,0.3537214633,0.03328960893,true,0.1,0.05,true,true,true,0,0,0.2664764306,0.2175132115
3,0.1,3.325,6,0.384,0.705,II,full-pool,0.75,0.75,1,-1,0.5339369767,0.1973987925,0.3656678846,0.2669684884,0.6164087207,0.3579187286,0.03247251009,true,0.1,0.05,true,true,true,0,0,0.2656678846,0.2169684884
3,0.1,3.325,6,0.384,0.705,II,full-pool,0.8,0.8,1,-1,0.532819951,0.1968841745,0.3648520628,0.2664099755,0.6245669396,0.3621859246,0.03161314512,true,0.1,0.05,true,true,true,0,0,0.2648520628,0.2164099755
3,0.1,3.325,6,0.384,0.705,II,full-pool,0.85,0.85,1,-1,0.5316746475,0.1963822625,0.364028455,0.2658373238,0.6328030168,0.3665214378,0.03071106477,true,0.1,0.05,true,true,true,0,0,0.264028455,0.2158373238
3,0.1,3.325,6,0.384,0.705,II,full-pool,0.9,0.9,1,-1,0.5243852877,0.1933705117,0.3588778997,0.2621926439,0.6411221003,0.3709236603,0.02976589001,true,0.1,0.05,true,true,true,0,0,0.2588778997,0.2121926439
3,0.1,3.325,6,0.384,0.705,II,full-pool,0.95,0.95,1,-1,0.512345044,0.1885961768,0.3504706104,0.256172522,0.6495293896,0.375390986,0.02877731277,true,0.1,0.05,true,true,true,0,0,0.2504706104,0.206172522
3,0.1,3.325,6,0.384,0.705,II,full-pool,1,1,1,-1,0.5,0.1839397206,0.3419698603,0.25,0.6580301397,0.3799218074,0.02774509651,true,0.1,0.05,true,true,true,0,0,0.2419698603,0.2
3,0.1,3.325,6,0.384,0.705,II,full-pool,1.045739746,1.045739746,1,-1,0.4886948301,0.179780781,0.3342378056,0.2443474151,0.6657621944,0.3839998532,0.02680282904,true,0.1,0.05,true,true,true,0,0,0.2342378056,0.1943474151
3,0.1,3.35,6,0.387,0.705,II,full-minimal,-inf,-0.4599402429,1,-1,0.5539656524,0.2147235259,0.3843445891,0.2769828262,0.4296416758,0.2804216957,0.04236469985,true,0.1,0.05,true,true,true,0,0,0.2843445891,0.2269828262
3,0.1,3.35,6,0.387,0.705,II,full-pool,-0.45,-0.45,1,-1,0.5538455934,0.2145342977,0.3841899456,0.2769227967,0.4311881114,0.2808081648,0.04234680664,true,0.1,0.05,true,true,true,0,0,0.2841899456,0.2269227967
3,0.1,3.35,6,0.387,0.705,II,full-pool,-0.4,-0.4,1,-1,0.5532325567,0.2135966026,0.3834145796,0.2766162783,0.4389417708,0.2828309681,0.04224683532,true,0.1,0.05,true,true,true,0,0,0.2834145796,0.2266162783
3,0.1,3.35,6,0.387,0.705,II,full-pool,-0.35,-0.35,1,-1,0.5526040008,0.2126820592,0.38264303,0.2763020004,0.4466572667,0.2849816059,0.04212921075,true,0.1,0.05,true,true,true,0,0,0.28264303,0.2263020004
3,0.1,3.35,6,0.387,0.705,II,full-pool,-0.3,-0.3,1,-1,0.551959533,0.211790096,0.3818748145,0.2759797665,0.4543394218,0.2872553821,0.04199254211,true,0.1,0.05,true,true,true,0,0,0.2818748145,0.2259797665
3,0.1,3.35,6,0.387,0.705,II,full-pool,-0.25,-0.25,1,-1,0.5512987504,0.2109201555,0.381109453,0.2756493752,0.4619930374,0.2896479953,0.04183544812,true,0.1,0.05,true,true,true,0,0,0.281109453,0.2256493752
3,0.1,3.35,6,0.387,0.705,II,full-pool,-0.2,-0.2,1,-1,0.5506212401,0.2100716939,0.380346467,0.27531062,0.4696228975,0.2921554927,0.04165655883,true,0.1,0.05,true,true,true,0,0,0.280346467,0.22531062
3,0.1,3.35,6,0.387,0.705,II,full-pool,-0.15,-0.15,1,-1,0.5499265784,0.2092441808,0.3795853796,0.2749632892,0.4772337709,0.2947742297,0.04145451783,true,0.1,0.05,true,true,true,0,0,0.2795853796,0.2249632892
3,0.1,3.35,6,0.387,0.705,II,full-pool,-0.1,-0.1,1,-1,0.5492143313,0.2084370991,0.3788257152,0.2746071657,0.4848304147,0.2975008337,0.04122798476,true,0.1,0.05,true,true,true,0,0,0.2788257152,0.2246071657
3,0.1,3.35,6,0.387,0.705,II,full-pool,-0.05,-0.05,1,-1,0.5484840536,0.2076499444,0.378066999,0.2742420268,0.492417577,0.3003321734,0.04097563812,true,0.1,0.05,true,true,true,0,0,0.278066999,0.2242420268
3,0.1,3.35,6,0.387,0.705,II,full-pool,0,0,1,-1,0.5477352889,0.2068822245,0.3773087567,0.2738676444,0.5,0.3032653299,0.04069617827,true,0.1,0.05,true,true,true,0,0,0.2773087567,0.2238676444
3,0.1,3.35,6,0.387,0.705,II,full-pool,0.05,0.05,1,-1,0.546967569,0.2061334598,0.3765505144,0.2734837845,0.507582423,0.3062975727,0.04038833066,true,0.1,0.05,true,true,true,0,0,0.2765505144,0.2234837845
3,0.1,3.35,6,0.387,0.705,II,full-pool,0.1,0.1,1,-1,0.5461804143,0.2054031821,0.3757917982,0.2730902071,0.5151695853,0.3094263374,0.04005084914,true,0.1,0.05,true,true,true,0,0,0.2757917982,0.2230902071
3,0.1,3.35,6,0.387,0.705,II,full-pool,0.15,0.15,1,-1,0.5453733326,0.204690935,0.3750321338,0.2726866663,0.5227662291,0.3126492057,0.03968251936,true,0.1,0.05,true,true,true,0,0,0.2750321338,0.2226866663
3,0.1,3.35,6,0.387,0.705,II,full-pool,0.2,0.2,1,-1,0.5445458196,0.2039962734,0.3742710465,0.2722729098,0.5303771025,0.3159638882,0.03928216225,true,0.1,0.05,true,true,true,0,0,0.2742710465,0.2222729098
3,0.1,3.35,6,0.387,0.705,II,full-pool,0.25,0.25,1,-1,0.5436973579,0.203318763,0.3735080605,0.271848679,0.5380069626,0.3193682083,0.03884863748,true,0.1,0.05,true,true,true,0,0,0.2735080605,0.221848679
3,0.1,3.35,6,0.387,0.705,II,full-pool,0.3,0.3,1,-1,0.5428274174,0.2026579804,0.3727426989,0.2714137087,0.5456605782,0.3228600882,0.03838084684,true,0.1,0.05,true,true,true,0,0,0.2727426989,0.2214137087
3,0.1,3.35,6,0.387,0.705,II,full-pool,0.35,0.35,1,-1,0.5419354542,0.2020135126,0.3719744834,0.2709677271,0.5533427333,0.326437536,0.03787773764,true,0.1,0.05,true,true,true,0,0,0.2719744834,0.2209677271
3,0.1,3.35,6,0.387,0.705,II,full-pool,0.4,0.4,1,-1,0.5410209108,0.2013849568,0.3712029338,0.2705104554,0.5610582292,0.3300986342,0.03733830593,true,0.1,0.05,true,true,true,0,0,0.2712029338,0.2205104554
3,0.1,3.35,6,0.387,0.705,II,full-pool,0.45,0.45,1,-1,0.5400832157,0.20077192,0.3704275679,0.2700416079,0.5688118886,0.3338415294,0.03676159958,true,0.1,0.05,true,true,true,0,0,0.2704275679,0.2200416079
3,0.1,3.35,6,0.387,0.705,II,full-pool,0.5,0.5,1,-1,0.5391217827,0.2001740192,0.369647901,0.2695608914,0.5766085576,0.3376644228,0.0361467213,true,0.1,0.05,true,true,true,0,0,0.269647901,0.2195608914
3,0.1,3.35,6,0.387,0.705,II,full-pool,0.55,0.55,1,-1,0.5381360109,0.1995908806,0.3688634458,0.2690680055,0.5844531094,0.3415655618,0.03549283133,true,0.1,0.05,true,true,true,0,0,0.2688634458,0.2190680055
3,0.1,3.35,6,0.387,0.705,II,full-pool,0.6,0.6,1,-1,0.5371252842,0.1990221398,0.368073712,0.2685626421,0.5923504472,0.3455432324,0.03479915,true,0.1,0.05,true,true,true,0,0,0.268073712,0.2185626421
3,0.1,3.35,6,0.387,0.705,II,full-pool,0.65,0.65,1,-1,0.5360889708,0.1984674412,0.367278206,0.2680444854,0.6003055071,0.349595752,0.03406496011,true,0.1,0.05,true,true,true,0,0,0.267278206,0.2180444854
3,0.1,3.35,6,0.387,0.705,II,full-pool,0.7,0.7,1,-1,0.535026423,0.1979264382,0.3664764306,0.2675132115,0.6083232611,0.3537214633,0.03328960893,true,0.1,0.05,true,true,true,0,0,0.2664764306,0.2175132115
3,0.1,3.35,6,0.387,0.705,II,full-pool,0.75,0.75,1,-1,0.5339369767,0.1973987925,0.3656678846,0.2669684884,0.6164087207,0.3579187286,0.03247251009,true,0.1,0.05,true,true,true,0,0,0.2656678846,0.2169684884
3,0.1,3.35,6,0.387,0.705,II,full-pool,0.8,0.8,1,-1,0.532819951,0.1968841745,0.3648520628,0.2664099755,0.6245669396,0.3621859246,0.03161314512,true,0.1,0.05,true,true,true,0,0,0.2648520628,0.2164099755
3,0.1,3.35,6,0.387,0.705,II,full-pool,0.85,0.85,1,-1,0.5316746475,0.1963822625,0.364028455,0.2658373238,0.6328030168,0.3665214378,0.03071106477,true,0.1,0.05,true,true,true,0,0,0.264028455,0.2158373238
3,0.1,3.35,6,0.387,0.705,II,full-pool,0.9,0.9,1,-1,0.5243852877,0.1933705117,0.3588778997,0.2621926439,0.6411221003,0.3709236603,0.02976589001,true,0.1,0.05,true,true,true,0,0,0.2588778997,0.2121926439
3,0.1,3.35,6,0.387,0.705,II,full-pool,0.95,0.95,1,-1,0.512345044,0.1885961768,0.3504706104,0.256172522,0.6495293896,0.375390986,0.02877731277,true,0.1,0.05,true,true,true,0,0,0.2504706104,0.206172522
3,0.1,3.35,6,0.387,0.705,II,full-pool,1,1,1,-1,0.5,0.1839397206,0.3419698603,0.25,0.6580301397,0.3799218074,0.02774509651,true,0.1,0.05,true,true,true,0,0,0.2419698603,0.2
3,0.1,3.35,6,0.387,0.705,II,full-pool,1.05,1.05,1,-1,0.487654956,0.1793982327,0.3335265944,0.243827478,0.6664734056,0.3843702087,0.02671725523,true,0.1,0.05,true,true,true,0,0,0.2335265944,0.193827478
3,0.1,3.35,6,0.387,0.705,II,full-pool,1.080780029,1.080780029,1,-1,0.4802073951,0.1766584282,0.3284329116,0.2401036976,0.6715670884,0.3869997606,0.0261096747,true,0.1,0.05,true,true,true,0,0,0.2284329116,0.1901036976
3,0.1,3.375,6,0.39,0.705,II,full-minimal,-inf,-0.447312218,1,-1,0.5538130276,0.2144832929,0.3841481602,0.2769065138,0.4316059648,0.2809135679,0.04234185854,true,0.1,0.05,true,true,true,0,0,0.2841481602,0.2269065138
3,0.1,3.375,6,0.39,0.705,II,full-pool,-0.4,-0.4,1,-1,0.5532325567,0.2135966026,0.3834145796,0.2766162783,0.4389417708,0.2828309681,0.04224683532,true,0.1,0.05,true,true,true,0,0,0.2834145796,0.2266162783
3,0.1,3.375,6,0.39,0.705,II,full-pool,-0.35,-0.35,1,-1,0.5526040008,0.2126820592,0.38264303,0.2763020004,0.4466572667,0.2849816059,0.04212921075,true,0.1,0.05,true,true,true,0,0,0.28264303,0.2263020004
3,0.1,3.375,6,0.39,0.705,II,full-pool,-0.3,-0.3,1,-1,0.551959533,0.211790096,0.3818748145,0.2759797665,0.4543394218,0.2872553821,0.04199254211,true,0.1,0.05,true,true,true,0,0,0.2818748145,0.2259797665
3,0.1,3.375,6,0.39,0.705,II,full-pool,-0.25,-0.25,1,-1,0.5512987504,0.2109201555,0.381109453,0.2756493752,0.4619930374,0.2896479953,0.04183544812,true,0.1,0.05,true,true,true,0,0,0.281109453,0.2256493752
3,0.1,3.375,6,0.39,0.705,II,full-pool,-0.2,-0.2,1,-1,0.5506212401,0.2100716939,0.380346467,0.27531062,0.4696228975,0.2921554927,0.04165655883,true,0.1,0.05,true,true,true,0,0,0.280346467,0.22531062
3,0.1,3.375,6,0.39,0.705,II,full-pool,-0.15,-0.15,1,-1,0.5499265784,0.2092441808,0.3795853796,0.2749632892,0.4772337709,0.2947742297,0.04145451783,true,0.1,0.05,true,true,true,0,0,0.2795853796,0.2249632892
3,0.1,3.375,6,0.39,0.705,II,full-pool,-0.1,-0.1,1,-1,0.5492143313,0.2084370991,0.3788257152,0.2746071657,0.4848304147,0.2975008337,0.04122798476,true,0.1,0.05,true,true,true,0,0,0.2788257152,0.2246071657
3,0.1,3.375,6,0.39,0.705,II,full-pool,-0.05,-0.05,1,-1,0.5484840536,0.2076499444,0.378066999,0.2742420268,0.492417577,0.3003321734,0.04097563812,true,0.1,0.05,true,true,true,0,0,0.278066999,0.2242420268
3,0.1,3.375,6,0.39,0.705,II,full-pool,0,0,1,-1,0.5477352889,0.2068822245,0.3773087567,0.2738676444,0.5,0.3032653299,0.04069617827,true,0.1,0.05,true,true,true,0,0,0.2773087567,0.2238676444
3,0.1,3.375,6,0.39,0.705,II,full-pool,0.05,0.05,1,-1,0.546967569,0.2061334598,0.3765505144,0.2734837845,0.507582423,0.3062975727,0.04038833066,true,0.1,0.05,true,true,true,0,0,0.2765505144,0.2234837845
3,0.1,3.375,6,0.39,0.705,II,full-pool,0.1,0.1,1,-1,0.5461804143,0.2054031821,0.3757917982,0.2730902071,0.5151695853,0.3094263374,0.04005084914,true,0.1,0.05,true,true,true,0,0,0.2757917982,0.2230902071
3,0.1,3.375,6,0.39,0.705,II,full-pool,0.15,0.15,1,-1,0.5453733326,0.204690935,0.3750321338,0.2726866663,0.5227662291,0.3126492057,0.03968251936,true,0.1,0.05,true,true,true,0,0,0.2750321338,0.2226866663
3,0.1,3.375,6,0.39,0.705,II,full-pool,0.2,0.2,1,-1,0.5445458196,0.2039962734,0.3742710465,0.2722729098,0.5303771025,0.3159638882,0.03928216225,true,0.1,0.05,true,true,true,0,0,0.2742710465,0.2222729098
3,0.1,3.375,6,0.39,0.705,II,full-pool,0.25,0.25,1,-1,0.5436973579,0.203318763,0.3735080605,0.271848679,0.5380069626,0.3193682083,0.03884863748,true,0.1,0.05,true,true,true,0,0,0.2735080605,0.221848679
3,0.1,3.375,6,0.39,0.705,II,full-pool,0.3,0.3,1,-1,0.5428274174,0.2026579804,0.3727426989,0.2714137087,0.5456605782,0.3228600882,0.03838084684,true,0.1,0.05,true,true,true,0,0,0.2727426989,0.2214137087
3,0.1,3.375,6,0.39,0.705,II,full-pool,0.35,0.35,1,-1,0.5419354542,0.2020135126,0.3719744834,0.2709677271,0.5533427333,0.326437536,0.03787773764,true,0.1,0.05,true,true,true,0,0,0.2719744834,0.2209677271
3,0.1,3.375,6,0.39,0.705,II,full-pool,0.4,0.4,1,-1,0.5410209108,0.2013849568,0.3712029338,0.2705104554,0.5610582292,0.3300986342,0.03733830593,true,0.1,0.05,true,true,true,0,0,0.2712029338,0.2205104554
3,0.1,3.375,6,0.39,0.705,II,full-pool,0.45,0.45,1,-1,0.5400832157,0.20077192,0.3704275679,0.2700416079,0.5688118886,0.3338415294,0.03676159958,true,0.1,0.05,true,true,true,0,0,0.2704275679,0.2200416079
3,0.1,3.375,6,0.39,0.705,II,full-pool,0.5,0.5,1,-1,0.5391217827,0.2001740192,0.369647901,0.2695608914,0.5766085576,0.3376644228,0.0361467213,true,0.1,0.05,true,true,true,0,0,0.269647901,0.2195608914
3,0.1,3.375,6,0.39,0.705,II,full-pool,0.55,0.55,1,-1,0.5381360109,0.1995908806,0.3688634458,0.2690680055,0.5844531094,0.3415655618,0.03549283133,true,0.1,0.05,true,true,true,0,0,0.2688634458,0.2190680055
3,0.1,3.375,6,0.39,0.705,II,full-pool,0.6,0.6,1,-1,0.5371252842,0.1990221398,0.368073712,0.2685626421,0.5923504472,0.3455432324,0.03479915,true,0.1,0.05,true,true,true,0,0,0.268073712,0.2185626421
3,0.1,3.375,6,0.39,0.705,II,full-pool,0.65,0.65,1,-1,0.5360889708,0.1984674412,0.367278206,0.2680444854,0.6003055071,0.349595752,0.03406496011,true,0.1,0.05,true,true,true,0,0,0.267278206,0.2180444854
3,0.1,3.375,6,0.39,0.705,II,full-pool,0.7,0.7,1,-1,0.535026423,0.1979264382,0.3664764306,0.2675132115,0.6083232611,0.3537214633,0.03328960893,true,0.1,0.05,true,true,true,0,0,0.2664764306,0.2175132115
3,0.1,3.375,6,0.39,0.705,II,full-pool,0.75,0.75,1,-1,0.5339369767,0.1973987925,0.3656678846,0.2669684884,0.6164087207,0.3579187286,0.03247251009,true,0.1,0.05,true,true,true,0,0,0.2656678846,0.2169684884
3,0.1,3.375,6,0.39,0.705,II,full-pool,0.8,0.8,1,-1,0.532819951,0.1968841745,0.3648520628,0.2664099755,0.6245669396,0.3621859246,0.03161314512,true,0.1,0.05,true,true,true,0,0,0.2648520628,0.2164099755
3,0.1,3.375,6,0.39,0.705,II,full-pool,0.85,0.85,1,-1,0.5316746475,0.1963822625,0.364028455,0.2658373238,0.6328030168,0.3665214378,0.03071106477,true,0.1,0.05,true,true,true,0,0,0.264028455,0.2158373238
3,0.1,3.375,6,0.39,0.705,II,full-pool,0.9,0.9,1,-1,0.5243852877,0.1933705117,0.3588778997,0.2621926439,0.6411221003,0.3709236603,0.02976589001,true,0.1,0.05,true,true,true,0,0,0.2588778997,0.2121926439
3,0.1,3.375,6,0.39,0.705,II,full-pool,0.95,0.95,1,-1,0.512345044,0.1885961768,0.3504706104,0.256172522,0.6495293896,0.375390986,0.02877731277,true,0.1,0.05,true,true,true,0,0,0.2504706104,0.206172522
3,0.1,3.375,6,0.39,0.705,II,full-pool,1,1,1,-1,0.5,0.1839397206,0.3419698603,0.25,0.6580301397,0.3799218074,0.02774509651,true,0.1,0.05,true,true,true,0,0,0.2419698603,0.2
3,0.1,3.375,6,0.39,0.705,II,full-pool,1.05,1.05,1,-1,0.487654956,0.1793982327,0.3335265944,0.243827478,0.6664734056,0.3843702087,0.02671725523,true,0.1,0.05,true,true,true,0,0,0.2335265944,0.193827478
3,0.1,3.375,6,0.39,0.705,II,full-pool,1.1,1.1,1,-1,0.4756147123,0.1749688746,0.3252917934,0.2378073561,0.6747082066,0.3886015337,0.02573957129,true,0.1,0.05,true,true,true,0,0,0.2252917934,0.1878073561
3,0.1,3.375,6,0.39,0.705,II,full-pool,1.117080688,1.117080688,1,-1,0.4715700947,0.1734809429,0.3225255188,0.2357850473,0.6774744812,0.3899998598,0.02541647605,true,0.1,0.05,true,true,true,0,0,0.2225255188,0.1857850473
3,0.1,3.4,6,0.393,0.705,II,full-minimal,-inf,-0.4347191792,1,-1,0.5536598629,0.2142452313,0.3839525471,0.2768299314,0.4335620964,0.2814125036,0.04231804321,true,0.1,0.05,true,true,true,0,0,0.2839525471,0.2268299314
3,0.1,3.4,6,0.393,0.705,II,full-pool,-0.4,-0.4,1,-1,0.5532325567,0.2135966026,0.3834145796,0.2766162783,0.4389417708,0.2828309681,0.04224683532,true,0.1,0.05,true,true,true,0,0,0.2834145796,0.2266162783
3,0.1,3.4,6,0.393,0.705,II,full-pool,-0.35,-0.35,1,-1,0.5526040008,0.2126820592,0.38264303,0.2763020004,0.4466572667,0.2849816059,0.04212921075,true,0.1,0.05,true,true,true,0,0,0.28264303,0.2263020004
3,0.1,3.4,6,0.393,0.705,II,full-pool,-0.3,-0.3,1,-1,0.551959533,0.211790096,0.3818748145,0.2759797665,0.4543394218,0.2872553821,0.04199254211,true,0.1,0.05,true,true,true,0,0,0.2818748145,0.2259797665
3,0.1,3.4,6,0.393,0.705,II,full-pool,-0.25,-0.25,1,-1,0.5512987504,0.2109201555,0.381109453,0.2756493752,0.4619930374,0.2896479953,0.04183544812,true,0.1,0.05,true,true,true,0,0,0.281109453,0.2256493752
3,0.1,3.4,6,0.393,0.705,II,full-pool,-0.2,-0.2,1,-1,0.5506212401,0.2100716939,0.380346467,0.27531062,0.4696228975,0.2921554927,0.04165655883,true,0.1,0.05,true,true,true,0,0,0.280346467,0.22531062
3,0.1,3.4,6,0.393,0.705,II,full-pool,-0.15,-0.15,1,-1,0.5499265784,0.2092441808,0.3795853796,0.2749632892,0.4772337709,0.2947742297,0.04145451783,true,0.1,0.05,true,true,true,0,0,0.2795853796,0.2249632892
3,0.1,3.4,6,0.393,0.705,II,full-pool,-0.1,-0.1,1,-1,0.5492143313,0.2084370991,0.3788257152,0.2746071657,0.4848304147,0.2975008337,0.04122798476,true,0.1,0.05,true,true,true,0,0,0.2788257152,0.2246071657
3,0.1,3.4,6,0.393,0.705,II,full-pool,-0.05,-0.05,1,-1,0.5484840536,0.2076499444,0.378066999,0.2742420268,0.492417577,0.3003321734,0.04097563812,true,0.1,0.05,true,true,true,0,0,0.278066999,0.2242420268
3,0.1,3.4,6,0.393,0.705,II,full-pool,0,0,1,-1,0.5477352889,0.2068822245,0.3773087567,0.2738676444,0.5,0.3032653299,0.04069617827,true,0.1,0.05,true,true,true,0,0,0.2773087567,0.2238676444
3,0.1,3.4,6,0.393,0.705,II,full-pool,0.05,0.05,1,-1,0.546967569,0.2061334598,0.3765505144,0.2734837845,0.507582423,0.3062975727,0.04038833066,true,0.1,0.05,true,true,true,0,0,0.2765505144,0.2234837845
3,0.1,3.4,6,0.393,0.705,II,full-pool,0.1,0.1,1,-1,0.5461804143,0.2054031821,0.3757917982,0.2730902071,0.5151695853,0.3094263374,0.04005084914,true,0.1,0.05,true,true,true,0,0,0.2757917982,0.2230902071
3,0.1,3.4,6,0.393,0.705,II,full-pool,0.15,0.15,1,-1,0.5453733326,0.204690935,0.3750321338,0.2726866663,0.5227662291,0.3126492057,0.03968251936,true,0.1,0.05,true,true,true,0,0,0.2750321338,0.2226866663
3,0.1,3.4,6,0.393,0.705,II,full-pool,0.2,0.2,1,-1,0.5445458196,0.2039962734,0.3742710465,0.2722729098,0.5303771025,0.3159638882,0.03928216225,true,0.1,0.05,true,true,true,0,0,0.2742710465,0.2222729098
3,0.1,3.4,6,0.393,0.705,II,full-pool,0.25,0.25,1,-1,0.5436973579,0.203318763,0.3735080605,0.271848679,0.5380069626,0.3193682083,0.03884863748,true,0.1,0.05,true,true,true,0,0,0.2735080605,0.221848679
3,0.1,3.4,6,0.393,0.705,II,full-pool,0.3,0.3,1,-1,0.5428274174,0.2026579804,0.3727426989,0.2714137087,0.5456605782,0.3228600882,0.03838084684,true,0.1,0.05,true,true,true,0,0,0.2727426989,0.2214137087
3,0.1,3.4,6,0.393,0.705,II,full-pool,0.35,0.35,1,-1,0.5419354542,0.2020135126,0.3719744834,0.2709677271,0.5533427333,0.326437536,0.03787773764,true,0.1,0.05,true,true,true,0,0,0.2719744834,0.2209677271
3,0.1,3.4,6,0.393,0.705,II,full-pool,0.4,0.4,1,-1,0.5410209108,0.2013849568,0.3712029338,0.2705104554,0.5610582292,0.3300986342,0.03733830593,true,0.1,0.05,true,true,true,0,0,0.2712029338,0.2205104554
3,0.1,3.4,6,0.393,0.705,II,full-pool,0.45,0.45,1,-1,0.5400832157,0.20077192,0.3704275679,0.2700416079,0.5688118886,0.3338415294,0.03676159958,true,0.1,0.05,true,true,true,0,0,0.2704275679,0.2200416079
3,0.1,3.4,6,0.393,0.705,II,full-pool,0.5,0.5,1,-1,0.5391217827,0.2001740192,0.369647901,0.2695608914,0.5766085576,0.3376644228,0.0361467213,true,0.1,0.05,true,true,true,0,0,0.269647901,0.2195608914
3,0.1,3.4,6,0.393,0.705,II,full-pool,0.55,0.55,1,-1,0.5381360109,0.1995908806,0.3688634458,0.2690680055,0.5844531094,0.3415655618,0.03549283133,true,0.1,0.05,true,true,true,0,0,0.2688634458,0.2190680055
3,0.1,3.4,6,0.393,0.705,II,full-pool,0.6,0.6,1,-1,0.5371252842,0.1990221398,0.368073712,0.2685626421,0.5923504472,0.3455432324,0.03479915,true,0.1,0.05,true,true,true,0,0,0.268073712,0.2185626421
3,0.1,3.4,6,0.393,0.705,II,full-pool,0.65,0.65,1,-1,0.5360889708,0.1984674412,0.367278206,0.2680444854,0.6003055071,0.349595752,0.03406496011,true,0.1,0.05,true,true,true,0,0,0.267278206,0.2180444854
3,0.1,3.4,6,0.393,0.705,II,full-pool,0.7,0.7,1,-1,0.535026423,0.1979264382,0.3664764306,0.2675132115,0.6083232611,0.3537214633,0.03328960893,true,0.1,0.05,true,true,true,0,0,0.2664764306,0.2175132115
3,0.1,3.4,6,0.393,0.705,II,full-pool,0.75,0.75,1,-1,0.5339369767,0.1973987925,0.3656678846,0.2669684884,0.6164087207,0.3579187286,0.03247251009,true,0.1,0.05,true,true,true,0,0,0.2656678846,0.2169684884
3,0.1,3.4,6,0.393,0.705,II,full-pool,0.8,0.8,1,-1,0.532819951,0.1968841745,0.3648520628,0.2664099755,0.6245669396,0.3621859246,0.03161314512,true,0.1,0.05,true,true,true,0,0,0.2648520628,0.2164099755
3,0.1,3.4,6,0.393,0.705,II,full-pool,0.85,0.85,1,-1,0.5316746475,0.1963822625,0.364028455,0.2658373238,0.6328030168,0.3665214378,0.03071106477,true,0.1,0.05,true,true,true,0,0,0.264028455,0.2158373238
3,0.1,3.4,6,0.393,0.705,II,full-pool,0.9,0.9,1,-1,0.5243852877,0.1933705117,0.3588778997,0.2621926439,0.6411221003,0.3709236603,0.02976589001,true,0.1,0.05,true,true,true,0,0,0.2588778997,0.2121926439
3,0.1,3.4,6,0.393,0.705,II,full-pool,0.95,0.95,1,-1,0.512345044,0.1885961768,0.3504706104,0.256172522,0.6495293896,0.375390986,0.02877731277,true,0.1,0.05,true,true,true,0,0,0.2504706104,0.206172522
3,0.1,3.4,6,0.393,0.705,II,full-pool,1,1,1,-1,0.5,0.1839397206,0.3419698603,0.25,0.6580301397,0.3799218074,0.02774509651,true,0.1,0.05,true,true,true,0,0,0.2419698603,0.2
3,0.1,3.4,6,0.393,0.705,II,full-pool,1.05,1.05,1,-1,0.487654956,0.1793982327,0.3335265944,0.243827478,0.6664734056,0.3843702087,0.02671725523,true,0.1,0.05,true,true,true,0,0,0.2335265944,0.193827478
3,0.1,3.4,6,0.393,0.705,II,full-pool,1.1,1.1,1,-1,0.4756147123,0.1749688746,0.3252917934,0.2378073561,0.6747082066,0.3886015337,0.02573957129,true,0.1,0.05,true,true,true,0,0,0.2252917934,0.1878073561
3,0.1,3.4,6,0.393,0.705,II,full-pool,1.15,1.15,1,-1,0.4638717432,0.1706488777,0.3172603104,0.2319358716,0.6827396896,0.3926300646,0.02480874467,true,0.1,0.05,true,true,true,0,0,0.2172603104,0.1819358716
3,0.1,3.4,6,0.393,0.705,II,full-pool,1.154714966,1.154714966,1,-1,0.4627794615,0.1702470497,0.3165132556,0.2313897307,0.6834867444,0.3929999688,0.02472327511,true,0.1,0.05,true,true,true,0,0,0.2165132556,0.1813897307
3,0.1,3.425,6,0.396,0.705,II,full-minimal,-inf,-0.4221599867,1,-1,0.5535061463,0.2140092978,0.383757722,0.2767530731,0.435510347,0.2819183947,0.04229323789,true,0.1,0.05,true,true,true,0,0,0.283757722,0.2267530731
3,0.1,3.425,6,0.396,0.705,II,full-pool,-0.4,-0.4,1,-1,0.5532325567,0.2135966026,0.3834145796,0.2766162783,0.4389417708,0.2828309681,0.04224683532,true,0.1,0.05,true,true,true,0,0,0.2834145796,0.2266162783
3,0.1,3.425,6,0.396,0.705,II,full-pool,-0.35,-0.35,1,-1,0.5526040008,0.2126820592,0.38264303,0.2763020004,0.4466572667,0.2849816059,0.04212921075,true,0.1,0.05,true,true,true,0,0,0.28264303,0.2263020004
3,0.1,3.425,6,0.396,0.705,II,full-pool,-0.3,-0.3,1,-1,0.551959533,0.211790096,0.3818748145,0.2759797665,0.4543394218,0.2872553821,0.04199254211,true,0.1,0.05,true,true,true,0,0,0.2818748145,0.2259797665
3,0.1,3.425,6,0.396,0.705,II,full-pool,-0.25,-0.25,1,-1,0.5512987504,0.2109201555,0.381109453,0.2756493752,0.4619930374,0.2896479953,0.04183544812,true,0.1,0.05,true,true,true,0,0,0.281109453,0.2256493752
3,0.1,3.425,6,0.396,0.705,II,full-pool,-0.2,-0.2,1,-1,0.5506212401,0.2100716939,0.380346467,0.27531062,0.4696228975,0.2921554927,0.04165655883,true,0.1,0.05,true,true,true,0,0,0.280346467,0.22531062
3,0.1,3.425,6,0.396,0.705,II,full-pool,-0.15,-0.15,1,-1,0.5499265784,0.2092441808,0.3795853796,0.2749632892,0.4772337709,0.2947742297,0.04145451783,true,0.1,0.05,true,true,true,0,0,0.2795853796,0.2249632892
3,0.1,3.425,6,0.396,0.705,II,full-pool,-0.1,-0.1,1,-1,0.5492143313,0.2084370991,0.3788257152,0.2746071657,0.4848304147,0.2975008337,0.04122798476,true,0.1,0.05,true,true,true,0,0,0.2788257152,0.2246071657
3,0.1,3.425,6,0.396,0.705,II,full-pool,-0.05,-0.05,1,-1,0.5484840536,0.2076499444,0.378066999,0.2742420268,0.492417577,0.3003321734,0.04097563812,true,0.1,0.05,true,true,true,0,0,0.278066999,0.2242420268
3,0.1,3.425,6,0.396,0.705,II,full-pool,0,0,1,-1,0.5477352889,0.2068822245,0.3773087567,0.2738676444,0.5,0.3032653299,0.04069617827,true,0.1,0.05,true,true,true,0,0,0.2773087567,0.2238676444
3,0.1,3.425,6,0.396,0.705,II,full-pool,0.05,0.05,1,-1,0.546967569,0.2061334598,0.3765505144,0.2734837845,0.507582423,0.3062975727,0.04038833066,true,0.1,0.05,true,true,true,0,0,0.2765505144,0.2234837845
3,0.1,3.425,6,0.396,0.705,II,full-pool,0.1,0.1,1,-1,0.5461804143,0.2054031821,0.3757917982,0.2730902071,0.5151695853,0.3094263374,0.04005084914,true,0.1,0.05,true,true,true,0,0,0.2757917982,0.2230902071
3,0.1,3.425,6,0.396,0.705,II,full-pool,0.15,0.15,1,-1,0.5453733326,0.204690935,0.3750321338,0.2726866663,0.5227662291,0.3126492057,0.03968251936,true,0.1,0.05,true,true,true,0,0,0.2750321338,0.2226866663
3,0.1,3.425,6,0.396,0.705,II,full-pool,0.2,0.2,1,-1,0.5445458196,0.2039962734,0.3742710465,0.2722729098,0.5303771025,0.3159638882,0.03928216225,true,0.1,0.05,true,true,true,0,0,0.2742710465,0.2222729098
3,0.1,3.425,6,0.396,0.705,II,full-pool,0.25,0.25,1,-1,0.5436973579,0.203318763,0.3735080605,0.271848679,0.5380069626,0.3193682083,0.03884863748,true,0.1,0.05,true,true,true,0,0,0.2735080605,0.221848679
3,0.1,3.425,6,0.396,0.705,II,full-pool,0.3,0.3,1,-1,0.5428274174,0.2026579804,0.3727426989,0.2714137087,0.5456605782,0.3228600882,0.03838084684,true,0.1,0.05,true,true,true,0,0,0.2727426989,0.2214137087
3,0.1,3.425,6,0.396,0.705,II,full-pool,0.35,0.35,1,-1,0.5419354542,0.2020135126,0.3719744834,0.2709677271,0.5533427333,0.326437536,0.03787773764,true,0.1,0.05,true,true,true,0,0,0.2719744834,0.2209677271
3,0.1,3.425,6,0.396,0.705,II,full-pool,0.4,0.4,1,-1,0.5410209108,0.2013849568,0.3712029338,0.2705104554,0.5610582292,0.3300986342,0.03733830593,true,0.1,0.05,true,true,true,0,0,0.2712029338,0.2205104554
3,0.1,3.425,6,0.396,0.705,II,full-pool,0.45,0.45,1,-1,0.5400832157,0.20077192,0.3704275679,0.2700416079,0.5688118886,0.3338415294,0.03676159958,true,0.1,0.05,true,true,true,0,0,0.2704275679,0.2200416079
3,0.1,3.425,6,0.396,0.705,II,full-pool,0.5,0.5,1,-1,0.5391217827,0.2001740192,0.369647901,0.2695608914,0.5766085576,0.3376644228,0.0361467213,true,0.1,0.05,true,true,true,0,0,0.269647901,0.2195608914
3,0.1,3.425,6,0.396,0.705,II,full-pool,0.55,0.55,1,-1,0.5381360109,0.1995908806,0.3688634458,0.2690680055,0.5844531094,0.3415655618,0.03549283133,true,0.1,0.05,true,true,true,0,0,0.2688634458,0.2190680055
3,0.1,3.425,6,0.396,0.705,II,full-pool,0.6,0.6,1,-1,0.5371252842,0.1990221398,0.368073712,0.2685626421,0.5923504472,0.3455432324,0.03479915,true,0.1,0.05,true,true,true,0,0,0.268073712,0.2185626421
3,0.1,3.425,6,0.396,0.705,II,full-pool,0.65,0.65,1,-1,0.5360889708,0.1984674412,0.367278206,0.2680444854,0.6003055071,0.349595752,0.03406496011,true,0.1,0.05,true,true,true,0,0,0.267278206,0.2180444854
3,0.1,3.425,6,0.396,0.705,II,full-pool,0.7,0.7,1,-1,0.535026423,0.1979264382,0.3664764306,0.2675132115,0.6083232611,0.3537214633,0.03328960893,true,0.1,0.05,true,true,true,0,0,0.2664764306,0.2175132115
3,0.1,3.425,6,0.396,0.705,II,full-pool,0.75,0.75,1,-1,0.5339369767,0.1973987925,0.3656678846,0.2669684884,0.6164087207,0.3579187286,0.03247251009,true,0.1,0.05,true,true,true,0,0,0.2656678846,0.2169684884
3,0.1,3.425,6,0.396,0.705,II,full-pool,0.8,0.8,1,-1,0.532819951,0.1968841745,0.3648520628,0.2664099755,0.6245669396,0.3621859246,0.03161314512,true,0.1,0.05,true,true,true,0,0,0.2648520628,0.2164099755
3,0.1,3.425,6,0.396,0.705,II,full-pool,0.85,0.85,1,-1,0.5316746475,0.1963822625,0.364028455,0.2658373238,0.6328030168,0.3665214378,0.03071106477,true,0.1,0.05,true,true,true,0,0,0.264028455,0.2158373238
3,0.1,3.425,6,0.396,0.705,II,full-pool,0.9,0.9,1,-1,0.5243852877,0.1933705117,0.3588778997,0.2621926439,0.6411221003,0.3709236603,0.02976589001,true,0.1,0.05,true,true,true,0,0,0.2588778997,0.2121926439
3,0.1,3.425,6,0.396,0.705,II,full-pool,0.95,0.95,1,-1,0.512345044,0.1885961768,0.3504706104,0.256172522,0.6495293896,0.375390986,0.02877731277,true,0.1,0.05,true,true,true,0,0,0.2504706104,0.206172522
3,0.1,3.425,6,0.396,0.705,II,full-pool,1,1,1,-1,0.5,0.1839397206,0.3419698603,0.25,0.6580301397,0.3799218074,0.02774509651,true,0.1,0.05,true,true,true,0,0,0.2419698603,0.2
3,0.1,3.425,6,0.396,0.705,II,full-pool,1.05,1.05,1,-1,0.487654956,0.1793982327,0.3335265944,0.243827478,0.6664734056,0.3843702087,0.02671725523,true,0.1,0.05,true,true,true,0,0,0.2335265944,0.193827478
3,0.1,3.425,6,0.396,0.705,II,full-pool,1.1,1.1,1,-1,0.4756147123,0.1749688746,0.3252917934,0.2378073561,0.6747082066,0.3886015337,0.02573957129,true,0.1,0.05,true,true,true,0,0,0.2252917934,0.1878073561
3,0.1,3.425,6,0.396,0.705,II,full-pool,1.15,1.15,1,-1,0.4638717432,0.1706488777,0.3172603104,0.2319358716,0.6827396896,0.3926300646,0.02480874467,true,0.1,0.05,true,true,true,0,0,0.2172603104,0.1819358716
3,0.1,3.425,6,0.396,0.705,II,full-pool,1.193762207,1.193762207,1,-1,0.4538319589,0.1669554474,0.3103937032,0.2269159794,0.6896062968,0.3959998942,0.02403011663,true,0.1,0.05,true,true,true,0,0,0.2103937032,0.1769159794
3,0.1,3.45,6,0.399,0.705,II,full-minimal,-inf,-0.4096335176,1,-1,0.5533518657,0.2137754501,0.3835636579,0.2766759328,0.4374509881,0.2824311392,0.04226742665,true,0.1,0.05,true,true,true,0,0,0.2835636579,0.2266759328
3,0.1,3.45,6,0.399,0.705,II,full-pool,-0.4,-0.4,1,-1,0.5532325567,0.2135966026,0.3834145796,0.2766162783,0.4389417708,0.2828309681,0.04224683532,true,0.1,0.05,true,true,true,0,0,0.2834145796,0.2266162783
3,0.1,3.45,6,0.399,0.705,II,full-pool,-0.35,-0.35,1,-1,0.5526040008,0.2126820592,0.38264303,0.2763020004,0.4466572667,0.2849816059,0.04212921075,true,0.1,0.05,true,true,true,0,0,0.28264303,0.2263020004
3,0.1,3.45,6,0.399,0.705,II,full-pool,-0.3,-0.3,1,-1,0.551959533,0.211790096,0.3818748145,0.2759797665,0.4543394218,0.2872553821,0.04199254211,true,0.1,0.05,true,true,true,0,0,0.2818748145,0.2259797665
3,0.1,3.45,6,0.399,0.705,II,full-pool,-0.25,-0.25,1,-1,0.5512987504,0.2109201555,0.381109453,0.2756493752,0.4619930374,0.2896479953,0.04183544812,true,0.1,0.05,true,true,true,0,0,0.281109453,0.2256493752
3,0.1,3.45,6,0.399,0.705,II,full-pool,-0.2,-0.2,1,-1,0.5506212401,0.2100716939,0.380346467,0.27531062,0.4696228975,0.2921554927,0.04165655883,true,0.1,0.05,true,true,true,0,0,0.280346467,0.22531062
3,0.1,3.45,6,0.399,0.705,II,full-pool,-0.15,-0.15,1,-1,0.5499265784,0.2092441808,0.3795853796,0.2749632892,0.4772337709,0.2947742297,0.04145451783,true,0.1,0.05,true,true,true,0,0,0.2795853796,0.2249632892
3,0.1,3.45,6,0.399,0.705,II,full-pool,-0.1,-0.1,1,-1,0.5492143313,0.2084370991,0.3788257152,0.2746071657,0.4848304147,0.2975008337,0.04122798476,true,0.1,0.05,true,true,true,0,0,0.2788257152,0.2246071657
3,0.1,3.45,6,0.399,0.705,II,full-pool,-0.05,-0.05,1,-1,0.5484840536,0.2076499444,0.378066999,0.2742420268,0.492417577,0.3003321734,0.04097563812,true,0.1,0.05,true,true,true,0,0,0.278066999,0.2242420268
3,0.1,3.45,6,0.399,0.705,II,full-pool,0,0,1,-1,0.5477352889,0.2068822245,0.3773087567,0.2738676444,0.5,0.3032653299,0.04069617827,true,0.1,0.05,true,true,true,0,0,0.2773087567,0.2238676444
3,0.1,3.45,6,0.399,0.705,II,full-pool,0.05,0.05,1,-1,0.546967569,0.2061334598,0.3765505144,0.2734837845,0.507582423,0.3062975727,0.04038833066,true,0.1,0.05,true,true,true,0,0,0.2765505144,0.2234837845
3,0.1,3.45,6,0.399,0.705,II,full-pool,0.1,0.1,1,-1,0.5461804143,0.2054031821,0.3757917982,0.2730902071,0.5151695853,0.3094263374,0.04005084914,true,0.1,0.05,true,true,true,0,0,0.2757917982,0.2230902071
3,0.1,3.45,6,0.399,0.705,II,full-pool,0.15,0.15,1,-1,0.5453733326,0.204690935,0.3750321338,0.2726866663,0.5227662291,0.3126492057,0.03968251936,true,0.1,0.05,true,true,true,0,0,0.2750321338,0.2226866663
3,0.1,3.45,6,0.399,0.705,II,full-pool,0.2,0.2,1,-1,0.5445458196,0.2039962734,0.3742710465,0.2722729098,0.5303771025,0.3159638882,0.03928216225,true,0.1,0.05,true,true,true,0,0,0.2742710465,0.2222729098
3,0.1,3.45,6,0.399,0.705,II,full-pool,0.25,0.25,1,-1,0.5436973579,0.203318763,0.3735080605,0.271848679,0.5380069626,0.3193682083,0.03884863748,true,0.1,0.05,true,true,true,0,0,0.2735080605,0.221848679
3,0.1,3.45,6,0.399,0.705,II,full-pool,0.3,0.3,1,-1,0.5428274174,0.2026579804,0.3727426989,0.2714137087,0.5456605782,0.3228600882,0.03838084684,true,0.1,0.05,true,true,true,0,0,0.2727426989,0.2214137087
3,0.1,3.45,6,0.399,0.705,II,full-pool,0.35,0.35,1,-1,0.5419354542,0.2020135126,0.3719744834,0.2709677271,0.5533427333,0.326437536,0.03787773764,true,0.1,0.05,true,true,true,0,0,0.2719744834,0.2209677271
3,0.1,3.45,6,0.399,0.705,II,full-pool,0.4,0.4,1,-1,0.5410209108,0.2013849568,0.3712029338,0.2705104554,0.5610582292,0.3300986342,0.03733830593,true,0.1,0.05,true,true,true,0,0,0.2712029338,0.2205104554
3,0.1,3.45,6,0.399,0.705,II,full-pool,0.45,0.45,1,-1,0.5400832157,0.20077192,0.3704275679,0.2700416079,0.5688118886,0.3338415294,0.03676159958,true,0.1,0.05,true,true,true,0,0,0.2704275679,0.2200416079
3,0.1,3.45,6,0.399,0.705,II,full-pool,0.5,0.5,1,-1,0.5391217827,0.2001740192,0.369647901,0.2695608914,0.5766085576,0.3376644228,0.0361467213,true,0.1,0.05,true,true,true,0,0,0.269647901,0.2195608914
3,0.1,3.45,6,0.399,0.705,II,full-pool,0.55,0.55,1,-1,0.5381360109,0.1995908806,0.3688634458,0.2690680055,0.5844531094,0.3415655618,0.03549283133,true,0.1,0.05,true,true,true,0,0,0.2688634458,0.2190680055
3,0.1,3.45,6,0.399,0.705,II,full-pool,0.6,0.6,1,-1,0.5371252842,0.1990221398,0.368073712,0.2685626421,0.5923504472,0.3455432324,0.03479915,true,0.1,0.05,true,true,true,0,0,0.268073712,0.2185626421
3,0.1,3.45,6,0.399,0.705,II,full-pool,0.65,0.65,1,-1,0.5360889708,0.1984674412,0.367278206,0.2680444854,0.6003055071,0.349595752,0.03406496011,true,0.1,0.05,true,true,true,0,0,0.267278206,0.2180444854
3,0.1,3.45,6,0.399,0.705,II,full-pool,0.7,0.7,1,-1,0.535026423,0.1979264382,0.3664764306,0.2675132115,0.6083232611,0.3537214633,0.03328960893,true,0.1,0.05,true,true,true,0,0,0.2664764306,0.2175132115
3,0.1,3.45,6,0.399,0.705,II,full-pool,0.75,0.75,1,-1,0.5339369767,0.1973987925,0.3656678846,0.2669684884,0.6164087207,0.3579187286,0.03247251009,true,0.1,0.05,true,true,true,0,0,0.2656678846,0.2169684884
3,0.1,3.45,6,0.399,0.705,II,full-pool,0.8,0.8,1,-1,0.532819951,0.1968841745,0.3648520628,0.2664099755,0.6245669396,0.3621859246,0.03161314512,true,0.1,0.05,true,true,true,0,0,0.2648520628,0.2164099755
3,0.1,3.45,6,0.399,0.705,II,full-pool,0.85,0.85,1,-1,0.5316746475,0.1963822625,0.364028455,0.2658373238,0.6328030168,0.3665214378,0.03071106477,true,0.1,0.05,true,true,true,0,0,0.264028455,0.2158373238
3,0.1,3.45,6,0.399,0.705,II,full-pool,0.9,0.9,1,-1,0.5243852877,0.1933705117,0.3588778997,0.2621926439,0.6411221003,0.3709236603,0.02976589001,true,0.1,0.05,true,true,true,0,0,0.2588778997,0.2121926439
3,0.1,3.45,6,0.399,0.705,II,full-pool,0.95,0.95,1,-1,0.512345044,0.1885961768,0.3504706104,0.256172522,0.6495293896,0.375390986,0.02877731277,true,0.1,0.05,true,true,true,0,0,0.2504706104,0.206172522
3,0.1,3.45,6,0.399,0.705,II,full-pool,1,1,1,-1,0.5,0.1839397206,0.3419698603,0.25,0.6580301397,0.3799218074,0.02774509651,true,0.1,0.05,true,true,true,0,0,0.2419698603,0.2
3,0.1,3.45,6,0.399,0.705,II,full-pool,1.05,1.05,1,-1,0.487654956,0.1793982327,0.3335265944,0.243827478,0.6664734056,0.3843702087,0.02671725523,true,0.1,0.05,true,true,true,0,0,0.2335265944,0.193827478
3,0.1,3.45,6,0.399,0.705,II,full-pool,1.1,1.1,1,-1,0.4756147123,0.1749688746,0.3252917934,0.2378073561,0.6747082066,0.3886015337,0.02573957129,true,0.1,0.05,true,true,true,0,0,0.2252917934,0.1878073561
3,0.1,3.45,6,0.399,0.705,II,full-pool,1.15,1.15,1,-1,0.4638717432,0.1706488777,0.3172603104,0.2319358716,0.6827396896,0.3926300646,0.02480874467,true,0.1,0.05,true,true,true,0,0,0.2172603104,0.1819358716
3,0.1,3.45,6,0.399,0.705,II,full-pool,1.2,1.2,1,-1,0.452418709,0.1664355418,0.3094271254,0.2262093545,0.6905728746,0.3964688675,0.02392175632,true,0.1,0.05,true,true,true,0,0,0.2094271254,0.1762093545
3,0.1,3.45,6,0.399,0.705,II,full-pool,1.234313965,1.234313965,1,-1,0.4447227774,0.1636043668,0.3041635721,0.2223613887,0.6958364279,0.3989998226,0.02333695743,true,0.1,0.05,true,true,true,0,0,0.2041635721,0.1723613887
3,0.1,3.475,6,0.402,0.705,II,full-minimal,-inf,-0.3971386653,1,-1,0.5531970088,0.2135436473,0.383370328,0.2765985044,0.4393842866,0.2829506401,0.04224059353,true,0.1,0.05,true,true,true,0,0,0.283370328,0.2265985044
3,0.1,3.475,6,0.402,0.705,II,full-pool,-0.35,-0.35,1,-1,0.5526040008,0.2126820592,0.38264303,0.2763020004,0.4466572667,0.2849816059,0.04212921075,true,0.1,0.05,true,true,true,0,0,0.28264303,0.2263020004
3,0.1,3.475,6,0.402,0.705,II,full-pool,-0.3,-0.3,1,-1,0.551959533,0.211790096,0.3818748145,0.2759797665,0.4543394218,0.2872553821,0.04199254211,true,0.1,0.05,true,true,true,0,0,0.2818748145,0.2259797665
3,0.1,3.475,6,0.402,0.705,II,full-pool,-0.25,-0.25,1,-1,0.5512987504,0.2109201555,0.381109453,0.2756493752,0.4619930374,0.2896479953,0.04183544812,true,0.1,0.05,true,true,true,0,0,0.281109453,0.2256493752
3,0.1,3.475,6,0.402,0.705,II,full-pool,-0.2,-0.2,1,-1,0.5506212401,0.2100716939,0.380346467,0.27531062,0.4696228975,0.2921554927,0.04165655883,true,0.1,0.05,true,true,true,0,0,0.280346467,0.22531062
3,0.1,3.475,6,0.402,0.705,II,full-pool,-0.15,-0.15,1,-1,0.5499265784,0.2092441808,0.3795853796,0.2749632892,0.4772337709,0.2947742297,0.04145451783,true,0.1,0.05,true,true,true,0,0,0.2795853796,0.2249632892
3,0.1,3.475,6,0.402,0.705,II,full-pool,-0.1,-0.1,1,-1,0.5492143313,0.2084370991,0.3788257152,0.2746071657,0.4848304147,0.2975008337,0.04122798476,true,0.1,0.05,true,true,true,0,0,0.2788257152,0.2246071657
3,0.1,3.475,6,0.402,0.705,II,full-pool,-0.05,-0.05,1,-1,0.5484840536,0.2076499444,0.378066999,0.2742420268,0.492417577,0.3003321734,0.04097563812,true,0.1,0.05,true,true,true,0,0,0.278066999,0.2242420268
3,0.1,3.475,6,0.402,0.705,II,full-pool,0,0,1,-1,0.5477352889,0.2068822245,0.3773087567,0.2738676444,0.5,0.3032653299,0.04069617827,true,0.1,0.05,true,true,true,0,0,0.2773087567,0.2238676444
3,0.1,3.475,6,0.402,0.705,II,full-pool,0.05,0.05,1,-1,0.546967569,0.2061334598,0.3765505144,0.2734837845,0.507582423,0.3062975727,0.04038833066,true,0.1,0.05,true,true,true,0,0,0.2765505144,0.2234837845
3,0.1,3.475,6,0.402,0.705,II,full-pool,0.1,0.1,1,-1,0.5461804143,0.2054031821,0.3757917982,0.2730902071,0.5151695853,0.3094263374,0.04005084914,true,0.1,0.05,true,true,true,0,0,0.2757917982,0.2230902071
3,0.1,3.475,6,0.402,0.705,II,full-pool,0.15,0.15,1,-1,0.5453733326,0.204690935,0.3750321338,0.2726866663,0.5227662291,0.3126492057,0.03968251936,true,0.1,0.05,true,true,true,0,0,0.2750321338,0.2226866663
3,0.1,3.475,6,0.402,0.705,II,full-pool,0.2,0.2,1,-1,0.5445458196,0.2039962734,0.3742710465,0.2722729098,0.5303771025,0.3159638882,0.03928216225,true,0.1,0.05,true,true,true,0,0,0.2742710465,0.2222729098
3,0.1,3.475,6,0.402,0.705,II,full-pool,0.25,0.25,1,-1,0.5436973579,0.203318763,0.3735080605,0.271848679,0.5380069626,0.3193682083,0.03884863748,true,0.1,0.05,true,true,true,0,0,0.2735080605,0.221848679
3,0.1,3.475,6,0.402,0.705,II,full-pool,0.3,0.3,1,-1,0.5428274174,0.2026579804,0.3727426989,0.2714137087,0.5456605782,0.3228600882,0.03838084684,true,0.1,0.05,true,true,true,0,0,0.2727426989,0.2214137087
3,0.1,3.475,6,0.402,0.705,II,full-pool,0.35,0.35,1,-1,0.5419354542,0.2020135126,0.3719744834,0.2709677271,0.5533427333,0.326437536,0.03787773764,true,0.1,0.05,true,true,true,0,0,0.2719744834,0.2209677271
3,0.1,3.475,6,0.402,0.705,II,full-pool,0.4,0.4,1,-1,0.5410209108,0.2013849568,0.3712029338,0.2705104554,0.5610582292,0.3300986342,0.03733830593,true,0.1,0.05,true,true,true,0,0,0.2712029338,0.2205104554
3,0.1,3.475,6,0.402,0.705,II,full-pool,0.45,0.45,1,-1,0.5400832157,0.20077192,0.3704275679,0.2700416079,0.5688118886,0.3338415294,0.03676159958,true,0.1,0.05,true,true,true,0,0,0.2704275679,0.2200416079
3,0.1,3.475,6,0.402,0.705,II,full-pool,0.5,0.5,1,-1,0.5391217827,0.2001740192,0.369647901,0.2695608914,0.5766085576,0.3376644228,0.0361467213,true,0.1,0.05,true,true,true,0,0,0.269647901,0.2195608914
3,0.1,3.475,6,0.402,0.705,II,full-pool,0.55,0.55,1,-1,0.5381360109,0.1995908806,0.3688634458,0.2690680055,0.5844531094,0.3415655618,0.03549283133,true,0.1,0.05,true,true,true,0,0,0.2688634458,0.2190680055
3,0.1,3.475,6,0.402,0.705,II,full-pool,0.6,0.6,1,-1,0.5371252842,0.1990221398,0.368073712,0.2685626421,0.5923504472,0.3455432324,0.03479915,true,0.1,0.05,true,true,true,0,0,0.268073712,0.2185626421
3,0.1,3.475,6,0.402,0.705,II,full-pool,0.65,0.65,1,-1,0.5360889708,0.1984674412,0.367278206,0.2680444854,0.6003055071,0.349595752,0.03406496011,true,0.1,0.05,true,true,true,0,0,0.267278206,0.2180444854
3,0.1,3.475,6,0.402,0.705,II,full-pool,0.7,0.7,1,-1,0.535026423,0.1979264382,0.3664764306,0.2675132115,0.6083232611,0.3537214633,0.03328960893,true,0.1,0.05,true,true,true,0,0,0.2664764306,0.2175132115
3,0.1,3.475,6,0.402,0.705,II,full-pool,0.75,0.75,1,-1,0.5339369767,0.1973987925,0.3656678846,0.2669684884,0.6164087207,0.3579187286,0.03247251009,true,0.1,0.05,true,true,true,0,0,0.2656678846,0.2169684884
3,0.1,3.475,6,0.402,0.705,II,full-pool,0.8,0.8,1,-1,0.532819951,0.1968841745,0.3648520628,0.2664099755,0.6245669396,0.3621859246,0.03161314512,true,0.1,0.05,true,true,true,0,0,0.2648520628,0.2164099755
3,0.1,3.475,6,0.402,0.705,II,full-pool,0.85,0.85,1,-1,0.5316746475,0.1963822625,0.364028455,0.2658373238,0.6328030168,0.3665214378,0.03071106477,true,0.1,0.05,true,true,true,0,0,0.264028455,0.2158373238
3,0.1,3.475,6,0.402,0.705,II,full-pool,0.9,0.9,1,-1,0.5243852877,0.1933705117,0.3588778997,0.2621926439,0.6411221003,0.3709236603,0.02976589001,true,0.1,0.05,true,true,true,0,0,0.2588778997,0.2121926439
3,0.1,3.475,6,0.402,0.705,II,full-pool,0.95,0.95,1,-1,0.512345044,0.1885961768,0.3504706104,0.256172522,0.6495293896,0.375390986,0.02877731277,true,0.1,0.05,true,true,true,0,0,0.2504706104,0.206172522
3,0.1,3.475,6,0.402,0.705,II,full-pool,1,1,1,-1,0.5,0.1839397206,0.3419698603,0.25,0.6580301397,0.3799218074,0.02774509651,true,0.1,0.05,true,true,true,0,0,0.2419698603,0.2
3,0.1,3.475,6,0.402,0.705,II,full-pool,1.05,1.05,1,-1,0.487654956,0.1793982327,0.3335265944,0.243827478,0.6664734056,0.3843702087,0.02671725523,true,0.1,0.05,true,true,true,0,0,0.2335265944,0.193827478
3,0.1,3.475,6,0.402,0.705,II,full-pool,1.1,1.1,1,-1,0.4756147123,0.1749688746,0.3252917934,0.2378073561,0.6747082066,0.3886015337,0.02573957129,true,0.1,0.05,true,true,true,0,0,0.2252917934,0.1878073561
3,0.1,3.475,6,0.402,0.705,II,full-pool,1.15,1.15,1,-1,0.4638717432,0.1706488777,0.3172603104,0.2319358716,0.6827396896,0.3926300646,0.02480874467,true,0.1,0.05,true,true,true,0,0,0.2172603104,0.1819358716
3,0.1,3.475,6,0.402,0.705,II,full-pool,1.2,1.2,1,-1,0.452418709,0.1664355418,0.3094271254,0.2262093545,0.6905728746,0.3964688675,0.02392175632,true,0.1,0.05,true,true,true,0,0,0.2094271254,0.1762093545
3,0.1,3.475,6,0.402,0.705,II,full-pool,1.25,1.25,1,-1,0.4412484513,0.1623262337,0.3017873425,0.2206242256,0.6982126575,0.4001299194,0.02307583888,true,0.1,0.05,true,true,true,0,0,0.2017873425,0.1706242256
3,0.1,3.475,6,0.402,0.705,II,full-pool,1.276470947,1.276470947,1,-1,0.4354467976,0.1601919245,0.2978193611,0.2177233988,0.7021806389,0.4019999777,0.02264374585,true,0.1,0.05,true,true,true,0,0,0.1978193611,0.1677233988
3,0.1,3.5,6,0.405,0.705,II,full-minimal,-inf,-0.3846743384,1,-1,0.5530415634,0.2133138491,0.3831777062,0.2765207817,0.4413105048,0.2834768062,0.04221272259,true,0.1,0.05,true,true,true,0,0,0.2831777062,0.2265207817
3,0.1,3.5,6,0.405,0.705,II,full-pool,-0.35,-0.35,1,-1,0.5526040008,0.2126820592,0.38264303,0.2763020004,0.4466572667,0.2849816059,0.04212921075,true,0.1,0.05,true,true,true,0,0,0.28264303,0.2263020004
3,0.1,3.5,6,0.405,0.705,II,full-pool,-0.3,-0.3,1,-1,0.551959533,0.211790096,0.3818748145,0.2759797665,0.4543394218,0.2872553821,0.04199254211,true,0.1,0.05,true,true,true,0,0,0.2818748145,0.2259797665
3,0.1,3.5,6,0.405,0.705,II,full-pool,-0.25,-0.25,1,-1,0.5512987504,0.2109201555,0.381109453,0.2756493752,0.4619930374,0.2896479953,0.04183544812,true,0.1,0.05,true,true,true,0,0,0.281109453,0.2256493752
3,0.1,3.5,6,0.405,0.705,II,full-pool,-0.2,-0.2,1,-1,0.5506212401,0.2100716939,0.380346467,0.27531062,0.4696228975,0.2921554927,0.04165655883,true,0.1,0.05,true,true,true,0,0,0.280346467,0.22531062
3,0.1,3.5,6,0.405,0.705,II,full-pool,-0.15,-0.15,1,-1,0.5499265784,0.2092441808,0.3795853796,0.2749632892,0.4772337709,0.2947742297,0.04145451783,true,0.1,0.05,true,true,true,0,0,0.2795853796,0.2249632892
3,0.1,3.5,6,0.405,0.705,II,full-pool,-0.1,-0.1,1,-1,0.5492143313,0.2084370991,0.3788257152,0.2746071657,0.4848304147,0.2975008337,0.04122798476,true,0.1,0.05,true,true,true,0,0,0.2788257152,0.2246071657
3,0.1,3.5,6,0.405,0.705,II,full-pool,-0.05,-0.05,1,-1,0.5484840536,0.2076499444,0.378066999,0.2742420268,0.492417577,0.3003321734,0.04097563812,true,0.1,0.05,true,true,true,0,0,0.278066999,0.2242420268
3,0.1,3.5,6,0.405,0.705,II,full-pool,0,0,1,-1,0.5477352889,0.2068822245,0.3773087567,0.2738676444,0.5,0.3032653299,0.04069617827,true,0.1,0.05,true,true,true,0,0,0.2773087567,0.2238676444
3,0.1,3.5,6,0.405,0.705,II,full-pool,0.05,0.05,1,-1,0.546967569,0.2061334598,0.3765505144,0.2734837845,0.507582423,0.3062975727,0.04038833066,true,0.1,0.05,true,true,true,0,0,0.2765505144,0.2234837845
3,0.1,3.5,6,0.405,0.705,II,full-pool,0.1,0.1,1,-1,0.5461804143,0.2054031821,0.3757917982,0.2730902071,0.5151695853,0.3094263374,0.04005084914,true,0.1,0.05,true,true,true,0,0,0.2757917982,0.2230902071
3,0.1,3.5,6,0.405,0.705,II,full-pool,0.15,0.15,1,-1,0.5453733326,0.204690935,0.3750321338,0.2726866663,0.5227662291,0.3126492057,0.03968251936,true,0.1,0.05,true,true,true,0,0,0.2750321338,0.2226866663
3,0.1,3.5,6,0.405,0.705,II,full-pool,0.2,0.2,1,-1,0.5445458196,0.2039962734,0.3742710465,0.2722729098,0.5303771025,0.3159638882,0.03928216225,true,0.1,0.05,true,true,true,0,0,0.2742710465,0.2222729098
3,0.1,3.5,6,0.405,0.705,II,full-pool,0.25,0.25,1,-1,0.5436973579,0.203318763,0.3735080605,0.271848679,0.5380069626,0.3193682083,0.03884863748,true,0.1,0.05,true,true,true,0,0,0.2735080605,0.221848679
3,0.1,3.5,6,0.405,0.705,II,full-pool,0.3,0.3,1,-1,0.5428274174,0.2026579804,0.3727426989,0.2714137087,0.5456605782,0.3228600882,0.03838084684,true,0.1,0.05,true,true,true,0,0,0.2727426989,0.2214137087
3,0.1,3.5,6,0.405,0.705,II,full-pool,0.35,0.35,1,-1,0.5419354542,0.2020135126,0.3719744834,0.2709677271,0.5533427333,0.326437536,0.03787773764,true,0.1,0.05,true,true,true,0,0,0.2719744834,0.2209677271
3,0.1,3.5,6,0.405,0.705,II,full-pool,0.4,0.4,1,-1,0.5410209108,0.2013849568,0.3712029338,0.2705104554,0.5610582292,0.3300986342,0.03733830593,true,0.1,0.05,true,true,true,0,0,0.2712029338,0.2205104554
3,0.1,3.5,6,0.405,0.705,II,full-pool,0.45,0.45,1,-1,0.5400832157,0.20077192,0.3704275679,0.2700416079,0.5688118886,0.3338415294,0.03676159958,true,0.1,0.05,true,true,true,0,0,0.2704275679,0.2200416079
3,0.1,3.5,6,0.405,0.705,II,full-pool,0.5,0.5,1,-1,0.5391217827,0.2001740192,0.369647901,0.2695608914,0.5766085576,0.3376644228,0.0361467213,true,0.1,0.05,true,true,true,0,0,0.269647901,0.2195608914
3,0.1,3.5,6,0.405,0.705,II,full-pool,0.55,0.55,1,-1,0.5381360109,0.1995908806,0.3688634458,0.2690680055,0.5844531094,0.3415655618,0.03549283133,true,0.1,0.05,true,true,true,0,0,0.2688634458,0.2190680055
3,0.1,3.5,6,0.405,0.705,II,full-pool,0.6,0.6,1,-1,0.5371252842,0.1990221398,0.368073712,0.2685626421,0.5923504472,0.3455432324,0.03479915,true,0.1,0.05,true,true,true,0,0,0.268073712,0.2185626421
3,0.1,3.5,6,0.405,0.705,II,full-pool,0.65,0.65,1,-1,0.5360889708,0.1984674412,0.367278206,0.2680444854,0.6003055071,0.349595752,0.03406496011,true,0.1,0.05,true,true,true,0,0,0.267278206,0.2180444854
3,0.1,3.5,6,0.405,0.705,II,full-pool,0.7,0.7,1,-1,0.535026423,0.1979264382,0.3664764306,0.2675132115,0.6083232611,0.3537214633,0.03328960893,true,0.1,0.05,true,true,true,0,0,0.2664764306,0.2175132115
3,0.1,3.5,6,0.405,0.705,II,full-pool,0.75,0.75,1,-1,0.5339369767,0.1973987925,0.3656678846,0.2669684884,0.6164087207,0.3579187286,0.03247251009,true,0.1,0.05,true,true,true,0,0,0.2656678846,0.2169684884
3,0.1,3.5,6,0.405,0.705,II,full-pool,0.8,0.8,1,-1,0.532819951,0.1968841745,0.3648520628,0.2664099755,0.6245669396,0.3621859246,0.03161314512,true,0.1,0.05,true,true,true,0,0,0.2648520628,0.2164099755
3,0.1,3.5,6,0.405,0.705,II,full-pool,0.85,0.85,1,-1,0.5316746475,0.1963822625,0.364028455,0.2658373238,0.6328030168,0.3665214378,0.03071106477,true,0.1,0.05,true,true,true,0,0,0.264028455,0.2158373238
3,0.1,3.5,6,0.405,0.705,II,full-pool,0.9,0.9,1,-1,0.5243852877,0.1933705117,0.3588778997,0.2621926439,0.6411221003,0.3709236603,0.02976589001,true,0.1,0.05,true,true,true,0,0,0.2588778997,0.2121926439
3,0.1,3.5,6,0.405,0.705,II,full-pool,0.95,0.95,1,-1,0.512345044,0.1885961768,0.3504706104,0.256172522,0.6495293896,0.375390986,0.02877731277,true,0.1,0.05,true,true,true,0,0,0.2504706104,0.206172522
3,0.1,3.5,6,0.405,0.705,II,full-pool,1,1,1,-1,0.5,0.1839397206,0.3419698603,0.25,0.6580301397,0.3799218074,0.02774509651,true,0.1,0.05,true,true,true,0,0,0.2419698603,0.2
3,0.1,3.5,6,0.405,0.705,II,full-pool,1.05,1.05,1,-1,0.487654956,0.1793982327,0.3335265944,0.243827478,0.6664734056,0.3843702087,0.02671725523,true,0.1,0.05,true,true,true,0,0,0.2335265944,0.193827478
3,0.1,3.5,6,0.405,0.705,II,full-pool,1.1,1.1,1,-1,0.4756147123,0.1749688746,0.3252917934,0.2378073561,0.6747082066,0.3886015337,0.02573957129,true,0.1,0.05,true,true,true,0,0,0.2252917934,0.1878073561
3,0.1,3.5,6,0.405,0.705,II,full-pool,1.15,1.15,1,-1,0.4638717432,0.1706488777,0.3172603104,0.2319358716,0.6827396896,0.3926300646,0.02480874467,true,0.1,0.05,true,true,true,0,0,0.2172603104,0.1819358716
3,0.1,3.5,6,0.405,0.705,II,full-pool,1.2,1.2,1,-1,0.452418709,0.1664355418,0.3094271254,0.2262093545,0.6905728746,0.3964688675,0.02392175632,true,0.1,0.05,true,true,true,0,0,0.2094271254,0.1762093545
3,0.1,3.5,6,0.405,0.705,II,full-pool,1.25,1.25,1,-1,0.4412484513,0.1623262337,0.3017873425,0.2206242256,0.6982126575,0.4001299194,0.02307583888,true,0.1,0.05,true,true,true,0,0,0.2017873425,0.1706242256
3,0.1,3.5,6,0.405,0.705,II,full-pool,1.3,1.3,1,-1,0.4303539882,0.1583183847,0.2943361865,0.2151769941,0.7056638135,0.4036242194,0.02226845088,true,0.1,0.05,true,true,true,0,0,0.1943361865,0.1651769941
3,0.1,3.5,6,0.405,0.705,II,full-pool,1.320333862,1.320333862,1,-1,0.4260007757,0.1567169273,0.2913588515,0.2130003879,0.7086411485,0.4049999252,0.02195058225,true,0.1,0.05,true,true,true,0,0,0.1913588515,0.1630003879
3,0.1,3.525,6,0.408,0.705,II,full-minimal,-inf,-0.3722394605,1,-1,0.5528855168,0.2130860165,0.3829857667,0.2764427584,0.4432299004,0.2840095512,0.04218379787,true,0.1,0.05,true,true,true,0,0,0.2829857667,0.2264427584
3,0.1,3.525,6,0.408,0.705,II,full-pool,-0.35,-0.35,1,-1,0.5526040008,0.2126820592,0.38264303,0.2763020004,0.4466572667,0.2849816059,0.04212921075,true,0.1,0.05,true,true,true,0,0,0.28264303,0.2263020004
3,0.1,3.525,6,0.408,0.705,II,full-pool,-0.3,-0.3,1,-1,0.551959533,0.211790096,0.3818748145,0.2759797665,0.4543394218,0.2872553821,0.04199254211,true,0.1,0.05,true,true,true,0,0,0.2818748145,0.2259797665
3,0.1,3.525,6,0.408,0.705,II,full-pool,-0.25,-0.25,1,-1,0.5512987504,0.2109201555,0.381109453,0.2756493752,0.4619930374,0.2896479953,0.04183544812,true,0.1,0.05,true,true,true,0,0,0.281109453,0.2256493752
3,0.1,3.525,6,0.408,0.705,II,full-pool,-0.2,-0.2,1,-1,0.5506212401,0.2100716939,0.380346467,0.27531062,0.4696228975,0.2921554927,0.04165655883,true,0.1,0.05,true,true,true,0,0,0.280346467,0.22531062
3,0.1,3.525,6,0.408,0.705,II,full-pool,-0.15,-0.15,1,-1,0.5499265784,0.2092441808,0.3795853796,0.2749632892,0.4772337709,0.2947742297,0.04145451783,true,0.1,0.05,true,true,true,0,0,0.2795853796,0.2249632892
3,0.1,3.525,6,0.408,0.705,II,full-pool,-0.1,-0.1,1,-1,0.5492143313,0.2084370991,0.3788257152,0.2746071657,0.4848304147,0.2975008337,0.04122798476,true,0.1,0.05,true,true,true,0,0,0.2788257152,0.2246071657
3,0.1,3.525,6,0.408,0.705,II,full-pool,-0.05,-0.05,1,-1,0.5484840536,0.2076499444,0.378066999,0.2742420268,0.492417577,0.3003321734,0.04097563812,true,0.1,0.05,true,true,true,0,0,0.278066999,0.2242420268
3,0.1,3.525,6,0.408,0.705,II,full-pool,0,0,1,-1,0.5477352889,0.2068822245,0.3773087567,0.2738676444,0.5,0.3032653299,0.04069617827,true,0.1,0.05,true,true,true,0,0,0.2773087567,0.2238676444
3,0.1,3.525,6,0.408,0.705,II,full-pool,0.05,0.05,1,-1,0.546967569,0.2061334598,0.3765505144,0.2734837845,0.507582423,0.3062975727,0.04038833066,true,0.1,0.05,true,true,true,0,0,0.2765505144,0.2234837845
3,0.1,3.525,6,0.408,0.705,II,full-pool,0.1,0.1,1,-1,0.5461804143,0.2054031821,0.3757917982,0.2730902071,0.5151695853,0.3094263374,0.04005084914,true,0.1,0.05,true,true,true,0,0,0.2757917982,0.2230902071
3,0.1,3.525,6,0.408,0.705,II,full-pool,0.15,0.15,1,-1,0.5453733326,0.204690935,0.3750321338,0.2726866663,0.5227662291,0.3126492057,0.03968251936,true,0.1,0.05,true,true,true,0,0,0.2750321338,0.2226866663
3,0.1,3.525,6,0.408,0.705,II,full-pool,0.2,0.2,1,-1,0.5445458196,0.2039962734,0.3742710465,0.2722729098,0.5303771025,0.3159638882,0.03928216225,true,0.1,0.05,true,true,true,0,0,0.2742710465,0.2222729098
3,0.1,3.525,6,0.408,0.705,II,full-pool,0.25,0.25,1,-1,0.5436973579,0.203318763,0.3735080605,0.271848679,0.5380069626,0.3193682083,0.03884863748,true,0.1,0.05,true,true,true,0,0,0.2735080605,0.221848679
3,0.1,3.525,6,0.408,0.705,II,full-pool,0.3,0.3,1,-1,0.5428274174,0.2026579804,0.3727426989,0.2714137087,0.5456605782,0.3228600882,0.03838084684,true,0.1,0.05,true,true,true,0,0,0.2727426989,0.2214137087
3,0.1,3.525,6,0.408,0.705,II,full-pool,0.35,0.35,1,-1,0.5419354542,0.2020135126,0.3719744834,0.2709677271,0.5533427333,0.326437536,0.03787773764,true,0.1,0.05,true,true,true,0,0,0.2719744834,0.2209677271
3,0.1,3.525,6,0.408,0.705,II,full-pool,0.4,0.4,1,-1,0.5410209108,0.2013849568,0.3712029338,0.2705104554,0.5610582292,0.3300986342,0.03733830593,true,0.1,0.05,true,true,true,0,0,0.2712029338,0.2205104554
3,0.1,3.525,6,0.408,0.705,II,full-pool,0.45,0.45,1,-1,0.5400832157,0.20077192,0.3704275679,0.2700416079,0.5688118886,0.3338415294,0.03676159958,true,0.1,0.05,true,true,true,0,0,0.2704275679,0.2200416079
3,0.1,3.525,6,0.408,0.705,II,full-pool,0.5,0.5,1,-1,0.5391217827,0.2001740192,0.369647901,0.2695608914,0.5766085576,0.3376644228,0.0361467213,true,0.1,0.05,true,true,true,0,0,0.269647901,0.2195608914
3,0.1,3.525,6,0.408,0.705,II,full-pool,0.55,0.55,1,-1,0.5381360109,0.1995908806,0.3688634458,0.2690680055,0.5844531094,0.3415655618,0.03549283133,true,0.1,0.05,true,true,true,0,0,0.2688634458,0.2190680055
3,0.1,3.525,6,0.408,0.705,II,full-pool,0.6,0.6,1,-1,0.5371252842,0.1990221398,0.368073712,0.2685626421,0.5923504472,0.3455432324,0.03479915,true,0.1,0.05,true,true,true,0,0,0.268073712,0.2185626421
3,0.1,3.525,6,0.408,0.705,II,full-pool,0.65,0.65,1,-1,0.5360889708,0.1984674412,0.367278206,0.2680444854,0.6003055071,0.349595752,0.03406496011,true,0.1,0.05,true,true,true,0,0,0.267278206,0.2180444854
3,0.1,3.525,6,0.408,0.705,II,full-pool,0.7,0.7,1,-1,0.535026423,0.1979264382,0.3664764306,0.2675132115,0.6083232611,0.3537214633,0.03328960893,true,0.1,0.05,true,true,true,0,0,0.2664764306,0.2175132115
3,0.1,3.525,6,0.408,0.705,II,full-pool,0.75,0.75,1,-1,0.5339369767,0.1973987925,0.3656678846,0.2669684884,0.6164087207,0.3579187286,0.03247251009,true,0.1,0.05,true,true,true,0,0,0.2656678846,0.2169684884
3,0.1,3.525,6,0.408,0.705,II,full-pool,0.8,0.8,1,-1,0.532819951,0.1968841745,0.3648520628,0.2664099755,0.6245669396,0.3621859246,0.03161314512,true,0.1,0.05,true,true,true,0,0,0.2648520628,0.2164099755
3,0.1,3.525,6,0.408,0.705,II,full-pool,0.85,0.85,1,-1,0.5316746475,0.1963822625,0.364028455,0.2658373238,0.6328030168,0.3665214378,0.03071106477,true,0.1,0.05,true,true,true,0,0,0.264028455,0.2158373238
3,0.1,3.525,6,0.408,0.705,II,full-pool,0.9,0.9,1,-1,0.5243852877,0.1933705117,0.3588778997,0.2621926439,0.6411221003,0.3709236603,0.02976589001,true,0.1,0.05,true,true,true,0,0,0.2588778997,0.2121926439
3,0.1,3.525,6,0.408,0.705,II,full-pool,0.95,0.95,1,-1,0.512345044,0.1885961768,0.3504706104,0.256172522,0.6495293896,0.375390986,0.02877731277,true,0.1,0.05,true,true,true,0,0,0.2504706104,0.206172522
3,0.1,3.525,6,0.408,0.705,II,full-pool,1,1,1,-1,0.5,0.1839397206,0.3419698603,0.25,0.6580301397,0.3799218074,0.02774509651,true,0.1,0.05,true,true,true,0,0,0.2419698603,0.2
3,0.1,3.525,6,0.408,0.705,II,full-pool,1.05,1.05,1,-1,0.487654956,0.1793982327,0.3335265944,0.243827478,0.6664734056,0.3843702087,0.02671725523,true,0.1,0.05,true,true,true,0,0,0.2335265944,0.193827478
3,0.1,3.525,6,0.408,0.705,II,full-pool,1.1,1.1,1,-1,0.4756147123,0.1749688746,0.3252917934,0.2378073561,0.6747082066,0.3886015337,0.02573957129,true,0.1,0.05,true,true,true,0,0,0.2252917934,0.1878073561
3,0.1,3.525,6,0.408,0.705,II,full-pool,1.15,1.15,1,-1,0.4638717432,0.1706488777,0.3172603104,0.2319358716,0.6827396896,0.3926300646,0.02480874467,true,0.1,0.05,true,true,true,0,0,0.2172603104,0.1819358716
3,0.1,3.525,6,0.408,0.705,II,full-pool,1.2,1.2,1,-1,0.452418709,0.1664355418,0.3094271254,0.2262093545,0.6905728746,0.3964688675,0.02392175632,true,0.1,0.05,true,true,true,0,0,0.2094271254,0.1762093545
3,0.1,3.525,6,0.408,0.705,II,full-pool,1.25,1.25,1,-1,0.4412484513,0.1623262337,0.3017873425,0.2206242256,0.6982126575,0.4001299194,0.02307583888,true,0.1,0.05,true,true,true,0,0,0.2017873425,0.1706242256
3,0.1,3.525,6,0.408,0.705,II,full-pool,1.3,1.3,1,-1,0.4303539882,0.1583183847,0.2943361865,0.2151769941,0.7056638135,0.4036242194,0.02226845088,true,0.1,0.05,true,true,true,0,0,0.1943361865,0.1651769941
3,0.1,3.525,6,0.408,0.705,II,full-pool,1.35,1.35,1,-1,0.4197285104,0.1544094898,0.2870690001,0.2098642552,0.7129309999,0.4069618867,0.02149725422,true,0.1,0.05,true,true,true,0,0,0.1870690001,0.1598642552
3,0.1,3.525,6,0.408,0.705,II,full-pool,1.36602478,1.36602478,1,-1,0.4163789188,0.153177244,0.2847780814,0.2081894594,0.7152219186,0.4079999969,0.02125738995,true,0.1,0.05,true,true,true,0,0,0.1847780814,0.1581894594
3,0.1,3.55,6,0.411,0.705,II,full-minimal,-inf,-0.3598329692,1,-1,0.5527288566,0.2128601113,0.382794484,0.2763644283,0.4451427274,0.2845487937,0.04215380336,true,0.1,0.05,true,true,true,0,0,0.282794484,0.2263644283
3,0.1,3.55,6,0.411,0.705,II,full-pool,-0.35,-0.35,1,-1,0.5526040008,0.2126820592,0.38264303,0.2763020004,0.4466572667,0.2849816059,0.04212921075,true,0.1,0.05,true,true,true,0,0,0.28264303,0.2263020004
3,0.1,3.55,6,0.411,0.705,II,full-pool,-0.3,-0.3,1,-1,0.551959533,0.211790096,0.3818748145,0.2759797665,0.4543394218,0.2872553821,0.04199254211,true,0.1,0.05,true,true,true,0,0,0.2818748145,0.2259797665
3,0.1,3.55,6,0.411,0.705,II,full-pool,-0.25,-0.25,1,-1,0.5512987504,0.2109201555,0.381109453,0.2756493752,0.4619930374,0.2896479953,0.04183544812,true,0.1,0.05,true,true,true,0,0,0.281109453,0.2256493752
3,0.1,3.55,6,0.411,0.705,II,full-pool,-0.2,-0.2,1,-1,0.5506212401,0.2100716939,0.380346467,0.27531062,0.4696228975,0.2921554927,0.04165655883,true,0.1,0.05,true,true,true,0,0,0.280346467,0.22531062
3,0.1,3.55,6,0.411,0.705,II,full-pool,-0.15,-0.15,1,-1,0.5499265784,0.2092441808,0.3795853796,0.2749632892,0.4772337709,0.2947742297,0.04145451783,true,0.1,0.05,true,true,true,0,0,0.2795853796,0.2249632892
3,0.1,3.55,6,0.411,0.705,II,full-pool,-0.1,-0.1,1,-1,0.5492143313,0.2084370991,0.3788257152,0.2746071657,0.4848304147,0.2975008337,0.04122798476,true,0.1,0.05,true,true,true,0,0,0.2788257152,0.2246071657
3,0.1,3.55,6,0.411,0.705,II,full-pool,-0.05,-0.05,1,-1,0.5484840536,0.2076499444,0.378066999,0.2742420268,0.492417577,0.3003321734,0.04097563812,true,0.1,0.05,true,true,true,0,0,0.278066999,0.2242420268
3,0.1,3.55,6,0.411,0.705,II,full-pool,0,0,1,-1,0.5477352889,0.2068822245,0.3773087567,0.2738676444,0.5,0.3032653299,0.04069617827,true,0.1,0.05,true,true,true,0,0,0.2773087567,0.2238676444
3,0.1,3.55,6,0.411,0.705,II,full-pool,0.05,0.05,1,-1,0.546967569,0.2061334598,0.3765505144,0.2734837845,0.507582423,0.3062975727,0.04038833066,true,0.1,0.05,true,true,true,0,0,0.2765505144,0.2234837845
3,0.1,3.55,6,0.411,0.705,II,full-pool,0.1,0.1,1,-1,0.5461804143,0.2054031821,0.3757917982,0.2730902071,0.5151695853,0.3094263374,0.04005084914,true,0.1,0.05,true,true,true,0,0,0.2757917982,0.2230902071
3,0.1,3.55,6,0.411,0.705,II,full-pool,0.15,0.15,1,-1,0.5453733326,0.204690935,0.3750321338,0.2726866663,0.5227662291,0.3126492057,0.03968251936,true,0.1,0.05,true,true,true,0,0,0.2750321338,0.2226866663
3,0.1,3.55,6,0.411,0.705,II,full-pool,0.2,0.2,1,-1,0.5445458196,0.2039962734,0.3742710465,0.2722729098,0.5303771025,0.3159638882,0.03928216225,true,0.1,0.05,true,true,true,0,0,0.2742710465,0.2222729098
3,0.1,3.55,6,0.411,0.705,II,full-pool,0.25,0.25,1,-1,0.5436973579,0.203318763,0.3735080605,0.271848679,0.5380069626,0.3193682083,0.03884863748,true,0.1,0.05,true,true,true,0,0,0.2735080605,0.221848679
3,0.1,3.55,6,0.411,0.705,II,full-pool,0.3,0.3,1,-1,0.5428274174,0.2026579804,0.3727426989,0.2714137087,0.5456605782,0.3228600882,0.03838084684,true,0.1,0.05,true,true,true,0,0,0.2727426989,0.2214137087
3,0.1,3.55,6,0.411,0.705,II,full-pool,0.35,0.35,1,-1,0.5419354542,0.2020135126,0.3719744834,0.2709677271,0.5533427333,0.326437536,0.03787773764,true,0.1,0.05,true,true,true,0,0,0.2719744834,0.2209677271
3,0.1,3.55,6,0.411,0.705,II,full-pool,0.4,0.4,1,-1,0.5410209108,0.2013849568,0.3712029338,0.2705104554,0.5610582292,0.3300986342,0.03733830593,true,0.1,0.05,true,true,true,0,0,0.2712029338,0.2205104554
3,0.1,3.55,6,0.411,0.705,II,full-pool,0.45,0.45,1,-1,0.5400832157,0.20077192,0.3704275679,0.2700416079,0.5688118886,0.3338415294,0.03676159958,true,0.1,0.05,true,true,true,0,0,0.2704275679,0.2200416079
3,0.1,3.55,6,0.411,0.705,II,full-pool,0.5,0.5,1,-1,0.5391217827,0.2001740192,0.369647901,0.2695608914,0.5766085576,0.3376644228,0.0361467213,true,0.1,0.05,true,true,true,0,0,0.269647901,0.2195608914
3,0.1,3.55,6,0.411,0.705,II,full-pool,0.55,0.55,1,-1,0.5381360109,0.1995908806,0.3688634458,0.2690680055,0.5844531094,0.3415655618,0.03549283133,true,0.1,0.05,true,true,true,0,0,0.2688634458,0.2190680055
3,0.1,3.55,6,0.411,0.705,II,full-pool,0.6,0.6,1,-1,0.5371252842,0.1990221398,0.368073712,0.2685626421,0.5923504472,0.3455432324,0.03479915,true,0.1,0.05,true,true,true,0,0,0.268073712,0.2185626421
3,0.1,3.55,6,0.411,0.705,II,full-pool,0.65,0.65,1,-1,0.5360889708,0.1984674412,0.367278206,0.2680444854,0.6003055071,0.349595752,0.03406496011,true,0.1,0.05,true,true,true,0,0,0.267278206,0.2180444854
3,0.1,3.55,6,0.411,0.705,II,full-pool,0.7,0.7,1,-1,0.535026423,0.1979264382,0.3664764306,0.2675132115,0.6083232611,0.3537214633,0.03328960893,true,0.1,0.05,true,true,true,0,0,0.2664764306,0.2175132115
3,0.1,3.55,6,0.411,0.705,II,full-pool,0.75,0.75,1,-1,0.5339369767,0.1973987925,0.3656678846,0.2669684884,0.6164087207,0.3579187286,0.03247251009,true,0.1,0.05,true,true,true,0,0,0.2656678846,0.2169684884
3,0.1,3.55,6,0.411,0.705,II,full-pool,0.8,0.8,1,-1,0.532819951,0.1968841745,0.3648520628,0.2664099755,0.6245669396,0.3621859246,0.03161314512,true,0.1,0.05,true,true,true,0,0,0.2648520628,0.2164099755
3,0.1,3.55,6,0.411,0.705,II,full-pool,0.85,0.85,1,-1,0.5316746475,0.1963822625,0.364028455,0.2658373238,0.6328030168,0.3665214378,0.03071106477,true,0.1,0.05,true,true,true,0,0,0.264028455,0.2158373238
3,0.1,3.55,6,0.411,0.705,II,full-pool,0.9,0.9,1,-1,0.5243852877,0.1933705117,0.3588778997,0.2621926439,0.6411221003,0.3709236603,0.02976589001,true,0.1,0.05,true,true,true,0,0,0.2588778997,0.2121926439
3,0.1,3.55,6,0.411,0.705,II,full-pool,0.95,0.95,1,-1,0.512345044,0.1885961768,0.3504706104,0.256172522,0.6495293896,0.375390986,0.02877731277,true,0.1,0.05,true,true,true,0,0,0.2504706104,0.206172522
3,0.1,3.55,6,0.411,0.705,II,full-pool,1,1,1,-1,0.5,0.1839397206,0.3419698603,0.25,0.6580301397,0.3799218074,0.02774509651,true,0.1,0.05,true,true,true,0,0,0.2419698603,0.2
3,0.1,3.55,6,0.411,0.705,II,full-pool,1.05,1.05,1,-1,0.487654956,0.1793982327,0.3335265944,0.243827478,0.6664734056,0.3843702087,0.02671725523,true,0.1,0.05,true,true,true,0,0,0.2335265944,0.193827478
3,0.1,3.55,6,0.411,0.705,II,full-pool,1.1,1.1,1,-1,0.4756147123,0.1749688746,0.3252917934,0.2378073561,0.6747082066,0.3886015337,0.02573957129,true,0.1,0.05,true,true,true,0,0,0.2252917934,0.1878073561
3,0.1,3.55,6,0.411,0.705,II,full-pool,1.15,1.15,1,-1,0.4638717432,0.1706488777,0.3172603104,0.2319358716,0.6827396896,0.3926300646,0.02480874467,true,0.1,0.05,true,true,true,0,0,0.2172603104,0.1819358716
3,0.1,3.55,6,0.411,0.705,II,full-pool,1.2,1.2,1,-1,0.452418709,0.1664355418,0.3094271254,0.2262093545,0.6905728746,0.3964688675,0.02392175632,true,0.1,0.05,true,true,true,0,0,0.2094271254,0.1762093545
3,0.1,3.55,6,0.411,0.705,II,full-pool,1.25,1.25,1,-1,0.4412484513,0.1623262337,0.3017873425,0.2206242256,0.6982126575,0.4001299194,0.02307583888,true,0.1,0.05,true,true,true,0,0,0.2017873425,0.1706242256
3,0.1,3.55,6,0.411,0.705,II,full-pool,1.3,1.3,1,-1,0.4303539882,0.1583183847,0.2943361865,0.2151769941,0.7056638135,0.4036242194,0.02226845088,true,0.1,0.05,true,true,true,0,0,0.1943361865,0.1651769941
3,0.1,3.55,6,0.411,0.705,II,full-pool,1.35,1.35,1,-1,0.4197285104,0.1544094898,0.2870690001,0.2098642552,0.7129309999,0.4069618867,0.02149725422,true,0.1,0.05,true,true,true,0,0,0.1870690001,0.1598642552
3,0.1,3.55,6,0.411,0.705,II,full-pool,1.4,1.4,1,-1,0.4093653765,0.150597106,0.2799812412,0.2046826883,0.7200187588,0.4101522469,0.02076009412,true,0.1,0.05,true,true,true,0,0,0.1799812412,0.1546826883
3,0.1,3.55,6,0.411,0.705,II,full-pool,1.413668823,1.413668823,1,-1,0.4065771439,0.1495713725,0.2780742582,0.2032885719,0.7219257418,0.4109999282,0.02056423009,true,0.1,0.05,true,true,true,0,0,0.1780742582,0.1532885719
3,0.1,3.575,6,0.414,0.705,II,full-minimal,-inf,-0.3474538158,1,-1,0.55257157,0.2126360963,0.3826038332,0.276285785,0.4470492353,0.2850944572,0.04212272302,true,0.1,0.05,true,true,true,0,0,0.2826038332,0.226285785
3,0.1,3.575,6,0.414,0.705,II,full-pool,-0.3,-0.3,1,-1,0.551959533,0.211790096,0.3818748145,0.2759797665,0.4543394218,0.2872553821,0.04199254211,true,0.1,0.05,true,true,true,0,0,0.2818748145,0.2259797665
3,0.1,3.575,6,0.414,0.705,II,full-pool,-0.25,-0.25,1,-1,0.5512987504,0.2109201555,0.381109453,0.2756493752,0.4619930374,0.2896479953,0.04183544812,true,0.1,0.05,true,true,true,0,0,0.281109453,0.2256493752
3,0.1,3.575,6,0.414,0.705,II,full-pool,-0.2,-0.2,1,-1,0.5506212401,0.2100716939,0.380346467,0.27531062,0.4696228975,0.2921554927,0.04165655883,true,0.1,0.05,true,true,true,0,0,0.280346467,0.22531062
3,0.1,3.575,6,0.414,0.705,II,full-pool,-0.15,-0.15,1,-1,0.5499265784,0.2092441808,0.3795853796,0.2749632892,0.4772337709,0.2947742297,0.04145451783,true,0.1,0.05,true,true,true,0,0,0.2795853796,0.2249632892
3,0.1,3.575,6,0.414,0.705,II,full-pool,-0.1,-0.1,1,-1,0.5492143313,0.2084370991,0.3788257152,0.2746071657,0.4848304147,0.2975008337,0.04122798476,true,0.1,0.05,true,true,true,0,0,0.2788257152,0.2246071657
3,0.1,3.575,6,0.414,0.705,II,full-pool,-0.05,-0.05,1,-1,0.5484840536,0.2076499444,0.378066999,0.2742420268,0.492417577,0.3003321734,0.04097563812,true,0.1,0.05,true,true,true,0,0,0.278066999,0.2242420268
3,0.1,3.575,6,0.414,0.705,II,full-pool,0,0,1,-1,0.5477352889,0.2068822245,0.3773087567,0.2738676444,0.5,0.3032653299,0.04069617827,true,0.1,0.05,true,true,true,0,0,0.2773087567,0.2238676444
3,0.1,3.575,6,0.414,0.705,II,full-pool,0.05,0.05,1,-1,0.546967569,0.2061334598,0.3765505144,0.2734837845,0.507582423,0.3062975727,0.04038833066,true,0.1,0.05,true,true,true,0,0,0.2765505144,0.2234837845
3,0.1,3.575,6,0.414,0.705,II,full-pool,0.1,0.1,1,-1,0.5461804143,0.2054031821,0.3757917982,0.2730902071,0.5151695853,0.3094263374,0.04005084914,true,0.1,0.05,true,true,true,0,0,0.2757917982,0.2230902071
3,0.1,3.575,6,0.414,0.705,II,full-pool,0.15,0.15,1,-1,0.5453733326,0.204690935,0.3750321338,0.2726866663,0.5227662291,0.3126492057,0.03968251936,true,0.1,0.05,true,true,true,0,0,0.2750321338,0.2226866663
3,0.1,3.575,6,0.414,0.705,II,full-pool,0.2,0.2,1,-1,0.5445458196,0.2039962734,0.3742710465,0.2722729098,0.5303771025,0.3159638882,0.03928216225,true,0.1,0.05,true,true,true,0,0,0.2742710465,0.2222729098
3,0.1,3.575,6,0.414,0.705,II,full-pool,0.25,0.25,1,-1,0.5436973579,0.203318763,0.3735080605,0.271848679,0.5380069626,0.3193682083,0.03884863748,true,0.1,0.05,true,true,true,0,0,0.2735080605,0.221848679
3,0.1,3.575,6,0.414,0.705,II,full-pool,0.3,0.3,1,-1,0.5428274174,0.2026579804,0.3727426989,0.2714137087,0.5456605782,0.3228600882,0.03838084684,true,0.1,0.05,true,true,true,0,0,0.2727426989,0.2214137087
3,0.1,3.575,6,0.414,0.705,II,full-pool,0.35,0.35,1,-1,0.5419354542,0.2020135126,0.3719744834,0.2709677271,0.5533427333,0.326437536,0.03787773764,true,0.1,0.05,true,true,true,0,0,0.2719744834,0.2209677271
3,0.1,3.575,6,0.414,0.705,II,full-pool,0.4,0.4,1,-1,0.5410209108,0.2013849568,0.3712029338,0.2705104554,0.5610582292,0.3300986342,0.03733830593,true,0.1,0.05,true,true,true,0,0,0.2712029338,0.2205104554
3,0.1,3.575,6,0.414,0.705,II,full-pool,0.45,0.45,1,-1,0.5400832157,0.20077192,0.3704275679,0.2700416079,0.5688118886,0.3338415294,0.03676159958,true,0.1,0.05,true,true,true,0,0,0.2704275679,0.2200416079
3,0.1,3.575,6,0.414,0.705,II,full-pool,0.5,0.5,1,-1,0.5391217827,0.2001740192,0.369647901,0.2695608914,0.5766085576,0.3376644228,0.0361467213,true,0.1,0.05,true,true,true,0,0,0.269647901,0.2195608914
3,0.1,3.575,6,0.414,0.705,II,full-pool,0.55,0.55,1,-1,0.5381360109,0.1995908806,0.3688634458,0.2690680055,0.5844531094,0.3415655618,0.03549283133,true,0.1,0.05,true,true,true,0,0,0.2688634458,0.2190680055
3,0.1,3.575,6,0.414,0.705,II,full-pool,0.6,0.6,1,-1,0.5371252842,0.1990221398,0.368073712,0.2685626421,0.5923504472,0.3455432324,0.03479915,true,0.1,0.05,true,true,true,0,0,0.268073712,0.2185626421
3,0.1,3.575,6,0.414,0.705,II,full-pool,0.65,0.65,1,-1,0.5360889708,0.1984674412,0.367278206,0.2680444854,0.6003055071,0.349595752,0.03406496011,true,0.1,0.05,true,true,true,0,0,0.267278206,0.2180444854
3,0.1,3.575,6,0.414,0.705,II,full-pool,0.7,0.7,1,-1,0.535026423,0.1979264382,0.3664764306,0.2675132115,0.6083232611,0.3537214633,0.03328960893,true,0.1,0.05,true,true,true,0,0,0.2664764306,0.2175132115
3,0.1,3.575,6,0.414,0.705,II,full-pool,0.75,0.75,1,-1,0.5339369767,0.1973987925,0.3656678846,0.2669684884,0.6164087207,0.3579187286,0.03247251009,true,0.1,0.05,true,true,true,0,0,0.2656678846,0.2169684884
3,0.1,3.575,6,0.414,0.705,II,full-pool,0.8,0.8,1,-1,0.532819951,0.1968841745,0.3648520628,0.2664099755,0.6245669396,0.3621859246,0.03161314512,true,0.1,0.05,true,true,true,0,0,0.2648520628,0.2164099755
3,0.1,3.575,6,0.414,0.705,II,full-pool,0.85,0.85,1,-1,0.5316746475,0.1963822625,0.364028455,0.2658373238,0.6328030168,0.3665214378,0.03071106477,true,0.1,0.05,true,true,true,0,0,0.264028455,0.2158373238
3,0.1,3.575,6,0.414,0.705,II,full-pool,0.9,0.9,1,-1,0.5243852877,0.1933705117,0.3588778997,0.2621926439,0.6411221003,0.3709236603,0.02976589001,true,0.1,0.05,true,true,true,0,0,0.2588778997,0.2121926439
3,0.1,3.575,6,0.414,0.705,II,full-pool,0.95,0.95,1,-1,0.512345044,0.1885961768,0.3504706104,0.256172522,0.6495293896,0.375390986,0.02877731277,true,0.1,0.05,true,true,true,0,0,0.2504706104,0.206172522
3,0.1,3.575,6,0.414,0.705,II,full-pool,1,1,1,-1,0.5,0.1839397206,0.3419698603,0.25,0.6580301397,0.3799218074,0.02774509651,true,0.1,0.05,true,true,true,0,0,0.2419698603,0.2
3,0.1,3.575,6,0.414,0.705,II,full-pool,1.05,1.05,1,-1,0.487654956,0.1793982327,0.3335265944,0.243827478,0.6664734056,0.3843702087,0.02671725523,true,0.1,0.05,true,true,true,0,0,0.2335265944,0.193827478
3,0.1,3.575,6,0.414,0.705,II,full-pool,1.1,1.1,1,-1,0.4756147123,0.1749688746,0.3252917934,0.2378073561,0.6747082066,0.3886015337,0.02573957129,true,0.1,0.05,true,true,true,0,0,0.2252917934,0.1878073561
3,0.1,3.575,6,0.414,0.705,II,full-pool,1.15,1.15,1,-1,0.4638717432,0.1706488777,0.3172603104,0.2319358716,0.6827396896,0.3926300646,0.02480874467,true,0.1,0.05,true,true,true,0,0,0.2172603104,0.1819358716
3,0.1,3.575,6,0.414,0.705,II,full-pool,1.2,1.2,1,-1,0.452418709,0.1664355418,0.3094271254,0.2262093545,0.6905728746,0.3964688675,0.02392175632,true,0.1,0.05,true,true,true,0,0,0.2094271254,0.1762093545
3,0.1,3.575,6,0.414,0.705,II,full-pool,1.25,1.25,1,-1,0.4412484513,0.1623262337,0.3017873425,0.2206242256,0.6982126575,0.4001299194,0.02307583888,true,0.1,0.05,true,true,true,0,0,0.2017873425,0.1706242256
3,0.1,3.575,6,0.414,0.705,II,full-pool,1.3,1.3,1,-1,0.4303539882,0.1583183847,0.2943361865,0.2151769941,0.7056638135,0.4036242194,0.02226845088,true,0.1,0.05,true,true,true,0,0,0.1943361865,0.1651769941
3,0.1,3.575,6,0.414,0.705,II,full-pool,1.35,1.35,1,-1,0.4197285104,0.1544094898,0.2870690001,0.2098642552,0.7129309999,0.4069618867,0.02149725422,true,0.1,0.05,true,true,true,0,0,0.1870690001,0.1598642552
3,0.1,3.575,6,0.414,0.705,II,full-pool,1.4,1.4,1,-1,0.4093653765,0.150597106,0.2799812412,0.2046826883,0.7200187588,0.4101522469,0.02076009412,true,0.1,0.05,true,true,true,0,0,0.1799812412,0.1546826883
3,0.1,3.575,6,0.414,0.705,II,full-pool,1.45,1.45,1,-1,0.3992581094,0.1468788502,0.2730684798,0.1996290547,0.7269315202,0.4132039084,0.02005498155,true,0.1,0.05,true,true,true,0,0,0.1730684798,0.1496290547
3,0.1,3.575,6,0.414,0.705,II,full-pool,1.463412476,1.463412476,1,-1,0.3965895476,0.1458971411,0.2712433443,0.1982947738,0.7287566557,0.4139999599,0.01987104703,true,0.1,0.05,true,true,true,0,0,0.1712433443,0.1482947738
3,0.1,3.6,6,0.417,0.705,II,full-minimal,-inf,-0.3351009646,1,-1,0.5524136442,0.2124139352,0.3824137897,0.2762068221,0.4489496703,0.2856464696,0.04209054074,true,0.1,0.05,true,true,true,0,0,0.2824137897,0.2262068221
3,0.1,3.6,6,0.417,0.705,II,full-pool,-0.3,-0.3,1,-1,0.551959533,0.211790096,0.3818748145,0.2759797665,0.4543394218,0.2872553821,0.04199254211,true,0.1,0.05,true,true,true,0,0,0.2818748145,0.2259797665
3,0.1,3.6,6,0.417,0.705,II,full-pool,-0.25,-0.25,1,-1,0.5512987504,0.2109201555,0.381109453,0.2756493752,0.4619930374,0.2896479953,0.04183544812,true,0.1,0.05,true,true,true,0,0,0.281109453,0.2256493752
3,0.1,3.6,6,0.417,0.705,II,full-pool,-0.2,-0.2,1,-1,0.5506212401,0.2100716939,0.380346467,0.27531062,0.4696228975,0.2921554927,0.04165655883,true,0.1,0.05,true,true,true,0,0,0.280346467,0.22531062
3,0.1,3.6,6,0.417,0.705,II,full-pool,-0.15,-0.15,1,-1,0.5499265784,0.2092441808,0.3795853796,0.2749632892,0.4772337709,0.2947742297,0.04145451783,true,0.1,0.05,true,true,true,0,0,0.2795853796,0.2249632892
3,0.1,3.6,6,0.417,0.705,II,full-pool,-0.1,-0.1,1,-1,0.5492143313,0.2084370991,0.3788257152,0.2746071657,0.4848304147,0.2975008337,0.04122798476,true,0.1,0.05,true,true,true,0,0,0.2788257152,0.2246071657
3,0.1,3.6,6,0.417,0.705,II,full-pool,-0.05,-0.05,1,-1,0.5484840536,0.2076499444,0.378066999,0.2742420268,0.492417577,0.3003321734,0.04097563812,true,0.1,0.05,true,true,true,0,0,0.278066999,0.2242420268
3,0.1,3.6,6,0.417,0.705,II,full-pool,0,0,1,-1,0.5477352889,0.2068822245,0.3773087567,0.2738676444,0.5,0.3032653299,0.04069617827,true,0.1,0.05,true,true,true,0,0,0.2773087567,0.2238676444
3,0.1,3.6,6,0.417,0.705,II,full-pool,0.05,0.05,1,-1,0.546967569,0.2061334598,0.3765505144,0.2734837845,0.507582423,0.3062975727,0.04038833066,true,0.1,0.05,true,true,true,0,0,0.2765505144,0.2234837845
3,0.1,3.6,6,0.417,0.705,II,full-pool,0.1,0.1,1,-1,0.5461804143,0.2054031821,0.3757917982,0.2730902071,0.5151695853,0.3094263374,0.04005084914,true,0.1,0.05,true,true,true,0,0,0.2757917982,0.2230902071
3,0.1,3.6,6,0.417,0.705,II,full-pool,0.15,0.15,1,-1,0.5453733326,0.204690935,0.3750321338,0.2726866663,0.5227662291,0.3126492057,0.03968251936,true,0.1,0.05,true,true,true,0,0,0.2750321338,0.2226866663
3,0.1,3.6,6,0.417,0.705,II,full-pool,0.2,0.2,1,-1,0.5445458196,0.2039962734,0.3742710465,0.2722729098,0.5303771025,0.3159638882,0.03928216225,true,0.1,0.05,true,true,true,0,0,0.2742710465,0.2222729098
3,0.1,3.6,6,0.417,0.705,II,full-pool,0.25,0.25,1,-1,0.5436973579,0.203318763,0.3735080605,0.271848679,0.5380069626,0.3193682083,0.03884863748,true,0.1,0.05,true,true,true,0,0,0.2735080605,0.221848679
3,0.1,3.6,6,0.417,0.705,II,full-pool,0.3,0.3,1,-1,0.5428274174,0.2026579804,0.3727426989,0.2714137087,0.5456605782,0.3228600882,0.03838084684,true,0.1,0.05,true,true,true,0,0,0.2727426989,0.2214137087
3,0.1,3.6,6,0.417,0.705,II,full-pool,0.35,0.35,1,-1,0.5419354542,0.2020135126,0.3719744834,0.2709677271,0.5533427333,0.326437536,0.03787773764,true,0.1,0.05,true,true,true,0,0,0.2719744834,0.2209677271
3,0.1,3.6,6,0.417,0.705,II,full-pool,0.4,0.4,1,-1,0.5410209108,0.2013849568,0.3712029338,0.2705104554,0.5610582292,0.3300986342,0.03733830593,true,0.1,0.05,true,true,true,0,0,0.2712029338,0.2205104554
3,0.1,3.6,6,0.417,0.705,II,full-pool,0.45,0.45,1,-1,0.5400832157,0.20077192,0.3704275679,0.2700416079,0.5688118886,0.3338415294,0.03676159958,true,0.1,0.05,true,true,true,0,0,0.2704275679,0.2200416079
3,0.1,3.6,6,0.417,0.705,II,full-pool,0.5,0.5,1,-1,0.5391217827,0.2001740192,0.369647901,0.2695608914,0.5766085576,0.3376644228,0.0361467213,true,0.1,0.05,true,true,true,0,0,0.269647901,0.2195608914
3,0.1,3.6,6,0.417,0.705,II,full-pool,0.55,0.55,1,-1,0.5381360109,0.1995908806,0.3688634458,0.2690680055,0.5844531094,0.3415655618,0.03549283133,true,0.1,0.05,true,true,true,0,0,0.2688634458,0.2190680055
3,0.1,3.6,6,0.417,0.705,II,full-pool,0.6,0.6,1,-1,0.5371252842,0.1990221398,0.368073712,0.2685626421,0.5923504472,0.3455432324,0.03479915,true,0.1,0.05,true,true,true,0,0,0.268073712,0.2185626421
3,0.1,3.6,6,0.417,0.705,II,full-pool,0.65,0.65,1,-1,0.5360889708,0.1984674412,0.367278206,0.2680444854,0.6003055071,0.349595752,0.03406496011,true,0.1,0.05,true,true,true,0,0,0.267278206,0.2180444854
3,0.1,3.6,6,0.417,0.705,II,full-pool,0.7,0.7,1,-1,0.535026423,0.1979264382,0.3664764306,0.2675132115,0.6083232611,0.3537214633,0.03328960893,true,0.1,0.05,true,true,true,0,0,0.2664764306,0.2175132115
3,0.1,3.6,6,0.417,0.705,II,full-pool,0.75,0.75,1,-1,0.5339369767,0.1973987925,0.3656678846,0.2669684884,0.6164087207,0.3579187286,0.03247251009,true,0.1,0.05,true,true,true,0,0,0.2656678846,0.2169684884
3,0.1,3.6,6,0.417,0.705,II,full-pool,0.8,0.8,1,-1,0.532819951,0.1968841745,0.3648520628,0.2664099755,0.6245669396,0.3621859246,0.03161314512,true,0.1,0.05,true,true,true,0,0,0.2648520628,0.2164099755
3,0.1,3.6,6,0.417,0.705,II,full-pool,0.85,0.85,1,-1,0.5316746475,0.1963822625,0.364028455,0.2658373238,0.6328030168,0.3665214378,0.03071106477,true,0.1,0.05,true,true,true,0,0,0.264028455,0.2158373238
3,0.1,3.6,6,0.417,0.705,II,full-pool,0.9,0.9,1,-1,0.5243852877,0.1933705117,0.3588778997,0.2621926439,0.6411221003,0.3709236603,0.02976589001,true,0.1,0.05,true,true,true,0,0,0.2588778997,0.2121926439
3,0.1,3.6,6,0.417,0.705,II,full-pool,0.95,0.95,1,-1,0.512345044,0.1885961768,0.3504706104,0.256172522,0.6495293896,0.375390986,0.02877731277,true,0.1,0.05,true,true,true,0,0,0.2504706104,0.206172522
3,0.1,3.6,6,0.417,0.705,II,full-pool,1,1,1,-1,0.5,0.1839397206,0.3419698603,0.25,0.6580301397,0.3799218074,0.02774509651,true,0.1,0.05,true,true,true,0,0,0.2419698603,0.2
3,0.1,3.6,6,0.417,0.705,II,full-pool,1.05,1.05,1,-1,0.487654956,0.1793982327,0.3335265944,0.243827478,0.6664734056,0.3843702087,0.02671725523,true,0.1,0.05,true,true,true,0,0,0.2335265944,0.193827478
3,0.1,3.6,6,0.417,0.705,II,full-pool,1.1,1.1,1,-1,0.4756147123,0.1749688746,0.3252917934,0.2378073561,0.6747082066,0.3886015337,0.02573957129,true,0.1,0.05,true,true,true,0,0,0.2252917934,0.1878073561
3,0.1,3.6,6,0.417,0.705,II,full-pool,1.15,1.15,1,-1,0.4638717432,0.1706488777,0.3172603104,0.2319358716,0.6827396896,0.3926300646,0.02480874467,true,0.1,0.05,true,true,true,0,0,0.2172603104,0.1819358716
3,0.1,3.6,6,0.417,0.705,II,full-pool,1.2,1.2,1,-1,0.452418709,0.1664355418,0.3094271254,0.2262093545,0.6905728746,0.3964688675,0.02392175632,true,0.1,0.05,true,true,true,0,0,0.2094271254,0.1762093545
3,0.1,3.6,6,0.417,0.705,II,full-pool,1.25,1.25,1,-1,0.4412484513,0.1623262337,0.3017873425,0.2206242256,0.6982126575,0.4001299194,0.02307583888,true,0.1,0.05,true,true,true,0,0,0.2017873425,0.1706242256
3,0.1,3.6,6,0.417,0.705,II,full-pool,1.3,1.3,1,-1,0.4303539882,0.1583183847,0.2943361865,0.2151769941,0.7056638135,0.4036242194,0.02226845088,true,0.1,0.05,true,true,true,0,0,0.1943361865,0.1651769941
3,0.1,3.6,6,0.417,0.705,II,full-pool,1.35,1.35,1,-1,0.4197285104,0.1544094898,0.2870690001,0.2098642552,0.7129309999,0.4069618867,0.02149725422,true,0.1,0.05,true,true,true,0,0,0.1870690001,0.1598642552
3,0.1,3.6,6,0.417,0.705,II,full-pool,1.4,1.4,1,-1,0.4093653765,0.150597106,0.2799812412,0.2046826883,0.7200187588,0.4101522469,0.02076009412,true,0.1,0.05,true,true,true,0,0,0.1799812412,0.1546826883
3,0.1,3.6,6,0.417,0.705,II,full-pool,1.45,1.45,1,-1,0.3992581094,0.1468788502,0.2730684798,0.1996290547,0.7269315202,0.4132039084,0.02005498155,true,0.1,0.05,true,true,true,0,0,0.1730684798,0.1496290547
3,0.1,3.6,6,0.417,0.705,II,full-pool,1.5,1.5,1,-1,0.3894003915,0.1432523984,0.266326395,0.1947001958,0.733673605,0.4161248301,0.01938007754,true,0.1,0.05,true,true,true,0,0,0.166326395,0.1447001958
3,0.1,3.6,6,0.417,0.705,II,full-pool,1.515411377,1.515411377,1,-1,0.3864113246,0.1421527822,0.2642820534,0.1932056623,0.7357179466,0.4169999374,0.01917787649,true,0.1,0.05,true,true,true,0,0,0.1642820534,0.1432056623
3,0.1,3.625,6,0.42,0.705,II,full-minimal,-inf,-0.3227733923,1,-1,0.5522550661,0.2121935924,0.3822243292,0.276127533,0.4508442747,0.2862047631,0.04205724034,true,0.1,0.05,true,true,true,0,0,0.2822243292,0.226127533
3,0.1,3.625,6,0.42,0.705,II,full-pool,-0.3,-0.3,1,-1,0.551959533,0.211790096,0.3818748145,0.2759797665,0.4543394218,0.2872553821,0.04199254211,true,0.1,0.05,true,true,true,0,0,0.2818748145,0.2259797665
3,0.1,3.625,6,0.42,0.705,II,full-pool,-0.25,-0.25,1,-1,0.5512987504,0.2109201555,0.381109453,0.2756493752,0.4619930374,0.2896479953,0.04183544812,true,0.1,0.05,true,true,true,0,0,0.281109453,0.2256493752
3,0.1,3.625,6,0.42,0.705,II,full-pool,-0.2,-0.2,1,-1,0.5506212401,0.2100716939,0.380346467,0.27531062,0.4696228975,0.2921554927,0.04165655883,true,0.1,0.05,true,true,true,0,0,0.280346467,0.22531062
3,0.1,3.625,6,0.42,0.705,II,full-pool,-0.15,-0.15,1,-1,0.5499265784,0.2092441808,0.3795853796,0.2749632892,0.4772337709,0.2947742297,0.04145451783,true,0.1,0.05,true,true,true,0,0,0.2795853796,0.2249632892
3,0.1,3.625,6,0.42,0.705,II,full-pool,-0.1,-0.1,1,-1,0.5492143313,0.2084370991,0.3788257152,0.2746071657,0.4848304147,0.2975008337,0.04122798476,true,0.1,0.05,true,true,true,0,0,0.2788257152,0.2246071657
3,0.1,3.625,6,0.42,0.705,II,full-pool,-0.05,-0.05,1,-1,0.5484840536,0.2076499444,0.378066999,0.2742420268,0.492417577,0.3003321734,0.04097563812,true,0.1,0.05,true,true,true,0,0,0.278066999,0.2242420268
3,0.1,3.625,6,0.42,0.705,II,full-pool,0,0,1,-1,0.5477352889,0.2068822245,0.3773087567,0.2738676444,0.5,0.3032653299,0.04069617827,true,0.1,0.05,true,true,true,0,0,0.2773087567,0.2238676444
3,0.1,3.625,6,0.42,0.705,II,full-pool,0.05,0.05,1,-1,0.546967569,0.2061334598,0.3765505144,0.2734837845,0.507582423,0.3062975727,0.04038833066,true,0.1,0.05,true,true,true,0,0,0.2765505144,0.2234837845
3,0.1,3.625,6,0.42,0.705,II,full-pool,0.1,0.1,1,-1,0.5461804143,0.2054031821,0.3757917982,0.2730902071,0.5151695853,0.3094263374,0.04005084914,true,0.1,0.05,true,true,true,0,0,0.2757917982,0.2230902071
3,0.1,3.625,6,0.42,0.705,II,full-pool,0.15,0.15,1,-1,0.5453733326,0.204690935,0.3750321338,0.2726866663,0.5227662291,0.3126492057,0.03968251936,true,0.1,0.05,true,true,true,0,0,0.2750321338,0.2226866663
3,0.1,3.625,6,0.42,0.705,II,full-pool,0.2,0.2,1,-1,0.5445458196,0.2039962734,0.3742710465,0.2722729098,0.5303771025,0.3159638882,0.03928216225,true,0.1,0.05,true,true,true,0,0,0.2742710465,0.2222729098
3,0.1,3.625,6,0.42,0.705,II,full-pool,0.25,0.25,1,-1,0.5436973579,0.203318763,0.3735080605,0.271848679,0.5380069626,0.3193682083,0.03884863748,true,0.1,0.05,true,true,true,0,0,0.2735080605,0.221848679
3,0.1,3.625,6,0.42,0.705,II,full-pool,0.3,0.3,1,-1,0.5428274174,0.2026579804,0.3727426989,0.2714137087,0.5456605782,0.3228600882,0.03838084684,true,0.1,0.05,true,true,true,0,0,0.2727426989,0.2214137087
3,0.1,3.625,6,0.42,0.705,II,full-pool,0.35,0.35,1,-1,0.5419354542,0.2020135126,0.3719744834,0.2709677271,0.5533427333,0.326437536,0.03787773764,true,0.1,0.05,true,true,true,0,0,0.2719744834,0.2209677271
3,0.1,3.625,6,0.42,0.705,II,full-pool,0.4,0.4,1,-1,0.5410209108,0.2013849568,0.3712029338,0.2705104554,0.5610582292,0.3300986342,0.03733830593,true,0.1,0.05,true,true,true,0,0,0.2712029338,0.2205104554
3,0.1,3.625,6,0.42,0.705,II,full-pool,0.45,0.45,1,-1,0.5400832157,0.20077192,0.3704275679,0.2700416079,0.5688118886,0.3338415294,0.03676159958,true,0.1,0.05,true,true,true,0,0,0.2704275679,0.2200416079
3,0.1,3.625,6,0.42,0.705,II,full-pool,0.5,0.5,1,-1,0.5391217827,0.2001740192,0.369647901,0.2695608914,0.5766085576,0.3376644228,0.0361467213,true,0.1,0.05,true,true,true,0,0,0.269647901,0.2195608914
3,0.1,3.625,6,0.42,0.705,II,full-pool,0.55,0.55,1,-1,0.5381360109,0.1995908806,0.3688634458,0.2690680055,0.5844531094,0.3415655618,0.03549283133,true,0.1,0.05,true,true,true,0,0,0.2688634458,0.2190680055
3,0.1,3.625,6,0.42,0.705,II,full-pool,0.6,0.6,1,-1,0.5371252842,0.1990221398,0.368073712,0.2685626421,0.5923504472,0.3455432324,0.03479915,true,0.1,0.05,true,true,true,0,0,0.268073712,0.2185626421
3,0.1,3.625,6,0.42,0.705,II,full-pool,0.65,0.65,1,-1,0.5360889708,0.1984674412,0.367278206,0.2680444854,0.6003055071,0.349595752,0.03406496011,true,0.1,0.05,true,true,true,0,0,0.267278206,0.2180444854
3,0.1,3.625,6,0.42,0.705,II,full-pool,0.7,0.7,1,-1,0.535026423,0.1979264382,0.3664764306,0.2675132115,0.6083232611,0.3537214633,0.03328960893,true,0.1,0.05,true,true,true,0,0,0.2664764306,0.2175132115
3,0.1,3.625,6,0.42,0.705,II,full-pool,0.75,0.75,1,-1,0.5339369767,0.1973987925,0.3656678846,0.2669684884,0.6164087207,0.3579187286,0.03247251009,true,0.1,0.05,true,true,true,0,0,0.2656678846,0.2169684884
3,0.1,3.625,6,0.42,0.705,II,full-pool,0.8,0.8,1,-1,0.532819951,0.1968841745,0.3648520628,0.2664099755,0.6245669396,0.3621859246,0.03161314512,true,0.1,0.05,true,true,true,0,0,0.2648520628,0.2164099755
3,0.1,3.625,6,0.42,0.705,II,full-pool,0.85,0.85,1,-1,0.5316746475,0.1963822625,0.364028455,0.2658373238,0.6328030168,0.3665214378,0.03071106477,true,0.1,0.05,true,true,true,0,0,0.264028455,0.2158373238
3,0.1,3.625,6,0.42,0.705,II,full-pool,0.9,0.9,1,-1,0.5243852877,0.1933705117,0.3588778997,0.2621926439,0.6411221003,0.3709236603,0.02976589001,true,0.1,0.05,true,true,true,0,0,0.2588778997,0.2121926439
3,0.1,3.625,6,0.42,0.705,II,full-pool,0.95,0.95,1,-1,0.512345044,0.1885961768,0.3504706104,0.256172522,0.6495293896,0.375390986,0.02877731277,true,0.1,0.05,true,true,true,0,0,0.2504706104,0.206172522
3,0.1,3.625,6,0.42,0.705,II,full-pool,1,1,1,-1,0.5,0.1839397206,0.3419698603,0.25,0.6580301397,0.3799218074,0.02774509651,true,0.1,0.05,true,true,true,0,0,0.2419698603,0.2
3,0.1,3.625,6,0.42,0.705,II,full-pool,1.05,1.05,1,-1,0.487654956,0.1793982327,0.3335265944,0.243827478,0.6664734056,0.3843702087,0.02671725523,true,0.1,0.05,true,true,true,0,0,0.2335265944,0.193827478
3,0.1,3.625,6,0.42,0.705,II,full-pool,1.1,1.1,1,-1,0.4756147123,0.1749688746,0.3252917934,0.2378073561,0.6747082066,0.3886015337,0.02573957129,true,0.1,0.05,true,true,true,0,0,0.2252917934,0.1878073561
3,0.1,3.625,6,0.42,0.705,II,full-pool,1.15,1.15,1,-1,0.4638717432,0.1706488777,0.3172603104,0.2319358716,0.6827396896,0.3926300646,0.02480874467,true,0.1,0.05,true,true,true,0,0,0.2172603104,0.1819358716
3,0.1,3.625,6,0.42,0.705,II,full-pool,1.2,1.2,1,-1,0.452418709,0.1664355418,0.3094271254,0.2262093545,0.6905728746,0.3964688675,0.02392175632,true,0.1,0.05,true,true,true,0,0,0.2094271254,0.1762093545
3,0.1,3.625,6,0.42,0.705,II,full-pool,1.25,1.25,1,-1,0.4412484513,0.1623262337,0.3017873425,0.2206242256,0.6982126575,0.4001299194,0.02307583888,true,0.1,0.05,true,true,true,0,0,0.2017873425,0.1706242256
3,0.1,3.625,6,0.42,0.705,II,full-pool,1.3,1.3,1,-1,0.4303539882,0.1583183847,0.2943361865,0.2151769941,0.7056638135,0.4036242194,0.02226845088,true,0.1,0.05,true,true,true,0,0,0.1943361865,0.1651769941
3,0.1,3.625,6,0.42,0.705,II,full-pool,1.35,1.35,1,-1,0.4197285104,0.1544094898,0.2870690001,0.2098642552,0.7129309999,0.4069618867,0.02149725422,true,0.1,0.05,true,true,true,0,0,0.1870690001,0.1598642552
3,0.1,3.625,6,0.42,0.705,II,full-pool,1.4,1.4,1,-1,0.4093653765,0.150597106,0.2799812412,0.2046826883,0.7200187588,0.4101522469,0.02076009412,true,0.1,0.05,true,true,true,0,0,0.1799812412,0.1546826883
3,0.1,3.625,6,0.42,0.705,II,full-pool,1.45,1.45,1,-1,0.3992581094,0.1468788502,0.2730684798,0.1996290547,0.7269315202,0.4132039084,0.02005498155,true,0.1,0.05,true,true,true,0,0,0.1730684798,0.1496290547
3,0.1,3.625,6,0.42,0.705,II,full-pool,1.5,1.5,1,-1,0.3894003915,0.1432523984,0.266326395,0.1947001958,0.733673605,0.4161248301,0.01938007754,true,0.1,0.05,true,true,true,0,0,0.166326395,0.1447001958
3,0.1,3.625,6,0.42,0.705,II,full-pool,1.55,1.55,1,-1,0.3797860616,0.1397154841,0.2597507729,0.1898930308,0.7402492271,0.4189223816,0.01873367927,true,0.1,0.05,true,true,true,0,0,0.1597507729,0.1398930308
3,0.1,3.625,6,0.42,0.705,II,full-pool,1.569842529,1.569842529,1,-1,0.3760367334,0.1383361833,0.2571864584,0.1880183667,0.7428135416,0.4199999271,0.01848470314,true,0.1,0.05,true,true,true,0,0,0.1571864584,0.1380183667
3,0.1,3.65,6,0.423,0.705,II,full-minimal,-inf,-0.3104700875,1,-1,0.5520958226,0.2119750334,0.382035428,0.2760479113,0.4527332874,0.2867692744,0.04202280557,true,0.1,0.05,true,true,true,0,0,0.282035428,0.2260479113
3,0.1,3.65,6,0.423,0.705,II,full-pool,-0.3,-0.3,1,-1,0.551959533,0.211790096,0.3818748145,0.2759797665,0.4543394218,0.2872553821,0.04199254211,true,0.1,0.05,true,true,true,0,0,0.2818748145,0.2259797665
3,0.1,3.65,6,0.423,0.705,II,full-pool,-0.25,-0.25,1,-1,0.5512987504,0.2109201555,0.381109453,0.2756493752,0.4619930374,0.2896479953,0.04183544812,true,0.1,0.05,true,true,true,0,0,0.281109453,0.2256493752
3,0.1,3.65,6,0.423,0.705,II,full-pool,-0.2,-0.2,1,-1,0.5506212401,0.2100716939,0.380346467,0.27531062,0.4696228975,0.2921554927,0.04165655883,true,0.1,0.05,true,true,true,0,0,0.280346467,0.22531062
3,0.1,3.65,6,0.423,0.705,II,full-pool,-0.15,-0.15,1,-1,0.5499265784,0.2092441808,0.3795853796,0.2749632892,0.4772337709,0.2947742297,0.04145451783,true,0.1,0.05,true,true,true,0,0,0.2795853796,0.2249632892
3,0.1,3.65,6,0.423,0.705,II,full-pool,-0.1,-0.1,1,-1,0.5492143313,0.2084370991,0.3788257152,0.2746071657,0.4848304147,0.2975008337,0.04122798476,true,0.1,0.05,true,true,true,0,0,0.2788257152,0.2246071657
3,0.1,3.65,6,0.423,0.705,II,full-pool,-0.05,-0.05,1,-1,0.5484840536,0.2076499444,0.378066999,0.2742420268,0.492417577,0.3003321734,0.04097563812,true,0.1,0.05,true,true,true,0,0,0.278066999,0.2242420268
3,0.1,3.65,6,0.423,0.705,II,full-pool,0,0,1,-1,0.5477352889,0.2068822245,0.3773087567,0.2738676444,0.5,0.3032653299,0.04069617827,true,0.1,0.05,true,true,true,0,0,0.2773087567,0.2238676444
3,0.1,3.65,6,0.423,0.705,II,full-pool,0.05,0.05,1,-1,0.546967569,0.2061334598,0.3765505144,0.2734837845,0.507582423,0.3062975727,0.04038833066,true,0.1,0.05,true,true,true,0,0,0.2765505144,0.2234837845
3,0.1,3.65,6,0.423,0.705,II,full-pool,0.1,0.1,1,-1,0.5461804143,0.2054031821,0.3757917982,0.2730902071,0.5151695853,0.3094263374,0.04005084914,true,0.1,0.05,true,true,true,0,0,0.2757917982,0.2230902071
3,0.1,3.65,6,0.423,0.705,II,full-pool,0.15,0.15,1,-1,0.5453733326,0.204690935,0.3750321338,0.2726866663,0.5227662291,0.3126492057,0.03968251936,true,0.1,0.05,true,true,true,0,0,0.2750321338,0.2226866663
3,0.1,3.65,6,0.423,0.705,II,full-pool,0.2,0.2,1,-1,0.5445458196,0.2039962734,0.3742710465,0.2722729098,0.5303771025,0.3159638882,0.03928216225,true,0.1,0.05,true,true,true,0,0,0.2742710465,0.2222729098
3,0.1,3.65,6,0.423,0.705,II,full-pool,0.25,0.25,1,-1,0.5436973579,0.203318763,0.3735080605,0.271848679,0.5380069626,0.3193682083,0.03884863748,true,0.1,0.05,true,true,true,0,0,0.2735080605,0.221848679
3,0.1,3.65,6,0.423,0.705,II,full-pool,0.3,0.3,1,-1,0.5428274174,0.2026579804,0.3727426989,0.2714137087,0.5456605782,0.3228600882,0.03838084684,true,0.1,0.05,true,true,true,0,0,0.2727426989,0.2214137087
3,0.1,3.65,6,0.423,0.705,II,full-pool,0.35,0.35,1,-1,0.5419354542,0.2020135126,0.3719744834,0.2709677271,0.5533427333,0.326437536,0.03787773764,true,0.1,0.05,true,true,true,0,0,0.2719744834,0.2209677271
3,0.1,3.65,6,0.423,0.705,II,full-pool,0.4,0.4,1,-1,0.5410209108,0.2013849568,0.3712029338,0.2705104554,0.5610582292,0.3300986342,0.03733830593,true,0.1,0.05,true,true,true,0,0,0.2712029338,0.2205104554
3,0.1,3.65,6,0.423,0.705,II,full-pool,0.45,0.45,1,-1,0.5400832157,0.20077192,0.3704275679,0.2700416079,0.5688118886,0.3338415294,0.03676159958,true,0.1,0.05,true,true,true,0,0,0.2704275679,0.2200416079
3,0.1,3.65,6,0.423,0.705,II,full-pool,0.5,0.5,1,-1,0.5391217827,0.2001740192,0.369647901,0.2695608914,0.5766085576,0.3376644228,0.0361467213,true,0.1,0.05,true,true,true,0,0,0.269647901,0.2195608914
3,0.1,3.65,6,0.423,0.705,II,full-pool,0.55,0.55,1,-1,0.5381360109,0.1995908806,0.3688634458,0.2690680055,0.5844531094,0.3415655618,0.03549283133,true,0.1,0.05,true,true,true,0,0,0.2688634458,0.2190680055
3,0.1,3.65,6,0.423,0.705,II,full-pool,0.6,0.6,1,-1,0.5371252842,0.1990221398,0.368073712,0.2685626421,0.5923504472,0.3455432324,0.03479915,true,0.1,0.05,true,true,true,0,0,0.268073712,0.2185626421
3,0.1,3.65,6,0.423,0.705,II,full-pool,0.65,0.65,1,-1,0.5360889708,0.1984674412,0.367278206,0.2680444854,0.6003055071,0.349595752,0.03406496011,true,0.1,0.05,true,true,true,0,0,0.267278206,0.2180444854
3,0.1,3.65,6,0.423,0.705,II,full-pool,0.7,0.7,1,-1,0.535026423,0.1979264382,0.3664764306,0.2675132115,0.6083232611,0.3537214633,0.03328960893,true,0.1,0.05,true,true,true,0,0,0.2664764306,0.2175132115
3,0.1,3.65,6,0.423,0.705,II,full-pool,0.75,0.75,1,-1,0.5339369767,0.1973987925,0.3656678846,0.2669684884,0.6164087207,0.3579187286,0.03247251009,true,0.1,0.05,true,true,true,0,0,0.2656678846,0.2169684884
3,0.1,3.65,6,0.423,0.705,II,full-pool,0.8,0.8,1,-1,0.532819951,0.1968841745,0.3648520628,0.2664099755,0.6245669396,0.3621859246,0.03161314512,true,0.1,0.05,true,true,true,0,0,0.2648520628,0.2164099755
3,0.1,3.65,6,0.423,0.705,II,full-pool,0.85,0.85,1,-1,0.5316746475,0.1963822625,0.364028455,0.2658373238,0.6328030168,0.3665214378,0.03071106477,true,0.1,0.05,true,true,true,0,0,0.264028455,0.2158373238
3,0.1,3.65,6,0.423,0.705,II,full-pool,0.9,0.9,1,-1,0.5243852877,0.1933705117,0.3588778997,0.2621926439,0.6411221003,0.3709236603,0.02976589001,true,0.1,0.05,true,true,true,0,0,0.2588778997,0.2121926439
3,0.1,3.65,6,0.423,0.705,II,full-pool,0.95,0.95,1,-1,0.512345044,0.1885961768,0.3504706104,0.256172522,0.6495293896,0.375390986,0.02877731277,true,0.1,0.05,true,true,true,0,0,0.2504706104,0.206172522
3,0.1,3.65,6,0.423,0.705,II,full-pool,1,1,1,-1,0.5,0.1839397206,0.3419698603,0.25,0.6580301397,0.3799218074,0.02774509651,true,0.1,0.05,true,true,true,0,0,0.2419698603,0.2
3,0.1,3.65,6,0.423,0.705,II,full-pool,1.05,1.05,1,-1,0.487654956,0.1793982327,0.3335265944,0.243827478,0.6664734056,0.3843702087,0.02671725523,true,0.1,0.05,true,true,true,0,0,0.2335265944,0.193827478
3,0.1,3.65,6,0.423,0.705,II,full-pool,1.1,1.1,1,-1,0.4756147123,0.1749688746,0.3252917934,0.2378073561,0.6747082066,0.3886015337,0.02573957129,true,0.1,0.05,true,true,true,0,0,0.2252917934,0.1878073561
3,0.1,3.65,6,0.423,0.705,II,full-pool,1.15,1.15,1,-1,0.4638717432,0.1706488777,0.3172603104,0.2319358716,0.6827396896,0.3926300646,0.02480874467,true,0.1,0.05,true,true,true,0,0,0.2172603104,0.1819358716
3,0.1,3.65,6,0.423,0.705,II,full-pool,1.2,1.2,1,-1,0.452418709,0.1664355418,0.3094271254,0.2262093545,0.6905728746,0.3964688675,0.02392175632,true,0.1,0.05,true,true,true,0,0,0.2094271254,0.1762093545
3,0.1,3.65,6,0.423,0.705,II,full-pool,1.25,1.25,1,-1,0.4412484513,0.1623262337,0.3017873425,0.2206242256,0.6982126575,0.4001299194,0.02307583888,true,0.1,0.05,true,true,true,0,0,0.2017873425,0.1706242256
3,0.1,3.65,6,0.423,0.705,II,full-pool,1.3,1.3,1,-1,0.4303539882,0.1583183847,0.2943361865,0.2151769941,0.7056638135,0.4036242194,0.02226845088,true,0.1,0.05,true,true,true,0,0,0.1943361865,0.1651769941
3,0.1,3.65,6,0.423,0.705,II,full-pool,1.35,1.35,1,-1,0.4197285104,0.1544094898,0.2870690001,0.2098642552,0.7129309999,0.4069618867,0.02149725422,true,0.1,0.05,true,true,true,0,0,0.1870690001,0.1598642552
3,0.1,3.65,6,0.423,0.705,II,full-pool,1.4,1.4,1,-1,0.4093653765,0.150597106,0.2799812412,0.2046826883,0.7200187588,0.4101522469,0.02076009412,true,0.1,0.05,true,true,true,0,0,0.1799812412,0.1546826883
3,0.1,3.65,6,0.423,0.705,II,full-pool,1.45,1.45,1,-1,0.3992581094,0.1468788502,0.2730684798,0.1996290547,0.7269315202,0.4132039084,0.02005498155,true,0.1,0.05,true,true,true,0,0,0.1730684798,0.1496290547
3,0.1,3.65,6,0.423,0.705,II,full-pool,1.5,1.5,1,-1,0.3894003915,0.1432523984,0.266326395,0.1947001958,0.733673605,0.4161248301,0.01938007754,true,0.1,0.05,true,true,true,0,0,0.166326395,0.1447001958
3,0.1,3.65,6,0.423,0.705,II,full-pool,1.55,1.55,1,-1,0.3797860616,0.1397154841,0.2597507729,0.1898930308,0.7402492271,0.4189223816,0.01873367927,true,0.1,0.05,true,true,true,0,0,0.1597507729,0.1398930308
3,0.1,3.65,6,0.423,0.705,II,full-pool,1.6,1.6,1,-1,0.3704091103,0.1362658965,0.2533375034,0.1852045552,0.7466624966,0.4216033968,0.0181142077,true,0.1,0.05,true,true,true,0,0,0.1533375034,0.1352045552
3,0.1,3.65,6,0.423,0.705,II,full-pool,1.626901245,1.626901245,1,-1,0.3654602345,0.1344453069,0.2499527707,0.1827301173,0.7500472293,0.422999873,0.0177915399,true,0.1,0.05,true,true,true,0,0,0.1499527707,0.1327301173
3,0.1,3.675,6,0.426,0.705,II,full-minimal,-inf,-0.2981900501,1,-1,0.5519359004,0.2117582242,0.3818470623,0.2759679502,0.454616944,0.287339944,0.04198722007,true,0.1,0.05,true,true,true,0,0,0.2818470623,0.2259679502
3,0.1,3.675,6,0.426,0.705,II,full-pool,-0.25,-0.25,1,-1,0.5512987504,0.2109201555,0.381109453,0.2756493752,0.4619930374,0.2896479953,0.04183544812,true,0.1,0.05,true,true,true,0,0,0.281109453,0.2256493752
3,0.1,3.675,6,0.426,0.705,II,full-pool,-0.2,-0.2,1,-1,0.5506212401,0.2100716939,0.380346467,0.27531062,0.4696228975,0.2921554927,0.04165655883,true,0.1,0.05,true,true,true,0,0,0.280346467,0.22531062
3,0.1,3.675,6,0.426,0.705,II,full-pool,-0.15,-0.15,1,-1,0.5499265784,0.2092441808,0.3795853796,0.2749632892,0.4772337709,0.2947742297,0.04145451783,true,0.1,0.05,true,true,true,0,0,0.2795853796,0.2249632892
3,0.1,3.675,6,0.426,0.705,II,full-pool,-0.1,-0.1,1,-1,0.5492143313,0.2084370991,0.3788257152,0.2746071657,0.4848304147,0.2975008337,0.04122798476,true,0.1,0.05,true,true,true,0,0,0.2788257152,0.2246071657
3,0.1,3.675,6,0.426,0.705,II,full-pool,-0.05,-0.05,1,-1,0.5484840536,0.2076499444,0.378066999,0.2742420268,0.492417577,0.3003321734,0.04097563812,true,0.1,0.05,true,true,true,0,0,0.278066999,0.2242420268
3,0.1,3.675,6,0.426,0.705,II,full-pool,0,0,1,-1,0.5477352889,0.2068822245,0.3773087567,0.2738676444,0.5,0.3032653299,0.04069617827,true,0.1,0.05,true,true,true,0,0,0.2773087567,0.2238676444
3,0.1,3.675,6,0.426,0.705,II,full-pool,0.05,0.05,1,-1,0.546967569,0.2061334598,0.3765505144,0.2734837845,0.507582423,0.3062975727,0.04038833066,true,0.1,0.05,true,true,true,0,0,0.2765505144,0.2234837845
3,0.1,3.675,6,0.426,0.705,II,full-pool,0.1,0.1,1,-1,0.5461804143,0.2054031821,0.3757917982,0.2730902071,0.5151695853,0.3094263374,0.04005084914,true,0.1,0.05,true,true,true,0,0,0.2757917982,0.2230902071
3,0.1,3.675,6,0.426,0.705,II,full-pool,0.15,0.15,1,-1,0.5453733326,0.204690935,0.3750321338,0.2726866663,0.5227662291,0.3126492057,0.03968251936,true,0.1,0.05,true,true,true,0,0,0.2750321338,0.2226866663
3,0.1,3.675,6,0.426,0.705,II,full-pool,0.2,0.2,1,-1,0.5445458196,0.2039962734,0.3742710465,0.2722729098,0.5303771025,0.3159638882,0.03928216225,true,0.1,0.05,true,true,true,0,0,0.2742710465,0.2222729098
3,0.1,3.675,6,0.426,0.705,II,full-pool,0.25,0.25,1,-1,0.5436973579,0.203318763,0.3735080605,0.271848679,0.5380069626,0.3193682083,0.03884863748,true,0.1,0.05,true,true,true,0,0,0.2735080605,0.221848679
3,0.1,3.675,6,0.426,0.705,II,full-pool,0.3,0.3,1,-1,0.5428274174,0.2026579804,0.3727426989,0.2714137087,0.5456605782,0.3228600882,0.03838084684,true,0.1,0.05,true,true,true,0,0,0.2727426989,0.2214137087
3,0.1,3.675,6,0.426,0.705,II,full-pool,0.35,0.35,1,-1,0.5419354542,0.2020135126,0.3719744834,0.2709677271,0.5533427333,0.326437536,0.03787773764,true,0.1,0.05,true,true,true,0,0,0.2719744834,0.2209677271
3,0.1,3.675,6,0.426,0.705,II,full-pool,0.4,0.4,1,-1,0.5410209108,0.2013849568,0.3712029338,0.2705104554,0.5610582292,0.3300986342,0.03733830593,true,0.1,0.05,true,true,true,0,0,0.2712029338,0.2205104554
3,0.1,3.675,6,0.426,0.705,II,full-pool,0.45,0.45,1,-1,0.5400832157,0.20077192,0.3704275679,0.2700416079,0.5688118886,0.3338415294,0.03676159958,true,0.1,0.05,true,true,true,0,0,0.2704275679,0.2200416079
3,0.1,3.675,6,0.426,0.705,II,full-pool,0.5,0.5,1,-1,0.5391217827,0.2001740192,0.369647901,0.2695608914,0.5766085576,0.3376644228,0.0361467213,true,0.1,0.05,true,true,true,0,0,0.269647901,0.2195608914
3,0.1,3.675,6,0.426,0.705,II,full-pool,0.55,0.55,1,-1,0.5381360109,0.1995908806,0.3688634458,0.2690680055,0.5844531094,0.3415655618,0.03549283133,true,0.1,0.05,true,true,true,0,0,0.2688634458,0.2190680055
3,0.1,3.675,6,0.426,0.705,II,full-pool,0.6,0.6,1,-1,0.5371252842,0.1990221398,0.368073712,0.2685626421,0.5923504472,0.3455432324,0.03479915,true,0.1,0.05,true,true,true,0,0,0.268073712,0.2185626421
3,0.1,3.675,6,0.426,0.705,II,full-pool,0.65,0.65,1,-1,0.5360889708,0.1984674412,0.367278206,0.2680444854,0.6003055071,0.349595752,0.03406496011,true,0.1,0.05,true,true,true,0,0,0.267278206,0.2180444854
3,0.1,3.675,6,0.426,0.705,II,full-pool,0.7,0.7,1,-1,0.535026423,0.1979264382,0.3664764306,0.2675132115,0.6083232611,0.3537214633,0.03328960893,true,0.1,0.05,true,true,true,0,0,0.2664764306,0.2175132115
3,0.1,3.675,6,0.426,0.705,II,full-pool,0.75,0.75,1,-1,0.5339369767,0.1973987925,0.3656678846,0.2669684884,0.6164087207,0.3579187286,0.03247251009,true,0.1,0.05,true,true,true,0,0,0.2656678846,0.2169684884
3,0.1,3.675,6,0.426,0.705,II,full-pool,0.8,0.8,1,-1,0.532819951,0.1968841745,0.3648520628,0.2664099755,0.6245669396,0.3621859246,0.03161314512,true,0.1,0.05,true,true,true,0,0,0.2648520628,0.2164099755
3,0.1,3.675,6,0.426,0.705,II,full-pool,0.85,0.85,1,-1,0.5316746475,0.1963822625,0.364028455,0.2658373238,0.6328030168,0.3665214378,0.03071106477,true,0.1,0.05,true,true,true,0,0,0.264028455,0.2158373238
3,0.1,3.675,6,0.426,0.705,II,full-pool,0.9,0.9,1,-1,0.5243852877,0.1933705117,0.3588778997,0.2621926439,0.6411221003,0.3709236603,0.02976589001,true,0.1,0.05,true,true,true,0,0,0.2588778997,0.2121926439
3,0.1,3.675,6,0.426,0.705,II,full-pool,0.95,0.95,1,-1,0.512345044,0.1885961768,0.3504706104,0.256172522,0.6495293896,0.375390986,0.02877731277,true,0.1,0.05,true,true,true,0,0,0.2504706104,0.206172522
3,0.1,3.675,6,0.426,0.705,II,full-pool,1,1,1,-1,0.5,0.1839397206,0.3419698603,0.25,0.6580301397,0.3799218074,0.02774509651,true,0.1,0.05,true,true,true,0,0,0.2419698603,0.2
3,0.1,3.675,6,0.426,0.705,II,full-pool,1.05,1.05,1,-1,0.487654956,0.1793982327,0.3335265944,0.243827478,0.6664734056,0.3843702087,0.02671725523,true,0.1,0.05,true,true,true,0,0,0.2335265944,0.193827478
3,0.1,3.675,6,0.426,0.705,II,full-pool,1.1,1.1,1,-1,0.4756147123,0.1749688746,0.3252917934,0.2378073561,0.6747082066,0.3886015337,0.02573957129,true,0.1,0.05,true,true,true,0,0,0.2252917934,0.1878073561
3,0.1,3.675,6,0.426,0.705,II,full-pool,1.15,1.15,1,-1,0.4638717432,0.1706488777,0.3172603104,0.2319358716,0.6827396896,0.3926300646,0.02480874467,true,0.1,0.05,true,true,true,0,0,0.2172603104,0.1819358716
3,0.1,3.675,6,0.426,0.705,II,full-pool,1.2,1.2,1,-1,0.452418709,0.1664355418,0.3094271254,0.2262093545,0.6905728746,0.3964688675,0.02392175632,true,0.1,0.05,true,true,true,0,0,0.2094271254,0.1762093545
3,0.1,3.675,6,0.426,0.705,II,full-pool,1.25,1.25,1,-1,0.4412484513,0.1623262337,0.3017873425,0.2206242256,0.6982126575,0.4001299194,0.02307583888,true,0.1,0.05,true,true,true,0,0,0.2017873425,0.1706242256
3,0.1,3.675,6,0.426,0.705,II,full-pool,1.3,1.3,1,-1,0.4303539882,0.1583183847,0.2943361865,0.2151769941,0.7056638135,0.4036242194,0.02226845088,true,0.1,0.05,true,true,true,0,0,0.1943361865,0.1651769941
3,0.1,3.675,6,0.426,0.705,II,full-pool,1.35,1.35,1,-1,0.4197285104,0.1544094898,0.2870690001,0.2098642552,0.7129309999,0.4069618867,0.02149725422,true,0.1,0.05,true,true,true,0,0,0.1870690001,0.1598642552
3,0.1,3.675,6,0.426,0.705,II,full-pool,1.4,1.4,1,-1,0.4093653765,0.150597106,0.2799812412,0.2046826883,0.7200187588,0.4101522469,0.02076009412,true,0.1,0.05,true,true,true,0,0,0.1799812412,0.1546826883
3,0.1,3.675,6,0.426,0.705,II,full-pool,1.45,1.45,1,-1,0.3992581094,0.1468788502,0.2730684798,0.1996290547,0.7269315202,0.4132039084,0.02005498155,true,0.1,0.05,true,true,true,0,0,0.1730684798,0.1496290547
3,0.1,3.675,6,0.426,0.705,II,full-pool,1.5,1.5,1,-1,0.3894003915,0.1432523984,0.266326395,0.1947001958,0.733673605,0.4161248301,0.01938007754,true,0.1,0.05,true,true,true,0,0,0.166326395,0.1447001958
3,0.1,3.675,6,0.426,0.705,II,full-pool,1.55,1.55,1,-1,0.3797860616,0.1397154841,0.2597507729,0.1898930308,0.7402492271,0.4189223816,0.01873367927,true,0.1,0.05,true,true,true,0,0,0.1597507729,0.1398930308
3,0.1,3.675,6,0.426,0.705,II,full-pool,1.6,1.6,1,-1,0.3704091103,0.1362658965,0.2533375034,0.1852045552,0.7466624966,0.4216033968,0.0181142077,true,0.1,0.05,true,true,true,0,0,0.1533375034,0.1352045552
3,0.1,3.675,6,0.426,0.705,II,full-pool,1.65,1.65,1,-1,0.3612636768,0.1329014795,0.2470825782,0.1806318384,0.7529174218,0.4241742219,0.0175201965,true,0.1,0.05,true,true,true,0,0,0.1470825782,0.1306318384
3,0.1,3.675,6,0.426,0.705,II,full-pool,1.686810303,1.686810303,1,-1,0.3546753795,0.1304777804,0.2425765799,0.1773376897,0.7574234201,0.425999912,0.01709835516,true,0.1,0.05,true,true,true,0,0,0.1425765799,0.1273376897
3,0.1,3.7,6,0.429,0.705,II,full-minimal,-inf,-0.2859322907,1,-1,0.5517752861,0.2115431319,0.381659209,0.275887643,0.4564954769,0.2879167165,0.04195046739,true,0.1,0.05,true,true,true,0,0,0.281659209,0.225887643
3,0.1,3.7,6,0.429,0.705,II,full-pool,-0.25,-0.25,1,-1,0.5512987504,0.2109201555,0.381109453,0.2756493752,0.4619930374,0.2896479953,0.04183544812,true,0.1,0.05,true,true,true,0,0,0.281109453,0.2256493752
3,0.1,3.7,6,0.429,0.705,II,full-pool,-0.2,-0.2,1,-1,0.5506212401,0.2100716939,0.380346467,0.27531062,0.4696228975,0.2921554927,0.04165655883,true,0.1,0.05,true,true,true,0,0,0.280346467,0.22531062
3,0.1,3.7,6,0.429,0.705,II,full-pool,-0.15,-0.15,1,-1,0.5499265784,0.2092441808,0.3795853796,0.2749632892,0.4772337709,0.2947742297,0.04145451783,true,0.1,0.05,true,true,true,0,0,0.2795853796,0.2249632892
3,0.1,3.7,6,0.429,0.705,II,full-pool,-0.1,-0.1,1,-1,0.5492143313,0.2084370991,0.3788257152,0.2746071657,0.4848304147,0.2975008337,0.04122798476,true,0.1,0.05,true,true,true,0,0,0.2788257152,0.2246071657
3,0.1,3.7,6,0.429,0.705,II,full-pool,-0.05,-0.05,1,-1,0.5484840536,0.2076499444,0.378066999,0.2742420268,0.492417577,0.3003321734,0.04097563812,true,0.1,0.05,true,true,true,0,0,0.278066999,0.2242420268
3,0.1,3.7,6,0.429,0.705,II,full-pool,0,0,1,-1,0.5477352889,0.2068822245,0.3773087567,0.2738676444,0.5,0.3032653299,0.04069617827,true,0.1,0.05,true,true,true,0,0,0.2773087567,0.2238676444
3,0.1,3.7,6,0.429,0.705,II,full-pool,0.05,0.05,1,-1,0.546967569,0.2061334598,0.3765505144,0.2734837845,0.507582423,0.3062975727,0.04038833066,true,0.1,0.05,true,true,true,0,0,0.2765505144,0.2234837845
3,0.1,3.7,6,0.429,0.705,II,full-pool,0.1,0.1,1,-1,0.5461804143,0.2054031821,0.3757917982,0.2730902071,0.5151695853,0.3094263374,0.04005084914,true,0.1,0.05,true,true,true,0,0,0.2757917982,0.2230902071
3,0.1,3.7,6,0.429,0.705,II,full-pool,0.15,0.15,1,-1,0.5453733326,0.204690935,0.3750321338,0.2726866663,0.5227662291,0.3126492057,0.03968251936,true,0.1,0.05,true,true,true,0,0,0.2750321338,0.2226866663
3,0.1,3.7,6,0.429,0.705,II,full-pool,0.2,0.2,1,-1,0.5445458196,0.2039962734,0.3742710465,0.2722729098,0.5303771025,0.3159638882,0.03928216225,true,0.1,0.05,true,true,true,0,0,0.2742710465,0.2222729098
3,0.1,3.7,6,0.429,0.705,II,full-pool,0.25,0.25,1,-1,0.5436973579,0.203318763,0.3735080605,0.271848679,0.5380069626,0.3193682083,0.03884863748,true,0.1,0.05,true,true,true,0,0,0.2735080605,0.221848679
3,0.1,3.7,6,0.429,0.705,II,full-pool,0.3,0.3,1,-1,0.5428274174,0.2026579804,0.3727426989,0.2714137087,0.5456605782,0.3228600882,0.03838084684,true,0.1,0.05,true,true,true,0,0,0.2727426989,0.2214137087
3,0.1,3.7,6,0.429,0.705,II,full-pool,0.35,0.35,1,-1,0.5419354542,0.2020135126,0.3719744834,0.2709677271,0.5533427333,0.326437536,0.03787773764,true,0.1,0.05,true,true,true,0,0,0.2719744834,0.2209677271
3,0.1,3.7,6,0.429,0.705,II,full-pool,0.4,0.4,1,-1,0.5410209108,0.2013849568,0.3712029338,0.2705104554,0.5610582292,0.3300986342,0.03733830593,true,0.1,0.05,true,true,true,0,0,0.2712029338,0.2205104554
3,0.1,3.7,6,0.429,0.705,II,full-pool,0.45,0.45,1,-1,0.5400832157,0.20077192,0.3704275679,0.2700416079,0.5688118886,0.3338415294,0.03676159958,true,0.1,0.05,true,true,true,0,0,0.2704275679,0.2200416079
3,0.1,3.7,6,0.429,0.705,II,full-pool,0.5,0.5,1,-1,0.5391217827,0.2001740192,0.369647901,0.2695608914,0.5766085576,0.3376644228,0.0361467213,true,0.1,0.05,true,true,true,0,0,0.269647901,0.2195608914
3,0.1,3.7,6,0.429,0.705,II,full-pool,0.55,0.55,1,-1,0.5381360109,0.1995908806,0.3688634458,0.2690680055,0.5844531094,0.3415655618,0.03549283133,true,0.1,0.05,true,true,true,0,0,0.2688634458,0.2190680055
3,0.1,3.7,6,0.429,0.705,II,full-pool,0.6,0.6,1,-1,0.5371252842,0.1990221398,0.368073712,0.2685626421,0.5923504472,0.3455432324,0.03479915,true,0.1,0.05,true,true,true,0,0,0.268073712,0.2185626421
3,0.1,3.7,6,0.429,0.705,II,full-pool,0.65,0.65,1,-1,0.5360889708,0.1984674412,0.367278206,0.2680444854,0.6003055071,0.349595752,0.03406496011,true,0.1,0.05,true,true,true,0,0,0.267278206,0.2180444854
3,0.1,3.7,6,0.429,0.705,II,full-pool,0.7,0.7,1,-1,0.535026423,0.1979264382,0.3664764306,0.2675132115,0.6083232611,0.3537214633,0.03328960893,true,0.1,0.05,true,true,true,0,0,0.2664764306,0.2175132115
3,0.1,3.7,6,0.429,0.705,II,full-pool,0.75,0.75,1,-1,0.5339369767,0.1973987925,0.3656678846,0.2669684884,0.6164087207,0.3579187286,0.03247251009,true,0.1,0.05,true,true,true,0,0,0.2656678846,0.2169684884
3,0.1,3.7,6,0.429,0.705,II,full-pool,0.8,0.8,1,-1,0.532819951,0.1968841745,0.3648520628,0.2664099755,0.6245669396,0.3621859246,0.03161314512,true,0.1,0.05,true,true,true,0,0,0.2648520628,0.2164099755
3,0.1,3.7,6,0.429,0.705,II,full-pool,0.85,0.85,1,-1,0.5316746475,0.1963822625,0.364028455,0.2658373238,0.6328030168,0.3665214378,0.03071106477,true,0.1,0.05,true,true,true,0,0,0.264028455,0.2158373238
3,0.1,3.7,6,0.429,0.705,II,full-pool,0.9,0.9,1,-1,0.5243852877,0.1933705117,0.3588778997,0.2621926439,0.6411221003,0.3709236603,0.02976589001,true,0.1,0.05,true,true,true,0,0,0.2588778997,0.2121926439
3,0.1,3.7,6,0.429,0.705,II,full-pool,0.95,0.95,1,-1,0.512345044,0.1885961768,0.3504706104,0.256172522,0.6495293896,0.375390986,0.02877731277,true,0.1,0.05,true,true,true,0,0,0.2504706104,0.206172522
3,0.1,3.7,6,0.429,0.705,II,full-pool,1,1,1,-1,0.5,0.1839397206,0.3419698603,0.25,0.6580301397,0.3799218074,0.02774509651,true,0.1,0.05,true,true,true,0,0,0.2419698603,0.2
3,0.1,3.7,6,0.429,0.705,II,full-pool,1.05,1.05,1,-1,0.487654956,0.1793982327,0.3335265944,0.243827478,0.6664734056,0.3843702087,0.02671725523,true,0.1,0.05,true,true,true,0,0,0.2335265944,0.193827478
3,0.1,3.7,6,0.429,0.705,II,full-pool,1.1,1.1,1,-1,0.4756147123,0.1749688746,0.3252917934,0.2378073561,0.6747082066,0.3886015337,0.02573957129,true,0.1,0.05,true,true,true,0,0,0.2252917934,0.1878073561
3,0.1,3.7,6,0.429,0.705,II,full-pool,1.15,1.15,1,-1,0.4638717432,0.1706488777,0.3172603104,0.2319358716,0.6827396896,0.3926300646,0.02480874467,true,0.1,0.05,true,true,true,0,0,0.2172603104,0.1819358716
3,0.1,3.7,6,0.429,0.705,II,full-pool,1.2,1.2,1,-1,0.452418709,0.1664355418,0.3094271254,0.2262093545,0.6905728746,0.3964688675,0.02392175632,true,0.1,0.05,true,true,true,0,0,0.2094271254,0.1762093545
3,0.1,3.7,6,0.429,0.705,II,full-pool,1.25,1.25,1,-1,0.4412484513,0.1623262337,0.3017873425,0.2206242256,0.6982126575,0.4001299194,0.02307583888,true,0.1,0.05,true,true,true,0,0,0.2017873425,0.1706242256
3,0.1,3.7,6,0.429,0.705,II,full-pool,1.3,1.3,1,-1,0.4303539882,0.1583183847,0.2943361865,0.2151769941,0.7056638135,0.4036242194,0.02226845088,true,0.1,0.05,true,true,true,0,0,0.1943361865,0.1651769941
3,0.1,3.7,6,0.429,0.705,II,full-pool,1.35,1.35,1,-1,0.4197285104,0.1544094898,0.2870690001,0.2098642552,0.7129309999,0.4069618867,0.02149725422,true,0.1,0.05,true,true,true,0,0,0.1870690001,0.1598642552
3,0.1,3.7,6,0.429,0.705,II,full-pool,1.4,1.4,1,-1,0.4093653765,0.150597106,0.2799812412,0.2046826883,0.7200187588,0.4101522469,0.02076009412,true,0.1,0.05,true,true,true,0,0,0.1799812412,0.1546826883
3,0.1,3.7,6,0.429,0.705,II,full-pool,1.45,1.45,1,-1,0.3992581094,0.1468788502,0.2730684798,0.1996290547,0.7269315202,0.4132039084,0.02005498155,true,0.1,0.05,true,true,true,0,0,0.1730684798,0.1496290547
3,0.1,3.7,6,0.429,0.705,II,full-pool,1.5,1.5,1,-1,0.3894003915,0.1432523984,0.266326395,0.1947001958,0.733673605,0.4161248301,0.01938007754,true,0.1,0.05,true,true,true,0,0,0.166326395,0.1447001958
3,0.1,3.7,6,0.429,0.705,II,full-pool,1.55,1.55,1,-1,0.3797860616,0.1397154841,0.2597507729,0.1898930308,0.7402492271,0.4189223816,0.01873367927,true,0.1,0.05,true,true,true,0,0,0.1597507729,0.1398930308
3,0.1,3.7,6,0.429,0.705,II,full-pool,1.6,1.6,1,-1,0.3704091103,0.1362658965,0.2533375034,0.1852045552,0.7466624966,0.4216033968,0.0181142077,true,0.1,0.05,true,true,true,0,0,0.1533375034,0.1352045552
3,0.1,3.7,6,0.429,0.705,II,full-pool,1.65,1.65,1,-1,0.3612636768,0.1329014795,0.2470825782,0.1806318384,0.7529174218,0.4241742219,0.0175201965,true,0.1,0.05,true,true,true,0,0,0.1470825782,0.1306318384
3,0.1,3.7,6,0.429,0.705,II,full-pool,1.7,1.7,1,-1,0.3523440449,0.1296201303,0.2409820876,0.1761720224,0.7590179124,0.4266407581,0.01695028216,true,0.1,0.05,true,true,true,0,0,0.1409820876,0.1261720224
3,0.1,3.7,6,0.429,0.705,II,full-pool,1.749813843,1.749813843,1,-1,0.3436766269,0.1264315654,0.2350540961,0.1718383134,0.7649459039,0.4289998612,0.01640519116,true,0.1,0.05,true,true,true,0,0,0.1350540961,0.1218383134
3,0.1,3.725,6,0.432,0.705,II,full-minimal,-inf,-0.2736958305,1,-1,0.551613966,0.2113297242,0.3814718451,0.275806983,0.4583691158,0.2884995402,0.04191253096,true,0.1,0.05,true,true,true,0,0,0.2814718451,0.225806983
3,0.1,3.725,6,0.432,0.705,II,full-pool,-0.25,-0.25,1,-1,0.5512987504,0.2109201555,0.381109453,0.2756493752,0.4619930374,0.2896479953,0.04183544812,true,0.1,0.05,true,true,true,0,0,0.281109453,0.2256493752
3,0.1,3.725,6,0.432,0.705,II,full-pool,-0.2,-0.2,1,-1,0.5506212401,0.2100716939,0.380346467,0.27531062,0.4696228975,0.2921554927,0.04165655883,true,0.1,0.05,true,true,true,0,0,0.280346467,0.22531062
3,0.1,3.725,6,0.432,0.705,II,full-pool,-0.15,-0.15,1,-1,0.5499265784,0.2092441808,0.3795853796,0.2749632892,0.4772337709,0.2947742297,0.04145451783,true,0.1,0.05,true,true,true,0,0,0.2795853796,0.2249632892
3,0.1,3.725,6,0.432,0.705,II,full-pool,-0.1,-0.1,1,-1,0.5492143313,0.2084370991,0.3788257152,0.2746071657,0.4848304147,0.2975008337,0.04122798476,true,0.1,0.05,true,true,true,0,0,0.2788257152,0.2246071657
3,0.1,3.725,6,0.432,0.705,II,full-pool,-0.05,-0.05,1,-1,0.5484840536,0.2076499444,0.378066999,0.2742420268,0.492417577,0.3003321734,0.04097563812,true,0.1,0.05,true,true,true,0,0,0.278066999,0.2242420268
3,0.1,3.725,6,0.432,0.705,II,full-pool,0,0,1,-1,0.5477352889,0.2068822245,0.3773087567,0.2738676444,0.5,0.3032653299,0.04069617827,true,0.1,0.05,true,true,true,0,0,0.2773087567,0.2238676444
3,0.1,3.725,6,0.432,0.705,II,full-pool,0.05,0.05,1,-1,0.546967569,0.2061334598,0.3765505144,0.2734837845,0.507582423,0.3062975727,0.04038833066,true,0.1,0.05,true,true,true,0,0,0.2765505144,0.2234837845
3,0.1,3.725,6,0.432,0.705,II,full-pool,0.1,0.1,1,-1,0.5461804143,0.2054031821,0.3757917982,0.2730902071,0.5151695853,0.3094263374,0.04005084914,true,0.1,0.05,true,true,true,0,0,0.2757917982,0.2230902071
3,0.1,3.725,6,0.432,0.705,II,full-pool,0.15,0.15,1,-1,0.5453733326,0.204690935,0.3750321338,0.2726866663,0.5227662291,0.3126492057,0.03968251936,true,0.1,0.05,true,true,true,0,0,0.2750321338,0.2226866663
3,0.1,3.725,6,0.432,0.705,II,full-pool,0.2,0.2,1,-1,0.5445458196,0.2039962734,0.3742710465,0.2722729098,0.5303771025,0.3159638882,0.03928216225,true,0.1,0.05,true,true,true,0,0,0.2742710465,0.2222729098
3,0.1,3.725,6,0.432,0.705,II,full-pool,0.25,0.25,1,-1,0.5436973579,0.203318763,0.3735080605,0.271848679,0.5380069626,0.3193682083,0.03884863748,true,0.1,0.05,true,true,true,0,0,0.2735080605,0.221848679
3,0.1,3.725,6,0.432,0.705,II,full-pool,0.3,0.3,1,-1,0.5428274174,0.2026579804,0.3727426989,0.2714137087,0.5456605782,0.3228600882,0.03838084684,true,0.1,0.05,true,true,true,0,0,0.2727426989,0.2214137087
3,0.1,3.725,6,0.432,0.705,II,full-pool,0.35,0.35,1,-1,0.5419354542,0.2020135126,0.3719744834,0.2709677271,0.5533427333,0.326437536,0.03787773764,true,0.1,0.05,true,true,true,0,0,0.2719744834,0.2209677271
3,0.1,3.725,6,0.432,0.705,II,full-pool,0.4,0.4,1,-1,0.5410209108,0.2013849568,0.3712029338,0.2705104554,0.5610582292,0.3300986342,0.03733830593,true,0.1,0.05,true,true,true,0,0,0.2712029338,0.2205104554
3,0.1,3.725,6,0.432,0.705,II,full-pool,0.45,0.45,1,-1,0.5400832157,0.20077192,0.3704275679,0.2700416079,0.5688118886,0.3338415294,0.03676159958,true,0.1,0.05,true,true,true,0,0,0.2704275679,0.2200416079
3,0.1,3.725,6,0.432,0.705,II,full-pool,0.5,0.5,1,-1,0.5391217827,0.2001740192,0.369647901,0.2695608914,0.5766085576,0.3376644228,0.0361467213,true,0.1,0.05,true,true,true,0,0,0.269647901,0.2195608914
3,0.1,3.725,6,0.432,0.705,II,full-pool,0.55,0.55,1,-1,0.5381360109,0.1995908806,0.3688634458,0.2690680055,0.5844531094,0.3415655618,0.03549283133,true,0.1,0.05,true,true,true,0,0,0.2688634458,0.2190680055
3,0.1,3.725,6,0.432,0.705,II,full-pool,0.6,0.6,1,-1,0.5371252842,0.1990221398,0.368073712,0.2685626421,0.5923504472,0.3455432324,0.03479915,true,0.1,0.05,true,true,true,0,0,0.268073712,0.2185626421
3,0.1,3.725,6,0.432,0.705,II,full-pool,0.65,0.65,1,-1,0.5360889708,0.1984674412,0.367278206,0.2680444854,0.6003055071,0.349595752,0.03406496011,true,0.1,0.05,true,true,true,0,0,0.267278206,0.2180444854
3,0.1,3.725,6,0.432,0.705,II,full-pool,0.7,0.7,1,-1,0.535026423,0.1979264382,0.3664764306,0.2675132115,0.6083232611,0.3537214633,0.03328960893,true,0.1,0.05,true,true,true,0,0,0.2664764306,0.2175132115
3,0.1,3.725,6,0.432,0.705,II,full-pool,0.75,0.75,1,-1,0.5339369767,0.1973987925,0.3656678846,0.2669684884,0.6164087207,0.3579187286,0.03247251009,true,0.1,0.05,true,true,true,0,0,0.2656678846,0.2169684884
3,0.1,3.725,6,0.432,0.705,II,full-pool,0.8,0.8,1,-1,0.532819951,0.1968841745,0.3648520628,0.2664099755,0.6245669396,0.3621859246,0.03161314512,true,0.1,0.05,true,true,true,0,0,0.2648520628,0.2164099755
3,0.1,3.725,6,0.432,0.705,II,full-pool,0.85,0.85,1,-1,0.5316746475,0.1963822625,0.364028455,0.2658373238,0.6328030168,0.3665214378,0.03071106477,true,0.1,0.05,true,true,true,0,0,0.264028455,0.2158373238
3,0.1,3.725,6,0.432,0.705,II,full-pool,0.9,0.9,1,-1,0.5243852877,0.1933705117,0.3588778997,0.2621926439,0.6411221003,0.3709236603,0.02976589001,true,0.1,0.05,true,true,true,0,0,0.2588778997,0.2121926439
3,0.1,3.725,6,0.432,0.705,II,full-pool,0.95,0.95,1,-1,0.512345044,0.1885961768,0.3504706104,0.256172522,0.6495293896,0.375390986,0.02877731277,true,0.1,0.05,true,true,true,0,0,0.2504706104,0.206172522
3,0.1,3.725,6,0.432,0.705,II,full-pool,1,1,1,-1,0.5,0.1839397206,0.3419698603,0.25,0.6580301397,0.3799218074,0.02774509651,true,0.1,0.05,true,true,true,0,0,0.2419698603,0.2
3,0.1,3.725,6,0.432,0.705,II,full-pool,1.05,1.05,1,-1,0.487654956,0.1793982327,0.3335265944,0.243827478,0.6664734056,0.3843702087,0.02671725523,true,0.1,0.05,true,true,true,0,0,0.2335265944,0.193827478
3,0.1,3.725,6,0.432,0.705,II,full-pool,1.1,1.1,1,-1,0.4756147123,0.1749688746,0.3252917934,0.2378073561,0.6747082066,0.3886015337,0.02573957129,true,0.1,0.05,true,true,true,0,0,0.2252917934,0.1878073561
3,0.1,3.725,6,0.432,0.705,II,full-pool,1.15,1.15,1,-1,0.4638717432,0.1706488777,0.3172603104,0.2319358716,0.6827396896,0.3926300646,0.02480874467,true,0.1,0.05,true,true,true,0,0,0.2172603104,0.1819358716
3,0.1,3.725,6,0.432,0.705,II,full-pool,1.2,1.2,1,-1,0.452418709,0.1664355418,0.3094271254,0.2262093545,0.6905728746,0.3964688675,0.02392175632,true,0.1,0.05,true,true,true,0,0,0.2094271254,0.1762093545
3,0.1,3.725,6,0.432,0.705,II,full-pool,1.25,1.25,1,-1,0.4412484513,0.1623262337,0.3017873425,0.2206242256,0.6982126575,0.4001299194,0.02307583888,true,0.1,0.05,true,true,true,0,0,0.2017873425,0.1706242256
3,0.1,3.725,6,0.432,0.705,II,full-pool,1.3,1.3,1,-1,0.4303539882,0.1583183847,0.2943361865,0.2151769941,0.7056638135,0.4036242194,0.02226845088,true,0.1,0.05,true,true,true,0,0,0.1943361865,0.1651769941
3,0.1,3.725,6,0.432,0.705,II,full-pool,1.35,1.35,1,-1,0.4197285104,0.1544094898,0.2870690001,0.2098642552,0.7129309999,0.4069618867,0.02149725422,true,0.1,0.05,true,true,true,0,0,0.1870690001,0.1598642552
3,0.1,3.725,6,0.432,0.705,II,full-pool,1.4,1.4,1,-1,0.4093653765,0.150597106,0.2799812412,0.2046826883,0.7200187588,0.4101522469,0.02076009412,true,0.1,0.05,true,true,true,0,0,0.1799812412,0.1546826883
3,0.1,3.725,6,0.432,0.705,II,full-pool,1.45,1.45,1,-1,0.3992581094,0.1468788502,0.2730684798,0.1996290547,0.7269315202,0.4132039084,0.02005498155,true,0.1,0.05,true,true,true,0,0,0.1730684798,0.1496290547
3,0.1,3.725,6,0.432,0.705,II,full-pool,1.5,1.5,1,-1,0.3894003915,0.1432523984,0.266326395,0.1947001958,0.733673605,0.4161248301,0.01938007754,true,0.1,0.05,true,true,true,0,0,0.166326395,0.1447001958
3,0.1,3.725,6,0.432,0.705,II,full-pool,1.55,1.55,1,-1,0.3797860616,0.1397154841,0.2597507729,0.1898930308,0.7402492271,0.4189223816,0.01873367927,true,0.1,0.05,true,true,true,0,0,0.1597507729,0.1398930308
3,0.1,3.725,6,0.432,0.705,II,full-pool,1.6,1.6,1,-1,0.3704091103,0.1362658965,0.2533375034,0.1852045552,0.7466624966,0.4216033968,0.0181142077,true,0.1,0.05,true,true,true,0,0,0.1533375034,0.1352045552
3,0.1,3.725,6,0.432,0.705,II,full-pool,1.65,1.65,1,-1,0.3612636768,0.1329014795,0.2470825782,0.1806318384,0.7529174218,0.4241742219,0.0175201965,true,0.1,0.05,true,true,true,0,0,0.1470825782,0.1306318384
3,0.1,3.725,6,0.432,0.705,II,full-pool,1.7,1.7,1,-1,0.3523440449,0.1296201303,0.2409820876,0.1761720224,0.7590179124,0.4266407581,0.01695028216,true,0.1,0.05,true,true,true,0,0,0.1409820876,0.1261720224
3,0.1,3.725,6,0.432,0.705,II,full-pool,1.75,1.75,1,-1,0.3436446394,0.1264197979,0.2350322186,0.1718223197,0.7649677814,0.4290084998,0.01640319512,true,0.1,0.05,true,true,true,0,0,0.1350322186,0.1218223197
3,0.1,3.725,6,0.432,0.705,II,full-pool,1.8,1.8,1,-1,0.335160023,0.123298482,0.2292292525,0.1675800115,0.7707707475,0.4312825695,0.01587775182,true,0.1,0.05,true,true,true,0,0,0.1292292525,0.1175800115
3,0.1,3.725,6,0.432,0.705,II,full-pool,1.816195679,1.816195679,1,-1,0.3324569105,0.1223040624,0.2273804864,0.1662284552,0.7726195136,0.4319998899,0.01571200879,true,0.1,0.05,true,true,true,0,0,0.1273804864,0.1162284552
3,0.1,3.75,6,0.435,0.705,II,full-minimal,-inf,-0.2614797001,1,-1,0.5514519264,0.2111179695,0.381284948,0.2757259632,0.4602380873,0.2890883672,0.04187339408,true,0.1,0.05,true,true,true,0,0,0.281284948,0.2257259632
3,0.1,3.75,6,0.435,0.705,II,full-pool,-0.25,-0.25,1,-1,0.5512987504,0.2109201555,0.381109453,0.2756493752,0.4619930374,0.2896479953,0.04183544812,true,0.1,0.05,true,true,true,0,0,0.281109453,0.2256493752
3,0.1,3.75,6,0.435,0.705,II,full-pool,-0.2,-0.2,1,-1,0.5506212401,0.2100716939,0.380346467,0.27531062,0.4696228975,0.2921554927,0.04165655883,true,0.1,0.05,true,true,true,0,0,0.280346467,0.22531062
3,0.1,3.75,6,0.435,0.705,II,full-pool,-0.15,-0.15,1,-1,0.5499265784,0.2092441808,0.3795853796,0.2749632892,0.4772337709,0.2947742297,0.04145451783,true,0.1,0.05,true,true,true,0,0,0.2795853796,0.2249632892
3,0.1,3.75,6,0.435,0.705,II,full-pool,-0.1,-0.1,1,-1,0.5492143313,0.2084370991,0.3788257152,0.2746071657,0.4848304147,0.2975008337,0.04122798476,true,0.1,0.05,true,true,true,0,0,0.2788257152,0.2246071657
3,0.1,3.75,6,0.435,0.705,II,full-pool,-0.05,-0.05,1,-1,0.5484840536,0.2076499444,0.378066999,0.2742420268,0.492417577,0.3003321734,0.04097563812,true,0.1,0.05,true,true,true,0,0,0.278066999,0.2242420268
3,0.1,3.75,6,0.435,0.705,II,full-pool,0,0,1,-1,0.5477352889,0.2068822245,0.3773087567,0.2738676444,0.5,0.3032653299,0.04069617827,true,0.1,0.05,true,true,true,0,0,0.2773087567,0.2238676444
3,0.1,3.75,6,0.435,0.705,II,full-pool,0.05,0.05,1,-1,0.546967569,0.2061334598,0.3765505144,0.2734837845,0.507582423,0.3062975727,0.04038833066,true,0.1,0.05,true,true,true,0,0,0.2765505144,0.2234837845
3,0.1,3.75,6,0.435,0.705,II,full-pool,0.1,0.1,1,-1,0.5461804143,0.2054031821,0.3757917982,0.2730902071,0.5151695853,0.3094263374,0.04005084914,true,0.1,0.05,true,true,true,0,0,0.2757917982,0.2230902071
3,0.1,3.75,6,0.435,0.705,II,full-pool,0.15,0.15,1,-1,0.5453733326,0.204690935,0.3750321338,0.2726866663,0.5227662291,0.3126492057,0.03968251936,true,0.1,0.05,true,true,true,0,0,0.2750321338,0.2226866663
3,0.1,3.75,6,0.435,0.705,II,full-pool,0.2,0.2,1,-1,0.5445458196,0.2039962734,0.3742710465,0.2722729098,0.5303771025,0.3159638882,0.03928216225,true,0.1,0.05,true,true,true,0,0,0.2742710465,0.2222729098
3,0.1,3.75,6,0.435,0.705,II,full-pool,0.25,0.25,1,-1,0.5436973579,0.203318763,0.3735080605,0.271848679,0.5380069626,0.3193682083,0.03884863748,true,0.1,0.05,true,true,true,0,0,0.2735080605,0.221848679
3,0.1,3.75,6,0.435,0.705,II,full-pool,0.3,0.3,1,-1,0.5428274174,0.2026579804,0.3727426989,0.2714137087,0.5456605782,0.3228600882,0.03838084684,true,0.1,0.05,true,true,true,0,0,0.2727426989,0.2214137087
3,0.1,3.75,6,0.435,0.705,II,full-pool,0.35,0.35,1,-1,0.5419354542,0.2020135126,0.3719744834,0.2709677271,0.5533427333,0.326437536,0.03787773764,true,0.1,0.05,true,true,true,0,0,0.2719744834,0.2209677271
3,0.1,3.75,6,0.435,0.705,II,full-pool,0.4,0.4,1,-1,0.5410209108,0.2013849568,0.3712029338,0.2705104554,0.5610582292,0.3300986342,0.03733830593,true,0.1,0.05,true,true,true,0,0,0.2712029338,0.2205104554
3,0.1,3.75,6,0.435,0.705,II,full-pool,0.45,0.45,1,-1,0.5400832157,0.20077192,0.3704275679,0.2700416079,0.5688118886,0.3338415294,0.03676159958,true,0.1,0.05,true,true,true,0,0,0.2704275679,0.2200416079
3,0.1,3.75,6,0.435,0.705,II,full-pool,0.5,0.5,1,-1,0.5391217827,0.2001740192,0.369647901,0.2695608914,0.5766085576,0.3376644228,0.0361467213,true,0.1,0.05,true,true,true,0,0,0.269647901,0.2195608914
3,0.1,3.75,6,0.435,0.705,II,full-pool,0.55,0.55,1,-1,0.5381360109,0.1995908806,0.3688634458,0.2690680055,0.5844531094,0.3415655618,0.03549283133,true,0.1,0.05,true,true,true,0,0,0.2688634458,0.2190680055
3,0.1,3.75,6,0.435,0.705,II,full-pool,0.6,0.6,1,-1,0.5371252842,0.1990221398,0.368073712,0.2685626421,0.5923504472,0.3455432324,0.03479915,true,0.1,0.05,true,true,true,0,0,0.268073712,0.2185626421
3,0.1,3.75,6,0.435,0.705,II,full-pool,0.65,0.65,1,-1,0.5360889708,0.1984674412,0.367278206,0.2680444854,0.6003055071,0.349595752,0.03406496011,true,0.1,0.05,true,true,true,0,0,0.267278206,0.2180444854
3,0.1,3.75,6,0.435,0.705,II,full-pool,0.7,0.7,1,-1,0.535026423,0.1979264382,0.3664764306,0.2675132115,0.6083232611,0.3537214633,0.03328960893,true,0.1,0.05,true,true,true,0,0,0.2664764306,0.2175132115
3,0.1,3.75,6,0.435,0.705,II,full-pool,0.75,0.75,1,-1,0.5339369767,0.1973987925,0.3656678846,0.2669684884,0.6164087207,0.3579187286,0.03247251009,true,0.1,0.05,true,true,true,0,0,0.2656678846,0.2169684884
3,0.1,3.75,6,0.435,0.705,II,full-pool,0.8,0.8,1,-1,0.532819951,0.1968841745,0.3648520628,0.2664099755,0.6245669396,0.3621859246,0.03161314512,true,0.1,0.05,true,true,true,0,0,0.2648520628,0.2164099755
3,0.1,3.75,6,0.435,0.705,II,full-pool,0.85,0.85,1,-1,0.5316746475,0.1963822625,0.364028455,0.2658373238,0.6328030168,0.3665214378,0.03071106477,true,0.1,0.05,true,true,true,0,0,0.264028455,0.2158373238
3,0.1,3.75,6,0.435,0.705,II,full-pool,0.9,0.9,1,-1,0.5243852877,0.1933705117,0.3588778997,0.2621926439,0.6411221003,0.3709236603,0.02976589001,true,0.1,0.05,true,true,true,0,0,0.2588778997,0.2121926439
3,0.1,3.75,6,0.435,0.705,II,full-pool,0.95,0.95,1,-1,0.512345044,0.1885961768,0.3504706104,0.256172522,0.6495293896,0.375390986,0.02877731277,true,0.1,0.05,true,true,true,0,0,0.2504706104,0.206172522
3,0.1,3.75,6,0.435,0.705,II,full-pool,1,1,1,-1,0.5,0.1839397206,0.3419698603,0.25,0.6580301397,0.3799218074,0.02774509651,true,0.1,0.05,true,true,true,0,0,0.2419698603,0.2
3,0.1,3.75,6,0.435,0.705,II,full-pool,1.05,1.05,1,-1,0.487654956,0.1793982327,0.3335265944,0.243827478,0.6664734056,0.3843702087,0.02671725523,true,0.1,0.05,true,true,true,0,0,0.2335265944,0.193827478
3,0.1,3.75,6,0.435,0.705,II,full-pool,1.1,1.1,1,-1,0.4756147123,0.1749688746,0.3252917934,0.2378073561,0.6747082066,0.3886015337,0.02573957129,true,0.1,0.05,true,true,true,0,0,0.2252917934,0.1878073561
3,0.1,3.75,6,0.435,0.705,II,full-pool,1.15,1.15,1,-1,0.4638717432,0.1706488777,0.3172603104,0.2319358716,0.6827396896,0.3926300646,0.02480874467,true,0.1,0.05,true,true,true,0,0,0.2172603104,0.1819358716
3,0.1,3.75,6,0.435,0.705,II,full-pool,1.2,1.2,1,-1,0.452418709,0.1664355418,0.3094271254,0.2262093545,0.6905728746,0.3964688675,0.02392175632,true,0.1,0.05,true,true,true,0,0,0.2094271254,0.1762093545
3,0.1,3.75,6,0.435,0.705,II,full-pool,1.25,1.25,1,-1,0.4412484513,0.1623262337,0.3017873425,0.2206242256,0.6982126575,0.4001299194,0.02307583888,true,0.1,0.05,true,true,true,0,0,0.2017873425,0.1706242256
3,0.1,3.75,6,0.435,0.705,II,full-pool,1.3,1.3,1,-1,0.4303539882,0.1583183847,0.2943361865,0.2151769941,0.7056638135,0.4036242194,0.02226845088,true,0.1,0.05,true,true,true,0,0,0.1943361865,0.1651769941
3,0.1,3.75,6,0.435,0.705,II,full-pool,1.35,1.35,1,-1,0.4197285104,0.1544094898,0.2870690001,0.2098642552,0.7129309999,0.4069618867,0.02149725422,true,0.1,0.05,true,true,true,0,0,0.1870690001,0.1598642552
3,0.1,3.75,6,0.435,0.705,II,full-pool,1.4,1.4,1,-1,0.4093653765,0.150597106,0.2799812412,0.2046826883,0.7200187588,0.4101522469,0.02076009412,true,0.1,0.05,true,true,true,0,0,0.1799812412,0.1546826883
3,0.1,3.75,6,0.435,0.705,II,full-pool,1.45,1.45,1,-1,0.3992581094,0.1468788502,0.2730684798,0.1996290547,0.7269315202,0.4132039084,0.02005498155,true,0.1,0.05,true,true,true,0,0,0.1730684798,0.1496290547
3,0.1,3.75,6,0.435,0.705,II,full-pool,1.5,1.5,1,-1,0.3894003915,0.1432523984,0.266326395,0.1947001958,0.733673605,0.4161248301,0.01938007754,true,0.1,0.05,true,true,true,0,0,0.166326395,0.1447001958
3,0.1,3.75,6,0.435,0.705,II,full-pool,1.55,1.55,1,-1,0.3797860616,0.1397154841,0.2597507729,0.1898930308,0.7402492271,0.4189223816,0.01873367927,true,0.1,0.05,true,true,true,0,0,0.1597507729,0.1398930308
3,0.1,3.75,6,0.435,0.705,II,full-pool,1.6,1.6,1,-1,0.3704091103,0.1362658965,0.2533375034,0.1852045552,0.7466624966,0.4216033968,0.0181142077,true,0.1,0.05,true,true,true,0,0,0.1533375034,0.1352045552
3,0.1,3.75,6,0.435,0.705,II,full-pool,1.65,1.65,1,-1,0.3612636768,0.1329014795,0.2470825782,0.1806318384,0.7529174218,0.4241742219,0.0175201965,true,0.1,0.05,true,true,true,0,0,0.1470825782,0.1306318384
3,0.1,3.75,6,0.435,0.705,II,full-pool,1.7,1.7,1,-1,0.3523440449,0.1296201303,0.2409820876,0.1761720224,0.7590179124,0.4266407581,0.01695028216,true,0.1,0.05,true,true,true,0,0,0.1409820876,0.1261720224
3,0.1,3.75,6,0.435,0.705,II,full-pool,1.75,1.75,1,-1,0.3436446394,0.1264197979,0.2350322186,0.1718223197,0.7649677814,0.4290084998,0.01640319512,true,0.1,0.05,true,true,true,0,0,0.1350322186,0.1218223197
3,0.1,3.75,6,0.435,0.705,II,full-pool,1.8,1.8,1,-1,0.335160023,0.123298482,0.2292292525,0.1675800115,0.7707707475,0.4312825695,0.01587775182,true,0.1,0.05,true,true,true,0,0,0.1292292525,0.1175800115
3,0.1,3.75,6,0.435,0.705,II,full-pool,1.85,1.85,1,-1,0.3268848926,0.1202542316,0.2235695621,0.1634424463,0.7764304379,0.4334677484,0.01537284749,true,0.1,0.05,true,true,true,0,0,0.1235695621,0.1134424463
3,0.1,3.75,6,0.435,0.705,II,full-pool,1.886273193,1.886273193,1,-1,0.3210097517,0.1180928881,0.2195513199,0.1605048758,0.7804486801,0.4349999338,0.01501882292,true,0.1,0.05,true,true,true,0,0,0.1195513199,0.1105048758
3,0.1,3.775,6,0.438,0.705,II,full-minimal,-inf,-0.2492829395,1,-1,0.5512891533,0.210907837,0.3810984952,0.2756445767,0.4621026153,0.2896831529,0.04183303994,true,0.1,0.05,true,true,true,0,0,0.2810984952,0.2256445767
3,0.1,3.775,6,0.438,0.705,II,full-pool,-0.2,-0.2,1,-1,0.5506212401,0.2100716939,0.380346467,0.27531062,0.4696228975,0.2921554927,0.04165655883,true,0.1,0.05,true,true,true,0,0,0.280346467,0.22531062
3,0.1,3.775,6,0.438,0.705,II,full-pool,-0.15,-0.15,1,-1,0.5499265784,0.2092441808,0.3795853796,0.2749632892,0.4772337709,0.2947742297,0.04145451783,true,0.1,0.05,true,true,true,0,0,0.2795853796,0.2249632892
3,0.1,3.775,6,0.438,0.705,II,full-pool,-0.1,-0.1,1,-1,0.5492143313,0.2084370991,0.3788257152,0.2746071657,0.4848304147,0.2975008337,0.04122798476,true,0.1,0.05,true,true,true,0,0,0.2788257152,0.2246071657
3,0.1,3.775,6,0.438,0.705,II,full-pool,-0.05,-0.05,1,-1,0.5484840536,0.2076499444,0.378066999,0.2742420268,0.492417577,0.3003321734,0.04097563812,true,0.1,0.05,true,true,true,0,0,0.278066999,0.2242420268
3,0.1,3.775,6,0.438,0.705,II,full-pool,0,0,1,-1,0.5477352889,0.2068822245,0.3773087567,0.2738676444,0.5,0.3032653299,0.04069617827,true,0.1,0.05,true,true,true,0,0,0.2773087567,0.2238676444
3,0.1,3.775,6,0.438,0.705,II,full-pool,0.05,0.05,1,-1,0.546967569,0.2061334598,0.3765505144,0.2734837845,0.507582423,0.3062975727,0.04038833066,true,0.1,0.05,true,true,true,0,0,0.2765505144,0.2234837845
3,0.1,3.775,6,0.438,0.705,II,full-pool,0.1,0.1,1,-1,0.5461804143,0.2054031821,0.3757917982,0.2730902071,0.5151695853,0.3094263374,0.04005084914,true,0.1,0.05,true,true,true,0,0,0.2757917982,0.2230902071
3,0.1,3.775,6,0.438,0.705,II,full-pool,0.15,0.15,1,-1,0.5453733326,0.204690935,0.3750321338,0.2726866663,0.5227662291,0.3126492057,0.03968251936,true,0.1,0.05,true,true,true,0,0,0.2750321338,0.2226866663
3,0.1,3.775,6,0.438,0.705,II,full-pool,0.2,0.2,1,-1,0.5445458196,0.2039962734,0.3742710465,0.2722729098,0.5303771025,0.3159638882,0.03928216225,true,0.1,0.05,true,true,true,0,0,0.2742710465,0.2222729098
3,0.1,3.775,6,0.438,0.705,II,full-pool,0.25,0.25,1,-1,0.5436973579,0.203318763,0.3735080605,0.271848679,0.5380069626,0.3193682083,0.03884863748,true,0.1,0.05,true,true,true,0,0,0.2735080605,0.221848679
3,0.1,3.775,6,0.438,0.705,II,full-pool,0.3,0.3,1,-1,0.5428274174,0.2026579804,0.3727426989,0.2714137087,0.5456605782,0.3228600882,0.03838084684,true,0.1,0.05,true,true,true,0,0,0.2727426989,0.2214137087
3,0.1,3.775,6,0.438,0.705,II,full-pool,0.35,0.35,1,-1,0.5419354542,0.2020135126,0.3719744834,0.2709677271,0.5533427333,0.326437536,0.03787773764,true,0.1,0.05,true,true,true,0,0,0.2719744834,0.2209677271
3,0.1,3.775,6,0.438,0.705,II,full-pool,0.4,0.4,1,-1,0.5410209108,0.2013849568,0.3712029338,0.2705104554,0.5610582292,0.3300986342,0.03733830593,true,0.1,0.05,true,true,true,0,0,0.2712029338,0.2205104554
3,0.1,3.775,6,0.438,0.705,II,full-pool,0.45,0.45,1,-1,0.5400832157,0.20077192,0.3704275679,0.2700416079,0.5688118886,0.3338415294,0.03676159958,true,0.1,0.05,true,true,true,0,0,0.2704275679,0.2200416079
3,0.1,3.775,6,0.438,0.705,II,full-pool,0.5,0.5,1,-1,0.5391217827,0.2001740192,0.369647901,0.2695608914,0.5766085576,0.3376644228,0.0361467213,true,0.1,0.05,true,true,true,0,0,0.269647901,0.2195608914
3,0.1,3.775,6,0.438,0.705,II,full-pool,0.55,0.55,1,-1,0.5381360109,0.1995908806,0.3688634458,0.2690680055,0.5844531094,0.3415655618,0.03549283133,true,0.1,0.05,true,true,true,0,0,0.2688634458,0.2190680055
3,0.1,3.775,6,0.438,0.705,II,full-pool,0.6,0.6,1,-1,0.5371252842,0.1990221398,0.368073712,0.2685626421,0.5923504472,0.3455432324,0.03479915,true,0.1,0.05,true,true,true,0,0,0.268073712,0.2185626421
3,0.1,3.775,6,0.438,0.705,II,full-pool,0.65,0.65,1,-1,0.5360889708,0.1984674412,0.367278206,0.2680444854,0.6003055071,0.349595752,0.03406496011,true,0.1,0.05,true,true,true,0,0,0.267278206,0.2180444854
3,0.1,3.775,6,0.438,0.705,II,full-pool,0.7,0.7,1,-1,0.535026423,0.1979264382,0.3664764306,0.2675132115,0.6083232611,0.3537214633,0.03328960893,true,0.1,0.05,true,true,true,0,0,0.2664764306,0.2175132115
3,0.1,3.775,6,0.438,0.705,II,full-pool,0.75,0.75,1,-1,0.5339369767,0.1973987925,0.3656678846,0.2669684884,0.6164087207,0.3579187286,0.03247251009,true,0.1,0.05,true,true,true,0,0,0.2656678846,0.2169684884
3,0.1,3.775,6,0.438,0.705,II,full-pool,0.8,0.8,1,-1,0.532819951,0.1968841745,0.3648520628,0.2664099755,0.6245669396,0.3621859246,0.03161314512,true,0.1,0.05,true,true,true,0,0,0.2648520628,0.2164099755
3,0.1,3.775,6,0.438,0.705,II,full-pool,0.85,0.85,1,-1,0.5316746475,0.1963822625,0.364028455,0.2658373238,0.6328030168,0.3665214378,0.03071106477,true,0.1,0.05,true,true,true,0,0,0.264028455,0.2158373238
3,0.1,3.775,6,0.438,0.705,II,full-pool,0.9,0.9,1,-1,0.5243852877,0.1933705117,0.3588778997,0.2621926439,0.6411221003,0.3709236603,0.02976589001,true,0.1,0.05,true,true,true,0,0,0.2588778997,0.2121926439
3,0.1,3.775,6,0.438,0.705,II,full-pool,0.95,0.95,1,-1,0.512345044,0.1885961768,0.3504706104,0.256172522,0.6495293896,0.375390986,0.02877731277,true,0.1,0.05,true,true,true,0,0,0.2504706104,0.206172522
3,0.1,3.775,6,0.438,0.705,II,full-pool,1,1,1,-1,0.5,0.1839397206,0.3419698603,0.25,0.6580301397,0.3799218074,0.02774509651,true,0.1,0.05,true,true,true,0,0,0.2419698603,0.2
3,0.1,3.775,6,0.438,0.705,II,full-pool,1.05,1.05,1,-1,0.487654956,0.1793982327,0.3335265944,0.243827478,0.6664734056,0.3843702087,0.02671725523,true,0.1,0.05,true,true,true,0,0,0.2335265944,0.193827478
3,0.1,3.775,6,0.438,0.705,II,full-pool,1.1,1.1,1,-1,0.4756147123,0.1749688746,0.3252917934,0.2378073561,0.6747082066,0.3886015337,0.02573957129,true,0.1,0.05,true,true,true,0,0,0.2252917934,0.1878073561
3,0.1,3.775,6,0.438,0.705,II,full-pool,1.15,1.15,1,-1,0.4638717432,0.1706488777,0.3172603104,0.2319358716,0.6827396896,0.3926300646,0.02480874467,true,0.1,0.05,true,true,true,0,0,0.2172603104,0.1819358716
3,0.1,3.775,6,0.438,0.705,II,full-pool,1.2,1.2,1,-1,0.452418709,0.1664355418,0.3094271254,0.2262093545,0.6905728746,0.3964688675,0.02392175632,true,0.1,0.05,true,true,true,0,0,0.2094271254,0.1762093545
3,0.1,3.775,6,0.438,0.705,II,full-pool,1.25,1.25,1,-1,0.4412484513,0.1623262337,0.3017873425,0.2206242256,0.6982126575,0.4001299194,0.02307583888,true,0.1,0.05,true,true,true,0,0,0.2017873425,0.1706242256
3,0.1,3.775,6,0.438,0.705,II,full-pool,1.3,1.3,1,-1,0.4303539882,0.1583183847,0.2943361865,0.2151769941,0.7056638135,0.4036242194,0.02226845088,true,0.1,0.05,true,true,true,0,0,0.1943361865,0.1651769941
3,0.1,3.775,6,0.438,0.705,II,full-pool,1.35,1.35,1,-1,0.4197285104,0.1544094898,0.2870690001,0.2098642552,0.7129309999,0.4069618867,0.02149725422,true,0.1,0.05,true,true,true,0,0,0.1870690001,0.1598642552
3,0.1,3.775,6,0.438,0.705,II,full-pool,1.4,1.4,1,-1,0.4093653765,0.150597106,0.2799812412,0.2046826883,0.7200187588,0.4101522469,0.02076009412,true,0.1,0.05,true,true,true,0,0,0.1799812412,0.1546826883
3,0.1,3.775,6,0.438,0.705,II,full-pool,1.45,1.45,1,-1,0.3992581094,0.1468788502,0.2730684798,0.1996290547,0.7269315202,0.4132039084,0.02005498155,true,0.1,0.05,true,true,true,0,0,0.1730684798,0.1496290547
3,0.1,3.775,6,0.438,0.705,II,full-pool,1.5,1.5,1,-1,0.3894003915,0.1432523984,0.266326395,0.1947001958,0.733673605,0.4161248301,0.01938007754,true,0.1,0.05,true,true,true,0,0,0.166326395,0.1447001958
3,0.1,3.775,6,0.438,0.705,II,full-pool,1.55,1.55,1,-1,0.3797860616,0.1397154841,0.2597507729,0.1898930308,0.7402492271,0.4189223816,0.01873367927,true,0.1,0.05,true,true,true,0,0,0.1597507729,0.1398930308
3,0.1,3.775,6,0.438,0.705,II,full-pool,1.6,1.6,1,-1,0.3704091103,0.1362658965,0.2533375034,0.1852045552,0.7466624966,0.4216033968,0.0181142077,true,0.1,0.05,true,true,true,0,0,0.1533375034,0.1352045552
3,0.1,3.775,6,0.438,0.705,II,full-pool,1.65,1.65,1,-1,0.3612636768,0.1329014795,0.2470825782,0.1806318384,0.7529174218,0.4241742219,0.0175201965,true,0.1,0.05,true,true,true,0,0,0.1470825782,0.1306318384
3,0.1,3.775,6,0.438,0.705,II,full-pool,1.7,1.7,1,-1,0.3523440449,0.1296201303,0.2409820876,0.1761720224,0.7590179124,0.4266407581,0.01695028216,true,0.1,0.05,true,true,true,0,0,0.1409820876,0.1261720224
3,0.1,3.775,6,0.438,0.705,II,full-pool,1.75,1.75,1,-1,0.3436446394,0.1264197979,0.2350322186,0.1718223197,0.7649677814,0.4290084998,0.01640319512,true,0.1,0.05,true,true,true,0,0,0.1350322186,0.1218223197
3,0.1,3.775,6,0.438,0.705,II,full-pool,1.8,1.8,1,-1,0.335160023,0.123298482,0.2292292525,0.1675800115,0.7707707475,0.4312825695,0.01587775182,true,0.1,0.05,true,true,true,0,0,0.1292292525,0.1175800115
3,0.1,3.775,6,0.438,0.705,II,full-pool,1.85,1.85,1,-1,0.3268848926,0.1202542316,0.2235695621,0.1634424463,0.7764304379,0.4334677484,0.01537284749,true,0.1,0.05,true,true,true,0,0,0.1235695621,0.1134424463
3,0.1,3.775,6,0.438,0.705,II,full-pool,1.9,1.9,1,-1,0.3188140758,0.117285144,0.2180496099,0.1594070379,0.7819503901,0.4355685046,0.01488744974,true,0.1,0.05,true,true,true,0,0,0.1180496099,0.1094070379
3,0.1,3.775,6,0.438,0.705,II,full-pool,1.95,1.95,1,-1,0.3109425282,0.1143893635,0.2126659459,0.1554712641,0.7873340541,0.4375890184,0.0144205927,true,0.1,0.05,true,true,true,0,0,0.1126659459,0.1054712641
3,0.1,3.775,6,0.438,0.705,II,full-pool,1.960409546,1.960409546,1,-1,0.3093283473,0.1137955396,0.2115619434,0.1546641737,0.7884380566,0.4379999462,0.01432564431,true,0.1,0.05,true,true,true,0,0,0.1115619434,0.1046641737
3,0.1,3.8,6,0.441,0.705,II,full-minimal,-inf,-0.2371045977,1,-1,0.5511256326,0.2106992965,0.3809124646,0.2755628163,0.4639629215,0.2902838565,0.04179145153,true,0.1,0.05,true,true,true,0,0,0.2809124646,0.2255628163
3,0.1,3.8,6,0.441,0.705,II,full-pool,-0.2,-0.2,1,-1,0.5506212401,0.2100716939,0.380346467,0.27531062,0.4696228975,0.2921554927,0.04165655883,true,0.1,0.05,true,true,true,0,0,0.280346467,0.22531062
3,0.1,3.8,6,0.441,0.705,II,full-pool,-0.15,-0.15,1,-1,0.5499265784,0.2092441808,0.3795853796,0.2749632892,0.4772337709,0.2947742297,0.04145451783,true,0.1,0.05,true,true,true,0,0,0.2795853796,0.2249632892
3,0.1,3.8,6,0.441,0.705,II,full-pool,-0.1,-0.1,1,-1,0.5492143313,0.2084370991,0.3788257152,0.2746071657,0.4848304147,0.2975008337,0.04122798476,true,0.1,0.05,true,true,true,0,0,0.2788257152,0.2246071657
3,0.1,3.8,6,0.441,0.705,II,full-pool,-0.05,-0.05,1,-1,0.5484840536,0.2076499444,0.378066999,0.2742420268,0.492417577,0.3003321734,0.04097563812,true,0.1,0.05,true,true,true,0,0,0.278066999,0.2242420268
3,0.1,3.8,6,0.441,0.705,II,full-pool,0,0,1,-1,0.5477352889,0.2068822245,0.3773087567,0.2738676444,0.5,0.3032653299,0.04069617827,true,0.1,0.05,true,true,true,0,0,0.2773087567,0.2238676444
3,0.1,3.8,6,0.441,0.705,II,full-pool,0.05,0.05,1,-1,0.546967569,0.2061334598,0.3765505144,0.2734837845,0.507582423,0.3062975727,0.04038833066,true,0.1,0.05,true,true,true,0,0,0.2765505144,0.2234837845
3,0.1,3.8,6,0.441,0.705,II,full-pool,0.1,0.1,1,-1,0.5461804143,0.2054031821,0.3757917982,0.2730902071,0.5151695853,0.3094263374,0.04005084914,true,0.1,0.05,true,true,true,0,0,0.2757917982,0.2230902071
3,0.1,3.8,6,0.441,0.705,II,full-pool,0.15,0.15,1,-1,0.5453733326,0.204690935,0.3750321338,0.2726866663,0.5227662291,0.3126492057,0.03968251936,true,0.1,0.05,true,true,true,0,0,0.2750321338,0.2226866663
3,0.1,3.8,6,0.441,0.705,II,full-pool,0.2,0.2,1,-1,0.5445458196,0.2039962734,0.3742710465,0.2722729098,0.5303771025,0.3159638882,0.03928216225,true,0.1,0.05,true,true,true,0,0,0.2742710465,0.2222729098
3,0.1,3.8,6,0.441,0.705,II,full-pool,0.25,0.25,1,-1,0.5436973579,0.203318763,0.3735080605,0.271848679,0.5380069626,0.3193682083,0.03884863748,true,0.1,0.05,true,true,true,0,0,0.2735080605,0.221848679
3,0.1,3.8,6,0.441,0.705,II,full-pool,0.3,0.3,1,-1,0.5428274174,0.2026579804,0.3727426989,0.2714137087,0.5456605782,0.3228600882,0.03838084684,true,0.1,0.05,true,true,true,0,0,0.2727426989,0.2214137087
3,0.1,3.8,6,0.441,0.705,II,full-pool,0.35,0.35,1,-1,0.5419354542,0.2020135126,0.3719744834,0.2709677271,0.5533427333,0.326437536,0.03787773764,true,0.1,0.05,true,true,true,0,0,0.2719744834,0.2209677271
3,0.1,3.8,6,0.441,0.705,II,full-pool,0.4,0.4,1,-1,0.5410209108,0.2013849568,0.3712029338,0.2705104554,0.5610582292,0.3300986342,0.03733830593,true,0.1,0.05,true,true,true,0,0,0.2712029338,0.2205104554
3,0.1,3.8,6,0.441,0.705,II,full-pool,0.45,0.45,1,-1,0.5400832157,0.20077192,0.3704275679,0.2700416079,0.5688118886,0.3338415294,0.03676159958,true,0.1,0.05,true,true,true,0,0,0.2704275679,0.2200416079
3,0.1,3.8,6,0.441,0.705,II,full-pool,0.5,0.5,1,-1,0.5391217827,0.2001740192,0.369647901,0.2695608914,0.5766085576,0.3376644228,0.0361467213,true,0.1,0.05,true,true,true,0,0,0.269647901,0.2195608914
3,0.1,3.8,6,0.441,0.705,II,full-pool,0.55,0.55,1,-1,0.5381360109,0.1995908806,0.3688634458,0.2690680055,0.5844531094,0.3415655618,0.03549283133,true,0.1,0.05,true,true,true,0,0,0.2688634458,0.2190680055
3,0.1,3.8,6,0.441,0.705,II,full-pool,0.6,0.6,1,-1,0.5371252842,0.1990221398,0.368073712,0.2685626421,0.5923504472,0.3455432324,0.03479915,true,0.1,0.05,true,true,true,0,0,0.268073712,0.2185626421
3,0.1,3.8,6,0.441,0.705,II,full-pool,0.65,0.65,1,-1,0.5360889708,0.1984674412,0.367278206,0.2680444854,0.6003055071,0.349595752,0.03406496011,true,0.1,0.05,true,true,true,0,0,0.267278206,0.2180444854
3,0.1,3.8,6,0.441,0.705,II,full-pool,0.7,0.7,1,-1,0.535026423,0.1979264382,0.3664764306,0.2675132115,0.6083232611,0.3537214633,0.03328960893,true,0.1,0.05,true,true,true,0,0,0.2664764306,0.2175132115
3,0.1,3.8,6,0.441,0.705,II,full-pool,0.75,0.75,1,-1,0.5339369767,0.1973987925,0.3656678846,0.2669684884,0.6164087207,0.3579187286,0.03247251009,true,0.1,0.05,true,true,true,0,0,0.2656678846,0.2169684884
3,0.1,3.8,6,0.441,0.705,II,full-pool,0.8,0.8,1,-1,0.532819951,0.1968841745,0.3648520628,0.2664099755,0.6245669396,0.3621859246,0.03161314512,true,0.1,0.05,true,true,true,0,0,0.2648520628,0.2164099755
3,0.1,3.8,6,0.441,0.705,II,full-pool,0.85,0.85,1,-1,0.5316746475,0.1963822625,0.364028455,0.2658373238,0.6328030168,0.3665214378,0.03071106477,true,0.1,0.05,true,true,true,0,0,0.264028455,0.2158373238
3,0.1,3.8,6,0.441,0.705,II,full-pool,0.9,0.9,1,-1,0.5243852877,0.1933705117,0.3588778997,0.2621926439,0.6411221003,0.3709236603,0.02976589001,true,0.1,0.05,true,true,true,0,0,0.2588778997,0.2121926439
3,0.1,3.8,6,0.441,0.705,II,full-pool,0.95,0.95,1,-1,0.512345044,0.1885961768,0.3504706104,0.256172522,0.6495293896,0.375390986,0.02877731277,true,0.1,0.05,true,true,true,0,0,0.2504706104,0.206172522
3,0.1,3.8,6,0.441,0.705,II,full-pool,1,1,1,-1,0.5,0.1839397206,0.3419698603,0.25,0.6580301397,0.3799218074,0.02774509651,true,0.1,0.05,true,true,true,0,0,0.2419698603,0.2
3,0.1,3.8,6,0.441,0.705,II,full-pool,1.05,1.05,1,-1,0.487654956,0.1793982327,0.3335265944,0.243827478,0.6664734056,0.3843702087,0.02671725523,true,0.1,0.05,true,true,true,0,0,0.2335265944,0.193827478
3,0.1,3.8,6,0.441,0.705,II,full-pool,1.1,1.1,1,-1,0.4756147123,0.1749688746,0.3252917934,0.2378073561,0.6747082066,0.3886015337,0.02573957129,true,0.1,0.05,true,true,true,0,0,0.2252917934,0.1878073561
3,0.1,3.8,6,0.441,0.705,II,full-pool,1.15,1.15,1,-1,0.4638717432,0.1706488777,0.3172603104,0.2319358716,0.6827396896,0.3926300646,0.02480874467,true,0.1,0.05,true,true,true,0,0,0.2172603104,0.1819358716
3,0.1,3.8,6,0.441,0.705,II,full-pool,1.2,1.2,1,-1,0.452418709,0.1664355418,0.3094271254,0.2262093545,0.6905728746,0.3964688675,0.02392175632,true,0.1,0.05,true,true,true,0,0,0.2094271254,0.1762093545
3,0.1,3.8,6,0.441,0.705,II,full-pool,1.25,1.25,1,-1,0.4412484513,0.1623262337,0.3017873425,0.2206242256,0.6982126575,0.4001299194,0.02307583888,true,0.1,0.05,true,true,true,0,0,0.2017873425,0.1706242256
3,0.1,3.8,6,0.441,0.705,II,full-pool,1.3,1.3,1,-1,0.4303539882,0.1583183847,0.2943361865,0.2151769941,0.7056638135,0.4036242194,0.02226845088,true,0.1,0.05,true,true,true,0,0,0.1943361865,0.1651769941
3,0.1,3.8,6,0.441,0.705,II,full-pool,1.35,1.35,1,-1,0.4197285104,0.1544094898,0.2870690001,0.2098642552,0.7129309999,0.4069618867,0.02149725422,true,0.1,0.05,true,true,true,0,0,0.1870690001,0.1598642552
3,0.1,3.8,6,0.441,0.705,II,full-pool,1.4,1.4,1,-1,0.4093653765,0.150597106,0.2799812412,0.2046826883,0.7200187588,0.4101522469,0.02076009412,true,0.1,0.05,true,true,true,0,0,0.1799812412,0.1546826883
3,0.1,3.8,6,0.441,0.705,II,full-pool,1.45,1.45,1,-1,0.3992581094,0.1468788502,0.2730684798,0.1996290547,0.7269315202,0.4132039084,0.02005498155,true,0.1,0.05,true,true,true,0,0,0.1730684798,0.1496290547
3,0.1,3.8,6,0.441,0.705,II,full-pool,1.5,1.5,1,-1,0.3894003915,0.1432523984,0.266326395,0.1947001958,0.733673605,0.4161248301,0.01938007754,true,0.1,0.05,true,true,true,0,0,0.166326395,0.1447001958
3,0.1,3.8,6,0.441,0.705,II,full-pool,1.55,1.55,1,-1,0.3797860616,0.1397154841,0.2597507729,0.1898930308,0.7402492271,0.4189223816,0.01873367927,true,0.1,0.05,true,true,true,0,0,0.1597507729,0.1398930308
3,0.1,3.8,6,0.441,0.705,II,full-pool,1.6,1.6,1,-1,0.3704091103,0.1362658965,0.2533375034,0.1852045552,0.7466624966,0.4216033968,0.0181142077,true,0.1,0.05,true,true,true,0,0,0.1533375034,0.1352045552
3,0.1,3.8,6,0.441,0.705,II,full-pool,1.65,1.65,1,-1,0.3612636768,0.1329014795,0.2470825782,0.1806318384,0.7529174218,0.4241742219,0.0175201965,true,0.1,0.05,true,true,true,0,0,0.1470825782,0.1306318384
3,0.1,3.8,6,0.441,0.705,II,full-pool,1.7,1.7,1,-1,0.3523440449,0.1296201303,0.2409820876,0.1761720224,0.7590179124,0.4266407581,0.01695028216,true,0.1,0.05,true,true,true,0,0,0.1409820876,0.1261720224
3,0.1,3.8,6,0.441,0.705,II,full-pool,1.75,1.75,1,-1,0.3436446394,0.1264197979,0.2350322186,0.1718223197,0.7649677814,0.4290084998,0.01640319512,true,0.1,0.05,true,true,true,0,0,0.1350322186,0.1218223197
3,0.1,3.8,6,0.441,0.705,II,full-pool,1.8,1.8,1,-1,0.335160023,0.123298482,0.2292292525,0.1675800115,0.7707707475,0.4312825695,0.01587775182,true,0.1,0.05,true,true,true,0,0,0.1292292525,0.1175800115
3,0.1,3.8,6,0.441,0.705,II,full-pool,1.85,1.85,1,-1,0.3268848926,0.1202542316,0.2235695621,0.1634424463,0.7764304379,0.4334677484,0.01537284749,true,0.1,0.05,true,true,true,0,0,0.1235695621,0.1134424463
3,0.1,3.8,6,0.441,0.705,II,full-pool,1.9,1.9,1,-1,0.3188140758,0.117285144,0.2180496099,0.1594070379,0.7819503901,0.4355685046,0.01488744974,true,0.1,0.05,true,true,true,0,0,0.1180496099,0.1094070379
3,0.1,3.8,6,0.441,0.705,II,full-pool,1.95,1.95,1,-1,0.3109425282,0.1143893635,0.2126659459,0.1554712641,0.7873340541,0.4375890184,0.0144205927,true,0.1,0.05,true,true,true,0,0,0.1126659459,0.1054712641
3,0.1,3.8,6,0.441,0.705,II,full-pool,2,2,1,-1,0.3032653299,0.1115650801,0.207415205,0.1516326649,0.792584795,0.4395332048,0.01397137174,true,0.1,0.05,true,true,true,0,0,0.107415205,0.1016326649
3,0.1,3.8,6,0.441,0.705,II,full-pool,2.039022827,2.039022827,1,-1,0.2974055468,0.1094093864,0.2034074666,0.1487027734,0.7965925334,0.4409998988,0.01363247953,true,0.1,0.05,true,true,true,0,0,0.1034074666,0.0987027734
3,0.1,3.825,6,0.444,0.705,II,full-minimal,-inf,-0.2249437318,1,-1,0.55096135,0.2104923185,0.3807268342,0.275480675,0.4658192247,0.2908904401,0.04174861174,true,0.1,0.05,true,true,true,0,0,0.2807268342,0.225480675
3,0.1,3.825,6,0.444,0.705,II,full-pool,-0.2,-0.2,1,-1,0.5506212401,0.2100716939,0.380346467,0.27531062,0.4696228975,0.2921554927,0.04165655883,true,0.1,0.05,true,true,true,0,0,0.280346467,0.22531062
3,0.1,3.825,6,0.444,0.705,II,full-pool,-0.15,-0.15,1,-1,0.5499265784,0.2092441808,0.3795853796,0.2749632892,0.4772337709,0.2947742297,0.04145451783,true,0.1,0.05,true,true,true,0,0,0.2795853796,0.2249632892
3,0.1,3.825,6,0.444,0.705,II,full-pool,-0.1,-0.1,1,-1,0.5492143313,0.2084370991,0.3788257152,0.2746071657,0.4848304147,0.2975008337,0.04122798476,true,0.1,0.05,true,true,true,0,0,0.2788257152,0.2246071657
3,0.1,3.825,6,0.444,0.705,II,full-pool,-0.05,-0.05,1,-1,0.5484840536,0.2076499444,0.378066999,0.2742420268,0.492417577,0.3003321734,0.04097563812,true,0.1,0.05,true,true,true,0,0,0.278066999,0.2242420268
3,0.1,3.825,6,0.444,0.705,II,full-pool,0,0,1,-1,0.5477352889,0.2068822245,0.3773087567,0.2738676444,0.5,0.3032653299,0.04069617827,true,0.1,0.05,true,true,true,0,0,0.2773087567,0.2238676444
3,0.1,3.825,6,0.444,0.705,II,full-pool,0.05,0.05,1,-1,0.546967569,0.2061334598,0.3765505144,0.2734837845,0.507582423,0.3062975727,0.04038833066,true,0.1,0.05,true,true,true,0,0,0.2765505144,0.2234837845
3,0.1,3.825,6,0.444,0.705,II,full-pool,0.1,0.1,1,-1,0.5461804143,0.2054031821,0.3757917982,0.2730902071,0.5151695853,0.3094263374,0.04005084914,true,0.1,0.05,true,true,true,0,0,0.2757917982,0.2230902071
3,0.1,3.825,6,0.444,0.705,II,full-pool,0.15,0.15,1,-1,0.5453733326,0.204690935,0.3750321338,0.2726866663,0.5227662291,0.3126492057,0.03968251936,true,0.1,0.05,true,true,true,0,0,0.2750321338,0.2226866663
3,0.1,3.825,6,0.444,0.705,II,full-pool,0.2,0.2,1,-1,0.5445458196,0.2039962734,0.3742710465,0.2722729098,0.5303771025,0.3159638882,0.03928216225,true,0.1,0.05,true,true,true,0,0,0.2742710465,0.2222729098
3,0.1,3.825,6,0.444,0.705,II,full-pool,0.25,0.25,1,-1,0.5436973579,0.203318763,0.3735080605,0.271848679,0.5380069626,0.3193682083,0.03884863748,true,0.1,0.05,true,true,true,0,0,0.2735080605,0.221848679
3,0.1,3.825,6,0.444,0.705,II,full-pool,0.3,0.3,1,-1,0.5428274174,0.2026579804,0.3727426989,0.2714137087,0.5456605782,0.3228600882,0.03838084684,true,0.1,0.05,true,true,true,0,0,0.2727426989,0.2214137087
3,0.1,3.825,6,0.444,0.705,II,full-pool,0.35,0.35,1,-1,0.5419354542,0.2020135126,0.3719744834,0.2709677271,0.5533427333,0.326437536,0.03787773764,true,0.1,0.05,true,true,true,0,0,0.2719744834,0.2209677271
3,0.1,3.825,6,0.444,0.705,II,full-pool,0.4,0.4,1,-1,0.5410209108,0.2013849568,0.3712029338,0.2705104554,0.5610582292,0.3300986342,0.03733830593,true,0.1,0.05,true,true,true,0,0,0.2712029338,0.2205104554
3,0.1,3.825,6,0.444,0.705,II,full-pool,0.45,0.45,1,-1,0.5400832157,0.20077192,0.3704275679,0.2700416079,0.5688118886,0.3338415294,0.03676159958,true,0.1,0.05,true,true,true,0,0,0.2704275679,0.2200416079
3,0.1,3.825,6,0.444,0.705,II,full-pool,0.5,0.5,1,-1,0.5391217827,0.2001740192,0.369647901,0.2695608914,0.5766085576,0.3376644228,0.0361467213,true,0.1,0.05,true,true,true,0,0,0.269647901,0.2195608914
3,0.1,3.825,6,0.444,0.705,II,full-pool,0.55,0.55,1,-1,0.5381360109,0.1995908806,0.3688634458,0.2690680055,0.5844531094,0.3415655618,0.03549283133,true,0.1,0.05,true,true,true,0,0,0.2688634458,0.2190680055
3,0.1,3.825,6,0.444,0.705,II,full-pool,0.6,0.6,1,-1,0.5371252842,0.1990221398,0.368073712,0.2685626421,0.5923504472,0.3455432324,0.03479915,true,0.1,0.05,true,true,true,0,0,0.268073712,0.2185626421
3,0.1,3.825,6,0.444,0.705,II,full-pool,0.65,0.65,1,-1,0.5360889708,0.1984674412,0.367278206,0.2680444854,0.6003055071,0.349595752,0.03406496011,true,0.1,0.05,true,true,true,0,0,0.267278206,0.2180444854
3,0.1,3.825,6,0.444,0.705,II,full-pool,0.7,0.7,1,-1,0.535026423,0.1979264382,0.3664764306,0.2675132115,0.6083232611,0.3537214633,0.03328960893,true,0.1,0.05,true,true,true,0,0,0.2664764306,0.2175132115
3,0.1,3.825,6,0.444,0.705,II,full-pool,0.75,0.75,1,-1,0.5339369767,0.1973987925,0.3656678846,0.2669684884,0.6164087207,0.3579187286,0.03247251009,true,0.1,0.05,true,true,true,0,0,0.2656678846,0.2169684884
3,0.1,3.825,6,0.444,0.705,II,full-pool,0.8,0.8,1,-1,0.532819951,0.1968841745,0.3648520628,0.2664099755,0.6245669396,0.3621859246,0.03161314512,true,0.1,0.05,true,true,true,0,0,0.2648520628,0.2164099755
3,0.1,3.825,6,0.444,0.705,II,full-pool,0.85,0.85,1,-1,0.5316746475,0.1963822625,0.364028455,0.2658373238,0.6328030168,0.3665214378,0.03071106477,true,0.1,0.05,true,true,true,0,0,0.264028455,0.2158373238
3,0.1,3.825,6,0.444,0.705,II,full-pool,0.9,0.9,1,-1,0.5243852877,0.1933705117,0.3588778997,0.2621926439,0.6411221003,0.3709236603,0.02976589001,true,0.1,0.05,true,true,true,0,0,0.2588778997,0.2121926439
3,0.1,3.825,6,0.444,0.705,II,full-pool,0.95,0.95,1,-1,0.512345044,0.1885961768,0.3504706104,0.256172522,0.6495293896,0.375390986,0.02877731277,true,0.1,0.05,true,true,true,0,0,0.2504706104,0.206172522
3,0.1,3.825,6,0.444,0.705,II,full-pool,1,1,1,-1,0.5,0.1839397206,0.3419698603,0.25,0.6580301397,0.3799218074,0.02774509651,true,0.1,0.05,true,true,true,0,0,0.2419698603,0.2
3,0.1,3.825,6,0.444,0.705,II,full-pool,1.05,1.05,1,-1,0.487654956,0.1793982327,0.3335265944,0.243827478,0.6664734056,0.3843702087,0.02671725523,true,0.1,0.05,true,true,true,0,0,0.2335265944,0.193827478
3,0.1,3.825,6,0.444,0.705,II,full-pool,1.1,1.1,1,-1,0.4756147123,0.1749688746,0.3252917934,0.2378073561,0.6747082066,0.3886015337,0.02573957129,true,0.1,0.05,true,true,true,0,0,0.2252917934,0.1878073561
3,0.1,3.825,6,0.444,0.705,II,full-pool,1.15,1.15,1,-1,0.4638717432,0.1706488777,0.3172603104,0.2319358716,0.6827396896,0.3926300646,0.02480874467,true,0.1,0.05,true,true,true,0,0,0.2172603104,0.1819358716
3,0.1,3.825,6,0.444,0.705,II,full-pool,1.2,1.2,1,-1,0.452418709,0.1664355418,0.3094271254,0.2262093545,0.6905728746,0.3964688675,0.02392175632,true,0.1,0.05,true,true,true,0,0,0.2094271254,0.1762093545
3,0.1,3.825,6,0.444,0.705,II,full-pool,1.25,1.25,1,-1,0.4412484513,0.1623262337,0.3017873425,0.2206242256,0.6982126575,0.4001299194,0.02307583888,true,0.1,0.05,true,true,true,0,0,0.2017873425,0.1706242256
3,0.1,3.825,6,0.444,0.705,II,full-pool,1.3,1.3,1,-1,0.4303539882,0.1583183847,0.2943361865,0.2151769941,0.7056638135,0.4036242194,0.02226845088,true,0.1,0.05,true,true,true,0,0,0.1943361865,0.1651769941
3,0.1,3.825,6,0.444,0.705,II,full-pool,1.35,1.35,1,-1,0.4197285104,0.1544094898,0.2870690001,0.2098642552,0.7129309999,0.4069618867,0.02149725422,true,0.1,0.05,true,true,true,0,0,0.1870690001,0.1598642552
3,0.1,3.825,6,0.444,0.705,II,full-pool,1.4,1.4,1,-1,0.4093653765,0.150597106,0.2799812412,0.2046826883,0.7200187588,0.4101522469,0.02076009412,true,0.1,0.05,true,true,true,0,0,0.1799812412,0.1546826883
3,0.1,3.825,6,0.444,0.705,II,full-pool,1.45,1.45,1,-1,0.3992581094,0.1468788502,0.2730684798,0.1996290547,0.7269315202,0.4132039084,0.02005498155,true,0.1,0.05,true,true,true,0,0,0.1730684798,0.1496290547
3,0.1,3.825,6,0.444,0.705,II,full-pool,1.5,1.5,1,-1,0.3894003915,0.1432523984,0.266326395,0.1947001958,0.733673605,0.4161248301,0.01938007754,true,0.1,0.05,true,true,true,0,0,0.166326395,0.1447001958
3,0.1,3.825,6,0.444,0.705,II,full-pool,1.55,1.55,1,-1,0.3797860616,0.1397154841,0.2597507729,0.1898930308,0.7402492271,0.4189223816,0.01873367927,true,0.1,0.05,true,true,true,0,0,0.1597507729,0.1398930308
3,0.1,3.825,6,0.444,0.705,II,full-pool,1.6,1.6,1,-1,0.3704091103,0.1362658965,0.2533375034,0.1852045552,0.7466624966,0.4216033968,0.0181142077,true,0.1,0.05,true,true,true,0,0,0.1533375034,0.1352045552
3,0.1,3.825,6,0.444,0.705,II,full-pool,1.65,1.65,1,-1,0.3612636768,0.1329014795,0.2470825782,0.1806318384,0.7529174218,0.4241742219,0.0175201965,true,0.1,0.05,true,true,true,0,0,0.1470825782,0.1306318384
3,0.1,3.825,6,0.444,0.705,II,full-pool,1.7,1.7,1,-1,0.3523440449,0.1296201303,0.2409820876,0.1761720224,0.7590179124,0.4266407581,0.01695028216,true,0.1,0.05,true,true,true,0,0,0.1409820876,0.1261720224
3,0.1,3.825,6,0.444,0.705,II,full-pool,1.75,1.75,1,-1,0.3436446394,0.1264197979,0.2350322186,0.1718223197,0.7649677814,0.4290084998,0.01640319512,true,0.1,0.05,true,true,true,0,0,0.1350322186,0.1218223197
3,0.1,3.825,6,0.444,0.705,II,full-pool,1.8,1.8,1,-1,0.335160023,0.123298482,0.2292292525,0.1675800115,0.7707707475,0.4312825695,0.01587775182,true,0.1,0.05,true,true,true,0,0,0.1292292525,0.1175800115
3,0.1,3.825,6,0.444,0.705,II,full-pool,1.85,1.85,1,-1,0.3268848926,0.1202542316,0.2235695621,0.1634424463,0.7764304379,0.4334677484,0.01537284749,true,0.1,0.05,true,true,true,0,0,0.1235695621,0.1134424463
3,0.1,3.825,6,0.444,0.705,II,full-pool,1.9,1.9,1,-1,0.3188140758,0.117285144,0.2180496099,0.1594070379,0.7819503901,0.4355685046,0.01488744974,true,0.1,0.05,true,true,true,0,0,0.1180496099,0.1094070379
3,0.1,3.825,6,0.444,0.705,II,full-pool,1.95,1.95,1,-1,0.3109425282,0.1143893635,0.2126659459,0.1554712641,0.7873340541,0.4375890184,0.0144205927,true,0.1,0.05,true,true,true,0,0,0.1126659459,0.1054712641
3,0.1,3.825,6,0.444,0.705,II,full-pool,2,2,1,-1,0.3032653299,0.1115650801,0.207415205,0.1516326649,0.792584795,0.4395332048,0.01397137174,true,0.1,0.05,true,true,true,0,0,0.107415205,0.1016326649
3,0.1,3.825,6,0.444,0.705,II,full-pool,2.05,2.05,1,-1,0.2957776822,0.1088105284,0.2022941053,0.1478888411,0.7977058947,0.4414047348,0.01353893869,true,0.1,0.05,true,true,true,0,0,0.1022941053,0.09788884109
3,0.1,3.825,6,0.444,0.705,II,full-pool,2.1,2.1,1,-1,0.2884749052,0.1061239869,0.1972994461,0.1442374526,0.8027005539,0.4432070536,0.01312249748,true,0.1,0.05,true,true,true,0,0,0.09729944605,0.0942374526
3,0.1,3.825,6,0.444,0.705,II,full-pool,2.122601318,2.122601318,1,-1,0.2852332992,0.1049314667,0.195082383,0.1426166496,0.804917617,0.4439999111,0.01293930095,true,0.1,0.05,true,true,true,0,0,0.09508238299,0.09261664962
3,0.1,3.85,6,0.447,0.705,II,full-minimal,-inf,-0.2127994069,1,-1,0.5507962909,0.2102868741,0.3805415825,0.2753981455,0.4676717418,0.2915028696,0.04170450326,true,0.1,0.05,true,true,true,0,0,0.2805415825,0.2253981455
3,0.1,3.85,6,0.447,0.705,II,full-pool,-0.2,-0.2,1,-1,0.5506212401,0.2100716939,0.380346467,0.27531062,0.4696228975,0.2921554927,0.04165655883,true,0.1,0.05,true,true,true,0,0,0.280346467,0.22531062
3,0.1,3.85,6,0.447,0.705,II,full-pool,-0.15,-0.15,1,-1,0.5499265784,0.2092441808,0.3795853796,0.2749632892,0.4772337709,0.2947742297,0.04145451783,true,0.1,0.05,true,true,true,0,0,0.2795853796,0.2249632892
3,0.1,3.85,6,0.447,0.705,II,full-pool,-0.1,-0.1,1,-1,0.5492143313,0.2084370991,0.3788257152,0.2746071657,0.4848304147,0.2975008337,0.04122798476,true,0.1,0.05,true,true,true,0,0,0.2788257152,0.2246071657
3,0.1,3.85,6,0.447,0.705,II,full-pool,-0.05,-0.05,1,-1,0.5484840536,0.2076499444,0.378066999,0.2742420268,0.492417577,0.3003321734,0.04097563812,true,0.1,0.05,true,true,true,0,0,0.278066999,0.2242420268
3,0.1,3.85,6,0.447,0.705,II,full-pool,0,0,1,-1,0.5477352889,0.2068822245,0.3773087567,0.2738676444,0.5,0.3032653299,0.04069617827,true,0.1,0.05,true,true,true,0,0,0.2773087567,0.2238676444
3,0.1,3.85,6,0.447,0.705,II,full-pool,0.05,0.05,1,-1,0.546967569,0.2061334598,0.3765505144,0.2734837845,0.507582423,0.3062975727,0.04038833066,true,0.1,0.05,true,true,true,0,0,0.2765505144,0.2234837845
3,0.1,3.85,6,0.447,0.705,II,full-pool,0.1,0.1,1,-1,0.5461804143,0.2054031821,0.3757917982,0.2730902071,0.5151695853,0.3094263374,0.04005084914,true,0.1,0.05,true,true,true,0,0,0.2757917982,0.2230902071
3,0.1,3.85,6,0.447,0.705,II,full-pool,0.15,0.15,1,-1,0.5453733326,0.204690935,0.3750321338,0.2726866663,0.5227662291,0.3126492057,0.03968251936,true,0.1,0.05,true,true,true,0,0,0.2750321338,0.2226866663
3,0.1,3.85,6,0.447,0.705,II,full-pool,0.2,0.2,1,-1,0.5445458196,0.2039962734,0.3742710465,0.2722729098,0.5303771025,0.3159638882,0.03928216225,true,0.1,0.05,true,true,true,0,0,0.2742710465,0.2222729098
3,0.1,3.85,6,0.447,0.705,II,full-pool,0.25,0.25,1,-1,0.5436973579,0.203318763,0.3735080605,0.271848679,0.5380069626,0.3193682083,0.03884863748,true,0.1,0.05,true,true,true,0,0,0.2735080605,0.221848679
3,0.1,3.85,6,0.447,0.705,II,full-pool,0.3,0.3,1,-1,0.5428274174,0.2026579804,0.3727426989,0.2714137087,0.5456605782,0.3228600882,0.03838084684,true,0.1,0.05,true,true,true,0,0,0.2727426989,0.2214137087
3,0.1,3.85,6,0.447,0.705,II,full-pool,0.35,0.35,1,-1,0.5419354542,0.2020135126,0.3719744834,0.2709677271,0.5533427333,0.326437536,0.03787773764,true,0.1,0.05,true,true,true,0,0,0.2719744834,0.2209677271
3,0.1,3.85,6,0.447,0.705,II,full-pool,0.4,0.4,1,-1,0.5410209108,0.2013849568,0.3712029338,0.2705104554,0.5610582292,0.3300986342,0.03733830593,true,0.1,0.05,true,true,true,0,0,0.2712029338,0.2205104554
3,0.1,3.85,6,0.447,0.705,II,full-pool,0.45,0.45,1,-1,0.5400832157,0.20077192,0.3704275679,0.2700416079,0.5688118886,0.3338415294,0.03676159958,true,0.1,0.05,true,true,true,0,0,0.2704275679,0.2200416079
3,0.1,3.85,6,0.447,0.705,II,full-pool,0.5,0.5,1,-1,0.5391217827,0.2001740192,0.369647901,0.2695608914,0.5766085576,0.3376644228,0.0361467213,true,0.1,0.05,true,true,true,0,0,0.269647901,0.2195608914
3,0.1,3.85,6,0.447,0.705,II,full-pool,0.55,0.55,1,-1,0.5381360109,0.1995908806,0.3688634458,0.2690680055,0.5844531094,0.3415655618,0.03549283133,true,0.1,0.05,true,true,true,0,0,0.2688634458,0.2190680055
3,0.1,3.85,6,0.447,0.705,II,full-pool,0.6,0.6,1,-1,0.5371252842,0.1990221398,0.368073712,0.2685626421,0.5923504472,0.3455432324,0.03479915,true,0.1,0.05,true,true,true,0,0,0.268073712,0.2185626421
3,0.1,3.85,6,0.447,0.705,II,full-pool,0.65,0.65,1,-1,0.5360889708,0.1984674412,0.367278206,0.2680444854,0.6003055071,0.349595752,0.03406496011,true,0.1,0.05,true,true,true,0,0,0.267278206,0.2180444854
3,0.1,3.85,6,0.447,0.705,II,full-pool,0.7,0.7,1,-1,0.535026423,0.1979264382,0.3664764306,0.2675132115,0.6083232611,0.3537214633,0.03328960893,true,0.1,0.05,true,true,true,0,0,0.2664764306,0.2175132115
3,0.1,3.85,6,0.447,0.705,II,full-pool,0.75,0.75,1,-1,0.5339369767,0.1973987925,0.3656678846,0.2669684884,0.6164087207,0.3579187286,0.03247251009,true,0.1,0.05,true,true,true,0,0,0.2656678846,0.2169684884
3,0.1,3.85,6,0.447,0.705,II,full-pool,0.8,0.8,1,-1,0.532819951,0.1968841745,0.3648520628,0.2664099755,0.6245669396,0.3621859246,0.03161314512,true,0.1,0.05,true,true,true,0,0,0.2648520628,0.2164099755
3,0.1,3.85,6,0.447,0.705,II,full-pool,0.85,0.85,1,-1,0.5316746475,0.1963822625,0.364028455,0.2658373238,0.6328030168,0.3665214378,0.03071106477,true,0.1,0.05,true,true,true,0,0,0.264028455,0.2158373238
3,0.1,3.85,6,0.447,0.705,II,full-pool,0.9,0.9,1,-1,0.5243852877,0.1933705117,0.3588778997,0.2621926439,0.6411221003,0.3709236603,0.02976589001,true,0.1,0.05,true,true,true,0,0,0.2588778997,0.2121926439
3,0.1,3.85,6,0.447,0.705,II,full-pool,0.95,0.95,1,-1,0.512345044,0.1885961768,0.3504706104,0.256172522,0.6495293896,0.375390986,0.02877731277,true,0.1,0.05,true,true,true,0,0,0.2504706104,0.206172522
3,0.1,3.85,6,0.447,0.705,II,full-pool,1,1,1,-1,0.5,0.1839397206,0.3419698603,0.25,0.6580301397,0.3799218074,0.02774509651,true,0.1,0.05,true,true,true,0,0,0.2419698603,0.2
3,0.1,3.85,6,0.447,0.705,II,full-pool,1.05,1.05,1,-1,0.487654956,0.1793982327,0.3335265944,0.243827478,0.6664734056,0.3843702087,0.02671725523,true,0.1,0.05,true,true,true,0,0,0.2335265944,0.193827478
3,0.1,3.85,6,0.447,0.705,II,full-pool,1.1,1.1,1,-1,0.4756147123,0.1749688746,0.3252917934,0.2378073561,0.6747082066,0.3886015337,0.02573957129,true,0.1,0.05,true,true,true,0,0,0.2252917934,0.1878073561
3,0.1,3.85,6,0.447,0.705,II,full-pool,1.15,1.15,1,-1,0.4638717432,0.1706488777,0.3172603104,0.2319358716,0.6827396896,0.3926300646,0.02480874467,true,0.1,0.05,true,true,true,0,0,0.2172603104,0.1819358716
3,0.1,3.85,6,0.447,0.705,II,full-pool,1.2,1.2,1,-1,0.452418709,0.1664355418,0.3094271254,0.2262093545,0.6905728746,0.3964688675,0.02392175632,true,0.1,0.05,true,true,true,0,0,0.2094271254,0.1762093545
3,0.1,3.85,6,0.447,0.705,II,full-pool,1.25,1.25,1,-1,0.4412484513,0.1623262337,0.3017873425,0.2206242256,0.6982126575,0.4001299194,0.02307583888,true,0.1,0.05,true,true,true,0,0,0.2017873425,0.1706242256
3,0.1,3.85,6,0.447,0.705,II,full-pool,1.3,1.3,1,-1,0.4303539882,0.1583183847,0.2943361865,0.2151769941,0.7056638135,0.4036242194,0.02226845088,true,0.1,0.05,true,true,true,0,0,0.1943361865,0.1651769941
3,0.1,3.85,6,0.447,0.705,II,full-pool,1.35,1.35,1,-1,0.4197285104,0.1544094898,0.2870690001,0.2098642552,0.7129309999,0.4069618867,0.02149725422,true,0.1,0.05,true,true,true,0,0,0.1870690001,0.1598642552
3,0.1,3.85,6,0.447,0.705,II,full-pool,1.4,1.4,1,-1,0.4093653765,0.150597106,0.2799812412,0.2046826883,0.7200187588,0.4101522469,0.02076009412,true,0.1,0.05,true,true,true,0,0,0.1799812412,0.1546826883
3,0.1,3.85,6,0.447,0.705,II,full-pool,1.45,1.45,1,-1,0.3992581094,0.1468788502,0.2730684798,0.1996290547,0.7269315202,0.4132039084,0.02005498155,true,0.1,0.05,true,true,true,0,0,0.1730684798,0.1496290547
3,0.1,3.85,6,0.447,0.705,II,full-pool,1.5,1.5,1,-1,0.3894003915,0.1432523984,0.266326395,0.1947001958,0.733673605,0.4161248301,0.01938007754,true,0.1,0.05,true,true,true,0,0,0.166326395,0.1447001958
3,0.1,3.85,6,0.447,0.705,II,full-pool,1.55,1.55,1,-1,0.3797860616,0.1397154841,0.2597507729,0.1898930308,0.7402492271,0.4189223816,0.01873367927,true,0.1,0.05,true,true,true,0,0,0.1597507729,0.1398930308
3,0.1,3.85,6,0.447,0.705,II,full-pool,1.6,1.6,1,-1,0.3704091103,0.1362658965,0.2533375034,0.1852045552,0.7466624966,0.4216033968,0.0181142077,true,0.1,0.05,true,true,true,0,0,0.1533375034,0.1352045552
3,0.1,3.85,6,0.447,0.705,II,full-pool,1.65,1.65,1,-1,0.3612636768,0.1329014795,0.2470825782,0.1806318384,0.7529174218,0.4241742219,0.0175201965,true,0.1,0.05,true,true,true,0,0,0.1470825782,0.1306318384
3,0.1,3.85,6,0.447,0.705,II,full-pool,1.7,1.7,1,-1,0.3523440449,0.1296201303,0.2409820876,0.1761720224,0.7590179124,0.4266407581,0.01695028216,true,0.1,0.05,true,true,true,0,0,0.1409820876,0.1261720224
3,0.1,3.85,6,0.447,0.705,II,full-pool,1.75,1.75,1,-1,0.3436446394,0.1264197979,0.2350322186,0.1718223197,0.7649677814,0.4290084998,0.01640319512,true,0.1,0.05,true,true,true,0,0,0.1350322186,0.1218223197
3,0.1,3.85,6,0.447,0.705,II,full-pool,1.8,1.8,1,-1,0.335160023,0.123298482,0.2292292525,0.1675800115,0.7707707475,0.4312825695,0.01587775182,true,0.1,0.05,true,true,true,0,0,0.1292292525,0.1175800115
3,0.1,3.85,6,0.447,0.705,II,full-pool,1.85,1.85,1,-1,0.3268848926,0.1202542316,0.2235695621,0.1634424463,0.7764304379,0.4334677484,0.01537284749,true,0.1,0.05,true,true,true,0,0,0.1235695621,0.1134424463
3,0.1,3.85,6,0.447,0.705,II,full-pool,1.9,1.9,1,-1,0.3188140758,0.117285144,0.2180496099,0.1594070379,0.7819503901,0.4355685046,0.01488744974,true,0.1,0.05,true,true,true,0,0,0.1180496099,0.1094070379
3,0.1,3.85,6,0.447,0.705,II,full-pool,1.95,1.95,1,-1,0.3109425282,0.1143893635,0.2126659459,0.1554712641,0.7873340541,0.4375890184,0.0144205927,true,0.1,0.05,true,true,true,0,0,0.1126659459,0.1054712641
3,0.1,3.85,6,0.447,0.705,II,full-pool,2,2,1,-1,0.3032653299,0.1115650801,0.207415205,0.1516326649,0.792584795,0.4395332048,0.01397137174,true,0.1,0.05,true,true,true,0,0,0.107415205,0.1016326649
3,0.1,3.85,6,0.447,0.705,II,full-pool,2.05,2.05,1,-1,0.2957776822,0.1088105284,0.2022941053,0.1478888411,0.7977058947,0.4414047348,0.01353893869,true,0.1,0.05,true,true,true,0,0,0.1022941053,0.09788884109
3,0.1,3.85,6,0.447,0.705,II,full-pool,2.1,2.1,1,-1,0.2884749052,0.1061239869,0.1972994461,0.1442374526,0.8027005539,0.4432070536,0.01312249748,true,0.1,0.05,true,true,true,0,0,0.09729944605,0.0942374526
3,0.1,3.85,6,0.447,0.705,II,full-pool,2.15,2.15,1,-1,0.2813524344,0.1035037763,0.1924281054,0.1406762172,0.8075718946,0.4449433978,0.01272130024,true,0.1,0.05,true,true,true,0,0,0.09242810537,0.0906762172
3,0.1,3.85,6,0.447,0.705,II,full-pool,2.2,2.2,1,-1,0.274405818,0.100948259,0.1876770385,0.137202909,0.8123229615,0.4466168115,0.01233464365,true,0.1,0.05,true,true,true,0,0,0.08767703852,0.08720290902
3,0.1,3.85,6,0.447,0.705,II,full-pool,2.211709595,2.211709595,1,-1,0.2728039216,0.1003589542,0.1865814379,0.1364019608,0.8134185621,0.4469999286,0.01224612116,true,0.1,0.05,true,true,true,0,0,0.08658143788,0.08640196078
3,0.1,3.875,6,0.45,0.705,II,full-minimal,-inf,-0.2006706955,1,-1,0.5506304407,0.2100829353,0.380356688,0.2753152203,0.4695206875,0.2921211135,0.04165910861,true,0.1,0.05,true,true,true,0,0,0.280356688,0.2253152203
3,0.1,3.875,6,0.45,0.705,II,full-pool,-0.2,-0.2,1,-1,0.5506212401,0.2100716939,0.380346467,0.27531062,0.4696228975,0.2921554927,0.04165655883,true,0.1,0.05,true,true,true,0,0,0.280346467,0.22531062
3,0.1,3.875,6,0.45,0.705,II,full-pool,-0.15,-0.15,1,-1,0.5499265784,0.2092441808,0.3795853796,0.2749632892,0.4772337709,0.2947742297,0.04145451783,true,0.1,0.05,true,true,true,0,0,0.2795853796,0.2249632892
3,0.1,3.875,6,0.45,0.705,II,full-pool,-0.1,-0.1,1,-1,0.5492143313,0.2084370991,0.3788257152,0.2746071657,0.4848304147,0.2975008337,0.04122798476,true,0.1,0.05,true,true,true,0,0,0.2788257152,0.2246071657
3,0.1,3.875,6,0.45,0.705,II,full-pool,-0.05,-0.05,1,-1,0.5484840536,0.2076499444,0.378066999,0.2742420268,0.492417577,0.3003321734,0.04097563812,true,0.1,0.05,true,true,true,0,0,0.278066999,0.2242420268
3,0.1,3.875,6,0.45,0.705,II,full-pool,0,0,1,-1,0.5477352889,0.2068822245,0.3773087567,0.2738676444,0.5,0.3032653299,0.04069617827,true,0.1,0.05,true,true,true,0,0,0.2773087567,0.2238676444
3,0.1,3.875,6,0.45,0.705,II,full-pool,0.05,0.05,1,-1,0.546967569,0.2061334598,0.3765505144,0.2734837845,0.507582423,0.3062975727,0.04038833066,true,0.1,0.05,true,true,true,0,0,0.2765505144,0.2234837845
3,0.1,3.875,6,0.45,0.705,II,full-pool,0.1,0.1,1,-1,0.5461804143,0.2054031821,0.3757917982,0.2730902071,0.5151695853,0.3094263374,0.04005084914,true,0.1,0.05,true,true,true,0,0,0.2757917982,0.2230902071
3,0.1,3.875,6,0.45,0.705,II,full-pool,0.15,0.15,1,-1,0.5453733326,0.204690935,0.3750321338,0.2726866663,0.5227662291,0.3126492057,0.03968251936,true,0.1,0.05,true,true,true,0,0,0.2750321338,0.2226866663
3,0.1,3.875,6,0.45,0.705,II,full-pool,0.2,0.2,1,-1,0.5445458196,0.2039962734,0.3742710465,0.2722729098,0.5303771025,0.3159638882,0.03928216225,true,0.1,0.05,true,true,true,0,0,0.2742710465,0.2222729098
3,0.1,3.875,6,0.45,0.705,II,full-pool,0.25,0.25,1,-1,0.5436973579,0.203318763,0.3735080605,0.271848679,0.5380069626,0.3193682083,0.03884863748,true,0.1,0.05,true,true,true,0,0,0.2735080605,0.221848679
3,0.1,3.875,6,0.45,0.705,II,full-pool,0.3,0.3,1,-1,0.5428274174,0.2026579804,0.3727426989,0.2714137087,0.5456605782,0.3228600882,0.03838084684,true,0.1,0.05,true,true,true,0,0,0.2727426989,0.2214137087
3,0.1,3.875,6,0.45,0.705,II,full-pool,0.35,0.35,1,-1,0.5419354542,0.2020135126,0.3719744834,0.2709677271,0.5533427333,0.326437536,0.03787773764,true,0.1,0.05,true,true,true,0,0,0.2719744834,0.2209677271
3,0.1,3.875,6,0.45,0.705,II,full-pool,0.4,0.4,1,-1,0.5410209108,0.2013849568,0.3712029338,0.2705104554,0.5610582292,0.3300986342,0.03733830593,true,0.1,0.05,true,true,true,0,0,0.2712029338,0.2205104554
3,0.1,3.875,6,0.45,0.705,II,full-pool,0.45,0.45,1,-1,0.5400832157,0.20077192,0.3704275679,0.2700416079,0.5688118886,0.3338415294,0.03676159958,true,0.1,0.05,true,true,true,0,0,0.2704275679,0.2200416079
3,0.1,3.875,6,0.45,0.705,II,full-pool,0.5,0.5,1,-1,0.5391217827,0.2001740192,0.369647901,0.2695608914,0.5766085576,0.3376644228,0.0361467213,true,0.1,0.05,true,true,true,0,0,0.269647901,0.2195608914
3,0.1,3.875,6,0.45,0.705,II,full-pool,0.55,0.55,1,-1,0.5381360109,0.1995908806,0.3688634458,0.2690680055,0.5844531094,0.3415655618,0.03549283133,true,0.1,0.05,true,true,true,0,0,0.2688634458,0.2190680055
3,0.1,3.875,6,0.45,0.705,II,full-pool,0.6,0.6,1,-1,0.5371252842,0.1990221398,0.368073712,0.2685626421,0.5923504472,0.3455432324,0.03479915,true,0.1,0.05,true,true,true,0,0,0.268073712,0.2185626421
3,0.1,3.875,6,0.45,0.705,II,full-pool,0.65,0.65,1,-1,0.5360889708,0.1984674412,0.367278206,0.2680444854,0.6003055071,0.349595752,0.03406496011,true,0.1,0.05,true,true,true,0,0,0.267278206,0.2180444854
3,0.1,3.875,6,0.45,0.705,II,full-pool,0.7,0.7,1,-1,0.535026423,0.1979264382,0.3664764306,0.2675132115,0.6083232611,0.3537214633,0.03328960893,true,0.1,0.05,true,true,true,0,0,0.2664764306,0.2175132115
3,0.1,3.875,6,0.45,0.705,II,full-pool,0.75,0.75,1,-1,0.5339369767,0.1973987925,0.3656678846,0.2669684884,0.6164087207,0.3579187286,0.03247251009,true,0.1,0.05,true,true,true,0,0,0.2656678846,0.2169684884
3,0.1,3.875,6,0.45,0.705,II,full-pool,0.8,0.8,1,-1,0.532819951,0.1968841745,0.3648520628,0.2664099755,0.6245669396,0.3621859246,0.03161314512,true,0.1,0.05,true,true,true,0,0,0.2648520628,0.2164099755
3,0.1,3.875,6,0.45,0.705,II,full-pool,0.85,0.85,1,-1,0.5316746475,0.1963822625,0.364028455,0.2658373238,0.6328030168,0.3665214378,0.03071106477,true,0.1,0.05,true,true,true,0,0,0.264028455,0.2158373238
3,0.1,3.875,6,0.45,0.705,II,full-pool,0.9,0.9,1,-1,0.5243852877,0.1933705117,0.3588778997,0.2621926439,0.6411221003,0.3709236603,0.02976589001,true,0.1,0.05,true,true,true,0,0,0.2588778997,0.2121926439
3,0.1,3.875,6,0.45,0.705,II,full-pool,0.95,0.95,1,-1,0.512345044,0.1885961768,0.3504706104,0.256172522,0.6495293896,0.375390986,0.02877731277,true,0.1,0.05,true,true,true,0,0,0.2504706104,0.206172522
3,0.1,3.875,6,0.45,0.705,II,full-pool,1,1,1,-1,0.5,0.1839397206,0.3419698603,0.25,0.6580301397,0.3799218074,0.02774509651,true,0.1,0.05,true,true,true,0,0,0.2419698603,0.2
3,0.1,3.875,6,0.45,0.705,II,full-pool,1.05,1.05,1,-1,0.487654956,0.1793982327,0.3335265944,0.243827478,0.6664734056,0.3843702087,0.02671725523,true,0.1,0.05,true,true,true,0,0,0.2335265944,0.193827478
3,0.1,3.875,6,0.45,0.705,II,full-pool,1.1,1.1,1,-1,0.4756147123,0.1749688746,0.3252917934,0.2378073561,0.6747082066,0.3886015337,0.02573957129,true,0.1,0.05,true,true,true,0,0,0.2252917934,0.1878073561
3,0.1,3.875,6,0.45,0.705,II,full-pool,1.15,1.15,1,-1,0.4638717432,0.1706488777,0.3172603104,0.2319358716,0.6827396896,0.3926300646,0.02480874467,true,0.1,0.05,true,true,true,0,0,0.2172603104,0.1819358716
3,0.1,3.875,6,0.45,0.705,II,full-pool,1.2,1.2,1,-1,0.452418709,0.1664355418,0.3094271254,0.2262093545,0.6905728746,0.3964688675,0.02392175632,true,0.1,0.05,true,true,true,0,0,0.2094271254,0.1762093545
3,0.1,3.875,6,0.45,0.705,II,full-pool,1.25,1.25,1,-1,0.4412484513,0.1623262337,0.3017873425,0.2206242256,0.6982126575,0.4001299194,0.02307583888,true,0.1,0.05,true,true,true,0,0,0.2017873425,0.1706242256
3,0.1,3.875,6,0.45,0.705,II,full-pool,1.3,1.3,1,-1,0.4303539882,0.1583183847,0.2943361865,0.2151769941,0.7056638135,0.4036242194,0.02226845088,true,0.1,0.05,true,true,true,0,0,0.1943361865,0.1651769941
3,0.1,3.875,6,0.45,0.705,II,full-pool,1.35,1.35,1,-1,0.4197285104,0.1544094898,0.2870690001,0.2098642552,0.7129309999,0.4069618867,0.02149725422,true,0.1,0.05,true,true,true,0,0,0.1870690001,0.1598642552
3,0.1,3.875,6,0.45,0.705,II,full-pool,1.4,1.4,1,-1,0.4093653765,0.150597106,0.2799812412,0.2046826883,0.7200187588,0.4101522469,0.02076009412,true,0.1,0.05,true,true,true,0,0,0.1799812412,0.1546826883
3,0.1,3.875,6,0.45,0.705,II,full-pool,1.45,1.45,1,-1,0.3992581094,0.1468788502,0.2730684798,0.1996290547,0.7269315202,0.4132039084,0.02005498155,true,0.1,0.05,true,true,true,0,0,0.1730684798,0.1496290547
3,0.1,3.875,6,0.45,0.705,II,full-pool,1.5,1.5,1,-1,0.3894003915,0.1432523984,0.266326395,0.1947001958,0.733673605,0.4161248301,0.01938007754,true,0.1,0.05,true,true,true,0,0,0.166326395,0.1447001958
3,0.1,3.875,6,0.45,0.705,II,full-pool,1.55,1.55,1,-1,0.3797860616,0.1397154841,0.2597507729,0.1898930308,0.7402492271,0.4189223816,0.01873367927,true,0.1,0.05,true,true,true,0,0,0.1597507729,0.1398930308
3,0.1,3.875,6,0.45,0.705,II,full-pool,1.6,1.6,1,-1,0.3704091103,0.1362658965,0.2533375034,0.1852045552,0.7466624966,0.4216033968,0.0181142077,true,0.1,0.05,true,true,true,0,0,0.1533375034,0.1352045552
3,0.1,3.875,6,0.45,0.705,II,full-pool,1.65,1.65,1,-1,0.3612636768,0.1329014795,0.2470825782,0.1806318384,0.7529174218,0.4241742219,0.0175201965,true,0.1,0.05,true,true,true,0,0,0.1470825782,0.1306318384
3,0.1,3.875,6,0.45,0.705,II,full-pool,1.7,1.7,1,-1,0.3523440449,0.1296201303,0.2409820876,0.1761720224,0.7590179124,0.4266407581,0.01695028216,true,0.1,0.05,true,true,true,0,0,0.1409820876,0.1261720224
3,0.1,3.875,6,0.45,0.705,II,full-pool,1.75,1.75,1,-1,0.3436446394,0.1264197979,0.2350322186,0.1718223197,0.7649677814,0.4290084998,0.01640319512,true,0.1,0.05,true,true,true,0,0,0.1350322186,0.1218223197
3,0.1,3.875,6,0.45,0.705,II,full-pool,1.8,1.8,1,-1,0.335160023,0.123298482,0.2292292525,0.1675800115,0.7707707475,0.4312825695,0.01587775182,true,0.1,0.05,true,true,true,0,0,0.1292292525,0.1175800115
3,0.1,3.875,6,0.45,0.705,II,full-pool,1.85,1.85,1,-1,0.3268848926,0.1202542316,0.2235695621,0.1634424463,0.7764304379,0.4334677484,0.01537284749,true,0.1,0.05,true,true,true,0,0,0.1235695621,0.1134424463
3,0.1,3.875,6,0.45,0.705,II,full-pool,1.9,1.9,1,-1,0.3188140758,0.117285144,0.2180496099,0.1594070379,0.7819503901,0.4355685046,0.01488744974,true,0.1,0.05,true,true,true,0,0,0.1180496099,0.1094070379
3,0.1,3.875,6,0.45,0.705,II,full-pool,1.95,1.95,1,-1,0.3109425282,0.1143893635,0.2126659459,0.1554712641,0.7873340541,0.4375890184,0.0144205927,true,0.1,0.05,true,true,true,0,0,0.1126659459,0.1054712641
3,0.1,3.875,6,0.45,0.705,II,full-pool,2,2,1,-1,0.3032653299,0.1115650801,0.207415205,0.1516326649,0.792584795,0.4395332048,0.01397137174,true,0.1,0.05,true,true,true,0,0,0.107415205,0.1016326649
3,0.1,3.875,6,0.45,0.705,II,full-pool,2.05,2.05,1,-1,0.2957776822,0.1088105284,0.2022941053,0.1478888411,0.7977058947,0.4414047348,0.01353893869,true,0.1,0.05,true,true,true,0,0,0.1022941053,0.09788884109
3,0.1,3.875,6,0.45,0.705,II,full-pool,2.1,2.1,1,-1,0.2884749052,0.1061239869,0.1972994461,0.1442374526,0.8027005539,0.4432070536,0.01312249748,true,0.1,0.05,true,true,true,0,0,0.09729944605,0.0942374526
3,0.1,3.875,6,0.45,0.705,II,full-pool,2.15,2.15,1,-1,0.2813524344,0.1035037763,0.1924281054,0.1406762172,0.8075718946,0.4449433978,0.01272130024,true,0.1,0.05,true,true,true,0,0,0.09242810537,0.0906762172
3,0.1,3.875,6,0.45,0.705,II,full-pool,2.2,2.2,1,-1,0.274405818,0.100948259,0.1876770385,0.137202909,0.8123229615,0.4466168115,0.01233464365,true,0.1,0.05,true,true,true,0,0,0.08767703852,0.08720290902
3,0.1,3.875,6,0.45,0.705,II,full-pool,2.25,2.25,1,-1,0.2676307143,0.0984558376,0.1830432759,0.1338153571,0.8169567241,0.4482301597,0.01196186572,true,0.1,0.05,true,true,true,0,0,0.08304327593,0.08381535713
3,0.1,3.875,6,0.45,0.705,II,full-pool,2.3,2.3,1,-1,0.2610228884,0.09602495431,0.1785239213,0.1305114442,0.8214760787,0.4497861416,0.01160234276,true,0.1,0.05,true,true,true,0,0,0.07852392135,0.08051144419
3,0.1,3.875,6,0.45,0.705,II,full-pool,2.307012939,2.307012939,1,-1,0.2601092223,0.09568883535,0.1778990288,0.1300546112,0.8221009712,0.4499999414,0.01155294247,true,0.1,0.05,true,true,true,0,0,0.07789902884,0.08005461117
3,0.1,3.9,6,0.453,0.705,II,full-minimal,-inf,-0.1885566769,1,-1,0.5504637843,0.2098804742,0.3801721293,0.2752318922,0.4713662745,0.2927451437,0.04161241013,true,0.1,0.05,true,true,true,0,0,0.2801721293,0.2252318922
3,0.1,3.9,6,0.453,0.705,II,full-pool,-0.15,-0.15,1,-1,0.5499265784,0.2092441808,0.3795853796,0.2749632892,0.4772337709,0.2947742297,0.04145451783,true,0.1,0.05,true,true,true,0,0,0.2795853796,0.2249632892
3,0.1,3.9,6,0.453,0.705,II,full-pool,-0.1,-0.1,1,-1,0.5492143313,0.2084370991,0.3788257152,0.2746071657,0.4848304147,0.2975008337,0.04122798476,true,0.1,0.05,true,true,true,0,0,0.2788257152,0.2246071657
3,0.1,3.9,6,0.453,0.705,II,full-pool,-0.05,-0.05,1,-1,0.5484840536,0.2076499444,0.378066999,0.2742420268,0.492417577,0.3003321734,0.04097563812,true,0.1,0.05,true,true,true,0,0,0.278066999,0.2242420268
3,0.1,3.9,6,0.453,0.705,II,full-pool,0,0,1,-1,0.5477352889,0.2068822245,0.3773087567,0.2738676444,0.5,0.3032653299,0.04069617827,true,0.1,0.05,true,true,true,0,0,0.2773087567,0.2238676444
3,0.1,3.9,6,0.453,0.705,II,full-pool,0.05,0.05,1,-1,0.546967569,0.2061334598,0.3765505144,0.2734837845,0.507582423,0.3062975727,0.04038833066,true,0.1,0.05,true,true,true,0,0,0.2765505144,0.2234837845
3,0.1,3.9,6,0.453,0.705,II,full-pool,0.1,0.1,1,-1,0.5461804143,0.2054031821,0.3757917982,0.2730902071,0.5151695853,0.3094263374,0.04005084914,true,0.1,0.05,true,true,true,0,0,0.2757917982,0.2230902071
3,0.1,3.9,6,0.453,0.705,II,full-pool,0.15,0.15,1,-1,0.5453733326,0.204690935,0.3750321338,0.2726866663,0.5227662291,0.3126492057,0.03968251936,true,0.1,0.05,true,true,true,0,0,0.2750321338,0.2226866663
3,0.1,3.9,6,0.453,0.705,II,full-pool,0.2,0.2,1,-1,0.5445458196,0.2039962734,0.3742710465,0.2722729098,0.5303771025,0.3159638882,0.03928216225,true,0.1,0.05,true,true,true,0,0,0.2742710465,0.2222729098
3,0.1,3.9,6,0.453,0.705,II,full-pool,0.25,0.25,1,-1,0.5436973579,0.203318763,0.3735080605,0.271848679,0.5380069626,0.3193682083,0.03884863748,true,0.1,0.05,true,true,true,0,0,0.2735080605,0.221848679
3,0.1,3.9,6,0.453,0.705,II,full-pool,0.3,0.3,1,-1,0.5428274174,0.2026579804,0.3727426989,0.2714137087,0.5456605782,0.3228600882,0.03838084684,true,0.1,0.05,true,true,true,0,0,0.2727426989,0.2214137087
3,0.1,3.9,6,0.453,0.705,II,full-pool,0.35,0.35,1,-1,0.5419354542,0.2020135126,0.3719744834,0.2709677271,0.5533427333,0.326437536,0.03787773764,true,0.1,0.05,true,true,true,0,0,0.2719744834,0.2209677271
3,0.1,3.9,6,0.453,0.705,II,full-pool,0.4,0.4,1,-1,0.5410209108,0.2013849568,0.3712029338,0.2705104554,0.5610582292,0.3300986342,0.03733830593,true,0.1,0.05,true,true,true,0,0,0.2712029338,0.2205104554
3,0.1,3.9,6,0.453,0.705,II,full-pool,0.45,0.45,1,-1,0.5400832157,0.20077192,0.3704275679,0.2700416079,0.5688118886,0.3338415294,0.03676159958,true,0.1,0.05,true,true,true,0,0,0.2704275679,0.2200416079
3,0.1,3.9,6,0.453,0.705,II,full-pool,0.5,0.5,1,-1,0.5391217827,0.2001740192,0.369647901,0.2695608914,0.5766085576,0.3376644228,0.0361467213,true,0.1,0.05,true,true,true,0,0,0.269647901,0.2195608914
3,0.1,3.9,6,0.453,0.705,II,full-pool,0.55,0.55,1,-1,0.5381360109,0.1995908806,0.3688634458,0.2690680055,0.5844531094,0.3415655618,0.03549283133,true,0.1,0.05,true,true,true,0,0,0.2688634458,0.2190680055
3,0.1,3.9,6,0.453,0.705,II,full-pool,0.6,0.6,1,-1,0.5371252842,0.1990221398,0.368073712,0.2685626421,0.5923504472,0.3455432324,0.03479915,true,0.1,0.05,true,true,true,0,0,0.268073712,0.2185626421
3,0.1,3.9,6,0.453,0.705,II,full-pool,0.65,0.65,1,-1,0.5360889708,0.1984674412,0.367278206,0.2680444854,0.6003055071,0.349595752,0.03406496011,true,0.1,0.05,true,true,true,0,0,0.267278206,0.2180444854
3,0.1,3.9,6,0.453,0.705,II,full-pool,0.7,0.7,1,-1,0.535026423,0.1979264382,0.3664764306,0.2675132115,0.6083232611,0.3537214633,0.03328960893,true,0.1,0.05,true,true,true,0,0,0.2664764306,0.2175132115
3,0.1,3.9,6,0.453,0.705,II,full-pool,0.75,0.75,1,-1,0.5339369767,0.1973987925,0.3656678846,0.2669684884,0.6164087207,0.3579187286,0.03247251009,true,0.1,0.05,true,true,true,0,0,0.2656678846,0.2169684884
3,0.1,3.9,6,0.453,0.705,II,full-pool,0.8,0.8,1,-1,0.532819951,0.1968841745,0.3648520628,0.2664099755,0.6245669396,0.3621859246,0.03161314512,true,0.1,0.05,true,true,true,0,0,0.2648520628,0.2164099755
3,0.1,3.9,6,0.453,0.705,II,full-pool,0.85,0.85,1,-1,0.5316746475,0.1963822625,0.364028455,0.2658373238,0.6328030168,0.3665214378,0.03071106477,true,0.1,0.05,true,true,true,0,0,0.264028455,0.2158373238
3,0.1,3.9,6,0.453,0.705,II,full-pool,0.9,0.9,1,-1,0.5243852877,0.1933705117,0.3588778997,0.2621926439,0.6411221003,0.3709236603,0.02976589001,true,0.1,0.05,true,true,true,0,0,0.2588778997,0.2121926439
3,0.1,3.9,6,0.453,0.705,II,full-pool,0.95,0.95,1,-1,0.512345044,0.1885961768,0.3504706104,0.256172522,0.6495293896,0.375390986,0.02877731277,true,0.1,0.05,true,true,true,0,0,0.2504706104,0.206172522
3,0.1,3.9,6,0.453,0.705,II,full-pool,1,1,1,-1,0.5,0.1839397206,0.3419698603,0.25,0.6580301397,0.3799218074,0.02774509651,true,0.1,0.05,true,true,true,0,0,0.2419698603,0.2
3,0.1,3.9,6,0.453,0.705,II,full-pool,1.05,1.05,1,-1,0.487654956,0.1793982327,0.3335265944,0.243827478,0.6664734056,0.3843702087,0.02671725523,true,0.1,0.05,true,true,true,0,0,0.2335265944,0.193827478
3,0.1,3.9,6,0.453,0.705,II,full-pool,1.1,1.1,1,-1,0.4756147123,0.1749688746,0.3252917934,0.2378073561,0.6747082066,0.3886015337,0.02573957129,true,0.1,0.05,true,true,true,0,0,0.2252917934,0.1878073561
3,0.1,3.9,6,0.453,0.705,II,full-pool,1.15,1.15,1,-1,0.4638717432,0.1706488777,0.3172603104,0.2319358716,0.6827396896,0.3926300646,0.02480874467,true,0.1,0.05,true,true,true,0,0,0.2172603104,0.1819358716
3,0.1,3.9,6,0.453,0.705,II,full-pool,1.2,1.2,1,-1,0.452418709,0.1664355418,0.3094271254,0.2262093545,0.6905728746,0.3964688675,0.02392175632,true,0.1,0.05,true,true,true,0,0,0.2094271254,0.1762093545
3,0.1,3.9,6,0.453,0.705,II,full-pool,1.25,1.25,1,-1,0.4412484513,0.1623262337,0.3017873425,0.2206242256,0.6982126575,0.4001299194,0.02307583888,true,0.1,0.05,true,true,true,0,0,0.2017873425,0.1706242256
3,0.1,3.9,6,0.453,0.705,II,full-pool,1.3,1.3,1,-1,0.4303539882,0.1583183847,0.2943361865,0.2151769941,0.7056638135,0.4036242194,0.02226845088,true,0.1,0.05,true,true,true,0,0,0.1943361865,0.1651769941
3,0.1,3.9,6,0.453,0.705,II,full-pool,1.35,1.35,1,-1,0.4197285104,0.1544094898,0.2870690001,0.2098642552,0.7129309999,0.4069618867,0.02149725422,true,0.1,0.05,true,true,true,0,0,0.1870690001,0.1598642552
3,0.1,3.9,6,0.453,0.705,II,full-pool,1.4,1.4,1,-1,0.4093653765,0.150597106,0.2799812412,0.2046826883,0.7200187588,0.4101522469,0.02076009412,true,0.1,0.05,true,true,true,0,0,0.1799812412,0.1546826883
3,0.1,3.9,6,0.453,0.705,II,full-pool,1.45,1.45,1,-1,0.3992581094,0.1468788502,0.2730684798,0.1996290547,0.7269315202,0.4132039084,0.02005498155,true,0.1,0.05,true,true,true,0,0,0.1730684798,0.1496290547
3,0.1,3.9,6,0.453,0.705,II,full-pool,1.5,1.5,1,-1,0.3894003915,0.1432523984,0.266326395,0.1947001958,0.733673605,0.4161248301,0.01938007754,true,0.1,0.05,true,true,true,0,0,0.166326395,0.1447001958
3,0.1,3.9,6,0.453,0.705,II,full-pool,1.55,1.55,1,-1,0.3797860616,0.1397154841,0.2597507729,0.1898930308,0.7402492271,0.4189223816,0.01873367927,true,0.1,0.05,true,true,true,0,0,0.1597507729,0.1398930308
3,0.1,3.9,6,0.453,0.705,II,full-pool,1.6,1.6,1,-1,0.3704091103,0.1362658965,0.2533375034,0.1852045552,0.7466624966,0.4216033968,0.0181142077,true,0.1,0.05,true,true,true,0,0,0.1533375034,0.1352045552
3,0.1,3.9,6,0.453,0.705,II,full-pool,1.65,1.65,1,-1,0.3612636768,0.1329014795,0.2470825782,0.1806318384,0.7529174218,0.4241742219,0.0175201965,true,0.1,0.05,true,true,true,0,0,0.1470825782,0.1306318384
3,0.1,3.9,6,0.453,0.705,II,full-pool,1.7,1.7,1,-1,0.3523440449,0.1296201303,0.2409820876,0.1761720224,0.7590179124,0.4266407581,0.01695028216,true,0.1,0.05,true,true,true,0,0,0.1409820876,0.1261720224
3,0.1,3.9,6,0.453,0.705,II,full-pool,1.75,1.75,1,-1,0.3436446394,0.1264197979,0.2350322186,0.1718223197,0.7649677814,0.4290084998,0.01640319512,true,0.1,0.05,true,true,true,0,0,0.1350322186,0.1218223197
3,0.1,3.9,6,0.453,0.705,II,full-pool,1.8,1.8,1,-1,0.335160023,0.123298482,0.2292292525,0.1675800115,0.7707707475,0.4312825695,0.01587775182,true,0.1,0.05,true,true,true,0,0,0.1292292525,0.1175800115
3,0.1,3.9,6,0.453,0.705,II,full-pool,1.85,1.85,1,-1,0.3268848926,0.1202542316,0.2235695621,0.1634424463,0.7764304379,0.4334677484,0.01537284749,true,0.1,0.05,true,true,true,0,0,0.1235695621,0.1134424463
3,0.1,3.9,6,0.453,0.705,II,full-pool,1.9,1.9,1,-1,0.3188140758,0.117285144,0.2180496099,0.1594070379,0.7819503901,0.4355685046,0.01488744974,true,0.1,0.05,true,true,true,0,0,0.1180496099,0.1094070379
3,0.1,3.9,6,0.453,0.705,II,full-pool,1.95,1.95,1,-1,0.3109425282,0.1143893635,0.2126659459,0.1554712641,0.7873340541,0.4375890184,0.0144205927,true,0.1,0.05,true,true,true,0,0,0.1126659459,0.1054712641
3,0.1,3.9,6,0.453,0.705,II,full-pool,2,2,1,-1,0.3032653299,0.1115650801,0.207415205,0.1516326649,0.792584795,0.4395332048,0.01397137174,true,0.1,0.05,true,true,true,0,0,0.107415205,0.1016326649
3,0.1,3.9,6,0.453,0.705,II,full-pool,2.05,2.05,1,-1,0.2957776822,0.1088105284,0.2022941053,0.1478888411,0.7977058947,0.4414047348,0.01353893869,true,0.1,0.05,true,true,true,0,0,0.1022941053,0.09788884109
3,0.1,3.9,6,0.453,0.705,II,full-pool,2.1,2.1,1,-1,0.2884749052,0.1061239869,0.1972994461,0.1442374526,0.8027005539,0.4432070536,0.01312249748,true,0.1,0.05,true,true,true,0,0,0.09729944605,0.0942374526
3,0.1,3.9,6,0.453,0.705,II,full-pool,2.15,2.15,1,-1,0.2813524344,0.1035037763,0.1924281054,0.1406762172,0.8075718946,0.4449433978,0.01272130024,true,0.1,0.05,true,true,true,0,0,0.09242810537,0.0906762172
3,0.1,3.9,6,0.453,0.705,II,full-pool,2.2,2.2,1,-1,0.274405818,0.100948259,0.1876770385,0.137202909,0.8123229615,0.4466168115,0.01233464365,true,0.1,0.05,true,true,true,0,0,0.08767703852,0.08720290902
3,0.1,3.9,6,0.453,0.705,II,full-pool,2.25,2.25,1,-1,0.2676307143,0.0984558376,0.1830432759,0.1338153571,0.8169567241,0.4482301597,0.01196186572,true,0.1,0.05,true,true,true,0,0,0.08304327593,0.08381535713
3,0.1,3.9,6,0.453,0.705,II,full-pool,2.3,2.3,1,-1,0.2610228884,0.09602495431,0.1785239213,0.1305114442,0.8214760787,0.4497861416,0.01160234276,true,0.1,0.05,true,true,true,0,0,0.07852392135,0.08051144419
3,0.1,3.9,6,0.453,0.705,II,full-pool,2.35,2.35,1,-1,0.2545782103,0.09365408974,0.17411615,0.1272891052,0.82588385,0.4512873025,0.01125548664,true,0.1,0.05,true,true,true,0,0,0.07411615002,0.07728910515
3,0.1,3.9,6,0.453,0.705,II,full-pool,2.4,2.4,1,-1,0.2482926519,0.09134176203,0.169817207,0.1241463259,0.830182793,0.4527360446,0.01092074234,true,0.1,0.05,true,true,true,0,0,0.06981720696,0.07414632595
3,0.1,3.9,6,0.453,0.705,II,full-pool,2.409301758,2.409301758,1,-1,0.247140554,0.09091792891,0.1690292415,0.123570277,0.8309707585,0.4529999631,0.01085976171,true,0.1,0.05,true,true,true,0,0,0.06902924148,0.07357027702
3,0.1,3.925,6,0.456,0.705,II,full-minimal,-inf,-0.1764564373,1,-1,0.5502963068,0.209679464,0.3799878854,0.2751481534,0.4732087135,0.2933749349,0.04156438994,true,0.1,0.05,true,true,true,0,0,0.2799878854,0.2251481534
3,0.1,3.925,6,0.456,0.705,II,full-pool,-0.15,-0.15,1,-1,0.5499265784,0.2092441808,0.3795853796,0.2749632892,0.4772337709,0.2947742297,0.04145451783,true,0.1,0.05,true,true,true,0,0,0.2795853796,0.2249632892
3,0.1,3.925,6,0.456,0.705,II,full-pool,-0.1,-0.1,1,-1,0.5492143313,0.2084370991,0.3788257152,0.2746071657,0.4848304147,0.2975008337,0.04122798476,true,0.1,0.05,true,true,true,0,0,0.2788257152,0.2246071657
3,0.1,3.925,6,0.456,0.705,II,full-pool,-0.05,-0.05,1,-1,0.5484840536,0.2076499444,0.378066999,0.2742420268,0.492417577,0.3003321734,0.04097563812,true,0.1,0.05,true,true,true,0,0,0.278066999,0.2242420268
3,0.1,3.925,6,0.456,0.705,II,full-pool,0,0,1,-1,0.5477352889,0.2068822245,0.3773087567,0.2738676444,0.5,0.3032653299,0.04069617827,true,0.1,0.05,true,true,true,0,0,0.2773087567,0.2238676444
3,0.1,3.925,6,0.456,0.705,II,full-pool,0.05,0.05,1,-1,0.546967569,0.2061334598,0.3765505144,0.2734837845,0.507582423,0.3062975727,0.04038833066,true,0.1,0.05,true,true,true,0,0,0.2765505144,0.2234837845
3,0.1,3.925,6,0.456,0.705,II,full-pool,0.1,0.1,1,-1,0.5461804143,0.2054031821,0.3757917982,0.2730902071,0.5151695853,0.3094263374,0.04005084914,true,0.1,0.05,true,true,true,0,0,0.2757917982,0.2230902071
3,0.1,3.925,6,0.456,0.705,II,full-pool,0.15,0.15,1,-1,0.5453733326,0.204690935,0.3750321338,0.2726866663,0.5227662291,0.3126492057,0.03968251936,true,0.1,0.05,true,true,true,0,0,0.2750321338,0.2226866663
3,0.1,3.925,6,0.456,0.705,II,full-pool,0.2,0.2,1,-1,0.5445458196,0.2039962734,0.3742710465,0.2722729098,0.5303771025,0.3159638882,0.03928216225,true,0.1,0.05,true,true,true,0,0,0.2742710465,0.2222729098
3,0.1,3.925,6,0.456,0.705,II,full-pool,0.25,0.25,1,-1,0.5436973579,0.203318763,0.3735080605,0.271848679,0.5380069626,0.3193682083,0.03884863748,true,0.1,0.05,true,true,true,0,0,0.2735080605,0.221848679
3,0.1,3.925,6,0.456,0.705,II,full-pool,0.3,0.3,1,-1,0.5428274174,0.2026579804,0.3727426989,0.2714137087,0.5456605782,0.3228600882,0.03838084684,true,0.1,0.05,true,true,true,0,0,0.2727426989,0.2214137087
3,0.1,3.925,6,0.456,0.705,II,full-pool,0.35,0.35,1,-1,0.5419354542,0.2020135126,0.3719744834,0.2709677271,0.5533427333,0.326437536,0.03787773764,true,0.1,0.05,true,true,true,0,0,0.2719744834,0.2209677271
3,0.1,3.925,6,0.456,0.705,II,full-pool,0.4,0.4,1,-1,0.5410209108,0.2013849568,0.3712029338,0.2705104554,0.5610582292,0.3300986342,0.03733830593,true,0.1,0.05,true,true,true,0,0,0.2712029338,0.2205104554
3,0.1,3.925,6,0.456,0.705,II,full-pool,0.45,0.45,1,-1,0.5400832157,0.20077192,0.3704275679,0.2700416079,0.5688118886,0.3338415294,0.03676159958,true,0.1,0.05,true,true,true,0,0,0.2704275679,0.2200416079
3,0.1,3.925,6,0.456,0.705,II,full-pool,0.5,0.5,1,-1,0.5391217827,0.2001740192,0.369647901,0.2695608914,0.5766085576,0.3376644228,0.0361467213,true,0.1,0.05,true,true,true,0,0,0.269647901,0.2195608914
3,0.1,3.925,6,0.456,0.705,II,full-pool,0.55,0.55,1,-1,0.5381360109,0.1995908806,0.3688634458,0.2690680055,0.5844531094,0.3415655618,0.03549283133,true,0.1,0.05,true,true,true,0,0,0.2688634458,0.2190680055
3,0.1,3.925,6,0.456,0.705,II,full-pool,0.6,0.6,1,-1,0.5371252842,0.1990221398,0.368073712,0.2685626421,0.5923504472,0.3455432324,0.03479915,true,0.1,0.05,true,true,true,0,0,0.268073712,0.2185626421
3,0.1,3.925,6,0.456,0.705,II,full-pool,0.65,0.65,1,-1,0.5360889708,0.1984674412,0.367278206,0.2680444854,0.6003055071,0.349595752,0.03406496011,true,0.1,0.05,true,true,true,0,0,0.267278206,0.2180444854
3,0.1,3.925,6,0.456,0.705,II,full-pool,0.7,0.7,1,-1,0.535026423,0.1979264382,0.3664764306,0.2675132115,0.6083232611,0.3537214633,0.03328960893,true,0.1,0.05,true,true,true,0,0,0.2664764306,0.2175132115
3,0.1,3.925,6,0.456,0.705,II,full-pool,0.75,0.75,1,-1,0.5339369767,0.1973987925,0.3656678846,0.2669684884,0.6164087207,0.3579187286,0.03247251009,true,0.1,0.05,true,true,true,0,0,0.2656678846,0.2169684884
3,0.1,3.925,6,0.456,0.705,II,full-pool,0.8,0.8,1,-1,0.532819951,0.1968841745,0.3648520628,0.2664099755,0.6245669396,0.3621859246,0.03161314512,true,0.1,0.05,true,true,true,0,0,0.2648520628,0.2164099755
3,0.1,3.925,6,0.456,0.705,II,full-pool,0.85,0.85,1,-1,0.5316746475,0.1963822625,0.364028455,0.2658373238,0.6328030168,0.3665214378,0.03071106477,true,0.1,0.05,true,true,true,0,0,0.264028455,0.2158373238
3,0.1,3.925,6,0.456,0.705,II,full-pool,0.9,0.9,1,-1,0.5243852877,0.1933705117,0.3588778997,0.2621926439,0.6411221003,0.3709236603,0.02976589001,true,0.1,0.05,true,true,true,0,0,0.2588778997,0.2121926439
3,0.1,3.925,6,0.456,0.705,II,full-pool,0.95,0.95,1,-1,0.512345044,0.1885961768,0.3504706104,0.256172522,0.6495293896,0.375390986,0.02877731277,true,0.1,0.05,true,true,true,0,0,0.2504706104,0.206172522
3,0.1,3.925,6,0.456,0.705,II,full-pool,1,1,1,-1,0.5,0.1839397206,0.3419698603,0.25,0.6580301397,0.3799218074,0.02774509651,true,0.1,0.05,true,true,true,0,0,0.2419698603,0.2
3,0.1,3.925,6,0.456,0.705,II,full-pool,1.05,1.05,1,-1,0.487654956,0.1793982327,0.3335265944,0.243827478,0.6664734056,0.3843702087,0.02671725523,true,0.1,0.05,true,true,true,0,0,0.2335265944,0.193827478
3,0.1,3.925,6,0.456,0.705,II,full-pool,1.1,1.1,1,-1,0.4756147123,0.1749688746,0.3252917934,0.2378073561,0.6747082066,0.3886015337,0.02573957129,true,0.1,0.05,true,true,true,0,0,0.2252917934,0.1878073561
3,0.1,3.925,6,0.456,0.705,II,full-pool,1.15,1.15,1,-1,0.4638717432,0.1706488777,0.3172603104,0.2319358716,0.6827396896,0.3926300646,0.02480874467,true,0.1,0.05,true,true,true,0,0,0.2172603104,0.1819358716
3,0.1,3.925,6,0.456,0.705,II,full-pool,1.2,1.2,1,-1,0.452418709,0.1664355418,0.3094271254,0.2262093545,0.6905728746,0.3964688675,0.02392175632,true,0.1,0.05,true,true,true,0,0,0.2094271254,0.1762093545
3,0.1,3.925,6,0.456,0.705,II,full-pool,1.25,1.25,1,-1,0.4412484513,0.1623262337,0.3017873425,0.2206242256,0.6982126575,0.4001299194,0.02307583888,true,0.1,0.05,true,true,true,0,0,0.2017873425,0.1706242256
3,0.1,3.925,6,0.456,0.705,II,full-pool,1.3,1.3,1,-1,0.4303539882,0.1583183847,0.2943361865,0.2151769941,0.7056638135,0.4036242194,0.02226845088,true,0.1,0.05,true,true,true,0,0,0.1943361865,0.1651769941
3,0.1,3.925,6,0.456,0.705,II,full-pool,1.35,1.35,1,-1,0.4197285104,0.1544094898,0.2870690001,0.2098642552,0.7129309999,0.4069618867,0.02149725422,true,0.1,0.05,true,true,true,0,0,0.1870690001,0.1598642552
3,0.1,3.925,6,0.456,0.705,II,full-pool,1.4,1.4,1,-1,0.4093653765,0.150597106,0.2799812412,0.2046826883,0.7200187588,0.4101522469,0.02076009412,true,0.1,0.05,true,true,true,0,0,0.1799812412,0.1546826883
3,0.1,3.925,6,0.456,0.705,II,full-pool,1.45,1.45,1,-1,0.3992581094,0.1468788502,0.2730684798,0.1996290547,0.7269315202,0.4132039084,0.02005498155,true,0.1,0.05,true,true,true,0,0,0.1730684798,0.1496290547
3,0.1,3.925,6,0.456,0.705,II,full-pool,1.5,1.5,1,-1,0.3894003915,0.1432523984,0.266326395,0.1947001958,0.733673605,0.4161248301,0.01938007754,true,0.1,0.05,true,true,true,0,0,0.166326395,0.1447001958
3,0.1,3.925,6,0.456,0.705,II,full-pool,1.55,1.55,1,-1,0.3797860616,0.1397154841,0.2597507729,0.1898930308,0.7402492271,0.4189223816,0.01873367927,true,0.1,0.05,true,true,true,0,0,0.1597507729,0.1398930308
3,0.1,3.925,6,0.456,0.705,II,full-pool,1.6,1.6,1,-1,0.3704091103,0.1362658965,0.2533375034,0.1852045552,0.7466624966,0.4216033968,0.0181142077,true,0.1,0.05,true,true,true,0,0,0.1533375034,0.1352045552
3,0.1,3.925,6,0.456,0.705,II,full-pool,1.65,1.65,1,-1,0.3612636768,0.1329014795,0.2470825782,0.1806318384,0.7529174218,0.4241742219,0.0175201965,true,0.1,0.05,true,true,true,0,0,0.1470825782,0.1306318384
3,0.1,3.925,6,0.456,0.705,II,full-pool,1.7,1.7,1,-1,0.3523440449,0.1296201303,0.2409820876,0.1761720224,0.7590179124,0.4266407581,0.01695028216,true,0.1,0.05,true,true,true,0,0,0.1409820876,0.1261720224
3,0.1,3.925,6,0.456,0.705,II,full-pool,1.75,1.75,1,-1,0.3436446394,0.1264197979,0.2350322186,0.1718223197,0.7649677814,0.4290084998,0.01640319512,true,0.1,0.05,true,true,true,0,0,0.1350322186,0.1218223197
3,0.1,3.925,6,0.456,0.705,II,full-pool,1.8,1.8,1,-1,0.335160023,0.123298482,0.2292292525,0.1675800115,0.7707707475,0.4312825695,0.01587775182,true,0.1,0.05,true,true,true,0,0,0.1292292525,0.1175800115
3,0.1,3.925,6,0.456,0.705,II,full-pool,1.85,1.85,1,-1,0.3268848926,0.1202542316,0.2235695621,0.1634424463,0.7764304379,0.4334677484,0.01537284749,true,0.1,0.05,true,true,true,0,0,0.1235695621,0.1134424463
3,0.1,3.925,6,0.456,0.705,II,full-pool,1.9,1.9,1,-1,0.3188140758,0.117285144,0.2180496099,0.1594070379,0.7819503901,0.4355685046,0.01488744974,true,0.1,0.05,true,true,true,0,0,0.1180496099,0.1094070379
3,0.1,3.925,6,0.456,0.705,II,full-pool,1.95,1.95,1,-1,0.3109425282,0.1143893635,0.2126659459,0.1554712641,0.7873340541,0.4375890184,0.0144205927,true,0.1,0.05,true,true,true,0,0,0.1126659459,0.1054712641
3,0.1,3.925,6,0.456,0.705,II,full-pool,2,2,1,-1,0.3032653299,0.1115650801,0.207415205,0.1516326649,0.792584795,0.4395332048,0.01397137174,true,0.1,0.05,true,true,true,0,0,0.107415205,0.1016326649
3,0.1,3.925,6,0.456,0.705,II,full-pool,2.05,2.05,1,-1,0.2957776822,0.1088105284,0.2022941053,0.1478888411,0.7977058947,0.4414047348,0.01353893869,true,0.1,0.05,true,true,true,0,0,0.1022941053,0.09788884109
3,0.1,3.925,6,0.456,0.705,II,full-pool,2.1,2.1,1,-1,0.2884749052,0.1061239869,0.1972994461,0.1442374526,0.8027005539,0.4432070536,0.01312249748,true,0.1,0.05,true,true,true,0,0,0.09729944605,0.0942374526
3,0.1,3.925,6,0.456,0.705,II,full-pool,2.15,2.15,1,-1,0.2813524344,0.1035037763,0.1924281054,0.1406762172,0.8075718946,0.4449433978,0.01272130024,true,0.1,0.05,true,true,true,0,0,0.09242810537,0.0906762172
3,0.1,3.925,6,0.456,0.705,II,full-pool,2.2,2.2,1,-1,0.274405818,0.100948259,0.1876770385,0.137202909,0.8123229615,0.4466168115,0.01233464365,true,0.1,0.05,true,true,true,0,0,0.08767703852,0.08720290902
3,0.1,3.925,6,0.456,0.705,II,full-pool,2.25,2.25,1,-1,0.2676307143,0.0984558376,0.1830432759,0.1338153571,0.8169567241,0.4482301597,0.01196186572,true,0.1,0.05,true,true,true,0,0,0.08304327593,0.08381535713
3,0.1,3.925,6,0.456,0.705,II,full-pool,2.3,2.3,1,-1,0.2610228884,0.09602495431,0.1785239213,0.1305114442,0.8214760787,0.4497861416,0.01160234276,true,0.1,0.05,true,true,true,0,0,0.07852392135,0.08051144419
3,0.1,3.925,6,0.456,0.705,II,full-pool,2.35,2.35,1,-1,0.2545782103,0.09365408974,0.17411615,0.1272891052,0.82588385,0.4512873025,0.01125548664,true,0.1,0.05,true,true,true,0,0,0.07411615002,0.07728910515
3,0.1,3.925,6,0.456,0.705,II,full-pool,2.4,2.4,1,-1,0.2482926519,0.09134176203,0.169817207,0.1241463259,0.830182793,0.4527360446,0.01092074234,true,0.1,0.05,true,true,true,0,0,0.06981720696,0.07414632595
3,0.1,3.925,6,0.456,0.705,II,full-pool,2.45,2.45,1,-1,0.2421622845,0.08908652589,0.1656244052,0.1210811422,0.8343755948,0.4541346369,0.01059758561,true,0.1,0.05,true,true,true,0,0,0.06562440518,0.07108114224
3,0.1,3.925,6,0.456,0.705,II,full-pool,2.5,2.5,1,-1,0.2361832764,0.08688697173,0.161535124,0.1180916382,0.838464876,0.455485224,0.01028552088,true,0.1,0.05,true,true,true,0,0,0.06153512405,0.06809163819
3,0.1,3.925,6,0.456,0.705,II,full-pool,2.519522095,2.519522095,1,-1,0.2338890952,0.08604298965,0.1599660424,0.1169445476,0.8400339576,0.4559999616,0.01016658633,true,0.1,0.05,true,true,true,0,0,0.05996604245,0.06694454762
3,0.1,3.95,6,0.459,0.705,II,full-minimal,-inf,-0.1643690688,1,-1,0.5501279926,0.2094798781,0.3798039354,0.2750639963,0.4750482136,0.2940104648,0.04151502999,true,0.1,0.05,true,true,true,0,0,0.2798039354,0.2250639963
3,0.1,3.95,6,0.459,0.705,II,full-pool,-0.15,-0.15,1,-1,0.5499265784,0.2092441808,0.3795853796,0.2749632892,0.4772337709,0.2947742297,0.04145451783,true,0.1,0.05,true,true,true,0,0,0.2795853796,0.2249632892
3,0.1,3.95,6,0.459,0.705,II,full-pool,-0.1,-0.1,1,-1,0.5492143313,0.2084370991,0.3788257152,0.2746071657,0.4848304147,0.2975008337,0.04122798476,true,0.1,0.05,true,true,true,0,0,0.2788257152,0.2246071657
3,0.1,3.95,6,0.459,0.705,II,full-pool,-0.05,-0.05,1,-1,0.5484840536,0.2076499444,0.378066999,0.2742420268,0.492417577,0.3003321734,0.04097563812,true,0.1,0.05,true,true,true,0,0,0.278066999,0.2242420268
3,0.1,3.95,6,0.459,0.705,II,full-pool,0,0,1,-1,0.5477352889,0.2068822245,0.3773087567,0.2738676444,0.5,0.3032653299,0.04069617827,true,0.1,0.05,true,true,true,0,0,0.2773087567,0.2238676444
3,0.1,3.95,6,0.459,0.705,II,full-pool,0.05,0.05,1,-1,0.546967569,0.2061334598,0.3765505144,0.2734837845,0.507582423,0.3062975727,0.04038833066,true,0.1,0.05,true,true,true,0,0,0.2765505144,0.2234837845
3,0.1,3.95,6,0.459,0.705,II,full-pool,0.1,0.1,1,-1,0.5461804143,0.2054031821,0.3757917982,0.2730902071,0.5151695853,0.3094263374,0.04005084914,true,0.1,0.05,true,true,true,0,0,0.2757917982,0.2230902071
3,0.1,3.95,6,0.459,0.705,II,full-pool,0.15,0.15,1,-1,0.5453733326,0.204690935,0.3750321338,0.2726866663,0.5227662291,0.3126492057,0.03968251936,true,0.1,0.05,true,true,true,0,0,0.2750321338,0.2226866663
3,0.1,3.95,6,0.459,0.705,II,full-pool,0.2,0.2,1,-1,0.5445458196,0.2039962734,0.3742710465,0.2722729098,0.5303771025,0.3159638882,0.03928216225,true,0.1,0.05,true,true,true,0,0,0.2742710465,0.2222729098
3,0.1,3.95,6,0.459,0.705,II,full-pool,0.25,0.25,1,-1,0.5436973579,0.203318763,0.3735080605,0.271848679,0.5380069626,0.3193682083,0.03884863748,true,0.1,0.05,true,true,true,0,0,0.2735080605,0.221848679
3,0.1,3.95,6,0.459,0.705,II,full-pool,0.3,0.3,1,-1,0.5428274174,0.2026579804,0.3727426989,0.2714137087,0.5456605782,0.3228600882,0.03838084684,true,0.1,0.05,true,true,true,0,0,0.2727426989,0.2214137087
3,0.1,3.95,6,0.459,0.705,II,full-pool,0.35,0.35,1,-1,0.5419354542,0.2020135126,0.3719744834,0.2709677271,0.5533427333,0.326437536,0.03787773764,true,0.1,0.05,true,true,true,0,0,0.2719744834,0.2209677271
3,0.1,3.95,6,0.459,0.705,II,full-pool,0.4,0.4,1,-1,0.5410209108,0.2013849568,0.3712029338,0.2705104554,0.5610582292,0.3300986342,0.03733830593,true,0.1,0.05,true,true,true,0,0,0.2712029338,0.2205104554
3,0.1,3.95,6,0.459,0.705,II,full-pool,0.45,0.45,1,-1,0.5400832157,0.20077192,0.3704275679,0.2700416079,0.5688118886,0.3338415294,0.03676159958,true,0.1,0.05,true,true,true,0,0,0.2704275679,0.2200416079
3,0.1,3.95,6,0.459,0.705,II,full-pool,0.5,0.5,1,-1,0.5391217827,0.2001740192,0.369647901,0.2695608914,0.5766085576,0.3376644228,0.0361467213,true,0.1,0.05,true,true,true,0,0,0.269647901,0.2195608914
3,0.1,3.95,6,0.459,0.705,II,full-pool,0.55,0.55,1,-1,0.5381360109,0.1995908806,0.3688634458,0.2690680055,0.5844531094,0.3415655618,0.03549283133,true,0.1,0.05,true,true,true,0,0,0.2688634458,0.2190680055
3,0.1,3.95,6,0.459,0.705,II,full-pool,0.6,0.6,1,-1,0.5371252842,0.1990221398,0.368073712,0.2685626421,0.5923504472,0.3455432324,0.03479915,true,0.1,0.05,true,true,true,0,0,0.268073712,0.2185626421
3,0.1,3.95,6,0.459,0.705,II,full-pool,0.65,0.65,1,-1,0.5360889708,0.1984674412,0.367278206,0.2680444854,0.6003055071,0.349595752,0.03406496011,true,0.1,0.05,true,true,true,0,0,0.267278206,0.2180444854
3,0.1,3.95,6,0.459,0.705,II,full-pool,0.7,0.7,1,-1,0.535026423,0.1979264382,0.3664764306,0.2675132115,0.6083232611,0.3537214633,0.03328960893,true,0.1,0.05,true,true,true,0,0,0.2664764306,0.2175132115
3,0.1,3.95,6,0.459,0.705,II,full-pool,0.75,0.75,1,-1,0.5339369767,0.1973987925,0.3656678846,0.2669684884,0.6164087207,0.3579187286,0.03247251009,true,0.1,0.05,true,true,true,0,0,0.2656678846,0.2169684884
3,0.1,3.95,6,0.459,0.705,II,full-pool,0.8,0.8,1,-1,0.532819951,0.1968841745,0.3648520628,0.2664099755,0.6245669396,0.3621859246,0.03161314512,true,0.1,0.05,true,true,true,0,0,0.2648520628,0.2164099755
3,0.1,3.95,6,0.459,0.705,II,full-pool,0.85,0.85,1,-1,0.5316746475,0.1963822625,0.364028455,0.2658373238,0.6328030168,0.3665214378,0.03071106477,true,0.1,0.05,true,true,true,0,0,0.264028455,0.2158373238
3,0.1,3.95,6,0.459,0.705,II,full-pool,0.9,0.9,1,-1,0.5243852877,0.1933705117,0.3588778997,0.2621926439,0.6411221003,0.3709236603,0.02976589001,true,0.1,0.05,true,true,true,0,0,0.2588778997,0.2121926439
3,0.1,3.95,6,0.459,0.705,II,full-pool,0.95,0.95,1,-1,0.512345044,0.1885961768,0.3504706104,0.256172522,0.6495293896,0.375390986,0.02877731277,true,0.1,0.05,true,true,true,0,0,0.2504706104,0.206172522
3,0.1,3.95,6,0.459,0.705,II,full-pool,1,1,1,-1,0.5,0.1839397206,0.3419698603,0.25,0.6580301397,0.3799218074,0.02774509651,true,0.1,0.05,true,true,true,0,0,0.2419698603,0.2
3,0.1,3.95,6,0.459,0.705,II,full-pool,1.05,1.05,1,-1,0.487654956,0.1793982327,0.3335265944,0.243827478,0.6664734056,0.3843702087,0.02671725523,true,0.1,0.05,true,true,true,0,0,0.2335265944,0.193827478
3,0.1,3.95,6,0.459,0.705,II,full-pool,1.1,1.1,1,-1,0.4756147123,0.1749688746,0.3252917934,0.2378073561,0.6747082066,0.3886015337,0.02573957129,true,0.1,0.05,true,true,true,0,0,0.2252917934,0.1878073561
3,0.1,3.95,6,0.459,0.705,II,full-pool,1.15,1.15,1,-1,0.4638717432,0.1706488777,0.3172603104,0.2319358716,0.6827396896,0.3926300646,0.02480874467,true,0.1,0.05,true,true,true,0,0,0.2172603104,0.1819358716
3,0.1,3.95,6,0.459,0.705,II,full-pool,1.2,1.2,1,-1,0.452418709,0.1664355418,0.3094271254,0.2262093545,0.6905728746,0.3964688675,0.02392175632,true,0.1,0.05,true,true,true,0,0,0.2094271254,0.1762093545
3,0.1,3.95,6,0.459,0.705,II,full-pool,1.25,1.25,1,-1,0.4412484513,0.1623262337,0.3017873425,0.2206242256,0.6982126575,0.4001299194,0.02307583888,true,0.1,0.05,true,true,true,0,0,0.2017873425,0.1706242256
3,0.1,3.95,6,0.459,0.705,II,full-pool,1.3,1.3,1,-1,0.4303539882,0.1583183847,0.2943361865,0.2151769941,0.7056638135,0.4036242194,0.02226845088,true,0.1,0.05,true,true,true,0,0,0.1943361865,0.1651769941
3,0.1,3.95,6,0.459,0.705,II,full-pool,1.35,1.35,1,-1,0.4197285104,0.1544094898,0.2870690001,0.2098642552,0.7129309999,0.4069618867,0.02149725422,true,0.1,0.05,true,true,true,0,0,0.1870690001,0.1598642552
3,0.1,3.95,6,0.459,0.705,II,full-pool,1.4,1.4,1,-1,0.4093653765,0.150597106,0.2799812412,0.2046826883,0.7200187588,0.4101522469,0.02076009412,true,0.1,0.05,true,true,true,0,0,0.1799812412,0.1546826883
3,0.1,3.95,6,0.459,0.705,II,full-pool,1.45,1.45,1,-1,0.3992581094,0.1468788502,0.2730684798,0.1996290547,0.7269315202,0.4132039084,0.02005498155,true,0.1,0.05,true,true,true,0,0,0.1730684798,0.1496290547
3,0.1,3.95,6,0.459,0.705,II,full-pool,1.5,1.5,1,-1,0.3894003915,0.1432523984,0.266326395,0.1947001958,0.733673605,0.4161248301,0.01938007754,true,0.1,0.05,true,true,true,0,0,0.166326395,0.1447001958
3,0.1,3.95,6,0.459,0.705,II,full-pool,1.55,1.55,1,-1,0.3797860616,0.1397154841,0.2597507729,0.1898930308,0.7402492271,0.4189223816,0.01873367927,true,0.1,0.05,true,true,true,0,0,0.1597507729,0.1398930308
3,0.1,3.95,6,0.459,0.705,II,full-pool,1.6,1.6,1,-1,0.3704091103,0.1362658965,0.2533375034,0.1852045552,0.7466624966,0.4216033968,0.0181142077,true,0.1,0.05,true,true,true,0,0,0.1533375034,0.1352045552
3,0.1,3.95,6,0.459,0.705,II,full-pool,1.65,1.65,1,-1,0.3612636768,0.1329014795,0.2470825782,0.1806318384,0.7529174218,0.4241742219,0.0175201965,true,0.1,0.05,true,true,true,0,0,0.1470825782,0.1306318384
3,0.1,3.95,6,0.459,0.705,II,full-pool,1.7,1.7,1,-1,0.3523440449,0.1296201303,0.2409820876,0.1761720224,0.7590179124,0.4266407581,0.01695028216,true,0.1,0.05,true,true,true,0,0,0.1409820876,0.1261720224
3,0.1,3.95,6,0.459,0.705,II,full-pool,1.75,1.75,1,-1,0.3436446394,0.1264197979,0.2350322186,0.1718223197,0.7649677814,0.4290084998,0.01640319512,true,0.1,0.05,true,true,true,0,0,0.1350322186,0.1218223197
3,0.1,3.95,6,0.459,0.705,II,full-pool,1.8,1.8,1,-1,0.335160023,0.123298482,0.2292292525,0.1675800115,0.7707707475,0.4312825695,0.01587775182,true,0.1,0.05,true,true,true,0,0,0.1292292525,0.1175800115
3,0.1,3.95,6,0.459,0.705,II,full-pool,1.85,1.85,1,-1,0.3268848926,0.1202542316,0.2235695621,0.1634424463,0.7764304379,0.4334677484,0.01537284749,true,0.1,0.05,true,true,true,0,0,0.1235695621,0.1134424463
3,0.1,3.95,6,0.459,0.705,II,full-pool,1.9,1.9,1,-1,0.3188140758,0.117285144,0.2180496099,0.1594070379,0.7819503901,0.4355685046,0.01488744974,true,0.1,0.05,true,true,true,0,0,0.1180496099,0.1094070379
3,0.1,3.95,6,0.459,0.705,II,full-pool,1.95,1.95,1,-1,0.3109425282,0.1143893635,0.2126659459,0.1554712641,0.7873340541,0.4375890184,0.0144205927,true,0.1,0.05,true,true,true,0,0,0.1126659459,0.1054712641
3,0.1,3.95,6,0.459,0.705,II,full-pool,2,2,1,-1,0.3032653299,0.1115650801,0.207415205,0.1516326649,0.792584795,0.4395332048,0.01397137174,true,0.1,0.05,true,true,true,0,0,0.107415205,0.1016326649
3,0.1,3.95,6,0.459,0.705,II,full-pool,2.05,2.05,1,-1,0.2957776822,0.1088105284,0.2022941053,0.1478888411,0.7977058947,0.4414047348,0.01353893869,true,0.1,0.05,true,true,true,0,0,0.1022941053,0.09788884109
3,0.1,3.95,6,0.459,0.705,II,full-pool,2.1,2.1,1,-1,0.2884749052,0.1061239869,0.1972994461,0.1442374526,0.8027005539,0.4432070536,0.01312249748,true,0.1,0.05,true,true,true,0,0,0.09729944605,0.0942374526
3,0.1,3.95,6,0.459,0.705,II,full-pool,2.15,2.15,1,-1,0.2813524344,0.1035037763,0.1924281054,0.1406762172,0.8075718946,0.4449433978,0.01272130024,true,0.1,0.05,true,true,true,0,0,0.09242810537,0.0906762172
3,0.1,3.95,6,0.459,0.705,II,full-pool,2.2,2.2,1,-1,0.274405818,0.100948259,0.1876770385,0.137202909,0.8123229615,0.4466168115,0.01233464365,true,0.1,0.05,true,true,true,0,0,0.08767703852,0.08720290902
3,0.1,3.95,6,0.459,0.705,II,full-pool,2.25,2.25,1,-1,0.2676307143,0.0984558376,0.1830432759,0.1338153571,0.8169567241,0.4482301597,0.01196186572,true,0.1,0.05,true,true,true,0,0,0.08304327593,0.08381535713
3,0.1,3.95,6,0.459,0.705,II,full-pool,2.3,2.3,1,-1,0.2610228884,0.09602495431,0.1785239213,0.1305114442,0.8214760787,0.4497861416,0.01160234276,true,0.1,0.05,true,true,true,0,0,0.07852392135,0.08051144419
3,0.1,3.95,6,0.459,0.705,II,full-pool,2.35,2.35,1,-1,0.2545782103,0.09365408974,0.17411615,0.1272891052,0.82588385,0.4512873025,0.01125548664,true,0.1,0.05,true,true,true,0,0,0.07411615002,0.07728910515
3,0.1,3.95,6,0.459,0.705,II,full-pool,2.4,2.4,1,-1,0.2482926519,0.09134176203,0.169817207,0.1241463259,0.830182793,0.4527360446,0.01092074234,true,0.1,0.05,true,true,true,0,0,0.06981720696,0.07414632595
3,0.1,3.95,6,0.459,0.705,II,full-pool,2.45,2.45,1,-1,0.2421622845,0.08908652589,0.1656244052,0.1210811422,0.8343755948,0.4541346369,0.01059758561,true,0.1,0.05,true,true,true,0,0,0.06562440518,0.07108114224
3,0.1,3.95,6,0.459,0.705,II,full-pool,2.5,2.5,1,-1,0.2361832764,0.08688697173,0.161535124,0.1180916382,0.838464876,0.455485224,0.01028552088,true,0.1,0.05,true,true,true,0,0,0.06153512405,0.06809163819
3,0.1,3.95,6,0.459,0.705,II,full-pool,2.55,2.55,1,-1,0.2303518905,0.08474172475,0.1575468076,0.1151759452,0.8424531924,0.456789835,0.009984079305,true,0.1,0.05,true,true,true,0,0,0.05754680762,0.06517594525
3,0.1,3.95,6,0.459,0.705,II,full-pool,2.6,2.6,1,-1,0.2246644821,0.08264944411,0.1536569631,0.112332241,0.8463430369,0.458050391,0.009692817032,true,0.1,0.05,true,true,true,0,0,0.05365696308,0.06233224103
3,0.1,3.95,6,0.459,0.705,II,partial-pool,2.635269165,2.635269165,1,-0.9921901703,0.2207373462,0.08152244905,0.1511298976,0.1103686731,0.8488701024,0.458999941,0.009441909057,true,0.1,0.05,true,true,true,0,0,0.05112989762,0.06036867309
3,0.1,3.975,6,0.462,0.705,II,full-minimal,-inf,-0.1522936691,1,-1,0.5499588264,0.2092816906,0.3796202585,0.2749794132,0.4768849821,0.294651714,0.04146431197,true,0.1,0.05,true,true,true,0,0,0.2796202585,0.2249794132
3,0.1,3.975,6,0.462,0.705,II,full-pool,-0.15,-0.15,1,-1,0.5499265784,0.2092441808,0.3795853796,0.2749632892,0.4772337709,0.2947742297,0.04145451783,true,0.1,0.05,true,true,true,0,0,0.2795853796,0.2249632892
3,0.1,3.975,6,0.462,0.705,II,full-pool,-0.1,-0.1,1,-1,0.5492143313,0.2084370991,0.3788257152,0.2746071657,0.4848304147,0.2975008337,0.04122798476,true,0.1,0.05,true,true,true,0,0,0.2788257152,0.2246071657
3,0.1,3.975,6,0.462,0.705,II,full-pool,-0.05,-0.05,1,-1,0.5484840536,0.2076499444,0.378066999,0.2742420268,0.492417577,0.3003321734,0.04097563812,true,0.1,0.05,true,true,true,0,0,0.278066999,0.2242420268
3,0.1,3.975,6,0.462,0.705,II,full-pool,0,0,1,-1,0.5477352889,0.2068822245,0.3773087567,0.2738676444,0.5,0.3032653299,0.04069617827,true,0.1,0.05,true,true,true,0,0,0.2773087567,0.2238676444
3,0.1,3.975,6,0.462,0.705,II,full-pool,0.05,0.05,1,-1,0.546967569,0.2061334598,0.3765505144,0.2734837845,0.507582423,0.3062975727,0.04038833066,true,0.1,0.05,true,true,true,0,0,0.2765505144,0.2234837845
3,0.1,3.975,6,0.462,0.705,II,full-pool,0.1,0.1,1,-1,0.5461804143,0.2054031821,0.3757917982,0.2730902071,0.5151695853,0.3094263374,0.04005084914,true,0.1,0.05,true,true,true,0,0,0.2757917982,0.2230902071
3,0.1,3.975,6,0.462,0.705,II,full-pool,0.15,0.15,1,-1,0.5453733326,0.204690935,0.3750321338,0.2726866663,0.5227662291,0.3126492057,0.03968251936,true,0.1,0.05,true,true,true,0,0,0.2750321338,0.2226866663
3,0.1,3.975,6,0.462,0.705,II,full-pool,0.2,0.2,1,-1,0.5445458196,0.2039962734,0.3742710465,0.2722729098,0.5303771025,0.3159638882,0.03928216225,true,0.1,0.05,true,true,true,0,0,0.2742710465,0.2222729098
3,0.1,3.975,6,0.462,0.705,II,full-pool,0.25,0.25,1,-1,0.5436973579,0.203318763,0.3735080605,0.271848679,0.5380069626,0.3193682083,0.03884863748,true,0.1,0.05,true,true,true,0,0,0.2735080605,0.221848679
3,0.1,3.975,6,0.462,0.705,II,full-pool,0.3,0.3,1,-1,0.5428274174,0.2026579804,0.3727426989,0.2714137087,0.5456605782,0.3228600882,0.03838084684,true,0.1,0.05,true,true,true,0,0,0.2727426989,0.2214137087
3,0.1,3.975,6,0.462,0.705,II,full-pool,0.35,0.35,1,-1,0.5419354542,0.2020135126,0.3719744834,0.2709677271,0.5533427333,0.326437536,0.03787773764,true,0.1,0.05,true,true,true,0,0,0.2719744834,0.2209677271
3,0.1,3.975,6,0.462,0.705,II,full-pool,0.4,0.4,1,-1,0.5410209108,0.2013849568,0.3712029338,0.2705104554,0.5610582292,0.3300986342,0.03733830593,true,0.1,0.05,true,true,true,0,0,0.2712029338,0.2205104554
3,0.1,3.975,6,0.462,0.705,II,full-pool,0.45,0.45,1,-1,0.5400832157,0.20077192,0.3704275679,0.2700416079,0.5688118886,0.3338415294,0.03676159958,true,0.1,0.05,true,true,true,0,0,0.2704275679,0.2200416079
3,0.1,3.975,6,0.462,0.705,II,full-pool,0.5,0.5,1,-1,0.5391217827,0.2001740192,0.369647901,0.2695608914,0.5766085576,0.3376644228,0.0361467213,true,0.1,0.05,true,true,true,0,0,0.269647901,0.2195608914
3,0.1,3.975,6,0.462,0.705,II,full-pool,0.55,0.55,1,-1,0.5381360109,0.1995908806,0.3688634458,0.2690680055,0.5844531094,0.3415655618,0.03549283133,true,0.1,0.05,true,true,true,0,0,0.2688634458,0.2190680055
3,0.1,3.975,6,0.462,0.705,II,full-pool,0.6,0.6,1,-1,0.5371252842,0.1990221398,0.368073712,0.2685626421,0.5923504472,0.3455432324,0.03479915,true,0.1,0.05,true,true,true,0,0,0.268073712,0.2185626421
3,0.1,3.975,6,0.462,0.705,II,full-pool,0.65,0.65,1,-1,0.5360889708,0.1984674412,0.367278206,0.2680444854,0.6003055071,0.349595752,0.03406496011,true,0.1,0.05,true,true,true,0,0,0.267278206,0.2180444854
3,0.1,3.975,6,0.462,0.705,II,full-pool,0.7,0.7,1,-1,0.535026423,0.1979264382,0.3664764306,0.2675132115,0.6083232611,0.3537214633,0.03328960893,true,0.1,0.05,true,true,true,0,0,0.2664764306,0.2175132115
3,0.1,3.975,6,0.462,0.705,II,full-pool,0.75,0.75,1,-1,0.5339369767,0.1973987925,0.3656678846,0.2669684884,0.6164087207,0.3579187286,0.03247251009,true,0.1,0.05,true,true,true,0,0,0.2656678846,0.2169684884
3,0.1,3.975,6,0.462,0.705,II,full-pool,0.8,0.8,1,-1,0.532819951,0.1968841745,0.3648520628,0.2664099755,0.6245669396,0.3621859246,0.03161314512,true,0.1,0.05,true,true,true,0,0,0.2648520628,0.2164099755
3,0.1,3.975,6,0.462,0.705,II,full-pool,0.85,0.85,1,-1,0.5316746475,0.1963822625,0.364028455,0.2658373238,0.6328030168,0.3665214378,0.03071106477,true,0.1,0.05,true,true,true,0,0,0.264028455,0.2158373238
3,0.1,3.975,6,0.462,0.705,II,full-pool,0.9,0.9,1,-1,0.5243852877,0.1933705117,0.3588778997,0.2621926439,0.6411221003,0.3709236603,0.02976589001,true,0.1,0.05,true,true,true,0,0,0.2588778997,0.2121926439
3,0.1,3.975,6,0.462,0.705,II,full-pool,0.95,0.95,1,-1,0.512345044,0.1885961768,0.3504706104,0.256172522,0.6495293896,0.375390986,0.02877731277,true,0.1,0.05,true,true,true,0,0,0.2504706104,0.206172522
3,0.1,3.975,6,0.462,0.705,II,full-pool,1,1,1,-1,0.5,0.1839397206,0.3419698603,0.25,0.6580301397,0.3799218074,0.02774509651,true,0.1,0.05,true,true,true,0,0,0.2419698603,0.2
3,0.1,3.975,6,0.462,0.705,II,full-pool,1.05,1.05,1,-1,0.487654956,0.1793982327,0.3335265944,0.243827478,0.6664734056,0.3843702087,0.02671725523,true,0.1,0.05,true,true,true,0,0,0.2335265944,0.193827478
3,0.1,3.975,6,0.462,0.705,II,full-pool,1.1,1.1,1,-1,0.4756147123,0.1749688746,0.3252917934,0.2378073561,0.6747082066,0.3886015337,0.02573957129,true,0.1,0.05,true,true,true,0,0,0.2252917934,0.1878073561
3,0.1,3.975,6,0.462,0.705,II,full-pool,1.15,1.15,1,-1,0.4638717432,0.1706488777,0.3172603104,0.2319358716,0.6827396896,0.3926300646,0.02480874467,true,0.1,0.05,true,true,true,0,0,0.2172603104,0.1819358716
3,0.1,3.975,6,0.462,0.705,II,full-pool,1.2,1.2,1,-1,0.452418709,0.1664355418,0.3094271254,0.2262093545,0.6905728746,0.3964688675,0.02392175632,true,0.1,0.05,true,true,true,0,0,0.2094271254,0.1762093545
3,0.1,3.975,6,0.462,0.705,II,full-pool,1.25,1.25,1,-1,0.4412484513,0.1623262337,0.3017873425,0.2206242256,0.6982126575,0.4001299194,0.02307583888,true,0.1,0.05,true,true,true,0,0,0.2017873425,0.1706242256
3,0.1,3.975,6,0.462,0.705,II,full-pool,1.3,1.3,1,-1,0.4303539882,0.1583183847,0.2943361865,0.2151769941,0.7056638135,0.4036242194,0.02226845088,true,0.1,0.05,true,true,true,0,0,0.1943361865,0.1651769941
3,0.1,3.975,6,0.462,0.705,II,full-pool,1.35,1.35,1,-1,0.4197285104,0.1544094898,0.2870690001,0.2098642552,0.7129309999,0.4069618867,0.02149725422,true,0.1,0.05,true,true,true,0,0,0.1870690001,0.1598642552
3,0.1,3.975,6,0.462,0.705,II,full-pool,1.4,1.4,1,-1,0.4093653765,0.150597106,0.2799812412,0.2046826883,0.7200187588,0.4101522469,0.02076009412,true,0.1,0.05,true,true,true,0,0,0.1799812412,0.1546826883
3,0.1,3.975,6,0.462,0.705,II,full-pool,1.45,1.45,1,-1,0.3992581094,0.1468788502,0.2730684798,0.1996290547,0.7269315202,0.4132039084,0.02005498155,true,0.1,0.05,true,true,true,0,0,0.1730684798,0.1496290547
3,0.1,3.975,6,0.462,0.705,II,full-pool,1.5,1.5,1,-1,0.3894003915,0.1432523984,0.266326395,0.1947001958,0.733673605,0.4161248301,0.01938007754,true,0.1,0.05,true,true,true,0,0,0.166326395,0.1447001958
3,0.1,3.975,6,0.462,0.705,II,full-pool,1.55,1.55,1,-1,0.3797860616,0.1397154841,0.2597507729,0.1898930308,0.7402492271,0.4189223816,0.01873367927,true,0.1,0.05,true,true,true,0,0,0.1597507729,0.1398930308
3,0.1,3.975,6,0.462,0.705,II,full-pool,1.6,1.6,1,-1,0.3704091103,0.1362658965,0.2533375034,0.1852045552,0.7466624966,0.4216033968,0.0181142077,true,0.1,0.05,true,true,true,0,0,0.1533375034,0.1352045552
3,0.1,3.975,6,0.462,0.705,II,full-pool,1.65,1.65,1,-1,0.3612636768,0.1329014795,0.2470825782,0.1806318384,0.7529174218,0.4241742219,0.0175201965,true,0.1,0.05,true,true,true,0,0,0.1470825782,0.1306318384
3,0.1,3.975,6,0.462,0.705,II,full-pool,1.7,1.7,1,-1,0.3523440449,0.1296201303,0.2409820876,0.1761720224,0.7590179124,0.4266407581,0.01695028216,true,0.1,0.05,true,true,true,0,0,0.1409820876,0.1261720224
3,0.1,3.975,6,0.462,0.705,II,full-pool,1.75,1.75,1,-1,0.3436446394,0.1264197979,0.2350322186,0.1718223197,0.7649677814,0.4290084998,0.01640319512,true,0.1,0.05,true,true,true,0,0,0.1350322186,0.1218223197
3,0.1,3.975,6,0.462,0.705,II,full-pool,1.8,1.8,1,-1,0.335160023,0.123298482,0.2292292525,0.1675800115,0.7707707475,0.4312825695,0.01587775182,true,0.1,0.05,true,true,true,0,0,0.1292292525,0.1175800115
3,0.1,3.975,6,0.462,0.705,II,full-pool,1.85,1.85,1,-1,0.3268848926,0.1202542316,0.2235695621,0.1634424463,0.7764304379,0.4334677484,0.01537284749,true,0.1,0.05,true,true,true,0,0,0.1235695621,0.1134424463
3,0.1,3.975,6,0.462,0.705,II,full-pool,1.9,1.9,1,-1,0.3188140758,0.117285144,0.2180496099,0.1594070379,0.7819503901,0.4355685046,0.01488744974,true,0.1,0.05,true,true,true,0,0,0.1180496099,0.1094070379
3,0.1,3.975,6,0.462,0.705,II,full-pool,1.95,1.95,1,-1,0.3109425282,0.1143893635,0.2126659459,0.1554712641,0.7873340541,0.4375890184,0.0144205927,true,0.1,0.05,true,true,true,0,0,0.1126659459,0.1054712641
3,0.1,3.975,6,0.462,0.705,II,full-pool,2,2,1,-1,0.3032653299,0.1115650801,0.207415205,0.1516326649,0.792584795,0.4395332048,0.01397137174,true,0.1,0.05,true,true,true,0,0,0.107415205,0.1016326649
3,0.1,3.975,6,0.462,0.705,II,full-pool,2.05,2.05,1,-1,0.2957776822,0.1088105284,0.2022941053,0.1478888411,0.7977058947,0.4414047348,0.01353893869,true,0.1,0.05,true,true,true,0,0,0.1022941053,0.09788884109
3,0.1,3.975,6,0.462,0.705,II,full-pool,2.1,2.1,1,-1,0.2884749052,0.1061239869,0.1972994461,0.1442374526,0.8027005539,0.4432070536,0.01312249748,true,0.1,0.05,true,true,true,0,0,0.09729944605,0.0942374526
3,0.1,3.975,6,0.462,0.705,II,full-pool,2.15,2.15,1,-1,0.2813524344,0.1035037763,0.1924281054,0.1406762172,0.8075718946,0.4449433978,0.01272130024,true,0.1,0.05,true,true,true,0,0,0.09242810537,0.0906762172
3,0.1,3.975,6,0.462,0.705,II,full-pool,2.2,2.2,1,-1,0.274405818,0.100948259,0.1876770385,0.137202909,0.8123229615,0.4466168115,0.01233464365,true,0.1,0.05,true,true,true,0,0,0.08767703852,0.08720290902
3,0.1,3.975,6,0.462,0.705,II,full-pool,2.25,2.25,1,-1,0.2676307143,0.0984558376,0.1830432759,0.1338153571,0.8169567241,0.4482301597,0.01196186572,true,0.1,0.05,true,true,true,0,0,0.08304327593,0.08381535713
3,0.1,3.975,6,0.462,0.705,II,full-pool,2.3,2.3,1,-1,0.2610228884,0.09602495431,0.1785239213,0.1305114442,0.8214760787,0.4497861416,0.01160234276,true,0.1,0.05,true,true,true,0,0,0.07852392135,0.08051144419
3,0.1,3.975,6,0.462,0.705,II,full-pool,2.35,2.35,1,-1,0.2545782103,0.09365408974,0.17411615,0.1272891052,0.82588385,0.4512873025,0.01125548664,true,0.1,0.05,true,true,true,0,0,0.07411615002,0.07728910515
3,0.1,3.975,6,0.462,0.705,II,full-pool,2.4,2.4,1,-1,0.2482926519,0.09134176203,0.169817207,0.1241463259,0.830182793,0.4527360446,0.01092074234,true,0.1,0.05,true,true,true,0,0,0.06981720696,0.07414632595
3,0.1,3.975,6,0.462,0.705,II,full-pool,2.45,2.45,1,-1,0.2421622845,0.08908652589,0.1656244052,0.1210811422,0.8343755948,0.4541346369,0.01059758561,true,0.1,0.05,true,true,true,0,0,0.06562440518,0.07108114224
3,0.1,3.975,6,0.462,0.705,II,full-pool,2.5,2.5,1,-1,0.2361832764,0.08688697173,0.161535124,0.1180916382,0.838464876,0.455485224,0.01028552088,true,0.1,0.05,true,true,true,0,0,0.06153512405,0.06809163819
3,0.1,3.975,6,0.462,0.705,II,full-pool,2.55,2.55,1,-1,0.2303518905,0.08474172475,0.1575468076,0.1151759452,0.8424531924,0.456789835,0.009984079305,true,0.1,0.05,true,true,true,0,0,0.05754680762,0.06517594525
3,0.1,3.975,6,0.462,0.705,II,full-pool,2.6,2.6,1,-1,0.2246644821,0.08264944411,0.1536569631,0.112332241,0.8463430369,0.458050391,0.009692817032,true,0.1,0.05,true,true,true,0,0,0.05365696308,0.06233224103
3,0.1,3.975,6,0.462,0.705,II,partial-pool,2.65,2.65,1,-0.9867528152,0.2191174962,0.08114451419,0.1501310052,0.1095587481,0.8498689948,0.4594134558,0.009324933455,true,0.1,0.05,true,true,true,0,0,0.05013100521,0.05955874812
3,0.1,3.975,6,0.462,0.705,II,partial-pool,2.7,2.7,1,-0.9681291962,0.213707466,0.0798814372,0.1467944516,0.106853733,0.8532055484,0.4607872836,0.008937126124,true,0.1,0.05,true,true,true,0,0,0.04679445159,0.05685373299
3,0.1,3.975,6,0.462,0.705,II,partial-pool,2.745547485,2.745547485,1,-0.9509370422,0.2088955478,0.07875689541,0.1438262216,0.1044477739,0.8561737784,0.4619999305,0.008595925316,true,0.1,0.05,true,true,true,0,0,0.0438262216,0.0544477739
3,0.1,4,6,0.465,0.705,II,full-minimal,-inf,-0.1402293413,1,-1,0.5497887922,0.2090848762,0.3794368342,0.2748943961,0.478719225,0.2952986656,0.04141221737,true,0.1,0.05,true,true,true,0,0,0.2794368342,0.2248943961
3,0.1,4,6,0.465,0.705,II,full-pool,-0.1,-0.1,1,-1,0.5492143313,0.2084370991,0.3788257152,0.2746071657,0.4848304147,0.2975008337,0.04122798476,true,0.1,0.05,true,true,true,0,0,0.2788257152,0.2246071657
3,0.1,4,6,0.465,0.705,II,full-pool,-0.05,-0.05,1,-1,0.5484840536,0.2076499444,0.378066999,0.2742420268,0.492417577,0.3003321734,0.04097563812,true,0.1,0.05,true,true,true,0,0,0.278066999,0.2242420268
3,0.1,4,6,0.465,0.705,II,full-pool,0,0,1,-1,0.5477352889,0.2068822245,0.3773087567,0.2738676444,0.5,0.3032653299,0.04069617827,true,0.1,0.05,true,true,true,0,0,0.2773087567,0.2238676444
3,0.1,4,6,0.465,0.705,II,full-pool,0.05,0.05,1,-1,0.546967569,0.2061334598,0.3765505144,0.2734837845,0.507582423,0.3062975727,0.04038833066,true,0.1,0.05,true,true,true,0,0,0.2765505144,0.2234837845
3,0.1,4,6,0.465,0.705,II,full-pool,0.1,0.1,1,-1,0.5461804143,0.2054031821,0.3757917982,0.2730902071,0.5151695853,0.3094263374,0.04005084914,true,0.1,0.05,true,true,true,0,0,0.2757917982,0.2230902071
3,0.1,4,6,0.465,0.705,II,full-pool,0.15,0.15,1,-1,0.5453733326,0.204690935,0.3750321338,0.2726866663,0.5227662291,0.3126492057,0.03968251936,true,0.1,0.05,true,true,true,0,0,0.2750321338,0.2226866663
3,0.1,4,6,0.465,0.705,II,full-pool,0.2,0.2,1,-1,0.5445458196,0.2039962734,0.3742710465,0.2722729098,0.5303771025,0.3159638882,0.03928216225,true,0.1,0.05,true,true,true,0,0,0.2742710465,0.2222729098
3,0.1,4,6,0.465,0.705,II,full-pool,0.25,0.25,1,-1,0.5436973579,0.203318763,0.3735080605,0.271848679,0.5380069626,0.3193682083,0.03884863748,true,0.1,0.05,true,true,true,0,0,0.2735080605,0.221848679
3,0.1,4,6,0.465,0.705,II,full-pool,0.3,0.3,1,-1,0.5428274174,0.2026579804,0.3727426989,0.2714137087,0.5456605782,0.3228600882,0.03838084684,true,0.1,0.05,true,true,true,0,0,0.2727426989,0.2214137087
3,0.1,4,6,0.465,0.705,II,full-pool,0.35,0.35,1,-1,0.5419354542,0.2020135126,0.3719744834,0.2709677271,0.5533427333,0.326437536,0.03787773764,true,0.1,0.05,true,true,true,0,0,0.2719744834,0.2209677271
3,0.1,4,6,0.465,0.705,II,full-pool,0.4,0.4,1,-1,0.5410209108,0.2013849568,0.3712029338,0.2705104554,0.5610582292,0.3300986342,0.03733830593,true,0.1,0.05,true,true,true,0,0,0.2712029338,0.2205104554
3,0.1,4,6,0.465,0.705,II,full-pool,0.45,0.45,1,-1,0.5400832157,0.20077192,0.3704275679,0.2700416079,0.5688118886,0.3338415294,0.03676159958,true,0.1,0.05,true,true,true,0,0,0.2704275679,0.2200416079
3,0.1,4,6,0.465,0.705,II,full-pool,0.5,0.5,1,-1,0.5391217827,0.2001740192,0.369647901,0.2695608914,0.5766085576,0.3376644228,0.0361467213,true,0.1,0.05,true,true,true,0,0,0.269647901,0.2195608914
3,0.1,4,6,0.465,0.705,II,full-pool,0.55,0.55,1,-1,0.5381360109,0.1995908806,0.3688634458,0.2690680055,0.5844531094,0.3415655618,0.03549283133,true,0.1,0.05,true,true,true,0,0,0.2688634458,0.2190680055
3,0.1,4,6,0.465,0.705,II,full-pool,0.6,0.6,1,-1,0.5371252842,0.1990221398,0.368073712,0.2685626421,0.5923504472,0.3455432324,0.03479915,true,0.1,0.05,true,true,true,0,0,0.268073712,0.2185626421
3,0.1,4,6,0.465,0.705,II,full-pool,0.65,0.65,1,-1,0.5360889708,0.1984674412,0.367278206,0.2680444854,0.6003055071,0.349595752,0.03406496011,true,0.1,0.05,true,true,true,0,0,0.267278206,0.2180444854
3,0.1,4,6,0.465,0.705,II,full-pool,0.7,0.7,1,-1,0.535026423,0.1979264382,0.3664764306,0.2675132115,0.6083232611,0.3537214633,0.03328960893,true,0.1,0.05,true,true,true,0,0,0.2664764306,0.2175132115
3,0.1,4,6,0.465,0.705,II,full-pool,0.75,0.75,1,-1,0.5339369767,0.1973987925,0.3656678846,0.2669684884,0.6164087207,0.3579187286,0.03247251009,true,0.1,0.05,true,true,true,0,0,0.2656678846,0.2169684884
3,0.1,4,6,0.465,0.705,II,full-pool,0.8,0.8,1,-1,0.532819951,0.1968841745,0.3648520628,0.2664099755,0.6245669396,0.3621859246,0.03161314512,true,0.1,0.05,true,true,true,0,0,0.2648520628,0.2164099755
3,0.1,4,6,0.465,0.705,II,full-pool,0.85,0.85,1,-1,0.5316746475,0.1963822625,0.364028455,0.2658373238,0.6328030168,0.3665214378,0.03071106477,true,0.1,0.05,true,true,true,0,0,0.264028455,0.2158373238
3,0.1,4,6,0.465,0.705,II,full-pool,0.9,0.9,1,-1,0.5243852877,0.1933705117,0.3588778997,0.2621926439,0.6411221003,0.3709236603,0.02976589001,true,0.1,0.05,true,true,true,0,0,0.2588778997,0.2121926439
3,0.1,4,6,0.465,0.705,II,full-pool,0.95,0.95,1,-1,0.512345044,0.1885961768,0.3504706104,0.256172522,0.6495293896,0.375390986,0.02877731277,true,0.1,0.05,true,true,true,0,0,0.2504706104,0.206172522
3,0.1,4,6,0.465,0.705,II,full-pool,1,1,1,-1,0.5,0.1839397206,0.3419698603,0.25,0.6580301397,0.3799218074,0.02774509651,true,0.1,0.05,true,true,true,0,0,0.2419698603,0.2
3,0.1,4,6,0.465,0.705,II,full-pool,1.05,1.05,1,-1,0.487654956,0.1793982327,0.3335265944,0.243827478,0.6664734056,0.3843702087,0.02671725523,true,0.1,0.05,true,true,true,0,0,0.2335265944,0.193827478
3,0.1,4,6,0.465,0.705,II,full-pool,1.1,1.1,1,-1,0.4756147123,0.1749688746,0.3252917934,0.2378073561,0.6747082066,0.3886015337,0.02573957129,true,0.1,0.05,true,true,true,0,0,0.2252917934,0.1878073561
3,0.1,4,6,0.465,0.705,II,full-pool,1.15,1.15,1,-1,0.4638717432,0.1706488777,0.3172603104,0.2319358716,0.6827396896,0.3926300646,0.02480874467,true,0.1,0.05,true,true,true,0,0,0.2172603104,0.1819358716
3,0.1,4,6,0.465,0.705,II,full-pool,1.2,1.2,1,-1,0.452418709,0.1664355418,0.3094271254,0.2262093545,0.6905728746,0.3964688675,0.02392175632,true,0.1,0.05,true,true,true,0,0,0.2094271254,0.1762093545
3,0.1,4,6,0.465,0.705,II,full-pool,1.25,1.25,1,-1,0.4412484513,0.1623262337,0.3017873425,0.2206242256,0.6982126575,0.4001299194,0.02307583888,true,0.1,0.05,true,true,true,0,0,0.2017873425,0.1706242256
3,0.1,4,6,0.465,0.705,II,full-pool,1.3,1.3,1,-1,0.4303539882,0.1583183847,0.2943361865,0.2151769941,0.7056638135,0.4036242194,0.02226845088,true,0.1,0.05,true,true,true,0,0,0.1943361865,0.1651769941
3,0.1,4,6,0.465,0.705,II,full-pool,1.35,1.35,1,-1,0.4197285104,0.1544094898,0.2870690001,0.2098642552,0.7129309999,0.4069618867,0.02149725422,true,0.1,0.05,true,true,true,0,0,0.1870690001,0.1598642552
3,0.1,4,6,0.465,0.705,II,full-pool,1.4,1.4,1,-1,0.4093653765,0.150597106,0.2799812412,0.2046826883,0.7200187588,0.4101522469,0.02076009412,true,0.1,0.05,true,true,true,0,0,0.1799812412,0.1546826883
3,0.1,4,6,0.465,0.705,II,full-pool,1.45,1.45,1,-1,0.3992581094,0.1468788502,0.2730684798,0.1996290547,0.7269315202,0.4132039084,0.02005498155,true,0.1,0.05,true,true,true,0,0,0.1730684798,0.1496290547
3,0.1,4,6,0.465,0.705,II,full-pool,1.5,1.5,1,-1,0.3894003915,0.1432523984,0.266326395,0.1947001958,0.733673605,0.4161248301,0.01938007754,true,0.1,0.05,true,true,true,0,0,0.166326395,0.1447001958
3,0.1,4,6,0.465,0.705,II,full-pool,1.55,1.55,1,-1,0.3797860616,0.1397154841,0.2597507729,0.1898930308,0.7402492271,0.4189223816,0.01873367927,true,0.1,0.05,true,true,true,0,0,0.1597507729,0.1398930308
3,0.1,4,6,0.465,0.705,II,full-pool,1.6,1.6,1,-1,0.3704091103,0.1362658965,0.2533375034,0.1852045552,0.7466624966,0.4216033968,0.0181142077,true,0.1,0.05,true,true,true,0,0,0.1533375034,0.1352045552
3,0.1,4,6,0.465,0.705,II,full-pool,1.65,1.65,1,-1,0.3612636768,0.1329014795,0.2470825782,0.1806318384,0.7529174218,0.4241742219,0.0175201965,true,0.1,0.05,true,true,true,0,0,0.1470825782,0.1306318384
3,0.1,4,6,0.465,0.705,II,full-pool,1.7,1.7,1,-1,0.3523440449,0.1296201303,0.2409820876,0.1761720224,0.7590179124,0.4266407581,0.01695028216,true,0.1,0.05,true,true,true,0,0,0.1409820876,0.1261720224
3,0.1,4,6,0.465,0.705,II,full-pool,1.75,1.75,1,-1,0.3436446394,0.1264197979,0.2350322186,0.1718223197,0.7649677814,0.4290084998,0.01640319512,true,0.1,0.05,true,true,true,0,0,0.1350322186,0.1218223197
3,0.1,4,6,0.465,0.705,II,full-pool,1.8,1.8,1,-1,0.335160023,0.123298482,0.2292292525,0.1675800115,0.7707707475,0.4312825695,0.01587775182,true,0.1,0.05,true,true,true,0,0,0.1292292525,0.1175800115
3,0.1,4,6,0.465,0.705,II,full-pool,1.85,1.85,1,-1,0.3268848926,0.1202542316,0.2235695621,0.1634424463,0.7764304379,0.4334677484,0.01537284749,true,0.1,0.05,true,true,true,0,0,0.1235695621,0.1134424463
3,0.1,4,6,0.465,0.705,II,full-pool,1.9,1.9,1,-1,0.3188140758,0.117285144,0.2180496099,0.1594070379,0.7819503901,0.4355685046,0.01488744974,true,0.1,0.05,true,true,true,0,0,0.1180496099,0.1094070379
3,0.1,4,6,0.465,0.705,II,full-pool,1.95,1.95,1,-1,0.3109425282,0.1143893635,0.2126659459,0.1554712641,0.7873340541,0.4375890184,0.0144205927,true,0.1,0.05,true,true,true,0,0,0.1126659459,0.1054712641
3,0.1,4,6,0.465,0.705,II,full-pool,2,2,1,-1,0.3032653299,0.1115650801,0.207415205,0.1516326649,0.792584795,0.4395332048,0.01397137174,true,0.1,0.05,true,true,true,0,0,0.107415205,0.1016326649
3,0.1,4,6,0.465,0.705,II,full-pool,2.05,2.05,1,-1,0.2957776822,0.1088105284,0.2022941053,0.1478888411,0.7977058947,0.4414047348,0.01353893869,true,0.1,0.05,true,true,true,0,0,0.1022941053,0.09788884109
3,0.1,4,6,0.465,0.705,II,full-pool,2.1,2.1,1,-1,0.2884749052,0.1061239869,0.1972994461,0.1442374526,0.8027005539,0.4432070536,0.01312249748,true,0.1,0.05,true,true,true,0,0,0.09729944605,0.0942374526
3,0.1,4,6,0.465,0.705,II,full-pool,2.15,2.15,1,-1,0.2813524344,0.1035037763,0.1924281054,0.1406762172,0.8075718946,0.4449433978,0.01272130024,true,0.1,0.05,true,true,true,0,0,0.09242810537,0.0906762172
3,0.1,4,6,0.465,0.705,II,full-pool,2.2,2.2,1,-1,0.274405818,0.100948259,0.1876770385,0.137202909,0.8123229615,0.4466168115,0.01233464365,true,0.1,0.05,true,true,true,0,0,0.08767703852,0.08720290902
3,0.1,4,6,0.465,0.705,II,full-pool,2.25,2.25,1,-1,0.2676307143,0.0984558376,0.1830432759,0.1338153571,0.8169567241,0.4482301597,0.01196186572,true,0.1,0.05,true,true,true,0,0,0.08304327593,0.08381535713
3,0.1,4,6,0.465,0.705,II,full-pool,2.3,2.3,1,-1,0.2610228884,0.09602495431,0.1785239213,0.1305114442,0.8214760787,0.4497861416,0.01160234276,true,0.1,0.05,true,true,true,0,0,0.07852392135,0.08051144419
3,0.1,4,6,0.465,0.705,II,full-pool,2.35,2.35,1,-1,0.2545782103,0.09365408974,0.17411615,0.1272891052,0.82588385,0.4512873025,0.01125548664,true,0.1,0.05,true,true,true,0,0,0.07411615002,0.07728910515
3,0.1,4,6,0.465,0.705,II,full-pool,2.4,2.4,1,-1,0.2482926519,0.09134176203,0.169817207,0.1241463259,0.830182793,0.4527360446,0.01092074234,true,0.1,0.05,true,true,true,0,0,0.06981720696,0.07414632595
3,0.1,4,6,0.465,0.705,II,full-pool,2.45,2.45,1,-1,0.2421622845,0.08908652589,0.1656244052,0.1210811422,0.8343755948,0.4541346369,0.01059758561,true,0.1,0.05,true,true,true,0,0,0.06562440518,0.07108114224
3,0.1,4,6,0.465,0.705,II,full-pool,2.5,2.5,1,-1,0.2361832764,0.08688697173,0.161535124,0.1180916382,0.838464876,0.455485224,0.01028552088,true,0.1,0.05,true,true,true,0,0,0.06153512405,0.06809163819
3,0.1,4,6,0.465,0.705,II,full-pool,2.55,2.55,1,-1,0.2303518905,0.08474172475,0.1575468076,0.1151759452,0.8424531924,0.456789835,0.009984079305,true,0.1,0.05,true,true,true,0,0,0.05754680762,0.06517594525
3,0.1,4,6,0.465,0.705,II,full-pool,2.6,2.6,1,-1,0.2246644821,0.08264944411,0.1536569631,0.112332241,0.8463430369,0.458050391,0.009692817032,true,0.1,0.05,true,true,true,0,0,0.05365696308,0.06233224103
3,0.1,4,6,0.465,0.705,II,partial-pool,2.65,2.65,1,-0.9867528152,0.2191174962,0.08114451419,0.1501310052,0.1095587481,0.8498689948,0.4594134558,0.009324933455,true,0.1,0.05,true,true,true,0,0,0.05013100521,0.05955874812
3,0.1,4,6,0.465,0.705,II,partial-pool,2.7,2.7,1,-0.9681291962,0.213707466,0.0798814372,0.1467944516,0.106853733,0.8532055484,0.4607872836,0.008937126124,true,0.1,0.05,true,true,true,0,0,0.04679445159,0.05685373299
3,0.1,4,6,0.465,0.705,II,partial-pool,2.75,2.75,1,-0.9492447662,0.2084310098,0.07864827647,0.1435396432,0.1042155049,0.8564603568,0.462116538,0.008563173096,true,0.1,0.05,true,true,true,0,0,0.04353964315,0.05421550492
3,0.1,4,6,0.465,0.705,II,partial-pool,2.8,2.8,1,-0.9300975418,0.2032848299,0.07744432782,0.1403645788,0.1016424149,0.8596354212,0.4634029442,0.008202553519,true,0.1,0.05,true,true,true,0,0,0.04036457885,0.05164241494
3,0.1,4,6,0.465,0.705,II,partial-pool,2.85,2.85,1,-0.9106856155,0.1982657095,0.07626890282,0.1372673062,0.09913285477,0.8627326938,0.4646481443,0.007854771875,true,0.1,0.05,true,true,true,0,0,0.03726730618,0.04913285477
3,0.1,4,6,0.465,0.705,II,partial-pool,2.864425659,2.864425659,1,-0.9050355148,0.1968407978,0.07593498483,0.1363878913,0.09842039888,0.8636121087,0.4649999659,0.00775675086,true,0.1,0.05,true,true,true,0,0,0.0363878913,0.04842039888
3,0.1,4.025,6,0.468,0.705,II,full-minimal,-inf,-0.1281751934,1,-1,0.549617874,0.2088894101,0.379253642,0.274808937,0.4805511468,0.2959513055,0.04135872743,true,0.1,0.05,true,true,true,0,0,0.279253642,0.224808937
3,0.1,4.025,6,0.468,0.705,II,full-pool,-0.1,-0.1,1,-1,0.5492143313,0.2084370991,0.3788257152,0.2746071657,0.4848304147,0.2975008337,0.04122798476,true,0.1,0.05,true,true,true,0,0,0.2788257152,0.2246071657
3,0.1,4.025,6,0.468,0.705,II,full-pool,-0.05,-0.05,1,-1,0.5484840536,0.2076499444,0.378066999,0.2742420268,0.492417577,0.3003321734,0.04097563812,true,0.1,0.05,true,true,true,0,0,0.278066999,0.2242420268
3,0.1,4.025,6,0.468,0.705,II,full-pool,0,0,1,-1,0.5477352889,0.2068822245,0.3773087567,0.2738676444,0.5,0.3032653299,0.04069617827,true,0.1,0.05,true,true,true,0,0,0.2773087567,0.2238676444
3,0.1,4.025,6,0.468,0.705,II,full-pool,0.05,0.05,1,-1,0.546967569,0.2061334598,0.3765505144,0.2734837845,0.507582423,0.3062975727,0.04038833066,true,0.1,0.05,true,true,true,0,0,0.2765505144,0.2234837845
3,0.1,4.025,6,0.468,0.705,II,full-pool,0.1,0.1,1,-1,0.5461804143,0.2054031821,0.3757917982,0.2730902071,0.5151695853,0.3094263374,0.04005084914,true,0.1,0.05,true,true,true,0,0,0.2757917982,0.2230902071
3,0.1,4.025,6,0.468,0.705,II,full-pool,0.15,0.15,1,-1,0.5453733326,0.204690935,0.3750321338,0.2726866663,0.5227662291,0.3126492057,0.03968251936,true,0.1,0.05,true,true,true,0,0,0.2750321338,0.2226866663
3,0.1,4.025,6,0.468,0.705,II,full-pool,0.2,0.2,1,-1,0.5445458196,0.2039962734,0.3742710465,0.2722729098,0.5303771025,0.3159638882,0.03928216225,true,0.1,0.05,true,true,true,0,0,0.2742710465,0.2222729098
3,0.1,4.025,6,0.468,0.705,II,full-pool,0.25,0.25,1,-1,0.5436973579,0.203318763,0.3735080605,0.271848679,0.5380069626,0.3193682083,0.03884863748,true,0.1,0.05,true,true,true,0,0,0.2735080605,0.221848679
3,0.1,4.025,6,0.468,0.705,II,full-pool,0.3,0.3,1,-1,0.5428274174,0.2026579804,0.3727426989,0.2714137087,0.5456605782,0.3228600882,0.03838084684,true,0.1,0.05,true,true,true,0,0,0.2727426989,0.2214137087
3,0.1,4.025,6,0.468,0.705,II,full-pool,0.35,0.35,1,-1,0.5419354542,0.2020135126,0.3719744834,0.2709677271,0.5533427333,0.326437536,0.03787773764,true,0.1,0.05,true,true,true,0,0,0.2719744834,0.2209677271
3,0.1,4.025,6,0.468,0.705,II,full-pool,0.4,0.4,1,-1,0.5410209108,0.2013849568,0.3712029338,0.2705104554,0.5610582292,0.3300986342,0.03733830593,true,0.1,0.05,true,true,true,0,0,0.2712029338,0.2205104554
3,0.1,4.025,6,0.468,0.705,II,full-pool,0.45,0.45,1,-1,0.5400832157,0.20077192,0.3704275679,0.2700416079,0.5688118886,0.3338415294,0.03676159958,true,0.1,0.05,true,true,true,0,0,0.2704275679,0.2200416079
3,0.1,4.025,6,0.468,0.705,II,full-pool,0.5,0.5,1,-1,0.5391217827,0.2001740192,0.369647901,0.2695608914,0.5766085576,0.3376644228,0.0361467213,true,0.1,0.05,true,true,true,0,0,0.269647901,0.2195608914
3,0.1,4.025,6,0.468,0.705,II,full-pool,0.55,0.55,1,-1,0.5381360109,0.1995908806,0.3688634458,0.2690680055,0.5844531094,0.3415655618,0.03549283133,true,0.1,0.05,true,true,true,0,0,0.2688634458,0.2190680055
3,0.1,4.025,6,0.468,0.705,II,full-pool,0.6,0.6,1,-1,0.5371252842,0.1990221398,0.368073712,0.2685626421,0.5923504472,0.3455432324,0.03479915,true,0.1,0.05,true,true,true,0,0,0.268073712,0.2185626421
3,0.1,4.025,6,0.468,0.705,II,full-pool,0.65,0.65,1,-1,0.5360889708,0.1984674412,0.367278206,0.2680444854,0.6003055071,0.349595752,0.03406496011,true,0.1,0.05,true,true,true,0,0,0.267278206,0.2180444854
3,0.1,4.025,6,0.468,0.705,II,full-pool,0.7,0.7,1,-1,0.535026423,0.1979264382,0.3664764306,0.2675132115,0.6083232611,0.3537214633,0.03328960893,true,0.1,0.05,true,true,true,0,0,0.2664764306,0.2175132115
3,0.1,4.025,6,0.468,0.705,II,full-pool,0.75,0.75,1,-1,0.5339369767,0.1973987925,0.3656678846,0.2669684884,0.6164087207,0.3579187286,0.03247251009,true,0.1,0.05,true,true,true,0,0,0.2656678846,0.2169684884
3,0.1,4.025,6,0.468,0.705,II,full-pool,0.8,0.8,1,-1,0.532819951,0.1968841745,0.3648520628,0.2664099755,0.6245669396,0.3621859246,0.03161314512,true,0.1,0.05,true,true,true,0,0,0.2648520628,0.2164099755
3,0.1,4.025,6,0.468,0.705,II,full-pool,0.85,0.85,1,-1,0.5316746475,0.1963822625,0.364028455,0.2658373238,0.6328030168,0.3665214378,0.03071106477,true,0.1,0.05,true,true,true,0,0,0.264028455,0.2158373238
3,0.1,4.025,6,0.468,0.705,II,full-pool,0.9,0.9,1,-1,0.5243852877,0.1933705117,0.3588778997,0.2621926439,0.6411221003,0.3709236603,0.02976589001,true,0.1,0.05,true,true,true,0,0,0.2588778997,0.2121926439
3,0.1,4.025,6,0.468,0.705,II,full-pool,0.95,0.95,1,-1,0.512345044,0.1885961768,0.3504706104,0.256172522,0.6495293896,0.375390986,0.02877731277,true,0.1,0.05,true,true,true,0,0,0.2504706104,0.206172522
3,0.1,4.025,6,0.468,0.705,II,full-pool,1,1,1,-1,0.5,0.1839397206,0.3419698603,0.25,0.6580301397,0.3799218074,0.02774509651,true,0.1,0.05,true,true,true,0,0,0.2419698603,0.2
3,0.1,4.025,6,0.468,0.705,II,full-pool,1.05,1.05,1,-1,0.487654956,0.1793982327,0.3335265944,0.243827478,0.6664734056,0.3843702087,0.02671725523,true,0.1,0.05,true,true,true,0,0,0.2335265944,0.193827478
3,0.1,4.025,6,0.468,0.705,II,full-pool,1.1,1.1,1,-1,0.4756147123,0.1749688746,0.3252917934,0.2378073561,0.6747082066,0.3886015337,0.02573957129,true,0.1,0.05,true,true,true,0,0,0.2252917934,0.1878073561
3,0.1,4.025,6,0.468,0.705,II,full-pool,1.15,1.15,1,-1,0.4638717432,0.1706488777,0.3172603104,0.2319358716,0.6827396896,0.3926300646,0.02480874467,true,0.1,0.05,true,true,true,0,0,0.2172603104,0.1819358716
3,0.1,4.025,6,0.468,0.705,II,full-pool,1.2,1.2,1,-1,0.452418709,0.1664355418,0.3094271254,0.2262093545,0.6905728746,0.3964688675,0.02392175632,true,0.1,0.05,true,true,true,0,0,0.2094271254,0.1762093545
3,0.1,4.025,6,0.468,0.705,II,full-pool,1.25,1.25,1,-1,0.4412484513,0.1623262337,0.3017873425,0.2206242256,0.6982126575,0.4001299194,0.02307583888,true,0.1,0.05,true,true,true,0,0,0.2017873425,0.1706242256
3,0.1,4.025,6,0.468,0.705,II,full-pool,1.3,1.3,1,-1,0.4303539882,0.1583183847,0.2943361865,0.2151769941,0.7056638135,0.4036242194,0.02226845088,true,0.1,0.05,true,true,true,0,0,0.1943361865,0.1651769941
3,0.1,4.025,6,0.468,0.705,II,full-pool,1.35,1.35,1,-1,0.4197285104,0.1544094898,0.2870690001,0.2098642552,0.7129309999,0.4069618867,0.02149725422,true,0.1,0.05,true,true,true,0,0,0.1870690001,0.1598642552
3,0.1,4.025,6,0.468,0.705,II,full-pool,1.4,1.4,1,-1,0.4093653765,0.150597106,0.2799812412,0.2046826883,0.7200187588,0.4101522469,0.02076009412,true,0.1,0.05,true,true,true,0,0,0.1799812412,0.1546826883
3,0.1,4.025,6,0.468,0.705,II,full-pool,1.45,1.45,1,-1,0.3992581094,0.1468788502,0.2730684798,0.1996290547,0.7269315202,0.4132039084,0.02005498155,true,0.1,0.05,true,true,true,0,0,0.1730684798,0.1496290547
3,0.1,4.025,6,0.468,0.705,II,full-pool,1.5,1.5,1,-1,0.3894003915,0.1432523984,0.266326395,0.1947001958,0.733673605,0.4161248301,0.01938007754,true,0.1,0.05,true,true,true,0,0,0.166326395,0.1447001958
3,0.1,4.025,6,0.468,0.705,II,full-pool,1.55,1.55,1,-1,0.3797860616,0.1397154841,0.2597507729,0.1898930308,0.7402492271,0.4189223816,0.01873367927,true,0.1,0.05,true,true,true,0,0,0.1597507729,0.1398930308
3,0.1,4.025,6,0.468,0.705,II,full-pool,1.6,1.6,1,-1,0.3704091103,0.1362658965,0.2533375034,0.1852045552,0.7466624966,0.4216033968,0.0181142077,true,0.1,0.05,true,true,true,0,0,0.1533375034,0.1352045552
3,0.1,4.025,6,0.468,0.705,II,full-pool,1.65,1.65,1,-1,0.3612636768,0.1329014795,0.2470825782,0.1806318384,0.7529174218,0.4241742219,0.0175201965,true,0.1,0.05,true,true,true,0,0,0.1470825782,0.1306318384
3,0.1,4.025,6,0.468,0.705,II,full-pool,1.7,1.7,1,-1,0.3523440449,0.1296201303,0.2409820876,0.1761720224,0.7590179124,0.4266407581,0.01695028216,true,0.1,0.05,true,true,true,0,0,0.1409820876,0.1261720224
3,0.1,4.025,6,0.468,0.705,II,full-pool,1.75,1.75,1,-1,0.3436446394,0.1264197979,0.2350322186,0.1718223197,0.7649677814,0.4290084998,0.01640319512,true,0.1,0.05,true,true,true,0,0,0.1350322186,0.1218223197
3,0.1,4.025,6,0.468,0.705,II,full-pool,1.8,1.8,1,-1,0.335160023,0.123298482,0.2292292525,0.1675800115,0.7707707475,0.4312825695,0.01587775182,true,0.1,0.05,true,true,true,0,0,0.1292292525,0.1175800115
3,0.1,4.025,6,0.468,0.705,II,full-pool,1.85,1.85,1,-1,0.3268848926,0.1202542316,0.2235695621,0.1634424463,0.7764304379,0.4334677484,0.01537284749,true,0.1,0.05,true,true,true,0,0,0.1235695621,0.1134424463
3,0.1,4.025,6,0.468,0.705,II,full-pool,1.9,1.9,1,-1,0.3188140758,0.117285144,0.2180496099,0.1594070379,0.7819503901,0.4355685046,0.01488744974,true,0.1,0.05,true,true,true,0,0,0.1180496099,0.1094070379
3,0.1,4.025,6,0.468,0.705,II,full-pool,1.95,1.95,1,-1,0.3109425282,0.1143893635,0.2126659459,0.1554712641,0.7873340541,0.4375890184,0.0144205927,true,0.1,0.05,true,true,true,0,0,0.1126659459,0.1054712641
3,0.1,4.025,6,0.468,0.705,II,full-pool,2,2,1,-1,0.3032653299,0.1115650801,0.207415205,0.1516326649,0.792584795,0.4395332048,0.01397137174,true,0.1,0.05,true,true,true,0,0,0.107415205,0.1016326649
3,0.1,4.025,6,0.468,0.705,II,full-pool,2.05,2.05,1,-1,0.2957776822,0.1088105284,0.2022941053,0.1478888411,0.7977058947,0.4414047348,0.01353893869,true,0.1,0.05,true,true,true,0,0,0.1022941053,0.09788884109
3,0.1,4.025,6,0.468,0.705,II,full-pool,2.1,2.1,1,-1,0.2884749052,0.1061239869,0.1972994461,0.1442374526,0.8027005539,0.4432070536,0.01312249748,true,0.1,0.05,true,true,true,0,0,0.09729944605,0.0942374526
3,0.1,4.025,6,0.468,0.705,II,full-pool,2.15,2.15,1,-1,0.2813524344,0.1035037763,0.1924281054,0.1406762172,0.8075718946,0.4449433978,0.01272130024,true,0.1,0.05,true,true,true,0,0,0.09242810537,0.0906762172
3,0.1,4.025,6,0.468,0.705,II,full-pool,2.2,2.2,1,-1,0.274405818,0.100948259,0.1876770385,0.137202909,0.8123229615,0.4466168115,0.01233464365,true,0.1,0.05,true,true,true,0,0,0.08767703852,0.08720290902
3,0.1,4.025,6,0.468,0.705,II,full-pool,2.25,2.25,1,-1,0.2676307143,0.0984558376,0.1830432759,0.1338153571,0.8169567241,0.4482301597,0.01196186572,true,0.1,0.05,true,true,true,0,0,0.08304327593,0.08381535713
3,0.1,4.025,6,0.468,0.705,II,full-pool,2.3,2.3,1,-1,0.2610228884,0.09602495431,0.1785239213,0.1305114442,0.8214760787,0.4497861416,0.01160234276,true,0.1,0.05,true,true,true,0,0,0.07852392135,0.08051144419
3,0.1,4.025,6,0.468,0.705,II,full-pool,2.35,2.35,1,-1,0.2545782103,0.09365408974,0.17411615,0.1272891052,0.82588385,0.4512873025,0.01125548664,true,0.1,0.05,true,true,true,0,0,0.07411615002,0.07728910515
3,0.1,4.025,6,0.468,0.705,II,full-pool,2.4,2.4,1,-1,0.2482926519,0.09134176203,0.169817207,0.1241463259,0.830182793,0.4527360446,0.01092074234,true,0.1,0.05,true,true,true,0,0,0.06981720696,0.07414632595
3,0.1,4.025,6,0.468,0.705,II,full-pool,2.45,2.45,1,-1,0.2421622845,0.08908652589,0.1656244052,0.1210811422,0.8343755948,0.4541346369,0.01059758561,true,0.1,0.05,true,true,true,0,0,0.06562440518,0.07108114224
3,0.1,4.025,6,0.468,0.705,II,full-pool,2.5,2.5,1,-1,0.2361832764,0.08688697173,0.161535124,0.1180916382,0.838464876,0.455485224,0.01028552088,true,0.1,0.05,true,true,true,0,0,0.06153512405,0.06809163819
3,0.1,4.025,6,0.468,0.705,II,full-pool,2.55,2.55,1,-1,0.2303518905,0.08474172475,0.1575468076,0.1151759452,0.8424531924,0.456789835,0.009984079305,true,0.1,0.05,true,true,true,0,0,0.05754680762,0.06517594525
3,0.1,4.025,6,0.468,0.705,II,full-pool,2.6,2.6,1,-1,0.2246644821,0.08264944411,0.1536569631,0.112332241,0.8463430369,0.458050391,0.009692817032,true,0.1,0.05,true,true,true,0,0,0.05365696308,0.06233224103
3,0.1,4.025,6,0.468,0.705,II,partial-pool,2.65,2.65,1,-0.9867528152,0.2191174962,0.08114451419,0.1501310052,0.1095587481,0.8498689948,0.4594134558,0.009324933455,true,0.1,0.05,true,true,true,0,0,0.05013100521,0.05955874812
3,0.1,4.025,6,0.468,0.705,II,partial-pool,2.7,2.7,1,-0.9681291962,0.213707466,0.0798814372,0.1467944516,0.106853733,0.8532055484,0.4607872836,0.008937126124,true,0.1,0.05,true,true,true,0,0,0.04679445159,0.05685373299
3,0.1,4.025,6,0.468,0.705,II,partial-pool,2.75,2.75,1,-0.9492447662,0.2084310098,0.07864827647,0.1435396432,0.1042155049,0.8564603568,0.462116538,0.008563173096,true,0.1,0.05,true,true,true,0,0,0.04353964315,0.05421550492
3,0.1,4.025,6,0.468,0.705,II,partial-pool,2.8,2.8,1,-0.9300975418,0.2032848299,0.07744432782,0.1403645788,0.1016424149,0.8596354212,0.4634029442,0.008202553519,true,0.1,0.05,true,true,true,0,0,0.04036457885,0.05164241494
3,0.1,4.025,6,0.468,0.705,II,partial-pool,2.85,2.85,1,-0.9106856155,0.1982657095,0.07626890282,0.1372673062,0.09913285477,0.8627326938,0.4646481443,0.007854771875,true,0.1,0.05,true,true,true,0,0,0.03726730618,0.04913285477
3,0.1,4.025,6,0.468,0.705,II,partial-pool,2.9,2.9,1,-0.8910070038,0.1933705117,0.07512133427,0.134245923,0.09668525586,0.865754077,0.4658537047,0.007519355601,true,0.1,0.05,true,true,true,0,0,0.034245923,0.04668525586
3,0.1,4.025,6,0.468,0.705,II,partial-pool,2.95,2.95,1,-0.871059761,0.1885961768,0.07400097123,0.131298574,0.09429808839,0.868701426,0.4670211185,0.007195854435,true,0.1,0.05,true,true,true,0,0,0.03129857401,0.04429808839
3,0.1,4.025,6,0.468,0.705,II,partial-pool,2.993191528,2.993191528,1,-0.8536109924,0.1845669618,0.07305458037,0.1288107711,0.0922834809,0.8711892289,0.467999954,0.00692566565,true,0.1,0.05,true,true,true,0,0,0.02881077109,0.0422834809
3,0.1,4.05,6,0.471,0.705,II,full-minimal,-inf,-0.1161303378,1,-1,0.5494460555,0.2086952678,0.3790706616,0.2747230278,0.4823809507,0.2966096225,0.04130382315,true,0.1,0.05,true,true,true,0,0,0.2790706616,0.2247230278
3,0.1,4.05,6,0.471,0.705,II,full-pool,-0.1,-0.1,1,-1,0.5492143313,0.2084370991,0.3788257152,0.2746071657,0.4848304147,0.2975008337,0.04122798476,true,0.1,0.05,true,true,true,0,0,0.2788257152,0.2246071657
3,0.1,4.05,6,0.471,0.705,II,full-pool,-0.05,-0.05,1,-1,0.5484840536,0.2076499444,0.378066999,0.2742420268,0.492417577,0.3003321734,0.04097563812,true,0.1,0.05,true,true,true,0,0,0.278066999,0.2242420268
3,0.1,4.05,6,0.471,0.705,II,full-pool,0,0,1,-1,0.5477352889,0.2068822245,0.3773087567,0.2738676444,0.5,0.3032653299,0.04069617827,true,0.1,0.05,true,true,true,0,0,0.2773087567,0.2238676444
3,0.1,4.05,6,0.471,0.705,II,full-pool,0.05,0.05,1,-1,0.546967569,0.2061334598,0.3765505144,0.2734837845,0.507582423,0.3062975727,0.04038833066,true,0.1,0.05,true,true,true,0,0,0.2765505144,0.2234837845
3,0.1,4.05,6,0.471,0.705,II,full-pool,0.1,0.1,1,-1,0.5461804143,0.2054031821,0.3757917982,0.2730902071,0.5151695853,0.3094263374,0.04005084914,true,0.1,0.05,true,true,true,0,0,0.2757917982,0.2230902071
3,0.1,4.05,6,0.471,0.705,II,full-pool,0.15,0.15,1,-1,0.5453733326,0.204690935,0.3750321338,0.2726866663,0.5227662291,0.3126492057,0.03968251936,true,0.1,0.05,true,true,true,0,0,0.2750321338,0.2226866663
3,0.1,4.05,6,0.471,0.705,II,full-pool,0.2,0.2,1,-1,0.5445458196,0.2039962734,0.3742710465,0.2722729098,0.5303771025,0.3159638882,0.03928216225,true,0.1,0.05,true,true,true,0,0,0.2742710465,0.2222729098
3,0.1,4.05,6,0.471,0.705,II,full-pool,0.25,0.25,1,-1,0.5436973579,0.203318763,0.3735080605,0.271848679,0.5380069626,0.3193682083,0.03884863748,true,0.1,0.05,true,true,true,0,0,0.2735080605,0.221848679
3,0.1,4.05,6,0.471,0.705,II,full-pool,0.3,0.3,1,-1,0.5428274174,0.2026579804,0.3727426989,0.2714137087,0.5456605782,0.3228600882,0.03838084684,true,0.1,0.05,true,true,true,0,0,0.2727426989,0.2214137087
3,0.1,4.05,6,0.471,0.705,II,full-pool,0.35,0.35,1,-1,0.5419354542,0.2020135126,0.3719744834,0.2709677271,0.5533427333,0.326437536,0.03787773764,true,0.1,0.05,true,true,true,0,0,0.2719744834,0.2209677271
3,0.1,4.05,6,0.471,0.705,II,full-pool,0.4,0.4,1,-1,0.5410209108,0.2013849568,0.3712029338,0.2705104554,0.5610582292,0.3300986342,0.03733830593,true,0.1,0.05,true,true,true,0,0,0.2712029338,0.2205104554
3,0.1,4.05,6,0.471,0.705,II,full-pool,0.45,0.45,1,-1,0.5400832157,0.20077192,0.3704275679,0.2700416079,0.5688118886,0.3338415294,0.03676159958,true,0.1,0.05,true,true,true,0,0,0.2704275679,0.2200416079
3,0.1,4.05,6,0.471,0.705,II,full-pool,0.5,0.5,1,-1,0.5391217827,0.2001740192,0.369647901,0.2695608914,0.5766085576,0.3376644228,0.0361467213,true,0.1,0.05,true,true,true,0,0,0.269647901,0.2195608914
3,0.1,4.05,6,0.471,0.705,II,full-pool,0.55,0.55,1,-1,0.5381360109,0.1995908806,0.3688634458,0.2690680055,0.5844531094,0.3415655618,0.03549283133,true,0.1,0.05,true,true,true,0,0,0.2688634458,0.2190680055
3,0.1,4.05,6,0.471,0.705,II,full-pool,0.6,0.6,1,-1,0.5371252842,0.1990221398,0.368073712,0.2685626421,0.5923504472,0.3455432324,0.03479915,true,0.1,0.05,true,true,true,0,0,0.268073712,0.2185626421
3,0.1,4.05,6,0.471,0.705,II,full-pool,0.65,0.65,1,-1,0.5360889708,0.1984674412,0.367278206,0.2680444854,0.6003055071,0.349595752,0.03406496011,true,0.1,0.05,true,true,true,0,0,0.267278206,0.2180444854
3,0.1,4.05,6,0.471,0.705,II,full-pool,0.7,0.7,1,-1,0.535026423,0.1979264382,0.3664764306,0.2675132115,0.6083232611,0.3537214633,0.03328960893,true,0.1,0.05,true,true,true,0,0,0.2664764306,0.2175132115
3,0.1,4.05,6,0.471,0.705,II,full-pool,0.75,0.75,1,-1,0.5339369767,0.1973987925,0.3656678846,0.2669684884,0.6164087207,0.3579187286,0.03247251009,true,0.1,0.05,true,true,true,0,0,0.2656678846,0.2169684884
3,0.1,4.05,6,0.471,0.705,II,full-pool,0.8,0.8,1,-1,0.532819951,0.1968841745,0.3648520628,0.2664099755,0.6245669396,0.3621859246,0.03161314512,true,0.1,0.05,true,true,true,0,0,0.2648520628,0.2164099755
3,0.1,4.05,6,0.471,0.705,II,full-pool,0.85,0.85,1,-1,0.5316746475,0.1963822625,0.364028455,0.2658373238,0.6328030168,0.3665214378,0.03071106477,true,0.1,0.05,true,true,true,0,0,0.264028455,0.2158373238
3,0.1,4.05,6,0.471,0.705,II,full-pool,0.9,0.9,1,-1,0.5243852877,0.1933705117,0.3588778997,0.2621926439,0.6411221003,0.3709236603,0.02976589001,true,0.1,0.05,true,true,true,0,0,0.2588778997,0.2121926439
3,0.1,4.05,6,0.471,0.705,II,full-pool,0.95,0.95,1,-1,0.512345044,0.1885961768,0.3504706104,0.256172522,0.6495293896,0.375390986,0.02877731277,true,0.1,0.05,true,true,true,0,0,0.2504706104,0.206172522
3,0.1,4.05,6,0.471,0.705,II,full-pool,1,1,1,-1,0.5,0.1839397206,0.3419698603,0.25,0.6580301397,0.3799218074,0.02774509651,true,0.1,0.05,true,true,true,0,0,0.2419698603,0.2
3,0.1,4.05,6,0.471,0.705,II,full-pool,1.05,1.05,1,-1,0.487654956,0.1793982327,0.3335265944,0.243827478,0.6664734056,0.3843702087,0.02671725523,true,0.1,0.05,true,true,true,0,0,0.2335265944,0.193827478
3,0.1,4.05,6,0.471,0.705,II,full-pool,1.1,1.1,1,-1,0.4756147123,0.1749688746,0.3252917934,0.2378073561,0.6747082066,0.3886015337,0.02573957129,true,0.1,0.05,true,true,true,0,0,0.2252917934,0.1878073561
3,0.1,4.05,6,0.471,0.705,II,full-pool,1.15,1.15,1,-1,0.4638717432,0.1706488777,0.3172603104,0.2319358716,0.6827396896,0.3926300646,0.02480874467,true,0.1,0.05,true,true,true,0,0,0.2172603104,0.1819358716
3,0.1,4.05,6,0.471,0.705,II,full-pool,1.2,1.2,1,-1,0.452418709,0.1664355418,0.3094271254,0.2262093545,0.6905728746,0.3964688675,0.02392175632,true,0.1,0.05,true,true,true,0,0,0.2094271254,0.1762093545
3,0.1,4.05,6,0.471,0.705,II,full-pool,1.25,1.25,1,-1,0.4412484513,0.1623262337,0.3017873425,0.2206242256,0.6982126575,0.4001299194,0.02307583888,true,0.1,0.05,true,true,true,0,0,0.2017873425,0.1706242256
3,0.1,4.05,6,0.471,0.705,II,full-pool,1.3,1.3,1,-1,0.4303539882,0.1583183847,0.2943361865,0.2151769941,0.7056638135,0.4036242194,0.02226845088,true,0.1,0.05,true,true,true,0,0,0.1943361865,0.1651769941
3,0.1,4.05,6,0.471,0.705,II,full-pool,1.35,1.35,1,-1,0.4197285104,0.1544094898,0.2870690001,0.2098642552,0.7129309999,0.4069618867,0.02149725422,true,0.1,0.05,true,true,true,0,0,0.1870690001,0.1598642552
3,0.1,4.05,6,0.471,0.705,II,full-pool,1.4,1.4,1,-1,0.4093653765,0.150597106,0.2799812412,0.2046826883,0.7200187588,0.4101522469,0.02076009412,true,0.1,0.05,true,true,true,0,0,0.1799812412,0.1546826883
3,0.1,4.05,6,0.471,0.705,II,full-pool,1.45,1.45,1,-1,0.3992581094,0.1468788502,0.2730684798,0.1996290547,0.7269315202,0.4132039084,0.02005498155,true,0.1,0.05,true,true,true,0,0,0.1730684798,0.1496290547
3,0.1,4.05,6,0.471,0.705,II,full-pool,1.5,1.5,1,-1,0.3894003915,0.1432523984,0.266326395,0.1947001958,0.733673605,0.4161248301,0.01938007754,true,0.1,0.05,true,true,true,0,0,0.166326395,0.1447001958
3,0.1,4.05,6,0.471,0.705,II,full-pool,1.55,1.55,1,-1,0.3797860616,0.1397154841,0.2597507729,0.1898930308,0.7402492271,0.4189223816,0.01873367927,true,0.1,0.05,true,true,true,0,0,0.1597507729,0.1398930308
3,0.1,4.05,6,0.471,0.705,II,full-pool,1.6,1.6,1,-1,0.3704091103,0.1362658965,0.2533375034,0.1852045552,0.7466624966,0.4216033968,0.0181142077,true,0.1,0.05,true,true,true,0,0,0.1533375034,0.1352045552
3,0.1,4.05,6,0.471,0.705,II,full-pool,1.65,1.65,1,-1,0.3612636768,0.1329014795,0.2470825782,0.1806318384,0.7529174218,0.4241742219,0.0175201965,true,0.1,0.05,true,true,true,0,0,0.1470825782,0.1306318384
3,0.1,4.05,6,0.471,0.705,II,full-pool,1.7,1.7,1,-1,0.3523440449,0.1296201303,0.2409820876,0.1761720224,0.7590179124,0.4266407581,0.01695028216,true,0.1,0.05,true,true,true,0,0,0.1409820876,0.1261720224
3,0.1,4.05,6,0.471,0.705,II,full-pool,1.75,1.75,1,-1,0.3436446394,0.1264197979,0.2350322186,0.1718223197,0.7649677814,0.4290084998,0.01640319512,true,0.1,0.05,true,true,true,0,0,0.1350322186,0.1218223197
3,0.1,4.05,6,0.471,0.705,II,full-pool,1.8,1.8,1,-1,0.335160023,0.123298482,0.2292292525,0.1675800115,0.7707707475,0.4312825695,0.01587775182,true,0.1,0.05,true,true,true,0,0,0.1292292525,0.1175800115
3,0.1,4.05,6,0.471,0.705,II,full-pool,1.85,1.85,1,-1,0.3268848926,0.1202542316,0.2235695621,0.1634424463,0.7764304379,0.4334677484,0.01537284749,true,0.1,0.05,true,true,true,0,0,0.1235695621,0.1134424463
3,0.1,4.05,6,0.471,0.705,II,full-pool,1.9,1.9,1,-1,0.3188140758,0.117285144,0.2180496099,0.1594070379,0.7819503901,0.4355685046,0.01488744974,true,0.1,0.05,true,true,true,0,0,0.1180496099,0.1094070379
3,0.1,4.05,6,0.471,0.705,II,full-pool,1.95,1.95,1,-1,0.3109425282,0.1143893635,0.2126659459,0.1554712641,0.7873340541,0.4375890184,0.0144205927,true,0.1,0.05,true,true,true,0,0,0.1126659459,0.1054712641
3,0.1,4.05,6,0.471,0.705,II,full-pool,2,2,1,-1,0.3032653299,0.1115650801,0.207415205,0.1516326649,0.792584795,0.4395332048,0.01397137174,true,0.1,0.05,true,true,true,0,0,0.107415205,0.1016326649
3,0.1,4.05,6,0.471,0.705,II,full-pool,2.05,2.05,1,-1,0.2957776822,0.1088105284,0.2022941053,0.1478888411,0.7977058947,0.4414047348,0.01353893869,true,0.1,0.05,true,true,true,0,0,0.1022941053,0.09788884109
3,0.1,4.05,6,0.471,0.705,II,full-pool,2.1,2.1,1,-1,0.2884749052,0.1061239869,0.1972994461,0.1442374526,0.8027005539,0.4432070536,0.01312249748,true,0.1,0.05,true,true,true,0,0,0.09729944605,0.0942374526
3,0.1,4.05,6,0.471,0.705,II,full-pool,2.15,2.15,1,-1,0.2813524344,0.1035037763,0.1924281054,0.1406762172,0.8075718946,0.4449433978,0.01272130024,true,0.1,0.05,true,true,true,0,0,0.09242810537,0.0906762172
3,0.1,4.05,6,0.471,0.705,II,full-pool,2.2,2.2,1,-1,0.274405818,0.100948259,0.1876770385,0.137202909,0.8123229615,0.4466168115,0.01233464365,true,0.1,0.05,true,true,true,0,0,0.08767703852,0.08720290902
3,0.1,4.05,6,0.471,0.705,II,full-pool,2.25,2.25,1,-1,0.2676307143,0.0984558376,0.1830432759,0.1338153571,0.8169567241,0.4482301597,0.01196186572,true,0.1,0.05,true,true,true,0,0,0.08304327593,0.08381535713
3,0.1,4.05,6,0.471,0.705,II,full-pool,2.3,2.3,1,-1,0.2610228884,0.09602495431,0.1785239213,0.1305114442,0.8214760787,0.4497861416,0.01160234276,true,0.1,0.05,true,true,true,0,0,0.07852392135,0.08051144419
3,0.1,4.05,6,0.471,0.705,II,full-pool,2.35,2.35,1,-1,0.2545782103,0.09365408974,0.17411615,0.1272891052,0.82588385,0.4512873025,0.01125548664,true,0.1,0.05,true,true,true,0,0,0.07411615002,0.07728910515
3,0.1,4.05,6,0.471,0.705,II,full-pool,2.4,2.4,1,-1,0.2482926519,0.09134176203,0.169817207,0.1241463259,0.830182793,0.4527360446,0.01092074234,true,0.1,0.05,true,true,true,0,0,0.06981720696,0.07414632595
3,0.1,4.05,6,0.471,0.705,II,full-pool,2.45,2.45,1,-1,0.2421622845,0.08908652589,0.1656244052,0.1210811422,0.8343755948,0.4541346369,0.01059758561,true,0.1,0.05,true,true,true,0,0,0.06562440518,0.07108114224
3,0.1,4.05,6,0.471,0.705,II,full-pool,2.5,2.5,1,-1,0.2361832764,0.08688697173,0.161535124,0.1180916382,0.838464876,0.455485224,0.01028552088,true,0.1,0.05,true,true,true,0,0,0.06153512405,0.06809163819
3,0.1,4.05,6,0.471,0.705,II,full-pool,2.55,2.55,1,-1,0.2303518905,0.08474172475,0.1575468076,0.1151759452,0.8424531924,0.456789835,0.009984079305,true,0.1,0.05,true,true,true,0,0,0.05754680762,0.06517594525
3,0.1,4.05,6,0.471,0.705,II,full-pool,2.6,2.6,1,-1,0.2246644821,0.08264944411,0.1536569631,0.112332241,0.8463430369,0.458050391,0.009692817032,true,0.1,0.05,true,true,true,0,0,0.05365696308,0.06233224103
3,0.1,4.05,6,0.471,0.705,II,partial-pool,2.65,2.65,1,-0.9867528152,0.2191174962,0.08114451419,0.1501310052,0.1095587481,0.8498689948,0.4594134558,0.009324933455,true,0.1,0.05,true,true,true,0,0,0.05013100521,0.05955874812
3,0.1,4.05,6,0.471,0.705,II,partial-pool,2.7,2.7,1,-0.9681291962,0.213707466,0.0798814372,0.1467944516,0.106853733,0.8532055484,0.4607872836,0.008937126124,true,0.1,0.05,true,true,true,0,0,0.04679445159,0.05685373299
3,0.1,4.05,6,0.471,0.705,II,partial-pool,2.75,2.75,1,-0.9492447662,0.2084310098,0.07864827647,0.1435396432,0.1042155049,0.8564603568,0.462116538,0.008563173096,true,0.1,0.05,true,true,true,0,0,0.04353964315,0.05421550492
3,0.1,4.05,6,0.471,0.705,II,partial-pool,2.8,2.8,1,-0.9300975418,0.2032848299,0.07744432782,0.1403645788,0.1016424149,0.8596354212,0.4634029442,0.008202553519,true,0.1,0.05,true,true,true,0,0,0.04036457885,0.05164241494
3,0.1,4.05,6,0.471,0.705,II,partial-pool,2.85,2.85,1,-0.9106856155,0.1982657095,0.07626890282,0.1372673062,0.09913285477,0.8627326938,0.4646481443,0.007854771875,true,0.1,0.05,true,true,true,0,0,0.03726730618,0.04913285477
3,0.1,4.05,6,0.471,0.705,II,partial-pool,2.9,2.9,1,-0.8910070038,0.1933705117,0.07512133427,0.134245923,0.09668525586,0.865754077,0.4658537047,0.007519355601,true,0.1,0.05,true,true,true,0,0,0.034245923,0.04668525586
3,0.1,4.05,6,0.471,0.705,II,partial-pool,2.95,2.95,1,-0.871059761,0.1885961768,0.07400097123,0.131298574,0.09429808839,0.868701426,0.4670211185,0.007195854435,true,0.1,0.05,true,true,true,0,0,0.03129857401,0.04429808839
3,0.1,4.05,6,0.471,0.705,II,partial-pool,3,3,1,-0.85084198,0.1839397206,0.07290717877,0.1284234497,0.09196986029,0.8715765503,0.4681518101,0.00688383913,true,0.1,0.05,true,true,true,0,0,0.02842344968,0.04196986029
3,0.1,4.05,6,0.471,0.705,II,partial-pool,3.05,3.05,1,-0.8303516006,0.1793982327,0.0718393444,0.1256187886,0.08969911635,0.8743812114,0.469247141,0.006582899263,true,0.1,0.05,true,true,true,0,0,0.02561878855,0.03969911635
3,0.1,4.05,6,0.471,0.705,II,partial-pool,3.1,3.1,1,-0.8095867157,0.1749688746,0.07079686645,0.1228828705,0.08748443728,0.8771171295,0.4703084102,0.006292643803,true,0.1,0.05,true,true,true,0,0,0.0228828705,0.03748443728
3,0.1,4.05,6,0.471,0.705,II,partial-pool,3.133447266,3.133447266,1,-0.7955419159,0.1720670912,0.0701133703,0.1210902307,0.08603354558,0.8789097693,0.4709999466,0.00610425657,true,0.1,0.05,true,true,true,0,0,0.02109023073,0.03603354558
3,0.1,4.075,6,0.474,0.705,II,full-minimal,-inf,-0.104093891,1,-1,0.5492733202,0.2085024255,0.3788878728,0.2746366601,0.4842088387,0.2972736077,0.04124748527,true,0.1,0.05,true,true,true,0,0,0.2788878728,0.2246366601
3,0.1,4.075,6,0.474,0.705,II,full-pool,-0.1,-0.1,1,-1,0.5492143313,0.2084370991,0.3788257152,0.2746071657,0.4848304147,0.2975008337,0.04122798476,true,0.1,0.05,true,true,true,0,0,0.2788257152,0.2246071657
3,0.1,4.075,6,0.474,0.705,II,full-pool,-0.05,-0.05,1,-1,0.5484840536,0.2076499444,0.378066999,0.2742420268,0.492417577,0.3003321734,0.04097563812,true,0.1,0.05,true,true,true,0,0,0.278066999,0.2242420268
3,0.1,4.075,6,0.474,0.705,II,full-pool,0,0,1,-1,0.5477352889,0.2068822245,0.3773087567,0.2738676444,0.5,0.3032653299,0.04069617827,true,0.1,0.05,true,true,true,0,0,0.2773087567,0.2238676444
3,0.1,4.075,6,0.474,0.705,II,full-pool,0.05,0.05,1,-1,0.546967569,0.2061334598,0.3765505144,0.2734837845,0.507582423,0.3062975727,0.04038833066,true,0.1,0.05,true,true,true,0,0,0.2765505144,0.2234837845
3,0.1,4.075,6,0.474,0.705,II,full-pool,0.1,0.1,1,-1,0.5461804143,0.2054031821,0.3757917982,0.2730902071,0.5151695853,0.3094263374,0.04005084914,true,0.1,0.05,true,true,true,0,0,0.2757917982,0.2230902071
3,0.1,4.075,6,0.474,0.705,II,full-pool,0.15,0.15,1,-1,0.5453733326,0.204690935,0.3750321338,0.2726866663,0.5227662291,0.3126492057,0.03968251936,true,0.1,0.05,true,true,true,0,0,0.2750321338,0.2226866663
3,0.1,4.075,6,0.474,0.705,II,full-pool,0.2,0.2,1,-1,0.5445458196,0.2039962734,0.3742710465,0.2722729098,0.5303771025,0.3159638882,0.03928216225,true,0.1,0.05,true,true,true,0,0,0.2742710465,0.2222729098
3,0.1,4.075,6,0.474,0.705,II,full-pool,0.25,0.25,1,-1,0.5436973579,0.203318763,0.3735080605,0.271848679,0.5380069626,0.3193682083,0.03884863748,true,0.1,0.05,true,true,true,0,0,0.2735080605,0.221848679
3,0.1,4.075,6,0.474,0.705,II,full-pool,0.3,0.3,1,-1,0.5428274174,0.2026579804,0.3727426989,0.2714137087,0.5456605782,0.3228600882,0.03838084684,true,0.1,0.05,true,true,true,0,0,0.2727426989,0.2214137087
3,0.1,4.075,6,0.474,0.705,II,full-pool,0.35,0.35,1,-1,0.5419354542,0.2020135126,0.3719744834,0.2709677271,0.5533427333,0.326437536,0.03787773764,true,0.1,0.05,true,true,true,0,0,0.2719744834,0.2209677271
3,0.1,4.075,6,0.474,0.705,II,full-pool,0.4,0.4,1,-1,0.5410209108,0.2013849568,0.3712029338,0.2705104554,0.5610582292,0.3300986342,0.03733830593,true,0.1,0.05,true,true,true,0,0,0.2712029338,0.2205104554
3,0.1,4.075,6,0.474,0.705,II,full-pool,0.45,0.45,1,-1,0.5400832157,0.20077192,0.3704275679,0.2700416079,0.5688118886,0.3338415294,0.03676159958,true,0.1,0.05,true,true,true,0,0,0.2704275679,0.2200416079
3,0.1,4.075,6,0.474,0.705,II,full-pool,0.5,0.5,1,-1,0.5391217827,0.2001740192,0.369647901,0.2695608914,0.5766085576,0.3376644228,0.0361467213,true,0.1,0.05,true,true,true,0,0,0.269647901,0.2195608914
3,0.1,4.075,6,0.474,0.705,II,full-pool,0.55,0.55,1,-1,0.5381360109,0.1995908806,0.3688634458,0.2690680055,0.5844531094,0.3415655618,0.03549283133,true,0.1,0.05,true,true,true,0,0,0.2688634458,0.2190680055
3,0.1,4.075,6,0.474,0.705,II,full-pool,0.6,0.6,1,-1,0.5371252842,0.1990221398,0.368073712,0.2685626421,0.5923504472,0.3455432324,0.03479915,true,0.1,0.05,true,true,true,0,0,0.268073712,0.2185626421
3,0.1,4.075,6,0.474,0.705,II,full-pool,0.65,0.65,1,-1,0.5360889708,0.1984674412,0.367278206,0.2680444854,0.6003055071,0.349595752,0.03406496011,true,0.1,0.05,true,true,true,0,0,0.267278206,0.2180444854
3,0.1,4.075,6,0.474,0.705,II,full-pool,0.7,0.7,1,-1,0.535026423,0.1979264382,0.3664764306,0.2675132115,0.6083232611,0.3537214633,0.03328960893,true,0.1,0.05,true,true,true,0,0,0.2664764306,0.2175132115
3,0.1,4.075,6,0.474,0.705,II,full-pool,0.75,0.75,1,-1,0.5339369767,0.1973987925,0.3656678846,0.2669684884,0.6164087207,0.3579187286,0.03247251009,true,0.1,0.05,true,true,true,0,0,0.2656678846,0.2169684884
3,0.1,4.075,6,0.474,0.705,II,full-pool,0.8,0.8,1,-1,0.532819951,0.1968841745,0.3648520628,0.2664099755,0.6245669396,0.3621859246,0.03161314512,true,0.1,0.05,true,true,true,0,0,0.2648520628,0.2164099755
3,0.1,4.075,6,0.474,0.705,II,full-pool,0.85,0.85,1,-1,0.5316746475,0.1963822625,0.364028455,0.2658373238,0.6328030168,0.3665214378,0.03071106477,true,0.1,0.05,true,true,true,0,0,0.264028455,0.2158373238
3,0.1,4.075,6,0.474,0.705,II,full-pool,0.9,0.9,1,-1,0.5243852877,0.1933705117,0.3588778997,0.2621926439,0.6411221003,0.3709236603,0.02976589001,true,0.1,0.05,true,true,true,0,0,0.2588778997,0.2121926439
3,0.1,4.075,6,0.474,0.705,II,full-pool,0.95,0.95,1,-1,0.512345044,0.1885961768,0.3504706104,0.256172522,0.6495293896,0.375390986,0.02877731277,true,0.1,0.05,true,true,true,0,0,0.2504706104,0.206172522
3,0.1,4.075,6,0.474,0.705,II,full-pool,1,1,1,-1,0.5,0.1839397206,0.3419698603,0.25,0.6580301397,0.3799218074,0.02774509651,true,0.1,0.05,true,true,true,0,0,0.2419698603,0.2
3,0.1,4.075,6,0.474,0.705,II,full-pool,1.05,1.05,1,-1,0.487654956,0.1793982327,0.3335265944,0.243827478,0.6664734056,0.3843702087,0.02671725523,true,0.1,0.05,true,true,true,0,0,0.2335265944,0.193827478
3,0.1,4.075,6,0.474,0.705,II,full-pool,1.1,1.1,1,-1,0.4756147123,0.1749688746,0.3252917934,0.2378073561,0.6747082066,0.3886015337,0.02573957129,true,0.1,0.05,true,true,true,0,0,0.2252917934,0.1878073561
3,0.1,4.075,6,0.474,0.705,II,full-pool,1.15,1.15,1,-1,0.4638717432,0.1706488777,0.3172603104,0.2319358716,0.6827396896,0.3926300646,0.02480874467,true,0.1,0.05,true,true,true,0,0,0.2172603104,0.1819358716
3,0.1,4.075,6,0.474,0.705,II,full-pool,1.2,1.2,1,-1,0.452418709,0.1664355418,0.3094271254,0.2262093545,0.6905728746,0.3964688675,0.02392175632,true,0.1,0.05,true,true,true,0,0,0.2094271254,0.1762093545
3,0.1,4.075,6,0.474,0.705,II,full-pool,1.25,1.25,1,-1,0.4412484513,0.1623262337,0.3017873425,0.2206242256,0.6982126575,0.4001299194,0.02307583888,true,0.1,0.05,true,true,true,0,0,0.2017873425,0.1706242256
3,0.1,4.075,6,0.474,0.705,II,full-pool,1.3,1.3,1,-1,0.4303539882,0.1583183847,0.2943361865,0.2151769941,0.7056638135,0.4036242194,0.02226845088,true,0.1,0.05,true,true,true,0,0,0.1943361865,0.1651769941
3,0.1,4.075,6,0.474,0.705,II,full-pool,1.35,1.35,1,-1,0.4197285104,0.1544094898,0.2870690001,0.2098642552,0.7129309999,0.4069618867,0.02149725422,true,0.1,0.05,true,true,true,0,0,0.1870690001,0.1598642552
3,0.1,4.075,6,0.474,0.705,II,full-pool,1.4,1.4,1,-1,0.4093653765,0.150597106,0.2799812412,0.2046826883,0.7200187588,0.4101522469,0.02076009412,true,0.1,0.05,true,true,true,0,0,0.1799812412,0.1546826883
3,0.1,4.075,6,0.474,0.705,II,full-pool,1.45,1.45,1,-1,0.3992581094,0.1468788502,0.2730684798,0.1996290547,0.7269315202,0.4132039084,0.02005498155,true,0.1,0.05,true,true,true,0,0,0.1730684798,0.1496290547
3,0.1,4.075,6,0.474,0.705,II,full-pool,1.5,1.5,1,-1,0.3894003915,0.1432523984,0.266326395,0.1947001958,0.733673605,0.4161248301,0.01938007754,true,0.1,0.05,true,true,true,0,0,0.166326395,0.1447001958
3,0.1,4.075,6,0.474,0.705,II,full-pool,1.55,1.55,1,-1,0.3797860616,0.1397154841,0.2597507729,0.1898930308,0.7402492271,0.4189223816,0.01873367927,true,0.1,0.05,true,true,true,0,0,0.1597507729,0.1398930308
3,0.1,4.075,6,0.474,0.705,II,full-pool,1.6,1.6,1,-1,0.3704091103,0.1362658965,0.2533375034,0.1852045552,0.7466624966,0.4216033968,0.0181142077,true,0.1,0.05,true,true,true,0,0,0.1533375034,0.1352045552
3,0.1,4.075,6,0.474,0.705,II,full-pool,1.65,1.65,1,-1,0.3612636768,0.1329014795,0.2470825782,0.1806318384,0.7529174218,0.4241742219,0.0175201965,true,0.1,0.05,true,true,true,0,0,0.1470825782,0.1306318384
3,0.1,4.075,6,0.474,0.705,II,full-pool,1.7,1.7,1,-1,0.3523440449,0.1296201303,0.2409820876,0.1761720224,0.7590179124,0.4266407581,0.01695028216,true,0.1,0.05,true,true,true,0,0,0.1409820876,0.1261720224
3,0.1,4.075,6,0.474,0.705,II,full-pool,1.75,1.75,1,-1,0.3436446394,0.1264197979,0.2350322186,0.1718223197,0.7649677814,0.4290084998,0.01640319512,true,0.1,0.05,true,true,true,0,0,0.1350322186,0.1218223197
3,0.1,4.075,6,0.474,0.705,II,full-pool,1.8,1.8,1,-1,0.335160023,0.123298482,0.2292292525,0.1675800115,0.7707707475,0.4312825695,0.01587775182,true,0.1,0.05,true,true,true,0,0,0.1292292525,0.1175800115
3,0.1,4.075,6,0.474,0.705,II,full-pool,1.85,1.85,1,-1,0.3268848926,0.1202542316,0.2235695621,0.1634424463,0.7764304379,0.4334677484,0.01537284749,true,0.1,0.05,true,true,true,0,0,0.1235695621,0.1134424463
3,0.1,4.075,6,0.474,0.705,II,full-pool,1.9,1.9,1,-1,0.3188140758,0.117285144,0.2180496099,0.1594070379,0.7819503901,0.4355685046,0.01488744974,true,0.1,0.05,true,true,true,0,0,0.1180496099,0.1094070379
3,0.1,4.075,6,0.474,0.705,II,full-pool,1.95,1.95,1,-1,0.3109425282,0.1143893635,0.2126659459,0.1554712641,0.7873340541,0.4375890184,0.0144205927,true,0.1,0.05,true,true,true,0,0,0.1126659459,0.1054712641
3,0.1,4.075,6,0.474,0.705,II,full-pool,2,2,1,-1,0.3032653299,0.1115650801,0.207415205,0.1516326649,0.792584795,0.4395332048,0.01397137174,true,0.1,0.05,true,true,true,0,0,0.107415205,0.1016326649
3,0.1,4.075,6,0.474,0.705,II,full-pool,2.05,2.05,1,-1,0.2957776822,0.1088105284,0.2022941053,0.1478888411,0.7977058947,0.4414047348,0.01353893869,true,0.1,0.05,true,true,true,0,0,0.1022941053,0.09788884109
3,0.1,4.075,6,0.474,0.705,II,full-pool,2.1,2.1,1,-1,0.2884749052,0.1061239869,0.1972994461,0.1442374526,0.8027005539,0.4432070536,0.01312249748,true,0.1,0.05,true,true,true,0,0,0.09729944605,0.0942374526
3,0.1,4.075,6,0.474,0.705,II,full-pool,2.15,2.15,1,-1,0.2813524344,0.1035037763,0.1924281054,0.1406762172,0.8075718946,0.4449433978,0.01272130024,true,0.1,0.05,true,true,true,0,0,0.09242810537,0.0906762172
3,0.1,4.075,6,0.474,0.705,II,full-pool,2.2,2.2,1,-1,0.274405818,0.100948259,0.1876770385,0.137202909,0.8123229615,0.4466168115,0.01233464365,true,0.1,0.05,true,true,true,0,0,0.08767703852,0.08720290902
3,0.1,4.075,6,0.474,0.705,II,full-pool,2.25,2.25,1,-1,0.2676307143,0.0984558376,0.1830432759,0.1338153571,0.8169567241,0.4482301597,0.01196186572,true,0.1,0.05,true,true,true,0,0,0.08304327593,0.08381535713
3,0.1,4.075,6,0.474,0.705,II,full-pool,2.3,2.3,1,-1,0.2610228884,0.09602495431,0.1785239213,0.1305114442,0.8214760787,0.4497861416,0.01160234276,true,0.1,0.05,true,true,true,0,0,0.07852392135,0.08051144419
3,0.1,4.075,6,0.474,0.705,II,full-pool,2.35,2.35,1,-1,0.2545782103,0.09365408974,0.17411615,0.1272891052,0.82588385,0.4512873025,0.01125548664,true,0.1,0.05,true,true,true,0,0,0.07411615002,0.07728910515
3,0.1,4.075,6,0.474,0.705,II,full-pool,2.4,2.4,1,-1,0.2482926519,0.09134176203,0.169817207,0.1241463259,0.830182793,0.4527360446,0.01092074234,true,0.1,0.05,true,true,true,0,0,0.06981720696,0.07414632595
3,0.1,4.075,6,0.474,0.705,II,full-pool,2.45,2.45,1,-1,0.2421622845,0.08908652589,0.1656244052,0.1210811422,0.8343755948,0.4541346369,0.01059758561,true,0.1,0.05,true,true,true,0,0,0.06562440518,0.07108114224
3,0.1,4.075,6,0.474,0.705,II,full-pool,2.5,2.5,1,-1,0.2361832764,0.08688697173,0.161535124,0.1180916382,0.838464876,0.455485224,0.01028552088,true,0.1,0.05,true,true,true,0,0,0.06153512405,0.06809163819
3,0.1,4.075,6,0.474,0.705,II,full-pool,2.55,2.55,1,-1,0.2303518905,0.08474172475,0.1575468076,0.1151759452,0.8424531924,0.456789835,0.009984079305,true,0.1,0.05,true,true,true,0,0,0.05754680762,0.06517594525
3,0.1,4.075,6,0.474,0.705,II,full-pool,2.6,2.6,1,-1,0.2246644821,0.08264944411,0.1536569631,0.112332241,0.8463430369,0.458050391,0.009692817032,true,0.1,0.05,true,true,true,0,0,0.05365696308,0.06233224103
3,0.1,4.075,6,0.474,0.705,II,partial-pool,2.65,2.65,1,-0.9867528152,0.2191174962,0.08114451419,0.1501310052,0.1095587481,0.8498689948,0.4594134558,0.009324933455,true,0.1,0.05,true,true,true,0,0,0.05013100521,0.05955874812
3,0.1,4.075,6,0.474,0.705,II,partial-pool,2.7,2.7,1,-0.9681291962,0.213707466,0.0798814372,0.1467944516,0.106853733,0.8532055484,0.4607872836,0.008937126124,true,0.1,0.05,true,true,true,0,0,0.04679445159,0.05685373299
3,0.1,4.075,6,0.474,0.705,II,partial-pool,2.75,2.75,1,-0.9492447662,0.2084310098,0.07864827647,0.1435396432,0.1042155049,0.8564603568,0.462116538,0.008563173096,true,0.1,0.05,true,true,true,0,0,0.04353964315,0.05421550492
3,0.1,4.075,6,0.474,0.705,II,partial-pool,2.8,2.8,1,-0.9300975418,0.2032848299,0.07744432782,0.1403645788,0.1016424149,0.8596354212,0.4634029442,0.008202553519,true,0.1,0.05,true,true,true,0,0,0.04036457885,0.05164241494
3,0.1,4.075,6,0.474,0.705,II,partial-pool,2.85,2.85,1,-0.9106856155,0.1982657095,0.07626890282,0.1372673062,0.09913285477,0.8627326938,0.4646481443,0.007854771875,true,0.1,0.05,true,true,true,0,0,0.03726730618,0.04913285477
3,0.1,4.075,6,0.474,0.705,II,partial-pool,2.9,2.9,1,-0.8910070038,0.1933705117,0.07512133427,0.134245923,0.09668525586,0.865754077,0.4658537047,0.007519355601,true,0.1,0.05,true,true,true,0,0,0.034245923,0.04668525586
3,0.1,4.075,6,0.474,0.705,II,partial-pool,2.95,2.95,1,-0.871059761,0.1885961768,0.07400097123,0.131298574,0.09429808839,0.868701426,0.4670211185,0.007195854435,true,0.1,0.05,true,true,true,0,0,0.03129857401,0.04429808839
3,0.1,4.075,6,0.474,0.705,II,partial-pool,3,3,1,-0.85084198,0.1839397206,0.07290717877,0.1284234497,0.09196986029,0.8715765503,0.4681518101,0.00688383913,true,0.1,0.05,true,true,true,0,0,0.02842344968,0.04196986029
3,0.1,4.075,6,0.474,0.705,II,partial-pool,3.05,3.05,1,-0.8303516006,0.1793982327,0.0718393444,0.1256187886,0.08969911635,0.8743812114,0.469247141,0.006582899263,true,0.1,0.05,true,true,true,0,0,0.02561878855,0.03969911635
3,0.1,4.075,6,0.474,0.705,II,partial-pool,3.1,3.1,1,-0.8095867157,0.1749688746,0.07079686645,0.1228828705,0.08748443728,0.8771171295,0.4703084102,0.006292643803,true,0.1,0.05,true,true,true,0,0,0.0228828705,0.03748443728
3,0.1,4.075,6,0.474,0.705,II,partial-pool,3.15,3.15,1,-0.7885453415,0.1706488777,0.06977916208,0.1202140199,0.08532443883,0.8797859801,0.4713368598,0.006012698856,true,0.1,0.05,true,true,true,0,0,0.02021401987,0.03532443883
3,0.1,4.075,6,0.474,0.705,II,partial-pool,3.2,3.2,1,-0.7672253418,0.1664355418,0.06878566925,0.1176106056,0.08321777092,0.8823893944,0.4723336791,0.005742706405,true,0.1,0.05,true,true,true,0,0,0.01761060555,0.03321777092
3,0.1,4.075,6,0.474,0.705,II,partial-pool,3.25,3.25,1,-0.7456248474,0.1623262337,0.06781583178,0.1150710327,0.08116311684,0.8849289673,0.4733000033,0.005482325473,true,0.1,0.05,true,true,true,0,0,0.01507103273,0.03116311684
3,0.1,4.075,6,0.474,0.705,II,partial-pool,3.257305908,3.257305908,1,-0.7424449921,0.1617343451,0.06767607014,0.1147052076,0.08086717256,0.8852947924,0.4734387134,0.005445064036,true,0.1,0.05,true,true,true,0,0,0.01470520763,0.03086717256
3,0.1,4.1,6,0.477,0.705,II,full-minimal,-inf,-0.09206497318,1,-1,0.5490996512,0.2083108598,0.3787052555,0.2745498256,0.486035012,0.2979432546,0.04118969424,true,0.1,0.05,true,true,true,0,0,0.2787052555,0.2245498256
3,0.1,4.1,6,0.477,0.705,II,full-pool,-0.05,-0.05,1,-1,0.5484840536,0.2076499444,0.378066999,0.2742420268,0.492417577,0.3003321734,0.04097563812,true,0.1,0.05,true,true,true,0,0,0.278066999,0.2242420268
3,0.1,4.1,6,0.477,0.705,II,full-pool,0,0,1,-1,0.5477352889,0.2068822245,0.3773087567,0.2738676444,0.5,0.3032653299,0.04069617827,true,0.1,0.05,true,true,true,0,0,0.2773087567,0.2238676444
3,0.1,4.1,6,0.477,0.705,II,full-pool,0.05,0.05,1,-1,0.546967569,0.2061334598,0.3765505144,0.2734837845,0.507582423,0.3062975727,0.04038833066,true,0.1,0.05,true,true,true,0,0,0.2765505144,0.2234837845
3,0.1,4.1,6,0.477,0.705,II,full-pool,0.1,0.1,1,-1,0.5461804143,0.2054031821,0.3757917982,0.2730902071,0.5151695853,0.3094263374,0.04005084914,true,0.1,0.05,true,true,true,0,0,0.2757917982,0.2230902071
3,0.1,4.1,6,0.477,0.705,II,full-pool,0.15,0.15,1,-1,0.5453733326,0.204690935,0.3750321338,0.2726866663,0.5227662291,0.3126492057,0.03968251936,true,0.1,0.05,true,true,true,0,0,0.2750321338,0.2226866663
3,0.1,4.1,6,0.477,0.705,II,full-pool,0.2,0.2,1,-1,0.5445458196,0.2039962734,0.3742710465,0.2722729098,0.5303771025,0.3159638882,0.03928216225,true,0.1,0.05,true,true,true,0,0,0.2742710465,0.2222729098
3,0.1,4.1,6,0.477,0.705,II,full-pool,0.25,0.25,1,-1,0.5436973579,0.203318763,0.3735080605,0.271848679,0.5380069626,0.3193682083,0.03884863748,true,0.1,0.05,true,true,true,0,0,0.2735080605,0.221848679
3,0.1,4.1,6,0.477,0.705,II,full-pool,0.3,0.3,1,-1,0.5428274174,0.2026579804,0.3727426989,0.2714137087,0.5456605782,0.3228600882,0.03838084684,true,0.1,0.05,true,true,true,0,0,0.2727426989,0.2214137087
3,0.1,4.1,6,0.477,0.705,II,full-pool,0.35,0.35,1,-1,0.5419354542,0.2020135126,0.3719744834,0.2709677271,0.5533427333,0.326437536,0.03787773764,true,0.1,0.05,true,true,true,0,0,0.2719744834,0.2209677271
3,0.1,4.1,6,0.477,0.705,II,full-pool,0.4,0.4,1,-1,0.5410209108,0.2013849568,0.3712029338,0.2705104554,0.5610582292,0.3300986342,0.03733830593,true,0.1,0.05,true,true,true,0,0,0.2712029338,0.2205104554
3,0.1,4.1,6,0.477,0.705,II,full-pool,0.45,0.45,1,-1,0.5400832157,0.20077192,0.3704275679,0.2700416079,0.5688118886,0.3338415294,0.03676159958,true,0.1,0.05,true,true,true,0,0,0.2704275679,0.2200416079
3,0.1,4.1,6,0.477,0.705,II,full-pool,0.5,0.5,1,-1,0.5391217827,0.2001740192,0.369647901,0.2695608914,0.5766085576,0.3376644228,0.0361467213,true,0.1,0.05,true,true,true,0,0,0.269647901,0.2195608914
3,0.1,4.1,6,0.477,0.705,II,full-pool,0.55,0.55,1,-1,0.5381360109,0.1995908806,0.3688634458,0.2690680055,0.5844531094,0.3415655618,0.03549283133,true,0.1,0.05,true,true,true,0,0,0.2688634458,0.2190680055
3,0.1,4.1,6,0.477,0.705,II,full-pool,0.6,0.6,1,-1,0.5371252842,0.1990221398,0.368073712,0.2685626421,0.5923504472,0.3455432324,0.03479915,true,0.1,0.05,true,true,true,0,0,0.268073712,0.2185626421
3,0.1,4.1,6,0.477,0.705,II,full-pool,0.65,0.65,1,-1,0.5360889708,0.1984674412,0.367278206,0.2680444854,0.6003055071,0.349595752,0.03406496011,true,0.1,0.05,true,true,true,0,0,0.267278206,0.2180444854
3,0.1,4.1,6,0.477,0.705,II,full-pool,0.7,0.7,1,-1,0.535026423,0.1979264382,0.3664764306,0.2675132115,0.6083232611,0.3537214633,0.03328960893,true,0.1,0.05,true,true,true,0,0,0.2664764306,0.2175132115
3,0.1,4.1,6,0.477,0.705,II,full-pool,0.75,0.75,1,-1,0.5339369767,0.1973987925,0.3656678846,0.2669684884,0.6164087207,0.3579187286,0.03247251009,true,0.1,0.05,true,true,true,0,0,0.2656678846,0.2169684884
3,0.1,4.1,6,0.477,0.705,II,full-pool,0.8,0.8,1,-1,0.532819951,0.1968841745,0.3648520628,0.2664099755,0.6245669396,0.3621859246,0.03161314512,true,0.1,0.05,true,true,true,0,0,0.2648520628,0.2164099755
3,0.1,4.1,6,0.477,0.705,II,full-pool,0.85,0.85,1,-1,0.5316746475,0.1963822625,0.364028455,0.2658373238,0.6328030168,0.3665214378,0.03071106477,true,0.1,0.05,true,true,true,0,0,0.264028455,0.2158373238
3,0.1,4.1,6,0.477,0.705,II,full-pool,0.9,0.9,1,-1,0.5243852877,0.1933705117,0.3588778997,0.2621926439,0.6411221003,0.3709236603,0.02976589001,true,0.1,0.05,true,true,true,0,0,0.2588778997,0.2121926439
3,0.1,4.1,6,0.477,0.705,II,full-pool,0.95,0.95,1,-1,0.512345044,0.1885961768,0.3504706104,0.256172522,0.6495293896,0.375390986,0.02877731277,true,0.1,0.05,true,true,true,0,0,0.2504706104,0.206172522
3,0.1,4.1,6,0.477,0.705,II,full-pool,1,1,1,-1,0.5,0.1839397206,0.3419698603,0.25,0.6580301397,0.3799218074,0.02774509651,true,0.1,0.05,true,true,true,0,0,0.2419698603,0.2
3,0.1,4.1,6,0.477,0.705,II,full-pool,1.05,1.05,1,-1,0.487654956,0.1793982327,0.3335265944,0.243827478,0.6664734056,0.3843702087,0.02671725523,true,0.1,0.05,true,true,true,0,0,0.2335265944,0.193827478
3,0.1,4.1,6,0.477,0.705,II,full-pool,1.1,1.1,1,-1,0.4756147123,0.1749688746,0.3252917934,0.2378073561,0.6747082066,0.3886015337,0.02573957129,true,0.1,0.05,true,true,true,0,0,0.2252917934,0.1878073561
3,0.1,4.1,6,0.477,0.705,II,full-pool,1.15,1.15,1,-1,0.4638717432,0.1706488777,0.3172603104,0.2319358716,0.6827396896,0.3926300646,0.02480874467,true,0.1,0.05,true,true,true,0,0,0.2172603104,0.1819358716
3,0.1,4.1,6,0.477,0.705,II,full-pool,1.2,1.2,1,-1,0.452418709,0.1664355418,0.3094271254,0.2262093545,0.6905728746,0.3964688675,0.02392175632,true,0.1,0.05,true,true,true,0,0,0.2094271254,0.1762093545
3,0.1,4.1,6,0.477,0.705,II,full-pool,1.25,1.25,1,-1,0.4412484513,0.1623262337,0.3017873425,0.2206242256,0.6982126575,0.4001299194,0.02307583888,true,0.1,0.05,true,true,true,0,0,0.2017873425,0.1706242256
3,0.1,4.1,6,0.477,0.705,II,full-pool,1.3,1.3,1,-1,0.4303539882,0.1583183847,0.2943361865,0.2151769941,0.7056638135,0.4036242194,0.02226845088,true,0.1,0.05,true,true,true,0,0,0.1943361865,0.1651769941
3,0.1,4.1,6,0.477,0.705,II,full-pool,1.35,1.35,1,-1,0.4197285104,0.1544094898,0.2870690001,0.2098642552,0.7129309999,0.4069618867,0.02149725422,true,0.1,0.05,true,true,true,0,0,0.1870690001,0.1598642552
3,0.1,4.1,6,0.477,0.705,II,full-pool,1.4,1.4,1,-1,0.4093653765,0.150597106,0.2799812412,0.2046826883,0.7200187588,0.4101522469,0.02076009412,true,0.1,0.05,true,true,true,0,0,0.1799812412,0.1546826883
3,0.1,4.1,6,0.477,0.705,II,full-pool,1.45,1.45,1,-1,0.3992581094,0.1468788502,0.2730684798,0.1996290547,0.7269315202,0.4132039084,0.02005498155,true,0.1,0.05,true,true,true,0,0,0.1730684798,0.1496290547
3,0.1,4.1,6,0.477,0.705,II,full-pool,1.5,1.5,1,-1,0.3894003915,0.1432523984,0.266326395,0.1947001958,0.733673605,0.4161248301,0.01938007754,true,0.1,0.05,true,true,true,0,0,0.166326395,0.1447001958
3,0.1,4.1,6,0.477,0.705,II,full-pool,1.55,1.55,1,-1,0.3797860616,0.1397154841,0.2597507729,0.1898930308,0.7402492271,0.4189223816,0.01873367927,true,0.1,0.05,true,true,true,0,0,0.1597507729,0.1398930308
3,0.1,4.1,6,0.477,0.705,II,full-pool,1.6,1.6,1,-1,0.3704091103,0.1362658965,0.2533375034,0.1852045552,0.7466624966,0.4216033968,0.0181142077,true,0.1,0.05,true,true,true,0,0,0.1533375034,0.1352045552
3,0.1,4.1,6,0.477,0.705,II,full-pool,1.65,1.65,1,-1,0.3612636768,0.1329014795,0.2470825782,0.1806318384,0.7529174218,0.4241742219,0.0175201965,true,0.1,0.05,true,true,true,0,0,0.1470825782,0.1306318384
3,0.1,4.1,6,0.477,0.705,II,full-pool,1.7,1.7,1,-1,0.3523440449,0.1296201303,0.2409820876,0.1761720224,0.7590179124,0.4266407581,0.01695028216,true,0.1,0.05,true,true,true,0,0,0.1409820876,0.1261720224
3,0.1,4.1,6,0.477,0.705,II,full-pool,1.75,1.75,1,-1,0.3436446394,0.1264197979,0.2350322186,0.1718223197,0.7649677814,0.4290084998,0.01640319512,true,0.1,0.05,true,true,true,0,0,0.1350322186,0.1218223197
3,0.1,4.1,6,0.477,0.705,II,full-pool,1.8,1.8,1,-1,0.335160023,0.123298482,0.2292292525,0.1675800115,0.7707707475,0.4312825695,0.01587775182,true,0.1,0.05,true,true,true,0,0,0.1292292525,0.1175800115
3,0.1,4.1,6,0.477,0.705,II,full-pool,1.85,1.85,1,-1,0.3268848926,0.1202542316,0.2235695621,0.1634424463,0.7764304379,0.4334677484,0.01537284749,true,0.1,0.05,true,true,true,0,0,0.1235695621,0.1134424463
3,0.1,4.1,6,0.477,0.705,II,full-pool,1.9,1.9,1,-1,0.3188140758,0.117285144,0.2180496099,0.1594070379,0.7819503901,0.4355685046,0.01488744974,true,0.1,0.05,true,true,true,0,0,0.1180496099,0.1094070379
3,0.1,4.1,6,0.477,0.705,II,full-pool,1.95,1.95,1,-1,0.3109425282,0.1143893635,0.2126659459,0.1554712641,0.7873340541,0.4375890184,0.0144205927,true,0.1,0.05,true,true,true,0,0,0.1126659459,0.1054712641
3,0.1,4.1,6,0.477,0.705,II,full-pool,2,2,1,-1,0.3032653299,0.1115650801,0.207415205,0.1516326649,0.792584795,0.4395332048,0.01397137174,true,0.1,0.05,true,true,true,0,0,0.107415205,0.1016326649
3,0.1,4.1,6,0.477,0.705,II,full-pool,2.05,2.05,1,-1,0.2957776822,0.1088105284,0.2022941053,0.1478888411,0.7977058947,0.4414047348,0.01353893869,true,0.1,0.05,true,true,true,0,0,0.1022941053,0.09788884109
3,0.1,4.1,6,0.477,0.705,II,full-pool,2.1,2.1,1,-1,0.2884749052,0.1061239869,0.1972994461,0.1442374526,0.8027005539,0.4432070536,0.01312249748,true,0.1,0.05,true,true,true,0,0,0.09729944605,0.0942374526
3,0.1,4.1,6,0.477,0.705,II,full-pool,2.15,2.15,1,-1,0.2813524344,0.1035037763,0.1924281054,0.1406762172,0.8075718946,0.4449433978,0.01272130024,true,0.1,0.05,true,true,true,0,0,0.09242810537,0.0906762172
3,0.1,4.1,6,0.477,0.705,II,full-pool,2.2,2.2,1,-1,0.274405818,0.100948259,0.1876770385,0.137202909,0.8123229615,0.4466168115,0.01233464365,true,0.1,0.05,true,true,true,0,0,0.08767703852,0.08720290902
3,0.1,4.1,6,0.477,0.705,II,full-pool,2.25,2.25,1,-1,0.2676307143,0.0984558376,0.1830432759,0.1338153571,0.8169567241,0.4482301597,0.01196186572,true,0.1,0.05,true,true,true,0,0,0.08304327593,0.08381535713
3,0.1,4.1,6,0.477,0.705,II,full-pool,2.3,2.3,1,-1,0.2610228884,0.09602495431,0.1785239213,0.1305114442,0.8214760787,0.4497861416,0.01160234276,true,0.1,0.05,true,true,true,0,0,0.07852392135,0.08051144419
3,0.1,4.1,6,0.477,0.705,II,full-pool,2.35,2.35,1,-1,0.2545782103,0.09365408974,0.17411615,0.1272891052,0.82588385,0.4512873025,0.01125548664,true,0.1,0.05,true,true,true,0,0,0.07411615002,0.07728910515
3,0.1,4.1,6,0.477,0.705,II,full-pool,2.4,2.4,1,-1,0.2482926519,0.09134176203,0.169817207,0.1241463259,0.830182793,0.4527360446,0.01092074234,true,0.1,0.05,true,true,true,0,0,0.06981720696,0.07414632595
3,0.1,4.1,6,0.477,0.705,II,full-pool,2.45,2.45,1,-1,0.2421622845,0.08908652589,0.1656244052,0.1210811422,0.8343755948,0.4541346369,0.01059758561,true,0.1,0.05,true,true,true,0,0,0.06562440518,0.07108114224
3,0.1,4.1,6,0.477,0.705,II,full-pool,2.5,2.5,1,-1,0.2361832764,0.08688697173,0.161535124,0.1180916382,0.838464876,0.455485224,0.01028552088,true,0.1,0.05,true,true,true,0,0,0.06153512405,0.06809163819
3,0.1,4.1,6,0.477,0.705,II,full-pool,2.55,2.55,1,-1,0.2303518905,0.08474172475,0.1575468076,0.1151759452,0.8424531924,0.456789835,0.009984079305,true,0.1,0.05,true,true,true,0,0,0.05754680762,0.06517594525
3,0.1,4.1,6,0.477,0.705,II,full-pool,2.6,2.6,1,-1,0.2246644821,0.08264944411,0.1536569631,0.112332241,0.8463430369,0.458050391,0.009692817032,true,0.1,0.05,true,true,true,0,0,0.05365696308,0.06233224103
3,0.1,4.1,6,0.477,0.705,II,partial-pool,2.65,2.65,1,-0.9867528152,0.2191174962,0.08114451419,0.1501310052,0.1095587481,0.8498689948,0.4594134558,0.009324933455,true,0.1,0.05,true,true,true,0,0,0.05013100521,0.05955874812
3,0.1,4.1,6,0.477,0.705,II,partial-pool,2.7,2.7,1,-0.9681291962,0.213707466,0.0798814372,0.1467944516,0.106853733,0.8532055484,0.4607872836,0.008937126124,true,0.1,0.05,true,true,true,0,0,0.04679445159,0.05685373299
3,0.1,4.1,6,0.477,0.705,II,partial-pool,2.75,2.75,1,-0.9492447662,0.2084310098,0.07864827647,0.1435396432,0.1042155049,0.8564603568,0.462116538,0.008563173096,true,0.1,0.05,true,true,true,0,0,0.04353964315,0.05421550492
3,0.1,4.1,6,0.477,0.705,II,partial-pool,2.8,2.8,1,-0.9300975418,0.2032848299,0.07744432782,0.1403645788,0.1016424149,0.8596354212,0.4634029442,0.008202553519,true,0.1,0.05,true,true,true,0,0,0.04036457885,0.05164241494
3,0.1,4.1,6,0.477,0.705,II,partial-pool,2.85,2.85,1,-0.9106856155,0.1982657095,0.07626890282,0.1372673062,0.09913285477,0.8627326938,0.4646481443,0.007854771875,true,0.1,0.05,true,true,true,0,0,0.03726730618,0.04913285477
3,0.1,4.1,6,0.477,0.705,II,partial-pool,2.9,2.9,1,-0.8910070038,0.1933705117,0.07512133427,0.134245923,0.09668525586,0.865754077,0.4658537047,0.007519355601,true,0.1,0.05,true,true,true,0,0,0.034245923,0.04668525586
3,0.1,4.1,6,0.477,0.705,II,partial-pool,2.95,2.95,1,-0.871059761,0.1885961768,0.07400097123,0.131298574,0.09429808839,0.868701426,0.4670211185,0.007195854435,true,0.1,0.05,true,true,true,0,0,0.03129857401,0.04429808839
3,0.1,4.1,6,0.477,0.705,II,partial-pool,3,3,1,-0.85084198,0.1839397206,0.07290717877,0.1284234497,0.09196986029,0.8715765503,0.4681518101,0.00688383913,true,0.1,0.05,true,true,true,0,0,0.02842344968,0.04196986029
3,0.1,4.1,6,0.477,0.705,II,partial-pool,3.05,3.05,1,-0.8303516006,0.1793982327,0.0718393444,0.1256187886,0.08969911635,0.8743812114,0.469247141,0.006582899263,true,0.1,0.05,true,true,true,0,0,0.02561878855,0.03969911635
3,0.1,4.1,6,0.477,0.705,II,partial-pool,3.1,3.1,1,-0.8095867157,0.1749688746,0.07079686645,0.1228828705,0.08748443728,0.8771171295,0.4703084102,0.006292643803,true,0.1,0.05,true,true,true,0,0,0.0228828705,0.03748443728
3,0.1,4.1,6,0.477,0.705,II,partial-pool,3.15,3.15,1,-0.7885453415,0.1706488777,0.06977916208,0.1202140199,0.08532443883,0.8797859801,0.4713368598,0.006012698856,true,0.1,0.05,true,true,true,0,0,0.02021401987,0.03532443883
3,0.1,4.1,6,0.477,0.705,II,partial-pool,3.2,3.2,1,-0.7672253418,0.1664355418,0.06878566925,0.1176106056,0.08321777092,0.8823893944,0.4723336791,0.005742706405,true,0.1,0.05,true,true,true,0,0,0.01761060555,0.03321777092
3,0.1,4.1,6,0.477,0.705,II,partial-pool,3.25,3.25,1,-0.7456248474,0.1623262337,0.06781583178,0.1150710327,0.08116311684,0.8849289673,0.4733000033,0.005482325473,true,0.1,0.05,true,true,true,0,0,0.01507103273,0.03116311684
3,0.1,4.1,6,0.477,0.705,II,partial-pool,3.257305908,3.257305908,1,-0.7424449921,0.1617343451,0.06767607014,0.1147052076,0.08086717256,0.8852947924,0.4734387134,0.005445064036,true,0.1,0.05,true,true,true,0,0,0.01470520763,0.03086717256
3,0.1,4.125,6,0.48,0.705,II,full-minimal,-inf,-0.08004270767,1,-1,0.5489250314,0.2081205479,0.3785227896,0.2744625157,0.4878596707,0.2986185596,0.04113043027,true,0.1,0.05,true,true,true,0,0,0.2785227896,0.2244625157
3,0.1,4.125,6,0.48,0.705,II,full-pool,-0.05,-0.05,1,-1,0.5484840536,0.2076499444,0.378066999,0.2742420268,0.492417577,0.3003321734,0.04097563812,true,0.1,0.05,true,true,true,0,0,0.278066999,0.2242420268
3,0.1,4.125,6,0.48,0.705,II,full-pool,0,0,1,-1,0.5477352889,0.2068822245,0.3773087567,0.2738676444,0.5,0.3032653299,0.04069617827,true,0.1,0.05,true,true,true,0,0,0.2773087567,0.2238676444
3,0.1,4.125,6,0.48,0.705,II,full-pool,0.05,0.05,1,-1,0.546967569,0.2061334598,0.3765505144,0.2734837845,0.507582423,0.3062975727,0.04038833066,true,0.1,0.05,true,true,true,0,0,0.2765505144,0.2234837845
3,0.1,4.125,6,0.48,0.705,II,full-pool,0.1,0.1,1,-1,0.5461804143,0.2054031821,0.3757917982,0.2730902071,0.5151695853,0.3094263374,0.04005084914,true,0.1,0.05,true,true,true,0,0,0.2757917982,0.2230902071
3,0.1,4.125,6,0.48,0.705,II,full-pool,0.15,0.15,1,-1,0.5453733326,0.204690935,0.3750321338,0.2726866663,0.5227662291,0.3126492057,0.03968251936,true,0.1,0.05,true,true,true,0,0,0.2750321338,0.2226866663
3,0.1,4.125,6,0.48,0.705,II,full-pool,0.2,0.2,1,-1,0.5445458196,0.2039962734,0.3742710465,0.2722729098,0.5303771025,0.3159638882,0.03928216225,true,0.1,0.05,true,true,true,0,0,0.2742710465,0.2222729098
3,0.1,4.125,6,0.48,0.705,II,full-pool,0.25,0.25,1,-1,0.5436973579,0.203318763,0.3735080605,0.271848679,0.5380069626,0.3193682083,0.03884863748,true,0.1,0.05,true,true,true,0,0,0.2735080605,0.221848679
3,0.1,4.125,6,0.48,0.705,II,full-pool,0.3,0.3,1,-1,0.5428274174,0.2026579804,0.3727426989,0.2714137087,0.5456605782,0.3228600882,0.03838084684,true,0.1,0.05,true,true,true,0,0,0.2727426989,0.2214137087
3,0.1,4.125,6,0.48,0.705,II,full-pool,0.35,0.35,1,-1,0.5419354542,0.2020135126,0.3719744834,0.2709677271,0.5533427333,0.326437536,0.03787773764,true,0.1,0.05,true,true,true,0,0,0.2719744834,0.2209677271
3,0.1,4.125,6,0.48,0.705,II,full-pool,0.4,0.4,1,-1,0.5410209108,0.2013849568,0.3712029338,0.2705104554,0.5610582292,0.3300986342,0.03733830593,true,0.1,0.05,true,true,true,0,0,0.2712029338,0.2205104554
3,0.1,4.125,6,0.48,0.705,II,full-pool,0.45,0.45,1,-1,0.5400832157,0.20077192,0.3704275679,0.2700416079,0.5688118886,0.3338415294,0.03676159958,true,0.1,0.05,true,true,true,0,0,0.2704275679,0.2200416079
3,0.1,4.125,6,0.48,0.705,II,full-pool,0.5,0.5,1,-1,0.5391217827,0.2001740192,0.369647901,0.2695608914,0.5766085576,0.3376644228,0.0361467213,true,0.1,0.05,true,true,true,0,0,0.269647901,0.2195608914
3,0.1,4.125,6,0.48,0.705,II,full-pool,0.55,0.55,1,-1,0.5381360109,0.1995908806,0.3688634458,0.2690680055,0.5844531094,0.3415655618,0.03549283133,true,0.1,0.05,true,true,true,0,0,0.2688634458,0.2190680055
3,0.1,4.125,6,0.48,0.705,II,full-pool,0.6,0.6,1,-1,0.5371252842,0.1990221398,0.368073712,0.2685626421,0.5923504472,0.3455432324,0.03479915,true,0.1,0.05,true,true,true,0,0,0.268073712,0.2185626421
3,0.1,4.125,6,0.48,0.705,II,full-pool,0.65,0.65,1,-1,0.5360889708,0.1984674412,0.367278206,0.2680444854,0.6003055071,0.349595752,0.03406496011,true,0.1,0.05,true,true,true,0,0,0.267278206,0.2180444854
3,0.1,4.125,6,0.48,0.705,II,full-pool,0.7,0.7,1,-1,0.535026423,0.1979264382,0.3664764306,0.2675132115,0.6083232611,0.3537214633,0.03328960893,true,0.1,0.05,true,true,true,0,0,0.2664764306,0.2175132115
3,0.1,4.125,6,0.48,0.705,II,full-pool,0.75,0.75,1,-1,0.5339369767,0.1973987925,0.3656678846,0.2669684884,0.6164087207,0.3579187286,0.03247251009,true,0.1,0.05,true,true,true,0,0,0.2656678846,0.2169684884
3,0.1,4.125,6,0.48,0.705,II,full-pool,0.8,0.8,1,-1,0.532819951,0.1968841745,0.3648520628,0.2664099755,0.6245669396,0.3621859246,0.03161314512,true,0.1,0.05,true,true,true,0,0,0.2648520628,0.2164099755
3,0.1,4.125,6,0.48,0.705,II,full-pool,0.85,0.85,1,-1,0.5316746475,0.1963822625,0.364028455,0.2658373238,0.6328030168,0.3665214378,0.03071106477,true,0.1,0.05,true,true,true,0,0,0.264028455,0.2158373238
3,0.1,4.125,6,0.48,0.705,II,full-pool,0.9,0.9,1,-1,0.5243852877,0.1933705117,0.3588778997,0.2621926439,0.6411221003,0.3709236603,0.02976589001,true,0.1,0.05,true,true,true,0,0,0.2588778997,0.2121926439
3,0.1,4.125,6,0.48,0.705,II,full-pool,0.95,0.95,1,-1,0.512345044,0.1885961768,0.3504706104,0.256172522,0.6495293896,0.375390986,0.02877731277,true,0.1,0.05,true,true,true,0,0,0.2504706104,0.206172522
3,0.1,4.125,6,0.48,0.705,II,full-pool,1,1,1,-1,0.5,0.1839397206,0.3419698603,0.25,0.6580301397,0.3799218074,0.02774509651,true,0.1,0.05,true,true,true,0,0,0.2419698603,0.2
3,0.1,4.125,6,0.48,0.705,II,full-pool,1.05,1.05,1,-1,0.487654956,0.1793982327,0.3335265944,0.243827478,0.6664734056,0.3843702087,0.02671725523,true,0.1,0.05,true,true,true,0,0,0.2335265944,0.193827478
3,0.1,4.125,6,0.48,0.705,II,full-pool,1.1,1.1,1,-1,0.4756147123,0.1749688746,0.3252917934,0.2378073561,0.6747082066,0.3886015337,0.02573957129,true,0.1,0.05,true,true,true,0,0,0.2252917934,0.1878073561
3,0.1,4.125,6,0.48,0.705,II,full-pool,1.15,1.15,1,-1,0.4638717432,0.1706488777,0.3172603104,0.2319358716,0.6827396896,0.3926300646,0.02480874467,true,0.1,0.05,true,true,true,0,0,0.2172603104,0.1819358716
3,0.1,4.125,6,0.48,0.705,II,full-pool,1.2,1.2,1,-1,0.452418709,0.1664355418,0.3094271254,0.2262093545,0.6905728746,0.3964688675,0.02392175632,true,0.1,0.05,true,true,true,0,0,0.2094271254,0.1762093545
3,0.1,4.125,6,0.48,0.705,II,full-pool,1.25,1.25,1,-1,0.4412484513,0.1623262337,0.3017873425,0.2206242256,0.6982126575,0.4001299194,0.02307583888,true,0.1,0.05,true,true,true,0,0,0.2017873425,0.1706242256
3,0.1,4.125,6,0.48,0.705,II,full-pool,1.3,1.3,1,-1,0.4303539882,0.1583183847,0.2943361865,0.2151769941,0.7056638135,0.4036242194,0.02226845088,true,0.1,0.05,true,true,true,0,0,0.1943361865,0.1651769941
3,0.1,4.125,6,0.48,0.705,II,full-pool,1.35,1.35,1,-1,0.4197285104,0.1544094898,0.2870690001,0.2098642552,0.7129309999,0.4069618867,0.02149725422,true,0.1,0.05,true,true,true,0,0,0.1870690001,0.1598642552
3,0.1,4.125,6,0.48,0.705,II,full-pool,1.4,1.4,1,-1,0.4093653765,0.150597106,0.2799812412,0.2046826883,0.7200187588,0.4101522469,0.02076009412,true,0.1,0.05,true,true,true,0,0,0.1799812412,0.1546826883
3,0.1,4.125,6,0.48,0.705,II,full-pool,1.45,1.45,1,-1,0.3992581094,0.1468788502,0.2730684798,0.1996290547,0.7269315202,0.4132039084,0.02005498155,true,0.1,0.05,true,true,true,0,0,0.1730684798,0.1496290547
3,0.1,4.125,6,0.48,0.705,II,full-pool,1.5,1.5,1,-1,0.3894003915,0.1432523984,0.266326395,0.1947001958,0.733673605,0.4161248301,0.01938007754,true,0.1,0.05,true,true,true,0,0,0.166326395,0.1447001958
3,0.1,4.125,6,0.48,0.705,II,full-pool,1.55,1.55,1,-1,0.3797860616,0.1397154841,0.2597507729,0.1898930308,0.7402492271,0.4189223816,0.01873367927,true,0.1,0.05,true,true,true,0,0,0.1597507729,0.1398930308
3,0.1,4.125,6,0.48,0.705,II,full-pool,1.6,1.6,1,-1,0.3704091103,0.1362658965,0.2533375034,0.1852045552,0.7466624966,0.4216033968,0.0181142077,true,0.1,0.05,true,true,true,0,0,0.1533375034,0.1352045552
3,0.1,4.125,6,0.48,0.705,II,full-pool,1.65,1.65,1,-1,0.3612636768,0.1329014795,0.2470825782,0.1806318384,0.7529174218,0.4241742219,0.0175201965,true,0.1,0.05,true,true,true,0,0,0.1470825782,0.1306318384
3,0.1,4.125,6,0.48,0.705,II,full-pool,1.7,1.7,1,-1,0.3523440449,0.1296201303,0.2409820876,0.1761720224,0.7590179124,0.4266407581,0.01695028216,true,0.1,0.05,true,true,true,0,0,0.1409820876,0.1261720224
3,0.1,4.125,6,0.48,0.705,II,full-pool,1.75,1.75,1,-1,0.3436446394,0.1264197979,0.2350322186,0.1718223197,0.7649677814,0.4290084998,0.01640319512,true,0.1,0.05,true,true,true,0,0,0.1350322186,0.1218223197
3,0.1,4.125,6,0.48,0.705,II,full-pool,1.8,1.8,1,-1,0.335160023,0.123298482,0.2292292525,0.1675800115,0.7707707475,0.4312825695,0.01587775182,true,0.1,0.05,true,true,true,0,0,0.1292292525,0.1175800115
3,0.1,4.125,6,0.48,0.705,II,full-pool,1.85,1.85,1,-1,0.3268848926,0.1202542316,0.2235695621,0.1634424463,0.7764304379,0.4334677484,0.01537284749,true,0.1,0.05,true,true,true,0,0,0.1235695621,0.1134424463
3,0.1,4.125,6,0.48,0.705,II,full-pool,1.9,1.9,1,-1,0.3188140758,0.117285144,0.2180496099,0.1594070379,0.7819503901,0.4355685046,0.01488744974,true,0.1,0.05,true,true,true,0,0,0.1180496099,0.1094070379
3,0.1,4.125,6,0.48,0.705,II,full-pool,1.95,1.95,1,-1,0.3109425282,0.1143893635,0.2126659459,0.1554712641,0.7873340541,0.4375890184,0.0144205927,true,0.1,0.05,true,true,true,0,0,0.1126659459,0.1054712641
3,0.1,4.125,6,0.48,0.705,II,full-pool,2,2,1,-1,0.3032653299,0.1115650801,0.207415205,0.1516326649,0.792584795,0.4395332048,0.01397137174,true,0.1,0.05,true,true,true,0,0,0.107415205,0.1016326649
3,0.1,4.125,6,0.48,0.705,II,full-pool,2.05,2.05,1,-1,0.2957776822,0.1088105284,0.2022941053,0.1478888411,0.7977058947,0.4414047348,0.01353893869,true,0.1,0.05,true,true,true,0,0,0.1022941053,0.09788884109
3,0.1,4.125,6,0.48,0.705,II,full-pool,2.1,2.1,1,-1,0.2884749052,0.1061239869,0.1972994461,0.1442374526,0.8027005539,0.4432070536,0.01312249748,true,0.1,0.05,true,true,true,0,0,0.09729944605,0.0942374526
3,0.1,4.125,6,0.48,0.705,II,full-pool,2.15,2.15,1,-1,0.2813524344,0.1035037763,0.1924281054,0.1406762172,0.8075718946,0.4449433978,0.01272130024,true,0.1,0.05,true,true,true,0,0,0.09242810537,0.0906762172
3,0.1,4.125,6,0.48,0.705,II,full-pool,2.2,2.2,1,-1,0.274405818,0.100948259,0.1876770385,0.137202909,0.8123229615,0.4466168115,0.01233464365,true,0.1,0.05,true,true,true,0,0,0.08767703852,0.08720290902
3,0.1,4.125,6,0.48,0.705,II,full-pool,2.25,2.25,1,-1,0.2676307143,0.0984558376,0.1830432759,0.1338153571,0.8169567241,0.4482301597,0.01196186572,true,0.1,0.05,true,true,true,0,0,0.08304327593,0.08381535713
3,0.1,4.125,6,0.48,0.705,II,full-pool,2.3,2.3,1,-1,0.2610228884,0.09602495431,0.1785239213,0.1305114442,0.8214760787,0.4497861416,0.01160234276,true,0.1,0.05,true,true,true,0,0,0.07852392135,0.08051144419
3,0.1,4.125,6,0.48,0.705,II,full-pool,2.35,2.35,1,-1,0.2545782103,0.09365408974,0.17411615,0.1272891052,0.82588385,0.4512873025,0.01125548664,true,0.1,0.05,true,true,true,0,0,0.07411615002,0.07728910515
3,0.1,4.125,6,0.48,0.705,II,full-pool,2.4,2.4,1,-1,0.2482926519,0.09134176203,0.169817207,0.1241463259,0.830182793,0.4527360446,0.01092074234,true,0.1,0.05,true,true,true,0,0,0.06981720696,0.07414632595
3,0.1,4.125,6,0.48,0.705,II,full-pool,2.45,2.45,1,-1,0.2421622845,0.08908652589,0.1656244052,0.1210811422,0.8343755948,0.4541346369,0.01059758561,true,0.1,0.05,true,true,true,0,0,0.06562440518,0.07108114224
3,0.1,4.125,6,0.48,0.705,II,full-pool,2.5,2.5,1,-1,0.2361832764,0.08688697173,0.161535124,0.1180916382,0.838464876,0.455485224,0.01028552088,true,0.1,0.05,true,true,true,0,0,0.06153512405,0.06809163819
3,0.1,4.125,6,0.48,0.705,II,full-pool,2.55,2.55,1,-1,0.2303518905,0.08474172475,0.1575468076,0.1151759452,0.8424531924,0.456789835,0.009984079305,true,0.1,0.05,true,true,true,0,0,0.05754680762,0.06517594525
3,0.1,4.125,6,0.48,0.705,II,full-pool,2.6,2.6,1,-1,0.2246644821,0.08264944411,0.1536569631,0.112332241,0.8463430369,0.458050391,0.009692817032,true,0.1,0.05,true,true,true,0,0,0.05365696308,0.06233224103
3,0.1,4.125,6,0.48,0.705,II,partial-pool,2.65,2.65,1,-0.9867528152,0.2191174962,0.08114451419,0.1501310052,0.1095587481,0.8498689948,0.4594134558,0.009324933455,true,0.1,0.05,true,true,true,0,0,0.05013100521,0.05955874812
3,0.1,4.125,6,0.48,0.705,II,partial-pool,2.7,2.7,1,-0.9681291962,0.213707466,0.0798814372,0.1467944516,0.106853733,0.8532055484,0.4607872836,0.008937126124,true,0.1,0.05,true,true,true,0,0,0.04679445159,0.05685373299
3,0.1,4.125,6,0.48,0.705,II,partial-pool,2.75,2.75,1,-0.9492447662,0.2084310098,0.07864827647,0.1435396432,0.1042155049,0.8564603568,0.462116538,0.008563173096,true,0.1,0.05,true,true,true,0,0,0.04353964315,0.05421550492
3,0.1,4.125,6,0.48,0.705,II,partial-pool,2.8,2.8,1,-0.9300975418,0.2032848299,0.07744432782,0.1403645788,0.1016424149,0.8596354212,0.4634029442,0.008202553519,true,0.1,0.05,true,true,true,0,0,0.04036457885,0.05164241494
3,0.1,4.125,6,0.48,0.705,II,partial-pool,2.85,2.85,1,-0.9106856155,0.1982657095,0.07626890282,0.1372673062,0.09913285477,0.8627326938,0.4646481443,0.007854771875,true,0.1,0.05,true,true,true,0,0,0.03726730618,0.04913285477
3,0.1,4.125,6,0.48,0.705,II,partial-pool,2.9,2.9,1,-0.8910070038,0.1933705117,0.07512133427,0.134245923,0.09668525586,0.865754077,0.4658537047,0.007519355601,true,0.1,0.05,true,true,true,0,0,0.034245923,0.04668525586
3,0.1,4.125,6,0.48,0.705,II,partial-pool,2.95,2.95,1,-0.871059761,0.1885961768,0.07400097123,0.131298574,0.09429808839,0.868701426,0.4670211185,0.007195854435,true,0.1,0.05,true,true,true,0,0,0.03129857401,0.04429808839
3,0.1,4.125,6,0.48,0.705,II,partial-pool,3,3,1,-0.85084198,0.1839397206,0.07290717877,0.1284234497,0.09196986029,0.8715765503,0.4681518101,0.00688383913,true,0.1,0.05,true,true,true,0,0,0.02842344968,0.04196986029
3,0.1,4.125,6,0.48,0.705,II,partial-pool,3.05,3.05,1,-0.8303516006,0.1793982327,0.0718393444,0.1256187886,0.08969911635,0.8743812114,0.469247141,0.006582899263,true,0.1,0.05,true,true,true,0,0,0.02561878855,0.03969911635
3,0.1,4.125,6,0.48,0.705,II,partial-pool,3.1,3.1,1,-0.8095867157,0.1749688746,0.07079686645,0.1228828705,0.08748443728,0.8771171295,0.4703084102,0.006292643803,true,0.1,0.05,true,true,true,0,0,0.0228828705,0.03748443728
3,0.1,4.125,6,0.48,0.705,II,partial-pool,3.15,3.15,1,-0.7885453415,0.1706488777,0.06977916208,0.1202140199,0.08532443883,0.8797859801,0.4713368598,0.006012698856,true,0.1,0.05,true,true,true,0,0,0.02021401987,0.03532443883
3,0.1,4.125,6,0.48,0.705,II,partial-pool,3.2,3.2,1,-0.7672253418,0.1664355418,0.06878566925,0.1176106056,0.08321777092,0.8823893944,0.4723336791,0.005742706405,true,0.1,0.05,true,true,true,0,0,0.01761060555,0.03321777092
3,0.1,4.125,6,0.48,0.705,II,partial-pool,3.25,3.25,1,-0.7456248474,0.1623262337,0.06781583178,0.1150710327,0.08116311684,0.8849289673,0.4733000033,0.005482325473,true,0.1,0.05,true,true,true,0,0,0.01507103273,0.03116311684
3,0.1,4.125,6,0.48,0.705,II,partial-pool,3.257305908,3.257305908,1,-0.7424449921,0.1617343451,0.06767607014,0.1147052076,0.08086717256,0.8852947924,0.4734387134,0.005445064036,true,0.1,0.05,true,true,true,0,0,0.01470520763,0.03086717256
3,0.1,4.15,6,0.483,0.705,II,full-minimal,-inf,-0.06802622086,1,-1,0.5487494435,0.2079314671,0.3783404553,0.2743747218,0.4896830138,0.2992995212,0.04106967323,true,0.1,0.05,true,true,true,0,0,0.2783404553,0.2243747218
3,0.1,4.15,6,0.483,0.705,II,full-pool,-0.05,-0.05,1,-1,0.5484840536,0.2076499444,0.378066999,0.2742420268,0.492417577,0.3003321734,0.04097563812,true,0.1,0.05,true,true,true,0,0,0.278066999,0.2242420268
3,0.1,4.15,6,0.483,0.705,II,full-pool,0,0,1,-1,0.5477352889,0.2068822245,0.3773087567,0.2738676444,0.5,0.3032653299,0.04069617827,true,0.1,0.05,true,true,true,0,0,0.2773087567,0.2238676444
3,0.1,4.15,6,0.483,0.705,II,full-pool,0.05,0.05,1,-1,0.546967569,0.2061334598,0.3765505144,0.2734837845,0.507582423,0.3062975727,0.04038833066,true,0.1,0.05,true,true,true,0,0,0.2765505144,0.2234837845
3,0.1,4.15,6,0.483,0.705,II,full-pool,0.1,0.1,1,-1,0.5461804143,0.2054031821,0.3757917982,0.2730902071,0.5151695853,0.3094263374,0.04005084914,true,0.1,0.05,true,true,true,0,0,0.2757917982,0.2230902071
3,0.1,4.15,6,0.483,0.705,II,full-pool,0.15,0.15,1,-1,0.5453733326,0.204690935,0.3750321338,0.2726866663,0.5227662291,0.3126492057,0.03968251936,true,0.1,0.05,true,true,true,0,0,0.2750321338,0.2226866663
3,0.1,4.15,6,0.483,0.705,II,full-pool,0.2,0.2,1,-1,0.5445458196,0.2039962734,0.3742710465,0.2722729098,0.5303771025,0.3159638882,0.03928216225,true,0.1,0.05,true,true,true,0,0,0.2742710465,0.2222729098
3,0.1,4.15,6,0.483,0.705,II,full-pool,0.25,0.25,1,-1,0.5436973579,0.203318763,0.3735080605,0.271848679,0.5380069626,0.3193682083,0.03884863748,true,0.1,0.05,true,true,true,0,0,0.2735080605,0.221848679
3,0.1,4.15,6,0.483,0.705,II,full-pool,0.3,0.3,1,-1,0.5428274174,0.2026579804,0.3727426989,0.2714137087,0.5456605782,0.3228600882,0.03838084684,true,0.1,0.05,true,true,true,0,0,0.2727426989,0.2214137087
3,0.1,4.15,6,0.483,0.705,II,full-pool,0.35,0.35,1,-1,0.5419354542,0.2020135126,0.3719744834,0.2709677271,0.5533427333,0.326437536,0.03787773764,true,0.1,0.05,true,true,true,0,0,0.2719744834,0.2209677271
3,0.1,4.15,6,0.483,0.705,II,full-pool,0.4,0.4,1,-1,0.5410209108,0.2013849568,0.3712029338,0.2705104554,0.5610582292,0.3300986342,0.03733830593,true,0.1,0.05,true,true,true,0,0,0.2712029338,0.2205104554
3,0.1,4.15,6,0.483,0.705,II,full-pool,0.45,0.45,1,-1,0.5400832157,0.20077192,0.3704275679,0.2700416079,0.5688118886,0.3338415294,0.03676159958,true,0.1,0.05,true,true,true,0,0,0.2704275679,0.2200416079
3,0.1,4.15,6,0.483,0.705,II,full-pool,0.5,0.5,1,-1,0.5391217827,0.2001740192,0.369647901,0.2695608914,0.5766085576,0.3376644228,0.0361467213,true,0.1,0.05,true,true,true,0,0,0.269647901,0.2195608914
3,0.1,4.15,6,0.483,0.705,II,full-pool,0.55,0.55,1,-1,0.5381360109,0.1995908806,0.3688634458,0.2690680055,0.5844531094,0.3415655618,0.03549283133,true,0.1,0.05,true,true,true,0,0,0.2688634458,0.2190680055
3,0.1,4.15,6,0.483,0.705,II,full-pool,0.6,0.6,1,-1,0.5371252842,0.1990221398,0.368073712,0.2685626421,0.5923504472,0.3455432324,0.03479915,true,0.1,0.05,true,true,true,0,0,0.268073712,0.2185626421
3,0.1,4.15,6,0.483,0.705,II,full-pool,0.65,0.65,1,-1,0.5360889708,0.1984674412,0.367278206,0.2680444854,0.6003055071,0.349595752,0.03406496011,true,0.1,0.05,true,true,true,0,0,0.267278206,0.2180444854
3,0.1,4.15,6,0.483,0.705,II,full-pool,0.7,0.7,1,-1,0.535026423,0.1979264382,0.3664764306,0.2675132115,0.6083232611,0.3537214633,0.03328960893,true,0.1,0.05,true,true,true,0,0,0.2664764306,0.2175132115
3,0.1,4.15,6,0.483,0.705,II,full-pool,0.75,0.75,1,-1,0.5339369767,0.1973987925,0.3656678846,0.2669684884,0.6164087207,0.3579187286,0.03247251009,true,0.1,0.05,true,true,true,0,0,0.2656678846,0.2169684884
3,0.1,4.15,6,0.483,0.705,II,full-pool,0.8,0.8,1,-1,0.532819951,0.1968841745,0.3648520628,0.2664099755,0.6245669396,0.3621859246,0.03161314512,true,0.1,0.05,true,true,true,0,0,0.2648520628,0.2164099755
3,0.1,4.15,6,0.483,0.705,II,full-pool,0.85,0.85,1,-1,0.5316746475,0.1963822625,0.364028455,0.2658373238,0.6328030168,0.3665214378,0.03071106477,true,0.1,0.05,true,true,true,0,0,0.264028455,0.2158373238
3,0.1,4.15,6,0.483,0.705,II,full-pool,0.9,0.9,1,-1,0.5243852877,0.1933705117,0.3588778997,0.2621926439,0.6411221003,0.3709236603,0.02976589001,true,0.1,0.05,true,true,true,0,0,0.2588778997,0.2121926439
3,0.1,4.15,6,0.483,0.705,II,full-pool,0.95,0.95,1,-1,0.512345044,0.1885961768,0.3504706104,0.256172522,0.6495293896,0.375390986,0.02877731277,true,0.1,0.05,true,true,true,0,0,0.2504706104,0.206172522
3,0.1,4.15,6,0.483,0.705,II,full-pool,1,1,1,-1,0.5,0.1839397206,0.3419698603,0.25,0.6580301397,0.3799218074,0.02774509651,true,0.1,0.05,true,true,true,0,0,0.2419698603,0.2
3,0.1,4.15,6,0.483,0.705,II,full-pool,1.05,1.05,1,-1,0.487654956,0.1793982327,0.3335265944,0.243827478,0.6664734056,0.3843702087,0.02671725523,true,0.1,0.05,true,true,true,0,0,0.2335265944,0.193827478
3,0.1,4.15,6,0.483,0.705,II,full-pool,1.1,1.1,1,-1,0.4756147123,0.1749688746,0.3252917934,0.2378073561,0.6747082066,0.3886015337,0.02573957129,true,0.1,0.05,true,true,true,0,0,0.2252917934,0.1878073561
3,0.1,4.15,6,0.483,0.705,II,full-pool,1.15,1.15,1,-1,0.4638717432,0.1706488777,0.3172603104,0.2319358716,0.6827396896,0.3926300646,0.02480874467,true,0.1,0.05,true,true,true,0,0,0.2172603104,0.1819358716
3,0.1,4.15,6,0.483,0.705,II,full-pool,1.2,1.2,1,-1,0.452418709,0.1664355418,0.3094271254,0.2262093545,0.6905728746,0.3964688675,0.02392175632,true,0.1,0.05,true,true,true,0,0,0.2094271254,0.1762093545
3,0.1,4.15,6,0.483,0.705,II,full-pool,1.25,1.25,1,-1,0.4412484513,0.1623262337,0.3017873425,0.2206242256,0.6982126575,0.4001299194,0.02307583888,true,0.1,0.05,true,true,true,0,0,0.2017873425,0.1706242256
3,0.1,4.15,6,0.483,0.705,II,full-pool,1.3,1.3,1,-1,0.4303539882,0.1583183847,0.2943361865,0.2151769941,0.7056638135,0.4036242194,0.02226845088,true,0.1,0.05,true,true,true,0,0,0.1943361865,0.1651769941
3,0.1,4.15,6,0.483,0.705,II,full-pool,1.35,1.35,1,-1,0.4197285104,0.1544094898,0.2870690001,0.2098642552,0.7129309999,0.4069618867,0.02149725422,true,0.1,0.05,true,true,true,0,0,0.1870690001,0.1598642552
3,0.1,4.15,6,0.483,0.705,II,full-pool,1.4,1.4,1,-1,0.4093653765,0.150597106,0.2799812412,0.2046826883,0.7200187588,0.4101522469,0.02076009412,true,0.1,0.05,true,true,true,0,0,0.1799812412,0.1546826883
3,0.1,4.15,6,0.483,0.705,II,full-pool,1.45,1.45,1,-1,0.3992581094,0.1468788502,0.2730684798,0.1996290547,0.7269315202,0.4132039084,0.02005498155,true,0.1,0.05,true,true,true,0,0,0.1730684798,0.1496290547
3,0.1,4.15,6,0.483,0.705,II,full-pool,1.5,1.5,1,-1,0.3894003915,0.1432523984,0.266326395,0.1947001958,0.733673605,0.4161248301,0.01938007754,true,0.1,0.05,true,true,true,0,0,0.166326395,0.1447001958
3,0.1,4.15,6,0.483,0.705,II,full-pool,1.55,1.55,1,-1,0.3797860616,0.1397154841,0.2597507729,0.1898930308,0.7402492271,0.4189223816,0.01873367927,true,0.1,0.05,true,true,true,0,0,0.1597507729,0.1398930308
3,0.1,4.15,6,0.483,0.705,II,full-pool,1.6,1.6,1,-1,0.3704091103,0.1362658965,0.2533375034,0.1852045552,0.7466624966,0.4216033968,0.0181142077,true,0.1,0.05,true,true,true,0,0,0.1533375034,0.1352045552
3,0.1,4.15,6,0.483,0.705,II,full-pool,1.65,1.65,1,-1,0.3612636768,0.1329014795,0.2470825782,0.1806318384,0.7529174218,0.4241742219,0.0175201965,true,0.1,0.05,true,true,true,0,0,0.1470825782,0.1306318384
3,0.1,4.15,6,0.483,0.705,II,full-pool,1.7,1.7,1,-1,0.3523440449,0.1296201303,0.2409820876,0.1761720224,0.7590179124,0.4266407581,0.01695028216,true,0.1,0.05,true,true,true,0,0,0.1409820876,0.1261720224
3,0.1,4.15,6,0.483,0.705,II,full-pool,1.75,1.75,1,-1,0.3436446394,0.1264197979,0.2350322186,0.1718223197,0.7649677814,0.4290084998,0.01640319512,true,0.1,0.05,true,true,true,0,0,0.1350322186,0.1218223197
3,0.1,4.15,6,0.483,0.705,II,full-pool,1.8,1.8,1,-1,0.335160023,0.123298482,0.2292292525,0.1675800115,0.7707707475,0.4312825695,0.01587775182,true,0.1,0.05,true,true,true,0,0,0.1292292525,0.1175800115
3,0.1,4.15,6,0.483,0.705,II,full-pool,1.85,1.85,1,-1,0.3268848926,0.1202542316,0.2235695621,0.1634424463,0.7764304379,0.4334677484,0.01537284749,true,0.1,0.05,true,true,true,0,0,0.1235695621,0.1134424463
3,0.1,4.15,6,0.483,0.705,II,full-pool,1.9,1.9,1,-1,0.3188140758,0.117285144,0.2180496099,0.1594070379,0.7819503901,0.4355685046,0.01488744974,true,0.1,0.05,true,true,true,0,0,0.1180496099,0.1094070379
3,0.1,4.15,6,0.483,0.705,II,full-pool,1.95,1.95,1,-1,0.3109425282,0.1143893635,0.2126659459,0.1554712641,0.7873340541,0.4375890184,0.0144205927,true,0.1,0.05,true,true,true,0,0,0.1126659459,0.1054712641
3,0.1,4.15,6,0.483,0.705,II,full-pool,2,2,1,-1,0.3032653299,0.1115650801,0.207415205,0.1516326649,0.792584795,0.4395332048,0.01397137174,true,0.1,0.05,true,true,true,0,0,0.107415205,0.1016326649
3,0.1,4.15,6,0.483,0.705,II,full-pool,2.05,2.05,1,-1,0.2957776822,0.1088105284,0.2022941053,0.1478888411,0.7977058947,0.4414047348,0.01353893869,true,0.1,0.05,true,true,true,0,0,0.1022941053,0.09788884109
3,0.1,4.15,6,0.483,0.705,II,full-pool,2.1,2.1,1,-1,0.2884749052,0.1061239869,0.1972994461,0.1442374526,0.8027005539,0.4432070536,0.01312249748,true,0.1,0.05,true,true,true,0,0,0.09729944605,0.0942374526
3,0.1,4.15,6,0.483,0.705,II,full-pool,2.15,2.15,1,-1,0.2813524344,0.1035037763,0.1924281054,0.1406762172,0.8075718946,0.4449433978,0.01272130024,true,0.1,0.05,true,true,true,0,0,0.09242810537,0.0906762172
3,0.1,4.15,6,0.483,0.705,II,full-pool,2.2,2.2,1,-1,0.274405818,0.100948259,0.1876770385,0.137202909,0.8123229615,0.4466168115,0.01233464365,true,0.1,0.05,true,true,true,0,0,0.08767703852,0.08720290902
3,0.1,4.15,6,0.483,0.705,II,full-pool,2.25,2.25,1,-1,0.2676307143,0.0984558376,0.1830432759,0.1338153571,0.8169567241,0.4482301597,0.01196186572,true,0.1,0.05,true,true,true,0,0,0.08304327593,0.08381535713
3,0.1,4.15,6,0.483,0.705,II,full-pool,2.3,2.3,1,-1,0.2610228884,0.09602495431,0.1785239213,0.1305114442,0.8214760787,0.4497861416,0.01160234276,true,0.1,0.05,true,true,true,0,0,0.07852392135,0.08051144419
3,0.1,4.15,6,0.483,0.705,II,full-pool,2.35,2.35,1,-1,0.2545782103,0.09365408974,0.17411615,0.1272891052,0.82588385,0.4512873025,0.01125548664,true,0.1,0.05,true,true,true,0,0,0.07411615002,0.07728910515
3,0.1,4.15,6,0.483,0.705,II,full-pool,2.4,2.4,1,-1,0.2482926519,0.09134176203,0.169817207,0.1241463259,0.830182793,0.4527360446,0.01092074234,true,0.1,0.05,true,true,true,0,0,0.06981720696,0.07414632595
3,0.1,4.15,6,0.483,0.705,II,full-pool,2.45,2.45,1,-1,0.2421622845,0.08908652589,0.1656244052,0.1210811422,0.8343755948,0.4541346369,0.01059758561,true,0.1,0.05,true,true,true,0,0,0.06562440518,0.07108114224
3,0.1,4.15,6,0.483,0.705,II,full-pool,2.5,2.5,1,-1,0.2361832764,0.08688697173,0.161535124,0.1180916382,0.838464876,0.455485224,0.01028552088,true,0.1,0.05,true,true,true,0,0,0.06153512405,0.06809163819
3,0.1,4.15,6,0.483,0.705,II,full-pool,2.55,2.55,1,-1,0.2303518905,0.08474172475,0.1575468076,0.1151759452,0.8424531924,0.456789835,0.009984079305,true,0.1,0.05,true,true,true,0,0,0.05754680762,0.06517594525
3,0.1,4.15,6,0.483,0.705,II,full-pool,2.6,2.6,1,-1,0.2246644821,0.08264944411,0.1536569631,0.112332241,0.8463430369,0.458050391,0.009692817032,true,0.1,0.05,true,true,true,0,0,0.05365696308,0.06233224103
3,0.1,4.15,6,0.483,0.705,II,partial-pool,2.65,2.65,1,-0.9867528152,0.2191174962,0.08114451419,0.1501310052,0.1095587481,0.8498689948,0.4594134558,0.009324933455,true,0.1,0.05,true,true,true,0,0,0.05013100521,0.05955874812
3,0.1,4.15,6,0.483,0.705,II,partial-pool,2.7,2.7,1,-0.9681291962,0.213707466,0.0798814372,0.1467944516,0.106853733,0.8532055484,0.4607872836,0.008937126124,true,0.1,0.05,true,true,true,0,0,0.04679445159,0.05685373299
3,0.1,4.15,6,0.483,0.705,II,partial-pool,2.75,2.75,1,-0.9492447662,0.2084310098,0.07864827647,0.1435396432,0.1042155049,0.8564603568,0.462116538,0.008563173096,true,0.1,0.05,true,true,true,0,0,0.04353964315,0.05421550492
3,0.1,4.15,6,0.483,0.705,II,partial-pool,2.8,2.8,1,-0.9300975418,0.2032848299,0.07744432782,0.1403645788,0.1016424149,0.8596354212,0.4634029442,0.008202553519,true,0.1,0.05,true,true,true,0,0,0.04036457885,0.05164241494
3,0.1,4.15,6,0.483,0.705,II,partial-pool,2.85,2.85,1,-0.9106856155,0.1982657095,0.07626890282,0.1372673062,0.09913285477,0.8627326938,0.4646481443,0.007854771875,true,0.1,0.05,true,true,true,0,0,0.03726730618,0.04913285477
3,0.1,4.15,6,0.483,0.705,II,partial-pool,2.9,2.9,1,-0.8910070038,0.1933705117,0.07512133427,0.134245923,0.09668525586,0.865754077,0.4658537047,0.007519355601,true,0.1,0.05,true,true,true,0,0,0.034245923,0.04668525586
3,0.1,4.15,6,0.483,0.705,II,partial-pool,2.95,2.95,1,-0.871059761,0.1885961768,0.07400097123,0.131298574,0.09429808839,0.868701426,0.4670211185,0.007195854435,true,0.1,0.05,true,true,true,0,0,0.03129857401,0.04429808839
3,0.1,4.15,6,0.483,0.705,II,partial-pool,3,3,1,-0.85084198,0.1839397206,0.07290717877,0.1284234497,0.09196986029,0.8715765503,0.4681518101,0.00688383913,true,0.1,0.05,true,true,true,0,0,0.02842344968,0.04196986029
3,0.1,4.15,6,0.483,0.705,II,partial-pool,3.05,3.05,1,-0.8303516006,0.1793982327,0.0718393444,0.1256187886,0.08969911635,0.8743812114,0.469247141,0.006582899263,true,0.1,0.05,true,true,true,0,0,0.02561878855,0.03969911635
3,0.1,4.15,6,0.483,0.705,II,partial-pool,3.1,3.1,1,-0.8095867157,0.1749688746,0.07079686645,0.1228828705,0.08748443728,0.8771171295,0.4703084102,0.006292643803,true,0.1,0.05,true,true,true,0,0,0.0228828705,0.03748443728
3,0.1,4.15,6,0.483,0.705,II,partial-pool,3.15,3.15,1,-0.7885453415,0.1706488777,0.06977916208,0.1202140199,0.08532443883,0.8797859801,0.4713368598,0.006012698856,true,0.1,0.05,true,true,true,0,0,0.02021401987,0.03532443883
3,0.1,4.15,6,0.483,0.705,II,partial-pool,3.2,3.2,1,-0.7672253418,0.1664355418,0.06878566925,0.1176106056,0.08321777092,0.8823893944,0.4723336791,0.005742706405,true,0.1,0.05,true,true,true,0,0,0.01761060555,0.03321777092
3,0.1,4.15,6,0.483,0.705,II,partial-pool,3.25,3.25,1,-0.7456248474,0.1623262337,0.06781583178,0.1150710327,0.08116311684,0.8849289673,0.4733000033,0.005482325473,true,0.1,0.05,true,true,true,0,0,0.01507103273,0.03116311684
3,0.1,4.15,6,0.483,0.705,II,partial-pool,3.257305908,3.257305908,1,-0.7424449921,0.1617343451,0.06767607014,0.1147052076,0.08086717256,0.8852947924,0.4734387134,0.005445064036,true,0.1,0.05,true,true,true,0,0,0.01470520763,0.03086717256
3,0.1,4.175,6,0.486,0.705,II,full-minimal,-inf,-0.05601464155,1,-1,0.5485728699,0.2077435955,0.3781582327,0.2742864349,0.4915052402,0.2999861404,0.04100740274,true,0.1,0.05,true,true,true,0,0,0.2781582327,0.2242864349
3,0.1,4.175,6,0.486,0.705,II,full-pool,-0.05,-0.05,1,-1,0.5484840536,0.2076499444,0.378066999,0.2742420268,0.492417577,0.3003321734,0.04097563812,true,0.1,0.05,true,true,true,0,0,0.278066999,0.2242420268
3,0.1,4.175,6,0.486,0.705,II,full-pool,0,0,1,-1,0.5477352889,0.2068822245,0.3773087567,0.2738676444,0.5,0.3032653299,0.04069617827,true,0.1,0.05,true,true,true,0,0,0.2773087567,0.2238676444
3,0.1,4.175,6,0.486,0.705,II,full-pool,0.05,0.05,1,-1,0.546967569,0.2061334598,0.3765505144,0.2734837845,0.507582423,0.3062975727,0.04038833066,true,0.1,0.05,true,true,true,0,0,0.2765505144,0.2234837845
3,0.1,4.175,6,0.486,0.705,II,full-pool,0.1,0.1,1,-1,0.5461804143,0.2054031821,0.3757917982,0.2730902071,0.5151695853,0.3094263374,0.04005084914,true,0.1,0.05,true,true,true,0,0,0.2757917982,0.2230902071
3,0.1,4.175,6,0.486,0.705,II,full-pool,0.15,0.15,1,-1,0.5453733326,0.204690935,0.3750321338,0.2726866663,0.5227662291,0.3126492057,0.03968251936,true,0.1,0.05,true,true,true,0,0,0.2750321338,0.2226866663
3,0.1,4.175,6,0.486,0.705,II,full-pool,0.2,0.2,1,-1,0.5445458196,0.2039962734,0.3742710465,0.2722729098,0.5303771025,0.3159638882,0.03928216225,true,0.1,0.05,true,true,true,0,0,0.2742710465,0.2222729098
3,0.1,4.175,6,0.486,0.705,II,full-pool,0.25,0.25,1,-1,0.5436973579,0.203318763,0.3735080605,0.271848679,0.5380069626,0.3193682083,0.03884863748,true,0.1,0.05,true,true,true,0,0,0.2735080605,0.221848679
3,0.1,4.175,6,0.486,0.705,II,full-pool,0.3,0.3,1,-1,0.5428274174,0.2026579804,0.3727426989,0.2714137087,0.5456605782,0.3228600882,0.03838084684,true,0.1,0.05,true,true,true,0,0,0.2727426989,0.2214137087
3,0.1,4.175,6,0.486,0.705,II,full-pool,0.35,0.35,1,-1,0.5419354542,0.2020135126,0.3719744834,0.2709677271,0.5533427333,0.326437536,0.03787773764,true,0.1,0.05,true,true,true,0,0,0.2719744834,0.2209677271
3,0.1,4.175,6,0.486,0.705,II,full-pool,0.4,0.4,1,-1,0.5410209108,0.2013849568,0.3712029338,0.2705104554,0.5610582292,0.3300986342,0.03733830593,true,0.1,0.05,true,true,true,0,0,0.2712029338,0.2205104554
3,0.1,4.175,6,0.486,0.705,II,full-pool,0.45,0.45,1,-1,0.5400832157,0.20077192,0.3704275679,0.2700416079,0.5688118886,0.3338415294,0.03676159958,true,0.1,0.05,true,true,true,0,0,0.2704275679,0.2200416079
3,0.1,4.175,6,0.486,0.705,II,full-pool,0.5,0.5,1,-1,0.5391217827,0.2001740192,0.369647901,0.2695608914,0.5766085576,0.3376644228,0.0361467213,true,0.1,0.05,true,true,true,0,0,0.269647901,0.2195608914
3,0.1,4.175,6,0.486,0.705,II,full-pool,0.55,0.55,1,-1,0.5381360109,0.1995908806,0.3688634458,0.2690680055,0.5844531094,0.3415655618,0.03549283133,true,0.1,0.05,true,true,true,0,0,0.2688634458,0.2190680055
3,0.1,4.175,6,0.486,0.705,II,full-pool,0.6,0.6,1,-1,0.5371252842,0.1990221398,0.368073712,0.2685626421,0.5923504472,0.3455432324,0.03479915,true,0.1,0.05,true,true,true,0,0,0.268073712,0.2185626421
3,0.1,4.175,6,0.486,0.705,II,full-pool,0.65,0.65,1,-1,0.5360889708,0.1984674412,0.367278206,0.2680444854,0.6003055071,0.349595752,0.03406496011,true,0.1,0.05,true,true,true,0,0,0.267278206,0.2180444854
3,0.1,4.175,6,0.486,0.705,II,full-pool,0.7,0.7,1,-1,0.535026423,0.1979264382,0.3664764306,0.2675132115,0.6083232611,0.3537214633,0.03328960893,true,0.1,0.05,true,true,true,0,0,0.2664764306,0.2175132115
3,0.1,4.175,6,0.486,0.705,II,full-pool,0.75,0.75,1,-1,0.5339369767,0.1973987925,0.3656678846,0.2669684884,0.6164087207,0.3579187286,0.03247251009,true,0.1,0.05,true,true,true,0,0,0.2656678846,0.2169684884
3,0.1,4.175,6,0.486,0.705,II,full-pool,0.8,0.8,1,-1,0.532819951,0.1968841745,0.3648520628,0.2664099755,0.6245669396,0.3621859246,0.03161314512,true,0.1,0.05,true,true,true,0,0,0.2648520628,0.2164099755
3,0.1,4.175,6,0.486,0.705,II,full-pool,0.85,0.85,1,-1,0.5316746475,0.1963822625,0.364028455,0.2658373238,0.6328030168,0.3665214378,0.03071106477,true,0.1,0.05,true,true,true,0,0,0.264028455,0.2158373238
3,0.1,4.175,6,0.486,0.705,II,full-pool,0.9,0.9,1,-1,0.5243852877,0.1933705117,0.3588778997,0.2621926439,0.6411221003,0.3709236603,0.02976589001,true,0.1,0.05,true,true,true,0,0,0.2588778997,0.2121926439
3,0.1,4.175,6,0.486,0.705,II,full-pool,0.95,0.95,1,-1,0.512345044,0.1885961768,0.3504706104,0.256172522,0.6495293896,0.375390986,0.02877731277,true,0.1,0.05,true,true,true,0,0,0.2504706104,0.206172522
3,0.1,4.175,6,0.486,0.705,II,full-pool,1,1,1,-1,0.5,0.1839397206,0.3419698603,0.25,0.6580301397,0.3799218074,0.02774509651,true,0.1,0.05,true,true,true,0,0,0.2419698603,0.2
3,0.1,4.175,6,0.486,0.705,II,full-pool,1.05,1.05,1,-1,0.487654956,0.1793982327,0.3335265944,0.243827478,0.6664734056,0.3843702087,0.02671725523,true,0.1,0.05,true,true,true,0,0,0.2335265944,0.193827478
3,0.1,4.175,6,0.486,0.705,II,full-pool,1.1,1.1,1,-1,0.4756147123,0.1749688746,0.3252917934,0.2378073561,0.6747082066,0.3886015337,0.02573957129,true,0.1,0.05,true,true,true,0,0,0.2252917934,0.1878073561
3,0.1,4.175,6,0.486,0.705,II,full-pool,1.15,1.15,1,-1,0.4638717432,0.1706488777,0.3172603104,0.2319358716,0.6827396896,0.3926300646,0.02480874467,true,0.1,0.05,true,true,true,0,0,0.2172603104,0.1819358716
3,0.1,4.175,6,0.486,0.705,II,full-pool,1.2,1.2,1,-1,0.452418709,0.1664355418,0.3094271254,0.2262093545,0.6905728746,0.3964688675,0.02392175632,true,0.1,0.05,true,true,true,0,0,0.2094271254,0.1762093545
3,0.1,4.175,6,0.486,0.705,II,full-pool,1.25,1.25,1,-1,0.4412484513,0.1623262337,0.3017873425,0.2206242256,0.6982126575,0.4001299194,0.02307583888,true,0.1,0.05,true,true,true,0,0,0.2017873425,0.1706242256
3,0.1,4.175,6,0.486,0.705,II,full-pool,1.3,1.3,1,-1,0.4303539882,0.1583183847,0.2943361865,0.2151769941,0.7056638135,0.4036242194,0.02226845088,true,0.1,0.05,true,true,true,0,0,0.1943361865,0.1651769941
3,0.1,4.175,6,0.486,0.705,II,full-pool,1.35,1.35,1,-1,0.4197285104,0.1544094898,0.2870690001,0.2098642552,0.7129309999,0.4069618867,0.02149725422,true,0.1,0.05,true,true,true,0,0,0.1870690001,0.1598642552
3,0.1,4.175,6,0.486,0.705,II,full-pool,1.4,1.4,1,-1,0.4093653765,0.150597106,0.2799812412,0.2046826883,0.7200187588,0.4101522469,0.02076009412,true,0.1,0.05,true,true,true,0,0,0.1799812412,0.1546826883
3,0.1,4.175,6,0.486,0.705,II,full-pool,1.45,1.45,1,-1,0.3992581094,0.1468788502,0.2730684798,0.1996290547,0.7269315202,0.4132039084,0.02005498155,true,0.1,0.05,true,true,true,0,0,0.1730684798,0.1496290547
3,0.1,4.175,6,0.486,0.705,II,full-pool,1.5,1.5,1,-1,0.3894003915,0.1432523984,0.266326395,0.1947001958,0.733673605,0.4161248301,0.01938007754,true,0.1,0.05,true,true,true,0,0,0.166326395,0.1447001958
3,0.1,4.175,6,0.486,0.705,II,full-pool,1.55,1.55,1,-1,0.3797860616,0.1397154841,0.2597507729,0.1898930308,0.7402492271,0.4189223816,0.01873367927,true,0.1,0.05,true,true,true,0,0,0.1597507729,0.1398930308
3,0.1,4.175,6,0.486,0.705,II,full-pool,1.6,1.6,1,-1,0.3704091103,0.1362658965,0.2533375034,0.1852045552,0.7466624966,0.4216033968,0.0181142077,true,0.1,0.05,true,true,true,0,0,0.1533375034,0.1352045552
3,0.1,4.175,6,0.486,0.705,II,full-pool,1.65,1.65,1,-1,0.3612636768,0.1329014795,0.2470825782,0.1806318384,0.7529174218,0.4241742219,0.0175201965,true,0.1,0.05,true,true,true,0,0,0.1470825782,0.1306318384
3,0.1,4.175,6,0.486,0.705,II,full-pool,1.7,1.7,1,-1,0.3523440449,0.1296201303,0.2409820876,0.1761720224,0.7590179124,0.4266407581,0.01695028216,true,0.1,0.05,true,true,true,0,0,0.1409820876,0.1261720224
3,0.1,4.175,6,0.486,0.705,II,full-pool,1.75,1.75,1,-1,0.3436446394,0.1264197979,0.2350322186,0.1718223197,0.7649677814,0.4290084998,0.01640319512,true,0.1,0.05,true,true,true,0,0,0.1350322186,0.1218223197
3,0.1,4.175,6,0.486,0.705,II,full-pool,1.8,1.8,1,-1,0.335160023,0.123298482,0.2292292525,0.1675800115,0.7707707475,0.4312825695,0.01587775182,true,0.1,0.05,true,true,true,0,0,0.1292292525,0.1175800115
3,0.1,4.175,6,0.486,0.705,II,full-pool,1.85,1.85,1,-1,0.3268848926,0.1202542316,0.2235695621,0.1634424463,0.7764304379,0.4334677484,0.01537284749,true,0.1,0.05,true,true,true,0,0,0.1235695621,0.1134424463
3,0.1,4.175,6,0.486,0.705,II,full-pool,1.9,1.9,1,-1,0.3188140758,0.117285144,0.2180496099,0.1594070379,0.7819503901,0.4355685046,0.01488744974,true,0.1,0.05,true,true,true,0,0,0.1180496099,0.1094070379
3,0.1,4.175,6,0.486,0.705,II,full-pool,1.95,1.95,1,-1,0.3109425282,0.1143893635,0.2126659459,0.1554712641,0.7873340541,0.4375890184,0.0144205927,true,0.1,0.05,true,true,true,0,0,0.1126659459,0.1054712641
3,0.1,4.175,6,0.486,0.705,II,full-pool,2,2,1,-1,0.3032653299,0.1115650801,0.207415205,0.1516326649,0.792584795,0.4395332048,0.01397137174,true,0.1,0.05,true,true,true,0,0,0.107415205,0.1016326649
3,0.1,4.175,6,0.486,0.705,II,full-pool,2.05,2.05,1,-1,0.2957776822,0.1088105284,0.2022941053,0.1478888411,0.7977058947,0.4414047348,0.01353893869,true,0.1,0.05,true,true,true,0,0,0.1022941053,0.09788884109
3,0.1,4.175,6,0.486,0.705,II,full-pool,2.1,2.1,1,-1,0.2884749052,0.1061239869,0.1972994461,0.1442374526,0.8027005539,0.4432070536,0.01312249748,true,0.1,0.05,true,true,true,0,0,0.09729944605,0.0942374526
3,0.1,4.175,6,0.486,0.705,II,full-pool,2.15,2.15,1,-1,0.2813524344,0.1035037763,0.1924281054,0.1406762172,0.8075718946,0.4449433978,0.01272130024,true,0.1,0.05,true,true,true,0,0,0.09242810537,0.0906762172
3,0.1,4.175,6,0.486,0.705,II,full-pool,2.2,2.2,1,-1,0.274405818,0.100948259,0.1876770385,0.137202909,0.8123229615,0.4466168115,0.01233464365,true,0.1,0.05,true,true,true,0,0,0.08767703852,0.08720290902
3,0.1,4.175,6,0.486,0.705,II,full-pool,2.25,2.25,1,-1,0.2676307143,0.0984558376,0.1830432759,0.1338153571,0.8169567241,0.4482301597,0.01196186572,true,0.1,0.05,true,true,true,0,0,0.08304327593,0.08381535713
3,0.1,4.175,6,0.486,0.705,II,full-pool,2.3,2.3,1,-1,0.2610228884,0.09602495431,0.1785239213,0.1305114442,0.8214760787,0.4497861416,0.01160234276,true,0.1,0.05,true,true,true,0,0,0.07852392135,0.08051144419
3,0.1,4.175,6,0.486,0.705,II,full-pool,2.35,2.35,1,-1,0.2545782103,0.09365408974,0.17411615,0.1272891052,0.82588385,0.4512873025,0.01125548664,true,0.1,0.05,true,true,true,0,0,0.07411615002,0.07728910515
3,0.1,4.175,6,0.486,0.705,II,full-pool,2.4,2.4,1,-1,0.2482926519,0.09134176203,0.169817207,0.1241463259,0.830182793,0.4527360446,0.01092074234,true,0.1,0.05,true,true,true,0,0,0.06981720696,0.07414632595
3,0.1,4.175,6,0.486,0.705,II,full-pool,2.45,2.45,1,-1,0.2421622845,0.08908652589,0.1656244052,0.1210811422,0.8343755948,0.4541346369,0.01059758561,true,0.1,0.05,true,true,true,0,0,0.06562440518,0.07108114224
3,0.1,4.175,6,0.486,0.705,II,full-pool,2.5,2.5,1,-1,0.2361832764,0.08688697173,0.161535124,0.1180916382,0.838464876,0.455485224,0.01028552088,true,0.1,0.05,true,true,true,0,0,0.06153512405,0.06809163819
3,0.1,4.175,6,0.486,0.705,II,full-pool,2.55,2.55,1,-1,0.2303518905,0.08474172475,0.1575468076,0.1151759452,0.8424531924,0.456789835,0.009984079305,true,0.1,0.05,true,true,true,0,0,0.05754680762,0.06517594525
3,0.1,4.175,6,0.486,0.705,II,full-pool,2.6,2.6,1,-1,0.2246644821,0.08264944411,0.1536569631,0.112332241,0.8463430369,0.458050391,0.009692817032,true,0.1,0.05,true,true,true,0,0,0.05365696308,0.06233224103
3,0.1,4.175,6,0.486,0.705,II,partial-pool,2.65,2.65,1,-0.9867528152,0.2191174962,0.08114451419,0.1501310052,0.1095587481,0.8498689948,0.4594134558,0.009324933455,true,0.1,0.05,true,true,true,0,0,0.05013100521,0.05955874812
3,0.1,4.175,6,0.486,0.705,II,partial-pool,2.7,2.7,1,-0.9681291962,0.213707466,0.0798814372,0.1467944516,0.106853733,0.8532055484,0.4607872836,0.008937126124,true,0.1,0.05,true,true,true,0,0,0.04679445159,0.05685373299
3,0.1,4.175,6,0.486,0.705,II,partial-pool,2.75,2.75,1,-0.9492447662,0.2084310098,0.07864827647,0.1435396432,0.1042155049,0.8564603568,0.462116538,0.008563173096,true,0.1,0.05,true,true,true,0,0,0.04353964315,0.05421550492
3,0.1,4.175,6,0.486,0.705,II,partial-pool,2.8,2.8,1,-0.9300975418,0.2032848299,0.07744432782,0.1403645788,0.1016424149,0.8596354212,0.4634029442,0.008202553519,true,0.1,0.05,true,true,true,0,0,0.04036457885,0.05164241494
3,0.1,4.175,6,0.486,0.705,II,partial-pool,2.85,2.85,1,-0.9106856155,0.1982657095,0.07626890282,0.1372673062,0.09913285477,0.8627326938,0.4646481443,0.007854771875,true,0.1,0.05,true,true,true,0,0,0.03726730618,0.04913285477
3,0.1,4.175,6,0.486,0.705,II,partial-pool,2.9,2.9,1,-0.8910070038,0.1933705117,0.07512133427,0.134245923,0.09668525586,0.865754077,0.4658537047,0.007519355601,true,0.1,0.05,true,true,true,0,0,0.034245923,0.04668525586
3,0.1,4.175,6,0.486,0.705,II,partial-pool,2.95,2.95,1,-0.871059761,0.1885961768,0.07400097123,0.131298574,0.09429808839,0.868701426,0.4670211185,0.007195854435,true,0.1,0.05,true,true,true,0,0,0.03129857401,0.04429808839
3,0.1,4.175,6,0.486,0.705,II,partial-pool,3,3,1,-0.85084198,0.1839397206,0.07290717877,0.1284234497,0.09196986029,0.8715765503,0.4681518101,0.00688383913,true,0.1,0.05,true,true,true,0,0,0.02842344968,0.04196986029
3,0.1,4.175,6,0.486,0.705,II,partial-pool,3.05,3.05,1,-0.8303516006,0.1793982327,0.0718393444,0.1256187886,0.08969911635,0.8743812114,0.469247141,0.006582899263,true,0.1,0.05,true,true,true,0,0,0.02561878855,0.03969911635
3,0.1,4.175,6,0.486,0.705,II,partial-pool,3.1,3.1,1,-0.8095867157,0.1749688746,0.07079686645,0.1228828705,0.08748443728,0.8771171295,0.4703084102,0.006292643803,true,0.1,0.05,true,true,true,0,0,0.0228828705,0.03748443728
3,0.1,4.175,6,0.486,0.705,II,partial-pool,3.15,3.15,1,-0.7885453415,0.1706488777,0.06977916208,0.1202140199,0.08532443883,0.8797859801,0.4713368598,0.006012698856,true,0.1,0.05,true,true,true,0,0,0.02021401987,0.03532443883
3,0.1,4.175,6,0.486,0.705,II,partial-pool,3.2,3.2,1,-0.7672253418,0.1664355418,0.06878566925,0.1176106056,0.08321777092,0.8823893944,0.4723336791,0.005742706405,true,0.1,0.05,true,true,true,0,0,0.01761060555,0.03321777092
3,0.1,4.175,6,0.486,0.705,II,partial-pool,3.25,3.25,1,-0.7456248474,0.1623262337,0.06781583178,0.1150710327,0.08116311684,0.8849289673,0.4733000033,0.005482325473,true,0.1,0.05,true,true,true,0,0,0.01507103273,0.03116311684
3,0.1,4.175,6,0.486,0.705,II,partial-pool,3.257305908,3.257305908,1,-0.7424449921,0.1617343451,0.06767607014,0.1147052076,0.08086717256,0.8852947924,0.4734387134,0.005445064036,true,0.1,0.05,true,true,true,0,0,0.01470520763,0.03086717256
3,0.1,4.2,6,0.489,0.705,II,full-minimal,-inf,-0.04400710073,1,-1,0.5483952924,0.2075569115,0.377976102,0.2741976462,0.4933265476,0.3006784206,0.04094359808,true,0.1,0.05,true,true,true,0,0,0.277976102,0.2241976462
3,0.1,4.2,6,0.489,0.705,II,full-pool,0,0,1,-1,0.5477352889,0.2068822245,0.3773087567,0.2738676444,0.5,0.3032653299,0.04069617827,true,0.1,0.05,true,true,true,0,0,0.2773087567,0.2238676444
3,0.1,4.2,6,0.489,0.705,II,full-pool,0.05,0.05,1,-1,0.546967569,0.2061334598,0.3765505144,0.2734837845,0.507582423,0.3062975727,0.04038833066,true,0.1,0.05,true,true,true,0,0,0.2765505144,0.2234837845
3,0.1,4.2,6,0.489,0.705,II,full-pool,0.1,0.1,1,-1,0.5461804143,0.2054031821,0.3757917982,0.2730902071,0.5151695853,0.3094263374,0.04005084914,true,0.1,0.05,true,true,true,0,0,0.2757917982,0.2230902071
3,0.1,4.2,6,0.489,0.705,II,full-pool,0.15,0.15,1,-1,0.5453733326,0.204690935,0.3750321338,0.2726866663,0.5227662291,0.3126492057,0.03968251936,true,0.1,0.05,true,true,true,0,0,0.2750321338,0.2226866663
3,0.1,4.2,6,0.489,0.705,II,full-pool,0.2,0.2,1,-1,0.5445458196,0.2039962734,0.3742710465,0.2722729098,0.5303771025,0.3159638882,0.03928216225,true,0.1,0.05,true,true,true,0,0,0.2742710465,0.2222729098
3,0.1,4.2,6,0.489,0.705,II,full-pool,0.25,0.25,1,-1,0.5436973579,0.203318763,0.3735080605,0.271848679,0.5380069626,0.3193682083,0.03884863748,true,0.1,0.05,true,true,true,0,0,0.2735080605,0.221848679
3,0.1,4.2,6,0.489,0.705,II,full-pool,0.3,0.3,1,-1,0.5428274174,0.2026579804,0.3727426989,0.2714137087,0.5456605782,0.3228600882,0.03838084684,true,0.1,0.05,true,true,true,0,0,0.2727426989,0.2214137087
3,0.1,4.2,6,0.489,0.705,II,full-pool,0.35,0.35,1,-1,0.5419354542,0.2020135126,0.3719744834,0.2709677271,0.5533427333,0.326437536,0.03787773764,true,0.1,0.05,true,true,true,0,0,0.2719744834,0.2209677271
3,0.1,4.2,6,0.489,0.705,II,full-pool,0.4,0.4,1,-1,0.5410209108,0.2013849568,0.3712029338,0.2705104554,0.5610582292,0.3300986342,0.03733830593,true,0.1,0.05,true,true,true,0,0,0.2712029338,0.2205104554
3,0.1,4.2,6,0.489,0.705,II,full-pool,0.45,0.45,1,-1,0.5400832157,0.20077192,0.3704275679,0.2700416079,0.5688118886,0.3338415294,0.03676159958,true,0.1,0.05,true,true,true,0,0,0.2704275679,0.2200416079
3,0.1,4.2,6,0.489,0.705,II,full-pool,0.5,0.5,1,-1,0.5391217827,0.2001740192,0.369647901,0.2695608914,0.5766085576,0.3376644228,0.0361467213,true,0.1,0.05,true,true,true,0,0,0.269647901,0.2195608914
3,0.1,4.2,6,0.489,0.705,II,full-pool,0.55,0.55,1,-1,0.5381360109,0.1995908806,0.3688634458,0.2690680055,0.5844531094,0.3415655618,0.03549283133,true,0.1,0.05,true,true,true,0,0,0.2688634458,0.2190680055
3,0.1,4.2,6,0.489,0.705,II,full-pool,0.6,0.6,1,-1,0.5371252842,0.1990221398,0.368073712,0.2685626421,0.5923504472,0.3455432324,0.03479915,true,0.1,0.05,true,true,true,0,0,0.268073712,0.2185626421
3,0.1,4.2,6,0.489,0.705,II,full-pool,0.65,0.65,1,-1,0.5360889708,0.1984674412,0.367278206,0.2680444854,0.6003055071,0.349595752,0.03406496011,true,0.1,0.05,true,true,true,0,0,0.267278206,0.2180444854
3,0.1,4.2,6,0.489,0.705,II,full-pool,0.7,0.7,1,-1,0.535026423,0.1979264382,0.3664764306,0.2675132115,0.6083232611,0.3537214633,0.03328960893,true,0.1,0.05,true,true,true,0,0,0.2664764306,0.2175132115
3,0.1,4.2,6,0.489,0.705,II,full-pool,0.75,0.75,1,-1,0.5339369767,0.1973987925,0.3656678846,0.2669684884,0.6164087207,0.3579187286,0.03247251009,true,0.1,0.05,true,true,true,0,0,0.2656678846,0.2169684884
3,0.1,4.2,6,0.489,0.705,II,full-pool,0.8,0.8,1,-1,0.532819951,0.1968841745,0.3648520628,0.2664099755,0.6245669396,0.3621859246,0.03161314512,true,0.1,0.05,true,true,true,0,0,0.2648520628,0.2164099755
3,0.1,4.2,6,0.489,0.705,II,full-pool,0.85,0.85,1,-1,0.5316746475,0.1963822625,0.364028455,0.2658373238,0.6328030168,0.3665214378,0.03071106477,true,0.1,0.05,true,true,true,0,0,0.264028455,0.2158373238
3,0.1,4.2,6,0.489,0.705,II,full-pool,0.9,0.9,1,-1,0.5243852877,0.1933705117,0.3588778997,0.2621926439,0.6411221003,0.3709236603,0.02976589001,true,0.1,0.05,true,true,true,0,0,0.2588778997,0.2121926439
3,0.1,4.2,6,0.489,0.705,II,full-pool,0.95,0.95,1,-1,0.512345044,0.1885961768,0.3504706104,0.256172522,0.6495293896,0.375390986,0.02877731277,true,0.1,0.05,true,true,true,0,0,0.2504706104,0.206172522
3,0.1,4.2,6,0.489,0.705,II,full-pool,1,1,1,-1,0.5,0.1839397206,0.3419698603,0.25,0.6580301397,0.3799218074,0.02774509651,true,0.1,0.05,true,true,true,0,0,0.2419698603,0.2
3,0.1,4.2,6,0.489,0.705,II,full-pool,1.05,1.05,1,-1,0.487654956,0.1793982327,0.3335265944,0.243827478,0.6664734056,0.3843702087,0.02671725523,true,0.1,0.05,true,true,true,0,0,0.2335265944,0.193827478
3,0.1,4.2,6,0.489,0.705,II,full-pool,1.1,1.1,1,-1,0.4756147123,0.1749688746,0.3252917934,0.2378073561,0.6747082066,0.3886015337,0.02573957129,true,0.1,0.05,true,true,true,0,0,0.2252917934,0.1878073561
3,0.1,4.2,6,0.489,0.705,II,full-pool,1.15,1.15,1,-1,0.4638717432,0.1706488777,0.3172603104,0.2319358716,0.6827396896,0.3926300646,0.02480874467,true,0.1,0.05,true,true,true,0,0,0.2172603104,0.1819358716
3,0.1,4.2,6,0.489,0.705,II,full-pool,1.2,1.2,1,-1,0.452418709,0.1664355418,0.3094271254,0.2262093545,0.6905728746,0.3964688675,0.02392175632,true,0.1,0.05,true,true,true,0,0,0.2094271254,0.1762093545
3,0.1,4.2,6,0.489,0.705,II,full-pool,1.25,1.25,1,-1,0.4412484513,0.1623262337,0.3017873425,0.2206242256,0.6982126575,0.4001299194,0.02307583888,true,0.1,0.05,true,true,true,0,0,0.2017873425,0.1706242256
3,0.1,4.2,6,0.489,0.705,II,full-pool,1.3,1.3,1,-1,0.4303539882,0.1583183847,0.2943361865,0.2151769941,0.7056638135,0.4036242194,0.02226845088,true,0.1,0.05,true,true,true,0,0,0.1943361865,0.1651769941
3,0.1,4.2,6,0.489,0.705,II,full-pool,1.35,1.35,1,-1,0.4197285104,0.1544094898,0.2870690001,0.2098642552,0.7129309999,0.4069618867,0.02149725422,true,0.1,0.05,true,true,true,0,0,0.1870690001,0.1598642552
3,0.1,4.2,6,0.489,0.705,II,full-pool,1.4,1.4,1,-1,0.4093653765,0.150597106,0.2799812412,0.2046826883,0.7200187588,0.4101522469,0.02076009412,true,0.1,0.05,true,true,true,0,0,0.1799812412,0.1546826883
3,0.1,4.2,6,0.489,0.705,II,full-pool,1.45,1.45,1,-1,0.3992581094,0.1468788502,0.2730684798,0.1996290547,0.7269315202,0.4132039084,0.02005498155,true,0.1,0.05,true,true,true,0,0,0.1730684798,0.1496290547
3,0.1,4.2,6,0.489,0.705,II,full-pool,1.5,1.5,1,-1,0.3894003915,0.1432523984,0.266326395,0.1947001958,0.733673605,0.4161248301,0.01938007754,true,0.1,0.05,true,true,true,0,0,0.166326395,0.1447001958
3,0.1,4.2,6,0.489,0.705,II,full-pool,1.55,1.55,1,-1,0.3797860616,0.1397154841,0.2597507729,0.1898930308,0.7402492271,0.4189223816,0.01873367927,true,0.1,0.05,true,true,true,0,0,0.1597507729,0.1398930308
3,0.1,4.2,6,0.489,0.705,II,full-pool,1.6,1.6,1,-1,0.3704091103,0.1362658965,0.2533375034,0.1852045552,0.7466624966,0.4216033968,0.0181142077,true,0.1,0.05,true,true,true,0,0,0.1533375034,0.1352045552
3,0.1,4.2,6,0.489,0.705,II,full-pool,1.65,1.65,1,-1,0.3612636768,0.1329014795,0.2470825782,0.1806318384,0.7529174218,0.4241742219,0.0175201965,true,0.1,0.05,true,true,true,0,0,0.1470825782,0.1306318384
3,0.1,4.2,6,0.489,0.705,II,full-pool,1.7,1.7,1,-1,0.3523440449,0.1296201303,0.2409820876,0.1761720224,0.7590179124,0.4266407581,0.01695028216,true,0.1,0.05,true,true,true,0,0,0.1409820876,0.1261720224
3,0.1,4.2,6,0.489,0.705,II,full-pool,1.75,1.75,1,-1,0.3436446394,0.1264197979,0.2350322186,0.1718223197,0.7649677814,0.4290084998,0.01640319512,true,0.1,0.05,true,true,true,0,0,0.1350322186,0.1218223197
3,0.1,4.2,6,0.489,0.705,II,full-pool,1.8,1.8,1,-1,0.335160023,0.123298482,0.2292292525,0.1675800115,0.7707707475,0.4312825695,0.01587775182,true,0.1,0.05,true,true,true,0,0,0.1292292525,0.1175800115
3,0.1,4.2,6,0.489,0.705,II,full-pool,1.85,1.85,1,-1,0.3268848926,0.1202542316,0.2235695621,0.1634424463,0.7764304379,0.4334677484,0.01537284749,true,0.1,0.05,true,true,true,0,0,0.1235695621,0.1134424463
3,0.1,4.2,6,0.489,0.705,II,full-pool,1.9,1.9,1,-1,0.3188140758,0.117285144,0.2180496099,0.1594070379,0.7819503901,0.4355685046,0.01488744974,true,0.1,0.05,true,true,true,0,0,0.1180496099,0.1094070379
3,0.1,4.2,6,0.489,0.705,II,full-pool,1.95,1.95,1,-1,0.3109425282,0.1143893635,0.2126659459,0.1554712641,0.7873340541,0.4375890184,0.0144205927,true,0.1,0.05,true,true,true,0,0,0.1126659459,0.1054712641
3,0.1,4.2,6,0.489,0.705,II,full-pool,2,2,1,-1,0.3032653299,0.1115650801,0.207415205,0.1516326649,0.792584795,0.4395332048,0.01397137174,true,0.1,0.05,true,true,true,0,0,0.107415205,0.1016326649
3,0.1,4.2,6,0.489,0.705,II,full-pool,2.05,2.05,1,-1,0.2957776822,0.1088105284,0.2022941053,0.1478888411,0.7977058947,0.4414047348,0.01353893869,true,0.1,0.05,true,true,true,0,0,0.1022941053,0.09788884109
3,0.1,4.2,6,0.489,0.705,II,full-pool,2.1,2.1,1,-1,0.2884749052,0.1061239869,0.1972994461,0.1442374526,0.8027005539,0.4432070536,0.01312249748,true,0.1,0.05,true,true,true,0,0,0.09729944605,0.0942374526
3,0.1,4.2,6,0.489,0.705,II,full-pool,2.15,2.15,1,-1,0.2813524344,0.1035037763,0.1924281054,0.1406762172,0.8075718946,0.4449433978,0.01272130024,true,0.1,0.05,true,true,true,0,0,0.09242810537,0.0906762172
3,0.1,4.2,6,0.489,0.705,II,full-pool,2.2,2.2,1,-1,0.274405818,0.100948259,0.1876770385,0.137202909,0.8123229615,0.4466168115,0.01233464365,true,0.1,0.05,true,true,true,0,0,0.08767703852,0.08720290902
3,0.1,4.2,6,0.489,0.705,II,full-pool,2.25,2.25,1,-1,0.2676307143,0.0984558376,0.1830432759,0.1338153571,0.8169567241,0.4482301597,0.01196186572,true,0.1,0.05,true,true,true,0,0,0.08304327593,0.08381535713
3,0.1,4.2,6,0.489,0.705,II,full-pool,2.3,2.3,1,-1,0.2610228884,0.09602495431,0.1785239213,0.1305114442,0.8214760787,0.4497861416,0.01160234276,true,0.1,0.05,true,true,true,0,0,0.07852392135,0.08051144419
3,0.1,4.2,6,0.489,0.705,II,full-pool,2.35,2.35,1,-1,0.2545782103,0.09365408974,0.17411615,0.1272891052,0.82588385,0.4512873025,0.01125548664,true,0.1,0.05,true,true,true,0,0,0.07411615002,0.07728910515
3,0.1,4.2,6,0.489,0.705,II,full-pool,2.4,2.4,1,-1,0.2482926519,0.09134176203,0.169817207,0.1241463259,0.830182793,0.4527360446,0.01092074234,true,0.1,0.05,true,true,true,0,0,0.06981720696,0.07414632595
3,0.1,4.2,6,0.489,0.705,II,full-pool,2.45,2.45,1,-1,0.2421622845,0.08908652589,0.1656244052,0.1210811422,0.8343755948,0.4541346369,0.01059758561,true,0.1,0.05,true,true,true,0,0,0.06562440518,0.07108114224
3,0.1,4.2,6,0.489,0.705,II,full-pool,2.5,2.5,1,-1,0.2361832764,0.08688697173,0.161535124,0.1180916382,0.838464876,0.455485224,0.01028552088,true,0.1,0.05,true,true,true,0,0,0.06153512405,0.06809163819
3,0.1,4.2,6,0.489,0.705,II,full-pool,2.55,2.55,1,-1,0.2303518905,0.08474172475,0.1575468076,0.1151759452,0.8424531924,0.456789835,0.009984079305,true,0.1,0.05,true,true,true,0,0,0.05754680762,0.06517594525
3,0.1,4.2,6,0.489,0.705,II,full-pool,2.6,2.6,1,-1,0.2246644821,0.08264944411,0.1536569631,0.112332241,0.8463430369,0.458050391,0.009692817032,true,0.1,0.05,true,true,true,0,0,0.05365696308,0.06233224103
3,0.1,4.2,6,0.489,0.705,II,partial-pool,2.65,2.65,1,-0.9867528152,0.2191174962,0.08114451419,0.1501310052,0.1095587481,0.8498689948,0.4594134558,0.009324933455,true,0.1,0.05,true,true,true,0,0,0.05013100521,0.05955874812
3,0.1,4.2,6,0.489,0.705,II,partial-pool,2.7,2.7,1,-0.9681291962,0.213707466,0.0798814372,0.1467944516,0.106853733,0.8532055484,0.4607872836,0.008937126124,true,0.1,0.05,true,true,true,0,0,0.04679445159,0.05685373299
3,0.1,4.2,6,0.489,0.705,II,partial-pool,2.75,2.75,1,-0.9492447662,0.2084310098,0.07864827647,0.1435396432,0.1042155049,0.8564603568,0.462116538,0.008563173096,true,0.1,0.05,true,true,true,0,0,0.04353964315,0.05421550492
3,0.1,4.2,6,0.489,0.705,II,partial-pool,2.8,2.8,1,-0.9300975418,0.2032848299,0.07744432782,0.1403645788,0.1016424149,0.8596354212,0.4634029442,0.008202553519,true,0.1,0.05,true,true,true,0,0,0.04036457885,0.05164241494
3,0.1,4.2,6,0.489,0.705,II,partial-pool,2.85,2.85,1,-0.9106856155,0.1982657095,0.07626890282,0.1372673062,0.09913285477,0.8627326938,0.4646481443,0.007854771875,true,0.1,0.05,true,true,true,0,0,0.03726730618,0.04913285477
3,0.1,4.2,6,0.489,0.705,II,partial-pool,2.9,2.9,1,-0.8910070038,0.1933705117,0.07512133427,0.134245923,0.09668525586,0.865754077,0.4658537047,0.007519355601,true,0.1,0.05,true,true,true,0,0,0.034245923,0.04668525586
3,0.1,4.2,6,0.489,0.705,II,partial-pool,2.95,2.95,1,-0.871059761,0.1885961768,0.07400097123,0.131298574,0.09429808839,0.868701426,0.4670211185,0.007195854435,true,0.1,0.05,true,true,true,0,0,0.03129857401,0.04429808839
3,0.1,4.2,6,0.489,0.705,II,partial-pool,3,3,1,-0.85084198,0.1839397206,0.07290717877,0.1284234497,0.09196986029,0.8715765503,0.4681518101,0.00688383913,true,0.1,0.05,true,true,true,0,0,0.02842344968,0.04196986029
3,0.1,4.2,6,0.489,0.705,II,partial-pool,3.05,3.05,1,-0.8303516006,0.1793982327,0.0718393444,0.1256187886,0.08969911635,0.8743812114,0.469247141,0.006582899263,true,0.1,0.05,true,true,true,0,0,0.02561878855,0.03969911635
3,0.1,4.2,6,0.489,0.705,II,partial-pool,3.1,3.1,1,-0.8095867157,0.1749688746,0.07079686645,0.1228828705,0.08748443728,0.8771171295,0.4703084102,0.006292643803,true,0.1,0.05,true,true,true,0,0,0.0228828705,0.03748443728
3,0.1,4.2,6,0.489,0.705,II,partial-pool,3.15,3.15,1,-0.7885453415,0.1706488777,0.06977916208,0.1202140199,0.08532443883,0.8797859801,0.4713368598,0.006012698856,true,0.1,0.05,true,true,true,0,0,0.02021401987,0.03532443883
3,0.1,4.2,6,0.489,0.705,II,partial-pool,3.2,3.2,1,-0.7672253418,0.1664355418,0.06878566925,0.1176106056,0.08321777092,0.8823893944,0.4723336791,0.005742706405,true,0.1,0.05,true,true,true,0,0,0.01761060555,0.03321777092
3,0.1,4.2,6,0.489,0.705,II,partial-pool,3.25,3.25,1,-0.7456248474,0.1623262337,0.06781583178,0.1150710327,0.08116311684,0.8849289673,0.4733000033,0.005482325473,true,0.1,0.05,true,true,true,0,0,0.01507103273,0.03116311684
3,0.1,4.2,6,0.489,0.705,II,partial-pool,3.257305908,3.257305908,1,-0.7424449921,0.1617343451,0.06767607014,0.1147052076,0.08086717256,0.8852947924,0.4734387134,0.005445064036,true,0.1,0.05,true,true,true,0,0,0.01470520763,0.03086717256
3,0.1,4.225,6,0.492,0.705,II,full-minimal,-inf,-0.03200273109,1,-1,0.548216693,0.2073713937,0.3777940434,0.2741083465,0.4951471335,0.3013763673,0.0408782382,true,0.1,0.05,true,true,true,0,0,0.2777940434,0.2241083465
3,0.1,4.225,6,0.492,0.705,II,full-pool,0,0,1,-1,0.5477352889,0.2068822245,0.3773087567,0.2738676444,0.5,0.3032653299,0.04069617827,true,0.1,0.05,true,true,true,0,0,0.2773087567,0.2238676444
3,0.1,4.225,6,0.492,0.705,II,full-pool,0.05,0.05,1,-1,0.546967569,0.2061334598,0.3765505144,0.2734837845,0.507582423,0.3062975727,0.04038833066,true,0.1,0.05,true,true,true,0,0,0.2765505144,0.2234837845
3,0.1,4.225,6,0.492,0.705,II,full-pool,0.1,0.1,1,-1,0.5461804143,0.2054031821,0.3757917982,0.2730902071,0.5151695853,0.3094263374,0.04005084914,true,0.1,0.05,true,true,true,0,0,0.2757917982,0.2230902071
3,0.1,4.225,6,0.492,0.705,II,full-pool,0.15,0.15,1,-1,0.5453733326,0.204690935,0.3750321338,0.2726866663,0.5227662291,0.3126492057,0.03968251936,true,0.1,0.05,true,true,true,0,0,0.2750321338,0.2226866663
3,0.1,4.225,6,0.492,0.705,II,full-pool,0.2,0.2,1,-1,0.5445458196,0.2039962734,0.3742710465,0.2722729098,0.5303771025,0.3159638882,0.03928216225,true,0.1,0.05,true,true,true,0,0,0.2742710465,0.2222729098
3,0.1,4.225,6,0.492,0.705,II,full-pool,0.25,0.25,1,-1,0.5436973579,0.203318763,0.3735080605,0.271848679,0.5380069626,0.3193682083,0.03884863748,true,0.1,0.05,true,true,true,0,0,0.2735080605,0.221848679
3,0.1,4.225,6,0.492,0.705,II,full-pool,0.3,0.3,1,-1,0.5428274174,0.2026579804,0.3727426989,0.2714137087,0.5456605782,0.3228600882,0.03838084684,true,0.1,0.05,true,true,true,0,0,0.2727426989,0.2214137087
3,0.1,4.225,6,0.492,0.705,II,full-pool,0.35,0.35,1,-1,0.5419354542,0.2020135126,0.3719744834,0.2709677271,0.5533427333,0.326437536,0.03787773764,true,0.1,0.05,true,true,true,0,0,0.2719744834,0.2209677271
3,0.1,4.225,6,0.492,0.705,II,full-pool,0.4,0.4,1,-1,0.5410209108,0.2013849568,0.3712029338,0.2705104554,0.5610582292,0.3300986342,0.03733830593,true,0.1,0.05,true,true,true,0,0,0.2712029338,0.2205104554
3,0.1,4.225,6,0.492,0.705,II,full-pool,0.45,0.45,1,-1,0.5400832157,0.20077192,0.3704275679,0.2700416079,0.5688118886,0.3338415294,0.03676159958,true,0.1,0.05,true,true,true,0,0,0.2704275679,0.2200416079
3,0.1,4.225,6,0.492,0.705,II,full-pool,0.5,0.5,1,-1,0.5391217827,0.2001740192,0.369647901,0.2695608914,0.5766085576,0.3376644228,0.0361467213,true,0.1,0.05,true,true,true,0,0,0.269647901,0.2195608914
3,0.1,4.225,6,0.492,0.705,II,full-pool,0.55,0.55,1,-1,0.5381360109,0.1995908806,0.3688634458,0.2690680055,0.5844531094,0.3415655618,0.03549283133,true,0.1,0.05,true,true,true,0,0,0.2688634458,0.2190680055
3,0.1,4.225,6,0.492,0.705,II,full-pool,0.6,0.6,1,-1,0.5371252842,0.1990221398,0.368073712,0.2685626421,0.5923504472,0.3455432324,0.03479915,true,0.1,0.05,true,true,true,0,0,0.268073712,0.2185626421
3,0.1,4.225,6,0.492,0.705,II,full-pool,0.65,0.65,1,-1,0.5360889708,0.1984674412,0.367278206,0.2680444854,0.6003055071,0.349595752,0.03406496011,true,0.1,0.05,true,true,true,0,0,0.267278206,0.2180444854
3,0.1,4.225,6,0.492,0.705,II,full-pool,0.7,0.7,1,-1,0.535026423,0.1979264382,0.3664764306,0.2675132115,0.6083232611,0.3537214633,0.03328960893,true,0.1,0.05,true,true,true,0,0,0.2664764306,0.2175132115
3,0.1,4.225,6,0.492,0.705,II,full-pool,0.75,0.75,1,-1,0.5339369767,0.1973987925,0.3656678846,0.2669684884,0.6164087207,0.3579187286,0.03247251009,true,0.1,0.05,true,true,true,0,0,0.2656678846,0.2169684884
3,0.1,4.225,6,0.492,0.705,II,full-pool,0.8,0.8,1,-1,0.532819951,0.1968841745,0.3648520628,0.2664099755,0.6245669396,0.3621859246,0.03161314512,true,0.1,0.05,true,true,true,0,0,0.2648520628,0.2164099755
3,0.1,4.225,6,0.492,0.705,II,full-pool,0.85,0.85,1,-1,0.5316746475,0.1963822625,0.364028455,0.2658373238,0.6328030168,0.3665214378,0.03071106477,true,0.1,0.05,true,true,true,0,0,0.264028455,0.2158373238
3,0.1,4.225,6,0.492,0.705,II,full-pool,0.9,0.9,1,-1,0.5243852877,0.1933705117,0.3588778997,0.2621926439,0.6411221003,0.3709236603,0.02976589001,true,0.1,0.05,true,true,true,0,0,0.2588778997,0.2121926439
3,0.1,4.225,6,0.492,0.705,II,full-pool,0.95,0.95,1,-1,0.512345044,0.1885961768,0.3504706104,0.256172522,0.6495293896,0.375390986,0.02877731277,true,0.1,0.05,true,true,true,0,0,0.2504706104,0.206172522
3,0.1,4.225,6,0.492,0.705,II,full-pool,1,1,1,-1,0.5,0.1839397206,0.3419698603,0.25,0.6580301397,0.3799218074,0.02774509651,true,0.1,0.05,true,true,true,0,0,0.2419698603,0.2
3,0.1,4.225,6,0.492,0.705,II,full-pool,1.05,1.05,1,-1,0.487654956,0.1793982327,0.3335265944,0.243827478,0.6664734056,0.3843702087,0.02671725523,true,0.1,0.05,true,true,true,0,0,0.2335265944,0.193827478
3,0.1,4.225,6,0.492,0.705,II,full-pool,1.1,1.1,1,-1,0.4756147123,0.1749688746,0.3252917934,0.2378073561,0.6747082066,0.3886015337,0.02573957129,true,0.1,0.05,true,true,true,0,0,0.2252917934,0.1878073561
3,0.1,4.225,6,0.492,0.705,II,full-pool,1.15,1.15,1,-1,0.4638717432,0.1706488777,0.3172603104,0.2319358716,0.6827396896,0.3926300646,0.02480874467,true,0.1,0.05,true,true,true,0,0,0.2172603104,0.1819358716
3,0.1,4.225,6,0.492,0.705,II,full-pool,1.2,1.2,1,-1,0.452418709,0.1664355418,0.3094271254,0.2262093545,0.6905728746,0.3964688675,0.02392175632,true,0.1,0.05,true,true,true,0,0,0.2094271254,0.1762093545
3,0.1,4.225,6,0.492,0.705,II,full-pool,1.25,1.25,1,-1,0.4412484513,0.1623262337,0.3017873425,0.2206242256,0.6982126575,0.4001299194,0.02307583888,true,0.1,0.05,true,true,true,0,0,0.2017873425,0.1706242256
3,0.1,4.225,6,0.492,0.705,II,full-pool,1.3,1.3,1,-1,0.4303539882,0.1583183847,0.2943361865,0.2151769941,0.7056638135,0.4036242194,0.02226845088,true,0.1,0.05,true,true,true,0,0,0.1943361865,0.1651769941
3,0.1,4.225,6,0.492,0.705,II,full-pool,1.35,1.35,1,-1,0.4197285104,0.1544094898,0.2870690001,0.2098642552,0.7129309999,0.4069618867,0.02149725422,true,0.1,0.05,true,true,true,0,0,0.1870690001,0.1598642552
3,0.1,4.225,6,0.492,0.705,II,full-pool,1.4,1.4,1,-1,0.4093653765,0.150597106,0.2799812412,0.2046826883,0.7200187588,0.4101522469,0.02076009412,true,0.1,0.05,true,true,true,0,0,0.1799812412,0.1546826883
3,0.1,4.225,6,0.492,0.705,II,full-pool,1.45,1.45,1,-1,0.3992581094,0.1468788502,0.2730684798,0.1996290547,0.7269315202,0.4132039084,0.02005498155,true,0.1,0.05,true,true,true,0,0,0.1730684798,0.1496290547
3,0.1,4.225,6,0.492,0.705,II,full-pool,1.5,1.5,1,-1,0.3894003915,0.1432523984,0.266326395,0.1947001958,0.733673605,0.4161248301,0.01938007754,true,0.1,0.05,true,true,true,0,0,0.166326395,0.1447001958
3,0.1,4.225,6,0.492,0.705,II,full-pool,1.55,1.55,1,-1,0.3797860616,0.1397154841,0.2597507729,0.1898930308,0.7402492271,0.4189223816,0.01873367927,true,0.1,0.05,true,true,true,0,0,0.1597507729,0.1398930308
3,0.1,4.225,6,0.492,0.705,II,full-pool,1.6,1.6,1,-1,0.3704091103,0.1362658965,0.2533375034,0.1852045552,0.7466624966,0.4216033968,0.0181142077,true,0.1,0.05,true,true,true,0,0,0.1533375034,0.1352045552
3,0.1,4.225,6,0.492,0.705,II,full-pool,1.65,1.65,1,-1,0.3612636768,0.1329014795,0.2470825782,0.1806318384,0.7529174218,0.4241742219,0.0175201965,true,0.1,0.05,true,true,true,0,0,0.1470825782,0.1306318384
3,0.1,4.225,6,0.492,0.705,II,full-pool,1.7,1.7,1,-1,0.3523440449,0.1296201303,0.2409820876,0.1761720224,0.7590179124,0.4266407581,0.01695028216,true,0.1,0.05,true,true,true,0,0,0.1409820876,0.1261720224
3,0.1,4.225,6,0.492,0.705,II,full-pool,1.75,1.75,1,-1,0.3436446394,0.1264197979,0.2350322186,0.1718223197,0.7649677814,0.4290084998,0.01640319512,true,0.1,0.05,true,true,true,0,0,0.1350322186,0.1218223197
3,0.1,4.225,6,0.492,0.705,II,full-pool,1.8,1.8,1,-1,0.335160023,0.123298482,0.2292292525,0.1675800115,0.7707707475,0.4312825695,0.01587775182,true,0.1,0.05,true,true,true,0,0,0.1292292525,0.1175800115
3,0.1,4.225,6,0.492,0.705,II,full-pool,1.85,1.85,1,-1,0.3268848926,0.1202542316,0.2235695621,0.1634424463,0.7764304379,0.4334677484,0.01537284749,true,0.1,0.05,true,true,true,0,0,0.1235695621,0.1134424463
3,0.1,4.225,6,0.492,0.705,II,full-pool,1.9,1.9,1,-1,0.3188140758,0.117285144,0.2180496099,0.1594070379,0.7819503901,0.4355685046,0.01488744974,true,0.1,0.05,true,true,true,0,0,0.1180496099,0.1094070379
3,0.1,4.225,6,0.492,0.705,II,full-pool,1.95,1.95,1,-1,0.3109425282,0.1143893635,0.2126659459,0.1554712641,0.7873340541,0.4375890184,0.0144205927,true,0.1,0.05,true,true,true,0,0,0.1126659459,0.1054712641
3,0.1,4.225,6,0.492,0.705,II,full-pool,2,2,1,-1,0.3032653299,0.1115650801,0.207415205,0.1516326649,0.792584795,0.4395332048,0.01397137174,true,0.1,0.05,true,true,true,0,0,0.107415205,0.1016326649
3,0.1,4.225,6,0.492,0.705,II,full-pool,2.05,2.05,1,-1,0.2957776822,0.1088105284,0.2022941053,0.1478888411,0.7977058947,0.4414047348,0.01353893869,true,0.1,0.05,true,true,true,0,0,0.1022941053,0.09788884109
3,0.1,4.225,6,0.492,0.705,II,full-pool,2.1,2.1,1,-1,0.2884749052,0.1061239869,0.1972994461,0.1442374526,0.8027005539,0.4432070536,0.01312249748,true,0.1,0.05,true,true,true,0,0,0.09729944605,0.0942374526
3,0.1,4.225,6,0.492,0.705,II,full-pool,2.15,2.15,1,-1,0.2813524344,0.1035037763,0.1924281054,0.1406762172,0.8075718946,0.4449433978,0.01272130024,true,0.1,0.05,true,true,true,0,0,0.09242810537,0.0906762172
3,0.1,4.225,6,0.492,0.705,II,full-pool,2.2,2.2,1,-1,0.274405818,0.100948259,0.1876770385,0.137202909,0.8123229615,0.4466168115,0.01233464365,true,0.1,0.05,true,true,true,0,0,0.08767703852,0.08720290902
3,0.1,4.225,6,0.492,0.705,II,full-pool,2.25,2.25,1,-1,0.2676307143,0.0984558376,0.1830432759,0.1338153571,0.8169567241,0.4482301597,0.01196186572,true,0.1,0.05,true,true,true,0,0,0.08304327593,0.08381535713
3,0.1,4.225,6,0.492,0.705,II,full-pool,2.3,2.3,1,-1,0.2610228884,0.09602495431,0.1785239213,0.1305114442,0.8214760787,0.4497861416,0.01160234276,true,0.1,0.05,true,true,true,0,0,0.07852392135,0.08051144419
3,0.1,4.225,6,0.492,0.705,II,full-pool,2.35,2.35,1,-1,0.2545782103,0.09365408974,0.17411615,0.1272891052,0.82588385,0.4512873025,0.01125548664,true,0.1,0.05,true,true,true,0,0,0.07411615002,0.07728910515
3,0.1,4.225,6,0.492,0.705,II,full-pool,2.4,2.4,1,-1,0.2482926519,0.09134176203,0.169817207,0.1241463259,0.830182793,0.4527360446,0.01092074234,true,0.1,0.05,true,true,true,0,0,0.06981720696,0.07414632595
3,0.1,4.225,6,0.492,0.705,II,full-pool,2.45,2.45,1,-1,0.2421622845,0.08908652589,0.1656244052,0.1210811422,0.8343755948,0.4541346369,0.01059758561,true,0.1,0.05,true,true,true,0,0,0.06562440518,0.07108114224
3,0.1,4.225,6,0.492,0.705,II,full-pool,2.5,2.5,1,-1,0.2361832764,0.08688697173,0.161535124,0.1180916382,0.838464876,0.455485224,0.01028552088,true,0.1,0.05,true,true,true,0,0,0.06153512405,0.06809163819
3,0.1,4.225,6,0.492,0.705,II,full-pool,2.55,2.55,1,-1,0.2303518905,0.08474172475,0.1575468076,0.1151759452,0.8424531924,0.456789835,0.009984079305,true,0.1,0.05,true,true,true,0,0,0.05754680762,0.06517594525
3,0.1,4.225,6,0.492,0.705,II,full-pool,2.6,2.6,1,-1,0.2246644821,0.08264944411,0.1536569631,0.112332241,0.8463430369,0.458050391,0.009692817032,true,0.1,0.05,true,true,true,0,0,0.05365696308,0.06233224103
3,0.1,4.225,6,0.492,0.705,II,partial-pool,2.65,2.65,1,-0.9867528152,0.2191174962,0.08114451419,0.1501310052,0.1095587481,0.8498689948,0.4594134558,0.009324933455,true,0.1,0.05,true,true,true,0,0,0.05013100521,0.05955874812
3,0.1,4.225,6,0.492,0.705,II,partial-pool,2.7,2.7,1,-0.9681291962,0.213707466,0.0798814372,0.1467944516,0.106853733,0.8532055484,0.4607872836,0.008937126124,true,0.1,0.05,true,true,true,0,0,0.04679445159,0.05685373299
3,0.1,4.225,6,0.492,0.705,II,partial-pool,2.75,2.75,1,-0.9492447662,0.2084310098,0.07864827647,0.1435396432,0.1042155049,0.8564603568,0.462116538,0.008563173096,true,0.1,0.05,true,true,true,0,0,0.04353964315,0.05421550492
3,0.1,4.225,6,0.492,0.705,II,partial-pool,2.8,2.8,1,-0.9300975418,0.2032848299,0.07744432782,0.1403645788,0.1016424149,0.8596354212,0.4634029442,0.008202553519,true,0.1,0.05,true,true,true,0,0,0.04036457885,0.05164241494
3,0.1,4.225,6,0.492,0.705,II,partial-pool,2.85,2.85,1,-0.9106856155,0.1982657095,0.07626890282,0.1372673062,0.09913285477,0.8627326938,0.4646481443,0.007854771875,true,0.1,0.05,true,true,true,0,0,0.03726730618,0.04913285477
3,0.1,4.225,6,0.492,0.705,II,partial-pool,2.9,2.9,1,-0.8910070038,0.1933705117,0.07512133427,0.134245923,0.09668525586,0.865754077,0.4658537047,0.007519355601,true,0.1,0.05,true,true,true,0,0,0.034245923,0.04668525586
3,0.1,4.225,6,0.492,0.705,II,partial-pool,2.95,2.95,1,-0.871059761,0.1885961768,0.07400097123,0.131298574,0.09429808839,0.868701426,0.4670211185,0.007195854435,true,0.1,0.05,true,true,true,0,0,0.03129857401,0.04429808839
3,0.1,4.225,6,0.492,0.705,II,partial-pool,3,3,1,-0.85084198,0.1839397206,0.07290717877,0.1284234497,0.09196986029,0.8715765503,0.4681518101,0.00688383913,true,0.1,0.05,true,true,true,0,0,0.02842344968,0.04196986029
3,0.1,4.225,6,0.492,0.705,II,partial-pool,3.05,3.05,1,-0.8303516006,0.1793982327,0.0718393444,0.1256187886,0.08969911635,0.8743812114,0.469247141,0.006582899263,true,0.1,0.05,true,true,true,0,0,0.02561878855,0.03969911635
3,0.1,4.225,6,0.492,0.705,II,partial-pool,3.1,3.1,1,-0.8095867157,0.1749688746,0.07079686645,0.1228828705,0.08748443728,0.8771171295,0.4703084102,0.006292643803,true,0.1,0.05,true,true,true,0,0,0.0228828705,0.03748443728
3,0.1,4.225,6,0.492,0.705,II,partial-pool,3.15,3.15,1,-0.7885453415,0.1706488777,0.06977916208,0.1202140199,0.08532443883,0.8797859801,0.4713368598,0.006012698856,true,0.1,0.05,true,true,true,0,0,0.02021401987,0.03532443883
3,0.1,4.225,6,0.492,0.705,II,partial-pool,3.2,3.2,1,-0.7672253418,0.1664355418,0.06878566925,0.1176106056,0.08321777092,0.8823893944,0.4723336791,0.005742706405,true,0.1,0.05,true,true,true,0,0,0.01761060555,0.03321777092
3,0.1,4.225,6,0.492,0.705,II,partial-pool,3.25,3.25,1,-0.7456248474,0.1623262337,0.06781583178,0.1150710327,0.08116311684,0.8849289673,0.4733000033,0.005482325473,true,0.1,0.05,true,true,true,0,0,0.01507103273,0.03116311684
3,0.1,4.225,6,0.492,0.705,II,partial-pool,3.257305908,3.257305908,1,-0.7424449921,0.1617343451,0.06767607014,0.1147052076,0.08086717256,0.8852947924,0.4734387134,0.005445064036,true,0.1,0.05,true,true,true,0,0,0.01470520763,0.03086717256
3,0.1,4.25,6,0.495,0.705,II,full-minimal,-inf,-0.02000066671,1,-1,0.5480370529,0.2071870215,0.3776120372,0.2740185265,0.4969671951,0.3020799887,0.04081130173,true,0.1,0.05,true,true,true,0,0,0.2776120372,0.2240185265
3,0.1,4.25,6,0.495,0.705,II,full-pool,0,0,1,-1,0.5477352889,0.2068822245,0.3773087567,0.2738676444,0.5,0.3032653299,0.04069617827,true,0.1,0.05,true,true,true,0,0,0.2773087567,0.2238676444
3,0.1,4.25,6,0.495,0.705,II,full-pool,0.05,0.05,1,-1,0.546967569,0.2061334598,0.3765505144,0.2734837845,0.507582423,0.3062975727,0.04038833066,true,0.1,0.05,true,true,true,0,0,0.2765505144,0.2234837845
3,0.1,4.25,6,0.495,0.705,II,full-pool,0.1,0.1,1,-1,0.5461804143,0.2054031821,0.3757917982,0.2730902071,0.5151695853,0.3094263374,0.04005084914,true,0.1,0.05,true,true,true,0,0,0.2757917982,0.2230902071
3,0.1,4.25,6,0.495,0.705,II,full-pool,0.15,0.15,1,-1,0.5453733326,0.204690935,0.3750321338,0.2726866663,0.5227662291,0.3126492057,0.03968251936,true,0.1,0.05,true,true,true,0,0,0.2750321338,0.2226866663
3,0.1,4.25,6,0.495,0.705,II,full-pool,0.2,0.2,1,-1,0.5445458196,0.2039962734,0.3742710465,0.2722729098,0.5303771025,0.3159638882,0.03928216225,true,0.1,0.05,true,true,true,0,0,0.2742710465,0.2222729098
3,0.1,4.25,6,0.495,0.705,II,full-pool,0.25,0.25,1,-1,0.5436973579,0.203318763,0.3735080605,0.271848679,0.5380069626,0.3193682083,0.03884863748,true,0.1,0.05,true,true,true,0,0,0.2735080605,0.221848679
3,0.1,4.25,6,0.495,0.705,II,full-pool,0.3,0.3,1,-1,0.5428274174,0.2026579804,0.3727426989,0.2714137087,0.5456605782,0.3228600882,0.03838084684,true,0.1,0.05,true,true,true,0,0,0.2727426989,0.2214137087
3,0.1,4.25,6,0.495,0.705,II,full-pool,0.35,0.35,1,-1,0.5419354542,0.2020135126,0.3719744834,0.2709677271,0.5533427333,0.326437536,0.03787773764,true,0.1,0.05,true,true,true,0,0,0.2719744834,0.2209677271
3,0.1,4.25,6,0.495,0.705,II,full-pool,0.4,0.4,1,-1,0.5410209108,0.2013849568,0.3712029338,0.2705104554,0.5610582292,0.3300986342,0.03733830593,true,0.1,0.05,true,true,true,0,0,0.2712029338,0.2205104554
3,0.1,4.25,6,0.495,0.705,II,full-pool,0.45,0.45,1,-1,0.5400832157,0.20077192,0.3704275679,0.2700416079,0.5688118886,0.3338415294,0.03676159958,true,0.1,0.05,true,true,true,0,0,0.2704275679,0.2200416079
3,0.1,4.25,6,0.495,0.705,II,full-pool,0.5,0.5,1,-1,0.5391217827,0.2001740192,0.369647901,0.2695608914,0.5766085576,0.3376644228,0.0361467213,true,0.1,0.05,true,true,true,0,0,0.269647901,0.2195608914
3,0.1,4.25,6,0.495,0.705,II,full-pool,0.55,0.55,1,-1,0.5381360109,0.1995908806,0.3688634458,0.2690680055,0.5844531094,0.3415655618,0.03549283133,true,0.1,0.05,true,true,true,0,0,0.2688634458,0.2190680055
3,0.1,4.25,6,0.495,0.705,II,full-pool,0.6,0.6,1,-1,0.5371252842,0.1990221398,0.368073712,0.2685626421,0.5923504472,0.3455432324,0.03479915,true,0.1,0.05,true,true,true,0,0,0.268073712,0.2185626421
3,0.1,4.25,6,0.495,0.705,II,full-pool,0.65,0.65,1,-1,0.5360889708,0.1984674412,0.367278206,0.2680444854,0.6003055071,0.349595752,0.03406496011,true,0.1,0.05,true,true,true,0,0,0.267278206,0.2180444854
3,0.1,4.25,6,0.495,0.705,II,full-pool,0.7,0.7,1,-1,0.535026423,0.1979264382,0.3664764306,0.2675132115,0.6083232611,0.3537214633,0.03328960893,true,0.1,0.05,true,true,true,0,0,0.2664764306,0.2175132115
3,0.1,4.25,6,0.495,0.705,II,full-pool,0.75,0.75,1,-1,0.5339369767,0.1973987925,0.3656678846,0.2669684884,0.6164087207,0.3579187286,0.03247251009,true,0.1,0.05,true,true,true,0,0,0.2656678846,0.2169684884
3,0.1,4.25,6,0.495,0.705,II,full-pool,0.8,0.8,1,-1,0.532819951,0.1968841745,0.3648520628,0.2664099755,0.6245669396,0.3621859246,0.03161314512,true,0.1,0.05,true,true,true,0,0,0.2648520628,0.2164099755
3,0.1,4.25,6,0.495,0.705,II,full-pool,0.85,0.85,1,-1,0.5316746475,0.1963822625,0.364028455,0.2658373238,0.6328030168,0.3665214378,0.03071106477,true,0.1,0.05,true,true,true,0,0,0.264028455,0.2158373238
3,0.1,4.25,6,0.495,0.705,II,full-pool,0.9,0.9,1,-1,0.5243852877,0.1933705117,0.3588778997,0.2621926439,0.6411221003,0.3709236603,0.02976589001,true,0.1,0.05,true,true,true,0,0,0.2588778997,0.2121926439
3,0.1,4.25,6,0.495,0.705,II,full-pool,0.95,0.95,1,-1,0.512345044,0.1885961768,0.3504706104,0.256172522,0.6495293896,0.375390986,0.02877731277,true,0.1,0.05,true,true,true,0,0,0.2504706104,0.206172522
3,0.1,4.25,6,0.495,0.705,II,full-pool,1,1,1,-1,0.5,0.1839397206,0.3419698603,0.25,0.6580301397,0.3799218074,0.02774509651,true,0.1,0.05,true,true,true,0,0,0.2419698603,0.2
3,0.1,4.25,6,0.495,0.705,II,full-pool,1.05,1.05,1,-1,0.487654956,0.1793982327,0.3335265944,0.243827478,0.6664734056,0.3843702087,0.02671725523,true,0.1,0.05,true,true,true,0,0,0.2335265944,0.193827478
3,0.1,4.25,6,0.495,0.705,II,full-pool,1.1,1.1,1,-1,0.4756147123,0.1749688746,0.3252917934,0.2378073561,0.6747082066,0.3886015337,0.02573957129,true,0.1,0.05,true,true,true,0,0,0.2252917934,0.1878073561
3,0.1,4.25,6,0.495,0.705,II,full-pool,1.15,1.15,1,-1,0.4638717432,0.1706488777,0.3172603104,0.2319358716,0.6827396896,0.3926300646,0.02480874467,true,0.1,0.05,true,true,true,0,0,0.2172603104,0.1819358716
3,0.1,4.25,6,0.495,0.705,II,full-pool,1.2,1.2,1,-1,0.452418709,0.1664355418,0.3094271254,0.2262093545,0.6905728746,0.3964688675,0.02392175632,true,0.1,0.05,true,true,true,0,0,0.2094271254,0.1762093545
3,0.1,4.25,6,0.495,0.705,II,full-pool,1.25,1.25,1,-1,0.4412484513,0.1623262337,0.3017873425,0.2206242256,0.6982126575,0.4001299194,0.02307583888,true,0.1,0.05,true,true,true,0,0,0.2017873425,0.1706242256
3,0.1,4.25,6,0.495,0.705,II,full-pool,1.3,1.3,1,-1,0.4303539882,0.1583183847,0.2943361865,0.2151769941,0.7056638135,0.4036242194,0.02226845088,true,0.1,0.05,true,true,true,0,0,0.1943361865,0.1651769941
3,0.1,4.25,6,0.495,0.705,II,full-pool,1.35,1.35,1,-1,0.4197285104,0.1544094898,0.2870690001,0.2098642552,0.7129309999,0.4069618867,0.02149725422,true,0.1,0.05,true,true,true,0,0,0.1870690001,0.1598642552
3,0.1,4.25,6,0.495,0.705,II,full-pool,1.4,1.4,1,-1,0.4093653765,0.150597106,0.2799812412,0.2046826883,0.7200187588,0.4101522469,0.02076009412,true,0.1,0.05,true,true,true,0,0,0.1799812412,0.1546826883
3,0.1,4.25,6,0.495,0.705,II,full-pool,1.45,1.45,1,-1,0.3992581094,0.1468788502,0.2730684798,0.1996290547,0.7269315202,0.4132039084,0.02005498155,true,0.1,0.05,true,true,true,0,0,0.1730684798,0.1496290547
3,0.1,4.25,6,0.495,0.705,II,full-pool,1.5,1.5,1,-1,0.3894003915,0.1432523984,0.266326395,0.1947001958,0.733673605,0.4161248301,0.01938007754,true,0.1,0.05,true,true,true,0,0,0.166326395,0.1447001958
3,0.1,4.25,6,0.495,0.705,II,full-pool,1.55,1.55,1,-1,0.3797860616,0.1397154841,0.2597507729,0.1898930308,0.7402492271,0.4189223816,0.01873367927,true,0.1,0.05,true,true,true,0,0,0.1597507729,0.1398930308
3,0.1,4.25,6,0.495,0.705,II,full-pool,1.6,1.6,1,-1,0.3704091103,0.1362658965,0.2533375034,0.1852045552,0.7466624966,0.4216033968,0.0181142077,true,0.1,0.05,true,true,true,0,0,0.1533375034,0.1352045552
3,0.1,4.25,6,0.495,0.705,II,full-pool,1.65,1.65,1,-1,0.3612636768,0.1329014795,0.2470825782,0.1806318384,0.7529174218,0.4241742219,0.0175201965,true,0.1,0.05,true,true,true,0,0,0.1470825782,0.1306318384
3,0.1,4.25,6,0.495,0.705,II,full-pool,1.7,1.7,1,-1,0.3523440449,0.1296201303,0.2409820876,0.1761720224,0.7590179124,0.4266407581,0.01695028216,true,0.1,0.05,true,true,true,0,0,0.1409820876,0.1261720224
3,0.1,4.25,6,0.495,0.705,II,full-pool,1.75,1.75,1,-1,0.3436446394,0.1264197979,0.2350322186,0.1718223197,0.7649677814,0.4290084998,0.01640319512,true,0.1,0.05,true,true,true,0,0,0.1350322186,0.1218223197
3,0.1,4.25,6,0.495,0.705,II,full-pool,1.8,1.8,1,-1,0.335160023,0.123298482,0.2292292525,0.1675800115,0.7707707475,0.4312825695,0.01587775182,true,0.1,0.05,true,true,true,0,0,0.1292292525,0.1175800115
3,0.1,4.25,6,0.495,0.705,II,full-pool,1.85,1.85,1,-1,0.3268848926,0.1202542316,0.2235695621,0.1634424463,0.7764304379,0.4334677484,0.01537284749,true,0.1,0.05,true,true,true,0,0,0.1235695621,0.1134424463
3,0.1,4.25,6,0.495,0.705,II,full-pool,1.9,1.9,1,-1,0.3188140758,0.117285144,0.2180496099,0.1594070379,0.7819503901,0.4355685046,0.01488744974,true,0.1,0.05,true,true,true,0,0,0.1180496099,0.1094070379
3,0.1,4.25,6,0.495,0.705,II,full-pool,1.95,1.95,1,-1,0.3109425282,0.1143893635,0.2126659459,0.1554712641,0.7873340541,0.4375890184,0.0144205927,true,0.1,0.05,true,true,true,0,0,0.1126659459,0.1054712641
3,0.1,4.25,6,0.495,0.705,II,full-pool,2,2,1,-1,0.3032653299,0.1115650801,0.207415205,0.1516326649,0.792584795,0.4395332048,0.01397137174,true,0.1,0.05,true,true,true,0,0,0.107415205,0.1016326649
3,0.1,4.25,6,0.495,0.705,II,full-pool,2.05,2.05,1,-1,0.2957776822,0.1088105284,0.2022941053,0.1478888411,0.7977058947,0.4414047348,0.01353893869,true,0.1,0.05,true,true,true,0,0,0.1022941053,0.09788884109
3,0.1,4.25,6,0.495,0.705,II,full-pool,2.1,2.1,1,-1,0.2884749052,0.1061239869,0.1972994461,0.1442374526,0.8027005539,0.4432070536,0.01312249748,true,0.1,0.05,true,true,true,0,0,0.09729944605,0.0942374526
3,0.1,4.25,6,0.495,0.705,II,full-pool,2.15,2.15,1,-1,0.2813524344,0.1035037763,0.1924281054,0.1406762172,0.8075718946,0.4449433978,0.01272130024,true,0.1,0.05,true,true,true,0,0,0.09242810537,0.0906762172
3,0.1,4.25,6,0.495,0.705,II,full-pool,2.2,2.2,1,-1,0.274405818,0.100948259,0.1876770385,0.137202909,0.8123229615,0.4466168115,0.01233464365,true,0.1,0.05,true,true,true,0,0,0.08767703852,0.08720290902
3,0.1,4.25,6,0.495,0.705,II,full-pool,2.25,2.25,1,-1,0.2676307143,0.0984558376,0.1830432759,0.1338153571,0.8169567241,0.4482301597,0.01196186572,true,0.1,0.05,true,true,true,0,0,0.08304327593,0.08381535713
3,0.1,4.25,6,0.495,0.705,II,full-pool,2.3,2.3,1,-1,0.2610228884,0.09602495431,0.1785239213,0.1305114442,0.8214760787,0.4497861416,0.01160234276,true,0.1,0.05,true,true,true,0,0,0.07852392135,0.08051144419
3,0.1,4.25,6,0.495,0.705,II,full-pool,2.35,2.35,1,-1,0.2545782103,0.09365408974,0.17411615,0.1272891052,0.82588385,0.4512873025,0.01125548664,true,0.1,0.05,true,true,true,0,0,0.07411615002,0.07728910515
3,0.1,4.25,6,0.495,0.705,II,full-pool,2.4,2.4,1,-1,0.2482926519,0.09134176203,0.169817207,0.1241463259,0.830182793,0.4527360446,0.01092074234,true,0.1,0.05,true,true,true,0,0,0.06981720696,0.07414632595
3,0.1,4.25,6,0.495,0.705,II,full-pool,2.45,2.45,1,-1,0.2421622845,0.08908652589,0.1656244052,0.1210811422,0.8343755948,0.4541346369,0.01059758561,true,0.1,0.05,true,true,true,0,0,0.06562440518,0.07108114224
3,0.1,4.25,6,0.495,0.705,II,full-pool,2.5,2.5,1,-1,0.2361832764,0.08688697173,0.161535124,0.1180916382,0.838464876,0.455485224,0.01028552088,true,0.1,0.05,true,true,true,0,0,0.06153512405,0.06809163819
3,0.1,4.25,6,0.495,0.705,II,full-pool,2.55,2.55,1,-1,0.2303518905,0.08474172475,0.1575468076,0.1151759452,0.8424531924,0.456789835,0.009984079305,true,0.1,0.05,true,true,true,0,0,0.05754680762,0.06517594525
3,0.1,4.25,6,0.495,0.705,II,full-pool,2.6,2.6,1,-1,0.2246644821,0.08264944411,0.1536569631,0.112332241,0.8463430369,0.458050391,0.009692817032,true,0.1,0.05,true,true,true,0,0,0.05365696308,0.06233224103
3,0.1,4.25,6,0.495,0.705,II,partial-pool,2.65,2.65,1,-0.9867528152,0.2191174962,0.08114451419,0.1501310052,0.1095587481,0.8498689948,0.4594134558,0.009324933455,true,0.1,0.05,true,true,true,0,0,0.05013100521,0.05955874812
3,0.1,4.25,6,0.495,0.705,II,partial-pool,2.7,2.7,1,-0.9681291962,0.213707466,0.0798814372,0.1467944516,0.106853733,0.8532055484,0.4607872836,0.008937126124,true,0.1,0.05,true,true,true,0,0,0.04679445159,0.05685373299
3,0.1,4.25,6,0.495,0.705,II,partial-pool,2.75,2.75,1,-0.9492447662,0.2084310098,0.07864827647,0.1435396432,0.1042155049,0.8564603568,0.462116538,0.008563173096,true,0.1,0.05,true,true,true,0,0,0.04353964315,0.05421550492
3,0.1,4.25,6,0.495,0.705,II,partial-pool,2.8,2.8,1,-0.9300975418,0.2032848299,0.07744432782,0.1403645788,0.1016424149,0.8596354212,0.4634029442,0.008202553519,true,0.1,0.05,true,true,true,0,0,0.04036457885,0.05164241494
3,0.1,4.25,6,0.495,0.705,II,partial-pool,2.85,2.85,1,-0.9106856155,0.1982657095,0.07626890282,0.1372673062,0.09913285477,0.8627326938,0.4646481443,0.007854771875,true,0.1,0.05,true,true,true,0,0,0.03726730618,0.04913285477
3,0.1,4.25,6,0.495,0.705,II,partial-pool,2.9,2.9,1,-0.8910070038,0.1933705117,0.07512133427,0.134245923,0.09668525586,0.865754077,0.4658537047,0.007519355601,true,0.1,0.05,true,true,true,0,0,0.034245923,0.04668525586
3,0.1,4.25,6,0.495,0.705,II,partial-pool,2.95,2.95,1,-0.871059761,0.1885961768,0.07400097123,0.131298574,0.09429808839,0.868701426,0.4670211185,0.007195854435,true,0.1,0.05,true,true,true,0,0,0.03129857401,0.04429808839
3,0.1,4.25,6,0.495,0.705,II,partial-pool,3,3,1,-0.85084198,0.1839397206,0.07290717877,0.1284234497,0.09196986029,0.8715765503,0.4681518101,0.00688383913,true,0.1,0.05,true,true,true,0,0,0.02842344968,0.04196986029
3,0.1,4.25,6,0.495,0.705,II,partial-pool,3.05,3.05,1,-0.8303516006,0.1793982327,0.0718393444,0.1256187886,0.08969911635,0.8743812114,0.469247141,0.006582899263,true,0.1,0.05,true,true,true,0,0,0.02561878855,0.03969911635
3,0.1,4.25,6,0.495,0.705,II,partial-pool,3.1,3.1,1,-0.8095867157,0.1749688746,0.07079686645,0.1228828705,0.08748443728,0.8771171295,0.4703084102,0.006292643803,true,0.1,0.05,true,true,true,0,0,0.0228828705,0.03748443728
3,0.1,4.25,6,0.495,0.705,II,partial-pool,3.15,3.15,1,-0.7885453415,0.1706488777,0.06977916208,0.1202140199,0.08532443883,0.8797859801,0.4713368598,0.006012698856,true,0.1,0.05,true,true,true,0,0,0.02021401987,0.03532443883
3,0.1,4.25,6,0.495,0.705,II,partial-pool,3.2,3.2,1,-0.7672253418,0.1664355418,0.06878566925,0.1176106056,0.08321777092,0.8823893944,0.4723336791,0.005742706405,true,0.1,0.05,true,true,true,0,0,0.01761060555,0.03321777092
3,0.1,4.25,6,0.495,0.705,II,partial-pool,3.25,3.25,1,-0.7456248474,0.1623262337,0.06781583178,0.1150710327,0.08116311684,0.8849289673,0.4733000033,0.005482325473,true,0.1,0.05,true,true,true,0,0,0.01507103273,0.03116311684
3,0.1,4.25,6,0.495,0.705,II,partial-pool,3.257305908,3.257305908,1,-0.7424449921,0.1617343451,0.06767607014,0.1147052076,0.08086717256,0.8852947924,0.4734387134,0.005445064036,true,0.1,0.05,true,true,true,0,0,0.01470520763,0.03086717256
3,0.1,4.275,6,0.498,0.705,II,full-minimal,-inf,-0.008000042667,1,-1,0.5478563534,0.2070037743,0.3774300638,0.2739281767,0.498786929,0.3027892948,0.04074276695,true,0.1,0.05,true,true,true,0,0,0.2774300638,0.2239281767
3,0.1,4.275,6,0.498,0.705,II,full-pool,0,0,1,-1,0.5477352889,0.2068822245,0.3773087567,0.2738676444,0.5,0.3032653299,0.04069617827,true,0.1,0.05,true,true,true,0,0,0.2773087567,0.2238676444
3,0.1,4.275,6,0.498,0.705,II,full-pool,0.05,0.05,1,-1,0.546967569,0.2061334598,0.3765505144,0.2734837845,0.507582423,0.3062975727,0.04038833066,true,0.1,0.05,true,true,true,0,0,0.2765505144,0.2234837845
3,0.1,4.275,6,0.498,0.705,II,full-pool,0.1,0.1,1,-1,0.5461804143,0.2054031821,0.3757917982,0.2730902071,0.5151695853,0.3094263374,0.04005084914,true,0.1,0.05,true,true,true,0,0,0.2757917982,0.2230902071
3,0.1,4.275,6,0.498,0.705,II,full-pool,0.15,0.15,1,-1,0.5453733326,0.204690935,0.3750321338,0.2726866663,0.5227662291,0.3126492057,0.03968251936,true,0.1,0.05,true,true,true,0,0,0.2750321338,0.2226866663
3,0.1,4.275,6,0.498,0.705,II,full-pool,0.2,0.2,1,-1,0.5445458196,0.2039962734,0.3742710465,0.2722729098,0.5303771025,0.3159638882,0.03928216225,true,0.1,0.05,true,true,true,0,0,0.2742710465,0.2222729098
3,0.1,4.275,6,0.498,0.705,II,full-pool,0.25,0.25,1,-1,0.5436973579,0.203318763,0.3735080605,0.271848679,0.5380069626,0.3193682083,0.03884863748,true,0.1,0.05,true,true,true,0,0,0.2735080605,0.221848679
3,0.1,4.275,6,0.498,0.705,II,full-pool,0.3,0.3,1,-1,0.5428274174,0.2026579804,0.3727426989,0.2714137087,0.5456605782,0.3228600882,0.03838084684,true,0.1,0.05,true,true,true,0,0,0.2727426989,0.2214137087
3,0.1,4.275,6,0.498,0.705,II,full-pool,0.35,0.35,1,-1,0.5419354542,0.2020135126,0.3719744834,0.2709677271,0.5533427333,0.326437536,0.03787773764,true,0.1,0.05,true,true,true,0,0,0.2719744834,0.2209677271
3,0.1,4.275,6,0.498,0.705,II,full-pool,0.4,0.4,1,-1,0.5410209108,0.2013849568,0.3712029338,0.2705104554,0.5610582292,0.3300986342,0.03733830593,true,0.1,0.05,true,true,true,0,0,0.2712029338,0.2205104554
3,0.1,4.275,6,0.498,0.705,II,full-pool,0.45,0.45,1,-1,0.5400832157,0.20077192,0.3704275679,0.2700416079,0.5688118886,0.3338415294,0.03676159958,true,0.1,0.05,true,true,true,0,0,0.2704275679,0.2200416079
3,0.1,4.275,6,0.498,0.705,II,full-pool,0.5,0.5,1,-1,0.5391217827,0.2001740192,0.369647901,0.2695608914,0.5766085576,0.3376644228,0.0361467213,true,0.1,0.05,true,true,true,0,0,0.269647901,0.2195608914
3,0.1,4.275,6,0.498,0.705,II,full-pool,0.55,0.55,1,-1,0.5381360109,0.1995908806,0.3688634458,0.2690680055,0.5844531094,0.3415655618,0.03549283133,true,0.1,0.05,true,true,true,0,0,0.2688634458,0.2190680055
3,0.1,4.275,6,0.498,0.705,II,full-pool,0.6,0.6,1,-1,0.5371252842,0.1990221398,0.368073712,0.2685626421,0.5923504472,0.3455432324,0.03479915,true,0.1,0.05,true,true,true,0,0,0.268073712,0.2185626421
3,0.1,4.275,6,0.498,0.705,II,full-pool,0.65,0.65,1,-1,0.5360889708,0.1984674412,0.367278206,0.2680444854,0.6003055071,0.349595752,0.03406496011,true,0.1,0.05,true,true,true,0,0,0.267278206,0.2180444854
3,0.1,4.275,6,0.498,0.705,II,full-pool,0.7,0.7,1,-1,0.535026423,0.1979264382,0.3664764306,0.2675132115,0.6083232611,0.3537214633,0.03328960893,true,0.1,0.05,true,true,true,0,0,0.2664764306,0.2175132115
3,0.1,4.275,6,0.498,0.705,II,full-pool,0.75,0.75,1,-1,0.5339369767,0.1973987925,0.3656678846,0.2669684884,0.6164087207,0.3579187286,0.03247251009,true,0.1,0.05,true,true,true,0,0,0.2656678846,0.2169684884
3,0.1,4.275,6,0.498,0.705,II,full-pool,0.8,0.8,1,-1,0.532819951,0.1968841745,0.3648520628,0.2664099755,0.6245669396,0.3621859246,0.03161314512,true,0.1,0.05,true,true,true,0,0,0.2648520628,0.2164099755
3,0.1,4.275,6,0.498,0.705,II,full-pool,0.85,0.85,1,-1,0.5316746475,0.1963822625,0.364028455,0.2658373238,0.6328030168,0.3665214378,0.03071106477,true,0.1,0.05,true,true,true,0,0,0.264028455,0.2158373238
3,0.1,4.275,6,0.498,0.705,II,full-pool,0.9,0.9,1,-1,0.5243852877,0.1933705117,0.3588778997,0.2621926439,0.6411221003,0.3709236603,0.02976589001,true,0.1,0.05,true,true,true,0,0,0.2588778997,0.2121926439
3,0.1,4.275,6,0.498,0.705,II,full-pool,0.95,0.95,1,-1,0.512345044,0.1885961768,0.3504706104,0.256172522,0.6495293896,0.375390986,0.02877731277,true,0.1,0.05,true,true,true,0,0,0.2504706104,0.206172522
3,0.1,4.275,6,0.498,0.705,II,full-pool,1,1,1,-1,0.5,0.1839397206,0.3419698603,0.25,0.6580301397,0.3799218074,0.02774509651,true,0.1,0.05,true,true,true,0,0,0.2419698603,0.2
3,0.1,4.275,6,0.498,0.705,II,full-pool,1.05,1.05,1,-1,0.487654956,0.1793982327,0.3335265944,0.243827478,0.6664734056,0.3843702087,0.02671725523,true,0.1,0.05,true,true,true,0,0,0.2335265944,0.193827478
3,0.1,4.275,6,0.498,0.705,II,full-pool,1.1,1.1,1,-1,0.4756147123,0.1749688746,0.3252917934,0.2378073561,0.6747082066,0.3886015337,0.02573957129,true,0.1,0.05,true,true,true,0,0,0.2252917934,0.1878073561
3,0.1,4.275,6,0.498,0.705,II,full-pool,1.15,1.15,1,-1,0.4638717432,0.1706488777,0.3172603104,0.2319358716,0.6827396896,0.3926300646,0.02480874467,true,0.1,0.05,true,true,true,0,0,0.2172603104,0.1819358716
3,0.1,4.275,6,0.498,0.705,II,full-pool,1.2,1.2,1,-1,0.452418709,0.1664355418,0.3094271254,0.2262093545,0.6905728746,0.3964688675,0.02392175632,true,0.1,0.05,true,true,true,0,0,0.2094271254,0.1762093545
3,0.1,4.275,6,0.498,0.705,II,full-pool,1.25,1.25,1,-1,0.4412484513,0.1623262337,0.3017873425,0.2206242256,0.6982126575,0.4001299194,0.02307583888,true,0.1,0.05,true,true,true,0,0,0.2017873425,0.1706242256
3,0.1,4.275,6,0.498,0.705,II,full-pool,1.3,1.3,1,-1,0.4303539882,0.1583183847,0.2943361865,0.2151769941,0.7056638135,0.4036242194,0.02226845088,true,0.1,0.05,true,true,true,0,0,0.1943361865,0.1651769941
3,0.1,4.275,6,0.498,0.705,II,full-pool,1.35,1.35,1,-1,0.4197285104,0.1544094898,0.2870690001,0.2098642552,0.7129309999,0.4069618867,0.02149725422,true,0.1,0.05,true,true,true,0,0,0.1870690001,0.1598642552
3,0.1,4.275,6,0.498,0.705,II,full-pool,1.4,1.4,1,-1,0.4093653765,0.150597106,0.2799812412,0.2046826883,0.7200187588,0.4101522469,0.02076009412,true,0.1,0.05,true,true,true,0,0,0.1799812412,0.1546826883
3,0.1,4.275,6,0.498,0.705,II,full-pool,1.45,1.45,1,-1,0.3992581094,0.1468788502,0.2730684798,0.1996290547,0.7269315202,0.4132039084,0.02005498155,true,0.1,0.05,true,true,true,0,0,0.1730684798,0.1496290547
3,0.1,4.275,6,0.498,0.705,II,full-pool,1.5,1.5,1,-1,0.3894003915,0.1432523984,0.266326395,0.1947001958,0.733673605,0.4161248301,0.01938007754,true,0.1,0.05,true,true,true,0,0,0.166326395,0.1447001958
3,0.1,4.275,6,0.498,0.705,II,full-pool,1.55,1.55,1,-1,0.3797860616,0.1397154841,0.2597507729,0.1898930308,0.7402492271,0.4189223816,0.01873367927,true,0.1,0.05,true,true,true,0,0,0.1597507729,0.1398930308
3,0.1,4.275,6,0.498,0.705,II,full-pool,1.6,1.6,1,-1,0.3704091103,0.1362658965,0.2533375034,0.1852045552,0.7466624966,0.4216033968,0.0181142077,true,0.1,0.05,true,true,true,0,0,0.1533375034,0.1352045552
3,0.1,4.275,6,0.498,0.705,II,full-pool,1.65,1.65,1,-1,0.3612636768,0.1329014795,0.2470825782,0.1806318384,0.7529174218,0.4241742219,0.0175201965,true,0.1,0.05,true,true,true,0,0,0.1470825782,0.1306318384
3,0.1,4.275,6,0.498,0.705,II,full-pool,1.7,1.7,1,-1,0.3523440449,0.1296201303,0.2409820876,0.1761720224,0.7590179124,0.4266407581,0.01695028216,true,0.1,0.05,true,true,true,0,0,0.1409820876,0.1261720224
3,0.1,4.275,6,0.498,0.705,II,full-pool,1.75,1.75,1,-1,0.3436446394,0.1264197979,0.2350322186,0.1718223197,0.7649677814,0.4290084998,0.01640319512,true,0.1,0.05,true,true,true,0,0,0.1350322186,0.1218223197
3,0.1,4.275,6,0.498,0.705,II,full-pool,1.8,1.8,1,-1,0.335160023,0.123298482,0.2292292525,0.1675800115,0.7707707475,0.4312825695,0.01587775182,true,0.1,0.05,true,true,true,0,0,0.1292292525,0.1175800115
3,0.1,4.275,6,0.498,0.705,II,full-pool,1.85,1.85,1,-1,0.3268848926,0.1202542316,0.2235695621,0.1634424463,0.7764304379,0.4334677484,0.01537284749,true,0.1,0.05,true,true,true,0,0,0.1235695621,0.1134424463
3,0.1,4.275,6,0.498,0.705,II,full-pool,1.9,1.9,1,-1,0.3188140758,0.117285144,0.2180496099,0.1594070379,0.7819503901,0.4355685046,0.01488744974,true,0.1,0.05,true,true,true,0,0,0.1180496099,0.1094070379
3,0.1,4.275,6,0.498,0.705,II,full-pool,1.95,1.95,1,-1,0.3109425282,0.1143893635,0.2126659459,0.1554712641,0.7873340541,0.4375890184,0.0144205927,true,0.1,0.05,true,true,true,0,0,0.1126659459,0.1054712641
3,0.1,4.275,6,0.498,0.705,II,full-pool,2,2,1,-1,0.3032653299,0.1115650801,0.207415205,0.1516326649,0.792584795,0.4395332048,0.01397137174,true,0.1,0.05,true,true,true,0,0,0.107415205,0.1016326649
3,0.1,4.275,6,0.498,0.705,II,full-pool,2.05,2.05,1,-1,0.2957776822,0.1088105284,0.2022941053,0.1478888411,0.7977058947,0.4414047348,0.01353893869,true,0.1,0.05,true,true,true,0,0,0.1022941053,0.09788884109
3,0.1,4.275,6,0.498,0.705,II,full-pool,2.1,2.1,1,-1,0.2884749052,0.1061239869,0.1972994461,0.1442374526,0.8027005539,0.4432070536,0.01312249748,true,0.1,0.05,true,true,true,0,0,0.09729944605,0.0942374526
3,0.1,4.275,6,0.498,0.705,II,full-pool,2.15,2.15,1,-1,0.2813524344,0.1035037763,0.1924281054,0.1406762172,0.8075718946,0.4449433978,0.01272130024,true,0.1,0.05,true,true,true,0,0,0.09242810537,0.0906762172
3,0.1,4.275,6,0.498,0.705,II,full-pool,2.2,2.2,1,-1,0.274405818,0.100948259,0.1876770385,0.137202909,0.8123229615,0.4466168115,0.01233464365,true,0.1,0.05,true,true,true,0,0,0.08767703852,0.08720290902
3,0.1,4.275,6,0.498,0.705,II,full-pool,2.25,2.25,1,-1,0.2676307143,0.0984558376,0.1830432759,0.1338153571,0.8169567241,0.4482301597,0.01196186572,true,0.1,0.05,true,true,true,0,0,0.08304327593,0.08381535713
3,0.1,4.275,6,0.498,0.705,II,full-pool,2.3,2.3,1,-1,0.2610228884,0.09602495431,0.1785239213,0.1305114442,0.8214760787,0.4497861416,0.01160234276,true,0.1,0.05,true,true,true,0,0,0.07852392135,0.08051144419
3,0.1,4.275,6,0.498,0.705,II,full-pool,2.35,2.35,1,-1,0.2545782103,0.09365408974,0.17411615,0.1272891052,0.82588385,0.4512873025,0.01125548664,true,0.1,0.05,true,true,true,0,0,0.07411615002,0.07728910515
3,0.1,4.275,6,0.498,0.705,II,full-pool,2.4,2.4,1,-1,0.2482926519,0.09134176203,0.169817207,0.1241463259,0.830182793,0.4527360446,0.01092074234,true,0.1,0.05,true,true,true,0,0,0.06981720696,0.07414632595
3,0.1,4.275,6,0.498,0.705,II,full-pool,2.45,2.45,1,-1,0.2421622845,0.08908652589,0.1656244052,0.1210811422,0.8343755948,0.4541346369,0.01059758561,true,0.1,0.05,true,true,true,0,0,0.06562440518,0.07108114224
3,0.1,4.275,6,0.498,0.705,II,full-pool,2.5,2.5,1,-1,0.2361832764,0.08688697173,0.161535124,0.1180916382,0.838464876,0.455485224,0.01028552088,true,0.1,0.05,true,true,true,0,0,0.06153512405,0.06809163819
3,0.1,4.275,6,0.498,0.705,II,full-pool,2.55,2.55,1,-1,0.2303518905,0.08474172475,0.1575468076,0.1151759452,0.8424531924,0.456789835,0.009984079305,true,0.1,0.05,true,true,true,0,0,0.05754680762,0.06517594525
3,0.1,4.275,6,0.498,0.705,II,full-pool,2.6,2.6,1,-1,0.2246644821,0.08264944411,0.1536569631,0.112332241,0.8463430369,0.458050391,0.009692817032,true,0.1,0.05,true,true,true,0,0,0.05365696308,0.06233224103
3,0.1,4.275,6,0.498,0.705,II,partial-pool,2.65,2.65,1,-0.9867528152,0.2191174962,0.08114451419,0.1501310052,0.1095587481,0.8498689948,0.4594134558,0.009324933455,true,0.1,0.05,true,true,true,0,0,0.05013100521,0.05955874812
3,0.1,4.275,6,0.498,0.705,II,partial-pool,2.7,2.7,1,-0.9681291962,0.213707466,0.0798814372,0.1467944516,0.106853733,0.8532055484,0.4607872836,0.008937126124,true,0.1,0.05,true,true,true,0,0,0.04679445159,0.05685373299
3,0.1,4.275,6,0.498,0.705,II,partial-pool,2.75,2.75,1,-0.9492447662,0.2084310098,0.07864827647,0.1435396432,0.1042155049,0.8564603568,0.462116538,0.008563173096,true,0.1,0.05,true,true,true,0,0,0.04353964315,0.05421550492
3,0.1,4.275,6,0.498,0.705,II,partial-pool,2.8,2.8,1,-0.9300975418,0.2032848299,0.07744432782,0.1403645788,0.1016424149,0.8596354212,0.4634029442,0.008202553519,true,0.1,0.05,true,true,true,0,0,0.04036457885,0.05164241494
3,0.1,4.275,6,0.498,0.705,II,partial-pool,2.85,2.85,1,-0.9106856155,0.1982657095,0.07626890282,0.1372673062,0.09913285477,0.8627326938,0.4646481443,0.007854771875,true,0.1,0.05,true,true,true,0,0,0.03726730618,0.04913285477
3,0.1,4.275,6,0.498,0.705,II,partial-pool,2.9,2.9,1,-0.8910070038,0.1933705117,0.07512133427,0.134245923,0.09668525586,0.865754077,0.4658537047,0.007519355601,true,0.1,0.05,true,true,true,0,0,0.034245923,0.04668525586
3,0.1,4.275,6,0.498,0.705,II,partial-pool,2.95,2.95,1,-0.871059761,0.1885961768,0.07400097123,0.131298574,0.09429808839,0.868701426,0.4670211185,0.007195854435,true,0.1,0.05,true,true,true,0,0,0.03129857401,0.04429808839
3,0.1,4.275,6,0.498,0.705,II,partial-pool,3,3,1,-0.85084198,0.1839397206,0.07290717877,0.1284234497,0.09196986029,0.8715765503,0.4681518101,0.00688383913,true,0.1,0.05,true,true,true,0,0,0.02842344968,0.04196986029
3,0.1,4.275,6,0.498,0.705,II,partial-pool,3.05,3.05,1,-0.8303516006,0.1793982327,0.0718393444,0.1256187886,0.08969911635,0.8743812114,0.469247141,0.006582899263,true,0.1,0.05,true,true,true,0,0,0.02561878855,0.03969911635
3,0.1,4.275,6,0.498,0.705,II,partial-pool,3.1,3.1,1,-0.8095867157,0.1749688746,0.07079686645,0.1228828705,0.08748443728,0.8771171295,0.4703084102,0.006292643803,true,0.1,0.05,true,true,true,0,0,0.0228828705,0.03748443728
3,0.1,4.275,6,0.498,0.705,II,partial-pool,3.15,3.15,1,-0.7885453415,0.1706488777,0.06977916208,0.1202140199,0.08532443883,0.8797859801,0.4713368598,0.006012698856,true,0.1,0.05,true,true,true,0,0,0.02021401987,0.03532443883
3,0.1,4.275,6,0.498,0.705,II,partial-pool,3.2,3.2,1,-0.7672253418,0.1664355418,0.06878566925,0.1176106056,0.08321777092,0.8823893944,0.4723336791,0.005742706405,true,0.1,0.05,true,true,true,0,0,0.01761060555,0.03321777092
3,0.1,4.275,6,0.498,0.705,II,partial-pool,3.25,3.25,1,-0.7456248474,0.1623262337,0.06781583178,0.1150710327,0.08116311684,0.8849289673,0.4733000033,0.005482325473,true,0.1,0.05,true,true,true,0,0,0.01507103273,0.03116311684
3,0.1,4.275,6,0.498,0.705,II,partial-pool,3.257305908,3.257305908,1,-0.7424449921,0.1617343451,0.06767607014,0.1147052076,0.08086717256,0.8852947924,0.4734387134,0.005445064036,true,0.1,0.05,true,true,true,0,0,0.01470520763,0.03086717256
3,0.1,4.28,6,0.4986,0.705,II,full-minimal,-inf,-0.005600014635,1,-1,0.5478200846,0.2069672581,0.3773936713,0.2739100423,0.4991508537,0.3029318393,0.04072886627,true,0.1,0.05,true,true,true,0,0,0.2773936713,0.2239100423
3,0.1,4.28,6,0.4986,0.705,II,full-pool,0,0,1,-1,0.5477352889,0.2068822245,0.3773087567,0.2738676444,0.5,0.3032653299,0.04069617827,true,0.1,0.05,true,true,true,0,0,0.2773087567,0.2238676444
3,0.1,4.28,6,0.4986,0.705,II,full-pool,0.05,0.05,1,-1,0.546967569,0.2061334598,0.3765505144,0.2734837845,0.507582423,0.3062975727,0.04038833066,true,0.1,0.05,true,true,true,0,0,0.2765505144,0.2234837845
3,0.1,4.28,6,0.4986,0.705,II,full-pool,0.1,0.1,1,-1,0.5461804143,0.2054031821,0.3757917982,0.2730902071,0.5151695853,0.3094263374,0.04005084914,true,0.1,0.05,true,true,true,0,0,0.2757917982,0.2230902071
3,0.1,4.28,6,0.4986,0.705,II,full-pool,0.15,0.15,1,-1,0.5453733326,0.204690935,0.3750321338,0.2726866663,0.5227662291,0.3126492057,0.03968251936,true,0.1,0.05,true,true,true,0,0,0.2750321338,0.2226866663
3,0.1,4.28,6,0.4986,0.705,II,full-pool,0.2,0.2,1,-1,0.5445458196,0.2039962734,0.3742710465,0.2722729098,0.5303771025,0.3159638882,0.03928216225,true,0.1,0.05,true,true,true,0,0,0.2742710465,0.2222729098
3,0.1,4.28,6,0.4986,0.705,II,full-pool,0.25,0.25,1,-1,0.5436973579,0.203318763,0.3735080605,0.271848679,0.5380069626,0.3193682083,0.03884863748,true,0.1,0.05,true,true,true,0,0,0.2735080605,0.221848679
3,0.1,4.28,6,0.4986,0.705,II,full-pool,0.3,0.3,1,-1,0.5428274174,0.2026579804,0.3727426989,0.2714137087,0.5456605782,0.3228600882,0.03838084684,true,0.1,0.05,true,true,true,0,0,0.2727426989,0.2214137087
3,0.1,4.28,6,0.4986,0.705,II,full-pool,0.35,0.35,1,-1,0.5419354542,0.2020135126,0.3719744834,0.2709677271,0.5533427333,0.326437536,0.03787773764,true,0.1,0.05,true,true,true,0,0,0.2719744834,0.2209677271
3,0.1,4.28,6,0.4986,0.705,II,full-pool,0.4,0.4,1,-1,0.5410209108,0.2013849568,0.3712029338,0.2705104554,0.5610582292,0.3300986342,0.03733830593,true,0.1,0.05,true,true,true,0,0,0.2712029338,0.2205104554
3,0.1,4.28,6,0.4986,0.705,II,full-pool,0.45,0.45,1,-1,0.5400832157,0.20077192,0.3704275679,0.2700416079,0.5688118886,0.3338415294,0.03676159958,true,0.1,0.05,true,true,true,0,0,0.2704275679,0.2200416079
3,0.1,4.28,6,0.4986,0.705,II,full-pool,0.5,0.5,1,-1,0.5391217827,0.2001740192,0.369647901,0.2695608914,0.5766085576,0.3376644228,0.0361467213,true,0.1,0.05,true,true,true,0,0,0.269647901,0.2195608914
3,0.1,4.28,6,0.4986,0.705,II,full-pool,0.55,0.55,1,-1,0.5381360109,0.1995908806,0.3688634458,0.2690680055,0.5844531094,0.3415655618,0.03549283133,true,0.1,0.05,true,true,true,0,0,0.2688634458,0.2190680055
3,0.1,4.28,6,0.4986,0.705,II,full-pool,0.6,0.6,1,-1,0.5371252842,0.1990221398,0.368073712,0.2685626421,0.5923504472,0.3455432324,0.03479915,true,0.1,0.05,true,true,true,0,0,0.268073712,0.2185626421
3,0.1,4.28,6,0.4986,0.705,II,full-pool,0.65,0.65,1,-1,0.5360889708,0.1984674412,0.367278206,0.2680444854,0.6003055071,0.349595752,0.03406496011,true,0.1,0.05,true,true,true,0,0,0.267278206,0.2180444854
3,0.1,4.28,6,0.4986,0.705,II,full-pool,0.7,0.7,1,-1,0.535026423,0.1979264382,0.3664764306,0.2675132115,0.6083232611,0.3537214633,0.03328960893,true,0.1,0.05,true,true,true,0,0,0.2664764306,0.2175132115
3,0.1,4.28,6,0.4986,0.705,II,full-pool,0.75,0.75,1,-1,0.5339369767,0.1973987925,0.3656678846,0.2669684884,0.6164087207,0.3579187286,0.03247251009,true,0.1,0.05,true,true,true,0,0,0.2656678846,0.2169684884
3,0.1,4.28,6,0.4986,0.705,II,full-pool,0.8,0.8,1,-1,0.532819951,0.1968841745,0.3648520628,0.2664099755,0.6245669396,0.3621859246,0.03161314512,true,0.1,0.05,true,true,true,0,0,0.2648520628,0.2164099755
3,0.1,4.28,6,0.4986,0.705,II,full-pool,0.85,0.85,1,-1,0.5316746475,0.1963822625,0.364028455,0.2658373238,0.6328030168,0.3665214378,0.03071106477,true,0.1,0.05,true,true,true,0,0,0.264028455,0.2158373238
3,0.1,4.28,6,0.4986,0.705,II,full-pool,0.9,0.9,1,-1,0.5243852877,0.1933705117,0.3588778997,0.2621926439,0.6411221003,0.3709236603,0.02976589001,true,0.1,0.05,true,true,true,0,0,0.2588778997,0.2121926439
3,0.1,4.28,6,0.4986,0.705,II,full-pool,0.95,0.95,1,-1,0.512345044,0.1885961768,0.3504706104,0.256172522,0.6495293896,0.375390986,0.02877731277,true,0.1,0.05,true,true,true,0,0,0.2504706104,0.206172522
3,0.1,4.28,6,0.4986,0.705,II,full-pool,1,1,1,-1,0.5,0.1839397206,0.3419698603,0.25,0.6580301397,0.3799218074,0.02774509651,true,0.1,0.05,true,true,true,0,0,0.2419698603,0.2
3,0.1,4.28,6,0.4986,0.705,II,full-pool,1.05,1.05,1,-1,0.487654956,0.1793982327,0.3335265944,0.243827478,0.6664734056,0.3843702087,0.02671725523,true,0.1,0.05,true,true,true,0,0,0.2335265944,0.193827478
3,0.1,4.28,6,0.4986,0.705,II,full-pool,1.1,1.1,1,-1,0.4756147123,0.1749688746,0.3252917934,0.2378073561,0.6747082066,0.3886015337,0.02573957129,true,0.1,0.05,true,true,true,0,0,0.2252917934,0.1878073561
3,0.1,4.28,6,0.4986,0.705,II,full-pool,1.15,1.15,1,-1,0.4638717432,0.1706488777,0.3172603104,0.2319358716,0.6827396896,0.3926300646,0.02480874467,true,0.1,0.05,true,true,true,0,0,0.2172603104,0.1819358716
3,0.1,4.28,6,0.4986,0.705,II,full-pool,1.2,1.2,1,-1,0.452418709,0.1664355418,0.3094271254,0.2262093545,0.6905728746,0.3964688675,0.02392175632,true,0.1,0.05,true,true,true,0,0,0.2094271254,0.1762093545
3,0.1,4.28,6,0.4986,0.705,II,full-pool,1.25,1.25,1,-1,0.4412484513,0.1623262337,0.3017873425,0.2206242256,0.6982126575,0.4001299194,0.02307583888,true,0.1,0.05,true,true,true,0,0,0.2017873425,0.1706242256
3,0.1,4.28,6,0.4986,0.705,II,full-pool,1.3,1.3,1,-1,0.4303539882,0.1583183847,0.2943361865,0.2151769941,0.7056638135,0.4036242194,0.02226845088,true,0.1,0.05,true,true,true,0,0,0.1943361865,0.1651769941
3,0.1,4.28,6,0.4986,0.705,II,full-pool,1.35,1.35,1,-1,0.4197285104,0.1544094898,0.2870690001,0.2098642552,0.7129309999,0.4069618867,0.02149725422,true,0.1,0.05,true,true,true,0,0,0.1870690001,0.1598642552
3,0.1,4.28,6,0.4986,0.705,II,full-pool,1.4,1.4,1,-1,0.4093653765,0.150597106,0.2799812412,0.2046826883,0.7200187588,0.4101522469,0.02076009412,true,0.1,0.05,true,true,true,0,0,0.1799812412,0.1546826883
3,0.1,4.28,6,0.4986,0.705,II,full-pool,1.45,1.45,1,-1,0.3992581094,0.1468788502,0.2730684798,0.1996290547,0.7269315202,0.4132039084,0.02005498155,true,0.1,0.05,true,true,true,0,0,0.1730684798,0.1496290547
3,0.1,4.28,6,0.4986,0.705,II,full-pool,1.5,1.5,1,-1,0.3894003915,0.1432523984,0.266326395,0.1947001958,0.733673605,0.4161248301,0.01938007754,true,0.1,0.05,true,true,true,0,0,0.166326395,0.1447001958
3,0.1,4.28,6,0.4986,0.705,II,full-pool,1.55,1.55,1,-1,0.3797860616,0.1397154841,0.2597507729,0.1898930308,0.7402492271,0.4189223816,0.01873367927,true,0.1,0.05,true,true,true,0,0,0.1597507729,0.1398930308
3,0.1,4.28,6,0.4986,0.705,II,full-pool,1.6,1.6,1,-1,0.3704091103,0.1362658965,0.2533375034,0.1852045552,0.7466624966,0.4216033968,0.0181142077,true,0.1,0.05,true,true,true,0,0,0.1533375034,0.1352045552
3,0.1,4.28,6,0.4986,0.705,II,full-pool,1.65,1.65,1,-1,0.3612636768,0.1329014795,0.2470825782,0.1806318384,0.7529174218,0.4241742219,0.0175201965,true,0.1,0.05,true,true,true,0,0,0.1470825782,0.1306318384
3,0.1,4.28,6,0.4986,0.705,II,full-pool,1.7,1.7,1,-1,0.3523440449,0.1296201303,0.2409820876,0.1761720224,0.7590179124,0.4266407581,0.01695028216,true,0.1,0.05,true,true,true,0,0,0.1409820876,0.1261720224
3,0.1,4.28,6,0.4986,0.705,II,full-pool,1.75,1.75,1,-1,0.3436446394,0.1264197979,0.2350322186,0.1718223197,0.7649677814,0.4290084998,0.01640319512,true,0.1,0.05,true,true,true,0,0,0.1350322186,0.1218223197
3,0.1,4.28,6,0.4986,0.705,II,full-pool,1.8,1.8,1,-1,0.335160023,0.123298482,0.2292292525,0.1675800115,0.7707707475,0.4312825695,0.01587775182,true,0.1,0.05,true,true,true,0,0,0.1292292525,0.1175800115
3,0.1,4.28,6,0.4986,0.705,II,full-pool,1.85,1.85,1,-1,0.3268848926,0.1202542316,0.2235695621,0.1634424463,0.7764304379,0.4334677484,0.01537284749,true,0.1,0.05,true,true,true,0,0,0.1235695621,0.1134424463
3,0.1,4.28,6,0.4986,0.705,II,full-pool,1.9,1.9,1,-1,0.3188140758,0.117285144,0.2180496099,0.1594070379,0.7819503901,0.4355685046,0.01488744974,true,0.1,0.05,true,true,true,0,0,0.1180496099,0.1094070379
3,0.1,4.28,6,0.4986,0.705,II,full-pool,1.95,1.95,1,-1,0.3109425282,0.1143893635,0.2126659459,0.1554712641,0.7873340541,0.4375890184,0.0144205927,true,0.1,0.05,true,true,true,0,0,0.1126659459,0.1054712641
3,0.1,4.28,6,0.4986,0.705,II,full-pool,2,2,1,-1,0.3032653299,0.1115650801,0.207415205,0.1516326649,0.792584795,0.4395332048,0.01397137174,true,0.1,0.05,true,true,true,0,0,0.107415205,0.1016326649
3,0.1,4.28,6,0.4986,0.705,II,full-pool,2.05,2.05,1,-1,0.2957776822,0.1088105284,0.2022941053,0.1478888411,0.7977058947,0.4414047348,0.01353893869,true,0.1,0.05,true,true,true,0,0,0.1022941053,0.09788884109
3,0.1,4.28,6,0.4986,0.705,II,full-pool,2.1,2.1,1,-1,0.2884749052,0.1061239869,0.1972994461,0.1442374526,0.8027005539,0.4432070536,0.01312249748,true,0.1,0.05,true,true,true,0,0,0.09729944605,0.0942374526
3,0.1,4.28,6,0.4986,0.705,II,full-pool,2.15,2.15,1,-1,0.2813524344,0.1035037763,0.1924281054,0.1406762172,0.8075718946,0.4449433978,0.01272130024,true,0.1,0.05,true,true,true,0,0,0.09242810537,0.0906762172
3,0.1,4.28,6,0.4986,0.705,II,full-pool,2.2,2.2,1,-1,0.274405818,0.100948259,0.1876770385,0.137202909,0.8123229615,0.4466168115,0.01233464365,true,0.1,0.05,true,true,true,0,0,0.08767703852,0.08720290902
3,0.1,4.28,6,0.4986,0.705,II,full-pool,2.25,2.25,1,-1,0.2676307143,0.0984558376,0.1830432759,0.1338153571,0.8169567241,0.4482301597,0.01196186572,true,0.1,0.05,true,true,true,0,0,0.08304327593,0.08381535713
3,0.1,4.28,6,0.4986,0.705,II,full-pool,2.3,2.3,1,-1,0.2610228884,0.09602495431,0.1785239213,0.1305114442,0.8214760787,0.4497861416,0.01160234276,true,0.1,0.05,true,true,true,0,0,0.07852392135,0.08051144419
3,0.1,4.28,6,0.4986,0.705,II,full-pool,2.35,2.35,1,-1,0.2545782103,0.09365408974,0.17411615,0.1272891052,0.82588385,0.4512873025,0.01125548664,true,0.1,0.05,true,true,true,0,0,0.07411615002,0.07728910515
3,0.1,4.28,6,0.4986,0.705,II,full-pool,2.4,2.4,1,-1,0.2482926519,0.09134176203,0.169817207,0.1241463259,0.830182793,0.4527360446,0.01092074234,true,0.1,0.05,true,true,true,0,0,0.06981720696,0.07414632595
3,0.1,4.28,6,0.4986,0.705,II,full-pool,2.45,2.45,1,-1,0.2421622845,0.08908652589,0.1656244052,0.1210811422,0.8343755948,0.4541346369,0.01059758561,true,0.1,0.05,true,true,true,0,0,0.06562440518,0.07108114224
3,0.1,4.28,6,0.4986,0.705,II,full-pool,2.5,2.5,1,-1,0.2361832764,0.08688697173,0.161535124,0.1180916382,0.838464876,0.455485224,0.01028552088,true,0.1,0.05,true,true,true,0,0,0.06153512405,0.06809163819
3,0.1,4.28,6,0.4986,0.705,II,full-pool,2.55,2.55,1,-1,0.2303518905,0.08474172475,0.1575468076,0.1151759452,0.8424531924,0.456789835,0.009984079305,true,0.1,0.05,true,true,true,0,0,0.05754680762,0.06517594525
3,0.1,4.28,6,0.4986,0.705,II,full-pool,2.6,2.6,1,-1,0.2246644821,0.08264944411,0.1536569631,0.112332241,0.8463430369,0.458050391,0.009692817032,true,0.1,0.05,true,true,true,0,0,0.05365696308,0.06233224103
3,0.1,4.28,6,0.4986,0.705,II,partial-pool,2.65,2.65,1,-0.9867528152,0.2191174962,0.08114451419,0.1501310052,0.1095587481,0.8498689948,0.4594134558,0.009324933455,true,0.1,0.05,true,true,true,0,0,0.05013100521,0.05955874812
3,0.1,4.28,6,0.4986,0.705,II,partial-pool,2.7,2.7,1,-0.9681291962,0.213707466,0.0798814372,0.1467944516,0.106853733,0.8532055484,0.4607872836,0.008937126124,true,0.1,0.05,true,true,true,0,0,0.04679445159,0.05685373299
3,0.1,4.28,6,0.4986,0.705,II,partial-pool,2.75,2.75,1,-0.9492447662,0.2084310098,0.07864827647,0.1435396432,0.1042155049,0.8564603568,0.462116538,0.008563173096,true,0.1,0.05,true,true,true,0,0,0.04353964315,0.05421550492
3,0.1,4.28,6,0.4986,0.705,II,partial-pool,2.8,2.8,1,-0.9300975418,0.2032848299,0.07744432782,0.1403645788,0.1016424149,0.8596354212,0.4634029442,0.008202553519,true,0.1,0.05,true,true,true,0,0,0.04036457885,0.05164241494
3,0.1,4.28,6,0.4986,0.705,II,partial-pool,2.85,2.85,1,-0.9106856155,0.1982657095,0.07626890282,0.1372673062,0.09913285477,0.8627326938,0.4646481443,0.007854771875,true,0.1,0.05,true,true,true,0,0,0.03726730618,0.04913285477
3,0.1,4.28,6,0.4986,0.705,II,partial-pool,2.9,2.9,1,-0.8910070038,0.1933705117,0.07512133427,0.134245923,0.09668525586,0.865754077,0.4658537047,0.007519355601,true,0.1,0.05,true,true,true,0,0,0.034245923,0.04668525586
3,0.1,4.28,6,0.4986,0.705,II,partial-pool,2.95,2.95,1,-0.871059761,0.1885961768,0.07400097123,0.131298574,0.09429808839,0.868701426,0.4670211185,0.007195854435,true,0.1,0.05,true,true,true,0,0,0.03129857401,0.04429808839
3,0.1,4.28,6,0.4986,0.705,II,partial-pool,3,3,1,-0.85084198,0.1839397206,0.07290717877,0.1284234497,0.09196986029,0.8715765503,0.4681518101,0.00688383913,true,0.1,0.05,true,true,true,0,0,0.02842344968,0.04196986029
3,0.1,4.28,6,0.4986,0.705,II,partial-pool,3.05,3.05,1,-0.8303516006,0.1793982327,0.0718393444,0.1256187886,0.08969911635,0.8743812114,0.469247141,0.006582899263,true,0.1,0.05,true,true,true,0,0,0.02561878855,0.03969911635
3,0.1,4.28,6,0.4986,0.705,II,partial-pool,3.1,3.1,1,-0.8095867157,0.1749688746,0.07079686645,0.1228828705,0.08748443728,0.8771171295,0.4703084102,0.006292643803,true,0.1,0.05,true,true,true,0,0,0.0228828705,0.03748443728
3,0.1,4.28,6,0.4986,0.705,II,partial-pool,3.15,3.15,1,-0.7885453415,0.1706488777,0.06977916208,0.1202140199,0.08532443883,0.8797859801,0.4713368598,0.006012698856,true,0.1,0.05,true,true,true,0,0,0.02021401987,0.03532443883
3,0.1,4.28,6,0.4986,0.705,II,partial-pool,3.2,3.2,1,-0.7672253418,0.1664355418,0.06878566925,0.1176106056,0.08321777092,0.8823893944,0.4723336791,0.005742706405,true,0.1,0.05,true,true,true,0,0,0.01761060555,0.03321777092
3,0.1,4.28,6,0.4986,0.705,II,partial-pool,3.25,3.25,1,-0.7456248474,0.1623262337,0.06781583178,0.1150710327,0.08116311684,0.8849289673,0.4733000033,0.005482325473,true,0.1,0.05,true,true,true,0,0,0.01507103273,0.03116311684
3,0.1,4.28,6,0.4986,0.705,II,partial-pool,3.257305908,3.257305908,1,-0.7424449921,0.1617343451,0.06767607014,0.1147052076,0.08086717256,0.8852947924,0.4734387134,0.005445064036,true,0.1,0.05,true,true,true,0,0,0.01470520763,0.03086717256
3,0.1,4.29,6,0.4998,0.705,II,full-minimal,-inf,-0.0008000000427,1,-1,0.5477474171,0.2068943576,0.3773208873,0.2738737085,0.4998786939,0.3032176123,0.04070086973,true,0.1,0.05,true,true,true,0,0,0.2773208873,0.2238737085
3,0.1,4.29,6,0.4998,0.705,II,full-pool,0,0,1,-1,0.5477352889,0.2068822245,0.3773087567,0.2738676444,0.5,0.3032653299,0.04069617827,true,0.1,0.05,true,true,true,0,0,0.2773087567,0.2238676444
3,0.1,4.29,6,0.4998,0.705,II,full-pool,0.05,0.05,1,-1,0.546967569,0.2061334598,0.3765505144,0.2734837845,0.507582423,0.3062975727,0.04038833066,true,0.1,0.05,true,true,true,0,0,0.2765505144,0.2234837845
3,0.1,4.29,6,0.4998,0.705,II,full-pool,0.1,0.1,1,-1,0.5461804143,0.2054031821,0.3757917982,0.2730902071,0.5151695853,0.3094263374,0.04005084914,true,0.1,0.05,true,true,true,0,0,0.2757917982,0.2230902071
3,0.1,4.29,6,0.4998,0.705,II,full-pool,0.15,0.15,1,-1,0.5453733326,0.204690935,0.3750321338,0.2726866663,0.5227662291,0.3126492057,0.03968251936,true,0.1,0.05,true,true,true,0,0,0.2750321338,0.2226866663
3,0.1,4.29,6,0.4998,0.705,II,full-pool,0.2,0.2,1,-1,0.5445458196,0.2039962734,0.3742710465,0.2722729098,0.5303771025,0.3159638882,0.03928216225,true,0.1,0.05,true,true,true,0,0,0.2742710465,0.2222729098
3,0.1,4.29,6,0.4998,0.705,II,full-pool,0.25,0.25,1,-1,0.5436973579,0.203318763,0.3735080605,0.271848679,0.5380069626,0.3193682083,0.03884863748,true,0.1,0.05,true,true,true,0,0,0.2735080605,0.221848679
3,0.1,4.29,6,0.4998,0.705,II,full-pool,0.3,0.3,1,-1,0.5428274174,0.2026579804,0.3727426989,0.2714137087,0.5456605782,0.3228600882,0.03838084684,true,0.1,0.05,true,true,true,0,0,0.2727426989,0.2214137087
3,0.1,4.29,6,0.4998,0.705,II,full-pool,0.35,0.35,1,-1,0.5419354542,0.2020135126,0.3719744834,0.2709677271,0.5533427333,0.326437536,0.03787773764,true,0.1,0.05,true,true,true,0,0,0.2719744834,0.2209677271
3,0.1,4.29,6,0.4998,0.705,II,full-pool,0.4,0.4,1,-1,0.5410209108,0.2013849568,0.3712029338,0.2705104554,0.5610582292,0.3300986342,0.03733830593,true,0.1,0.05,true,true,true,0,0,0.2712029338,0.2205104554
3,0.1,4.29,6,0.4998,0.705,II,full-pool,0.45,0.45,1,-1,0.5400832157,0.20077192,0.3704275679,0.2700416079,0.5688118886,0.3338415294,0.03676159958,true,0.1,0.05,true,true,true,0,0,0.2704275679,0.2200416079
3,0.1,4.29,6,0.4998,0.705,II,full-pool,0.5,0.5,1,-1,0.5391217827,0.2001740192,0.369647901,0.2695608914,0.5766085576,0.3376644228,0.0361467213,true,0.1,0.05,true,true,true,0,0,0.269647901,0.2195608914
3,0.1,4.29,6,0.4998,0.705,II,full-pool,0.55,0.55,1,-1,0.5381360109,0.1995908806,0.3688634458,0.2690680055,0.5844531094,0.3415655618,0.03549283133,true,0.1,0.05,true,true,true,0,0,0.2688634458,0.2190680055
3,0.1,4.29,6,0.4998,0.705,II,full-pool,0.6,0.6,1,-1,0.5371252842,0.1990221398,0.368073712,0.2685626421,0.5923504472,0.3455432324,0.03479915,true,0.1,0.05,true,true,true,0,0,0.268073712,0.2185626421
3,0.1,4.29,6,0.4998,0.705,II,full-pool,0.65,0.65,1,-1,0.5360889708,0.1984674412,0.367278206,0.2680444854,0.6003055071,0.349595752,0.03406496011,true,0.1,0.05,true,true,true,0,0,0.267278206,0.2180444854
3,0.1,4.29,6,0.4998,0.705,II,full-pool,0.7,0.7,1,-1,0.535026423,0.1979264382,0.3664764306,0.2675132115,0.6083232611,0.3537214633,0.03328960893,true,0.1,0.05,true,true,true,0,0,0.2664764306,0.2175132115
3,0.1,4.29,6,0.4998,0.705,II,full-pool,0.75,0.75,1,-1,0.5339369767,0.1973987925,0.3656678846,0.2669684884,0.6164087207,0.3579187286,0.03247251009,true,0.1,0.05,true,true,true,0,0,0.2656678846,0.2169684884
3,0.1,4.29,6,0.4998,0.705,II,full-pool,0.8,0.8,1,-1,0.532819951,0.1968841745,0.3648520628,0.2664099755,0.6245669396,0.3621859246,0.03161314512,true,0.1,0.05,true,true,true,0,0,0.2648520628,0.2164099755
3,0.1,4.29,6,0.4998,0.705,II,full-pool,0.85,0.85,1,-1,0.5316746475,0.1963822625,0.364028455,0.2658373238,0.6328030168,0.3665214378,0.03071106477,true,0.1,0.05,true,true,true,0,0,0.264028455,0.2158373238
3,0.1,4.29,6,0.4998,0.705,II,full-pool,0.9,0.9,1,-1,0.5243852877,0.1933705117,0.3588778997,0.2621926439,0.6411221003,0.3709236603,0.02976589001,true,0.1,0.05,true,true,true,0,0,0.2588778997,0.2121926439
3,0.1,4.29,6,0.4998,0.705,II,full-pool,0.95,0.95,1,-1,0.512345044,0.1885961768,0.3504706104,0.256172522,0.6495293896,0.375390986,0.02877731277,true,0.1,0.05,true,true,true,0,0,0.2504706104,0.206172522
3,0.1,4.29,6,0.4998,0.705,II,full-pool,1,1,1,-1,0.5,0.1839397206,0.3419698603,0.25,0.6580301397,0.3799218074,0.02774509651,true,0.1,0.05,true,true,true,0,0,0.2419698603,0.2
3,0.1,4.29,6,0.4998,0.705,II,full-pool,1.05,1.05,1,-1,0.487654956,0.1793982327,0.3335265944,0.243827478,0.6664734056,0.3843702087,0.02671725523,true,0.1,0.05,true,true,true,0,0,0.2335265944,0.193827478
3,0.1,4.29,6,0.4998,0.705,II,full-pool,1.1,1.1,1,-1,0.4756147123,0.1749688746,0.3252917934,0.2378073561,0.6747082066,0.3886015337,0.02573957129,true,0.1,0.05,true,true,true,0,0,0.2252917934,0.1878073561
3,0.1,4.29,6,0.4998,0.705,II,full-pool,1.15,1.15,1,-1,0.4638717432,0.1706488777,0.3172603104,0.2319358716,0.6827396896,0.3926300646,0.02480874467,true,0.1,0.05,true,true,true,0,0,0.2172603104,0.1819358716
3,0.1,4.29,6,0.4998,0.705,II,full-pool,1.2,1.2,1,-1,0.452418709,0.1664355418,0.3094271254,0.2262093545,0.6905728746,0.3964688675,0.02392175632,true,0.1,0.05,true,true,true,0,0,0.2094271254,0.1762093545
3,0.1,4.29,6,0.4998,0.705,II,full-pool,1.25,1.25,1,-1,0.4412484513,0.1623262337,0.3017873425,0.2206242256,0.6982126575,0.4001299194,0.02307583888,true,0.1,0.05,true,true,true,0,0,0.2017873425,0.1706242256
3,0.1,4.29,6,0.4998,0.705,II,full-pool,1.3,1.3,1,-1,0.4303539882,0.1583183847,0.2943361865,0.2151769941,0.7056638135,0.4036242194,0.02226845088,true,0.1,0.05,true,true,true,0,0,0.1943361865,0.1651769941
3,0.1,4.29,6,0.4998,0.705,II,full-pool,1.35,1.35,1,-1,0.4197285104,0.1544094898,0.2870690001,0.2098642552,0.7129309999,0.4069618867,0.02149725422,true,0.1,0.05,true,true,true,0,0,0.1870690001,0.1598642552
3,0.1,4.29,6,0.4998,0.705,II,full-pool,1.4,1.4,1,-1,0.4093653765,0.150597106,0.2799812412,0.2046826883,0.7200187588,0.4101522469,0.02076009412,true,0.1,0.05,true,true,true,0,0,0.1799812412,0.1546826883
3,0.1,4.29,6,0.4998,0.705,II,full-pool,1.45,1.45,1,-1,0.3992581094,0.1468788502,0.2730684798,0.1996290547,0.7269315202,0.4132039084,0.02005498155,true,0.1,0.05,true,true,true,0,0,0.1730684798,0.1496290547
3,0.1,4.29,6,0.4998,0.705,II,full-pool,1.5,1.5,1,-1,0.3894003915,0.1432523984,0.266326395,0.1947001958,0.733673605,0.4161248301,0.01938007754,true,0.1,0.05,true,true,true,0,0,0.166326395,0.1447001958
3,0.1,4.29,6,0.4998,0.705,II,full-pool,1.55,1.55,1,-1,0.3797860616,0.1397154841,0.2597507729,0.1898930308,0.7402492271,0.4189223816,0.01873367927,true,0.1,0.05,true,true,true,0,0,0.1597507729,0.1398930308
3,0.1,4.29,6,0.4998,0.705,II,full-pool,1.6,1.6,1,-1,0.3704091103,0.1362658965,0.2533375034,0.1852045552,0.7466624966,0.4216033968,0.0181142077,true,0.1,0.05,true,true,true,0,0,0.1533375034,0.1352045552
3,0.1,4.29,6,0.4998,0.705,II,full-pool,1.65,1.65,1,-1,0.3612636768,0.1329014795,0.2470825782,0.1806318384,0.7529174218,0.4241742219,0.0175201965,true,0.1,0.05,true,true,true,0,0,0.1470825782,0.1306318384
3,0.1,4.29,6,0.4998,0.705,II,full-pool,1.7,1.7,1,-1,0.3523440449,0.1296201303,0.2409820876,0.1761720224,0.7590179124,0.4266407581,0.01695028216,true,0.1,0.05,true,true,true,0,0,0.1409820876,0.1261720224
3,0.1,4.29,6,0.4998,0.705,II,full-pool,1.75,1.75,1,-1,0.3436446394,0.1264197979,0.2350322186,0.1718223197,0.7649677814,0.4290084998,0.01640319512,true,0.1,0.05,true,true,true,0,0,0.1350322186,0.1218223197
3,0.1,4.29,6,0.4998,0.705,II,full-pool,1.8,1.8,1,-1,0.335160023,0.123298482,0.2292292525,0.1675800115,0.7707707475,0.4312825695,0.01587775182,true,0.1,0.05,true,true,true,0,0,0.1292292525,0.1175800115
3,0.1,4.29,6,0.4998,0.705,II,full-pool,1.85,1.85,1,-1,0.3268848926,0.1202542316,0.2235695621,0.1634424463,0.7764304379,0.4334677484,0.01537284749,true,0.1,0.05,true,true,true,0,0,0.1235695621,0.1134424463
3,0.1,4.29,6,0.4998,0.705,II,full-pool,1.9,1.9,1,-1,0.3188140758,0.117285144,0.2180496099,0.1594070379,0.7819503901,0.4355685046,0.01488744974,true,0.1,0.05,true,true,true,0,0,0.1180496099,0.1094070379
3,0.1,4.29,6,0.4998,0.705,II,full-pool,1.95,1.95,1,-1,0.3109425282,0.1143893635,0.2126659459,0.1554712641,0.7873340541,0.4375890184,0.0144205927,true,0.1,0.05,true,true,true,0,0,0.1126659459,0.1054712641
3,0.1,4.29,6,0.4998,0.705,II,full-pool,2,2,1,-1,0.3032653299,0.1115650801,0.207415205,0.1516326649,0.792584795,0.4395332048,0.01397137174,true,0.1,0.05,true,true,true,0,0,0.107415205,0.1016326649
3,0.1,4.29,6,0.4998,0.705,II,full-pool,2.05,2.05,1,-1,0.2957776822,0.1088105284,0.2022941053,0.1478888411,0.7977058947,0.4414047348,0.01353893869,true,0.1,0.05,true,true,true,0,0,0.1022941053,0.09788884109
3,0.1,4.29,6,0.4998,0.705,II,full-pool,2.1,2.1,1,-1,0.2884749052,0.1061239869,0.1972994461,0.1442374526,0.8027005539,0.4432070536,0.01312249748,true,0.1,0.05,true,true,true,0,0,0.09729944605,0.0942374526
3,0.1,4.29,6,0.4998,0.705,II,full-pool,2.15,2.15,1,-1,0.2813524344,0.1035037763,0.1924281054,0.1406762172,0.8075718946,0.4449433978,0.01272130024,true,0.1,0.05,true,true,true,0,0,0.09242810537,0.0906762172
3,0.1,4.29,6,0.4998,0.705,II,full-pool,2.2,2.2,1,-1,0.274405818,0.100948259,0.1876770385,0.137202909,0.8123229615,0.4466168115,0.01233464365,true,0.1,0.05,true,true,true,0,0,0.08767703852,0.08720290902
3,0.1,4.29,6,0.4998,0.705,II,full-pool,2.25,2.25,1,-1,0.2676307143,0.0984558376,0.1830432759,0.1338153571,0.8169567241,0.4482301597,0.01196186572,true,0.1,0.05,true,true,true,0,0,0.08304327593,0.08381535713
3,0.1,4.29,6,0.4998,0.705,II,full-pool,2.3,2.3,1,-1,0.2610228884,0.09602495431,0.1785239213,0.1305114442,0.8214760787,0.4497861416,0.01160234276,true,0.1,0.05,true,true,true,0,0,0.07852392135,0.08051144419
3,0.1,4.29,6,0.4998,0.705,II,full-pool,2.35,2.35,1,-1,0.2545782103,0.09365408974,0.17411615,0.1272891052,0.82588385,0.4512873025,0.01125548664,true,0.1,0.05,true,true,true,0,0,0.07411615002,0.07728910515
3,0.1,4.29,6,0.4998,0.705,II,full-pool,2.4,2.4,1,-1,0.2482926519,0.09134176203,0.169817207,0.1241463259,0.830182793,0.4527360446,0.01092074234,true,0.1,0.05,true,true,true,0,0,0.06981720696,0.07414632595
3,0.1,4.29,6,0.4998,0.705,II,full-pool,2.45,2.45,1,-1,0.2421622845,0.08908652589,0.1656244052,0.1210811422,0.8343755948,0.4541346369,0.01059758561,true,0.1,0.05,true,true,true,0,0,0.06562440518,0.07108114224
3,0.1,4.29,6,0.4998,0.705,II,full-pool,2.5,2.5,1,-1,0.2361832764,0.08688697173,0.161535124,0.1180916382,0.838464876,0.455485224,0.01028552088,true,0.1,0.05,true,true,true,0,0,0.06153512405,0.06809163819
3,0.1,4.29,6,0.4998,0.705,II,full-pool,2.55,2.55,1,-1,0.2303518905,0.08474172475,0.1575468076,0.1151759452,0.8424531924,0.456789835,0.009984079305,true,0.1,0.05,true,true,true,0,0,0.05754680762,0.06517594525
3,0.1,4.29,6,0.4998,0.705,II,full-pool,2.6,2.6,1,-1,0.2246644821,0.08264944411,0.1536569631,0.112332241,0.8463430369,0.458050391,0.009692817032,true,0.1,0.05,true,true,true,0,0,0.05365696308,0.06233224103
3,0.1,4.29,6,0.4998,0.705,II,partial-pool,2.65,2.65,1,-0.9867528152,0.2191174962,0.08114451419,0.1501310052,0.1095587481,0.8498689948,0.4594134558,0.009324933455,true,0.1,0.05,true,true,true,0,0,0.05013100521,0.05955874812
3,0.1,4.29,6,0.4998,0.705,II,partial-pool,2.7,2.7,1,-0.9681291962,0.213707466,0.0798814372,0.1467944516,0.106853733,0.8532055484,0.4607872836,0.008937126124,true,0.1,0.05,true,true,true,0,0,0.04679445159,0.05685373299
3,0.1,4.29,6,0.4998,0.705,II,partial-pool,2.75,2.75,1,-0.9492447662,0.2084310098,0.07864827647,0.1435396432,0.1042155049,0.8564603568,0.462116538,0.008563173096,true,0.1,0.05,true,true,true,0,0,0.04353964315,0.05421550492
3,0.1,4.29,6,0.4998,0.705,II,partial-pool,2.8,2.8,1,-0.9300975418,0.2032848299,0.07744432782,0.1403645788,0.1016424149,0.8596354212,0.4634029442,0.008202553519,true,0.1,0.05,true,true,true,0,0,0.04036457885,0.05164241494
3,0.1,4.29,6,0.4998,0.705,II,partial-pool,2.85,2.85,1,-0.9106856155,0.1982657095,0.07626890282,0.1372673062,0.09913285477,0.8627326938,0.4646481443,0.007854771875,true,0.1,0.05,true,true,true,0,0,0.03726730618,0.04913285477
3,0.1,4.29,6,0.4998,0.705,II,partial-pool,2.9,2.9,1,-0.8910070038,0.1933705117,0.07512133427,0.134245923,0.09668525586,0.865754077,0.4658537047,0.007519355601,true,0.1,0.05,true,true,true,0,0,0.034245923,0.04668525586
3,0.1,4.29,6,0.4998,0.705,II,partial-pool,2.95,2.95,1,-0.871059761,0.1885961768,0.07400097123,0.131298574,0.09429808839,0.868701426,0.4670211185,0.007195854435,true,0.1,0.05,true,true,true,0,0,0.03129857401,0.04429808839
3,0.1,4.29,6,0.4998,0.705,II,partial-pool,3,3,1,-0.85084198,0.1839397206,0.07290717877,0.1284234497,0.09196986029,0.8715765503,0.4681518101,0.00688383913,true,0.1,0.05,true,true,true,0,0,0.02842344968,0.04196986029
3,0.1,4.29,6,0.4998,0.705,II,partial-pool,3.05,3.05,1,-0.8303516006,0.1793982327,0.0718393444,0.1256187886,0.08969911635,0.8743812114,0.469247141,0.006582899263,true,0.1,0.05,true,true,true,0,0,0.02561878855,0.03969911635
3,0.1,4.29,6,0.4998,0.705,II,partial-pool,3.1,3.1,1,-0.8095867157,0.1749688746,0.07079686645,0.1228828705,0.08748443728,0.8771171295,0.4703084102,0.006292643803,true,0.1,0.05,true,true,true,0,0,0.0228828705,0.03748443728
3,0.1,4.29,6,0.4998,0.705,II,partial-pool,3.15,3.15,1,-0.7885453415,0.1706488777,0.06977916208,0.1202140199,0.08532443883,0.8797859801,0.4713368598,0.006012698856,true,0.1,0.05,true,true,true,0,0,0.02021401987,0.03532443883
3,0.1,4.29,6,0.4998,0.705,II,partial-pool,3.2,3.2,1,-0.7672253418,0.1664355418,0.06878566925,0.1176106056,0.08321777092,0.8823893944,0.4723336791,0.005742706405,true,0.1,0.05,true,true,true,0,0,0.01761060555,0.03321777092
3,0.1,4.29,6,0.4998,0.705,II,partial-pool,3.25,3.25,1,-0.7456248474,0.1623262337,0.06781583178,0.1150710327,0.08116311684,0.8849289673,0.4733000033,0.005482325473,true,0.1,0.05,true,true,true,0,0,0.01507103273,0.03116311684
3,0.1,4.29,6,0.4998,0.705,II,partial-pool,3.257305908,3.257305908,1,-0.7424449921,0.1617343451,0.06767607014,0.1147052076,0.08086717256,0.8852947924,0.4734387134,0.005445064036,true,0.1,0.05,true,true,true,0,0,0.01470520763,0.03086717256
3,0.1,4.2917,6,0.500004,0.705,III,full-minimal,-inf,1.6e-05,1,-1,0.5477350463,0.2068819819,0.3773085141,0.2738675231,0.5000024261,0.3032662845,0.04069608437,true,0.1,0.05,true,true,true,0,0,0.2773085141,0.2238675231
3,0.1,4.2917,6,0.500004,0.705,III,full-pool,0.05,0.05,1,-1,0.546967569,0.2061334598,0.3765505144,0.2734837845,0.507582423,0.3062975727,0.04038833066,true,0.1,0.05,true,true,true,0,0,0.2765505144,0.2234837845
3,0.1,4.2917,6,0.500004,0.705,III,full-pool,0.1,0.1,1,-1,0.5461804143,0.2054031821,0.3757917982,0.2730902071,0.5151695853,0.3094263374,0.04005084914,true,0.1,0.05,true,true,true,0,0,0.2757917982,0.2230902071
3,0.1,4.2917,6,0.500004,0.705,III,full-pool,0.15,0.15,1,-1,0.5453733326,0.204690935,0.3750321338,0.2726866663,0.5227662291,0.3126492057,0.03968251936,true,0.1,0.05,true,true,true,0,0,0.2750321338,0.2226866663
3,0.1,4.2917,6,0.500004,0.705,III,full-pool,0.2,0.2,1,-1,0.5445458196,0.2039962734,0.3742710465,0.2722729098,0.5303771025,0.3159638882,0.03928216225,true,0.1,0.05,true,true,true,0,0,0.2742710465,0.2222729098
3,0.1,4.2917,6,0.500004,0.705,III,full-pool,0.25,0.25,1,-1,0.5436973579,0.203318763,0.3735080605,0.271848679,0.5380069626,0.3193682083,0.03884863748,true,0.1,0.05,true,true,true,0,0,0.2735080605,0.221848679
3,0.1,4.2917,6,0.500004,0.705,III,full-pool,0.3,0.3,1,-1,0.5428274174,0.2026579804,0.3727426989,0.2714137087,0.5456605782,0.3228600882,0.03838084684,true,0.1,0.05,true,true,true,0,0,0.2727426989,0.2214137087
3,0.1,4.2917,6,0.500004,0.705,III,full-pool,0.35,0.35,1,-1,0.5419354542,0.2020135126,0.3719744834,0.2709677271,0.5533427333,0.326437536,0.03787773764,true,0.1,0.05,true,true,true,0,0,0.2719744834,0.2209677271
3,0.1,4.2917,6,0.500004,0.705,III,full-pool,0.4,0.4,1,-1,0.5410209108,0.2013849568,0.3712029338,0.2705104554,0.5610582292,0.3300986342,0.03733830593,true,0.1,0.05,true,true,true,0,0,0.2712029338,0.2205104554
3,0.1,4.2917,6,0.500004,0.705,III,full-pool,0.45,0.45,1,-1,0.5400832157,0.20077192,0.3704275679,0.2700416079,0.5688118886,0.3338415294,0.03676159958,true,0.1,0.05,true,true,true,0,0,0.2704275679,0.2200416079
3,0.1,4.2917,6,0.500004,0.705,III,full-pool,0.5,0.5,1,-1,0.5391217827,0.2001740192,0.369647901,0.2695608914,0.5766085576,0.3376644228,0.0361467213,true,0.1,0.05,true,true,true,0,0,0.269647901,0.2195608914
3,0.1,4.2917,6,0.500004,0.705,III,full-pool,0.55,0.55,1,-1,0.5381360109,0.1995908806,0.3688634458,0.2690680055,0.5844531094,0.3415655618,0.03549283133,true,0.1,0.05,true,true,true,0,0,0.2688634458,0.2190680055
3,0.1,4.2917,6,0.500004,0.705,III,full-pool,0.6,0.6,1,-1,0.5371252842,0.1990221398,0.368073712,0.2685626421,0.5923504472,0.3455432324,0.03479915,true,0.1,0.05,true,true,true,0,0,0.268073712,0.2185626421
3,0.1,4.2917,6,0.500004,0.705,III,full-pool,0.65,0.65,1,-1,0.5360889708,0.1984674412,0.367278206,0.2680444854,0.6003055071,0.349595752,0.03406496011,true,0.1,0.05,true,true,true,0,0,0.267278206,0.2180444854
3,0.1,4.2917,6,0.500004,0.705,III,full-pool,0.7,0.7,1,-1,0.535026423,0.1979264382,0.3664764306,0.2675132115,0.6083232611,0.3537214633,0.03328960893,true,0.1,0.05,true,true,true,0,0,0.2664764306,0.2175132115
3,0.1,4.2917,6,0.500004,0.705,III,full-pool,0.75,0.75,1,-1,0.5339369767,0.1973987925,0.3656678846,0.2669684884,0.6164087207,0.3579187286,0.03247251009,true,0.1,0.05,true,true,true,0,0,0.2656678846,0.2169684884
3,0.1,4.2917,6,0.500004,0.705,III,full-pool,0.8,0.8,1,-1,0.532819951,0.1968841745,0.3648520628,0.2664099755,0.6245669396,0.3621859246,0.03161314512,true,0.1,0.05,true,true,true,0,0,0.2648520628,0.2164099755
3,0.1,4.2917,6,0.500004,0.705,III,full-pool,0.85,0.85,1,-1,0.5316746475,0.1963822625,0.364028455,0.2658373238,0.6328030168,0.3665214378,0.03071106477,true,0.1,0.05,true,true,true,0,0,0.264028455,0.2158373238
3,0.1,4.2917,6,0.500004,0.705,III,full-pool,0.9,0.9,1,-1,0.5243852877,0.1933705117,0.3588778997,0.2621926439,0.6411221003,0.3709236603,0.02976589001,true,0.1,0.05,true,true,true,0,0,0.2588778997,0.2121926439
3,0.1,4.2917,6,0.500004,0.705,III,full-pool,0.95,0.95,1,-1,0.512345044,0.1885961768,0.3504706104,0.256172522,0.6495293896,0.375390986,0.02877731277,true,0.1,0.05,true,true,true,0,0,0.2504706104,0.206172522
3,0.1,4.2917,6,0.500004,0.705,III,full-pool,1,1,1,-1,0.5,0.1839397206,0.3419698603,0.25,0.6580301397,0.3799218074,0.02774509651,true,0.1,0.05,true,true,true,0,0,0.2419698603,0.2
3,0.1,4.2917,6,0.500004,0.705,III,full-pool,1.05,1.05,1,-1,0.487654956,0.1793982327,0.3335265944,0.243827478,0.6664734056,0.3843702087,0.02671725523,true,0.1,0.05,true,true,true,0,0,0.2335265944,0.193827478
3,0.1,4.2917,6,0.500004,0.705,III,full-pool,1.1,1.1,1,-1,0.4756147123,0.1749688746,0.3252917934,0.2378073561,0.6747082066,0.3886015337,0.02573957129,true,0.1,0.05,true,true,true,0,0,0.2252917934,0.1878073561
3,0.1,4.2917,6,0.500004,0.705,III,full-pool,1.15,1.15,1,-1,0.4638717432,0.1706488777,0.3172603104,0.2319358716,0.6827396896,0.3926300646,0.02480874467,true,0.1,0.05,true,true,true,0,0,0.2172603104,0.1819358716
3,0.1,4.2917,6,0.500004,0.705,III,full-pool,1.2,1.2,1,-1,0.452418709,0.1664355418,0.3094271254,0.2262093545,0.6905728746,0.3964688675,0.02392175632,true,0.1,0.05,true,true,true,0,0,0.2094271254,0.1762093545
3,0.1,4.2917,6,0.500004,0.705,III,full-pool,1.25,1.25,1,-1,0.4412484513,0.1623262337,0.3017873425,0.2206242256,0.6982126575,0.4001299194,0.02307583888,true,0.1,0.05,true,true,true,0,0,0.2017873425,0.1706242256
3,0.1,4.2917,6,0.500004,0.705,III,full-pool,1.3,1.3,1,-1,0.4303539882,0.1583183847,0.2943361865,0.2151769941,0.7056638135,0.4036242194,0.02226845088,true,0.1,0.05,true,true,true,0,0,0.1943361865,0.1651769941
3,0.1,4.2917,6,0.500004,0.705,III,full-pool,1.35,1.35,1,-1,0.4197285104,0.1544094898,0.2870690001,0.2098642552,0.7129309999,0.4069618867,0.02149725422,true,0.1,0.05,true,true,true,0,0,0.1870690001,0.1598642552
3,0.1,4.2917,6,0.500004,0.705,III,full-pool,1.4,1.4,1,-1,0.4093653765,0.150597106,0.2799812412,0.2046826883,0.7200187588,0.4101522469,0.02076009412,true,0.1,0.05,true,true,true,0,0,0.1799812412,0.1546826883
3,0.1,4.2917,6,0.500004,0.705,III,full-pool,1.45,1.45,1,-1,0.3992581094,0.1468788502,0.2730684798,0.1996290547,0.7269315202,0.4132039084,0.02005498155,true,0.1,0.05,true,true,true,0,0,0.1730684798,0.1496290547
3,0.1,4.2917,6,0.500004,0.705,III,full-pool,1.5,1.5,1,-1,0.3894003915,0.1432523984,0.266326395,0.1947001958,0.733673605,0.4161248301,0.01938007754,true,0.1,0.05,true,true,true,0,0,0.166326395,0.1447001958
3,0.1,4.2917,6,0.500004,0.705,III,full-pool,1.55,1.55,1,-1,0.3797860616,0.1397154841,0.2597507729,0.1898930308,0.7402492271,0.4189223816,0.01873367927,true,0.1,0.05,true,true,true,0,0,0.1597507729,0.1398930308
3,0.1,4.2917,6,0.500004,0.705,III,full-pool,1.6,1.6,1,-1,0.3704091103,0.1362658965,0.2533375034,0.1852045552,0.7466624966,0.4216033968,0.0181142077,true,0.1,0.05,true,true,true,0,0,0.1533375034,0.1352045552
3,0.1,4.2917,6,0.500004,0.705,III,full-pool,1.65,1.65,1,-1,0.3612636768,0.1329014795,0.2470825782,0.1806318384,0.7529174218,0.4241742219,0.0175201965,true,0.1,0.05,true,true,true,0,0,0.1470825782,0.1306318384
3,0.1,4.2917,6,0.500004,0.705,III,full-pool,1.7,1.7,1,-1,0.3523440449,0.1296201303,0.2409820876,0.1761720224,0.7590179124,0.4266407581,0.01695028216,true,0.1,0.05,true,true,true,0,0,0.1409820876,0.1261720224
3,0.1,4.2917,6,0.500004,0.705,III,full-pool,1.75,1.75,1,-1,0.3436446394,0.1264197979,0.2350322186,0.1718223197,0.7649677814,0.4290084998,0.01640319512,true,0.1,0.05,true,true,true,0,0,0.1350322186,0.1218223197
3,0.1,4.2917,6,0.500004,0.705,III,full-pool,1.8,1.8,1,-1,0.335160023,0.123298482,0.2292292525,0.1675800115,0.7707707475,0.4312825695,0.01587775182,true,0.1,0.05,true,true,true,0,0,0.1292292525,0.1175800115
3,0.1,4.2917,6,0.500004,0.705,III,full-pool,1.85,1.85,1,-1,0.3268848926,0.1202542316,0.2235695621,0.1634424463,0.7764304379,0.4334677484,0.01537284749,true,0.1,0.05,true,true,true,0,0,0.1235695621,0.1134424463
3,0.1,4.2917,6,0.500004,0.705,III,full-pool,1.9,1.9,1,-1,0.3188140758,0.117285144,0.2180496099,0.1594070379,0.7819503901,0.4355685046,0.01488744974,true,0.1,0.05,true,true,true,0,0,0.1180496099,0.1094070379
3,0.1,4.2917,6,0.500004,0.705,III,full-pool,1.95,1.95,1,-1,0.3109425282,0.1143893635,0.2126659459,0.1554712641,0.7873340541,0.4375890184,0.0144205927,true,0.1,0.05,true,true,true,0,0,0.1126659459,0.1054712641
3,0.1,4.2917,6,0.500004,0.705,III,full-pool,2,2,1,-1,0.3032653299,0.1115650801,0.207415205,0.1516326649,0.792584795,0.4395332048,0.01397137174,true,0.1,0.05,true,true,true,0,0,0.107415205,0.1016326649
3,0.1,4.2917,6,0.500004,0.705,III,full-pool,2.05,2.05,1,-1,0.2957776822,0.1088105284,0.2022941053,0.1478888411,0.7977058947,0.4414047348,0.01353893869,true,0.1,0.05,true,true,true,0,0,0.1022941053,0.09788884109
3,0.1,4.2917,6,0.500004,0.705,III,full-pool,2.1,2.1,1,-1,0.2884749052,0.1061239869,0.1972994461,0.1442374526,0.8027005539,0.4432070536,0.01312249748,true,0.1,0.05,true,true,true,0,0,0.09729944605,0.0942374526
3,0.1,4.2917,6,0.500004,0.705,III,full-pool,2.15,2.15,1,-1,0.2813524344,0.1035037763,0.1924281054,0.1406762172,0.8075718946,0.4449433978,0.01272130024,true,0.1,0.05,true,true,true,0,0,0.09242810537,0.0906762172
3,0.1,4.2917,6,0.500004,0.705,III,full-pool,2.2,2.2,1,-1,0.274405818,0.100948259,0.1876770385,0.137202909,0.8123229615,0.4466168115,0.01233464365,true,0.1,0.05,true,true,true,0,0,0.08767703852,0.08720290902
3,0.1,4.2917,6,0.500004,0.705,III,full-pool,2.25,2.25,1,-1,0.2676307143,0.0984558376,0.1830432759,0.1338153571,0.8169567241,0.4482301597,0.01196186572,true,0.1,0.05,true,true,true,0,0,0.08304327593,0.08381535713
3,0.1,4.2917,6,0.500004,0.705,III,full-pool,2.3,2.3,1,-1,0.2610228884,0.09602495431,0.1785239213,0.1305114442,0.8214760787,0.4497861416,0.01160234276,true,0.1,0.05,true,true,true,0,0,0.07852392135,0.08051144419
3,0.1,4.2917,6,0.500004,0.705,III,full-pool,2.35,2.35,1,-1,0.2545782103,0.09365408974,0.17411615,0.1272891052,0.82588385,0.4512873025,0.01125548664,true,0.1,0.05,true,true,true,0,0,0.07411615002,0.07728910515
3,0.1,4.2917,6,0.500004,0.705,III,full-pool,2.4,2.4,1,-1,0.2482926519,0.09134176203,0.169817207,0.1241463259,0.830182793,0.4527360446,0.01092074234,true,0.1,0.05,true,true,true,0,0,0.06981720696,0.07414632595
3,0.1,4.2917,6,0.500004,0.705,III,full-pool,2.45,2.45,1,-1,0.2421622845,0.08908652589,0.1656244052,0.1210811422,0.8343755948,0.4541346369,0.01059758561,true,0.1,0.05,true,true,true,0,0,0.06562440518,0.07108114224
3,0.1,4.2917,6,0.500004,0.705,III,full-pool,2.5,2.5,1,-1,0.2361832764,0.08688697173,0.161535124,0.1180916382,0.838464876,0.455485224,0.01028552088,true,0.1,0.05,true,true,true,0,0,0.06153512405,0.06809163819
3,0.1,4.2917,6,0.500004,0.705,III,full-pool,2.55,2.55,1,-1,0.2303518905,0.08474172475,0.1575468076,0.1151759452,0.8424531924,0.456789835,0.009984079305,true,0.1,0.05,true,true,true,0,0,0.05754680762,0.06517594525
3,0.1,4.2917,6,0.500004,0.705,III,full-pool,2.6,2.6,1,-1,0.2246644821,0.08264944411,0.1536569631,0.112332241,0.8463430369,0.458050391,0.009692817032,true,0.1,0.05,true,true,true,0,0,0.05365696308,0.06233224103
3,0.1,4.2917,6,0.500004,0.705,III,partial-pool,2.65,2.65,1,-0.9867528152,0.2191174962,0.08114451419,0.1501310052,0.1095587481,0.8498689948,0.4594134558,0.009324933455,true,0.1,0.05,true,true,true,0,0,0.05013100521,0.05955874812
3,0.1,4.2917,6,0.500004,0.705,III,partial-pool,2.7,2.7,1,-0.9681291962,0.213707466,0.0798814372,0.1467944516,0.106853733,0.8532055484,0.4607872836,0.008937126124,true,0.1,0.05,true,true,true,0,0,0.04679445159,0.05685373299
3,0.1,4.2917,6,0.500004,0.705,III,partial-pool,2.75,2.75,1,-0.9492447662,0.2084310098,0.07864827647,0.1435396432,0.1042155049,0.8564603568,0.462116538,0.008563173096,true,0.1,0.05,true,true,true,0,0,0.04353964315,0.05421550492
3,0.1,4.2917,6,0.500004,0.705,III,partial-pool,2.8,2.8,1,-0.9300975418,0.2032848299,0.07744432782,0.1403645788,0.1016424149,0.8596354212,0.4634029442,0.008202553519,true,0.1,0.05,true,true,true,0,0,0.04036457885,0.05164241494
3,0.1,4.2917,6,0.500004,0.705,III,partial-pool,2.85,2.85,1,-0.9106856155,0.1982657095,0.07626890282,0.1372673062,0.09913285477,0.8627326938,0.4646481443,0.007854771875,true,0.1,0.05,true,true,true,0,0,0.03726730618,0.04913285477
3,0.1,4.2917,6,0.500004,0.705,III,partial-pool,2.9,2.9,1,-0.8910070038,0.1933705117,0.07512133427,0.134245923,0.09668525586,0.865754077,0.4658537047,0.007519355601,true,0.1,0.05,true,true,true,0,0,0.034245923,0.04668525586
3,0.1,4.2917,6,0.500004,0.705,III,partial-pool,2.95,2.95,1,-0.871059761,0.1885961768,0.07400097123,0.131298574,0.09429808839,0.868701426,0.4670211185,0.007195854435,true,0.1,0.05,true,true,true,0,0,0.03129857401,0.04429808839
3,0.1,4.2917,6,0.500004,0.705,III,partial-pool,3,3,1,-0.85084198,0.1839397206,0.07290717877,0.1284234497,0.09196986029,0.8715765503,0.4681518101,0.00688383913,true,0.1,0.05,true,true,true,0,0,0.02842344968,0.04196986029
3,0.1,4.2917,6,0.500004,0.705,III,partial-pool,3.05,3.05,1,-0.8303516006,0.1793982327,0.0718393444,0.1256187886,0.08969911635,0.8743812114,0.469247141,0.006582899263,true,0.1,0.05,true,true,true,0,0,0.02561878855,0.03969911635
3,0.1,4.2917,6,0.500004,0.705,III,partial-pool,3.1,3.1,1,-0.8095867157,0.1749688746,0.07079686645,0.1228828705,0.08748443728,0.8771171295,0.4703084102,0.006292643803,true,0.1,0.05,true,true,true,0,0,0.0228828705,0.03748443728
3,0.1,4.2917,6,0.500004,0.705,III,partial-pool,3.15,3.15,1,-0.7885453415,0.1706488777,0.06977916208,0.1202140199,0.08532443883,0.8797859801,0.4713368598,0.006012698856,true,0.1,0.05,true,true,true,0,0,0.02021401987,0.03532443883
3,0.1,4.2917,6,0.500004,0.705,III,partial-pool,3.2,3.2,1,-0.7672253418,0.1664355418,0.06878566925,0.1176106056,0.08321777092,0.8823893944,0.4723336791,0.005742706405,true,0.1,0.05,true,true,true,0,0,0.01761060555,0.03321777092
3,0.1,4.2917,6,0.500004,0.705,III,partial-pool,3.25,3.25,1,-0.7456248474,0.1623262337,0.06781583178,0.1150710327,0.08116311684,0.8849289673,0.4733000033,0.005482325473,true,0.1,0.05,true,true,true,0,0,0.01507103273,0.03116311684
3,0.1,4.2917,6,0.500004,0.705,III,partial-pool,3.257305908,3.257305908,1,-0.7424449921,0.1617343451,0.06767607014,0.1147052076,0.08086717256,0.8852947924,0.4734387134,0.005445064036,true,0.1,0.05,true,true,true,0,0,0.01470520763,0.03086717256
3,0.1,4.2917,6,0.500004,0.705,III,notrade,-inf,inf,0,0,0,0,0,0,1,0.5,0,false,0.1,0.05,false,false,false,0,0,-0.1,-0.05
3,0.1,4.3,6,0.501,0.705,III,full-minimal,-inf,0.004000005333,1,-1,0.547674575,0.206821632,0.3772481035,0.2738372875,0.5006065319,0.3035042982,0.0406726118,true,0.1,0.05,true,true,true,0,0,0.2772481035,0.2238372875
3,0.1,4.3,6,0.501,0.705,III,full-pool,0.05,0.05,1,-1,0.546967569,0.2061334598,0.3765505144,0.2734837845,0.507582423,0.3062975727,0.04038833066,true,0.1,0.05,true,true,true,0,0,0.2765505144,0.2234837845
3,0.1,4.3,6,0.501,0.705,III,full-pool,0.1,0.1,1,-1,0.5461804143,0.2054031821,0.3757917982,0.2730902071,0.5151695853,0.3094263374,0.04005084914,true,0.1,0.05,true,true,true,0,0,0.2757917982,0.2230902071
3,0.1,4.3,6,0.501,0.705,III,full-pool,0.15,0.15,1,-1,0.5453733326,0.204690935,0.3750321338,0.2726866663,0.5227662291,0.3126492057,0.03968251936,true,0.1,0.05,true,true,true,0,0,0.2750321338,0.2226866663
3,0.1,4.3,6,0.501,0.705,III,full-pool,0.2,0.2,1,-1,0.5445458196,0.2039962734,0.3742710465,0.2722729098,0.5303771025,0.3159638882,0.03928216225,true,0.1,0.05,true,true,true,0,0,0.2742710465,0.2222729098
3,0.1,4.3,6,0.501,0.705,III,full-pool,0.25,0.25,1,-1,0.5436973579,0.203318763,0.3735080605,0.271848679,0.5380069626,0.3193682083,0.03884863748,true,0.1,0.05,true,true,true,0,0,0.2735080605,0.221848679
3,0.1,4.3,6,0.501,0.705,III,full-pool,0.3,0.3,1,-1,0.5428274174,0.2026579804,0.3727426989,0.2714137087,0.5456605782,0.3228600882,0.03838084684,true,0.1,0.05,true,true,true,0,0,0.2727426989,0.2214137087
3,0.1,4.3,6,0.501,0.705,III,full-pool,0.35,0.35,1,-1,0.5419354542,0.2020135126,0.3719744834,0.2709677271,0.5533427333,0.326437536,0.03787773764,true,0.1,0.05,true,true,true,0,0,0.2719744834,0.2209677271
3,0.1,4.3,6,0.501,0.705,III,full-pool,0.4,0.4,1,-1,0.5410209108,0.2013849568,0.3712029338,0.2705104554,0.5610582292,0.3300986342,0.03733830593,true,0.1,0.05,true,true,true,0,0,0.2712029338,0.2205104554
3,0.1,4.3,6,0.501,0.705,III,full-pool,0.45,0.45,1,-1,0.5400832157,0.20077192,0.3704275679,0.2700416079,0.5688118886,0.3338415294,0.03676159958,true,0.1,0.05,true,true,true,0,0,0.2704275679,0.2200416079
3,0.1,4.3,6,0.501,0.705,III,full-pool,0.5,0.5,1,-1,0.5391217827,0.2001740192,0.369647901,0.2695608914,0.5766085576,0.3376644228,0.0361467213,true,0.1,0.05,true,true,true,0,0,0.269647901,0.2195608914
3,0.1,4.3,6,0.501,0.705,III,full-pool,0.55,0.55,1,-1,0.5381360109,0.1995908806,0.3688634458,0.2690680055,0.5844531094,0.3415655618,0.03549283133,true,0.1,0.05,true,true,true,0,0,0.2688634458,0.2190680055
3,0.1,4.3,6,0.501,0.705,III,full-pool,0.6,0.6,1,-1,0.5371252842,0.1990221398,0.368073712,0.2685626421,0.5923504472,0.3455432324,0.03479915,true,0.1,0.05,true,true,true,0,0,0.268073712,0.2185626421
3,0.1,4.3,6,0.501,0.705,III,full-pool,0.65,0.65,1,-1,0.5360889708,0.1984674412,0.367278206,0.2680444854,0.6003055071,0.349595752,0.03406496011,true,0.1,0.05,true,true,true,0,0,0.267278206,0.2180444854
3,0.1,4.3,6,0.501,0.705,III,full-pool,0.7,0.7,1,-1,0.535026423,0.1979264382,0.3664764306,0.2675132115,0.6083232611,0.3537214633,0.03328960893,true,0.1,0.05,true,true,true,0,0,0.2664764306,0.2175132115
3,0.1,4.3,6,0.501,0.705,III,full-pool,0.75,0.75,1,-1,0.5339369767,0.1973987925,0.3656678846,0.2669684884,0.6164087207,0.3579187286,0.03247251009,true,0.1,0.05,true,true,true,0,0,0.2656678846,0.2169684884
3,0.1,4.3,6,0.501,0.705,III,full-pool,0.8,0.8,1,-1,0.532819951,0.1968841745,0.3648520628,0.2664099755,0.6245669396,0.3621859246,0.03161314512,true,0.1,0.05,true,true,true,0,0,0.2648520628,0.2164099755
3,0.1,4.3,6,0.501,0.705,III,full-pool,0.85,0.85,1,-1,0.5316746475,0.1963822625,0.364028455,0.2658373238,0.6328030168,0.3665214378,0.03071106477,true,0.1,0.05,true,true,true,0,0,0.264028455,0.2158373238
3,0.1,4.3,6,0.501,0.705,III,full-pool,0.9,0.9,1,-1,0.5243852877,0.1933705117,0.3588778997,0.2621926439,0.6411221003,0.3709236603,0.02976589001,true,0.1,0.05,true,true,true,0,0,0.2588778997,0.2121926439
3,0.1,4.3,6,0.501,0.705,III,full-pool,0.95,0.95,1,-1,0.512345044,0.1885961768,0.3504706104,0.256172522,0.6495293896,0.375390986,0.02877731277,true,0.1,0.05,true,true,true,0,0,0.2504706104,0.206172522
3,0.1,4.3,6,0.501,0.705,III,full-pool,1,1,1,-1,0.5,0.1839397206,0.3419698603,0.25,0.6580301397,0.3799218074,0.02774509651,true,0.1,0.05,true,true,true,0,0,0.2419698603,0.2
3,0.1,4.3,6,0.501,0.705,III,full-pool,1.05,1.05,1,-1,0.487654956,0.1793982327,0.3335265944,0.243827478,0.6664734056,0.3843702087,0.02671725523,true,0.1,0.05,true,true,true,0,0,0.2335265944,0.193827478
3,0.1,4.3,6,0.501,0.705,III,full-pool,1.1,1.1,1,-1,0.4756147123,0.1749688746,0.3252917934,0.2378073561,0.6747082066,0.3886015337,0.02573957129,true,0.1,0.05,true,true,true,0,0,0.2252917934,0.1878073561
3,0.1,4.3,6,0.501,0.705,III,full-pool,1.15,1.15,1,-1,0.4638717432,0.1706488777,0.3172603104,0.2319358716,0.6827396896,0.3926300646,0.02480874467,true,0.1,0.05,true,true,true,0,0,0.2172603104,0.1819358716
3,0.1,4.3,6,0.501,0.705,III,full-pool,1.2,1.2,1,-1,0.452418709,0.1664355418,0.3094271254,0.2262093545,0.6905728746,0.3964688675,0.02392175632,true,0.1,0.05,true,true,true,0,0,0.2094271254,0.1762093545
3,0.1,4.3,6,0.501,0.705,III,full-pool,1.25,1.25,1,-1,0.4412484513,0.1623262337,0.3017873425,0.2206242256,0.6982126575,0.4001299194,0.02307583888,true,0.1,0.05,true,true,true,0,0,0.2017873425,0.1706242256
3,0.1,4.3,6,0.501,0.705,III,full-pool,1.3,1.3,1,-1,0.4303539882,0.1583183847,0.2943361865,0.2151769941,0.7056638135,0.4036242194,0.02226845088,true,0.1,0.05,true,true,true,0,0,0.1943361865,0.1651769941
3,0.1,4.3,6,0.501,0.705,III,full-pool,1.35,1.35,1,-1,0.4197285104,0.1544094898,0.2870690001,0.2098642552,0.7129309999,0.4069618867,0.02149725422,true,0.1,0.05,true,true,true,0,0,0.1870690001,0.1598642552
3,0.1,4.3,6,0.501,0.705,III,full-pool,1.4,1.4,1,-1,0.4093653765,0.150597106,0.2799812412,0.2046826883,0.7200187588,0.4101522469,0.02076009412,true,0.1,0.05,true,true,true,0,0,0.1799812412,0.1546826883
3,0.1,4.3,6,0.501,0.705,III,full-pool,1.45,1.45,1,-1,0.3992581094,0.1468788502,0.2730684798,0.1996290547,0.7269315202,0.4132039084,0.02005498155,true,0.1,0.05,true,true,true,0,0,0.1730684798,0.1496290547
3,0.1,4.3,6,0.501,0.705,III,full-pool,1.5,1.5,1,-1,0.3894003915,0.1432523984,0.266326395,0.1947001958,0.733673605,0.4161248301,0.01938007754,true,0.1,0.05,true,true,true,0,0,0.166326395,0.1447001958
3,0.1,4.3,6,0.501,0.705,III,full-pool,1.55,1.55,1,-1,0.3797860616,0.1397154841,0.2597507729,0.1898930308,0.7402492271,0.4189223816,0.01873367927,true,0.1,0.05,true,true,true,0,0,0.1597507729,0.1398930308
3,0.1,4.3,6,0.501,0.705,III,full-pool,1.6,1.6,1,-1,0.3704091103,0.1362658965,0.2533375034,0.1852045552,0.7466624966,0.4216033968,0.0181142077,true,0.1,0.05,true,true,true,0,0,0.1533375034,0.1352045552
3,0.1,4.3,6,0.501,0.705,III,full-pool,1.65,1.65,1,-1,0.3612636768,0.1329014795,0.2470825782,0.1806318384,0.7529174218,0.4241742219,0.0175201965,true,0.1,0.05,true,true,true,0,0,0.1470825782,0.1306318384
3,0.1,4.3,6,0.501,0.705,III,full-pool,1.7,1.7,1,-1,0.3523440449,0.1296201303,0.2409820876,0.1761720224,0.7590179124,0.4266407581,0.01695028216,true,0.1,0.05,true,true,true,0,0,0.1409820876,0.1261720224
3,0.1,4.3,6,0.501,0.705,III,full-pool,1.75,1.75,1,-1,0.3436446394,0.1264197979,0.2350322186,0.1718223197,0.7649677814,0.4290084998,0.01640319512,true,0.1,0.05,true,true,true,0,0,0.1350322186,0.1218223197
3,0.1,4.3,6,0.501,0.705,III,full-pool,1.8,1.8,1,-1,0.335160023,0.123298482,0.2292292525,0.1675800115,0.7707707475,0.4312825695,0.01587775182,true,0.1,0.05,true,true,true,0,0,0.1292292525,0.1175800115
3,0.1,4.3,6,0.501,0.705,III,full-pool,1.85,1.85,1,-1,0.3268848926,0.1202542316,0.2235695621,0.1634424463,0.7764304379,0.4334677484,0.01537284749,true,0.1,0.05,true,true,true,0,0,0.1235695621,0.1134424463
3,0.1,4.3,6,0.501,0.705,III,full-pool,1.9,1.9,1,-1,0.3188140758,0.117285144,0.2180496099,0.1594070379,0.7819503901,0.4355685046,0.01488744974,true,0.1,0.05,true,true,true,0,0,0.1180496099,0.1094070379
3,0.1,4.3,6,0.501,0.705,III,full-pool,1.95,1.95,1,-1,0.3109425282,0.1143893635,0.2126659459,0.1554712641,0.7873340541,0.4375890184,0.0144205927,true,0.1,0.05,true,true,true,0,0,0.1126659459,0.1054712641
3,0.1,4.3,6,0.501,0.705,III,full-pool,2,2,1,-1,0.3032653299,0.1115650801,0.207415205,0.1516326649,0.792584795,0.4395332048,0.01397137174,true,0.1,0.05,true,true,true,0,0,0.107415205,0.1016326649
3,0.1,4.3,6,0.501,0.705,III,full-pool,2.05,2.05,1,-1,0.2957776822,0.1088105284,0.2022941053,0.1478888411,0.7977058947,0.4414047348,0.01353893869,true,0.1,0.05,true,true,true,0,0,0.1022941053,0.09788884109
3,0.1,4.3,6,0.501,0.705,III,full-pool,2.1,2.1,1,-1,0.2884749052,0.1061239869,0.1972994461,0.1442374526,0.8027005539,0.4432070536,0.01312249748,true,0.1,0.05,true,true,true,0,0,0.09729944605,0.0942374526
3,0.1,4.3,6,0.501,0.705,III,full-pool,2.15,2.15,1,-1,0.2813524344,0.1035037763,0.1924281054,0.1406762172,0.8075718946,0.4449433978,0.01272130024,true,0.1,0.05,true,true,true,0,0,0.09242810537,0.0906762172
3,0.1,4.3,6,0.501,0.705,III,full-pool,2.2,2.2,1,-1,0.274405818,0.100948259,0.1876770385,0.137202909,0.8123229615,0.4466168115,0.01233464365,true,0.1,0.05,true,true,true,0,0,0.08767703852,0.08720290902
3,0.1,4.3,6,0.501,0.705,III,full-pool,2.25,2.25,1,-1,0.2676307143,0.0984558376,0.1830432759,0.1338153571,0.8169567241,0.4482301597,0.01196186572,true,0.1,0.05,true,true,true,0,0,0.08304327593,0.08381535713
3,0.1,4.3,6,0.501,0.705,III,full-pool,2.3,2.3,1,-1,0.2610228884,0.09602495431,0.1785239213,0.1305114442,0.8214760787,0.4497861416,0.01160234276,true,0.1,0.05,true,true,true,0,0,0.07852392135,0.08051144419
3,0.1,4.3,6,0.501,0.705,III,full-pool,2.35,2.35,1,-1,0.2545782103,0.09365408974,0.17411615,0.1272891052,0.82588385,0.4512873025,0.01125548664,true,0.1,0.05,true,true,true,0,0,0.07411615002,0.07728910515
3,0.1,4.3,6,0.501,0.705,III,full-pool,2.4,2.4,1,-1,0.2482926519,0.09134176203,0.169817207,0.1241463259,0.830182793,0.4527360446,0.01092074234,true,0.1,0.05,true,true,true,0,0,0.06981720696,0.07414632595
3,0.1,4.3,6,0.501,0.705,III,full-pool,2.45,2.45,1,-1,0.2421622845,0.08908652589,0.1656244052,0.1210811422,0.8343755948,0.4541346369,0.01059758561,true,0.1,0.05,true,true,true,0,0,0.06562440518,0.07108114224
3,0.1,4.3,6,0.501,0.705,III,full-pool,2.5,2.5,1,-1,0.2361832764,0.08688697173,0.161535124,0.1180916382,0.838464876,0.455485224,0.01028552088,true,0.1,0.05,true,true,true,0,0,0.06153512405,0.06809163819
3,0.1,4.3,6,0.501,0.705,III,full-pool,2.55,2.55,1,-1,0.2303518905,0.08474172475,0.1575468076,0.1151759452,0.8424531924,0.456789835,0.009984079305,true,0.1,0.05,true,true,true,0,0,0.05754680762,0.06517594525
3,0.1,4.3,6,0.501,0.705,III,full-pool,2.6,2.6,1,-1,0.2246644821,0.08264944411,0.1536569631,0.112332241,0.8463430369,0.458050391,0.009692817032,true,0.1,0.05,true,true,true,0,0,0.05365696308,0.06233224103
3,0.1,4.3,6,0.501,0.705,III,partial-pool,2.65,2.65,1,-0.9867528152,0.2191174962,0.08114451419,0.1501310052,0.1095587481,0.8498689948,0.4594134558,0.009324933455,true,0.1,0.05,true,true,true,0,0,0.05013100521,0.05955874812
3,0.1,4.3,6,0.501,0.705,III,partial-pool,2.7,2.7,1,-0.9681291962,0.213707466,0.0798814372,0.1467944516,0.106853733,0.8532055484,0.4607872836,0.008937126124,true,0.1,0.05,true,true,true,0,0,0.04679445159,0.05685373299
3,0.1,4.3,6,0.501,0.705,III,partial-pool,2.75,2.75,1,-0.9492447662,0.2084310098,0.07864827647,0.1435396432,0.1042155049,0.8564603568,0.462116538,0.008563173096,true,0.1,0.05,true,true,true,0,0,0.04353964315,0.05421550492
3,0.1,4.3,6,0.501,0.705,III,partial-pool,2.8,2.8,1,-0.9300975418,0.2032848299,0.07744432782,0.1403645788,0.1016424149,0.8596354212,0.4634029442,0.008202553519,true,0.1,0.05,true,true,true,0,0,0.04036457885,0.05164241494
3,0.1,4.3,6,0.501,0.705,III,partial-pool,2.85,2.85,1,-0.9106856155,0.1982657095,0.07626890282,0.1372673062,0.09913285477,0.8627326938,0.4646481443,0.007854771875,true,0.1,0.05,true,true,true,0,0,0.03726730618,0.04913285477
3,0.1,4.3,6,0.501,0.705,III,partial-pool,2.9,2.9,1,-0.8910070038,0.1933705117,0.07512133427,0.134245923,0.09668525586,0.865754077,0.4658537047,0.007519355601,true,0.1,0.05,true,true,true,0,0,0.034245923,0.04668525586
3,0.1,4.3,6,0.501,0.705,III,partial-pool,2.95,2.95,1,-0.871059761,0.1885961768,0.07400097123,0.131298574,0.09429808839,0.868701426,0.4670211185,0.007195854435,true,0.1,0.05,true,true,true,0,0,0.03129857401,0.04429808839
3,0.1,4.3,6,0.501,0.705,III,partial-pool,3,3,1,-0.85084198,0.1839397206,0.07290717877,0.1284234497,0.09196986029,0.8715765503,0.4681518101,0.00688383913,true,0.1,0.05,true,true,true,0,0,0.02842344968,0.04196986029
3,0.1,4.3,6,0.501,0.705,III,partial-pool,3.05,3.05,1,-0.8303516006,0.1793982327,0.0718393444,0.1256187886,0.08969911635,0.8743812114,0.469247141,0.006582899263,true,0.1,0.05,true,true,true,0,0,0.02561878855,0.03969911635
3,0.1,4.3,6,0.501,0.705,III,partial-pool,3.1,3.1,1,-0.8095867157,0.1749688746,0.07079686645,0.1228828705,0.08748443728,0.8771171295,0.4703084102,0.006292643803,true,0.1,0.05,true,true,true,0,0,0.0228828705,0.03748443728
3,0.1,4.3,6,0.501,0.705,III,partial-pool,3.15,3.15,1,-0.7885453415,0.1706488777,0.06977916208,0.1202140199,0.08532443883,0.8797859801,0.4713368598,0.006012698856,true,0.1,0.05,true,true,true,0,0,0.02021401987,0.03532443883
3,0.1,4.3,6,0.501,0.705,III,partial-pool,3.2,3.2,1,-0.7672253418,0.1664355418,0.06878566925,0.1176106056,0.08321777092,0.8823893944,0.4723336791,0.005742706405,true,0.1,0.05,true,true,true,0,0,0.01761060555,0.03321777092
3,0.1,4.3,6,0.501,0.705,III,partial-pool,3.25,3.25,1,-0.7456248474,0.1623262337,0.06781583178,0.1150710327,0.08116311684,0.8849289673,0.4733000033,0.005482325473,true,0.1,0.05,true,true,true,0,0,0.01507103273,0.03116311684
3,0.1,4.3,6,0.501,0.705,III,partial-pool,3.257305908,3.257305908,1,-0.7424449921,0.1617343451,0.06767607014,0.1147052076,0.08086717256,0.8852947924,0.4734387134,0.005445064036,true,0.1,0.05,true,true,true,0,0,0.01470520763,0.03086717256
3,0.1,4.3,6,0.501,0.705,III,notrade,-inf,inf,0,0,0,0,0,0,1,0.5,0,false,0.1,0.05,false,false,false,0,0,-0.1,-0.05
3,0.1,4.325,6,0.504,0.705,III,full-minimal,-inf,0.01600034135,1,-1,0.5474916984,0.206640575,0.3770661367,0.2737458492,0.5024262003,0.3042250135,0.04060081382,true,0.1,0.05,true,true,true,0,0,0.2770661367,0.2237458492
3,0.1,4.325,6,0.504,0.705,III,full-pool,0.05,0.05,1,-1,0.546967569,0.2061334598,0.3765505144,0.2734837845,0.507582423,0.3062975727,0.04038833066,true,0.1,0.05,true,true,true,0,0,0.2765505144,0.2234837845
3,0.1,4.325,6,0.504,0.705,III,full-pool,0.1,0.1,1,-1,0.5461804143,0.2054031821,0.3757917982,0.2730902071,0.5151695853,0.3094263374,0.04005084914,true,0.1,0.05,true,true,true,0,0,0.2757917982,0.2230902071
3,0.1,4.325,6,0.504,0.705,III,full-pool,0.15,0.15,1,-1,0.5453733326,0.204690935,0.3750321338,0.2726866663,0.5227662291,0.3126492057,0.03968251936,true,0.1,0.05,true,true,true,0,0,0.2750321338,0.2226866663
3,0.1,4.325,6,0.504,0.705,III,full-pool,0.2,0.2,1,-1,0.5445458196,0.2039962734,0.3742710465,0.2722729098,0.5303771025,0.3159638882,0.03928216225,true,0.1,0.05,true,true,true,0,0,0.2742710465,0.2222729098
3,0.1,4.325,6,0.504,0.705,III,full-pool,0.25,0.25,1,-1,0.5436973579,0.203318763,0.3735080605,0.271848679,0.5380069626,0.3193682083,0.03884863748,true,0.1,0.05,true,true,true,0,0,0.2735080605,0.221848679
3,0.1,4.325,6,0.504,0.705,III,full-pool,0.3,0.3,1,-1,0.5428274174,0.2026579804,0.3727426989,0.2714137087,0.5456605782,0.3228600882,0.03838084684,true,0.1,0.05,true,true,true,0,0,0.2727426989,0.2214137087
3,0.1,4.325,6,0.504,0.705,III,full-pool,0.35,0.35,1,-1,0.5419354542,0.2020135126,0.3719744834,0.2709677271,0.5533427333,0.326437536,0.03787773764,true,0.1,0.05,true,true,true,0,0,0.2719744834,0.2209677271
3,0.1,4.325,6,0.504,0.705,III,full-pool,0.4,0.4,1,-1,0.5410209108,0.2013849568,0.3712029338,0.2705104554,0.5610582292,0.3300986342,0.03733830593,true,0.1,0.05,true,true,true,0,0,0.2712029338,0.2205104554
3,0.1,4.325,6,0.504,0.705,III,full-pool,0.45,0.45,1,-1,0.5400832157,0.20077192,0.3704275679,0.2700416079,0.5688118886,0.3338415294,0.03676159958,true,0.1,0.05,true,true,true,0,0,0.2704275679,0.2200416079
3,0.1,4.325,6,0.504,0.705,III,full-pool,0.5,0.5,1,-1,0.5391217827,0.2001740192,0.369647901,0.2695608914,0.5766085576,0.3376644228,0.0361467213,true,0.1,0.05,true,true,true,0,0,0.269647901,0.2195608914
3,0.1,4.325,6,0.504,0.705,III,full-pool,0.55,0.55,1,-1,0.5381360109,0.1995908806,0.3688634458,0.2690680055,0.5844531094,0.3415655618,0.03549283133,true,0.1,0.05,true,true,true,0,0,0.2688634458,0.2190680055
3,0.1,4.325,6,0.504,0.705,III,full-pool,0.6,0.6,1,-1,0.5371252842,0.1990221398,0.368073712,0.2685626421,0.5923504472,0.3455432324,0.03479915,true,0.1,0.05,true,true,true,0,0,0.268073712,0.2185626421
3,0.1,4.325,6,0.504,0.705,III,full-pool,0.65,0.65,1,-1,0.5360889708,0.1984674412,0.367278206,0.2680444854,0.6003055071,0.349595752,0.03406496011,true,0.1,0.05,true,true,true,0,0,0.267278206,0.2180444854
3,0.1,4.325,6,0.504,0.705,III,full-pool,0.7,0.7,1,-1,0.535026423,0.1979264382,0.3664764306,0.2675132115,0.6083232611,0.3537214633,0.03328960893,true,0.1,0.05,true,true,true,0,0,0.2664764306,0.2175132115
3,0.1,4.325,6,0.504,0.705,III,full-pool,0.75,0.75,1,-1,0.5339369767,0.1973987925,0.3656678846,0.2669684884,0.6164087207,0.3579187286,0.03247251009,true,0.1,0.05,true,true,true,0,0,0.2656678846,0.2169684884
3,0.1,4.325,6,0.504,0.705,III,full-pool,0.8,0.8,1,-1,0.532819951,0.1968841745,0.3648520628,0.2664099755,0.6245669396,0.3621859246,0.03161314512,true,0.1,0.05,true,true,true,0,0,0.2648520628,0.2164099755
3,0.1,4.325,6,0.504,0.705,III,full-pool,0.85,0.85,1,-1,0.5316746475,0.1963822625,0.364028455,0.2658373238,0.6328030168,0.3665214378,0.03071106477,true,0.1,0.05,true,true,true,0,0,0.264028455,0.2158373238
3,0.1,4.325,6,0.504,0.705,III,full-pool,0.9,0.9,1,-1,0.5243852877,0.1933705117,0.3588778997,0.2621926439,0.6411221003,0.3709236603,0.02976589001,true,0.1,0.05,true,true,true,0,0,0.2588778997,0.2121926439
3,0.1,4.325,6,0.504,0.705,III,full-pool,0.95,0.95,1,-1,0.512345044,0.1885961768,0.3504706104,0.256172522,0.6495293896,0.375390986,0.02877731277,true,0.1,0.05,true,true,true,0,0,0.2504706104,0.206172522
3,0.1,4.325,6,0.504,0.705,III,full-pool,1,1,1,-1,0.5,0.1839397206,0.3419698603,0.25,0.6580301397,0.3799218074,0.02774509651,true,0.1,0.05,true,true,true,0,0,0.2419698603,0.2
3,0.1,4.325,6,0.504,0.705,III,full-pool,1.05,1.05,1,-1,0.487654956,0.1793982327,0.3335265944,0.243827478,0.6664734056,0.3843702087,0.02671725523,true,0.1,0.05,true,true,true,0,0,0.2335265944,0.193827478
3,0.1,4.325,6,0.504,0.705,III,full-pool,1.1,1.1,1,-1,0.4756147123,0.1749688746,0.3252917934,0.2378073561,0.6747082066,0.3886015337,0.02573957129,true,0.1,0.05,true,true,true,0,0,0.2252917934,0.1878073561
3,0.1,4.325,6,0.504,0.705,III,full-pool,1.15,1.15,1,-1,0.4638717432,0.1706488777,0.3172603104,0.2319358716,0.6827396896,0.3926300646,0.02480874467,true,0.1,0.05,true,true,true,0,0,0.2172603104,0.1819358716
3,0.1,4.325,6,0.504,0.705,III,full-pool,1.2,1.2,1,-1,0.452418709,0.1664355418,0.3094271254,0.2262093545,0.6905728746,0.3964688675,0.02392175632,true,0.1,0.05,true,true,true,0,0,0.2094271254,0.1762093545
3,0.1,4.325,6,0.504,0.705,III,full-pool,1.25,1.25,1,-1,0.4412484513,0.1623262337,0.3017873425,0.2206242256,0.6982126575,0.4001299194,0.02307583888,true,0.1,0.05,true,true,true,0,0,0.2017873425,0.1706242256
3,0.1,4.325,6,0.504,0.705,III,full-pool,1.3,1.3,1,-1,0.4303539882,0.1583183847,0.2943361865,0.2151769941,0.7056638135,0.4036242194,0.02226845088,true,0.1,0.05,true,true,true,0,0,0.1943361865,0.1651769941
3,0.1,4.325,6,0.504,0.705,III,full-pool,1.35,1.35,1,-1,0.4197285104,0.1544094898,0.2870690001,0.2098642552,0.7129309999,0.4069618867,0.02149725422,true,0.1,0.05,true,true,true,0,0,0.1870690001,0.1598642552
3,0.1,4.325,6,0.504,0.705,III,full-pool,1.4,1.4,1,-1,0.4093653765,0.150597106,0.2799812412,0.2046826883,0.7200187588,0.4101522469,0.02076009412,true,0.1,0.05,true,true,true,0,0,0.1799812412,0.1546826883
3,0.1,4.325,6,0.504,0.705,III,full-pool,1.45,1.45,1,-1,0.3992581094,0.1468788502,0.2730684798,0.1996290547,0.7269315202,0.4132039084,0.02005498155,true,0.1,0.05,true,true,true,0,0,0.1730684798,0.1496290547
3,0.1,4.325,6,0.504,0.705,III,full-pool,1.5,1.5,1,-1,0.3894003915,0.1432523984,0.266326395,0.1947001958,0.733673605,0.4161248301,0.01938007754,true,0.1,0.05,true,true,true,0,0,0.166326395,0.1447001958
3,0.1,4.325,6,0.504,0.705,III,full-pool,1.55,1.55,1,-1,0.3797860616,0.1397154841,0.2597507729,0.1898930308,0.7402492271,0.4189223816,0.01873367927,true,0.1,0.05,true,true,true,0,0,0.1597507729,0.1398930308
3,0.1,4.325,6,0.504,0.705,III,full-pool,1.6,1.6,1,-1,0.3704091103,0.1362658965,0.2533375034,0.1852045552,0.7466624966,0.4216033968,0.0181142077,true,0.1,0.05,true,true,true,0,0,0.1533375034,0.1352045552
3,0.1,4.325,6,0.504,0.705,III,full-pool,1.65,1.65,1,-1,0.3612636768,0.1329014795,0.2470825782,0.1806318384,0.7529174218,0.4241742219,0.0175201965,true,0.1,0.05,true,true,true,0,0,0.1470825782,0.1306318384
3,0.1,4.325,6,0.504,0.705,III,full-pool,1.7,1.7,1,-1,0.3523440449,0.1296201303,0.2409820876,0.1761720224,0.7590179124,0.4266407581,0.01695028216,true,0.1,0.05,true,true,true,0,0,0.1409820876,0.1261720224
3,0.1,4.325,6,0.504,0.705,III,full-pool,1.75,1.75,1,-1,0.3436446394,0.1264197979,0.2350322186,0.1718223197,0.7649677814,0.4290084998,0.01640319512,true,0.1,0.05,true,true,true,0,0,0.1350322186,0.1218223197
3,0.1,4.325,6,0.504,0.705,III,full-pool,1.8,1.8,1,-1,0.335160023,0.123298482,0.2292292525,0.1675800115,0.7707707475,0.4312825695,0.01587775182,true,0.1,0.05,true,true,true,0,0,0.1292292525,0.1175800115
3,0.1,4.325,6,0.504,0.705,III,full-pool,1.85,1.85,1,-1,0.3268848926,0.1202542316,0.2235695621,0.1634424463,0.7764304379,0.4334677484,0.01537284749,true,0.1,0.05,true,true,true,0,0,0.1235695621,0.1134424463
3,0.1,4.325,6,0.504,0.705,III,full-pool,1.9,1.9,1,-1,0.3188140758,0.117285144,0.2180496099,0.1594070379,0.7819503901,0.4355685046,0.01488744974,true,0.1,0.05,true,true,true,0,0,0.1180496099,0.1094070379
3,0.1,4.325,6,0.504,0.705,III,full-pool,1.95,1.95,1,-1,0.3109425282,0.1143893635,0.2126659459,0.1554712641,0.7873340541,0.4375890184,0.0144205927,true,0.1,0.05,true,true,true,0,0,0.1126659459,0.1054712641
3,0.1,4.325,6,0.504,0.705,III,full-pool,2,2,1,-1,0.3032653299,0.1115650801,0.207415205,0.1516326649,0.792584795,0.4395332048,0.01397137174,true,0.1,0.05,true,true,true,0,0,0.107415205,0.1016326649
3,0.1,4.325,6,0.504,0.705,III,full-pool,2.05,2.05,1,-1,0.2957776822,0.1088105284,0.2022941053,0.1478888411,0.7977058947,0.4414047348,0.01353893869,true,0.1,0.05,true,true,true,0,0,0.1022941053,0.09788884109
3,0.1,4.325,6,0.504,0.705,III,full-pool,2.1,2.1,1,-1,0.2884749052,0.1061239869,0.1972994461,0.1442374526,0.8027005539,0.4432070536,0.01312249748,true,0.1,0.05,true,true,true,0,0,0.09729944605,0.0942374526
3,0.1,4.325,6,0.504,0.705,III,full-pool,2.15,2.15,1,-1,0.2813524344,0.1035037763,0.1924281054,0.1406762172,0.8075718946,0.4449433978,0.01272130024,true,0.1,0.05,true,true,true,0,0,0.09242810537,0.0906762172
3,0.1,4.325,6,0.504,0.705,III,full-pool,2.2,2.2,1,-1,0.274405818,0.100948259,0.1876770385,0.137202909,0.8123229615,0.4466168115,0.01233464365,true,0.1,0.05,true,true,true,0,0,0.08767703852,0.08720290902
3,0.1,4.325,6,0.504,0.705,III,full-pool,2.25,2.25,1,-1,0.2676307143,0.0984558376,0.1830432759,0.1338153571,0.8169567241,0.4482301597,0.01196186572,true,0.1,0.05,true,true,true,0,0,0.08304327593,0.08381535713
3,0.1,4.325,6,0.504,0.705,III,full-pool,2.3,2.3,1,-1,0.2610228884,0.09602495431,0.1785239213,0.1305114442,0.8214760787,0.4497861416,0.01160234276,true,0.1,0.05,true,true,true,0,0,0.07852392135,0.08051144419
3,0.1,4.325,6,0.504,0.705,III,full-pool,2.35,2.35,1,-1,0.2545782103,0.09365408974,0.17411615,0.1272891052,0.82588385,0.4512873025,0.01125548664,true,0.1,0.05,true,true,true,0,0,0.07411615002,0.07728910515
3,0.1,4.325,6,0.504,0.705,III,full-pool,2.4,2.4,1,-1,0.2482926519,0.09134176203,0.169817207,0.1241463259,0.830182793,0.4527360446,0.01092074234,true,0.1,0.05,true,true,true,0,0,0.06981720696,0.07414632595
3,0.1,4.325,6,0.504,0.705,III,full-pool,2.45,2.45,1,-1,0.2421622845,0.08908652589,0.1656244052,0.1210811422,0.8343755948,0.4541346369,0.01059758561,true,0.1,0.05,true,true,true,0,0,0.06562440518,0.07108114224
3,0.1,4.325,6,0.504,0.705,III,full-pool,2.5,2.5,1,-1,0.2361832764,0.08688697173,0.161535124,0.1180916382,0.838464876,0.455485224,0.01028552088,true,0.1,0.05,true,true,true,0,0,0.06153512405,0.06809163819
3,0.1,4.325,6,0.504,0.705,III,full-pool,2.55,2.55,1,-1,0.2303518905,0.08474172475,0.1575468076,0.1151759452,0.8424531924,0.456789835,0.009984079305,true,0.1,0.05,true,true,true,0,0,0.05754680762,0.06517594525
3,0.1,4.325,6,0.504,0.705,III,full-pool,2.6,2.6,1,-1,0.2246644821,0.08264944411,0.1536569631,0.112332241,0.8463430369,0.458050391,0.009692817032,true,0.1,0.05,true,true,true,0,0,0.05365696308,0.06233224103
3,0.1,4.325,6,0.504,0.705,III,partial-pool,2.65,2.65,1,-0.9867528152,0.2191174962,0.08114451419,0.1501310052,0.1095587481,0.8498689948,0.4594134558,0.009324933455,true,0.1,0.05,true,true,true,0,0,0.05013100521,0.05955874812
3,0.1,4.325,6,0.504,0.705,III,partial-pool,2.7,2.7,1,-0.9681291962,0.213707466,0.0798814372,0.1467944516,0.106853733,0.8532055484,0.4607872836,0.008937126124,true,0.1,0.05,true,true,true,0,0,0.04679445159,0.05685373299
3,0.1,4.325,6,0.504,0.705,III,partial-pool,2.75,2.75,1,-0.9492447662,0.2084310098,0.07864827647,0.1435396432,0.1042155049,0.8564603568,0.462116538,0.008563173096,true,0.1,0.05,true,true,true,0,0,0.04353964315,0.05421550492
3,0.1,4.325,6,0.504,0.705,III,partial-pool,2.8,2.8,1,-0.9300975418,0.2032848299,0.07744432782,0.1403645788,0.1016424149,0.8596354212,0.4634029442,0.008202553519,true,0.1,0.05,true,true,true,0,0,0.04036457885,0.05164241494
3,0.1,4.325,6,0.504,0.705,III,partial-pool,2.85,2.85,1,-0.9106856155,0.1982657095,0.07626890282,0.1372673062,0.09913285477,0.8627326938,0.4646481443,0.007854771875,true,0.1,0.05,true,true,true,0,0,0.03726730618,0.04913285477
3,0.1,4.325,6,0.504,0.705,III,partial-pool,2.9,2.9,1,-0.8910070038,0.1933705117,0.07512133427,0.134245923,0.09668525586,0.865754077,0.4658537047,0.007519355601,true,0.1,0.05,true,true,true,0,0,0.034245923,0.04668525586
3,0.1,4.325,6,0.504,0.705,III,partial-pool,2.95,2.95,1,-0.871059761,0.1885961768,0.07400097123,0.131298574,0.09429808839,0.868701426,0.4670211185,0.007195854435,true,0.1,0.05,true,true,true,0,0,0.03129857401,0.04429808839
3,0.1,4.325,6,0.504,0.705,III,partial-pool,3,3,1,-0.85084198,0.1839397206,0.07290717877,0.1284234497,0.09196986029,0.8715765503,0.4681518101,0.00688383913,true,0.1,0.05,true,true,true,0,0,0.02842344968,0.04196986029
3,0.1,4.325,6,0.504,0.705,III,partial-pool,3.05,3.05,1,-0.8303516006,0.1793982327,0.0718393444,0.1256187886,0.08969911635,0.8743812114,0.469247141,0.006582899263,true,0.1,0.05,true,true,true,0,0,0.02561878855,0.03969911635
3,0.1,4.325,6,0.504,0.705,III,partial-pool,3.1,3.1,1,-0.8095867157,0.1749688746,0.07079686645,0.1228828705,0.08748443728,0.8771171295,0.4703084102,0.006292643803,true,0.1,0.05,true,true,true,0,0,0.0228828705,0.03748443728
3,0.1,4.325,6,0.504,0.705,III,partial-pool,3.15,3.15,1,-0.7885453415,0.1706488777,0.06977916208,0.1202140199,0.08532443883,0.8797859801,0.4713368598,0.006012698856,true,0.1,0.05,true,true,true,0,0,0.02021401987,0.03532443883
3,0.1,4.325,6,0.504,0.705,III,partial-pool,3.2,3.2,1,-0.7672253418,0.1664355418,0.06878566925,0.1176106056,0.08321777092,0.8823893944,0.4723336791,0.005742706405,true,0.1,0.05,true,true,true,0,0,0.01761060555,0.03321777092
3,0.1,4.325,6,0.504,0.705,III,partial-pool,3.25,3.25,1,-0.7456248474,0.1623262337,0.06781583178,0.1150710327,0.08116311684,0.8849289673,0.4733000033,0.005482325473,true,0.1,0.05,true,true,true,0,0,0.01507103273,0.03116311684
3,0.1,4.325,6,0.504,0.705,III,partial-pool,3.257305908,3.257305908,1,-0.7424449921,0.1617343451,0.06767607014,0.1147052076,0.08086717256,0.8852947924,0.4734387134,0.005445064036,true,0.1,0.05,true,true,true,0,0,0.01470520763,0.03086717256
3,0.1,4.325,6,0.504,0.705,III,notrade,-inf,inf,0,0,0,0,0,0,1,0.5,0,false,0.1,0.05,false,false,false,0,0,-0.1,-0.05
3,0.1,4.35,6,0.507,0.705,III,full-minimal,-inf,0.02800182955,1,-1,0.5473077034,0.2064605839,0.3768841436,0.2736538517,0.5042461308,0.3049514575,0.04052735019,true,0.1,0.05,true,true,true,0,0,0.2768841436,0.2236538517
3,0.1,4.35,6,0.507,0.705,III,full-pool,0.05,0.05,1,-1,0.546967569,0.2061334598,0.3765505144,0.2734837845,0.507582423,0.3062975727,0.04038833066,true,0.1,0.05,true,true,true,0,0,0.2765505144,0.2234837845
3,0.1,4.35,6,0.507,0.705,III,full-pool,0.1,0.1,1,-1,0.5461804143,0.2054031821,0.3757917982,0.2730902071,0.5151695853,0.3094263374,0.04005084914,true,0.1,0.05,true,true,true,0,0,0.2757917982,0.2230902071
3,0.1,4.35,6,0.507,0.705,III,full-pool,0.15,0.15,1,-1,0.5453733326,0.204690935,0.3750321338,0.2726866663,0.5227662291,0.3126492057,0.03968251936,true,0.1,0.05,true,true,true,0,0,0.2750321338,0.2226866663
3,0.1,4.35,6,0.507,0.705,III,full-pool,0.2,0.2,1,-1,0.5445458196,0.2039962734,0.3742710465,0.2722729098,0.5303771025,0.3159638882,0.03928216225,true,0.1,0.05,true,true,true,0,0,0.2742710465,0.2222729098
3,0.1,4.35,6,0.507,0.705,III,full-pool,0.25,0.25,1,-1,0.5436973579,0.203318763,0.3735080605,0.271848679,0.5380069626,0.3193682083,0.03884863748,true,0.1,0.05,true,true,true,0,0,0.2735080605,0.221848679
3,0.1,4.35,6,0.507,0.705,III,full-pool,0.3,0.3,1,-1,0.5428274174,0.2026579804,0.3727426989,0.2714137087,0.5456605782,0.3228600882,0.03838084684,true,0.1,0.05,true,true,true,0,0,0.2727426989,0.2214137087
3,0.1,4.35,6,0.507,0.705,III,full-pool,0.35,0.35,1,-1,0.5419354542,0.2020135126,0.3719744834,0.2709677271,0.5533427333,0.326437536,0.03787773764,true,0.1,0.05,true,true,true,0,0,0.2719744834,0.2209677271
3,0.1,4.35,6,0.507,0.705,III,full-pool,0.4,0.4,1,-1,0.5410209108,0.2013849568,0.3712029338,0.2705104554,0.5610582292,0.3300986342,0.03733830593,true,0.1,0.05,true,true,true,0,0,0.2712029338,0.2205104554
3,0.1,4.35,6,0.507,0.705,III,full-pool,0.45,0.45,1,-1,0.5400832157,0.20077192,0.3704275679,0.2700416079,0.5688118886,0.3338415294,0.03676159958,true,0.1,0.05,true,true,true,0,0,0.2704275679,0.2200416079
3,0.1,4.35,6,0.507,0.705,III,full-pool,0.5,0.5,1,-1,0.5391217827,0.2001740192,0.369647901,0.2695608914,0.5766085576,0.3376644228,0.0361467213,true,0.1,0.05,true,true,true,0,0,0.269647901,0.2195608914
3,0.1,4.35,6,0.507,0.705,III,full-pool,0.55,0.55,1,-1,0.5381360109,0.1995908806,0.3688634458,0.2690680055,0.5844531094,0.3415655618,0.03549283133,true,0.1,0.05,true,true,true,0,0,0.2688634458,0.2190680055
3,0.1,4.35,6,0.507,0.705,III,full-pool,0.6,0.6,1,-1,0.5371252842,0.1990221398,0.368073712,0.2685626421,0.5923504472,0.3455432324,0.03479915,true,0.1,0.05,true,true,true,0,0,0.268073712,0.2185626421
3,0.1,4.35,6,0.507,0.705,III,full-pool,0.65,0.65,1,-1,0.5360889708,0.1984674412,0.367278206,0.2680444854,0.6003055071,0.349595752,0.03406496011,true,0.1,0.05,true,true,true,0,0,0.267278206,0.2180444854
3,0.1,4.35,6,0.507,0.705,III,full-pool,0.7,0.7,1,-1,0.535026423,0.1979264382,0.3664764306,0.2675132115,0.6083232611,0.3537214633,0.03328960893,true,0.1,0.05,true,true,true,0,0,0.2664764306,0.2175132115
3,0.1,4.35,6,0.507,0.705,III,full-pool,0.75,0.75,1,-1,0.5339369767,0.1973987925,0.3656678846,0.2669684884,0.6164087207,0.3579187286,0.03247251009,true,0.1,0.05,true,true,true,0,0,0.2656678846,0.2169684884
3,0.1,4.35,6,0.507,0.705,III,full-pool,0.8,0.8,1,-1,0.532819951,0.1968841745,0.3648520628,0.2664099755,0.6245669396,0.3621859246,0.03161314512,true,0.1,0.05,true,true,true,0,0,0.2648520628,0.2164099755
3,0.1,4.35,6,0.507,0.705,III,full-pool,0.85,0.85,1,-1,0.5316746475,0.1963822625,0.364028455,0.2658373238,0.6328030168,0.3665214378,0.03071106477,true,0.1,0.05,true,true,true,0,0,0.264028455,0.2158373238
3,0.1,4.35,6,0.507,0.705,III,full-pool,0.9,0.9,1,-1,0.5243852877,0.1933705117,0.3588778997,0.2621926439,0.6411221003,0.3709236603,0.02976589001,true,0.1,0.05,true,true,true,0,0,0.2588778997,0.2121926439
3,0.1,4.35,6,0.507,0.705,III,full-pool,0.95,0.95,1,-1,0.512345044,0.1885961768,0.3504706104,0.256172522,0.6495293896,0.375390986,0.02877731277,true,0.1,0.05,true,true,true,0,0,0.2504706104,0.206172522
3,0.1,4.35,6,0.507,0.705,III,full-pool,1,1,1,-1,0.5,0.1839397206,0.3419698603,0.25,0.6580301397,0.3799218074,0.02774509651,true,0.1,0.05,true,true,true,0,0,0.2419698603,0.2
3,0.1,4.35,6,0.507,0.705,III,full-pool,1.05,1.05,1,-1,0.487654956,0.1793982327,0.3335265944,0.243827478,0.6664734056,0.3843702087,0.02671725523,true,0.1,0.05,true,true,true,0,0,0.2335265944,0.193827478
3,0.1,4.35,6,0.507,0.705,III,full-pool,1.1,1.1,1,-1,0.4756147123,0.1749688746,0.3252917934,0.2378073561,0.6747082066,0.3886015337,0.02573957129,true,0.1,0.05,true,true,true,0,0,0.2252917934,0.1878073561
3,0.1,4.35,6,0.507,0.705,III,full-pool,1.15,1.15,1,-1,0.4638717432,0.1706488777,0.3172603104,0.2319358716,0.6827396896,0.3926300646,0.02480874467,true,0.1,0.05,true,true,true,0,0,0.2172603104,0.1819358716
3,0.1,4.35,6,0.507,0.705,III,full-pool,1.2,1.2,1,-1,0.452418709,0.1664355418,0.3094271254,0.2262093545,0.6905728746,0.3964688675,0.02392175632,true,0.1,0.05,true,true,true,0,0,0.2094271254,0.1762093545
3,0.1,4.35,6,0.507,0.705,III,full-pool,1.25,1.25,1,-1,0.4412484513,0.1623262337,0.3017873425,0.2206242256,0.6982126575,0.4001299194,0.02307583888,true,0.1,0.05,true,true,true,0,0,0.2017873425,0.1706242256
3,0.1,4.35,6,0.507,0.705,III,full-pool,1.3,1.3,1,-1,0.4303539882,0.1583183847,0.2943361865,0.2151769941,0.7056638135,0.4036242194,0.02226845088,true,0.1,0.05,true,true,true,0,0,0.1943361865,0.1651769941
3,0.1,4.35,6,0.507,0.705,III,full-pool,1.35,1.35,1,-1,0.4197285104,0.1544094898,0.2870690001,0.2098642552,0.7129309999,0.4069618867,0.02149725422,true,0.1,0.05,true,true,true,0,0,0.1870690001,0.1598642552
3,0.1,4.35,6,0.507,0.705,III,full-pool,1.4,1.4,1,-1,0.4093653765,0.150597106,0.2799812412,0.2046826883,0.7200187588,0.4101522469,0.02076009412,true,0.1,0.05,true,true,true,0,0,0.1799812412,0.1546826883
3,0.1,4.35,6,0.507,0.705,III,full-pool,1.45,1.45,1,-1,0.3992581094,0.1468788502,0.2730684798,0.1996290547,0.7269315202,0.4132039084,0.02005498155,true,0.1,0.05,true,true,true,0,0,0.1730684798,0.1496290547
3,0.1,4.35,6,0.507,0.705,III,full-pool,1.5,1.5,1,-1,0.3894003915,0.1432523984,0.266326395,0.1947001958,0.733673605,0.4161248301,0.01938007754,true,0.1,0.05,true,true,true,0,0,0.166326395,0.1447001958
3,0.1,4.35,6,0.507,0.705,III,full-pool,1.55,1.55,1,-1,0.3797860616,0.1397154841,0.2597507729,0.1898930308,0.7402492271,0.4189223816,0.01873367927,true,0.1,0.05,true,true,true,0,0,0.1597507729,0.1398930308
3,0.1,4.35,6,0.507,0.705,III,full-pool,1.6,1.6,1,-1,0.3704091103,0.1362658965,0.2533375034,0.1852045552,0.7466624966,0.4216033968,0.0181142077,true,0.1,0.05,true,true,true,0,0,0.1533375034,0.1352045552
3,0.1,4.35,6,0.507,0.705,III,full-pool,1.65,1.65,1,-1,0.3612636768,0.1329014795,0.2470825782,0.1806318384,0.7529174218,0.4241742219,0.0175201965,true,0.1,0.05,true,true,true,0,0,0.1470825782,0.1306318384
3,0.1,4.35,6,0.507,0.705,III,full-pool,1.7,1.7,1,-1,0.3523440449,0.1296201303,0.2409820876,0.1761720224,0.7590179124,0.4266407581,0.01695028216,true,0.1,0.05,true,true,true,0,0,0.1409820876,0.1261720224
3,0.1,4.35,6,0.507,0.705,III,full-pool,1.75,1.75,1,-1,0.3436446394,0.1264197979,0.2350322186,0.1718223197,0.7649677814,0.4290084998,0.01640319512,true,0.1,0.05,true,true,true,0,0,0.1350322186,0.1218223197
3,0.1,4.35,6,0.507,0.705,III,full-pool,1.8,1.8,1,-1,0.335160023,0.123298482,0.2292292525,0.1675800115,0.7707707475,0.4312825695,0.01587775182,true,0.1,0.05,true,true,true,0,0,0.1292292525,0.1175800115
3,0.1,4.35,6,0.507,0.705,III,full-pool,1.85,1.85,1,-1,0.3268848926,0.1202542316,0.2235695621,0.1634424463,0.7764304379,0.4334677484,0.01537284749,true,0.1,0.05,true,true,true,0,0,0.1235695621,0.1134424463
3,0.1,4.35,6,0.507,0.705,III,full-pool,1.9,1.9,1,-1,0.3188140758,0.117285144,0.2180496099,0.1594070379,0.7819503901,0.4355685046,0.01488744974,true,0.1,0.05,true,true,true,0,0,0.1180496099,0.1094070379
3,0.1,4.35,6,0.507,0.705,III,full-pool,1.95,1.95,1,-1,0.3109425282,0.1143893635,0.2126659459,0.1554712641,0.7873340541,0.4375890184,0.0144205927,true,0.1,0.05,true,true,true,0,0,0.1126659459,0.1054712641
3,0.1,4.35,6,0.507,0.705,III,full-pool,2,2,1,-1,0.3032653299,0.1115650801,0.207415205,0.1516326649,0.792584795,0.4395332048,0.01397137174,true,0.1,0.05,true,true,true,0,0,0.107415205,0.1016326649
3,0.1,4.35,6,0.507,0.705,III,full-pool,2.05,2.05,1,-1,0.2957776822,0.1088105284,0.2022941053,0.1478888411,0.7977058947,0.4414047348,0.01353893869,true,0.1,0.05,true,true,true,0,0,0.1022941053,0.09788884109
3,0.1,4.35,6,0.507,0.705,III,full-pool,2.1,2.1,1,-1,0.2884749052,0.1061239869,0.1972994461,0.1442374526,0.8027005539,0.4432070536,0.01312249748,true,0.1,0.05,true,true,true,0,0,0.09729944605,0.0942374526
3,0.1,4.35,6,0.507,0.705,III,full-pool,2.15,2.15,1,-1,0.2813524344,0.1035037763,0.1924281054,0.1406762172,0.8075718946,0.4449433978,0.01272130024,true,0.1,0.05,true,true,true,0,0,0.09242810537,0.0906762172
3,0.1,4.35,6,0.507,0.705,III,full-pool,2.2,2.2,1,-1,0.274405818,0.100948259,0.1876770385,0.137202909,0.8123229615,0.4466168115,0.01233464365,true,0.1,0.05,true,true,true,0,0,0.08767703852,0.08720290902
3,0.1,4.35,6,0.507,0.705,III,full-pool,2.25,2.25,1,-1,0.2676307143,0.0984558376,0.1830432759,0.1338153571,0.8169567241,0.4482301597,0.01196186572,true,0.1,0.05,true,true,true,0,0,0.08304327593,0.08381535713
3,0.1,4.35,6,0.507,0.705,III,full-pool,2.3,2.3,1,-1,0.2610228884,0.09602495431,0.1785239213,0.1305114442,0.8214760787,0.4497861416,0.01160234276,true,0.1,0.05,true,true,true,0,0,0.07852392135,0.08051144419
3,0.1,4.35,6,0.507,0.705,III,full-pool,2.35,2.35,1,-1,0.2545782103,0.09365408974,0.17411615,0.1272891052,0.82588385,0.4512873025,0.01125548664,true,0.1,0.05,true,true,true,0,0,0.07411615002,0.07728910515
3,0.1,4.35,6,0.507,0.705,III,full-pool,2.4,2.4,1,-1,0.2482926519,0.09134176203,0.169817207,0.1241463259,0.830182793,0.4527360446,0.01092074234,true,0.1,0.05,true,true,true,0,0,0.06981720696,0.07414632595
3,0.1,4.35,6,0.507,0.705,III,full-pool,2.45,2.45,1,-1,0.2421622845,0.08908652589,0.1656244052,0.1210811422,0.8343755948,0.4541346369,0.01059758561,true,0.1,0.05,true,true,true,0,0,0.06562440518,0.07108114224
3,0.1,4.35,6,0.507,0.705,III,full-pool,2.5,2.5,1,-1,0.2361832764,0.08688697173,0.161535124,0.1180916382,0.838464876,0.455485224,0.01028552088,true,0.1,0.05,true,true,true,0,0,0.06153512405,0.06809163819
3,0.1,4.35,6,0.507,0.705,III,full-pool,2.55,2.55,1,-1,0.2303518905,0.08474172475,0.1575468076,0.1151759452,0.8424531924,0.456789835,0.009984079305,true,0.1,0.05,true,true,true,0,0,0.05754680762,0.06517594525
3,0.1,4.35,6,0.507,0.705,III,full-pool,2.6,2.6,1,-1,0.2246644821,0.08264944411,0.1536569631,0.112332241,0.8463430369,0.458050391,0.009692817032,true,0.1,0.05,true,true,true,0,0,0.05365696308,0.06233224103
3,0.1,4.35,6,0.507,0.705,III,partial-pool,2.65,2.65,1,-0.9867528152,0.2191174962,0.08114451419,0.1501310052,0.1095587481,0.8498689948,0.4594134558,0.009324933455,true,0.1,0.05,true,true,true,0,0,0.05013100521,0.05955874812
3,0.1,4.35,6,0.507,0.705,III,partial-pool,2.7,2.7,1,-0.9681291962,0.213707466,0.0798814372,0.1467944516,0.106853733,0.8532055484,0.4607872836,0.008937126124,true,0.1,0.05,true,true,true,0,0,0.04679445159,0.05685373299
3,0.1,4.35,6,0.507,0.705,III,partial-pool,2.75,2.75,1,-0.9492447662,0.2084310098,0.07864827647,0.1435396432,0.1042155049,0.8564603568,0.462116538,0.008563173096,true,0.1,0.05,true,true,true,0,0,0.04353964315,0.05421550492
3,0.1,4.35,6,0.507,0.705,III,partial-pool,2.8,2.8,1,-0.9300975418,0.2032848299,0.07744432782,0.1403645788,0.1016424149,0.8596354212,0.4634029442,0.008202553519,true,0.1,0.05,true,true,true,0,0,0.04036457885,0.05164241494
3,0.1,4.35,6,0.507,0.705,III,partial-pool,2.85,2.85,1,-0.9106856155,0.1982657095,0.07626890282,0.1372673062,0.09913285477,0.8627326938,0.4646481443,0.007854771875,true,0.1,0.05,true,true,true,0,0,0.03726730618,0.04913285477
3,0.1,4.35,6,0.507,0.705,III,partial-pool,2.9,2.9,1,-0.8910070038,0.1933705117,0.07512133427,0.134245923,0.09668525586,0.865754077,0.4658537047,0.007519355601,true,0.1,0.05,true,true,true,0,0,0.034245923,0.04668525586
3,0.1,4.35,6,0.507,0.705,III,partial-pool,2.95,2.95,1,-0.871059761,0.1885961768,0.07400097123,0.131298574,0.09429808839,0.868701426,0.4670211185,0.007195854435,true,0.1,0.05,true,true,true,0,0,0.03129857401,0.04429808839
3,0.1,4.35,6,0.507,0.705,III,partial-pool,3,3,1,-0.85084198,0.1839397206,0.07290717877,0.1284234497,0.09196986029,0.8715765503,0.4681518101,0.00688383913,true,0.1,0.05,true,true,true,0,0,0.02842344968,0.04196986029
3,0.1,4.35,6,0.507,0.705,III,partial-pool,3.05,3.05,1,-0.8303516006,0.1793982327,0.0718393444,0.1256187886,0.08969911635,0.8743812114,0.469247141,0.006582899263,true,0.1,0.05,true,true,true,0,0,0.02561878855,0.03969911635
3,0.1,4.35,6,0.507,0.705,III,partial-pool,3.1,3.1,1,-0.8095867157,0.1749688746,0.07079686645,0.1228828705,0.08748443728,0.8771171295,0.4703084102,0.006292643803,true,0.1,0.05,true,true,true,0,0,0.0228828705,0.03748443728
3,0.1,4.35,6,0.507,0.705,III,partial-pool,3.15,3.15,1,-0.7885453415,0.1706488777,0.06977916208,0.1202140199,0.08532443883,0.8797859801,0.4713368598,0.006012698856,true,0.1,0.05,true,true,true,0,0,0.02021401987,0.03532443883
3,0.1,4.35,6,0.507,0.705,III,partial-pool,3.2,3.2,1,-0.7672253418,0.1664355418,0.06878566925,0.1176106056,0.08321777092,0.8823893944,0.4723336791,0.005742706405,true,0.1,0.05,true,true,true,0,0,0.01761060555,0.03321777092
3,0.1,4.35,6,0.507,0.705,III,partial-pool,3.25,3.25,1,-0.7456248474,0.1623262337,0.06781583178,0.1150710327,0.08116311684,0.8849289673,0.4733000033,0.005482325473,true,0.1,0.05,true,true,true,0,0,0.01507103273,0.03116311684
3,0.1,4.35,6,0.507,0.705,III,partial-pool,3.257305908,3.257305908,1,-0.7424449921,0.1617343451,0.06767607014,0.1147052076,0.08086717256,0.8852947924,0.4734387134,0.005445064036,true,0.1,0.05,true,true,true,0,0,0.01470520763,0.03086717256
3,0.1,4.35,6,0.507,0.705,III,notrade,-inf,inf,0,0,0,0,0,0,1,0.5,0,false,0.1,0.05,false,false,false,0,0,-0.1,-0.05
