r,rho,cL,qH,qL,feasible,E_min,OH_min,E_at_OHmin,belief_E
3,0.25,2.366178511,1,-0,false,,,,
3,0.25,2.366178511,1,-0.05,false,,,,
3,0.25,2.366178511,1,-0.1,false,,,,
3,0.25,2.366178511,1,-0.15,false,,,,
3,0.25,2.366178511,1,-0.2,false,,,,
3,0.25,2.366178511,1,-0.25,false,,,,
3,0.25,2.366178511,1,-0.3,false,,,,
3,0.25,2.366178511,1,-0.35,false,,,,
3,0.25,2.366178511,1,-0.4,false,,,,
3,0.25,2.366178511,1,-0.45,false,,,,
3,0.25,2.366178511,1,-0.5,false,,,,
3,0.25,2.366178511,1,-0.55,false,,,,
3,0.25,2.366178511,1,-0.6,false,,,,
3,0.25,2.366178511,1,-0.65,false,,,,
3,0.25,2.366178511,1,-0.7,false,,,,
3,0.25,2.366178511,1,-0.75,false,,,,
3,0.25,2.366178511,1,-0.8,false,,,,
3,0.25,2.366178511,1,-0.85,false,,,,
3,0.25,2.366178511,1,-0.9,false,,,,
3,0.25,2.366178511,1,-0.95,false,,,,
3,0.25,2.366178511,1,-1,false,,,,
3,0.25,2.366178511,0.8,-0,false,,,,
3,0.25,2.366178511,0.8,-0.05,false,,,,
3,0.25,2.366178511,0.8,-0.1,false,,,,
3,0.25,2.366178511,0.8,-0.15,false,,,,
3,0.25,2.366178511,0.8,-0.2,false,,,,
3,0.25,2.366178511,0.8,-0.25,false,,,,
3,0.25,2.366178511,0.8,-0.3,false,,,,
3,0.25,2.366178511,0.8,-0.35,false,,,,
3,0.25,2.366178511,0.8,-0.4,false,,,,
3,0.25,2.366178511,0.8,-0.45,false,,,,
3,0.25,2.366178511,0.8,-0.5,false,,,,
3,0.25,2.366178511,0.8,-0.55,false,,,,
3,0.25,2.366178511,0.8,-0.6,false,,,,
3,0.25,2.366178511,0.8,-0.65,false,,,,
3,0.25,2.366178511,0.8,-0.7,false,,,,
3,0.25,2.366178511,0.8,-0.75,false,,,,
3,0.25,2.366178511,0.8,-0.8,false,,,,
3,0.25,2.366178511,0.8,-0.85,false,,,,
3,0.25,2.366178511,0.8,-0.9,false,,,,
3,0.25,2.366178511,0.8,-0.95,false,,,,
3,0.25,2.366178511,0.8,-1,false,,,,
3,0.25,2.366178511,0.6,-0,false,,,,
3,0.25,2.366178511,0.6,-0.05,false,,,,
3,0.25,2.366178511,0.6,-0.1,false,,,,
3,0.25,2.366178511,0.6,-0.15,false,,,,
3,0.25,2.366178511,0.6,-0.2,false,,,,
3,0.25,2.366178511,0.6,-0.25,false,,,,
3,0.25,2.366178511,0.6,-0.3,false,,,,
3,0.25,2.366178511,0.6,-0.35,false,,,,
3,0.25,2.366178511,0.6,-0.4,false,,,,
3,0.25,2.366178511,0.6,-0.45,false,,,,
3,0.25,2.366178511,0.6,-0.5,false,,,,
3,0.25,2.366178511,0.6,-0.55,false,,,,
3,0.25,2.366178511,0.6,-0.6,false,,,,
3,0.25,2.366178511,0.6,-0.65,false,,,,
3,0.25,2.366178511,0.6,-0.7,false,,,,
3,0.25,2.366178511,0.6,-0.75,false,,,,
3,0.25,2.366178511,0.6,-0.8,false,,,,
3,0.25,2.366178511,0.6,-0.85,false,,,,
3,0.25,2.366178511,0.6,-0.9,false,,,,
3,0.25,2.366178511,0.6,-0.95,false,,,,
3,0.25,2.366178511,0.6,-1,false,,,,
3,0.25,2.366178511,0.4,-0,false,,,,
3,0.25,2.366178511,0.4,-0.05,false,,,,
3,0.25,2.366178511,0.4,-0.1,false,,,,
3,0.25,2.366178511,0.4,-0.15,false,,,,
3,0.25,2.366178511,0.4,-0.2,false,,,,
3,0.25,2.366178511,0.4,-0.25,false,,,,
3,0.25,2.366178511,0.4,-0.3,false,,,,
3,0.25,2.366178511,0.4,-0.35,false,,,,
3,0.25,2.366178511,0.4,-0.4,false,,,,
3,0.25,2.366178511,0.4,-0.45,false,,,,
3,0.25,2.366178511,0.4,-0.5,false,,,,
3,0.25,2.366178511,0.4,-0.55,false,,,,
3,0.25,2.366178511,0.4,-0.6,false,,,,
3,0.25,2.366178511,0.4,-0.65,false,,,,
3,0.25,2.366178511,0.4,-0.7,false,,,,
3,0.25,2.366178511,0.4,-0.75,false,,,,
3,0.25,2.366178511,0.4,-0.8,false,,,,
3,0.25,2.366178511,0.4,-0.85,false,,,,
3,0.25,2.366178511,0.4,-0.9,false,,,,
3,0.25,2.366178511,0.4,-0.95,false,,,,
3,0.25,2.366178511,0.4,-1,false,,,,
3,0.25,2.366178511,0.2,-0,false,,,,
3,0.25,2.366178511,0.2,-0.05,false,,,,
3,0.25,2.366178511,0.2,-0.1,false,,,,
3,0.25,2.366178511,0.2,-0.15,false,,,,
3,0.25,2.366178511,0.2,-0.2,false,,,,
3,0.25,2.366178511,0.2,-0.25,false,,,,
3,0.25,2.366178511,0.2,-0.3,false,,,,
3,0.25,2.366178511,0.2,-0.35,false,,,,
3,0.25,2.366178511,0.2,-0.4,false,,,,
3,0.25,2.366178511,0.2,-0.45,false,,,,
3,0.25,2.366178511,0.2,-0.5,false,,,,
3,0.25,2.366178511,0.2,-0.55,false,,,,
3,0.25,2.366178511,0.2,-0.6,false,,,,
3,0.25,2.366178511,0.2,-0.65,false,,,,
3,0.25,2.366178511,0.2,-0.7,false,,,,
3,0.25,2.366178511,0.2,-0.75,false,,,,
3,0.25,2.366178511,0.2,-0.8,false,,,,
3,0.25,2.366178511,0.2,-0.85,false,,,,
3,0.25,2.366178511,0.2,-0.9,false,,,,
3,0.25,2.366178511,0.2,-0.95,false,,,,
3,0.25,2.366178511,0.2,-1,false,,,,
3,0.25,2.366178511,0,-0.05,false,,,,
3,0.25,2.366178511,0,-0.1,false,,,,
3,0.25,2.366178511,0,-0.15,false,,,,
3,0.25,2.366178511,0,-0.2,false,,,,
3,0.25,2.366178511,0,-0.25,false,,,,
3,0.25,2.366178511,0,-0.3,false,,,,
3,0.25,2.366178511,0,-0.35,false,,,,
3,0.25,2.366178511,0,-0.4,false,,,,
3,0.25,2.366178511,0,-0.45,false,,,,
3,0.25,2.366178511,0,-0.5,false,,,,
3,0.25,2.366178511,0,-0.55,false,,,,
3,0.25,2.366178511,0,-0.6,false,,,,
3,0.25,2.366178511,0,-0.65,false,,,,
3,0.25,2.366178511,0,-0.7,false,,,,
3,0.25,2.366178511,0,-0.75,false,,,,
3,0.25,2.366178511,0,-0.8,false,,,,
3,0.25,2.366178511,0,-0.85,false,,,,
3,0.25,2.366178511,0,-0.9,false,,,,
3,0.25,2.366178511,0,-0.95,false,,,,
3,0.25,2.366178511,0,-1,false,,,,
3,0.25,4.291666667,1,-0,true,0.06279559278,0.03760523734,0.06279559278,0.4668413739
3,0.25,4.291666667,1,-0.05,true,0.06436094388,0.03882910162,0.06436094388,0.4641851784
3,0.25,4.291666667,1,-0.1,true,0.06636104332,0.04034169285,0.06636104332,0.4610040739
3,0.25,4.291666667,1,-0.15,true,0.0684879258,0.04195347864,0.0684879258,0.4575261548
3,0.25,4.291666667,1,-0.2,true,0.07075319185,0.04367406743,0.07075319185,0.453709237
3,0.25,4.291666667,1,-0.25,true,0.07316983124,0.04551419063,0.07316983124,0.4495036674
3,0.25,4.291666667,1,-0.3,true,0.07575242404,0.04748586773,0.07575242404,0.444850563
3,0.25,4.291666667,1,-0.35,true,0.07851737834,0.04960260142,0.07851737834,0.4396795305
3,0.25,4.291666667,1,-0.4,true,0.08148321258,0.05187960916,0.08148321258,0.4339056777
3,0.25,4.291666667,1,-0.45,true,0.08467089255,0.05433409939,0.08467089255,0.4274256463
3,0.25,4.291666667,1,-0.5,true,0.08810423574,0.0569856029,0.08810423574,0.4201122704
3,0.25,4.291666667,1,-0.55,true,0.09181039931,0.05985637243,0.09181039931,0.4118072698
3,0.25,4.291666667,1,-0.6,true,0.09582047235,0.06297186767,0.09582047235,0.4023110803
3,0.25,4.291666667,1,-0.65,true,0.1001701995,0.06636134763,0.1001701995,0.3913684206
3,0.25,4.291666667,1,-0.7,true,0.1049008712,0.07005859921,0.1049008712,0.3786473513
3,0.25,4.291666667,1,-0.75,true,0.1100600371,0.07410236818,0.1100600371,0.4606440668
3,0.25,4.291666667,1,-0.8,true,0.1156820111,0.07851240001,0.1156820111,0.4585559183
3,0.25,4.291666667,1,-0.85,true,0.1218193944,0.08332728893,0.1218193944,0.4562217255
3,0.25,4.291666667,1,-0.9,true,0.1285489725,0.08861026334,0.1285489725,0.4535950056
3,0.25,4.291666667,1,-0.95,true,0.1359623712,0.09443665235,0.1359623712,0.4506184953
3,0.25,4.291666667,1,-1,true,0.1441697364,0.1008968978,0.1441697364,0.4472207932
3,0.25,4.291666667,0.8,-0,false,,,,
3,0.25,4.291666667,0.8,-0.05,false,,,,
3,0.25,4.291666667,0.8,-0.1,false,,,,
3,0.25,4.291666667,0.8,-0.15,false,,,,
3,0.25,4.291666667,0.8,-0.2,false,,,,
3,0.25,4.291666667,0.8,-0.25,false,,,,
3,0.25,4.291666667,0.8,-0.3,false,,,,
3,0.25,4.291666667,0.8,-0.35,false,,,,
3,0.25,4.291666667,0.8,-0.4,false,,,,
3,0.25,4.291666667,0.8,-0.45,false,,,,
3,0.25,4.291666667,0.8,-0.5,false,,,,
3,0.25,4.291666667,0.8,-0.55,false,,,,
3,0.25,4.291666667,0.8,-0.6,false,,,,
3,0.25,4.291666667,0.8,-0.65,false,,,,
3,0.25,4.291666667,0.8,-0.7,false,,,,
3,0.25,4.291666667,0.8,-0.75,false,,,,
3,0.25,4.291666667,0.8,-0.8,false,,,,
3,0.25,4.291666667,0.8,-0.85,false,,,,
3,0.25,4.291666667,0.8,-0.9,false,,,,
3,0.25,4.291666667,0.8,-0.95,false,,,,
3,0.25,4.291666667,0.8,-1,false,,,,
3,0.25,4.291666667,0.6,-0,false,,,,
3,0.25,4.291666667,0.6,-0.05,false,,,,
3,0.25,4.291666667,0.6,-0.1,false,,,,
3,0.25,4.291666667,0.6,-0.15,false,,,,
3,0.25,4.291666667,0.6,-0.2,false,,,,
3,0.25,4.291666667,0.6,-0.25,false,,,,
3,0.25,4.291666667,0.6,-0.3,false,,,,
3,0.25,4.291666667,0.6,-0.35,false,,,,
3,0.25,4.291666667,0.6,-0.4,false,,,,
3,0.25,4.291666667,0.6,-0.45,false,,,,
3,0.25,4.291666667,0.6,-0.5,false,,,,
3,0.25,4.291666667,0.6,-0.55,false,,,,
3,0.25,4.291666667,0.6,-0.6,false,,,,
3,0.25,4.291666667,0.6,-0.65,false,,,,
3,0.25,4.291666667,0.6,-0.7,false,,,,
3,0.25,4.291666667,0.6,-0.75,false,,,,
3,0.25,4.291666667,0.6,-0.8,false,,,,
3,0.25,4.291666667,0.6,-0.85,false,,,,
3,0.25,4.291666667,0.6,-0.9,false,,,,
3,0.25,4.291666667,0.6,-0.95,false,,,,
3,0.25,4.291666667,0.6,-1,false,,,,
3,0.25,4.291666667,0.4,-0,false,,,,
3,0.25,4.291666667,0.4,-0.05,false,,,,
3,0.25,4.291666667,0.4,-0.1,false,,,,
3,0.25,4.291666667,0.4,-0.15,false,,,,
3,0.25,4.291666667,0.4,-0.2,false,,,,
3,0.25,4.291666667,0.4,-0.25,false,,,,
3,0.25,4.291666667,0.4,-0.3,false,,,,
3,0.25,4.291666667,0.4,-0.35,false,,,,
3,0.25,4.291666667,0.4,-0.4,false,,,,
3,0.25,4.291666667,0.4,-0.45,false,,,,
3,0.25,4.291666667,0.4,-0.5,false,,,,
3,0.25,4.291666667,0.4,-0.55,false,,,,
3,0.25,4.291666667,0.4,-0.6,false,,,,
3,0.25,4.291666667,0.4,-0.65,false,,,,
3,0.25,4.291666667,0.4,-0.7,false,,,,
3,0.25,4.291666667,0.4,-0.75,false,,,,
3,0.25,4.291666667,0.4,-0.8,false,,,,
3,0.25,4.291666667,0.4,-0.85,false,,,,
3,0.25,4.291666667,0.4,-0.9,false,,,,
3,0.25,4.291666667,0.4,-0.95,false,,,,
3,0.25,4.291666667,0.4,-1,false,,,,
3,0.25,4.291666667,0.2,-0,false,,,,
3,0.25,4.291666667,0.2,-0.05,false,,,,
3,0.25,4.291666667,0.2,-0.1,false,,,,
3,0.25,4.291666667,0.2,-0.15,false,,,,
3,0.25,4.291666667,0.2,-0.2,false,,,,
3,0.25,4.291666667,0.2,-0.25,false,,,,
3,0.25,4.291666667,0.2,-0.3,false,,,,
3,0.25,4.291666667,0.2,-0.35,false,,,,
3,0.25,4.291666667,0.2,-0.4,false,,,,
3,0.25,4.291666667,0.2,-0.45,false,,,,
3,0.25,4.291666667,0.2,-0.5,false,,,,
3,0.25,4.291666667,0.2,-0.55,false,,,,
3,0.25,4.291666667,0.2,-0.6,false,,,,
3,0.25,4.291666667,0.2,-0.65,false,,,,
3,0.25,4.291666667,0.2,-0.7,false,,,,
3,0.25,4.291666667,0.2,-0.75,false,,,,
3,0.25,4.291666667,0.2,-0.8,false,,,,
3,0.25,4.291666667,0.2,-0.85,false,,,,
3,0.25,4.291666667,0.2,-0.9,false,,,,
3,0.25,4.291666667,0.2,-0.95,false,,,,
3,0.25,4.291666667,0.2,-1,false,,,,
3,0.25,4.291666667,0,-0.05,false,,,,
3,0.25,4.291666667,0,-0.1,false,,,,
3,0.25,4.291666667,0,-0.15,false,,,,
3,0.25,4.291666667,0,-0.2,false,,,,
3,0.25,4.291666667,0,-0.25,false,,,,
3,0.25,4.291666667,0,-0.3,false,,,,
3,0.25,4.291666667,0,-0.35,false,,,,
3,0.25,4.291666667,0,-0.4,false,,,,
3,0.25,4.291666667,0,-0.45,false,,,,
3,0.25,4.291666667,0,-0.5,false,,,,
3,0.25,4.291666667,0,-0.55,false,,,,
3,0.25,4.291666667,0,-0.6,false,,,,
3,0.25,4.291666667,0,-0.65,false,,,,
3,0.25,4.291666667,0,-0.7,false,,,,
3,0.25,4.291666667,0,-0.75,false,,,,
3,0.25,4.291666667,0,-0.8,false,,,,
3,0.25,4.291666667,0,-0.85,false,,,,
3,0.25,4.291666667,0,-0.9,false,,,,
3,0.25,4.291666667,0,-0.95,false,,,,
3,0.25,4.291666667,0,-1,false,,,,
3,0.25,2.3,1,-0,false,,,,
3,0.25,2.3,1,-0.05,false,,,,
3,0.25,2.3,1,-0.1,false,,,,
3,0.25,2.3,1,-0.15,false,,,,
3,0.25,2.3,1,-0.2,false,,,,
3,0.25,2.3,1,-0.25,false,,,,
3,0.25,2.3,1,-0.3,false,,,,
3,0.25,2.3,1,-0.35,false,,,,
3,0.25,2.3,1,-0.4,false,,,,
3,0.25,2.3,1,-0.45,false,,,,
3,0.25,2.3,1,-0.5,false,,,,
3,0.25,2.3,1,-0.55,false,,,,
3,0.25,2.3,1,-0.6,false,,,,
3,0.25,2.3,1,-0.65,false,,,,
3,0.25,2.3,1,-0.7,false,,,,
3,0.25,2.3,1,-0.75,false,,,,
3,0.25,2.3,1,-0.8,false,,,,
3,0.25,2.3,1,-0.85,false,,,,
3,0.25,2.3,1,-0.9,false,,,,
3,0.25,2.3,1,-0.95,false,,,,
3,0.25,2.3,1,-1,false,,,,
3,0.25,2.3,0.8,-0,false,,,,
3,0.25,2.3,0.8,-0.05,false,,,,
3,0.25,2.3,0.8,-0.1,false,,,,
3,0.25,2.3,0.8,-0.15,false,,,,
3,0.25,2.3,0.8,-0.2,false,,,,
3,0.25,2.3,0.8,-0.25,false,,,,
3,0.25,2.3,0.8,-0.3,false,,,,
3,0.25,2.3,0.8,-0.35,false,,,,
3,0.25,2.3,0.8,-0.4,false,,,,
3,0.25,2.3,0.8,-0.45,false,,,,
3,0.25,2.3,0.8,-0.5,false,,,,
3,0.25,2.3,0.8,-0.55,false,,,,
3,0.25,2.3,0.8,-0.6,false,,,,
3,0.25,2.3,0.8,-0.65,false,,,,
3,0.25,2.3,0.8,-0.7,false,,,,
3,0.25,2.3,0.8,-0.75,false,,,,
3,0.25,2.3,0.8,-0.8,false,,,,
3,0.25,2.3,0.8,-0.85,false,,,,
3,0.25,2.3,0.8,-0.9,false,,,,
3,0.25,2.3,0.8,-0.95,false,,,,
3,0.25,2.3,0.8,-1,false,,,,
3,0.25,2.3,0.6,-0,false,,,,
3,0.25,2.3,0.6,-0.05,false,,,,
3,0.25,2.3,0.6,-0.1,false,,,,
3,0.25,2.3,0.6,-0.15,false,,,,
3,0.25,2.3,0.6,-0.2,false,,,,
3,0.25,2.3,0.6,-0.25,false,,,,
3,0.25,2.3,0.6,-0.3,false,,,,
3,0.25,2.3,0.6,-0.35,false,,,,
3,0.25,2.3,0.6,-0.4,false,,,,
3,0.25,2.3,0.6,-0.45,false,,,,
3,0.25,2.3,0.6,-0.5,false,,,,
3,0.25,2.3,0.6,-0.55,false,,,,
3,0.25,2.3,0.6,-0.6,false,,,,
3,0.25,2.3,0.6,-0.65,false,,,,
3,0.25,2.3,0.6,-0.7,false,,,,
3,0.25,2.3,0.6,-0.75,false,,,,
3,0.25,2.3,0.6,-0.8,false,,,,
3,0.25,2.3,0.6,-0.85,false,,,,
3,0.25,2.3,0.6,-0.9,false,,,,
3,0.25,2.3,0.6,-0.95,false,,,,
3,0.25,2.3,0.6,-1,false,,,,
3,0.25,2.3,0.4,-0,false,,,,
3,0.25,2.3,0.4,-0.05,false,,,,
3,0.25,2.3,0.4,-0.1,false,,,,
3,0.25,2.3,0.4,-0.15,false,,,,
3,0.25,2.3,0.4,-0.2,false,,,,
3,0.25,2.3,0.4,-0.25,false,,,,
3,0.25,2.3,0.4,-0.3,false,,,,
3,0.25,2.3,0.4,-0.35,false,,,,
3,0.25,2.3,0.4,-0.4,false,,,,
3,0.25,2.3,0.4,-0.45,false,,,,
3,0.25,2.3,0.4,-0.5,false,,,,
3,0.25,2.3,0.4,-0.55,false,,,,
3,0.25,2.3,0.4,-0.6,false,,,,
3,0.25,2.3,0.4,-0.65,false,,,,
3,0.25,2.3,0.4,-0.7,false,,,,
3,0.25,2.3,0.4,-0.75,false,,,,
3,0.25,2.3,0.4,-0.8,false,,,,
3,0.25,2.3,0.4,-0.85,false,,,,
3,0.25,2.3,0.4,-0.9,false,,,,
3,0.25,2.3,0.4,-0.95,false,,,,
3,0.25,2.3,0.4,-1,false,,,,
3,0.25,2.3,0.2,-0,false,,,,
3,0.25,2.3,0.2,-0.05,false,,,,
3,0.25,2.3,0.2,-0.1,false,,,,
3,0.25,2.3,0.2,-0.15,false,,,,
3,0.25,2.3,0.2,-0.2,false,,,,
3,0.25,2.3,0.2,-0.25,false,,,,
3,0.25,2.3,0.2,-0.3,false,,,,
3,0.25,2.3,0.2,-0.35,false,,,,
3,0.25,2.3,0.2,-0.4,false,,,,
3,0.25,2.3,0.2,-0.45,false,,,,
3,0.25,2.3,0.2,-0.5,false,,,,
3,0.25,2.3,0.2,-0.55,false,,,,
3,0.25,2.3,0.2,-0.6,false,,,,
3,0.25,2.3,0.2,-0.65,false,,,,
3,0.25,2.3,0.2,-0.7,false,,,,
3,0.25,2.3,0.2,-0.75,false,,,,
3,0.25,2.3,0.2,-0.8,false,,,,
3,0.25,2.3,0.2,-0.85,false,,,,
3,0.25,2.3,0.2,-0.9,false,,,,
3,0.25,2.3,0.2,-0.95,false,,,,
3,0.25,2.3,0.2,-1,false,,,,
3,0.25,2.3,0,-0.05,false,,,,
3,0.25,2.3,0,-0.1,false,,,,
3,0.25,2.3,0,-0.15,false,,,,
3,0.25,2.3,0,-0.2,false,,,,
3,0.25,2.3,0,-0.25,false,,,,
3,0.25,2.3,0,-0.3,false,,,,
3,0.25,2.3,0,-0.35,false,,,,
3,0.25,2.3,0,-0.4,false,,,,
3,0.25,2.3,0,-0.45,false,,,,
3,0.25,2.3,0,-0.5,false,,,,
3,0.25,2.3,0,-0.55,false,,,,
3,0.25,2.3,0,-0.6,false,,,,
3,0.25,2.3,0,-0.65,false,,,,
3,0.25,2.3,0,-0.7,false,,,,
3,0.25,2.3,0,-0.75,false,,,,
3,0.25,2.3,0,-0.8,false,,,,
3,0.25,2.3,0,-0.85,false,,,,
3,0.25,2.3,0,-0.9,false,,,,
3,0.25,2.3,0,-0.95,false,,,,
3,0.25,2.3,0,-1,false,,,,
3,0.25,2.325,1,-0,false,,,,
3,0.25,2.325,1,-0.05,false,,,,
3,0.25,2.325,1,-0.1,false,,,,
3,0.25,2.325,1,-0.15,false,,,,
3,0.25,2.325,1,-0.2,false,,,,
3,0.25,2.325,1,-0.25,false,,,,
3,0.25,2.325,1,-0.3,false,,,,
3,0.25,2.325,1,-0.35,false,,,,
3,0.25,2.325,1,-0.4,false,,,,
3,0.25,2.325,1,-0.45,false,,,,
3,0.25,2.325,1,-0.5,false,,,,
3,0.25,2.325,1,-0.55,false,,,,
3,0.25,2.325,1,-0.6,false,,,,
3,0.25,2.325,1,-0.65,false,,,,
3,0.25,2.325,1,-0.7,false,,,,
3,0.25,2.325,1,-0.75,false,,,,
3,0.25,2.325,1,-0.8,false,,,,
3,0.25,2.325,1,-0.85,false,,,,
3,0.25,2.325,1,-0.9,false,,,,
3,0.25,2.325,1,-0.95,false,,,,
3,0.25,2.325,1,-1,false,,,,
3,0.25,2.325,0.8,-0,false,,,,
3,0.25,2.325,0.8,-0.05,false,,,,
3,0.25,2.325,0.8,-0.1,false,,,,
3,0.25,2.325,0.8,-0.15,false,,,,
3,0.25,2.325,0.8,-0.2,false,,,,
3,0.25,2.325,0.8,-0.25,false,,,,
3,0.25,2.325,0.8,-0.3,false,,,,
3,0.25,2.325,0.8,-0.35,false,,,,
3,0.25,2.325,0.8,-0.4,false,,,,
3,0.25,2.325,0.8,-0.45,false,,,,
3,0.25,2.325,0.8,-0.5,false,,,,
3,0.25,2.325,0.8,-0.55,false,,,,
3,0.25,2.325,0.8,-0.6,false,,,,
3,0.25,2.325,0.8,-0.65,false,,,,
3,0.25,2.325,0.8,-0.7,false,,,,
3,0.25,2.325,0.8,-0.75,false,,,,
3,0.25,2.325,0.8,-0.8,false,,,,
3,0.25,2.325,0.8,-0.85,false,,,,
3,0.25,2.325,0.8,-0.9,false,,,,
3,0.25,2.325,0.8,-0.95,false,,,,
3,0.25,2.325,0.8,-1,false,,,,
3,0.25,2.325,0.6,-0,false,,,,
3,0.25,2.325,0.6,-0.05,false,,,,
3,0.25,2.325,0.6,-0.1,false,,,,
3,0.25,2.325,0.6,-0.15,false,,,,
3,0.25,2.325,0.6,-0.2,false,,,,
3,0.25,2.325,0.6,-0.25,false,,,,
3,0.25,2.325,0.6,-0.3,false,,,,
3,0.25,2.325,0.6,-0.35,false,,,,
3,0.25,2.325,0.6,-0.4,false,,,,
3,0.25,2.325,0.6,-0.45,false,,,,
3,0.25,2.325,0.6,-0.5,false,,,,
3,0.25,2.325,0.6,-0.55,false,,,,
3,0.25,2.325,0.6,-0.6,false,,,,
3,0.25,2.325,0.6,-0.65,false,,,,
3,0.25,2.325,0.6,-0.7,false,,,,
3,0.25,2.325,0.6,-0.75,false,,,,
3,0.25,2.325,0.6,-0.8,false,,,,
3,0.25,2.325,0.6,-0.85,false,,,,
3,0.25,2.325,0.6,-0.9,false,,,,
3,0.25,2.325,0.6,-0.95,false,,,,
3,0.25,2.325,0.6,-1,false,,,,
3,0.25,2.325,0.4,-0,false,,,,
3,0.25,2.325,0.4,-0.05,false,,,,
3,0.25,2.325,0.4,-0.1,false,,,,
3,0.25,2.325,0.4,-0.15,false,,,,
3,0.25,2.325,0.4,-0.2,false,,,,
3,0.25,2.325,0.4,-0.25,false,,,,
3,0.25,2.325,0.4,-0.3,false,,,,
3,0.25,2.325,0.4,-0.35,false,,,,
3,0.25,2.325,0.4,-0.4,false,,,,
3,0.25,2.325,0.4,-0.45,false,,,,
3,0.25,2.325,0.4,-0.5,false,,,,
3,0.25,2.325,0.4,-0.55,false,,,,
3,0.25,2.325,0.4,-0.6,false,,,,
3,0.25,2.325,0.4,-0.65,false,,,,
3,0.25,2.325,0.4,-0.7,false,,,,
3,0.25,2.325,0.4,-0.75,false,,,,
3,0.25,2.325,0.4,-0.8,false,,,,
3,0.25,2.325,0.4,-0.85,false,,,,
3,0.25,2.325,0.4,-0.9,false,,,,
3,0.25,2.325,0.4,-0.95,false,,,,
3,0.25,2.325,0.4,-1,false,,,,
3,0.25,2.325,0.2,-0,false,,,,
3,0.25,2.325,0.2,-0.05,false,,,,
3,0.25,2.325,0.2,-0.1,false,,,,
3,0.25,2.325,0.2,-0.15,false,,,,
3,0.25,2.325,0.2,-0.2,false,,,,
3,0.25,2.325,0.2,-0.25,false,,,,
3,0.25,2.325,0.2,-0.3,false,,,,
3,0.25,2.325,0.2,-0.35,false,,,,
3,0.25,2.325,0.2,-0.4,false,,,,
3,0.25,2.325,0.2,-0.45,false,,,,
3,0.25,2.325,0.2,-0.5,false,,,,
3,0.25,2.325,0.2,-0.55,false,,,,
3,0.25,2.325,0.2,-0.6,false,,,,
3,0.25,2.325,0.2,-0.65,false,,,,
3,0.25,2.325,0.2,-0.7,false,,,,
3,0.25,2.325,0.2,-0.75,false,,,,
3,0.25,2.325,0.2,-0.8,false,,,,
3,0.25,2.325,0.2,-0.85,false,,,,
3,0.25,2.325,0.2,-0.9,false,,,,
3,0.25,2.325,0.2,-0.95,false,,,,
3,0.25,2.325,0.2,-1,false,,,,
3,0.25,2.325,0,-0.05,false,,,,
3,0.25,2.325,0,-0.1,false,,,,
3,0.25,2.325,0,-0.15,false,,,,
3,0.25,2.325,0,-0.2,false,,,,
3,0.25,2.325,0,-0.25,false,,,,
3,0.25,2.325,0,-0.3,false,,,,
3,0.25,2.325,0,-0.35,false,,,,
3,0.25,2.325,0,-0.4,false,,,,
3,0.25,2.325,0,-0.45,false,,,,
3,0.25,2.325,0,-0.5,false,,,,
3,0.25,2.325,0,-0.55,false,,,,
3,0.25,2.325,0,-0.6,false,,,,
3,0.25,2.325,0,-0.65,false,,,,
3,0.25,2.325,0,-0.7,false,,,,
3,0.25,2.325,0,-0.75,false,,,,
3,0.25,2.325,0,-0.8,false,,,,
3,0.25,2.325,0,-0.85,false,,,,
3,0.25,2.325,0,-0.9,false,,,,
3,0.25,2.325,0,-0.95,false,,,,
3,0.25,2.325,0,-1,false,,,,
3,0.25,2.35,1,-0,false,,,,
3,0.25,2.35,1,-0.05,false,,,,
3,0.25,2.35,1,-0.1,false,,,,
3,0.25,2.35,1,-0.15,false,,,,
3,0.25,2.35,1,-0.2,false,,,,
3,0.25,2.35,1,-0.25,false,,,,
3,0.25,2.35,1,-0.3,false,,,,
3,0.25,2.35,1,-0.35,false,,,,
3,0.25,2.35,1,-0.4,false,,,,
3,0.25,2.35,1,-0.45,false,,,,
3,0.25,2.35,1,-0.5,false,,,,
3,0.25,2.35,1,-0.55,false,,,,
3,0.25,2.35,1,-0.6,false,,,,
3,0.25,2.35,1,-0.65,false,,,,
3,0.25,2.35,1,-0.7,false,,,,
3,0.25,2.35,1,-0.75,false,,,,
3,0.25,2.35,1,-0.8,false,,,,
3,0.25,2.35,1,-0.85,false,,,,
3,0.25,2.35,1,-0.9,false,,,,
3,0.25,2.35,1,-0.95,false,,,,
3,0.25,2.35,1,-1,false,,,,
3,0.25,2.35,0.8,-0,false,,,,
3,0.25,2.35,0.8,-0.05,false,,,,
3,0.25,2.35,0.8,-0.1,false,,,,
3,0.25,2.35,0.8,-0.15,false,,,,
3,0.25,2.35,0.8,-0.2,false,,,,
3,0.25,2.35,0.8,-0.25,false,,,,
3,0.25,2.35,0.8,-0.3,false,,,,
3,0.25,2.35,0.8,-0.35,false,,,,
3,0.25,2.35,0.8,-0.4,false,,,,
3,0.25,2.35,0.8,-0.45,false,,,,
3,0.25,2.35,0.8,-0.5,false,,,,
3,0.25,2.35,0.8,-0.55,false,,,,
3,0.25,2.35,0.8,-0.6,false,,,,
3,0.25,2.35,0.8,-0.65,false,,,,
3,0.25,2.35,0.8,-0.7,false,,,,
3,0.25,2.35,0.8,-0.75,false,,,,
3,0.25,2.35,0.8,-0.8,false,,,,
3,0.25,2.35,0.8,-0.85,false,,,,
3,0.25,2.35,0.8,-0.9,false,,,,
3,0.25,2.35,0.8,-0.95,false,,,,
3,0.25,2.35,0.8,-1,false,,,,
3,0.25,2.35,0.6,-0,false,,,,
3,0.25,2.35,0.6,-0.05,false,,,,
3,0.25,2.35,0.6,-0.1,false,,,,
3,0.25,2.35,0.6,-0.15,false,,,,
3,0.25,2.35,0.6,-0.2,false,,,,
3,0.25,2.35,0.6,-0.25,false,,,,
3,0.25,2.35,0.6,-0.3,false,,,,
3,0.25,2.35,0.6,-0.35,false,,,,
3,0.25,2.35,0.6,-0.4,false,,,,
3,0.25,2.35,0.6,-0.45,false,,,,
3,0.25,2.35,0.6,-0.5,false,,,,
3,0.25,2.35,0.6,-0.55,false,,,,
3,0.25,2.35,0.6,-0.6,false,,,,
3,0.25,2.35,0.6,-0.65,false,,,,
3,0.25,2.35,0.6,-0.7,false,,,,
3,0.25,2.35,0.6,-0.75,false,,,,
3,0.25,2.35,0.6,-0.8,false,,,,
3,0.25,2.35,0.6,-0.85,false,,,,
3,0.25,2.35,0.6,-0.9,false,,,,
3,0.25,2.35,0.6,-0.95,false,,,,
3,0.25,2.35,0.6,-1,false,,,,
3,0.25,2.35,0.4,-0,false,,,,
3,0.25,2.35,0.4,-0.05,false,,,,
3,0.25,2.35,0.4,-0.1,false,,,,
3,0.25,2.35,0.4,-0.15,false,,,,
3,0.25,2.35,0.4,-0.2,false,,,,
3,0.25,2.35,0.4,-0.25,false,,,,
3,0.25,2.35,0.4,-0.3,false,,,,
3,0.25,2.35,0.4,-0.35,false,,,,
3,0.25,2.35,0.4,-0.4,false,,,,
3,0.25,2.35,0.4,-0.45,false,,,,
3,0.25,2.35,0.4,-0.5,false,,,,
3,0.25,2.35,0.4,-0.55,false,,,,
3,0.25,2.35,0.4,-0.6,false,,,,
3,0.25,2.35,0.4,-0.65,false,,,,
3,0.25,2.35,0.4,-0.7,false,,,,
3,0.25,2.35,0.4,-0.75,false,,,,
3,0.25,2.35,0.4,-0.8,false,,,,
3,0.25,2.35,0.4,-0.85,false,,,,
3,0.25,2.35,0.4,-0.9,false,,,,
3,0.25,2.35,0.4,-0.95,false,,,,
3,0.25,2.35,0.4,-1,false,,,,
3,0.25,2.35,0.2,-0,false,,,,
3,0.25,2.35,0.2,-0.05,false,,,,
3,0.25,2.35,0.2,-0.1,false,,,,
3,0.25,2.35,0.2,-0.15,false,,,,
3,0.25,2.35,0.2,-0.2,false,,,,
3,0.25,2.35,0.2,-0.25,false,,,,
3,0.25,2.35,0.2,-0.3,false,,,,
3,0.25,2.35,0.2,-0.35,false,,,,
3,0.25,2.35,0.2,-0.4,false,,,,
3,0.25,2.35,0.2,-0.45,false,,,,
3,0.25,2.35,0.2,-0.5,false,,,,
3,0.25,2.35,0.2,-0.55,false,,,,
3,0.25,2.35,0.2,-0.6,false,,,,
3,0.25,2.35,0.2,-0.65,false,,,,
3,0.25,2.35,0.2,-0.7,false,,,,
3,0.25,2.35,0.2,-0.75,false,,,,
3,0.25,2.35,0.2,-0.8,false,,,,
3,0.25,2.35,0.2,-0.85,false,,,,
3,0.25,2.35,0.2,-0.9,false,,,,
3,0.25,2.35,0.2,-0.95,false,,,,
3,0.25,2.35,0.2,-1,false,,,,
3,0.25,2.35,0,-0.05,false,,,,
3,0.25,2.35,0,-0.1,false,,,,
3,0.25,2.35,0,-0.15,false,,,,
3,0.25,2.35,0,-0.2,false,,,,
3,0.25,2.35,0,-0.25,false,,,,
3,0.25,2.35,0,-0.3,false,,,,
3,0.25,2.35,0,-0.35,false,,,,
3,0.25,2.35,0,-0.4,false,,,,
3,0.25,2.35,0,-0.45,false,,,,
3,0.25,2.35,0,-0.5,false,,,,
3,0.25,2.35,0,-0.55,false,,,,
3,0.25,2.35,0,-0.6,false,,,,
3,0.25,2.35,0,-0.65,false,,,,
3,0.25,2.35,0,-0.7,false,,,,
3,0.25,2.35,0,-0.75,false,,,,
3,0.25,2.35,0,-0.8,false,,,,
3,0.25,2.35,0,-0.85,false,,,,
3,0.25,2.35,0,-0.9,false,,,,
3,0.25,2.35,0,-0.95,false,,,,
3,0.25,2.35,0,-1,false,,,,
3,0.25,2.36,1,-0,false,,,,
3,0.25,2.36,1,-0.05,false,,,,
3,0.25,2.36,1,-0.1,false,,,,
3,0.25,2.36,1,-0.15,false,,,,
3,0.25,2.36,1,-0.2,false,,,,
3,0.25,2.36,1,-0.25,false,,,,
3,0.25,2.36,1,-0.3,false,,,,
3,0.25,2.36,1,-0.35,false,,,,
3,0.25,2.36,1,-0.4,false,,,,
3,0.25,2.36,1,-0.45,false,,,,
3,0.25,2.36,1,-0.5,false,,,,
3,0.25,2.36,1,-0.55,false,,,,
3,0.25,2.36,1,-0.6,false,,,,
3,0.25,2.36,1,-0.65,false,,,,
3,0.25,2.36,1,-0.7,false,,,,
3,0.25,2.36,1,-0.75,false,,,,
3,0.25,2.36,1,-0.8,false,,,,
3,0.25,2.36,1,-0.85,false,,,,
3,0.25,2.36,1,-0.9,false,,,,
3,0.25,2.36,1,-0.95,false,,,,
3,0.25,2.36,1,-1,false,,,,
3,0.25,2.36,0.8,-0,false,,,,
3,0.25,2.36,0.8,-0.05,false,,,,
3,0.25,2.36,0.8,-0.1,false,,,,
3,0.25,2.36,0.8,-0.15,false,,,,
3,0.25,2.36,0.8,-0.2,false,,,,
3,0.25,2.36,0.8,-0.25,false,,,,
3,0.25,2.36,0.8,-0.3,false,,,,
3,0.25,2.36,0.8,-0.35,false,,,,
3,0.25,2.36,0.8,-0.4,false,,,,
3,0.25,2.36,0.8,-0.45,false,,,,
3,0.25,2.36,0.8,-0.5,false,,,,
3,0.25,2.36,0.8,-0.55,false,,,,
3,0.25,2.36,0.8,-0.6,false,,,,
3,0.25,2.36,0.8,-0.65,false,,,,
3,0.25,2.36,0.8,-0.7,false,,,,
3,0.25,2.36,0.8,-0.75,false,,,,
3,0.25,2.36,0.8,-0.8,false,,,,
3,0.25,2.36,0.8,-0.85,false,,,,
3,0.25,2.36,0.8,-0.9,false,,,,
3,0.25,2.36,0.8,-0.95,false,,,,
3,0.25,2.36,0.8,-1,false,,,,
3,0.25,2.36,0.6,-0,false,,,,
3,0.25,2.36,0.6,-0.05,false,,,,
3,0.25,2.36,0.6,-0.1,false,,,,
3,0.25,2.36,0.6,-0.15,false,,,,
3,0.25,2.36,0.6,-0.2,false,,,,
3,0.25,2.36,0.6,-0.25,false,,,,
3,0.25,2.36,0.6,-0.3,false,,,,
3,0.25,2.36,0.6,-0.35,false,,,,
3,0.25,2.36,0.6,-0.4,false,,,,
3,0.25,2.36,0.6,-0.45,false,,,,
3,0.25,2.36,0.6,-0.5,false,,,,
3,0.25,2.36,0.6,-0.55,false,,,,
3,0.25,2.36,0.6,-0.6,false,,,,
3,0.25,2.36,0.6,-0.65,false,,,,
3,0.25,2.36,0.6,-0.7,false,,,,
3,0.25,2.36,0.6,-0.75,false,,,,
3,0.25,2.36,0.6,-0.8,false,,,,
3,0.25,2.36,0.6,-0.85,false,,,,
3,0.25,2.36,0.6,-0.9,false,,,,
3,0.25,2.36,0.6,-0.95,false,,,,
3,0.25,2.36,0.6,-1,false,,,,
3,0.25,2.36,0.4,-0,false,,,,
3,0.25,2.36,0.4,-0.05,false,,,,
3,0.25,2.36,0.4,-0.1,false,,,,
3,0.25,2.36,0.4,-0.15,false,,,,
3,0.25,2.36,0.4,-0.2,false,,,,
3,0.25,2.36,0.4,-0.25,false,,,,
3,0.25,2.36,0.4,-0.3,false,,,,
3,0.25,2.36,0.4,-0.35,false,,,,
3,0.25,2.36,0.4,-0.4,false,,,,
3,0.25,2.36,0.4,-0.45,false,,,,
3,0.25,2.36,0.4,-0.5,false,,,,
3,0.25,2.36,0.4,-0.55,false,,,,
3,0.25,2.36,0.4,-0.6,false,,,,
3,0.25,2.36,0.4,-0.65,false,,,,
3,0.25,2.36,0.4,-0.7,false,,,,
3,0.25,2.36,0.4,-0.75,false,,,,
3,0.25,2.36,0.4,-0.8,false,,,,
3,0.25,2.36,0.4,-0.85,false,,,,
3,0.25,2.36,0.4,-0.9,false,,,,
3,0.25,2.36,0.4,-0.95,false,,,,
3,0.25,2.36,0.4,-1,false,,,,
3,0.25,2.36,0.2,-0,false,,,,
3,0.25,2.36,0.2,-0.05,false,,,,
3,0.25,2.36,0.2,-0.1,false,,,,
3,0.25,2.36,0.2,-0.15,false,,,,
3,0.25,2.36,0.2,-0.2,false,,,,
3,0.25,2.36,0.2,-0.25,false,,,,
3,0.25,2.36,0.2,-0.3,false,,,,
3,0.25,2.36,0.2,-0.35,false,,,,
3,0.25,2.36,0.2,-0.4,false,,,,
3,0.25,2.36,0.2,-0.45,false,,,,
3,0.25,2.36,0.2,-0.5,false,,,,
3,0.25,2.36,0.2,-0.55,false,,,,
3,0.25,2.36,0.2,-0.6,false,,,,
3,0.25,2.36,0.2,-0.65,false,,,,
3,0.25,2.36,0.2,-0.7,false,,,,
3,0.25,2.36,0.2,-0.75,false,,,,
3,0.25,2.36,0.2,-0.8,false,,,,
3,0.25,2.36,0.2,-0.85,false,,,,
3,0.25,2.36,0.2,-0.9,false,,,,
3,0.25,2.36,0.2,-0.95,false,,,,
3,0.25,2.36,0.2,-1,false,,,,
3,0.25,2.36,0,-0.05,false,,,,
3,0.25,2.36,0,-0.1,false,,,,
3,0.25,2.36,0,-0.15,false,,,,
3,0.25,2.36,0,-0.2,false,,,,
3,0.25,2.36,0,-0.25,false,,,,
3,0.25,2.36,0,-0.3,false,,,,
3,0.25,2.36,0,-0.35,false,,,,
3,0.25,2.36,0,-0.4,false,,,,
3,0.25,2.36,0,-0.45,false,,,,
3,0.25,2.36,0,-0.5,false,,,,
3,0.25,2.36,0,-0.55,false,,,,
3,0.25,2.36,0,-0.6,false,,,,
3,0.25,2.36,0,-0.65,false,,,,
3,0.25,2.36,0,-0.7,false,,,,
3,0.25,2.36,0,-0.75,false,,,,
3,0.25,2.36,0,-0.8,false,,,,
3,0.25,2.36,0,-0.85,false,,,,
3,0.25,2.36,0,-0.9,false,,,,
3,0.25,2.36,0,-0.95,false,,,,
3,0.25,2.36,0,-1,false,,,,
3,0.25,2.37,1,-0,false,,,,
3,0.25,2.37,1,-0.05,false,,,,
3,0.25,2.37,1,-0.1,false,,,,
3,0.25,2.37,1,-0.15,false,,,,
3,0.25,2.37,1,-0.2,false,,,,
3,0.25,2.37,1,-0.25,false,,,,
3,0.25,2.37,1,-0.3,false,,,,
3,0.25,2.37,1,-0.35,false,,,,
3,0.25,2.37,1,-0.4,false,,,,
3,0.25,2.37,1,-0.45,false,,,,
3,0.25,2.37,1,-0.5,false,,,,
3,0.25,2.37,1,-0.55,false,,,,
3,0.25,2.37,1,-0.6,false,,,,
3,0.25,2.37,1,-0.65,false,,,,
3,0.25,2.37,1,-0.7,false,,,,
3,0.25,2.37,1,-0.75,false,,,,
3,0.25,2.37,1,-0.8,false,,,,
3,0.25,2.37,1,-0.85,false,,,,
3,0.25,2.37,1,-0.9,false,,,,
3,0.25,2.37,1,-0.95,false,,,,
3,0.25,2.37,1,-1,true,0.4346979429,0.3004942357,0.4346979429,0.2691161006
3,0.25,2.37,0.8,-0,false,,,,
3,0.25,2.37,0.8,-0.05,false,,,,
3,0.25,2.37,0.8,-0.1,false,,,,
3,0.25,2.37,0.8,-0.15,false,,,,
3,0.25,2.37,0.8,-0.2,false,,,,
3,0.25,2.37,0.8,-0.25,false,,,,
3,0.25,2.37,0.8,-0.3,false,,,,
3,0.25,2.37,0.8,-0.35,false,,,,
3,0.25,2.37,0.8,-0.4,false,,,,
3,0.25,2.37,0.8,-0.45,false,,,,
3,0.25,2.37,0.8,-0.5,false,,,,
3,0.25,2.37,0.8,-0.55,false,,,,
3,0.25,2.37,0.8,-0.6,false,,,,
3,0.25,2.37,0.8,-0.65,false,,,,
3,0.25,2.37,0.8,-0.7,false,,,,
3,0.25,2.37,0.8,-0.75,false,,,,
3,0.25,2.37,0.8,-0.8,false,,,,
3,0.25,2.37,0.8,-0.85,false,,,,
3,0.25,2.37,0.8,-0.9,false,,,,
3,0.25,2.37,0.8,-0.95,false,,,,
3,0.25,2.37,0.8,-1,false,,,,
3,0.25,2.37,0.6,-0,false,,,,
3,0.25,2.37,0.6,-0.05,false,,,,
3,0.25,2.37,0.6,-0.1,false,,,,
3,0.25,2.37,0.6,-0.15,false,,,,
3,0.25,2.37,0.6,-0.2,false,,,,
3,0.25,2.37,0.6,-0.25,false,,,,
3,0.25,2.37,0.6,-0.3,false,,,,
3,0.25,2.37,0.6,-0.35,false,,,,
3,0.25,2.37,0.6,-0.4,false,,,,
3,0.25,2.37,0.6,-0.45,false,,,,
3,0.25,2.37,0.6,-0.5,false,,,,
3,0.25,2.37,0.6,-0.55,false,,,,
3,0.25,2.37,0.6,-0.6,false,,,,
3,0.25,2.37,0.6,-0.65,false,,,,
3,0.25,2.37,0.6,-0.7,false,,,,
3,0.25,2.37,0.6,-0.75,false,,,,
3,0.25,2.37,0.6,-0.8,false,,,,
3,0.25,2.37,0.6,-0.85,false,,,,
3,0.25,2.37,0.6,-0.9,false,,,,
3,0.25,2.37,0.6,-0.95,false,,,,
3,0.25,2.37,0.6,-1,false,,,,
3,0.25,2.37,0.4,-0,false,,,,
3,0.25,2.37,0.4,-0.05,false,,,,
3,0.25,2.37,0.4,-0.1,false,,,,
3,0.25,2.37,0.4,-0.15,false,,,,
3,0.25,2.37,0.4,-0.2,false,,,,
3,0.25,2.37,0.4,-0.25,false,,,,
3,0.25,2.37,0.4,-0.3,false,,,,
3,0.25,2.37,0.4,-0.35,false,,,,
3,0.25,2.37,0.4,-0.4,false,,,,
3,0.25,2.37,0.4,-0.45,false,,,,
3,0.25,2.37,0.4,-0.5,false,,,,
3,0.25,2.37,0.4,-0.55,false,,,,
3,0.25,2.37,0.4,-0.6,false,,,,
3,0.25,2.37,0.4,-0.65,false,,,,
3,0.25,2.37,0.4,-0.7,false,,,,
3,0.25,2.37,0.4,-0.75,false,,,,
3,0.25,2.37,0.4,-0.8,false,,,,
3,0.25,2.37,0.4,-0.85,false,,,,
3,0.25,2.37,0.4,-0.9,false,,,,
3,0.25,2.37,0.4,-0.95,false,,,,
3,0.25,2.37,0.4,-1,false,,,,
3,0.25,2.37,0.2,-0,false,,,,
3,0.25,2.37,0.2,-0.05,false,,,,
3,0.25,2.37,0.2,-0.1,false,,,,
3,0.25,2.37,0.2,-0.15,false,,,,
3,0.25,2.37,0.2,-0.2,false,,,,
3,0.25,2.37,0.2,-0.25,false,,,,
3,0.25,2.37,0.2,-0.3,false,,,,
3,0.25,2.37,0.2,-0.35,false,,,,
3,0.25,2.37,0.2,-0.4,false,,,,
3,0.25,2.37,0.2,-0.45,false,,,,
3,0.25,2.37,0.2,-0.5,false,,,,
3,0.25,2.37,0.2,-0.55,false,,,,
3,0.25,2.37,0.2,-0.6,false,,,,
3,0.25,2.37,0.2,-0.65,false,,,,
3,0.25,2.37,0.2,-0.7,false,,,,
3,0.25,2.37,0.2,-0.75,false,,,,
3,0.25,2.37,0.2,-0.8,false,,,,
3,0.25,2.37,0.2,-0.85,false,,,,
3,0.25,2.37,0.2,-0.9,false,,,,
3,0.25,2.37,0.2,-0.95,false,,,,
3,0.25,2.37,0.2,-1,false,,,,
3,0.25,2.37,0,-0.05,false,,,,
3,0.25,2.37,0,-0.1,false,,,,
3,0.25,2.37,0,-0.15,false,,,,
3,0.25,2.37,0,-0.2,false,,,,
3,0.25,2.37,0,-0.25,false,,,,
3,0.25,2.37,0,-0.3,false,,,,
3,0.25,2.37,0,-0.35,false,,,,
3,0.25,2.37,0,-0.4,false,,,,
3,0.25,2.37,0,-0.45,false,,,,
3,0.25,2.37,0,-0.5,false,,,,
3,0.25,2.37,0,-0.55,false,,,,
3,0.25,2.37,0,-0.6,false,,,,
3,0.25,2.37,0,-0.65,false,,,,
3,0.25,2.37,0,-0.7,false,,,,
3,0.25,2.37,0,-0.75,false,,,,
3,0.25,2.37,0,-0.8,false,,,,
3,0.25,2.37,0,-0.85,false,,,,
3,0.25,2.37,0,-0.9,false,,,,
3,0.25,2.37,0,-0.95,false,,,,
3,0.25,2.37,0,-1,false,,,,
3,0.25,2.375,1,-0,false,,,,
3,0.25,2.375,1,-0.05,false,,,,
3,0.25,2.375,1,-0.1,false,,,,
3,0.25,2.375,1,-0.15,false,,,,
3,0.25,2.375,1,-0.2,false,,,,
3,0.25,2.375,1,-0.25,false,,,,
3,0.25,2.375,1,-0.3,false,,,,
3,0.25,2.375,1,-0.35,false,,,,
3,0.25,2.375,1,-0.4,false,,,,
3,0.25,2.375,1,-0.45,false,,,,
3,0.25,2.375,1,-0.5,false,,,,
3,0.25,2.375,1,-0.55,false,,,,
3,0.25,2.375,1,-0.6,false,,,,
3,0.25,2.375,1,-0.65,false,,,,
3,0.25,2.375,1,-0.7,false,,,,
3,0.25,2.375,1,-0.75,false,,,,
3,0.25,2.375,1,-0.8,false,,,,
3,0.25,2.375,1,-0.85,false,,,,
3,0.25,2.375,1,-0.9,false,,,,
3,0.25,2.375,1,-0.95,false,,,,
3,0.25,2.375,1,-1,true,0.431777645,0.2996529197,0.431777645,0.2697252133
3,0.25,2.375,0.8,-0,false,,,,
3,0.25,2.375,0.8,-0.05,false,,,,
3,0.25,2.375,0.8,-0.1,false,,,,
3,0.25,2.375,0.8,-0.15,false,,,,
3,0.25,2.375,0.8,-0.2,false,,,,
3,0.25,2.375,0.8,-0.25,false,,,,
3,0.25,2.375,0.8,-0.3,false,,,,
3,0.25,2.375,0.8,-0.35,false,,,,
3,0.25,2.375,0.8,-0.4,false,,,,
3,0.25,2.375,0.8,-0.45,false,,,,
3,0.25,2.375,0.8,-0.5,false,,,,
3,0.25,2.375,0.8,-0.55,false,,,,
3,0.25,2.375,0.8,-0.6,false,,,,
3,0.25,2.375,0.8,-0.65,false,,,,
3,0.25,2.375,0.8,-0.7,false,,,,
3,0.25,2.375,0.8,-0.75,false,,,,
3,0.25,2.375,0.8,-0.8,false,,,,
3,0.25,2.375,0.8,-0.85,false,,,,
3,0.25,2.375,0.8,-0.9,false,,,,
3,0.25,2.375,0.8,-0.95,false,,,,
3,0.25,2.375,0.8,-1,false,,,,
3,0.25,2.375,0.6,-0,false,,,,
3,0.25,2.375,0.6,-0.05,false,,,,
3,0.25,2.375,0.6,-0.1,false,,,,
3,0.25,2.375,0.6,-0.15,false,,,,
3,0.25,2.375,0.6,-0.2,false,,,,
3,0.25,2.375,0.6,-0.25,false,,,,
3,0.25,2.375,0.6,-0.3,false,,,,
3,0.25,2.375,0.6,-0.35,false,,,,
3,0.25,2.375,0.6,-0.4,false,,,,
3,0.25,2.375,0.6,-0.45,false,,,,
3,0.25,2.375,0.6,-0.5,false,,,,
3,0.25,2.375,0.6,-0.55,false,,,,
3,0.25,2.375,0.6,-0.6,false,,,,
3,0.25,2.375,0.6,-0.65,false,,,,
3,0.25,2.375,0.6,-0.7,false,,,,
3,0.25,2.375,0.6,-0.75,false,,,,
3,0.25,2.375,0.6,-0.8,false,,,,
3,0.25,2.375,0.6,-0.85,false,,,,
3,0.25,2.375,0.6,-0.9,false,,,,
3,0.25,2.375,0.6,-0.95,false,,,,
3,0.25,2.375,0.6,-1,false,,,,
3,0.25,2.375,0.4,-0,false,,,,
3,0.25,2.375,0.4,-0.05,false,,,,
3,0.25,2.375,0.4,-0.1,false,,,,
3,0.25,2.375,0.4,-0.15,false,,,,
3,0.25,2.375,0.4,-0.2,false,,,,
3,0.25,2.375,0.4,-0.25,false,,,,
3,0.25,2.375,0.4,-0.3,false,,,,
3,0.25,2.375,0.4,-0.35,false,,,,
3,0.25,2.375,0.4,-0.4,false,,,,
3,0.25,2.375,0.4,-0.45,false,,,,
3,0.25,2.375,0.4,-0.5,false,,,,
3,0.25,2.375,0.4,-0.55,false,,,,
3,0.25,2.375,0.4,-0.6,false,,,,
3,0.25,2.375,0.4,-0.65,false,,,,
3,0.25,2.375,0.4,-0.7,false,,,,
3,0.25,2.375,0.4,-0.75,false,,,,
3,0.25,2.375,0.4,-0.8,false,,,,
3,0.25,2.375,0.4,-0.85,false,,,,
3,0.25,2.375,0.4,-0.9,false,,,,
3,0.25,2.375,0.4,-0.95,false,,,,
3,0.25,2.375,0.4,-1,false,,,,
3,0.25,2.375,0.2,-0,false,,,,
3,0.25,2.375,0.2,-0.05,false,,,,
3,0.25,2.375,0.2,-0.1,false,,,,
3,0.25,2.375,0.2,-0.15,false,,,,
3,0.25,2.375,0.2,-0.2,false,,,,
3,0.25,2.375,0.2,-0.25,false,,,,
3,0.25,2.375,0.2,-0.3,false,,,,
3,0.25,2.375,0.2,-0.35,false,,,,
3,0.25,2.375,0.2,-0.4,false,,,,
3,0.25,2.375,0.2,-0.45,false,,,,
3,0.25,2.375,0.2,-0.5,false,,,,
3,0.25,2.375,0.2,-0.55,false,,,,
3,0.25,2.375,0.2,-0.6,false,,,,
3,0.25,2.375,0.2,-0.65,false,,,,
3,0.25,2.375,0.2,-0.7,false,,,,
3,0.25,2.375,0.2,-0.75,false,,,,
3,0.25,2.375,0.2,-0.8,false,,,,
3,0.25,2.375,0.2,-0.85,false,,,,
3,0.25,2.375,0.2,-0.9,false,,,,
3,0.25,2.375,0.2,-0.95,false,,,,
3,0.25,2.375,0.2,-1,false,,,,
3,0.25,2.375,0,-0.05,false,,,,
3,0.25,2.375,0,-0.1,false,,,,
3,0.25,2.375,0,-0.15,false,,,,
3,0.25,2.375,0,-0.2,false,,,,
3,0.25,2.375,0,-0.25,false,,,,
3,0.25,2.375,0,-0.3,false,,,,
3,0.25,2.375,0,-0.35,false,,,,
3,0.25,2.375,0,-0.4,false,,,,
3,0.25,2.375,0,-0.45,false,,,,
3,0.25,2.375,0,-0.5,false,,,,
3,0.25,2.375,0,-0.55,false,,,,
3,0.25,2.375,0,-0.6,false,,,,
3,0.25,2.375,0,-0.65,false,,,,
3,0.25,2.375,0,-0.7,false,,,,
3,0.25,2.375,0,-0.75,false,,,,
3,0.25,2.375,0,-0.8,false,,,,
3,0.25,2.375,0,-0.85,false,,,,
3,0.25,2.375,0,-0.9,false,,,,
3,0.25,2.375,0,-0.95,false,,,,
3,0.25,2.375,0,-1,false,,,,
3,0.25,2.4,1,-0,false,,,,
3,0.25,2.4,1,-0.05,false,,,,
3,0.25,2.4,1,-0.1,false,,,,
3,0.25,2.4,1,-0.15,false,,,,
3,0.25,2.4,1,-0.2,false,,,,
3,0.25,2.4,1,-0.25,false,,,,
3,0.25,2.4,1,-0.3,false,,,,
3,0.25,2.4,1,-0.35,false,,,,
3,0.25,2.4,1,-0.4,false,,,,
3,0.25,2.4,1,-0.45,false,,,,
3,0.25,2.4,1,-0.5,false,,,,
3,0.25,2.4,1,-0.55,false,,,,
3,0.25,2.4,1,-0.6,false,,,,
3,0.25,2.4,1,-0.65,false,,,,
3,0.25,2.4,1,-0.7,false,,,,
3,0.25,2.4,1,-0.75,false,,,,
3,0.25,2.4,1,-0.8,false,,,,
3,0.25,2.4,1,-0.85,false,,,,
3,0.25,2.4,1,-0.9,false,,,,
3,0.25,2.4,1,-0.95,false,,,,
3,0.25,2.4,1,-1,true,0.4249506827,0.2974771196,0.4257018061,0.2727443936
3,0.25,2.4,0.8,-0,false,,,,
3,0.25,2.4,0.8,-0.05,false,,,,
3,0.25,2.4,0.8,-0.1,false,,,,
3,0.25,2.4,0.8,-0.15,false,,,,
3,0.25,2.4,0.8,-0.2,false,,,,
3,0.25,2.4,0.8,-0.25,false,,,,
3,0.25,2.4,0.8,-0.3,false,,,,
3,0.25,2.4,0.8,-0.35,false,,,,
3,0.25,2.4,0.8,-0.4,false,,,,
3,0.25,2.4,0.8,-0.45,false,,,,
3,0.25,2.4,0.8,-0.5,false,,,,
3,0.25,2.4,0.8,-0.55,false,,,,
3,0.25,2.4,0.8,-0.6,false,,,,
3,0.25,2.4,0.8,-0.65,false,,,,
3,0.25,2.4,0.8,-0.7,false,,,,
3,0.25,2.4,0.8,-0.75,false,,,,
3,0.25,2.4,0.8,-0.8,false,,,,
3,0.25,2.4,0.8,-0.85,false,,,,
3,0.25,2.4,0.8,-0.9,false,,,,
3,0.25,2.4,0.8,-0.95,false,,,,
3,0.25,2.4,0.8,-1,false,,,,
3,0.25,2.4,0.6,-0,false,,,,
3,0.25,2.4,0.6,-0.05,false,,,,
3,0.25,2.4,0.6,-0.1,false,,,,
3,0.25,2.4,0.6,-0.15,false,,,,
3,0.25,2.4,0.6,-0.2,false,,,,
3,0.25,2.4,0.6,-0.25,false,,,,
3,0.25,2.4,0.6,-0.3,false,,,,
3,0.25,2.4,0.6,-0.35,false,,,,
3,0.25,2.4,0.6,-0.4,false,,,,
3,0.25,2.4,0.6,-0.45,false,,,,
3,0.25,2.4,0.6,-0.5,false,,,,
3,0.25,2.4,0.6,-0.55,false,,,,
3,0.25,2.4,0.6,-0.6,false,,,,
3,0.25,2.4,0.6,-0.65,false,,,,
3,0.25,2.4,0.6,-0.7,false,,,,
3,0.25,2.4,0.6,-0.75,false,,,,
3,0.25,2.4,0.6,-0.8,false,,,,
3,0.25,2.4,0.6,-0.85,false,,,,
3,0.25,2.4,0.6,-0.9,false,,,,
3,0.25,2.4,0.6,-0.95,false,,,,
3,0.25,2.4,0.6,-1,false,,,,
3,0.25,2.4,0.4,-0,false,,,,
3,0.25,2.4,0.4,-0.05,false,,,,
3,0.25,2.4,0.4,-0.1,false,,,,
3,0.25,2.4,0.4,-0.15,false,,,,
3,0.25,2.4,0.4,-0.2,false,,,,
3,0.25,2.4,0.4,-0.25,false,,,,
3,0.25,2.4,0.4,-0.3,false,,,,
3,0.25,2.4,0.4,-0.35,false,,,,
3,0.25,2.4,0.4,-0.4,false,,,,
3,0.25,2.4,0.4,-0.45,false,,,,
3,0.25,2.4,0.4,-0.5,false,,,,
3,0.25,2.4,0.4,-0.55,false,,,,
3,0.25,2.4,0.4,-0.6,false,,,,
3,0.25,2.4,0.4,-0.65,false,,,,
3,0.25,2.4,0.4,-0.7,false,,,,
3,0.25,2.4,0.4,-0.75,false,,,,
3,0.25,2.4,0.4,-0.8,false,,,,
3,0.25,2.4,0.4,-0.85,false,,,,
3,0.25,2.4,0.4,-0.9,false,,,,
3,0.25,2.4,0.4,-0.95,false,,,,
3,0.25,2.4,0.4,-1,false,,,,
3,0.25,2.4,0.2,-0,false,,,,
3,0.25,2.4,0.2,-0.05,false,,,,
3,0.25,2.4,0.2,-0.1,false,,,,
3,0.25,2.4,0.2,-0.15,false,,,,
3,0.25,2.4,0.2,-0.2,false,,,,
3,0.25,2.4,0.2,-0.25,false,,,,
3,0.25,2.4,0.2,-0.3,false,,,,
3,0.25,2.4,0.2,-0.35,false,,,,
3,0.25,2.4,0.2,-0.4,false,,,,
3,0.25,2.4,0.2,-0.45,false,,,,
3,0.25,2.4,0.2,-0.5,false,,,,
3,0.25,2.4,0.2,-0.55,false,,,,
3,0.25,2.4,0.2,-0.6,false,,,,
3,0.25,2.4,0.2,-0.65,false,,,,
3,0.25,2.4,0.2,-0.7,false,,,,
3,0.25,2.4,0.2,-0.75,false,,,,
3,0.25,2.4,0.2,-0.8,false,,,,
3,0.25,2.4,0.2,-0.85,false,,,,
3,0.25,2.4,0.2,-0.9,false,,,,
3,0.25,2.4,0.2,-0.95,false,,,,
3,0.25,2.4,0.2,-1,false,,,,
3,0.25,2.4,0,-0.05,false,,,,
3,0.25,2.4,0,-0.1,false,,,,
3,0.25,2.4,0,-0.15,false,,,,
3,0.25,2.4,0,-0.2,false,,,,
3,0.25,2.4,0,-0.25,false,,,,
3,0.25,2.4,0,-0.3,false,,,,
3,0.25,2.4,0,-0.35,false,,,,
3,0.25,2.4,0,-0.4,false,,,,
3,0.25,2.4,0,-0.45,false,,,,
3,0.25,2.4,0,-0.5,false,,,,
3,0.25,2.4,0,-0.55,false,,,,
3,0.25,2.4,0,-0.6,false,,,,
3,0.25,2.4,0,-0.65,false,,,,
3,0.25,2.4,0,-0.7,false,,,,
3,0.25,2.4,0,-0.75,false,,,,
3,0.25,2.4,0,-0.8,false,,,,
3,0.25,2.4,0,-0.85,false,,,,
3,0.25,2.4,0,-0.9,false,,,,
3,0.25,2.4,0,-0.95,false,,,,
3,0.25,2.4,0,-1,false,,,,
3,0.25,2.425,1,-0,false,,,,
3,0.25,2.425,1,-0.05,false,,,,
3,0.25,2.425,1,-0.1,false,,,,
3,0.25,2.425,1,-0.15,false,,,,
3,0.25,2.425,1,-0.2,false,,,,
3,0.25,2.425,1,-0.25,false,,,,
3,0.25,2.425,1,-0.3,false,,,,
3,0.25,2.425,1,-0.35,false,,,,
3,0.25,2.425,1,-0.4,false,,,,
3,0.25,2.425,1,-0.45,false,,,,
3,0.25,2.425,1,-0.5,false,,,,
3,0.25,2.425,1,-0.55,false,,,,
3,0.25,2.425,1,-0.6,false,,,,
3,0.25,2.425,1,-0.65,false,,,,
3,0.25,2.425,1,-0.7,false,,,,
3,0.25,2.425,1,-0.75,false,,,,
3,0.25,2.425,1,-0.8,false,,,,
3,0.25,2.425,1,-0.85,false,,,,
3,0.25,2.425,1,-0.9,false,,,,
3,0.25,2.425,1,-0.95,false,,,,
3,0.25,2.425,1,-1,true,0.4205963335,0.2955749544,0.4227934638,0.2757552881
3,0.25,2.425,0.8,-0,false,,,,
3,0.25,2.425,0.8,-0.05,false,,,,
3,0.25,2.425,0.8,-0.1,false,,,,
3,0.25,2.425,0.8,-0.15,false,,,,
3,0.25,2.425,0.8,-0.2,false,,,,
3,0.25,2.425,0.8,-0.25,false,,,,
3,0.25,2.425,0.8,-0.3,false,,,,
3,0.25,2.425,0.8,-0.35,false,,,,
3,0.25,2.425,0.8,-0.4,false,,,,
3,0.25,2.425,0.8,-0.45,false,,,,
3,0.25,2.425,0.8,-0.5,false,,,,
3,0.25,2.425,0.8,-0.55,false,,,,
3,0.25,2.425,0.8,-0.6,false,,,,
3,0.25,2.425,0.8,-0.65,false,,,,
3,0.25,2.425,0.8,-0.7,false,,,,
3,0.25,2.425,0.8,-0.75,false,,,,
3,0.25,2.425,0.8,-0.8,false,,,,
3,0.25,2.425,0.8,-0.85,false,,,,
3,0.25,2.425,0.8,-0.9,false,,,,
3,0.25,2.425,0.8,-0.95,false,,,,
3,0.25,2.425,0.8,-1,false,,,,
3,0.25,2.425,0.6,-0,false,,,,
3,0.25,2.425,0.6,-0.05,false,,,,
3,0.25,2.425,0.6,-0.1,false,,,,
3,0.25,2.425,0.6,-0.15,false,,,,
3,0.25,2.425,0.6,-0.2,false,,,,
3,0.25,2.425,0.6,-0.25,false,,,,
3,0.25,2.425,0.6,-0.3,false,,,,
3,0.25,2.425,0.6,-0.35,false,,,,
3,0.25,2.425,0.6,-0.4,false,,,,
3,0.25,2.425,0.6,-0.45,false,,,,
3,0.25,2.425,0.6,-0.5,false,,,,
3,0.25,2.425,0.6,-0.55,false,,,,
3,0.25,2.425,0.6,-0.6,false,,,,
3,0.25,2.425,0.6,-0.65,false,,,,
3,0.25,2.425,0.6,-0.7,false,,,,
3,0.25,2.425,0.6,-0.75,false,,,,
3,0.25,2.425,0.6,-0.8,false,,,,
3,0.25,2.425,0.6,-0.85,false,,,,
3,0.25,2.425,0.6,-0.9,false,,,,
3,0.25,2.425,0.6,-0.95,false,,,,
3,0.25,2.425,0.6,-1,false,,,,
3,0.25,2.425,0.4,-0,false,,,,
3,0.25,2.425,0.4,-0.05,false,,,,
3,0.25,2.425,0.4,-0.1,false,,,,
3,0.25,2.425,0.4,-0.15,false,,,,
3,0.25,2.425,0.4,-0.2,false,,,,
3,0.25,2.425,0.4,-0.25,false,,,,
3,0.25,2.425,0.4,-0.3,false,,,,
3,0.25,2.425,0.4,-0.35,false,,,,
3,0.25,2.425,0.4,-0.4,false,,,,
3,0.25,2.425,0.4,-0.45,false,,,,
3,0.25,2.425,0.4,-0.5,false,,,,
3,0.25,2.425,0.4,-0.55,false,,,,
3,0.25,2.425,0.4,-0.6,false,,,,
3,0.25,2.425,0.4,-0.65,false,,,,
3,0.25,2.425,0.4,-0.7,false,,,,
3,0.25,2.425,0.4,-0.75,false,,,,
3,0.25,2.425,0.4,-0.8,false,,,,
3,0.25,2.425,0.4,-0.85,false,,,,
3,0.25,2.425,0.4,-0.9,false,,,,
3,0.25,2.425,0.4,-0.95,false,,,,
3,0.25,2.425,0.4,-1,false,,,,
3,0.25,2.425,0.2,-0,false,,,,
3,0.25,2.425,0.2,-0.05,false,,,,
3,0.25,2.425,0.2,-0.1,false,,,,
3,0.25,2.425,0.2,-0.15,false,,,,
3,0.25,2.425,0.2,-0.2,false,,,,
3,0.25,2.425,0.2,-0.25,false,,,,
3,0.25,2.425,0.2,-0.3,false,,,,
3,0.25,2.425,0.2,-0.35,false,,,,
3,0.25,2.425,0.2,-0.4,false,,,,
3,0.25,2.425,0.2,-0.45,false,,,,
3,0.25,2.425,0.2,-0.5,false,,,,
3,0.25,2.425,0.2,-0.55,false,,,,
3,0.25,2.425,0.2,-0.6,false,,,,
3,0.25,2.425,0.2,-0.65,false,,,,
3,0.25,2.425,0.2,-0.7,false,,,,
3,0.25,2.425,0.2,-0.75,false,,,,
3,0.25,2.425,0.2,-0.8,false,,,,
3,0.25,2.425,0.2,-0.85,false,,,,
3,0.25,2.425,0.2,-0.9,false,,,,
3,0.25,2.425,0.2,-0.95,false,,,,
3,0.25,2.425,0.2,-1,false,,,,
3,0.25,2.425,0,-0.05,false,,,,
3,0.25,2.425,0,-0.1,false,,,,
3,0.25,2.425,0,-0.15,false,,,,
3,0.25,2.425,0,-0.2,false,,,,
3,0.25,2.425,0,-0.25,false,,,,
3,0.25,2.425,0,-0.3,false,,,,
3,0.25,2.425,0,-0.35,false,,,,
3,0.25,2.425,0,-0.4,false,,,,
3,0.25,2.425,0,-0.45,false,,,,
3,0.25,2.425,0,-0.5,false,,,,
3,0.25,2.425,0,-0.55,false,,,,
3,0.25,2.425,0,-0.6,false,,,,
3,0.25,2.425,0,-0.65,false,,,,
3,0.25,2.425,0,-0.7,false,,,,
3,0.25,2.425,0,-0.75,false,,,,
3,0.25,2.425,0,-0.8,false,,,,
3,0.25,2.425,0,-0.85,false,,,,
3,0.25,2.425,0,-0.9,false,,,,
3,0.25,2.425,0,-0.95,false,,,,
3,0.25,2.425,0,-1,false,,,,
3,0.25,2.45,1,-0,false,,,,
3,0.25,2.45,1,-0.05,false,,,,
3,0.25,2.45,1,-0.1,false,,,,
3,0.25,2.45,1,-0.15,false,,,,
3,0.25,2.45,1,-0.2,false,,,,
3,0.25,2.45,1,-0.25,false,,,,
3,0.25,2.45,1,-0.3,false,,,,
3,0.25,2.45,1,-0.35,false,,,,
3,0.25,2.45,1,-0.4,false,,,,
3,0.25,2.45,1,-0.45,false,,,,
3,0.25,2.45,1,-0.5,false,,,,
3,0.25,2.45,1,-0.55,false,,,,
3,0.25,2.45,1,-0.6,false,,,,
3,0.25,2.45,1,-0.65,false,,,,
3,0.25,2.45,1,-0.7,false,,,,
3,0.25,2.45,1,-0.75,false,,,,
3,0.25,2.45,1,-0.8,false,,,,
3,0.25,2.45,1,-0.85,false,,,,
3,0.25,2.45,1,-0.9,false,,,,
3,0.25,2.45,1,-0.95,false,,,,
3,0.25,2.45,1,-1,true,0.4170774252,0.2936412076,0.4196366223,0.2787634365
3,0.25,2.45,0.8,-0,false,,,,
3,0.25,2.45,0.8,-0.05,false,,,,
3,0.25,2.45,0.8,-0.1,false,,,,
3,0.25,2.45,0.8,-0.15,false,,,,
3,0.25,2.45,0.8,-0.2,false,,,,
3,0.25,2.45,0.8,-0.25,false,,,,
3,0.25,2.45,0.8,-0.3,false,,,,
3,0.25,2.45,0.8,-0.35,false,,,,
3,0.25,2.45,0.8,-0.4,false,,,,
3,0.25,2.45,0.8,-0.45,false,,,,
3,0.25,2.45,0.8,-0.5,false,,,,
3,0.25,2.45,0.8,-0.55,false,,,,
3,0.25,2.45,0.8,-0.6,false,,,,
3,0.25,2.45,0.8,-0.65,false,,,,
3,0.25,2.45,0.8,-0.7,false,,,,
3,0.25,2.45,0.8,-0.75,false,,,,
3,0.25,2.45,0.8,-0.8,false,,,,
3,0.25,2.45,0.8,-0.85,false,,,,
3,0.25,2.45,0.8,-0.9,false,,,,
3,0.25,2.45,0.8,-0.95,false,,,,
3,0.25,2.45,0.8,-1,false,,,,
3,0.25,2.45,0.6,-0,false,,,,
3,0.25,2.45,0.6,-0.05,false,,,,
3,0.25,2.45,0.6,-0.1,false,,,,
3,0.25,2.45,0.6,-0.15,false,,,,
3,0.25,2.45,0.6,-0.2,false,,,,
3,0.25,2.45,0.6,-0.25,false,,,,
3,0.25,2.45,0.6,-0.3,false,,,,
3,0.25,2.45,0.6,-0.35,false,,,,
3,0.25,2.45,0.6,-0.4,false,,,,
3,0.25,2.45,0.6,-0.45,false,,,,
3,0.25,2.45,0.6,-0.5,false,,,,
3,0.25,2.45,0.6,-0.55,false,,,,
3,0.25,2.45,0.6,-0.6,false,,,,
3,0.25,2.45,0.6,-0.65,false,,,,
3,0.25,2.45,0.6,-0.7,false,,,,
3,0.25,2.45,0.6,-0.75,false,,,,
3,0.25,2.45,0.6,-0.8,false,,,,
3,0.25,2.45,0.6,-0.85,false,,,,
3,0.25,2.45,0.6,-0.9,false,,,,
3,0.25,2.45,0.6,-0.95,false,,,,
3,0.25,2.45,0.6,-1,false,,,,
3,0.25,2.45,0.4,-0,false,,,,
3,0.25,2.45,0.4,-0.05,false,,,,
3,0.25,2.45,0.4,-0.1,false,,,,
3,0.25,2.45,0.4,-0.15,false,,,,
3,0.25,2.45,0.4,-0.2,false,,,,
3,0.25,2.45,0.4,-0.25,false,,,,
3,0.25,2.45,0.4,-0.3,false,,,,
3,0.25,2.45,0.4,-0.35,false,,,,
3,0.25,2.45,0.4,-0.4,false,,,,
3,0.25,2.45,0.4,-0.45,false,,,,
3,0.25,2.45,0.4,-0.5,false,,,,
3,0.25,2.45,0.4,-0.55,false,,,,
3,0.25,2.45,0.4,-0.6,false,,,,
3,0.25,2.45,0.4,-0.65,false,,,,
3,0.25,2.45,0.4,-0.7,false,,,,
3,0.25,2.45,0.4,-0.75,false,,,,
3,0.25,2.45,0.4,-0.8,false,,,,
3,0.25,2.45,0.4,-0.85,false,,,,
3,0.25,2.45,0.4,-0.9,false,,,,
3,0.25,2.45,0.4,-0.95,false,,,,
3,0.25,2.45,0.4,-1,false,,,,
3,0.25,2.45,0.2,-0,false,,,,
3,0.25,2.45,0.2,-0.05,false,,,,
3,0.25,2.45,0.2,-0.1,false,,,,
3,0.25,2.45,0.2,-0.15,false,,,,
3,0.25,2.45,0.2,-0.2,false,,,,
3,0.25,2.45,0.2,-0.25,false,,,,
3,0.25,2.45,0.2,-0.3,false,,,,
3,0.25,2.45,0.2,-0.35,false,,,,
3,0.25,2.45,0.2,-0.4,false,,,,
3,0.25,2.45,0.2,-0.45,false,,,,
3,0.25,2.45,0.2,-0.5,false,,,,
3,0.25,2.45,0.2,-0.55,false,,,,
3,0.25,2.45,0.2,-0.6,false,,,,
3,0.25,2.45,0.2,-0.65,false,,,,
3,0.25,2.45,0.2,-0.7,false,,,,
3,0.25,2.45,0.2,-0.75,false,,,,
3,0.25,2.45,0.2,-0.8,false,,,,
3,0.25,2.45,0.2,-0.85,false,,,,
3,0.25,2.45,0.2,-0.9,false,,,,
3,0.25,2.45,0.2,-0.95,false,,,,
3,0.25,2.45,0.2,-1,false,,,,
3,0.25,2.45,0,-0.05,false,,,,
3,0.25,2.45,0,-0.1,false,,,,
3,0.25,2.45,0,-0.15,false,,,,
3,0.25,2.45,0,-0.2,false,,,,
3,0.25,2.45,0,-0.25,false,,,,
3,0.25,2.45,0,-0.3,false,,,,
3,0.25,2.45,0,-0.35,false,,,,
3,0.25,2.45,0,-0.4,false,,,,
3,0.25,2.45,0,-0.45,false,,,,
3,0.25,2.45,0,-0.5,false,,,,
3,0.25,2.45,0,-0.55,false,,,,
3,0.25,2.45,0,-0.6,false,,,,
3,0.25,2.45,0,-0.65,false,,,,
3,0.25,2.45,0,-0.7,false,,,,
3,0.25,2.45,0,-0.75,false,,,,
3,0.25,2.45,0,-0.8,false,,,,
3,0.25,2.45,0,-0.85,false,,,,
3,0.25,2.45,0,-0.9,false,,,,
3,0.25,2.45,0,-0.95,false,,,,
3,0.25,2.45,0,-1,false,,,,
3,0.25,2.475,1,-0,false,,,,
3,0.25,2.475,1,-0.05,false,,,,
3,0.25,2.475,1,-0.1,false,,,,
3,0.25,2.475,1,-0.15,false,,,,
3,0.25,2.475,1,-0.2,false,,,,
3,0.25,2.475,1,-0.25,false,,,,
3,0.25,2.475,1,-0.3,false,,,,
3,0.25,2.475,1,-0.35,false,,,,
3,0.25,2.475,1,-0.4,false,,,,
3,0.25,2.475,1,-0.45,false,,,,
3,0.25,2.475,1,-0.5,false,,,,
3,0.25,2.475,1,-0.55,false,,,,
3,0.25,2.475,1,-0.6,false,,,,
3,0.25,2.475,1,-0.65,false,,,,
3,0.25,2.475,1,-0.7,false,,,,
3,0.25,2.475,1,-0.75,false,,,,
3,0.25,2.475,1,-0.8,false,,,,
3,0.25,2.475,1,-0.85,false,,,,
3,0.25,2.475,1,-0.9,false,,,,
3,0.25,2.475,1,-0.95,false,,,,
3,0.25,2.475,1,-1,true,0.4139831608,0.2916747444,0.4166638546,0.2817679806
3,0.25,2.475,0.8,-0,false,,,,
3,0.25,2.475,0.8,-0.05,false,,,,
3,0.25,2.475,0.8,-0.1,false,,,,
3,0.25,2.475,0.8,-0.15,false,,,,
3,0.25,2.475,0.8,-0.2,false,,,,
3,0.25,2.475,0.8,-0.25,false,,,,
3,0.25,2.475,0.8,-0.3,false,,,,
3,0.25,2.475,0.8,-0.35,false,,,,
3,0.25,2.475,0.8,-0.4,false,,,,
3,0.25,2.475,0.8,-0.45,false,,,,
3,0.25,2.475,0.8,-0.5,false,,,,
3,0.25,2.475,0.8,-0.55,false,,,,
3,0.25,2.475,0.8,-0.6,false,,,,
3,0.25,2.475,0.8,-0.65,false,,,,
3,0.25,2.475,0.8,-0.7,false,,,,
3,0.25,2.475,0.8,-0.75,false,,,,
3,0.25,2.475,0.8,-0.8,false,,,,
3,0.25,2.475,0.8,-0.85,false,,,,
3,0.25,2.475,0.8,-0.9,false,,,,
3,0.25,2.475,0.8,-0.95,false,,,,
3,0.25,2.475,0.8,-1,false,,,,
3,0.25,2.475,0.6,-0,false,,,,
3,0.25,2.475,0.6,-0.05,false,,,,
3,0.25,2.475,0.6,-0.1,false,,,,
3,0.25,2.475,0.6,-0.15,false,,,,
3,0.25,2.475,0.6,-0.2,false,,,,
3,0.25,2.475,0.6,-0.25,false,,,,
3,0.25,2.475,0.6,-0.3,false,,,,
3,0.25,2.475,0.6,-0.35,false,,,,
3,0.25,2.475,0.6,-0.4,false,,,,
3,0.25,2.475,0.6,-0.45,false,,,,
3,0.25,2.475,0.6,-0.5,false,,,,
3,0.25,2.475,0.6,-0.55,false,,,,
3,0.25,2.475,0.6,-0.6,false,,,,
3,0.25,2.475,0.6,-0.65,false,,,,
3,0.25,2.475,0.6,-0.7,false,,,,
3,0.25,2.475,0.6,-0.75,false,,,,
3,0.25,2.475,0.6,-0.8,false,,,,
3,0.25,2.475,0.6,-0.85,false,,,,
3,0.25,2.475,0.6,-0.9,false,,,,
3,0.25,2.475,0.6,-0.95,false,,,,
3,0.25,2.475,0.6,-1,false,,,,
3,0.25,2.475,0.4,-0,false,,,,
3,0.25,2.475,0.4,-0.05,false,,,,
3,0.25,2.475,0.4,-0.1,false,,,,
3,0.25,2.475,0.4,-0.15,false,,,,
3,0.25,2.475,0.4,-0.2,false,,,,
3,0.25,2.475,0.4,-0.25,false,,,,
3,0.25,2.475,0.4,-0.3,false,,,,
3,0.25,2.475,0.4,-0.35,false,,,,
3,0.25,2.475,0.4,-0.4,false,,,,
3,0.25,2.475,0.4,-0.45,false,,,,
3,0.25,2.475,0.4,-0.5,false,,,,
3,0.25,2.475,0.4,-0.55,false,,,,
3,0.25,2.475,0.4,-0.6,false,,,,
3,0.25,2.475,0.4,-0.65,false,,,,
3,0.25,2.475,0.4,-0.7,false,,,,
3,0.25,2.475,0.4,-0.75,false,,,,
3,0.25,2.475,0.4,-0.8,false,,,,
3,0.25,2.475,0.4,-0.85,false,,,,
3,0.25,2.475,0.4,-0.9,false,,,,
3,0.25,2.475,0.4,-0.95,false,,,,
3,0.25,2.475,0.4,-1,false,,,,
3,0.25,2.475,0.2,-0,false,,,,
3,0.25,2.475,0.2,-0.05,false,,,,
3,0.25,2.475,0.2,-0.1,false,,,,
3,0.25,2.475,0.2,-0.15,false,,,,
3,0.25,2.475,0.2,-0.2,false,,,,
3,0.25,2.475,0.2,-0.25,false,,,,
3,0.25,2.475,0.2,-0.3,false,,,,
3,0.25,2.475,0.2,-0.35,false,,,,
3,0.25,2.475,0.2,-0.4,false,,,,
3,0.25,2.475,0.2,-0.45,false,,,,
3,0.25,2.475,0.2,-0.5,false,,,,
3,0.25,2.475,0.2,-0.55,false,,,,
3,0.25,2.475,0.2,-0.6,false,,,,
3,0.25,2.475,0.2,-0.65,false,,,,
3,0.25,2.475,0.2,-0.7,false,,,,
3,0.25,2.475,0.2,-0.75,false,,,,
3,0.25,2.475,0.2,-0.8,false,,,,
3,0.25,2.475,0.2,-0.85,false,,,,
3,0.25,2.475,0.2,-0.9,false,,,,
3,0.25,2.475,0.2,-0.95,false,,,,
3,0.25,2.475,0.2,-1,false,,,,
3,0.25,2.475,0,-0.05,false,,,,
3,0.25,2.475,0,-0.1,false,,,,
3,0.25,2.475,0,-0.15,false,,,,
3,0.25,2.475,0,-0.2,false,,,,
3,0.25,2.475,0,-0.25,false,,,,
3,0.25,2.475,0,-0.3,false,,,,
3,0.25,2.475,0,-0.35,false,,,,
3,0.25,2.475,0,-0.4,false,,,,
3,0.25,2.475,0,-0.45,false,,,,
3,0.25,2.475,0,-0.5,false,,,,
3,0.25,2.475,0,-0.55,false,,,,
3,0.25,2.475,0,-0.6,false,,,,
3,0.25,2.475,0,-0.65,false,,,,
3,0.25,2.475,0,-0.7,false,,,,
3,0.25,2.475,0,-0.75,false,,,,
3,0.25,2.475,0,-0.8,false,,,,
3,0.25,2.475,0,-0.85,false,,,,
3,0.25,2.475,0,-0.9,false,,,,
3,0.25,2.475,0,-0.95,false,,,,
3,0.25,2.475,0,-1,false,,,,
3,0.25,2.5,1,-0,false,,,,
3,0.25,2.5,1,-0.05,false,,,,
3,0.25,2.5,1,-0.1,false,,,,
3,0.25,2.5,1,-0.15,false,,,,
3,0.25,2.5,1,-0.2,false,,,,
3,0.25,2.5,1,-0.25,false,,,,
3,0.25,2.5,1,-0.3,false,,,,
3,0.25,2.5,1,-0.35,false,,,,
3,0.25,2.5,1,-0.4,false,,,,
3,0.25,2.5,1,-0.45,false,,,,
3,0.25,2.5,1,-0.5,false,,,,
3,0.25,2.5,1,-0.55,false,,,,
3,0.25,2.5,1,-0.6,false,,,,
3,0.25,2.5,1,-0.65,false,,,,
3,0.25,2.5,1,-0.7,false,,,,
3,0.25,2.5,1,-0.75,false,,,,
3,0.25,2.5,1,-0.8,false,,,,
3,0.25,2.5,1,-0.85,false,,,,
3,0.25,2.5,1,-0.9,false,,,,
3,0.25,2.5,1,-0.95,false,,,,
3,0.25,2.5,1,-1,true,0.4109175825,0.2896764961,0.4134465764,0.2847708505
3,0.25,2.5,0.8,-0,false,,,,
3,0.25,2.5,0.8,-0.05,false,,,,
3,0.25,2.5,0.8,-0.1,false,,,,
3,0.25,2.5,0.8,-0.15,false,,,,
3,0.25,2.5,0.8,-0.2,false,,,,
3,0.25,2.5,0.8,-0.25,false,,,,
3,0.25,2.5,0.8,-0.3,false,,,,
3,0.25,2.5,0.8,-0.35,false,,,,
3,0.25,2.5,0.8,-0.4,false,,,,
3,0.25,2.5,0.8,-0.45,false,,,,
3,0.25,2.5,0.8,-0.5,false,,,,
3,0.25,2.5,0.8,-0.55,false,,,,
3,0.25,2.5,0.8,-0.6,false,,,,
3,0.25,2.5,0.8,-0.65,false,,,,
3,0.25,2.5,0.8,-0.7,false,,,,
3,0.25,2.5,0.8,-0.75,false,,,,
3,0.25,2.5,0.8,-0.8,false,,,,
3,0.25,2.5,0.8,-0.85,false,,,,
3,0.25,2.5,0.8,-0.9,false,,,,
3,0.25,2.5,0.8,-0.95,false,,,,
3,0.25,2.5,0.8,-1,false,,,,
3,0.25,2.5,0.6,-0,false,,,,
3,0.25,2.5,0.6,-0.05,false,,,,
3,0.25,2.5,0.6,-0.1,false,,,,
3,0.25,2.5,0.6,-0.15,false,,,,
3,0.25,2.5,0.6,-0.2,false,,,,
3,0.25,2.5,0.6,-0.25,false,,,,
3,0.25,2.5,0.6,-0.3,false,,,,
3,0.25,2.5,0.6,-0.35,false,,,,
3,0.25,2.5,0.6,-0.4,false,,,,
3,0.25,2.5,0.6,-0.45,false,,,,
3,0.25,2.5,0.6,-0.5,false,,,,
3,0.25,2.5,0.6,-0.55,false,,,,
3,0.25,2.5,0.6,-0.6,false,,,,
3,0.25,2.5,0.6,-0.65,false,,,,
3,0.25,2.5,0.6,-0.7,false,,,,
3,0.25,2.5,0.6,-0.75,false,,,,
3,0.25,2.5,0.6,-0.8,false,,,,
3,0.25,2.5,0.6,-0.85,false,,,,
3,0.25,2.5,0.6,-0.9,false,,,,
3,0.25,2.5,0.6,-0.95,false,,,,
3,0.25,2.5,0.6,-1,false,,,,
3,0.25,2.5,0.4,-0,false,,,,
3,0.25,2.5,0.4,-0.05,false,,,,
3,0.25,2.5,0.4,-0.1,false,,,,
3,0.25,2.5,0.4,-0.15,false,,,,
3,0.25,2.5,0.4,-0.2,false,,,,
3,0.25,2.5,0.4,-0.25,false,,,,
3,0.25,2.5,0.4,-0.3,false,,,,
3,0.25,2.5,0.4,-0.35,false,,,,
3,0.25,2.5,0.4,-0.4,false,,,,
3,0.25,2.5,0.4,-0.45,false,,,,
3,0.25,2.5,0.4,-0.5,false,,,,
3,0.25,2.5,0.4,-0.55,false,,,,
3,0.25,2.5,0.4,-0.6,false,,,,
3,0.25,2.5,0.4,-0.65,false,,,,
3,0.25,2.5,0.4,-0.7,false,,,,
3,0.25,2.5,0.4,-0.75,false,,,,
3,0.25,2.5,0.4,-0.8,false,,,,
3,0.25,2.5,0.4,-0.85,false,,,,
3,0.25,2.5,0.4,-0.9,false,,,,
3,0.25,2.5,0.4,-0.95,false,,,,
3,0.25,2.5,0.4,-1,false,,,,
3,0.25,2.5,0.2,-0,false,,,,
3,0.25,2.5,0.2,-0.05,false,,,,
3,0.25,2.5,0.2,-0.1,false,,,,
3,0.25,2.5,0.2,-0.15,false,,,,
3,0.25,2.5,0.2,-0.2,false,,,,
3,0.25,2.5,0.2,-0.25,false,,,,
3,0.25,2.5,0.2,-0.3,false,,,,
3,0.25,2.5,0.2,-0.35,false,,,,
3,0.25,2.5,0.2,-0.4,false,,,,
3,0.25,2.5,0.2,-0.45,false,,,,
3,0.25,2.5,0.2,-0.5,false,,,,
3,0.25,2.5,0.2,-0.55,false,,,,
3,0.25,2.5,0.2,-0.6,false,,,,
3,0.25,2.5,0.2,-0.65,false,,,,
3,0.25,2.5,0.2,-0.7,false,,,,
3,0.25,2.5,0.2,-0.75,false,,,,
3,0.25,2.5,0.2,-0.8,false,,,,
3,0.25,2.5,0.2,-0.85,false,,,,
3,0.25,2.5,0.2,-0.9,false,,,,
3,0.25,2.5,0.2,-0.95,false,,,,
3,0.25,2.5,0.2,-1,false,,,,
3,0.25,2.5,0,-0.05,false,,,,
3,0.25,2.5,0,-0.1,false,,,,
3,0.25,2.5,0,-0.15,false,,,,
3,0.25,2.5,0,-0.2,false,,,,
3,0.25,2.5,0,-0.25,false,,,,
3,0.25,2.5,0,-0.3,false,,,,
3,0.25,2.5,0,-0.35,false,,,,
3,0.25,2.5,0,-0.4,false,,,,
3,0.25,2.5,0,-0.45,false,,,,
3,0.25,2.5,0,-0.5,false,,,,
3,0.25,2.5,0,-0.55,false,,,,
3,0.25,2.5,0,-0.6,false,,,,
3,0.25,2.5,0,-0.65,false,,,,
3,0.25,2.5,0,-0.7,false,,,,
3,0.25,2.5,0,-0.75,false,,,,
3,0.25,2.5,0,-0.8,false,,,,
3,0.25,2.5,0,-0.85,false,,,,
3,0.25,2.5,0,-0.9,false,,,,
3,0.25,2.5,0,-0.95,false,,,,
3,0.25,2.5,0,-1,false,,,,
3,0.25,2.525,1,-0,false,,,,
3,0.25,2.525,1,-0.05,false,,,,
3,0.25,2.525,1,-0.1,false,,,,
3,0.25,2.525,1,-0.15,false,,,,
3,0.25,2.525,1,-0.2,false,,,,
3,0.25,2.525,1,-0.25,false,,,,
3,0.25,2.525,1,-0.3,false,,,,
3,0.25,2.525,1,-0.35,false,,,,
3,0.25,2.525,1,-0.4,false,,,,
3,0.25,2.525,1,-0.45,false,,,,
3,0.25,2.525,1,-0.5,false,,,,
3,0.25,2.525,1,-0.55,false,,,,
3,0.25,2.525,1,-0.6,false,,,,
3,0.25,2.525,1,-0.65,false,,,,
3,0.25,2.525,1,-0.7,false,,,,
3,0.25,2.525,1,-0.75,false,,,,
3,0.25,2.525,1,-0.8,false,,,,
3,0.25,2.525,1,-0.85,false,,,,
3,0.25,2.525,1,-0.9,false,,,,
3,0.25,2.525,1,-0.95,false,,,,
3,0.25,2.525,1,-1,true,0.4078202663,0.2876447791,0.4104095543,0.2877730666
3,0.25,2.525,0.8,-0,false,,,,
3,0.25,2.525,0.8,-0.05,false,,,,
3,0.25,2.525,0.8,-0.1,false,,,,
3,0.25,2.525,0.8,-0.15,false,,,,
3,0.25,2.525,0.8,-0.2,false,,,,
3,0.25,2.525,0.8,-0.25,false,,,,
3,0.25,2.525,0.8,-0.3,false,,,,
3,0.25,2.525,0.8,-0.35,false,,,,
3,0.25,2.525,0.8,-0.4,false,,,,
3,0.25,2.525,0.8,-0.45,false,,,,
3,0.25,2.525,0.8,-0.5,false,,,,
3,0.25,2.525,0.8,-0.55,false,,,,
3,0.25,2.525,0.8,-0.6,false,,,,
3,0.25,2.525,0.8,-0.65,false,,,,
3,0.25,2.525,0.8,-0.7,false,,,,
3,0.25,2.525,0.8,-0.75,false,,,,
3,0.25,2.525,0.8,-0.8,false,,,,
3,0.25,2.525,0.8,-0.85,false,,,,
3,0.25,2.525,0.8,-0.9,false,,,,
3,0.25,2.525,0.8,-0.95,false,,,,
3,0.25,2.525,0.8,-1,false,,,,
3,0.25,2.525,0.6,-0,false,,,,
3,0.25,2.525,0.6,-0.05,false,,,,
3,0.25,2.525,0.6,-0.1,false,,,,
3,0.25,2.525,0.6,-0.15,false,,,,
3,0.25,2.525,0.6,-0.2,false,,,,
3,0.25,2.525,0.6,-0.25,false,,,,
3,0.25,2.525,0.6,-0.3,false,,,,
3,0.25,2.525,0.6,-0.35,false,,,,
3,0.25,2.525,0.6,-0.4,false,,,,
3,0.25,2.525,0.6,-0.45,false,,,,
3,0.25,2.525,0.6,-0.5,false,,,,
3,0.25,2.525,0.6,-0.55,false,,,,
3,0.25,2.525,0.6,-0.6,false,,,,
3,0.25,2.525,0.6,-0.65,false,,,,
3,0.25,2.525,0.6,-0.7,false,,,,
3,0.25,2.525,0.6,-0.75,false,,,,
3,0.25,2.525,0.6,-0.8,false,,,,
3,0.25,2.525,0.6,-0.85,false,,,,
3,0.25,2.525,0.6,-0.9,false,,,,
3,0.25,2.525,0.6,-0.95,false,,,,
3,0.25,2.525,0.6,-1,false,,,,
3,0.25,2.525,0.4,-0,false,,,,
3,0.25,2.525,0.4,-0.05,false,,,,
3,0.25,2.525,0.4,-0.1,false,,,,
3,0.25,2.525,0.4,-0.15,false,,,,
3,0.25,2.525,0.4,-0.2,false,,,,
3,0.25,2.525,0.4,-0.25,false,,,,
3,0.25,2.525,0.4,-0.3,false,,,,
3,0.25,2.525,0.4,-0.35,false,,,,
3,0.25,2.525,0.4,-0.4,false,,,,
3,0.25,2.525,0.4,-0.45,false,,,,
3,0.25,2.525,0.4,-0.5,false,,,,
3,0.25,2.525,0.4,-0.55,false,,,,
3,0.25,2.525,0.4,-0.6,false,,,,
3,0.25,2.525,0.4,-0.65,false,,,,
3,0.25,2.525,0.4,-0.7,false,,,,
3,0.25,2.525,0.4,-0.75,false,,,,
3,0.25,2.525,0.4,-0.8,false,,,,
3,0.25,2.525,0.4,-0.85,false,,,,
3,0.25,2.525,0.4,-0.9,false,,,,
3,0.25,2.525,0.4,-0.95,false,,,,
3,0.25,2.525,0.4,-1,false,,,,
3,0.25,2.525,0.2,-0,false,,,,
3,0.25,2.525,0.2,-0.05,false,,,,
3,0.25,2.525,0.2,-0.1,false,,,,
3,0.25,2.525,0.2,-0.15,false,,,,
3,0.25,2.525,0.2,-0.2,false,,,,
3,0.25,2.525,0.2,-0.25,false,,,,
3,0.25,2.525,0.2,-0.3,false,,,,
3,0.25,2.525,0.2,-0.35,false,,,,
3,0.25,2.525,0.2,-0.4,false,,,,
3,0.25,2.525,0.2,-0.45,false,,,,
3,0.25,2.525,0.2,-0.5,false,,,,
3,0.25,2.525,0.2,-0.55,false,,,,
3,0.25,2.525,0.2,-0.6,false,,,,
3,0.25,2.525,0.2,-0.65,false,,,,
3,0.25,2.525,0.2,-0.7,false,,,,
3,0.25,2.525,0.2,-0.75,false,,,,
3,0.25,2.525,0.2,-0.8,false,,,,
3,0.25,2.525,0.2,-0.85,false,,,,
3,0.25,2.525,0.2,-0.9,false,,,,
3,0.25,2.525,0.2,-0.95,false,,,,
3,0.25,2.525,0.2,-1,false,,,,
3,0.25,2.525,0,-0.05,false,,,,
3,0.25,2.525,0,-0.1,false,,,,
3,0.25,2.525,0,-0.15,false,,,,
3,0.25,2.525,0,-0.2,false,,,,
3,0.25,2.525,0,-0.25,false,,,,
3,0.25,2.525,0,-0.3,false,,,,
3,0.25,2.525,0,-0.35,false,,,,
3,0.25,2.525,0,-0.4,false,,,,
3,0.25,2.525,0,-0.45,false,,,,
3,0.25,2.525,0,-0.5,false,,,,
3,0.25,2.525,0,-0.55,false,,,,
3,0.25,2.525,0,-0.6,false,,,,
3,0.25,2.525,0,-0.65,false,,,,
3,0.25,2.525,0,-0.7,false,,,,
3,0.25,2.525,0,-0.75,false,,,,
3,0.25,2.525,0,-0.8,false,,,,
3,0.25,2.525,0,-0.85,false,,,,
3,0.25,2.525,0,-0.9,false,,,,
3,0.25,2.525,0,-0.95,false,,,,
3,0.25,2.525,0,-1,false,,,,
3,0.25,2.55,1,-0,false,,,,
3,0.25,2.55,1,-0.05,false,,,,
3,0.25,2.55,1,-0.1,false,,,,
3,0.25,2.55,1,-0.15,false,,,,
3,0.25,2.55,1,-0.2,false,,,,
3,0.25,2.55,1,-0.25,false,,,,
3,0.25,2.55,1,-0.3,false,,,,
3,0.25,2.55,1,-0.35,false,,,,
3,0.25,2.55,1,-0.4,false,,,,
3,0.25,2.55,1,-0.45,false,,,,
3,0.25,2.55,1,-0.5,false,,,,
3,0.25,2.55,1,-0.55,false,,,,
3,0.25,2.55,1,-0.6,false,,,,
3,0.25,2.55,1,-0.65,false,,,,
3,0.25,2.55,1,-0.7,false,,,,
3,0.25,2.55,1,-0.75,false,,,,
3,0.25,2.55,1,-0.8,false,,,,
3,0.25,2.55,1,-0.85,false,,,,
3,0.25,2.55,1,-0.9,false,,,,
3,0.25,2.55,1,-0.95,false,,,,
3,0.25,2.55,1,-1,true,0.4046939925,0.285581055,0.4071314939,0.2907752542
3,0.25,2.55,0.8,-0,false,,,,
3,0.25,2.55,0.8,-0.05,false,,,,
3,0.25,2.55,0.8,-0.1,false,,,,
3,0.25,2.55,0.8,-0.15,false,,,,
3,0.25,2.55,0.8,-0.2,false,,,,
3,0.25,2.55,0.8,-0.25,false,,,,
3,0.25,2.55,0.8,-0.3,false,,,,
3,0.25,2.55,0.8,-0.35,false,,,,
3,0.25,2.55,0.8,-0.4,false,,,,
3,0.25,2.55,0.8,-0.45,false,,,,
3,0.25,2.55,0.8,-0.5,false,,,,
3,0.25,2.55,0.8,-0.55,false,,,,
3,0.25,2.55,0.8,-0.6,false,,,,
3,0.25,2.55,0.8,-0.65,false,,,,
3,0.25,2.55,0.8,-0.7,false,,,,
3,0.25,2.55,0.8,-0.75,false,,,,
3,0.25,2.55,0.8,-0.8,false,,,,
3,0.25,2.55,0.8,-0.85,false,,,,
3,0.25,2.55,0.8,-0.9,false,,,,
3,0.25,2.55,0.8,-0.95,false,,,,
3,0.25,2.55,0.8,-1,false,,,,
3,0.25,2.55,0.6,-0,false,,,,
3,0.25,2.55,0.6,-0.05,false,,,,
3,0.25,2.55,0.6,-0.1,false,,,,
3,0.25,2.55,0.6,-0.15,false,,,,
3,0.25,2.55,0.6,-0.2,false,,,,
3,0.25,2.55,0.6,-0.25,false,,,,
3,0.25,2.55,0.6,-0.3,false,,,,
3,0.25,2.55,0.6,-0.35,false,,,,
3,0.25,2.55,0.6,-0.4,false,,,,
3,0.25,2.55,0.6,-0.45,false,,,,
3,0.25,2.55,0.6,-0.5,false,,,,
3,0.25,2.55,0.6,-0.55,false,,,,
3,0.25,2.55,0.6,-0.6,false,,,,
3,0.25,2.55,0.6,-0.65,false,,,,
3,0.25,2.55,0.6,-0.7,false,,,,
3,0.25,2.55,0.6,-0.75,false,,,,
3,0.25,2.55,0.6,-0.8,false,,,,
3,0.25,2.55,0.6,-0.85,false,,,,
3,0.25,2.55,0.6,-0.9,false,,,,
3,0.25,2.55,0.6,-0.95,false,,,,
3,0.25,2.55,0.6,-1,false,,,,
3,0.25,2.55,0.4,-0,false,,,,
3,0.25,2.55,0.4,-0.05,false,,,,
3,0.25,2.55,0.4,-0.1,false,,,,
3,0.25,2.55,0.4,-0.15,false,,,,
3,0.25,2.55,0.4,-0.2,false,,,,
3,0.25,2.55,0.4,-0.25,false,,,,
3,0.25,2.55,0.4,-0.3,false,,,,
3,0.25,2.55,0.4,-0.35,false,,,,
3,0.25,2.55,0.4,-0.4,false,,,,
3,0.25,2.55,0.4,-0.45,false,,,,
3,0.25,2.55,0.4,-0.5,false,,,,
3,0.25,2.55,0.4,-0.55,false,,,,
3,0.25,2.55,0.4,-0.6,false,,,,
3,0.25,2.55,0.4,-0.65,false,,,,
3,0.25,2.55,0.4,-0.7,false,,,,
3,0.25,2.55,0.4,-0.75,false,,,,
3,0.25,2.55,0.4,-0.8,false,,,,
3,0.25,2.55,0.4,-0.85,false,,,,
3,0.25,2.55,0.4,-0.9,false,,,,
3,0.25,2.55,0.4,-0.95,false,,,,
3,0.25,2.55,0.4,-1,false,,,,
3,0.25,2.55,0.2,-0,false,,,,
3,0.25,2.55,0.2,-0.05,false,,,,
3,0.25,2.55,0.2,-0.1,false,,,,
3,0.25,2.55,0.2,-0.15,false,,,,
3,0.25,2.55,0.2,-0.2,false,,,,
3,0.25,2.55,0.2,-0.25,false,,,,
3,0.25,2.55,0.2,-0.3,false,,,,
3,0.25,2.55,0.2,-0.35,false,,,,
3,0.25,2.55,0.2,-0.4,false,,,,
3,0.25,2.55,0.2,-0.45,false,,,,
3,0.25,2.55,0.2,-0.5,false,,,,
3,0.25,2.55,0.2,-0.55,false,,,,
3,0.25,2.55,0.2,-0.6,false,,,,
3,0.25,2.55,0.2,-0.65,false,,,,
3,0.25,2.55,0.2,-0.7,false,,,,
3,0.25,2.55,0.2,-0.75,false,,,,
3,0.25,2.55,0.2,-0.8,false,,,,
3,0.25,2.55,0.2,-0.85,false,,,,
3,0.25,2.55,0.2,-0.9,false,,,,
3,0.25,2.55,0.2,-0.95,false,,,,
3,0.25,2.55,0.2,-1,false,,,,
3,0.25,2.55,0,-0.05,false,,,,
3,0.25,2.55,0,-0.1,false,,,,
3,0.25,2.55,0,-0.15,false,,,,
3,0.25,2.55,0,-0.2,false,,,,
3,0.25,2.55,0,-0.25,false,,,,
3,0.25,2.55,0,-0.3,false,,,,
3,0.25,2.55,0,-0.35,false,,,,
3,0.25,2.55,0,-0.4,false,,,,
3,0.25,2.55,0,-0.45,false,,,,
3,0.25,2.55,0,-0.5,false,,,,
3,0.25,2.55,0,-0.55,false,,,,
3,0.25,2.55,0,-0.6,false,,,,
3,0.25,2.55,0,-0.65,false,,,,
3,0.25,2.55,0,-0.7,false,,,,
3,0.25,2.55,0,-0.75,false,,,,
3,0.25,2.55,0,-0.8,false,,,,
3,0.25,2.55,0,-0.85,false,,,,
3,0.25,2.55,0,-0.9,false,,,,
3,0.25,2.55,0,-0.95,false,,,,
3,0.25,2.55,0,-1,false,,,,
3,0.25,2.575,1,-0,false,,,,
3,0.25,2.575,1,-0.05,false,,,,
3,0.25,2.575,1,-0.1,false,,,,
3,0.25,2.575,1,-0.15,false,,,,
3,0.25,2.575,1,-0.2,false,,,,
3,0.25,2.575,1,-0.25,false,,,,
3,0.25,2.575,1,-0.3,false,,,,
3,0.25,2.575,1,-0.35,false,,,,
3,0.25,2.575,1,-0.4,false,,,,
3,0.25,2.575,1,-0.45,false,,,,
3,0.25,2.575,1,-0.5,false,,,,
3,0.25,2.575,1,-0.55,false,,,,
3,0.25,2.575,1,-0.6,false,,,,
3,0.25,2.575,1,-0.65,false,,,,
3,0.25,2.575,1,-0.7,false,,,,
3,0.25,2.575,1,-0.75,false,,,,
3,0.25,2.575,1,-0.8,false,,,,
3,0.25,2.575,1,-0.85,false,,,,
3,0.25,2.575,1,-0.9,false,,,,
3,0.25,2.575,1,-0.95,false,,,,
3,0.25,2.575,1,-1,true,0.4015348165,0.2834830329,0.4040300744,0.293777945
3,0.25,2.575,0.8,-0,false,,,,
3,0.25,2.575,0.8,-0.05,false,,,,
3,0.25,2.575,0.8,-0.1,false,,,,
3,0.25,2.575,0.8,-0.15,false,,,,
3,0.25,2.575,0.8,-0.2,false,,,,
3,0.25,2.575,0.8,-0.25,false,,,,
3,0.25,2.575,0.8,-0.3,false,,,,
3,0.25,2.575,0.8,-0.35,false,,,,
3,0.25,2.575,0.8,-0.4,false,,,,
3,0.25,2.575,0.8,-0.45,false,,,,
3,0.25,2.575,0.8,-0.5,false,,,,
3,0.25,2.575,0.8,-0.55,false,,,,
3,0.25,2.575,0.8,-0.6,false,,,,
3,0.25,2.575,0.8,-0.65,false,,,,
3,0.25,2.575,0.8,-0.7,false,,,,
3,0.25,2.575,0.8,-0.75,false,,,,
3,0.25,2.575,0.8,-0.8,false,,,,
3,0.25,2.575,0.8,-0.85,false,,,,
3,0.25,2.575,0.8,-0.9,false,,,,
3,0.25,2.575,0.8,-0.95,false,,,,
3,0.25,2.575,0.8,-1,false,,,,
3,0.25,2.575,0.6,-0,false,,,,
3,0.25,2.575,0.6,-0.05,false,,,,
3,0.25,2.575,0.6,-0.1,false,,,,
3,0.25,2.575,0.6,-0.15,false,,,,
3,0.25,2.575,0.6,-0.2,false,,,,
3,0.25,2.575,0.6,-0.25,false,,,,
3,0.25,2.575,0.6,-0.3,false,,,,
3,0.25,2.575,0.6,-0.35,false,,,,
3,0.25,2.575,0.6,-0.4,false,,,,
3,0.25,2.575,0.6,-0.45,false,,,,
3,0.25,2.575,0.6,-0.5,false,,,,
3,0.25,2.575,0.6,-0.55,false,,,,
3,0.25,2.575,0.6,-0.6,false,,,,
3,0.25,2.575,0.6,-0.65,false,,,,
3,0.25,2.575,0.6,-0.7,false,,,,
3,0.25,2.575,0.6,-0.75,false,,,,
3,0.25,2.575,0.6,-0.8,false,,,,
3,0.25,2.575,0.6,-0.85,false,,,,
3,0.25,2.575,0.6,-0.9,false,,,,
3,0.25,2.575,0.6,-0.95,false,,,,
3,0.25,2.575,0.6,-1,false,,,,
3,0.25,2.575,0.4,-0,false,,,,
3,0.25,2.575,0.4,-0.05,false,,,,
3,0.25,2.575,0.4,-0.1,false,,,,
3,0.25,2.575,0.4,-0.15,false,,,,
3,0.25,2.575,0.4,-0.2,false,,,,
3,0.25,2.575,0.4,-0.25,false,,,,
3,0.25,2.575,0.4,-0.3,false,,,,
3,0.25,2.575,0.4,-0.35,false,,,,
3,0.25,2.575,0.4,-0.4,false,,,,
3,0.25,2.575,0.4,-0.45,false,,,,
3,0.25,2.575,0.4,-0.5,false,,,,
3,0.25,2.575,0.4,-0.55,false,,,,
3,0.25,2.575,0.4,-0.6,false,,,,
3,0.25,2.575,0.4,-0.65,false,,,,
3,0.25,2.575,0.4,-0.7,false,,,,
3,0.25,2.575,0.4,-0.75,false,,,,
3,0.25,2.575,0.4,-0.8,false,,,,
3,0.25,2.575,0.4,-0.85,false,,,,
3,0.25,2.575,0.4,-0.9,false,,,,
3,0.25,2.575,0.4,-0.95,false,,,,
3,0.25,2.575,0.4,-1,false,,,,
3,0.25,2.575,0.2,-0,false,,,,
3,0.25,2.575,0.2,-0.05,false,,,,
3,0.25,2.575,0.2,-0.1,false,,,,
3,0.25,2.575,0.2,-0.15,false,,,,
3,0.25,2.575,0.2,-0.2,false,,,,
3,0.25,2.575,0.2,-0.25,false,,,,
3,0.25,2.575,0.2,-0.3,false,,,,
3,0.25,2.575,0.2,-0.35,false,,,,
3,0.25,2.575,0.2,-0.4,false,,,,
3,0.25,2.575,0.2,-0.45,false,,,,
3,0.25,2.575,0.2,-0.5,false,,,,
3,0.25,2.575,0.2,-0.55,false,,,,
3,0.25,2.575,0.2,-0.6,false,,,,
3,0.25,2.575,0.2,-0.65,false,,,,
3,0.25,2.575,0.2,-0.7,false,,,,
3,0.25,2.575,0.2,-0.75,false,,,,
3,0.25,2.575,0.2,-0.8,false,,,,
3,0.25,2.575,0.2,-0.85,false,,,,
3,0.25,2.575,0.2,-0.9,false,,,,
3,0.25,2.575,0.2,-0.95,false,,,,
3,0.25,2.575,0.2,-1,false,,,,
3,0.25,2.575,0,-0.05,false,,,,
3,0.25,2.575,0,-0.1,false,,,,
3,0.25,2.575,0,-0.15,false,,,,
3,0.25,2.575,0,-0.2,false,,,,
3,0.25,2.575,0,-0.25,false,,,,
3,0.25,2.575,0,-0.3,false,,,,
3,0.25,2.575,0,-0.35,false,,,,
3,0.25,2.575,0,-0.4,false,,,,
3,0.25,2.575,0,-0.45,false,,,,
3,0.25,2.575,0,-0.5,false,,,,
3,0.25,2.575,0,-0.55,false,,,,
3,0.25,2.575,0,-0.6,false,,,,
3,0.25,2.575,0,-0.65,false,,,,
3,0.25,2.575,0,-0.7,false,,,,
3,0.25,2.575,0,-0.75,false,,,,
3,0.25,2.575,0,-0.8,false,,,,
3,0.25,2.575,0,-0.85,false,,,,
3,0.25,2.575,0,-0.9,false,,,,
3,0.25,2.575,0,-0.95,false,,,,
3,0.25,2.575,0,-1,false,,,,
3,0.25,2.6,1,-0,false,,,,
3,0.25,2.6,1,-0.05,false,,,,
3,0.25,2.6,1,-0.1,false,,,,
3,0.25,2.6,1,-0.15,false,,,,
3,0.25,2.6,1,-0.2,false,,,,
3,0.25,2.6,1,-0.25,false,,,,
3,0.25,2.6,1,-0.3,false,,,,
3,0.25,2.6,1,-0.35,false,,,,
3,0.25,2.6,1,-0.4,false,,,,
3,0.25,2.6,1,-0.45,false,,,,
3,0.25,2.6,1,-0.5,false,,,,
3,0.25,2.6,1,-0.55,false,,,,
3,0.25,2.6,1,-0.6,false,,,,
3,0.25,2.6,1,-0.65,false,,,,
3,0.25,2.6,1,-0.7,false,,,,
3,0.25,2.6,1,-0.75,false,,,,
3,0.25,2.6,1,-0.8,false,,,,
3,0.25,2.6,1,-0.85,false,,,,
3,0.25,2.6,1,-0.9,false,,,,
3,0.25,2.6,1,-0.95,false,,,,
3,0.25,2.6,1,-1,true,0.3983451812,0.281352815,0.4006907944,0.2967801125
3,0.25,2.6,0.8,-0,false,,,,
3,0.25,2.6,0.8,-0.05,false,,,,
3,0.25,2.6,0.8,-0.1,false,,,,
3,0.25,2.6,0.8,-0.15,false,,,,
3,0.25,2.6,0.8,-0.2,false,,,,
3,0.25,2.6,0.8,-0.25,false,,,,
3,0.25,2.6,0.8,-0.3,false,,,,
3,0.25,2.6,0.8,-0.35,false,,,,
3,0.25,2.6,0.8,-0.4,false,,,,
3,0.25,2.6,0.8,-0.45,false,,,,
3,0.25,2.6,0.8,-0.5,false,,,,
3,0.25,2.6,0.8,-0.55,false,,,,
3,0.25,2.6,0.8,-0.6,false,,,,
3,0.25,2.6,0.8,-0.65,false,,,,
3,0.25,2.6,0.8,-0.7,false,,,,
3,0.25,2.6,0.8,-0.75,false,,,,
3,0.25,2.6,0.8,-0.8,false,,,,
3,0.25,2.6,0.8,-0.85,false,,,,
3,0.25,2.6,0.8,-0.9,false,,,,
3,0.25,2.6,0.8,-0.95,false,,,,
3,0.25,2.6,0.8,-1,false,,,,
3,0.25,2.6,0.6,-0,false,,,,
3,0.25,2.6,0.6,-0.05,false,,,,
3,0.25,2.6,0.6,-0.1,false,,,,
3,0.25,2.6,0.6,-0.15,false,,,,
3,0.25,2.6,0.6,-0.2,false,,,,
3,0.25,2.6,0.6,-0.25,false,,,,
3,0.25,2.6,0.6,-0.3,false,,,,
3,0.25,2.6,0.6,-0.35,false,,,,
3,0.25,2.6,0.6,-0.4,false,,,,
3,0.25,2.6,0.6,-0.45,false,,,,
3,0.25,2.6,0.6,-0.5,false,,,,
3,0.25,2.6,0.6,-0.55,false,,,,
3,0.25,2.6,0.6,-0.6,false,,,,
3,0.25,2.6,0.6,-0.65,false,,,,
3,0.25,2.6,0.6,-0.7,false,,,,
3,0.25,2.6,0.6,-0.75,false,,,,
3,0.25,2.6,0.6,-0.8,false,,,,
3,0.25,2.6,0.6,-0.85,false,,,,
3,0.25,2.6,0.6,-0.9,false,,,,
3,0.25,2.6,0.6,-0.95,false,,,,
3,0.25,2.6,0.6,-1,false,,,,
3,0.25,2.6,0.4,-0,false,,,,
3,0.25,2.6,0.4,-0.05,false,,,,
3,0.25,2.6,0.4,-0.1,false,,,,
3,0.25,2.6,0.4,-0.15,false,,,,
3,0.25,2.6,0.4,-0.2,false,,,,
3,0.25,2.6,0.4,-0.25,false,,,,
3,0.25,2.6,0.4,-0.3,false,,,,
3,0.25,2.6,0.4,-0.35,false,,,,
3,0.25,2.6,0.4,-0.4,false,,,,
3,0.25,2.6,0.4,-0.45,false,,,,
3,0.25,2.6,0.4,-0.5,false,,,,
3,0.25,2.6,0.4,-0.55,false,,,,
3,0.25,2.6,0.4,-0.6,false,,,,
3,0.25,2.6,0.4,-0.65,false,,,,
3,0.25,2.6,0.4,-0.7,false,,,,
3,0.25,2.6,0.4,-0.75,false,,,,
3,0.25,2.6,0.4,-0.8,false,,,,
3,0.25,2.6,0.4,-0.85,false,,,,
3,0.25,2.6,0.4,-0.9,false,,,,
3,0.25,2.6,0.4,-0.95,false,,,,
3,0.25,2.6,0.4,-1,false,,,,
3,0.25,2.6,0.2,-0,false,,,,
3,0.25,2.6,0.2,-0.05,false,,,,
3,0.25,2.6,0.2,-0.1,false,,,,
3,0.25,2.6,0.2,-0.15,false,,,,
3,0.25,2.6,0.2,-0.2,false,,,,
3,0.25,2.6,0.2,-0.25,false,,,,
3,0.25,2.6,0.2,-0.3,false,,,,
3,0.25,2.6,0.2,-0.35,false,,,,
3,0.25,2.6,0.2,-0.4,false,,,,
3,0.25,2.6,0.2,-0.45,false,,,,
3,0.25,2.6,0.2,-0.5,false,,,,
3,0.25,2.6,0.2,-0.55,false,,,,
3,0.25,2.6,0.2,-0.6,false,,,,
3,0.25,2.6,0.2,-0.65,false,,,,
3,0.25,2.6,0.2,-0.7,false,,,,
3,0.25,2.6,0.2,-0.75,false,,,,
3,0.25,2.6,0.2,-0.8,false,,,,
3,0.25,2.6,0.2,-0.85,false,,,,
3,0.25,2.6,0.2,-0.9,false,,,,
3,0.25,2.6,0.2,-0.95,false,,,,
3,0.25,2.6,0.2,-1,false,,,,
3,0.25,2.6,0,-0.05,false,,,,
3,0.25,2.6,0,-0.1,false,,,,
3,0.25,2.6,0,-0.15,false,,,,
3,0.25,2.6,0,-0.2,false,,,,
3,0.25,2.6,0,-0.25,false,,,,
3,0.25,2.6,0,-0.3,false,,,,
3,0.25,2.6,0,-0.35,false,,,,
3,0.25,2.6,0,-0.4,false,,,,
3,0.25,2.6,0,-0.45,false,,,,
3,0.25,2.6,0,-0.5,false,,,,
3,0.25,2.6,0,-0.55,false,,,,
3,0.25,2.6,0,-0.6,false,,,,
3,0.25,2.6,0,-0.65,false,,,,
3,0.25,2.6,0,-0.7,false,,,,
3,0.25,2.6,0,-0.75,false,,,,
3,0.25,2.6,0,-0.8,false,,,,
3,0.25,2.6,0,-0.85,false,,,,
3,0.25,2.6,0,-0.9,false,,,,
3,0.25,2.6,0,-0.95,false,,,,
3,0.25,2.6,0,-1,false,,,,
3,0.25,2.625,1,-0,false,,,,
3,0.25,2.625,1,-0.05,false,,,,
3,0.25,2.625,1,-0.1,false,,,,
3,0.25,2.625,1,-0.15,false,,,,
3,0.25,2.625,1,-0.2,false,,,,
3,0.25,2.625,1,-0.25,false,,,,
3,0.25,2.625,1,-0.3,false,,,,
3,0.25,2.625,1,-0.35,false,,,,
3,0.25,2.625,1,-0.4,false,,,,
3,0.25,2.625,1,-0.45,false,,,,
3,0.25,2.625,1,-0.5,false,,,,
3,0.25,2.625,1,-0.55,false,,,,
3,0.25,2.625,1,-0.6,false,,,,
3,0.25,2.625,1,-0.65,false,,,,
3,0.25,2.625,1,-0.7,false,,,,
3,0.25,2.625,1,-0.75,false,,,,
3,0.25,2.625,1,-0.8,false,,,,
3,0.25,2.625,1,-0.85,false,,,,
3,0.25,2.625,1,-0.9,false,,,,
3,0.25,2.625,1,-0.95,false,,,,
3,0.25,2.625,1,-1,true,0.3951239218,0.2791856149,0.3975187946,0.2997822098
3,0.25,2.625,0.8,-0,false,,,,
3,0.25,2.625,0.8,-0.05,false,,,,
3,0.25,2.625,0.8,-0.1,false,,,,
3,0.25,2.625,0.8,-0.15,false,,,,
3,0.25,2.625,0.8,-0.2,false,,,,
3,0.25,2.625,0.8,-0.25,false,,,,
3,0.25,2.625,0.8,-0.3,false,,,,
3,0.25,2.625,0.8,-0.35,false,,,,
3,0.25,2.625,0.8,-0.4,false,,,,
3,0.25,2.625,0.8,-0.45,false,,,,
3,0.25,2.625,0.8,-0.5,false,,,,
3,0.25,2.625,0.8,-0.55,false,,,,
3,0.25,2.625,0.8,-0.6,false,,,,
3,0.25,2.625,0.8,-0.65,false,,,,
3,0.25,2.625,0.8,-0.7,false,,,,
3,0.25,2.625,0.8,-0.75,false,,,,
3,0.25,2.625,0.8,-0.8,false,,,,
3,0.25,2.625,0.8,-0.85,false,,,,
3,0.25,2.625,0.8,-0.9,false,,,,
3,0.25,2.625,0.8,-0.95,false,,,,
3,0.25,2.625,0.8,-1,false,,,,
3,0.25,2.625,0.6,-0,false,,,,
3,0.25,2.625,0.6,-0.05,false,,,,
3,0.25,2.625,0.6,-0.1,false,,,,
3,0.25,2.625,0.6,-0.15,false,,,,
3,0.25,2.625,0.6,-0.2,false,,,,
3,0.25,2.625,0.6,-0.25,false,,,,
3,0.25,2.625,0.6,-0.3,false,,,,
3,0.25,2.625,0.6,-0.35,false,,,,
3,0.25,2.625,0.6,-0.4,false,,,,
3,0.25,2.625,0.6,-0.45,false,,,,
3,0.25,2.625,0.6,-0.5,false,,,,
3,0.25,2.625,0.6,-0.55,false,,,,
3,0.25,2.625,0.6,-0.6,false,,,,
3,0.25,2.625,0.6,-0.65,false,,,,
3,0.25,2.625,0.6,-0.7,false,,,,
3,0.25,2.625,0.6,-0.75,false,,,,
3,0.25,2.625,0.6,-0.8,false,,,,
3,0.25,2.625,0.6,-0.85,false,,,,
3,0.25,2.625,0.6,-0.9,false,,,,
3,0.25,2.625,0.6,-0.95,false,,,,
3,0.25,2.625,0.6,-1,false,,,,
3,0.25,2.625,0.4,-0,false,,,,
3,0.25,2.625,0.4,-0.05,false,,,,
3,0.25,2.625,0.4,-0.1,false,,,,
3,0.25,2.625,0.4,-0.15,false,,,,
3,0.25,2.625,0.4,-0.2,false,,,,
3,0.25,2.625,0.4,-0.25,false,,,,
3,0.25,2.625,0.4,-0.3,false,,,,
3,0.25,2.625,0.4,-0.35,false,,,,
3,0.25,2.625,0.4,-0.4,false,,,,
3,0.25,2.625,0.4,-0.45,false,,,,
3,0.25,2.625,0.4,-0.5,false,,,,
3,0.25,2.625,0.4,-0.55,false,,,,
3,0.25,2.625,0.4,-0.6,false,,,,
3,0.25,2.625,0.4,-0.65,false,,,,
3,0.25,2.625,0.4,-0.7,false,,,,
3,0.25,2.625,0.4,-0.75,false,,,,
3,0.25,2.625,0.4,-0.8,false,,,,
3,0.25,2.625,0.4,-0.85,false,,,,
3,0.25,2.625,0.4,-0.9,false,,,,
3,0.25,2.625,0.4,-0.95,false,,,,
3,0.25,2.625,0.4,-1,false,,,,
3,0.25,2.625,0.2,-0,false,,,,
3,0.25,2.625,0.2,-0.05,false,,,,
3,0.25,2.625,0.2,-0.1,false,,,,
3,0.25,2.625,0.2,-0.15,false,,,,
3,0.25,2.625,0.2,-0.2,false,,,,
3,0.25,2.625,0.2,-0.25,false,,,,
3,0.25,2.625,0.2,-0.3,false,,,,
3,0.25,2.625,0.2,-0.35,false,,,,
3,0.25,2.625,0.2,-0.4,false,,,,
3,0.25,2.625,0.2,-0.45,false,,,,
3,0.25,2.625,0.2,-0.5,false,,,,
3,0.25,2.625,0.2,-0.55,false,,,,
3,0.25,2.625,0.2,-0.6,false,,,,
3,0.25,2.625,0.2,-0.65,false,,,,
3,0.25,2.625,0.2,-0.7,false,,,,
3,0.25,2.625,0.2,-0.75,false,,,,
3,0.25,2.625,0.2,-0.8,false,,,,
3,0.25,2.625,0.2,-0.85,false,,,,
3,0.25,2.625,0.2,-0.9,false,,,,
3,0.25,2.625,0.2,-0.95,false,,,,
3,0.25,2.625,0.2,-1,false,,,,
3,0.25,2.625,0,-0.05,false,,,,
3,0.25,2.625,0,-0.1,false,,,,
3,0.25,2.625,0,-0.15,false,,,,
3,0.25,2.625,0,-0.2,false,,,,
3,0.25,2.625,0,-0.25,false,,,,
3,0.25,2.625,0,-0.3,false,,,,
3,0.25,2.625,0,-0.35,false,,,,
3,0.25,2.625,0,-0.4,false,,,,
3,0.25,2.625,0,-0.45,false,,,,
3,0.25,2.625,0,-0.5,false,,,,
3,0.25,2.625,0,-0.55,false,,,,
3,0.25,2.625,0,-0.6,false,,,,
3,0.25,2.625,0,-0.65,false,,,,
3,0.25,2.625,0,-0.7,false,,,,
3,0.25,2.625,0,-0.75,false,,,,
3,0.25,2.625,0,-0.8,false,,,,
3,0.25,2.625,0,-0.85,false,,,,
3,0.25,2.625,0,-0.9,false,,,,
3,0.25,2.625,0,-0.95,false,,,,
3,0.25,2.625,0,-1,false,,,,
3,0.25,2.65,1,-0,false,,,,
3,0.25,2.65,1,-0.05,false,,,,
3,0.25,2.65,1,-0.1,false,,,,
3,0.25,2.65,1,-0.15,false,,,,
3,0.25,2.65,1,-0.2,false,,,,
3,0.25,2.65,1,-0.25,false,,,,
3,0.25,2.65,1,-0.3,false,,,,
3,0.25,2.65,1,-0.35,false,,,,
3,0.25,2.65,1,-0.4,false,,,,
3,0.25,2.65,1,-0.45,false,,,,
3,0.25,2.65,1,-0.5,false,,,,
3,0.25,2.65,1,-0.55,false,,,,
3,0.25,2.65,1,-0.6,false,,,,
3,0.25,2.65,1,-0.65,false,,,,
3,0.25,2.65,1,-0.7,false,,,,
3,0.25,2.65,1,-0.75,false,,,,
3,0.25,2.65,1,-0.8,false,,,,
3,0.25,2.65,1,-0.85,false,,,,
3,0.25,2.65,1,-0.9,false,,,,
3,0.25,2.65,1,-0.95,false,,,,
3,0.25,2.65,1,-1,true,0.3918710604,0.2769795197,0.3942961553,0.3027842818
3,0.25,2.65,0.8,-0,false,,,,
3,0.25,2.65,0.8,-0.05,false,,,,
3,0.25,2.65,0.8,-0.1,false,,,,
3,0.25,2.65,0.8,-0.15,false,,,,
3,0.25,2.65,0.8,-0.2,false,,,,
3,0.25,2.65,0.8,-0.25,false,,,,
3,0.25,2.65,0.8,-0.3,false,,,,
3,0.25,2.65,0.8,-0.35,false,,,,
3,0.25,2.65,0.8,-0.4,false,,,,
3,0.25,2.65,0.8,-0.45,false,,,,
3,0.25,2.65,0.8,-0.5,false,,,,
3,0.25,2.65,0.8,-0.55,false,,,,
3,0.25,2.65,0.8,-0.6,false,,,,
3,0.25,2.65,0.8,-0.65,false,,,,
3,0.25,2.65,0.8,-0.7,false,,,,
3,0.25,2.65,0.8,-0.75,false,,,,
3,0.25,2.65,0.8,-0.8,false,,,,
3,0.25,2.65,0.8,-0.85,false,,,,
3,0.25,2.65,0.8,-0.9,false,,,,
3,0.25,2.65,0.8,-0.95,false,,,,
3,0.25,2.65,0.8,-1,false,,,,
3,0.25,2.65,0.6,-0,false,,,,
3,0.25,2.65,0.6,-0.05,false,,,,
3,0.25,2.65,0.6,-0.1,false,,,,
3,0.25,2.65,0.6,-0.15,false,,,,
3,0.25,2.65,0.6,-0.2,false,,,,
3,0.25,2.65,0.6,-0.25,false,,,,
3,0.25,2.65,0.6,-0.3,false,,,,
3,0.25,2.65,0.6,-0.35,false,,,,
3,0.25,2.65,0.6,-0.4,false,,,,
3,0.25,2.65,0.6,-0.45,false,,,,
3,0.25,2.65,0.6,-0.5,false,,,,
3,0.25,2.65,0.6,-0.55,false,,,,
3,0.25,2.65,0.6,-0.6,false,,,,
3,0.25,2.65,0.6,-0.65,false,,,,
3,0.25,2.65,0.6,-0.7,false,,,,
3,0.25,2.65,0.6,-0.75,false,,,,
3,0.25,2.65,0.6,-0.8,false,,,,
3,0.25,2.65,0.6,-0.85,false,,,,
3,0.25,2.65,0.6,-0.9,false,,,,
3,0.25,2.65,0.6,-0.95,false,,,,
3,0.25,2.65,0.6,-1,false,,,,
3,0.25,2.65,0.4,-0,false,,,,
3,0.25,2.65,0.4,-0.05,false,,,,
3,0.25,2.65,0.4,-0.1,false,,,,
3,0.25,2.65,0.4,-0.15,false,,,,
3,0.25,2.65,0.4,-0.2,false,,,,
3,0.25,2.65,0.4,-0.25,false,,,,
3,0.25,2.65,0.4,-0.3,false,,,,
3,0.25,2.65,0.4,-0.35,false,,,,
3,0.25,2.65,0.4,-0.4,false,,,,
3,0.25,2.65,0.4,-0.45,false,,,,
3,0.25,2.65,0.4,-0.5,false,,,,
3,0.25,2.65,0.4,-0.55,false,,,,
3,0.25,2.65,0.4,-0.6,false,,,,
3,0.25,2.65,0.4,-0.65,false,,,,
3,0.25,2.65,0.4,-0.7,false,,,,
3,0.25,2.65,0.4,-0.75,false,,,,
3,0.25,2.65,0.4,-0.8,false,,,,
3,0.25,2.65,0.4,-0.85,false,,,,
3,0.25,2.65,0.4,-0.9,false,,,,
3,0.25,2.65,0.4,-0.95,false,,,,
3,0.25,2.65,0.4,-1,false,,,,
3,0.25,2.65,0.2,-0,false,,,,
3,0.25,2.65,0.2,-0.05,false,,,,
3,0.25,2.65,0.2,-0.1,false,,,,
3,0.25,2.65,0.2,-0.15,false,,,,
3,0.25,2.65,0.2,-0.2,false,,,,
3,0.25,2.65,0.2,-0.25,false,,,,
3,0.25,2.65,0.2,-0.3,false,,,,
3,0.25,2.65,0.2,-0.35,false,,,,
3,0.25,2.65,0.2,-0.4,false,,,,
3,0.25,2.65,0.2,-0.45,false,,,,
3,0.25,2.65,0.2,-0.5,false,,,,
3,0.25,2.65,0.2,-0.55,false,,,,
3,0.25,2.65,0.2,-0.6,false,,,,
3,0.25,2.65,0.2,-0.65,false,,,,
3,0.25,2.65,0.2,-0.7,false,,,,
3,0.25,2.65,0.2,-0.75,false,,,,
3,0.25,2.65,0.2,-0.8,false,,,,
3,0.25,2.65,0.2,-0.85,false,,,,
3,0.25,2.65,0.2,-0.9,false,,,,
3,0.25,2.65,0.2,-0.95,false,,,,
3,0.25,2.65,0.2,-1,false,,,,
3,0.25,2.65,0,-0.05,false,,,,
3,0.25,2.65,0,-0.1,false,,,,
3,0.25,2.65,0,-0.15,false,,,,
3,0.25,2.65,0,-0.2,false,,,,
3,0.25,2.65,0,-0.25,false,,,,
3,0.25,2.65,0,-0.3,false,,,,
3,0.25,2.65,0,-0.35,false,,,,
3,0.25,2.65,0,-0.4,false,,,,
3,0.25,2.65,0,-0.45,false,,,,
3,0.25,2.65,0,-0.5,false,,,,
3,0.25,2.65,0,-0.55,false,,,,
3,0.25,2.65,0,-0.6,false,,,,
3,0.25,2.65,0,-0.65,false,,,,
3,0.25,2.65,0,-0.7,false,,,,
3,0.25,2.65,0,-0.75,false,,,,
3,0.25,2.65,0,-0.8,false,,,,
3,0.25,2.65,0,-0.85,false,,,,
3,0.25,2.65,0,-0.9,false,,,,
3,0.25,2.65,0,-0.95,false,,,,
3,0.25,2.65,0,-1,false,,,,
3,0.25,2.675,1,-0,false,,,,
3,0.25,2.675,1,-0.05,false,,,,
3,0.25,2.675,1,-0.1,false,,,,
3,0.25,2.675,1,-0.15,false,,,,
3,0.25,2.675,1,-0.2,false,,,,
3,0.25,2.675,1,-0.25,false,,,,
3,0.25,2.675,1,-0.3,false,,,,
3,0.25,2.675,1,-0.35,false,,,,
3,0.25,2.675,1,-0.4,false,,,,
3,0.25,2.675,1,-0.45,false,,,,
3,0.25,2.675,1,-0.5,false,,,,
3,0.25,2.675,1,-0.55,false,,,,
3,0.25,2.675,1,-0.6,false,,,,
3,0.25,2.675,1,-0.65,false,,,,
3,0.25,2.675,1,-0.7,false,,,,
3,0.25,2.675,1,-0.75,false,,,,
3,0.25,2.675,1,-0.8,false,,,,
3,0.25,2.675,1,-0.85,false,,,,
3,0.25,2.675,1,-0.9,false,,,,
3,0.25,2.675,1,-0.95,false,,,,
3,0.25,2.675,1,-1,true,0.3885858079,0.2747326272,0.3908173507,0.3057868551
3,0.25,2.675,0.8,-0,false,,,,
3,0.25,2.675,0.8,-0.05,false,,,,
3,0.25,2.675,0.8,-0.1,false,,,,
3,0.25,2.675,0.8,-0.15,false,,,,
3,0.25,2.675,0.8,-0.2,false,,,,
3,0.25,2.675,0.8,-0.25,false,,,,
3,0.25,2.675,0.8,-0.3,false,,,,
3,0.25,2.675,0.8,-0.35,false,,,,
3,0.25,2.675,0.8,-0.4,false,,,,
3,0.25,2.675,0.8,-0.45,false,,,,
3,0.25,2.675,0.8,-0.5,false,,,,
3,0.25,2.675,0.8,-0.55,false,,,,
3,0.25,2.675,0.8,-0.6,false,,,,
3,0.25,2.675,0.8,-0.65,false,,,,
3,0.25,2.675,0.8,-0.7,false,,,,
3,0.25,2.675,0.8,-0.75,false,,,,
3,0.25,2.675,0.8,-0.8,false,,,,
3,0.25,2.675,0.8,-0.85,false,,,,
3,0.25,2.675,0.8,-0.9,false,,,,
3,0.25,2.675,0.8,-0.95,false,,,,
3,0.25,2.675,0.8,-1,false,,,,
3,0.25,2.675,0.6,-0,false,,,,
3,0.25,2.675,0.6,-0.05,false,,,,
3,0.25,2.675,0.6,-0.1,false,,,,
3,0.25,2.675,0.6,-0.15,false,,,,
3,0.25,2.675,0.6,-0.2,false,,,,
3,0.25,2.675,0.6,-0.25,false,,,,
3,0.25,2.675,0.6,-0.3,false,,,,
3,0.25,2.675,0.6,-0.35,false,,,,
3,0.25,2.675,0.6,-0.4,false,,,,
3,0.25,2.675,0.6,-0.45,false,,,,
3,0.25,2.675,0.6,-0.5,false,,,,
3,0.25,2.675,0.6,-0.55,false,,,,
3,0.25,2.675,0.6,-0.6,false,,,,
3,0.25,2.675,0.6,-0.65,false,,,,
3,0.25,2.675,0.6,-0.7,false,,,,
3,0.25,2.675,0.6,-0.75,false,,,,
3,0.25,2.675,0.6,-0.8,false,,,,
3,0.25,2.675,0.6,-0.85,false,,,,
3,0.25,2.675,0.6,-0.9,false,,,,
3,0.25,2.675,0.6,-0.95,false,,,,
3,0.25,2.675,0.6,-1,false,,,,
3,0.25,2.675,0.4,-0,false,,,,
3,0.25,2.675,0.4,-0.05,false,,,,
3,0.25,2.675,0.4,-0.1,false,,,,
3,0.25,2.675,0.4,-0.15,false,,,,
3,0.25,2.675,0.4,-0.2,false,,,,
3,0.25,2.675,0.4,-0.25,false,,,,
3,0.25,2.675,0.4,-0.3,false,,,,
3,0.25,2.675,0.4,-0.35,false,,,,
3,0.25,2.675,0.4,-0.4,false,,,,
3,0.25,2.675,0.4,-0.45,false,,,,
3,0.25,2.675,0.4,-0.5,false,,,,
3,0.25,2.675,0.4,-0.55,false,,,,
3,0.25,2.675,0.4,-0.6,false,,,,
3,0.25,2.675,0.4,-0.65,false,,,,
3,0.25,2.675,0.4,-0.7,false,,,,
3,0.25,2.675,0.4,-0.75,false,,,,
3,0.25,2.675,0.4,-0.8,false,,,,
3,0.25,2.675,0.4,-0.85,false,,,,
3,0.25,2.675,0.4,-0.9,false,,,,
3,0.25,2.675,0.4,-0.95,false,,,,
3,0.25,2.675,0.4,-1,false,,,,
3,0.25,2.675,0.2,-0,false,,,,
3,0.25,2.675,0.2,-0.05,false,,,,
3,0.25,2.675,0.2,-0.1,false,,,,
3,0.25,2.675,0.2,-0.15,false,,,,
3,0.25,2.675,0.2,-0.2,false,,,,
3,0.25,2.675,0.2,-0.25,false,,,,
3,0.25,2.675,0.2,-0.3,false,,,,
3,0.25,2.675,0.2,-0.35,false,,,,
3,0.25,2.675,0.2,-0.4,false,,,,
3,0.25,2.675,0.2,-0.45,false,,,,
3,0.25,2.675,0.2,-0.5,false,,,,
3,0.25,2.675,0.2,-0.55,false,,,,
3,0.25,2.675,0.2,-0.6,false,,,,
3,0.25,2.675,0.2,-0.65,false,,,,
3,0.25,2.675,0.2,-0.7,false,,,,
3,0.25,2.675,0.2,-0.75,false,,,,
3,0.25,2.675,0.2,-0.8,false,,,,
3,0.25,2.675,0.2,-0.85,false,,,,
3,0.25,2.675,0.2,-0.9,false,,,,
3,0.25,2.675,0.2,-0.95,false,,,,
3,0.25,2.675,0.2,-1,false,,,,
3,0.25,2.675,0,-0.05,false,,,,
3,0.25,2.675,0,-0.1,false,,,,
3,0.25,2.675,0,-0.15,false,,,,
3,0.25,2.675,0,-0.2,false,,,,
3,0.25,2.675,0,-0.25,false,,,,
3,0.25,2.675,0,-0.3,false,,,,
3,0.25,2.675,0,-0.35,false,,,,
3,0.25,2.675,0,-0.4,false,,,,
3,0.25,2.675,0,-0.45,false,,,,
3,0.25,2.675,0,-0.5,false,,,,
3,0.25,2.675,0,-0.55,false,,,,
3,0.25,2.675,0,-0.6,false,,,,
3,0.25,2.675,0,-0.65,false,,,,
3,0.25,2.675,0,-0.7,false,,,,
3,0.25,2.675,0,-0.75,false,,,,
3,0.25,2.675,0,-0.8,false,,,,
3,0.25,2.675,0,-0.85,false,,,,
3,0.25,2.675,0,-0.9,false,,,,
3,0.25,2.675,0,-0.95,false,,,,
3,0.25,2.675,0,-1,false,,,,
3,0.25,2.7,1,-0,false,,,,
3,0.25,2.7,1,-0.05,false,,,,
3,0.25,2.7,1,-0.1,false,,,,
3,0.25,2.7,1,-0.15,false,,,,
3,0.25,2.7,1,-0.2,false,,,,
3,0.25,2.7,1,-0.25,false,,,,
3,0.25,2.7,1,-0.3,false,,,,
3,0.25,2.7,1,-0.35,false,,,,
3,0.25,2.7,1,-0.4,false,,,,
3,0.25,2.7,1,-0.45,false,,,,
3,0.25,2.7,1,-0.5,false,,,,
3,0.25,2.7,1,-0.55,false,,,,
3,0.25,2.7,1,-0.6,false,,,,
3,0.25,2.7,1,-0.65,false,,,,
3,0.25,2.7,1,-0.7,false,,,,
3,0.25,2.7,1,-0.75,false,,,,
3,0.25,2.7,1,-0.8,false,,,,
3,0.25,2.7,1,-0.85,false,,,,
3,0.25,2.7,1,-0.9,false,,,,
3,0.25,2.7,1,-0.95,false,,,,
3,0.25,2.7,1,-1,true,0.3852509786,0.2724435266,0.3874857673,0.3087883595
3,0.25,2.7,0.8,-0,false,,,,
3,0.25,2.7,0.8,-0.05,false,,,,
3,0.25,2.7,0.8,-0.1,false,,,,
3,0.25,2.7,0.8,-0.15,false,,,,
3,0.25,2.7,0.8,-0.2,false,,,,
3,0.25,2.7,0.8,-0.25,false,,,,
3,0.25,2.7,0.8,-0.3,false,,,,
3,0.25,2.7,0.8,-0.35,false,,,,
3,0.25,2.7,0.8,-0.4,false,,,,
3,0.25,2.7,0.8,-0.45,false,,,,
3,0.25,2.7,0.8,-0.5,false,,,,
3,0.25,2.7,0.8,-0.55,false,,,,
3,0.25,2.7,0.8,-0.6,false,,,,
3,0.25,2.7,0.8,-0.65,false,,,,
3,0.25,2.7,0.8,-0.7,false,,,,
3,0.25,2.7,0.8,-0.75,false,,,,
3,0.25,2.7,0.8,-0.8,false,,,,
3,0.25,2.7,0.8,-0.85,false,,,,
3,0.25,2.7,0.8,-0.9,false,,,,
3,0.25,2.7,0.8,-0.95,false,,,,
3,0.25,2.7,0.8,-1,false,,,,
3,0.25,2.7,0.6,-0,false,,,,
3,0.25,2.7,0.6,-0.05,false,,,,
3,0.25,2.7,0.6,-0.1,false,,,,
3,0.25,2.7,0.6,-0.15,false,,,,
3,0.25,2.7,0.6,-0.2,false,,,,
3,0.25,2.7,0.6,-0.25,false,,,,
3,0.25,2.7,0.6,-0.3,false,,,,
3,0.25,2.7,0.6,-0.35,false,,,,
3,0.25,2.7,0.6,-0.4,false,,,,
3,0.25,2.7,0.6,-0.45,false,,,,
3,0.25,2.7,0.6,-0.5,false,,,,
3,0.25,2.7,0.6,-0.55,false,,,,
3,0.25,2.7,0.6,-0.6,false,,,,
3,0.25,2.7,0.6,-0.65,false,,,,
3,0.25,2.7,0.6,-0.7,false,,,,
3,0.25,2.7,0.6,-0.75,false,,,,
3,0.25,2.7,0.6,-0.8,false,,,,
3,0.25,2.7,0.6,-0.85,false,,,,
3,0.25,2.7,0.6,-0.9,false,,,,
3,0.25,2.7,0.6,-0.95,false,,,,
3,0.25,2.7,0.6,-1,false,,,,
3,0.25,2.7,0.4,-0,false,,,,
3,0.25,2.7,0.4,-0.05,false,,,,
3,0.25,2.7,0.4,-0.1,false,,,,
3,0.25,2.7,0.4,-0.15,false,,,,
3,0.25,2.7,0.4,-0.2,false,,,,
3,0.25,2.7,0.4,-0.25,false,,,,
3,0.25,2.7,0.4,-0.3,false,,,,
3,0.25,2.7,0.4,-0.35,false,,,,
3,0.25,2.7,0.4,-0.4,false,,,,
3,0.25,2.7,0.4,-0.45,false,,,,
3,0.25,2.7,0.4,-0.5,false,,,,
3,0.25,2.7,0.4,-0.55,false,,,,
3,0.25,2.7,0.4,-0.6,false,,,,
3,0.25,2.7,0.4,-0.65,false,,,,
3,0.25,2.7,0.4,-0.7,false,,,,
3,0.25,2.7,0.4,-0.75,false,,,,
3,0.25,2.7,0.4,-0.8,false,,,,
3,0.25,2.7,0.4,-0.85,false,,,,
3,0.25,2.7,0.4,-0.9,false,,,,
3,0.25,2.7,0.4,-0.95,false,,,,
3,0.25,2.7,0.4,-1,false,,,,
3,0.25,2.7,0.2,-0,false,,,,
3,0.25,2.7,0.2,-0.05,false,,,,
3,0.25,2.7,0.2,-0.1,false,,,,
3,0.25,2.7,0.2,-0.15,false,,,,
3,0.25,2.7,0.2,-0.2,false,,,,
3,0.25,2.7,0.2,-0.25,false,,,,
3,0.25,2.7,0.2,-0.3,false,,,,
3,0.25,2.7,0.2,-0.35,false,,,,
3,0.25,2.7,0.2,-0.4,false,,,,
3,0.25,2.7,0.2,-0.45,false,,,,
3,0.25,2.7,0.2,-0.5,false,,,,
3,0.25,2.7,0.2,-0.55,false,,,,
3,0.25,2.7,0.2,-0.6,false,,,,
3,0.25,2.7,0.2,-0.65,false,,,,
3,0.25,2.7,0.2,-0.7,false,,,,
3,0.25,2.7,0.2,-0.75,false,,,,
3,0.25,2.7,0.2,-0.8,false,,,,
3,0.25,2.7,0.2,-0.85,false,,,,
3,0.25,2.7,0.2,-0.9,false,,,,
3,0.25,2.7,0.2,-0.95,false,,,,
3,0.25,2.7,0.2,-1,false,,,,
3,0.25,2.7,0,-0.05,false,,,,
3,0.25,2.7,0,-0.1,false,,,,
3,0.25,2.7,0,-0.15,false,,,,
3,0.25,2.7,0,-0.2,false,,,,
3,0.25,2.7,0,-0.25,false,,,,
3,0.25,2.7,0,-0.3,false,,,,
3,0.25,2.7,0,-0.35,false,,,,
3,0.25,2.7,0,-0.4,false,,,,
3,0.25,2.7,0,-0.45,false,,,,
3,0.25,2.7,0,-0.5,false,,,,
3,0.25,2.7,0,-0.55,false,,,,
3,0.25,2.7,0,-0.6,false,,,,
3,0.25,2.7,0,-0.65,false,,,,
3,0.25,2.7,0,-0.7,false,,,,
3,0.25,2.7,0,-0.75,false,,,,
3,0.25,2.7,0,-0.8,false,,,,
3,0.25,2.7,0,-0.85,false,,,,
3,0.25,2.7,0,-0.9,false,,,,
3,0.25,2.7,0,-0.95,false,,,,
3,0.25,2.7,0,-1,false,,,,
3,0.25,2.725,1,-0,false,,,,
3,0.25,2.725,1,-0.05,false,,,,
3,0.25,2.725,1,-0.1,false,,,,
3,0.25,2.725,1,-0.15,false,,,,
3,0.25,2.725,1,-0.2,false,,,,
3,0.25,2.725,1,-0.25,false,,,,
3,0.25,2.725,1,-0.3,false,,,,
3,0.25,2.725,1,-0.35,false,,,,
3,0.25,2.725,1,-0.4,false,,,,
3,0.25,2.725,1,-0.45,false,,,,
3,0.25,2.725,1,-0.5,false,,,,
3,0.25,2.725,1,-0.55,false,,,,
3,0.25,2.725,1,-0.6,false,,,,
3,0.25,2.725,1,-0.65,false,,,,
3,0.25,2.725,1,-0.7,false,,,,
3,0.25,2.725,1,-0.75,false,,,,
3,0.25,2.725,1,-0.8,false,,,,
3,0.25,2.725,1,-0.85,false,,,,
3,0.25,2.725,1,-0.9,false,,,,
3,0.25,2.725,1,-0.95,false,,,,
3,0.25,2.725,1,-1,true,0.3818604356,0.2701126072,0.3840985034,0.3117903757
3,0.25,2.725,0.8,-0,false,,,,
3,0.25,2.725,0.8,-0.05,false,,,,
3,0.25,2.725,0.8,-0.1,false,,,,
3,0.25,2.725,0.8,-0.15,false,,,,
3,0.25,2.725,0.8,-0.2,false,,,,
3,0.25,2.725,0.8,-0.25,false,,,,
3,0.25,2.725,0.8,-0.3,false,,,,
3,0.25,2.725,0.8,-0.35,false,,,,
3,0.25,2.725,0.8,-0.4,false,,,,
3,0.25,2.725,0.8,-0.45,false,,,,
3,0.25,2.725,0.8,-0.5,false,,,,
3,0.25,2.725,0.8,-0.55,false,,,,
3,0.25,2.725,0.8,-0.6,false,,,,
3,0.25,2.725,0.8,-0.65,false,,,,
3,0.25,2.725,0.8,-0.7,false,,,,
3,0.25,2.725,0.8,-0.75,false,,,,
3,0.25,2.725,0.8,-0.8,false,,,,
3,0.25,2.725,0.8,-0.85,false,,,,
3,0.25,2.725,0.8,-0.9,false,,,,
3,0.25,2.725,0.8,-0.95,false,,,,
3,0.25,2.725,0.8,-1,false,,,,
3,0.25,2.725,0.6,-0,false,,,,
3,0.25,2.725,0.6,-0.05,false,,,,
3,0.25,2.725,0.6,-0.1,false,,,,
3,0.25,2.725,0.6,-0.15,false,,,,
3,0.25,2.725,0.6,-0.2,false,,,,
3,0.25,2.725,0.6,-0.25,false,,,,
3,0.25,2.725,0.6,-0.3,false,,,,
3,0.25,2.725,0.6,-0.35,false,,,,
3,0.25,2.725,0.6,-0.4,false,,,,
3,0.25,2.725,0.6,-0.45,false,,,,
3,0.25,2.725,0.6,-0.5,false,,,,
3,0.25,2.725,0.6,-0.55,false,,,,
3,0.25,2.725,0.6,-0.6,false,,,,
3,0.25,2.725,0.6,-0.65,false,,,,
3,0.25,2.725,0.6,-0.7,false,,,,
3,0.25,2.725,0.6,-0.75,false,,,,
3,0.25,2.725,0.6,-0.8,false,,,,
3,0.25,2.725,0.6,-0.85,false,,,,
3,0.25,2.725,0.6,-0.9,false,,,,
3,0.25,2.725,0.6,-0.95,false,,,,
3,0.25,2.725,0.6,-1,false,,,,
3,0.25,2.725,0.4,-0,false,,,,
3,0.25,2.725,0.4,-0.05,false,,,,
3,0.25,2.725,0.4,-0.1,false,,,,
3,0.25,2.725,0.4,-0.15,false,,,,
3,0.25,2.725,0.4,-0.2,false,,,,
3,0.25,2.725,0.4,-0.25,false,,,,
3,0.25,2.725,0.4,-0.3,false,,,,
3,0.25,2.725,0.4,-0.35,false,,,,
3,0.25,2.725,0.4,-0.4,false,,,,
3,0.25,2.725,0.4,-0.45,false,,,,
3,0.25,2.725,0.4,-0.5,false,,,,
3,0.25,2.725,0.4,-0.55,false,,,,
3,0.25,2.725,0.4,-0.6,false,,,,
3,0.25,2.725,0.4,-0.65,false,,,,
3,0.25,2.725,0.4,-0.7,false,,,,
3,0.25,2.725,0.4,-0.75,false,,,,
3,0.25,2.725,0.4,-0.8,false,,,,
3,0.25,2.725,0.4,-0.85,false,,,,
3,0.25,2.725,0.4,-0.9,false,,,,
3,0.25,2.725,0.4,-0.95,false,,,,
3,0.25,2.725,0.4,-1,false,,,,
3,0.25,2.725,0.2,-0,false,,,,
3,0.25,2.725,0.2,-0.05,false,,,,
3,0.25,2.725,0.2,-0.1,false,,,,
3,0.25,2.725,0.2,-0.15,false,,,,
3,0.25,2.725,0.2,-0.2,false,,,,
3,0.25,2.725,0.2,-0.25,false,,,,
3,0.25,2.725,0.2,-0.3,false,,,,
3,0.25,2.725,0.2,-0.35,false,,,,
3,0.25,2.725,0.2,-0.4,false,,,,
3,0.25,2.725,0.2,-0.45,false,,,,
3,0.25,2.725,0.2,-0.5,false,,,,
3,0.25,2.725,0.2,-0.55,false,,,,
3,0.25,2.725,0.2,-0.6,false,,,,
3,0.25,2.725,0.2,-0.65,false,,,,
3,0.25,2.725,0.2,-0.7,false,,,,
3,0.25,2.725,0.2,-0.75,false,,,,
3,0.25,2.725,0.2,-0.8,false,,,,
3,0.25,2.725,0.2,-0.85,false,,,,
3,0.25,2.725,0.2,-0.9,false,,,,
3,0.25,2.725,0.2,-0.95,false,,,,
3,0.25,2.725,0.2,-1,false,,,,
3,0.25,2.725,0,-0.05,false,,,,
3,0.25,2.725,0,-0.1,false,,,,
3,0.25,2.725,0,-0.15,false,,,,
3,0.25,2.725,0,-0.2,false,,,,
3,0.25,2.725,0,-0.25,false,,,,
3,0.25,2.725,0,-0.3,false,,,,
3,0.25,2.725,0,-0.35,false,,,,
3,0.25,2.725,0,-0.4,false,,,,
3,0.25,2.725,0,-0.45,false,,,,
3,0.25,2.725,0,-0.5,false,,,,
3,0.25,2.725,0,-0.55,false,,,,
3,0.25,2.725,0,-0.6,false,,,,
3,0.25,2.725,0,-0.65,false,,,,
3,0.25,2.725,0,-0.7,false,,,,
3,0.25,2.725,0,-0.75,false,,,,
3,0.25,2.725,0,-0.8,false,,,,
3,0.25,2.725,0,-0.85,false,,,,
3,0.25,2.725,0,-0.9,false,,,,
3,0.25,2.725,0,-0.95,false,,,,
3,0.25,2.725,0,-1,false,,,,
3,0.25,2.75,1,-0,false,,,,
3,0.25,2.75,1,-0.05,false,,,,
3,0.25,2.75,1,-0.1,false,,,,
3,0.25,2.75,1,-0.15,false,,,,
3,0.25,2.75,1,-0.2,false,,,,
3,0.25,2.75,1,-0.25,false,,,,
3,0.25,2.75,1,-0.3,false,,,,
3,0.25,2.75,1,-0.35,false,,,,
3,0.25,2.75,1,-0.4,false,,,,
3,0.25,2.75,1,-0.45,false,,,,
3,0.25,2.75,1,-0.5,false,,,,
3,0.25,2.75,1,-0.55,false,,,,
3,0.25,2.75,1,-0.6,false,,,,
3,0.25,2.75,1,-0.65,false,,,,
3,0.25,2.75,1,-0.7,false,,,,
3,0.25,2.75,1,-0.75,false,,,,
3,0.25,2.75,1,-0.8,false,,,,
3,0.25,2.75,1,-0.85,false,,,,
3,0.25,2.75,1,-0.9,false,,,,
3,0.25,2.75,1,-0.95,false,,,,
3,0.25,2.75,1,-1,true,0.3784133438,0.2677384756,0.3804578304,0.3147923779
3,0.25,2.75,0.8,-0,false,,,,
3,0.25,2.75,0.8,-0.05,false,,,,
3,0.25,2.75,0.8,-0.1,false,,,,
3,0.25,2.75,0.8,-0.15,false,,,,
3,0.25,2.75,0.8,-0.2,false,,,,
3,0.25,2.75,0.8,-0.25,false,,,,
3,0.25,2.75,0.8,-0.3,false,,,,
3,0.25,2.75,0.8,-0.35,false,,,,
3,0.25,2.75,0.8,-0.4,false,,,,
3,0.25,2.75,0.8,-0.45,false,,,,
3,0.25,2.75,0.8,-0.5,false,,,,
3,0.25,2.75,0.8,-0.55,false,,,,
3,0.25,2.75,0.8,-0.6,false,,,,
3,0.25,2.75,0.8,-0.65,false,,,,
3,0.25,2.75,0.8,-0.7,false,,,,
3,0.25,2.75,0.8,-0.75,false,,,,
3,0.25,2.75,0.8,-0.8,false,,,,
3,0.25,2.75,0.8,-0.85,false,,,,
3,0.25,2.75,0.8,-0.9,false,,,,
3,0.25,2.75,0.8,-0.95,false,,,,
3,0.25,2.75,0.8,-1,false,,,,
3,0.25,2.75,0.6,-0,false,,,,
3,0.25,2.75,0.6,-0.05,false,,,,
3,0.25,2.75,0.6,-0.1,false,,,,
3,0.25,2.75,0.6,-0.15,false,,,,
3,0.25,2.75,0.6,-0.2,false,,,,
3,0.25,2.75,0.6,-0.25,false,,,,
3,0.25,2.75,0.6,-0.3,false,,,,
3,0.25,2.75,0.6,-0.35,false,,,,
3,0.25,2.75,0.6,-0.4,false,,,,
3,0.25,2.75,0.6,-0.45,false,,,,
3,0.25,2.75,0.6,-0.5,false,,,,
3,0.25,2.75,0.6,-0.55,false,,,,
3,0.25,2.75,0.6,-0.6,false,,,,
3,0.25,2.75,0.6,-0.65,false,,,,
3,0.25,2.75,0.6,-0.7,false,,,,
3,0.25,2.75,0.6,-0.75,false,,,,
3,0.25,2.75,0.6,-0.8,false,,,,
3,0.25,2.75,0.6,-0.85,false,,,,
3,0.25,2.75,0.6,-0.9,false,,,,
3,0.25,2.75,0.6,-0.95,false,,,,
3,0.25,2.75,0.6,-1,false,,,,
3,0.25,2.75,0.4,-0,false,,,,
3,0.25,2.75,0.4,-0.05,false,,,,
3,0.25,2.75,0.4,-0.1,false,,,,
3,0.25,2.75,0.4,-0.15,false,,,,
3,0.25,2.75,0.4,-0.2,false,,,,
3,0.25,2.75,0.4,-0.25,false,,,,
3,0.25,2.75,0.4,-0.3,false,,,,
3,0.25,2.75,0.4,-0.35,false,,,,
3,0.25,2.75,0.4,-0.4,false,,,,
3,0.25,2.75,0.4,-0.45,false,,,,
3,0.25,2.75,0.4,-0.5,false,,,,
3,0.25,2.75,0.4,-0.55,false,,,,
3,0.25,2.75,0.4,-0.6,false,,,,
3,0.25,2.75,0.4,-0.65,false,,,,
3,0.25,2.75,0.4,-0.7,false,,,,
3,0.25,2.75,0.4,-0.75,false,,,,
3,0.25,2.75,0.4,-0.8,false,,,,
3,0.25,2.75,0.4,-0.85,false,,,,
3,0.25,2.75,0.4,-0.9,false,,,,
3,0.25,2.75,0.4,-0.95,false,,,,
3,0.25,2.75,0.4,-1,false,,,,
3,0.25,2.75,0.2,-0,false,,,,
3,0.25,2.75,0.2,-0.05,false,,,,
3,0.25,2.75,0.2,-0.1,false,,,,
3,0.25,2.75,0.2,-0.15,false,,,,
3,0.25,2.75,0.2,-0.2,false,,,,
3,0.25,2.75,0.2,-0.25,false,,,,
3,0.25,2.75,0.2,-0.3,false,,,,
3,0.25,2.75,0.2,-0.35,false,,,,
3,0.25,2.75,0.2,-0.4,false,,,,
3,0.25,2.75,0.2,-0.45,false,,,,
3,0.25,2.75,0.2,-0.5,false,,,,
3,0.25,2.75,0.2,-0.55,false,,,,
3,0.25,2.75,0.2,-0.6,false,,,,
3,0.25,2.75,0.2,-0.65,false,,,,
3,0.25,2.75,0.2,-0.7,false,,,,
3,0.25,2.75,0.2,-0.75,false,,,,
3,0.25,2.75,0.2,-0.8,false,,,,
3,0.25,2.75,0.2,-0.85,false,,,,
3,0.25,2.75,0.2,-0.9,false,,,,
3,0.25,2.75,0.2,-0.95,false,,,,
3,0.25,2.75,0.2,-1,false,,,,
3,0.25,2.75,0,-0.05,false,,,,
3,0.25,2.75,0,-0.1,false,,,,
3,0.25,2.75,0,-0.15,false,,,,
3,0.25,2.75,0,-0.2,false,,,,
3,0.25,2.75,0,-0.25,false,,,,
3,0.25,2.75,0,-0.3,false,,,,
3,0.25,2.75,0,-0.35,false,,,,
3,0.25,2.75,0,-0.4,false,,,,
3,0.25,2.75,0,-0.45,false,,,,
3,0.25,2.75,0,-0.5,false,,,,
3,0.25,2.75,0,-0.55,false,,,,
3,0.25,2.75,0,-0.6,false,,,,
3,0.25,2.75,0,-0.65,false,,,,
3,0.25,2.75,0,-0.7,false,,,,
3,0.25,2.75,0,-0.75,false,,,,
3,0.25,2.75,0,-0.8,false,,,,
3,0.25,2.75,0,-0.85,false,,,,
3,0.25,2.75,0,-0.9,false,,,,
3,0.25,2.75,0,-0.95,false,,,,
3,0.25,2.75,0,-1,false,,,,
3,0.25,2.775,1,-0,false,,,,
3,0.25,2.775,1,-0.05,false,,,,
3,0.25,2.775,1,-0.1,false,,,,
3,0.25,2.775,1,-0.15,false,,,,
3,0.25,2.775,1,-0.2,false,,,,
3,0.25,2.775,1,-0.25,false,,,,
3,0.25,2.775,1,-0.3,false,,,,
3,0.25,2.775,1,-0.35,false,,,,
3,0.25,2.775,1,-0.4,false,,,,
3,0.25,2.775,1,-0.45,false,,,,
3,0.25,2.775,1,-0.5,false,,,,
3,0.25,2.775,1,-0.55,false,,,,
3,0.25,2.775,1,-0.6,false,,,,
3,0.25,2.775,1,-0.65,false,,,,
3,0.25,2.775,1,-0.7,false,,,,
3,0.25,2.775,1,-0.75,false,,,,
3,0.25,2.775,1,-0.8,false,,,,
3,0.25,2.775,1,-0.85,false,,,,
3,0.25,2.775,1,-0.9,false,,,,
3,0.25,2.775,1,-0.95,false,,,,
3,0.25,2.775,1,-1,true,0.3749084917,0.2653195858,0.3769547711,0.3177943663
3,0.25,2.775,0.8,-0,false,,,,
3,0.25,2.775,0.8,-0.05,false,,,,
3,0.25,2.775,0.8,-0.1,false,,,,
3,0.25,2.775,0.8,-0.15,false,,,,
3,0.25,2.775,0.8,-0.2,false,,,,
3,0.25,2.775,0.8,-0.25,false,,,,
3,0.25,2.775,0.8,-0.3,false,,,,
3,0.25,2.775,0.8,-0.35,false,,,,
3,0.25,2.775,0.8,-0.4,false,,,,
3,0.25,2.775,0.8,-0.45,false,,,,
3,0.25,2.775,0.8,-0.5,false,,,,
3,0.25,2.775,0.8,-0.55,false,,,,
3,0.25,2.775,0.8,-0.6,false,,,,
3,0.25,2.775,0.8,-0.65,false,,,,
3,0.25,2.775,0.8,-0.7,false,,,,
3,0.25,2.775,0.8,-0.75,false,,,,
3,0.25,2.775,0.8,-0.8,false,,,,
3,0.25,2.775,0.8,-0.85,false,,,,
3,0.25,2.775,0.8,-0.9,false,,,,
3,0.25,2.775,0.8,-0.95,false,,,,
3,0.25,2.775,0.8,-1,false,,,,
3,0.25,2.775,0.6,-0,false,,,,
3,0.25,2.775,0.6,-0.05,false,,,,
3,0.25,2.775,0.6,-0.1,false,,,,
3,0.25,2.775,0.6,-0.15,false,,,,
3,0.25,2.775,0.6,-0.2,false,,,,
3,0.25,2.775,0.6,-0.25,false,,,,
3,0.25,2.775,0.6,-0.3,false,,,,
3,0.25,2.775,0.6,-0.35,false,,,,
3,0.25,2.775,0.6,-0.4,false,,,,
3,0.25,2.775,0.6,-0.45,false,,,,
3,0.25,2.775,0.6,-0.5,false,,,,
3,0.25,2.775,0.6,-0.55,false,,,,
3,0.25,2.775,0.6,-0.6,false,,,,
3,0.25,2.775,0.6,-0.65,false,,,,
3,0.25,2.775,0.6,-0.7,false,,,,
3,0.25,2.775,0.6,-0.75,false,,,,
3,0.25,2.775,0.6,-0.8,false,,,,
3,0.25,2.775,0.6,-0.85,false,,,,
3,0.25,2.775,0.6,-0.9,false,,,,
3,0.25,2.775,0.6,-0.95,false,,,,
3,0.25,2.775,0.6,-1,false,,,,
3,0.25,2.775,0.4,-0,false,,,,
3,0.25,2.775,0.4,-0.05,false,,,,
3,0.25,2.775,0.4,-0.1,false,,,,
3,0.25,2.775,0.4,-0.15,false,,,,
3,0.25,2.775,0.4,-0.2,false,,,,
3,0.25,2.775,0.4,-0.25,false,,,,
3,0.25,2.775,0.4,-0.3,false,,,,
3,0.25,2.775,0.4,-0.35,false,,,,
3,0.25,2.775,0.4,-0.4,false,,,,
3,0.25,2.775,0.4,-0.45,false,,,,
3,0.25,2.775,0.4,-0.5,false,,,,
3,0.25,2.775,0.4,-0.55,false,,,,
3,0.25,2.775,0.4,-0.6,false,,,,
3,0.25,2.775,0.4,-0.65,false,,,,
3,0.25,2.775,0.4,-0.7,false,,,,
3,0.25,2.775,0.4,-0.75,false,,,,
3,0.25,2.775,0.4,-0.8,false,,,,
3,0.25,2.775,0.4,-0.85,false,,,,
3,0.25,2.775,0.4,-0.9,false,,,,
3,0.25,2.775,0.4,-0.95,false,,,,
3,0.25,2.775,0.4,-1,false,,,,
3,0.25,2.775,0.2,-0,false,,,,
3,0.25,2.775,0.2,-0.05,false,,,,
3,0.25,2.775,0.2,-0.1,false,,,,
3,0.25,2.775,0.2,-0.15,false,,,,
3,0.25,2.775,0.2,-0.2,false,,,,
3,0.25,2.775,0.2,-0.25,false,,,,
3,0.25,2.775,0.2,-0.3,false,,,,
3,0.25,2.775,0.2,-0.35,false,,,,
3,0.25,2.775,0.2,-0.4,false,,,,
3,0.25,2.775,0.2,-0.45,false,,,,
3,0.25,2.775,0.2,-0.5,false,,,,
3,0.25,2.775,0.2,-0.55,false,,,,
3,0.25,2.775,0.2,-0.6,false,,,,
3,0.25,2.775,0.2,-0.65,false,,,,
3,0.25,2.775,0.2,-0.7,false,,,,
3,0.25,2.775,0.2,-0.75,false,,,,
3,0.25,2.775,0.2,-0.8,false,,,,
3,0.25,2.775,0.2,-0.85,false,,,,
3,0.25,2.775,0.2,-0.9,false,,,,
3,0.25,2.775,0.2,-0.95,false,,,,
3,0.25,2.775,0.2,-1,false,,,,
3,0.25,2.775,0,-0.05,false,,,,
3,0.25,2.775,0,-0.1,false,,,,
3,0.25,2.775,0,-0.15,false,,,,
3,0.25,2.775,0,-0.2,false,,,,
3,0.25,2.775,0,-0.25,false,,,,
3,0.25,2.775,0,-0.3,false,,,,
3,0.25,2.775,0,-0.35,false,,,,
3,0.25,2.775,0,-0.4,false,,,,
3,0.25,2.775,0,-0.45,false,,,,
3,0.25,2.775,0,-0.5,false,,,,
3,0.25,2.775,0,-0.55,false,,,,
3,0.25,2.775,0,-0.6,false,,,,
3,0.25,2.775,0,-0.65,false,,,,
3,0.25,2.775,0,-0.7,false,,,,
3,0.25,2.775,0,-0.75,false,,,,
3,0.25,2.775,0,-0.8,false,,,,
3,0.25,2.775,0,-0.85,false,,,,
3,0.25,2.775,0,-0.9,false,,,,
3,0.25,2.775,0,-0.95,false,,,,
3,0.25,2.775,0,-1,false,,,,
3,0.25,2.8,1,-0,false,,,,
3,0.25,2.8,1,-0.05,false,,,,
3,0.25,2.8,1,-0.1,false,,,,
3,0.25,2.8,1,-0.15,false,,,,
3,0.25,2.8,1,-0.2,false,,,,
3,0.25,2.8,1,-0.25,false,,,,
3,0.25,2.8,1,-0.3,false,,,,
3,0.25,2.8,1,-0.35,false,,,,
3,0.25,2.8,1,-0.4,false,,,,
3,0.25,2.8,1,-0.45,false,,,,
3,0.25,2.8,1,-0.5,false,,,,
3,0.25,2.8,1,-0.55,false,,,,
3,0.25,2.8,1,-0.6,false,,,,
3,0.25,2.8,1,-0.65,false,,,,
3,0.25,2.8,1,-0.7,false,,,,
3,0.25,2.8,1,-0.75,false,,,,
3,0.25,2.8,1,-0.8,false,,,,
3,0.25,2.8,1,-0.85,false,,,,
3,0.25,2.8,1,-0.9,false,,,,
3,0.25,2.8,1,-0.95,false,,,,
3,0.25,2.8,1,-1,true,0.3713446319,0.2628562426,0.3733924076,0.320796341
3,0.25,2.8,0.8,-0,false,,,,
3,0.25,2.8,0.8,-0.05,false,,,,
3,0.25,2.8,0.8,-0.1,false,,,,
3,0.25,2.8,0.8,-0.15,false,,,,
3,0.25,2.8,0.8,-0.2,false,,,,
3,0.25,2.8,0.8,-0.25,false,,,,
3,0.25,2.8,0.8,-0.3,false,,,,
3,0.25,2.8,0.8,-0.35,false,,,,
3,0.25,2.8,0.8,-0.4,false,,,,
3,0.25,2.8,0.8,-0.45,false,,,,
3,0.25,2.8,0.8,-0.5,false,,,,
3,0.25,2.8,0.8,-0.55,false,,,,
3,0.25,2.8,0.8,-0.6,false,,,,
3,0.25,2.8,0.8,-0.65,false,,,,
3,0.25,2.8,0.8,-0.7,false,,,,
3,0.25,2.8,0.8,-0.75,false,,,,
3,0.25,2.8,0.8,-0.8,false,,,,
3,0.25,2.8,0.8,-0.85,false,,,,
3,0.25,2.8,0.8,-0.9,false,,,,
3,0.25,2.8,0.8,-0.95,false,,,,
3,0.25,2.8,0.8,-1,false,,,,
3,0.25,2.8,0.6,-0,false,,,,
3,0.25,2.8,0.6,-0.05,false,,,,
3,0.25,2.8,0.6,-0.1,false,,,,
3,0.25,2.8,0.6,-0.15,false,,,,
3,0.25,2.8,0.6,-0.2,false,,,,
3,0.25,2.8,0.6,-0.25,false,,,,
3,0.25,2.8,0.6,-0.3,false,,,,
3,0.25,2.8,0.6,-0.35,false,,,,
3,0.25,2.8,0.6,-0.4,false,,,,
3,0.25,2.8,0.6,-0.45,false,,,,
3,0.25,2.8,0.6,-0.5,false,,,,
3,0.25,2.8,0.6,-0.55,false,,,,
3,0.25,2.8,0.6,-0.6,false,,,,
3,0.25,2.8,0.6,-0.65,false,,,,
3,0.25,2.8,0.6,-0.7,false,,,,
3,0.25,2.8,0.6,-0.75,false,,,,
3,0.25,2.8,0.6,-0.8,false,,,,
3,0.25,2.8,0.6,-0.85,false,,,,
3,0.25,2.8,0.6,-0.9,false,,,,
3,0.25,2.8,0.6,-0.95,false,,,,
3,0.25,2.8,0.6,-1,false,,,,
3,0.25,2.8,0.4,-0,false,,,,
3,0.25,2.8,0.4,-0.05,false,,,,
3,0.25,2.8,0.4,-0.1,false,,,,
3,0.25,2.8,0.4,-0.15,false,,,,
3,0.25,2.8,0.4,-0.2,false,,,,
3,0.25,2.8,0.4,-0.25,false,,,,
3,0.25,2.8,0.4,-0.3,false,,,,
3,0.25,2.8,0.4,-0.35,false,,,,
3,0.25,2.8,0.4,-0.4,false,,,,
3,0.25,2.8,0.4,-0.45,false,,,,
3,0.25,2.8,0.4,-0.5,false,,,,
3,0.25,2.8,0.4,-0.55,false,,,,
3,0.25,2.8,0.4,-0.6,false,,,,
3,0.25,2.8,0.4,-0.65,false,,,,
3,0.25,2.8,0.4,-0.7,false,,,,
3,0.25,2.8,0.4,-0.75,false,,,,
3,0.25,2.8,0.4,-0.8,false,,,,
3,0.25,2.8,0.4,-0.85,false,,,,
3,0.25,2.8,0.4,-0.9,false,,,,
3,0.25,2.8,0.4,-0.95,false,,,,
3,0.25,2.8,0.4,-1,false,,,,
3,0.25,2.8,0.2,-0,false,,,,
3,0.25,2.8,0.2,-0.05,false,,,,
3,0.25,2.8,0.2,-0.1,false,,,,
3,0.25,2.8,0.2,-0.15,false,,,,
3,0.25,2.8,0.2,-0.2,false,,,,
3,0.25,2.8,0.2,-0.25,false,,,,
3,0.25,2.8,0.2,-0.3,false,,,,
3,0.25,2.8,0.2,-0.35,false,,,,
3,0.25,2.8,0.2,-0.4,false,,,,
3,0.25,2.8,0.2,-0.45,false,,,,
3,0.25,2.8,0.2,-0.5,false,,,,
3,0.25,2.8,0.2,-0.55,false,,,,
3,0.25,2.8,0.2,-0.6,false,,,,
3,0.25,2.8,0.2,-0.65,false,,,,
3,0.25,2.8,0.2,-0.7,false,,,,
3,0.25,2.8,0.2,-0.75,false,,,,
3,0.25,2.8,0.2,-0.8,false,,,,
3,0.25,2.8,0.2,-0.85,false,,,,
3,0.25,2.8,0.2,-0.9,false,,,,
3,0.25,2.8,0.2,-0.95,false,,,,
3,0.25,2.8,0.2,-1,false,,,,
3,0.25,2.8,0,-0.05,false,,,,
3,0.25,2.8,0,-0.1,false,,,,
3,0.25,2.8,0,-0.15,false,,,,
3,0.25,2.8,0,-0.2,false,,,,
3,0.25,2.8,0,-0.25,false,,,,
3,0.25,2.8,0,-0.3,false,,,,
3,0.25,2.8,0,-0.35,false,,,,
3,0.25,2.8,0,-0.4,false,,,,
3,0.25,2.8,0,-0.45,false,,,,
3,0.25,2.8,0,-0.5,false,,,,
3,0.25,2.8,0,-0.55,false,,,,
3,0.25,2.8,0,-0.6,false,,,,
3,0.25,2.8,0,-0.65,false,,,,
3,0.25,2.8,0,-0.7,false,,,,
3,0.25,2.8,0,-0.75,false,,,,
3,0.25,2.8,0,-0.8,false,,,,
3,0.25,2.8,0,-0.85,false,,,,
3,0.25,2.8,0,-0.9,false,,,,
3,0.25,2.8,0,-0.95,false,,,,
3,0.25,2.8,0,-1,false,,,,
3,0.25,2.825,1,-0,false,,,,
3,0.25,2.825,1,-0.05,false,,,,
3,0.25,2.825,1,-0.1,false,,,,
3,0.25,2.825,1,-0.15,false,,,,
3,0.25,2.825,1,-0.2,false,,,,
3,0.25,2.825,1,-0.25,false,,,,
3,0.25,2.825,1,-0.3,false,,,,
3,0.25,2.825,1,-0.35,false,,,,
3,0.25,2.825,1,-0.4,false,,,,
3,0.25,2.825,1,-0.45,false,,,,
3,0.25,2.825,1,-0.5,false,,,,
3,0.25,2.825,1,-0.55,false,,,,
3,0.25,2.825,1,-0.6,false,,,,
3,0.25,2.825,1,-0.65,false,,,,
3,0.25,2.825,1,-0.7,false,,,,
3,0.25,2.825,1,-0.75,false,,,,
3,0.25,2.825,1,-0.8,false,,,,
3,0.25,2.825,1,-0.85,false,,,,
3,0.25,2.825,1,-0.9,false,,,,
3,0.25,2.825,1,-0.95,false,,,,
3,0.25,2.825,1,-1,true,0.3677204796,0.2603474429,0.3695795472,0.3237983023
3,0.25,2.825,0.8,-0,false,,,,
3,0.25,2.825,0.8,-0.05,false,,,,
3,0.25,2.825,0.8,-0.1,false,,,,
3,0.25,2.825,0.8,-0.15,false,,,,
3,0.25,2.825,0.8,-0.2,false,,,,
3,0.25,2.825,0.8,-0.25,false,,,,
3,0.25,2.825,0.8,-0.3,false,,,,
3,0.25,2.825,0.8,-0.35,false,,,,
3,0.25,2.825,0.8,-0.4,false,,,,
3,0.25,2.825,0.8,-0.45,false,,,,
3,0.25,2.825,0.8,-0.5,false,,,,
3,0.25,2.825,0.8,-0.55,false,,,,
3,0.25,2.825,0.8,-0.6,false,,,,
3,0.25,2.825,0.8,-0.65,false,,,,
3,0.25,2.825,0.8,-0.7,false,,,,
3,0.25,2.825,0.8,-0.75,false,,,,
3,0.25,2.825,0.8,-0.8,false,,,,
3,0.25,2.825,0.8,-0.85,false,,,,
3,0.25,2.825,0.8,-0.9,false,,,,
3,0.25,2.825,0.8,-0.95,false,,,,
3,0.25,2.825,0.8,-1,false,,,,
3,0.25,2.825,0.6,-0,false,,,,
3,0.25,2.825,0.6,-0.05,false,,,,
3,0.25,2.825,0.6,-0.1,false,,,,
3,0.25,2.825,0.6,-0.15,false,,,,
3,0.25,2.825,0.6,-0.2,false,,,,
3,0.25,2.825,0.6,-0.25,false,,,,
3,0.25,2.825,0.6,-0.3,false,,,,
3,0.25,2.825,0.6,-0.35,false,,,,
3,0.25,2.825,0.6,-0.4,false,,,,
3,0.25,2.825,0.6,-0.45,false,,,,
3,0.25,2.825,0.6,-0.5,false,,,,
3,0.25,2.825,0.6,-0.55,false,,,,
3,0.25,2.825,0.6,-0.6,false,,,,
3,0.25,2.825,0.6,-0.65,false,,,,
3,0.25,2.825,0.6,-0.7,false,,,,
3,0.25,2.825,0.6,-0.75,false,,,,
3,0.25,2.825,0.6,-0.8,false,,,,
3,0.25,2.825,0.6,-0.85,false,,,,
3,0.25,2.825,0.6,-0.9,false,,,,
3,0.25,2.825,0.6,-0.95,false,,,,
3,0.25,2.825,0.6,-1,false,,,,
3,0.25,2.825,0.4,-0,false,,,,
3,0.25,2.825,0.4,-0.05,false,,,,
3,0.25,2.825,0.4,-0.1,false,,,,
3,0.25,2.825,0.4,-0.15,false,,,,
3,0.25,2.825,0.4,-0.2,false,,,,
3,0.25,2.825,0.4,-0.25,false,,,,
3,0.25,2.825,0.4,-0.3,false,,,,
3,0.25,2.825,0.4,-0.35,false,,,,
3,0.25,2.825,0.4,-0.4,false,,,,
3,0.25,2.825,0.4,-0.45,false,,,,
3,0.25,2.825,0.4,-0.5,false,,,,
3,0.25,2.825,0.4,-0.55,false,,,,
3,0.25,2.825,0.4,-0.6,false,,,,
3,0.25,2.825,0.4,-0.65,false,,,,
3,0.25,2.825,0.4,-0.7,false,,,,
3,0.25,2.825,0.4,-0.75,false,,,,
3,0.25,2.825,0.4,-0.8,false,,,,
3,0.25,2.825,0.4,-0.85,false,,,,
3,0.25,2.825,0.4,-0.9,false,,,,
3,0.25,2.825,0.4,-0.95,false,,,,
3,0.25,2.825,0.4,-1,false,,,,
3,0.25,2.825,0.2,-0,false,,,,
3,0.25,2.825,0.2,-0.05,false,,,,
3,0.25,2.825,0.2,-0.1,false,,,,
3,0.25,2.825,0.2,-0.15,false,,,,
3,0.25,2.825,0.2,-0.2,false,,,,
3,0.25,2.825,0.2,-0.25,false,,,,
3,0.25,2.825,0.2,-0.3,false,,,,
3,0.25,2.825,0.2,-0.35,false,,,,
3,0.25,2.825,0.2,-0.4,false,,,,
3,0.25,2.825,0.2,-0.45,false,,,,
3,0.25,2.825,0.2,-0.5,false,,,,
3,0.25,2.825,0.2,-0.55,false,,,,
3,0.25,2.825,0.2,-0.6,false,,,,
3,0.25,2.825,0.2,-0.65,false,,,,
3,0.25,2.825,0.2,-0.7,false,,,,
3,0.25,2.825,0.2,-0.75,false,,,,
3,0.25,2.825,0.2,-0.8,false,,,,
3,0.25,2.825,0.2,-0.85,false,,,,
3,0.25,2.825,0.2,-0.9,false,,,,
3,0.25,2.825,0.2,-0.95,false,,,,
3,0.25,2.825,0.2,-1,false,,,,
3,0.25,2.825,0,-0.05,false,,,,
3,0.25,2.825,0,-0.1,false,,,,
3,0.25,2.825,0,-0.15,false,,,,
3,0.25,2.825,0,-0.2,false,,,,
3,0.25,2.825,0,-0.25,false,,,,
3,0.25,2.825,0,-0.3,false,,,,
3,0.25,2.825,0,-0.35,false,,,,
3,0.25,2.825,0,-0.4,false,,,,
3,0.25,2.825,0,-0.45,false,,,,
3,0.25,2.825,0,-0.5,false,,,,
3,0.25,2.825,0,-0.55,false,,,,
3,0.25,2.825,0,-0.6,false,,,,
3,0.25,2.825,0,-0.65,false,,,,
3,0.25,2.825,0,-0.7,false,,,,
3,0.25,2.825,0,-0.75,false,,,,
3,0.25,2.825,0,-0.8,false,,,,
3,0.25,2.825,0,-0.85,false,,,,
3,0.25,2.825,0,-0.9,false,,,,
3,0.25,2.825,0,-0.95,false,,,,
3,0.25,2.825,0,-1,false,,,,
3,0.25,2.85,1,-0,false,,,,
3,0.25,2.85,1,-0.05,false,,,,
3,0.25,2.85,1,-0.1,false,,,,
3,0.25,2.85,1,-0.15,false,,,,
3,0.25,2.85,1,-0.2,false,,,,
3,0.25,2.85,1,-0.25,false,,,,
3,0.25,2.85,1,-0.3,false,,,,
3,0.25,2.85,1,-0.35,false,,,,
3,0.25,2.85,1,-0.4,false,,,,
3,0.25,2.85,1,-0.45,false,,,,
3,0.25,2.85,1,-0.5,false,,,,
3,0.25,2.85,1,-0.55,false,,,,
3,0.25,2.85,1,-0.6,false,,,,
3,0.25,2.85,1,-0.65,false,,,,
3,0.25,2.85,1,-0.7,false,,,,
3,0.25,2.85,1,-0.75,false,,,,
3,0.25,2.85,1,-0.8,false,,,,
3,0.25,2.85,1,-0.85,false,,,,
3,0.25,2.85,1,-0.9,false,,,,
3,0.25,2.85,1,-0.95,false,,,,
3,0.25,2.85,1,-1,true,0.3640347112,0.257790697,0.3658938996,0.3268002504
3,0.25,2.85,0.8,-0,false,,,,
3,0.25,2.85,0.8,-0.05,false,,,,
3,0.25,2.85,0.8,-0.1,false,,,,
3,0.25,2.85,0.8,-0.15,false,,,,
3,0.25,2.85,0.8,-0.2,false,,,,
3,0.25,2.85,0.8,-0.25,false,,,,
3,0.25,2.85,0.8,-0.3,false,,,,
3,0.25,2.85,0.8,-0.35,false,,,,
3,0.25,2.85,0.8,-0.4,false,,,,
3,0.25,2.85,0.8,-0.45,false,,,,
3,0.25,2.85,0.8,-0.5,false,,,,
3,0.25,2.85,0.8,-0.55,false,,,,
3,0.25,2.85,0.8,-0.6,false,,,,
3,0.25,2.85,0.8,-0.65,false,,,,
3,0.25,2.85,0.8,-0.7,false,,,,
3,0.25,2.85,0.8,-0.75,false,,,,
3,0.25,2.85,0.8,-0.8,false,,,,
3,0.25,2.85,0.8,-0.85,false,,,,
3,0.25,2.85,0.8,-0.9,false,,,,
3,0.25,2.85,0.8,-0.95,false,,,,
3,0.25,2.85,0.8,-1,false,,,,
3,0.25,2.85,0.6,-0,false,,,,
3,0.25,2.85,0.6,-0.05,false,,,,
3,0.25,2.85,0.6,-0.1,false,,,,
3,0.25,2.85,0.6,-0.15,false,,,,
3,0.25,2.85,0.6,-0.2,false,,,,
3,0.25,2.85,0.6,-0.25,false,,,,
3,0.25,2.85,0.6,-0.3,false,,,,
3,0.25,2.85,0.6,-0.35,false,,,,
3,0.25,2.85,0.6,-0.4,false,,,,
3,0.25,2.85,0.6,-0.45,false,,,,
3,0.25,2.85,0.6,-0.5,false,,,,
3,0.25,2.85,0.6,-0.55,false,,,,
3,0.25,2.85,0.6,-0.6,false,,,,
3,0.25,2.85,0.6,-0.65,false,,,,
3,0.25,2.85,0.6,-0.7,false,,,,
3,0.25,2.85,0.6,-0.75,false,,,,
3,0.25,2.85,0.6,-0.8,false,,,,
3,0.25,2.85,0.6,-0.85,false,,,,
3,0.25,2.85,0.6,-0.9,false,,,,
3,0.25,2.85,0.6,-0.95,false,,,,
3,0.25,2.85,0.6,-1,false,,,,
3,0.25,2.85,0.4,-0,false,,,,
3,0.25,2.85,0.4,-0.05,false,,,,
3,0.25,2.85,0.4,-0.1,false,,,,
3,0.25,2.85,0.4,-0.15,false,,,,
3,0.25,2.85,0.4,-0.2,false,,,,
3,0.25,2.85,0.4,-0.25,false,,,,
3,0.25,2.85,0.4,-0.3,false,,,,
3,0.25,2.85,0.4,-0.35,false,,,,
3,0.25,2.85,0.4,-0.4,false,,,,
3,0.25,2.85,0.4,-0.45,false,,,,
3,0.25,2.85,0.4,-0.5,false,,,,
3,0.25,2.85,0.4,-0.55,false,,,,
3,0.25,2.85,0.4,-0.6,false,,,,
3,0.25,2.85,0.4,-0.65,false,,,,
3,0.25,2.85,0.4,-0.7,false,,,,
3,0.25,2.85,0.4,-0.75,false,,,,
3,0.25,2.85,0.4,-0.8,false,,,,
3,0.25,2.85,0.4,-0.85,false,,,,
3,0.25,2.85,0.4,-0.9,false,,,,
3,0.25,2.85,0.4,-0.95,false,,,,
3,0.25,2.85,0.4,-1,false,,,,
3,0.25,2.85,0.2,-0,false,,,,
3,0.25,2.85,0.2,-0.05,false,,,,
3,0.25,2.85,0.2,-0.1,false,,,,
3,0.25,2.85,0.2,-0.15,false,,,,
3,0.25,2.85,0.2,-0.2,false,,,,
3,0.25,2.85,0.2,-0.25,false,,,,
3,0.25,2.85,0.2,-0.3,false,,,,
3,0.25,2.85,0.2,-0.35,false,,,,
3,0.25,2.85,0.2,-0.4,false,,,,
3,0.25,2.85,0.2,-0.45,false,,,,
3,0.25,2.85,0.2,-0.5,false,,,,
3,0.25,2.85,0.2,-0.55,false,,,,
3,0.25,2.85,0.2,-0.6,false,,,,
3,0.25,2.85,0.2,-0.65,false,,,,
3,0.25,2.85,0.2,-0.7,false,,,,
3,0.25,2.85,0.2,-0.75,false,,,,
3,0.25,2.85,0.2,-0.8,false,,,,
3,0.25,2.85,0.2,-0.85,false,,,,
3,0.25,2.85,0.2,-0.9,false,,,,
3,0.25,2.85,0.2,-0.95,false,,,,
3,0.25,2.85,0.2,-1,false,,,,
3,0.25,2.85,0,-0.05,false,,,,
3,0.25,2.85,0,-0.1,false,,,,
3,0.25,2.85,0,-0.15,false,,,,
3,0.25,2.85,0,-0.2,false,,,,
3,0.25,2.85,0,-0.25,false,,,,
3,0.25,2.85,0,-0.3,false,,,,
3,0.25,2.85,0,-0.35,false,,,,
3,0.25,2.85,0,-0.4,false,,,,
3,0.25,2.85,0,-0.45,false,,,,
3,0.25,2.85,0,-0.5,false,,,,
3,0.25,2.85,0,-0.55,false,,,,
3,0.25,2.85,0,-0.6,false,,,,
3,0.25,2.85,0,-0.65,false,,,,
3,0.25,2.85,0,-0.7,false,,,,
3,0.25,2.85,0,-0.75,false,,,,
3,0.25,2.85,0,-0.8,false,,,,
3,0.25,2.85,0,-0.85,false,,,,
3,0.25,2.85,0,-0.9,false,,,,
3,0.25,2.85,0,-0.95,false,,,,
3,0.25,2.85,0,-1,false,,,,
3,0.25,2.875,1,-0,false,,,,
3,0.25,2.875,1,-0.05,false,,,,
3,0.25,2.875,1,-0.1,false,,,,
3,0.25,2.875,1,-0.15,false,,,,
3,0.25,2.875,1,-0.2,false,,,,
3,0.25,2.875,1,-0.25,false,,,,
3,0.25,2.875,1,-0.3,false,,,,
3,0.25,2.875,1,-0.35,false,,,,
3,0.25,2.875,1,-0.4,false,,,,
3,0.25,2.875,1,-0.45,false,,,,
3,0.25,2.875,1,-0.5,false,,,,
3,0.25,2.875,1,-0.55,false,,,,
3,0.25,2.875,1,-0.6,false,,,,
3,0.25,2.875,1,-0.65,false,,,,
3,0.25,2.875,1,-0.7,false,,,,
3,0.25,2.875,1,-0.75,false,,,,
3,0.25,2.875,1,-0.8,false,,,,
3,0.25,2.875,1,-0.85,false,,,,
3,0.25,2.875,1,-0.9,false,,,,
3,0.25,2.875,1,-0.95,false,,,,
3,0.25,2.875,1,-1,true,0.3602859629,0.2551866158,0.3621449867,0.3298021856
3,0.25,2.875,0.8,-0,false,,,,
3,0.25,2.875,0.8,-0.05,false,,,,
3,0.25,2.875,0.8,-0.1,false,,,,
3,0.25,2.875,0.8,-0.15,false,,,,
3,0.25,2.875,0.8,-0.2,false,,,,
3,0.25,2.875,0.8,-0.25,false,,,,
3,0.25,2.875,0.8,-0.3,false,,,,
3,0.25,2.875,0.8,-0.35,false,,,,
3,0.25,2.875,0.8,-0.4,false,,,,
3,0.25,2.875,0.8,-0.45,false,,,,
3,0.25,2.875,0.8,-0.5,false,,,,
3,0.25,2.875,0.8,-0.55,false,,,,
3,0.25,2.875,0.8,-0.6,false,,,,
3,0.25,2.875,0.8,-0.65,false,,,,
3,0.25,2.875,0.8,-0.7,false,,,,
3,0.25,2.875,0.8,-0.75,false,,,,
3,0.25,2.875,0.8,-0.8,false,,,,
3,0.25,2.875,0.8,-0.85,false,,,,
3,0.25,2.875,0.8,-0.9,false,,,,
3,0.25,2.875,0.8,-0.95,false,,,,
3,0.25,2.875,0.8,-1,false,,,,
3,0.25,2.875,0.6,-0,false,,,,
3,0.25,2.875,0.6,-0.05,false,,,,
3,0.25,2.875,0.6,-0.1,false,,,,
3,0.25,2.875,0.6,-0.15,false,,,,
3,0.25,2.875,0.6,-0.2,false,,,,
3,0.25,2.875,0.6,-0.25,false,,,,
3,0.25,2.875,0.6,-0.3,false,,,,
3,0.25,2.875,0.6,-0.35,false,,,,
3,0.25,2.875,0.6,-0.4,false,,,,
3,0.25,2.875,0.6,-0.45,false,,,,
3,0.25,2.875,0.6,-0.5,false,,,,
3,0.25,2.875,0.6,-0.55,false,,,,
3,0.25,2.875,0.6,-0.6,false,,,,
3,0.25,2.875,0.6,-0.65,false,,,,
3,0.25,2.875,0.6,-0.7,false,,,,
3,0.25,2.875,0.6,-0.75,false,,,,
3,0.25,2.875,0.6,-0.8,false,,,,
3,0.25,2.875,0.6,-0.85,false,,,,
3,0.25,2.875,0.6,-0.9,false,,,,
3,0.25,2.875,0.6,-0.95,false,,,,
3,0.25,2.875,0.6,-1,false,,,,
3,0.25,2.875,0.4,-0,false,,,,
3,0.25,2.875,0.4,-0.05,false,,,,
3,0.25,2.875,0.4,-0.1,false,,,,
3,0.25,2.875,0.4,-0.15,false,,,,
3,0.25,2.875,0.4,-0.2,false,,,,
3,0.25,2.875,0.4,-0.25,false,,,,
3,0.25,2.875,0.4,-0.3,false,,,,
3,0.25,2.875,0.4,-0.35,false,,,,
3,0.25,2.875,0.4,-0.4,false,,,,
3,0.25,2.875,0.4,-0.45,false,,,,
3,0.25,2.875,0.4,-0.5,false,,,,
3,0.25,2.875,0.4,-0.55,false,,,,
3,0.25,2.875,0.4,-0.6,false,,,,
3,0.25,2.875,0.4,-0.65,false,,,,
3,0.25,2.875,0.4,-0.7,false,,,,
3,0.25,2.875,0.4,-0.75,false,,,,
3,0.25,2.875,0.4,-0.8,false,,,,
3,0.25,2.875,0.4,-0.85,false,,,,
3,0.25,2.875,0.4,-0.9,false,,,,
3,0.25,2.875,0.4,-0.95,false,,,,
3,0.25,2.875,0.4,-1,false,,,,
3,0.25,2.875,0.2,-0,false,,,,
3,0.25,2.875,0.2,-0.05,false,,,,
3,0.25,2.875,0.2,-0.1,false,,,,
3,0.25,2.875,0.2,-0.15,false,,,,
3,0.25,2.875,0.2,-0.2,false,,,,
3,0.25,2.875,0.2,-0.25,false,,,,
3,0.25,2.875,0.2,-0.3,false,,,,
3,0.25,2.875,0.2,-0.35,false,,,,
3,0.25,2.875,0.2,-0.4,false,,,,
3,0.25,2.875,0.2,-0.45,false,,,,
3,0.25,2.875,0.2,-0.5,false,,,,
3,0.25,2.875,0.2,-0.55,false,,,,
3,0.25,2.875,0.2,-0.6,false,,,,
3,0.25,2.875,0.2,-0.65,false,,,,
3,0.25,2.875,0.2,-0.7,false,,,,
3,0.25,2.875,0.2,-0.75,false,,,,
3,0.25,2.875,0.2,-0.8,false,,,,
3,0.25,2.875,0.2,-0.85,false,,,,
3,0.25,2.875,0.2,-0.9,false,,,,
3,0.25,2.875,0.2,-0.95,false,,,,
3,0.25,2.875,0.2,-1,false,,,,
3,0.25,2.875,0,-0.05,false,,,,
3,0.25,2.875,0,-0.1,false,,,,
3,0.25,2.875,0,-0.15,false,,,,
3,0.25,2.875,0,-0.2,false,,,,
3,0.25,2.875,0,-0.25,false,,,,
3,0.25,2.875,0,-0.3,false,,,,
3,0.25,2.875,0,-0.35,false,,,,
3,0.25,2.875,0,-0.4,false,,,,
3,0.25,2.875,0,-0.45,false,,,,
3,0.25,2.875,0,-0.5,false,,,,
3,0.25,2.875,0,-0.55,false,,,,
3,0.25,2.875,0,-0.6,false,,,,
3,0.25,2.875,0,-0.65,false,,,,
3,0.25,2.875,0,-0.7,false,,,,
3,0.25,2.875,0,-0.75,false,,,,
3,0.25,2.875,0,-0.8,false,,,,
3,0.25,2.875,0,-0.85,false,,,,
3,0.25,2.875,0,-0.9,false,,,,
3,0.25,2.875,0,-0.95,false,,,,
3,0.25,2.875,0,-1,false,,,,
3,0.25,2.9,1,-0,false,,,,
3,0.25,2.9,1,-0.05,false,,,,
3,0.25,2.9,1,-0.1,false,,,,
3,0.25,2.9,1,-0.15,false,,,,
3,0.25,2.9,1,-0.2,false,,,,
3,0.25,2.9,1,-0.25,false,,,,
3,0.25,2.9,1,-0.3,false,,,,
3,0.25,2.9,1,-0.35,false,,,,
3,0.25,2.9,1,-0.4,false,,,,
3,0.25,2.9,1,-0.45,false,,,,
3,0.25,2.9,1,-0.5,false,,,,
3,0.25,2.9,1,-0.55,false,,,,
3,0.25,2.9,1,-0.6,false,,,,
3,0.25,2.9,1,-0.65,false,,,,
3,0.25,2.9,1,-0.7,false,,,,
3,0.25,2.9,1,-0.75,false,,,,
3,0.25,2.9,1,-0.8,false,,,,
3,0.25,2.9,1,-0.85,false,,,,
3,0.25,2.9,1,-0.9,false,,,,
3,0.25,2.9,1,-0.95,false,,,,
3,0.25,2.9,1,-1,true,0.3564728292,0.2525341766,0.3583314048,0.3328041081
3,0.25,2.9,0.8,-0,false,,,,
3,0.25,2.9,0.8,-0.05,false,,,,
3,0.25,2.9,0.8,-0.1,false,,,,
3,0.25,2.9,0.8,-0.15,false,,,,
3,0.25,2.9,0.8,-0.2,false,,,,
3,0.25,2.9,0.8,-0.25,false,,,,
3,0.25,2.9,0.8,-0.3,false,,,,
3,0.25,2.9,0.8,-0.35,false,,,,
3,0.25,2.9,0.8,-0.4,false,,,,
3,0.25,2.9,0.8,-0.45,false,,,,
3,0.25,2.9,0.8,-0.5,false,,,,
3,0.25,2.9,0.8,-0.55,false,,,,
3,0.25,2.9,0.8,-0.6,false,,,,
3,0.25,2.9,0.8,-0.65,false,,,,
3,0.25,2.9,0.8,-0.7,false,,,,
3,0.25,2.9,0.8,-0.75,false,,,,
3,0.25,2.9,0.8,-0.8,false,,,,
3,0.25,2.9,0.8,-0.85,false,,,,
3,0.25,2.9,0.8,-0.9,false,,,,
3,0.25,2.9,0.8,-0.95,false,,,,
3,0.25,2.9,0.8,-1,false,,,,
3,0.25,2.9,0.6,-0,false,,,,
3,0.25,2.9,0.6,-0.05,false,,,,
3,0.25,2.9,0.6,-0.1,false,,,,
3,0.25,2.9,0.6,-0.15,false,,,,
3,0.25,2.9,0.6,-0.2,false,,,,
3,0.25,2.9,0.6,-0.25,false,,,,
3,0.25,2.9,0.6,-0.3,false,,,,
3,0.25,2.9,0.6,-0.35,false,,,,
3,0.25,2.9,0.6,-0.4,false,,,,
3,0.25,2.9,0.6,-0.45,false,,,,
3,0.25,2.9,0.6,-0.5,false,,,,
3,0.25,2.9,0.6,-0.55,false,,,,
3,0.25,2.9,0.6,-0.6,false,,,,
3,0.25,2.9,0.6,-0.65,false,,,,
3,0.25,2.9,0.6,-0.7,false,,,,
3,0.25,2.9,0.6,-0.75,false,,,,
3,0.25,2.9,0.6,-0.8,false,,,,
3,0.25,2.9,0.6,-0.85,false,,,,
3,0.25,2.9,0.6,-0.9,false,,,,
3,0.25,2.9,0.6,-0.95,false,,,,
3,0.25,2.9,0.6,-1,false,,,,
3,0.25,2.9,0.4,-0,false,,,,
3,0.25,2.9,0.4,-0.05,false,,,,
3,0.25,2.9,0.4,-0.1,false,,,,
3,0.25,2.9,0.4,-0.15,false,,,,
3,0.25,2.9,0.4,-0.2,false,,,,
3,0.25,2.9,0.4,-0.25,false,,,,
3,0.25,2.9,0.4,-0.3,false,,,,
3,0.25,2.9,0.4,-0.35,false,,,,
3,0.25,2.9,0.4,-0.4,false,,,,
3,0.25,2.9,0.4,-0.45,false,,,,
3,0.25,2.9,0.4,-0.5,false,,,,
3,0.25,2.9,0.4,-0.55,false,,,,
3,0.25,2.9,0.4,-0.6,false,,,,
3,0.25,2.9,0.4,-0.65,false,,,,
3,0.25,2.9,0.4,-0.7,false,,,,
3,0.25,2.9,0.4,-0.75,false,,,,
3,0.25,2.9,0.4,-0.8,false,,,,
3,0.25,2.9,0.4,-0.85,false,,,,
3,0.25,2.9,0.4,-0.9,false,,,,
3,0.25,2.9,0.4,-0.95,false,,,,
3,0.25,2.9,0.4,-1,false,,,,
3,0.25,2.9,0.2,-0,false,,,,
3,0.25,2.9,0.2,-0.05,false,,,,
3,0.25,2.9,0.2,-0.1,false,,,,
3,0.25,2.9,0.2,-0.15,false,,,,
3,0.25,2.9,0.2,-0.2,false,,,,
3,0.25,2.9,0.2,-0.25,false,,,,
3,0.25,2.9,0.2,-0.3,false,,,,
3,0.25,2.9,0.2,-0.35,false,,,,
3,0.25,2.9,0.2,-0.4,false,,,,
3,0.25,2.9,0.2,-0.45,false,,,,
3,0.25,2.9,0.2,-0.5,false,,,,
3,0.25,2.9,0.2,-0.55,false,,,,
3,0.25,2.9,0.2,-0.6,false,,,,
3,0.25,2.9,0.2,-0.65,false,,,,
3,0.25,2.9,0.2,-0.7,false,,,,
3,0.25,2.9,0.2,-0.75,false,,,,
3,0.25,2.9,0.2,-0.8,false,,,,
3,0.25,2.9,0.2,-0.85,false,,,,
3,0.25,2.9,0.2,-0.9,false,,,,
3,0.25,2.9,0.2,-0.95,false,,,,
3,0.25,2.9,0.2,-1,false,,,,
3,0.25,2.9,0,-0.05,false,,,,
3,0.25,2.9,0,-0.1,false,,,,
3,0.25,2.9,0,-0.15,false,,,,
3,0.25,2.9,0,-0.2,false,,,,
3,0.25,2.9,0,-0.25,false,,,,
3,0.25,2.9,0,-0.3,false,,,,
3,0.25,2.9,0,-0.35,false,,,,
3,0.25,2.9,0,-0.4,false,,,,
3,0.25,2.9,0,-0.45,false,,,,
3,0.25,2.9,0,-0.5,false,,,,
3,0.25,2.9,0,-0.55,false,,,,
3,0.25,2.9,0,-0.6,false,,,,
3,0.25,2.9,0,-0.65,false,,,,
3,0.25,2.9,0,-0.7,false,,,,
3,0.25,2.9,0,-0.75,false,,,,
3,0.25,2.9,0,-0.8,false,,,,
3,0.25,2.9,0,-0.85,false,,,,
3,0.25,2.9,0,-0.9,false,,,,
3,0.25,2.9,0,-0.95,false,,,,
3,0.25,2.9,0,-1,false,,,,
3,0.25,2.925,1,-0,false,,,,
3,0.25,2.925,1,-0.05,false,,,,
3,0.25,2.925,1,-0.1,false,,,,
3,0.25,2.925,1,-0.15,false,,,,
3,0.25,2.925,1,-0.2,false,,,,
3,0.25,2.925,1,-0.25,false,,,,
3,0.25,2.925,1,-0.3,false,,,,
3,0.25,2.925,1,-0.35,false,,,,
3,0.25,2.925,1,-0.4,false,,,,
3,0.25,2.925,1,-0.45,false,,,,
3,0.25,2.925,1,-0.5,false,,,,
3,0.25,2.925,1,-0.55,false,,,,
3,0.25,2.925,1,-0.6,false,,,,
3,0.25,2.925,1,-0.65,false,,,,
3,0.25,2.925,1,-0.7,false,,,,
3,0.25,2.925,1,-0.75,false,,,,
3,0.25,2.925,1,-0.8,false,,,,
3,0.25,2.925,1,-0.85,false,,,,
3,0.25,2.925,1,-0.9,false,,,,
3,0.25,2.925,1,-0.95,false,,,,
3,0.25,2.925,1,-1,true,0.352593861,0.2498315511,0.3542682281,0.335806018
3,0.25,2.925,0.8,-0,false,,,,
3,0.25,2.925,0.8,-0.05,false,,,,
3,0.25,2.925,0.8,-0.1,false,,,,
3,0.25,2.925,0.8,-0.15,false,,,,
3,0.25,2.925,0.8,-0.2,false,,,,
3,0.25,2.925,0.8,-0.25,false,,,,
3,0.25,2.925,0.8,-0.3,false,,,,
3,0.25,2.925,0.8,-0.35,false,,,,
3,0.25,2.925,0.8,-0.4,false,,,,
3,0.25,2.925,0.8,-0.45,false,,,,
3,0.25,2.925,0.8,-0.5,false,,,,
3,0.25,2.925,0.8,-0.55,false,,,,
3,0.25,2.925,0.8,-0.6,false,,,,
3,0.25,2.925,0.8,-0.65,false,,,,
3,0.25,2.925,0.8,-0.7,false,,,,
3,0.25,2.925,0.8,-0.75,false,,,,
3,0.25,2.925,0.8,-0.8,false,,,,
3,0.25,2.925,0.8,-0.85,false,,,,
3,0.25,2.925,0.8,-0.9,false,,,,
3,0.25,2.925,0.8,-0.95,false,,,,
3,0.25,2.925,0.8,-1,false,,,,
3,0.25,2.925,0.6,-0,false,,,,
3,0.25,2.925,0.6,-0.05,false,,,,
3,0.25,2.925,0.6,-0.1,false,,,,
3,0.25,2.925,0.6,-0.15,false,,,,
3,0.25,2.925,0.6,-0.2,false,,,,
3,0.25,2.925,0.6,-0.25,false,,,,
3,0.25,2.925,0.6,-0.3,false,,,,
3,0.25,2.925,0.6,-0.35,false,,,,
3,0.25,2.925,0.6,-0.4,false,,,,
3,0.25,2.925,0.6,-0.45,false,,,,
3,0.25,2.925,0.6,-0.5,false,,,,
3,0.25,2.925,0.6,-0.55,false,,,,
3,0.25,2.925,0.6,-0.6,false,,,,
3,0.25,2.925,0.6,-0.65,false,,,,
3,0.25,2.925,0.6,-0.7,false,,,,
3,0.25,2.925,0.6,-0.75,false,,,,
3,0.25,2.925,0.6,-0.8,false,,,,
3,0.25,2.925,0.6,-0.85,false,,,,
3,0.25,2.925,0.6,-0.9,false,,,,
3,0.25,2.925,0.6,-0.95,false,,,,
3,0.25,2.925,0.6,-1,false,,,,
3,0.25,2.925,0.4,-0,false,,,,
3,0.25,2.925,0.4,-0.05,false,,,,
3,0.25,2.925,0.4,-0.1,false,,,,
3,0.25,2.925,0.4,-0.15,false,,,,
3,0.25,2.925,0.4,-0.2,false,,,,
3,0.25,2.925,0.4,-0.25,false,,,,
3,0.25,2.925,0.4,-0.3,false,,,,
3,0.25,2.925,0.4,-0.35,false,,,,
3,0.25,2.925,0.4,-0.4,false,,,,
3,0.25,2.925,0.4,-0.45,false,,,,
3,0.25,2.925,0.4,-0.5,false,,,,
3,0.25,2.925,0.4,-0.55,false,,,,
3,0.25,2.925,0.4,-0.6,false,,,,
3,0.25,2.925,0.4,-0.65,false,,,,
3,0.25,2.925,0.4,-0.7,false,,,,
3,0.25,2.925,0.4,-0.75,false,,,,
3,0.25,2.925,0.4,-0.8,false,,,,
3,0.25,2.925,0.4,-0.85,false,,,,
3,0.25,2.925,0.4,-0.9,false,,,,
3,0.25,2.925,0.4,-0.95,false,,,,
3,0.25,2.925,0.4,-1,false,,,,
3,0.25,2.925,0.2,-0,false,,,,
3,0.25,2.925,0.2,-0.05,false,,,,
3,0.25,2.925,0.2,-0.1,false,,,,
3,0.25,2.925,0.2,-0.15,false,,,,
3,0.25,2.925,0.2,-0.2,false,,,,
3,0.25,2.925,0.2,-0.25,false,,,,
3,0.25,2.925,0.2,-0.3,false,,,,
3,0.25,2.925,0.2,-0.35,false,,,,
3,0.25,2.925,0.2,-0.4,false,,,,
3,0.25,2.925,0.2,-0.45,false,,,,
3,0.25,2.925,0.2,-0.5,false,,,,
3,0.25,2.925,0.2,-0.55,false,,,,
3,0.25,2.925,0.2,-0.6,false,,,,
3,0.25,2.925,0.2,-0.65,false,,,,
3,0.25,2.925,0.2,-0.7,false,,,,
3,0.25,2.925,0.2,-0.75,false,,,,
3,0.25,2.925,0.2,-0.8,false,,,,
3,0.25,2.925,0.2,-0.85,false,,,,
3,0.25,2.925,0.2,-0.9,false,,,,
3,0.25,2.925,0.2,-0.95,false,,,,
3,0.25,2.925,0.2,-1,false,,,,
3,0.25,2.925,0,-0.05,false,,,,
3,0.25,2.925,0,-0.1,false,,,,
3,0.25,2.925,0,-0.15,false,,,,
3,0.25,2.925,0,-0.2,false,,,,
3,0.25,2.925,0,-0.25,false,,,,
3,0.25,2.925,0,-0.3,false,,,,
3,0.25,2.925,0,-0.35,false,,,,
3,0.25,2.925,0,-0.4,false,,,,
3,0.25,2.925,0,-0.45,false,,,,
3,0.25,2.925,0,-0.5,false,,,,
3,0.25,2.925,0,-0.55,false,,,,
3,0.25,2.925,0,-0.6,false,,,,
3,0.25,2.925,0,-0.65,false,,,,
3,0.25,2.925,0,-0.7,false,,,,
3,0.25,2.925,0,-0.75,false,,,,
3,0.25,2.925,0,-0.8,false,,,,
3,0.25,2.925,0,-0.85,false,,,,
3,0.25,2.925,0,-0.9,false,,,,
3,0.25,2.925,0,-0.95,false,,,,
3,0.25,2.925,0,-1,false,,,,
3,0.25,2.95,1,-0,false,,,,
3,0.25,2.95,1,-0.05,false,,,,
3,0.25,2.95,1,-0.1,false,,,,
3,0.25,2.95,1,-0.15,false,,,,
3,0.25,2.95,1,-0.2,false,,,,
3,0.25,2.95,1,-0.25,false,,,,
3,0.25,2.95,1,-0.3,false,,,,
3,0.25,2.95,1,-0.35,false,,,,
3,0.25,2.95,1,-0.4,false,,,,
3,0.25,2.95,1,-0.45,false,,,,
3,0.25,2.95,1,-0.5,false,,,,
3,0.25,2.95,1,-0.55,false,,,,
3,0.25,2.95,1,-0.6,false,,,,
3,0.25,2.95,1,-0.65,false,,,,
3,0.25,2.95,1,-0.7,false,,,,
3,0.25,2.95,1,-0.75,false,,,,
3,0.25,2.95,1,-0.8,false,,,,
3,0.25,2.95,1,-0.85,false,,,,
3,0.25,2.95,1,-0.9,false,,,,
3,0.25,2.95,1,-0.95,false,,,,
3,0.25,2.95,1,-1,true,0.3486475646,0.2470776214,0.3503202289,0.3388079156
3,0.25,2.95,0.8,-0,false,,,,
3,0.25,2.95,0.8,-0.05,false,,,,
3,0.25,2.95,0.8,-0.1,false,,,,
3,0.25,2.95,0.8,-0.15,false,,,,
3,0.25,2.95,0.8,-0.2,false,,,,
3,0.25,2.95,0.8,-0.25,false,,,,
3,0.25,2.95,0.8,-0.3,false,,,,
3,0.25,2.95,0.8,-0.35,false,,,,
3,0.25,2.95,0.8,-0.4,false,,,,
3,0.25,2.95,0.8,-0.45,false,,,,
3,0.25,2.95,0.8,-0.5,false,,,,
3,0.25,2.95,0.8,-0.55,false,,,,
3,0.25,2.95,0.8,-0.6,false,,,,
3,0.25,2.95,0.8,-0.65,false,,,,
3,0.25,2.95,0.8,-0.7,false,,,,
3,0.25,2.95,0.8,-0.75,false,,,,
3,0.25,2.95,0.8,-0.8,false,,,,
3,0.25,2.95,0.8,-0.85,false,,,,
3,0.25,2.95,0.8,-0.9,false,,,,
3,0.25,2.95,0.8,-0.95,false,,,,
3,0.25,2.95,0.8,-1,false,,,,
3,0.25,2.95,0.6,-0,false,,,,
3,0.25,2.95,0.6,-0.05,false,,,,
3,0.25,2.95,0.6,-0.1,false,,,,
3,0.25,2.95,0.6,-0.15,false,,,,
3,0.25,2.95,0.6,-0.2,false,,,,
3,0.25,2.95,0.6,-0.25,false,,,,
3,0.25,2.95,0.6,-0.3,false,,,,
3,0.25,2.95,0.6,-0.35,false,,,,
3,0.25,2.95,0.6,-0.4,false,,,,
3,0.25,2.95,0.6,-0.45,false,,,,
3,0.25,2.95,0.6,-0.5,false,,,,
3,0.25,2.95,0.6,-0.55,false,,,,
3,0.25,2.95,0.6,-0.6,false,,,,
3,0.25,2.95,0.6,-0.65,false,,,,
3,0.25,2.95,0.6,-0.7,false,,,,
3,0.25,2.95,0.6,-0.75,false,,,,
3,0.25,2.95,0.6,-0.8,false,,,,
3,0.25,2.95,0.6,-0.85,false,,,,
3,0.25,2.95,0.6,-0.9,false,,,,
3,0.25,2.95,0.6,-0.95,false,,,,
3,0.25,2.95,0.6,-1,false,,,,
3,0.25,2.95,0.4,-0,false,,,,
3,0.25,2.95,0.4,-0.05,false,,,,
3,0.25,2.95,0.4,-0.1,false,,,,
3,0.25,2.95,0.4,-0.15,false,,,,
3,0.25,2.95,0.4,-0.2,false,,,,
3,0.25,2.95,0.4,-0.25,false,,,,
3,0.25,2.95,0.4,-0.3,false,,,,
3,0.25,2.95,0.4,-0.35,false,,,,
3,0.25,2.95,0.4,-0.4,false,,,,
3,0.25,2.95,0.4,-0.45,false,,,,
3,0.25,2.95,0.4,-0.5,false,,,,
3,0.25,2.95,0.4,-0.55,false,,,,
3,0.25,2.95,0.4,-0.6,false,,,,
3,0.25,2.95,0.4,-0.65,false,,,,
3,0.25,2.95,0.4,-0.7,false,,,,
3,0.25,2.95,0.4,-0.75,false,,,,
3,0.25,2.95,0.4,-0.8,false,,,,
3,0.25,2.95,0.4,-0.85,false,,,,
3,0.25,2.95,0.4,-0.9,false,,,,
3,0.25,2.95,0.4,-0.95,false,,,,
3,0.25,2.95,0.4,-1,false,,,,
3,0.25,2.95,0.2,-0,false,,,,
3,0.25,2.95,0.2,-0.05,false,,,,
3,0.25,2.95,0.2,-0.1,false,,,,
3,0.25,2.95,0.2,-0.15,false,,,,
3,0.25,2.95,0.2,-0.2,false,,,,
3,0.25,2.95,0.2,-0.25,false,,,,
3,0.25,2.95,0.2,-0.3,false,,,,
3,0.25,2.95,0.2,-0.35,false,,,,
3,0.25,2.95,0.2,-0.4,false,,,,
3,0.25,2.95,0.2,-0.45,false,,,,
3,0.25,2.95,0.2,-0.5,false,,,,
3,0.25,2.95,0.2,-0.55,false,,,,
3,0.25,2.95,0.2,-0.6,false,,,,
3,0.25,2.95,0.2,-0.65,false,,,,
3,0.25,2.95,0.2,-0.7,false,,,,
3,0.25,2.95,0.2,-0.75,false,,,,
3,0.25,2.95,0.2,-0.8,false,,,,
3,0.25,2.95,0.2,-0.85,false,,,,
3,0.25,2.95,0.2,-0.9,false,,,,
3,0.25,2.95,0.2,-0.95,false,,,,
3,0.25,2.95,0.2,-1,false,,,,
3,0.25,2.95,0,-0.05,false,,,,
3,0.25,2.95,0,-0.1,false,,,,
3,0.25,2.95,0,-0.15,false,,,,
3,0.25,2.95,0,-0.2,false,,,,
3,0.25,2.95,0,-0.25,false,,,,
3,0.25,2.95,0,-0.3,false,,,,
3,0.25,2.95,0,-0.35,false,,,,
3,0.25,2.95,0,-0.4,false,,,,
3,0.25,2.95,0,-0.45,false,,,,
3,0.25,2.95,0,-0.5,false,,,,
3,0.25,2.95,0,-0.55,false,,,,
3,0.25,2.95,0,-0.6,false,,,,
3,0.25,2.95,0,-0.65,false,,,,
3,0.25,2.95,0,-0.7,false,,,,
3,0.25,2.95,0,-0.75,false,,,,
3,0.25,2.95,0,-0.8,false,,,,
3,0.25,2.95,0,-0.85,false,,,,
3,0.25,2.95,0,-0.9,false,,,,
3,0.25,2.95,0,-0.95,false,,,,
3,0.25,2.95,0,-1,false,,,,
3,0.25,2.975,1,-0,false,,,,
3,0.25,2.975,1,-0.05,false,,,,
3,0.25,2.975,1,-0.1,false,,,,
3,0.25,2.975,1,-0.15,false,,,,
3,0.25,2.975,1,-0.2,false,,,,
3,0.25,2.975,1,-0.25,false,,,,
3,0.25,2.975,1,-0.3,false,,,,
3,0.25,2.975,1,-0.35,false,,,,
3,0.25,2.975,1,-0.4,false,,,,
3,0.25,2.975,1,-0.45,false,,,,
3,0.25,2.975,1,-0.5,false,,,,
3,0.25,2.975,1,-0.55,false,,,,
3,0.25,2.975,1,-0.6,false,,,,
3,0.25,2.975,1,-0.65,false,,,,
3,0.25,2.975,1,-0.7,false,,,,
3,0.25,2.975,1,-0.75,false,,,,
3,0.25,2.975,1,-0.8,false,,,,
3,0.25,2.975,1,-0.85,false,,,,
3,0.25,2.975,1,-0.9,false,,,,
3,0.25,2.975,1,-0.95,false,,,,
3,0.25,2.975,1,-1,true,0.3446323993,0.2442720769,0.3463030877,0.3418098011
3,0.25,2.975,0.8,-0,false,,,,
3,0.25,2.975,0.8,-0.05,false,,,,
3,0.25,2.975,0.8,-0.1,false,,,,
3,0.25,2.975,0.8,-0.15,false,,,,
3,0.25,2.975,0.8,-0.2,false,,,,
3,0.25,2.975,0.8,-0.25,false,,,,
3,0.25,2.975,0.8,-0.3,false,,,,
3,0.25,2.975,0.8,-0.35,false,,,,
3,0.25,2.975,0.8,-0.4,false,,,,
3,0.25,2.975,0.8,-0.45,false,,,,
3,0.25,2.975,0.8,-0.5,false,,,,
3,0.25,2.975,0.8,-0.55,false,,,,
3,0.25,2.975,0.8,-0.6,false,,,,
3,0.25,2.975,0.8,-0.65,false,,,,
3,0.25,2.975,0.8,-0.7,false,,,,
3,0.25,2.975,0.8,-0.75,false,,,,
3,0.25,2.975,0.8,-0.8,false,,,,
3,0.25,2.975,0.8,-0.85,false,,,,
3,0.25,2.975,0.8,-0.9,false,,,,
3,0.25,2.975,0.8,-0.95,false,,,,
3,0.25,2.975,0.8,-1,false,,,,
3,0.25,2.975,0.6,-0,false,,,,
3,0.25,2.975,0.6,-0.05,false,,,,
3,0.25,2.975,0.6,-0.1,false,,,,
3,0.25,2.975,0.6,-0.15,false,,,,
3,0.25,2.975,0.6,-0.2,false,,,,
3,0.25,2.975,0.6,-0.25,false,,,,
3,0.25,2.975,0.6,-0.3,false,,,,
3,0.25,2.975,0.6,-0.35,false,,,,
3,0.25,2.975,0.6,-0.4,false,,,,
3,0.25,2.975,0.6,-0.45,false,,,,
3,0.25,2.975,0.6,-0.5,false,,,,
3,0.25,2.975,0.6,-0.55,false,,,,
3,0.25,2.975,0.6,-0.6,false,,,,
3,0.25,2.975,0.6,-0.65,false,,,,
3,0.25,2.975,0.6,-0.7,false,,,,
3,0.25,2.975,0.6,-0.75,false,,,,
3,0.25,2.975,0.6,-0.8,false,,,,
3,0.25,2.975,0.6,-0.85,false,,,,
3,0.25,2.975,0.6,-0.9,false,,,,
3,0.25,2.975,0.6,-0.95,false,,,,
3,0.25,2.975,0.6,-1,false,,,,
3,0.25,2.975,0.4,-0,false,,,,
3,0.25,2.975,0.4,-0.05,false,,,,
3,0.25,2.975,0.4,-0.1,false,,,,
3,0.25,2.975,0.4,-0.15,false,,,,
3,0.25,2.975,0.4,-0.2,false,,,,
3,0.25,2.975,0.4,-0.25,false,,,,
3,0.25,2.975,0.4,-0.3,false,,,,
3,0.25,2.975,0.4,-0.35,false,,,,
3,0.25,2.975,0.4,-0.4,false,,,,
3,0.25,2.975,0.4,-0.45,false,,,,
3,0.25,2.975,0.4,-0.5,false,,,,
3,0.25,2.975,0.4,-0.55,false,,,,
3,0.25,2.975,0.4,-0.6,false,,,,
3,0.25,2.975,0.4,-0.65,false,,,,
3,0.25,2.975,0.4,-0.7,false,,,,
3,0.25,2.975,0.4,-0.75,false,,,,
3,0.25,2.975,0.4,-0.8,false,,,,
3,0.25,2.975,0.4,-0.85,false,,,,
3,0.25,2.975,0.4,-0.9,false,,,,
3,0.25,2.975,0.4,-0.95,false,,,,
3,0.25,2.975,0.4,-1,false,,,,
3,0.25,2.975,0.2,-0,false,,,,
3,0.25,2.975,0.2,-0.05,false,,,,
3,0.25,2.975,0.2,-0.1,false,,,,
3,0.25,2.975,0.2,-0.15,false,,,,
3,0.25,2.975,0.2,-0.2,false,,,,
3,0.25,2.975,0.2,-0.25,false,,,,
3,0.25,2.975,0.2,-0.3,false,,,,
3,0.25,2.975,0.2,-0.35,false,,,,
3,0.25,2.975,0.2,-0.4,false,,,,
3,0.25,2.975,0.2,-0.45,false,,,,
3,0.25,2.975,0.2,-0.5,false,,,,
3,0.25,2.975,0.2,-0.55,false,,,,
3,0.25,2.975,0.2,-0.6,false,,,,
3,0.25,2.975,0.2,-0.65,false,,,,
3,0.25,2.975,0.2,-0.7,false,,,,
3,0.25,2.975,0.2,-0.75,false,,,,
3,0.25,2.975,0.2,-0.8,false,,,,
3,0.25,2.975,0.2,-0.85,false,,,,
3,0.25,2.975,0.2,-0.9,false,,,,
3,0.25,2.975,0.2,-0.95,false,,,,
3,0.25,2.975,0.2,-1,false,,,,
3,0.25,2.975,0,-0.05,false,,,,
3,0.25,2.975,0,-0.1,false,,,,
3,0.25,2.975,0,-0.15,false,,,,
3,0.25,2.975,0,-0.2,false,,,,
3,0.25,2.975,0,-0.25,false,,,,
3,0.25,2.975,0,-0.3,false,,,,
3,0.25,2.975,0,-0.35,false,,,,
3,0.25,2.975,0,-0.4,false,,,,
3,0.25,2.975,0,-0.45,false,,,,
3,0.25,2.975,0,-0.5,false,,,,
3,0.25,2.975,0,-0.55,false,,,,
3,0.25,2.975,0,-0.6,false,,,,
3,0.25,2.975,0,-0.65,false,,,,
3,0.25,2.975,0,-0.7,false,,,,
3,0.25,2.975,0,-0.75,false,,,,
3,0.25,2.975,0,-0.8,false,,,,
3,0.25,2.975,0,-0.85,false,,,,
3,0.25,2.975,0,-0.9,false,,,,
3,0.25,2.975,0,-0.95,false,,,,
3,0.25,2.975,0,-1,false,,,,
3,0.25,3,1,-0,false,,,,
3,0.25,3,1,-0.05,false,,,,
3,0.25,3,1,-0.1,false,,,,
3,0.25,3,1,-0.15,false,,,,
3,0.25,3,1,-0.2,false,,,,
3,0.25,3,1,-0.25,false,,,,
3,0.25,3,1,-0.3,false,,,,
3,0.25,3,1,-0.35,false,,,,
3,0.25,3,1,-0.4,false,,,,
3,0.25,3,1,-0.45,false,,,,
3,0.25,3,1,-0.5,false,,,,
3,0.25,3,1,-0.55,false,,,,
3,0.25,3,1,-0.6,false,,,,
3,0.25,3,1,-0.65,false,,,,
3,0.25,3,1,-0.7,false,,,,
3,0.25,3,1,-0.75,false,,,,
3,0.25,3,1,-0.8,false,,,,
3,0.25,3,1,-0.85,false,,,,
3,0.25,3,1,-0.9,false,,,,
3,0.25,3,1,-0.95,false,,,,
3,0.25,3,1,-1,true,0.3405467592,0.2414137607,0.3422152172,0.3448112677
3,0.25,3,0.8,-0,false,,,,
3,0.25,3,0.8,-0.05,false,,,,
3,0.25,3,0.8,-0.1,false,,,,
3,0.25,3,0.8,-0.15,false,,,,
3,0.25,3,0.8,-0.2,false,,,,
3,0.25,3,0.8,-0.25,false,,,,
3,0.25,3,0.8,-0.3,false,,,,
3,0.25,3,0.8,-0.35,false,,,,
3,0.25,3,0.8,-0.4,false,,,,
3,0.25,3,0.8,-0.45,false,,,,
3,0.25,3,0.8,-0.5,false,,,,
3,0.25,3,0.8,-0.55,false,,,,
3,0.25,3,0.8,-0.6,false,,,,
3,0.25,3,0.8,-0.65,false,,,,
3,0.25,3,0.8,-0.7,false,,,,
3,0.25,3,0.8,-0.75,false,,,,
3,0.25,3,0.8,-0.8,false,,,,
3,0.25,3,0.8,-0.85,false,,,,
3,0.25,3,0.8,-0.9,false,,,,
3,0.25,3,0.8,-0.95,false,,,,
3,0.25,3,0.8,-1,false,,,,
3,0.25,3,0.6,-0,false,,,,
3,0.25,3,0.6,-0.05,false,,,,
3,0.25,3,0.6,-0.1,false,,,,
3,0.25,3,0.6,-0.15,false,,,,
3,0.25,3,0.6,-0.2,false,,,,
3,0.25,3,0.6,-0.25,false,,,,
3,0.25,3,0.6,-0.3,false,,,,
3,0.25,3,0.6,-0.35,false,,,,
3,0.25,3,0.6,-0.4,false,,,,
3,0.25,3,0.6,-0.45,false,,,,
3,0.25,3,0.6,-0.5,false,,,,
3,0.25,3,0.6,-0.55,false,,,,
3,0.25,3,0.6,-0.6,false,,,,
3,0.25,3,0.6,-0.65,false,,,,
3,0.25,3,0.6,-0.7,false,,,,
3,0.25,3,0.6,-0.75,false,,,,
3,0.25,3,0.6,-0.8,false,,,,
3,0.25,3,0.6,-0.85,false,,,,
3,0.25,3,0.6,-0.9,false,,,,
3,0.25,3,0.6,-0.95,false,,,,
3,0.25,3,0.6,-1,false,,,,
3,0.25,3,0.4,-0,false,,,,
3,0.25,3,0.4,-0.05,false,,,,
3,0.25,3,0.4,-0.1,false,,,,
3,0.25,3,0.4,-0.15,false,,,,
3,0.25,3,0.4,-0.2,false,,,,
3,0.25,3,0.4,-0.25,false,,,,
3,0.25,3,0.4,-0.3,false,,,,
3,0.25,3,0.4,-0.35,false,,,,
3,0.25,3,0.4,-0.4,false,,,,
3,0.25,3,0.4,-0.45,false,,,,
3,0.25,3,0.4,-0.5,false,,,,
3,0.25,3,0.4,-0.55,false,,,,
3,0.25,3,0.4,-0.6,false,,,,
3,0.25,3,0.4,-0.65,false,,,,
3,0.25,3,0.4,-0.7,false,,,,
3,0.25,3,0.4,-0.75,false,,,,
3,0.25,3,0.4,-0.8,false,,,,
3,0.25,3,0.4,-0.85,false,,,,
3,0.25,3,0.4,-0.9,false,,,,
3,0.25,3,0.4,-0.95,false,,,,
3,0.25,3,0.4,-1,false,,,,
3,0.25,3,0.2,-0,false,,,,
3,0.25,3,0.2,-0.05,false,,,,
3,0.25,3,0.2,-0.1,false,,,,
3,0.25,3,0.2,-0.15,false,,,,
3,0.25,3,0.2,-0.2,false,,,,
3,0.25,3,0.2,-0.25,false,,,,
3,0.25,3,0.2,-0.3,false,,,,
3,0.25,3,0.2,-0.35,false,,,,
3,0.25,3,0.2,-0.4,false,,,,
3,0.25,3,0.2,-0.45,false,,,,
3,0.25,3,0.2,-0.5,false,,,,
3,0.25,3,0.2,-0.55,false,,,,
3,0.25,3,0.2,-0.6,false,,,,
3,0.25,3,0.2,-0.65,false,,,,
3,0.25,3,0.2,-0.7,false,,,,
3,0.25,3,0.2,-0.75,false,,,,
3,0.25,3,0.2,-0.8,false,,,,
3,0.25,3,0.2,-0.85,false,,,,
3,0.25,3,0.2,-0.9,false,,,,
3,0.25,3,0.2,-0.95,false,,,,
3,0.25,3,0.2,-1,false,,,,
3,0.25,3,0,-0.05,false,,,,
3,0.25,3,0,-0.1,false,,,,
3,0.25,3,0,-0.15,false,,,,
3,0.25,3,0,-0.2,false,,,,
3,0.25,3,0,-0.25,false,,,,
3,0.25,3,0,-0.3,false,,,,
3,0.25,3,0,-0.35,false,,,,
3,0.25,3,0,-0.4,false,,,,
3,0.25,3,0,-0.45,false,,,,
3,0.25,3,0,-0.5,false,,,,
3,0.25,3,0,-0.55,false,,,,
3,0.25,3,0,-0.6,false,,,,
3,0.25,3,0,-0.65,false,,,,
3,0.25,3,0,-0.7,false,,,,
3,0.25,3,0,-0.75,false,,,,
3,0.25,3,0,-0.8,false,,,,
3,0.25,3,0,-0.85,false,,,,
3,0.25,3,0,-0.9,false,,,,
3,0.25,3,0,-0.95,false,,,,
3,0.25,3,0,-1,false,,,,
3,0.25,3.025,1,-0,false,,,,
3,0.25,3.025,1,-0.05,false,,,,
3,0.25,3.025,1,-0.1,false,,,,
3,0.25,3.025,1,-0.15,false,,,,
3,0.25,3.025,1,-0.2,false,,,,
3,0.25,3.025,1,-0.25,false,,,,
3,0.25,3.025,1,-0.3,false,,,,
3,0.25,3.025,1,-0.35,false,,,,
3,0.25,3.025,1,-0.4,false,,,,
3,0.25,3.025,1,-0.45,false,,,,
3,0.25,3.025,1,-0.5,false,,,,
3,0.25,3.025,1,-0.55,false,,,,
3,0.25,3.025,1,-0.6,false,,,,
3,0.25,3.025,1,-0.65,false,,,,
3,0.25,3.025,1,-0.7,false,,,,
3,0.25,3.025,1,-0.75,false,,,,
3,0.25,3.025,1,-0.8,false,,,,
3,0.25,3.025,1,-0.85,false,,,,
3,0.25,3.025,1,-0.9,false,,,,
3,0.25,3.025,1,-0.95,false,,,,
3,0.25,3.025,1,-1,true,0.3363881729,0.2385005902,0.3378786252,0.3478131382
3,0.25,3.025,0.8,-0,false,,,,
3,0.25,3.025,0.8,-0.05,false,,,,
3,0.25,3.025,0.8,-0.1,false,,,,
3,0.25,3.025,0.8,-0.15,false,,,,
3,0.25,3.025,0.8,-0.2,false,,,,
3,0.25,3.025,0.8,-0.25,false,,,,
3,0.25,3.025,0.8,-0.3,false,,,,
3,0.25,3.025,0.8,-0.35,false,,,,
3,0.25,3.025,0.8,-0.4,false,,,,
3,0.25,3.025,0.8,-0.45,false,,,,
3,0.25,3.025,0.8,-0.5,false,,,,
3,0.25,3.025,0.8,-0.55,false,,,,
3,0.25,3.025,0.8,-0.6,false,,,,
3,0.25,3.025,0.8,-0.65,false,,,,
3,0.25,3.025,0.8,-0.7,false,,,,
3,0.25,3.025,0.8,-0.75,false,,,,
3,0.25,3.025,0.8,-0.8,false,,,,
3,0.25,3.025,0.8,-0.85,false,,,,
3,0.25,3.025,0.8,-0.9,false,,,,
3,0.25,3.025,0.8,-0.95,false,,,,
3,0.25,3.025,0.8,-1,false,,,,
3,0.25,3.025,0.6,-0,false,,,,
3,0.25,3.025,0.6,-0.05,false,,,,
3,0.25,3.025,0.6,-0.1,false,,,,
3,0.25,3.025,0.6,-0.15,false,,,,
3,0.25,3.025,0.6,-0.2,false,,,,
3,0.25,3.025,0.6,-0.25,false,,,,
3,0.25,3.025,0.6,-0.3,false,,,,
3,0.25,3.025,0.6,-0.35,false,,,,
3,0.25,3.025,0.6,-0.4,false,,,,
3,0.25,3.025,0.6,-0.45,false,,,,
3,0.25,3.025,0.6,-0.5,false,,,,
3,0.25,3.025,0.6,-0.55,false,,,,
3,0.25,3.025,0.6,-0.6,false,,,,
3,0.25,3.025,0.6,-0.65,false,,,,
3,0.25,3.025,0.6,-0.7,false,,,,
3,0.25,3.025,0.6,-0.75,false,,,,
3,0.25,3.025,0.6,-0.8,false,,,,
3,0.25,3.025,0.6,-0.85,false,,,,
3,0.25,3.025,0.6,-0.9,false,,,,
3,0.25,3.025,0.6,-0.95,false,,,,
3,0.25,3.025,0.6,-1,false,,,,
3,0.25,3.025,0.4,-0,false,,,,
3,0.25,3.025,0.4,-0.05,false,,,,
3,0.25,3.025,0.4,-0.1,false,,,,
3,0.25,3.025,0.4,-0.15,false,,,,
3,0.25,3.025,0.4,-0.2,false,,,,
3,0.25,3.025,0.4,-0.25,false,,,,
3,0.25,3.025,0.4,-0.3,false,,,,
3,0.25,3.025,0.4,-0.35,false,,,,
3,0.25,3.025,0.4,-0.4,false,,,,
3,0.25,3.025,0.4,-0.45,false,,,,
3,0.25,3.025,0.4,-0.5,false,,,,
3,0.25,3.025,0.4,-0.55,false,,,,
3,0.25,3.025,0.4,-0.6,false,,,,
3,0.25,3.025,0.4,-0.65,false,,,,
3,0.25,3.025,0.4,-0.7,false,,,,
3,0.25,3.025,0.4,-0.75,false,,,,
3,0.25,3.025,0.4,-0.8,false,,,,
3,0.25,3.025,0.4,-0.85,false,,,,
3,0.25,3.025,0.4,-0.9,false,,,,
3,0.25,3.025,0.4,-0.95,false,,,,
3,0.25,3.025,0.4,-1,false,,,,
3,0.25,3.025,0.2,-0,false,,,,
3,0.25,3.025,0.2,-0.05,false,,,,
3,0.25,3.025,0.2,-0.1,false,,,,
3,0.25,3.025,0.2,-0.15,false,,,,
3,0.25,3.025,0.2,-0.2,false,,,,
3,0.25,3.025,0.2,-0.25,false,,,,
3,0.25,3.025,0.2,-0.3,false,,,,
3,0.25,3.025,0.2,-0.35,false,,,,
3,0.25,3.025,0.2,-0.4,false,,,,
3,0.25,3.025,0.2,-0.45,false,,,,
3,0.25,3.025,0.2,-0.5,false,,,,
3,0.25,3.025,0.2,-0.55,false,,,,
3,0.25,3.025,0.2,-0.6,false,,,,
3,0.25,3.025,0.2,-0.65,false,,,,
3,0.25,3.025,0.2,-0.7,false,,,,
3,0.25,3.025,0.2,-0.75,false,,,,
3,0.25,3.025,0.2,-0.8,false,,,,
3,0.25,3.025,0.2,-0.85,false,,,,
3,0.25,3.025,0.2,-0.9,false,,,,
3,0.25,3.025,0.2,-0.95,false,,,,
3,0.25,3.025,0.2,-1,false,,,,
3,0.25,3.025,0,-0.05,false,,,,
3,0.25,3.025,0,-0.1,false,,,,
3,0.25,3.025,0,-0.15,false,,,,
3,0.25,3.025,0,-0.2,false,,,,
3,0.25,3.025,0,-0.25,false,,,,
3,0.25,3.025,0,-0.3,false,,,,
3,0.25,3.025,0,-0.35,false,,,,
3,0.25,3.025,0,-0.4,false,,,,
3,0.25,3.025,0,-0.45,false,,,,
3,0.25,3.025,0,-0.5,false,,,,
3,0.25,3.025,0,-0.55,false,,,,
3,0.25,3.025,0,-0.6,false,,,,
3,0.25,3.025,0,-0.65,false,,,,
3,0.25,3.025,0,-0.7,false,,,,
3,0.25,3.025,0,-0.75,false,,,,
3,0.25,3.025,0,-0.8,false,,,,
3,0.25,3.025,0,-0.85,false,,,,
3,0.25,3.025,0,-0.9,false,,,,
3,0.25,3.025,0,-0.95,false,,,,
3,0.25,3.025,0,-1,false,,,,
3,0.25,3.05,1,-0,false,,,,
3,0.25,3.05,1,-0.05,false,,,,
3,0.25,3.05,1,-0.1,false,,,,
3,0.25,3.05,1,-0.15,false,,,,
3,0.25,3.05,1,-0.2,false,,,,
3,0.25,3.05,1,-0.25,false,,,,
3,0.25,3.05,1,-0.3,false,,,,
3,0.25,3.05,1,-0.35,false,,,,
3,0.25,3.05,1,-0.4,false,,,,
3,0.25,3.05,1,-0.45,false,,,,
3,0.25,3.05,1,-0.5,false,,,,
3,0.25,3.05,1,-0.55,false,,,,
3,0.25,3.05,1,-0.6,false,,,,
3,0.25,3.05,1,-0.65,false,,,,
3,0.25,3.05,1,-0.7,false,,,,
3,0.25,3.05,1,-0.75,false,,,,
3,0.25,3.05,1,-0.8,false,,,,
3,0.25,3.05,1,-0.85,false,,,,
3,0.25,3.05,1,-0.9,false,,,,
3,0.25,3.05,1,-0.95,false,,,,
3,0.25,3.05,1,-1,true,0.3321557733,0.2355316192,0.3336437345,0.350814997
3,0.25,3.05,0.8,-0,false,,,,
3,0.25,3.05,0.8,-0.05,false,,,,
3,0.25,3.05,0.8,-0.1,false,,,,
3,0.25,3.05,0.8,-0.15,false,,,,
3,0.25,3.05,0.8,-0.2,false,,,,
3,0.25,3.05,0.8,-0.25,false,,,,
3,0.25,3.05,0.8,-0.3,false,,,,
3,0.25,3.05,0.8,-0.35,false,,,,
3,0.25,3.05,0.8,-0.4,false,,,,
3,0.25,3.05,0.8,-0.45,false,,,,
3,0.25,3.05,0.8,-0.5,false,,,,
3,0.25,3.05,0.8,-0.55,false,,,,
3,0.25,3.05,0.8,-0.6,false,,,,
3,0.25,3.05,0.8,-0.65,false,,,,
3,0.25,3.05,0.8,-0.7,false,,,,
3,0.25,3.05,0.8,-0.75,false,,,,
3,0.25,3.05,0.8,-0.8,false,,,,
3,0.25,3.05,0.8,-0.85,false,,,,
3,0.25,3.05,0.8,-0.9,false,,,,
3,0.25,3.05,0.8,-0.95,false,,,,
3,0.25,3.05,0.8,-1,false,,,,
3,0.25,3.05,0.6,-0,false,,,,
3,0.25,3.05,0.6,-0.05,false,,,,
3,0.25,3.05,0.6,-0.1,false,,,,
3,0.25,3.05,0.6,-0.15,false,,,,
3,0.25,3.05,0.6,-0.2,false,,,,
3,0.25,3.05,0.6,-0.25,false,,,,
3,0.25,3.05,0.6,-0.3,false,,,,
3,0.25,3.05,0.6,-0.35,false,,,,
3,0.25,3.05,0.6,-0.4,false,,,,
3,0.25,3.05,0.6,-0.45,false,,,,
3,0.25,3.05,0.6,-0.5,false,,,,
3,0.25,3.05,0.6,-0.55,false,,,,
3,0.25,3.05,0.6,-0.6,false,,,,
3,0.25,3.05,0.6,-0.65,false,,,,
3,0.25,3.05,0.6,-0.7,false,,,,
3,0.25,3.05,0.6,-0.75,false,,,,
3,0.25,3.05,0.6,-0.8,false,,,,
3,0.25,3.05,0.6,-0.85,false,,,,
3,0.25,3.05,0.6,-0.9,false,,,,
3,0.25,3.05,0.6,-0.95,false,,,,
3,0.25,3.05,0.6,-1,false,,,,
3,0.25,3.05,0.4,-0,false,,,,
3,0.25,3.05,0.4,-0.05,false,,,,
3,0.25,3.05,0.4,-0.1,false,,,,
3,0.25,3.05,0.4,-0.15,false,,,,
3,0.25,3.05,0.4,-0.2,false,,,,
3,0.25,3.05,0.4,-0.25,false,,,,
3,0.25,3.05,0.4,-0.3,false,,,,
3,0.25,3.05,0.4,-0.35,false,,,,
3,0.25,3.05,0.4,-0.4,false,,,,
3,0.25,3.05,0.4,-0.45,false,,,,
3,0.25,3.05,0.4,-0.5,false,,,,
3,0.25,3.05,0.4,-0.55,false,,,,
3,0.25,3.05,0.4,-0.6,false,,,,
3,0.25,3.05,0.4,-0.65,false,,,,
3,0.25,3.05,0.4,-0.7,false,,,,
3,0.25,3.05,0.4,-0.75,false,,,,
3,0.25,3.05,0.4,-0.8,false,,,,
3,0.25,3.05,0.4,-0.85,false,,,,
3,0.25,3.05,0.4,-0.9,false,,,,
3,0.25,3.05,0.4,-0.95,false,,,,
3,0.25,3.05,0.4,-1,false,,,,
3,0.25,3.05,0.2,-0,false,,,,
3,0.25,3.05,0.2,-0.05,false,,,,
3,0.25,3.05,0.2,-0.1,false,,,,
3,0.25,3.05,0.2,-0.15,false,,,,
3,0.25,3.05,0.2,-0.2,false,,,,
3,0.25,3.05,0.2,-0.25,false,,,,
3,0.25,3.05,0.2,-0.3,false,,,,
3,0.25,3.05,0.2,-0.35,false,,,,
3,0.25,3.05,0.2,-0.4,false,,,,
3,0.25,3.05,0.2,-0.45,false,,,,
3,0.25,3.05,0.2,-0.5,false,,,,
3,0.25,3.05,0.2,-0.55,false,,,,
3,0.25,3.05,0.2,-0.6,false,,,,
3,0.25,3.05,0.2,-0.65,false,,,,
3,0.25,3.05,0.2,-0.7,false,,,,
3,0.25,3.05,0.2,-0.75,false,,,,
3,0.25,3.05,0.2,-0.8,false,,,,
3,0.25,3.05,0.2,-0.85,false,,,,
3,0.25,3.05,0.2,-0.9,false,,,,
3,0.25,3.05,0.2,-0.95,false,,,,
3,0.25,3.05,0.2,-1,false,,,,
3,0.25,3.05,0,-0.05,false,,,,
3,0.25,3.05,0,-0.1,false,,,,
3,0.25,3.05,0,-0.15,false,,,,
3,0.25,3.05,0,-0.2,false,,,,
3,0.25,3.05,0,-0.25,false,,,,
3,0.25,3.05,0,-0.3,false,,,,
3,0.25,3.05,0,-0.35,false,,,,
3,0.25,3.05,0,-0.4,false,,,,
3,0.25,3.05,0,-0.45,false,,,,
3,0.25,3.05,0,-0.5,false,,,,
3,0.25,3.05,0,-0.55,false,,,,
3,0.25,3.05,0,-0.6,false,,,,
3,0.25,3.05,0,-0.65,false,,,,
3,0.25,3.05,0,-0.7,false,,,,
3,0.25,3.05,0,-0.75,false,,,,
3,0.25,3.05,0,-0.8,false,,,,
3,0.25,3.05,0,-0.85,false,,,,
3,0.25,3.05,0,-0.9,false,,,,
3,0.25,3.05,0,-0.95,false,,,,
3,0.25,3.05,0,-1,false,,,,
3,0.25,3.075,1,-0,false,,,,
3,0.25,3.075,1,-0.05,false,,,,
3,0.25,3.075,1,-0.1,false,,,,
3,0.25,3.075,1,-0.15,false,,,,
3,0.25,3.075,1,-0.2,false,,,,
3,0.25,3.075,1,-0.25,false,,,,
3,0.25,3.075,1,-0.3,false,,,,
3,0.25,3.075,1,-0.35,false,,,,
3,0.25,3.075,1,-0.4,false,,,,
3,0.25,3.075,1,-0.45,false,,,,
3,0.25,3.075,1,-0.5,false,,,,
3,0.25,3.075,1,-0.55,false,,,,
3,0.25,3.075,1,-0.6,false,,,,
3,0.25,3.075,1,-0.65,false,,,,
3,0.25,3.075,1,-0.7,true,0.1079696265,0.0747462478,0.1079696265,0.3538239813
3,0.25,3.075,1,-0.75,false,,,,
3,0.25,3.075,1,-0.8,false,,,,
3,0.25,3.075,1,-0.85,false,,,,
3,0.25,3.075,1,-0.9,false,,,,
3,0.25,3.075,1,-0.95,false,,,,
3,0.25,3.075,1,-1,true,0.3278478136,0.232506184,0.3293330461,0.3538168443
3,0.25,3.075,0.8,-0,false,,,,
3,0.25,3.075,0.8,-0.05,false,,,,
3,0.25,3.075,0.8,-0.1,false,,,,
3,0.25,3.075,0.8,-0.15,false,,,,
3,0.25,3.075,0.8,-0.2,false,,,,
3,0.25,3.075,0.8,-0.25,false,,,,
3,0.25,3.075,0.8,-0.3,false,,,,
3,0.25,3.075,0.8,-0.35,false,,,,
3,0.25,3.075,0.8,-0.4,false,,,,
3,0.25,3.075,0.8,-0.45,false,,,,
3,0.25,3.075,0.8,-0.5,false,,,,
3,0.25,3.075,0.8,-0.55,false,,,,
3,0.25,3.075,0.8,-0.6,false,,,,
3,0.25,3.075,0.8,-0.65,false,,,,
3,0.25,3.075,0.8,-0.7,false,,,,
3,0.25,3.075,0.8,-0.75,false,,,,
3,0.25,3.075,0.8,-0.8,false,,,,
3,0.25,3.075,0.8,-0.85,false,,,,
3,0.25,3.075,0.8,-0.9,false,,,,
3,0.25,3.075,0.8,-0.95,false,,,,
3,0.25,3.075,0.8,-1,false,,,,
3,0.25,3.075,0.6,-0,false,,,,
3,0.25,3.075,0.6,-0.05,false,,,,
3,0.25,3.075,0.6,-0.1,false,,,,
3,0.25,3.075,0.6,-0.15,false,,,,
3,0.25,3.075,0.6,-0.2,false,,,,
3,0.25,3.075,0.6,-0.25,false,,,,
3,0.25,3.075,0.6,-0.3,false,,,,
3,0.25,3.075,0.6,-0.35,false,,,,
3,0.25,3.075,0.6,-0.4,false,,,,
3,0.25,3.075,0.6,-0.45,false,,,,
3,0.25,3.075,0.6,-0.5,false,,,,
3,0.25,3.075,0.6,-0.55,false,,,,
3,0.25,3.075,0.6,-0.6,false,,,,
3,0.25,3.075,0.6,-0.65,false,,,,
3,0.25,3.075,0.6,-0.7,false,,,,
3,0.25,3.075,0.6,-0.75,false,,,,
3,0.25,3.075,0.6,-0.8,false,,,,
3,0.25,3.075,0.6,-0.85,false,,,,
3,0.25,3.075,0.6,-0.9,false,,,,
3,0.25,3.075,0.6,-0.95,false,,,,
3,0.25,3.075,0.6,-1,false,,,,
3,0.25,3.075,0.4,-0,false,,,,
3,0.25,3.075,0.4,-0.05,false,,,,
3,0.25,3.075,0.4,-0.1,false,,,,
3,0.25,3.075,0.4,-0.15,false,,,,
3,0.25,3.075,0.4,-0.2,false,,,,
3,0.25,3.075,0.4,-0.25,false,,,,
3,0.25,3.075,0.4,-0.3,false,,,,
3,0.25,3.075,0.4,-0.35,false,,,,
3,0.25,3.075,0.4,-0.4,false,,,,
3,0.25,3.075,0.4,-0.45,false,,,,
3,0.25,3.075,0.4,-0.5,false,,,,
3,0.25,3.075,0.4,-0.55,false,,,,
3,0.25,3.075,0.4,-0.6,false,,,,
3,0.25,3.075,0.4,-0.65,false,,,,
3,0.25,3.075,0.4,-0.7,false,,,,
3,0.25,3.075,0.4,-0.75,false,,,,
3,0.25,3.075,0.4,-0.8,false,,,,
3,0.25,3.075,0.4,-0.85,false,,,,
3,0.25,3.075,0.4,-0.9,false,,,,
3,0.25,3.075,0.4,-0.95,false,,,,
3,0.25,3.075,0.4,-1,false,,,,
3,0.25,3.075,0.2,-0,false,,,,
3,0.25,3.075,0.2,-0.05,false,,,,
3,0.25,3.075,0.2,-0.1,false,,,,
3,0.25,3.075,0.2,-0.15,false,,,,
3,0.25,3.075,0.2,-0.2,false,,,,
3,0.25,3.075,0.2,-0.25,false,,,,
3,0.25,3.075,0.2,-0.3,false,,,,
3,0.25,3.075,0.2,-0.35,false,,,,
3,0.25,3.075,0.2,-0.4,false,,,,
3,0.25,3.075,0.2,-0.45,false,,,,
3,0.25,3.075,0.2,-0.5,false,,,,
3,0.25,3.075,0.2,-0.55,false,,,,
3,0.25,3.075,0.2,-0.6,false,,,,
3,0.25,3.075,0.2,-0.65,false,,,,
3,0.25,3.075,0.2,-0.7,false,,,,
3,0.25,3.075,0.2,-0.75,false,,,,
3,0.25,3.075,0.2,-0.8,false,,,,
3,0.25,3.075,0.2,-0.85,false,,,,
3,0.25,3.075,0.2,-0.9,false,,,,
3,0.25,3.075,0.2,-0.95,false,,,,
3,0.25,3.075,0.2,-1,false,,,,
3,0.25,3.075,0,-0.05,false,,,,
3,0.25,3.075,0,-0.1,false,,,,
3,0.25,3.075,0,-0.15,false,,,,
3,0.25,3.075,0,-0.2,false,,,,
3,0.25,3.075,0,-0.25,false,,,,
3,0.25,3.075,0,-0.3,false,,,,
3,0.25,3.075,0,-0.35,false,,,,
3,0.25,3.075,0,-0.4,false,,,,
3,0.25,3.075,0,-0.45,false,,,,
3,0.25,3.075,0,-0.5,false,,,,
3,0.25,3.075,0,-0.55,false,,,,
3,0.25,3.075,0,-0.6,false,,,,
3,0.25,3.075,0,-0.65,false,,,,
3,0.25,3.075,0,-0.7,false,,,,
3,0.25,3.075,0,-0.75,false,,,,
3,0.25,3.075,0,-0.8,false,,,,
3,0.25,3.075,0,-0.85,false,,,,
3,0.25,3.075,0,-0.9,false,,,,
3,0.25,3.075,0,-0.95,false,,,,
3,0.25,3.075,0,-1,false,,,,
3,0.25,3.1,1,-0,false,,,,
3,0.25,3.1,1,-0.05,false,,,,
3,0.25,3.1,1,-0.1,false,,,,
3,0.25,3.1,1,-0.15,false,,,,
3,0.25,3.1,1,-0.2,false,,,,
3,0.25,3.1,1,-0.25,false,,,,
3,0.25,3.1,1,-0.3,false,,,,
3,0.25,3.1,1,-0.35,false,,,,
3,0.25,3.1,1,-0.4,false,,,,
3,0.25,3.1,1,-0.45,false,,,,
3,0.25,3.1,1,-0.5,false,,,,
3,0.25,3.1,1,-0.55,false,,,,
3,0.25,3.1,1,-0.6,false,,,,
3,0.25,3.1,1,-0.65,false,,,,
3,0.25,3.1,1,-0.7,true,0.1075052213,0.07415436401,0.1075052213,0.356824555
3,0.25,3.1,1,-0.75,false,,,,
3,0.25,3.1,1,-0.8,false,,,,
3,0.25,3.1,1,-0.85,false,,,,
3,0.25,3.1,1,-0.9,false,,,,
3,0.25,3.1,1,-0.95,false,,,,
3,0.25,3.1,1,-1,true,0.3234624905,0.2294229705,0.3249447584,0.3568186803
3,0.25,3.1,0.8,-0,false,,,,
3,0.25,3.1,0.8,-0.05,false,,,,
3,0.25,3.1,0.8,-0.1,false,,,,
3,0.25,3.1,0.8,-0.15,false,,,,
3,0.25,3.1,0.8,-0.2,false,,,,
3,0.25,3.1,0.8,-0.25,false,,,,
3,0.25,3.1,0.8,-0.3,false,,,,
3,0.25,3.1,0.8,-0.35,false,,,,
3,0.25,3.1,0.8,-0.4,false,,,,
3,0.25,3.1,0.8,-0.45,false,,,,
3,0.25,3.1,0.8,-0.5,false,,,,
3,0.25,3.1,0.8,-0.55,false,,,,
3,0.25,3.1,0.8,-0.6,false,,,,
3,0.25,3.1,0.8,-0.65,false,,,,
3,0.25,3.1,0.8,-0.7,false,,,,
3,0.25,3.1,0.8,-0.75,false,,,,
3,0.25,3.1,0.8,-0.8,false,,,,
3,0.25,3.1,0.8,-0.85,false,,,,
3,0.25,3.1,0.8,-0.9,false,,,,
3,0.25,3.1,0.8,-0.95,false,,,,
3,0.25,3.1,0.8,-1,false,,,,
3,0.25,3.1,0.6,-0,false,,,,
3,0.25,3.1,0.6,-0.05,false,,,,
3,0.25,3.1,0.6,-0.1,false,,,,
3,0.25,3.1,0.6,-0.15,false,,,,
3,0.25,3.1,0.6,-0.2,false,,,,
3,0.25,3.1,0.6,-0.25,false,,,,
3,0.25,3.1,0.6,-0.3,false,,,,
3,0.25,3.1,0.6,-0.35,false,,,,
3,0.25,3.1,0.6,-0.4,false,,,,
3,0.25,3.1,0.6,-0.45,false,,,,
3,0.25,3.1,0.6,-0.5,false,,,,
3,0.25,3.1,0.6,-0.55,false,,,,
3,0.25,3.1,0.6,-0.6,false,,,,
3,0.25,3.1,0.6,-0.65,false,,,,
3,0.25,3.1,0.6,-0.7,false,,,,
3,0.25,3.1,0.6,-0.75,false,,,,
3,0.25,3.1,0.6,-0.8,false,,,,
3,0.25,3.1,0.6,-0.85,false,,,,
3,0.25,3.1,0.6,-0.9,false,,,,
3,0.25,3.1,0.6,-0.95,false,,,,
3,0.25,3.1,0.6,-1,false,,,,
3,0.25,3.1,0.4,-0,false,,,,
3,0.25,3.1,0.4,-0.05,false,,,,
3,0.25,3.1,0.4,-0.1,false,,,,
3,0.25,3.1,0.4,-0.15,false,,,,
3,0.25,3.1,0.4,-0.2,false,,,,
3,0.25,3.1,0.4,-0.25,false,,,,
3,0.25,3.1,0.4,-0.3,false,,,,
3,0.25,3.1,0.4,-0.35,false,,,,
3,0.25,3.1,0.4,-0.4,false,,,,
3,0.25,3.1,0.4,-0.45,false,,,,
3,0.25,3.1,0.4,-0.5,false,,,,
3,0.25,3.1,0.4,-0.55,false,,,,
3,0.25,3.1,0.4,-0.6,false,,,,
3,0.25,3.1,0.4,-0.65,false,,,,
3,0.25,3.1,0.4,-0.7,false,,,,
3,0.25,3.1,0.4,-0.75,false,,,,
3,0.25,3.1,0.4,-0.8,false,,,,
3,0.25,3.1,0.4,-0.85,false,,,,
3,0.25,3.1,0.4,-0.9,false,,,,
3,0.25,3.1,0.4,-0.95,false,,,,
3,0.25,3.1,0.4,-1,false,,,,
3,0.25,3.1,0.2,-0,false,,,,
3,0.25,3.1,0.2,-0.05,false,,,,
3,0.25,3.1,0.2,-0.1,false,,,,
3,0.25,3.1,0.2,-0.15,false,,,,
3,0.25,3.1,0.2,-0.2,false,,,,
3,0.25,3.1,0.2,-0.25,false,,,,
3,0.25,3.1,0.2,-0.3,false,,,,
3,0.25,3.1,0.2,-0.35,false,,,,
3,0.25,3.1,0.2,-0.4,false,,,,
3,0.25,3.1,0.2,-0.45,false,,,,
3,0.25,3.1,0.2,-0.5,false,,,,
3,0.25,3.1,0.2,-0.55,false,,,,
3,0.25,3.1,0.2,-0.6,false,,,,
3,0.25,3.1,0.2,-0.65,false,,,,
3,0.25,3.1,0.2,-0.7,false,,,,
3,0.25,3.1,0.2,-0.75,false,,,,
3,0.25,3.1,0.2,-0.8,false,,,,
3,0.25,3.1,0.2,-0.85,false,,,,
3,0.25,3.1,0.2,-0.9,false,,,,
3,0.25,3.1,0.2,-0.95,false,,,,
3,0.25,3.1,0.2,-1,false,,,,
3,0.25,3.1,0,-0.05,false,,,,
3,0.25,3.1,0,-0.1,false,,,,
3,0.25,3.1,0,-0.15,false,,,,
3,0.25,3.1,0,-0.2,false,,,,
3,0.25,3.1,0,-0.25,false,,,,
3,0.25,3.1,0,-0.3,false,,,,
3,0.25,3.1,0,-0.35,false,,,,
3,0.25,3.1,0,-0.4,false,,,,
3,0.25,3.1,0,-0.45,false,,,,
3,0.25,3.1,0,-0.5,false,,,,
3,0.25,3.1,0,-0.55,false,,,,
3,0.25,3.1,0,-0.6,false,,,,
3,0.25,3.1,0,-0.65,false,,,,
3,0.25,3.1,0,-0.7,false,,,,
3,0.25,3.1,0,-0.75,false,,,,
3,0.25,3.1,0,-0.8,false,,,,
3,0.25,3.1,0,-0.85,false,,,,
3,0.25,3.1,0,-0.9,false,,,,
3,0.25,3.1,0,-0.95,false,,,,
3,0.25,3.1,0,-1,false,,,,
3,0.25,3.125,1,-0,false,,,,
3,0.25,3.125,1,-0.05,false,,,,
3,0.25,3.125,1,-0.1,false,,,,
3,0.25,3.125,1,-0.15,false,,,,
3,0.25,3.125,1,-0.2,false,,,,
3,0.25,3.125,1,-0.25,false,,,,
3,0.25,3.125,1,-0.3,false,,,,
3,0.25,3.125,1,-0.35,false,,,,
3,0.25,3.125,1,-0.4,false,,,,
3,0.25,3.125,1,-0.45,false,,,,
3,0.25,3.125,1,-0.5,false,,,,
3,0.25,3.125,1,-0.55,false,,,,
3,0.25,3.125,1,-0.6,false,,,,
3,0.25,3.125,1,-0.65,false,,,,
3,0.25,3.125,1,-0.7,true,0.1071123052,0.07358542986,0.1071123052,0.3598250374
3,0.25,3.125,1,-0.75,false,,,,
3,0.25,3.125,1,-0.8,false,,,,
3,0.25,3.125,1,-0.85,false,,,,
3,0.25,3.125,1,-0.9,false,,,,
3,0.25,3.125,1,-0.95,false,,,,
3,0.25,3.125,1,-1,true,0.3189979418,0.2262802267,0.3203085029,0.3598205052
3,0.25,3.125,0.8,-0,false,,,,
3,0.25,3.125,0.8,-0.05,false,,,,
3,0.25,3.125,0.8,-0.1,false,,,,
3,0.25,3.125,0.8,-0.15,false,,,,
3,0.25,3.125,0.8,-0.2,false,,,,
3,0.25,3.125,0.8,-0.25,false,,,,
3,0.25,3.125,0.8,-0.3,false,,,,
3,0.25,3.125,0.8,-0.35,false,,,,
3,0.25,3.125,0.8,-0.4,false,,,,
3,0.25,3.125,0.8,-0.45,false,,,,
3,0.25,3.125,0.8,-0.5,false,,,,
3,0.25,3.125,0.8,-0.55,false,,,,
3,0.25,3.125,0.8,-0.6,false,,,,
3,0.25,3.125,0.8,-0.65,false,,,,
3,0.25,3.125,0.8,-0.7,false,,,,
3,0.25,3.125,0.8,-0.75,false,,,,
3,0.25,3.125,0.8,-0.8,false,,,,
3,0.25,3.125,0.8,-0.85,false,,,,
3,0.25,3.125,0.8,-0.9,false,,,,
3,0.25,3.125,0.8,-0.95,false,,,,
3,0.25,3.125,0.8,-1,false,,,,
3,0.25,3.125,0.6,-0,false,,,,
3,0.25,3.125,0.6,-0.05,false,,,,
3,0.25,3.125,0.6,-0.1,false,,,,
3,0.25,3.125,0.6,-0.15,false,,,,
3,0.25,3.125,0.6,-0.2,false,,,,
3,0.25,3.125,0.6,-0.25,false,,,,
3,0.25,3.125,0.6,-0.3,false,,,,
3,0.25,3.125,0.6,-0.35,false,,,,
3,0.25,3.125,0.6,-0.4,false,,,,
3,0.25,3.125,0.6,-0.45,false,,,,
3,0.25,3.125,0.6,-0.5,false,,,,
3,0.25,3.125,0.6,-0.55,false,,,,
3,0.25,3.125,0.6,-0.6,false,,,,
3,0.25,3.125,0.6,-0.65,false,,,,
3,0.25,3.125,0.6,-0.7,false,,,,
3,0.25,3.125,0.6,-0.75,false,,,,
3,0.25,3.125,0.6,-0.8,false,,,,
3,0.25,3.125,0.6,-0.85,false,,,,
3,0.25,3.125,0.6,-0.9,false,,,,
3,0.25,3.125,0.6,-0.95,false,,,,
3,0.25,3.125,0.6,-1,false,,,,
3,0.25,3.125,0.4,-0,false,,,,
3,0.25,3.125,0.4,-0.05,false,,,,
3,0.25,3.125,0.4,-0.1,false,,,,
3,0.25,3.125,0.4,-0.15,false,,,,
3,0.25,3.125,0.4,-0.2,false,,,,
3,0.25,3.125,0.4,-0.25,false,,,,
3,0.25,3.125,0.4,-0.3,false,,,,
3,0.25,3.125,0.4,-0.35,false,,,,
3,0.25,3.125,0.4,-0.4,false,,,,
3,0.25,3.125,0.4,-0.45,false,,,,
3,0.25,3.125,0.4,-0.5,false,,,,
3,0.25,3.125,0.4,-0.55,false,,,,
3,0.25,3.125,0.4,-0.6,false,,,,
3,0.25,3.125,0.4,-0.65,false,,,,
3,0.25,3.125,0.4,-0.7,false,,,,
3,0.25,3.125,0.4,-0.75,false,,,,
3,0.25,3.125,0.4,-0.8,false,,,,
3,0.25,3.125,0.4,-0.85,false,,,,
3,0.25,3.125,0.4,-0.9,false,,,,
3,0.25,3.125,0.4,-0.95,false,,,,
3,0.25,3.125,0.4,-1,false,,,,
3,0.25,3.125,0.2,-0,false,,,,
3,0.25,3.125,0.2,-0.05,false,,,,
3,0.25,3.125,0.2,-0.1,false,,,,
3,0.25,3.125,0.2,-0.15,false,,,,
3,0.25,3.125,0.2,-0.2,false,,,,
3,0.25,3.125,0.2,-0.25,false,,,,
3,0.25,3.125,0.2,-0.3,false,,,,
3,0.25,3.125,0.2,-0.35,false,,,,
3,0.25,3.125,0.2,-0.4,false,,,,
3,0.25,3.125,0.2,-0.45,false,,,,
3,0.25,3.125,0.2,-0.5,false,,,,
3,0.25,3.125,0.2,-0.55,false,,,,
3,0.25,3.125,0.2,-0.6,false,,,,
3,0.25,3.125,0.2,-0.65,false,,,,
3,0.25,3.125,0.2,-0.7,false,,,,
3,0.25,3.125,0.2,-0.75,false,,,,
3,0.25,3.125,0.2,-0.8,false,,,,
3,0.25,3.125,0.2,-0.85,false,,,,
3,0.25,3.125,0.2,-0.9,false,,,,
3,0.25,3.125,0.2,-0.95,false,,,,
3,0.25,3.125,0.2,-1,false,,,,
3,0.25,3.125,0,-0.05,false,,,,
3,0.25,3.125,0,-0.1,false,,,,
3,0.25,3.125,0,-0.15,false,,,,
3,0.25,3.125,0,-0.2,false,,,,
3,0.25,3.125,0,-0.25,false,,,,
3,0.25,3.125,0,-0.3,false,,,,
3,0.25,3.125,0,-0.35,false,,,,
3,0.25,3.125,0,-0.4,false,,,,
3,0.25,3.125,0,-0.45,false,,,,
3,0.25,3.125,0,-0.5,false,,,,
3,0.25,3.125,0,-0.55,false,,,,
3,0.25,3.125,0,-0.6,false,,,,
3,0.25,3.125,0,-0.65,false,,,,
3,0.25,3.125,0,-0.7,false,,,,
3,0.25,3.125,0,-0.75,false,,,,
3,0.25,3.125,0,-0.8,false,,,,
3,0.25,3.125,0,-0.85,false,,,,
3,0.25,3.125,0,-0.9,false,,,,
3,0.25,3.125,0,-0.95,false,,,,
3,0.25,3.125,0,-1,false,,,,
3,0.25,3.15,1,-0,false,,,,
3,0.25,3.15,1,-0.05,false,,,,
3,0.25,3.15,1,-0.1,false,,,,
3,0.25,3.15,1,-0.15,false,,,,
3,0.25,3.15,1,-0.2,false,,,,
3,0.25,3.15,1,-0.25,false,,,,
3,0.25,3.15,1,-0.3,false,,,,
3,0.25,3.15,1,-0.35,false,,,,
3,0.25,3.15,1,-0.4,false,,,,
3,0.25,3.15,1,-0.45,false,,,,
3,0.25,3.15,1,-0.5,false,,,,
3,0.25,3.15,1,-0.55,false,,,,
3,0.25,3.15,1,-0.6,false,,,,
3,0.25,3.15,1,-0.65,false,,,,
3,0.25,3.15,1,-0.7,true,0.1067307539,0.07301826367,0.1067307539,0.3628255034
3,0.25,3.15,1,-0.75,false,,,,
3,0.25,3.15,1,-0.8,false,,,,
3,0.25,3.15,1,-0.85,false,,,,
3,0.25,3.15,1,-0.9,false,,,,
3,0.25,3.15,1,-0.95,false,,,,
3,0.25,3.15,1,-1,true,0.3144522437,0.2230759398,0.3157588789,0.3628223192
3,0.25,3.15,0.8,-0,false,,,,
3,0.25,3.15,0.8,-0.05,false,,,,
3,0.25,3.15,0.8,-0.1,false,,,,
3,0.25,3.15,0.8,-0.15,false,,,,
3,0.25,3.15,0.8,-0.2,false,,,,
3,0.25,3.15,0.8,-0.25,false,,,,
3,0.25,3.15,0.8,-0.3,false,,,,
3,0.25,3.15,0.8,-0.35,false,,,,
3,0.25,3.15,0.8,-0.4,false,,,,
3,0.25,3.15,0.8,-0.45,false,,,,
3,0.25,3.15,0.8,-0.5,false,,,,
3,0.25,3.15,0.8,-0.55,false,,,,
3,0.25,3.15,0.8,-0.6,false,,,,
3,0.25,3.15,0.8,-0.65,false,,,,
3,0.25,3.15,0.8,-0.7,false,,,,
3,0.25,3.15,0.8,-0.75,false,,,,
3,0.25,3.15,0.8,-0.8,false,,,,
3,0.25,3.15,0.8,-0.85,false,,,,
3,0.25,3.15,0.8,-0.9,false,,,,
3,0.25,3.15,0.8,-0.95,false,,,,
3,0.25,3.15,0.8,-1,false,,,,
3,0.25,3.15,0.6,-0,false,,,,
3,0.25,3.15,0.6,-0.05,false,,,,
3,0.25,3.15,0.6,-0.1,false,,,,
3,0.25,3.15,0.6,-0.15,false,,,,
3,0.25,3.15,0.6,-0.2,false,,,,
3,0.25,3.15,0.6,-0.25,false,,,,
3,0.25,3.15,0.6,-0.3,false,,,,
3,0.25,3.15,0.6,-0.35,false,,,,
3,0.25,3.15,0.6,-0.4,false,,,,
3,0.25,3.15,0.6,-0.45,false,,,,
3,0.25,3.15,0.6,-0.5,false,,,,
3,0.25,3.15,0.6,-0.55,false,,,,
3,0.25,3.15,0.6,-0.6,false,,,,
3,0.25,3.15,0.6,-0.65,false,,,,
3,0.25,3.15,0.6,-0.7,false,,,,
3,0.25,3.15,0.6,-0.75,false,,,,
3,0.25,3.15,0.6,-0.8,false,,,,
3,0.25,3.15,0.6,-0.85,false,,,,
3,0.25,3.15,0.6,-0.9,false,,,,
3,0.25,3.15,0.6,-0.95,false,,,,
3,0.25,3.15,0.6,-1,false,,,,
3,0.25,3.15,0.4,-0,false,,,,
3,0.25,3.15,0.4,-0.05,false,,,,
3,0.25,3.15,0.4,-0.1,false,,,,
3,0.25,3.15,0.4,-0.15,false,,,,
3,0.25,3.15,0.4,-0.2,false,,,,
3,0.25,3.15,0.4,-0.25,false,,,,
3,0.25,3.15,0.4,-0.3,false,,,,
3,0.25,3.15,0.4,-0.35,false,,,,
3,0.25,3.15,0.4,-0.4,false,,,,
3,0.25,3.15,0.4,-0.45,false,,,,
3,0.25,3.15,0.4,-0.5,false,,,,
3,0.25,3.15,0.4,-0.55,false,,,,
3,0.25,3.15,0.4,-0.6,false,,,,
3,0.25,3.15,0.4,-0.65,false,,,,
3,0.25,3.15,0.4,-0.7,false,,,,
3,0.25,3.15,0.4,-0.75,false,,,,
3,0.25,3.15,0.4,-0.8,false,,,,
3,0.25,3.15,0.4,-0.85,false,,,,
3,0.25,3.15,0.4,-0.9,false,,,,
3,0.25,3.15,0.4,-0.95,false,,,,
3,0.25,3.15,0.4,-1,false,,,,
3,0.25,3.15,0.2,-0,false,,,,
3,0.25,3.15,0.2,-0.05,false,,,,
3,0.25,3.15,0.2,-0.1,false,,,,
3,0.25,3.15,0.2,-0.15,false,,,,
3,0.25,3.15,0.2,-0.2,false,,,,
3,0.25,3.15,0.2,-0.25,false,,,,
3,0.25,3.15,0.2,-0.3,false,,,,
3,0.25,3.15,0.2,-0.35,false,,,,
3,0.25,3.15,0.2,-0.4,false,,,,
3,0.25,3.15,0.2,-0.45,false,,,,
3,0.25,3.15,0.2,-0.5,false,,,,
3,0.25,3.15,0.2,-0.55,false,,,,
3,0.25,3.15,0.2,-0.6,false,,,,
3,0.25,3.15,0.2,-0.65,false,,,,
3,0.25,3.15,0.2,-0.7,false,,,,
3,0.25,3.15,0.2,-0.75,false,,,,
3,0.25,3.15,0.2,-0.8,false,,,,
3,0.25,3.15,0.2,-0.85,false,,,,
3,0.25,3.15,0.2,-0.9,false,,,,
3,0.25,3.15,0.2,-0.95,false,,,,
3,0.25,3.15,0.2,-1,false,,,,
3,0.25,3.15,0,-0.05,false,,,,
3,0.25,3.15,0,-0.1,false,,,,
3,0.25,3.15,0,-0.15,false,,,,
3,0.25,3.15,0,-0.2,false,,,,
3,0.25,3.15,0,-0.25,false,,,,
3,0.25,3.15,0,-0.3,false,,,,
3,0.25,3.15,0,-0.35,false,,,,
3,0.25,3.15,0,-0.4,false,,,,
3,0.25,3.15,0,-0.45,false,,,,
3,0.25,3.15,0,-0.5,false,,,,
3,0.25,3.15,0,-0.55,false,,,,
3,0.25,3.15,0,-0.6,false,,,,
3,0.25,3.15,0,-0.65,false,,,,
3,0.25,3.15,0,-0.7,false,,,,
3,0.25,3.15,0,-0.75,false,,,,
3,0.25,3.15,0,-0.8,false,,,,
3,0.25,3.15,0,-0.85,false,,,,
3,0.25,3.15,0,-0.9,false,,,,
3,0.25,3.15,0,-0.95,false,,,,
3,0.25,3.15,0,-1,false,,,,
3,0.25,3.175,1,-0,false,,,,
3,0.25,3.175,1,-0.05,false,,,,
3,0.25,3.175,1,-0.1,false,,,,
3,0.25,3.175,1,-0.15,false,,,,
3,0.25,3.175,1,-0.2,false,,,,
3,0.25,3.175,1,-0.25,false,,,,
3,0.25,3.175,1,-0.3,false,,,,
3,0.25,3.175,1,-0.35,false,,,,
3,0.25,3.175,1,-0.4,false,,,,
3,0.25,3.175,1,-0.45,false,,,,
3,0.25,3.175,1,-0.5,false,,,,
3,0.25,3.175,1,-0.55,false,,,,
3,0.25,3.175,1,-0.6,false,,,,
3,0.25,3.175,1,-0.65,true,0.1033984052,0.07136881631,0.1033984052,0.3658294698
3,0.25,3.175,1,-0.7,true,0.1063604073,0.07245290909,0.1063604073,0.3658259533
3,0.25,3.175,1,-0.75,false,,,,
3,0.25,3.175,1,-0.8,false,,,,
3,0.25,3.175,1,-0.85,false,,,,
3,0.25,3.175,1,-0.9,false,,,,
3,0.25,3.175,1,-0.95,false,,,,
3,0.25,3.175,1,-1,true,0.3098234085,0.219809673,0.3111258913,0.3658241225
3,0.25,3.175,0.8,-0,false,,,,
3,0.25,3.175,0.8,-0.05,false,,,,
3,0.25,3.175,0.8,-0.1,false,,,,
3,0.25,3.175,0.8,-0.15,false,,,,
3,0.25,3.175,0.8,-0.2,false,,,,
3,0.25,3.175,0.8,-0.25,false,,,,
3,0.25,3.175,0.8,-0.3,false,,,,
3,0.25,3.175,0.8,-0.35,false,,,,
3,0.25,3.175,0.8,-0.4,false,,,,
3,0.25,3.175,0.8,-0.45,false,,,,
3,0.25,3.175,0.8,-0.5,false,,,,
3,0.25,3.175,0.8,-0.55,false,,,,
3,0.25,3.175,0.8,-0.6,false,,,,
3,0.25,3.175,0.8,-0.65,false,,,,
3,0.25,3.175,0.8,-0.7,false,,,,
3,0.25,3.175,0.8,-0.75,false,,,,
3,0.25,3.175,0.8,-0.8,false,,,,
3,0.25,3.175,0.8,-0.85,false,,,,
3,0.25,3.175,0.8,-0.9,false,,,,
3,0.25,3.175,0.8,-0.95,false,,,,
3,0.25,3.175,0.8,-1,false,,,,
3,0.25,3.175,0.6,-0,false,,,,
3,0.25,3.175,0.6,-0.05,false,,,,
3,0.25,3.175,0.6,-0.1,false,,,,
3,0.25,3.175,0.6,-0.15,false,,,,
3,0.25,3.175,0.6,-0.2,false,,,,
3,0.25,3.175,0.6,-0.25,false,,,,
3,0.25,3.175,0.6,-0.3,false,,,,
3,0.25,3.175,0.6,-0.35,false,,,,
3,0.25,3.175,0.6,-0.4,false,,,,
3,0.25,3.175,0.6,-0.45,false,,,,
3,0.25,3.175,0.6,-0.5,false,,,,
3,0.25,3.175,0.6,-0.55,false,,,,
3,0.25,3.175,0.6,-0.6,false,,,,
3,0.25,3.175,0.6,-0.65,false,,,,
3,0.25,3.175,0.6,-0.7,false,,,,
3,0.25,3.175,0.6,-0.75,false,,,,
3,0.25,3.175,0.6,-0.8,false,,,,
3,0.25,3.175,0.6,-0.85,false,,,,
3,0.25,3.175,0.6,-0.9,false,,,,
3,0.25,3.175,0.6,-0.95,false,,,,
3,0.25,3.175,0.6,-1,false,,,,
3,0.25,3.175,0.4,-0,false,,,,
3,0.25,3.175,0.4,-0.05,false,,,,
3,0.25,3.175,0.4,-0.1,false,,,,
3,0.25,3.175,0.4,-0.15,false,,,,
3,0.25,3.175,0.4,-0.2,false,,,,
3,0.25,3.175,0.4,-0.25,false,,,,
3,0.25,3.175,0.4,-0.3,false,,,,
3,0.25,3.175,0.4,-0.35,false,,,,
3,0.25,3.175,0.4,-0.4,false,,,,
3,0.25,3.175,0.4,-0.45,false,,,,
3,0.25,3.175,0.4,-0.5,false,,,,
3,0.25,3.175,0.4,-0.55,false,,,,
3,0.25,3.175,0.4,-0.6,false,,,,
3,0.25,3.175,0.4,-0.65,false,,,,
3,0.25,3.175,0.4,-0.7,false,,,,
3,0.25,3.175,0.4,-0.75,false,,,,
3,0.25,3.175,0.4,-0.8,false,,,,
3,0.25,3.175,0.4,-0.85,false,,,,
3,0.25,3.175,0.4,-0.9,false,,,,
3,0.25,3.175,0.4,-0.95,false,,,,
3,0.25,3.175,0.4,-1,false,,,,
3,0.25,3.175,0.2,-0,false,,,,
3,0.25,3.175,0.2,-0.05,false,,,,
3,0.25,3.175,0.2,-0.1,false,,,,
3,0.25,3.175,0.2,-0.15,false,,,,
3,0.25,3.175,0.2,-0.2,false,,,,
3,0.25,3.175,0.2,-0.25,false,,,,
3,0.25,3.175,0.2,-0.3,false,,,,
3,0.25,3.175,0.2,-0.35,false,,,,
3,0.25,3.175,0.2,-0.4,false,,,,
3,0.25,3.175,0.2,-0.45,false,,,,
3,0.25,3.175,0.2,-0.5,false,,,,
3,0.25,3.175,0.2,-0.55,false,,,,
3,0.25,3.175,0.2,-0.6,false,,,,
3,0.25,3.175,0.2,-0.65,false,,,,
3,0.25,3.175,0.2,-0.7,false,,,,
3,0.25,3.175,0.2,-0.75,false,,,,
3,0.25,3.175,0.2,-0.8,false,,,,
3,0.25,3.175,0.2,-0.85,false,,,,
3,0.25,3.175,0.2,-0.9,false,,,,
3,0.25,3.175,0.2,-0.95,false,,,,
3,0.25,3.175,0.2,-1,false,,,,
3,0.25,3.175,0,-0.05,false,,,,
3,0.25,3.175,0,-0.1,false,,,,
3,0.25,3.175,0,-0.15,false,,,,
3,0.25,3.175,0,-0.2,false,,,,
3,0.25,3.175,0,-0.25,false,,,,
3,0.25,3.175,0,-0.3,false,,,,
3,0.25,3.175,0,-0.35,false,,,,
3,0.25,3.175,0,-0.4,false,,,,
3,0.25,3.175,0,-0.45,false,,,,
3,0.25,3.175,0,-0.5,false,,,,
3,0.25,3.175,0,-0.55,false,,,,
3,0.25,3.175,0,-0.6,false,,,,
3,0.25,3.175,0,-0.65,false,,,,
3,0.25,3.175,0,-0.7,false,,,,
3,0.25,3.175,0,-0.75,false,,,,
3,0.25,3.175,0,-0.8,false,,,,
3,0.25,3.175,0,-0.85,false,,,,
3,0.25,3.175,0,-0.9,false,,,,
3,0.25,3.175,0,-0.95,false,,,,
3,0.25,3.175,0,-1,false,,,,
3,0.25,3.2,1,-0,false,,,,
3,0.25,3.2,1,-0.05,false,,,,
3,0.25,3.2,1,-0.1,false,,,,
3,0.25,3.2,1,-0.15,false,,,,
3,0.25,3.2,1,-0.2,false,,,,
3,0.25,3.2,1,-0.25,false,,,,
3,0.25,3.2,1,-0.3,false,,,,
3,0.25,3.2,1,-0.35,false,,,,
3,0.25,3.2,1,-0.4,false,,,,
3,0.25,3.2,1,-0.45,false,,,,
3,0.25,3.2,1,-0.5,false,,,,
3,0.25,3.2,1,-0.55,false,,,,
3,0.25,3.2,1,-0.6,false,,,,
3,0.25,3.2,1,-0.65,true,0.1029666841,0.07076970643,0.1029666841,0.3688299705
3,0.25,3.2,1,-0.7,true,0.1060010649,0.07188939296,0.1060010649,0.3688263876
3,0.25,3.2,1,-0.75,false,,,,
3,0.25,3.2,1,-0.8,false,,,,
3,0.25,3.2,1,-0.85,false,,,,
3,0.25,3.2,1,-0.9,false,,,,
3,0.25,3.2,1,-0.95,false,,,,
3,0.25,3.2,1,-1,true,0.3051093821,0.2164799286,0.3064074874,0.3688259152
3,0.25,3.2,0.8,-0,false,,,,
3,0.25,3.2,0.8,-0.05,false,,,,
3,0.25,3.2,0.8,-0.1,false,,,,
3,0.25,3.2,0.8,-0.15,false,,,,
3,0.25,3.2,0.8,-0.2,false,,,,
3,0.25,3.2,0.8,-0.25,false,,,,
3,0.25,3.2,0.8,-0.3,false,,,,
3,0.25,3.2,0.8,-0.35,false,,,,
3,0.25,3.2,0.8,-0.4,false,,,,
3,0.25,3.2,0.8,-0.45,false,,,,
3,0.25,3.2,0.8,-0.5,false,,,,
3,0.25,3.2,0.8,-0.55,false,,,,
3,0.25,3.2,0.8,-0.6,false,,,,
3,0.25,3.2,0.8,-0.65,false,,,,
3,0.25,3.2,0.8,-0.7,false,,,,
3,0.25,3.2,0.8,-0.75,false,,,,
3,0.25,3.2,0.8,-0.8,false,,,,
3,0.25,3.2,0.8,-0.85,false,,,,
3,0.25,3.2,0.8,-0.9,false,,,,
3,0.25,3.2,0.8,-0.95,false,,,,
3,0.25,3.2,0.8,-1,false,,,,
3,0.25,3.2,0.6,-0,false,,,,
3,0.25,3.2,0.6,-0.05,false,,,,
3,0.25,3.2,0.6,-0.1,false,,,,
3,0.25,3.2,0.6,-0.15,false,,,,
3,0.25,3.2,0.6,-0.2,false,,,,
3,0.25,3.2,0.6,-0.25,false,,,,
3,0.25,3.2,0.6,-0.3,false,,,,
3,0.25,3.2,0.6,-0.35,false,,,,
3,0.25,3.2,0.6,-0.4,false,,,,
3,0.25,3.2,0.6,-0.45,false,,,,
3,0.25,3.2,0.6,-0.5,false,,,,
3,0.25,3.2,0.6,-0.55,false,,,,
3,0.25,3.2,0.6,-0.6,false,,,,
3,0.25,3.2,0.6,-0.65,false,,,,
3,0.25,3.2,0.6,-0.7,false,,,,
3,0.25,3.2,0.6,-0.75,false,,,,
3,0.25,3.2,0.6,-0.8,false,,,,
3,0.25,3.2,0.6,-0.85,false,,,,
3,0.25,3.2,0.6,-0.9,false,,,,
3,0.25,3.2,0.6,-0.95,false,,,,
3,0.25,3.2,0.6,-1,false,,,,
3,0.25,3.2,0.4,-0,false,,,,
3,0.25,3.2,0.4,-0.05,false,,,,
3,0.25,3.2,0.4,-0.1,false,,,,
3,0.25,3.2,0.4,-0.15,false,,,,
3,0.25,3.2,0.4,-0.2,false,,,,
3,0.25,3.2,0.4,-0.25,false,,,,
3,0.25,3.2,0.4,-0.3,false,,,,
3,0.25,3.2,0.4,-0.35,false,,,,
3,0.25,3.2,0.4,-0.4,false,,,,
3,0.25,3.2,0.4,-0.45,false,,,,
3,0.25,3.2,0.4,-0.5,false,,,,
3,0.25,3.2,0.4,-0.55,false,,,,
3,0.25,3.2,0.4,-0.6,false,,,,
3,0.25,3.2,0.4,-0.65,false,,,,
3,0.25,3.2,0.4,-0.7,false,,,,
3,0.25,3.2,0.4,-0.75,false,,,,
3,0.25,3.2,0.4,-0.8,false,,,,
3,0.25,3.2,0.4,-0.85,false,,,,
3,0.25,3.2,0.4,-0.9,false,,,,
3,0.25,3.2,0.4,-0.95,false,,,,
3,0.25,3.2,0.4,-1,false,,,,
3,0.25,3.2,0.2,-0,false,,,,
3,0.25,3.2,0.2,-0.05,false,,,,
3,0.25,3.2,0.2,-0.1,false,,,,
3,0.25,3.2,0.2,-0.15,false,,,,
3,0.25,3.2,0.2,-0.2,false,,,,
3,0.25,3.2,0.2,-0.25,false,,,,
3,0.25,3.2,0.2,-0.3,false,,,,
3,0.25,3.2,0.2,-0.35,false,,,,
3,0.25,3.2,0.2,-0.4,false,,,,
3,0.25,3.2,0.2,-0.45,false,,,,
3,0.25,3.2,0.2,-0.5,false,,,,
3,0.25,3.2,0.2,-0.55,false,,,,
3,0.25,3.2,0.2,-0.6,false,,,,
3,0.25,3.2,0.2,-0.65,false,,,,
3,0.25,3.2,0.2,-0.7,false,,,,
3,0.25,3.2,0.2,-0.75,false,,,,
3,0.25,3.2,0.2,-0.8,false,,,,
3,0.25,3.2,0.2,-0.85,false,,,,
3,0.25,3.2,0.2,-0.9,false,,,,
3,0.25,3.2,0.2,-0.95,false,,,,
3,0.25,3.2,0.2,-1,false,,,,
3,0.25,3.2,0,-0.05,false,,,,
3,0.25,3.2,0,-0.1,false,,,,
3,0.25,3.2,0,-0.15,false,,,,
3,0.25,3.2,0,-0.2,false,,,,
3,0.25,3.2,0,-0.25,false,,,,
3,0.25,3.2,0,-0.3,false,,,,
3,0.25,3.2,0,-0.35,false,,,,
3,0.25,3.2,0,-0.4,false,,,,
3,0.25,3.2,0,-0.45,false,,,,
3,0.25,3.2,0,-0.5,false,,,,
3,0.25,3.2,0,-0.55,false,,,,
3,0.25,3.2,0,-0.6,false,,,,
3,0.25,3.2,0,-0.65,false,,,,
3,0.25,3.2,0,-0.7,false,,,,
3,0.25,3.2,0,-0.75,false,,,,
3,0.25,3.2,0,-0.8,false,,,,
3,0.25,3.2,0,-0.85,false,,,,
3,0.25,3.2,0,-0.9,false,,,,
3,0.25,3.2,0,-0.95,false,,,,
3,0.25,3.2,0,-1,false,,,,
3,0.25,3.225,1,-0,false,,,,
3,0.25,3.225,1,-0.05,false,,,,
3,0.25,3.225,1,-0.1,false,,,,
3,0.25,3.225,1,-0.15,false,,,,
3,0.25,3.225,1,-0.2,false,,,,
3,0.25,3.225,1,-0.25,false,,,,
3,0.25,3.225,1,-0.3,false,,,,
3,0.25,3.225,1,-0.35,false,,,,
3,0.25,3.225,1,-0.4,false,,,,
3,0.25,3.225,1,-0.45,false,,,,
3,0.25,3.225,1,-0.5,false,,,,
3,0.25,3.225,1,-0.55,false,,,,
3,0.25,3.225,1,-0.6,false,,,,
3,0.25,3.225,1,-0.65,true,0.1025505019,0.07017378671,0.1025505019,0.3718304504
3,0.25,3.225,1,-0.7,true,0.1056526261,0.0713277769,0.1056526261,0.3718268067
3,0.25,3.225,1,-0.75,false,,,,
3,0.25,3.225,1,-0.8,false,,,,
3,0.25,3.225,1,-0.85,false,,,,
3,0.25,3.225,1,-0.9,false,,,,
3,0.25,3.225,1,-0.95,false,,,,
3,0.25,3.225,1,-1,true,0.3003080409,0.2130851586,0.3016015453,0.3718276975
3,0.25,3.225,0.8,-0,false,,,,
3,0.25,3.225,0.8,-0.05,false,,,,
3,0.25,3.225,0.8,-0.1,false,,,,
3,0.25,3.225,0.8,-0.15,false,,,,
3,0.25,3.225,0.8,-0.2,false,,,,
3,0.25,3.225,0.8,-0.25,false,,,,
3,0.25,3.225,0.8,-0.3,false,,,,
3,0.25,3.225,0.8,-0.35,false,,,,
3,0.25,3.225,0.8,-0.4,false,,,,
3,0.25,3.225,0.8,-0.45,false,,,,
3,0.25,3.225,0.8,-0.5,false,,,,
3,0.25,3.225,0.8,-0.55,false,,,,
3,0.25,3.225,0.8,-0.6,false,,,,
3,0.25,3.225,0.8,-0.65,false,,,,
3,0.25,3.225,0.8,-0.7,false,,,,
3,0.25,3.225,0.8,-0.75,false,,,,
3,0.25,3.225,0.8,-0.8,false,,,,
3,0.25,3.225,0.8,-0.85,false,,,,
3,0.25,3.225,0.8,-0.9,false,,,,
3,0.25,3.225,0.8,-0.95,false,,,,
3,0.25,3.225,0.8,-1,false,,,,
3,0.25,3.225,0.6,-0,false,,,,
3,0.25,3.225,0.6,-0.05,false,,,,
3,0.25,3.225,0.6,-0.1,false,,,,
3,0.25,3.225,0.6,-0.15,false,,,,
3,0.25,3.225,0.6,-0.2,false,,,,
3,0.25,3.225,0.6,-0.25,false,,,,
3,0.25,3.225,0.6,-0.3,false,,,,
3,0.25,3.225,0.6,-0.35,false,,,,
3,0.25,3.225,0.6,-0.4,false,,,,
3,0.25,3.225,0.6,-0.45,false,,,,
3,0.25,3.225,0.6,-0.5,false,,,,
3,0.25,3.225,0.6,-0.55,false,,,,
3,0.25,3.225,0.6,-0.6,false,,,,
3,0.25,3.225,0.6,-0.65,false,,,,
3,0.25,3.225,0.6,-0.7,false,,,,
3,0.25,3.225,0.6,-0.75,false,,,,
3,0.25,3.225,0.6,-0.8,false,,,,
3,0.25,3.225,0.6,-0.85,false,,,,
3,0.25,3.225,0.6,-0.9,false,,,,
3,0.25,3.225,0.6,-0.95,false,,,,
3,0.25,3.225,0.6,-1,false,,,,
3,0.25,3.225,0.4,-0,false,,,,
3,0.25,3.225,0.4,-0.05,false,,,,
3,0.25,3.225,0.4,-0.1,false,,,,
3,0.25,3.225,0.4,-0.15,false,,,,
3,0.25,3.225,0.4,-0.2,false,,,,
3,0.25,3.225,0.4,-0.25,false,,,,
3,0.25,3.225,0.4,-0.3,false,,,,
3,0.25,3.225,0.4,-0.35,false,,,,
3,0.25,3.225,0.4,-0.4,false,,,,
3,0.25,3.225,0.4,-0.45,false,,,,
3,0.25,3.225,0.4,-0.5,false,,,,
3,0.25,3.225,0.4,-0.55,false,,,,
3,0.25,3.225,0.4,-0.6,false,,,,
3,0.25,3.225,0.4,-0.65,false,,,,
3,0.25,3.225,0.4,-0.7,false,,,,
3,0.25,3.225,0.4,-0.75,false,,,,
3,0.25,3.225,0.4,-0.8,false,,,,
3,0.25,3.225,0.4,-0.85,false,,,,
3,0.25,3.225,0.4,-0.9,false,,,,
3,0.25,3.225,0.4,-0.95,false,,,,
3,0.25,3.225,0.4,-1,false,,,,
3,0.25,3.225,0.2,-0,false,,,,
3,0.25,3.225,0.2,-0.05,false,,,,
3,0.25,3.225,0.2,-0.1,false,,,,
3,0.25,3.225,0.2,-0.15,false,,,,
3,0.25,3.225,0.2,-0.2,false,,,,
3,0.25,3.225,0.2,-0.25,false,,,,
3,0.25,3.225,0.2,-0.3,false,,,,
3,0.25,3.225,0.2,-0.35,false,,,,
3,0.25,3.225,0.2,-0.4,false,,,,
3,0.25,3.225,0.2,-0.45,false,,,,
3,0.25,3.225,0.2,-0.5,false,,,,
3,0.25,3.225,0.2,-0.55,false,,,,
3,0.25,3.225,0.2,-0.6,false,,,,
3,0.25,3.225,0.2,-0.65,false,,,,
3,0.25,3.225,0.2,-0.7,false,,,,
3,0.25,3.225,0.2,-0.75,false,,,,
3,0.25,3.225,0.2,-0.8,false,,,,
3,0.25,3.225,0.2,-0.85,false,,,,
3,0.25,3.225,0.2,-0.9,false,,,,
3,0.25,3.225,0.2,-0.95,false,,,,
3,0.25,3.225,0.2,-1,false,,,,
3,0.25,3.225,0,-0.05,false,,,,
3,0.25,3.225,0,-0.1,false,,,,
3,0.25,3.225,0,-0.15,false,,,,
3,0.25,3.225,0,-0.2,false,,,,
3,0.25,3.225,0,-0.25,false,,,,
3,0.25,3.225,0,-0.3,false,,,,
3,0.25,3.225,0,-0.35,false,,,,
3,0.25,3.225,0,-0.4,false,,,,
3,0.25,3.225,0,-0.45,false,,,,
3,0.25,3.225,0,-0.5,false,,,,
3,0.25,3.225,0,-0.55,false,,,,
3,0.25,3.225,0,-0.6,false,,,,
3,0.25,3.225,0,-0.65,false,,,,
3,0.25,3.225,0,-0.7,false,,,,
3,0.25,3.225,0,-0.75,false,,,,
3,0.25,3.225,0,-0.8,false,,,,
3,0.25,3.225,0,-0.85,false,,,,
3,0.25,3.225,0,-0.9,false,,,,
3,0.25,3.225,0,-0.95,false,,,,
3,0.25,3.225,0,-1,false,,,,
3,0.25,3.25,1,-0,false,,,,
3,0.25,3.25,1,-0.05,false,,,,
3,0.25,3.25,1,-0.1,false,,,,
3,0.25,3.25,1,-0.15,false,,,,
3,0.25,3.25,1,-0.2,false,,,,
3,0.25,3.25,1,-0.25,false,,,,
3,0.25,3.25,1,-0.3,false,,,,
3,0.25,3.25,1,-0.35,false,,,,
3,0.25,3.25,1,-0.4,false,,,,
3,0.25,3.25,1,-0.45,false,,,,
3,0.25,3.25,1,-0.5,false,,,,
3,0.25,3.25,1,-0.55,false,,,,
3,0.25,3.25,1,-0.6,true,0.09998168701,0.06876813263,0.09998168701,0.3748333537
3,0.25,3.25,1,-0.65,true,0.1021486205,0.06958073268,0.1021486205,0.3748309113
3,0.25,3.25,1,-0.7,true,0.1053150256,0.07076813461,0.1053150256,0.3748272108
3,0.25,3.25,1,-0.75,false,,,,
3,0.25,3.25,1,-0.8,false,,,,
3,0.25,3.25,1,-0.85,false,,,,
3,0.25,3.25,1,-0.9,false,,,,
3,0.25,3.25,1,-0.95,false,,,,
3,0.25,3.25,1,-1,true,0.2954171891,0.2096231792,0.2965455747,0.3748294696
3,0.25,3.25,0.8,-0,false,,,,
3,0.25,3.25,0.8,-0.05,false,,,,
3,0.25,3.25,0.8,-0.1,false,,,,
3,0.25,3.25,0.8,-0.15,false,,,,
3,0.25,3.25,0.8,-0.2,false,,,,
3,0.25,3.25,0.8,-0.25,false,,,,
3,0.25,3.25,0.8,-0.3,false,,,,
3,0.25,3.25,0.8,-0.35,false,,,,
3,0.25,3.25,0.8,-0.4,false,,,,
3,0.25,3.25,0.8,-0.45,false,,,,
3,0.25,3.25,0.8,-0.5,false,,,,
3,0.25,3.25,0.8,-0.55,false,,,,
3,0.25,3.25,0.8,-0.6,false,,,,
3,0.25,3.25,0.8,-0.65,false,,,,
3,0.25,3.25,0.8,-0.7,false,,,,
3,0.25,3.25,0.8,-0.75,false,,,,
3,0.25,3.25,0.8,-0.8,false,,,,
3,0.25,3.25,0.8,-0.85,false,,,,
3,0.25,3.25,0.8,-0.9,false,,,,
3,0.25,3.25,0.8,-0.95,false,,,,
3,0.25,3.25,0.8,-1,false,,,,
3,0.25,3.25,0.6,-0,false,,,,
3,0.25,3.25,0.6,-0.05,false,,,,
3,0.25,3.25,0.6,-0.1,false,,,,
3,0.25,3.25,0.6,-0.15,false,,,,
3,0.25,3.25,0.6,-0.2,false,,,,
3,0.25,3.25,0.6,-0.25,false,,,,
3,0.25,3.25,0.6,-0.3,false,,,,
3,0.25,3.25,0.6,-0.35,false,,,,
3,0.25,3.25,0.6,-0.4,false,,,,
3,0.25,3.25,0.6,-0.45,false,,,,
3,0.25,3.25,0.6,-0.5,false,,,,
3,0.25,3.25,0.6,-0.55,false,,,,
3,0.25,3.25,0.6,-0.6,false,,,,
3,0.25,3.25,0.6,-0.65,false,,,,
3,0.25,3.25,0.6,-0.7,false,,,,
3,0.25,3.25,0.6,-0.75,false,,,,
3,0.25,3.25,0.6,-0.8,false,,,,
3,0.25,3.25,0.6,-0.85,false,,,,
3,0.25,3.25,0.6,-0.9,false,,,,
3,0.25,3.25,0.6,-0.95,false,,,,
3,0.25,3.25,0.6,-1,false,,,,
3,0.25,3.25,0.4,-0,false,,,,
3,0.25,3.25,0.4,-0.05,false,,,,
3,0.25,3.25,0.4,-0.1,false,,,,
3,0.25,3.25,0.4,-0.15,false,,,,
3,0.25,3.25,0.4,-0.2,false,,,,
3,0.25,3.25,0.4,-0.25,false,,,,
3,0.25,3.25,0.4,-0.3,false,,,,
3,0.25,3.25,0.4,-0.35,false,,,,
3,0.25,3.25,0.4,-0.4,false,,,,
3,0.25,3.25,0.4,-0.45,false,,,,
3,0.25,3.25,0.4,-0.5,false,,,,
3,0.25,3.25,0.4,-0.55,false,,,,
3,0.25,3.25,0.4,-0.6,false,,,,
3,0.25,3.25,0.4,-0.65,false,,,,
3,0.25,3.25,0.4,-0.7,false,,,,
3,0.25,3.25,0.4,-0.75,false,,,,
3,0.25,3.25,0.4,-0.8,false,,,,
3,0.25,3.25,0.4,-0.85,false,,,,
3,0.25,3.25,0.4,-0.9,false,,,,
3,0.25,3.25,0.4,-0.95,false,,,,
3,0.25,3.25,0.4,-1,false,,,,
3,0.25,3.25,0.2,-0,false,,,,
3,0.25,3.25,0.2,-0.05,false,,,,
3,0.25,3.25,0.2,-0.1,false,,,,
3,0.25,3.25,0.2,-0.15,false,,,,
3,0.25,3.25,0.2,-0.2,false,,,,
3,0.25,3.25,0.2,-0.25,false,,,,
3,0.25,3.25,0.2,-0.3,false,,,,
3,0.25,3.25,0.2,-0.35,false,,,,
3,0.25,3.25,0.2,-0.4,false,,,,
3,0.25,3.25,0.2,-0.45,false,,,,
3,0.25,3.25,0.2,-0.5,false,,,,
3,0.25,3.25,0.2,-0.55,false,,,,
3,0.25,3.25,0.2,-0.6,false,,,,
3,0.25,3.25,0.2,-0.65,false,,,,
3,0.25,3.25,0.2,-0.7,false,,,,
3,0.25,3.25,0.2,-0.75,false,,,,
3,0.25,3.25,0.2,-0.8,false,,,,
3,0.25,3.25,0.2,-0.85,false,,,,
3,0.25,3.25,0.2,-0.9,false,,,,
3,0.25,3.25,0.2,-0.95,false,,,,
3,0.25,3.25,0.2,-1,false,,,,
3,0.25,3.25,0,-0.05,false,,,,
3,0.25,3.25,0,-0.1,false,,,,
3,0.25,3.25,0,-0.15,false,,,,
3,0.25,3.25,0,-0.2,false,,,,
3,0.25,3.25,0,-0.25,false,,,,
3,0.25,3.25,0,-0.3,false,,,,
3,0.25,3.25,0,-0.35,false,,,,
3,0.25,3.25,0,-0.4,false,,,,
3,0.25,3.25,0,-0.45,false,,,,
3,0.25,3.25,0,-0.5,false,,,,
3,0.25,3.25,0,-0.55,false,,,,
3,0.25,3.25,0,-0.6,false,,,,
3,0.25,3.25,0,-0.65,false,,,,
3,0.25,3.25,0,-0.7,false,,,,
3,0.25,3.25,0,-0.75,false,,,,
3,0.25,3.25,0,-0.8,false,,,,
3,0.25,3.25,0,-0.85,false,,,,
3,0.25,3.25,0,-0.9,false,,,,
3,0.25,3.25,0,-0.95,false,,,,
3,0.25,3.25,0,-1,false,,,,
3,0.25,3.275,1,-0,false,,,,
3,0.25,3.275,1,-0.05,false,,,,
3,0.25,3.275,1,-0.1,false,,,,
3,0.25,3.275,1,-0.15,false,,,,
3,0.25,3.275,1,-0.2,false,,,,
3,0.25,3.275,1,-0.25,false,,,,
3,0.25,3.275,1,-0.3,false,,,,
3,0.25,3.275,1,-0.35,false,,,,
3,0.25,3.275,1,-0.4,false,,,,
3,0.25,3.275,1,-0.45,false,,,,
3,0.25,3.275,1,-0.5,false,,,,
3,0.25,3.275,1,-0.55,false,,,,
3,0.25,3.275,1,-0.6,true,0.09899816748,0.06794630731,0.09899816748,0.3778344391
3,0.25,3.275,1,-0.65,true,0.1017604303,0.06899044265,0.1017604303,0.3778313541
3,0.25,3.275,1,-0.7,true,0.1049882759,0.07021056829,0.1049882759,0.3778276001
3,0.25,3.275,1,-0.75,false,,,,
3,0.25,3.275,1,-0.8,false,,,,
3,0.25,3.275,1,-0.85,false,,,,
3,0.25,3.275,1,-0.9,false,,,,
3,0.25,3.275,1,-0.95,false,,,,
3,0.25,3.275,1,-1,true,0.2904343984,0.2060921958,0.2915575128,0.3778309064
3,0.25,3.275,0.8,-0,false,,,,
3,0.25,3.275,0.8,-0.05,false,,,,
3,0.25,3.275,0.8,-0.1,false,,,,
3,0.25,3.275,0.8,-0.15,false,,,,
3,0.25,3.275,0.8,-0.2,false,,,,
3,0.25,3.275,0.8,-0.25,false,,,,
3,0.25,3.275,0.8,-0.3,false,,,,
3,0.25,3.275,0.8,-0.35,false,,,,
3,0.25,3.275,0.8,-0.4,false,,,,
3,0.25,3.275,0.8,-0.45,false,,,,
3,0.25,3.275,0.8,-0.5,false,,,,
3,0.25,3.275,0.8,-0.55,false,,,,
3,0.25,3.275,0.8,-0.6,false,,,,
3,0.25,3.275,0.8,-0.65,false,,,,
3,0.25,3.275,0.8,-0.7,false,,,,
3,0.25,3.275,0.8,-0.75,false,,,,
3,0.25,3.275,0.8,-0.8,false,,,,
3,0.25,3.275,0.8,-0.85,false,,,,
3,0.25,3.275,0.8,-0.9,false,,,,
3,0.25,3.275,0.8,-0.95,false,,,,
3,0.25,3.275,0.8,-1,false,,,,
3,0.25,3.275,0.6,-0,false,,,,
3,0.25,3.275,0.6,-0.05,false,,,,
3,0.25,3.275,0.6,-0.1,false,,,,
3,0.25,3.275,0.6,-0.15,false,,,,
3,0.25,3.275,0.6,-0.2,false,,,,
3,0.25,3.275,0.6,-0.25,false,,,,
3,0.25,3.275,0.6,-0.3,false,,,,
3,0.25,3.275,0.6,-0.35,false,,,,
3,0.25,3.275,0.6,-0.4,false,,,,
3,0.25,3.275,0.6,-0.45,false,,,,
3,0.25,3.275,0.6,-0.5,false,,,,
3,0.25,3.275,0.6,-0.55,false,,,,
3,0.25,3.275,0.6,-0.6,false,,,,
3,0.25,3.275,0.6,-0.65,false,,,,
3,0.25,3.275,0.6,-0.7,false,,,,
3,0.25,3.275,0.6,-0.75,false,,,,
3,0.25,3.275,0.6,-0.8,false,,,,
3,0.25,3.275,0.6,-0.85,false,,,,
3,0.25,3.275,0.6,-0.9,false,,,,
3,0.25,3.275,0.6,-0.95,false,,,,
3,0.25,3.275,0.6,-1,false,,,,
3,0.25,3.275,0.4,-0,false,,,,
3,0.25,3.275,0.4,-0.05,false,,,,
3,0.25,3.275,0.4,-0.1,false,,,,
3,0.25,3.275,0.4,-0.15,false,,,,
3,0.25,3.275,0.4,-0.2,false,,,,
3,0.25,3.275,0.4,-0.25,false,,,,
3,0.25,3.275,0.4,-0.3,false,,,,
3,0.25,3.275,0.4,-0.35,false,,,,
3,0.25,3.275,0.4,-0.4,false,,,,
3,0.25,3.275,0.4,-0.45,false,,,,
3,0.25,3.275,0.4,-0.5,false,,,,
3,0.25,3.275,0.4,-0.55,false,,,,
3,0.25,3.275,0.4,-0.6,false,,,,
3,0.25,3.275,0.4,-0.65,false,,,,
3,0.25,3.275,0.4,-0.7,false,,,,
3,0.25,3.275,0.4,-0.75,false,,,,
3,0.25,3.275,0.4,-0.8,false,,,,
3,0.25,3.275,0.4,-0.85,false,,,,
3,0.25,3.275,0.4,-0.9,false,,,,
3,0.25,3.275,0.4,-0.95,false,,,,
3,0.25,3.275,0.4,-1,false,,,,
3,0.25,3.275,0.2,-0,false,,,,
3,0.25,3.275,0.2,-0.05,false,,,,
3,0.25,3.275,0.2,-0.1,false,,,,
3,0.25,3.275,0.2,-0.15,false,,,,
3,0.25,3.275,0.2,-0.2,false,,,,
3,0.25,3.275,0.2,-0.25,false,,,,
3,0.25,3.275,0.2,-0.3,false,,,,
3,0.25,3.275,0.2,-0.35,false,,,,
3,0.25,3.275,0.2,-0.4,false,,,,
3,0.25,3.275,0.2,-0.45,false,,,,
3,0.25,3.275,0.2,-0.5,false,,,,
3,0.25,3.275,0.2,-0.55,false,,,,
3,0.25,3.275,0.2,-0.6,false,,,,
3,0.25,3.275,0.2,-0.65,false,,,,
3,0.25,3.275,0.2,-0.7,false,,,,
3,0.25,3.275,0.2,-0.75,false,,,,
3,0.25,3.275,0.2,-0.8,false,,,,
3,0.25,3.275,0.2,-0.85,false,,,,
3,0.25,3.275,0.2,-0.9,false,,,,
3,0.25,3.275,0.2,-0.95,false,,,,
3,0.25,3.275,0.2,-1,false,,,,
3,0.25,3.275,0,-0.05,false,,,,
3,0.25,3.275,0,-0.1,false,,,,
3,0.25,3.275,0,-0.15,false,,,,
3,0.25,3.275,0,-0.2,false,,,,
3,0.25,3.275,0,-0.25,false,,,,
3,0.25,3.275,0,-0.3,false,,,,
3,0.25,3.275,0,-0.35,false,,,,
3,0.25,3.275,0,-0.4,false,,,,
3,0.25,3.275,0,-0.45,false,,,,
3,0.25,3.275,0,-0.5,false,,,,
3,0.25,3.275,0,-0.55,false,,,,
3,0.25,3.275,0,-0.6,false,,,,
3,0.25,3.275,0,-0.65,false,,,,
3,0.25,3.275,0,-0.7,false,,,,
3,0.25,3.275,0,-0.75,false,,,,
3,0.25,3.275,0,-0.8,false,,,,
3,0.25,3.275,0,-0.85,false,,,,
3,0.25,3.275,0,-0.9,false,,,,
3,0.25,3.275,0,-0.95,false,,,,
3,0.25,3.275,0,-1,false,,,,
3,0.25,3.3,1,-0,false,,,,
3,0.25,3.3,1,-0.05,false,,,,
3,0.25,3.3,1,-0.1,false,,,,
3,0.25,3.3,1,-0.15,false,,,,
3,0.25,3.3,1,-0.2,false,,,,
3,0.25,3.3,1,-0.25,false,,,,
3,0.25,3.3,1,-0.3,false,,,,
3,0.25,3.3,1,-0.35,false,,,,
3,0.25,3.3,1,-0.4,false,,,,
3,0.25,3.3,1,-0.45,false,,,,
3,0.25,3.3,1,-0.5,false,,,,
3,0.25,3.3,1,-0.55,false,,,,
3,0.25,3.3,1,-0.6,true,0.09854825263,0.06732188425,0.09854825263,0.3808349309
3,0.25,3.3,1,-0.65,true,0.1013853718,0.06840282667,0.1013853718,0.3808317797
3,0.25,3.3,1,-0.7,true,0.104672468,0.0696552103,0.104672468,0.3808279748
3,0.25,3.3,1,-0.75,false,,,,
3,0.25,3.3,1,-0.8,false,,,,
3,0.25,3.3,1,-0.85,false,,,,
3,0.25,3.3,1,-0.9,false,,,,
3,0.25,3.3,1,-0.95,false,,,,
3,0.25,3.3,1,-1,true,0.2853565928,0.2024912212,0.2864751045,0.3808326657
3,0.25,3.3,0.8,-0,false,,,,
3,0.25,3.3,0.8,-0.05,false,,,,
3,0.25,3.3,0.8,-0.1,false,,,,
3,0.25,3.3,0.8,-0.15,false,,,,
3,0.25,3.3,0.8,-0.2,false,,,,
3,0.25,3.3,0.8,-0.25,false,,,,
3,0.25,3.3,0.8,-0.3,false,,,,
3,0.25,3.3,0.8,-0.35,false,,,,
3,0.25,3.3,0.8,-0.4,false,,,,
3,0.25,3.3,0.8,-0.45,false,,,,
3,0.25,3.3,0.8,-0.5,false,,,,
3,0.25,3.3,0.8,-0.55,false,,,,
3,0.25,3.3,0.8,-0.6,false,,,,
3,0.25,3.3,0.8,-0.65,false,,,,
3,0.25,3.3,0.8,-0.7,false,,,,
3,0.25,3.3,0.8,-0.75,false,,,,
3,0.25,3.3,0.8,-0.8,false,,,,
3,0.25,3.3,0.8,-0.85,false,,,,
3,0.25,3.3,0.8,-0.9,false,,,,
3,0.25,3.3,0.8,-0.95,false,,,,
3,0.25,3.3,0.8,-1,false,,,,
3,0.25,3.3,0.6,-0,false,,,,
3,0.25,3.3,0.6,-0.05,false,,,,
3,0.25,3.3,0.6,-0.1,false,,,,
3,0.25,3.3,0.6,-0.15,false,,,,
3,0.25,3.3,0.6,-0.2,false,,,,
3,0.25,3.3,0.6,-0.25,false,,,,
3,0.25,3.3,0.6,-0.3,false,,,,
3,0.25,3.3,0.6,-0.35,false,,,,
3,0.25,3.3,0.6,-0.4,false,,,,
3,0.25,3.3,0.6,-0.45,false,,,,
3,0.25,3.3,0.6,-0.5,false,,,,
3,0.25,3.3,0.6,-0.55,false,,,,
3,0.25,3.3,0.6,-0.6,false,,,,
3,0.25,3.3,0.6,-0.65,false,,,,
3,0.25,3.3,0.6,-0.7,false,,,,
3,0.25,3.3,0.6,-0.75,false,,,,
3,0.25,3.3,0.6,-0.8,false,,,,
3,0.25,3.3,0.6,-0.85,false,,,,
3,0.25,3.3,0.6,-0.9,false,,,,
3,0.25,3.3,0.6,-0.95,false,,,,
3,0.25,3.3,0.6,-1,false,,,,
3,0.25,3.3,0.4,-0,false,,,,
3,0.25,3.3,0.4,-0.05,false,,,,
3,0.25,3.3,0.4,-0.1,false,,,,
3,0.25,3.3,0.4,-0.15,false,,,,
3,0.25,3.3,0.4,-0.2,false,,,,
3,0.25,3.3,0.4,-0.25,false,,,,
3,0.25,3.3,0.4,-0.3,false,,,,
3,0.25,3.3,0.4,-0.35,false,,,,
3,0.25,3.3,0.4,-0.4,false,,,,
3,0.25,3.3,0.4,-0.45,false,,,,
3,0.25,3.3,0.4,-0.5,false,,,,
3,0.25,3.3,0.4,-0.55,false,,,,
3,0.25,3.3,0.4,-0.6,false,,,,
3,0.25,3.3,0.4,-0.65,false,,,,
3,0.25,3.3,0.4,-0.7,false,,,,
3,0.25,3.3,0.4,-0.75,false,,,,
3,0.25,3.3,0.4,-0.8,false,,,,
3,0.25,3.3,0.4,-0.85,false,,,,
3,0.25,3.3,0.4,-0.9,false,,,,
3,0.25,3.3,0.4,-0.95,false,,,,
3,0.25,3.3,0.4,-1,false,,,,
3,0.25,3.3,0.2,-0,false,,,,
3,0.25,3.3,0.2,-0.05,false,,,,
3,0.25,3.3,0.2,-0.1,false,,,,
3,0.25,3.3,0.2,-0.15,false,,,,
3,0.25,3.3,0.2,-0.2,false,,,,
3,0.25,3.3,0.2,-0.25,false,,,,
3,0.25,3.3,0.2,-0.3,false,,,,
3,0.25,3.3,0.2,-0.35,false,,,,
3,0.25,3.3,0.2,-0.4,false,,,,
3,0.25,3.3,0.2,-0.45,false,,,,
3,0.25,3.3,0.2,-0.5,false,,,,
3,0.25,3.3,0.2,-0.55,false,,,,
3,0.25,3.3,0.2,-0.6,false,,,,
3,0.25,3.3,0.2,-0.65,false,,,,
3,0.25,3.3,0.2,-0.7,false,,,,
3,0.25,3.3,0.2,-0.75,false,,,,
3,0.25,3.3,0.2,-0.8,false,,,,
3,0.25,3.3,0.2,-0.85,false,,,,
3,0.25,3.3,0.2,-0.9,false,,,,
3,0.25,3.3,0.2,-0.95,false,,,,
3,0.25,3.3,0.2,-1,false,,,,
3,0.25,3.3,0,-0.05,false,,,,
3,0.25,3.3,0,-0.1,false,,,,
3,0.25,3.3,0,-0.15,false,,,,
3,0.25,3.3,0,-0.2,false,,,,
3,0.25,3.3,0,-0.25,false,,,,
3,0.25,3.3,0,-0.3,false,,,,
3,0.25,3.3,0,-0.35,false,,,,
3,0.25,3.3,0,-0.4,false,,,,
3,0.25,3.3,0,-0.45,false,,,,
3,0.25,3.3,0,-0.5,false,,,,
3,0.25,3.3,0,-0.55,false,,,,
3,0.25,3.3,0,-0.6,false,,,,
3,0.25,3.3,0,-0.65,false,,,,
3,0.25,3.3,0,-0.7,false,,,,
3,0.25,3.3,0,-0.75,false,,,,
3,0.25,3.3,0,-0.8,false,,,,
3,0.25,3.3,0,-0.85,false,,,,
3,0.25,3.3,0,-0.9,false,,,,
3,0.25,3.3,0,-0.95,false,,,,
3,0.25,3.3,0,-1,false,,,,
3,0.25,3.325,1,-0,false,,,,
3,0.25,3.325,1,-0.05,false,,,,
3,0.25,3.325,1,-0.1,false,,,,
3,0.25,3.325,1,-0.15,false,,,,
3,0.25,3.325,1,-0.2,false,,,,
3,0.25,3.325,1,-0.25,false,,,,
3,0.25,3.325,1,-0.3,false,,,,
3,0.25,3.325,1,-0.35,false,,,,
3,0.25,3.325,1,-0.4,false,,,,
3,0.25,3.325,1,-0.45,false,,,,
3,0.25,3.325,1,-0.5,false,,,,
3,0.25,3.325,1,-0.55,false,,,,
3,0.25,3.325,1,-0.6,true,0.09811787436,0.06670226375,0.09811787436,0.3838353987
3,0.25,3.325,1,-0.65,true,0.101023315,0.06781795294,0.101023315,0.3838321885
3,0.25,3.325,1,-0.7,true,0.1043676678,0.06910218444,0.1043676678,0.3838283348
3,0.25,3.325,1,-0.75,false,,,,
3,0.25,3.325,1,-0.8,false,,,,
3,0.25,3.325,1,-0.85,false,,,,
3,0.25,3.325,1,-0.9,false,,,,
3,0.25,3.325,1,-0.95,false,,,,
3,0.25,3.325,1,-1,true,0.2801821999,0.1988184816,0.2812959197,0.3838344151
3,0.25,3.325,0.8,-0,false,,,,
3,0.25,3.325,0.8,-0.05,false,,,,
3,0.25,3.325,0.8,-0.1,false,,,,
3,0.25,3.325,0.8,-0.15,false,,,,
3,0.25,3.325,0.8,-0.2,false,,,,
3,0.25,3.325,0.8,-0.25,false,,,,
3,0.25,3.325,0.8,-0.3,false,,,,
3,0.25,3.325,0.8,-0.35,false,,,,
3,0.25,3.325,0.8,-0.4,false,,,,
3,0.25,3.325,0.8,-0.45,false,,,,
3,0.25,3.325,0.8,-0.5,false,,,,
3,0.25,3.325,0.8,-0.55,false,,,,
3,0.25,3.325,0.8,-0.6,false,,,,
3,0.25,3.325,0.8,-0.65,false,,,,
3,0.25,3.325,0.8,-0.7,false,,,,
3,0.25,3.325,0.8,-0.75,false,,,,
3,0.25,3.325,0.8,-0.8,false,,,,
3,0.25,3.325,0.8,-0.85,false,,,,
3,0.25,3.325,0.8,-0.9,false,,,,
3,0.25,3.325,0.8,-0.95,false,,,,
3,0.25,3.325,0.8,-1,false,,,,
3,0.25,3.325,0.6,-0,false,,,,
3,0.25,3.325,0.6,-0.05,false,,,,
3,0.25,3.325,0.6,-0.1,false,,,,
3,0.25,3.325,0.6,-0.15,false,,,,
3,0.25,3.325,0.6,-0.2,false,,,,
3,0.25,3.325,0.6,-0.25,false,,,,
3,0.25,3.325,0.6,-0.3,false,,,,
3,0.25,3.325,0.6,-0.35,false,,,,
3,0.25,3.325,0.6,-0.4,false,,,,
3,0.25,3.325,0.6,-0.45,false,,,,
3,0.25,3.325,0.6,-0.5,false,,,,
3,0.25,3.325,0.6,-0.55,false,,,,
3,0.25,3.325,0.6,-0.6,false,,,,
3,0.25,3.325,0.6,-0.65,false,,,,
3,0.25,3.325,0.6,-0.7,false,,,,
3,0.25,3.325,0.6,-0.75,false,,,,
3,0.25,3.325,0.6,-0.8,false,,,,
3,0.25,3.325,0.6,-0.85,false,,,,
3,0.25,3.325,0.6,-0.9,false,,,,
3,0.25,3.325,0.6,-0.95,false,,,,
3,0.25,3.325,0.6,-1,false,,,,
3,0.25,3.325,0.4,-0,false,,,,
3,0.25,3.325,0.4,-0.05,false,,,,
3,0.25,3.325,0.4,-0.1,false,,,,
3,0.25,3.325,0.4,-0.15,false,,,,
3,0.25,3.325,0.4,-0.2,false,,,,
3,0.25,3.325,0.4,-0.25,false,,,,
3,0.25,3.325,0.4,-0.3,false,,,,
3,0.25,3.325,0.4,-0.35,false,,,,
3,0.25,3.325,0.4,-0.4,false,,,,
3,0.25,3.325,0.4,-0.45,false,,,,
3,0.25,3.325,0.4,-0.5,false,,,,
3,0.25,3.325,0.4,-0.55,false,,,,
3,0.25,3.325,0.4,-0.6,false,,,,
3,0.25,3.325,0.4,-0.65,false,,,,
3,0.25,3.325,0.4,-0.7,false,,,,
3,0.25,3.325,0.4,-0.75,false,,,,
3,0.25,3.325,0.4,-0.8,false,,,,
3,0.25,3.325,0.4,-0.85,false,,,,
3,0.25,3.325,0.4,-0.9,false,,,,
3,0.25,3.325,0.4,-0.95,false,,,,
3,0.25,3.325,0.4,-1,false,,,,
3,0.25,3.325,0.2,-0,false,,,,
3,0.25,3.325,0.2,-0.05,false,,,,
3,0.25,3.325,0.2,-0.1,false,,,,
3,0.25,3.325,0.2,-0.15,false,,,,
3,0.25,3.325,0.2,-0.2,false,,,,
3,0.25,3.325,0.2,-0.25,false,,,,
3,0.25,3.325,0.2,-0.3,false,,,,
3,0.25,3.325,0.2,-0.35,false,,,,
3,0.25,3.325,0.2,-0.4,false,,,,
3,0.25,3.325,0.2,-0.45,false,,,,
3,0.25,3.325,0.2,-0.5,false,,,,
3,0.25,3.325,0.2,-0.55,false,,,,
3,0.25,3.325,0.2,-0.6,false,,,,
3,0.25,3.325,0.2,-0.65,false,,,,
3,0.25,3.325,0.2,-0.7,false,,,,
3,0.25,3.325,0.2,-0.75,false,,,,
3,0.25,3.325,0.2,-0.8,false,,,,
3,0.25,3.325,0.2,-0.85,false,,,,
3,0.25,3.325,0.2,-0.9,false,,,,
3,0.25,3.325,0.2,-0.95,false,,,,
3,0.25,3.325,0.2,-1,false,,,,
3,0.25,3.325,0,-0.05,false,,,,
3,0.25,3.325,0,-0.1,false,,,,
3,0.25,3.325,0,-0.15,false,,,,
3,0.25,3.325,0,-0.2,false,,,,
3,0.25,3.325,0,-0.25,false,,,,
3,0.25,3.325,0,-0.3,false,,,,
3,0.25,3.325,0,-0.35,false,,,,
3,0.25,3.325,0,-0.4,false,,,,
3,0.25,3.325,0,-0.45,false,,,,
3,0.25,3.325,0,-0.5,false,,,,
3,0.25,3.325,0,-0.55,false,,,,
3,0.25,3.325,0,-0.6,false,,,,
3,0.25,3.325,0,-0.65,false,,,,
3,0.25,3.325,0,-0.7,false,,,,
3,0.25,3.325,0,-0.75,false,,,,
3,0.25,3.325,0,-0.8,false,,,,
3,0.25,3.325,0,-0.85,false,,,,
3,0.25,3.325,0,-0.9,false,,,,
3,0.25,3.325,0,-0.95,false,,,,
3,0.25,3.325,0,-1,false,,,,
3,0.25,3.35,1,-0,false,,,,
3,0.25,3.35,1,-0.05,false,,,,
3,0.25,3.35,1,-0.1,false,,,,
3,0.25,3.35,1,-0.15,false,,,,
3,0.25,3.35,1,-0.2,false,,,,
3,0.25,3.35,1,-0.25,false,,,,
3,0.25,3.35,1,-0.3,false,,,,
3,0.25,3.35,1,-0.35,false,,,,
3,0.25,3.35,1,-0.4,false,,,,
3,0.25,3.35,1,-0.45,false,,,,
3,0.25,3.35,1,-0.5,false,,,,
3,0.25,3.35,1,-0.55,true,0.09517229438,0.06510667793,0.09517229438,0.3868385302
3,0.25,3.35,1,-0.6,true,0.0977048458,0.06608677534,0.0977048458,0.386835845
3,0.25,3.35,1,-0.65,true,0.1006741207,0.06723588471,0.1006741207,0.3868325809
3,0.25,3.35,1,-0.7,true,0.1040739153,0.06855160523,0.1040739153,0.3868286803
3,0.25,3.35,1,-0.75,false,,,,
3,0.25,3.35,1,-0.8,false,,,,
3,0.25,3.35,1,-0.85,false,,,,
3,0.25,3.35,1,-0.9,false,,,,
3,0.25,3.35,1,-0.95,false,,,,
3,0.25,3.35,1,-1,true,0.2749087026,0.1950721409,0.2760174429,0.3868361548
3,0.25,3.35,0.8,-0,false,,,,
3,0.25,3.35,0.8,-0.05,false,,,,
3,0.25,3.35,0.8,-0.1,false,,,,
3,0.25,3.35,0.8,-0.15,false,,,,
3,0.25,3.35,0.8,-0.2,false,,,,
3,0.25,3.35,0.8,-0.25,false,,,,
3,0.25,3.35,0.8,-0.3,false,,,,
3,0.25,3.35,0.8,-0.35,false,,,,
3,0.25,3.35,0.8,-0.4,false,,,,
3,0.25,3.35,0.8,-0.45,false,,,,
3,0.25,3.35,0.8,-0.5,false,,,,
3,0.25,3.35,0.8,-0.55,false,,,,
3,0.25,3.35,0.8,-0.6,false,,,,
3,0.25,3.35,0.8,-0.65,false,,,,
3,0.25,3.35,0.8,-0.7,false,,,,
3,0.25,3.35,0.8,-0.75,false,,,,
3,0.25,3.35,0.8,-0.8,false,,,,
3,0.25,3.35,0.8,-0.85,false,,,,
3,0.25,3.35,0.8,-0.9,false,,,,
3,0.25,3.35,0.8,-0.95,false,,,,
3,0.25,3.35,0.8,-1,false,,,,
3,0.25,3.35,0.6,-0,false,,,,
3,0.25,3.35,0.6,-0.05,false,,,,
3,0.25,3.35,0.6,-0.1,false,,,,
3,0.25,3.35,0.6,-0.15,false,,,,
3,0.25,3.35,0.6,-0.2,false,,,,
3,0.25,3.35,0.6,-0.25,false,,,,
3,0.25,3.35,0.6,-0.3,false,,,,
3,0.25,3.35,0.6,-0.35,false,,,,
3,0.25,3.35,0.6,-0.4,false,,,,
3,0.25,3.35,0.6,-0.45,false,,,,
3,0.25,3.35,0.6,-0.5,false,,,,
3,0.25,3.35,0.6,-0.55,false,,,,
3,0.25,3.35,0.6,-0.6,false,,,,
3,0.25,3.35,0.6,-0.65,false,,,,
3,0.25,3.35,0.6,-0.7,false,,,,
3,0.25,3.35,0.6,-0.75,false,,,,
3,0.25,3.35,0.6,-0.8,false,,,,
3,0.25,3.35,0.6,-0.85,false,,,,
3,0.25,3.35,0.6,-0.9,false,,,,
3,0.25,3.35,0.6,-0.95,false,,,,
3,0.25,3.35,0.6,-1,false,,,,
3,0.25,3.35,0.4,-0,false,,,,
3,0.25,3.35,0.4,-0.05,false,,,,
3,0.25,3.35,0.4,-0.1,false,,,,
3,0.25,3.35,0.4,-0.15,false,,,,
3,0.25,3.35,0.4,-0.2,false,,,,
3,0.25,3.35,0.4,-0.25,false,,,,
3,0.25,3.35,0.4,-0.3,false,,,,
3,0.25,3.35,0.4,-0.35,false,,,,
3,0.25,3.35,0.4,-0.4,false,,,,
3,0.25,3.35,0.4,-0.45,false,,,,
3,0.25,3.35,0.4,-0.5,false,,,,
3,0.25,3.35,0.4,-0.55,false,,,,
3,0.25,3.35,0.4,-0.6,false,,,,
3,0.25,3.35,0.4,-0.65,false,,,,
3,0.25,3.35,0.4,-0.7,false,,,,
3,0.25,3.35,0.4,-0.75,false,,,,
3,0.25,3.35,0.4,-0.8,false,,,,
3,0.25,3.35,0.4,-0.85,false,,,,
3,0.25,3.35,0.4,-0.9,false,,,,
3,0.25,3.35,0.4,-0.95,false,,,,
3,0.25,3.35,0.4,-1,false,,,,
3,0.25,3.35,0.2,-0,false,,,,
3,0.25,3.35,0.2,-0.05,false,,,,
3,0.25,3.35,0.2,-0.1,false,,,,
3,0.25,3.35,0.2,-0.15,false,,,,
3,0.25,3.35,0.2,-0.2,false,,,,
3,0.25,3.35,0.2,-0.25,false,,,,
3,0.25,3.35,0.2,-0.3,false,,,,
3,0.25,3.35,0.2,-0.35,false,,,,
3,0.25,3.35,0.2,-0.4,false,,,,
3,0.25,3.35,0.2,-0.45,false,,,,
3,0.25,3.35,0.2,-0.5,false,,,,
3,0.25,3.35,0.2,-0.55,false,,,,
3,0.25,3.35,0.2,-0.6,false,,,,
3,0.25,3.35,0.2,-0.65,false,,,,
3,0.25,3.35,0.2,-0.7,false,,,,
3,0.25,3.35,0.2,-0.75,false,,,,
3,0.25,3.35,0.2,-0.8,false,,,,
3,0.25,3.35,0.2,-0.85,false,,,,
3,0.25,3.35,0.2,-0.9,false,,,,
3,0.25,3.35,0.2,-0.95,false,,,,
3,0.25,3.35,0.2,-1,false,,,,
3,0.25,3.35,0,-0.05,false,,,,
3,0.25,3.35,0,-0.1,false,,,,
3,0.25,3.35,0,-0.15,false,,,,
3,0.25,3.35,0,-0.2,false,,,,
3,0.25,3.35,0,-0.25,false,,,,
3,0.25,3.35,0,-0.3,false,,,,
3,0.25,3.35,0,-0.35,false,,,,
3,0.25,3.35,0,-0.4,false,,,,
3,0.25,3.35,0,-0.45,false,,,,
3,0.25,3.35,0,-0.5,false,,,,
3,0.25,3.35,0,-0.55,false,,,,
3,0.25,3.35,0,-0.6,false,,,,
3,0.25,3.35,0,-0.65,false,,,,
3,0.25,3.35,0,-0.7,false,,,,
3,0.25,3.35,0,-0.75,false,,,,
3,0.25,3.35,0,-0.8,false,,,,
3,0.25,3.35,0,-0.85,false,,,,
3,0.25,3.35,0,-0.9,false,,,,
3,0.25,3.35,0,-0.95,false,,,,
3,0.25,3.35,0,-1,false,,,,
3,0.25,3.375,1,-0,false,,,,
3,0.25,3.375,1,-0.05,false,,,,
3,0.25,3.375,1,-0.1,false,,,,
3,0.25,3.375,1,-0.15,false,,,,
3,0.25,3.375,1,-0.2,false,,,,
3,0.25,3.375,1,-0.25,false,,,,
3,0.25,3.375,1,-0.3,false,,,,
3,0.25,3.375,1,-0.35,false,,,,
3,0.25,3.375,1,-0.4,false,,,,
3,0.25,3.375,1,-0.45,false,,,,
3,0.25,3.375,1,-0.5,false,,,,
3,0.25,3.375,1,-0.55,true,0.09468859331,0.06445355139,0.09468859331,0.3898390331
3,0.25,3.375,1,-0.6,true,0.09730805119,0.06547513996,0.09730805119,0.3898362717
3,0.25,3.375,1,-0.65,true,0.1003375868,0.06665665884,0.1003375868,0.3898329574
3,0.25,3.375,1,-0.7,true,0.1037912234,0.06800357714,0.1037912234,0.3898290116
3,0.25,3.375,1,-0.75,false,,,,
3,0.25,3.375,1,-0.8,false,,,,
3,0.25,3.375,1,-0.85,false,,,,
3,0.25,3.375,1,-0.9,false,,,,
3,0.25,3.375,1,-0.95,false,,,,
3,0.25,3.375,1,-1,true,0.2695334937,0.1912502971,0.2706370685,0.3898378851
3,0.25,3.375,0.8,-0,false,,,,
3,0.25,3.375,0.8,-0.05,false,,,,
3,0.25,3.375,0.8,-0.1,false,,,,
3,0.25,3.375,0.8,-0.15,false,,,,
3,0.25,3.375,0.8,-0.2,false,,,,
3,0.25,3.375,0.8,-0.25,false,,,,
3,0.25,3.375,0.8,-0.3,false,,,,
3,0.25,3.375,0.8,-0.35,false,,,,
3,0.25,3.375,0.8,-0.4,false,,,,
3,0.25,3.375,0.8,-0.45,false,,,,
3,0.25,3.375,0.8,-0.5,false,,,,
3,0.25,3.375,0.8,-0.55,false,,,,
3,0.25,3.375,0.8,-0.6,false,,,,
3,0.25,3.375,0.8,-0.65,false,,,,
3,0.25,3.375,0.8,-0.7,false,,,,
3,0.25,3.375,0.8,-0.75,false,,,,
3,0.25,3.375,0.8,-0.8,false,,,,
3,0.25,3.375,0.8,-0.85,false,,,,
3,0.25,3.375,0.8,-0.9,false,,,,
3,0.25,3.375,0.8,-0.95,false,,,,
3,0.25,3.375,0.8,-1,false,,,,
3,0.25,3.375,0.6,-0,false,,,,
3,0.25,3.375,0.6,-0.05,false,,,,
3,0.25,3.375,0.6,-0.1,false,,,,
3,0.25,3.375,0.6,-0.15,false,,,,
3,0.25,3.375,0.6,-0.2,false,,,,
3,0.25,3.375,0.6,-0.25,false,,,,
3,0.25,3.375,0.6,-0.3,false,,,,
3,0.25,3.375,0.6,-0.35,false,,,,
3,0.25,3.375,0.6,-0.4,false,,,,
3,0.25,3.375,0.6,-0.45,false,,,,
3,0.25,3.375,0.6,-0.5,false,,,,
3,0.25,3.375,0.6,-0.55,false,,,,
3,0.25,3.375,0.6,-0.6,false,,,,
3,0.25,3.375,0.6,-0.65,false,,,,
3,0.25,3.375,0.6,-0.7,false,,,,
3,0.25,3.375,0.6,-0.75,false,,,,
3,0.25,3.375,0.6,-0.8,false,,,,
3,0.25,3.375,0.6,-0.85,false,,,,
3,0.25,3.375,0.6,-0.9,false,,,,
3,0.25,3.375,0.6,-0.95,false,,,,
3,0.25,3.375,0.6,-1,false,,,,
3,0.25,3.375,0.4,-0,false,,,,
3,0.25,3.375,0.4,-0.05,false,,,,
3,0.25,3.375,0.4,-0.1,false,,,,
3,0.25,3.375,0.4,-0.15,false,,,,
3,0.25,3.375,0.4,-0.2,false,,,,
3,0.25,3.375,0.4,-0.25,false,,,,
3,0.25,3.375,0.4,-0.3,false,,,,
3,0.25,3.375,0.4,-0.35,false,,,,
3,0.25,3.375,0.4,-0.4,false,,,,
3,0.25,3.375,0.4,-0.45,false,,,,
3,0.25,3.375,0.4,-0.5,false,,,,
3,0.25,3.375,0.4,-0.55,false,,,,
3,0.25,3.375,0.4,-0.6,false,,,,
3,0.25,3.375,0.4,-0.65,false,,,,
3,0.25,3.375,0.4,-0.7,false,,,,
3,0.25,3.375,0.4,-0.75,false,,,,
3,0.25,3.375,0.4,-0.8,false,,,,
3,0.25,3.375,0.4,-0.85,false,,,,
3,0.25,3.375,0.4,-0.9,false,,,,
3,0.25,3.375,0.4,-0.95,false,,,,
3,0.25,3.375,0.4,-1,false,,,,
3,0.25,3.375,0.2,-0,false,,,,
3,0.25,3.375,0.2,-0.05,false,,,,
3,0.25,3.375,0.2,-0.1,false,,,,
3,0.25,3.375,0.2,-0.15,false,,,,
3,0.25,3.375,0.2,-0.2,false,,,,
3,0.25,3.375,0.2,-0.25,false,,,,
3,0.25,3.375,0.2,-0.3,false,,,,
3,0.25,3.375,0.2,-0.35,false,,,,
3,0.25,3.375,0.2,-0.4,false,,,,
3,0.25,3.375,0.2,-0.45,false,,,,
3,0.25,3.375,0.2,-0.5,false,,,,
3,0.25,3.375,0.2,-0.55,false,,,,
3,0.25,3.375,0.2,-0.6,false,,,,
3,0.25,3.375,0.2,-0.65,false,,,,
3,0.25,3.375,0.2,-0.7,false,,,,
3,0.25,3.375,0.2,-0.75,false,,,,
3,0.25,3.375,0.2,-0.8,false,,,,
3,0.25,3.375,0.2,-0.85,false,,,,
3,0.25,3.375,0.2,-0.9,false,,,,
3,0.25,3.375,0.2,-0.95,false,,,,
3,0.25,3.375,0.2,-1,false,,,,
3,0.25,3.375,0,-0.05,false,,,,
3,0.25,3.375,0,-0.1,false,,,,
3,0.25,3.375,0,-0.15,false,,,,
3,0.25,3.375,0,-0.2,false,,,,
3,0.25,3.375,0,-0.25,false,,,,
3,0.25,3.375,0,-0.3,false,,,,
3,0.25,3.375,0,-0.35,false,,,,
3,0.25,3.375,0,-0.4,false,,,,
3,0.25,3.375,0,-0.45,false,,,,
3,0.25,3.375,0,-0.5,false,,,,
3,0.25,3.375,0,-0.55,false,,,,
3,0.25,3.375,0,-0.6,false,,,,
3,0.25,3.375,0,-0.65,false,,,,
3,0.25,3.375,0,-0.7,false,,,,
3,0.25,3.375,0,-0.75,false,,,,
3,0.25,3.375,0,-0.8,false,,,,
3,0.25,3.375,0,-0.85,false,,,,
3,0.25,3.375,0,-0.9,false,,,,
3,0.25,3.375,0,-0.95,false,,,,
3,0.25,3.375,0,-1,false,,,,
3,0.25,3.4,1,-0,false,,,,
3,0.25,3.4,1,-0.05,false,,,,
3,0.25,3.4,1,-0.1,false,,,,
3,0.25,3.4,1,-0.15,false,,,,
3,0.25,3.4,1,-0.2,false,,,,
3,0.25,3.4,1,-0.25,false,,,,
3,0.25,3.4,1,-0.3,false,,,,
3,0.25,3.4,1,-0.35,false,,,,
3,0.25,3.4,1,-0.4,false,,,,
3,0.25,3.4,1,-0.45,false,,,,
3,0.25,3.4,1,-0.5,false,,,,
3,0.25,3.4,1,-0.55,true,0.09423403256,0.0638089748,0.09423403256,0.3928395028
3,0.25,3.4,1,-0.6,true,0.09692672098,0.06486720134,0.09692672098,0.3928366795
3,0.25,3.4,1,-0.65,true,0.1000137547,0.06608040562,0.1000137547,0.392833318
3,0.25,3.4,1,-0.7,true,0.1035196744,0.06745823203,0.1035196744,0.3928293286
3,0.25,3.4,1,-0.75,false,,,,
3,0.25,3.4,1,-0.8,false,,,,
3,0.25,3.4,1,-0.85,false,,,,
3,0.25,3.4,1,-0.9,false,,,,
3,0.25,3.4,1,-0.95,false,,,,
3,0.25,3.4,1,-1,true,0.2640538737,0.1873498548,0.2650007574,0.392839606
3,0.25,3.4,0.8,-0,false,,,,
3,0.25,3.4,0.8,-0.05,false,,,,
3,0.25,3.4,0.8,-0.1,false,,,,
3,0.25,3.4,0.8,-0.15,false,,,,
3,0.25,3.4,0.8,-0.2,false,,,,
3,0.25,3.4,0.8,-0.25,false,,,,
3,0.25,3.4,0.8,-0.3,false,,,,
3,0.25,3.4,0.8,-0.35,false,,,,
3,0.25,3.4,0.8,-0.4,false,,,,
3,0.25,3.4,0.8,-0.45,false,,,,
3,0.25,3.4,0.8,-0.5,false,,,,
3,0.25,3.4,0.8,-0.55,false,,,,
3,0.25,3.4,0.8,-0.6,false,,,,
3,0.25,3.4,0.8,-0.65,false,,,,
3,0.25,3.4,0.8,-0.7,false,,,,
3,0.25,3.4,0.8,-0.75,false,,,,
3,0.25,3.4,0.8,-0.8,false,,,,
3,0.25,3.4,0.8,-0.85,false,,,,
3,0.25,3.4,0.8,-0.9,false,,,,
3,0.25,3.4,0.8,-0.95,false,,,,
3,0.25,3.4,0.8,-1,false,,,,
3,0.25,3.4,0.6,-0,false,,,,
3,0.25,3.4,0.6,-0.05,false,,,,
3,0.25,3.4,0.6,-0.1,false,,,,
3,0.25,3.4,0.6,-0.15,false,,,,
3,0.25,3.4,0.6,-0.2,false,,,,
3,0.25,3.4,0.6,-0.25,false,,,,
3,0.25,3.4,0.6,-0.3,false,,,,
3,0.25,3.4,0.6,-0.35,false,,,,
3,0.25,3.4,0.6,-0.4,false,,,,
3,0.25,3.4,0.6,-0.45,false,,,,
3,0.25,3.4,0.6,-0.5,false,,,,
3,0.25,3.4,0.6,-0.55,false,,,,
3,0.25,3.4,0.6,-0.6,false,,,,
3,0.25,3.4,0.6,-0.65,false,,,,
3,0.25,3.4,0.6,-0.7,false,,,,
3,0.25,3.4,0.6,-0.75,false,,,,
3,0.25,3.4,0.6,-0.8,false,,,,
3,0.25,3.4,0.6,-0.85,false,,,,
3,0.25,3.4,0.6,-0.9,false,,,,
3,0.25,3.4,0.6,-0.95,false,,,,
3,0.25,3.4,0.6,-1,false,,,,
3,0.25,3.4,0.4,-0,false,,,,
3,0.25,3.4,0.4,-0.05,false,,,,
3,0.25,3.4,0.4,-0.1,false,,,,
3,0.25,3.4,0.4,-0.15,false,,,,
3,0.25,3.4,0.4,-0.2,false,,,,
3,0.25,3.4,0.4,-0.25,false,,,,
3,0.25,3.4,0.4,-0.3,false,,,,
3,0.25,3.4,0.4,-0.35,false,,,,
3,0.25,3.4,0.4,-0.4,false,,,,
3,0.25,3.4,0.4,-0.45,false,,,,
3,0.25,3.4,0.4,-0.5,false,,,,
3,0.25,3.4,0.4,-0.55,false,,,,
3,0.25,3.4,0.4,-0.6,false,,,,
3,0.25,3.4,0.4,-0.65,false,,,,
3,0.25,3.4,0.4,-0.7,false,,,,
3,0.25,3.4,0.4,-0.75,false,,,,
3,0.25,3.4,0.4,-0.8,false,,,,
3,0.25,3.4,0.4,-0.85,false,,,,
3,0.25,3.4,0.4,-0.9,false,,,,
3,0.25,3.4,0.4,-0.95,false,,,,
3,0.25,3.4,0.4,-1,false,,,,
3,0.25,3.4,0.2,-0,false,,,,
3,0.25,3.4,0.2,-0.05,false,,,,
3,0.25,3.4,0.2,-0.1,false,,,,
3,0.25,3.4,0.2,-0.15,false,,,,
3,0.25,3.4,0.2,-0.2,false,,,,
3,0.25,3.4,0.2,-0.25,false,,,,
3,0.25,3.4,0.2,-0.3,false,,,,
3,0.25,3.4,0.2,-0.35,false,,,,
3,0.25,3.4,0.2,-0.4,false,,,,
3,0.25,3.4,0.2,-0.45,false,,,,
3,0.25,3.4,0.2,-0.5,false,,,,
3,0.25,3.4,0.2,-0.55,false,,,,
3,0.25,3.4,0.2,-0.6,false,,,,
3,0.25,3.4,0.2,-0.65,false,,,,
3,0.25,3.4,0.2,-0.7,false,,,,
3,0.25,3.4,0.2,-0.75,false,,,,
3,0.25,3.4,0.2,-0.8,false,,,,
3,0.25,3.4,0.2,-0.85,false,,,,
3,0.25,3.4,0.2,-0.9,false,,,,
3,0.25,3.4,0.2,-0.95,false,,,,
3,0.25,3.4,0.2,-1,false,,,,
3,0.25,3.4,0,-0.05,false,,,,
3,0.25,3.4,0,-0.1,false,,,,
3,0.25,3.4,0,-0.15,false,,,,
3,0.25,3.4,0,-0.2,false,,,,
3,0.25,3.4,0,-0.25,false,,,,
3,0.25,3.4,0,-0.3,false,,,,
3,0.25,3.4,0,-0.35,false,,,,
3,0.25,3.4,0,-0.4,false,,,,
3,0.25,3.4,0,-0.45,false,,,,
3,0.25,3.4,0,-0.5,false,,,,
3,0.25,3.4,0,-0.55,false,,,,
3,0.25,3.4,0,-0.6,false,,,,
3,0.25,3.4,0,-0.65,false,,,,
3,0.25,3.4,0,-0.7,false,,,,
3,0.25,3.4,0,-0.75,false,,,,
3,0.25,3.4,0,-0.8,false,,,,
3,0.25,3.4,0,-0.85,false,,,,
3,0.25,3.4,0,-0.9,false,,,,
3,0.25,3.4,0,-0.95,false,,,,
3,0.25,3.4,0,-1,false,,,,
3,0.25,3.425,1,-0,false,,,,
3,0.25,3.425,1,-0.05,false,,,,
3,0.25,3.425,1,-0.1,false,,,,
3,0.25,3.425,1,-0.15,false,,,,
3,0.25,3.425,1,-0.2,false,,,,
3,0.25,3.425,1,-0.25,false,,,,
3,0.25,3.425,1,-0.3,false,,,,
3,0.25,3.425,1,-0.35,false,,,,
3,0.25,3.425,1,-0.4,false,,,,
3,0.25,3.425,1,-0.45,false,,,,
3,0.25,3.425,1,-0.5,true,0.09190309891,0.06241862717,0.09190309891,0.3958418691
3,0.25,3.425,1,-0.55,true,0.09380178892,0.06317050841,0.09380178892,0.395839947
3,0.25,3.425,1,-0.6,true,0.0965605473,0.06426297673,0.0965605473,0.3958370693
3,0.25,3.425,1,-0.65,true,0.09970254653,0.06550720843,0.09970254653,0.3958336632
3,0.25,3.425,1,-0.7,true,0.1032595315,0.06691577449,0.1032595315,0.3958296312
3,0.25,3.425,1,-0.75,false,,,,
3,0.25,3.425,1,-0.8,false,,,,
3,0.25,3.425,1,-0.85,false,,,,
3,0.25,3.425,1,-0.9,false,,,,
3,0.25,3.425,1,-0.95,false,,,,
3,0.25,3.425,1,-1,true,0.2584670452,0.1833698261,0.259408127,0.3958413177
3,0.25,3.425,0.8,-0,false,,,,
3,0.25,3.425,0.8,-0.05,false,,,,
3,0.25,3.425,0.8,-0.1,false,,,,
3,0.25,3.425,0.8,-0.15,false,,,,
3,0.25,3.425,0.8,-0.2,false,,,,
3,0.25,3.425,0.8,-0.25,false,,,,
3,0.25,3.425,0.8,-0.3,false,,,,
3,0.25,3.425,0.8,-0.35,false,,,,
3,0.25,3.425,0.8,-0.4,false,,,,
3,0.25,3.425,0.8,-0.45,false,,,,
3,0.25,3.425,0.8,-0.5,false,,,,
3,0.25,3.425,0.8,-0.55,false,,,,
3,0.25,3.425,0.8,-0.6,false,,,,
3,0.25,3.425,0.8,-0.65,false,,,,
3,0.25,3.425,0.8,-0.7,false,,,,
3,0.25,3.425,0.8,-0.75,false,,,,
3,0.25,3.425,0.8,-0.8,false,,,,
3,0.25,3.425,0.8,-0.85,false,,,,
3,0.25,3.425,0.8,-0.9,false,,,,
3,0.25,3.425,0.8,-0.95,false,,,,
3,0.25,3.425,0.8,-1,false,,,,
3,0.25,3.425,0.6,-0,false,,,,
3,0.25,3.425,0.6,-0.05,false,,,,
3,0.25,3.425,0.6,-0.1,false,,,,
3,0.25,3.425,0.6,-0.15,false,,,,
3,0.25,3.425,0.6,-0.2,false,,,,
3,0.25,3.425,0.6,-0.25,false,,,,
3,0.25,3.425,0.6,-0.3,false,,,,
3,0.25,3.425,0.6,-0.35,false,,,,
3,0.25,3.425,0.6,-0.4,false,,,,
3,0.25,3.425,0.6,-0.45,false,,,,
3,0.25,3.425,0.6,-0.5,false,,,,
3,0.25,3.425,0.6,-0.55,false,,,,
3,0.25,3.425,0.6,-0.6,false,,,,
3,0.25,3.425,0.6,-0.65,false,,,,
3,0.25,3.425,0.6,-0.7,false,,,,
3,0.25,3.425,0.6,-0.75,false,,,,
3,0.25,3.425,0.6,-0.8,false,,,,
3,0.25,3.425,0.6,-0.85,false,,,,
3,0.25,3.425,0.6,-0.9,false,,,,
3,0.25,3.425,0.6,-0.95,false,,,,
3,0.25,3.425,0.6,-1,false,,,,
3,0.25,3.425,0.4,-0,false,,,,
3,0.25,3.425,0.4,-0.05,false,,,,
3,0.25,3.425,0.4,-0.1,false,,,,
3,0.25,3.425,0.4,-0.15,false,,,,
3,0.25,3.425,0.4,-0.2,false,,,,
3,0.25,3.425,0.4,-0.25,false,,,,
3,0.25,3.425,0.4,-0.3,false,,,,
3,0.25,3.425,0.4,-0.35,false,,,,
3,0.25,3.425,0.4,-0.4,false,,,,
3,0.25,3.425,0.4,-0.45,false,,,,
3,0.25,3.425,0.4,-0.5,false,,,,
3,0.25,3.425,0.4,-0.55,false,,,,
3,0.25,3.425,0.4,-0.6,false,,,,
3,0.25,3.425,0.4,-0.65,false,,,,
3,0.25,3.425,0.4,-0.7,false,,,,
3,0.25,3.425,0.4,-0.75,false,,,,
3,0.25,3.425,0.4,-0.8,false,,,,
3,0.25,3.425,0.4,-0.85,false,,,,
3,0.25,3.425,0.4,-0.9,false,,,,
3,0.25,3.425,0.4,-0.95,false,,,,
3,0.25,3.425,0.4,-1,false,,,,
3,0.25,3.425,0.2,-0,false,,,,
3,0.25,3.425,0.2,-0.05,false,,,,
3,0.25,3.425,0.2,-0.1,false,,,,
3,0.25,3.425,0.2,-0.15,false,,,,
3,0.25,3.425,0.2,-0.2,false,,,,
3,0.25,3.425,0.2,-0.25,false,,,,
3,0.25,3.425,0.2,-0.3,false,,,,
3,0.25,3.425,0.2,-0.35,false,,,,
3,0.25,3.425,0.2,-0.4,false,,,,
3,0.25,3.425,0.2,-0.45,false,,,,
3,0.25,3.425,0.2,-0.5,false,,,,
3,0.25,3.425,0.2,-0.55,false,,,,
3,0.25,3.425,0.2,-0.6,false,,,,
3,0.25,3.425,0.2,-0.65,false,,,,
3,0.25,3.425,0.2,-0.7,false,,,,
3,0.25,3.425,0.2,-0.75,false,,,,
3,0.25,3.425,0.2,-0.8,false,,,,
3,0.25,3.425,0.2,-0.85,false,,,,
3,0.25,3.425,0.2,-0.9,false,,,,
3,0.25,3.425,0.2,-0.95,false,,,,
3,0.25,3.425,0.2,-1,false,,,,
3,0.25,3.425,0,-0.05,false,,,,
3,0.25,3.425,0,-0.1,false,,,,
3,0.25,3.425,0,-0.15,false,,,,
3,0.25,3.425,0,-0.2,false,,,,
3,0.25,3.425,0,-0.25,false,,,,
3,0.25,3.425,0,-0.3,false,,,,
3,0.25,3.425,0,-0.35,false,,,,
3,0.25,3.425,0,-0.4,false,,,,
3,0.25,3.425,0,-0.45,false,,,,
3,0.25,3.425,0,-0.5,false,,,,
3,0.25,3.425,0,-0.55,false,,,,
3,0.25,3.425,0,-0.6,false,,,,
3,0.25,3.425,0,-0.65,false,,,,
3,0.25,3.425,0,-0.7,false,,,,
3,0.25,3.425,0,-0.75,false,,,,
3,0.25,3.425,0,-0.8,false,,,,
3,0.25,3.425,0,-0.85,false,,,,
3,0.25,3.425,0,-0.9,false,,,,
3,0.25,3.425,0,-0.95,false,,,,
3,0.25,3.425,0,-1,false,,,,
3,0.25,3.45,1,-0,false,,,,
3,0.25,3.45,1,-0.05,false,,,,
3,0.25,3.45,1,-0.1,false,,,,
3,0.25,3.45,1,-0.15,false,,,,
3,0.25,3.45,1,-0.2,false,,,,
3,0.25,3.45,1,-0.25,false,,,,
3,0.25,3.45,1,-0.3,false,,,,
3,0.25,3.45,1,-0.35,false,,,,
3,0.25,3.45,1,-0.4,false,,,,
3,0.25,3.45,1,-0.45,false,,,,
3,0.25,3.45,1,-0.5,true,0.09094401086,0.06156166033,0.09094401086,0.3988428226
3,0.25,3.45,1,-0.55,true,0.0933893816,0.06253736326,0.0933893816,0.3988403684
3,0.25,3.45,1,-0.6,true,0.0962091429,0.06366244802,0.0962091429,0.3988374416
3,0.25,3.45,1,-0.65,true,0.09940404192,0.06493721273,0.09940404192,0.3988339929
3,0.25,3.45,1,-0.7,true,0.1030106058,0.06637623171,0.1030106058,0.3988299197
3,0.25,3.45,1,-0.75,false,,,,
3,0.25,3.45,1,-0.8,false,,,,
3,0.25,3.45,1,-0.85,false,,,,
3,0.25,3.45,1,-0.9,false,,,,
3,0.25,3.45,1,-0.95,false,,,,
3,0.25,3.45,1,-1,true,0.2527701091,0.179308173,0.2537052108,0.3988430203
3,0.25,3.45,0.8,-0,false,,,,
3,0.25,3.45,0.8,-0.05,false,,,,
3,0.25,3.45,0.8,-0.1,false,,,,
3,0.25,3.45,0.8,-0.15,false,,,,
3,0.25,3.45,0.8,-0.2,false,,,,
3,0.25,3.45,0.8,-0.25,false,,,,
3,0.25,3.45,0.8,-0.3,false,,,,
3,0.25,3.45,0.8,-0.35,false,,,,
3,0.25,3.45,0.8,-0.4,false,,,,
3,0.25,3.45,0.8,-0.45,false,,,,
3,0.25,3.45,0.8,-0.5,false,,,,
3,0.25,3.45,0.8,-0.55,false,,,,
3,0.25,3.45,0.8,-0.6,false,,,,
3,0.25,3.45,0.8,-0.65,false,,,,
3,0.25,3.45,0.8,-0.7,false,,,,
3,0.25,3.45,0.8,-0.75,false,,,,
3,0.25,3.45,0.8,-0.8,false,,,,
3,0.25,3.45,0.8,-0.85,false,,,,
3,0.25,3.45,0.8,-0.9,false,,,,
3,0.25,3.45,0.8,-0.95,false,,,,
3,0.25,3.45,0.8,-1,false,,,,
3,0.25,3.45,0.6,-0,false,,,,
3,0.25,3.45,0.6,-0.05,false,,,,
3,0.25,3.45,0.6,-0.1,false,,,,
3,0.25,3.45,0.6,-0.15,false,,,,
3,0.25,3.45,0.6,-0.2,false,,,,
3,0.25,3.45,0.6,-0.25,false,,,,
3,0.25,3.45,0.6,-0.3,false,,,,
3,0.25,3.45,0.6,-0.35,false,,,,
3,0.25,3.45,0.6,-0.4,false,,,,
3,0.25,3.45,0.6,-0.45,false,,,,
3,0.25,3.45,0.6,-0.5,false,,,,
3,0.25,3.45,0.6,-0.55,false,,,,
3,0.25,3.45,0.6,-0.6,false,,,,
3,0.25,3.45,0.6,-0.65,false,,,,
3,0.25,3.45,0.6,-0.7,false,,,,
3,0.25,3.45,0.6,-0.75,false,,,,
3,0.25,3.45,0.6,-0.8,false,,,,
3,0.25,3.45,0.6,-0.85,false,,,,
3,0.25,3.45,0.6,-0.9,false,,,,
3,0.25,3.45,0.6,-0.95,false,,,,
3,0.25,3.45,0.6,-1,false,,,,
3,0.25,3.45,0.4,-0,false,,,,
3,0.25,3.45,0.4,-0.05,false,,,,
3,0.25,3.45,0.4,-0.1,false,,,,
3,0.25,3.45,0.4,-0.15,false,,,,
3,0.25,3.45,0.4,-0.2,false,,,,
3,0.25,3.45,0.4,-0.25,false,,,,
3,0.25,3.45,0.4,-0.3,false,,,,
3,0.25,3.45,0.4,-0.35,false,,,,
3,0.25,3.45,0.4,-0.4,false,,,,
3,0.25,3.45,0.4,-0.45,false,,,,
3,0.25,3.45,0.4,-0.5,false,,,,
3,0.25,3.45,0.4,-0.55,false,,,,
3,0.25,3.45,0.4,-0.6,false,,,,
3,0.25,3.45,0.4,-0.65,false,,,,
3,0.25,3.45,0.4,-0.7,false,,,,
3,0.25,3.45,0.4,-0.75,false,,,,
3,0.25,3.45,0.4,-0.8,false,,,,
3,0.25,3.45,0.4,-0.85,false,,,,
3,0.25,3.45,0.4,-0.9,false,,,,
3,0.25,3.45,0.4,-0.95,false,,,,
3,0.25,3.45,0.4,-1,false,,,,
3,0.25,3.45,0.2,-0,false,,,,
3,0.25,3.45,0.2,-0.05,false,,,,
3,0.25,3.45,0.2,-0.1,false,,,,
3,0.25,3.45,0.2,-0.15,false,,,,
3,0.25,3.45,0.2,-0.2,false,,,,
3,0.25,3.45,0.2,-0.25,false,,,,
3,0.25,3.45,0.2,-0.3,false,,,,
3,0.25,3.45,0.2,-0.35,false,,,,
3,0.25,3.45,0.2,-0.4,false,,,,
3,0.25,3.45,0.2,-0.45,false,,,,
3,0.25,3.45,0.2,-0.5,false,,,,
3,0.25,3.45,0.2,-0.55,false,,,,
3,0.25,3.45,0.2,-0.6,false,,,,
3,0.25,3.45,0.2,-0.65,false,,,,
3,0.25,3.45,0.2,-0.7,false,,,,
3,0.25,3.45,0.2,-0.75,false,,,,
3,0.25,3.45,0.2,-0.8,false,,,,
3,0.25,3.45,0.2,-0.85,false,,,,
3,0.25,3.45,0.2,-0.9,false,,,,
3,0.25,3.45,0.2,-0.95,false,,,,
3,0.25,3.45,0.2,-1,false,,,,
3,0.25,3.45,0,-0.05,false,,,,
3,0.25,3.45,0,-0.1,false,,,,
3,0.25,3.45,0,-0.15,false,,,,
3,0.25,3.45,0,-0.2,false,,,,
3,0.25,3.45,0,-0.25,false,,,,
3,0.25,3.45,0,-0.3,false,,,,
3,0.25,3.45,0,-0.35,false,,,,
3,0.25,3.45,0,-0.4,false,,,,
3,0.25,3.45,0,-0.45,false,,,,
3,0.25,3.45,0,-0.5,false,,,,
3,0.25,3.45,0,-0.55,false,,,,
3,0.25,3.45,0,-0.6,false,,,,
3,0.25,3.45,0,-0.65,false,,,,
3,0.25,3.45,0,-0.7,false,,,,
3,0.25,3.45,0,-0.75,false,,,,
3,0.25,3.45,0,-0.8,false,,,,
3,0.25,3.45,0,-0.85,false,,,,
3,0.25,3.45,0,-0.9,false,,,,
3,0.25,3.45,0,-0.95,false,,,,
3,0.25,3.45,0,-1,false,,,,
3,0.25,3.475,1,-0,false,,,,
3,0.25,3.475,1,-0.05,false,,,,
3,0.25,3.475,1,-0.1,false,,,,
3,0.25,3.475,1,-0.15,false,,,,
3,0.25,3.475,1,-0.2,false,,,,
3,0.25,3.475,1,-0.25,false,,,,
3,0.25,3.475,1,-0.3,false,,,,
3,0.25,3.475,1,-0.35,false,,,,
3,0.25,3.475,1,-0.4,false,,,,
3,0.25,3.475,1,-0.45,false,,,,
3,0.25,3.475,1,-0.5,true,0.09047268315,0.06089501863,0.09047268315,0.401843287
3,0.25,3.475,1,-0.55,true,0.0929954436,0.06190916833,0.0929954436,0.401840769
3,0.25,3.475,1,-0.6,true,0.09587234287,0.06306568183,0.09587234287,0.4018377968
3,0.25,3.475,1,-0.65,true,0.09911829067,0.06437055285,0.09911829067,0.4018343073
3,0.25,3.475,1,-0.7,true,0.1027732023,0.06583982733,0.1027732023,0.401830194
3,0.25,3.475,1,-0.75,false,,,,
3,0.25,3.475,1,-0.8,false,,,,
3,0.25,3.475,1,-0.85,false,,,,
3,0.25,3.475,1,-0.9,false,,,,
3,0.25,3.475,1,-0.95,false,,,,
3,0.25,3.475,1,-1,true,0.2469600595,0.175162702,0.2478890048,0.4018447139
3,0.25,3.475,0.8,-0,false,,,,
3,0.25,3.475,0.8,-0.05,false,,,,
3,0.25,3.475,0.8,-0.1,false,,,,
3,0.25,3.475,0.8,-0.15,false,,,,
3,0.25,3.475,0.8,-0.2,false,,,,
3,0.25,3.475,0.8,-0.25,false,,,,
3,0.25,3.475,0.8,-0.3,false,,,,
3,0.25,3.475,0.8,-0.35,false,,,,
3,0.25,3.475,0.8,-0.4,false,,,,
3,0.25,3.475,0.8,-0.45,false,,,,
3,0.25,3.475,0.8,-0.5,false,,,,
3,0.25,3.475,0.8,-0.55,false,,,,
3,0.25,3.475,0.8,-0.6,false,,,,
3,0.25,3.475,0.8,-0.65,false,,,,
3,0.25,3.475,0.8,-0.7,false,,,,
3,0.25,3.475,0.8,-0.75,false,,,,
3,0.25,3.475,0.8,-0.8,false,,,,
3,0.25,3.475,0.8,-0.85,false,,,,
3,0.25,3.475,0.8,-0.9,false,,,,
3,0.25,3.475,0.8,-0.95,false,,,,
3,0.25,3.475,0.8,-1,false,,,,
3,0.25,3.475,0.6,-0,false,,,,
3,0.25,3.475,0.6,-0.05,false,,,,
3,0.25,3.475,0.6,-0.1,false,,,,
3,0.25,3.475,0.6,-0.15,false,,,,
3,0.25,3.475,0.6,-0.2,false,,,,
3,0.25,3.475,0.6,-0.25,false,,,,
3,0.25,3.475,0.6,-0.3,false,,,,
3,0.25,3.475,0.6,-0.35,false,,,,
3,0.25,3.475,0.6,-0.4,false,,,,
3,0.25,3.475,0.6,-0.45,false,,,,
3,0.25,3.475,0.6,-0.5,false,,,,
3,0.25,3.475,0.6,-0.55,false,,,,
3,0.25,3.475,0.6,-0.6,false,,,,
3,0.25,3.475,0.6,-0.65,false,,,,
3,0.25,3.475,0.6,-0.7,false,,,,
3,0.25,3.475,0.6,-0.75,false,,,,
3,0.25,3.475,0.6,-0.8,false,,,,
3,0.25,3.475,0.6,-0.85,false,,,,
3,0.25,3.475,0.6,-0.9,false,,,,
3,0.25,3.475,0.6,-0.95,false,,,,
3,0.25,3.475,0.6,-1,false,,,,
3,0.25,3.475,0.4,-0,false,,,,
3,0.25,3.475,0.4,-0.05,false,,,,
3,0.25,3.475,0.4,-0.1,false,,,,
3,0.25,3.475,0.4,-0.15,false,,,,
3,0.25,3.475,0.4,-0.2,false,,,,
3,0.25,3.475,0.4,-0.25,false,,,,
3,0.25,3.475,0.4,-0.3,false,,,,
3,0.25,3.475,0.4,-0.35,false,,,,
3,0.25,3.475,0.4,-0.4,false,,,,
3,0.25,3.475,0.4,-0.45,false,,,,
3,0.25,3.475,0.4,-0.5,false,,,,
3,0.25,3.475,0.4,-0.55,false,,,,
3,0.25,3.475,0.4,-0.6,false,,,,
3,0.25,3.475,0.4,-0.65,false,,,,
3,0.25,3.475,0.4,-0.7,false,,,,
3,0.25,3.475,0.4,-0.75,false,,,,
3,0.25,3.475,0.4,-0.8,false,,,,
3,0.25,3.475,0.4,-0.85,false,,,,
3,0.25,3.475,0.4,-0.9,false,,,,
3,0.25,3.475,0.4,-0.95,false,,,,
3,0.25,3.475,0.4,-1,false,,,,
3,0.25,3.475,0.2,-0,false,,,,
3,0.25,3.475,0.2,-0.05,false,,,,
3,0.25,3.475,0.2,-0.1,false,,,,
3,0.25,3.475,0.2,-0.15,false,,,,
3,0.25,3.475,0.2,-0.2,false,,,,
3,0.25,3.475,0.2,-0.25,false,,,,
3,0.25,3.475,0.2,-0.3,false,,,,
3,0.25,3.475,0.2,-0.35,false,,,,
3,0.25,3.475,0.2,-0.4,false,,,,
3,0.25,3.475,0.2,-0.45,false,,,,
3,0.25,3.475,0.2,-0.5,false,,,,
3,0.25,3.475,0.2,-0.55,false,,,,
3,0.25,3.475,0.2,-0.6,false,,,,
3,0.25,3.475,0.2,-0.65,false,,,,
3,0.25,3.475,0.2,-0.7,false,,,,
3,0.25,3.475,0.2,-0.75,false,,,,
3,0.25,3.475,0.2,-0.8,false,,,,
3,0.25,3.475,0.2,-0.85,false,,,,
3,0.25,3.475,0.2,-0.9,false,,,,
3,0.25,3.475,0.2,-0.95,false,,,,
3,0.25,3.475,0.2,-1,false,,,,
3,0.25,3.475,0,-0.05,false,,,,
3,0.25,3.475,0,-0.1,false,,,,
3,0.25,3.475,0,-0.15,false,,,,
3,0.25,3.475,0,-0.2,false,,,,
3,0.25,3.475,0,-0.25,false,,,,
3,0.25,3.475,0,-0.3,false,,,,
3,0.25,3.475,0,-0.35,false,,,,
3,0.25,3.475,0,-0.4,false,,,,
3,0.25,3.475,0,-0.45,false,,,,
3,0.25,3.475,0,-0.5,false,,,,
3,0.25,3.475,0,-0.55,false,,,,
3,0.25,3.475,0,-0.6,false,,,,
3,0.25,3.475,0,-0.65,false,,,,
3,0.25,3.475,0,-0.7,false,,,,
3,0.25,3.475,0,-0.75,false,,,,
3,0.25,3.475,0,-0.8,false,,,,
3,0.25,3.475,0,-0.85,false,,,,
3,0.25,3.475,0,-0.9,false,,,,
3,0.25,3.475,0,-0.95,false,,,,
3,0.25,3.475,0,-1,false,,,,
3,0.25,3.5,1,-0,false,,,,
3,0.25,3.5,1,-0.05,false,,,,
3,0.25,3.5,1,-0.1,false,,,,
3,0.25,3.5,1,-0.15,false,,,,
3,0.25,3.5,1,-0.2,false,,,,
3,0.25,3.5,1,-0.25,false,,,,
3,0.25,3.5,1,-0.3,false,,,,
3,0.25,3.5,1,-0.35,false,,,,
3,0.25,3.5,1,-0.4,false,,,,
3,0.25,3.5,1,-0.45,true,0.08847924021,0.05960909229,0.08847924021,0.4048452211
3,0.25,3.5,1,-0.5,true,0.09002937736,0.06023689783,0.09002937736,0.4048437213
3,0.25,3.5,1,-0.55,true,0.09261906929,0.06128572306,0.09261906929,0.4048411498
3,0.25,3.5,1,-0.6,true,0.09555004815,0.0624727695,0.09555004815,0.4048381353
3,0.25,3.5,1,-0.65,true,0.09884531168,0.06380735123,0.09884531168,0.4048346065
3,0.25,3.5,1,-0.7,true,0.1025473273,0.06530666757,0.1025473273,0.4048304541
3,0.25,3.5,1,-0.75,false,,,,
3,0.25,3.5,1,-0.8,false,,,,
3,0.25,3.5,1,-0.85,false,,,,
3,0.25,3.5,1,-0.9,false,,,,
3,0.25,3.5,1,-0.95,false,,,,
3,0.25,3.5,1,-1,true,0.2410337795,0.1709311383,0.2419563934,0.4048463988
3,0.25,3.5,0.8,-0,false,,,,
3,0.25,3.5,0.8,-0.05,false,,,,
3,0.25,3.5,0.8,-0.1,false,,,,
3,0.25,3.5,0.8,-0.15,false,,,,
3,0.25,3.5,0.8,-0.2,false,,,,
3,0.25,3.5,0.8,-0.25,false,,,,
3,0.25,3.5,0.8,-0.3,false,,,,
3,0.25,3.5,0.8,-0.35,false,,,,
3,0.25,3.5,0.8,-0.4,false,,,,
3,0.25,3.5,0.8,-0.45,false,,,,
3,0.25,3.5,0.8,-0.5,false,,,,
3,0.25,3.5,0.8,-0.55,false,,,,
3,0.25,3.5,0.8,-0.6,false,,,,
3,0.25,3.5,0.8,-0.65,false,,,,
3,0.25,3.5,0.8,-0.7,false,,,,
3,0.25,3.5,0.8,-0.75,false,,,,
3,0.25,3.5,0.8,-0.8,false,,,,
3,0.25,3.5,0.8,-0.85,false,,,,
3,0.25,3.5,0.8,-0.9,false,,,,
3,0.25,3.5,0.8,-0.95,false,,,,
3,0.25,3.5,0.8,-1,false,,,,
3,0.25,3.5,0.6,-0,false,,,,
3,0.25,3.5,0.6,-0.05,false,,,,
3,0.25,3.5,0.6,-0.1,false,,,,
3,0.25,3.5,0.6,-0.15,false,,,,
3,0.25,3.5,0.6,-0.2,false,,,,
3,0.25,3.5,0.6,-0.25,false,,,,
3,0.25,3.5,0.6,-0.3,false,,,,
3,0.25,3.5,0.6,-0.35,false,,,,
3,0.25,3.5,0.6,-0.4,false,,,,
3,0.25,3.5,0.6,-0.45,false,,,,
3,0.25,3.5,0.6,-0.5,false,,,,
3,0.25,3.5,0.6,-0.55,false,,,,
3,0.25,3.5,0.6,-0.6,false,,,,
3,0.25,3.5,0.6,-0.65,false,,,,
3,0.25,3.5,0.6,-0.7,false,,,,
3,0.25,3.5,0.6,-0.75,false,,,,
3,0.25,3.5,0.6,-0.8,false,,,,
3,0.25,3.5,0.6,-0.85,false,,,,
3,0.25,3.5,0.6,-0.9,false,,,,
3,0.25,3.5,0.6,-0.95,false,,,,
3,0.25,3.5,0.6,-1,false,,,,
3,0.25,3.5,0.4,-0,false,,,,
3,0.25,3.5,0.4,-0.05,false,,,,
3,0.25,3.5,0.4,-0.1,false,,,,
3,0.25,3.5,0.4,-0.15,false,,,,
3,0.25,3.5,0.4,-0.2,false,,,,
3,0.25,3.5,0.4,-0.25,false,,,,
3,0.25,3.5,0.4,-0.3,false,,,,
3,0.25,3.5,0.4,-0.35,false,,,,
3,0.25,3.5,0.4,-0.4,false,,,,
3,0.25,3.5,0.4,-0.45,false,,,,
3,0.25,3.5,0.4,-0.5,false,,,,
3,0.25,3.5,0.4,-0.55,false,,,,
3,0.25,3.5,0.4,-0.6,false,,,,
3,0.25,3.5,0.4,-0.65,false,,,,
3,0.25,3.5,0.4,-0.7,false,,,,
3,0.25,3.5,0.4,-0.75,false,,,,
3,0.25,3.5,0.4,-0.8,false,,,,
3,0.25,3.5,0.4,-0.85,false,,,,
3,0.25,3.5,0.4,-0.9,false,,,,
3,0.25,3.5,0.4,-0.95,false,,,,
3,0.25,3.5,0.4,-1,false,,,,
3,0.25,3.5,0.2,-0,false,,,,
3,0.25,3.5,0.2,-0.05,false,,,,
3,0.25,3.5,0.2,-0.1,false,,,,
3,0.25,3.5,0.2,-0.15,false,,,,
3,0.25,3.5,0.2,-0.2,false,,,,
3,0.25,3.5,0.2,-0.25,false,,,,
3,0.25,3.5,0.2,-0.3,false,,,,
3,0.25,3.5,0.2,-0.35,false,,,,
3,0.25,3.5,0.2,-0.4,false,,,,
3,0.25,3.5,0.2,-0.45,false,,,,
3,0.25,3.5,0.2,-0.5,false,,,,
3,0.25,3.5,0.2,-0.55,false,,,,
3,0.25,3.5,0.2,-0.6,false,,,,
3,0.25,3.5,0.2,-0.65,false,,,,
3,0.25,3.5,0.2,-0.7,false,,,,
3,0.25,3.5,0.2,-0.75,false,,,,
3,0.25,3.5,0.2,-0.8,false,,,,
3,0.25,3.5,0.2,-0.85,false,,,,
3,0.25,3.5,0.2,-0.9,false,,,,
3,0.25,3.5,0.2,-0.95,false,,,,
3,0.25,3.5,0.2,-1,false,,,,
3,0.25,3.5,0,-0.05,false,,,,
3,0.25,3.5,0,-0.1,false,,,,
3,0.25,3.5,0,-0.15,false,,,,
3,0.25,3.5,0,-0.2,false,,,,
3,0.25,3.5,0,-0.25,false,,,,
3,0.25,3.5,0,-0.3,false,,,,
3,0.25,3.5,0,-0.35,false,,,,
3,0.25,3.5,0,-0.4,false,,,,
3,0.25,3.5,0,-0.45,false,,,,
3,0.25,3.5,0,-0.5,false,,,,
3,0.25,3.5,0,-0.55,false,,,,
3,0.25,3.5,0,-0.6,false,,,,
3,0.25,3.5,0,-0.65,false,,,,
3,0.25,3.5,0,-0.7,false,,,,
3,0.25,3.5,0,-0.75,false,,,,
3,0.25,3.5,0,-0.8,false,,,,
3,0.25,3.5,0,-0.85,false,,,,
3,0.25,3.5,0,-0.9,false,,,,
3,0.25,3.5,0,-0.95,false,,,,
3,0.25,3.5,0,-1,false,,,,
3,0.25,3.525,1,-0,false,,,,
3,0.25,3.525,1,-0.05,false,,,,
3,0.25,3.525,1,-0.1,false,,,,
3,0.25,3.525,1,-0.15,false,,,,
3,0.25,3.525,1,-0.2,false,,,,
3,0.25,3.525,1,-0.25,false,,,,
3,0.25,3.525,1,-0.3,false,,,,
3,0.25,3.525,1,-0.35,false,,,,
3,0.25,3.525,1,-0.4,false,,,,
3,0.25,3.525,1,-0.45,true,0.08729596305,0.05864175292,0.08729596305,0.4078463468
3,0.25,3.525,1,-0.5,true,0.08960954572,0.05958569465,0.08960954572,0.4078441304
3,0.25,3.525,1,-0.55,true,0.09225976472,0.06066698401,0.09225976472,0.4078415116
3,0.25,3.525,1,-0.6,true,0.09524222201,0.06188382658,0.09524222201,0.4078384572
3,0.25,3.525,1,-0.65,true,0.09858509229,0.06324771765,0.09858509229,0.4078348908
3,0.25,3.525,1,-0.7,true,0.1023329518,0.06477684432,0.1023329518,0.4078307002
3,0.25,3.525,1,-0.75,false,,,,
3,0.25,3.525,1,-0.8,false,,,,
3,0.25,3.525,1,-0.85,false,,,,
3,0.25,3.525,1,-0.9,false,,,,
3,0.25,3.525,1,-0.95,false,,,,
3,0.25,3.525,1,-1,true,0.2349880356,0.1666111217,0.2359041448,0.4078480751
3,0.25,3.525,0.8,-0,false,,,,
3,0.25,3.525,0.8,-0.05,false,,,,
3,0.25,3.525,0.8,-0.1,false,,,,
3,0.25,3.525,0.8,-0.15,false,,,,
3,0.25,3.525,0.8,-0.2,false,,,,
3,0.25,3.525,0.8,-0.25,false,,,,
3,0.25,3.525,0.8,-0.3,false,,,,
3,0.25,3.525,0.8,-0.35,false,,,,
3,0.25,3.525,0.8,-0.4,false,,,,
3,0.25,3.525,0.8,-0.45,false,,,,
3,0.25,3.525,0.8,-0.5,false,,,,
3,0.25,3.525,0.8,-0.55,false,,,,
3,0.25,3.525,0.8,-0.6,false,,,,
3,0.25,3.525,0.8,-0.65,false,,,,
3,0.25,3.525,0.8,-0.7,false,,,,
3,0.25,3.525,0.8,-0.75,false,,,,
3,0.25,3.525,0.8,-0.8,false,,,,
3,0.25,3.525,0.8,-0.85,false,,,,
3,0.25,3.525,0.8,-0.9,false,,,,
3,0.25,3.525,0.8,-0.95,false,,,,
3,0.25,3.525,0.8,-1,false,,,,
3,0.25,3.525,0.6,-0,false,,,,
3,0.25,3.525,0.6,-0.05,false,,,,
3,0.25,3.525,0.6,-0.1,false,,,,
3,0.25,3.525,0.6,-0.15,false,,,,
3,0.25,3.525,0.6,-0.2,false,,,,
3,0.25,3.525,0.6,-0.25,false,,,,
3,0.25,3.525,0.6,-0.3,false,,,,
3,0.25,3.525,0.6,-0.35,false,,,,
3,0.25,3.525,0.6,-0.4,false,,,,
3,0.25,3.525,0.6,-0.45,false,,,,
3,0.25,3.525,0.6,-0.5,false,,,,
3,0.25,3.525,0.6,-0.55,false,,,,
3,0.25,3.525,0.6,-0.6,false,,,,
3,0.25,3.525,0.6,-0.65,false,,,,
3,0.25,3.525,0.6,-0.7,false,,,,
3,0.25,3.525,0.6,-0.75,false,,,,
3,0.25,3.525,0.6,-0.8,false,,,,
3,0.25,3.525,0.6,-0.85,false,,,,
3,0.25,3.525,0.6,-0.9,false,,,,
3,0.25,3.525,0.6,-0.95,false,,,,
3,0.25,3.525,0.6,-1,false,,,,
3,0.25,3.525,0.4,-0,false,,,,
3,0.25,3.525,0.4,-0.05,false,,,,
3,0.25,3.525,0.4,-0.1,false,,,,
3,0.25,3.525,0.4,-0.15,false,,,,
3,0.25,3.525,0.4,-0.2,false,,,,
3,0.25,3.525,0.4,-0.25,false,,,,
3,0.25,3.525,0.4,-0.3,false,,,,
3,0.25,3.525,0.4,-0.35,false,,,,
3,0.25,3.525,0.4,-0.4,false,,,,
3,0.25,3.525,0.4,-0.45,false,,,,
3,0.25,3.525,0.4,-0.5,false,,,,
3,0.25,3.525,0.4,-0.55,false,,,,
3,0.25,3.525,0.4,-0.6,false,,,,
3,0.25,3.525,0.4,-0.65,false,,,,
3,0.25,3.525,0.4,-0.7,false,,,,
3,0.25,3.525,0.4,-0.75,false,,,,
3,0.25,3.525,0.4,-0.8,false,,,,
3,0.25,3.525,0.4,-0.85,false,,,,
3,0.25,3.525,0.4,-0.9,false,,,,
3,0.25,3.525,0.4,-0.95,false,,,,
3,0.25,3.525,0.4,-1,false,,,,
3,0.25,3.525,0.2,-0,false,,,,
3,0.25,3.525,0.2,-0.05,false,,,,
3,0.25,3.525,0.2,-0.1,false,,,,
3,0.25,3.525,0.2,-0.15,false,,,,
3,0.25,3.525,0.2,-0.2,false,,,,
3,0.25,3.525,0.2,-0.25,false,,,,
3,0.25,3.525,0.2,-0.3,false,,,,
3,0.25,3.525,0.2,-0.35,false,,,,
3,0.25,3.525,0.2,-0.4,false,,,,
3,0.25,3.525,0.2,-0.45,false,,,,
3,0.25,3.525,0.2,-0.5,false,,,,
3,0.25,3.525,0.2,-0.55,false,,,,
3,0.25,3.525,0.2,-0.6,false,,,,
3,0.25,3.525,0.2,-0.65,false,,,,
3,0.25,3.525,0.2,-0.7,false,,,,
3,0.25,3.525,0.2,-0.75,false,,,,
3,0.25,3.525,0.2,-0.8,false,,,,
3,0.25,3.525,0.2,-0.85,false,,,,
3,0.25,3.525,0.2,-0.9,false,,,,
3,0.25,3.525,0.2,-0.95,false,,,,
3,0.25,3.525,0.2,-1,false,,,,
3,0.25,3.525,0,-0.05,false,,,,
3,0.25,3.525,0,-0.1,false,,,,
3,0.25,3.525,0,-0.15,false,,,,
3,0.25,3.525,0,-0.2,false,,,,
3,0.25,3.525,0,-0.25,false,,,,
3,0.25,3.525,0,-0.3,false,,,,
3,0.25,3.525,0,-0.35,false,,,,
3,0.25,3.525,0,-0.4,false,,,,
3,0.25,3.525,0,-0.45,false,,,,
3,0.25,3.525,0,-0.5,false,,,,
3,0.25,3.525,0,-0.55,false,,,,
3,0.25,3.525,0,-0.6,false,,,,
3,0.25,3.525,0,-0.65,false,,,,
3,0.25,3.525,0,-0.7,false,,,,
3,0.25,3.525,0,-0.75,false,,,,
3,0.25,3.525,0,-0.8,false,,,,
3,0.25,3.525,0,-0.85,false,,,,
3,0.25,3.525,0,-0.9,false,,,,
3,0.25,3.525,0,-0.95,false,,,,
3,0.25,3.525,0,-1,false,,,,
3,0.25,3.55,1,-0,false,,,,
3,0.25,3.55,1,-0.05,false,,,,
3,0.25,3.55,1,-0.1,false,,,,
3,0.25,3.55,1,-0.15,false,,,,
3,0.25,3.55,1,-0.2,false,,,,
3,0.25,3.55,1,-0.25,false,,,,
3,0.25,3.55,1,-0.3,false,,,,
3,0.25,3.55,1,-0.35,false,,,,
3,0.25,3.55,1,-0.4,false,,,,
3,0.25,3.55,1,-0.45,true,0.08682021872,0.0579581099,0.08682021872,0.4108467947
3,0.25,3.55,1,-0.5,true,0.08921107885,0.05894075341,0.08921107885,0.4108445167
3,0.25,3.55,1,-0.55,true,0.09191715286,0.06005294983,0.09191715286,0.4108418551
3,0.25,3.55,1,-0.6,true,0.09494881701,0.06129896379,0.09494881701,0.4108387629
3,0.25,3.55,1,-0.65,true,0.09833766101,0.06269177868,0.09833766101,0.4108351601
3,0.25,3.55,1,-0.7,true,0.1022545717,0.0645767021,0.1022545717,0.4089689854
3,0.25,3.55,1,-0.75,false,,,,
3,0.25,3.55,1,-0.8,false,,,,
3,0.25,3.55,1,-0.85,false,,,,
3,0.25,3.55,1,-0.9,false,,,,
3,0.25,3.55,1,-0.95,false,,,,
3,0.25,3.55,1,-1,true,0.2288183527,0.1621996295,0.2295878343,0.4108494859
3,0.25,3.55,0.8,-0,false,,,,
3,0.25,3.55,0.8,-0.05,false,,,,
3,0.25,3.55,0.8,-0.1,false,,,,
3,0.25,3.55,0.8,-0.15,false,,,,
3,0.25,3.55,0.8,-0.2,false,,,,
3,0.25,3.55,0.8,-0.25,false,,,,
3,0.25,3.55,0.8,-0.3,false,,,,
3,0.25,3.55,0.8,-0.35,false,,,,
3,0.25,3.55,0.8,-0.4,false,,,,
3,0.25,3.55,0.8,-0.45,false,,,,
3,0.25,3.55,0.8,-0.5,false,,,,
3,0.25,3.55,0.8,-0.55,false,,,,
3,0.25,3.55,0.8,-0.6,false,,,,
3,0.25,3.55,0.8,-0.65,false,,,,
3,0.25,3.55,0.8,-0.7,false,,,,
3,0.25,3.55,0.8,-0.75,false,,,,
3,0.25,3.55,0.8,-0.8,false,,,,
3,0.25,3.55,0.8,-0.85,false,,,,
3,0.25,3.55,0.8,-0.9,false,,,,
3,0.25,3.55,0.8,-0.95,false,,,,
3,0.25,3.55,0.8,-1,false,,,,
3,0.25,3.55,0.6,-0,false,,,,
3,0.25,3.55,0.6,-0.05,false,,,,
3,0.25,3.55,0.6,-0.1,false,,,,
3,0.25,3.55,0.6,-0.15,false,,,,
3,0.25,3.55,0.6,-0.2,false,,,,
3,0.25,3.55,0.6,-0.25,false,,,,
3,0.25,3.55,0.6,-0.3,false,,,,
3,0.25,3.55,0.6,-0.35,false,,,,
3,0.25,3.55,0.6,-0.4,false,,,,
3,0.25,3.55,0.6,-0.45,false,,,,
3,0.25,3.55,0.6,-0.5,false,,,,
3,0.25,3.55,0.6,-0.55,false,,,,
3,0.25,3.55,0.6,-0.6,false,,,,
3,0.25,3.55,0.6,-0.65,false,,,,
3,0.25,3.55,0.6,-0.7,false,,,,
3,0.25,3.55,0.6,-0.75,false,,,,
3,0.25,3.55,0.6,-0.8,false,,,,
3,0.25,3.55,0.6,-0.85,false,,,,
3,0.25,3.55,0.6,-0.9,false,,,,
3,0.25,3.55,0.6,-0.95,false,,,,
3,0.25,3.55,0.6,-1,false,,,,
3,0.25,3.55,0.4,-0,false,,,,
3,0.25,3.55,0.4,-0.05,false,,,,
3,0.25,3.55,0.4,-0.1,false,,,,
3,0.25,3.55,0.4,-0.15,false,,,,
3,0.25,3.55,0.4,-0.2,false,,,,
3,0.25,3.55,0.4,-0.25,false,,,,
3,0.25,3.55,0.4,-0.3,false,,,,
3,0.25,3.55,0.4,-0.35,false,,,,
3,0.25,3.55,0.4,-0.4,false,,,,
3,0.25,3.55,0.4,-0.45,false,,,,
3,0.25,3.55,0.4,-0.5,false,,,,
3,0.25,3.55,0.4,-0.55,false,,,,
3,0.25,3.55,0.4,-0.6,false,,,,
3,0.25,3.55,0.4,-0.65,false,,,,
3,0.25,3.55,0.4,-0.7,false,,,,
3,0.25,3.55,0.4,-0.75,false,,,,
3,0.25,3.55,0.4,-0.8,false,,,,
3,0.25,3.55,0.4,-0.85,false,,,,
3,0.25,3.55,0.4,-0.9,false,,,,
3,0.25,3.55,0.4,-0.95,false,,,,
3,0.25,3.55,0.4,-1,false,,,,
3,0.25,3.55,0.2,-0,false,,,,
3,0.25,3.55,0.2,-0.05,false,,,,
3,0.25,3.55,0.2,-0.1,false,,,,
3,0.25,3.55,0.2,-0.15,false,,,,
3,0.25,3.55,0.2,-0.2,false,,,,
3,0.25,3.55,0.2,-0.25,false,,,,
3,0.25,3.55,0.2,-0.3,false,,,,
3,0.25,3.55,0.2,-0.35,false,,,,
3,0.25,3.55,0.2,-0.4,false,,,,
3,0.25,3.55,0.2,-0.45,false,,,,
3,0.25,3.55,0.2,-0.5,false,,,,
3,0.25,3.55,0.2,-0.55,false,,,,
3,0.25,3.55,0.2,-0.6,false,,,,
3,0.25,3.55,0.2,-0.65,false,,,,
3,0.25,3.55,0.2,-0.7,false,,,,
3,0.25,3.55,0.2,-0.75,false,,,,
3,0.25,3.55,0.2,-0.8,false,,,,
3,0.25,3.55,0.2,-0.85,false,,,,
3,0.25,3.55,0.2,-0.9,false,,,,
3,0.25,3.55,0.2,-0.95,false,,,,
3,0.25,3.55,0.2,-1,false,,,,
3,0.25,3.55,0,-0.05,false,,,,
3,0.25,3.55,0,-0.1,false,,,,
3,0.25,3.55,0,-0.15,false,,,,
3,0.25,3.55,0,-0.2,false,,,,
3,0.25,3.55,0,-0.25,false,,,,
3,0.25,3.55,0,-0.3,false,,,,
3,0.25,3.55,0,-0.35,false,,,,
3,0.25,3.55,0,-0.4,false,,,,
3,0.25,3.55,0,-0.45,false,,,,
3,0.25,3.55,0,-0.5,false,,,,
3,0.25,3.55,0,-0.55,false,,,,
3,0.25,3.55,0,-0.6,false,,,,
3,0.25,3.55,0,-0.65,false,,,,
3,0.25,3.55,0,-0.7,false,,,,
3,0.25,3.55,0,-0.75,false,,,,
3,0.25,3.55,0,-0.8,false,,,,
3,0.25,3.55,0,-0.85,false,,,,
3,0.25,3.55,0,-0.9,false,,,,
3,0.25,3.55,0,-0.95,false,,,,
3,0.25,3.55,0,-1,false,,,,
3,0.25,3.575,1,-0,false,,,,
3,0.25,3.575,1,-0.05,false,,,,
3,0.25,3.575,1,-0.1,false,,,,
3,0.25,3.575,1,-0.15,false,,,,
3,0.25,3.575,1,-0.2,false,,,,
3,0.25,3.575,1,-0.25,false,,,,
3,0.25,3.575,1,-0.3,false,,,,
3,0.25,3.575,1,-0.35,false,,,,
3,0.25,3.575,1,-0.4,true,0.08468149281,0.05658313802,0.08468149281,0.4138487768
3,0.25,3.575,1,-0.45,true,0.08637663689,0.05728492767,0.08637663689,0.4138472101
3,0.25,3.575,1,-0.5,true,0.08883279717,0.05830177803,0.08883279717,0.4138448816
3,0.25,3.575,1,-0.55,true,0.09159106464,0.05944370076,0.09159106464,0.4138421806
3,0.25,3.575,1,-0.6,true,0.09466975461,0.06071827841,0.09466975461,0.4138390526
3,0.25,3.575,1,-0.65,true,0.098103306,0.06213976868,0.098103306,0.4138354145
3,0.25,3.575,1,-0.7,true,0.1023343381,0.06478057832,0.1023343381,0.4078092422
3,0.25,3.575,1,-0.75,false,,,,
3,0.25,3.575,1,-0.8,false,,,,
3,0.25,3.575,1,-0.85,false,,,,
3,0.25,3.575,1,-0.9,false,,,,
3,0.25,3.575,1,-0.95,false,,,,
3,0.25,3.575,1,-1,true,0.2225222829,0.1576941731,0.2232859718,0.4138511513
3,0.25,3.575,0.8,-0,false,,,,
3,0.25,3.575,0.8,-0.05,false,,,,
3,0.25,3.575,0.8,-0.1,false,,,,
3,0.25,3.575,0.8,-0.15,false,,,,
3,0.25,3.575,0.8,-0.2,false,,,,
3,0.25,3.575,0.8,-0.25,false,,,,
3,0.25,3.575,0.8,-0.3,false,,,,
3,0.25,3.575,0.8,-0.35,false,,,,
3,0.25,3.575,0.8,-0.4,false,,,,
3,0.25,3.575,0.8,-0.45,false,,,,
3,0.25,3.575,0.8,-0.5,false,,,,
3,0.25,3.575,0.8,-0.55,false,,,,
3,0.25,3.575,0.8,-0.6,false,,,,
3,0.25,3.575,0.8,-0.65,false,,,,
3,0.25,3.575,0.8,-0.7,false,,,,
3,0.25,3.575,0.8,-0.75,false,,,,
3,0.25,3.575,0.8,-0.8,false,,,,
3,0.25,3.575,0.8,-0.85,false,,,,
3,0.25,3.575,0.8,-0.9,false,,,,
3,0.25,3.575,0.8,-0.95,false,,,,
3,0.25,3.575,0.8,-1,false,,,,
3,0.25,3.575,0.6,-0,false,,,,
3,0.25,3.575,0.6,-0.05,false,,,,
3,0.25,3.575,0.6,-0.1,false,,,,
3,0.25,3.575,0.6,-0.15,false,,,,
3,0.25,3.575,0.6,-0.2,false,,,,
3,0.25,3.575,0.6,-0.25,false,,,,
3,0.25,3.575,0.6,-0.3,false,,,,
3,0.25,3.575,0.6,-0.35,false,,,,
3,0.25,3.575,0.6,-0.4,false,,,,
3,0.25,3.575,0.6,-0.45,false,,,,
3,0.25,3.575,0.6,-0.5,false,,,,
3,0.25,3.575,0.6,-0.55,false,,,,
3,0.25,3.575,0.6,-0.6,false,,,,
3,0.25,3.575,0.6,-0.65,false,,,,
3,0.25,3.575,0.6,-0.7,false,,,,
3,0.25,3.575,0.6,-0.75,false,,,,
3,0.25,3.575,0.6,-0.8,false,,,,
3,0.25,3.575,0.6,-0.85,false,,,,
3,0.25,3.575,0.6,-0.9,false,,,,
3,0.25,3.575,0.6,-0.95,false,,,,
3,0.25,3.575,0.6,-1,false,,,,
3,0.25,3.575,0.4,-0,false,,,,
3,0.25,3.575,0.4,-0.05,false,,,,
3,0.25,3.575,0.4,-0.1,false,,,,
3,0.25,3.575,0.4,-0.15,false,,,,
3,0.25,3.575,0.4,-0.2,false,,,,
3,0.25,3.575,0.4,-0.25,false,,,,
3,0.25,3.575,0.4,-0.3,false,,,,
3,0.25,3.575,0.4,-0.35,false,,,,
3,0.25,3.575,0.4,-0.4,false,,,,
3,0.25,3.575,0.4,-0.45,false,,,,
3,0.25,3.575,0.4,-0.5,false,,,,
3,0.25,3.575,0.4,-0.55,false,,,,
3,0.25,3.575,0.4,-0.6,false,,,,
3,0.25,3.575,0.4,-0.65,false,,,,
3,0.25,3.575,0.4,-0.7,false,,,,
3,0.25,3.575,0.4,-0.75,false,,,,
3,0.25,3.575,0.4,-0.8,false,,,,
3,0.25,3.575,0.4,-0.85,false,,,,
3,0.25,3.575,0.4,-0.9,false,,,,
3,0.25,3.575,0.4,-0.95,false,,,,
3,0.25,3.575,0.4,-1,false,,,,
3,0.25,3.575,0.2,-0,false,,,,
3,0.25,3.575,0.2,-0.05,false,,,,
3,0.25,3.575,0.2,-0.1,false,,,,
3,0.25,3.575,0.2,-0.15,false,,,,
3,0.25,3.575,0.2,-0.2,false,,,,
3,0.25,3.575,0.2,-0.25,false,,,,
3,0.25,3.575,0.2,-0.3,false,,,,
3,0.25,3.575,0.2,-0.35,false,,,,
3,0.25,3.575,0.2,-0.4,false,,,,
3,0.25,3.575,0.2,-0.45,false,,,,
3,0.25,3.575,0.2,-0.5,false,,,,
3,0.25,3.575,0.2,-0.55,false,,,,
3,0.25,3.575,0.2,-0.6,false,,,,
3,0.25,3.575,0.2,-0.65,false,,,,
3,0.25,3.575,0.2,-0.7,false,,,,
3,0.25,3.575,0.2,-0.75,false,,,,
3,0.25,3.575,0.2,-0.8,false,,,,
3,0.25,3.575,0.2,-0.85,false,,,,
3,0.25,3.575,0.2,-0.9,false,,,,
3,0.25,3.575,0.2,-0.95,false,,,,
3,0.25,3.575,0.2,-1,false,,,,
3,0.25,3.575,0,-0.05,false,,,,
3,0.25,3.575,0,-0.1,false,,,,
3,0.25,3.575,0,-0.15,false,,,,
3,0.25,3.575,0,-0.2,false,,,,
3,0.25,3.575,0,-0.25,false,,,,
3,0.25,3.575,0,-0.3,false,,,,
3,0.25,3.575,0,-0.35,false,,,,
3,0.25,3.575,0,-0.4,false,,,,
3,0.25,3.575,0,-0.45,false,,,,
3,0.25,3.575,0,-0.5,false,,,,
3,0.25,3.575,0,-0.55,false,,,,
3,0.25,3.575,0,-0.6,false,,,,
3,0.25,3.575,0,-0.65,false,,,,
3,0.25,3.575,0,-0.7,false,,,,
3,0.25,3.575,0,-0.75,false,,,,
3,0.25,3.575,0,-0.8,false,,,,
3,0.25,3.575,0,-0.85,false,,,,
3,0.25,3.575,0,-0.9,false,,,,
3,0.25,3.575,0,-0.95,false,,,,
3,0.25,3.575,0,-1,false,,,,
3,0.25,3.6,1,-0,false,,,,
3,0.25,3.6,1,-0.05,false,,,,
3,0.25,3.6,1,-0.1,false,,,,
3,0.25,3.6,1,-0.15,false,,,,
3,0.25,3.6,1,-0.2,false,,,,
3,0.25,3.6,1,-0.25,false,,,,
3,0.25,3.6,1,-0.3,false,,,,
3,0.25,3.6,1,-0.35,false,,,,
3,0.25,3.6,1,-0.4,true,0.08374050047,0.0556947887,0.08374050047,0.4168496327
3,0.25,3.6,1,-0.45,true,0.08595957551,0.05662014293,0.08595957551,0.4168475989
3,0.25,3.6,1,-0.5,true,0.08847379677,0.05766857325,0.08847379677,0.4168452264
3,0.25,3.6,1,-0.55,true,0.09128125628,0.05883928382,0.09128125628,0.416842489
3,0.25,3.6,1,-0.6,true,0.09440505568,0.06014190822,0.09440505568,0.4168393264
3,0.25,3.6,1,-0.65,true,0.09788168037,0.06159166066,0.09788168037,0.4168356546
3,0.25,3.6,1,-0.7,true,0.1024151101,0.06498315128,0.1024151101,0.4066598468
3,0.25,3.6,1,-0.75,false,,,,
3,0.25,3.6,1,-0.8,false,,,,
3,0.25,3.6,1,-0.85,false,,,,
3,0.25,3.6,1,-0.9,false,,,,
3,0.25,3.6,1,-0.95,false,,,,
3,0.25,3.6,1,-1,true,0.2160962685,0.1530926349,0.2168540225,0.4168528084
3,0.25,3.6,0.8,-0,false,,,,
3,0.25,3.6,0.8,-0.05,false,,,,
3,0.25,3.6,0.8,-0.1,false,,,,
3,0.25,3.6,0.8,-0.15,false,,,,
3,0.25,3.6,0.8,-0.2,false,,,,
3,0.25,3.6,0.8,-0.25,false,,,,
3,0.25,3.6,0.8,-0.3,false,,,,
3,0.25,3.6,0.8,-0.35,false,,,,
3,0.25,3.6,0.8,-0.4,false,,,,
3,0.25,3.6,0.8,-0.45,false,,,,
3,0.25,3.6,0.8,-0.5,false,,,,
3,0.25,3.6,0.8,-0.55,false,,,,
3,0.25,3.6,0.8,-0.6,false,,,,
3,0.25,3.6,0.8,-0.65,false,,,,
3,0.25,3.6,0.8,-0.7,false,,,,
3,0.25,3.6,0.8,-0.75,false,,,,
3,0.25,3.6,0.8,-0.8,false,,,,
3,0.25,3.6,0.8,-0.85,false,,,,
3,0.25,3.6,0.8,-0.9,false,,,,
3,0.25,3.6,0.8,-0.95,false,,,,
3,0.25,3.6,0.8,-1,false,,,,
3,0.25,3.6,0.6,-0,false,,,,
3,0.25,3.6,0.6,-0.05,false,,,,
3,0.25,3.6,0.6,-0.1,false,,,,
3,0.25,3.6,0.6,-0.15,false,,,,
3,0.25,3.6,0.6,-0.2,false,,,,
3,0.25,3.6,0.6,-0.25,false,,,,
3,0.25,3.6,0.6,-0.3,false,,,,
3,0.25,3.6,0.6,-0.35,false,,,,
3,0.25,3.6,0.6,-0.4,false,,,,
3,0.25,3.6,0.6,-0.45,false,,,,
3,0.25,3.6,0.6,-0.5,false,,,,
3,0.25,3.6,0.6,-0.55,false,,,,
3,0.25,3.6,0.6,-0.6,false,,,,
3,0.25,3.6,0.6,-0.65,false,,,,
3,0.25,3.6,0.6,-0.7,false,,,,
3,0.25,3.6,0.6,-0.75,false,,,,
3,0.25,3.6,0.6,-0.8,false,,,,
3,0.25,3.6,0.6,-0.85,false,,,,
3,0.25,3.6,0.6,-0.9,false,,,,
3,0.25,3.6,0.6,-0.95,false,,,,
3,0.25,3.6,0.6,-1,false,,,,
3,0.25,3.6,0.4,-0,false,,,,
3,0.25,3.6,0.4,-0.05,false,,,,
3,0.25,3.6,0.4,-0.1,false,,,,
3,0.25,3.6,0.4,-0.15,false,,,,
3,0.25,3.6,0.4,-0.2,false,,,,
3,0.25,3.6,0.4,-0.25,false,,,,
3,0.25,3.6,0.4,-0.3,false,,,,
3,0.25,3.6,0.4,-0.35,false,,,,
3,0.25,3.6,0.4,-0.4,false,,,,
3,0.25,3.6,0.4,-0.45,false,,,,
3,0.25,3.6,0.4,-0.5,false,,,,
3,0.25,3.6,0.4,-0.55,false,,,,
3,0.25,3.6,0.4,-0.6,false,,,,
3,0.25,3.6,0.4,-0.65,false,,,,
3,0.25,3.6,0.4,-0.7,false,,,,
3,0.25,3.6,0.4,-0.75,false,,,,
3,0.25,3.6,0.4,-0.8,false,,,,
3,0.25,3.6,0.4,-0.85,false,,,,
3,0.25,3.6,0.4,-0.9,false,,,,
3,0.25,3.6,0.4,-0.95,false,,,,
3,0.25,3.6,0.4,-1,false,,,,
3,0.25,3.6,0.2,-0,false,,,,
3,0.25,3.6,0.2,-0.05,false,,,,
3,0.25,3.6,0.2,-0.1,false,,,,
3,0.25,3.6,0.2,-0.15,false,,,,
3,0.25,3.6,0.2,-0.2,false,,,,
3,0.25,3.6,0.2,-0.25,false,,,,
3,0.25,3.6,0.2,-0.3,false,,,,
3,0.25,3.6,0.2,-0.35,false,,,,
3,0.25,3.6,0.2,-0.4,false,,,,
3,0.25,3.6,0.2,-0.45,false,,,,
3,0.25,3.6,0.2,-0.5,false,,,,
3,0.25,3.6,0.2,-0.55,false,,,,
3,0.25,3.6,0.2,-0.6,false,,,,
3,0.25,3.6,0.2,-0.65,false,,,,
3,0.25,3.6,0.2,-0.7,false,,,,
3,0.25,3.6,0.2,-0.75,false,,,,
3,0.25,3.6,0.2,-0.8,false,,,,
3,0.25,3.6,0.2,-0.85,false,,,,
3,0.25,3.6,0.2,-0.9,false,,,,
3,0.25,3.6,0.2,-0.95,false,,,,
3,0.25,3.6,0.2,-1,false,,,,
3,0.25,3.6,0,-0.05,false,,,,
3,0.25,3.6,0,-0.1,false,,,,
3,0.25,3.6,0,-0.15,false,,,,
3,0.25,3.6,0,-0.2,false,,,,
3,0.25,3.6,0,-0.25,false,,,,
3,0.25,3.6,0,-0.3,false,,,,
3,0.25,3.6,0,-0.35,false,,,,
3,0.25,3.6,0,-0.4,false,,,,
3,0.25,3.6,0,-0.45,false,,,,
3,0.25,3.6,0,-0.5,false,,,,
3,0.25,3.6,0,-0.55,false,,,,
3,0.25,3.6,0,-0.6,false,,,,
3,0.25,3.6,0,-0.65,false,,,,
3,0.25,3.6,0,-0.7,false,,,,
3,0.25,3.6,0,-0.75,false,,,,
3,0.25,3.6,0,-0.8,false,,,,
3,0.25,3.6,0,-0.85,false,,,,
3,0.25,3.6,0,-0.9,false,,,,
3,0.25,3.6,0,-0.95,false,,,,
3,0.25,3.6,0,-1,false,,,,
3,0.25,3.625,1,-0,false,,,,
3,0.25,3.625,1,-0.05,false,,,,
3,0.25,3.625,1,-0.1,false,,,,
3,0.25,3.625,1,-0.15,false,,,,
3,0.25,3.625,1,-0.2,false,,,,
3,0.25,3.625,1,-0.25,false,,,,
3,0.25,3.625,1,-0.3,false,,,,
3,0.25,3.625,1,-0.35,false,,,,
3,0.25,3.625,1,-0.4,true,0.08327585994,0.05500086117,0.08327585994,0.4198500517
3,0.25,3.625,1,-0.45,true,0.08556641233,0.05596289318,0.08556641233,0.4198479629
3,0.25,3.625,1,-0.5,true,0.08813367032,0.05704114154,0.08813367032,0.4198455516
3,0.25,3.625,1,-0.55,true,0.09098749849,0.05823974936,0.09098749849,0.4198427797
3,0.25,3.625,1,-0.6,true,0.0941547053,0.05956997623,0.0941547053,0.4198395845
3,0.25,3.625,1,-0.65,true,0.09789199618,0.06161788814,0.09789199618,0.4166914973
3,0.25,3.625,1,-0.7,true,0.1024968463,0.06518442021,0.1024968463,0.405520684
3,0.25,3.625,1,-0.75,false,,,,
3,0.25,3.625,1,-0.8,false,,,,
3,0.25,3.625,1,-0.85,false,,,,
3,0.25,3.625,1,-0.9,false,,,,
3,0.25,3.625,1,-0.95,false,,,,
3,0.25,3.625,1,-1,true,0.2095365518,0.1483922715,0.2102882303,0.4198544573
3,0.25,3.625,0.8,-0,false,,,,
3,0.25,3.625,0.8,-0.05,false,,,,
3,0.25,3.625,0.8,-0.1,false,,,,
3,0.25,3.625,0.8,-0.15,false,,,,
3,0.25,3.625,0.8,-0.2,false,,,,
3,0.25,3.625,0.8,-0.25,false,,,,
3,0.25,3.625,0.8,-0.3,false,,,,
3,0.25,3.625,0.8,-0.35,false,,,,
3,0.25,3.625,0.8,-0.4,false,,,,
3,0.25,3.625,0.8,-0.45,false,,,,
3,0.25,3.625,0.8,-0.5,false,,,,
3,0.25,3.625,0.8,-0.55,false,,,,
3,0.25,3.625,0.8,-0.6,false,,,,
3,0.25,3.625,0.8,-0.65,false,,,,
3,0.25,3.625,0.8,-0.7,false,,,,
3,0.25,3.625,0.8,-0.75,false,,,,
3,0.25,3.625,0.8,-0.8,false,,,,
3,0.25,3.625,0.8,-0.85,false,,,,
3,0.25,3.625,0.8,-0.9,false,,,,
3,0.25,3.625,0.8,-0.95,false,,,,
3,0.25,3.625,0.8,-1,false,,,,
3,0.25,3.625,0.6,-0,false,,,,
3,0.25,3.625,0.6,-0.05,false,,,,
3,0.25,3.625,0.6,-0.1,false,,,,
3,0.25,3.625,0.6,-0.15,false,,,,
3,0.25,3.625,0.6,-0.2,false,,,,
3,0.25,3.625,0.6,-0.25,false,,,,
3,0.25,3.625,0.6,-0.3,false,,,,
3,0.25,3.625,0.6,-0.35,false,,,,
3,0.25,3.625,0.6,-0.4,false,,,,
3,0.25,3.625,0.6,-0.45,false,,,,
3,0.25,3.625,0.6,-0.5,false,,,,
3,0.25,3.625,0.6,-0.55,false,,,,
3,0.25,3.625,0.6,-0.6,false,,,,
3,0.25,3.625,0.6,-0.65,false,,,,
3,0.25,3.625,0.6,-0.7,false,,,,
3,0.25,3.625,0.6,-0.75,false,,,,
3,0.25,3.625,0.6,-0.8,false,,,,
3,0.25,3.625,0.6,-0.85,false,,,,
3,0.25,3.625,0.6,-0.9,false,,,,
3,0.25,3.625,0.6,-0.95,false,,,,
3,0.25,3.625,0.6,-1,false,,,,
3,0.25,3.625,0.4,-0,false,,,,
3,0.25,3.625,0.4,-0.05,false,,,,
3,0.25,3.625,0.4,-0.1,false,,,,
3,0.25,3.625,0.4,-0.15,false,,,,
3,0.25,3.625,0.4,-0.2,false,,,,
3,0.25,3.625,0.4,-0.25,false,,,,
3,0.25,3.625,0.4,-0.3,false,,,,
3,0.25,3.625,0.4,-0.35,false,,,,
3,0.25,3.625,0.4,-0.4,false,,,,
3,0.25,3.625,0.4,-0.45,false,,,,
3,0.25,3.625,0.4,-0.5,false,,,,
3,0.25,3.625,0.4,-0.55,false,,,,
3,0.25,3.625,0.4,-0.6,false,,,,
3,0.25,3.625,0.4,-0.65,false,,,,
3,0.25,3.625,0.4,-0.7,false,,,,
3,0.25,3.625,0.4,-0.75,false,,,,
3,0.25,3.625,0.4,-0.8,false,,,,
3,0.25,3.625,0.4,-0.85,false,,,,
3,0.25,3.625,0.4,-0.9,false,,,,
3,0.25,3.625,0.4,-0.95,false,,,,
3,0.25,3.625,0.4,-1,false,,,,
3,0.25,3.625,0.2,-0,false,,,,
3,0.25,3.625,0.2,-0.05,false,,,,
3,0.25,3.625,0.2,-0.1,false,,,,
3,0.25,3.625,0.2,-0.15,false,,,,
3,0.25,3.625,0.2,-0.2,false,,,,
3,0.25,3.625,0.2,-0.25,false,,,,
3,0.25,3.625,0.2,-0.3,false,,,,
3,0.25,3.625,0.2,-0.35,false,,,,
3,0.25,3.625,0.2,-0.4,false,,,,
3,0.25,3.625,0.2,-0.45,false,,,,
3,0.25,3.625,0.2,-0.5,false,,,,
3,0.25,3.625,0.2,-0.55,false,,,,
3,0.25,3.625,0.2,-0.6,false,,,,
3,0.25,3.625,0.2,-0.65,false,,,,
3,0.25,3.625,0.2,-0.7,false,,,,
3,0.25,3.625,0.2,-0.75,false,,,,
3,0.25,3.625,0.2,-0.8,false,,,,
3,0.25,3.625,0.2,-0.85,false,,,,
3,0.25,3.625,0.2,-0.9,false,,,,
3,0.25,3.625,0.2,-0.95,false,,,,
3,0.25,3.625,0.2,-1,false,,,,
3,0.25,3.625,0,-0.05,false,,,,
3,0.25,3.625,0,-0.1,false,,,,
3,0.25,3.625,0,-0.15,false,,,,
3,0.25,3.625,0,-0.2,false,,,,
3,0.25,3.625,0,-0.25,false,,,,
3,0.25,3.625,0,-0.3,false,,,,
3,0.25,3.625,0,-0.35,false,,,,
3,0.25,3.625,0,-0.4,false,,,,
3,0.25,3.625,0,-0.45,false,,,,
3,0.25,3.625,0,-0.5,false,,,,
3,0.25,3.625,0,-0.55,false,,,,
3,0.25,3.625,0,-0.6,false,,,,
3,0.25,3.625,0,-0.65,false,,,,
3,0.25,3.625,0,-0.7,false,,,,
3,0.25,3.625,0,-0.75,false,,,,
3,0.25,3.625,0,-0.8,false,,,,
3,0.25,3.625,0,-0.85,false,,,,
3,0.25,3.625,0,-0.9,false,,,,
3,0.25,3.625,0,-0.95,false,,,,
3,0.25,3.625,0,-1,false,,,,
3,0.25,3.65,1,-0,false,,,,
3,0.25,3.65,1,-0.05,false,,,,
3,0.25,3.65,1,-0.1,false,,,,
3,0.25,3.65,1,-0.15,false,,,,
3,0.25,3.65,1,-0.2,false,,,,
3,0.25,3.65,1,-0.25,false,,,,
3,0.25,3.65,1,-0.3,false,,,,
3,0.25,3.65,1,-0.35,true,0.08077268121,0.05344184415,0.08077268121,0.4228522697
3,0.25,3.65,1,-0.4,true,0.08284467099,0.05431829583,0.08284467099,0.4228504385
3,0.25,3.65,1,-0.45,true,0.08519563783,0.0553127548,0.08519563783,0.422848305
3,0.25,3.65,1,-0.5,true,0.08781190261,0.0564194348,0.08781190261,0.422845858
3,0.25,3.65,1,-0.55,true,0.09070988893,0.05764528302,0.09070988893,0.4228430537
3,0.25,3.65,1,-0.6,true,0.09391865224,0.0590025899,0.09391865224,0.4228398271
3,0.25,3.65,1,-0.65,true,0.09796979539,0.06181310699,0.09796979539,0.4156206536
3,0.25,3.65,1,-0.7,true,0.1025795061,0.06538438403,0.1025795061,0.4043916445
3,0.25,3.65,1,-0.75,false,,,,
3,0.25,3.65,1,-0.8,false,,,,
3,0.25,3.65,1,-0.85,false,,,,
3,0.25,3.65,1,-0.9,false,,,,
3,0.25,3.65,1,-0.95,false,,,,
3,0.25,3.65,1,-1,true,0.2028392278,0.1435902319,0.2035846919,0.4228560981
3,0.25,3.65,0.8,-0,false,,,,
3,0.25,3.65,0.8,-0.05,false,,,,
3,0.25,3.65,0.8,-0.1,false,,,,
3,0.25,3.65,0.8,-0.15,false,,,,
3,0.25,3.65,0.8,-0.2,false,,,,
3,0.25,3.65,0.8,-0.25,false,,,,
3,0.25,3.65,0.8,-0.3,false,,,,
3,0.25,3.65,0.8,-0.35,false,,,,
3,0.25,3.65,0.8,-0.4,false,,,,
3,0.25,3.65,0.8,-0.45,false,,,,
3,0.25,3.65,0.8,-0.5,false,,,,
3,0.25,3.65,0.8,-0.55,false,,,,
3,0.25,3.65,0.8,-0.6,false,,,,
3,0.25,3.65,0.8,-0.65,false,,,,
3,0.25,3.65,0.8,-0.7,false,,,,
3,0.25,3.65,0.8,-0.75,false,,,,
3,0.25,3.65,0.8,-0.8,false,,,,
3,0.25,3.65,0.8,-0.85,false,,,,
3,0.25,3.65,0.8,-0.9,false,,,,
3,0.25,3.65,0.8,-0.95,false,,,,
3,0.25,3.65,0.8,-1,false,,,,
3,0.25,3.65,0.6,-0,false,,,,
3,0.25,3.65,0.6,-0.05,false,,,,
3,0.25,3.65,0.6,-0.1,false,,,,
3,0.25,3.65,0.6,-0.15,false,,,,
3,0.25,3.65,0.6,-0.2,false,,,,
3,0.25,3.65,0.6,-0.25,false,,,,
3,0.25,3.65,0.6,-0.3,false,,,,
3,0.25,3.65,0.6,-0.35,false,,,,
3,0.25,3.65,0.6,-0.4,false,,,,
3,0.25,3.65,0.6,-0.45,false,,,,
3,0.25,3.65,0.6,-0.5,false,,,,
3,0.25,3.65,0.6,-0.55,false,,,,
3,0.25,3.65,0.6,-0.6,false,,,,
3,0.25,3.65,0.6,-0.65,false,,,,
3,0.25,3.65,0.6,-0.7,false,,,,
3,0.25,3.65,0.6,-0.75,false,,,,
3,0.25,3.65,0.6,-0.8,false,,,,
3,0.25,3.65,0.6,-0.85,false,,,,
3,0.25,3.65,0.6,-0.9,false,,,,
3,0.25,3.65,0.6,-0.95,false,,,,
3,0.25,3.65,0.6,-1,false,,,,
3,0.25,3.65,0.4,-0,false,,,,
3,0.25,3.65,0.4,-0.05,false,,,,
3,0.25,3.65,0.4,-0.1,false,,,,
3,0.25,3.65,0.4,-0.15,false,,,,
3,0.25,3.65,0.4,-0.2,false,,,,
3,0.25,3.65,0.4,-0.25,false,,,,
3,0.25,3.65,0.4,-0.3,false,,,,
3,0.25,3.65,0.4,-0.35,false,,,,
3,0.25,3.65,0.4,-0.4,false,,,,
3,0.25,3.65,0.4,-0.45,false,,,,
3,0.25,3.65,0.4,-0.5,false,,,,
3,0.25,3.65,0.4,-0.55,false,,,,
3,0.25,3.65,0.4,-0.6,false,,,,
3,0.25,3.65,0.4,-0.65,false,,,,
3,0.25,3.65,0.4,-0.7,false,,,,
3,0.25,3.65,0.4,-0.75,false,,,,
3,0.25,3.65,0.4,-0.8,false,,,,
3,0.25,3.65,0.4,-0.85,false,,,,
3,0.25,3.65,0.4,-0.9,false,,,,
3,0.25,3.65,0.4,-0.95,false,,,,
3,0.25,3.65,0.4,-1,false,,,,
3,0.25,3.65,0.2,-0,false,,,,
3,0.25,3.65,0.2,-0.05,false,,,,
3,0.25,3.65,0.2,-0.1,false,,,,
3,0.25,3.65,0.2,-0.15,false,,,,
3,0.25,3.65,0.2,-0.2,false,,,,
3,0.25,3.65,0.2,-0.25,false,,,,
3,0.25,3.65,0.2,-0.3,false,,,,
3,0.25,3.65,0.2,-0.35,false,,,,
3,0.25,3.65,0.2,-0.4,false,,,,
3,0.25,3.65,0.2,-0.45,false,,,,
3,0.25,3.65,0.2,-0.5,false,,,,
3,0.25,3.65,0.2,-0.55,false,,,,
3,0.25,3.65,0.2,-0.6,false,,,,
3,0.25,3.65,0.2,-0.65,false,,,,
3,0.25,3.65,0.2,-0.7,false,,,,
3,0.25,3.65,0.2,-0.75,false,,,,
3,0.25,3.65,0.2,-0.8,false,,,,
3,0.25,3.65,0.2,-0.85,false,,,,
3,0.25,3.65,0.2,-0.9,false,,,,
3,0.25,3.65,0.2,-0.95,false,,,,
3,0.25,3.65,0.2,-1,false,,,,
3,0.25,3.65,0,-0.05,false,,,,
3,0.25,3.65,0,-0.1,false,,,,
3,0.25,3.65,0,-0.15,false,,,,
3,0.25,3.65,0,-0.2,false,,,,
3,0.25,3.65,0,-0.25,false,,,,
3,0.25,3.65,0,-0.3,false,,,,
3,0.25,3.65,0,-0.35,false,,,,
3,0.25,3.65,0,-0.4,false,,,,
3,0.25,3.65,0,-0.45,false,,,,
3,0.25,3.65,0,-0.5,false,,,,
3,0.25,3.65,0,-0.55,false,,,,
3,0.25,3.65,0,-0.6,false,,,,
3,0.25,3.65,0,-0.65,false,,,,
3,0.25,3.65,0,-0.7,false,,,,
3,0.25,3.65,0,-0.75,false,,,,
3,0.25,3.65,0,-0.8,false,,,,
3,0.25,3.65,0,-0.85,false,,,,
3,0.25,3.65,0,-0.9,false,,,,
3,0.25,3.65,0,-0.95,false,,,,
3,0.25,3.65,0,-1,false,,,,
3,0.25,3.675,1,-0,false,,,,
3,0.25,3.675,1,-0.05,false,,,,
3,0.25,3.675,1,-0.1,false,,,,
3,0.25,3.675,1,-0.15,false,,,,
3,0.25,3.675,1,-0.2,false,,,,
3,0.25,3.675,1,-0.25,false,,,,
3,0.25,3.675,1,-0.3,false,,,,
3,0.25,3.675,1,-0.35,true,0.08029096281,0.05272895016,0.08029096281,0.425852689
3,0.25,3.675,1,-0.4,true,0.08244176238,0.05364519077,0.08244176238,0.4258507981
3,0.25,3.675,1,-0.45,true,0.08484627415,0.05466951279,0.08484627415,0.4258486259
3,0.25,3.675,1,-0.5,true,0.08750825723,0.05580351758,0.08750825723,0.425846146
3,0.25,3.675,1,-0.55,true,0.09044825149,0.05705595513,0.09044825149,0.425843311
3,0.25,3.675,1,-0.6,true,0.09381286973,0.0587380694,0.09381286973,0.4242470585
3,0.25,3.675,1,-0.65,true,0.09804849486,0.06200700971,0.09804849486,0.414559831
3,0.25,3.675,1,-0.7,true,0.1026630494,0.06558304126,0.1026630494,0.4032726244
3,0.25,3.675,1,-0.75,false,,,,
3,0.25,3.675,1,-0.8,false,,,,
3,0.25,3.675,1,-0.85,false,,,,
3,0.25,3.675,1,-0.9,false,,,,
3,0.25,3.675,1,-0.95,false,,,,
3,0.25,3.675,1,-1,true,0.1960002372,0.138683552,0.1967393496,0.4258577311
3,0.25,3.675,0.8,-0,false,,,,
3,0.25,3.675,0.8,-0.05,false,,,,
3,0.25,3.675,0.8,-0.1,false,,,,
3,0.25,3.675,0.8,-0.15,false,,,,
3,0.25,3.675,0.8,-0.2,false,,,,
3,0.25,3.675,0.8,-0.25,false,,,,
3,0.25,3.675,0.8,-0.3,false,,,,
3,0.25,3.675,0.8,-0.35,false,,,,
3,0.25,3.675,0.8,-0.4,false,,,,
3,0.25,3.675,0.8,-0.45,false,,,,
3,0.25,3.675,0.8,-0.5,false,,,,
3,0.25,3.675,0.8,-0.55,false,,,,
3,0.25,3.675,0.8,-0.6,false,,,,
3,0.25,3.675,0.8,-0.65,false,,,,
3,0.25,3.675,0.8,-0.7,false,,,,
3,0.25,3.675,0.8,-0.75,false,,,,
3,0.25,3.675,0.8,-0.8,false,,,,
3,0.25,3.675,0.8,-0.85,false,,,,
3,0.25,3.675,0.8,-0.9,false,,,,
3,0.25,3.675,0.8,-0.95,false,,,,
3,0.25,3.675,0.8,-1,false,,,,
3,0.25,3.675,0.6,-0,false,,,,
3,0.25,3.675,0.6,-0.05,false,,,,
3,0.25,3.675,0.6,-0.1,false,,,,
3,0.25,3.675,0.6,-0.15,false,,,,
3,0.25,3.675,0.6,-0.2,false,,,,
3,0.25,3.675,0.6,-0.25,false,,,,
3,0.25,3.675,0.6,-0.3,false,,,,
3,0.25,3.675,0.6,-0.35,false,,,,
3,0.25,3.675,0.6,-0.4,false,,,,
3,0.25,3.675,0.6,-0.45,false,,,,
3,0.25,3.675,0.6,-0.5,false,,,,
3,0.25,3.675,0.6,-0.55,false,,,,
3,0.25,3.675,0.6,-0.6,false,,,,
3,0.25,3.675,0.6,-0.65,false,,,,
3,0.25,3.675,0.6,-0.7,false,,,,
3,0.25,3.675,0.6,-0.75,false,,,,
3,0.25,3.675,0.6,-0.8,false,,,,
3,0.25,3.675,0.6,-0.85,false,,,,
3,0.25,3.675,0.6,-0.9,false,,,,
3,0.25,3.675,0.6,-0.95,false,,,,
3,0.25,3.675,0.6,-1,false,,,,
3,0.25,3.675,0.4,-0,false,,,,
3,0.25,3.675,0.4,-0.05,false,,,,
3,0.25,3.675,0.4,-0.1,false,,,,
3,0.25,3.675,0.4,-0.15,false,,,,
3,0.25,3.675,0.4,-0.2,false,,,,
3,0.25,3.675,0.4,-0.25,false,,,,
3,0.25,3.675,0.4,-0.3,false,,,,
3,0.25,3.675,0.4,-0.35,false,,,,
3,0.25,3.675,0.4,-0.4,false,,,,
3,0.25,3.675,0.4,-0.45,false,,,,
3,0.25,3.675,0.4,-0.5,false,,,,
3,0.25,3.675,0.4,-0.55,false,,,,
3,0.25,3.675,0.4,-0.6,false,,,,
3,0.25,3.675,0.4,-0.65,false,,,,
3,0.25,3.675,0.4,-0.7,false,,,,
3,0.25,3.675,0.4,-0.75,false,,,,
3,0.25,3.675,0.4,-0.8,false,,,,
3,0.25,3.675,0.4,-0.85,false,,,,
3,0.25,3.675,0.4,-0.9,false,,,,
3,0.25,3.675,0.4,-0.95,false,,,,
3,0.25,3.675,0.4,-1,false,,,,
3,0.25,3.675,0.2,-0,false,,,,
3,0.25,3.675,0.2,-0.05,false,,,,
3,0.25,3.675,0.2,-0.1,false,,,,
3,0.25,3.675,0.2,-0.15,false,,,,
3,0.25,3.675,0.2,-0.2,false,,,,
3,0.25,3.675,0.2,-0.25,false,,,,
3,0.25,3.675,0.2,-0.3,false,,,,
3,0.25,3.675,0.2,-0.35,false,,,,
3,0.25,3.675,0.2,-0.4,false,,,,
3,0.25,3.675,0.2,-0.45,false,,,,
3,0.25,3.675,0.2,-0.5,false,,,,
3,0.25,3.675,0.2,-0.55,false,,,,
3,0.25,3.675,0.2,-0.6,false,,,,
3,0.25,3.675,0.2,-0.65,false,,,,
3,0.25,3.675,0.2,-0.7,false,,,,
3,0.25,3.675,0.2,-0.75,false,,,,
3,0.25,3.675,0.2,-0.8,false,,,,
3,0.25,3.675,0.2,-0.85,false,,,,
3,0.25,3.675,0.2,-0.9,false,,,,
3,0.25,3.675,0.2,-0.95,false,,,,
3,0.25,3.675,0.2,-1,false,,,,
3,0.25,3.675,0,-0.05,false,,,,
3,0.25,3.675,0,-0.1,false,,,,
3,0.25,3.675,0,-0.15,false,,,,
3,0.25,3.675,0,-0.2,false,,,,
3,0.25,3.675,0,-0.25,false,,,,
3,0.25,3.675,0,-0.3,false,,,,
3,0.25,3.675,0,-0.35,false,,,,
3,0.25,3.675,0,-0.4,false,,,,
3,0.25,3.675,0,-0.45,false,,,,
3,0.25,3.675,0,-0.5,false,,,,
3,0.25,3.675,0,-0.55,false,,,,
3,0.25,3.675,0,-0.6,false,,,,
3,0.25,3.675,0,-0.65,false,,,,
3,0.25,3.675,0,-0.7,false,,,,
3,0.25,3.675,0,-0.75,false,,,,
3,0.25,3.675,0,-0.8,false,,,,
3,0.25,3.675,0,-0.85,false,,,,
3,0.25,3.675,0,-0.9,false,,,,
3,0.25,3.675,0,-0.95,false,,,,
3,0.25,3.675,0,-1,false,,,,
3,0.25,3.7,1,-0,false,,,,
3,0.25,3.7,1,-0.05,false,,,,
3,0.25,3.7,1,-0.1,false,,,,
3,0.25,3.7,1,-0.15,false,,,,
3,0.25,3.7,1,-0.2,false,,,,
3,0.25,3.7,1,-0.25,false,,,,
3,0.25,3.7,1,-0.3,true,0.07795694896,0.0512185311,0.07795694896,0.4288546875
3,0.25,3.7,1,-0.35,true,0.0798517249,0.05203138998,0.0798517249,0.4288530693
3,0.25,3.7,1,-0.4,true,0.08206458766,0.05298070811,0.08206458766,0.4288511332
3,0.25,3.7,1,-0.45,true,0.08451755536,0.05403303125,0.08451755536,0.4288489266
3,0.25,3.7,1,-0.5,true,0.08722241717,0.05519341697,0.08722241717,0.4288464162
3,0.25,3.7,1,-0.55,true,0.09020248902,0.05647186779,0.09020248902,0.428843552
3,0.25,3.7,1,-0.6,true,0.09388768263,0.05892591956,0.09388768263,0.423247067
3,0.25,3.7,1,-0.65,true,0.0981280545,0.06219959417,0.0981280545,0.413508931
3,0.25,3.7,1,-0.7,true,0.1027474369,0.06578039012,0.1027474369,0.4021635254
3,0.25,3.7,1,-0.75,false,,,,
3,0.25,3.7,1,-0.8,false,,,,
3,0.25,3.7,1,-0.85,false,,,,
3,0.25,3.7,1,-0.9,false,,,,
3,0.25,3.7,1,-0.95,false,,,,
3,0.25,3.7,1,-1,true,0.1890153585,0.1336691496,0.1897479838,0.4288593563
3,0.25,3.7,0.8,-0,false,,,,
3,0.25,3.7,0.8,-0.05,false,,,,
3,0.25,3.7,0.8,-0.1,false,,,,
3,0.25,3.7,0.8,-0.15,false,,,,
3,0.25,3.7,0.8,-0.2,false,,,,
3,0.25,3.7,0.8,-0.25,false,,,,
3,0.25,3.7,0.8,-0.3,false,,,,
3,0.25,3.7,0.8,-0.35,false,,,,
3,0.25,3.7,0.8,-0.4,false,,,,
3,0.25,3.7,0.8,-0.45,false,,,,
3,0.25,3.7,0.8,-0.5,false,,,,
3,0.25,3.7,0.8,-0.55,false,,,,
3,0.25,3.7,0.8,-0.6,false,,,,
3,0.25,3.7,0.8,-0.65,false,,,,
3,0.25,3.7,0.8,-0.7,false,,,,
3,0.25,3.7,0.8,-0.75,false,,,,
3,0.25,3.7,0.8,-0.8,false,,,,
3,0.25,3.7,0.8,-0.85,false,,,,
3,0.25,3.7,0.8,-0.9,false,,,,
3,0.25,3.7,0.8,-0.95,false,,,,
3,0.25,3.7,0.8,-1,false,,,,
3,0.25,3.7,0.6,-0,false,,,,
3,0.25,3.7,0.6,-0.05,false,,,,
3,0.25,3.7,0.6,-0.1,false,,,,
3,0.25,3.7,0.6,-0.15,false,,,,
3,0.25,3.7,0.6,-0.2,false,,,,
3,0.25,3.7,0.6,-0.25,false,,,,
3,0.25,3.7,0.6,-0.3,false,,,,
3,0.25,3.7,0.6,-0.35,false,,,,
3,0.25,3.7,0.6,-0.4,false,,,,
3,0.25,3.7,0.6,-0.45,false,,,,
3,0.25,3.7,0.6,-0.5,false,,,,
3,0.25,3.7,0.6,-0.55,false,,,,
3,0.25,3.7,0.6,-0.6,false,,,,
3,0.25,3.7,0.6,-0.65,false,,,,
3,0.25,3.7,0.6,-0.7,false,,,,
3,0.25,3.7,0.6,-0.75,false,,,,
3,0.25,3.7,0.6,-0.8,false,,,,
3,0.25,3.7,0.6,-0.85,false,,,,
3,0.25,3.7,0.6,-0.9,false,,,,
3,0.25,3.7,0.6,-0.95,false,,,,
3,0.25,3.7,0.6,-1,false,,,,
3,0.25,3.7,0.4,-0,false,,,,
3,0.25,3.7,0.4,-0.05,false,,,,
3,0.25,3.7,0.4,-0.1,false,,,,
3,0.25,3.7,0.4,-0.15,false,,,,
3,0.25,3.7,0.4,-0.2,false,,,,
3,0.25,3.7,0.4,-0.25,false,,,,
3,0.25,3.7,0.4,-0.3,false,,,,
3,0.25,3.7,0.4,-0.35,false,,,,
3,0.25,3.7,0.4,-0.4,false,,,,
3,0.25,3.7,0.4,-0.45,false,,,,
3,0.25,3.7,0.4,-0.5,false,,,,
3,0.25,3.7,0.4,-0.55,false,,,,
3,0.25,3.7,0.4,-0.6,false,,,,
3,0.25,3.7,0.4,-0.65,false,,,,
3,0.25,3.7,0.4,-0.7,false,,,,
3,0.25,3.7,0.4,-0.75,false,,,,
3,0.25,3.7,0.4,-0.8,false,,,,
3,0.25,3.7,0.4,-0.85,false,,,,
3,0.25,3.7,0.4,-0.9,false,,,,
3,0.25,3.7,0.4,-0.95,false,,,,
3,0.25,3.7,0.4,-1,false,,,,
3,0.25,3.7,0.2,-0,false,,,,
3,0.25,3.7,0.2,-0.05,false,,,,
3,0.25,3.7,0.2,-0.1,false,,,,
3,0.25,3.7,0.2,-0.15,false,,,,
3,0.25,3.7,0.2,-0.2,false,,,,
3,0.25,3.7,0.2,-0.25,false,,,,
3,0.25,3.7,0.2,-0.3,false,,,,
3,0.25,3.7,0.2,-0.35,false,,,,
3,0.25,3.7,0.2,-0.4,false,,,,
3,0.25,3.7,0.2,-0.45,false,,,,
3,0.25,3.7,0.2,-0.5,false,,,,
3,0.25,3.7,0.2,-0.55,false,,,,
3,0.25,3.7,0.2,-0.6,false,,,,
3,0.25,3.7,0.2,-0.65,false,,,,
3,0.25,3.7,0.2,-0.7,false,,,,
3,0.25,3.7,0.2,-0.75,false,,,,
3,0.25,3.7,0.2,-0.8,false,,,,
3,0.25,3.7,0.2,-0.85,false,,,,
3,0.25,3.7,0.2,-0.9,false,,,,
3,0.25,3.7,0.2,-0.95,false,,,,
3,0.25,3.7,0.2,-1,false,,,,
3,0.25,3.7,0,-0.05,false,,,,
3,0.25,3.7,0,-0.1,false,,,,
3,0.25,3.7,0,-0.15,false,,,,
3,0.25,3.7,0,-0.2,false,,,,
3,0.25,3.7,0,-0.25,false,,,,
3,0.25,3.7,0,-0.3,false,,,,
3,0.25,3.7,0,-0.35,false,,,,
3,0.25,3.7,0,-0.4,false,,,,
3,0.25,3.7,0,-0.45,false,,,,
3,0.25,3.7,0,-0.5,false,,,,
3,0.25,3.7,0,-0.55,false,,,,
3,0.25,3.7,0,-0.6,false,,,,
3,0.25,3.7,0,-0.65,false,,,,
3,0.25,3.7,0,-0.7,false,,,,
3,0.25,3.7,0,-0.75,false,,,,
3,0.25,3.7,0,-0.8,false,,,,
3,0.25,3.7,0,-0.85,false,,,,
3,0.25,3.7,0,-0.9,false,,,,
3,0.25,3.7,0,-0.95,false,,,,
3,0.25,3.7,0,-1,false,,,,
3,0.25,3.725,1,-0,false,,,,
3,0.25,3.725,1,-0.05,false,,,,
3,0.25,3.725,1,-0.1,false,,,,
3,0.25,3.725,1,-0.15,false,,,,
3,0.25,3.725,1,-0.2,false,,,,
3,0.25,3.725,1,-0.25,false,,,,
3,0.25,3.725,1,-0.3,true,0.07741060108,0.05046637967,0.07741060108,0.4318551475
3,0.25,3.725,1,-0.35,true,0.07944545027,0.05134543452,0.07944545027,0.4318534193
3,0.25,3.725,1,-0.4,true,0.08171153541,0.0523243833,0.08171153541,0.4318514456
3,0.25,3.725,1,-0.45,true,0.08420916221,0.05340335808,0.08420916221,0.4318492076
3,0.25,3.725,1,-0.5,true,0.08695441343,0.0545893066,0.08695441343,0.4318466686
3,0.25,3.725,1,-0.55,true,0.09005598697,0.05610740099,0.09005598697,0.4307294641
3,0.25,3.725,1,-0.6,true,0.09396333158,0.05911243862,0.09396333158,0.4222569096
3,0.25,3.725,1,-0.65,true,0.09820843488,0.06239085793,0.09820843488,0.4124678603
3,0.25,3.725,1,-0.7,true,0.10283263,0.06597642846,0.10283263,0.4010642545
3,0.25,3.725,1,-0.75,false,,,,
3,0.25,3.725,1,-0.8,false,,,,
3,0.25,3.725,1,-0.85,false,,,,
3,0.25,3.725,1,-0.9,false,,,,
3,0.25,3.725,1,-0.95,false,,,,
3,0.25,3.725,1,-1,true,0.1818802001,0.1285438179,0.1826062046,0.4318609738
3,0.25,3.725,0.8,-0,false,,,,
3,0.25,3.725,0.8,-0.05,false,,,,
3,0.25,3.725,0.8,-0.1,false,,,,
3,0.25,3.725,0.8,-0.15,false,,,,
3,0.25,3.725,0.8,-0.2,false,,,,
3,0.25,3.725,0.8,-0.25,false,,,,
3,0.25,3.725,0.8,-0.3,false,,,,
3,0.25,3.725,0.8,-0.35,false,,,,
3,0.25,3.725,0.8,-0.4,false,,,,
3,0.25,3.725,0.8,-0.45,false,,,,
3,0.25,3.725,0.8,-0.5,false,,,,
3,0.25,3.725,0.8,-0.55,false,,,,
3,0.25,3.725,0.8,-0.6,false,,,,
3,0.25,3.725,0.8,-0.65,false,,,,
3,0.25,3.725,0.8,-0.7,false,,,,
3,0.25,3.725,0.8,-0.75,false,,,,
3,0.25,3.725,0.8,-0.8,false,,,,
3,0.25,3.725,0.8,-0.85,false,,,,
3,0.25,3.725,0.8,-0.9,false,,,,
3,0.25,3.725,0.8,-0.95,false,,,,
3,0.25,3.725,0.8,-1,false,,,,
3,0.25,3.725,0.6,-0,false,,,,
3,0.25,3.725,0.6,-0.05,false,,,,
3,0.25,3.725,0.6,-0.1,false,,,,
3,0.25,3.725,0.6,-0.15,false,,,,
3,0.25,3.725,0.6,-0.2,false,,,,
3,0.25,3.725,0.6,-0.25,false,,,,
3,0.25,3.725,0.6,-0.3,false,,,,
3,0.25,3.725,0.6,-0.35,false,,,,
3,0.25,3.725,0.6,-0.4,false,,,,
3,0.25,3.725,0.6,-0.45,false,,,,
3,0.25,3.725,0.6,-0.5,false,,,,
3,0.25,3.725,0.6,-0.55,false,,,,
3,0.25,3.725,0.6,-0.6,false,,,,
3,0.25,3.725,0.6,-0.65,false,,,,
3,0.25,3.725,0.6,-0.7,false,,,,
3,0.25,3.725,0.6,-0.75,false,,,,
3,0.25,3.725,0.6,-0.8,false,,,,
3,0.25,3.725,0.6,-0.85,false,,,,
3,0.25,3.725,0.6,-0.9,false,,,,
3,0.25,3.725,0.6,-0.95,false,,,,
3,0.25,3.725,0.6,-1,false,,,,
3,0.25,3.725,0.4,-0,false,,,,
3,0.25,3.725,0.4,-0.05,false,,,,
3,0.25,3.725,0.4,-0.1,false,,,,
3,0.25,3.725,0.4,-0.15,false,,,,
3,0.25,3.725,0.4,-0.2,false,,,,
3,0.25,3.725,0.4,-0.25,false,,,,
3,0.25,3.725,0.4,-0.3,false,,,,
3,0.25,3.725,0.4,-0.35,false,,,,
3,0.25,3.725,0.4,-0.4,false,,,,
3,0.25,3.725,0.4,-0.45,false,,,,
3,0.25,3.725,0.4,-0.5,false,,,,
3,0.25,3.725,0.4,-0.55,false,,,,
3,0.25,3.725,0.4,-0.6,false,,,,
3,0.25,3.725,0.4,-0.65,false,,,,
3,0.25,3.725,0.4,-0.7,false,,,,
3,0.25,3.725,0.4,-0.75,false,,,,
3,0.25,3.725,0.4,-0.8,false,,,,
3,0.25,3.725,0.4,-0.85,false,,,,
3,0.25,3.725,0.4,-0.9,false,,,,
3,0.25,3.725,0.4,-0.95,false,,,,
3,0.25,3.725,0.4,-1,false,,,,
3,0.25,3.725,0.2,-0,false,,,,
3,0.25,3.725,0.2,-0.05,false,,,,
3,0.25,3.725,0.2,-0.1,false,,,,
3,0.25,3.725,0.2,-0.15,false,,,,
3,0.25,3.725,0.2,-0.2,false,,,,
3,0.25,3.725,0.2,-0.25,false,,,,
3,0.25,3.725,0.2,-0.3,false,,,,
3,0.25,3.725,0.2,-0.35,false,,,,
3,0.25,3.725,0.2,-0.4,false,,,,
3,0.25,3.725,0.2,-0.45,false,,,,
3,0.25,3.725,0.2,-0.5,false,,,,
3,0.25,3.725,0.2,-0.55,false,,,,
3,0.25,3.725,0.2,-0.6,false,,,,
3,0.25,3.725,0.2,-0.65,false,,,,
3,0.25,3.725,0.2,-0.7,false,,,,
3,0.25,3.725,0.2,-0.75,false,,,,
3,0.25,3.725,0.2,-0.8,false,,,,
3,0.25,3.725,0.2,-0.85,false,,,,
3,0.25,3.725,0.2,-0.9,false,,,,
3,0.25,3.725,0.2,-0.95,false,,,,
3,0.25,3.725,0.2,-1,false,,,,
3,0.25,3.725,0,-0.05,false,,,,
3,0.25,3.725,0,-0.1,false,,,,
3,0.25,3.725,0,-0.15,false,,,,
3,0.25,3.725,0,-0.2,false,,,,
3,0.25,3.725,0,-0.25,false,,,,
3,0.25,3.725,0,-0.3,false,,,,
3,0.25,3.725,0,-0.35,false,,,,
3,0.25,3.725,0,-0.4,false,,,,
3,0.25,3.725,0,-0.45,false,,,,
3,0.25,3.725,0,-0.5,false,,,,
3,0.25,3.725,0,-0.55,false,,,,
3,0.25,3.725,0,-0.6,false,,,,
3,0.25,3.725,0,-0.65,false,,,,
3,0.25,3.725,0,-0.7,false,,,,
3,0.25,3.725,0,-0.75,false,,,,
3,0.25,3.725,0,-0.8,false,,,,
3,0.25,3.725,0,-0.85,false,,,,
3,0.25,3.725,0,-0.9,false,,,,
3,0.25,3.725,0,-0.95,false,,,,
3,0.25,3.725,0,-1,false,,,,
3,0.25,3.75,1,-0,false,,,,
3,0.25,3.75,1,-0.05,false,,,,
3,0.25,3.75,1,-0.1,false,,,,
3,0.25,3.75,1,-0.15,false,,,,
3,0.25,3.75,1,-0.2,false,,,,
3,0.25,3.75,1,-0.25,true,0.07522363791,0.04899728249,0.07522363791,0.4348569601
3,0.25,3.75,1,-0.3,true,0.07697143618,0.04975757474,0.07697143618,0.4348555152
3,0.25,3.75,1,-0.35,true,0.07906821259,0.05066967248,0.07906821259,0.4348537428
3,0.25,3.75,1,-0.4,true,0.08138169876,0.05167603896,0.08138169876,0.4348517361
3,0.25,3.75,1,-0.45,true,0.08392052021,0.05278042629,0.08392052021,0.4348494697
3,0.25,3.75,1,-0.5,true,0.08670381798,0.05399116082,0.08670381798,0.434846904
3,0.25,3.75,1,-0.55,true,0.09012779878,0.05628785936,0.09012779878,0.4297941738
3,0.25,3.75,1,-0.6,true,0.09403977703,0.05929762346,0.09403977703,0.4212764979
3,0.25,3.75,1,-0.65,true,0.09828959714,0.06258079817,0.09828959714,0.4114365307
3,0.25,3.75,1,-0.7,true,0.1029185903,0.06617115378,0.1029185903,0.3999747239
3,0.25,3.75,1,-0.75,false,,,,
3,0.25,3.75,1,-0.8,false,,,,
3,0.25,3.75,1,-0.85,false,,,,
3,0.25,3.75,1,-0.9,false,,,,
3,0.25,3.75,1,-0.95,false,,,,
3,0.25,3.75,1,-1,true,0.1745901915,0.1233033906,0.1751800062,0.4348625838
3,0.25,3.75,0.8,-0,false,,,,
3,0.25,3.75,0.8,-0.05,false,,,,
3,0.25,3.75,0.8,-0.1,false,,,,
3,0.25,3.75,0.8,-0.15,false,,,,
3,0.25,3.75,0.8,-0.2,false,,,,
3,0.25,3.75,0.8,-0.25,false,,,,
3,0.25,3.75,0.8,-0.3,false,,,,
3,0.25,3.75,0.8,-0.35,false,,,,
3,0.25,3.75,0.8,-0.4,false,,,,
3,0.25,3.75,0.8,-0.45,false,,,,
3,0.25,3.75,0.8,-0.5,false,,,,
3,0.25,3.75,0.8,-0.55,false,,,,
3,0.25,3.75,0.8,-0.6,false,,,,
3,0.25,3.75,0.8,-0.65,false,,,,
3,0.25,3.75,0.8,-0.7,false,,,,
3,0.25,3.75,0.8,-0.75,false,,,,
3,0.25,3.75,0.8,-0.8,false,,,,
3,0.25,3.75,0.8,-0.85,false,,,,
3,0.25,3.75,0.8,-0.9,false,,,,
3,0.25,3.75,0.8,-0.95,false,,,,
3,0.25,3.75,0.8,-1,false,,,,
3,0.25,3.75,0.6,-0,false,,,,
3,0.25,3.75,0.6,-0.05,false,,,,
3,0.25,3.75,0.6,-0.1,false,,,,
3,0.25,3.75,0.6,-0.15,false,,,,
3,0.25,3.75,0.6,-0.2,false,,,,
3,0.25,3.75,0.6,-0.25,false,,,,
3,0.25,3.75,0.6,-0.3,false,,,,
3,0.25,3.75,0.6,-0.35,false,,,,
3,0.25,3.75,0.6,-0.4,false,,,,
3,0.25,3.75,0.6,-0.45,false,,,,
3,0.25,3.75,0.6,-0.5,false,,,,
3,0.25,3.75,0.6,-0.55,false,,,,
3,0.25,3.75,0.6,-0.6,false,,,,
3,0.25,3.75,0.6,-0.65,false,,,,
3,0.25,3.75,0.6,-0.7,false,,,,
3,0.25,3.75,0.6,-0.75,false,,,,
3,0.25,3.75,0.6,-0.8,false,,,,
3,0.25,3.75,0.6,-0.85,false,,,,
3,0.25,3.75,0.6,-0.9,false,,,,
3,0.25,3.75,0.6,-0.95,false,,,,
3,0.25,3.75,0.6,-1,false,,,,
3,0.25,3.75,0.4,-0,false,,,,
3,0.25,3.75,0.4,-0.05,false,,,,
3,0.25,3.75,0.4,-0.1,false,,,,
3,0.25,3.75,0.4,-0.15,false,,,,
3,0.25,3.75,0.4,-0.2,false,,,,
3,0.25,3.75,0.4,-0.25,false,,,,
3,0.25,3.75,0.4,-0.3,false,,,,
3,0.25,3.75,0.4,-0.35,false,,,,
3,0.25,3.75,0.4,-0.4,false,,,,
3,0.25,3.75,0.4,-0.45,false,,,,
3,0.25,3.75,0.4,-0.5,false,,,,
3,0.25,3.75,0.4,-0.55,false,,,,
3,0.25,3.75,0.4,-0.6,false,,,,
3,0.25,3.75,0.4,-0.65,false,,,,
3,0.25,3.75,0.4,-0.7,false,,,,
3,0.25,3.75,0.4,-0.75,false,,,,
3,0.25,3.75,0.4,-0.8,false,,,,
3,0.25,3.75,0.4,-0.85,false,,,,
3,0.25,3.75,0.4,-0.9,false,,,,
3,0.25,3.75,0.4,-0.95,false,,,,
3,0.25,3.75,0.4,-1,false,,,,
3,0.25,3.75,0.2,-0,false,,,,
3,0.25,3.75,0.2,-0.05,false,,,,
3,0.25,3.75,0.2,-0.1,false,,,,
3,0.25,3.75,0.2,-0.15,false,,,,
3,0.25,3.75,0.2,-0.2,false,,,,
3,0.25,3.75,0.2,-0.25,false,,,,
3,0.25,3.75,0.2,-0.3,false,,,,
3,0.25,3.75,0.2,-0.35,false,,,,
3,0.25,3.75,0.2,-0.4,false,,,,
3,0.25,3.75,0.2,-0.45,false,,,,
3,0.25,3.75,0.2,-0.5,false,,,,
3,0.25,3.75,0.2,-0.55,false,,,,
3,0.25,3.75,0.2,-0.6,false,,,,
3,0.25,3.75,0.2,-0.65,false,,,,
3,0.25,3.75,0.2,-0.7,false,,,,
3,0.25,3.75,0.2,-0.75,false,,,,
3,0.25,3.75,0.2,-0.8,false,,,,
3,0.25,3.75,0.2,-0.85,false,,,,
3,0.25,3.75,0.2,-0.9,false,,,,
3,0.25,3.75,0.2,-0.95,false,,,,
3,0.25,3.75,0.2,-1,false,,,,
3,0.25,3.75,0,-0.05,false,,,,
3,0.25,3.75,0,-0.1,false,,,,
3,0.25,3.75,0,-0.15,false,,,,
3,0.25,3.75,0,-0.2,false,,,,
3,0.25,3.75,0,-0.25,false,,,,
3,0.25,3.75,0,-0.3,false,,,,
3,0.25,3.75,0,-0.35,false,,,,
3,0.25,3.75,0,-0.4,false,,,,
3,0.25,3.75,0,-0.45,false,,,,
3,0.25,3.75,0,-0.5,false,,,,
3,0.25,3.75,0,-0.55,false,,,,
3,0.25,3.75,0,-0.6,false,,,,
3,0.25,3.75,0,-0.65,false,,,,
3,0.25,3.75,0,-0.7,false,,,,
3,0.25,3.75,0,-0.75,false,,,,
3,0.25,3.75,0,-0.8,false,,,,
3,0.25,3.75,0,-0.85,false,,,,
3,0.25,3.75,0,-0.9,false,,,,
3,0.25,3.75,0,-0.95,false,,,,
3,0.25,3.75,0,-1,false,,,,
3,0.25,3.775,1,-0,false,,,,
3,0.25,3.775,1,-0.05,false,,,,
3,0.25,3.775,1,-0.1,false,,,,
3,0.25,3.775,1,-0.15,false,,,,
3,0.25,3.775,1,-0.2,false,,,,
3,0.25,3.775,1,-0.25,true,0.07462911982,0.04821255448,0.07462911982,0.437857445
3,0.25,3.775,1,-0.3,true,0.07656941734,0.0490624048,0.07656941734,0.4378558501
3,0.25,3.775,1,-0.35,true,0.07871801528,0.05000349069,0.07871801528,0.4378540419
3,0.25,3.775,1,-0.4,true,0.08107421693,0.05103550702,0.08107421693,0.437852006
3,0.25,3.775,1,-0.45,true,0.08365134423,0.05216428877,0.08365134423,0.4378497132
3,0.25,3.775,1,-0.5,true,0.08658592328,0.05369666313,0.08658592328,0.4363353409
3,0.25,3.775,1,-0.55,true,0.09020038206,0.05646696882,0.09020038206,0.4288685547
3,0.25,3.775,1,-0.6,true,0.09411697998,0.05948147061,0.09411697998,0.4203057484
3,0.25,3.775,1,-0.65,true,0.098371503,0.06276941174,0.098371503,0.4104148593
3,0.25,3.775,1,-0.7,true,0.1030052805,0.06636456325,0.1030052805,0.398894851
3,0.25,3.775,1,-0.75,false,,,,
3,0.25,3.775,1,-0.8,false,,,,
3,0.25,3.775,1,-0.85,false,,,,
3,0.25,3.775,1,-0.9,false,,,,
3,0.25,3.775,1,-0.95,false,,,,
3,0.25,3.775,1,-1,true,0.1671405742,0.1179450722,0.1677234836,0.4378641864
3,0.25,3.775,0.8,-0,false,,,,
3,0.25,3.775,0.8,-0.05,false,,,,
3,0.25,3.775,0.8,-0.1,false,,,,
3,0.25,3.775,0.8,-0.15,false,,,,
3,0.25,3.775,0.8,-0.2,false,,,,
3,0.25,3.775,0.8,-0.25,false,,,,
3,0.25,3.775,0.8,-0.3,false,,,,
3,0.25,3.775,0.8,-0.35,false,,,,
3,0.25,3.775,0.8,-0.4,false,,,,
3,0.25,3.775,0.8,-0.45,false,,,,
3,0.25,3.775,0.8,-0.5,false,,,,
3,0.25,3.775,0.8,-0.55,false,,,,
3,0.25,3.775,0.8,-0.6,false,,,,
3,0.25,3.775,0.8,-0.65,false,,,,
3,0.25,3.775,0.8,-0.7,false,,,,
3,0.25,3.775,0.8,-0.75,false,,,,
3,0.25,3.775,0.8,-0.8,false,,,,
3,0.25,3.775,0.8,-0.85,false,,,,
3,0.25,3.775,0.8,-0.9,false,,,,
3,0.25,3.775,0.8,-0.95,false,,,,
3,0.25,3.775,0.8,-1,false,,,,
3,0.25,3.775,0.6,-0,false,,,,
3,0.25,3.775,0.6,-0.05,false,,,,
3,0.25,3.775,0.6,-0.1,false,,,,
3,0.25,3.775,0.6,-0.15,false,,,,
3,0.25,3.775,0.6,-0.2,false,,,,
3,0.25,3.775,0.6,-0.25,false,,,,
3,0.25,3.775,0.6,-0.3,false,,,,
3,0.25,3.775,0.6,-0.35,false,,,,
3,0.25,3.775,0.6,-0.4,false,,,,
3,0.25,3.775,0.6,-0.45,false,,,,
3,0.25,3.775,0.6,-0.5,false,,,,
3,0.25,3.775,0.6,-0.55,false,,,,
3,0.25,3.775,0.6,-0.6,false,,,,
3,0.25,3.775,0.6,-0.65,false,,,,
3,0.25,3.775,0.6,-0.7,false,,,,
3,0.25,3.775,0.6,-0.75,false,,,,
3,0.25,3.775,0.6,-0.8,false,,,,
3,0.25,3.775,0.6,-0.85,false,,,,
3,0.25,3.775,0.6,-0.9,false,,,,
3,0.25,3.775,0.6,-0.95,false,,,,
3,0.25,3.775,0.6,-1,false,,,,
3,0.25,3.775,0.4,-0,false,,,,
3,0.25,3.775,0.4,-0.05,false,,,,
3,0.25,3.775,0.4,-0.1,false,,,,
3,0.25,3.775,0.4,-0.15,false,,,,
3,0.25,3.775,0.4,-0.2,false,,,,
3,0.25,3.775,0.4,-0.25,false,,,,
3,0.25,3.775,0.4,-0.3,false,,,,
3,0.25,3.775,0.4,-0.35,false,,,,
3,0.25,3.775,0.4,-0.4,false,,,,
3,0.25,3.775,0.4,-0.45,false,,,,
3,0.25,3.775,0.4,-0.5,false,,,,
3,0.25,3.775,0.4,-0.55,false,,,,
3,0.25,3.775,0.4,-0.6,false,,,,
3,0.25,3.775,0.4,-0.65,false,,,,
3,0.25,3.775,0.4,-0.7,false,,,,
3,0.25,3.775,0.4,-0.75,false,,,,
3,0.25,3.775,0.4,-0.8,false,,,,
3,0.25,3.775,0.4,-0.85,false,,,,
3,0.25,3.775,0.4,-0.9,false,,,,
3,0.25,3.775,0.4,-0.95,false,,,,
3,0.25,3.775,0.4,-1,false,,,,
3,0.25,3.775,0.2,-0,false,,,,
3,0.25,3.775,0.2,-0.05,false,,,,
3,0.25,3.775,0.2,-0.1,false,,,,
3,0.25,3.775,0.2,-0.15,false,,,,
3,0.25,3.775,0.2,-0.2,false,,,,
3,0.25,3.775,0.2,-0.25,false,,,,
3,0.25,3.775,0.2,-0.3,false,,,,
3,0.25,3.775,0.2,-0.35,false,,,,
3,0.25,3.775,0.2,-0.4,false,,,,
3,0.25,3.775,0.2,-0.45,false,,,,
3,0.25,3.775,0.2,-0.5,false,,,,
3,0.25,3.775,0.2,-0.55,false,,,,
3,0.25,3.775,0.2,-0.6,false,,,,
3,0.25,3.775,0.2,-0.65,false,,,,
3,0.25,3.775,0.2,-0.7,false,,,,
3,0.25,3.775,0.2,-0.75,false,,,,
3,0.25,3.775,0.2,-0.8,false,,,,
3,0.25,3.775,0.2,-0.85,false,,,,
3,0.25,3.775,0.2,-0.9,false,,,,
3,0.25,3.775,0.2,-0.95,false,,,,
3,0.25,3.775,0.2,-1,false,,,,
3,0.25,3.775,0,-0.05,false,,,,
3,0.25,3.775,0,-0.1,false,,,,
3,0.25,3.775,0,-0.15,false,,,,
3,0.25,3.775,0,-0.2,false,,,,
3,0.25,3.775,0,-0.25,false,,,,
3,0.25,3.775,0,-0.3,false,,,,
3,0.25,3.775,0,-0.35,false,,,,
3,0.25,3.775,0,-0.4,false,,,,
3,0.25,3.775,0,-0.45,false,,,,
3,0.25,3.775,0,-0.5,false,,,,
3,0.25,3.775,0,-0.55,false,,,,
3,0.25,3.775,0,-0.6,false,,,,
3,0.25,3.775,0,-0.65,false,,,,
3,0.25,3.775,0,-0.7,false,,,,
3,0.25,3.775,0,-0.75,false,,,,
3,0.25,3.775,0,-0.8,false,,,,
3,0.25,3.775,0,-0.85,false,,,,
3,0.25,3.775,0,-0.9,false,,,,
3,0.25,3.775,0,-0.95,false,,,,
3,0.25,3.775,0,-1,false,,,,
3,0.25,3.8,1,-0,false,,,,
3,0.25,3.8,1,-0.05,false,,,,
3,0.25,3.8,1,-0.1,false,,,,
3,0.25,3.8,1,-0.15,false,,,,
3,0.25,3.8,1,-0.2,true,0.07241147546,0.04670846068,0.07241147546,0.4408592251
3,0.25,3.8,1,-0.25,true,0.07419999324,0.04749719702,0.07419999324,0.440857793
3,0.25,3.8,1,-0.3,true,0.07619956096,0.04837900639,0.07619956096,0.4408561569
3,0.25,3.8,1,-0.35,true,0.07839321766,0.04934640899,0.07839321766,0.4408543181
3,0.25,3.8,1,-0.4,true,0.08078850055,0.05040272874,0.08078850055,0.4408522559
3,0.25,3.8,1,-0.45,true,0.08340151559,0.05155506838,0.08340151559,0.4408499386
3,0.25,3.8,1,-0.5,true,0.08665471778,0.05386969803,0.08665471778,0.435459788
3,0.25,3.8,1,-0.55,true,0.09027369767,0.05664472519,0.09027369767,0.4279525276
3,0.25,3.8,1,-0.6,true,0.09419490199,0.05966397623,0.09419490199,0.4193445825
3,0.25,3.8,1,-0.65,true,0.09845411471,0.06295669513,0.09845411471,0.4094027677
3,0.25,3.8,1,-0.7,true,0.1030926633,0.06655665366,0.1030926633,0.3978245583
3,0.25,3.8,1,-0.75,false,,,,
3,0.25,3.8,1,-0.8,false,,,,
3,0.25,3.8,1,-0.85,false,,,,
3,0.25,3.8,1,-0.9,false,,,,
3,0.25,3.8,1,-0.95,false,,,,
3,0.25,3.8,1,-1,true,0.1595251793,0.1124653946,0.1601022681,0.4408655768
3,0.25,3.8,0.8,-0,false,,,,
3,0.25,3.8,0.8,-0.05,false,,,,
3,0.25,3.8,0.8,-0.1,false,,,,
3,0.25,3.8,0.8,-0.15,false,,,,
3,0.25,3.8,0.8,-0.2,false,,,,
3,0.25,3.8,0.8,-0.25,false,,,,
3,0.25,3.8,0.8,-0.3,false,,,,
3,0.25,3.8,0.8,-0.35,false,,,,
3,0.25,3.8,0.8,-0.4,false,,,,
3,0.25,3.8,0.8,-0.45,false,,,,
3,0.25,3.8,0.8,-0.5,false,,,,
3,0.25,3.8,0.8,-0.55,false,,,,
3,0.25,3.8,0.8,-0.6,false,,,,
3,0.25,3.8,0.8,-0.65,false,,,,
3,0.25,3.8,0.8,-0.7,false,,,,
3,0.25,3.8,0.8,-0.75,false,,,,
3,0.25,3.8,0.8,-0.8,false,,,,
3,0.25,3.8,0.8,-0.85,false,,,,
3,0.25,3.8,0.8,-0.9,false,,,,
3,0.25,3.8,0.8,-0.95,false,,,,
3,0.25,3.8,0.8,-1,false,,,,
3,0.25,3.8,0.6,-0,false,,,,
3,0.25,3.8,0.6,-0.05,false,,,,
3,0.25,3.8,0.6,-0.1,false,,,,
3,0.25,3.8,0.6,-0.15,false,,,,
3,0.25,3.8,0.6,-0.2,false,,,,
3,0.25,3.8,0.6,-0.25,false,,,,
3,0.25,3.8,0.6,-0.3,false,,,,
3,0.25,3.8,0.6,-0.35,false,,,,
3,0.25,3.8,0.6,-0.4,false,,,,
3,0.25,3.8,0.6,-0.45,false,,,,
3,0.25,3.8,0.6,-0.5,false,,,,
3,0.25,3.8,0.6,-0.55,false,,,,
3,0.25,3.8,0.6,-0.6,false,,,,
3,0.25,3.8,0.6,-0.65,false,,,,
3,0.25,3.8,0.6,-0.7,false,,,,
3,0.25,3.8,0.6,-0.75,false,,,,
3,0.25,3.8,0.6,-0.8,false,,,,
3,0.25,3.8,0.6,-0.85,false,,,,
3,0.25,3.8,0.6,-0.9,false,,,,
3,0.25,3.8,0.6,-0.95,false,,,,
3,0.25,3.8,0.6,-1,false,,,,
3,0.25,3.8,0.4,-0,false,,,,
3,0.25,3.8,0.4,-0.05,false,,,,
3,0.25,3.8,0.4,-0.1,false,,,,
3,0.25,3.8,0.4,-0.15,false,,,,
3,0.25,3.8,0.4,-0.2,false,,,,
3,0.25,3.8,0.4,-0.25,false,,,,
3,0.25,3.8,0.4,-0.3,false,,,,
3,0.25,3.8,0.4,-0.35,false,,,,
3,0.25,3.8,0.4,-0.4,false,,,,
3,0.25,3.8,0.4,-0.45,false,,,,
3,0.25,3.8,0.4,-0.5,false,,,,
3,0.25,3.8,0.4,-0.55,false,,,,
3,0.25,3.8,0.4,-0.6,false,,,,
3,0.25,3.8,0.4,-0.65,false,,,,
3,0.25,3.8,0.4,-0.7,false,,,,
3,0.25,3.8,0.4,-0.75,false,,,,
3,0.25,3.8,0.4,-0.8,false,,,,
3,0.25,3.8,0.4,-0.85,false,,,,
3,0.25,3.8,0.4,-0.9,false,,,,
3,0.25,3.8,0.4,-0.95,false,,,,
3,0.25,3.8,0.4,-1,false,,,,
3,0.25,3.8,0.2,-0,false,,,,
3,0.25,3.8,0.2,-0.05,false,,,,
3,0.25,3.8,0.2,-0.1,false,,,,
3,0.25,3.8,0.2,-0.15,false,,,,
3,0.25,3.8,0.2,-0.2,false,,,,
3,0.25,3.8,0.2,-0.25,false,,,,
3,0.25,3.8,0.2,-0.3,false,,,,
3,0.25,3.8,0.2,-0.35,false,,,,
3,0.25,3.8,0.2,-0.4,false,,,,
3,0.25,3.8,0.2,-0.45,false,,,,
3,0.25,3.8,0.2,-0.5,false,,,,
3,0.25,3.8,0.2,-0.55,false,,,,
3,0.25,3.8,0.2,-0.6,false,,,,
3,0.25,3.8,0.2,-0.65,false,,,,
3,0.25,3.8,0.2,-0.7,false,,,,
3,0.25,3.8,0.2,-0.75,false,,,,
3,0.25,3.8,0.2,-0.8,false,,,,
3,0.25,3.8,0.2,-0.85,false,,,,
3,0.25,3.8,0.2,-0.9,false,,,,
3,0.25,3.8,0.2,-0.95,false,,,,
3,0.25,3.8,0.2,-1,false,,,,
3,0.25,3.8,0,-0.05,false,,,,
3,0.25,3.8,0,-0.1,false,,,,
3,0.25,3.8,0,-0.15,false,,,,
3,0.25,3.8,0,-0.2,false,,,,
3,0.25,3.8,0,-0.25,false,,,,
3,0.25,3.8,0,-0.3,false,,,,
3,0.25,3.8,0,-0.35,false,,,,
3,0.25,3.8,0,-0.4,false,,,,
3,0.25,3.8,0,-0.45,false,,,,
3,0.25,3.8,0,-0.5,false,,,,
3,0.25,3.8,0,-0.55,false,,,,
3,0.25,3.8,0,-0.6,false,,,,
3,0.25,3.8,0,-0.65,false,,,,
3,0.25,3.8,0,-0.7,false,,,,
3,0.25,3.8,0,-0.75,false,,,,
3,0.25,3.8,0,-0.8,false,,,,
3,0.25,3.8,0,-0.85,false,,,,
3,0.25,3.8,0,-0.9,false,,,,
3,0.25,3.8,0,-0.95,false,,,,
3,0.25,3.8,0,-1,false,,,,
3,0.25,3.825,1,-0,false,,,,
3,0.25,3.825,1,-0.05,false,,,,
3,0.25,3.825,1,-0.1,false,,,,
3,0.25,3.825,1,-0.15,false,,,,
3,0.25,3.825,1,-0.2,true,0.07194757243,0.04596972216,0.07194757243,0.4438595919
3,0.25,3.825,1,-0.25,true,0.07381096757,0.04679706962,0.07381096757,0.4438581068
3,0.25,3.825,1,-0.3,true,0.075859115,0.04770644706,0.075859115,0.4438564381
3,0.25,3.825,1,-0.35,true,0.07809294479,0.04869826751,0.07809294479,0.4438545725
3,0.25,3.825,1,-0.4,true,0.08052406058,0.0497776829,0.08052406058,0.4438524864
3,0.25,3.825,1,-0.45,true,0.08337191147,0.05148040852,0.08337191147,0.4412196775
3,0.25,3.825,1,-0.5,true,0.08672421861,0.05404136326,0.08672421861,0.4345937661
3,0.25,3.825,1,-0.55,true,0.09034770697,0.05682112397,0.09034770697,0.4270460182
3,0.25,3.825,1,-0.6,true,0.09427350511,0.05984513613,0.09427350511,0.4183929261
3,0.25,3.825,1,-0.65,true,0.09853739501,0.06314264445,0.09853739501,0.4084001827
3,0.25,3.825,1,-0.7,true,0.1031807022,0.06674742146,0.1031807022,0.3967637731
3,0.25,3.825,1,-0.75,false,,,,
3,0.25,3.825,1,-0.8,false,,,,
3,0.25,3.825,1,-0.85,false,,,,
3,0.25,3.825,1,-0.9,false,,,,
3,0.25,3.825,1,-0.95,false,,,,
3,0.25,3.825,1,-1,true,0.1517399458,0.1068605858,0.1523111969,0.44386717
3,0.25,3.825,0.8,-0,false,,,,
3,0.25,3.825,0.8,-0.05,false,,,,
3,0.25,3.825,0.8,-0.1,false,,,,
3,0.25,3.825,0.8,-0.15,false,,,,
3,0.25,3.825,0.8,-0.2,false,,,,
3,0.25,3.825,0.8,-0.25,false,,,,
3,0.25,3.825,0.8,-0.3,false,,,,
3,0.25,3.825,0.8,-0.35,false,,,,
3,0.25,3.825,0.8,-0.4,false,,,,
3,0.25,3.825,0.8,-0.45,false,,,,
3,0.25,3.825,0.8,-0.5,false,,,,
3,0.25,3.825,0.8,-0.55,false,,,,
3,0.25,3.825,0.8,-0.6,false,,,,
3,0.25,3.825,0.8,-0.65,false,,,,
3,0.25,3.825,0.8,-0.7,false,,,,
3,0.25,3.825,0.8,-0.75,false,,,,
3,0.25,3.825,0.8,-0.8,false,,,,
3,0.25,3.825,0.8,-0.85,false,,,,
3,0.25,3.825,0.8,-0.9,false,,,,
3,0.25,3.825,0.8,-0.95,false,,,,
3,0.25,3.825,0.8,-1,false,,,,
3,0.25,3.825,0.6,-0,false,,,,
3,0.25,3.825,0.6,-0.05,false,,,,
3,0.25,3.825,0.6,-0.1,false,,,,
3,0.25,3.825,0.6,-0.15,false,,,,
3,0.25,3.825,0.6,-0.2,false,,,,
3,0.25,3.825,0.6,-0.25,false,,,,
3,0.25,3.825,0.6,-0.3,false,,,,
3,0.25,3.825,0.6,-0.35,false,,,,
3,0.25,3.825,0.6,-0.4,false,,,,
3,0.25,3.825,0.6,-0.45,false,,,,
3,0.25,3.825,0.6,-0.5,false,,,,
3,0.25,3.825,0.6,-0.55,false,,,,
3,0.25,3.825,0.6,-0.6,false,,,,
3,0.25,3.825,0.6,-0.65,false,,,,
3,0.25,3.825,0.6,-0.7,false,,,,
3,0.25,3.825,0.6,-0.75,false,,,,
3,0.25,3.825,0.6,-0.8,false,,,,
3,0.25,3.825,0.6,-0.85,false,,,,
3,0.25,3.825,0.6,-0.9,false,,,,
3,0.25,3.825,0.6,-0.95,false,,,,
3,0.25,3.825,0.6,-1,false,,,,
3,0.25,3.825,0.4,-0,false,,,,
3,0.25,3.825,0.4,-0.05,false,,,,
3,0.25,3.825,0.4,-0.1,false,,,,
3,0.25,3.825,0.4,-0.15,false,,,,
3,0.25,3.825,0.4,-0.2,false,,,,
3,0.25,3.825,0.4,-0.25,false,,,,
3,0.25,3.825,0.4,-0.3,false,,,,
3,0.25,3.825,0.4,-0.35,false,,,,
3,0.25,3.825,0.4,-0.4,false,,,,
3,0.25,3.825,0.4,-0.45,false,,,,
3,0.25,3.825,0.4,-0.5,false,,,,
3,0.25,3.825,0.4,-0.55,false,,,,
3,0.25,3.825,0.4,-0.6,false,,,,
3,0.25,3.825,0.4,-0.65,false,,,,
3,0.25,3.825,0.4,-0.7,false,,,,
3,0.25,3.825,0.4,-0.75,false,,,,
3,0.25,3.825,0.4,-0.8,false,,,,
3,0.25,3.825,0.4,-0.85,false,,,,
3,0.25,3.825,0.4,-0.9,false,,,,
3,0.25,3.825,0.4,-0.95,false,,,,
3,0.25,3.825,0.4,-1,false,,,,
3,0.25,3.825,0.2,-0,false,,,,
3,0.25,3.825,0.2,-0.05,false,,,,
3,0.25,3.825,0.2,-0.1,false,,,,
3,0.25,3.825,0.2,-0.15,false,,,,
3,0.25,3.825,0.2,-0.2,false,,,,
3,0.25,3.825,0.2,-0.25,false,,,,
3,0.25,3.825,0.2,-0.3,false,,,,
3,0.25,3.825,0.2,-0.35,false,,,,
3,0.25,3.825,0.2,-0.4,false,,,,
3,0.25,3.825,0.2,-0.45,false,,,,
3,0.25,3.825,0.2,-0.5,false,,,,
3,0.25,3.825,0.2,-0.55,false,,,,
3,0.25,3.825,0.2,-0.6,false,,,,
3,0.25,3.825,0.2,-0.65,false,,,,
3,0.25,3.825,0.2,-0.7,false,,,,
3,0.25,3.825,0.2,-0.75,false,,,,
3,0.25,3.825,0.2,-0.8,false,,,,
3,0.25,3.825,0.2,-0.85,false,,,,
3,0.25,3.825,0.2,-0.9,false,,,,
3,0.25,3.825,0.2,-0.95,false,,,,
3,0.25,3.825,0.2,-1,false,,,,
3,0.25,3.825,0,-0.05,false,,,,
3,0.25,3.825,0,-0.1,false,,,,
3,0.25,3.825,0,-0.15,false,,,,
3,0.25,3.825,0,-0.2,false,,,,
3,0.25,3.825,0,-0.25,false,,,,
3,0.25,3.825,0,-0.3,false,,,,
3,0.25,3.825,0,-0.35,false,,,,
3,0.25,3.825,0,-0.4,false,,,,
3,0.25,3.825,0,-0.45,false,,,,
3,0.25,3.825,0,-0.5,false,,,,
3,0.25,3.825,0,-0.55,false,,,,
3,0.25,3.825,0,-0.6,false,,,,
3,0.25,3.825,0,-0.65,false,,,,
3,0.25,3.825,0,-0.7,false,,,,
3,0.25,3.825,0,-0.75,false,,,,
3,0.25,3.825,0,-0.8,false,,,,
3,0.25,3.825,0,-0.85,false,,,,
3,0.25,3.825,0,-0.9,false,,,,
3,0.25,3.825,0,-0.95,false,,,,
3,0.25,3.825,0,-1,false,,,,
3,0.25,3.85,1,-0,false,,,,
3,0.25,3.85,1,-0.05,false,,,,
3,0.25,3.85,1,-0.1,false,,,,
3,0.25,3.85,1,-0.15,true,0.06980246933,0.04447670379,0.06980246933,0.4468612634
3,0.25,3.85,1,-0.2,true,0.07153904198,0.04525295176,0.07153904198,0.4468599133
3,0.25,3.85,1,-0.25,true,0.07345638443,0.04611000384,0.07345638443,0.4468583919
3,0.25,3.85,1,-0.3,true,0.07554628792,0.0470441907,0.07554628792,0.4468566955
3,0.25,3.85,1,-0.35,true,0.07781618782,0.04805883596,0.07781618782,0.4468548063
3,0.25,3.85,1,-0.4,true,0.08032502676,0.04927689867,0.08032502676,0.4462832667
3,0.25,3.85,1,-0.45,true,0.08343767081,0.05164597951,0.08343767081,0.4403998242
3,0.25,3.85,1,-0.5,true,0.08679438695,0.0542116536,0.08679438695,0.4337372048
3,0.25,3.85,1,-0.55,true,0.09042237183,0.05699616027,0.09042237183,0.4261489566
3,0.25,3.85,1,-0.6,true,0.09435275191,0.06002494574,0.09435275191,0.4174507103
3,0.25,3.85,1,-0.65,true,0.09862130715,0.06332725546,0.09862130715,0.4074070358
3,0.25,3.85,1,-0.7,true,0.1032693612,0.06693686273,0.1032693612,0.3957124276
3,0.25,3.85,1,-0.75,false,,,,
3,0.25,3.85,1,-0.8,false,,,,
3,0.25,3.85,1,-0.85,false,,,,
3,0.25,3.85,1,-0.9,false,,,,
3,0.25,3.85,1,-0.95,false,,,,
3,0.25,3.85,1,-1,true,0.1444846244,0.101132412,0.1444846244,0.4468666275
3,0.25,3.85,0.8,-0,false,,,,
3,0.25,3.85,0.8,-0.05,false,,,,
3,0.25,3.85,0.8,-0.1,false,,,,
3,0.25,3.85,0.8,-0.15,false,,,,
3,0.25,3.85,0.8,-0.2,false,,,,
3,0.25,3.85,0.8,-0.25,false,,,,
3,0.25,3.85,0.8,-0.3,false,,,,
3,0.25,3.85,0.8,-0.35,false,,,,
3,0.25,3.85,0.8,-0.4,false,,,,
3,0.25,3.85,0.8,-0.45,false,,,,
3,0.25,3.85,0.8,-0.5,false,,,,
3,0.25,3.85,0.8,-0.55,false,,,,
3,0.25,3.85,0.8,-0.6,false,,,,
3,0.25,3.85,0.8,-0.65,false,,,,
3,0.25,3.85,0.8,-0.7,false,,,,
3,0.25,3.85,0.8,-0.75,false,,,,
3,0.25,3.85,0.8,-0.8,false,,,,
3,0.25,3.85,0.8,-0.85,false,,,,
3,0.25,3.85,0.8,-0.9,false,,,,
3,0.25,3.85,0.8,-0.95,false,,,,
3,0.25,3.85,0.8,-1,false,,,,
3,0.25,3.85,0.6,-0,false,,,,
3,0.25,3.85,0.6,-0.05,false,,,,
3,0.25,3.85,0.6,-0.1,false,,,,
3,0.25,3.85,0.6,-0.15,false,,,,
3,0.25,3.85,0.6,-0.2,false,,,,
3,0.25,3.85,0.6,-0.25,false,,,,
3,0.25,3.85,0.6,-0.3,false,,,,
3,0.25,3.85,0.6,-0.35,false,,,,
3,0.25,3.85,0.6,-0.4,false,,,,
3,0.25,3.85,0.6,-0.45,false,,,,
3,0.25,3.85,0.6,-0.5,false,,,,
3,0.25,3.85,0.6,-0.55,false,,,,
3,0.25,3.85,0.6,-0.6,false,,,,
3,0.25,3.85,0.6,-0.65,false,,,,
3,0.25,3.85,0.6,-0.7,false,,,,
3,0.25,3.85,0.6,-0.75,false,,,,
3,0.25,3.85,0.6,-0.8,false,,,,
3,0.25,3.85,0.6,-0.85,false,,,,
3,0.25,3.85,0.6,-0.9,false,,,,
3,0.25,3.85,0.6,-0.95,false,,,,
3,0.25,3.85,0.6,-1,false,,,,
3,0.25,3.85,0.4,-0,false,,,,
3,0.25,3.85,0.4,-0.05,false,,,,
3,0.25,3.85,0.4,-0.1,false,,,,
3,0.25,3.85,0.4,-0.15,false,,,,
3,0.25,3.85,0.4,-0.2,false,,,,
3,0.25,3.85,0.4,-0.25,false,,,,
3,0.25,3.85,0.4,-0.3,false,,,,
3,0.25,3.85,0.4,-0.35,false,,,,
3,0.25,3.85,0.4,-0.4,false,,,,
3,0.25,3.85,0.4,-0.45,false,,,,
3,0.25,3.85,0.4,-0.5,false,,,,
3,0.25,3.85,0.4,-0.55,false,,,,
3,0.25,3.85,0.4,-0.6,false,,,,
3,0.25,3.85,0.4,-0.65,false,,,,
3,0.25,3.85,0.4,-0.7,false,,,,
3,0.25,3.85,0.4,-0.75,false,,,,
3,0.25,3.85,0.4,-0.8,false,,,,
3,0.25,3.85,0.4,-0.85,false,,,,
3,0.25,3.85,0.4,-0.9,false,,,,
3,0.25,3.85,0.4,-0.95,false,,,,
3,0.25,3.85,0.4,-1,false,,,,
3,0.25,3.85,0.2,-0,false,,,,
3,0.25,3.85,0.2,-0.05,false,,,,
3,0.25,3.85,0.2,-0.1,false,,,,
3,0.25,3.85,0.2,-0.15,false,,,,
3,0.25,3.85,0.2,-0.2,false,,,,
3,0.25,3.85,0.2,-0.25,false,,,,
3,0.25,3.85,0.2,-0.3,false,,,,
3,0.25,3.85,0.2,-0.35,false,,,,
3,0.25,3.85,0.2,-0.4,false,,,,
3,0.25,3.85,0.2,-0.45,false,,,,
3,0.25,3.85,0.2,-0.5,false,,,,
3,0.25,3.85,0.2,-0.55,false,,,,
3,0.25,3.85,0.2,-0.6,false,,,,
3,0.25,3.85,0.2,-0.65,false,,,,
3,0.25,3.85,0.2,-0.7,false,,,,
3,0.25,3.85,0.2,-0.75,false,,,,
3,0.25,3.85,0.2,-0.8,false,,,,
3,0.25,3.85,0.2,-0.85,false,,,,
3,0.25,3.85,0.2,-0.9,false,,,,
3,0.25,3.85,0.2,-0.95,false,,,,
3,0.25,3.85,0.2,-1,false,,,,
3,0.25,3.85,0,-0.05,false,,,,
3,0.25,3.85,0,-0.1,false,,,,
3,0.25,3.85,0,-0.15,false,,,,
3,0.25,3.85,0,-0.2,false,,,,
3,0.25,3.85,0,-0.25,false,,,,
3,0.25,3.85,0,-0.3,false,,,,
3,0.25,3.85,0,-0.35,false,,,,
3,0.25,3.85,0,-0.4,false,,,,
3,0.25,3.85,0,-0.45,false,,,,
3,0.25,3.85,0,-0.5,false,,,,
3,0.25,3.85,0,-0.55,false,,,,
3,0.25,3.85,0,-0.6,false,,,,
3,0.25,3.85,0,-0.65,false,,,,
3,0.25,3.85,0,-0.7,false,,,,
3,0.25,3.85,0,-0.75,false,,,,
3,0.25,3.85,0,-0.8,false,,,,
3,0.25,3.85,0,-0.85,false,,,,
3,0.25,3.85,0,-0.9,false,,,,
3,0.25,3.85,0,-0.95,false,,,,
3,0.25,3.85,0,-1,false,,,,
3,0.25,3.875,1,-0,false,,,,
3,0.25,3.875,1,-0.05,false,,,,
3,0.25,3.875,1,-0.1,true,0.06802052733,0.0431342373,0.06802052733,0.4498626219
3,0.25,3.875,1,-0.15,true,0.06937287426,0.04374279342,0.06937287426,0.4498615933
3,0.25,3.875,1,-0.2,true,0.07117195637,0.04455238037,0.07117195637,0.4498602009
3,0.25,3.875,1,-0.25,true,0.07313323277,0.04543495475,0.07313323277,0.4498586507
3,0.25,3.875,1,-0.3,true,0.07525976226,0.04639189302,0.07525976226,0.4498569305
3,0.25,3.875,1,-0.35,true,0.07756255001,0.04742814751,0.07756255001,0.4498550199
3,0.25,3.875,1,-0.4,true,0.08038711868,0.04943636957,0.08038711868,0.445506437
3,0.25,3.875,1,-0.45,true,0.08350407062,0.05181015706,0.08350407062,0.4395893834
3,0.25,3.875,1,-0.5,true,0.08686518445,0.05438056346,0.08686518445,0.4328900382
3,0.25,3.875,1,-0.55,true,0.09049765459,0.05716982883,0.09049765459,0.4252612775
3,0.25,3.875,1,-0.6,true,0.09443260538,0.06020340013,0.09443260538,0.4165178701
3,0.25,3.875,1,-0.65,true,0.09870581478,0.06351052358,0.09870581478,0.406423263
3,0.25,3.875,1,-0.7,true,0.1033586046,0.06712497319,0.1033586046,0.3946704589
3,0.25,3.875,1,-0.75,false,,,,
3,0.25,3.875,1,-0.8,false,,,,
3,0.25,3.875,1,-0.85,false,,,,
3,0.25,3.875,1,-0.9,false,,,,
3,0.25,3.875,1,-0.95,true,0.1369740534,0.09563140237,0.1375346094,0.4498695491
3,0.25,3.875,1,-1,true,0.1421330722,0.09745637592,0.1421330722,0.4498083915
3,0.25,3.875,0.8,-0,false,,,,
3,0.25,3.875,0.8,-0.05,false,,,,
3,0.25,3.875,0.8,-0.1,false,,,,
3,0.25,3.875,0.8,-0.15,false,,,,
3,0.25,3.875,0.8,-0.2,false,,,,
3,0.25,3.875,0.8,-0.25,false,,,,
3,0.25,3.875,0.8,-0.3,false,,,,
3,0.25,3.875,0.8,-0.35,false,,,,
3,0.25,3.875,0.8,-0.4,false,,,,
3,0.25,3.875,0.8,-0.45,false,,,,
3,0.25,3.875,0.8,-0.5,false,,,,
3,0.25,3.875,0.8,-0.55,false,,,,
3,0.25,3.875,0.8,-0.6,false,,,,
3,0.25,3.875,0.8,-0.65,false,,,,
3,0.25,3.875,0.8,-0.7,false,,,,
3,0.25,3.875,0.8,-0.75,false,,,,
3,0.25,3.875,0.8,-0.8,false,,,,
3,0.25,3.875,0.8,-0.85,false,,,,
3,0.25,3.875,0.8,-0.9,false,,,,
3,0.25,3.875,0.8,-0.95,false,,,,
3,0.25,3.875,0.8,-1,false,,,,
3,0.25,3.875,0.6,-0,false,,,,
3,0.25,3.875,0.6,-0.05,false,,,,
3,0.25,3.875,0.6,-0.1,false,,,,
3,0.25,3.875,0.6,-0.15,false,,,,
3,0.25,3.875,0.6,-0.2,false,,,,
3,0.25,3.875,0.6,-0.25,false,,,,
3,0.25,3.875,0.6,-0.3,false,,,,
3,0.25,3.875,0.6,-0.35,false,,,,
3,0.25,3.875,0.6,-0.4,false,,,,
3,0.25,3.875,0.6,-0.45,false,,,,
3,0.25,3.875,0.6,-0.5,false,,,,
3,0.25,3.875,0.6,-0.55,false,,,,
3,0.25,3.875,0.6,-0.6,false,,,,
3,0.25,3.875,0.6,-0.65,false,,,,
3,0.25,3.875,0.6,-0.7,false,,,,
3,0.25,3.875,0.6,-0.75,false,,,,
3,0.25,3.875,0.6,-0.8,false,,,,
3,0.25,3.875,0.6,-0.85,false,,,,
3,0.25,3.875,0.6,-0.9,false,,,,
3,0.25,3.875,0.6,-0.95,false,,,,
3,0.25,3.875,0.6,-1,false,,,,
3,0.25,3.875,0.4,-0,false,,,,
3,0.25,3.875,0.4,-0.05,false,,,,
3,0.25,3.875,0.4,-0.1,false,,,,
3,0.25,3.875,0.4,-0.15,false,,,,
3,0.25,3.875,0.4,-0.2,false,,,,
3,0.25,3.875,0.4,-0.25,false,,,,
3,0.25,3.875,0.4,-0.3,false,,,,
3,0.25,3.875,0.4,-0.35,false,,,,
3,0.25,3.875,0.4,-0.4,false,,,,
3,0.25,3.875,0.4,-0.45,false,,,,
3,0.25,3.875,0.4,-0.5,false,,,,
3,0.25,3.875,0.4,-0.55,false,,,,
3,0.25,3.875,0.4,-0.6,false,,,,
3,0.25,3.875,0.4,-0.65,false,,,,
3,0.25,3.875,0.4,-0.7,false,,,,
3,0.25,3.875,0.4,-0.75,false,,,,
3,0.25,3.875,0.4,-0.8,false,,,,
3,0.25,3.875,0.4,-0.85,false,,,,
3,0.25,3.875,0.4,-0.9,false,,,,
3,0.25,3.875,0.4,-0.95,false,,,,
3,0.25,3.875,0.4,-1,false,,,,
3,0.25,3.875,0.2,-0,false,,,,
3,0.25,3.875,0.2,-0.05,false,,,,
3,0.25,3.875,0.2,-0.1,false,,,,
3,0.25,3.875,0.2,-0.15,false,,,,
3,0.25,3.875,0.2,-0.2,false,,,,
3,0.25,3.875,0.2,-0.25,false,,,,
3,0.25,3.875,0.2,-0.3,false,,,,
3,0.25,3.875,0.2,-0.35,false,,,,
3,0.25,3.875,0.2,-0.4,false,,,,
3,0.25,3.875,0.2,-0.45,false,,,,
3,0.25,3.875,0.2,-0.5,false,,,,
3,0.25,3.875,0.2,-0.55,false,,,,
3,0.25,3.875,0.2,-0.6,false,,,,
3,0.25,3.875,0.2,-0.65,false,,,,
3,0.25,3.875,0.2,-0.7,false,,,,
3,0.25,3.875,0.2,-0.75,false,,,,
3,0.25,3.875,0.2,-0.8,false,,,,
3,0.25,3.875,0.2,-0.85,false,,,,
3,0.25,3.875,0.2,-0.9,false,,,,
3,0.25,3.875,0.2,-0.95,false,,,,
3,0.25,3.875,0.2,-1,false,,,,
3,0.25,3.875,0,-0.05,false,,,,
3,0.25,3.875,0,-0.1,false,,,,
3,0.25,3.875,0,-0.15,false,,,,
3,0.25,3.875,0,-0.2,false,,,,
3,0.25,3.875,0,-0.25,false,,,,
3,0.25,3.875,0,-0.3,false,,,,
3,0.25,3.875,0,-0.35,false,,,,
3,0.25,3.875,0,-0.4,false,,,,
3,0.25,3.875,0,-0.45,false,,,,
3,0.25,3.875,0,-0.5,false,,,,
3,0.25,3.875,0,-0.55,false,,,,
3,0.25,3.875,0,-0.6,false,,,,
3,0.25,3.875,0,-0.65,false,,,,
3,0.25,3.875,0,-0.7,false,,,,
3,0.25,3.875,0,-0.75,false,,,,
3,0.25,3.875,0,-0.8,false,,,,
3,0.25,3.875,0,-0.85,false,,,,
3,0.25,3.875,0,-0.9,false,,,,
3,0.25,3.875,0,-0.95,false,,,,
3,0.25,3.875,0,-1,false,,,,
3,0.25,3.9,1,-0,false,,,,
3,0.25,3.9,1,-0.05,false,,,,
3,0.25,3.9,1,-0.1,true,0.06730308901,0.04226329932,0.06730308901,0.4528631613
3,0.25,3.9,1,-0.15,true,0.0689949786,0.04302972531,0.0689949786,0.4528618823
3,0.25,3.9,1,-0.2,true,0.07084081133,0.04386588753,0.07084081133,0.4528604593
3,0.25,3.9,1,-0.25,true,0.07283948404,0.04477128627,0.07283948404,0.452858885
3,0.25,3.9,1,-0.3,true,0.07499871879,0.04574941961,0.07499871879,0.4528571439
3,0.25,3.9,1,-0.35,true,0.07754897132,0.04739304504,0.07754897132,0.4500231489
3,0.25,3.9,1,-0.4,true,0.08044982318,0.04959442725,0.08044982318,0.4447389803
3,0.25,3.9,1,-0.45,true,0.08357107231,0.0519729349,0.08357107231,0.4387882931
3,0.25,3.9,1,-0.5,true,0.08693657319,0.05454808688,0.08693657319,0.4320522051
3,0.25,3.9,1,-0.55,true,0.09057351799,0.05734212402,0.09057351799,0.4243829201
3,0.25,3.9,1,-0.6,true,0.09451302894,0.06038049401,0.09451302894,0.4155943456
3,0.25,3.9,1,-0.65,true,0.09879088201,0.06369244381,0.09879088201,0.405448805
3,0.25,3.9,1,-0.7,true,0.1034483971,0.06731174821,0.1034483971,0.3936378085
3,0.25,3.9,1,-0.75,false,,,,
3,0.25,3.9,1,-0.8,false,,,,
3,0.25,3.9,1,-0.85,false,,,,
3,0.25,3.9,1,-0.9,true,0.1297543255,0.08992326473,0.1302197412,0.4528709253
3,0.25,3.9,1,-0.95,true,0.1341921521,0.09141472535,0.1341921521,0.4528651093
3,0.25,3.9,1,-1,true,0.142252838,0.09767291938,0.142252838,0.4495899658
3,0.25,3.9,0.8,-0,false,,,,
3,0.25,3.9,0.8,-0.05,false,,,,
3,0.25,3.9,0.8,-0.1,false,,,,
3,0.25,3.9,0.8,-0.15,false,,,,
3,0.25,3.9,0.8,-0.2,false,,,,
3,0.25,3.9,0.8,-0.25,false,,,,
3,0.25,3.9,0.8,-0.3,false,,,,
3,0.25,3.9,0.8,-0.35,false,,,,
3,0.25,3.9,0.8,-0.4,false,,,,
3,0.25,3.9,0.8,-0.45,false,,,,
3,0.25,3.9,0.8,-0.5,false,,,,
3,0.25,3.9,0.8,-0.55,false,,,,
3,0.25,3.9,0.8,-0.6,false,,,,
3,0.25,3.9,0.8,-0.65,false,,,,
3,0.25,3.9,0.8,-0.7,false,,,,
3,0.25,3.9,0.8,-0.75,false,,,,
3,0.25,3.9,0.8,-0.8,false,,,,
3,0.25,3.9,0.8,-0.85,false,,,,
3,0.25,3.9,0.8,-0.9,false,,,,
3,0.25,3.9,0.8,-0.95,false,,,,
3,0.25,3.9,0.8,-1,false,,,,
3,0.25,3.9,0.6,-0,false,,,,
3,0.25,3.9,0.6,-0.05,false,,,,
3,0.25,3.9,0.6,-0.1,false,,,,
3,0.25,3.9,0.6,-0.15,false,,,,
3,0.25,3.9,0.6,-0.2,false,,,,
3,0.25,3.9,0.6,-0.25,false,,,,
3,0.25,3.9,0.6,-0.3,false,,,,
3,0.25,3.9,0.6,-0.35,false,,,,
3,0.25,3.9,0.6,-0.4,false,,,,
3,0.25,3.9,0.6,-0.45,false,,,,
3,0.25,3.9,0.6,-0.5,false,,,,
3,0.25,3.9,0.6,-0.55,false,,,,
3,0.25,3.9,0.6,-0.6,false,,,,
3,0.25,3.9,0.6,-0.65,false,,,,
3,0.25,3.9,0.6,-0.7,false,,,,
3,0.25,3.9,0.6,-0.75,false,,,,
3,0.25,3.9,0.6,-0.8,false,,,,
3,0.25,3.9,0.6,-0.85,false,,,,
3,0.25,3.9,0.6,-0.9,false,,,,
3,0.25,3.9,0.6,-0.95,false,,,,
3,0.25,3.9,0.6,-1,false,,,,
3,0.25,3.9,0.4,-0,false,,,,
3,0.25,3.9,0.4,-0.05,false,,,,
3,0.25,3.9,0.4,-0.1,false,,,,
3,0.25,3.9,0.4,-0.15,false,,,,
3,0.25,3.9,0.4,-0.2,false,,,,
3,0.25,3.9,0.4,-0.25,false,,,,
3,0.25,3.9,0.4,-0.3,false,,,,
3,0.25,3.9,0.4,-0.35,false,,,,
3,0.25,3.9,0.4,-0.4,false,,,,
3,0.25,3.9,0.4,-0.45,false,,,,
3,0.25,3.9,0.4,-0.5,false,,,,
3,0.25,3.9,0.4,-0.55,false,,,,
3,0.25,3.9,0.4,-0.6,false,,,,
3,0.25,3.9,0.4,-0.65,false,,,,
3,0.25,3.9,0.4,-0.7,false,,,,
3,0.25,3.9,0.4,-0.75,false,,,,
3,0.25,3.9,0.4,-0.8,false,,,,
3,0.25,3.9,0.4,-0.85,false,,,,
3,0.25,3.9,0.4,-0.9,false,,,,
3,0.25,3.9,0.4,-0.95,false,,,,
3,0.25,3.9,0.4,-1,false,,,,
3,0.25,3.9,0.2,-0,false,,,,
3,0.25,3.9,0.2,-0.05,false,,,,
3,0.25,3.9,0.2,-0.1,false,,,,
3,0.25,3.9,0.2,-0.15,false,,,,
3,0.25,3.9,0.2,-0.2,false,,,,
3,0.25,3.9,0.2,-0.25,false,,,,
3,0.25,3.9,0.2,-0.3,false,,,,
3,0.25,3.9,0.2,-0.35,false,,,,
3,0.25,3.9,0.2,-0.4,false,,,,
3,0.25,3.9,0.2,-0.45,false,,,,
3,0.25,3.9,0.2,-0.5,false,,,,
3,0.25,3.9,0.2,-0.55,false,,,,
3,0.25,3.9,0.2,-0.6,false,,,,
3,0.25,3.9,0.2,-0.65,false,,,,
3,0.25,3.9,0.2,-0.7,false,,,,
3,0.25,3.9,0.2,-0.75,false,,,,
3,0.25,3.9,0.2,-0.8,false,,,,
3,0.25,3.9,0.2,-0.85,false,,,,
3,0.25,3.9,0.2,-0.9,false,,,,
3,0.25,3.9,0.2,-0.95,false,,,,
3,0.25,3.9,0.2,-1,false,,,,
3,0.25,3.9,0,-0.05,false,,,,
3,0.25,3.9,0,-0.1,false,,,,
3,0.25,3.9,0,-0.15,false,,,,
3,0.25,3.9,0,-0.2,false,,,,
3,0.25,3.9,0,-0.25,false,,,,
3,0.25,3.9,0,-0.3,false,,,,
3,0.25,3.9,0,-0.35,false,,,,
3,0.25,3.9,0,-0.4,false,,,,
3,0.25,3.9,0,-0.45,false,,,,
3,0.25,3.9,0,-0.5,false,,,,
3,0.25,3.9,0,-0.55,false,,,,
3,0.25,3.9,0,-0.6,false,,,,
3,0.25,3.9,0,-0.65,false,,,,
3,0.25,3.9,0,-0.7,false,,,,
3,0.25,3.9,0,-0.75,false,,,,
3,0.25,3.9,0,-0.8,false,,,,
3,0.25,3.9,0,-0.85,false,,,,
3,0.25,3.9,0,-0.9,false,,,,
3,0.25,3.9,0,-0.95,false,,,,
3,0.25,3.9,0,-1,false,,,,
3,0.25,3.925,1,-0,false,,,,
3,0.25,3.925,1,-0.05,true,0.06532178676,0.04081173476,0.06532178676,0.4558646294
3,0.25,3.925,1,-0.1,true,0.06691621815,0.04153879548,0.06691621815,0.4558634505
3,0.25,3.925,1,-0.15,true,0.06865852997,0.04233328967,0.06865852997,0.4558621385
3,0.25,3.925,1,-0.2,true,0.07054256497,0.04319240963,0.07054256497,0.4558606912
3,0.25,3.925,1,-0.25,true,0.0725736867,0.04411860113,0.0725736867,0.4558590964
3,0.25,3.925,1,-0.3,true,0.07490249503,0.04549883376,0.07490249503,0.4540394008
3,0.25,3.925,1,-0.35,true,0.07760805462,0.04754497295,0.07760805462,0.4492960902
3,0.25,3.925,1,-0.4,true,0.08051310141,0.04975106469,0.08051310141,0.4439808383
3,0.25,3.925,1,-0.45,true,0.08363863772,0.05213430633,0.08363863772,0.4379964955
3,0.25,3.925,1,-0.5,true,0.08700851567,0.05471421752,0.08700851567,0.4312236481
3,0.25,3.925,1,-0.55,true,0.0906499252,0.05751303983,0.0906499252,0.423513828
3,0.25,3.925,1,-0.6,true,0.09459398643,0.06055622169,0.09459398643,0.4146800811
3,0.25,3.925,1,-0.65,true,0.09887647332,0.06387301083,0.09887647332,0.404483607
3,0.25,3.925,1,-0.7,true,0.1035387039,0.06749718278,0.1035387039,0.3926144228
3,0.25,3.925,1,-0.75,false,,,,
3,0.25,3.925,1,-0.8,false,,,,
3,0.25,3.925,1,-0.85,true,0.1222826762,0.08398217025,0.1226030741,0.4558711711
3,0.25,3.925,1,-0.9,true,0.1269015312,0.08575241098,0.1269015312,0.4557465927
3,0.25,3.925,1,-0.95,true,0.1342408457,0.09150360376,0.1342408457,0.4527765915
3,0.25,3.925,1,-1,true,0.1423730603,0.09788819464,0.1423730603,0.449379926
3,0.25,3.925,0.8,-0,false,,,,
3,0.25,3.925,0.8,-0.05,false,,,,
3,0.25,3.925,0.8,-0.1,false,,,,
3,0.25,3.925,0.8,-0.15,false,,,,
3,0.25,3.925,0.8,-0.2,false,,,,
3,0.25,3.925,0.8,-0.25,false,,,,
3,0.25,3.925,0.8,-0.3,false,,,,
3,0.25,3.925,0.8,-0.35,false,,,,
3,0.25,3.925,0.8,-0.4,false,,,,
3,0.25,3.925,0.8,-0.45,false,,,,
3,0.25,3.925,0.8,-0.5,false,,,,
3,0.25,3.925,0.8,-0.55,false,,,,
3,0.25,3.925,0.8,-0.6,false,,,,
3,0.25,3.925,0.8,-0.65,false,,,,
3,0.25,3.925,0.8,-0.7,false,,,,
3,0.25,3.925,0.8,-0.75,false,,,,
3,0.25,3.925,0.8,-0.8,false,,,,
3,0.25,3.925,0.8,-0.85,false,,,,
3,0.25,3.925,0.8,-0.9,false,,,,
3,0.25,3.925,0.8,-0.95,false,,,,
3,0.25,3.925,0.8,-1,false,,,,
3,0.25,3.925,0.6,-0,false,,,,
3,0.25,3.925,0.6,-0.05,false,,,,
3,0.25,3.925,0.6,-0.1,false,,,,
3,0.25,3.925,0.6,-0.15,false,,,,
3,0.25,3.925,0.6,-0.2,false,,,,
3,0.25,3.925,0.6,-0.25,false,,,,
3,0.25,3.925,0.6,-0.3,false,,,,
3,0.25,3.925,0.6,-0.35,false,,,,
3,0.25,3.925,0.6,-0.4,false,,,,
3,0.25,3.925,0.6,-0.45,false,,,,
3,0.25,3.925,0.6,-0.5,false,,,,
3,0.25,3.925,0.6,-0.55,false,,,,
3,0.25,3.925,0.6,-0.6,false,,,,
3,0.25,3.925,0.6,-0.65,false,,,,
3,0.25,3.925,0.6,-0.7,false,,,,
3,0.25,3.925,0.6,-0.75,false,,,,
3,0.25,3.925,0.6,-0.8,false,,,,
3,0.25,3.925,0.6,-0.85,false,,,,
3,0.25,3.925,0.6,-0.9,false,,,,
3,0.25,3.925,0.6,-0.95,false,,,,
3,0.25,3.925,0.6,-1,false,,,,
3,0.25,3.925,0.4,-0,false,,,,
3,0.25,3.925,0.4,-0.05,false,,,,
3,0.25,3.925,0.4,-0.1,false,,,,
3,0.25,3.925,0.4,-0.15,false,,,,
3,0.25,3.925,0.4,-0.2,false,,,,
3,0.25,3.925,0.4,-0.25,false,,,,
3,0.25,3.925,0.4,-0.3,false,,,,
3,0.25,3.925,0.4,-0.35,false,,,,
3,0.25,3.925,0.4,-0.4,false,,,,
3,0.25,3.925,0.4,-0.45,false,,,,
3,0.25,3.925,0.4,-0.5,false,,,,
3,0.25,3.925,0.4,-0.55,false,,,,
3,0.25,3.925,0.4,-0.6,false,,,,
3,0.25,3.925,0.4,-0.65,false,,,,
3,0.25,3.925,0.4,-0.7,false,,,,
3,0.25,3.925,0.4,-0.75,false,,,,
3,0.25,3.925,0.4,-0.8,false,,,,
3,0.25,3.925,0.4,-0.85,false,,,,
3,0.25,3.925,0.4,-0.9,false,,,,
3,0.25,3.925,0.4,-0.95,false,,,,
3,0.25,3.925,0.4,-1,false,,,,
3,0.25,3.925,0.2,-0,false,,,,
3,0.25,3.925,0.2,-0.05,false,,,,
3,0.25,3.925,0.2,-0.1,false,,,,
3,0.25,3.925,0.2,-0.15,false,,,,
3,0.25,3.925,0.2,-0.2,false,,,,
3,0.25,3.925,0.2,-0.25,false,,,,
3,0.25,3.925,0.2,-0.3,false,,,,
3,0.25,3.925,0.2,-0.35,false,,,,
3,0.25,3.925,0.2,-0.4,false,,,,
3,0.25,3.925,0.2,-0.45,false,,,,
3,0.25,3.925,0.2,-0.5,false,,,,
3,0.25,3.925,0.2,-0.55,false,,,,
3,0.25,3.925,0.2,-0.6,false,,,,
3,0.25,3.925,0.2,-0.65,false,,,,
3,0.25,3.925,0.2,-0.7,false,,,,
3,0.25,3.925,0.2,-0.75,false,,,,
3,0.25,3.925,0.2,-0.8,false,,,,
3,0.25,3.925,0.2,-0.85,false,,,,
3,0.25,3.925,0.2,-0.9,false,,,,
3,0.25,3.925,0.2,-0.95,false,,,,
3,0.25,3.925,0.2,-1,false,,,,
3,0.25,3.925,0,-0.05,false,,,,
3,0.25,3.925,0,-0.1,false,,,,
3,0.25,3.925,0,-0.15,false,,,,
3,0.25,3.925,0,-0.2,false,,,,
3,0.25,3.925,0,-0.25,false,,,,
3,0.25,3.925,0,-0.3,false,,,,
3,0.25,3.925,0,-0.35,false,,,,
3,0.25,3.925,0,-0.4,false,,,,
3,0.25,3.925,0,-0.45,false,,,,
3,0.25,3.925,0,-0.5,false,,,,
3,0.25,3.925,0,-0.55,false,,,,
3,0.25,3.925,0,-0.6,false,,,,
3,0.25,3.925,0,-0.65,false,,,,
3,0.25,3.925,0,-0.7,false,,,,
3,0.25,3.925,0,-0.75,false,,,,
3,0.25,3.925,0,-0.8,false,,,,
3,0.25,3.925,0,-0.85,false,,,,
3,0.25,3.925,0,-0.9,false,,,,
3,0.25,3.925,0,-0.95,false,,,,
3,0.25,3.925,0,-1,false,,,,
3,0.25,3.95,1,-0,true,0.06369982134,0.039513218,0.06369982134,0.458865808
3,0.25,3.95,1,-0.05,true,0.06492808301,0.0400769901,0.06492808301,0.4588649174
3,0.25,3.95,1,-0.1,true,0.06657745629,0.04083405244,0.06657745629,0.4588637027
3,0.25,3.95,1,-0.15,true,0.06835881487,0.04165169602,0.06835881487,0.458862366
3,0.25,3.95,1,-0.2,true,0.0702750995,0.04253127067,0.0702750995,0.4588608985
3,0.25,3.95,1,-0.25,true,0.07242940958,0.04373854849,0.07242940958,0.4576289988
3,0.25,3.95,1,-0.3,true,0.07495803225,0.0456446192,0.07495803225,0.4533505983
3,0.25,3.95,1,-0.35,true,0.07766768259,0.04769545881,0.07766768259,0.4485783186
3,0.25,3.95,1,-0.4,true,0.08057691491,0.04990627446,0.08057691491,0.4432319568
3,0.25,3.95,1,-0.45,true,0.08370672905,0.05229426428,0.08370672905,0.4372139372
3,0.25,3.95,1,-0.5,true,0.08708097477,0.05487894865,0.08708097477,0.4304043144
3,0.25,3.95,1,-0.55,true,0.09072683977,0.05768256987,0.09072683977,0.422653949
3,0.25,3.95,1,-0.6,true,0.09467544205,0.06073057713,0.09467544205,0.4137750251
3,0.25,3.95,1,-0.65,true,0.09896255357,0.06405221891,0.09896255357,0.4035276187
3,0.25,3.95,1,-0.7,true,0.1036294905,0.06768127151,0.1036294905,0.3916002526
3,0.25,3.95,1,-0.75,false,,,,
3,0.25,3.95,1,-0.8,true,0.115354147,0.07794223275,0.1153575709,0.4588705695
3,0.25,3.95,1,-0.85,true,0.1203503304,0.08074309257,0.1203503304,0.4581610349
3,0.25,3.95,1,-0.9,true,0.1270119261,0.08595631762,0.1270119261,0.4555448291
3,0.25,3.95,1,-0.95,true,0.1343563309,0.09171254259,0.1343563309,0.4525746825
3,0.25,3.95,1,-1,true,0.1424937082,0.0981021983,0.1424937082,0.4491781952
3,0.25,3.95,0.8,-0,false,,,,
3,0.25,3.95,0.8,-0.05,false,,,,
3,0.25,3.95,0.8,-0.1,false,,,,
3,0.25,3.95,0.8,-0.15,false,,,,
3,0.25,3.95,0.8,-0.2,false,,,,
3,0.25,3.95,0.8,-0.25,false,,,,
3,0.25,3.95,0.8,-0.3,false,,,,
3,0.25,3.95,0.8,-0.35,false,,,,
3,0.25,3.95,0.8,-0.4,false,,,,
3,0.25,3.95,0.8,-0.45,false,,,,
3,0.25,3.95,0.8,-0.5,false,,,,
3,0.25,3.95,0.8,-0.55,false,,,,
3,0.25,3.95,0.8,-0.6,false,,,,
3,0.25,3.95,0.8,-0.65,false,,,,
3,0.25,3.95,0.8,-0.7,false,,,,
3,0.25,3.95,0.8,-0.75,false,,,,
3,0.25,3.95,0.8,-0.8,false,,,,
3,0.25,3.95,0.8,-0.85,false,,,,
3,0.25,3.95,0.8,-0.9,false,,,,
3,0.25,3.95,0.8,-0.95,false,,,,
3,0.25,3.95,0.8,-1,false,,,,
3,0.25,3.95,0.6,-0,false,,,,
3,0.25,3.95,0.6,-0.05,false,,,,
3,0.25,3.95,0.6,-0.1,false,,,,
3,0.25,3.95,0.6,-0.15,false,,,,
3,0.25,3.95,0.6,-0.2,false,,,,
3,0.25,3.95,0.6,-0.25,false,,,,
3,0.25,3.95,0.6,-0.3,false,,,,
3,0.25,3.95,0.6,-0.35,false,,,,
3,0.25,3.95,0.6,-0.4,false,,,,
3,0.25,3.95,0.6,-0.45,false,,,,
3,0.25,3.95,0.6,-0.5,false,,,,
3,0.25,3.95,0.6,-0.55,false,,,,
3,0.25,3.95,0.6,-0.6,false,,,,
3,0.25,3.95,0.6,-0.65,false,,,,
3,0.25,3.95,0.6,-0.7,false,,,,
3,0.25,3.95,0.6,-0.75,false,,,,
3,0.25,3.95,0.6,-0.8,false,,,,
3,0.25,3.95,0.6,-0.85,false,,,,
3,0.25,3.95,0.6,-0.9,false,,,,
3,0.25,3.95,0.6,-0.95,false,,,,
3,0.25,3.95,0.6,-1,false,,,,
3,0.25,3.95,0.4,-0,false,,,,
3,0.25,3.95,0.4,-0.05,false,,,,
3,0.25,3.95,0.4,-0.1,false,,,,
3,0.25,3.95,0.4,-0.15,false,,,,
3,0.25,3.95,0.4,-0.2,false,,,,
3,0.25,3.95,0.4,-0.25,false,,,,
3,0.25,3.95,0.4,-0.3,false,,,,
3,0.25,3.95,0.4,-0.35,false,,,,
3,0.25,3.95,0.4,-0.4,false,,,,
3,0.25,3.95,0.4,-0.45,false,,,,
3,0.25,3.95,0.4,-0.5,false,,,,
3,0.25,3.95,0.4,-0.55,false,,,,
3,0.25,3.95,0.4,-0.6,false,,,,
3,0.25,3.95,0.4,-0.65,false,,,,
3,0.25,3.95,0.4,-0.7,false,,,,
3,0.25,3.95,0.4,-0.75,false,,,,
3,0.25,3.95,0.4,-0.8,false,,,,
3,0.25,3.95,0.4,-0.85,false,,,,
3,0.25,3.95,0.4,-0.9,false,,,,
3,0.25,3.95,0.4,-0.95,false,,,,
3,0.25,3.95,0.4,-1,false,,,,
3,0.25,3.95,0.2,-0,false,,,,
3,0.25,3.95,0.2,-0.05,false,,,,
3,0.25,3.95,0.2,-0.1,false,,,,
3,0.25,3.95,0.2,-0.15,false,,,,
3,0.25,3.95,0.2,-0.2,false,,,,
3,0.25,3.95,0.2,-0.25,false,,,,
3,0.25,3.95,0.2,-0.3,false,,,,
3,0.25,3.95,0.2,-0.35,false,,,,
3,0.25,3.95,0.2,-0.4,false,,,,
3,0.25,3.95,0.2,-0.45,false,,,,
3,0.25,3.95,0.2,-0.5,false,,,,
3,0.25,3.95,0.2,-0.55,false,,,,
3,0.25,3.95,0.2,-0.6,false,,,,
3,0.25,3.95,0.2,-0.65,false,,,,
3,0.25,3.95,0.2,-0.7,false,,,,
3,0.25,3.95,0.2,-0.75,false,,,,
3,0.25,3.95,0.2,-0.8,false,,,,
3,0.25,3.95,0.2,-0.85,false,,,,
3,0.25,3.95,0.2,-0.9,false,,,,
3,0.25,3.95,0.2,-0.95,false,,,,
3,0.25,3.95,0.2,-1,false,,,,
3,0.25,3.95,0,-0.05,false,,,,
3,0.25,3.95,0,-0.1,false,,,,
3,0.25,3.95,0,-0.15,false,,,,
3,0.25,3.95,0,-0.2,false,,,,
3,0.25,3.95,0,-0.25,false,,,,
3,0.25,3.95,0,-0.3,false,,,,
3,0.25,3.95,0,-0.35,false,,,,
3,0.25,3.95,0,-0.4,false,,,,
3,0.25,3.95,0,-0.45,false,,,,
3,0.25,3.95,0,-0.5,false,,,,
3,0.25,3.95,0,-0.55,false,,,,
3,0.25,3.95,0,-0.6,false,,,,
3,0.25,3.95,0,-0.65,false,,,,
3,0.25,3.95,0,-0.7,false,,,,
3,0.25,3.95,0,-0.75,false,,,,
3,0.25,3.95,0,-0.8,false,,,,
3,0.25,3.95,0,-0.85,false,,,,
3,0.25,3.95,0,-0.9,false,,,,
3,0.25,3.95,0,-0.95,false,,,,
3,0.25,3.95,0,-1,false,,,,
3,0.25,3.975,1,-0,true,0.06331025261,0.0387743367,0.06331025261,0.461866088
3,0.25,3.975,1,-0.05,true,0.06459061376,0.03936586356,0.06459061376,0.4618651632
3,0.25,3.975,1,-0.1,true,0.06627964685,0.04014619684,0.06627964685,0.4618639236
3,0.25,3.975,1,-0.15,true,0.06809283834,0.04098389131,0.06809283834,0.4618625673
3,0.25,3.975,1,-0.2,true,0.07011355175,0.04209871061,0.07011355175,0.460853445
3,0.25,3.975,1,-0.25,true,0.07248147695,0.0438781759,0.07248147695,0.4569766733
3,0.25,3.975,1,-0.3,true,0.07501408416,0.04578893945,0.07501408416,0.4526710631
3,0.25,3.975,1,-0.35,true,0.07772781648,0.04784449444,0.07772781648,0.4478697836
3,0.25,3.975,1,-0.4,true,0.08064122562,0.05006004878,0.08064122562,0.442492286
3,0.25,3.975,1,-0.45,true,0.0837753089,0.0524528013,0.0837753089,0.4364405686
3,0.25,3.975,1,-0.5,true,0.08715391374,0.05504227314,0.08715391374,0.4295941552
3,0.25,3.975,1,-0.55,true,0.09080422559,0.05785070735,0.09080422559,0.421803235
3,0.25,3.975,1,-0.6,true,0.09475736034,0.06090355388,0.09475736034,0.4128791307
3,0.25,3.975,1,-0.65,true,0.09904908796,0.06423006196,0.09904908796,0.4025807941
3,0.25,3.975,1,-0.7,true,0.1037207227,0.06786400863,0.1037207227,0.3905952534
3,0.25,3.975,1,-0.75,true,0.1090911475,0.07236307925,0.1090911475,0.4618697441
3,0.25,3.975,1,-0.8,true,0.1143807654,0.07619016095,0.1143807654,0.4602890207
3,0.25,3.975,1,-0.85,true,0.1204561293,0.08094068635,0.1204561293,0.457968055
3,0.25,3.975,1,-0.9,true,0.1271227331,0.08615892433,0.1271227331,0.4553513914
3,0.25,3.975,1,-0.95,true,0.1344722197,0.09192019388,0.1344722197,0.4523810504
3,0.25,3.975,1,-1,true,0.1426147516,0.09831492662,0.1426147516,0.4489846998
3,0.25,3.975,0.8,-0,false,,,,
3,0.25,3.975,0.8,-0.05,false,,,,
3,0.25,3.975,0.8,-0.1,false,,,,
3,0.25,3.975,0.8,-0.15,false,,,,
3,0.25,3.975,0.8,-0.2,false,,,,
3,0.25,3.975,0.8,-0.25,false,,,,
3,0.25,3.975,0.8,-0.3,false,,,,
3,0.25,3.975,0.8,-0.35,false,,,,
3,0.25,3.975,0.8,-0.4,false,,,,
3,0.25,3.975,0.8,-0.45,false,,,,
3,0.25,3.975,0.8,-0.5,false,,,,
3,0.25,3.975,0.8,-0.55,false,,,,
3,0.25,3.975,0.8,-0.6,false,,,,
3,0.25,3.975,0.8,-0.65,false,,,,
3,0.25,3.975,0.8,-0.7,false,,,,
3,0.25,3.975,0.8,-0.75,false,,,,
3,0.25,3.975,0.8,-0.8,false,,,,
3,0.25,3.975,0.8,-0.85,false,,,,
3,0.25,3.975,0.8,-0.9,false,,,,
3,0.25,3.975,0.8,-0.95,false,,,,
3,0.25,3.975,0.8,-1,false,,,,
3,0.25,3.975,0.6,-0,false,,,,
3,0.25,3.975,0.6,-0.05,false,,,,
3,0.25,3.975,0.6,-0.1,false,,,,
3,0.25,3.975,0.6,-0.15,false,,,,
3,0.25,3.975,0.6,-0.2,false,,,,
3,0.25,3.975,0.6,-0.25,false,,,,
3,0.25,3.975,0.6,-0.3,false,,,,
3,0.25,3.975,0.6,-0.35,false,,,,
3,0.25,3.975,0.6,-0.4,false,,,,
3,0.25,3.975,0.6,-0.45,false,,,,
3,0.25,3.975,0.6,-0.5,false,,,,
3,0.25,3.975,0.6,-0.55,false,,,,
3,0.25,3.975,0.6,-0.6,false,,,,
3,0.25,3.975,0.6,-0.65,false,,,,
3,0.25,3.975,0.6,-0.7,false,,,,
3,0.25,3.975,0.6,-0.75,false,,,,
3,0.25,3.975,0.6,-0.8,false,,,,
3,0.25,3.975,0.6,-0.85,false,,,,
3,0.25,3.975,0.6,-0.9,false,,,,
3,0.25,3.975,0.6,-0.95,false,,,,
3,0.25,3.975,0.6,-1,false,,,,
3,0.25,3.975,0.4,-0,false,,,,
3,0.25,3.975,0.4,-0.05,false,,,,
3,0.25,3.975,0.4,-0.1,false,,,,
3,0.25,3.975,0.4,-0.15,false,,,,
3,0.25,3.975,0.4,-0.2,false,,,,
3,0.25,3.975,0.4,-0.25,false,,,,
3,0.25,3.975,0.4,-0.3,false,,,,
3,0.25,3.975,0.4,-0.35,false,,,,
3,0.25,3.975,0.4,-0.4,false,,,,
3,0.25,3.975,0.4,-0.45,false,,,,
3,0.25,3.975,0.4,-0.5,false,,,,
3,0.25,3.975,0.4,-0.55,false,,,,
3,0.25,3.975,0.4,-0.6,false,,,,
3,0.25,3.975,0.4,-0.65,false,,,,
3,0.25,3.975,0.4,-0.7,false,,,,
3,0.25,3.975,0.4,-0.75,false,,,,
3,0.25,3.975,0.4,-0.8,false,,,,
3,0.25,3.975,0.4,-0.85,false,,,,
3,0.25,3.975,0.4,-0.9,false,,,,
3,0.25,3.975,0.4,-0.95,false,,,,
3,0.25,3.975,0.4,-1,false,,,,
3,0.25,3.975,0.2,-0,false,,,,
3,0.25,3.975,0.2,-0.05,false,,,,
3,0.25,3.975,0.2,-0.1,false,,,,
3,0.25,3.975,0.2,-0.15,false,,,,
3,0.25,3.975,0.2,-0.2,false,,,,
3,0.25,3.975,0.2,-0.25,false,,,,
3,0.25,3.975,0.2,-0.3,false,,,,
3,0.25,3.975,0.2,-0.35,false,,,,
3,0.25,3.975,0.2,-0.4,false,,,,
3,0.25,3.975,0.2,-0.45,false,,,,
3,0.25,3.975,0.2,-0.5,false,,,,
3,0.25,3.975,0.2,-0.55,false,,,,
3,0.25,3.975,0.2,-0.6,false,,,,
3,0.25,3.975,0.2,-0.65,false,,,,
3,0.25,3.975,0.2,-0.7,false,,,,
3,0.25,3.975,0.2,-0.75,false,,,,
3,0.25,3.975,0.2,-0.8,false,,,,
3,0.25,3.975,0.2,-0.85,false,,,,
3,0.25,3.975,0.2,-0.9,false,,,,
3,0.25,3.975,0.2,-0.95,false,,,,
3,0.25,3.975,0.2,-1,false,,,,
3,0.25,3.975,0,-0.05,false,,,,
3,0.25,3.975,0,-0.1,false,,,,
3,0.25,3.975,0,-0.15,false,,,,
3,0.25,3.975,0,-0.2,false,,,,
3,0.25,3.975,0,-0.25,false,,,,
3,0.25,3.975,0,-0.3,false,,,,
3,0.25,3.975,0,-0.35,false,,,,
3,0.25,3.975,0,-0.4,false,,,,
3,0.25,3.975,0,-0.45,false,,,,
3,0.25,3.975,0,-0.5,false,,,,
3,0.25,3.975,0,-0.55,false,,,,
3,0.25,3.975,0,-0.6,false,,,,
3,0.25,3.975,0,-0.65,false,,,,
3,0.25,3.975,0,-0.7,false,,,,
3,0.25,3.975,0,-0.75,false,,,,
3,0.25,3.975,0,-0.8,false,,,,
3,0.25,3.975,0,-0.85,false,,,,
3,0.25,3.975,0,-0.9,false,,,,
3,0.25,3.975,0,-0.95,false,,,,
3,0.25,3.975,0,-1,false,,,,
3,0.25,4,1,-0,true,0.06298360336,0.03806237556,0.06298360336,0.4648663219
3,0.25,4,1,-0.05,true,0.06429841228,0.03867376171,0.06429841228,0.4648653754
3,0.25,4,1,-0.1,true,0.06601864819,0.03947367141,0.06601864819,0.4648641167
3,0.25,4,1,-0.15,true,0.06794059361,0.04056731855,0.06794059361,0.4637644553
3,0.25,4,1,-0.2,true,0.07016222673,0.04223216155,0.07016222673,0.460236117
3,0.25,4,1,-0.25,true,0.07253402808,0.04401631364,0.07253402808,0.4563336029
3,0.25,4,1,-0.3,true,0.07507061169,0.04593178559,0.07507061169,0.4520007483
3,0.25,4,1,-0.35,true,0.0777884179,0.0479920713,0.0777884179,0.4471704386
3,0.25,4,1,-0.4,true,0.08070599578,0.05021237941,0.08070599578,0.4417617797
3,0.25,4,1,-0.45,true,0.08384434018,0.0526099095,0.08384434018,0.4356763445
3,0.25,4,1,-0.5,true,0.08722729613,0.05520418347,0.08722729613,0.4287931261
3,0.25,4,1,-0.55,true,0.09088204687,0.05801744511,0.09088204687,0.4209616425
3,0.25,4,1,-0.6,true,0.09483970617,0.06107514511,0.09483970617,0.4119923552
3,0.25,4,1,-0.65,true,0.09913604199,0.06440653348,0.09913604199,0.4016430917
3,0.25,4,1,-0.7,true,0.1038123667,0.06804538802,0.1038123667,0.3895993848
3,0.25,4,1,-0.75,true,0.1089162508,0.07203044537,0.1089162508,0.4621782943
3,0.25,4,1,-0.8,true,0.1144820276,0.07638144185,0.1144820276,0.4601050773
3,0.25,4,1,-0.85,true,0.1205623166,0.08113696245,0.1205623166,0.4577833822
3,0.25,4,1,-0.9,true,0.1272339207,0.0863602263,0.1272339207,0.4551662067
3,0.25,4,1,-0.95,true,0.1345884816,0.09212655318,0.1345884816,0.4521956238
3,0.25,4,1,-1,true,0.1427361603,0.09852637549,0.1427361603,0.4487993696
3,0.25,4,0.8,-0,false,,,,
3,0.25,4,0.8,-0.05,false,,,,
3,0.25,4,0.8,-0.1,false,,,,
3,0.25,4,0.8,-0.15,false,,,,
3,0.25,4,0.8,-0.2,false,,,,
3,0.25,4,0.8,-0.25,false,,,,
3,0.25,4,0.8,-0.3,false,,,,
3,0.25,4,0.8,-0.35,false,,,,
3,0.25,4,0.8,-0.4,false,,,,
3,0.25,4,0.8,-0.45,false,,,,
3,0.25,4,0.8,-0.5,false,,,,
3,0.25,4,0.8,-0.55,false,,,,
3,0.25,4,0.8,-0.6,false,,,,
3,0.25,4,0.8,-0.65,false,,,,
3,0.25,4,0.8,-0.7,false,,,,
3,0.25,4,0.8,-0.75,false,,,,
3,0.25,4,0.8,-0.8,false,,,,
3,0.25,4,0.8,-0.85,false,,,,
3,0.25,4,0.8,-0.9,false,,,,
3,0.25,4,0.8,-0.95,false,,,,
3,0.25,4,0.8,-1,false,,,,
3,0.25,4,0.6,-0,false,,,,
3,0.25,4,0.6,-0.05,false,,,,
3,0.25,4,0.6,-0.1,false,,,,
3,0.25,4,0.6,-0.15,false,,,,
3,0.25,4,0.6,-0.2,false,,,,
3,0.25,4,0.6,-0.25,false,,,,
3,0.25,4,0.6,-0.3,false,,,,
3,0.25,4,0.6,-0.35,false,,,,
3,0.25,4,0.6,-0.4,false,,,,
3,0.25,4,0.6,-0.45,false,,,,
3,0.25,4,0.6,-0.5,false,,,,
3,0.25,4,0.6,-0.55,false,,,,
3,0.25,4,0.6,-0.6,false,,,,
3,0.25,4,0.6,-0.65,false,,,,
3,0.25,4,0.6,-0.7,false,,,,
3,0.25,4,0.6,-0.75,false,,,,
3,0.25,4,0.6,-0.8,false,,,,
3,0.25,4,0.6,-0.85,false,,,,
3,0.25,4,0.6,-0.9,false,,,,
3,0.25,4,0.6,-0.95,false,,,,
3,0.25,4,0.6,-1,false,,,,
3,0.25,4,0.4,-0,false,,,,
3,0.25,4,0.4,-0.05,false,,,,
3,0.25,4,0.4,-0.1,false,,,,
3,0.25,4,0.4,-0.15,false,,,,
3,0.25,4,0.4,-0.2,false,,,,
3,0.25,4,0.4,-0.25,false,,,,
3,0.25,4,0.4,-0.3,false,,,,
3,0.25,4,0.4,-0.35,false,,,,
3,0.25,4,0.4,-0.4,false,,,,
3,0.25,4,0.4,-0.45,false,,,,
3,0.25,4,0.4,-0.5,false,,,,
3,0.25,4,0.4,-0.55,false,,,,
3,0.25,4,0.4,-0.6,false,,,,
3,0.25,4,0.4,-0.65,false,,,,
3,0.25,4,0.4,-0.7,false,,,,
3,0.25,4,0.4,-0.75,false,,,,
3,0.25,4,0.4,-0.8,false,,,,
3,0.25,4,0.4,-0.85,false,,,,
3,0.25,4,0.4,-0.9,false,,,,
3,0.25,4,0.4,-0.95,false,,,,
3,0.25,4,0.4,-1,false,,,,
3,0.25,4,0.2,-0,false,,,,
3,0.25,4,0.2,-0.05,false,,,,
3,0.25,4,0.2,-0.1,false,,,,
3,0.25,4,0.2,-0.15,false,,,,
3,0.25,4,0.2,-0.2,false,,,,
3,0.25,4,0.2,-0.25,false,,,,
3,0.25,4,0.2,-0.3,false,,,,
3,0.25,4,0.2,-0.35,false,,,,
3,0.25,4,0.2,-0.4,false,,,,
3,0.25,4,0.2,-0.45,false,,,,
3,0.25,4,0.2,-0.5,false,,,,
3,0.25,4,0.2,-0.55,false,,,,
3,0.25,4,0.2,-0.6,false,,,,
3,0.25,4,0.2,-0.65,false,,,,
3,0.25,4,0.2,-0.7,false,,,,
3,0.25,4,0.2,-0.75,false,,,,
3,0.25,4,0.2,-0.8,false,,,,
3,0.25,4,0.2,-0.85,false,,,,
3,0.25,4,0.2,-0.9,false,,,,
3,0.25,4,0.2,-0.95,false,,,,
3,0.25,4,0.2,-1,false,,,,
3,0.25,4,0,-0.05,false,,,,
3,0.25,4,0,-0.1,false,,,,
3,0.25,4,0,-0.15,false,,,,
3,0.25,4,0,-0.2,false,,,,
3,0.25,4,0,-0.25,false,,,,
3,0.25,4,0,-0.3,false,,,,
3,0.25,4,0,-0.35,false,,,,
3,0.25,4,0,-0.4,false,,,,
3,0.25,4,0,-0.45,false,,,,
3,0.25,4,0,-0.5,false,,,,
3,0.25,4,0,-0.55,false,,,,
3,0.25,4,0,-0.6,false,,,,
3,0.25,4,0,-0.65,false,,,,
3,0.25,4,0,-0.7,false,,,,
3,0.25,4,0,-0.75,false,,,,
3,0.25,4,0,-0.8,false,,,,
3,0.25,4,0,-0.85,false,,,,
3,0.25,4,0,-0.9,false,,,,
3,0.25,4,0,-0.95,false,,,,
3,0.25,4,0,-1,false,,,,
3,0.25,4.025,1,-0,true,0.06270563739,0.0373712383,0.06270563739,0.4678665203
3,0.25,4.025,1,-0.05,true,0.06404604027,0.03799854685,0.06404604027,0.4678655581
3,0.25,4.025,1,-0.1,true,0.06589780543,0.0391336526,0.06589780543,0.4664058872
3,0.25,4.025,1,-0.15,true,0.067985955,0.04069457164,0.067985955,0.4631808955
3,0.25,4.025,1,-0.2,true,0.07021135357,0.04236409697,0.07021135357,0.4596280392
3,0.25,4.025,1,-0.25,true,0.07258702357,0.04415295203,0.07258702357,0.4556997442
3,0.25,4.025,1,-0.3,true,0.07512757611,0.04607314828,0.07512757611,0.4513396107
3,0.25,4.025,1,-0.35,true,0.07784944876,0.04813818039,0.07784944876,0.446480241
3,0.25,4.025,1,-0.4,true,0.08077118798,0.05036325773,0.08077118798,0.441040396
3,0.25,4.025,1,-0.45,true,0.08391378611,0.05276558063,0.08391378611,0.4349212236
3,0.25,4.025,1,-0.5,true,0.08730108583,0.05536467172,0.08730108583,0.4280011863
3,0.25,4.025,1,-0.55,true,0.09096026814,0.05818277556,0.09096026814,0.4201291316
3,0.25,4.025,1,-0.6,true,0.0949224447,0.06124534361,0.0949224447,0.4111146598
3,0.25,4.025,1,-0.65,true,0.09922338147,0.0645816266,0.09922338147,0.4007144741
3,0.25,4.025,1,-0.7,true,0.103904389,0.06822540313,0.103904389,0.3886126111
3,0.25,4.025,1,-0.75,true,0.1090130358,0.0722154106,0.1090130358,0.4620036152
3,0.25,4.025,1,-0.8,true,0.1145836538,0.0765713861,0.1145836538,0.4599294285
3,0.25,4.025,1,-0.85,true,0.1206688607,0.0813319154,0.1206688607,0.4576069456
3,0.25,4.025,1,-0.9,true,0.127345458,0.08656021841,0.127345458,0.4549892057
3,0.25,4.025,1,-0.95,true,0.134705086,0.09233161569,0.134705086,0.4520183346
3,0.25,4.025,1,-1,true,0.1428579045,0.09873654045,0.1428579045,0.4486221377
3,0.25,4.025,0.8,-0,false,,,,
3,0.25,4.025,0.8,-0.05,false,,,,
3,0.25,4.025,0.8,-0.1,false,,,,
3,0.25,4.025,0.8,-0.15,false,,,,
3,0.25,4.025,0.8,-0.2,false,,,,
3,0.25,4.025,0.8,-0.25,false,,,,
3,0.25,4.025,0.8,-0.3,false,,,,
3,0.25,4.025,0.8,-0.35,false,,,,
3,0.25,4.025,0.8,-0.4,false,,,,
3,0.25,4.025,0.8,-0.45,false,,,,
3,0.25,4.025,0.8,-0.5,false,,,,
3,0.25,4.025,0.8,-0.55,false,,,,
3,0.25,4.025,0.8,-0.6,false,,,,
3,0.25,4.025,0.8,-0.65,false,,,,
3,0.25,4.025,0.8,-0.7,false,,,,
3,0.25,4.025,0.8,-0.75,false,,,,
3,0.25,4.025,0.8,-0.8,false,,,,
3,0.25,4.025,0.8,-0.85,false,,,,
3,0.25,4.025,0.8,-0.9,false,,,,
3,0.25,4.025,0.8,-0.95,false,,,,
3,0.25,4.025,0.8,-1,false,,,,
3,0.25,4.025,0.6,-0,false,,,,
3,0.25,4.025,0.6,-0.05,false,,,,
3,0.25,4.025,0.6,-0.1,false,,,,
3,0.25,4.025,0.6,-0.15,false,,,,
3,0.25,4.025,0.6,-0.2,false,,,,
3,0.25,4.025,0.6,-0.25,false,,,,
3,0.25,4.025,0.6,-0.3,false,,,,
3,0.25,4.025,0.6,-0.35,false,,,,
3,0.25,4.025,0.6,-0.4,false,,,,
3,0.25,4.025,0.6,-0.45,false,,,,
3,0.25,4.025,0.6,-0.5,false,,,,
3,0.25,4.025,0.6,-0.55,false,,,,
3,0.25,4.025,0.6,-0.6,false,,,,
3,0.25,4.025,0.6,-0.65,false,,,,
3,0.25,4.025,0.6,-0.7,false,,,,
3,0.25,4.025,0.6,-0.75,false,,,,
3,0.25,4.025,0.6,-0.8,false,,,,
3,0.25,4.025,0.6,-0.85,false,,,,
3,0.25,4.025,0.6,-0.9,false,,,,
3,0.25,4.025,0.6,-0.95,false,,,,
3,0.25,4.025,0.6,-1,false,,,,
3,0.25,4.025,0.4,-0,false,,,,
3,0.25,4.025,0.4,-0.05,false,,,,
3,0.25,4.025,0.4,-0.1,false,,,,
3,0.25,4.025,0.4,-0.15,false,,,,
3,0.25,4.025,0.4,-0.2,false,,,,
3,0.25,4.025,0.4,-0.25,false,,,,
3,0.25,4.025,0.4,-0.3,false,,,,
3,0.25,4.025,0.4,-0.35,false,,,,
3,0.25,4.025,0.4,-0.4,false,,,,
3,0.25,4.025,0.4,-0.45,false,,,,
3,0.25,4.025,0.4,-0.5,false,,,,
3,0.25,4.025,0.4,-0.55,false,,,,
3,0.25,4.025,0.4,-0.6,false,,,,
3,0.25,4.025,0.4,-0.65,false,,,,
3,0.25,4.025,0.4,-0.7,false,,,,
3,0.25,4.025,0.4,-0.75,false,,,,
3,0.25,4.025,0.4,-0.8,false,,,,
3,0.25,4.025,0.4,-0.85,false,,,,
3,0.25,4.025,0.4,-0.9,false,,,,
3,0.25,4.025,0.4,-0.95,false,,,,
3,0.25,4.025,0.4,-1,false,,,,
3,0.25,4.025,0.2,-0,false,,,,
3,0.25,4.025,0.2,-0.05,false,,,,
3,0.25,4.025,0.2,-0.1,false,,,,
3,0.25,4.025,0.2,-0.15,false,,,,
3,0.25,4.025,0.2,-0.2,false,,,,
3,0.25,4.025,0.2,-0.25,false,,,,
3,0.25,4.025,0.2,-0.3,false,,,,
3,0.25,4.025,0.2,-0.35,false,,,,
3,0.25,4.025,0.2,-0.4,false,,,,
3,0.25,4.025,0.2,-0.45,false,,,,
3,0.25,4.025,0.2,-0.5,false,,,,
3,0.25,4.025,0.2,-0.55,false,,,,
3,0.25,4.025,0.2,-0.6,false,,,,
3,0.25,4.025,0.2,-0.65,false,,,,
3,0.25,4.025,0.2,-0.7,false,,,,
3,0.25,4.025,0.2,-0.75,false,,,,
3,0.25,4.025,0.2,-0.8,false,,,,
3,0.25,4.025,0.2,-0.85,false,,,,
3,0.25,4.025,0.2,-0.9,false,,,,
3,0.25,4.025,0.2,-0.95,false,,,,
3,0.25,4.025,0.2,-1,false,,,,
3,0.25,4.025,0,-0.05,false,,,,
3,0.25,4.025,0,-0.1,false,,,,
3,0.25,4.025,0,-0.15,false,,,,
3,0.25,4.025,0,-0.2,false,,,,
3,0.25,4.025,0,-0.25,false,,,,
3,0.25,4.025,0,-0.3,false,,,,
3,0.25,4.025,0,-0.35,false,,,,
3,0.25,4.025,0,-0.4,false,,,,
3,0.25,4.025,0,-0.45,false,,,,
3,0.25,4.025,0,-0.5,false,,,,
3,0.25,4.025,0,-0.55,false,,,,
3,0.25,4.025,0,-0.6,false,,,,
3,0.25,4.025,0,-0.65,false,,,,
3,0.25,4.025,0,-0.7,false,,,,
3,0.25,4.025,0,-0.75,false,,,,
3,0.25,4.025,0,-0.8,false,,,,
3,0.25,4.025,0,-0.85,false,,,,
3,0.25,4.025,0,-0.9,false,,,,
3,0.25,4.025,0,-0.95,false,,,,
3,0.25,4.025,0,-1,false,,,,
3,0.25,4.05,1,-0,true,0.06246991745,0.03669833112,0.06246991745,0.4708666881
3,0.25,4.05,1,-0.05,true,0.06397385533,0.03778810972,0.06397385533,0.4688152326
3,0.25,4.05,1,-0.1,true,0.06593993351,0.03925468349,0.06593993351,0.4658550773
3,0.25,4.05,1,-0.15,true,0.06803173537,0.04082028198,0.06803173537,0.462606588
3,0.25,4.05,1,-0.2,true,0.07026089253,0.04249450641,0.07026089253,0.4590291715
3,0.25,4.05,1,-0.25,true,0.07264042433,0.04428808094,0.07264042433,0.4550750573
3,0.25,4.05,1,-0.3,true,0.07518493897,0.04621301778,0.07518493897,0.450687611
3,0.25,4.05,1,-0.35,true,0.07791087128,0.04828281233,0.07791087128,0.4457991521
3,0.25,4.05,1,-0.4,true,0.08083676507,0.0505126747,0.08083676507,0.4403280969
3,0.25,4.05,1,-0.45,true,0.0839836102,0.05291980599,0.0839836102,0.4341751685
3,0.25,4.05,1,-0.5,true,0.08737524699,0.05552372957,0.08737524699,0.4272182995
3,0.25,4.05,1,-0.55,true,0.0910388542,0.05834669074,0.0910388542,0.4193056669
3,0.25,4.05,1,-0.6,true,0.09500554136,0.06141414173,0.09500554136,0.4102460102
3,0.25,4.05,1,-0.65,true,0.09931107246,0.06475533405,0.09931107246,0.3997949082
3,0.25,4.05,1,-0.7,true,0.1039967561,0.06840404705,0.1039967561,0.3876349007
3,0.25,4.05,1,-0.75,true,0.1091101592,0.0723990189,0.1091101592,0.461837224
3,0.25,4.05,1,-0.8,true,0.1146856117,0.07675998747,0.1146856117,0.4597620056
3,0.25,4.05,1,-0.85,true,0.1207757301,0.0815255393,0.1207757301,0.4574386779
3,0.25,4.05,1,-0.9,true,0.1274573141,0.08675889511,0.1274573141,0.4548203221
3,0.25,4.05,1,-0.95,true,0.1348220029,0.09253537623,0.1348220029,0.4518491179
3,0.25,4.05,1,-1,true,0.1429799547,0.09894541666,0.1429799547,0.4484529406
3,0.25,4.05,0.8,-0,false,,,,
3,0.25,4.05,0.8,-0.05,false,,,,
3,0.25,4.05,0.8,-0.1,false,,,,
3,0.25,4.05,0.8,-0.15,false,,,,
3,0.25,4.05,0.8,-0.2,false,,,,
3,0.25,4.05,0.8,-0.25,false,,,,
3,0.25,4.05,0.8,-0.3,false,,,,
3,0.25,4.05,0.8,-0.35,false,,,,
3,0.25,4.05,0.8,-0.4,false,,,,
3,0.25,4.05,0.8,-0.45,false,,,,
3,0.25,4.05,0.8,-0.5,false,,,,
3,0.25,4.05,0.8,-0.55,false,,,,
3,0.25,4.05,0.8,-0.6,false,,,,
3,0.25,4.05,0.8,-0.65,false,,,,
3,0.25,4.05,0.8,-0.7,false,,,,
3,0.25,4.05,0.8,-0.75,false,,,,
3,0.25,4.05,0.8,-0.8,false,,,,
3,0.25,4.05,0.8,-0.85,false,,,,
3,0.25,4.05,0.8,-0.9,false,,,,
3,0.25,4.05,0.8,-0.95,false,,,,
3,0.25,4.05,0.8,-1,false,,,,
3,0.25,4.05,0.6,-0,false,,,,
3,0.25,4.05,0.6,-0.05,false,,,,
3,0.25,4.05,0.6,-0.1,false,,,,
3,0.25,4.05,0.6,-0.15,false,,,,
3,0.25,4.05,0.6,-0.2,false,,,,
3,0.25,4.05,0.6,-0.25,false,,,,
3,0.25,4.05,0.6,-0.3,false,,,,
3,0.25,4.05,0.6,-0.35,false,,,,
3,0.25,4.05,0.6,-0.4,false,,,,
3,0.25,4.05,0.6,-0.45,false,,,,
3,0.25,4.05,0.6,-0.5,false,,,,
3,0.25,4.05,0.6,-0.55,false,,,,
3,0.25,4.05,0.6,-0.6,false,,,,
3,0.25,4.05,0.6,-0.65,false,,,,
3,0.25,4.05,0.6,-0.7,false,,,,
3,0.25,4.05,0.6,-0.75,false,,,,
3,0.25,4.05,0.6,-0.8,false,,,,
3,0.25,4.05,0.6,-0.85,false,,,,
3,0.25,4.05,0.6,-0.9,false,,,,
3,0.25,4.05,0.6,-0.95,false,,,,
3,0.25,4.05,0.6,-1,false,,,,
3,0.25,4.05,0.4,-0,false,,,,
3,0.25,4.05,0.4,-0.05,false,,,,
3,0.25,4.05,0.4,-0.1,false,,,,
3,0.25,4.05,0.4,-0.15,false,,,,
3,0.25,4.05,0.4,-0.2,false,,,,
3,0.25,4.05,0.4,-0.25,false,,,,
3,0.25,4.05,0.4,-0.3,false,,,,
3,0.25,4.05,0.4,-0.35,false,,,,
3,0.25,4.05,0.4,-0.4,false,,,,
3,0.25,4.05,0.4,-0.45,false,,,,
3,0.25,4.05,0.4,-0.5,false,,,,
3,0.25,4.05,0.4,-0.55,false,,,,
3,0.25,4.05,0.4,-0.6,false,,,,
3,0.25,4.05,0.4,-0.65,false,,,,
3,0.25,4.05,0.4,-0.7,false,,,,
3,0.25,4.05,0.4,-0.75,false,,,,
3,0.25,4.05,0.4,-0.8,false,,,,
3,0.25,4.05,0.4,-0.85,false,,,,
3,0.25,4.05,0.4,-0.9,false,,,,
3,0.25,4.05,0.4,-0.95,false,,,,
3,0.25,4.05,0.4,-1,false,,,,
3,0.25,4.05,0.2,-0,false,,,,
3,0.25,4.05,0.2,-0.05,false,,,,
3,0.25,4.05,0.2,-0.1,false,,,,
3,0.25,4.05,0.2,-0.15,false,,,,
3,0.25,4.05,0.2,-0.2,false,,,,
3,0.25,4.05,0.2,-0.25,false,,,,
3,0.25,4.05,0.2,-0.3,false,,,,
3,0.25,4.05,0.2,-0.35,false,,,,
3,0.25,4.05,0.2,-0.4,false,,,,
3,0.25,4.05,0.2,-0.45,false,,,,
3,0.25,4.05,0.2,-0.5,false,,,,
3,0.25,4.05,0.2,-0.55,false,,,,
3,0.25,4.05,0.2,-0.6,false,,,,
3,0.25,4.05,0.2,-0.65,false,,,,
3,0.25,4.05,0.2,-0.7,false,,,,
3,0.25,4.05,0.2,-0.75,false,,,,
3,0.25,4.05,0.2,-0.8,false,,,,
3,0.25,4.05,0.2,-0.85,false,,,,
3,0.25,4.05,0.2,-0.9,false,,,,
3,0.25,4.05,0.2,-0.95,false,,,,
3,0.25,4.05,0.2,-1,false,,,,
3,0.25,4.05,0,-0.05,false,,,,
3,0.25,4.05,0,-0.1,false,,,,
3,0.25,4.05,0,-0.15,false,,,,
3,0.25,4.05,0,-0.2,false,,,,
3,0.25,4.05,0,-0.25,false,,,,
3,0.25,4.05,0,-0.3,false,,,,
3,0.25,4.05,0,-0.35,false,,,,
3,0.25,4.05,0,-0.4,false,,,,
3,0.25,4.05,0,-0.45,false,,,,
3,0.25,4.05,0,-0.5,false,,,,
3,0.25,4.05,0,-0.55,false,,,,
3,0.25,4.05,0,-0.6,false,,,,
3,0.25,4.05,0,-0.65,false,,,,
3,0.25,4.05,0,-0.7,false,,,,
3,0.25,4.05,0,-0.75,false,,,,
3,0.25,4.05,0,-0.8,false,,,,
3,0.25,4.05,0,-0.85,false,,,,
3,0.25,4.05,0,-0.9,false,,,,
3,0.25,4.05,0,-0.95,false,,,,
3,0.25,4.05,0,-1,false,,,,
3,0.25,4.075,1,-0,true,0.06247698648,0.03672022137,0.06247698648,0.4707677046
3,0.25,4.075,1,-0.05,true,0.06401283197,0.03790289107,0.06401283197,0.4682963338
3,0.25,4.075,1,-0.1,true,0.06598244668,0.03937414299,0.06598244668,0.4653135283
3,0.25,4.075,1,-0.15,true,0.0680778946,0.04094443829,0.0680778946,0.4620414959
3,0.25,4.075,1,-0.2,true,0.07031080412,0.04262337894,0.07031080412,0.4584394775
3,0.25,4.075,1,-0.25,true,0.07269419153,0.04442168981,0.07269419153,0.4544595063
3,0.25,4.075,1,-0.3,true,0.07524266212,0.04635138388,0.07524266212,0.4500447139
3,0.25,4.075,1,-0.35,true,0.07797264794,0.04842595727,0.07797264794,0.4451271371
3,0.25,4.075,1,-0.4,true,0.08090269018,0.05066062086,0.08090269018,0.4396248481
3,0.25,4.075,1,-0.45,true,0.08405377622,0.05307257648,0.08405377622,0.4334381457
3,0.25,4.075,1,-0.5,true,0.08744974401,0.05568134826,0.08744974401,0.426444433
3,0.25,4.075,1,-0.55,true,0.09111777007,0.05850918226,0.09111777007,0.4184912169
3,0.25,4.075,1,-0.6,true,0.09508896184,0.06158153147,0.09508896184,0.4093863761
3,0.25,4.075,1,-0.65,true,0.09939908128,0.06492764816,0.09939908128,0.398884365
3,0.25,4.075,1,-0.7,true,0.1040894351,0.06858131246,0.1040894351,0.3866662266
3,0.25,4.075,1,-0.75,true,0.1092075885,0.0725812633,0.1092075885,0.4616790541
3,0.25,4.075,1,-0.8,true,0.1147878697,0.07694723934,0.1147878697,0.4596027431
3,0.25,4.075,1,-0.85,true,0.1208828936,0.08171782791,0.1208828936,0.457278515
3,0.25,4.075,1,-0.9,true,0.1275694585,0.08695625049,0.1275694585,0.4546594932
3,0.25,4.075,1,-0.95,true,0.1349392021,0.09273782922,0.1349392021,0.451687912
3,0.25,4.075,1,-1,true,0.1431022816,0.0991529989,0.1431022816,0.4482917177
3,0.25,4.075,0.8,-0,false,,,,
3,0.25,4.075,0.8,-0.05,false,,,,
3,0.25,4.075,0.8,-0.1,false,,,,
3,0.25,4.075,0.8,-0.15,false,,,,
3,0.25,4.075,0.8,-0.2,false,,,,
3,0.25,4.075,0.8,-0.25,false,,,,
3,0.25,4.075,0.8,-0.3,false,,,,
3,0.25,4.075,0.8,-0.35,false,,,,
3,0.25,4.075,0.8,-0.4,false,,,,
3,0.25,4.075,0.8,-0.45,false,,,,
3,0.25,4.075,0.8,-0.5,false,,,,
3,0.25,4.075,0.8,-0.55,false,,,,
3,0.25,4.075,0.8,-0.6,false,,,,
3,0.25,4.075,0.8,-0.65,false,,,,
3,0.25,4.075,0.8,-0.7,false,,,,
3,0.25,4.075,0.8,-0.75,false,,,,
3,0.25,4.075,0.8,-0.8,false,,,,
3,0.25,4.075,0.8,-0.85,false,,,,
3,0.25,4.075,0.8,-0.9,false,,,,
3,0.25,4.075,0.8,-0.95,false,,,,
3,0.25,4.075,0.8,-1,false,,,,
3,0.25,4.075,0.6,-0,false,,,,
3,0.25,4.075,0.6,-0.05,false,,,,
3,0.25,4.075,0.6,-0.1,false,,,,
3,0.25,4.075,0.6,-0.15,false,,,,
3,0.25,4.075,0.6,-0.2,false,,,,
3,0.25,4.075,0.6,-0.25,false,,,,
3,0.25,4.075,0.6,-0.3,false,,,,
3,0.25,4.075,0.6,-0.35,false,,,,
3,0.25,4.075,0.6,-0.4,false,,,,
3,0.25,4.075,0.6,-0.45,false,,,,
3,0.25,4.075,0.6,-0.5,false,,,,
3,0.25,4.075,0.6,-0.55,false,,,,
3,0.25,4.075,0.6,-0.6,false,,,,
3,0.25,4.075,0.6,-0.65,false,,,,
3,0.25,4.075,0.6,-0.7,false,,,,
3,0.25,4.075,0.6,-0.75,false,,,,
3,0.25,4.075,0.6,-0.8,false,,,,
3,0.25,4.075,0.6,-0.85,false,,,,
3,0.25,4.075,0.6,-0.9,false,,,,
3,0.25,4.075,0.6,-0.95,false,,,,
3,0.25,4.075,0.6,-1,false,,,,
3,0.25,4.075,0.4,-0,false,,,,
3,0.25,4.075,0.4,-0.05,false,,,,
3,0.25,4.075,0.4,-0.1,false,,,,
3,0.25,4.075,0.4,-0.15,false,,,,
3,0.25,4.075,0.4,-0.2,false,,,,
3,0.25,4.075,0.4,-0.25,false,,,,
3,0.25,4.075,0.4,-0.3,false,,,,
3,0.25,4.075,0.4,-0.35,false,,,,
3,0.25,4.075,0.4,-0.4,false,,,,
3,0.25,4.075,0.4,-0.45,false,,,,
3,0.25,4.075,0.4,-0.5,false,,,,
3,0.25,4.075,0.4,-0.55,false,,,,
3,0.25,4.075,0.4,-0.6,false,,,,
3,0.25,4.075,0.4,-0.65,false,,,,
3,0.25,4.075,0.4,-0.7,false,,,,
3,0.25,4.075,0.4,-0.75,false,,,,
3,0.25,4.075,0.4,-0.8,false,,,,
3,0.25,4.075,0.4,-0.85,false,,,,
3,0.25,4.075,0.4,-0.9,false,,,,
3,0.25,4.075,0.4,-0.95,false,,,,
3,0.25,4.075,0.4,-1,false,,,,
3,0.25,4.075,0.2,-0,false,,,,
3,0.25,4.075,0.2,-0.05,false,,,,
3,0.25,4.075,0.2,-0.1,false,,,,
3,0.25,4.075,0.2,-0.15,false,,,,
3,0.25,4.075,0.2,-0.2,false,,,,
3,0.25,4.075,0.2,-0.25,false,,,,
3,0.25,4.075,0.2,-0.3,false,,,,
3,0.25,4.075,0.2,-0.35,false,,,,
3,0.25,4.075,0.2,-0.4,false,,,,
3,0.25,4.075,0.2,-0.45,false,,,,
3,0.25,4.075,0.2,-0.5,false,,,,
3,0.25,4.075,0.2,-0.55,false,,,,
3,0.25,4.075,0.2,-0.6,false,,,,
3,0.25,4.075,0.2,-0.65,false,,,,
3,0.25,4.075,0.2,-0.7,false,,,,
3,0.25,4.075,0.2,-0.75,false,,,,
3,0.25,4.075,0.2,-0.8,false,,,,
3,0.25,4.075,0.2,-0.85,false,,,,
3,0.25,4.075,0.2,-0.9,false,,,,
3,0.25,4.075,0.2,-0.95,false,,,,
3,0.25,4.075,0.2,-1,false,,,,
3,0.25,4.075,0,-0.05,false,,,,
3,0.25,4.075,0,-0.1,false,,,,
3,0.25,4.075,0,-0.15,false,,,,
3,0.25,4.075,0,-0.2,false,,,,
3,0.25,4.075,0,-0.25,false,,,,
3,0.25,4.075,0,-0.3,false,,,,
3,0.25,4.075,0,-0.35,false,,,,
3,0.25,4.075,0,-0.4,false,,,,
3,0.25,4.075,0,-0.45,false,,,,
3,0.25,4.075,0,-0.5,false,,,,
3,0.25,4.075,0,-0.55,false,,,,
3,0.25,4.075,0,-0.6,false,,,,
3,0.25,4.075,0,-0.65,false,,,,
3,0.25,4.075,0,-0.7,false,,,,
3,0.25,4.075,0,-0.75,false,,,,
3,0.25,4.075,0,-0.8,false,,,,
3,0.25,4.075,0,-0.85,false,,,,
3,0.25,4.075,0,-0.9,false,,,,
3,0.25,4.075,0,-0.95,false,,,,
3,0.25,4.075,0,-1,false,,,,
3,0.25,4.1,1,-0,true,0.06251289528,0.03682872278,0.06251289528,0.4702791552
3,0.25,4.1,1,-0.05,true,0.06405215877,0.03801607092,0.06405215877,0.4677867111
3,0.25,4.1,1,-0.1,true,0.06602530441,0.03949201897,0.06602530441,0.4647812068
3,0.25,4.1,1,-0.15,true,0.0681243928,0.04106702883,0.0681243928,0.461485586
3,0.25,4.1,1,-0.2,true,0.07036104912,0.04275070318,0.07036104912,0.4578589244
3,0.25,4.1,1,-0.25,true,0.07274828659,0.04455376765,0.07274828659,0.453853059
3,0.25,4.1,1,-0.3,true,0.0753007076,0.04648823596,0.0753007076,0.4494108875
3,0.25,4.1,1,-0.35,true,0.07803474144,0.04856760497,0.07803474144,0.4444641648
3,0.25,4.1,1,-0.4,true,0.08096892667,0.05080708631,0.08096892667,0.4389306192
3,0.25,4.1,1,-0.45,true,0.08412424816,0.05322388257,0.08412424816,0.4327101257
3,0.25,4.1,1,-0.5,true,0.08752454153,0.05583751863,0.08752454153,0.4256795581
3,0.25,4.1,1,-0.55,true,0.09119698105,0.05867024132,0.09119698105,0.4176857538
3,0.25,4.1,1,-0.6,true,0.09517267202,0.06174750438,0.09517267202,0.408535731
3,0.25,4.1,1,-0.65,true,0.09948737445,0.06509856085,0.09948737445,0.3979828199
3,0.25,4.1,1,-0.7,true,0.1041823932,0.06875719164,0.1041823932,0.3857065658
3,0.25,4.1,1,-0.75,true,0.1093052915,0.07276213645,0.1093052915,0.461529042
3,0.25,4.1,1,-0.8,true,0.1148903961,0.07713313472,0.1148903961,0.459451579
3,0.25,4.1,1,-0.85,true,0.1209903203,0.08190877457,0.1209903203,0.4571263957
3,0.25,4.1,1,-0.9,true,0.1276818608,0.08715227826,0.1276818608,0.4545066591
3,0.25,4.1,1,-0.95,true,0.1350566541,0.09293896874,0.1350566541,0.4515346584
3,0.25,4.1,1,-1,true,0.1432248559,0.09935928159,0.1432248559,0.4481384117
3,0.25,4.1,0.8,-0,false,,,,
3,0.25,4.1,0.8,-0.05,false,,,,
3,0.25,4.1,0.8,-0.1,false,,,,
3,0.25,4.1,0.8,-0.15,false,,,,
3,0.25,4.1,0.8,-0.2,false,,,,
3,0.25,4.1,0.8,-0.25,false,,,,
3,0.25,4.1,0.8,-0.3,false,,,,
3,0.25,4.1,0.8,-0.35,false,,,,
3,0.25,4.1,0.8,-0.4,false,,,,
3,0.25,4.1,0.8,-0.45,false,,,,
3,0.25,4.1,0.8,-0.5,false,,,,
3,0.25,4.1,0.8,-0.55,false,,,,
3,0.25,4.1,0.8,-0.6,false,,,,
3,0.25,4.1,0.8,-0.65,false,,,,
3,0.25,4.1,0.8,-0.7,false,,,,
3,0.25,4.1,0.8,-0.75,false,,,,
3,0.25,4.1,0.8,-0.8,false,,,,
3,0.25,4.1,0.8,-0.85,false,,,,
3,0.25,4.1,0.8,-0.9,false,,,,
3,0.25,4.1,0.8,-0.95,false,,,,
3,0.25,4.1,0.8,-1,false,,,,
3,0.25,4.1,0.6,-0,false,,,,
3,0.25,4.1,0.6,-0.05,false,,,,
3,0.25,4.1,0.6,-0.1,false,,,,
3,0.25,4.1,0.6,-0.15,false,,,,
3,0.25,4.1,0.6,-0.2,false,,,,
3,0.25,4.1,0.6,-0.25,false,,,,
3,0.25,4.1,0.6,-0.3,false,,,,
3,0.25,4.1,0.6,-0.35,false,,,,
3,0.25,4.1,0.6,-0.4,false,,,,
3,0.25,4.1,0.6,-0.45,false,,,,
3,0.25,4.1,0.6,-0.5,false,,,,
3,0.25,4.1,0.6,-0.55,false,,,,
3,0.25,4.1,0.6,-0.6,false,,,,
3,0.25,4.1,0.6,-0.65,false,,,,
3,0.25,4.1,0.6,-0.7,false,,,,
3,0.25,4.1,0.6,-0.75,false,,,,
3,0.25,4.1,0.6,-0.8,false,,,,
3,0.25,4.1,0.6,-0.85,false,,,,
3,0.25,4.1,0.6,-0.9,false,,,,
3,0.25,4.1,0.6,-0.95,false,,,,
3,0.25,4.1,0.6,-1,false,,,,
3,0.25,4.1,0.4,-0,false,,,,
3,0.25,4.1,0.4,-0.05,false,,,,
3,0.25,4.1,0.4,-0.1,false,,,,
3,0.25,4.1,0.4,-0.15,false,,,,
3,0.25,4.1,0.4,-0.2,false,,,,
3,0.25,4.1,0.4,-0.25,false,,,,
3,0.25,4.1,0.4,-0.3,false,,,,
3,0.25,4.1,0.4,-0.35,false,,,,
3,0.25,4.1,0.4,-0.4,false,,,,
3,0.25,4.1,0.4,-0.45,false,,,,
3,0.25,4.1,0.4,-0.5,false,,,,
3,0.25,4.1,0.4,-0.55,false,,,,
3,0.25,4.1,0.4,-0.6,false,,,,
3,0.25,4.1,0.4,-0.65,false,,,,
3,0.25,4.1,0.4,-0.7,false,,,,
3,0.25,4.1,0.4,-0.75,false,,,,
3,0.25,4.1,0.4,-0.8,false,,,,
3,0.25,4.1,0.4,-0.85,false,,,,
3,0.25,4.1,0.4,-0.9,false,,,,
3,0.25,4.1,0.4,-0.95,false,,,,
3,0.25,4.1,0.4,-1,false,,,,
3,0.25,4.1,0.2,-0,false,,,,
3,0.25,4.1,0.2,-0.05,false,,,,
3,0.25,4.1,0.2,-0.1,false,,,,
3,0.25,4.1,0.2,-0.15,false,,,,
3,0.25,4.1,0.2,-0.2,false,,,,
3,0.25,4.1,0.2,-0.25,false,,,,
3,0.25,4.1,0.2,-0.3,false,,,,
3,0.25,4.1,0.2,-0.35,false,,,,
3,0.25,4.1,0.2,-0.4,false,,,,
3,0.25,4.1,0.2,-0.45,false,,,,
3,0.25,4.1,0.2,-0.5,false,,,,
3,0.25,4.1,0.2,-0.55,false,,,,
3,0.25,4.1,0.2,-0.6,false,,,,
3,0.25,4.1,0.2,-0.65,false,,,,
3,0.25,4.1,0.2,-0.7,false,,,,
3,0.25,4.1,0.2,-0.75,false,,,,
3,0.25,4.1,0.2,-0.8,false,,,,
3,0.25,4.1,0.2,-0.85,false,,,,
3,0.25,4.1,0.2,-0.9,false,,,,
3,0.25,4.1,0.2,-0.95,false,,,,
3,0.25,4.1,0.2,-1,false,,,,
3,0.25,4.1,0,-0.05,false,,,,
3,0.25,4.1,0,-0.1,false,,,,
3,0.25,4.1,0,-0.15,false,,,,
3,0.25,4.1,0,-0.2,false,,,,
3,0.25,4.1,0,-0.25,false,,,,
3,0.25,4.1,0,-0.3,false,,,,
3,0.25,4.1,0,-0.35,false,,,,
3,0.25,4.1,0,-0.4,false,,,,
3,0.25,4.1,0,-0.45,false,,,,
3,0.25,4.1,0,-0.5,false,,,,
3,0.25,4.1,0,-0.55,false,,,,
3,0.25,4.1,0,-0.6,false,,,,
3,0.25,4.1,0,-0.65,false,,,,
3,0.25,4.1,0,-0.7,false,,,,
3,0.25,4.1,0,-0.75,false,,,,
3,0.25,4.1,0,-0.8,false,,,,
3,0.25,4.1,0,-0.85,false,,,,
3,0.25,4.1,0,-0.9,false,,,,
3,0.25,4.1,0,-0.95,false,,,,
3,0.25,4.1,0,-1,false,,,,
3,0.25,4.125,1,-0,true,0.06254911826,0.03693559109,0.06254911826,0.4697999182
3,0.25,4.125,1,-0.05,true,0.06409179478,0.0381276363,0.06409179478,0.4672863341
3,0.25,4.125,1,-0.1,true,0.06606846639,0.03960829885,0.06606846639,0.4642580827
3,0.25,4.125,1,-0.15,true,0.06817119032,0.04118804138,0.06817119032,0.4609388291
3,0.25,4.125,1,-0.2,true,0.07041158852,0.0428764673,0.07041158852,0.4572874832
3,0.25,4.125,1,-0.25,true,0.07280267117,0.04468430301,0.07280267117,0.4532556869
3,0.25,4.125,1,-0.3,true,0.07535903773,0.04662356294,0.07535903773,0.448786104
3,0.25,4.125,1,-0.35,true,0.07809711473,0.04870774472,0.07809711473,0.443810208
3,0.25,4.125,1,-0.4,true,0.0810354381,0.05095206073,0.0810354381,0.4382453837
3,0.25,4.125,1,-0.45,true,0.08419499024,0.05337371431,0.08419499024,0.4319910828
3,0.25,4.125,1,-0.5,true,0.08759960438,0.0559922311,0.08759960438,0.4249236502
3,0.25,4.125,1,-0.55,true,0.09127645258,0.05882985869,0.09127645258,0.4168892542
3,0.25,4.125,1,-0.6,true,0.09525663802,0.0619120516,0.09525663802,0.4076940529
3,0.25,4.125,1,-0.65,true,0.0995759187,0.06526806363,0.0995759187,0.3970902521
3,0.25,4.125,1,-0.7,true,0.1042755976,0.06893167645,0.1042755976,0.3847558996
3,0.25,4.125,1,-0.75,true,0.1094032361,0.07294163057,0.1094032361,0.4613871275
3,0.25,4.125,1,-0.8,true,0.1149931595,0.0773176662,0.1149931595,0.459308454
3,0.25,4.125,1,-0.85,true,0.1210979793,0.08209837223,0.1210979793,0.4569822625
3,0.25,4.125,1,-0.9,true,0.1277944908,0.08734697173,0.1277944908,0.4543617632
3,0.25,4.125,1,-0.95,true,0.1351743292,0.09313878844,0.1351743292,0.4513893016
3,0.25,4.125,1,-1,true,0.1433476488,0.09956425875,0.1433476488,0.4479929683
3,0.25,4.125,0.8,-0,false,,,,
3,0.25,4.125,0.8,-0.05,false,,,,
3,0.25,4.125,0.8,-0.1,false,,,,
3,0.25,4.125,0.8,-0.15,false,,,,
3,0.25,4.125,0.8,-0.2,false,,,,
3,0.25,4.125,0.8,-0.25,false,,,,
3,0.25,4.125,0.8,-0.3,false,,,,
3,0.25,4.125,0.8,-0.35,false,,,,
3,0.25,4.125,0.8,-0.4,false,,,,
3,0.25,4.125,0.8,-0.45,false,,,,
3,0.25,4.125,0.8,-0.5,false,,,,
3,0.25,4.125,0.8,-0.55,false,,,,
3,0.25,4.125,0.8,-0.6,false,,,,
3,0.25,4.125,0.8,-0.65,false,,,,
3,0.25,4.125,0.8,-0.7,false,,,,
3,0.25,4.125,0.8,-0.75,false,,,,
3,0.25,4.125,0.8,-0.8,false,,,,
3,0.25,4.125,0.8,-0.85,false,,,,
3,0.25,4.125,0.8,-0.9,false,,,,
3,0.25,4.125,0.8,-0.95,false,,,,
3,0.25,4.125,0.8,-1,false,,,,
3,0.25,4.125,0.6,-0,false,,,,
3,0.25,4.125,0.6,-0.05,false,,,,
3,0.25,4.125,0.6,-0.1,false,,,,
3,0.25,4.125,0.6,-0.15,false,,,,
3,0.25,4.125,0.6,-0.2,false,,,,
3,0.25,4.125,0.6,-0.25,false,,,,
3,0.25,4.125,0.6,-0.3,false,,,,
3,0.25,4.125,0.6,-0.35,false,,,,
3,0.25,4.125,0.6,-0.4,false,,,,
3,0.25,4.125,0.6,-0.45,false,,,,
3,0.25,4.125,0.6,-0.5,false,,,,
3,0.25,4.125,0.6,-0.55,false,,,,
3,0.25,4.125,0.6,-0.6,false,,,,
3,0.25,4.125,0.6,-0.65,false,,,,
3,0.25,4.125,0.6,-0.7,false,,,,
3,0.25,4.125,0.6,-0.75,false,,,,
3,0.25,4.125,0.6,-0.8,false,,,,
3,0.25,4.125,0.6,-0.85,false,,,,
3,0.25,4.125,0.6,-0.9,false,,,,
3,0.25,4.125,0.6,-0.95,false,,,,
3,0.25,4.125,0.6,-1,false,,,,
3,0.25,4.125,0.4,-0,false,,,,
3,0.25,4.125,0.4,-0.05,false,,,,
3,0.25,4.125,0.4,-0.1,false,,,,
3,0.25,4.125,0.4,-0.15,false,,,,
3,0.25,4.125,0.4,-0.2,false,,,,
3,0.25,4.125,0.4,-0.25,false,,,,
3,0.25,4.125,0.4,-0.3,false,,,,
3,0.25,4.125,0.4,-0.35,false,,,,
3,0.25,4.125,0.4,-0.4,false,,,,
3,0.25,4.125,0.4,-0.45,false,,,,
3,0.25,4.125,0.4,-0.5,false,,,,
3,0.25,4.125,0.4,-0.55,false,,,,
3,0.25,4.125,0.4,-0.6,false,,,,
3,0.25,4.125,0.4,-0.65,false,,,,
3,0.25,4.125,0.4,-0.7,false,,,,
3,0.25,4.125,0.4,-0.75,false,,,,
3,0.25,4.125,0.4,-0.8,false,,,,
3,0.25,4.125,0.4,-0.85,false,,,,
3,0.25,4.125,0.4,-0.9,false,,,,
3,0.25,4.125,0.4,-0.95,false,,,,
3,0.25,4.125,0.4,-1,false,,,,
3,0.25,4.125,0.2,-0,false,,,,
3,0.25,4.125,0.2,-0.05,false,,,,
3,0.25,4.125,0.2,-0.1,false,,,,
3,0.25,4.125,0.2,-0.15,false,,,,
3,0.25,4.125,0.2,-0.2,false,,,,
3,0.25,4.125,0.2,-0.25,false,,,,
3,0.25,4.125,0.2,-0.3,false,,,,
3,0.25,4.125,0.2,-0.35,false,,,,
3,0.25,4.125,0.2,-0.4,false,,,,
3,0.25,4.125,0.2,-0.45,false,,,,
3,0.25,4.125,0.2,-0.5,false,,,,
3,0.25,4.125,0.2,-0.55,false,,,,
3,0.25,4.125,0.2,-0.6,false,,,,
3,0.25,4.125,0.2,-0.65,false,,,,
3,0.25,4.125,0.2,-0.7,false,,,,
3,0.25,4.125,0.2,-0.75,false,,,,
3,0.25,4.125,0.2,-0.8,false,,,,
3,0.25,4.125,0.2,-0.85,false,,,,
3,0.25,4.125,0.2,-0.9,false,,,,
3,0.25,4.125,0.2,-0.95,false,,,,
3,0.25,4.125,0.2,-1,false,,,,
3,0.25,4.125,0,-0.05,false,,,,
3,0.25,4.125,0,-0.1,false,,,,
3,0.25,4.125,0,-0.15,false,,,,
3,0.25,4.125,0,-0.2,false,,,,
3,0.25,4.125,0,-0.25,false,,,,
3,0.25,4.125,0,-0.3,false,,,,
3,0.25,4.125,0,-0.35,false,,,,
3,0.25,4.125,0,-0.4,false,,,,
3,0.25,4.125,0,-0.45,false,,,,
3,0.25,4.125,0,-0.5,false,,,,
3,0.25,4.125,0,-0.55,false,,,,
3,0.25,4.125,0,-0.6,false,,,,
3,0.25,4.125,0,-0.65,false,,,,
3,0.25,4.125,0,-0.7,false,,,,
3,0.25,4.125,0,-0.75,false,,,,
3,0.25,4.125,0,-0.8,false,,,,
3,0.25,4.125,0,-0.85,false,,,,
3,0.25,4.125,0,-0.9,false,,,,
3,0.25,4.125,0,-0.95,false,,,,
3,0.25,4.125,0,-1,false,,,,
3,0.25,4.15,1,-0,true,0.062585614,0.03704081247,0.062585614,0.4693299667
3,0.25,4.15,1,-0.05,true,0.06413169924,0.03823757376,0.06413169924,0.4667951764
3,0.25,4.15,1,-0.1,true,0.06611189252,0.03972296957,0.06611189252,0.4637441301
3,0.25,4.15,1,-0.15,true,0.0682182477,0.04130746326,0.0682182477,0.4604011991
3,0.25,4.15,1,-0.2,true,0.07046238352,0.04300065903,0.07046238352,0.4567251286
3,0.25,4.15,1,-0.25,true,0.07285730709,0.04481328397,0.07285730709,0.452667365
3,0.25,4.15,1,-0.3,true,0.07541761496,0.04675735329,0.07541761496,0.4481703391
3,0.25,4.15,1,-0.35,true,0.07815973091,0.04884636537,0.07815973091,0.4431652431
3,0.25,4.15,1,-0.4,true,0.08110218823,0.05109553334,0.08110218823,0.4375691188
3,0.25,4.15,1,-0.45,true,0.08426596684,0.05352206129,0.08426596684,0.4312809949
3,0.25,4.15,1,-0.5,true,0.0876748976,0.05614547564,0.0876748976,0.4241766883
3,0.25,4.15,1,-0.55,true,0.09135615033,0.05898802473,0.09135615033,0.4161016983
3,0.25,4.15,1,-0.6,true,0.09534082611,0.06207516385,0.09534082611,0.4068613233
3,0.25,4.15,1,-0.65,true,0.09966468092,0.06543614758,0.09966468092,0.3962066452
3,0.25,4.15,1,-0.7,true,0.1043690159,0.06910475837,0.1043690159,0.3838142134
3,0.25,4.15,1,-0.75,true,0.1095013906,0.07311973749,0.1095013906,0.4612532534
3,0.25,4.15,1,-0.8,true,0.1150961287,0.07750082596,0.1150961287,0.4591733124
3,0.25,4.15,1,-0.85,true,0.12120584,0.08228661344,0.12120584,0.4568460604
3,0.25,4.15,1,-0.9,true,0.1279073186,0.08754032381,0.1279073186,0.454224752
3,0.25,4.15,1,-0.95,true,0.1352921979,0.0933372816,0.1352921979,0.4512517892
3,0.25,4.15,1,-1,true,0.1434706313,0.09976792401,0.1434706313,0.4478553363
3,0.25,4.15,0.8,-0,false,,,,
3,0.25,4.15,0.8,-0.05,false,,,,
3,0.25,4.15,0.8,-0.1,false,,,,
3,0.25,4.15,0.8,-0.15,false,,,,
3,0.25,4.15,0.8,-0.2,false,,,,
3,0.25,4.15,0.8,-0.25,false,,,,
3,0.25,4.15,0.8,-0.3,false,,,,
3,0.25,4.15,0.8,-0.35,false,,,,
3,0.25,4.15,0.8,-0.4,false,,,,
3,0.25,4.15,0.8,-0.45,false,,,,
3,0.25,4.15,0.8,-0.5,false,,,,
3,0.25,4.15,0.8,-0.55,false,,,,
3,0.25,4.15,0.8,-0.6,false,,,,
3,0.25,4.15,0.8,-0.65,false,,,,
3,0.25,4.15,0.8,-0.7,false,,,,
3,0.25,4.15,0.8,-0.75,false,,,,
3,0.25,4.15,0.8,-0.8,false,,,,
3,0.25,4.15,0.8,-0.85,false,,,,
3,0.25,4.15,0.8,-0.9,false,,,,
3,0.25,4.15,0.8,-0.95,false,,,,
3,0.25,4.15,0.8,-1,false,,,,
3,0.25,4.15,0.6,-0,false,,,,
3,0.25,4.15,0.6,-0.05,false,,,,
3,0.25,4.15,0.6,-0.1,false,,,,
3,0.25,4.15,0.6,-0.15,false,,,,
3,0.25,4.15,0.6,-0.2,false,,,,
3,0.25,4.15,0.6,-0.25,false,,,,
3,0.25,4.15,0.6,-0.3,false,,,,
3,0.25,4.15,0.6,-0.35,false,,,,
3,0.25,4.15,0.6,-0.4,false,,,,
3,0.25,4.15,0.6,-0.45,false,,,,
3,0.25,4.15,0.6,-0.5,false,,,,
3,0.25,4.15,0.6,-0.55,false,,,,
3,0.25,4.15,0.6,-0.6,false,,,,
3,0.25,4.15,0.6,-0.65,false,,,,
3,0.25,4.15,0.6,-0.7,false,,,,
3,0.25,4.15,0.6,-0.75,false,,,,
3,0.25,4.15,0.6,-0.8,false,,,,
3,0.25,4.15,0.6,-0.85,false,,,,
3,0.25,4.15,0.6,-0.9,false,,,,
3,0.25,4.15,0.6,-0.95,false,,,,
3,0.25,4.15,0.6,-1,false,,,,
3,0.25,4.15,0.4,-0,false,,,,
3,0.25,4.15,0.4,-0.05,false,,,,
3,0.25,4.15,0.4,-0.1,false,,,,
3,0.25,4.15,0.4,-0.15,false,,,,
3,0.25,4.15,0.4,-0.2,false,,,,
3,0.25,4.15,0.4,-0.25,false,,,,
3,0.25,4.15,0.4,-0.3,false,,,,
3,0.25,4.15,0.4,-0.35,false,,,,
3,0.25,4.15,0.4,-0.4,false,,,,
3,0.25,4.15,0.4,-0.45,false,,,,
3,0.25,4.15,0.4,-0.5,false,,,,
3,0.25,4.15,0.4,-0.55,false,,,,
3,0.25,4.15,0.4,-0.6,false,,,,
3,0.25,4.15,0.4,-0.65,false,,,,
3,0.25,4.15,0.4,-0.7,false,,,,
3,0.25,4.15,0.4,-0.75,false,,,,
3,0.25,4.15,0.4,-0.8,false,,,,
3,0.25,4.15,0.4,-0.85,false,,,,
3,0.25,4.15,0.4,-0.9,false,,,,
3,0.25,4.15,0.4,-0.95,false,,,,
3,0.25,4.15,0.4,-1,false,,,,
3,0.25,4.15,0.2,-0,false,,,,
3,0.25,4.15,0.2,-0.05,false,,,,
3,0.25,4.15,0.2,-0.1,false,,,,
3,0.25,4.15,0.2,-0.15,false,,,,
3,0.25,4.15,0.2,-0.2,false,,,,
3,0.25,4.15,0.2,-0.25,false,,,,
3,0.25,4.15,0.2,-0.3,false,,,,
3,0.25,4.15,0.2,-0.35,false,,,,
3,0.25,4.15,0.2,-0.4,false,,,,
3,0.25,4.15,0.2,-0.45,false,,,,
3,0.25,4.15,0.2,-0.5,false,,,,
3,0.25,4.15,0.2,-0.55,false,,,,
3,0.25,4.15,0.2,-0.6,false,,,,
3,0.25,4.15,0.2,-0.65,false,,,,
3,0.25,4.15,0.2,-0.7,false,,,,
3,0.25,4.15,0.2,-0.75,false,,,,
3,0.25,4.15,0.2,-0.8,false,,,,
3,0.25,4.15,0.2,-0.85,false,,,,
3,0.25,4.15,0.2,-0.9,false,,,,
3,0.25,4.15,0.2,-0.95,false,,,,
3,0.25,4.15,0.2,-1,false,,,,
3,0.25,4.15,0,-0.05,false,,,,
3,0.25,4.15,0,-0.1,false,,,,
3,0.25,4.15,0,-0.15,false,,,,
3,0.25,4.15,0,-0.2,false,,,,
3,0.25,4.15,0,-0.25,false,,,,
3,0.25,4.15,0,-0.3,false,,,,
3,0.25,4.15,0,-0.35,false,,,,
3,0.25,4.15,0,-0.4,false,,,,
3,0.25,4.15,0,-0.45,false,,,,
3,0.25,4.15,0,-0.5,false,,,,
3,0.25,4.15,0,-0.55,false,,,,
3,0.25,4.15,0,-0.6,false,,,,
3,0.25,4.15,0,-0.65,false,,,,
3,0.25,4.15,0,-0.7,false,,,,
3,0.25,4.15,0,-0.75,false,,,,
3,0.25,4.15,0,-0.8,false,,,,
3,0.25,4.15,0,-0.85,false,,,,
3,0.25,4.15,0,-0.9,false,,,,
3,0.25,4.15,0,-0.95,false,,,,
3,0.25,4.15,0,-1,false,,,,
3,0.25,4.175,1,-0,true,0.06262234128,0.03714437258,0.06262234128,0.4688692773
3,0.25,4.175,1,-0.05,true,0.06417183157,0.03834586936,0.06417183157,0.4663132149
3,0.25,4.175,1,-0.1,true,0.06615554287,0.03983601757,0.06615554287,0.4632393261
3,0.25,4.175,1,-0.15,true,0.06826552567,0.04142528134,0.06826552567,0.459872674
3,0.25,4.175,1,-0.2,true,0.07051339548,0.04312326558,0.07051339548,0.4561718388
3,0.25,4.175,1,-0.25,true,0.07291215636,0.04494069816,0.07291215636,0.4520880722
3,0.25,4.175,1,-0.3,true,0.07547640196,0.04688959502,0.07547640196,0.4475635722
3,0.25,4.175,1,-0.35,true,0.07822255327,0.04898345532,0.07822255327,0.4425292501
3,0.25,4.175,1,-0.4,true,0.08116914098,0.05123749291,0.08116914098,0.4369018053
3,0.25,4.175,1,-0.45,true,0.0843371425,0.05366891267,0.0843371425,0.4305798439
3,0.25,4.175,1,-0.5,true,0.08775038634,0.05629724178,0.08775038634,0.4234386553
3,0.25,4.175,1,-0.55,true,0.09143604008,0.05914472934,0.09143604008,0.4153230702
3,0.25,4.175,1,-0.6,true,0.0954252027,0.06223683142,0.0954252027,0.406037528
3,0.25,4.175,1,-0.65,true,0.09975362816,0.06560280336,0.09975362816,0.3953319865
3,0.25,4.175,1,-0.7,true,0.1044626157,0.06927642841,0.1044626157,0.3828814971
3,0.25,4.175,1,-0.75,true,0.1095997232,0.07329644861,0.1095997232,0.4611273658
3,0.25,4.175,1,-0.8,true,0.1151992725,0.07768260577,0.1151992725,0.4590461012
3,0.25,4.175,1,-0.85,true,0.1213138719,0.08247349035,0.1213138719,0.4567177377
3,0.25,4.175,1,-0.9,true,0.1280203141,0.08773232702,0.1280203141,0.4540955747
3,0.25,4.175,1,-0.95,true,0.1354102311,0.09353444111,0.1354102311,0.4511220716
3,0.25,4.175,1,-1,true,0.1435937749,0.09997027061,0.1435937749,0.4477254672
3,0.25,4.175,0.8,-0,false,,,,
3,0.25,4.175,0.8,-0.05,false,,,,
3,0.25,4.175,0.8,-0.1,false,,,,
3,0.25,4.175,0.8,-0.15,false,,,,
3,0.25,4.175,0.8,-0.2,false,,,,
3,0.25,4.175,0.8,-0.25,false,,,,
3,0.25,4.175,0.8,-0.3,false,,,,
3,0.25,4.175,0.8,-0.35,false,,,,
3,0.25,4.175,0.8,-0.4,false,,,,
3,0.25,4.175,0.8,-0.45,false,,,,
3,0.25,4.175,0.8,-0.5,false,,,,
3,0.25,4.175,0.8,-0.55,false,,,,
3,0.25,4.175,0.8,-0.6,false,,,,
3,0.25,4.175,0.8,-0.65,false,,,,
3,0.25,4.175,0.8,-0.7,false,,,,
3,0.25,4.175,0.8,-0.75,false,,,,
3,0.25,4.175,0.8,-0.8,false,,,,
3,0.25,4.175,0.8,-0.85,false,,,,
3,0.25,4.175,0.8,-0.9,false,,,,
3,0.25,4.175,0.8,-0.95,false,,,,
3,0.25,4.175,0.8,-1,false,,,,
3,0.25,4.175,0.6,-0,false,,,,
3,0.25,4.175,0.6,-0.05,false,,,,
3,0.25,4.175,0.6,-0.1,false,,,,
3,0.25,4.175,0.6,-0.15,false,,,,
3,0.25,4.175,0.6,-0.2,false,,,,
3,0.25,4.175,0.6,-0.25,false,,,,
3,0.25,4.175,0.6,-0.3,false,,,,
3,0.25,4.175,0.6,-0.35,false,,,,
3,0.25,4.175,0.6,-0.4,false,,,,
3,0.25,4.175,0.6,-0.45,false,,,,
3,0.25,4.175,0.6,-0.5,false,,,,
3,0.25,4.175,0.6,-0.55,false,,,,
3,0.25,4.175,0.6,-0.6,false,,,,
3,0.25,4.175,0.6,-0.65,false,,,,
3,0.25,4.175,0.6,-0.7,false,,,,
3,0.25,4.175,0.6,-0.75,false,,,,
3,0.25,4.175,0.6,-0.8,false,,,,
3,0.25,4.175,0.6,-0.85,false,,,,
3,0.25,4.175,0.6,-0.9,false,,,,
3,0.25,4.175,0.6,-0.95,false,,,,
3,0.25,4.175,0.6,-1,false,,,,
3,0.25,4.175,0.4,-0,false,,,,
3,0.25,4.175,0.4,-0.05,false,,,,
3,0.25,4.175,0.4,-0.1,false,,,,
3,0.25,4.175,0.4,-0.15,false,,,,
3,0.25,4.175,0.4,-0.2,false,,,,
3,0.25,4.175,0.4,-0.25,false,,,,
3,0.25,4.175,0.4,-0.3,false,,,,
3,0.25,4.175,0.4,-0.35,false,,,,
3,0.25,4.175,0.4,-0.4,false,,,,
3,0.25,4.175,0.4,-0.45,false,,,,
3,0.25,4.175,0.4,-0.5,false,,,,
3,0.25,4.175,0.4,-0.55,false,,,,
3,0.25,4.175,0.4,-0.6,false,,,,
3,0.25,4.175,0.4,-0.65,false,,,,
3,0.25,4.175,0.4,-0.7,false,,,,
3,0.25,4.175,0.4,-0.75,false,,,,
3,0.25,4.175,0.4,-0.8,false,,,,
3,0.25,4.175,0.4,-0.85,false,,,,
3,0.25,4.175,0.4,-0.9,false,,,,
3,0.25,4.175,0.4,-0.95,false,,,,
3,0.25,4.175,0.4,-1,false,,,,
3,0.25,4.175,0.2,-0,false,,,,
3,0.25,4.175,0.2,-0.05,false,,,,
3,0.25,4.175,0.2,-0.1,false,,,,
3,0.25,4.175,0.2,-0.15,false,,,,
3,0.25,4.175,0.2,-0.2,false,,,,
3,0.25,4.175,0.2,-0.25,false,,,,
3,0.25,4.175,0.2,-0.3,false,,,,
3,0.25,4.175,0.2,-0.35,false,,,,
3,0.25,4.175,0.2,-0.4,false,,,,
3,0.25,4.175,0.2,-0.45,false,,,,
3,0.25,4.175,0.2,-0.5,false,,,,
3,0.25,4.175,0.2,-0.55,false,,,,
3,0.25,4.175,0.2,-0.6,false,,,,
3,0.25,4.175,0.2,-0.65,false,,,,
3,0.25,4.175,0.2,-0.7,false,,,,
3,0.25,4.175,0.2,-0.75,false,,,,
3,0.25,4.175,0.2,-0.8,false,,,,
3,0.25,4.175,0.2,-0.85,false,,,,
3,0.25,4.175,0.2,-0.9,false,,,,
3,0.25,4.175,0.2,-0.95,false,,,,
3,0.25,4.175,0.2,-1,false,,,,
3,0.25,4.175,0,-0.05,false,,,,
3,0.25,4.175,0,-0.1,false,,,,
3,0.25,4.175,0,-0.15,false,,,,
3,0.25,4.175,0,-0.2,false,,,,
3,0.25,4.175,0,-0.25,false,,,,
3,0.25,4.175,0,-0.3,false,,,,
3,0.25,4.175,0,-0.35,false,,,,
3,0.25,4.175,0,-0.4,false,,,,
3,0.25,4.175,0,-0.45,false,,,,
3,0.25,4.175,0,-0.5,false,,,,
3,0.25,4.175,0,-0.55,false,,,,
3,0.25,4.175,0,-0.6,false,,,,
3,0.25,4.175,0,-0.65,false,,,,
3,0.25,4.175,0,-0.7,false,,,,
3,0.25,4.175,0,-0.75,false,,,,
3,0.25,4.175,0,-0.8,false,,,,
3,0.25,4.175,0,-0.85,false,,,,
3,0.25,4.175,0,-0.9,false,,,,
3,0.25,4.175,0,-0.95,false,,,,
3,0.25,4.175,0,-1,false,,,,
3,0.25,4.2,1,-0,true,0.06265925903,0.03724625658,0.06265925903,0.4684178303
3,0.25,4.2,1,-0.05,true,0.06421215134,0.03845250865,0.06421215134,0.4658404302
3,0.25,4.2,1,-0.1,true,0.06619937767,0.03994742882,0.06619937767,0.4627436518
3,0.25,4.2,1,-0.15,true,0.06831298508,0.04154148195,0.06831298508,0.4593532349
3,0.25,4.2,1,-0.2,true,0.07056458591,0.04324427371,0.07056458591,0.4556275956
3,0.25,4.2,1,-0.25,true,0.07296718114,0.04506653272,0.07296718114,0.4515177908
3,0.25,4.2,1,-0.3,true,0.0755353615,0.04702027568,0.0755353615,0.4469657863
3,0.25,4.2,1,-0.35,true,0.07828554523,0.04911900248,0.07828554523,0.4419022127
3,0.25,4.2,1,-0.4,true,0.0812362604,0.05137792777,0.0812362604,0.4362434277
3,0.25,4.2,1,-0.45,true,0.08440848191,0.05381425716,0.08440848191,0.4298876154
3,0.25,4.2,1,-0.5,true,0.08782603592,0.0564475186,0.08782603592,0.4227095378
3,0.25,4.2,1,-0.55,true,0.09151608779,0.05929996199,0.09151608779,0.4145533581
3,0.25,4.2,1,-0.6,true,0.09550973435,0.06239704415,0.09550973435,0.4052226565
3,0.25,4.2,1,-0.65,true,0.09984272759,0.06576802121,0.09984272759,0.3944662676
3,0.25,4.2,1,-0.7,true,0.1045563648,0.06944667718,0.1045563648,0.3819577444
3,0.25,4.2,1,-0.75,true,0.1096982023,0.07347175492,0.1096982023,0.4610094134
3,0.25,4.2,1,-0.8,true,0.1153025599,0.07786299699,0.1153025599,0.4589267706
3,0.25,4.2,1,-0.85,true,0.1214220447,0.08265899469,0.1214220447,0.4565972456
3,0.25,4.2,1,-0.9,true,0.1281334476,0.08792297345,0.1281334476,0.4539741838
3,0.25,4.2,1,-0.95,true,0.1355283995,0.09373025942,0.1355283995,0.4510001023
3,0.25,4.2,1,-1,true,0.1437170509,0.1001712914,0.1437170509,0.4476033155
3,0.25,4.2,0.8,-0,false,,,,
3,0.25,4.2,0.8,-0.05,false,,,,
3,0.25,4.2,0.8,-0.1,false,,,,
3,0.25,4.2,0.8,-0.15,false,,,,
3,0.25,4.2,0.8,-0.2,false,,,,
3,0.25,4.2,0.8,-0.25,false,,,,
3,0.25,4.2,0.8,-0.3,false,,,,
3,0.25,4.2,0.8,-0.35,false,,,,
3,0.25,4.2,0.8,-0.4,false,,,,
3,0.25,4.2,0.8,-0.45,false,,,,
3,0.25,4.2,0.8,-0.5,false,,,,
3,0.25,4.2,0.8,-0.55,false,,,,
3,0.25,4.2,0.8,-0.6,false,,,,
3,0.25,4.2,0.8,-0.65,false,,,,
3,0.25,4.2,0.8,-0.7,false,,,,
3,0.25,4.2,0.8,-0.75,false,,,,
3,0.25,4.2,0.8,-0.8,false,,,,
3,0.25,4.2,0.8,-0.85,false,,,,
3,0.25,4.2,0.8,-0.9,false,,,,
3,0.25,4.2,0.8,-0.95,false,,,,
3,0.25,4.2,0.8,-1,false,,,,
3,0.25,4.2,0.6,-0,false,,,,
3,0.25,4.2,0.6,-0.05,false,,,,
3,0.25,4.2,0.6,-0.1,false,,,,
3,0.25,4.2,0.6,-0.15,false,,,,
3,0.25,4.2,0.6,-0.2,false,,,,
3,0.25,4.2,0.6,-0.25,false,,,,
3,0.25,4.2,0.6,-0.3,false,,,,
3,0.25,4.2,0.6,-0.35,false,,,,
3,0.25,4.2,0.6,-0.4,false,,,,
3,0.25,4.2,0.6,-0.45,false,,,,
3,0.25,4.2,0.6,-0.5,false,,,,
3,0.25,4.2,0.6,-0.55,false,,,,
3,0.25,4.2,0.6,-0.6,false,,,,
3,0.25,4.2,0.6,-0.65,false,,,,
3,0.25,4.2,0.6,-0.7,false,,,,
3,0.25,4.2,0.6,-0.75,false,,,,
3,0.25,4.2,0.6,-0.8,false,,,,
3,0.25,4.2,0.6,-0.85,false,,,,
3,0.25,4.2,0.6,-0.9,false,,,,
3,0.25,4.2,0.6,-0.95,false,,,,
3,0.25,4.2,0.6,-1,false,,,,
3,0.25,4.2,0.4,-0,false,,,,
3,0.25,4.2,0.4,-0.05,false,,,,
3,0.25,4.2,0.4,-0.1,false,,,,
3,0.25,4.2,0.4,-0.15,false,,,,
3,0.25,4.2,0.4,-0.2,false,,,,
3,0.25,4.2,0.4,-0.25,false,,,,
3,0.25,4.2,0.4,-0.3,false,,,,
3,0.25,4.2,0.4,-0.35,false,,,,
3,0.25,4.2,0.4,-0.4,false,,,,
3,0.25,4.2,0.4,-0.45,false,,,,
3,0.25,4.2,0.4,-0.5,false,,,,
3,0.25,4.2,0.4,-0.55,false,,,,
3,0.25,4.2,0.4,-0.6,false,,,,
3,0.25,4.2,0.4,-0.65,false,,,,
3,0.25,4.2,0.4,-0.7,false,,,,
3,0.25,4.2,0.4,-0.75,false,,,,
3,0.25,4.2,0.4,-0.8,false,,,,
3,0.25,4.2,0.4,-0.85,false,,,,
3,0.25,4.2,0.4,-0.9,false,,,,
3,0.25,4.2,0.4,-0.95,false,,,,
3,0.25,4.2,0.4,-1,false,,,,
3,0.25,4.2,0.2,-0,false,,,,
3,0.25,4.2,0.2,-0.05,false,,,,
3,0.25,4.2,0.2,-0.1,false,,,,
3,0.25,4.2,0.2,-0.15,false,,,,
3,0.25,4.2,0.2,-0.2,false,,,,
3,0.25,4.2,0.2,-0.25,false,,,,
3,0.25,4.2,0.2,-0.3,false,,,,
3,0.25,4.2,0.2,-0.35,false,,,,
3,0.25,4.2,0.2,-0.4,false,,,,
3,0.25,4.2,0.2,-0.45,false,,,,
3,0.25,4.2,0.2,-0.5,false,,,,
3,0.25,4.2,0.2,-0.55,false,,,,
3,0.25,4.2,0.2,-0.6,false,,,,
3,0.25,4.2,0.2,-0.65,false,,,,
3,0.25,4.2,0.2,-0.7,false,,,,
3,0.25,4.2,0.2,-0.75,false,,,,
3,0.25,4.2,0.2,-0.8,false,,,,
3,0.25,4.2,0.2,-0.85,false,,,,
3,0.25,4.2,0.2,-0.9,false,,,,
3,0.25,4.2,0.2,-0.95,false,,,,
3,0.25,4.2,0.2,-1,false,,,,
3,0.25,4.2,0,-0.05,false,,,,
3,0.25,4.2,0,-0.1,false,,,,
3,0.25,4.2,0,-0.15,false,,,,
3,0.25,4.2,0,-0.2,false,,,,
3,0.25,4.2,0,-0.25,false,,,,
3,0.25,4.2,0,-0.3,false,,,,
3,0.25,4.2,0,-0.35,false,,,,
3,0.25,4.2,0,-0.4,false,,,,
3,0.25,4.2,0,-0.45,false,,,,
3,0.25,4.2,0,-0.5,false,,,,
3,0.25,4.2,0,-0.55,false,,,,
3,0.25,4.2,0,-0.6,false,,,,
3,0.25,4.2,0,-0.65,false,,,,
3,0.25,4.2,0,-0.7,false,,,,
3,0.25,4.2,0,-0.75,false,,,,
3,0.25,4.2,0,-0.8,false,,,,
3,0.25,4.2,0,-0.85,false,,,,
3,0.25,4.2,0,-0.9,false,,,,
3,0.25,4.2,0,-0.95,false,,,,
3,0.25,4.2,0,-1,false,,,,
3,0.25,4.225,1,-0,true,0.06269632628,0.03734644911,0.06269632628,0.4679756096
3,0.25,4.225,1,-0.05,true,0.06425261826,0.0385574767,0.06425261826,0.4653768064
3,0.25,4.225,1,-0.1,true,0.06624335725,0.04005718878,0.06624335725,0.4622570915
3,0.25,4.225,1,-0.15,true,0.06836058694,0.04165605097,0.06836058694,0.4588428669
3,0.25,4.225,1,-0.2,true,0.07061591644,0.04336366969,0.07061591644,0.4550923844
3,0.25,4.225,1,-0.25,true,0.07302234368,0.04519077432,0.07302234368,0.4509565068
3,0.25,4.225,1,-0.3,true,0.07559445649,0.04714938231,0.07559445649,0.4463769678
3,0.25,4.225,1,-0.35,true,0.07834867033,0.04925299432,0.07834867033,0.4412841184
3,0.25,4.225,1,-0.4,true,0.08130351065,0.05151682575,0.08130351065,0.4355939743
3,0.25,4.225,1,-0.45,true,0.08447994986,0.05395808299,0.08447994986,0.4292042985
3,0.25,4.225,1,-0.5,true,0.08790181176,0.05659629475,0.08790181176,0.4219893263
3,0.25,4.225,1,-0.55,true,0.09159625947,0.0594537117,0.09159625947,0.4137925537
3,0.25,4.225,1,-0.6,true,0.09559438772,0.06255579144,0.09559438772,0.4044167024
3,0.25,4.225,1,-0.65,true,0.09993194649,0.0659317909,0.09993194649,0.393609484
3,0.25,4.225,1,-0.7,true,0.1046502312,0.06961549485,0.1046502312,0.3810429532
3,0.25,4.225,1,-0.75,true,0.1097967963,0.07364564695,0.1097967963,0.4608993483
3,0.25,4.225,1,-0.8,true,0.1154059601,0.07804199056,0.1154059601,0.4588152734
3,0.25,4.225,1,-0.85,true,0.121530328,0.08284311775,0.121530328,0.4564845383
3,0.25,4.225,1,-0.9,true,0.1282466895,0.08811225478,0.1282466895,0.4538605343
3,0.25,4.225,1,-0.95,true,0.135646674,0.09392472859,0.135646674,0.4508858375
3,0.25,4.225,1,-1,true,0.1438404308,0.1003709788,0.1438404308,0.4474888386
3,0.25,4.225,0.8,-0,false,,,,
3,0.25,4.225,0.8,-0.05,false,,,,
3,0.25,4.225,0.8,-0.1,false,,,,
3,0.25,4.225,0.8,-0.15,false,,,,
3,0.25,4.225,0.8,-0.2,false,,,,
3,0.25,4.225,0.8,-0.25,false,,,,
3,0.25,4.225,0.8,-0.3,false,,,,
3,0.25,4.225,0.8,-0.35,false,,,,
3,0.25,4.225,0.8,-0.4,false,,,,
3,0.25,4.225,0.8,-0.45,false,,,,
3,0.25,4.225,0.8,-0.5,false,,,,
3,0.25,4.225,0.8,-0.55,false,,,,
3,0.25,4.225,0.8,-0.6,false,,,,
3,0.25,4.225,0.8,-0.65,false,,,,
3,0.25,4.225,0.8,-0.7,false,,,,
3,0.25,4.225,0.8,-0.75,false,,,,
3,0.25,4.225,0.8,-0.8,false,,,,
3,0.25,4.225,0.8,-0.85,false,,,,
3,0.25,4.225,0.8,-0.9,false,,,,
3,0.25,4.225,0.8,-0.95,false,,,,
3,0.25,4.225,0.8,-1,false,,,,
3,0.25,4.225,0.6,-0,false,,,,
3,0.25,4.225,0.6,-0.05,false,,,,
3,0.25,4.225,0.6,-0.1,false,,,,
3,0.25,4.225,0.6,-0.15,false,,,,
3,0.25,4.225,0.6,-0.2,false,,,,
3,0.25,4.225,0.6,-0.25,false,,,,
3,0.25,4.225,0.6,-0.3,false,,,,
3,0.25,4.225,0.6,-0.35,false,,,,
3,0.25,4.225,0.6,-0.4,false,,,,
3,0.25,4.225,0.6,-0.45,false,,,,
3,0.25,4.225,0.6,-0.5,false,,,,
3,0.25,4.225,0.6,-0.55,false,,,,
3,0.25,4.225,0.6,-0.6,false,,,,
3,0.25,4.225,0.6,-0.65,false,,,,
3,0.25,4.225,0.6,-0.7,false,,,,
3,0.25,4.225,0.6,-0.75,false,,,,
3,0.25,4.225,0.6,-0.8,false,,,,
3,0.25,4.225,0.6,-0.85,false,,,,
3,0.25,4.225,0.6,-0.9,false,,,,
3,0.25,4.225,0.6,-0.95,false,,,,
3,0.25,4.225,0.6,-1,false,,,,
3,0.25,4.225,0.4,-0,false,,,,
3,0.25,4.225,0.4,-0.05,false,,,,
3,0.25,4.225,0.4,-0.1,false,,,,
3,0.25,4.225,0.4,-0.15,false,,,,
3,0.25,4.225,0.4,-0.2,false,,,,
3,0.25,4.225,0.4,-0.25,false,,,,
3,0.25,4.225,0.4,-0.3,false,,,,
3,0.25,4.225,0.4,-0.35,false,,,,
3,0.25,4.225,0.4,-0.4,false,,,,
3,0.25,4.225,0.4,-0.45,false,,,,
3,0.25,4.225,0.4,-0.5,false,,,,
3,0.25,4.225,0.4,-0.55,false,,,,
3,0.25,4.225,0.4,-0.6,false,,,,
3,0.25,4.225,0.4,-0.65,false,,,,
3,0.25,4.225,0.4,-0.7,false,,,,
3,0.25,4.225,0.4,-0.75,false,,,,
3,0.25,4.225,0.4,-0.8,false,,,,
3,0.25,4.225,0.4,-0.85,false,,,,
3,0.25,4.225,0.4,-0.9,false,,,,
3,0.25,4.225,0.4,-0.95,false,,,,
3,0.25,4.225,0.4,-1,false,,,,
3,0.25,4.225,0.2,-0,false,,,,
3,0.25,4.225,0.2,-0.05,false,,,,
3,0.25,4.225,0.2,-0.1,false,,,,
3,0.25,4.225,0.2,-0.15,false,,,,
3,0.25,4.225,0.2,-0.2,false,,,,
3,0.25,4.225,0.2,-0.25,false,,,,
3,0.25,4.225,0.2,-0.3,false,,,,
3,0.25,4.225,0.2,-0.35,false,,,,
3,0.25,4.225,0.2,-0.4,false,,,,
3,0.25,4.225,0.2,-0.45,false,,,,
3,0.25,4.225,0.2,-0.5,false,,,,
3,0.25,4.225,0.2,-0.55,false,,,,
3,0.25,4.225,0.2,-0.6,false,,,,
3,0.25,4.225,0.2,-0.65,false,,,,
3,0.25,4.225,0.2,-0.7,false,,,,
3,0.25,4.225,0.2,-0.75,false,,,,
3,0.25,4.225,0.2,-0.8,false,,,,
3,0.25,4.225,0.2,-0.85,false,,,,
3,0.25,4.225,0.2,-0.9,false,,,,
3,0.25,4.225,0.2,-0.95,false,,,,
3,0.25,4.225,0.2,-1,false,,,,
3,0.25,4.225,0,-0.05,false,,,,
3,0.25,4.225,0,-0.1,false,,,,
3,0.25,4.225,0,-0.15,false,,,,
3,0.25,4.225,0,-0.2,false,,,,
3,0.25,4.225,0,-0.25,false,,,,
3,0.25,4.225,0,-0.3,false,,,,
3,0.25,4.225,0,-0.35,false,,,,
3,0.25,4.225,0,-0.4,false,,,,
3,0.25,4.225,0,-0.45,false,,,,
3,0.25,4.225,0,-0.5,false,,,,
3,0.25,4.225,0,-0.55,false,,,,
3,0.25,4.225,0,-0.6,false,,,,
3,0.25,4.225,0,-0.65,false,,,,
3,0.25,4.225,0,-0.7,false,,,,
3,0.25,4.225,0,-0.75,false,,,,
3,0.25,4.225,0,-0.8,false,,,,
3,0.25,4.225,0,-0.85,false,,,,
3,0.25,4.225,0,-0.9,false,,,,
3,0.25,4.225,0,-0.95,false,,,,
3,0.25,4.225,0,-1,false,,,,
3,0.25,4.25,1,-0,true,0.06273350219,0.0374449343,0.06273350219,0.4675426022
3,0.25,4.25,1,-0.05,true,0.06429319212,0.03866075803,0.06429319212,0.4649223309
3,0.25,4.25,1,-0.1,true,0.0662874104,0.04016526672,0.0662874104,0.4617796389
3,0.25,4.25,1,-0.15,true,0.06840829231,0.04176897375,0.06840829231,0.4583415582
3,0.25,4.25,1,-0.2,true,0.07066731791,0.043481424,0.07066731791,0.4545662009
3,0.25,4.25,1,-0.25,true,0.07307760634,0.04531340912,0.07307760634,0.4504042096
3,0.25,4.25,1,-0.3,true,0.0756536198,0.04727688659,0.0756536198,0.4457971156
3,0.25,4.25,1,-0.35,true,0.07841189218,0.0493854178,0.07841189218,0.440674958
3,0.25,4.25,1,-0.4,true,0.08137082661,0.05165415969,0.08137082661,0.4349534475
3,0.25,4.25,1,-0.45,true,0.08455151122,0.05410037792,0.08455151122,0.4285298863
3,0.25,4.25,1,-0.5,true,0.08797765072,0.05674354419,0.08797765072,0.4212780281
3,0.25,4.25,1,-0.55,true,0.09167652126,0.05960596702,0.09167652126,0.4130406526
3,0.25,4.25,1,-0.6,true,0.09567910161,0.06271304842,0.09567910161,0.4036196797
3,0.25,4.25,1,-0.65,true,0.1000212522,0.06609410176,0.1000212522,0.3927616352
3,0.25,4.25,1,-0.7,true,0.1047441555,0.06978285766,0.1047441555,0.3801371473
3,0.25,4.25,1,-0.75,true,0.1098954739,0.07381811482,0.1098954739,0.4607971253
3,0.25,4.25,1,-0.8,true,0.1155094157,0.0782195638,0.1155094157,0.4587115706
3,0.25,4.25,1,-0.85,true,0.1216386917,0.08302585042,0.1216386917,0.4563795726
3,0.25,4.25,1,-0.9,true,0.1283599842,0.08830014944,0.1283599842,0.4537545899
3,0.25,4.25,1,-0.95,true,0.1357650256,0.09411784027,0.1357650256,0.4507792363
3,0.25,4.25,1,-1,true,0.1439638611,0.1005693123,0.1439638611,0.447382003
3,0.25,4.25,0.8,-0,false,,,,
3,0.25,4.25,0.8,-0.05,false,,,,
3,0.25,4.25,0.8,-0.1,false,,,,
3,0.25,4.25,0.8,-0.15,false,,,,
3,0.25,4.25,0.8,-0.2,false,,,,
3,0.25,4.25,0.8,-0.25,false,,,,
3,0.25,4.25,0.8,-0.3,false,,,,
3,0.25,4.25,0.8,-0.35,false,,,,
3,0.25,4.25,0.8,-0.4,false,,,,
3,0.25,4.25,0.8,-0.45,false,,,,
3,0.25,4.25,0.8,-0.5,false,,,,
3,0.25,4.25,0.8,-0.55,false,,,,
3,0.25,4.25,0.8,-0.6,false,,,,
3,0.25,4.25,0.8,-0.65,false,,,,
3,0.25,4.25,0.8,-0.7,false,,,,
3,0.25,4.25,0.8,-0.75,false,,,,
3,0.25,4.25,0.8,-0.8,false,,,,
3,0.25,4.25,0.8,-0.85,false,,,,
3,0.25,4.25,0.8,-0.9,false,,,,
3,0.25,4.25,0.8,-0.95,false,,,,
3,0.25,4.25,0.8,-1,false,,,,
3,0.25,4.25,0.6,-0,false,,,,
3,0.25,4.25,0.6,-0.05,false,,,,
3,0.25,4.25,0.6,-0.1,false,,,,
3,0.25,4.25,0.6,-0.15,false,,,,
3,0.25,4.25,0.6,-0.2,false,,,,
3,0.25,4.25,0.6,-0.25,false,,,,
3,0.25,4.25,0.6,-0.3,false,,,,
3,0.25,4.25,0.6,-0.35,false,,,,
3,0.25,4.25,0.6,-0.4,false,,,,
3,0.25,4.25,0.6,-0.45,false,,,,
3,0.25,4.25,0.6,-0.5,false,,,,
3,0.25,4.25,0.6,-0.55,false,,,,
3,0.25,4.25,0.6,-0.6,false,,,,
3,0.25,4.25,0.6,-0.65,false,,,,
3,0.25,4.25,0.6,-0.7,false,,,,
3,0.25,4.25,0.6,-0.75,false,,,,
3,0.25,4.25,0.6,-0.8,false,,,,
3,0.25,4.25,0.6,-0.85,false,,,,
3,0.25,4.25,0.6,-0.9,false,,,,
3,0.25,4.25,0.6,-0.95,false,,,,
3,0.25,4.25,0.6,-1,false,,,,
3,0.25,4.25,0.4,-0,false,,,,
3,0.25,4.25,0.4,-0.05,false,,,,
3,0.25,4.25,0.4,-0.1,false,,,,
3,0.25,4.25,0.4,-0.15,false,,,,
3,0.25,4.25,0.4,-0.2,false,,,,
3,0.25,4.25,0.4,-0.25,false,,,,
3,0.25,4.25,0.4,-0.3,false,,,,
3,0.25,4.25,0.4,-0.35,false,,,,
3,0.25,4.25,0.4,-0.4,false,,,,
3,0.25,4.25,0.4,-0.45,false,,,,
3,0.25,4.25,0.4,-0.5,false,,,,
3,0.25,4.25,0.4,-0.55,false,,,,
3,0.25,4.25,0.4,-0.6,false,,,,
3,0.25,4.25,0.4,-0.65,false,,,,
3,0.25,4.25,0.4,-0.7,false,,,,
3,0.25,4.25,0.4,-0.75,false,,,,
3,0.25,4.25,0.4,-0.8,false,,,,
3,0.25,4.25,0.4,-0.85,false,,,,
3,0.25,4.25,0.4,-0.9,false,,,,
3,0.25,4.25,0.4,-0.95,false,,,,
3,0.25,4.25,0.4,-1,false,,,,
3,0.25,4.25,0.2,-0,false,,,,
3,0.25,4.25,0.2,-0.05,false,,,,
3,0.25,4.25,0.2,-0.1,false,,,,
3,0.25,4.25,0.2,-0.15,false,,,,
3,0.25,4.25,0.2,-0.2,false,,,,
3,0.25,4.25,0.2,-0.25,false,,,,
3,0.25,4.25,0.2,-0.3,false,,,,
3,0.25,4.25,0.2,-0.35,false,,,,
3,0.25,4.25,0.2,-0.4,false,,,,
3,0.25,4.25,0.2,-0.45,false,,,,
3,0.25,4.25,0.2,-0.5,false,,,,
3,0.25,4.25,0.2,-0.55,false,,,,
3,0.25,4.25,0.2,-0.6,false,,,,
3,0.25,4.25,0.2,-0.65,false,,,,
3,0.25,4.25,0.2,-0.7,false,,,,
3,0.25,4.25,0.2,-0.75,false,,,,
3,0.25,4.25,0.2,-0.8,false,,,,
3,0.25,4.25,0.2,-0.85,false,,,,
3,0.25,4.25,0.2,-0.9,false,,,,
3,0.25,4.25,0.2,-0.95,false,,,,
3,0.25,4.25,0.2,-1,false,,,,
3,0.25,4.25,0,-0.05,false,,,,
3,0.25,4.25,0,-0.1,false,,,,
3,0.25,4.25,0,-0.15,false,,,,
3,0.25,4.25,0,-0.2,false,,,,
3,0.25,4.25,0,-0.25,false,,,,
3,0.25,4.25,0,-0.3,false,,,,
3,0.25,4.25,0,-0.35,false,,,,
3,0.25,4.25,0,-0.4,false,,,,
3,0.25,4.25,0,-0.45,false,,,,
3,0.25,4.25,0,-0.5,false,,,,
3,0.25,4.25,0,-0.55,false,,,,
3,0.25,4.25,0,-0.6,false,,,,
3,0.25,4.25,0,-0.65,false,,,,
3,0.25,4.25,0,-0.7,false,,,,
3,0.25,4.25,0,-0.75,false,,,,
3,0.25,4.25,0,-0.8,false,,,,
3,0.25,4.25,0,-0.85,false,,,,
3,0.25,4.25,0,-0.9,false,,,,
3,0.25,4.25,0,-0.95,false,,,,
3,0.25,4.25,0,-1,false,,,,
3,0.25,4.275,1,-0,true,0.06277074599,0.03754169573,0.06277074599,0.467118799
3,0.25,4.275,1,-0.05,true,0.06433383279,0.03876233664,0.06433383279,0.4644769947
3,0.25,4.275,1,-0.1,true,0.06633159259,0.04027169407,0.06633159259,0.4613112681
3,0.25,4.275,1,-0.15,true,0.06845606235,0.04188023512,0.06845606235,0.4578493006
3,0.25,4.275,1,-0.2,true,0.07071884473,0.04359756773,0.07071884473,0.4540490167
3,0.25,4.275,1,-0.25,true,0.07313293155,0.04543442279,0.07313293155,0.4498608922
3,0.25,4.275,1,-0.3,true,0.07571290482,0.04740281929,0.07571290482,0.4452261978
3,0.25,4.275,1,-0.35,true,0.07847517448,0.04951625941,0.07847517448,0.440074726
3,0.25,4.275,1,-0.4,true,0.0814382607,0.05178996008,0.0814382607,0.4343218113
3,0.25,4.275,1,-0.45,true,0.08462313094,0.05424112924,0.08462313094,0.4278643753
3,0.25,4.275,1,-0.5,true,0.08805360428,0.05688929715,0.08805360428,0.4205756019
3,0.25,4.275,1,-0.55,true,0.09175683934,0.05975671603,0.09175683934,0.4122976544
3,0.25,4.275,1,-0.6,true,0.09576392663,0.06286884505,0.09576392663,0.40283154
3,0.25,4.275,1,-0.65,true,0.1001106122,0.06625494269,0.1001106122,0.3919227249
3,0.25,4.275,1,-0.7,true,0.1048381876,0.06994879533,0.1048381876,0.3792402682
3,0.25,4.275,1,-0.75,true,0.1099942037,0.07398914819,0.1099942037,0.4607027021
3,0.25,4.275,1,-0.8,true,0.1156129756,0.07839574623,0.1156129756,0.458615606
3,0.25,4.275,1,-0.85,true,0.1217471055,0.08320718313,0.1217471055,0.4562823084
3,0.25,4.275,1,-0.9,true,0.1284733799,0.08848668676,0.1284733799,0.4536562945
3,0.25,4.275,1,-0.95,true,0.1358834255,0.09430958567,0.1358834255,0.4506802605
3,0.25,4.275,1,-1,true,0.1440873891,0.1007663211,0.1440873891,0.4472827523
3,0.25,4.275,0.8,-0,false,,,,
3,0.25,4.275,0.8,-0.05,false,,,,
3,0.25,4.275,0.8,-0.1,false,,,,
3,0.25,4.275,0.8,-0.15,false,,,,
3,0.25,4.275,0.8,-0.2,false,,,,
3,0.25,4.275,0.8,-0.25,false,,,,
3,0.25,4.275,0.8,-0.3,false,,,,
3,0.25,4.275,0.8,-0.35,false,,,,
3,0.25,4.275,0.8,-0.4,false,,,,
3,0.25,4.275,0.8,-0.45,false,,,,
3,0.25,4.275,0.8,-0.5,false,,,,
3,0.25,4.275,0.8,-0.55,false,,,,
3,0.25,4.275,0.8,-0.6,false,,,,
3,0.25,4.275,0.8,-0.65,false,,,,
3,0.25,4.275,0.8,-0.7,false,,,,
3,0.25,4.275,0.8,-0.75,false,,,,
3,0.25,4.275,0.8,-0.8,false,,,,
3,0.25,4.275,0.8,-0.85,false,,,,
3,0.25,4.275,0.8,-0.9,false,,,,
3,0.25,4.275,0.8,-0.95,false,,,,
3,0.25,4.275,0.8,-1,false,,,,
3,0.25,4.275,0.6,-0,false,,,,
3,0.25,4.275,0.6,-0.05,false,,,,
3,0.25,4.275,0.6,-0.1,false,,,,
3,0.25,4.275,0.6,-0.15,false,,,,
3,0.25,4.275,0.6,-0.2,false,,,,
3,0.25,4.275,0.6,-0.25,false,,,,
3,0.25,4.275,0.6,-0.3,false,,,,
3,0.25,4.275,0.6,-0.35,false,,,,
3,0.25,4.275,0.6,-0.4,false,,,,
3,0.25,4.275,0.6,-0.45,false,,,,
3,0.25,4.275,0.6,-0.5,false,,,,
3,0.25,4.275,0.6,-0.55,false,,,,
3,0.25,4.275,0.6,-0.6,false,,,,
3,0.25,4.275,0.6,-0.65,false,,,,
3,0.25,4.275,0.6,-0.7,false,,,,
3,0.25,4.275,0.6,-0.75,false,,,,
3,0.25,4.275,0.6,-0.8,false,,,,
3,0.25,4.275,0.6,-0.85,false,,,,
3,0.25,4.275,0.6,-0.9,false,,,,
3,0.25,4.275,0.6,-0.95,false,,,,
3,0.25,4.275,0.6,-1,false,,,,
3,0.25,4.275,0.4,-0,false,,,,
3,0.25,4.275,0.4,-0.05,false,,,,
3,0.25,4.275,0.4,-0.1,false,,,,
3,0.25,4.275,0.4,-0.15,false,,,,
3,0.25,4.275,0.4,-0.2,false,,,,
3,0.25,4.275,0.4,-0.25,false,,,,
3,0.25,4.275,0.4,-0.3,false,,,,
3,0.25,4.275,0.4,-0.35,false,,,,
3,0.25,4.275,0.4,-0.4,false,,,,
3,0.25,4.275,0.4,-0.45,false,,,,
3,0.25,4.275,0.4,-0.5,false,,,,
3,0.25,4.275,0.4,-0.55,false,,,,
3,0.25,4.275,0.4,-0.6,false,,,,
3,0.25,4.275,0.4,-0.65,false,,,,
3,0.25,4.275,0.4,-0.7,false,,,,
3,0.25,4.275,0.4,-0.75,false,,,,
3,0.25,4.275,0.4,-0.8,false,,,,
3,0.25,4.275,0.4,-0.85,false,,,,
3,0.25,4.275,0.4,-0.9,false,,,,
3,0.25,4.275,0.4,-0.95,false,,,,
3,0.25,4.275,0.4,-1,false,,,,
3,0.25,4.275,0.2,-0,false,,,,
3,0.25,4.275,0.2,-0.05,false,,,,
3,0.25,4.275,0.2,-0.1,false,,,,
3,0.25,4.275,0.2,-0.15,false,,,,
3,0.25,4.275,0.2,-0.2,false,,,,
3,0.25,4.275,0.2,-0.25,false,,,,
3,0.25,4.275,0.2,-0.3,false,,,,
3,0.25,4.275,0.2,-0.35,false,,,,
3,0.25,4.275,0.2,-0.4,false,,,,
3,0.25,4.275,0.2,-0.45,false,,,,
3,0.25,4.275,0.2,-0.5,false,,,,
3,0.25,4.275,0.2,-0.55,false,,,,
3,0.25,4.275,0.2,-0.6,false,,,,
3,0.25,4.275,0.2,-0.65,false,,,,
3,0.25,4.275,0.2,-0.7,false,,,,
3,0.25,4.275,0.2,-0.75,false,,,,
3,0.25,4.275,0.2,-0.8,false,,,,
3,0.25,4.275,0.2,-0.85,false,,,,
3,0.25,4.275,0.2,-0.9,false,,,,
3,0.25,4.275,0.2,-0.95,false,,,,
3,0.25,4.275,0.2,-1,false,,,,
3,0.25,4.275,0,-0.05,false,,,,
3,0.25,4.275,0,-0.1,false,,,,
3,0.25,4.275,0,-0.15,false,,,,
3,0.25,4.275,0,-0.2,false,,,,
3,0.25,4.275,0,-0.25,false,,,,
3,0.25,4.275,0,-0.3,false,,,,
3,0.25,4.275,0,-0.35,false,,,,
3,0.25,4.275,0,-0.4,false,,,,
3,0.25,4.275,0,-0.45,false,,,,
3,0.25,4.275,0,-0.5,false,,,,
3,0.25,4.275,0,-0.55,false,,,,
3,0.25,4.275,0,-0.6,false,,,,
3,0.25,4.275,0,-0.65,false,,,,
3,0.25,4.275,0,-0.7,false,,,,
3,0.25,4.275,0,-0.75,false,,,,
3,0.25,4.275,0,-0.8,false,,,,
3,0.25,4.275,0,-0.85,false,,,,
3,0.25,4.275,0,-0.9,false,,,,
3,0.25,4.275,0,-0.95,false,,,,
3,0.25,4.275,0,-1,false,,,,
3,0.25,4.28,1,-0,true,0.06277819931,0.03756083968,0.06277819931,0.4670351423
3,0.25,4.28,1,-0.05,true,0.06434196541,0.03878244659,0.06434196541,0.4643890236
3,0.25,4.28,1,-0.1,true,0.06634042711,0.04029277316,0.06634042711,0.4612186858
3,0.25,4.28,1,-0.15,true,0.0684656207,0.04190228665,0.0684656207,0.4577519347
3,0.25,4.28,1,-0.2,true,0.0707291482,0.04362059515,0.0707291482,0.4539466624
3,0.25,4.28,1,-0.25,true,0.0731440008,0.0454584297,0.0731440008,0.4497533059
3,0.25,4.28,1,-0.3,true,0.07572475994,0.04742780943,0.07572475994,0.4451130898
3,0.25,4.28,1,-0.35,true,0.078487835,0.04954223668,0.078487835,0.4399557508
3,0.25,4.28,1,-0.4,true,0.08145174564,0.05181692855,0.08145174564,0.4341965554
3,0.25,4.28,1,-0.45,true,0.08463745881,0.05426909312,0.08463745881,0.4277323412
3,0.25,4.28,1,-0.5,true,0.08806879311,0.05691826081,0.08806879311,0.4204361871
3,0.25,4.28,1,-0.55,true,0.09177290673,0.05978668399,0.09177290673,0.4121501234
3,0.25,4.28,1,-0.6,true,0.09578088976,0.062899822,0.09578088976,0.4026749857
3,0.25,4.28,1,-0.65,true,0.1001284878,0.06628693347,0.1001284878,0.391756016
3,0.25,4.28,1,-0.7,true,0.1048569921,0.06998180493,0.1048569921,0.3790619739
3,0.25,4.28,1,-0.75,true,0.1100139532,0.07402318178,0.1100139532,0.4606847499
3,0.25,4.28,1,-0.8,true,0.1156336857,0.07843080913,0.1156336857,0.4585973404
3,0.25,4.28,1,-0.85,true,0.1217687916,0.08324328081,0.1217687916,0.4562637764
3,0.25,4.28,1,-0.9,true,0.1284960571,0.08852382485,0.1284960571,0.4536375525
3,0.25,4.28,1,-0.95,true,0.1359071087,0.09434776999,0.1359071087,0.4506613772
3,0.25,4.28,1,-1,true,0.1441120928,0.1008055576,0.1441120928,0.447263812
3,0.25,4.28,0.8,-0,false,,,,
3,0.25,4.28,0.8,-0.05,false,,,,
3,0.25,4.28,0.8,-0.1,false,,,,
3,0.25,4.28,0.8,-0.15,false,,,,
3,0.25,4.28,0.8,-0.2,false,,,,
3,0.25,4.28,0.8,-0.25,false,,,,
3,0.25,4.28,0.8,-0.3,false,,,,
3,0.25,4.28,0.8,-0.35,false,,,,
3,0.25,4.28,0.8,-0.4,false,,,,
3,0.25,4.28,0.8,-0.45,false,,,,
3,0.25,4.28,0.8,-0.5,false,,,,
3,0.25,4.28,0.8,-0.55,false,,,,
3,0.25,4.28,0.8,-0.6,false,,,,
3,0.25,4.28,0.8,-0.65,false,,,,
3,0.25,4.28,0.8,-0.7,false,,,,
3,0.25,4.28,0.8,-0.75,false,,,,
3,0.25,4.28,0.8,-0.8,false,,,,
3,0.25,4.28,0.8,-0.85,false,,,,
3,0.25,4.28,0.8,-0.9,false,,,,
3,0.25,4.28,0.8,-0.95,false,,,,
3,0.25,4.28,0.8,-1,false,,,,
3,0.25,4.28,0.6,-0,false,,,,
3,0.25,4.28,0.6,-0.05,false,,,,
3,0.25,4.28,0.6,-0.1,false,,,,
3,0.25,4.28,0.6,-0.15,false,,,,
3,0.25,4.28,0.6,-0.2,false,,,,
3,0.25,4.28,0.6,-0.25,false,,,,
3,0.25,4.28,0.6,-0.3,false,,,,
3,0.25,4.28,0.6,-0.35,false,,,,
3,0.25,4.28,0.6,-0.4,false,,,,
3,0.25,4.28,0.6,-0.45,false,,,,
3,0.25,4.28,0.6,-0.5,false,,,,
3,0.25,4.28,0.6,-0.55,false,,,,
3,0.25,4.28,0.6,-0.6,false,,,,
3,0.25,4.28,0.6,-0.65,false,,,,
3,0.25,4.28,0.6,-0.7,false,,,,
3,0.25,4.28,0.6,-0.75,false,,,,
3,0.25,4.28,0.6,-0.8,false,,,,
3,0.25,4.28,0.6,-0.85,false,,,,
3,0.25,4.28,0.6,-0.9,false,,,,
3,0.25,4.28,0.6,-0.95,false,,,,
3,0.25,4.28,0.6,-1,false,,,,
3,0.25,4.28,0.4,-0,false,,,,
3,0.25,4.28,0.4,-0.05,false,,,,
3,0.25,4.28,0.4,-0.1,false,,,,
3,0.25,4.28,0.4,-0.15,false,,,,
3,0.25,4.28,0.4,-0.2,false,,,,
3,0.25,4.28,0.4,-0.25,false,,,,
3,0.25,4.28,0.4,-0.3,false,,,,
3,0.25,4.28,0.4,-0.35,false,,,,
3,0.25,4.28,0.4,-0.4,false,,,,
3,0.25,4.28,0.4,-0.45,false,,,,
3,0.25,4.28,0.4,-0.5,false,,,,
3,0.25,4.28,0.4,-0.55,false,,,,
3,0.25,4.28,0.4,-0.6,false,,,,
3,0.25,4.28,0.4,-0.65,false,,,,
3,0.25,4.28,0.4,-0.7,false,,,,
3,0.25,4.28,0.4,-0.75,false,,,,
3,0.25,4.28,0.4,-0.8,false,,,,
3,0.25,4.28,0.4,-0.85,false,,,,
3,0.25,4.28,0.4,-0.9,false,,,,
3,0.25,4.28,0.4,-0.95,false,,,,
3,0.25,4.28,0.4,-1,false,,,,
3,0.25,4.28,0.2,-0,false,,,,
3,0.25,4.28,0.2,-0.05,false,,,,
3,0.25,4.28,0.2,-0.1,false,,,,
3,0.25,4.28,0.2,-0.15,false,,,,
3,0.25,4.28,0.2,-0.2,false,,,,
3,0.25,4.28,0.2,-0.25,false,,,,
3,0.25,4.28,0.2,-0.3,false,,,,
3,0.25,4.28,0.2,-0.35,false,,,,
3,0.25,4.28,0.2,-0.4,false,,,,
3,0.25,4.28,0.2,-0.45,false,,,,
3,0.25,4.28,0.2,-0.5,false,,,,
3,0.25,4.28,0.2,-0.55,false,,,,
3,0.25,4.28,0.2,-0.6,false,,,,
3,0.25,4.28,0.2,-0.65,false,,,,
3,0.25,4.28,0.2,-0.7,false,,,,
3,0.25,4.28,0.2,-0.75,false,,,,
3,0.25,4.28,0.2,-0.8,false,,,,
3,0.25,4.28,0.2,-0.85,false,,,,
3,0.25,4.28,0.2,-0.9,false,,,,
3,0.25,4.28,0.2,-0.95,false,,,,
3,0.25,4.28,0.2,-1,false,,,,
3,0.25,4.28,0,-0.05,false,,,,
3,0.25,4.28,0,-0.1,false,,,,
3,0.25,4.28,0,-0.15,false,,,,
3,0.25,4.28,0,-0.2,false,,,,
3,0.25,4.28,0,-0.25,false,,,,
3,0.25,4.28,0,-0.3,false,,,,
3,0.25,4.28,0,-0.35,false,,,,
3,0.25,4.28,0,-0.4,false,,,,
3,0.25,4.28,0,-0.45,false,,,,
3,0.25,4.28,0,-0.5,false,,,,
3,0.25,4.28,0,-0.55,false,,,,
3,0.25,4.28,0,-0.6,false,,,,
3,0.25,4.28,0,-0.65,false,,,,
3,0.25,4.28,0,-0.7,false,,,,
3,0.25,4.28,0,-0.75,false,,,,
3,0.25,4.28,0,-0.8,false,,,,
3,0.25,4.28,0,-0.85,false,,,,
3,0.25,4.28,0,-0.9,false,,,,
3,0.25,4.28,0,-0.95,false,,,,
3,0.25,4.28,0,-1,false,,,,
3,0.25,4.29,1,-0,true,0.0627931079,0.03759891814,0.0627931079,0.4668689324
3,0.25,4.29,1,-0.05,true,0.06435823258,0.03882245965,0.06435823258,0.4642141774
3,0.25,4.29,1,-0.1,true,0.06635809805,0.04033472707,0.06635809805,0.4610346116
3,0.25,4.29,1,-0.15,true,0.06848473927,0.04194618796,0.06848473927,0.4575582885
3,0.25,4.29,1,-0.2,true,0.07074975695,0.04366645072,0.07074975695,0.4537430348
3,0.25,4.29,1,-0.25,true,0.07316614109,0.0455062467,0.07316614109,0.4495392104
3,0.25,4.29,1,-0.3,true,0.07574847194,0.04747759533,0.07574847194,0.4448879475
3,0.25,4.29,1,-0.35,true,0.07851315778,0.04959399926,0.07851315778,0.4397188715
3,0.25,4.29,1,-0.4,true,0.08147871722,0.05187067589,0.08147871722,0.4339471128
3,0.25,4.29,1,-0.45,true,0.08466611622,0.05432483363,0.08466611622,0.4274693412
3,0.25,4.29,1,-0.5,true,0.08809917243,0.05697600319,0.08809917243,0.4201584256
3,0.25,4.29,1,-0.55,true,0.09180504315,0.05984643727,0.09180504315,0.4118561301
3,0.25,4.29,1,-0.6,true,0.09581481762,0.06296159551,0.09581481762,0.4023629478
3,0.25,4.29,1,-0.65,true,0.1001642406,0.06635073687,0.1001642406,0.391423672
3,0.25,4.29,1,-0.7,true,0.1048946027,0.07004764819,0.1048946027,0.3787064633
3,0.25,4.29,1,-0.75,true,0.1100534536,0.07409107518,0.1100534536,0.4606497755
3,0.25,4.29,1,-0.8,true,0.1156751074,0.07850076327,0.1156751074,0.4585617332
3,0.25,4.29,1,-0.85,true,0.1218121654,0.08331530664,0.1218121654,0.4562276308
3,0.25,4.29,1,-0.9,true,0.1285414131,0.08859793362,0.1285414131,0.4536009823
3,0.25,4.29,1,-0.95,true,0.1359544765,0.09442397328,0.1359544765,0.4506245203
3,0.25,4.29,1,-1,true,0.1441615015,0.1008838673,0.1441615015,0.4472268381
3,0.25,4.29,0.8,-0,false,,,,
3,0.25,4.29,0.8,-0.05,false,,,,
3,0.25,4.29,0.8,-0.1,false,,,,
3,0.25,4.29,0.8,-0.15,false,,,,
3,0.25,4.29,0.8,-0.2,false,,,,
3,0.25,4.29,0.8,-0.25,false,,,,
3,0.25,4.29,0.8,-0.3,false,,,,
3,0.25,4.29,0.8,-0.35,false,,,,
3,0.25,4.29,0.8,-0.4,false,,,,
3,0.25,4.29,0.8,-0.45,false,,,,
3,0.25,4.29,0.8,-0.5,false,,,,
3,0.25,4.29,0.8,-0.55,false,,,,
3,0.25,4.29,0.8,-0.6,false,,,,
3,0.25,4.29,0.8,-0.65,false,,,,
3,0.25,4.29,0.8,-0.7,false,,,,
3,0.25,4.29,0.8,-0.75,false,,,,
3,0.25,4.29,0.8,-0.8,false,,,,
3,0.25,4.29,0.8,-0.85,false,,,,
3,0.25,4.29,0.8,-0.9,false,,,,
3,0.25,4.29,0.8,-0.95,false,,,,
3,0.25,4.29,0.8,-1,false,,,,
3,0.25,4.29,0.6,-0,false,,,,
3,0.25,4.29,0.6,-0.05,false,,,,
3,0.25,4.29,0.6,-0.1,false,,,,
3,0.25,4.29,0.6,-0.15,false,,,,
3,0.25,4.29,0.6,-0.2,false,,,,
3,0.25,4.29,0.6,-0.25,false,,,,
3,0.25,4.29,0.6,-0.3,false,,,,
3,0.25,4.29,0.6,-0.35,false,,,,
3,0.25,4.29,0.6,-0.4,false,,,,
3,0.25,4.29,0.6,-0.45,false,,,,
3,0.25,4.29,0.6,-0.5,false,,,,
3,0.25,4.29,0.6,-0.55,false,,,,
3,0.25,4.29,0.6,-0.6,false,,,,
3,0.25,4.29,0.6,-0.65,false,,,,
3,0.25,4.29,0.6,-0.7,false,,,,
3,0.25,4.29,0.6,-0.75,false,,,,
3,0.25,4.29,0.6,-0.8,false,,,,
3,0.25,4.29,0.6,-0.85,false,,,,
3,0.25,4.29,0.6,-0.9,false,,,,
3,0.25,4.29,0.6,-0.95,false,,,,
3,0.25,4.29,0.6,-1,false,,,,
3,0.25,4.29,0.4,-0,false,,,,
3,0.25,4.29,0.4,-0.05,false,,,,
3,0.25,4.29,0.4,-0.1,false,,,,
3,0.25,4.29,0.4,-0.15,false,,,,
3,0.25,4.29,0.4,-0.2,false,,,,
3,0.25,4.29,0.4,-0.25,false,,,,
3,0.25,4.29,0.4,-0.3,false,,,,
3,0.25,4.29,0.4,-0.35,false,,,,
3,0.25,4.29,0.4,-0.4,false,,,,
3,0.25,4.29,0.4,-0.45,false,,,,
3,0.25,4.29,0.4,-0.5,false,,,,
3,0.25,4.29,0.4,-0.55,false,,,,
3,0.25,4.29,0.4,-0.6,false,,,,
3,0.25,4.29,0.4,-0.65,false,,,,
3,0.25,4.29,0.4,-0.7,false,,,,
3,0.25,4.29,0.4,-0.75,false,,,,
3,0.25,4.29,0.4,-0.8,false,,,,
3,0.25,4.29,0.4,-0.85,false,,,,
3,0.25,4.29,0.4,-0.9,false,,,,
3,0.25,4.29,0.4,-0.95,false,,,,
3,0.25,4.29,0.4,-1,false,,,,
3,0.25,4.29,0.2,-0,false,,,,
3,0.25,4.29,0.2,-0.05,false,,,,
3,0.25,4.29,0.2,-0.1,false,,,,
3,0.25,4.29,0.2,-0.15,false,,,,
3,0.25,4.29,0.2,-0.2,false,,,,
3,0.25,4.29,0.2,-0.25,false,,,,
3,0.25,4.29,0.2,-0.3,false,,,,
3,0.25,4.29,0.2,-0.35,false,,,,
3,0.25,4.29,0.2,-0.4,false,,,,
3,0.25,4.29,0.2,-0.45,false,,,,
3,0.25,4.29,0.2,-0.5,false,,,,
3,0.25,4.29,0.2,-0.55,false,,,,
3,0.25,4.29,0.2,-0.6,false,,,,
3,0.25,4.29,0.2,-0.65,false,,,,
3,0.25,4.29,0.2,-0.7,false,,,,
3,0.25,4.29,0.2,-0.75,false,,,,
3,0.25,4.29,0.2,-0.8,false,,,,
3,0.25,4.29,0.2,-0.85,false,,,,
3,0.25,4.29,0.2,-0.9,false,,,,
3,0.25,4.29,0.2,-0.95,false,,,,
3,0.25,4.29,0.2,-1,false,,,,
3,0.25,4.29,0,-0.05,false,,,,
3,0.25,4.29,0,-0.1,false,,,,
3,0.25,4.29,0,-0.15,false,,,,
3,0.25,4.29,0,-0.2,false,,,,
3,0.25,4.29,0,-0.25,false,,,,
3,0.25,4.29,0,-0.3,false,,,,
3,0.25,4.29,0,-0.35,false,,,,
3,0.25,4.29,0,-0.4,false,,,,
3,0.25,4.29,0,-0.45,false,,,,
3,0.25,4.29,0,-0.5,false,,,,
3,0.25,4.29,0,-0.55,false,,,,
3,0.25,4.29,0,-0.6,false,,,,
3,0.25,4.29,0,-0.65,false,,,,
3,0.25,4.29,0,-0.7,false,,,,
3,0.25,4.29,0,-0.75,false,,,,
3,0.25,4.29,0,-0.8,false,,,,
3,0.25,4.29,0,-0.85,false,,,,
3,0.25,4.29,0,-0.9,false,,,,
3,0.25,4.29,0,-0.95,false,,,,
3,0.25,4.29,0,-1,false,,,,
3,0.25,4.2917,1,-0,true,0.06279564247,0.03760536365,0.06279564247,0.4668408231
3,0.25,4.2917,1,-0.05,true,0.06436099811,0.03882923439,0.06436099811,0.4641845988
3,0.25,4.2917,1,-0.1,true,0.06636110222,0.04034183209,0.06636110222,0.4610034635
3,0.25,4.2917,1,-0.15,true,0.06848798953,0.04195362437,0.06848798953,0.4575255126
3,0.25,4.2917,1,-0.2,true,0.07075326055,0.04367421969,0.07075326055,0.4537085615
3,0.25,4.2917,1,-0.25,true,0.07316990504,0.04551434944,0.07316990504,0.449502957
3,0.25,4.2917,1,-0.3,true,0.07575250308,0.0474860331,0.07575250308,0.4448498157
3,0.25,4.2917,1,-0.35,true,0.07851746275,0.04960277339,0.07851746275,0.4396787441
3,0.25,4.2917,1,-0.4,true,0.08148330249,0.05187978775,0.08148330249,0.4339048494
3,0.25,4.2917,1,-0.45,true,0.08467098808,0.05433428464,0.08467098808,0.4274247728
3,0.25,4.2917,1,-0.5,true,0.08810433701,0.05698579483,0.08810433701,0.4201113477
3,0.25,4.2917,1,-0.55,true,0.09181050643,0.05985657107,0.09181050643,0.411806293
3,0.25,4.2917,1,-0.6,true,0.09582058544,0.06297207305,0.09582058544,0.4023100433
3,0.25,4.2917,1,-0.65,true,0.1001703187,0.06636155978,0.1001703187,0.3913673159
3,0.25,4.2917,1,-0.7,true,0.1049009966,0.07005881817,0.1049009966,0.3786461694
3,0.25,4.2917,1,-0.75,true,0.1100601688,0.07410259397,0.1100601688,0.460643953
3,0.25,4.2917,1,-0.8,true,0.1156821492,0.07851263268,0.1156821492,0.4585558024
3,0.25,4.2917,1,-0.85,true,0.121819539,0.08332752851,0.121819539,0.4562216077
3,0.25,4.2917,1,-0.9,true,0.1285491237,0.08861050988,0.1285491237,0.4535948864
3,0.25,4.2917,1,-0.95,true,0.1359625291,0.09443690587,0.1359625291,0.4506183751
3,0.25,4.2917,1,-1,true,0.1441699011,0.1008971583,0.1441699011,0.4472206727
3,0.25,4.2917,0.8,-0,false,,,,
3,0.25,4.2917,0.8,-0.05,false,,,,
3,0.25,4.2917,0.8,-0.1,false,,,,
3,0.25,4.2917,0.8,-0.15,false,,,,
3,0.25,4.2917,0.8,-0.2,false,,,,
3,0.25,4.2917,0.8,-0.25,false,,,,
3,0.25,4.2917,0.8,-0.3,false,,,,
3,0.25,4.2917,0.8,-0.35,false,,,,
3,0.25,4.2917,0.8,-0.4,false,,,,
3,0.25,4.2917,0.8,-0.45,false,,,,
3,0.25,4.2917,0.8,-0.5,false,,,,
3,0.25,4.2917,0.8,-0.55,false,,,,
3,0.25,4.2917,0.8,-0.6,false,,,,
3,0.25,4.2917,0.8,-0.65,false,,,,
3,0.25,4.2917,0.8,-0.7,false,,,,
3,0.25,4.2917,0.8,-0.75,false,,,,
3,0.25,4.2917,0.8,-0.8,false,,,,
3,0.25,4.2917,0.8,-0.85,false,,,,
3,0.25,4.2917,0.8,-0.9,false,,,,
3,0.25,4.2917,0.8,-0.95,false,,,,
3,0.25,4.2917,0.8,-1,false,,,,
3,0.25,4.2917,0.6,-0,false,,,,
3,0.25,4.2917,0.6,-0.05,false,,,,
3,0.25,4.2917,0.6,-0.1,false,,,,
3,0.25,4.2917,0.6,-0.15,false,,,,
3,0.25,4.2917,0.6,-0.2,false,,,,
3,0.25,4.2917,0.6,-0.25,false,,,,
3,0.25,4.2917,0.6,-0.3,false,,,,
3,0.25,4.2917,0.6,-0.35,false,,,,
3,0.25,4.2917,0.6,-0.4,false,,,,
3,0.25,4.2917,0.6,-0.45,false,,,,
3,0.25,4.2917,0.6,-0.5,false,,,,
3,0.25,4.2917,0.6,-0.55,false,,,,
3,0.25,4.2917,0.6,-0.6,false,,,,
3,0.25,4.2917,0.6,-0.65,false,,,,
3,0.25,4.2917,0.6,-0.7,false,,,,
3,0.25,4.2917,0.6,-0.75,false,,,,
3,0.25,4.2917,0.6,-0.8,false,,,,
3,0.25,4.2917,0.6,-0.85,false,,,,
3,0.25,4.2917,0.6,-0.9,false,,,,
3,0.25,4.2917,0.6,-0.95,false,,,,
3,0.25,4.2917,0.6,-1,false,,,,
3,0.25,4.2917,0.4,-0,false,,,,
3,0.25,4.2917,0.4,-0.05,false,,,,
3,0.25,4.2917,0.4,-0.1,false,,,,
3,0.25,4.2917,0.4,-0.15,false,,,,
3,0.25,4.2917,0.4,-0.2,false,,,,
3,0.25,4.2917,0.4,-0.25,false,,,,
3,0.25,4.2917,0.4,-0.3,false,,,,
3,0.25,4.2917,0.4,-0.35,false,,,,
3,0.25,4.2917,0.4,-0.4,false,,,,
3,0.25,4.2917,0.4,-0.45,false,,,,
3,0.25,4.2917,0.4,-0.5,false,,,,
3,0.25,4.2917,0.4,-0.55,false,,,,
3,0.25,4.2917,0.4,-0.6,false,,,,
3,0.25,4.2917,0.4,-0.65,false,,,,
3,0.25,4.2917,0.4,-0.7,false,,,,
3,0.25,4.2917,0.4,-0.75,false,,,,
3,0.25,4.2917,0.4,-0.8,false,,,,
3,0.25,4.2917,0.4,-0.85,false,,,,
3,0.25,4.2917,0.4,-0.9,false,,,,
3,0.25,4.2917,0.4,-0.95,false,,,,
3,0.25,4.2917,0.4,-1,false,,,,
3,0.25,4.2917,0.2,-0,false,,,,
3,0.25,4.2917,0.2,-0.05,false,,,,
3,0.25,4.2917,0.2,-0.1,false,,,,
3,0.25,4.2917,0.2,-0.15,false,,,,
3,0.25,4.2917,0.2,-0.2,false,,,,
3,0.25,4.2917,0.2,-0.25,false,,,,
3,0.25,4.2917,0.2,-0.3,false,,,,
3,0.25,4.2917,0.2,-0.35,false,,,,
3,0.25,4.2917,0.2,-0.4,false,,,,
3,0.25,4.2917,0.2,-0.45,false,,,,
3,0.25,4.2917,0.2,-0.5,false,,,,
3,0.25,4.2917,0.2,-0.55,false,,,,
3,0.25,4.2917,0.2,-0.6,false,,,,
3,0.25,4.2917,0.2,-0.65,false,,,,
3,0.25,4.2917,0.2,-0.7,false,,,,
3,0.25,4.2917,0.2,-0.75,false,,,,
3,0.25,4.2917,0.2,-0.8,false,,,,
3,0.25,4.2917,0.2,-0.85,false,,,,
3,0.25,4.2917,0.2,-0.9,false,,,,
3,0.25,4.2917,0.2,-0.95,false,,,,
3,0.25,4.2917,0.2,-1,false,,,,
3,0.25,4.2917,0,-0.05,false,,,,
3,0.25,4.2917,0,-0.1,false,,,,
3,0.25,4.2917,0,-0.15,false,,,,
3,0.25,4.2917,0,-0.2,false,,,,
3,0.25,4.2917,0,-0.25,false,,,,
3,0.25,4.2917,0,-0.3,false,,,,
3,0.25,4.2917,0,-0.35,false,,,,
3,0.25,4.2917,0,-0.4,false,,,,
3,0.25,4.2917,0,-0.45,false,,,,
3,0.25,4.2917,0,-0.5,false,,,,
3,0.25,4.2917,0,-0.55,false,,,,
3,0.25,4.2917,0,-0.6,false,,,,
3,0.25,4.2917,0,-0.65,false,,,,
3,0.25,4.2917,0,-0.7,false,,,,
3,0.25,4.2917,0,-0.75,false,,,,
3,0.25,4.2917,0,-0.8,false,,,,
3,0.25,4.2917,0,-0.85,false,,,,
3,0.25,4.2917,0,-0.9,false,,,,
3,0.25,4.2917,0,-0.95,false,,,,
3,0.25,4.2917,0,-1,false,,,,
3,0.25,4.3,1,-0,true,0.06280801693,0.03763671642,0.06280801693,0.466704194
3,0.25,4.3,1,-0.05,true,0.06437450017,0.03886219601,0.06437450017,0.4640407922
3,0.25,4.3,1,-0.1,true,0.06637576941,0.04037640771,0.06637576941,0.4608519912
3,0.25,4.3,1,-0.15,true,0.06850385825,0.0419898194,0.06850385825,0.4573660895
3,0.25,4.3,1,-0.2,true,0.07077036612,0.04371203977,0.07077036612,0.4535408485
3,0.25,4.3,1,-0.25,true,0.07318828178,0.04555380048,0.07318828178,0.449326551
3,0.25,4.3,1,-0.3,true,0.07577218433,0.04752712128,0.07577218433,0.444664237
3,0.25,4.3,1,-0.35,true,0.07853848094,0.04964550511,0.07853848094,0.4394834205
3,0.25,4.3,1,-0.4,true,0.08150568918,0.0519241697,0.08150568918,0.4336990961
3,0.25,4.3,1,-0.45,true,0.084694774,0.05438032375,0.084694774,0.4272077657
3,0.25,4.3,1,-0.5,true,0.08812955211,0.05703349829,0.08812955211,0.4198820884
3,0.25,4.3,1,-0.55,true,0.09183717992,0.05990594634,0.09183717992,0.4115635623
3,0.25,4.3,1,-0.6,true,0.09584874582,0.06302312784,0.09584874582,0.402052338
3,0.25,4.3,1,-0.65,true,0.1001999938,0.06641430208,0.1001999938,0.3910927603
3,0.25,4.3,1,-0.7,true,0.1049322136,0.07011325621,0.1049322136,0.3783523907
3,0.25,4.3,1,-0.75,true,0.1100929544,0.07415873626,0.1100929544,0.4606160391
3,0.25,4.3,1,-0.8,true,0.1157165295,0.07857048799,0.1157165295,0.458527356
3,0.25,4.3,1,-0.85,true,0.1218555394,0.08338710589,0.1218555394,0.4561927081
3,0.25,4.3,1,-0.9,true,0.1285867693,0.08867181862,0.1285867693,0.4535656285
3,0.25,4.3,1,-0.95,true,0.1360018446,0.09449995556,0.1360018446,0.4505888745
3,0.25,4.3,1,-1,true,0.1442109106,0.1009619588,0.1442109106,0.4471910712
3,0.25,4.3,0.8,-0,false,,,,
3,0.25,4.3,0.8,-0.05,false,,,,
3,0.25,4.3,0.8,-0.1,false,,,,
3,0.25,4.3,0.8,-0.15,false,,,,
3,0.25,4.3,0.8,-0.2,false,,,,
3,0.25,4.3,0.8,-0.25,false,,,,
3,0.25,4.3,0.8,-0.3,false,,,,
3,0.25,4.3,0.8,-0.35,false,,,,
3,0.25,4.3,0.8,-0.4,false,,,,
3,0.25,4.3,0.8,-0.45,false,,,,
3,0.25,4.3,0.8,-0.5,false,,,,
3,0.25,4.3,0.8,-0.55,false,,,,
3,0.25,4.3,0.8,-0.6,false,,,,
3,0.25,4.3,0.8,-0.65,false,,,,
3,0.25,4.3,0.8,-0.7,false,,,,
3,0.25,4.3,0.8,-0.75,false,,,,
3,0.25,4.3,0.8,-0.8,false,,,,
3,0.25,4.3,0.8,-0.85,false,,,,
3,0.25,4.3,0.8,-0.9,false,,,,
3,0.25,4.3,0.8,-0.95,false,,,,
3,0.25,4.3,0.8,-1,false,,,,
3,0.25,4.3,0.6,-0,false,,,,
3,0.25,4.3,0.6,-0.05,false,,,,
3,0.25,4.3,0.6,-0.1,false,,,,
3,0.25,4.3,0.6,-0.15,false,,,,
3,0.25,4.3,0.6,-0.2,false,,,,
3,0.25,4.3,0.6,-0.25,false,,,,
3,0.25,4.3,0.6,-0.3,false,,,,
3,0.25,4.3,0.6,-0.35,false,,,,
3,0.25,4.3,0.6,-0.4,false,,,,
3,0.25,4.3,0.6,-0.45,false,,,,
3,0.25,4.3,0.6,-0.5,false,,,,
3,0.25,4.3,0.6,-0.55,false,,,,
3,0.25,4.3,0.6,-0.6,false,,,,
3,0.25,4.3,0.6,-0.65,false,,,,
3,0.25,4.3,0.6,-0.7,false,,,,
3,0.25,4.3,0.6,-0.75,false,,,,
3,0.25,4.3,0.6,-0.8,false,,,,
3,0.25,4.3,0.6,-0.85,false,,,,
3,0.25,4.3,0.6,-0.9,false,,,,
3,0.25,4.3,0.6,-0.95,false,,,,
3,0.25,4.3,0.6,-1,false,,,,
3,0.25,4.3,0.4,-0,false,,,,
3,0.25,4.3,0.4,-0.05,false,,,,
3,0.25,4.3,0.4,-0.1,false,,,,
3,0.25,4.3,0.4,-0.15,false,,,,
3,0.25,4.3,0.4,-0.2,false,,,,
3,0.25,4.3,0.4,-0.25,false,,,,
3,0.25,4.3,0.4,-0.3,false,,,,
3,0.25,4.3,0.4,-0.35,false,,,,
3,0.25,4.3,0.4,-0.4,false,,,,
3,0.25,4.3,0.4,-0.45,false,,,,
3,0.25,4.3,0.4,-0.5,false,,,,
3,0.25,4.3,0.4,-0.55,false,,,,
3,0.25,4.3,0.4,-0.6,false,,,,
3,0.25,4.3,0.4,-0.65,false,,,,
3,0.25,4.3,0.4,-0.7,false,,,,
3,0.25,4.3,0.4,-0.75,false,,,,
3,0.25,4.3,0.4,-0.8,false,,,,
3,0.25,4.3,0.4,-0.85,false,,,,
3,0.25,4.3,0.4,-0.9,false,,,,
3,0.25,4.3,0.4,-0.95,false,,,,
3,0.25,4.3,0.4,-1,false,,,,
3,0.25,4.3,0.2,-0,false,,,,
3,0.25,4.3,0.2,-0.05,false,,,,
3,0.25,4.3,0.2,-0.1,false,,,,
3,0.25,4.3,0.2,-0.15,false,,,,
3,0.25,4.3,0.2,-0.2,false,,,,
3,0.25,4.3,0.2,-0.25,false,,,,
3,0.25,4.3,0.2,-0.3,false,,,,
3,0.25,4.3,0.2,-0.35,false,,,,
3,0.25,4.3,0.2,-0.4,false,,,,
3,0.25,4.3,0.2,-0.45,false,,,,
3,0.25,4.3,0.2,-0.5,false,,,,
3,0.25,4.3,0.2,-0.55,false,,,,
3,0.25,4.3,0.2,-0.6,false,,,,
3,0.25,4.3,0.2,-0.65,false,,,,
3,0.25,4.3,0.2,-0.7,false,,,,
3,0.25,4.3,0.2,-0.75,false,,,,
3,0.25,4.3,0.2,-0.8,false,,,,
3,0.25,4.3,0.2,-0.85,false,,,,
3,0.25,4.3,0.2,-0.9,false,,,,
3,0.25,4.3,0.2,-0.95,false,,,,
3,0.25,4.3,0.2,-1,false,,,,
3,0.25,4.3,0,-0.05,false,,,,
3,0.25,4.3,0,-0.1,false,,,,
3,0.25,4.3,0,-0.15,false,,,,
3,0.25,4.3,0,-0.2,false,,,,
3,0.25,4.3,0,-0.25,false,,,,
3,0.25,4.3,0,-0.3,false,,,,
3,0.25,4.3,0,-0.35,false,,,,
3,0.25,4.3,0,-0.4,false,,,,
3,0.25,4.3,0,-0.45,false,,,,
3,0.25,4.3,0,-0.5,false,,,,
3,0.25,4.3,0,-0.55,false,,,,
3,0.25,4.3,0,-0.6,false,,,,
3,0.25,4.3,0,-0.65,false,,,,
3,0.25,4.3,0,-0.7,false,,,,
3,0.25,4.3,0,-0.75,false,,,,
3,0.25,4.3,0,-0.8,false,,,,
3,0.25,4.3,0,-0.85,false,,,,
3,0.25,4.3,0,-0.9,false,,,,
3,0.25,4.3,0,-0.95,false,,,,
3,0.25,4.3,0,-1,false,,,,
3,0.25,4.325,1,-0,true,0.06284527429,0.03772997886,0.06284527429,0.4662987846
3,0.25,4.325,1,-0.05,true,0.06441515419,0.03896031904,0.06441515419,0.4636137212
3,0.25,4.325,1,-0.1,true,0.0664199331,0.04047940665,0.0664199331,0.4604018006
3,0.25,4.325,1,-0.15,true,0.06855164122,0.04209771035,0.06855164122,0.4568919234
3,0.25,4.325,1,-0.2,true,0.07082187479,0.0438248396,0.07082187479,0.4530416886
3,0.25,4.325,1,-0.25,true,0.0732436195,0.0456715268,0.0732436195,0.448801186
3,0.25,4.325,1,-0.3,true,0.07583145154,0.04764979249,0.07583145154,0.4441112256
3,0.25,4.325,1,-0.35,true,0.07860177533,0.04977314038,0.07860177533,0.4389010432
3,0.25,4.325,1,-0.4,true,0.08157310579,0.05205678897,0.08157310579,0.4330852942
3,0.25,4.325,1,-0.45,true,0.08476640539,0.05451794774,0.08476640539,0.4265600614
3,0.25,4.325,1,-0.5,true,0.08820548849,0.05717614851,0.08820548849,0.4191974799
3,0.25,4.325,1,-0.55,true,0.09191750926,0.06005364507,0.09191750926,0.4108383833
3,0.25,4.325,1,-0.6,true,0.09593355396,0.06317589817,0.09593355396,0.4012820664
3,0.25,4.325,1,-0.65,true,0.1002893646,0.06657216787,0.1002893646,0.3902717531
3,0.25,4.325,1,-0.7,true,0.1050262291,0.07027624213,0.1050262291,0.3774735079
3,0.25,4.325,1,-0.75,true,0.1101916946,0.07432686778,0.1101916946,0.4605370996
3,0.25,4.325,1,-0.8,true,0.115820073,0.07874379138,0.115820073,0.4584467799
3,0.25,4.325,1,-0.85,true,0.1219639633,0.08356560823,0.1219639633,0.4561107369
3,0.25,4.325,1,-0.9,true,0.128700149,0.0888555478,0.128700149,0.4534825525
3,0.25,4.325,1,-0.95,true,0.1361202541,0.09468894029,0.1361202541,0.4505050457
3,0.25,4.325,1,-1,true,0.1443344228,0.1011562286,0.1443344228,0.4471069217
3,0.25,4.325,0.8,-0,false,,,,
3,0.25,4.325,0.8,-0.05,false,,,,
3,0.25,4.325,0.8,-0.1,false,,,,
3,0.25,4.325,0.8,-0.15,false,,,,
3,0.25,4.325,0.8,-0.2,false,,,,
3,0.25,4.325,0.8,-0.25,false,,,,
3,0.25,4.325,0.8,-0.3,false,,,,
3,0.25,4.325,0.8,-0.35,false,,,,
3,0.25,4.325,0.8,-0.4,false,,,,
3,0.25,4.325,0.8,-0.45,false,,,,
3,0.25,4.325,0.8,-0.5,false,,,,
3,0.25,4.325,0.8,-0.55,false,,,,
3,0.25,4.325,0.8,-0.6,false,,,,
3,0.25,4.325,0.8,-0.65,false,,,,
3,0.25,4.325,0.8,-0.7,false,,,,
3,0.25,4.325,0.8,-0.75,false,,,,
3,0.25,4.325,0.8,-0.8,false,,,,
3,0.25,4.325,0.8,-0.85,false,,,,
3,0.25,4.325,0.8,-0.9,false,,,,
3,0.25,4.325,0.8,-0.95,false,,,,
3,0.25,4.325,0.8,-1,false,,,,
3,0.25,4.325,0.6,-0,false,,,,
3,0.25,4.325,0.6,-0.05,false,,,,
3,0.25,4.325,0.6,-0.1,false,,,,
3,0.25,4.325,0.6,-0.15,false,,,,
3,0.25,4.325,0.6,-0.2,false,,,,
3,0.25,4.325,0.6,-0.25,false,,,,
3,0.25,4.325,0.6,-0.3,false,,,,
3,0.25,4.325,0.6,-0.35,false,,,,
3,0.25,4.325,0.6,-0.4,false,,,,
3,0.25,4.325,0.6,-0.45,false,,,,
3,0.25,4.325,0.6,-0.5,false,,,,
3,0.25,4.325,0.6,-0.55,false,,,,
3,0.25,4.325,0.6,-0.6,false,,,,
3,0.25,4.325,0.6,-0.65,false,,,,
3,0.25,4.325,0.6,-0.7,false,,,,
3,0.25,4.325,0.6,-0.75,false,,,,
3,0.25,4.325,0.6,-0.8,false,,,,
3,0.25,4.325,0.6,-0.85,false,,,,
3,0.25,4.325,0.6,-0.9,false,,,,
3,0.25,4.325,0.6,-0.95,false,,,,
3,0.25,4.325,0.6,-1,false,,,,
3,0.25,4.325,0.4,-0,false,,,,
3,0.25,4.325,0.4,-0.05,false,,,,
3,0.25,4.325,0.4,-0.1,false,,,,
3,0.25,4.325,0.4,-0.15,false,,,,
3,0.25,4.325,0.4,-0.2,false,,,,
3,0.25,4.325,0.4,-0.25,false,,,,
3,0.25,4.325,0.4,-0.3,false,,,,
3,0.25,4.325,0.4,-0.35,false,,,,
3,0.25,4.325,0.4,-0.4,false,,,,
3,0.25,4.325,0.4,-0.45,false,,,,
3,0.25,4.325,0.4,-0.5,false,,,,
3,0.25,4.325,0.4,-0.55,false,,,,
3,0.25,4.325,0.4,-0.6,false,,,,
3,0.25,4.325,0.4,-0.65,false,,,,
3,0.25,4.325,0.4,-0.7,false,,,,
3,0.25,4.325,0.4,-0.75,false,,,,
3,0.25,4.325,0.4,-0.8,false,,,,
3,0.25,4.325,0.4,-0.85,false,,,,
3,0.25,4.325,0.4,-0.9,false,,,,
3,0.25,4.325,0.4,-0.95,false,,,,
3,0.25,4.325,0.4,-1,false,,,,
3,0.25,4.325,0.2,-0,false,,,,
3,0.25,4.325,0.2,-0.05,false,,,,
3,0.25,4.325,0.2,-0.1,false,,,,
3,0.25,4.325,0.2,-0.15,false,,,,
3,0.25,4.325,0.2,-0.2,false,,,,
3,0.25,4.325,0.2,-0.25,false,,,,
3,0.25,4.325,0.2,-0.3,false,,,,
3,0.25,4.325,0.2,-0.35,false,,,,
3,0.25,4.325,0.2,-0.4,false,,,,
3,0.25,4.325,0.2,-0.45,false,,,,
3,0.25,4.325,0.2,-0.5,false,,,,
3,0.25,4.325,0.2,-0.55,false,,,,
3,0.25,4.325,0.2,-0.6,false,,,,
3,0.25,4.325,0.2,-0.65,false,,,,
3,0.25,4.325,0.2,-0.7,false,,,,
3,0.25,4.325,0.2,-0.75,false,,,,
3,0.25,4.325,0.2,-0.8,false,,,,
3,0.25,4.325,0.2,-0.85,false,,,,
3,0.25,4.325,0.2,-0.9,false,,,,
3,0.25,4.325,0.2,-0.95,false,,,,
3,0.25,4.325,0.2,-1,false,,,,
3,0.25,4.325,0,-0.05,false,,,,
3,0.25,4.325,0,-0.1,false,,,,
3,0.25,4.325,0,-0.15,false,,,,
3,0.25,4.325,0,-0.2,false,,,,
3,0.25,4.325,0,-0.25,false,,,,
3,0.25,4.325,0,-0.3,false,,,,
3,0.25,4.325,0,-0.35,false,,,,
3,0.25,4.325,0,-0.4,false,,,,
3,0.25,4.325,0,-0.45,false,,,,
3,0.25,4.325,0,-0.5,false,,,,
3,0.25,4.325,0,-0.55,false,,,,
3,0.25,4.325,0,-0.6,false,,,,
3,0.25,4.325,0,-0.65,false,,,,
3,0.25,4.325,0,-0.7,false,,,,
3,0.25,4.325,0,-0.75,false,,,,
3,0.25,4.325,0,-0.8,false,,,,
3,0.25,4.325,0,-0.85,false,,,,
3,0.25,4.325,0,-0.9,false,,,,
3,0.25,4.325,0,-0.95,false,,,,
3,0.25,4.325,0,-1,false,,,,
3,0.25,4.35,1,-0,true,0.06288247736,0.03782146495,0.06288247736,0.4659025719
3,0.25,4.35,1,-0.05,true,0.06445575478,0.03905668807,0.06445575478,0.4631957829
3,0.25,4.35,1,-0.1,true,0.0664640442,0.04058067368,0.0664640442,0.4599606979
3,0.25,4.35,1,-0.15,true,0.06859937246,0.0422038912,0.06859937246,0.4564268047
3,0.25,4.35,1,-0.2,true,0.07087333258,0.04393595086,0.07087333258,0.4525515397
3,0.25,4.35,1,-0.25,true,0.07329890718,0.04578758584,0.07329890718,0.4482848006
3,0.25,4.35,1,-0.3,true,0.07589066956,0.04777081743,0.07589066956,0.4435671677
3,0.25,4.35,1,-0.35,true,0.07866502136,0.04989915015,0.07866502136,0.4383275992
3,0.25,4.35,1,-0.4,true,0.08164047488,0.05218780324,0.08164047488,0.4324804118
3,0.25,4.35,1,-0.45,true,0.0848379901,0.05465398699,0.0848379901,0.42592127
3,0.25,4.35,1,-0.5,true,0.08828137902,0.057317234,0.08828137902,0.4185217855
3,0.25,4.35,1,-0.55,true,0.09199779356,0.06019979884,0.09199779356,0.4101221282
3,0.25,4.35,1,-0.6,true,0.09601831789,0.06332714306,0.09601831789,0.4005207379
3,0.25,4.35,1,-0.65,true,0.100378692,0.06672852751,0.100378692,0.3894597185
3,0.25,4.35,1,-0.7,true,0.1051202019,0.07043774095,0.1051202019,0.3766036381
3,0.25,4.35,1,-0.75,true,0.1102903931,0.07449353102,0.1102903931,0.4604658497
3,0.25,4.35,1,-0.8,true,0.1159235757,0.07891564508,0.1159235757,0.4583738447
3,0.25,4.35,1,-0.85,true,0.122072347,0.08374267923,0.122072347,0.4560363629
3,0.25,4.35,1,-0.9,true,0.1288134893,0.08903786377,0.1288134893,0.4534070353
3,0.25,4.35,1,-0.95,true,0.136238625,0.09487652974,0.136238625,0.4504287438
3,0.25,4.35,1,-1,true,0.1444578971,0.1013491208,0.1444578971,0.4470302745
3,0.25,4.35,0.8,-0,false,,,,
3,0.25,4.35,0.8,-0.05,false,,,,
3,0.25,4.35,0.8,-0.1,false,,,,
3,0.25,4.35,0.8,-0.15,false,,,,
3,0.25,4.35,0.8,-0.2,false,,,,
3,0.25,4.35,0.8,-0.25,false,,,,
3,0.25,4.35,0.8,-0.3,false,,,,
3,0.25,4.35,0.8,-0.35,false,,,,
3,0.25,4.35,0.8,-0.4,false,,,,
3,0.25,4.35,0.8,-0.45,false,,,,
3,0.25,4.35,0.8,-0.5,false,,,,
3,0.25,4.35,0.8,-0.55,false,,,,
3,0.25,4.35,0.8,-0.6,false,,,,
3,0.25,4.35,0.8,-0.65,false,,,,
3,0.25,4.35,0.8,-0.7,false,,,,
3,0.25,4.35,0.8,-0.75,false,,,,
3,0.25,4.35,0.8,-0.8,false,,,,
3,0.25,4.35,0.8,-0.85,false,,,,
3,0.25,4.35,0.8,-0.9,false,,,,
3,0.25,4.35,0.8,-0.95,false,,,,
3,0.25,4.35,0.8,-1,false,,,,
3,0.25,4.35,0.6,-0,false,,,,
3,0.25,4.35,0.6,-0.05,false,,,,
3,0.25,4.35,0.6,-0.1,false,,,,
3,0.25,4.35,0.6,-0.15,false,,,,
3,0.25,4.35,0.6,-0.2,false,,,,
3,0.25,4.35,0.6,-0.25,false,,,,
3,0.25,4.35,0.6,-0.3,false,,,,
3,0.25,4.35,0.6,-0.35,false,,,,
3,0.25,4.35,0.6,-0.4,false,,,,
3,0.25,4.35,0.6,-0.45,false,,,,
3,0.25,4.35,0.6,-0.5,false,,,,
3,0.25,4.35,0.6,-0.55,false,,,,
3,0.25,4.35,0.6,-0.6,false,,,,
3,0.25,4.35,0.6,-0.65,false,,,,
3,0.25,4.35,0.6,-0.7,false,,,,
3,0.25,4.35,0.6,-0.75,false,,,,
3,0.25,4.35,0.6,-0.8,false,,,,
3,0.25,4.35,0.6,-0.85,false,,,,
3,0.25,4.35,0.6,-0.9,false,,,,
3,0.25,4.35,0.6,-0.95,false,,,,
3,0.25,4.35,0.6,-1,false,,,,
3,0.25,4.35,0.4,-0,false,,,,
3,0.25,4.35,0.4,-0.05,false,,,,
3,0.25,4.35,0.4,-0.1,false,,,,
3,0.25,4.35,0.4,-0.15,false,,,,
3,0.25,4.35,0.4,-0.2,false,,,,
3,0.25,4.35,0.4,-0.25,false,,,,
3,0.25,4.35,0.4,-0.3,false,,,,
3,0.25,4.35,0.4,-0.35,false,,,,
3,0.25,4.35,0.4,-0.4,false,,,,
3,0.25,4.35,0.4,-0.45,false,,,,
3,0.25,4.35,0.4,-0.5,false,,,,
3,0.25,4.35,0.4,-0.55,false,,,,
3,0.25,4.35,0.4,-0.6,false,,,,
3,0.25,4.35,0.4,-0.65,false,,,,
3,0.25,4.35,0.4,-0.7,false,,,,
3,0.25,4.35,0.4,-0.75,false,,,,
3,0.25,4.35,0.4,-0.8,false,,,,
3,0.25,4.35,0.4,-0.85,false,,,,
3,0.25,4.35,0.4,-0.9,false,,,,
3,0.25,4.35,0.4,-0.95,false,,,,
3,0.25,4.35,0.4,-1,false,,,,
3,0.25,4.35,0.2,-0,false,,,,
3,0.25,4.35,0.2,-0.05,false,,,,
3,0.25,4.35,0.2,-0.1,false,,,,
3,0.25,4.35,0.2,-0.15,false,,,,
3,0.25,4.35,0.2,-0.2,false,,,,
3,0.25,4.35,0.2,-0.25,false,,,,
3,0.25,4.35,0.2,-0.3,false,,,,
3,0.25,4.35,0.2,-0.35,false,,,,
3,0.25,4.35,0.2,-0.4,false,,,,
3,0.25,4.35,0.2,-0.45,false,,,,
3,0.25,4.35,0.2,-0.5,false,,,,
3,0.25,4.35,0.2,-0.55,false,,,,
3,0.25,4.35,0.2,-0.6,false,,,,
3,0.25,4.35,0.2,-0.65,false,,,,
3,0.25,4.35,0.2,-0.7,false,,,,
3,0.25,4.35,0.2,-0.75,false,,,,
3,0.25,4.35,0.2,-0.8,false,,,,
3,0.25,4.35,0.2,-0.85,false,,,,
3,0.25,4.35,0.2,-0.9,false,,,,
3,0.25,4.35,0.2,-0.95,false,,,,
3,0.25,4.35,0.2,-1,false,,,,
3,0.25,4.35,0,-0.05,false,,,,
3,0.25,4.35,0,-0.1,false,,,,
3,0.25,4.35,0,-0.15,false,,,,
3,0.25,4.35,0,-0.2,false,,,,
3,0.25,4.35,0,-0.25,false,,,,
3,0.25,4.35,0,-0.3,false,,,,
3,0.25,4.35,0,-0.35,false,,,,
3,0.25,4.35,0,-0.4,false,,,,
3,0.25,4.35,0,-0.45,false,,,,
3,0.25,4.35,0,-0.5,false,,,,
3,0.25,4.35,0,-0.55,false,,,,
3,0.25,4.35,0,-0.6,false,,,,
3,0.25,4.35,0,-0.65,false,,,,
3,0.25,4.35,0,-0.7,false,,,,
3,0.25,4.35,0,-0.75,false,,,,
3,0.25,4.35,0,-0.8,false,,,,
3,0.25,4.35,0,-0.85,false,,,,
3,0.25,4.35,0,-0.9,false,,,,
3,0.25,4.35,0,-0.95,false,,,,
3,0.25,4.35,0,-1,false,,,,
