r,rho,cL,tauL,regime,no_trade_r1,n_eq,n_profiles,unique_full,n_unresolved,E_min,E_max,OH_min,OH_max,fam_at_Emin,q_at_Emin,cutoff_at_Emin,reversal_all,reversal_any,E_weak,OH_weak,weak_notrade_unique,all_informative,status
1.5,0.1,2.598061007,0.2633339447,I,true,1,1,false,0,0.1,0.1,0.05,0.05,notrade,(0.0000;0.0000),-inf,false,false,0.1,0.05,true,false,numerical diagnostic
1.5,0.1,2.648361007,0.2689750662,II,true,1,1,false,0,0.1,0.1,0.05,0.05,notrade,(0.0000;0.0000),-inf,false,false,0.1,0.05,true,false,numerical diagnostic
1.5,0.1,2.648761007,0.269019926,II,true,1,1,false,0,0.1,0.1,0.05,0.05,notrade,(0.0000;0.0000),-inf,false,false,0.1,0.05,true,false,numerical diagnostic
1.5,0.1,2.649011007,0.2690479634,II,true,1,1,false,0,0.1,0.1,0.05,0.05,notrade,(0.0000;0.0000),-inf,false,false,0.1,0.05,true,false,numerical diagnostic
1.5,0.1,2.638061007,0.267819926,I,true,1,1,false,0,0.1,0.1,0.05,0.05,notrade,(0.0000;0.0000),-inf,false,false,0.1,0.05,true,false,numerical diagnostic
1.5,0.1,2.658061007,0.2700629167,II,true,1,1,false,0,0.1,0.1,0.05,0.05,notrade,(0.0000;0.0000),-inf,false,false,0.1,0.05,true,false,numerical diagnostic
1.5,0.1,2.957101856,0.3036002081,II,true,1,1,false,0,0.1,0.1,0.05,0.05,notrade,(0.0000;0.0000),-inf,false,false,0.1,0.05,true,false,numerical diagnostic
1.5,0.1,3.884224403,0.4075765685,II,true,1,1,false,0,0.1,0.1,0.05,0.05,notrade,(0.0000;0.0000),-inf,false,false,0.1,0.05,true,false,numerical diagnostic
1.6,0.1,2.574591882,0.2633155423,I,true,2,2,false,0,0.1,0.4486775902,0.05,0.2790309149,notrade,(0.0000;0.0000),-inf,false,true,0.1,0.05,true,false,numerical diagnostic
1.6,0.1,2.624891882,0.2689751766,II,true,2,2,false,0,0.1,0.4486775902,0.05,0.2790309149,notrade,(0.0000;0.0000),-inf,false,true,0.1,0.05,true,false,numerical diagnostic
1.6,0.1,2.625291882,0.2690201836,II,true,2,2,false,0,0.1,0.4486775902,0.05,0.2790309149,notrade,(0.0000;0.0000),-inf,false,true,0.1,0.05,true,false,numerical diagnostic
1.6,0.1,2.625541882,0.269048313,II,true,2,2,false,0,0.1,0.4486775902,0.05,0.2790309149,notrade,(0.0000;0.0000),-inf,false,true,0.1,0.05,true,false,numerical diagnostic
1.6,0.1,2.614591882,0.2678162455,I,true,2,2,false,0,0.1,0.4486775902,0.05,0.2790309149,notrade,(0.0000;0.0000),-inf,false,true,0.1,0.05,true,false,numerical diagnostic
1.6,0.1,2.634591882,0.2700665971,II,true,2,2,false,0,0.1,0.4486775902,0.05,0.2790309149,notrade,(0.0000;0.0000),-inf,false,true,0.1,0.05,true,false,numerical diagnostic
1.6,0.1,2.93262185,0.3036002081,II,true,2,2,false,0,0.1,0.4486775902,0.05,0.2790309149,notrade,(0.0000;0.0000),-inf,false,true,0.1,0.05,true,false,numerical diagnostic
1.6,0.1,3.856711753,0.4075765685,II,true,1,1,false,0,0.1,0.1,0.05,0.05,notrade,(0.0000;0.0000),-inf,false,false,0.1,0.05,true,false,numerical diagnostic
1.7,0.1,2.552301823,0.2632954566,I,true,2,2,false,0,0.1,0.4550815634,0.05,0.297045998,notrade,(0.0000;0.0000),-inf,false,true,0.1,0.05,true,false,numerical diagnostic
1.7,0.1,2.602601823,0.2689752972,II,true,2,2,false,0,0.1,0.4550815625,0.05,0.2970459961,notrade,(0.0000;0.0000),-inf,false,true,0.1,0.05,true,false,numerical diagnostic
1.7,0.1,2.603001823,0.2690204649,II,true,2,2,false,0,0.1,0.4550815625,0.05,0.2970459961,notrade,(0.0000;0.0000),-inf,false,true,0.1,0.05,true,false,numerical diagnostic
1.7,0.1,2.603251823,0.2690486947,II,true,2,2,false,0,0.1,0.4550815625,0.05,0.2970459961,notrade,(0.0000;0.0000),-inf,false,true,0.1,0.05,true,false,numerical diagnostic
1.7,0.1,2.592301823,0.2678122284,I,true,2,2,false,0,0.1,0.4550815634,0.05,0.297045998,notrade,(0.0000;0.0000),-inf,false,true,0.1,0.05,true,false,numerical diagnostic
1.7,0.1,2.612301823,0.2700706144,II,true,2,2,false,0,0.1,0.4550815625,0.05,0.2970459961,notrade,(0.0000;0.0000),-inf,false,true,0.1,0.05,true,false,numerical diagnostic
1.7,0.1,2.909235961,0.3036002082,II,true,1,1,false,2,0.1,0.1,0.05,0.05,notrade,(0.0000;0.0000),-inf,false,false,0.1,0.05,true,false,numerical diagnostic
1.7,0.1,3.830038376,0.4075765686,II,true,27,27,false,0,0.1,0.4062553306,0.05,0.2711560227,notrade,(0.0000;0.0000),-inf,false,true,0.1,0.05,true,false,numerical diagnostic
1.8,0.1,2.530994317,0.263273915,I,true,2,2,false,0,0.1,0.4584862805,0.05,0.3080421477,notrade,(0.0000;0.0000),-inf,false,true,0.1,0.05,true,false,numerical diagnostic
1.8,0.1,2.581294317,0.2689754264,II,true,2,2,false,0,0.1,0.4584862805,0.05,0.3080421477,notrade,(0.0000;0.0000),-inf,false,true,0.1,0.05,true,false,numerical diagnostic
1.8,0.1,2.581694317,0.2690207664,II,true,2,2,false,0,0.1,0.4584862805,0.05,0.3080421477,notrade,(0.0000;0.0000),-inf,false,true,0.1,0.05,true,false,numerical diagnostic
1.8,0.1,2.581944317,0.2690491039,II,true,2,2,false,0,0.1,0.4584862805,0.05,0.3080421477,notrade,(0.0000;0.0000),-inf,false,true,0.1,0.05,true,false,numerical diagnostic
1.8,0.1,2.570994317,0.2678079201,I,true,2,2,false,0,0.1,0.4584862805,0.05,0.3080421477,notrade,(0.0000;0.0000),-inf,false,true,0.1,0.05,true,false,numerical diagnostic
1.8,0.1,2.590994317,0.2700749226,II,true,2,2,false,0,0.1,0.4584862805,0.05,0.3080421477,notrade,(0.0000;0.0000),-inf,false,true,0.1,0.05,true,false,numerical diagnostic
1.8,0.1,2.886761836,0.3036002081,II,true,9,9,false,0,0.1,0.4175248972,0.05,0.2871682732,notrade,(0.0000;0.0000),-inf,false,true,0.1,0.05,true,false,numerical diagnostic
1.8,0.1,3.804064393,0.4075765685,II,true,31,31,false,0,0.1,0.4092490501,0.05,0.2832023371,notrade,(0.0000;0.0000),-inf,false,true,0.1,0.05,true,false,numerical diagnostic
1.9,0.1,2.510514226,0.2632510949,I,true,2,2,false,0,0.1,0.4575697934,0.05,0.3097025158,notrade,(0.0000;0.0000),-inf,false,true,0.1,0.05,true,false,numerical diagnostic
1.9,0.1,2.560814226,0.2689755633,II,true,1,1,false,2,0.1,0.1,0.05,0.05,notrade,(0.0000;0.0000),-inf,false,false,0.1,0.05,true,false,numerical diagnostic
1.9,0.1,2.561214226,0.2690210859,II,true,1,1,false,2,0.1,0.1,0.05,0.05,notrade,(0.0000;0.0000),-inf,false,false,0.1,0.05,true,false,numerical diagnostic
1.9,0.1,2.561464226,0.2690495376,II,true,1,1,false,2,0.1,0.1,0.05,0.05,notrade,(0.0000;0.0000),-inf,false,false,0.1,0.05,true,false,numerical diagnostic
1.9,0.1,2.550514226,0.2678033561,I,true,2,2,false,0,0.1,0.4575697934,0.05,0.3097025158,notrade,(0.0000;0.0000),-inf,false,true,0.1,0.05,true,false,numerical diagnostic
1.9,0.1,2.570514226,0.2700794866,II,true,1,1,false,2,0.1,0.1,0.05,0.05,notrade,(0.0000;0.0000),-inf,false,false,0.1,0.05,true,false,numerical diagnostic
1.9,0.1,2.865055513,0.3036002082,II,true,16,16,false,0,0.1,0.4185855686,0.05,0.2948071967,notrade,(0.0000;0.0000),-inf,false,true,0.1,0.05,true,false,numerical diagnostic
1.9,0.1,3.778679375,0.4075765686,II,true,34,34,false,0,0.1,0.4107313949,0.05,0.2911779329,notrade,(0.0000;0.0000),-inf,false,true,0.1,0.05,true,false,numerical diagnostic
2,0.1,2.490737437,0.2632271357,I,true,2,2,false,0,0.1,0.4550483085,0.05,0.3080324499,notrade,(0.0000;0.0000),-inf,false,true,0.1,0.05,true,false,numerical diagnostic
2,0.1,2.541037437,0.2689757071,II,true,2,2,false,0,0.1,0.420848341,0.05,0.298834662,notrade,(0.0000;0.0000),-inf,false,true,0.1,0.05,true,false,numerical diagnostic
2,0.1,2.541437437,0.2690214214,II,true,2,2,false,0,0.1,0.4208443662,0.05,0.2988335927,notrade,(0.0000;0.0000),-inf,false,true,0.1,0.05,true,false,numerical diagnostic
2,0.1,2.541687437,0.2690499928,II,true,2,2,false,0,0.1,0.4208418823,0.05,0.2988329245,notrade,(0.0000;0.0000),-inf,false,true,0.1,0.05,true,false,numerical diagnostic
2,0.1,2.530737437,0.2677985642,I,true,2,2,false,0,0.1,0.4550483085,0.05,0.3080324499,notrade,(0.0000;0.0000),-inf,false,true,0.1,0.05,true,false,numerical diagnostic
2,0.1,2.550737437,0.2700842785,II,true,6,2,false,0,0.1,0.4207521326,0.05,0.2988087309,notrade,(0.0000;0.0000),-inf,false,true,0.1,0.05,true,false,numerical diagnostic
2,0.1,2.844001821,0.3036002082,II,true,20,2,false,0,0.1,0.4180016984,0.05,0.2980205964,notrade,(0.0000;0.0000),-inf,false,true,0.1,0.05,true,false,numerical diagnostic
2,0.1,3.753794975,0.4075765685,II,true,36,24,false,0,0.1,0.4107523692,0.05,0.2954553283,notrade,(0.0000;0.0000),-inf,false,true,0.1,0.05,true,false,numerical diagnostic
2.1,0.1,2.471563478,0.2632021483,I,true,2,2,false,0,0.1,0.4524910331,0.05,0.3063286564,notrade,(0.0000;0.0000),-inf,false,true,0.1,0.05,true,false,numerical diagnostic
2.1,0.1,2.521863478,0.268975857,II,true,2,2,false,0,0.1,0.4182910526,0.05,0.297130865,notrade,(0.0000;0.0000),-inf,false,true,0.1,0.05,true,false,numerical diagnostic
2.1,0.1,2.522263478,0.2690217712,II,true,2,2,false,0,0.1,0.4182870604,0.05,0.2971297911,notrade,(0.0000;0.0000),-inf,false,true,0.1,0.05,true,false,numerical diagnostic
2.1,0.1,2.522513478,0.2690504675,II,true,2,2,false,0,0.1,0.4182845657,0.05,0.2971291199,notrade,(0.0000;0.0000),-inf,false,true,0.1,0.05,true,false,numerical diagnostic
2.1,0.1,2.511563478,0.2677935668,I,true,2,2,false,0,0.1,0.4524910331,0.05,0.3063286564,notrade,(0.0000;0.0000),-inf,false,true,0.1,0.05,true,false,numerical diagnostic
2.1,0.1,2.531563478,0.270089276,II,true,6,2,false,0,0.1,0.4181944243,0.05,0.2971048205,notrade,(0.0000;0.0000),-inf,false,true,0.1,0.05,true,false,numerical diagnostic
2.1,0.1,2.823507528,0.3036002082,II,true,20,2,false,0,0.1,0.415444423,0.05,0.2963168029,notrade,(0.0000;0.0000),-inf,false,true,0.1,0.05,true,false,numerical diagnostic
2.1,0.1,3.729339677,0.4075765686,II,true,37,11,false,0,0.1,0.4081950938,0.05,0.2937515348,notrade,(0.0000;0.0000),-inf,false,true,0.1,0.05,true,false,numerical diagnostic
2.2,0.1,2.452910145,0.2631762222,I,true,2,2,false,0,0.1,0.4498944162,0.05,0.3045884151,notrade,(0.0000;0.0000),-inf,false,true,0.1,0.05,true,false,numerical diagnostic
2.2,0.1,2.503210145,0.2689760125,II,true,2,2,false,0,0.1,0.4156944221,0.05,0.2953906201,notrade,(0.0000;0.0000),-inf,false,true,0.1,0.05,true,false,numerical diagnostic
2.2,0.1,2.503610145,0.2690221341,II,true,2,2,false,0,0.1,0.4156904119,0.05,0.2953895413,notrade,(0.0000;0.0000),-inf,false,true,0.1,0.05,true,false,numerical diagnostic
2.2,0.1,2.503860145,0.2690509601,II,true,2,2,false,0,0.1,0.4156879059,0.05,0.2953888671,notrade,(0.0000;0.0000),-inf,false,true,0.1,0.05,true,false,numerical diagnostic
2.2,0.1,2.492910145,0.2677883815,I,true,2,2,false,0,0.1,0.4498944162,0.05,0.3045884151,notrade,(0.0000;0.0000),-inf,false,true,0.1,0.05,true,false,numerical diagnostic
2.2,0.1,2.512910145,0.2700944612,II,true,6,2,false,0,0.1,0.4155973583,0.05,0.295364458,notrade,(0.0000;0.0000),-inf,false,true,0.1,0.05,true,false,numerical diagnostic
2.2,0.1,2.803496351,0.3036002081,II,true,20,2,false,0,0.1,0.4128478061,0.05,0.2945765617,notrade,(0.0000;0.0000),-inf,false,true,0.1,0.05,true,false,numerical diagnostic
2.2,0.1,3.705254967,0.4075765685,II,true,37,6,false,0,0.1,0.4055984768,0.05,0.2920112936,notrade,(0.0000;0.0000),-inf,false,true,0.1,0.05,true,false,numerical diagnostic
2.3,0.1,2.434709531,0.2631494294,I,true,2,2,false,0,0.1,0.4472550791,0.05,0.3028090688,notrade,(0.0000;0.0000),-inf,false,true,0.1,0.05,true,false,numerical diagnostic
2.3,0.1,2.485009531,0.2689761733,II,true,2,2,false,0,0.1,0.413055071,0.05,0.29361127,notrade,(0.0000;0.0000),-inf,false,true,0.1,0.05,true,false,numerical diagnostic
2.3,0.1,2.485409531,0.2690225093,II,true,2,2,false,0,0.1,0.4130510422,0.05,0.2936101862,notrade,(0.0000;0.0000),-inf,false,true,0.1,0.05,true,false,numerical diagnostic
2.3,0.1,2.485659531,0.2690514692,II,true,2,2,false,0,0.1,0.4130485245,0.05,0.2936095089,notrade,(0.0000;0.0000),-inf,false,true,0.1,0.05,true,false,numerical diagnostic
2.3,0.1,2.474709531,0.267783023,I,true,2,2,false,0,0.1,0.4472550791,0.05,0.3028090688,notrade,(0.0000;0.0000),-inf,false,true,0.1,0.05,true,false,numerical diagnostic
2.3,0.1,2.494709531,0.2700998198,II,true,6,2,false,0,0.1,0.412957557,0.05,0.2935849863,notrade,(0.0000;0.0000),-inf,false,true,0.1,0.05,true,false,numerical diagnostic
2.3,0.1,2.783905275,0.3036002082,II,true,20,2,false,0,0.1,0.4102084689,0.05,0.2927972154,notrade,(0.0000;0.0000),-inf,false,true,0.1,0.05,true,false,numerical diagnostic
2.3,0.1,3.681492508,0.4075765685,II,true,38,2,false,0,0.1,0.4029591397,0.05,0.2902319472,notrade,(0.0000;0.0000),-inf,false,true,0.1,0.05,true,false,numerical diagnostic
2.4,0.1,2.416905045,0.2631218287,I,false,2,2,false,2,0.1,0.4445697452,0.05,0.300987978,partial-minimal,(0.2113;-0.2113),-inf,false,true,0.1,0.05,true,true,numerical diagnostic
2.4,0.1,2.467205045,0.2689763389,II,false,2,2,false,2,0.1,0.4103697228,0.05,0.2917901753,partial-minimal,(0.2113;-0.2113),-inf,false,true,0.1,0.05,true,true,numerical diagnostic
2.4,0.1,2.467605045,0.2690228956,II,false,2,2,false,2,0.1,0.4103656747,0.05,0.2917890864,partial-minimal,(0.2113;-0.2113),-inf,false,true,0.1,0.05,true,true,numerical diagnostic
2.4,0.1,2.467855045,0.2690519936,II,false,2,2,false,2,0.1,0.4103631451,0.05,0.2917884058,partial-minimal,(0.2113;-0.2113),-inf,false,true,0.1,0.05,true,true,numerical diagnostic
2.4,0.1,2.456905045,0.2677775028,I,false,2,2,false,2,0.1,0.4445697452,0.05,0.300987978,partial-minimal,(0.2113;-0.2113),-inf,false,true,0.1,0.05,true,true,numerical diagnostic
2.4,0.1,2.476905045,0.2701053399,II,false,6,2,false,2,0.1,0.4102717451,0.05,0.2917637664,partial-minimal,(0.2113;-0.2113),-inf,false,true,0.1,0.05,true,true,numerical diagnostic
2.4,0.1,2.764681788,0.3036002081,II,false,20,2,false,2,0.1,0.4075231351,0.05,0.2909761246,partial-minimal,(0.2113;-0.2113),-inf,false,true,0.1,0.05,true,true,numerical diagnostic
2.4,0.1,3.658012018,0.4075765685,II,false,37,1,true,0,0.2857143058,0.4002738059,0.2088738943,0.2884108565,full-pool,(1.0000;-1.0000),1.359460449,true,true,0.1,0.05,true,true,numerical diagnostic
2.5,0.1,2.399449153,0.2630934682,I,false,1,1,true,0,0.441835184,0.441835184,0.2991224846,0.2991224846,full-minimal,(1.0000;-1.0000),-inf,true,true,0.1,0.05,true,true,numerical diagnostic
2.5,0.1,2.449749153,0.2689765091,II,false,1,1,true,0,0.4076351467,0.4076351467,0.2899246779,0.2899246779,full-minimal,(1.0000;-1.0000),-inf,true,true,0.1,0.05,true,true,numerical diagnostic
2.5,0.1,2.450149153,0.2690232927,II,false,1,1,true,0,0.407631079,0.407631079,0.2899235837,0.2899235837,full-minimal,(1.0000;-1.0000),-inf,true,true,0.1,0.05,true,true,numerical diagnostic
2.5,0.1,2.450399153,0.2690525325,II,false,1,1,true,0,0.407628537,0.407628537,0.2899228998,0.2899228998,full-minimal,(1.0000;-1.0000),-inf,true,true,0.1,0.05,true,true,numerical diagnostic
2.5,0.1,2.439449153,0.2677718308,I,false,1,1,true,0,0.441835184,0.441835184,0.2991224846,0.2991224846,full-minimal,(1.0000;-1.0000),-inf,true,true,0.1,0.05,true,true,numerical diagnostic
2.5,0.1,2.459449153,0.270111012,II,false,5,1,true,0,0.4049473841,0.4075366926,0.2891586845,0.2898981402,full-pool,(1.0000;-1.0000),-0.8398345947,true,true,0.1,0.05,true,true,numerical diagnostic
2.5,0.1,2.74578178,0.3036002082,II,false,19,1,true,0,0.39175027,0.4047885739,0.2839167016,0.2891106311,full-pool,(1.0000;-1.0000),0.005599975586,true,true,0.1,0.05,true,true,numerical diagnostic
2.5,0.1,3.634779661,0.4075765686,II,false,37,1,true,0,0.2857143058,0.3975392446,0.2088738943,0.286545363,full-pool,(1.0000;-1.0000),1.359460449,true,true,0.1,0.05,true,true,numerical diagnostic
2.6,0.1,2.382301631,0.263064387,I,false,1,1,true,0,0.4390481641,0.4390481641,0.2972098798,0.2972098798,full-minimal,(1.0000;-1.0000),-inf,true,true,0.1,0.05,true,true,numerical diagnostic
2.6,0.1,2.709480326,0.3015211956,II,false,18,1,true,9,0.3894958873,0.4021641627,0.2822688225,0.2872472252,full-pool,(1.0000;-1.0000),-0.02952575684,true,true,0.1,0.05,true,true,numerical diagnostic
2.6,0.1,3.079051918,0.3449608946,II,false,26,1,true,9,0.3799281857,0.3989392841,0.2768158086,0.2862060444,full-pool,(1.0000;-1.0000),0.5927368164,true,true,0.1,0.05,true,true,numerical diagnostic
2.6,0.1,3.310034164,0.3721107064,II,false,31,1,true,9,0.3566412476,0.39707195,0.2605994324,0.2855367501,full-pool,(1.0000;-1.0000),0.9133544922,true,true,0.1,0.05,true,true,numerical diagnostic
2.6,0.1,3.346230613,0.3763652619,II,false,32,1,true,9,0.3486409628,0.3967873159,0.2548511491,0.2854302299,full-pool,(1.0000;-1.0000),0.9608093262,true,true,0.1,0.05,true,true,numerical diagnostic
2.6,0.1,3.366230613,0.3787160757,II,false,31,1,true,9,0.3442305234,0.3966308677,0.2516497299,0.2853711645,full-pool,(1.0000;-1.0000),0.9867584229,true,true,0.1,0.05,true,true,numerical diagnostic
2.6,0.1,3.512507559,0.3959095685,II,false,34,1,true,9,0.3105798929,0.395502991,0.227052095,0.2849343629,full-pool,(1.0000;-1.0000),1.192562866,true,true,0.1,0.05,true,true,numerical diagnostic
2.6,0.1,3.981338399,0.4510162675,II,false,51,7,false,9,0.1819213486,0.3920335385,0.1310332478,0.2834660068,partial-pool,(1.0000;-0.8916),2.292019653,true,true,0.1,0.05,true,true,numerical diagnostic
2.7,0.1,2.365428217,0.2630346176,I,false,1,1,true,0,0.4362054143,0.4362054143,0.295247377,0.295247377,full-minimal,(1.0000;-1.0000),-inf,true,true,0.1,0.05,true,true,numerical diagnostic
2.7,0.1,2.691209972,0.3015211956,II,false,18,1,true,117,0.3866531375,0.3993214128,0.2803063197,0.2852847224,full-pool,(1.0000;-1.0000),-0.02952575684,true,true,0.1,0.05,true,true,numerical diagnostic
2.7,0.1,3.05891898,0.3449608945,II,false,26,1,true,117,0.3770854358,0.3960965343,0.2748533058,0.2842435416,full-pool,(1.0000;-1.0000),0.5927368164,true,true,0.1,0.05,true,true,numerical diagnostic
2.7,0.1,3.288737109,0.3721107064,II,false,31,1,true,117,0.3566412476,0.3942292001,0.2605994324,0.2835742473,full-pool,(1.0000;-1.0000),0.9133544922,true,true,0.1,0.05,true,true,numerical diagnostic
2.7,0.1,3.324700735,0.376359308,II,false,32,1,true,117,0.3486523407,0.393944963,0.2548593784,0.2834678765,full-pool,(1.0000;-1.0000),0.9607421875,true,true,0.1,0.05,true,true,numerical diagnostic
2.7,0.1,3.344700735,0.3787220295,II,false,31,1,true,117,0.3442190784,0.3937877223,0.2516413928,0.2834085119,full-pool,(1.0000;-1.0000),0.9868255615,true,true,0.1,0.05,true,true,numerical diagnostic
2.7,0.1,3.490190069,0.3959095684,II,false,34,1,true,117,0.3105798929,0.3926602411,0.227052095,0.2829718601,full-pool,(1.0000;-1.0000),1.192562866,true,true,0.1,0.05,true,true,numerical diagnostic
2.7,0.1,3.956658072,0.4510162675,II,false,52,5,false,117,0.178271112,0.3891907886,0.129386967,0.281503504,partial-pool,(1.0000;-0.9467),2.317306519,true,true,0.1,0.05,true,true,numerical diagnostic
2.8,0.1,2.348799541,0.2630041864,I,false,1,1,true,0,0.433303588,0.433303588,0.2932320856,0.2932320856,full-minimal,(1.0000;-1.0000),-inf,true,true,0.1,0.05,true,true,numerical diagnostic
2.8,0.1,2.650502368,0.2988297977,II,false,18,1,true,144,0.3844609193,0.3966315192,0.2786364471,0.2833330476,full-pool,(1.0000;-1.0000),-0.07630615234,true,true,0.1,0.05,true,true,numerical diagnostic
2.8,0.1,2.986106136,0.3386809662,II,false,26,1,true,144,0.3754373344,0.3936408963,0.2736338978,0.2823807636,full-pool,(1.0000;-1.0000),0.5131225586,true,true,0.1,0.05,true,true,numerical diagnostic
2.8,0.1,3.195858492,0.3635879465,II,false,30,1,true,144,0.3705800402,0.3919036499,0.2704265646,0.2817709326,full-pool,(1.0000;-1.0000),0.8162536621,true,true,0.1,0.05,true,true,numerical diagnostic
2.8,0.1,3.227808963,0.3673818955,II,false,30,1,true,144,0.3655682175,0.3916460819,0.2669213911,0.281676796,full-pool,(1.0000;-1.0000),0.8598297119,true,true,0.1,0.05,true,true,numerical diagnostic
2.8,0.1,3.247808963,0.3697567895,II,false,30,1,true,153,0.361079757,0.3914857051,0.2637550664,0.2816176861,full-pool,(1.0000;-1.0000),0.8868164063,true,true,0.1,0.05,true,true,numerical diagnostic
2.8,0.1,3.403834047,0.3882839411,II,false,33,1,true,189,0.3259173061,0.3902552511,0.2382646425,0.2811513733,full-pool,(1.0000;-1.0000),1.096157837,true,true,0.1,0.05,true,true,numerical diagnostic
2.8,0.1,3.901909299,0.447427737,II,false,51,1,true,189,0.1853547272,0.3865100304,0.1355051634,0.2795875211,full-pool,(1.0000;-1.0000),2.224902344,true,true,0.1,0.05,true,true,numerical diagnostic
2.9,0.1,2.332390287,0.2629731151,I,false,1,1,true,0,0.4303392322,0.4303392322,0.291160987,0.291160987,full-minimal,(1.0000;-1.0000),-inf,true,true,0.1,0.05,true,true,numerical diagnostic
2.9,0.1,2.59568741,0.2944018724,II,false,16,1,true,63,0.3827220899,0.3940194473,0.2771424141,0.2813664403,full-pool,(1.0000;-1.0000),-0.1569854736,true,true,0.1,0.05,true,true,numerical diagnostic
2.9,0.1,2.880083575,0.3283491404,II,false,24,1,true,135,0.3746004169,0.3914240617,0.2728592059,0.2805589596,full-pool,(1.0000;-1.0000),0.3762451172,true,true,0.1,0.05,true,true,numerical diagnostic
2.9,0.1,3.057831177,0.3495661829,II,false,27,1,true,135,0.3703144814,0.3899068094,0.2701783718,0.2800447981,full-pool,(1.0000;-1.0000),0.6496368408,true,true,0.1,0.05,true,true,numerical diagnostic
2.9,0.1,3.083380698,0.3526159302,II,false,28,1,true,135,0.3697210567,0.3896941794,0.2697860639,0.2799701459,full-pool,(1.0000;-1.0000),0.6866851807,true,true,0.1,0.05,true,true,numerical diagnostic
2.9,0.1,3.103380698,0.3550032527,II,false,28,1,true,144,0.369259322,0.3895286097,0.269477434,0.279911566,full-pool,(1.0000;-1.0000),0.7153564453,true,true,0.1,0.05,true,true,numerical diagnostic
2.9,0.1,3.27708911,0.3757381527,II,false,32,1,true,234,0.3498187018,0.3881202162,0.2557021682,0.2793970682,full-pool,(1.0000;-1.0000),0.9538543701,true,true,0.1,0.05,true,true,numerical diagnostic
2.9,0.1,3.828214348,0.4415238366,II,false,48,1,true,243,0.2019662484,0.3839104985,0.1476491585,0.2776785772,full-pool,(1.0000;-1.0000),2.053244019,true,true,0.1,0.05,true,true,numerical diagnostic
3,0.1,2.316178511,0.2629414213,I,false,1,1,true,0,0.4273087567,0.4273087567,0.2890309109,0.2890309109,full-minimal,(1.0000;-1.0000),-inf,true,true,0.1,0.05,true,true,numerical diagnostic
3,0.1,2.548441257,0.2908129508,II,false,15,1,true,9,0.3807504654,0.3912779166,0.2754911627,0.2793209107,full-pool,(1.0000;-1.0000),-0.2264923096,true,true,0.1,0.05,true,true,numerical diagnostic
3,0.1,2.79145825,0.3199749901,II,false,23,1,true,99,0.3733738965,0.3890127792,0.2717731103,0.2786295937,full-pool,(1.0000;-1.0000),0.2587768555,true,true,0.1,0.05,true,true,numerical diagnostic
3,0.1,2.943343872,0.3382012646,II,false,26,1,true,135,0.3695393206,0.3876803937,0.269493216,0.2781912071,full-pool,(1.0000;-1.0000),0.5069396973,true,true,0.1,0.05,true,true,numerical diagnostic
3,0.1,2.963720996,0.3406465195,II,false,26,1,true,135,0.3690473263,0.3875057747,0.269184361,0.2781319375,full-pool,(1.0000;-1.0000),0.5383087158,true,true,0.1,0.05,true,true,numerical diagnostic
3,0.1,2.983720996,0.3430465195,II,false,26,1,true,144,0.3685683259,0.3873352691,0.2688802192,0.2780736509,full-pool,(1.0000;-1.0000),0.5687255859,true,true,0.1,0.05,true,true,numerical diagnostic
3,0.1,3.171412847,0.3655695416,II,false,30,1,true,243,0.3642089073,0.3857740777,0.2659635359,0.2775206344,full-pool,(1.0000;-1.0000),0.8390869141,true,true,0.1,0.05,true,true,numerical diagnostic
3,0.1,3.764488399,0.4367386078,II,false,46,1,true,288,0.2149411103,0.3811768392,0.1571345426,0.2756788419,full-pool,(1.0000;-1.0000),1.928717041,true,true,0.1,0.05,true,true,numerical diagnostic
3.1,0.1,2.300145104,0.2629091194,I,false,1,1,true,0,0.4242084054,0.4242084054,0.2868385113,0.2868385113,full-minimal,(1.0000;-1.0000),-inf,true,true,0.1,0.05,true,true,numerical diagnostic
3.1,0.1,2.506676336,0.2878262946,II,false,15,1,true,0,0.3785881572,0.3884204357,0.273707806,0.2771987776,full-pool,(1.0000;-1.0000),-0.2878448486,true,true,0.1,0.05,true,true,numerical diagnostic
3.1,0.1,2.715384644,0.3130061256,II,false,21,1,true,45,0.3718488949,0.3864375841,0.2704496642,0.2766033956,full-pool,(1.0000;-1.0000),0.1554504395,true,true,0.1,0.05,true,true,numerical diagnostic
3.1,0.1,2.845827337,0.32874352,II,false,24,1,true,81,0.3683865864,0.3852643774,0.2684874578,0.2762270028,full-pool,(1.0000;-1.0000),0.3816223145,true,true,0.1,0.05,true,true,numerical diagnostic
3.1,0.1,2.861915876,0.3306845385,II,false,25,1,true,90,0.3679803727,0.3851227336,0.2682447743,0.276180301,full-pool,(1.0000;-1.0000),0.4078979492,true,true,0.1,0.05,true,true,numerical diagnostic
3.1,0.1,2.881915876,0.3330974593,II,false,24,1,true,99,0.3674804,0.3849475296,0.2679425684,0.2761221526,full-pool,(1.0000;-1.0000),0.4401428223,true,true,0.1,0.05,true,true,numerical diagnostic
3.1,0.1,3.080926882,0.357107349,II,false,28,1,true,243,0.3627233364,0.3832524778,0.2648817437,0.2755373537,full-pool,(1.0000;-1.0000),0.7403991699,true,true,0.1,0.05,true,true,numerical diagnostic
3.1,0.1,3.707959899,0.4327563996,II,false,44,1,true,315,0.2254213926,0.3783243277,0.1647962429,0.2735941897,full-pool,(1.0000;-1.0000),1.833502197,true,true,0.1,0.05,true,true,numerical diagnostic
3.2,0.1,2.284273342,0.2628762204,I,false,1,1,true,0,0.4210342267,0.4210342267,0.2845802412,0.2845802412,full-minimal,(1.0000;-1.0000),-inf,true,true,0.1,0.05,true,true,numerical diagnostic
3.2,0.1,2.558700143,0.2961652941,II,false,17,1,true,0,0.3729194636,0.3845735973,0.2703303227,0.2747441055,full-pool,(1.0000;-1.0000),-0.1242492676,true,true,0.1,0.05,true,true,numerical diagnostic
3.2,0.1,2.857935878,0.3324637911,II,false,24,1,true,99,0.3644369853,0.3818192691,0.2657637099,0.2738791632,full-pool,(1.0000;-1.0000),0.4317199707,true,true,0.1,0.05,true,true,numerical diagnostic
3.2,0.1,3.044958212,0.3551503517,II,false,28,1,true,243,0.3599259348,0.3802134271,0.262877622,0.2733272065,full-pool,(1.0000;-1.0000),0.7171142578,true,true,0.1,0.05,true,true,numerical diagnostic
3.2,0.1,3.072362679,0.3584746237,II,false,29,1,true,270,0.3592867733,0.3799841838,0.2624453547,0.27324541,full-pool,(1.0000;-1.0000),0.7565582275,true,true,0.1,0.05,true,true,numerical diagnostic
3.2,0.1,3.092362679,0.360900704,II,false,30,2,false,117,0.06086047033,0.3798177683,0.03591095893,0.2731855526,partial-minimal,(1.0000;-0.1510),-inf,false,true,0.1,0.05,true,true,numerical diagnostic
3.2,0.1,3.255867652,0.3807345143,II,false,39,8,false,118,0.05554027765,0.3784830554,0.03310404284,0.2726906902,partial-pool,(1.0000;0.0000),0.2163970947,false,true,0.1,0.05,true,true,numerical diagnostic
3.2,0.1,3.776382572,0.4438750655,II,false,49,1,true,342,0.1954324614,0.3744600271,0.1428725775,0.2710334337,full-pool,(1.0000;-1.0000),2.119015503,true,true,0.1,0.05,true,true,numerical diagnostic
3.3,0.1,2.268548532,0.2628427335,I,false,1,1,true,0,0.4177820438,0.4177820438,0.2822523273,0.2822523273,full-minimal,(1.0000;-1.0000),-inf,true,true,0.1,0.05,true,true,numerical diagnostic
3.3,0.1,2.511743404,0.2925061258,II,false,16,1,true,0,0.3707158767,0.3816144973,0.2684851867,0.2725024554,full-pool,(1.0000;-1.0000),-0.193182373,true,true,0.1,0.05,true,true,numerical diagnostic
3.3,0.1,2.769336567,0.3239257317,II,false,23,1,true,45,0.3629855711,0.3791923875,0.2645023422,0.271756461,full-pool,(1.0000;-1.0000),0.3150177002,true,true,0.1,0.05,true,true,numerical diagnostic
3.3,0.1,2.930332294,0.3435629854,II,false,26,1,true,180,0.3589389897,0.3777719766,0.2620360368,0.2712825093,full-pool,(1.0000;-1.0000),0.5752258301,true,true,0.1,0.05,true,true,numerical diagnostic
3.3,0.1,2.952531439,0.3462706985,II,false,27,1,true,198,0.3584035761,0.3775808365,0.2616913083,0.2712165821,full-pool,(1.0000;-1.0000),0.6090423584,true,true,0.1,0.05,true,true,numerical diagnostic
3.3,0.1,2.972531439,0.3487101737,II,false,30,4,false,63,0.06124087333,0.3774095328,0.03648429934,0.2711570559,partial-pool,(1.0000;-0.2496),-0.2300476074,false,true,0.1,0.05,true,true,numerical diagnostic
3.3,0.1,3.150083541,0.3703668707,II,false,38,9,false,108,0.05540228608,0.3759230656,0.03348248763,0.2706227201,partial-pool,(1.0000;-0.0919),0.1710906982,false,true,0.1,0.05,true,true,numerical diagnostic
3.3,0.1,3.712739848,0.4389961744,II,false,51,6,false,141,0.05251980657,0.3715099635,0.03174916919,0.2688388857,partial-pool,(1.0000;-0.0000),0.3706695557,false,true,0.1,0.05,true,true,numerical diagnostic
3.4,0.1,2.252957706,0.2628086652,I,false,1,1,true,0,0.4144474227,0.4144474227,0.2798507413,0.2798507413,full-minimal,(1.0000;-1.0000),-inf,true,true,0.1,0.05,true,true,numerical diagnostic
3.4,0.1,2.469279717,0.289341668,II,false,14,1,true,0,0.3683439294,0.3785359465,0.2665110797,0.2701753657,full-pool,(1.0000;-1.0000),-0.2562683105,true,true,0.1,0.05,true,true,numerical diagnostic
3.4,0.1,2.691042397,0.3165419968,II,false,22,1,true,36,0.3612789087,0.3764089832,0.2630206809,0.2695313871,full-pool,(1.0000;-1.0000),0.208581543,true,true,0.1,0.05,true,true,numerical diagnostic
3.4,0.1,2.829644073,0.3335422023,II,false,24,1,true,108,0.3576278117,0.3751543582,0.260899011,0.2691236534,full-pool,(1.0000;-1.0000),0.4460388184,true,true,0.1,0.05,true,true,numerical diagnostic
3.4,0.1,2.847364408,0.3357156922,II,false,25,1,true,126,0.3571825834,0.3749975094,0.260626044,0.2690711674,full-pool,(1.0000;-1.0000),0.4746398926,true,true,0.1,0.05,true,true,numerical diagnostic
3.4,0.1,2.867364408,0.3381687946,II,false,27,2,false,18,0.06219902009,0.3748213846,0.03725422607,0.2690118237,partial-minimal,(1.0000;-0.3518),-inf,false,true,0.1,0.05,true,true,numerical diagnostic
3.4,0.1,3.056774453,0.3614009069,II,false,38,10,false,63,0.05537584376,0.3731967444,0.03387279496,0.2684436941,partial-pool,(1.0000;-0.1781),0.1232635498,false,true,0.1,0.05,true,true,numerical diagnostic
3.4,0.1,3.655004587,0.4347768974,II,false,54,10,false,109,0.04983302511,0.3684374975,0.03044631921,0.2665518313,partial-pool,(1.0000;-0.0000),0.5085754395,false,true,0.1,0.05,true,true,numerical diagnostic
3.5,0.1,2.23748938,0.2627740204,I,false,1,1,true,0,0.4110256393,0.4110256393,0.2773711697,0.2773711697,full-minimal,(1.0000;-1.0000),-inf,true,true,0.1,0.05,true,true,numerical diagnostic
3.5,0.1,2.430407163,0.2865700466,II,false,14,1,true,0,0.365818692,0.375340498,0.2644162144,0.2677609682,full-pool,(1.0000;-1.0000),-0.3147949219,true,true,0.1,0.05,true,true,numerical diagnostic
3.5,0.1,2.620964208,0.3100748802,II,false,20,1,true,27,0.3593541416,0.3734785508,0.26134914,0.2672057554,full-pool,(1.0000;-1.0000),0.1101776123,true,true,0.1,0.05,true,true,numerical diagnostic
3.5,0.1,2.74006236,0.3247654013,II,false,23,1,true,90,0.3560485702,0.3723739286,0.2595165213,0.2668551764,full-pool,(1.0000;-1.0000),0.326776123,true,true,0.1,0.05,true,true,numerical diagnostic
3.5,0.1,2.753881991,0.3264700253,II,false,24,1,true,99,0.355684459,0.3722483339,0.2593039338,0.2668142806,full-pool,(1.0000;-1.0000),0.3504486084,true,true,0.1,0.05,true,true,numerical diagnostic
3.5,0.1,2.773881991,0.3289369857,II,false,25,2,false,0,0.06271647281,0.3720674647,0.03777375036,0.2667550093,partial-minimal,(1.0000;-0.4352),-inf,false,true,0.1,0.05,true,true,numerical diagnostic
3.5,0.1,2.973406835,0.3535479797,II,false,38,11,false,27,0.05532329633,0.3703158551,0.03420464398,0.2661574732,partial-pool,(1.0000;-0.2558),0.08168029785,false,true,0.1,0.05,true,true,numerical diagnostic
3.5,0.1,3.601981368,0.4310814022,II,false,56,14,false,109,0.04740698526,0.3652460477,0.02919035976,0.2641719777,partial-pool,(1.0000;-0.0000),0.6330810547,false,true,0.1,0.05,true,true,numerical diagnostic
3.6,0.1,2.222133347,0.2627388025,I,false,1,1,true,0,0.1,0.1,0.05,0.05,full-minimal,(1.0000;-1.0000),-inf,false,false,0.1,0.05,true,true,numerical diagnostic
3.6,0.1,2.272433347,0.2689786371,II,false,0,,,10,,,,,,,,,,0.1,0.05,true,,open: no equilibrium found
3.6,0.1,2.272833347,0.2690282581,II,false,0,,,10,,,,,,,,,,0.1,0.05,true,,open: no equilibrium found
3.6,0.1,2.273083347,0.2690592712,II,false,0,,,10,,,,,,,,,,0.1,0.05,true,,open: no equilibrium found
3.6,0.1,2.262133347,0.2677008976,I,false,1,1,true,0,0.1,0.1,0.05,0.05,full-minimal,(1.0000;-1.0000),-inf,false,false,0.1,0.05,true,true,numerical diagnostic
3.6,0.1,2.282133347,0.2701819452,II,false,0,,,10,,,,,,,,,,0.1,0.05,true,,open: no equilibrium found
3.6,0.1,2.551521678,0.3036002082,II,false,0,,,40,,,,,,,,,,0.1,0.05,true,,open: no equilibrium found
3.6,0.1,3.389686672,0.4075765685,II,false,18,18,false,121,0.04519009864,0.05668691645,0.02797706428,0.03525573864,partial-pool,(1.0000;-0.0000),0.7464172363,false,false,0.1,0.05,true,true,numerical diagnostic
1.5,0.25,2.598061007,0.2633339447,I,true,1,1,false,0,0.25,0.25,0.125,0.125,notrade,(0.0000;0.0000),-inf,false,false,0.25,0.125,true,false,numerical diagnostic
1.5,0.25,2.648361007,0.2689750662,II,true,1,1,false,0,0.25,0.25,0.125,0.125,notrade,(0.0000;0.0000),-inf,false,false,0.25,0.125,true,false,numerical diagnostic
1.5,0.25,2.648761007,0.269019926,II,true,1,1,false,0,0.25,0.25,0.125,0.125,notrade,(0.0000;0.0000),-inf,false,false,0.25,0.125,true,false,numerical diagnostic
1.5,0.25,2.649011007,0.2690479634,II,true,1,1,false,0,0.25,0.25,0.125,0.125,notrade,(0.0000;0.0000),-inf,false,false,0.25,0.125,true,false,numerical diagnostic
1.5,0.25,2.638061007,0.267819926,I,true,1,1,false,0,0.25,0.25,0.125,0.125,notrade,(0.0000;0.0000),-inf,false,false,0.25,0.125,true,false,numerical diagnostic
1.5,0.25,2.658061007,0.2700629167,II,true,1,1,false,0,0.25,0.25,0.125,0.125,notrade,(0.0000;0.0000),-inf,false,false,0.25,0.125,true,false,numerical diagnostic
1.5,0.25,2.957101856,0.3036002081,II,true,1,1,false,0,0.25,0.25,0.125,0.125,notrade,(0.0000;0.0000),-inf,false,false,0.25,0.125,true,false,numerical diagnostic
1.5,0.25,3.884224403,0.4075765685,II,true,1,1,false,0,0.25,0.25,0.125,0.125,notrade,(0.0000;0.0000),-inf,false,false,0.25,0.125,true,false,numerical diagnostic
1.6,0.25,2.574591882,0.2633155423,I,true,2,2,false,0,0.25,0.5487563077,0.125,0.3337238625,notrade,(0.0000;0.0000),-inf,false,true,0.25,0.125,true,false,numerical diagnostic
1.6,0.25,2.624891882,0.2689751766,II,true,2,2,false,0,0.25,0.5487563069,0.125,0.3337238609,notrade,(0.0000;0.0000),-inf,false,true,0.25,0.125,true,false,numerical diagnostic
1.6,0.25,2.625291882,0.2690201836,II,true,2,2,false,0,0.25,0.5487563069,0.125,0.3337238609,notrade,(0.0000;0.0000),-inf,false,true,0.25,0.125,true,false,numerical diagnostic
1.6,0.25,2.625541882,0.269048313,II,true,2,2,false,0,0.25,0.5487563069,0.125,0.3337238609,notrade,(0.0000;0.0000),-inf,false,true,0.25,0.125,true,false,numerical diagnostic
1.6,0.25,2.614591882,0.2678162455,I,true,2,2,false,0,0.25,0.5487563077,0.125,0.3337238625,notrade,(0.0000;0.0000),-inf,false,true,0.25,0.125,true,false,numerical diagnostic
1.6,0.25,2.634591882,0.2700665971,II,true,2,2,false,0,0.25,0.5487563069,0.125,0.3337238609,notrade,(0.0000;0.0000),-inf,false,true,0.25,0.125,true,false,numerical diagnostic
1.6,0.25,2.93262185,0.3036002081,II,true,1,1,false,2,0.25,0.25,0.125,0.125,notrade,(0.0000;0.0000),-inf,false,false,0.25,0.125,true,false,numerical diagnostic
1.6,0.25,3.856711753,0.4075765685,II,true,1,1,false,0,0.25,0.25,0.125,0.125,notrade,(0.0000;0.0000),-inf,false,false,0.25,0.125,true,false,numerical diagnostic
1.7,0.25,2.552301823,0.2632954566,I,true,2,2,false,0,0.25,0.552100857,0.125,0.3441275125,notrade,(0.0000;0.0000),-inf,false,true,0.25,0.125,true,false,numerical diagnostic
1.7,0.25,2.602601823,0.2689752972,II,true,1,1,false,2,0.25,0.25,0.125,0.125,notrade,(0.0000;0.0000),-inf,false,false,0.25,0.125,true,false,numerical diagnostic
1.7,0.25,2.603001823,0.2690204649,II,true,1,1,false,2,0.25,0.25,0.125,0.125,notrade,(0.0000;0.0000),-inf,false,false,0.25,0.125,true,false,numerical diagnostic
1.7,0.25,2.603251823,0.2690486947,II,true,1,1,false,2,0.25,0.25,0.125,0.125,notrade,(0.0000;0.0000),-inf,false,false,0.25,0.125,true,false,numerical diagnostic
1.7,0.25,2.592301823,0.2678122284,I,true,2,2,false,0,0.25,0.552100857,0.125,0.3441275125,notrade,(0.0000;0.0000),-inf,false,true,0.25,0.125,true,false,numerical diagnostic
1.7,0.25,2.612301823,0.2700706144,II,true,1,1,false,2,0.25,0.25,0.125,0.125,notrade,(0.0000;0.0000),-inf,false,false,0.25,0.125,true,false,numerical diagnostic
1.7,0.25,2.909235961,0.3036002082,II,true,1,1,false,4,0.25,0.25,0.125,0.125,notrade,(0.0000;0.0000),-inf,false,false,0.25,0.125,true,false,numerical diagnostic
1.7,0.25,3.830038376,0.4075765686,II,true,27,27,false,0,0.25,0.4342578352,0.125,0.2899944652,notrade,(0.0000;0.0000),-inf,false,true,0.25,0.125,true,false,numerical diagnostic
1.8,0.25,2.530994317,0.263273915,I,false,1,1,true,0,0.5500494178,0.5500494178,0.3427847446,0.3427847446,full-minimal,(1.0000;-1.0000),-inf,true,true,0.25,0.125,true,true,numerical diagnostic
1.8,0.25,2.581294317,0.2689754264,II,false,1,1,false,6,0.25,0.25,0.125,0.125,partial-minimal,(0.4989;-0.4989),-inf,false,false,0.25,0.125,true,true,numerical diagnostic
1.8,0.25,2.581694317,0.2690207664,II,false,1,1,false,6,0.25,0.25,0.125,0.125,partial-minimal,(0.4989;-0.4989),-inf,false,false,0.25,0.125,true,true,numerical diagnostic
1.8,0.25,2.581944317,0.2690491039,II,false,1,1,false,6,0.25,0.25,0.125,0.125,partial-minimal,(0.4989;-0.4989),-inf,false,false,0.25,0.125,true,true,numerical diagnostic
1.8,0.25,2.570994317,0.2678079201,I,false,1,1,true,0,0.5500494178,0.5500494178,0.3427847446,0.3427847446,full-minimal,(1.0000;-1.0000),-inf,true,true,0.25,0.125,true,true,numerical diagnostic
1.8,0.25,2.590994317,0.2700749226,II,false,1,1,false,6,0.25,0.25,0.125,0.125,partial-minimal,(0.4989;-0.4989),-inf,false,false,0.25,0.125,true,true,numerical diagnostic
1.8,0.25,2.886761836,0.3036002081,II,false,13,13,false,1,0.25,0.4555183548,0.125,0.3095582955,partial-minimal,(0.4989;-0.4989),-inf,false,true,0.25,0.125,true,true,numerical diagnostic
1.8,0.25,3.804064393,0.4075765685,II,false,31,31,false,0,0.3415485113,0.4358210792,0.2316306517,0.3004978621,partial-pool,(1.0000;-0.4908),1.152633667,true,true,0.25,0.125,true,true,numerical diagnostic
1.9,0.25,2.510514226,0.2632510949,I,false,1,1,true,0,0.5479748278,0.5479748278,0.3414187632,0.3414187632,full-minimal,(1.0000;-1.0000),-inf,true,true,0.25,0.125,true,true,numerical diagnostic
1.9,0.25,3.028298303,0.3221783034,II,false,21,21,false,104,0.4141946252,0.4516146068,0.2946726007,0.3144787472,partial-pool,(1.0000;-0.8925),0.2251342773,true,true,0.25,0.125,true,true,numerical diagnostic
1.9,0.25,3.652010405,0.3931608128,II,false,32,32,false,104,0.3466426678,0.4388707499,0.2431256852,0.3087554958,partial-pool,(1.0000;-0.7077),1.055764771,true,true,0.25,0.125,true,true,numerical diagnostic
1.9,0.25,4.041830469,0.4375248812,II,false,40,40,false,104,0.2684526073,0.4314514287,0.179929818,0.3049361312,partial-pool,(1.0000;-0.4186),1.657788086,true,true,0.25,0.125,true,true,numerical diagnostic
1.9,0.25,4.109794482,0.4452596296,II,false,42,42,false,104,0.2528531563,0.4301800309,0.1673257763,0.3042452354,partial-pool,(1.0000;-0.3422),1.803036499,true,true,0.25,0.125,true,true,numerical diagnostic
1.9,0.25,4.129794482,0.4475357602,II,false,42,42,false,104,0.2505019628,0.4298066967,0.1654258388,0.3040403426,partial-pool,(1.0000;-0.3300),1.825875854,true,true,0.25,0.125,true,true,numerical diagnostic
1.9,0.25,4.190443731,0.4544380406,II,false,41,41,false,104,0.2505019628,0.4286764491,0.1654258388,0.3034144826,partial-pool,(1.0000;-0.3300),1.825875854,true,true,0.25,0.125,true,true,numerical diagnostic
1.9,0.25,4.402391477,0.478559078,II,false,39,39,false,104,0.2505019628,0.4247403653,0.1654258388,0.3011700004,partial-pool,(1.0000;-0.3300),1.825875854,true,true,0.25,0.125,true,true,numerical diagnostic
2,0.25,2.490737437,0.2632271357,I,false,1,1,true,0,0.5458735905,0.5458735905,0.3400270416,0.3400270416,full-minimal,(1.0000;-1.0000),-inf,true,true,0.25,0.125,true,true,numerical diagnostic
2,0.25,3.026061811,0.3244070641,II,false,23,1,true,120,0.4086233775,0.4493104813,0.2955021174,0.3137585353,full-pool,(1.0000;-1.0000),0.3217651367,true,true,0.25,0.125,true,true,numerical diagnostic
2,0.25,3.673160976,0.3983612544,II,false,34,16,false,216,0.3249748765,0.4366139854,0.2310961606,0.309180717,partial-pool,(1.0000;-0.8017),1.157254028,true,true,0.25,0.125,true,true,numerical diagnostic
2,0.25,4.077597954,0.4445826234,II,false,44,30,false,216,0.2392519948,0.4293287686,0.1617847133,0.3061114586,partial-pool,(1.0000;-0.4728),1.870388794,false,true,0.25,0.125,true,true,numerical diagnostic
2,0.25,4.14848535,0.45268404,II,false,47,34,false,216,0.2219035158,0.4280805781,0.147768162,0.305551483,partial-pool,(1.0000;-0.3795),2.05163269,false,true,0.25,0.125,true,true,numerical diagnostic
2,0.25,4.16848535,0.4549697543,II,false,47,34,false,216,0.2193926367,0.427729507,0.1457394021,0.3053921575,partial-pool,(1.0000;-0.3649),2.079281616,false,true,0.25,0.125,true,true,numerical diagnostic
2,0.25,4.219087548,0.4607528626,II,false,47,34,false,216,0.2193926367,0.4268431572,0.1457394021,0.3049863335,partial-pool,(1.0000;-0.3649),2.079281616,false,true,0.25,0.125,true,true,numerical diagnostic
2,0.25,4.40089414,0.4815307589,II,false,45,34,false,216,0.2193926367,0.4236760433,0.1457394021,0.3034942133,partial-pool,(1.0000;-0.3649),2.079281616,false,true,0.25,0.125,true,true,numerical diagnostic
2.1,0.25,2.471563478,0.2632021483,I,false,1,1,true,0,0.5437425276,0.5437425276,0.3386072137,0.3386072137,full-minimal,(1.0000;-1.0000),-inf,true,true,0.25,0.125,true,true,numerical diagnostic
2.1,0.25,3.018455054,0.3259773497,II,false,23,1,true,56,0.4056519214,0.4468898828,0.2935928313,0.3122445528,full-pool,(1.0000;-1.0000),0.3436309814,true,true,0.25,0.125,true,true,numerical diagnostic
2.1,0.25,3.680977154,0.4020252541,II,false,34,8,false,277,0.3085195604,0.4338923949,0.2220074451,0.3075245648,partial-pool,(1.0000;-0.8849),1.2375,true,true,0.25,0.125,true,true,numerical diagnostic
2.1,0.25,4.095053467,0.4495551944,II,false,47,24,false,280,0.2170668841,0.4264308365,0.148028365,0.3043487883,partial-pool,(1.0000;-0.5255),2.048114014,false,true,0.25,0.125,true,true,numerical diagnostic
2.1,0.25,4.16786873,0.4579133278,II,false,51,29,false,280,0.1983726802,0.4251469704,0.1329242071,0.3037662584,partial-pool,(1.0000;-0.4170),2.263363647,false,true,0.25,0.125,true,true,numerical diagnostic
2.1,0.25,4.18786873,0.4602090371,II,false,51,29,false,280,0.1957352748,0.4247953349,0.1307933387,0.3036048363,partial-pool,(1.0000;-0.4002),2.295684814,false,true,0.25,0.125,true,true,numerical diagnostic
2.1,0.25,4.231366992,0.4652020051,II,false,50,29,false,280,0.1957352748,0.4240318656,0.1307933387,0.3032515755,partial-pool,(1.0000;-0.4002),2.295684814,false,true,0.25,0.125,true,true,numerical diagnostic
2.1,0.25,4.391861778,0.483624473,II,false,49,29,false,280,0.1957352748,0.4212269252,0.1307933387,0.3019208991,partial-pool,(1.0000;-0.4002),2.295684814,false,true,0.25,0.125,true,true,numerical diagnostic
2.2,0.25,2.452910145,0.2631762222,I,false,1,1,true,0,0.5415786801,0.5415786801,0.3371570126,0.3371570126,full-minimal,(1.0000;-1.0000),-inf,true,true,0.25,0.125,true,true,numerical diagnostic
2.2,0.25,3.007528995,0.3271259847,II,false,24,1,true,8,0.4028776544,0.444514929,0.2917843166,0.3107254147,full-pool,(1.0000;-1.0000),0.359487915,true,true,0.25,0.125,true,true,numerical diagnostic
2.2,0.25,3.680354128,0.4047054026,II,false,46,15,false,97,0.1287510629,0.4312982656,0.07816437094,0.3059008033,partial-pool,(1.0000;-0.0000),0.4229553223,false,true,0.25,0.125,true,true,numerical diagnostic
2.2,0.25,4.100869836,0.4531925388,II,false,54,27,false,106,0.1287510629,0.4237075267,0.07816437094,0.3026460609,partial-pool,(1.0000;-0.0000),0.4229553223,false,true,0.25,0.125,true,true,numerical diagnostic
2.2,0.25,4.174972978,0.4617369262,II,false,58,31,false,127,0.1287510629,0.4223976758,0.07816437094,0.3020468544,partial-pool,(1.0000;-0.0000),0.4229553223,false,true,0.25,0.125,true,true,numerical diagnostic
2.2,0.25,4.194972978,0.4640430058,II,false,58,32,false,135,0.1287510629,0.4220450884,0.07816437094,0.3018836453,partial-pool,(1.0000;-0.0000),0.4229553223,false,true,0.25,0.125,true,true,numerical diagnostic
2.2,0.25,4.233249759,0.4684564711,II,false,57,31,false,156,0.1287510629,0.4213712562,0.07816437094,0.3015694717,partial-pool,(1.0000;-0.0000),0.4229553223,false,true,0.25,0.125,true,true,numerical diagnostic
2.2,0.25,4.3780801,0.4851559864,II,false,53,28,false,288,0.1773227652,0.4188305101,0.1191910396,0.3003580446,partial-pool,(1.0000;-0.4360),2.481466675,false,true,0.25,0.125,true,true,numerical diagnostic
2.3,0.25,2.434709531,0.2631494294,I,false,1,1,true,0,0.5393792325,0.5393792325,0.335674224,0.335674224,full-minimal,(1.0000;-1.0000),-inf,true,true,0.25,0.125,true,true,numerical diagnostic
2.3,0.25,2.994434209,0.3279878459,II,false,29,6,false,0,0.1527524147,0.442157456,0.09310397751,0.3091908638,partial-pool,(1.0000;-0.4388),-0.3453704834,false,true,0.25,0.125,true,true,numerical diagnostic
2.3,0.25,3.674067112,0.4067164119,II,false,52,17,false,97,0.115371464,0.4287768622,0.07127318182,0.3042873938,partial-pool,(1.0000;0.0000),0.6974914551,false,true,0.25,0.125,true,true,numerical diagnostic
2.3,0.25,4.098837677,0.4559217657,II,false,63,31,false,97,0.115371464,0.4210890564,0.07127318182,0.3009728027,partial-pool,(1.0000;0.0000),0.6974914551,false,true,0.25,0.125,true,true,numerical diagnostic
2.3,0.25,4.17379179,0.464604438,II,false,68,37,false,97,0.115371464,0.419759855,0.07127318182,0.3003610243,partial-pool,(1.0000;0.0000),0.6974914551,false,true,0.25,0.125,true,true,numerical diagnostic
2.3,0.25,4.19379179,0.4669212348,II,false,67,36,false,97,0.115371464,0.4194060667,0.07127318182,0.3001962429,partial-pool,(1.0000;0.0000),0.6974914551,false,true,0.25,0.125,true,true,numerical diagnostic
2.3,0.25,4.228125195,0.470898411,II,false,67,36,false,97,0.115371464,0.4187994774,0.07127318182,0.2999118076,partial-pool,(1.0000;0.0000),0.6974914551,false,true,0.25,0.125,true,true,numerical diagnostic
2.3,0.25,4.361125412,0.4863051346,II,false,64,34,false,97,0.115371464,0.4164566008,0.07127318182,0.2987905146,partial-pool,(1.0000;0.0000),0.6974914551,false,true,0.25,0.125,true,true,numerical diagnostic
2.4,0.25,2.416905045,0.2631218287,I,false,1,1,true,0,0.5371414544,0.5371414544,0.3341566484,0.3341566484,full-minimal,(1.0000;-1.0000),-inf,true,true,0.25,0.125,true,true,numerical diagnostic
2.4,0.25,2.608238745,0.2853915125,II,false,14,1,true,0,0.4251226586,0.4481706905,0.3021874405,0.3102003773,full-pool,(1.0000;-1.0000),-0.3407867432,true,true,0.25,0.125,true,true,numerical diagnostic
2.4,0.25,2.796683678,0.3073249674,II,false,20,1,true,0,0.4096168233,0.4438024468,0.2949651553,0.3089063257,full-pool,(1.0000;-1.0000),0.06658630371,true,true,0.25,0.125,true,true,numerical diagnostic
2.4,0.25,2.914461761,0.3210333767,II,false,22,1,true,0,0.4017222487,0.4412041243,0.2906825838,0.3080900922,full-pool,(1.0000;-1.0000),0.2739959717,true,true,0.25,0.125,true,true,numerical diagnostic
2.4,0.25,2.928017378,0.32261114,II,false,22,1,true,0,0.4008614161,0.4409108282,0.2901911953,0.3079957031,full-pool,(1.0000;-1.0000),0.2964752197,true,true,0.25,0.125,true,true,numerical diagnostic
2.4,0.25,2.948017378,0.3249389771,II,false,23,1,true,0,0.399605806,0.4404801471,0.2894659835,0.3078562598,full-pool,(1.0000;-1.0000),0.329196167,true,true,0.25,0.125,true,true,numerical diagnostic
2.4,0.25,3.165127271,0.3502087998,II,false,38,11,false,0,0.1304948567,0.4359481233,0.08314825315,0.3063268929,partial-pool,(1.0000;-0.3574),0.19793396,false,true,0.25,0.125,true,true,numerical diagnostic
2.4,0.25,3.846456951,0.4295100234,II,false,63,25,false,100,0.1041770849,0.4229378671,0.06481247285,0.3012642593,partial-pool,(1.0000;-0.0000),0.924597168,false,true,0.25,0.125,true,true,numerical diagnostic
2.5,0.25,2.399449153,0.2630934682,I,false,1,1,true,0,0.5348626533,0.5348626533,0.3326020705,0.3326020705,full-minimal,(1.0000;-1.0000),-inf,true,true,0.25,0.125,true,true,numerical diagnostic
2.5,0.25,2.598287154,0.2863493748,II,false,14,1,true,0,0.4220300222,0.4456950614,0.3002925227,0.3085895322,full-pool,(1.0000;-1.0000),-0.3196075439,true,true,0.25,0.125,true,true,numerical diagnostic
2.5,0.25,2.796737823,0.3095599793,II,false,21,1,true,0,0.4059905631,0.4410936331,0.2927084525,0.3072191142,full-pool,(1.0000;-1.0000),0.1020996094,true,true,0.25,0.125,true,true,numerical diagnostic
2.5,0.25,2.92076949,0.3240666071,II,false,23,1,true,0,0.3977955689,0.4383624629,0.2881832095,0.3063539648,full-pool,(1.0000;-1.0000),0.3169952393,true,true,0.25,0.125,true,true,numerical diagnostic
2.5,0.25,2.935575824,0.325798342,II,false,23,1,true,0,0.3968674819,0.4380429599,0.2876434956,0.3062501481,full-pool,(1.0000;-1.0000),0.3411499023,true,true,0.25,0.125,true,true,numerical diagnostic
2.5,0.25,2.955575824,0.3281375233,II,false,24,1,true,0,0.3956270997,0.4376134654,0.2869136855,0.3061097176,full-pool,(1.0000;-1.0000),0.3733551025,true,true,0.25,0.125,true,true,numerical diagnostic
2.5,0.25,3.16748945,0.3529227427,II,false,37,10,false,0,0.1237862737,0.4331967184,0.08045632058,0.3046061642,partial-pool,(1.0000;-0.4100),0.3226074219,false,true,0.25,0.125,true,true,numerical diagnostic
2.5,0.25,3.83323033,0.4307871731,II,false,68,26,false,100,0.09456120848,0.4204595973,0.05886051687,0.2996238802,partial-pool,(1.0000;-0.0000),1.119992065,false,true,0.25,0.125,true,true,numerical diagnostic
2.6,0.25,2.382301631,0.263064387,I,false,1,1,true,0,0.5325401368,0.5325401368,0.3310082332,0.3310082332,full-minimal,(1.0000;-1.0000),-inf,true,true,0.25,0.125,true,true,numerical diagnostic
2.6,0.25,2.590727793,0.2875629414,II,false,15,1,true,0,0.4187036959,0.4431240202,0.2982731062,0.3069243793,full-pool,(1.0000;-1.0000),-0.2934356689,true,true,0.25,0.125,true,true,numerical diagnostic
2.6,0.25,2.801962677,0.3123916347,II,false,20,1,true,0,0.4019985721,0.438229982,0.2902281586,0.3054569981,full-pool,(1.0000;-1.0000),0.1460540771,true,true,0.25,0.125,true,true,numerical diagnostic
2.6,0.25,2.933984479,0.327909568,II,false,24,1,true,0,0.3934247459,0.4353326996,0.2853909717,0.3045295755,full-pool,(1.0000;-1.0000),0.3702392578,true,true,0.25,0.125,true,true,numerical diagnostic
2.6,0.25,2.950388839,0.3298377478,II,false,24,1,true,0,0.392411973,0.4349802462,0.2847886937,0.3044136631,full-pool,(1.0000;-1.0000),0.396472168,true,true,0.25,0.125,true,true,numerical diagnostic
2.6,0.25,2.970388839,0.3321885615,II,false,24,1,true,0,0.3911894313,0.4345526547,0.2840531762,0.3042721252,full-pool,(1.0000;-1.0000),0.4280487061,true,true,0.25,0.125,true,true,numerical diagnostic
2.6,0.25,3.176042052,0.3563611815,II,false,36,9,false,0,0.1180521452,0.4302789758,0.07797890907,0.3028012359,partial-pool,(1.0000;-0.4581),0.430859375,false,true,0.25,0.125,true,true,numerical diagnostic
2.6,0.25,3.823001689,0.4324052619,II,false,69,26,false,109,0.08767981743,0.4178846723,0.05481190426,0.2979211045,partial-pool,(1.0000;-0.0228),1.262518311,false,true,0.25,0.125,true,true,numerical diagnostic
2.7,0.25,2.365428217,0.2630346176,I,false,1,1,true,0,0.5301711786,0.5301711786,0.3293728142,0.3293728142,full-minimal,(1.0000;-1.0000),-inf,true,true,0.25,0.125,true,true,numerical diagnostic
2.7,0.25,2.583093735,0.2887487677,II,false,15,1,true,0,0.4153804638,0.4405131228,0.2962271438,0.3052192442,full-pool,(1.0000;-1.0000),-0.2685089111,true,true,0.25,0.125,true,true,numerical diagnostic
2.7,0.25,2.80664776,0.3151585627,II,false,21,1,true,0,0.3980348544,0.4353361236,0.2877289269,0.3036568793,full-pool,(1.0000;-1.0000),0.1879760742,true,true,0.25,0.125,true,true,numerical diagnostic
2.7,0.25,2.946369025,0.3316646846,II,false,25,1,true,0,0.3890917415,0.4322787861,0.2825817584,0.3026682689,full-pool,(1.0000;-1.0000),0.4210510254,true,true,0.25,0.125,true,true,numerical diagnostic
2.7,0.25,2.964313278,0.3337845483,II,false,24,1,true,0,0.3879975061,0.431894701,0.2819174454,0.3025404747,full-pool,(1.0000;-1.0000),0.4492462158,true,true,0.25,0.125,true,true,numerical diagnostic
2.7,0.25,2.984313278,0.3361472698,II,false,25,1,true,0,0.3867891704,0.4314687587,0.281175354,0.302397799,full-pool,(1.0000;-1.0000),0.480279541,true,true,0.25,0.125,true,true,numerical diagnostic
2.7,0.25,3.183860731,0.3597210227,II,false,37,9,false,0,0.1132251748,0.4273321009,0.07579925605,0.3009589,partial-pool,(1.0000;-0.5041),0.521484375,false,true,0.25,0.125,true,true,numerical diagnostic
2.7,0.25,3.812503089,0.4339863636,II,false,69,25,false,90,0.08354030094,0.4152694012,0.05275876455,0.2961789838,partial-pool,(1.0000;-0.0776),1.338873291,false,true,0.25,0.125,true,true,numerical diagnostic
2.8,0.25,2.348799541,0.2630041864,I,false,1,1,true,0,0.52775299,0.52775299,0.3276934047,0.3276934047,full-minimal,(1.0000;-1.0000),-inf,true,true,0.25,0.125,true,true,numerical diagnostic
2.8,0.25,2.574317971,0.2897833044,II,false,15,1,true,0,0.4121494575,0.4378845843,0.2941934386,0.3034789876,full-pool,(1.0000;-1.0000),-0.2472442627,true,true,0.25,0.125,true,true,numerical diagnostic
2.8,0.25,2.808342543,0.3175724818,II,false,22,1,true,0,0.394251983,0.4324630429,0.2852971825,0.3018335582,full-pool,(1.0000;-1.0000),0.2237854004,true,true,0.25,0.125,true,true,numerical diagnostic
2.8,0.25,2.954607901,0.3349407177,II,false,25,1,true,0,0.3849866758,0.4292678032,0.2798751792,0.3007912807,full-pool,(1.0000;-1.0000),0.4644805908,true,true,0.25,0.125,true,true,numerical diagnostic
2.8,0.25,2.973860973,0.3372269179,II,false,25,1,true,0,0.3838225909,0.4288566745,0.2791562321,0.3006531074,full-pool,(1.0000;-1.0000),0.4943267822,true,true,0.25,0.125,true,true,numerical diagnostic
2.8,0.25,2.993860973,0.3396018119,II,false,26,1,true,0,0.3826236498,0.4284317646,0.278407227,0.3005093122,full-pool,(1.0000;-1.0000),0.5249542236,true,true,0.25,0.125,true,true,numerical diagnostic
2.8,0.25,3.187978256,0.3626522102,II,false,37,8,false,0,0.1091886337,0.4244126204,0.07393447194,0.2990984311,partial-pool,(1.0000;-0.5493),0.5958862305,false,true,0.25,0.125,true,true,numerical diagnostic
2.8,0.25,3.800330103,0.435365746,II,false,69,25,false,63,0.07994508479,0.4126365812,0.05096394388,0.2944062791,partial-pool,(1.0000;-0.1289),1.408096313,false,true,0.25,0.125,true,true,numerical diagnostic
2.9,0.25,2.332390287,0.2629731151,I,false,1,1,true,0,0.5252826935,0.5252826935,0.3259674892,0.3259674892,full-minimal,(1.0000;-1.0000),-inf,true,true,0.25,0.125,true,true,numerical diagnostic
2.9,0.25,2.563910135,0.2906087422,II,false,15,1,true,0,0.4090427656,0.4352469312,0.2921871559,0.301704506,full-pool,(1.0000;-1.0000),-0.2305755615,true,true,0.25,0.125,true,true,numerical diagnostic
2.9,0.25,2.805936599,0.3194985033,II,false,23,1,true,0,0.3907088951,0.4296317824,0.2829713833,0.2999926631,full-pool,(1.0000;-1.0000),0.2518859863,true,true,0.25,0.125,true,true,numerical diagnostic
2.9,0.25,2.957203139,0.337554604,II,false,25,1,true,0,0.3811861527,0.4263276189,0.2773270388,0.2989073671,full-pool,(1.0000;-1.0000),0.4985778809,true,true,0.25,0.125,true,true,numerical diagnostic
2.9,0.25,2.977456447,0.3399721628,II,false,26,1,true,0,0.3799672912,0.4258954017,0.2765643047,0.2987609482,full-pool,(1.0000;-1.0000),0.5296966553,true,true,0.25,0.125,true,true,numerical diagnostic
2.9,0.25,2.997456447,0.3423594853,II,false,27,1,true,0,0.3787734558,0.4254707787,0.2758086713,0.2986160818,full-pool,(1.0000;-1.0000),0.560055542,true,true,0.25,0.125,true,true,numerical diagnostic
2.9,0.25,3.187053497,0.3649909505,II,false,38,9,false,0,0.1058408442,0.42154423,0.07238321322,0.2972276808,partial-pool,(1.0000;-0.5940),0.6557373047,false,true,0.25,0.125,true,true,numerical diagnostic
2.9,0.25,3.785844648,0.4364663296,II,false,70,25,false,45,0.07684865992,0.4099952019,0.04942527667,0.2926057859,partial-pool,(1.0000;-0.1781),1.46940918,false,true,0.25,0.125,true,true,numerical diagnostic
3,0.25,2.316178511,0.2629414213,I,false,1,1,true,0,0.5227572973,0.5227572973,0.3241924258,0.3241924258,full-minimal,(1.0000;-1.0000),-inf,true,true,0.25,0.125,true,true,numerical diagnostic
3,0.25,2.551636775,0.291196413,II,false,15,1,true,0,0.4060705581,0.4326026418,0.2902136836,0.2998948562,full-pool,(1.0000;-1.0000),-0.218862915,true,true,0.25,0.125,true,true,numerical diagnostic
3,0.25,2.79891446,0.3208697352,II,false,22,1,true,0,0.3874277668,0.4268504522,0.2807692776,0.2981356538,full-pool,(1.0000;-1.0000),0.2716522217,true,true,0.25,0.125,true,true,numerical diagnostic
3,0.25,2.953463013,0.3394155616,II,false,26,1,true,0,0.3777216636,0.4234693165,0.2749650983,0.2970196202,full-pool,(1.0000;-1.0000),0.5225646973,true,true,0.25,0.125,true,true,numerical diagnostic
3,0.25,2.974372724,0.3419247269,II,false,27,1,true,0,0.3764647929,0.4230225515,0.2741714132,0.2968674211,full-pool,(1.0000;-1.0000),0.5545532227,true,true,0.25,0.125,true,true,numerical diagnostic
3,0.25,2.994372724,0.3443247269,II,false,29,4,false,0,0.1119289517,0.4225974293,0.07745874639,0.2967215516,partial-pool,(1.0000;-0.7373),0.4528625488,false,true,0.25,0.125,true,true,numerical diagnostic
3,0.25,3.180466815,0.3666560179,II,false,38,9,false,0,0.103102617,0.4187364024,0.07113922273,0.2953492975,partial-pool,(1.0000;-0.6387),0.7024719238,false,true,0.25,0.125,true,true,numerical diagnostic
3,0.25,3.76874909,0.4372498908,II,false,70,25,false,18,0.07420938496,0.4073480923,0.04813557637,0.2907775511,partial-pool,(1.0000;-0.2262),1.522290039,false,true,0.25,0.125,true,true,numerical diagnostic
3.1,0.25,2.300145104,0.2629091194,I,false,1,1,true,0,0.5201736712,0.5201736712,0.322365426,0.322365426,full-minimal,(1.0000;-1.0000),-inf,true,true,0.25,0.125,true,true,numerical diagnostic
3.1,0.25,2.537382227,0.2915308388,II,false,15,1,true,0,0.4032347817,0.4299514519,0.2882741445,0.2980481709,full-pool,(1.0000;-1.0000),-0.2122497559,true,true,0.25,0.125,true,true,numerical diagnostic
3.1,0.25,2.787031724,0.3216500621,II,false,22,1,true,0,0.3844170035,0.4241215683,0.2786992933,0.2962619886,full-pool,(1.0000;-1.0000),0.2828125,true,true,0.25,0.125,true,true,numerical diagnostic
3.1,0.25,2.94306266,0.3404745766,II,false,26,1,true,0,0.3746062924,0.4206968382,0.2728034559,0.2951284211,full-pool,(1.0000;-1.0000),0.536114502,true,true,0.25,0.125,true,true,numerical diagnostic
3.1,0.25,2.964268847,0.3430330191,II,false,26,1,true,0,0.3733293362,0.420242344,0.2719930011,0.2949730965,full-pool,(1.0000;-1.0000),0.5685546875,true,true,0.25,0.125,true,true,numerical diagnostic
3.1,0.25,2.984268847,0.3454459399,II,false,26,1,true,0,0.3721341859,0.4198159226,0.2712258205,0.2948263058,full-pool,(1.0000;-1.0000),0.5987854004,true,true,0.25,0.125,true,true,numerical diagnostic
3.1,0.25,3.167926907,0.3676035576,II,false,36,7,false,0,0.1009139512,0.4159924152,0.07019545524,0.2934634245,partial-pool,(1.0000;-0.6834),0.7372131348,false,true,0.25,0.125,true,true,numerical diagnostic
3.1,0.25,3.748901087,0.4376957918,II,false,70,24,false,9,0.07199129545,0.4046952354,0.04708635556,0.2889202647,partial-pool,(1.0000;-0.2738),1.566366577,false,true,0.25,0.125,true,true,numerical diagnostic
3.2,0.25,2.284273342,0.2628762204,I,false,1,1,true,0,0.5175285223,0.5175285223,0.3204835343,0.3204835343,full-minimal,(1.0000;-1.0000),-inf,true,true,0.25,0.125,true,true,numerical diagnostic
3.2,0.25,2.521082662,0.2916021424,II,false,15,1,true,0,0.400536119,0.4272919064,0.2863683156,0.2961620816,full-pool,(1.0000;-1.0000),-0.2108459473,true,true,0.25,0.125,true,true,numerical diagnostic
3.2,0.25,2.770161754,0.3218164372,II,false,22,1,true,0,0.3816810584,0.4214454846,0.2767656,0.2943701442,full-pool,(1.0000;-1.0000),0.2851837158,true,true,0.25,0.125,true,true,numerical diagnostic
3.2,0.25,2.925836187,0.3407003715,II,false,26,1,true,0,0.3718479669,0.418011479,0.2708501223,0.2932328342,full-pool,(1.0000;-1.0000),0.5389953613,true,true,0.25,0.125,true,true,numerical diagnostic
3.2,0.25,2.946971074,0.3432641182,II,false,26,1,true,0,0.3705693095,0.4175562618,0.2700377295,0.2930771586,full-pool,(1.0000;-1.0000),0.5714660645,true,true,0.25,0.125,true,true,numerical diagnostic
3.2,0.25,2.966971074,0.3456901985,II,false,27,1,true,0,0.3693684628,0.4171277254,0.2692660708,0.292929538,full-pool,(1.0000;-1.0000),0.6018280029,true,true,0.25,0.125,true,true,numerical diagnostic
3.2,0.25,3.149284788,0.3678055846,II,false,36,7,false,0,0.099231078,0.413313109,0.06954639053,0.291568973,partial-pool,(1.0000;-0.7283),0.760760498,false,true,0.25,0.125,true,true,numerical diagnostic
3.2,0.25,3.72622593,0.4377908633,II,false,70,24,false,0,0.07016443042,0.4020353287,0.04626963964,0.2870319129,partial-pool,(1.0000;-0.3217),1.601361084,false,true,0.25,0.125,true,true,numerical diagnostic
3.3,0.25,2.268548532,0.2628427335,I,false,1,1,true,0,0.5148183698,0.5148183698,0.3185436061,0.3185436061,full-minimal,(1.0000;-1.0000),-inf,true,true,0.25,0.125,true,true,numerical diagnostic
3.3,0.25,2.502692794,0.2914021889,II,false,15,1,true,0,0.3979762806,0.4246221335,0.284495577,0.2942339241,full-pool,(1.0000;-1.0000),-0.2147888184,true,true,0.25,0.125,true,true,numerical diagnostic
3.3,0.25,2.748218477,0.3213498789,II,false,22,1,true,0,0.3792258449,0.418822113,0.2749709872,0.2924581232,full-pool,(1.0000;-1.0000),0.2785247803,true,true,0.25,0.125,true,true,numerical diagnostic
3.3,0.25,2.901672029,0.3400671852,II,false,26,1,true,0,0.3694552963,0.4154141356,0.26911041,0.2913313044,full-pool,(1.0000;-1.0000),0.5309112549,true,true,0.25,0.125,true,true,numerical diagnostic
3.3,0.25,2.922362739,0.3425909088,II,false,27,1,true,0,0.3681939076,0.4149654064,0.2683114129,0.2911781406,full-pool,(1.0000;-1.0000),0.562979126,true,true,0.25,0.125,true,true,numerical diagnostic
3.3,0.25,2.942362739,0.345030384,II,false,26,1,true,0,0.366984113,0.4145339086,0.2675363288,0.2910297874,full-pool,(1.0000;-1.0000),0.5936035156,true,true,0.25,0.125,true,true,numerical diagnostic
3.3,0.25,3.124440146,0.3672390495,II,false,36,7,false,0,0.09802219748,0.4106987722,0.06918782038,0.2896642591,partial-pool,(1.0000;-0.7735),0.773651123,false,true,0.25,0.125,true,true,numerical diagnostic
3.3,0.25,3.700672368,0.4375242586,II,false,69,24,false,0,0.06870465018,0.3993665636,0.04567890475,0.2851100981,partial-pool,(1.0000;-0.3700),1.627059937,false,true,0.25,0.125,true,true,numerical diagnostic
3.4,0.25,2.252957706,0.2628086652,I,false,1,1,true,0,0.5120395189,0.5120395189,0.3165422844,0.3165422844,full-minimal,(1.0000;-1.0000),-inf,true,true,0.25,0.125,true,true,numerical diagnostic
3.4,0.25,2.4821677,0.2909224452,II,false,15,1,true,0,0.3955604326,0.4219402642,0.2826559123,0.2922608398,full-pool,(1.0000;-1.0000),-0.224307251,true,true,0.25,0.125,true,true,numerical diagnostic
3.4,0.25,2.721114359,0.3202304769,II,false,23,1,true,0,0.3770615476,0.4162518802,0.2733182488,0.290523724,full-pool,(1.0000;-1.0000),0.2624603271,true,true,0.25,0.125,true,true,numerical diagnostic
3.4,0.25,2.870456021,0.3385479968,II,false,26,1,true,0,0.3674409256,0.4129065698,0.2675887379,0.2894220317,full-pool,(1.0000;-1.0000),0.5114105225,true,true,0.25,0.125,true,true,numerical diagnostic
3.4,0.25,2.890324353,0.3409849495,II,false,26,1,true,0,0.3662165927,0.4124718244,0.2668188939,0.2892743202,full-pool,(1.0000;-1.0000),0.5426177979,true,true,0.25,0.125,true,true,numerical diagnostic
3.4,0.25,2.910324353,0.343438052,II,false,26,1,true,0,0.3649939366,0.4120364636,0.2660412588,0.2891253352,full-pool,(1.0000;-1.0000),0.5736541748,true,true,0.25,0.125,true,true,numerical diagnostic
3.4,0.25,3.093290406,0.3658797756,II,false,35,7,false,0,0.09726613932,0.40815019,0.06911777278,0.2877473445,partial-pool,(1.0000;-0.8192),0.776159668,false,true,0.25,0.125,true,true,numerical diagnostic
3.4,0.25,3.672188565,0.4368846003,II,false,69,24,false,0,0.0675926274,0.3966870467,0.0453090461,0.2831522057,partial-pool,(1.0000;-0.4193),1.643319702,false,true,0.25,0.125,true,true,numerical diagnostic
3.5,0.25,2.23748938,0.2627740204,I,false,1,1,true,0,0.5091880327,0.5091880327,0.3144759747,0.3144759747,full-minimal,(1.0000;-1.0000),-inf,true,true,0.25,0.125,true,true,numerical diagnostic
3.5,0.25,2.459452395,0.2901527183,II,false,15,1,true,0,0.3932983821,0.4192446766,0.2808502814,0.2902398245,full-pool,(1.0000;-1.0000),-0.2397521973,true,true,0.25,0.125,true,true,numerical diagnostic
3.5,0.25,2.688736414,0.3184344476,II,false,22,1,true,0,0.3752051423,0.4137363253,0.2718112123,0.2885646879,full-pool,(1.0000;-1.0000),0.2364135742,true,true,0.25,0.125,true,true,numerical diagnostic
3.5,0.25,2.832038927,0.3361105284,II,false,25,1,true,0,0.3658247131,0.4104922194,0.2662900595,0.2875031802,full-pool,(1.0000;-1.0000),0.479800415,true,true,0.25,0.125,true,true,numerical diagnostic
3.5,0.25,2.850699429,0.3384122644,II,false,26,1,true,0,0.3646578993,0.4100793649,0.265565211,0.2873639407,full-pool,(1.0000;-1.0000),0.5096618652,true,true,0.25,0.125,true,true,numerical diagnostic
3.5,0.25,2.870699429,0.3408792247,II,false,26,1,true,0,0.3634180087,0.4096391523,0.2647860325,0.2872144249,full-pool,(1.0000;-1.0000),0.5412719727,true,true,0.25,0.125,true,true,numerical diagnostic
3.5,0.25,3.055701658,0.3636988829,II,false,36,7,false,0,0.09694994716,0.4056692981,0.06933589175,0.2858162235,partial-pool,(1.0000;-0.8653),0.7683380127,false,true,0.25,0.125,true,true,numerical diagnostic
3.5,0.25,3.640708343,0.4358582978,II,false,70,25,false,0,0.06681348088,0.3939950399,0.04515665042,0.2811554883,partial-pool,(1.0000;-0.4696),1.650057983,false,true,0.25,0.125,true,true,numerical diagnostic
3.6,0.25,2.222133347,0.2627388025,I,false,1,1,true,0,0.25,0.25,0.125,0.125,full-minimal,(1.0000;-1.0000),-inf,false,false,0.25,0.125,true,true,numerical diagnostic
3.6,0.25,2.272433347,0.2689786371,II,false,1,1,true,0,0.1644994442,0.1644994442,0.1020053589,0.1020053589,full-minimal,(1.0000;-1.0000),-inf,false,false,0.25,0.125,true,true,numerical diagnostic
3.6,0.25,2.272833347,0.2690282581,II,false,1,1,true,0,0.1644886583,0.1644886583,0.1020024574,0.1020024574,full-minimal,(1.0000;-1.0000),-inf,false,false,0.25,0.125,true,true,numerical diagnostic
3.6,0.25,2.273083347,0.2690592712,II,false,1,1,true,0,0.164481918,0.164481918,0.102000644,0.102000644,full-minimal,(1.0000;-1.0000),-inf,false,false,0.25,0.125,true,true,numerical diagnostic
3.6,0.25,2.262133347,0.2677008976,I,false,1,1,true,0,0.25,0.25,0.125,0.125,full-minimal,(1.0000;-1.0000),-inf,false,false,0.25,0.125,true,true,numerical diagnostic
3.6,0.25,2.282133347,0.2701819452,II,false,5,1,true,0,0.1575755391,0.1642384147,0.1000285827,0.1019349905,full-pool,(1.0000;-1.0000),-0.8348693848,false,false,0.25,0.125,true,true,numerical diagnostic
3.6,0.25,2.551521678,0.3036002082,II,false,19,1,true,0,0.1247877149,0.1573834747,0.08698554263,0.09997036637,full-pool,(1.0000;-1.0000),0.005599975586,false,false,0.25,0.125,true,true,numerical diagnostic
3.6,0.25,3.389686672,0.4075765685,II,false,34,17,false,0,0.07866014907,0.1392601516,0.05516590418,0.09355719611,partial-pool,(1.0000;-0.7072),1.249642944,false,false,0.25,0.125,true,true,numerical diagnostic
1.5,0.5,2.598061007,0.2633339447,I,false,1,1,false,0,0.7013831424,0.7013831424,0.3917882846,0.3917882846,partial-minimal,(1.0000;-0.7699),-inf,true,true,0.5,0.25,true,true,numerical diagnostic
1.5,0.5,2.710141903,0.2759037648,II,false,2,2,false,4,0.5,0.7013831424,0.25,0.3917882846,partial-minimal,(0.3018;-0.3018),-inf,false,true,0.5,0.25,true,true,numerical diagnostic
1.5,0.5,2.79291643,0.2851868894,II,false,2,2,false,4,0.5,0.7013831424,0.25,0.3917882846,partial-minimal,(0.3018;-0.3018),-inf,false,true,0.5,0.25,true,true,numerical diagnostic
1.5,0.5,2.84465051,0.2909888422,II,false,2,2,false,5,0.5,0.7013831424,0.25,0.3917882846,partial-minimal,(0.3018;-0.3018),-inf,false,true,0.5,0.25,true,true,numerical diagnostic
1.5,0.5,2.844997326,0.2910277375,II,false,2,2,false,5,0.5,0.7013831424,0.25,0.3917882846,partial-minimal,(0.3018;-0.3018),-inf,false,true,0.5,0.25,true,true,numerical diagnostic
1.5,0.5,2.864997326,0.2932707281,II,false,1,1,false,6,0.5,0.5,0.25,0.25,partial-minimal,(0.3018;-0.3018),-inf,false,false,0.5,0.25,true,true,numerical diagnostic
1.5,0.5,3.132997727,0.3233268479,II,false,1,1,false,6,0.5,0.5,0.25,0.25,partial-minimal,(0.3018;-0.3018),-inf,false,false,0.5,0.25,true,true,numerical diagnostic
1.5,0.5,3.96699893,0.4168596931,II,false,1,1,false,7,0.5,0.5,0.25,0.25,partial-minimal,(0.3018;-0.3018),-inf,false,false,0.5,0.25,true,true,numerical diagnostic
1.6,0.5,2.574591882,0.2633155423,I,false,1,1,true,0,0.7027553968,0.7027553968,0.3969665569,0.3969665569,full-minimal,(1.0000;-1.0000),-inf,true,true,0.5,0.25,true,true,numerical diagnostic
1.6,0.5,2.89690057,0.2995809362,II,false,0,,,146,,,,,,,,,,0.5,0.25,true,,open: no equilibrium found
1.6,0.5,3.259978822,0.3404336227,II,false,8,8,false,136,0.4782985341,0.5043945692,0.3055455584,0.3186327926,partial-pool,(1.0000;-0.3631),-0.05834655762,false,true,0.5,0.25,true,true,numerical diagnostic
1.6,0.5,3.486902729,0.3659665517,II,false,15,15,false,136,0.4429793883,0.4941420137,0.2841708695,0.3137642422,partial-pool,(1.0000;-0.2483),0.3759368896,false,false,0.5,0.25,true,true,numerical diagnostic
1.6,0.5,3.52228751,0.3699479617,II,false,15,15,false,136,0.4382387724,0.4925737964,0.2809903953,0.3129886272,partial-pool,(1.0000;-0.2316),0.4332763672,false,false,0.5,0.25,true,true,numerical diagnostic
1.6,0.5,3.54228751,0.3721983134,II,false,15,15,false,136,0.4369205724,0.4916905245,0.2800934627,0.3125481316,partial-pool,(1.0000;-0.2270),0.4491577148,false,false,0.5,0.25,true,true,numerical diagnostic
1.6,0.5,3.704163134,0.3904121669,II,false,13,13,false,152,0.4369205724,0.4846140369,0.2800934627,0.3089238025,partial-pool,(1.0000;-0.2270),0.4491577148,false,false,0.5,0.25,true,true,numerical diagnostic
1.6,0.5,4.219790004,0.448429255,II,false,8,8,false,152,0.4369205724,0.4625836628,0.2800934627,0.2965505257,partial-pool,(1.0000;-0.2270),0.4491577148,false,false,0.5,0.25,true,true,numerical diagnostic
1.7,0.5,2.552301823,0.2632954566,I,false,1,1,true,0,0.7014005713,0.7014005713,0.3960850083,0.3960850083,full-minimal,(1.0000;-1.0000),-inf,true,true,0.5,0.25,true,true,numerical diagnostic
1.7,0.5,2.995924739,0.3133890439,II,false,12,12,false,32,0.476358576,0.5132106168,0.3177176511,0.3347351082,partial-pool,(1.0000;-0.6611),-0.1832336426,false,true,0.5,0.25,true,true,numerical diagnostic
1.7,0.5,3.520755293,0.3726525406,II,false,24,24,false,112,0.3006020097,0.4906555695,0.1759625297,0.3248670261,partial-minimal,(1.0000;-0.0533),-0.9,false,false,0.5,0.25,true,true,numerical diagnostic
1.7,0.5,3.84877439,0.409692226,II,false,27,27,false,233,0.3640495282,0.477426223,0.2394560991,0.318276027,partial-pool,(1.0000;-0.3066),1.086181641,false,false,0.5,0.25,true,true,numerical diagnostic
1.7,0.5,3.904378209,0.4159709701,II,false,29,29,false,233,0.3538708769,0.4752214902,0.2312291384,0.3171186016,partial-pool,(1.0000;-0.2683),1.156103516,false,false,0.5,0.25,true,true,numerical diagnostic
1.7,0.5,3.924378209,0.418229356,II,false,29,29,false,233,0.3520062732,0.4744303823,0.2297218532,0.3166991697,partial-pool,(1.0000;-0.2610),1.16918335,false,false,0.5,0.25,true,true,numerical diagnostic
1.7,0.5,4.024500889,0.4295351386,II,false,28,28,false,233,0.3520062732,0.4704826195,0.2297218532,0.3145736187,partial-pool,(1.0000;-0.2610),1.16918335,false,false,0.5,0.25,true,true,numerical diagnostic
1.7,0.5,4.354868931,0.4668400653,II,false,24,24,false,240,0.3520062732,0.4575315927,0.2297218532,0.3072219533,partial-pool,(1.0000;-0.2610),1.16918335,false,false,0.5,0.25,true,true,numerical diagnostic
1.8,0.5,2.530994317,0.263273915,I,false,1,1,true,0,0.7000329452,0.7000329452,0.3951898298,0.3951898298,full-minimal,(1.0000;-1.0000),-inf,true,true,0.5,0.25,true,true,numerical diagnostic
1.8,0.5,3.021178128,0.3188363118,II,false,19,19,false,0,0.447008818,0.5091040054,0.3100644001,0.3411368753,partial-pool,(1.0000;-0.8045),0.1043029785,false,true,0.5,0.25,true,true,numerical diagnostic
1.8,0.5,3.608089877,0.3853628324,II,false,42,42,false,88,0.2463972128,0.4853782278,0.1522709723,0.330858147,partial-pool,(1.0000;-0.0596),0.5077697754,false,false,0.5,0.25,true,true,numerical diagnostic
1.8,0.5,3.974909719,0.4269419077,II,false,48,48,false,97,0.2380390506,0.4714870836,0.1464859373,0.3239308843,partial-pool,(1.0000;-0.0000),0.6227874756,false,false,0.5,0.25,true,true,numerical diagnostic
1.8,0.5,4.038273688,0.4341242216,II,false,48,48,false,97,0.2380390506,0.4691244561,0.1464859373,0.3226844991,partial-pool,(1.0000;-0.0000),0.6227874756,false,false,0.5,0.25,true,true,numerical diagnostic
1.8,0.5,4.058273688,0.4363912241,II,false,48,48,false,97,0.2380390506,0.4683801313,0.1464859373,0.3222877266,partial-pool,(1.0000;-0.0000),0.6227874756,false,false,0.5,0.25,true,true,numerical diagnostic
1.8,0.5,4.133949301,0.4449690644,II,false,46,46,false,97,0.2380390506,0.4655686385,0.1464859373,0.3207712883,partial-pool,(1.0000;-0.0000),0.6227874756,false,false,0.5,0.25,true,true,numerical diagnostic
1.8,0.5,4.390976142,0.4741030891,II,false,41,41,false,97,0.2380390506,0.4560452221,0.1464859373,0.3154272289,partial-pool,(1.0000;-0.0000),0.6227874756,false,false,0.5,0.25,true,true,numerical diagnostic
1.9,0.5,2.510514226,0.2632510949,I,false,1,1,true,0,0.6986498852,0.6986498852,0.3942791754,0.3942791754,full-minimal,(1.0000;-1.0000),-inf,true,true,0.5,0.25,true,true,numerical diagnostic
1.9,0.5,3.028298303,0.3221783034,II,false,22,10,false,0,0.4309234623,0.5063493307,0.3065310731,0.3420090931,partial-pool,(1.0000;-0.9336),0.2515716553,false,true,0.5,0.25,true,true,numerical diagnostic
1.9,0.5,3.652010405,0.3931608128,II,false,42,36,false,40,0.2193474714,0.481816521,0.1396584267,0.3332537136,partial-pool,(1.0000;-0.1498),0.7505340576,false,false,0.5,0.25,true,true,numerical diagnostic
1.9,0.5,4.041830469,0.4375248812,II,false,56,53,false,89,0.1996293361,0.4677460794,0.1242611871,0.3274120749,partial-pool,(1.0000;-0.0000),1.011856079,false,false,0.5,0.25,true,true,numerical diagnostic
1.9,0.5,4.109794482,0.4452596296,II,false,58,56,false,89,0.1996293361,0.4653511343,0.1242611871,0.3263549732,partial-pool,(1.0000;-0.0000),1.011856079,false,false,0.5,0.25,true,true,numerical diagnostic
1.9,0.5,4.129794482,0.4475357602,II,false,58,55,false,89,0.1996293361,0.4646487878,0.1242611871,0.3260414476,partial-pool,(1.0000;-0.0000),1.011856079,false,false,0.5,0.25,true,true,numerical diagnostic
1.9,0.5,4.190443731,0.4544380406,II,false,57,55,false,89,0.1996293361,0.4625249743,0.1242611871,0.3250836405,partial-pool,(1.0000;-0.0000),1.011856079,false,false,0.5,0.25,true,true,numerical diagnostic
1.9,0.5,4.402391477,0.478559078,II,false,55,54,false,89,0.1996293361,0.4550615298,0.1242611871,0.3212628416,partial-pool,(1.0000;-0.0000),1.011856079,false,false,0.5,0.25,true,true,numerical diagnostic
2,0.5,2.490737437,0.2632271357,I,false,1,1,true,0,0.6972490603,0.6972490603,0.393351361,0.393351361,full-minimal,(1.0000;-1.0000),-inf,true,true,0.5,0.25,true,true,numerical diagnostic
2,0.5,2.552044916,0.2702337046,II,false,5,1,true,0,0.5121078706,0.5257034831,0.343319972,0.3472152877,full-pool,(1.0000;-1.0000),-0.8313262939,true,true,0.5,0.25,true,true,numerical diagnostic
2,0.5,2.567121553,0.271956749,II,false,7,1,true,0,0.5044117319,0.5249598784,0.3409079536,0.3470137007,full-pool,(1.0000;-1.0000),-0.7371582031,true,true,0.5,0.25,true,true,numerical diagnostic
2,0.5,2.576544452,0.2730336517,II,false,8,1,true,0,0.5006815454,0.5244973718,0.339681822,0.34688767,full-pool,(1.0000;-1.0000),-0.6909362793,true,true,0.5,0.25,true,true,numerical diagnostic
2,0.5,2.568429032,0.2721061751,II,false,7,1,true,0,0.5038604074,0.5248956005,0.3407291196,0.346996215,full-pool,(1.0000;-1.0000),-0.7303497314,true,true,0.5,0.25,true,true,numerical diagnostic
2,0.5,2.588429032,0.2743918894,II,false,9,1,true,0,0.4965833927,0.5239164676,0.3382903305,0.3467286694,full-pool,(1.0000;-1.0000),-0.639743042,false,true,0.5,0.25,true,true,numerical diagnostic
2,0.5,2.876039677,0.3072616774,II,false,20,1,true,0,0.4422768876,0.5105954747,0.3150081927,0.3428582228,full-pool,(1.0000;-1.0000),0.06557006836,false,true,0.5,0.25,true,true,numerical diagnostic
2,0.5,3.768871613,0.4092996129,II,false,44,25,false,24,0.1928487966,0.4752193918,0.1242831835,0.330241124,partial-pool,(1.0000;-0.1895),1.011502075,false,false,0.5,0.25,true,true,numerical diagnostic
2.1,0.5,2.471563478,0.2632021483,I,false,1,1,true,0,0.6958283517,0.6958283517,0.3924048091,0.3924048091,full-minimal,(1.0000;-1.0000),-inf,true,true,0.5,0.25,true,true,numerical diagnostic
2.1,0.5,2.531672562,0.2701017973,II,false,5,1,true,0,0.5114435517,0.5243398852,0.3426021501,0.3462841652,full-pool,(1.0000;-1.0000),-0.8404907227,true,true,0.5,0.25,true,true,numerical diagnostic
2.1,0.5,2.545151342,0.2716489651,II,false,6,1,true,0,0.5041687929,0.5236716723,0.3403406894,0.3461031633,full-pool,(1.0000;-1.0000),-0.751675415,true,true,0.5,0.25,true,true,numerical diagnostic
2.1,0.5,2.553575579,0.2726159451,II,false,7,1,true,0,0.5006454417,0.5232558558,0.3391948413,0.3459900062,full-pool,(1.0000;-1.0000),-0.7081359863,true,true,0.5,0.25,true,true,numerical diagnostic
2.1,0.5,2.545260426,0.2716614864,II,false,6,1,true,0,0.5041197099,0.5236662791,0.3403249572,0.3461016982,full-pool,(1.0000;-1.0000),-0.751071167,true,true,0.5,0.25,true,true,numerical diagnostic
2.1,0.5,2.565260426,0.2739571957,II,false,8,1,true,0,0.496416541,0.5226813801,0.3377745176,0.34583301,full-pool,(1.0000;-1.0000),-0.6554504395,false,true,0.5,0.25,true,true,numerical diagnostic
2.1,0.5,2.852149934,0.3068879399,II,false,20,1,true,0,0.4413126702,0.5093191118,0.3142970236,0.3419559958,full-pool,(1.0000;-1.0000),0.05955200195,false,true,0.5,0.25,true,true,numerical diagnostic
2.1,0.5,3.742818456,0.4091237365,II,false,41,15,false,0,0.1825110409,0.4738547713,0.1201077331,0.329317524,partial-pool,(1.0000;-0.3095),1.079849243,false,false,0.5,0.25,true,true,numerical diagnostic
2.2,0.5,2.452910145,0.2631762222,I,false,1,1,true,0,0.6943857868,0.6943857868,0.3914380084,0.3914380084,full-minimal,(1.0000;-1.0000),-inf,true,true,0.5,0.25,true,true,numerical diagnostic
2.2,0.5,2.51187503,0.2699751083,II,false,5,1,true,0,0.5107673414,0.5229521963,0.3418656057,0.3453321832,full-pool,(1.0000;-1.0000),-0.8497589111,true,true,0.5,0.25,true,true,numerical diagnostic
2.2,0.5,2.523828211,0.2713533576,II,false,6,1,true,0,0.5039187538,0.5223565009,0.3397541401,0.3451709501,full-pool,(1.0000;-1.0000),-0.7663360596,true,true,0.5,0.25,true,true,numerical diagnostic
2.2,0.5,2.531298948,0.2722147634,II,false,7,1,true,0,0.5006041204,0.5219856368,0.3386877817,0.3450701552,full-pool,(1.0000;-1.0000),-0.725491333,true,true,0.5,0.25,true,true,numerical diagnostic
2.2,0.5,2.522793096,0.2712340048,II,false,6,1,true,0,0.504419898,0.5224079737,0.3399128057,0.3451849143,full-pool,(1.0000;-1.0000),-0.7724853516,true,true,0.5,0.25,true,true,numerical diagnostic
2.2,0.5,2.542793096,0.2735400844,II,false,8,1,true,0,0.4962253292,0.521417187,0.3372331841,0.3449150384,full-pool,(1.0000;-1.0000),-0.6710876465,false,true,0.5,0.25,true,true,numerical diagnostic
2.2,0.5,2.828896859,0.3065289879,II,false,20,1,true,0,0.440310122,0.5080153203,0.3135564615,0.3410317581,full-pool,(1.0000;-1.0000),0.05375061035,false,true,0.5,0.25,true,true,numerical diagnostic
2.2,0.5,3.717208148,0.4089548179,II,false,40,9,false,0,0.1744369201,0.472466086,0.1168594725,0.3283727622,partial-pool,(1.0000;-0.4157),1.134683228,false,false,0.5,0.25,true,true,numerical diagnostic
2.3,0.5,2.434709531,0.2631494294,I,false,1,1,true,0,0.6929194884,0.6929194884,0.3904494827,0.3904494827,full-minimal,(1.0000;-1.0000),-inf,true,true,0.5,0.25,true,true,numerical diagnostic
2.3,0.5,2.492581788,0.2698533424,II,false,4,1,true,0,0.5100814757,0.5215386645,0.3411100361,0.3443578999,full-pool,(1.0000;-1.0000),-0.8591796875,true,true,0.5,0.25,true,true,numerical diagnostic
2.3,0.5,2.503078132,0.2710692371,II,false,6,1,true,0,0.5036661258,0.5210127689,0.339148725,0.3442156657,full-pool,(1.0000;-1.0000),-0.7812164307,true,true,0.5,0.25,true,true,numerical diagnostic
2.3,0.5,2.509638346,0.2718291713,II,false,7,1,true,0,0.5005631009,0.5206852122,0.338161408,0.3441267508,full-pool,(1.0000;-1.0000),-0.7430908203,true,true,0.5,0.25,true,true,numerical diagnostic
2.3,0.5,2.500950389,0.2708227597,II,false,6,1,true,0,0.5047829422,0.5211191945,0.3394978291,0.3442445013,full-pool,(1.0000;-1.0000),-0.7948730469,true,true,0.5,0.25,true,true,numerical diagnostic
2.3,0.5,2.520950389,0.2731395565,II,false,8,1,true,0,0.4960115917,0.5201224084,0.3366661554,0.3439733958,full-pool,(1.0000;-1.0000),-0.6867004395,false,true,0.5,0.25,true,true,numerical diagnostic
2.3,0.5,2.806210005,0.3061839844,II,false,19,1,true,0,0.4392682997,0.5066825311,0.3127855797,0.3400841338,full-pool,(1.0000;-1.0000),0.04815368652,false,true,0.5,0.25,true,true,numerical diagnostic
2.3,0.5,3.691988851,0.4087924632,II,false,37,1,true,0,0.283019747,0.4710515832,0.206904014,0.3274054143,full-pool,(1.0000;-1.0000),1.378411865,false,false,0.5,0.25,true,true,numerical diagnostic
2.4,0.5,2.416905045,0.2631218287,I,false,1,1,true,0,0.6914276362,0.6914276362,0.3894377656,0.3894377656,full-minimal,(1.0000;-1.0000),-inf,true,true,0.5,0.25,true,true,numerical diagnostic
2.4,0.5,2.473738596,0.269736791,II,false,4,1,true,0,0.5093857449,0.5200973403,0.3403343765,0.343359815,full-pool,(1.0000;-1.0000),-0.8687713623,true,true,0.5,0.25,true,true,numerical diagnostic
2.4,0.5,2.482849998,0.2707972839,II,false,6,1,true,0,0.5034103031,0.5196383477,0.3385231834,0.3432357646,full-pool,(1.0000;-1.0000),-0.7963287354,true,true,0.5,0.25,true,true,numerical diagnostic
2.4,0.5,2.488544624,0.271460092,II,false,6,1,true,0,0.500522595,0.5193523376,0.3376146741,0.3431582191,full-pool,(1.0000;-1.0000),-0.7609558105,true,true,0.5,0.25,true,true,numerical diagnostic
2.4,0.5,2.479683549,0.2704287351,II,false,5,1,true,0,0.5052336009,0.5197976668,0.3390855563,0.3432788784,full-pool,(1.0000;-1.0000),-0.8185424805,true,true,0.5,0.25,true,true,numerical diagnostic
2.4,0.5,2.499683549,0.2727565721,II,false,7,1,true,0,0.4957706204,0.5187947838,0.3360710291,0.3430065043,full-pool,(1.0000;-1.0000),-0.7022521973,false,true,0.5,0.25,true,true,numerical diagnostic
2.4,0.5,2.784043517,0.3058537556,II,false,19,1,true,0,0.438184001,0.5053185889,0.311982271,0.3391115595,full-pool,(1.0000;-1.0000),0.04277954102,false,true,0.5,0.25,true,true,numerical diagnostic
2.4,0.5,3.667123419,0.4086370614,II,false,37,1,true,0,0.2833650087,0.4696093175,0.2071564205,0.3264139639,full-pool,(1.0000;-1.0000),1.375973511,false,false,0.5,0.25,true,true,numerical diagnostic
2.5,0.5,2.399449153,0.2630934682,I,false,1,1,true,0,0.6899084356,0.6899084356,0.3884013803,0.3884013803,full-minimal,(1.0000;-1.0000),-inf,true,true,0.5,0.25,true,true,numerical diagnostic
2.5,0.5,2.455300875,0.2696258333,II,false,4,1,true,0,0.5086787096,0.5186262618,0.3395371695,0.3423364074,full-pool,(1.0000;-1.0000),-0.8785369873,true,true,0.5,0.25,true,true,numerical diagnostic
2.5,0.5,2.46310317,0.2705383825,II,false,5,1,true,0,0.503151227,0.5182310455,0.3378763888,0.3422296666,full-pool,(1.0000;-1.0000),-0.8116912842,true,true,0.5,0.25,true,true,numerical diagnostic
2.5,0.5,2.467979605,0.2711087257,II,false,6,1,true,0,0.5004818787,0.5179846739,0.33704619,0.3421629434,full-pool,(1.0000;-1.0000),-0.779095459,true,true,0.5,0.25,true,true,numerical diagnostic
2.5,0.5,2.458954892,0.2700532037,II,false,5,1,true,0,0.5058123977,0.5184410147,0.3386856571,0.3422864204,full-pool,(1.0000;-1.0000),-0.8439849854,true,true,0.5,0.25,true,true,numerical diagnostic
2.5,0.5,2.478954892,0.272392385,II,false,7,1,true,0,0.4954969611,0.5174319507,0.3354451799,0.3420127408,full-pool,(1.0000;-1.0000),-0.7176971436,false,true,0.5,0.25,true,true,numerical diagnostic
2.5,0.5,2.762361658,0.3055393752,II,false,19,1,true,0,0.4370540486,0.5039212671,0.3111444226,0.3381124322,full-pool,(1.0000;-1.0000),0.03764648438,false,true,0.5,0.25,true,true,numerical diagnostic
2.5,0.5,3.642581957,0.4084891178,II,false,37,1,true,0,0.2836938086,0.4681373316,0.2073967925,0.3253968689,full-pool,(1.0000;-1.0000),1.373654175,false,false,0.5,0.25,true,true,numerical diagnostic
2.6,0.5,2.382301631,0.263064387,I,false,1,1,true,0,0.6883600912,0.6883600912,0.3873388221,0.3873388221,full-minimal,(1.0000;-1.0000),-inf,true,true,0.5,0.25,true,true,numerical diagnostic
2.6,0.5,2.437231665,0.269520901,II,false,4,1,true,0,0.5079596994,0.5171234437,0.3387171504,0.3412861219,full-pool,(1.0000;-1.0000),-0.8884887695,true,true,0.5,0.25,true,true,numerical diagnostic
2.6,0.5,2.443805045,0.2702935405,II,false,5,1,true,0,0.502888363,0.5167886161,0.3372070192,0.3411957495,full-pool,(1.0000;-1.0000),-0.8273162842,true,true,0.5,0.25,true,true,numerical diagnostic
2.6,0.5,2.447913407,0.2707764402,II,false,6,1,true,0,0.5004410023,0.5165798077,0.3364547628,0.3411392596,full-pool,(1.0000;-1.0000),-0.7975280762,true,true,0.5,0.25,true,true,numerical diagnostic
2.6,0.5,2.438735079,0.2696976133,II,false,4,1,true,0,0.5065982129,0.5170467845,0.3383180815,0.3412654538,full-pool,(1.0000;-1.0000),-0.8721405029,true,true,0.5,0.25,true,true,numerical diagnostic
2.6,0.5,2.458735079,0.272048427,II,false,7,1,true,0,0.4951831421,0.5160314686,0.3347853487,0.3409904338,full-pool,(1.0000;-1.0000),-0.7329650879,false,true,0.5,0.25,true,true,numerical diagnostic
2.6,0.5,2.741136356,0.3052420671,II,false,19,1,true,0,0.435875033,0.50248828,0.3102697796,0.337085103,full-pool,(1.0000;-1.0000),0.03277587891,false,true,0.5,0.25,true,true,numerical diagnostic
2.6,0.5,3.618340185,0.408349208,II,false,37,1,true,0,0.2840043552,0.4666336454,0.2076238202,0.3243525499,full-pool,(1.0000;-1.0000),1.371466064,false,false,0.5,0.25,true,true,numerical diagnostic
2.7,0.5,2.365428217,0.2630346176,I,false,1,1,true,0,0.6867807857,0.6867807857,0.3862485428,0.3862485428,full-minimal,(1.0000;-1.0000),-inf,true,true,0.5,0.25,true,true,numerical diagnostic
2.7,0.5,2.41950029,0.2694224801,II,false,4,1,true,0,0.5072277789,0.5155868546,0.3378729307,0.3402073534,full-pool,(1.0000;-1.0000),-0.8986358643,true,true,0.5,0.25,true,true,numerical diagnostic
2.7,0.5,2.424929721,0.2700638918,II,false,5,1,true,0,0.5026206732,0.5153087356,0.3365135474,0.3401323327,full-pool,(1.0000;-1.0000),-0.8432098389,true,true,0.5,0.25,true,true,numerical diagnostic
2.7,0.5,2.428323115,0.270464774,II,false,5,1,true,0,0.5003995286,0.5151352281,0.3358389846,0.3400854398,full-pool,(1.0000;-1.0000),-0.8162658691,true,true,0.5,0.25,true,true,numerical diagnostic
2.7,0.5,2.419001794,0.2693635898,II,false,3,1,true,0,0.5077756542,0.5156124211,0.3380310793,0.3402142408,full-pool,(1.0000;-1.0000),-0.9051849365,true,true,0.5,0.25,true,true,numerical diagnostic
2.7,0.5,2.439001794,0.2717263113,II,false,7,1,true,0,0.4948196238,0.5145907951,0.3340876505,0.3399378467,full-pool,(1.0000;-1.0000),-0.7479614258,false,true,0.5,0.25,true,true,numerical diagnostic
2.7,0.5,2.720345969,0.3049632079,II,false,19,1,true,0,0.434643059,0.5010172594,0.3093558129,0.3360278617,full-pool,(1.0000;-1.0000),0.02819519043,false,true,0.5,0.25,true,true,numerical diagnostic
2.7,0.5,3.594378495,0.4082179802,II,false,37,1,true,0,0.2842952861,0.4650962333,0.2078365078,0.323279375,full-pool,(1.0000;-1.0000),1.369418335,false,false,0.5,0.25,true,true,numerical diagnostic
2.8,0.5,2.348799541,0.2630041864,I,false,1,1,true,0,0.68516866,0.68516866,0.3851289364,0.3851289364,full-minimal,(1.0000;-1.0000),-inf,true,true,0.5,0.25,true,true,numerical diagnostic
2.8,0.5,2.4020813,0.2693311129,II,false,3,1,true,0,0.5064819821,0.5140143972,0.337003059,0.3390984327,full-pool,(1.0000;-1.0000),-0.9089874268,true,true,0.5,0.25,true,true,numerical diagnostic
2.8,0.5,2.40645698,0.2698507016,II,false,4,1,true,0,0.5023481084,0.5137889808,0.3357946844,0.3390376625,full-pool,(1.0000;-1.0000),-0.8593902588,true,true,0.5,0.25,true,true,numerical diagnostic
2.8,0.5,2.409191779,0.2701754445,II,false,5,1,true,0,0.5003567584,0.5136483039,0.3351973029,0.3389996779,full-pool,(1.0000;-1.0000),-0.8353179932,true,true,0.5,0.25,true,true,numerical diagnostic
2.8,0.5,2.399738739,0.2690529461,II,false,1,1,true,0,0.5141352453,0.5141352453,0.3391309641,0.3391309641,full-minimal,(1.0000;-1.0000),-inf,true,true,0.5,0.25,true,true,numerical diagnostic
2.8,0.5,2.419738739,0.2714278401,II,false,6,1,true,0,0.494395001,0.5131072633,0.3333476591,0.3388531635,full-pool,(1.0000;-1.0000),-0.7625701904,false,true,0.5,0.25,true,true,numerical diagnostic
2.8,0.5,2.699974357,0.3047043341,II,false,19,1,true,0,0.4333544204,0.4995057326,0.3084000576,0.3349389213,full-pool,(1.0000;-1.0000),0.02392883301,false,false,0.5,0.25,true,true,numerical diagnostic
2.8,0.5,3.57068121,0.4080961572,II,false,37,1,true,0,0.2845652379,0.4635230042,0.2080338584,0.3221756445,full-pool,(1.0000;-1.0000),1.367520142,false,false,0.5,0.25,true,true,numerical diagnostic
2.9,0.5,2.332390287,0.2629731151,I,false,1,1,true,0,0.6835217957,0.6835217957,0.3839783261,0.3839783261,full-minimal,(1.0000;-1.0000),-inf,true,true,0.5,0.25,true,true,numerical diagnostic
2.9,0.5,2.384953659,0.2692474012,II,false,3,1,true,0,0.5057210387,0.5124038885,0.3361059348,0.3379576126,full-pool,(1.0000;-1.0000),-0.9195495605,true,true,0.5,0.25,true,true,numerical diagnostic
2.9,0.5,2.388371489,0.2696553743,II,false,4,1,true,0,0.5020698312,0.5122268082,0.3350488309,0.3379098981,full-pool,(1.0000;-1.0000),-0.8758666992,true,true,0.5,0.25,true,true,numerical diagnostic
2.9,0.5,2.390507632,0.2699103574,II,false,4,1,true,0,0.5003124693,0.5121162618,0.3345282358,0.3378800745,full-pool,(1.0000;-1.0000),-0.854699707,true,true,0.5,0.25,true,true,numerical diagnostic
2.9,0.5,2.380934861,0.2687676928,I,false,1,1,true,0,0.6835217957,0.6835217957,0.3839783261,0.3839783261,full-minimal,(1.0000;-1.0000),-inf,true,true,0.5,0.25,true,true,numerical diagnostic
2.9,0.5,2.400934861,0.2711550153,II,false,6,1,true,0,0.4938942196,0.5115780597,0.3325598589,0.3377344735,full-pool,(1.0000;-1.0000),-0.7766326904,false,true,0.5,0.25,true,true,numerical diagnostic
2.9,0.5,2.680010149,0.3044671509,II,false,19,1,true,0,0.432004657,0.4979511014,0.3073996295,0.3338164039,full-pool,(1.0000;-1.0000),0.02001037598,false,false,0.5,0.25,true,true,numerical diagnostic
2.9,0.5,3.547236013,0.4079845416,II,false,37,1,true,0,0.2848124119,0.461911782,0.208214557,0.3210395777,full-pool,(1.0000;-1.0000),1.365783691,false,false,0.5,0.25,true,true,numerical diagnostic
3,0.5,2.316178511,0.2629414213,I,false,1,1,true,0,0.6818381982,0.6818381982,0.3827949505,0.3827949505,full-minimal,(1.0000;-1.0000),-inf,true,true,0.5,0.25,true,true,numerical diagnostic
3,0.5,2.368100094,0.2691720113,II,false,3,1,true,0,0.5049443829,0.5107530417,0.3351800868,0.3367830538,full-pool,(1.0000;-1.0000),-0.9303375244,true,true,0.5,0.25,true,true,numerical diagnostic
3,0.5,2.370662204,0.2694794645,II,false,4,1,true,0,0.5017852074,0.5106195331,0.3342743697,0.3367470965,full-pool,(1.0000;-1.0000),-0.8926513672,true,true,0.5,0.25,true,true,numerical diagnostic
3,0.5,2.372263523,0.2696716228,II,false,4,1,true,0,0.500265895,0.5105361634,0.3338300535,0.3367246221,full-pool,(1.0000;-1.0000),-0.874420166,true,true,0.5,0.25,true,true,numerical diagnostic
3,0.5,2.362583787,0.2685100544,I,false,1,1,true,0,0.6818381982,0.6818381982,0.3827949505,0.3827949505,full-minimal,(1.0000;-1.0000),-inf,true,true,0.5,0.25,true,true,numerical diagnostic
3,0.5,2.382583787,0.2709100544,II,false,6,1,true,0,0.4932985196,0.5100002012,0.3317176602,0.3365797566,full-pool,(1.0000;-1.0000),-0.7899475098,false,true,0.5,0.25,true,true,numerical diagnostic
3,0.5,2.660446219,0.3042535463,II,false,19,1,true,0,0.4305892321,0.4963506199,0.3063515632,0.3326583255,full-pool,(1.0000;-1.0000),0.01647338867,false,false,0.5,0.25,true,true,numerical diagnostic
3,0.5,3.524033515,0.4078840218,II,false,37,1,true,0,0.2850350085,0.4602602875,0.2083772882,0.3198692979,full-pool,(1.0000;-1.0000),1.364221191,false,false,0.5,0.25,true,true,numerical diagnostic
3.1,0.5,2.300145104,0.2629091194,I,false,1,1,true,0,0.6801157808,0.6801157808,0.3815769507,0.3815769507,full-minimal,(1.0000;-1.0000),-inf,true,true,0.5,0.25,true,true,numerical diagnostic
3.1,0.5,2.351506593,0.2691056796,II,false,3,1,true,0,0.5041508597,0.5090594471,0.3342237933,0.3355728113,full-pool,(1.0000;-1.0000),-0.9413604736,true,true,0.5,0.25,true,true,numerical diagnostic
3.1,0.5,2.353321911,0.2693246906,II,false,3,1,true,0,0.5014935405,0.5089643067,0.3334695752,0.3355471981,full-pool,(1.0000;-1.0000),-0.9097564697,true,true,0.5,0.25,true,true,numerical diagnostic
3.1,0.5,2.354456485,0.2694615725,II,false,4,1,true,0,0.5002167212,0.5089048812,0.3331010674,0.3355311892,full-pool,(1.0000;-1.0000),-0.8944946289,true,true,0.5,0.25,true,true,numerical diagnostic
3.1,0.5,2.3446834,0.2682824884,I,false,1,1,true,0,0.6801157808,0.6801157808,0.3815769507,0.3815769507,full-minimal,(1.0000;-1.0000),-inf,true,true,0.5,0.25,true,true,numerical diagnostic
3.1,0.5,2.3646834,0.2706954092,II,false,5,1,true,0,0.4925836366,0.508370511,0.3308128633,0.3353868676,full-pool,(1.0000;-1.0000),-0.8022491455,false,true,0.5,0.25,true,true,numerical diagnostic
3.1,0.5,2.641279277,0.3040656065,II,false,19,1,true,0,0.429103516,0.4947013728,0.3052527965,0.3314625811,full-pool,(1.0000;-1.0000),0.01335144043,false,false,0.5,0.25,true,true,numerical diagnostic
3.1,0.5,3.501066909,0.4077955796,II,false,37,1,true,0,0.2852303585,0.4585661188,0.2085201005,0.3186628191,full-pool,(1.0000;-1.0000),1.362850952,false,false,0.5,0.25,true,true,numerical diagnostic
3.2,0.5,2.284273342,0.2628762204,I,false,1,1,true,0,0.6783523482,0.6783523482,0.3803223562,0.3803223562,full-minimal,(1.0000;-1.0000),-inf,true,true,0.5,0.25,true,true,numerical diagnostic
3.2,0.5,2.335162005,0.2690492197,II,false,1,1,true,0,0.5073205532,0.5073205532,0.3343248196,0.3343248196,full-minimal,(1.0000;-1.0000),-inf,true,true,0.5,0.25,true,true,numerical diagnostic
3.2,0.5,2.336346889,0.2691929509,II,false,3,1,true,0,0.5011938004,0.5072580943,0.3326325268,0.3343080107,full-pool,(1.0000;-1.0000),-0.9271911621,true,true,0.5,0.25,true,true,numerical diagnostic
3.2,0.5,2.337087442,0.2692827829,II,false,3,1,true,0,0.5001643145,0.5072190736,0.3323393896,0.3342975048,full-pool,(1.0000;-1.0000),-0.9149353027,true,true,0.5,0.25,true,true,numerical diagnostic
3.2,0.5,2.327235552,0.2680877091,I,false,1,1,true,0,0.6783523482,0.6783523482,0.3803223562,0.3803223562,full-minimal,(1.0000;-1.0000),-inf,true,true,0.5,0.25,true,true,numerical diagnostic
3.2,0.5,2.347235552,0.2705137895,II,false,5,1,true,0,0.4917197512,0.5066855926,0.3298356664,0.3341535194,full-pool,(1.0000;-1.0000),-0.8132080078,false,true,0.5,0.25,true,true,numerical diagnostic
3.2,0.5,2.622509594,0.3039056369,II,false,19,1,true,0,0.427541613,0.4930002511,0.3040995725,0.3302269282,full-pool,(1.0000;-1.0000),0.01069335937,false,false,0.5,0.25,true,true,numerical diagnostic
3.2,0.5,3.478331721,0.4077202997,II,false,37,1,true,0,0.2853970992,0.4568267331,0.2086419977,0.3174180299,full-pool,(1.0000;-1.0000),1.361682129,false,false,0.5,0.25,true,true,numerical diagnostic
3.3,0.5,2.268548532,0.2628427335,I,false,1,1,true,0,0.6765455799,0.6765455799,0.3790290707,0.3790290707,full-minimal,(1.0000;-1.0000),-inf,true,true,0.5,0.25,true,true,numerical diagnostic
3.3,0.5,2.319057739,0.2690035313,II,false,1,1,true,0,0.5055336455,0.5055336455,0.3330368772,0.3330368772,full-minimal,(1.0000;-1.0000),-inf,true,true,0.5,0.25,true,true,numerical diagnostic
3.3,0.5,2.319736683,0.2690863446,II,false,3,1,true,0,0.5008851195,0.5054976491,0.3317612419,0.3330271925,full-pool,(1.0000;-1.0000),-0.9449676514,true,true,0.5,0.25,true,true,numerical diagnostic
3.3,0.5,2.320161022,0.2691381029,II,false,3,1,true,0,0.5001071887,0.5054751567,0.3315427769,0.3330211395,full-pool,(1.0000;-1.0000),-0.9357452393,true,true,0.5,0.25,true,true,numerical diagnostic
3.3,0.5,2.31024589,0.2679287169,I,false,1,1,true,0,0.6765455799,0.6765455799,0.3790290707,0.3790290707,full-minimal,(1.0000;-1.0000),-inf,true,true,0.5,0.25,true,true,numerical diagnostic
3.3,0.5,2.33024589,0.2703681921,II,false,5,1,true,0,0.4906709661,0.5049418021,0.3287744962,0.3328772657,full-pool,(1.0000;-1.0000),-0.8224243164,false,true,0.5,0.25,true,true,numerical diagnostic
3.3,0.5,2.604140825,0.3037761863,II,false,19,1,true,0,0.4258984274,0.4912439262,0.3028884715,0.3289489695,full-pool,(1.0000;-1.0000),0.008535766602,false,false,0.5,0.25,true,true,numerical diagnostic
3.3,0.5,3.455825629,0.4076593818,II,false,37,1,true,0,0.2855316947,0.4550394255,0.2087403949,0.3161326784,full-pool,(1.0000;-1.0000),1.360739136,false,false,0.5,0.25,true,true,numerical diagnostic
3.4,0.5,2.252957706,0.2628086652,I,false,1,1,true,0,0.6746930126,0.6746930126,0.3776948563,0.3776948563,full-minimal,(1.0000;-1.0000),-inf,true,true,0.5,0.25,true,true,numerical diagnostic
3.4,0.5,2.303257706,0.2689782179,II,false,1,1,true,0,0.5036920833,0.5036920833,0.331705623,0.331705623,full-minimal,(1.0000;-1.0000),-inf,true,true,0.5,0.25,true,true,numerical diagnostic
3.4,0.5,2.303657706,0.26902728,II,false,1,1,true,0,0.5036707544,0.5036707544,0.3316998854,0.3316998854,full-minimal,(1.0000;-1.0000),-inf,true,true,0.5,0.25,true,true,numerical diagnostic
3.4,0.5,2.303907706,0.2690579437,II,false,1,1,true,0,0.5036574256,0.5036574256,0.3316962994,0.3316962994,full-minimal,(1.0000;-1.0000),-inf,true,true,0.5,0.25,true,true,numerical diagnostic
3.4,0.5,2.293724979,0.2678089801,I,false,1,1,true,0,0.6746930126,0.6746930126,0.3776948563,0.3776948563,full-minimal,(1.0000;-1.0000),-inf,true,true,0.5,0.25,true,true,numerical diagnostic
3.4,0.5,2.313724979,0.2702620826,II,false,5,1,true,0,0.4893940678,0.5031351523,0.3276155779,0.3315554634,full-pool,(1.0000;-1.0000),-0.8294128418,false,true,0.5,0.25,true,true,numerical diagnostic
3.4,0.5,2.586180938,0.3036802016,II,false,19,1,true,0,0.4241671005,0.4894287733,0.3016151118,0.3276261189,full-pool,(1.0000;-1.0000),0.006936645508,false,false,0.5,0.25,true,true,numerical diagnostic
3.4,0.5,3.433548815,0.4076142125,II,false,37,1,true,0,0.2856314844,0.4532012889,0.208813347,0.3148043463,full-pool,(1.0000;-1.0000),1.360040283,false,false,0.5,0.25,true,true,numerical diagnostic
3.5,0.5,2.23748938,0.2627740204,I,false,1,1,true,0,0.6727920218,0.6727920218,0.3763173165,0.3763173165,full-minimal,(1.0000;-1.0000),-inf,true,true,0.5,0.25,true,true,numerical diagnostic
3.5,0.5,2.28778938,0.2689784257,II,false,1,1,true,0,0.5017910022,0.5017910022,0.3303280589,0.3303280589,full-minimal,(1.0000;-1.0000),-inf,true,true,0.5,0.25,true,true,numerical diagnostic
3.5,0.5,2.28818938,0.2690277649,II,false,1,1,true,0,0.5017695527,0.5017695527,0.330322289,0.330322289,full-minimal,(1.0000;-1.0000),-inf,true,true,0.5,0.25,true,true,numerical diagnostic
3.5,0.5,2.28843938,0.2690586019,II,false,1,1,true,0,0.5017561487,0.5017561487,0.3303186827,0.3303186827,full-minimal,(1.0000;-1.0000),-inf,true,true,0.5,0.25,true,true,numerical diagnostic
3.5,0.5,2.277684366,0.2677319923,I,false,1,1,true,0,0.6727920218,0.6727920218,0.3763173165,0.3763173165,full-minimal,(1.0000;-1.0000),-inf,true,true,0.5,0.25,true,true,numerical diagnostic
3.5,0.5,2.297684366,0.2701989526,II,false,5,1,true,0,0.4878464101,0.5012614883,0.3263452099,0.3301853082,full-pool,(1.0000;-1.0000),-0.8336975098,false,true,0.5,0.25,true,true,numerical diagnostic
3.5,0.5,2.568638854,0.3036206516,II,false,19,1,true,0,0.4223415378,0.4875509999,0.3002754074,0.3262556291,full-pool,(1.0000;-1.0000),0.005941772461,false,false,0.5,0.25,true,true,numerical diagnostic
3.5,0.5,3.411502318,0.407586189,II,false,37,1,true,0,0.2856933802,0.4513092513,0.2088585965,0.3134304559,full-pool,(1.0000;-1.0000),1.359606934,false,false,0.5,0.25,true,true,numerical diagnostic
3.6,0.5,2.222133347,0.2627388025,I,false,1,1,true,0,0.5,0.5,0.25,0.25,full-minimal,(1.0000;-1.0000),-inf,false,false,0.5,0.25,true,true,numerical diagnostic
3.6,0.5,2.272433347,0.2689786371,II,false,1,1,true,0,0.3289988884,0.3289988884,0.2040107177,0.2040107177,full-minimal,(1.0000;-1.0000),-inf,false,false,0.5,0.25,true,true,numerical diagnostic
3.6,0.5,2.272833347,0.2690282581,II,false,1,1,true,0,0.3289773166,0.3289773166,0.2040049148,0.2040049148,full-minimal,(1.0000;-1.0000),-inf,false,false,0.5,0.25,true,true,numerical diagnostic
3.6,0.5,2.273083347,0.2690592712,II,false,1,1,true,0,0.328963836,0.328963836,0.2040012879,0.2040012879,full-minimal,(1.0000;-1.0000),-inf,false,false,0.5,0.25,true,true,numerical diagnostic
3.6,0.5,2.262133347,0.2677008976,I,false,1,1,true,0,0.5,0.5,0.25,0.25,full-minimal,(1.0000;-1.0000),-inf,false,false,0.5,0.25,true,true,numerical diagnostic
3.6,0.5,2.282133347,0.2701819452,II,false,5,1,true,0,0.3151510783,0.3284768294,0.2000571653,0.2038699811,full-pool,(1.0000;-1.0000),-0.8348693848,false,false,0.5,0.25,true,true,numerical diagnostic
3.6,0.5,2.551521678,0.3036002082,II,false,19,1,true,0,0.2495754298,0.3147669494,0.1739710853,0.1999407327,full-pool,(1.0000;-1.0000),0.005599975586,false,false,0.5,0.25,true,true,numerical diagnostic
3.6,0.5,3.389686672,0.4075765685,II,false,37,1,true,0,0.1428571529,0.2785203032,0.1044369471,0.1871143922,full-pool,(1.0000;-1.0000),1.359460449,false,false,0.5,0.25,true,true,numerical diagnostic
