r,branch,state,support_index,q,weight,U(q),support_gap,off_support_gain_bound,accepted,status
1.005,mixed_mesh_0.025,H,0,0.0,0.9502013326962362,0.0,0.002499805663062573,-0.0029997667965727497,false,not converged
1.005,mixed_mesh_0.025,H,1,0.025,0.047318773938426054,-0.0004999611319950612,0.002499805663062573,-0.0029997667965727497,false,not converged
1.005,mixed_mesh_0.025,H,2,0.05,0.002356412449476882,-0.0009999222643045994,0.002499805663062573,-0.0029997667965727497,false,not converged
1.005,mixed_mesh_0.025,H,3,0.075,0.00011734622178982035,-0.0014998833969228744,0.002499805663062573,-0.0029997667965727497,false,not converged
1.005,mixed_mesh_0.025,H,4,0.1,5.843686258349776e-06,-0.00199984452984409,0.002499805663062573,-0.0029997667965727497,false,not converged
1.005,mixed_mesh_0.025,H,5,0.125,2.9100781255800065e-07,-0.002499805663062573,0.002499805663062573,-0.0029997667965727497,false,not converged
1.005,mixed_mesh_0.025,L,0,-3.503246160812043e-46,1.0,n/a,0.0,n/a,false,not converged
1.005,mixed_mesh_0.05,H,0,0.0,0.997520106615751,0.0,0.0019998445276006656,-0.0029997667915733946,false,not converged
1.005,mixed_mesh_0.05,H,1,0.05,0.002473758689906557,-0.000999922263741414,0.0019998445276006656,-0.0029997667915733946,false,not converged
1.005,mixed_mesh_0.05,H,2,0.1,6.134694342432583e-06,-0.0019998445276006656,0.0019998445276006656,-0.0029997667915733946,false,not converged
1.005,mixed_mesh_0.05,L,0,-3.503246160812043e-46,1.0,n/a,0.0,n/a,false,not converged
1.01,mixed_mesh_0.025,H,0,0.0,0.9501667063710704,0.0,0.0024992265005176553,-0.0029990718041966753,false,not converged
1.01,mixed_mesh_0.025,H,1,0.025,0.04734995081895532,-0.0004998452976441449,0.0024992265005176553,-0.0029990718041966753,false,not converged
1.01,mixed_mesh_0.025,H,2,0.05,0.002359604225769078,-0.0009996905965408863,0.0024992265005176553,-0.0029990718041966753,false,not converged
1.01,mixed_mesh_0.025,H,3,0.075,0.00011758683685604167,-0.0014995358966673616,0.0024992265005176553,-0.0029990718041966753,false,not converged
1.01,mixed_mesh_0.025,H,4,0.1,5.859737484559092e-06,-0.0019993811980004825,0.0024992265005176553,-0.0029990718041966753,false,not converged
1.01,mixed_mesh_0.025,H,5,0.125,2.9200986451349405e-07,-0.0024992265005176553,0.0024992265005176553,-0.0029990718041966753,false,not converged
1.01,mixed_mesh_0.025,L,0,-3.503246160812043e-46,1.0,n/a,0.0,n/a,false,not converged
1.01,mixed_mesh_0.05,H,0,0.0,0.9975166571146096,0.0,0.0019993811890653473,-0.002999071784285149,false,not converged
1.01,mixed_mesh_0.05,H,1,0.05,0.0024771911369571996,-0.000999690594297838,0.0019993811890653473,-0.002999071784285149,false,not converged
1.01,mixed_mesh_0.05,H,2,0.1,6.15174843311992e-06,-0.0019993811890653473,0.0019993811890653473,-0.002999071784285149,false,not converged
1.01,mixed_mesh_0.05,L,0,-3.503246160812043e-46,1.0,n/a,0.0,n/a,false,not converged
1.015,mixed_mesh_0.025,H,0,0.0,0.950109359642316,0.0,0.002498268199476315,-0.0029979218473865006,false,not converged
1.015,mixed_mesh_0.025,H,1,0.025,0.047401579444211445,-0.0004996536343822303,0.002498268199476315,-0.0029979218473865006,false,not converged
1.015,mixed_mesh_0.025,H,2,0.05,0.0023648948016395804,-0.000999307271572317,0.002498268199476315,-0.0029979218473865006,false,not converged
1.015,mixed_mesh_0.025,H,3,0.075,0.00011798604347039966,-0.0014989609115190123,0.002498268199476315,-0.0029979218473865006,false,not converged
1.015,mixed_mesh_0.025,H,4,0.1,5.8863929041796e-06,-0.0019986145541705603,0.002498268199476315,-0.0029979218473865006,false,not converged
1.015,mixed_mesh_0.025,H,5,0.125,2.9367545840227946e-07,-0.002498268199476315,0.002498268199476315,-0.0029979218473865006,false,not converged
1.015,mixed_mesh_0.025,L,0,-3.503246160812043e-46,1.0,n/a,0.0,n/a,false,not converged
1.015,mixed_mesh_0.05,H,0,0.0,0.997510938917138,0.0,0.0019986145341438053,-0.0029979218027576813,false,not converged
1.015,mixed_mesh_0.05,H,1,0.05,0.002482881012059946,-0.0009993072665449114,0.0019986145341438053,-0.0029979218027576813,false,not converged
1.015,mixed_mesh_0.05,H,2,0.1,6.180070802041155e-06,-0.0019986145341438053,0.0019986145341438053,-0.0029979218027576813,false,not converged
1.015,mixed_mesh_0.05,L,0,-3.503246160812043e-46,1.0,n/a,0.0,n/a,false,not converged
1.02,mixed_mesh_0.025,H,0,0.0,0.9500295485058627,0.0,0.002496936335559123,-0.002996323616873743,false,not converged
1.02,mixed_mesh_0.025,H,1,0.025,0.04747342158557098,-0.0004993872573424896,0.002496936335559123,-0.002996323616873743,false,not converged
1.02,mixed_mesh_0.025,H,2,0.05,0.0023722671572583023,-0.0009987745196606218,0.002496936335559123,-0.002996323616873743,false,not converged
1.02,mixed_mesh_0.025,H,3,0.075,0.00011854310537533488,-0.0014981617868635865,0.002496936335559123,-0.002996323616873743,false,not converged
1.02,mixed_mesh_0.025,H,4,0.1,5.923639849139284e-06,-0.0019975490588596692,0.002496936335559123,-0.002996323616873743,false,not converged
1.02,mixed_mesh_0.025,H,5,0.125,2.960060835039652e-07,-0.002496936335559123,0.002496936335559123,-0.002996323616873743,false,not converged
1.02,mixed_mesh_0.025,L,0,-3.503246160812043e-46,1.0,n/a,0.0,n/a,false,not converged
1.02,mixed_mesh_0.05,H,0,0.0,0.9975029697904425,0.0,0.001997549023377567,-0.0029963235378029545,false,not converged
1.02,mixed_mesh_0.05,H,1,0.05,0.002490810559278657,-0.0009987745107535105,0.001997549023377567,-0.0029963235378029545,false,not converged
1.02,mixed_mesh_0.05,H,2,0.1,6.219650278796628e-06,-0.001997549023377567,0.001997549023377567,-0.0029963235378029545,false,not converged
1.02,mixed_mesh_0.05,L,0,-3.503246160812043e-46,1.0,n/a,0.0,n/a,false,not converged
1.025,mixed_mesh_0.025,H,0,0.0,0.9499274939017234,0.0,0.0024952363756151038,-0.0029942836728692485,false,not converged
1.025,mixed_mesh_0.025,H,1,0.025,0.04756526767388164,-0.0004990472599002195,0.0024952363756151038,-0.0029942836728692485,false,not converged
1.025,mixed_mesh_0.025,H,2,0.05,0.002381709970048491,-0.0009980945275535954,0.0024952363756151038,-0.0029942836728692485,false,not converged
1.025,mixed_mesh_0.025,H,3,0.075,0.00011925792433449527,-0.0014971418028186323,0.0024952363756151038,-0.0029942836728692485,false,not converged
1.025,mixed_mesh_0.025,H,4,0.1,5.9715223448999235e-06,-0.001996189085552417,0.0024952363756151038,-0.0029942836728692485,false,not converged
1.025,mixed_mesh_0.025,H,5,0.125,2.9900766695571027e-07,-0.0024952363756151038,0.0024952363756151038,-0.0029942836728692485,false,not converged
1.025,mixed_mesh_0.025,L,0,-3.503246160812043e-46,1.0,n/a,0.0,n/a,false,not converged
1.025,mixed_mesh_0.05,H,0,0.0,0.9974927611049462,0.0,0.001996189030275713,-0.002994283549686095,false,not converged
1.025,mixed_mesh_0.05,H,1,0.05,0.0025009683582230694,-0.0009980945136776605,0.001996189030275713,-0.002994283549686095,false,not converged
1.025,mixed_mesh_0.05,H,2,0.1,6.270536830808904e-06,-0.001996189030275713,0.001996189030275713,-0.002994283549686095,false,not converged
1.025,mixed_mesh_0.05,L,0,-3.503246160812043e-46,1.0,n/a,0.0,n/a,false,not converged
1.03,mixed_mesh_0.025,H,0,0.0,0.9498033830506457,0.0,0.0024931736803616004,-0.0029918084482308525,false,not converged
1.03,mixed_mesh_0.025,H,1,0.025,0.04767693566788049,-0.0004986347142009385,0.0024931736803616004,-0.0029918084482308525,false,not converged
1.03,mixed_mesh_0.025,H,2,0.05,0.0023932174268760514,-0.000997269439541229,0.0024931736803616004,-0.0029918084482308525,false,not converged
1.03,mixed_mesh_0.025,H,3,0.075,0.00012013102394812599,-0.0014959041758175902,0.0024931736803616004,-0.0029918084482308525,false,not converged
1.03,mixed_mesh_0.025,H,4,0.1,6.030140118363652e-06,-0.0019945389228246888,0.0024931736803616004,-0.0029918084482308525,false,not converged
1.03,mixed_mesh_0.025,H,5,0.125,3.026905313603766e-07,-0.0024931736803616004,0.0024931736803616004,-0.0029918084482308525,false,not converged
1.03,mixed_mesh_0.025,L,0,-3.503246160812043e-46,1.0,n/a,0.0,n/a,false,not converged
1.03,mixed_mesh_0.05,H,0,0.0,0.9974803180394216,0.0,0.001994538843427324,-0.0029918082712940205,false,not converged
1.03,mixed_mesh_0.05,H,1,0.05,0.002513349120049552,-0.0009972694196107759,0.001994538843427324,-0.0029918082712940205,false,not converged
1.03,mixed_mesh_0.05,H,2,0.1,6.332840528865496e-06,-0.001994538843427324,0.001994538843427324,-0.0029918082712940205,false,not converged
1.03,mixed_mesh_0.05,L,0,-3.503246160812043e-46,1.0,n/a,0.0,n/a,false,not converged
1.035,mixed_mesh_0.025,H,0,0.0,0.9496573706736643,0.0,0.002490753506947692,-0.0029889042515393203,false,not converged
1.035,mixed_mesh_0.025,H,1,0.025,0.04780827000600369,-0.0004981506716731761,0.002490753506947692,-0.0029889042515393203,false,not converged
1.035,mixed_mesh_0.025,H,2,0.05,0.0024067890648695085,-0.0009963013584812347,0.002490753506947692,-0.0029889042515393203,false,not converged
1.035,mixed_mesh_0.025,H,3,0.075,0.00012116353794310405,-0.0014944520601479997,0.002490753506947692,-0.0029889042515393203,false,not converged
1.035,mixed_mesh_0.025,H,4,0.1,6.0996481177600765e-06,-0.0019926027763944834,0.002490753506947692,-0.0029889042515393203,false,not converged
1.035,mixed_mesh_0.025,H,5,0.125,3.0706940167182715e-07,-0.002490753506947692,0.002490753506947692,-0.0029889042515393203,false,not converged
1.035,mixed_mesh_0.025,L,0,-3.503246160812043e-46,1.0,n/a,0.0,n/a,false,not converged
1.035,mixed_mesh_0.05,H,0,0.0,0.9974656397523564,0.0,0.0019926026685527054,-0.00298890401121224,false,not converged
1.035,mixed_mesh_0.05,H,1,0.05,0.002527953516569641,-0.0009963013314112823,0.0019926026685527054,-0.00298890401121224,false,not converged
1.035,mixed_mesh_0.05,H,2,0.1,6.406731074014216e-06,-0.0019926026685527054,0.0019926026685527054,-0.00298890401121224,false,not converged
1.035,mixed_mesh_0.05,L,0,-3.503246160812043e-46,1.0,n/a,0.0,n/a,false,not converged
1.04,mixed_mesh_0.025,H,0,0.0,0.949489580102377,0.0,0.0024879810114437242,-0.0029855772700856584,false,not converged
1.04,mixed_mesh_0.025,H,1,0.025,0.04795914063599823,-0.0004975961635264713,0.0024879810114437242,-0.0029855772700856584,false,not converged
1.04,mixed_mesh_0.025,H,2,0.05,0.002422429638962558,-0.000995192346794995,0.0024879810114437242,-0.0029855772700856584,false,not converged
1.04,mixed_mesh_0.025,H,3,0.075,0.00012235720268096887,-0.0014927885494453552,0.0024879810114437242,-0.0029855772700856584,false,not converged
1.04,mixed_mesh_0.025,H,4,0.1,6.1802565214212296e-06,-0.001990384771113631,0.0024879810114437242,-0.0029855772700856584,false,not converged
1.04,mixed_mesh_0.025,H,5,0.125,3.1216345979956566e-07,-0.0024879810114437242,0.0024879810114437242,-0.0029855772700856584,false,not converged
1.04,mixed_mesh_0.025,L,0,-3.503246160812043e-46,1.0,n/a,0.0,n/a,false,not converged
1.04,mixed_mesh_0.05,H,0,0.0,0.997448719521837,0.0,0.001990384630495442,-0.0029855769567129226,false,not converged
1.04,mixed_mesh_0.05,H,1,0.05,0.0025447880403017837,-0.0009951923114986515,0.001990384630495442,-0.0029855769567129226,false,not converged
1.04,mixed_mesh_0.05,H,2,0.1,6.492437861158757e-06,-0.001990384630495442,0.001990384630495442,-0.0029855769567129226,false,not converged
1.04,mixed_mesh_0.05,L,0,-3.503246160812043e-46,1.0,n/a,0.0,n/a,false,not converged
1.045,mixed_mesh_0.025,H,0,0.0,0.9493001042870427,0.0,0.002484861251259492,-0.002981833572772813,false,not converged
1.045,mixed_mesh_0.025,H,1,0.025,0.048129442117134755,-0.0004969722012350845,0.002484861251259492,-0.002981833572772813,false,not converged
1.045,mixed_mesh_0.025,H,2,0.05,0.002440149014482323,-0.0009939444274349488,0.002484861251259492,-0.002981833572772813,false,not converged
1.045,mixed_mesh_0.025,H,3,0.075,0.000123714353674914,-0.001490916678144125,0.002484861251259492,-0.002981833572772813,false,not converged
1.045,mixed_mesh_0.025,H,4,0.1,6.272231219090159e-06,-0.0019878889529024077,0.002484861251259492,-0.002981833572772813,false,not converged
1.045,mixed_mesh_0.025,H,5,0.125,3.1799644615168183e-07,-0.002484861251259492,0.002484861251259492,-0.002981833572772813,false,not converged
1.045,mixed_mesh_0.025,L,0,-3.503246160812043e-46,1.0,n/a,0.0,n/a,false,not converged
1.045,mixed_mesh_0.05,H,0,0.0,0.9974295448558578,0.0,0.0019878887751573152,-0.0029818331766572645,false,not converged
1.045,mixed_mesh_0.05,H,1,0.05,0.002563864893580094,-0.0009939443828208621,0.0019878887751573152,-0.0029818331766572645,false,not converged
1.045,mixed_mesh_0.05,H,2,0.1,6.590250562219896e-06,-0.0019878887751573152,0.0019878887751573152,-0.0029818331766572645,false,not converged
1.045,mixed_mesh_0.05,L,0,-3.503246160812043e-46,1.0,n/a,0.0,n/a,false,not converged
1.05,mixed_mesh_0.025,H,0,0.0,0.9490890067089832,0.0,0.0024813991874933434,-0.0029776791129345133,false,not converged
1.05,mixed_mesh_0.025,H,1,0.025,0.04831909279018768,-0.0004962797770078818,0.0024813991874933434,-0.0029776791129345133,false,not converged
1.05,mixed_mesh_0.025,H,2,0.05,0.0024599620833153373,-0.0009925595848243275,0.0024813991874933434,-0.0029776791129345133,false,not converged
1.05,mixed_mesh_0.025,H,3,0.075,0.00012523792594997663,-0.001488839422887311,0.0024813991874933434,-0.0029776791129345133,false,not converged
1.05,mixed_mesh_0.025,H,4,0.1,6.37589475561424e-06,-0.001985119290628888,0.0024813991874933434,-0.0029776791129345133,false,not converged
1.05,mixed_mesh_0.025,H,5,0.125,3.2459680806376437e-07,-0.0024813991874933434,0.0024813991874933434,-0.0029776791129345133,false,not converged
1.05,mixed_mesh_0.025,L,0,-3.503246160812043e-46,1.0,n/a,0.0,n/a,false,not converged
1.05,mixed_mesh_0.05,H,0,0.0,0.9974080975746948,0.0,0.001985119071377916,-0.0029776786243149085,false,not converged
1.05,mixed_mesh_0.05,H,1,0.05,0.00258520190508649,-0.000992559529794203,0.001985119071377916,-0.0029776786243149085,false,not converged
1.05,mixed_mesh_0.05,H,2,0.1,6.700520218662633e-06,-0.001985119071377916,0.001985119071377916,-0.0029776786243149085,false,not converged
1.05,mixed_mesh_0.05,L,0,-3.503246160812043e-46,1.0,n/a,0.0,n/a,false,not converged
1.055,mixed_mesh_0.025,H,0,0.0,0.9488563222032086,0.0,0.002477599687214608,-0.002973119731074108,false,not converged
1.055,mixed_mesh_0.025,H,1,0.025,0.04852803401067156,-0.0004955198642448702,0.002477599687214608,-0.002973119731074108,false,not converged
1.055,mixed_mesh_0.025,H,2,0.05,0.002481888702371473,-0.0009910397657701996,0.002477599687214608,-0.002973119731074108,false,not converged
1.055,mixed_mesh_0.025,H,3,0.075,0.00012693145812008014,-0.0014865597038959762,0.002477599687214608,-0.002973119731074108,false,not converged
1.055,mixed_mesh_0.025,H,4,0.1,6.4916277326488815e-06,-0.0019820796779349325,0.002477599687214608,-0.002973119731074108,false,not converged
1.055,mixed_mesh_0.025,H,5,0.125,3.319978957572655e-07,-0.002477599687214608,0.002477599687214608,-0.002973119731074108,false,not converged
1.055,mixed_mesh_0.025,L,0,-3.503246160812043e-46,1.0,n/a,0.0,n/a,false,not converged
1.055,mixed_mesh_0.05,H,0,0.0,0.9973843538667604,0.0,0.0019820794127608544,-0.0029731191401032777,false,not converged
1.055,mixed_mesh_0.05,H,1,0.05,0.0026088224723999206,-0.000991039699216375,0.0019820794127608544,-0.0029731191401032777,false,not converged
1.055,mixed_mesh_0.05,H,2,0.1,6.823660839662105e-06,-0.0019820794127608544,0.0019820794127608544,-0.0029731191401032777,false,not converged
1.055,mixed_mesh_0.05,L,0,-3.503246160812043e-46,1.0,n/a,0.0,n/a,false,not converged
1.06,mixed_mesh_0.025,H,0,0.0,0.9486020576966585,0.0,0.002473467525681447,-0.0029681611575259306,false,not converged
1.06,mixed_mesh_0.025,H,1,0.025,0.04875622944113465,-0.0004946934179808046,0.002473467525681447,-0.0029681611575259306,false,not converged
1.06,mixed_mesh_0.025,H,2,0.05,0.0025059536532381155,-0.0009893868803506668,0.002473467525681447,-0.0029681611575259306,false,not converged
1.06,mixed_mesh_0.025,H,3,0.075,0.00012879910009202532,-0.0014840803863000118,0.002473467525681447,-0.0029681611575259306,false,not converged
1.06,mixed_mesh_0.025,H,4,0.1,6.619870669469904e-06,-0.0019787739350105023,0.002473467525681447,-0.0029681611575259306,false,not converged
1.06,mixed_mesh_0.025,H,5,0.125,3.40238207149729e-07,-0.002473467525681447,0.002473467525681447,-0.0029681611575259306,false,not converged
1.06,mixed_mesh_0.025,L,0,-3.503246160812043e-46,1.0,n/a,0.0,n/a,false,not converged
1.06,mixed_mesh_0.05,H,0,0.0,0.9973582843191264,0.0,0.0019787736194482666,-0.0029681604542493648,false,not converged
1.06,mixed_mesh_0.05,H,1,0.05,0.002634755529365202,-0.000989386801153736,0.0019787736194482666,-0.0029681604542493648,false,not converged
1.06,mixed_mesh_0.05,H,2,0.1,6.960151508334205e-06,-0.0019787736194482666,0.0019787736194482666,-0.0029681604542493648,false,not converged
1.06,mixed_mesh_0.05,L,0,-3.503246160812043e-46,1.0,n/a,0.0,n/a,false,not converged
1.065,mixed_mesh_0.025,H,0,0.0,0.9483261928669948,0.0,0.0024690073884963376,-0.002962809015041845,false,not converged
1.065,mixed_mesh_0.025,H,1,0.025,0.04900366439858004,-0.0004938013753163117,0.0024690073884963376,-0.002962809015041845,false,not converged
1.065,mixed_mesh_0.025,H,2,0.05,0.002532186622072023,-0.0009876028027770965,0.0024690073884963376,-0.002962809015041845,false,not converged
1.065,mixed_mesh_0.025,H,3,0.075,0.00013084562434028809,-0.0014814042814314653,0.0024690073884963376,-0.002962809015041845,false,not converged
1.065,mixed_mesh_0.025,H,4,0.1,6.761126329236369e-06,-0.0019752058103180764,0.0024690073884963376,-0.002962809015041845,false,not converged
1.065,mixed_mesh_0.025,H,5,0.125,3.493616835133083e-07,-0.0024690073884963376,0.0024690073884963376,-0.002962809015041845,false,not converged
1.065,mixed_mesh_0.025,L,0,-3.503246160812043e-46,1.0,n/a,0.0,n/a,false,not converged
1.065,mixed_mesh_0.05,H,0,0.0,0.9973298539237229,0.0,0.001975205439845392,-0.002962808189376625,false,not converged
1.065,mixed_mesh_0.05,H,1,0.05,0.002663035537272686,-0.0009876027098035744,0.001975205439845392,-0.002962808189376625,false,not converged
1.065,mixed_mesh_0.05,H,2,0.1,7.110539004375749e-06,-0.001975205439845392,0.001975205439845392,-0.002962808189376625,false,not converged
1.065,mixed_mesh_0.05,L,0,-3.503246160812043e-46,1.0,n/a,0.0,n/a,false,not converged
1.07,mixed_mesh_0.025,H,0,0.0,0.9480286807264213,0.0,0.0024642238737011503,-0.0029570688213053174,false,not converged
1.07,mixed_mesh_0.025,H,1,0.025,0.049270345253349716,-0.0004928446558369183,0.0024642238737011503,-0.0029570688213053174,false,not converged
1.07,mixed_mesh_0.025,H,2,0.05,0.0025606221989198062,-0.000985689372232174,0.0024642238737011503,-0.0029570688213053174,false,not converged
1.07,mixed_mesh_0.025,H,3,0.075,0.00013307644072830288,-0.0014785341480816087,0.0024642238737011503,-0.0029570688213053174,false,not converged
1.07,mixed_mesh_0.025,H,4,0.1,6.9159625221685195e-06,-0.0019713789822687253,0.0024642238737011503,-0.0029570688213053174,false,not converged
1.07,mixed_mesh_0.025,H,5,0.125,3.5941805866119574e-07,-0.0024642238737011503,0.0024642238737011503,-0.0029570688213053174,false,not converged
1.07,mixed_mesh_0.025,L,0,-3.503246160812043e-46,1.0,n/a,0.0,n/a,false,not converged
1.07,mixed_mesh_0.05,H,0,0.0,0.9972990220600272,0.0,0.0019713785522967736,-0.0029570678630193316,false,not converged
1.07,mixed_mesh_0.05,H,1,0.05,0.0026937024990155607,-0.0009856892643321947,0.0019713785522967736,-0.0029570678630193316,false,not converged
1.07,mixed_mesh_0.05,H,2,0.1,7.275440957267439e-06,-0.0019713785522967736,0.0019713785522967736,-0.0029570678630193316,false,not converged
1.07,mixed_mesh_0.05,L,0,-3.503246160812043e-46,1.0,n/a,0.0,n/a,false,not converged
1.075,mixed_mesh_0.025,H,0,0.0,0.9477094481346346,0.0,0.0024591214938138478,-0.0029509459913754474,false,not converged
1.075,mixed_mesh_0.025,H,1,0.025,0.04955629887602858,-0.0004918241620203966,0.0024591214938138478,-0.0029509459913754474,false,not converged
1.075,mixed_mesh_0.025,H,2,0.05,0.002591299895787581,-0.0009836483936845888,0.0024591214938138478,-0.0029509459913754474,false,not converged
1.075,mixed_mesh_0.025,H,3,0.075,0.0001354976148819605,-0.0014754726937229639,0.0024591214938138478,-0.0029509459913754474,false,not converged
1.075,mixed_mesh_0.025,H,4,0.1,7.085015402166471e-06,-0.0019672970608514747,0.0024591214938138478,-0.0029509459913754474,false,not converged
1.075,mixed_mesh_0.025,H,5,0.125,3.7046326504478563e-07,-0.0024591214938138478,0.0024591214938138478,-0.0029509459913754474,false,not converged
1.075,mixed_mesh_0.025,L,0,-3.503246160812043e-46,1.0,n/a,0.0,n/a,false,not converged
1.075,mixed_mesh_0.05,H,0,0.0,0.9972657424548991,0.0,0.0019672965667157233,-0.0029509448900668285,false,not converged
1.075,mixed_mesh_0.05,H,1,0.05,0.002726801995550952,-0.0009836482696896321,0.0019672965667157233,-0.0029509448900668285,false,not converged
1.075,mixed_mesh_0.05,H,2,0.1,7.455549549958127e-06,-0.0019672965667157233,0.0019672965667157233,-0.0029509448900668285,false,not converged
1.075,mixed_mesh_0.05,L,0,-3.503246160812043e-46,1.0,n/a,0.0,n/a,false,not converged
1.08,mixed_mesh_0.025,H,0,0.0,0.9473683962446199,0.0,0.0024537046778086557,-0.0029444458400631843,false,not converged
1.08,mixed_mesh_0.025,H,1,0.025,0.04986157212914964,-0.0004907407796327909,0.0024537046778086557,-0.0029444458400631843,false,not converged
1.08,mixed_mesh_0.025,H,2,0.05,0.002624264182901131,-0.0009814816386810908,0.0024537046778086557,-0.0029444458400631843,false,not converged
1.08,mixed_mesh_0.025,H,3,0.075,0.0001381158901499772,-0.001472222575697394,0.0024537046778086557,-0.0029444458400631843,false,not converged
1.08,mixed_mesh_0.025,H,4,0.1,7.268993278486836e-06,-0.001962963589217435,0.0024537046778086557,-0.0029444458400631843,false,not converged
1.08,mixed_mesh_0.025,H,5,0.125,3.8255990088079903e-07,-0.0024537046778086557,0.0024537046778086557,-0.0029444458400631843,false,not converged
1.08,mixed_mesh_0.025,L,0,-3.503246160812043e-46,1.0,n/a,0.0,n/a,false,not converged
1.08,mixed_mesh_0.05,H,0,0.0,0.9972299631200601,0.0,0.001962963026168526,-0.002944444585139901,false,not converged
1.08,mixed_mesh_0.05,H,1,0.05,0.0027623852441411596,-0.0009814814974017298,0.001962963026168526,-0.002944444585139901,false,not converged
1.08,mixed_mesh_0.05,H,2,0.1,7.651635798779758e-06,-0.001962963026168526,0.001962963026168526,-0.002944444585139901,false,not converged
1.08,mixed_mesh_0.05,L,0,-3.503246160812043e-46,1.0,n/a,0.0,n/a,false,not converged
1.085,mixed_mesh_0.025,H,0,0.0,0.9470054008846823,0.0,0.0024479777730415583,-0.0029375735842419445,false,not converged
1.085,mixed_mesh_0.025,H,1,0.025,0.05018623140066319,-0.0004895953781135,0.0024479777730415583,-0.0029375735842419445,false,not converged
1.085,mixed_mesh_0.025,H,2,0.05,0.002659564542708295,-0.0009791908461166668,0.0024479777730415583,-0.0029375735842419445,false,not converged
1.085,mixed_mesh_0.025,H,3,0.075,0.00014093871321371252,-0.0014687864023713783,0.0024479777730415583,-0.0029375735842419445,false,not converged
1.085,mixed_mesh_0.025,H,4,0.1,7.46868096927476e-06,-0.001958382045220182,0.0024479777730415583,-0.0029375735842419445,false,not converged
1.085,mixed_mesh_0.025,H,5,0.125,3.957777632084068e-07,-0.0024479777730415583,0.0024479777730415583,-0.0029375735842419445,false,not converged
1.085,mixed_mesh_0.025,L,0,-3.503246160812043e-46,1.0,n/a,0.0,n/a,false,not converged
1.085,mixed_mesh_0.05,H,0,0.0,0.9971916262675694,0.0,0.001958381408414871,-0.0029375721649015024,false,not converged
1.085,mixed_mesh_0.05,H,1,0.05,0.0028005091779892744,-0.0009791906863403277,0.001958381408414871,-0.0029375721649015024,false,not converged
1.085,mixed_mesh_0.05,H,2,0.1,7.864554441304365e-06,-0.001958381408414871,0.001958381408414871,-0.0029375721649015024,false,not converged
1.085,mixed_mesh_0.05,L,0,-3.503246160812043e-46,1.0,n/a,0.0,n/a,false,not converged
1.09,mixed_mesh_0.025,H,0,0.0,0.946620312879786,0.0,0.002441945047122844,-0.0029303343450947064,false,not converged
1.09,mixed_mesh_0.025,H,1,0.025,0.05053036217631723,-0.0004883888109497612,0.002441945047122844,-0.0029303343450947064,false,not converged
1.09,mixed_mesh_0.025,H,2,0.05,0.0026972555412785836,-0.0009767777229835173,0.002441945047122844,-0.0029303343450947064,false,not converged
1.09,mixed_mesh_0.025,H,3,0.075,0.00014397426343645277,-0.001465166734259499,0.002441945047122844,-0.0029303343450947064,false,not converged
1.09,mixed_mesh_0.025,H,4,0.1,7.68494472909493e-06,-0.0019535558429137675,0.002441945047122844,-0.0029303343450947064,false,not converged
1.09,mixed_mesh_0.025,H,5,0.125,4.1019445261476645e-07,-0.002441945047122844,0.002441945047122844,-0.0029303343450947064,false,not converged
1.09,mixed_mesh_0.025,L,0,-3.503246160812043e-46,1.0,n/a,0.0,n/a,false,not converged
1.09,mixed_mesh_0.05,H,0,0.0,0.9971506682035155,0.0,0.001953555127405885,-0.002930332750303895,false,not converged
1.09,mixed_mesh_0.05,H,1,0.05,0.0028412365470144836,-0.0009767775434722514,0.001953555127405885,-0.002930332750303895,false,not converged
1.09,mixed_mesh_0.05,H,2,0.1,8.095249470042671e-06,-0.001953555127405885,0.001953555127405885,-0.002930332750303895,false,not converged
1.09,mixed_mesh_0.05,L,0,-3.503246160812043e-46,1.0,n/a,0.0,n/a,false,not converged
1.095,mixed_mesh_0.025,H,0,0.0,0.9462129583149875,0.0,0.002435610689738431,-0.0029227331502996515,false,not converged
1.095,mixed_mesh_0.025,H,1,0.025,0.05089406864824863,-0.0004871219160408778,0.002435610689738431,-0.0029227331502996515,false,not converged
1.095,mixed_mesh_0.025,H,2,0.05,0.0027373969168502524,-0.0009742439450995339,0.002435610689738431,-0.0029227331502996515,false,not converged
1.095,mixed_mesh_0.025,H,3,0.075,0.00014723148606925768,-0.0014613660851171837,0.002435610689738431,-0.0029227331502996515,false,not converged
1.095,mixed_mesh_0.025,H,4,0.1,7.91873778817916e-06,-0.0019484883340097436,0.002435610689738431,-0.0029227331502996515,false,not converged
1.095,mixed_mesh_0.025,H,5,0.125,4.2589605627579865e-07,-0.002435610689738431,0.002435610689738431,-0.0029227331502996515,false,not converged
1.095,mixed_mesh_0.025,L,0,-3.503246160812043e-46,1.0,n/a,0.0,n/a,false,not converged
1.095,mixed_mesh_0.05,H,0,0.0,0.9971070192000091,0.0,0.0019484875347411633,-0.0029227313687742906,false,not converged
1.095,mixed_mesh_0.05,H,1,0.05,0.0028846360396344393,-0.0009742437445877906,0.0019484875347411633,-0.0029227313687742906,false,not converged
1.095,mixed_mesh_0.05,H,2,0.1,8.344760356368193e-06,-0.0019484875347411633,0.0019484875347411633,-0.0029227313687742906,false,not converged
1.095,mixed_mesh_0.05,L,0,-3.503246160812043e-46,1.0,n/a,0.0,n/a,false,not converged
1.1,mixed_mesh_0.025,H,0,0.0,0.945783138743483,0.0,0.0024289788144215663,-0.00291477493615627,false,not converged
1.1,mixed_mesh_0.025,H,1,0.025,0.05127747335723056,-0.0004857955160525148,0.0024289788144215663,-0.00291477493615627,false,not converged
1.1,mixed_mesh_0.025,H,2,0.05,0.0027800536853650024,-0.0009715911578169111,0.0024289788144215663,-0.00291477493615627,false,not converged
1.1,mixed_mesh_0.025,H,3,0.075,0.0001507201294576213,-0.0014573869230036574,0.0024289788144215663,-0.00291477493615627,false,not converged
1.1,mixed_mesh_0.025,H,4,0.1,8.171106546985092e-06,-0.0019431828092944796,0.0024289788144215663,-0.00291477493615627,false,not converged
1.1,mixed_mesh_0.025,H,5,0.125,4.4297791695206543e-07,-0.0024289788144215663,0.0024289788144215663,-0.00291477493615627,false,not converged
1.1,mixed_mesh_0.025,L,0,-3.503246160812043e-46,1.0,n/a,0.0,n/a,false,not converged
1.1,mixed_mesh_0.05,H,0,0.0,0.9970606033454447,0.0,0.0019431819210860646,-0.002914772956340907,false,not converged
1.1,mixed_mesh_0.05,H,1,0.05,0.0029307824255394585,-0.0009715909350093111,0.0019431819210860646,-0.002914772956340907,false,not converged
1.1,mixed_mesh_0.05,H,2,0.1,8.614229015923397e-06,-0.0019431819210860646,0.0019431819210860646,-0.002914772956340907,false,not converged
1.1,mixed_mesh_0.05,L,0,-3.503246160812043e-46,1.0,n/a,0.0,n/a,false,not converged
1.105,mixed_mesh_0.025,H,0,0.0,0.9453306313415482,0.0,0.002422053460276493,-0.002906464549653843,false,not converged
1.105,mixed_mesh_0.025,H,1,0.025,0.05168071686614447,-0.00048441041876137725,0.002422053460276493,-0.002906464549653843,false,not converged
1.105,mixed_mesh_0.025,H,2,0.05,0.002825296262914192,-0.0009688209767115318,0.002422053460276493,-0.002906464549653843,false,not converged
1.105,mixed_mesh_0.025,H,3,0.075,0.00015445078642055827,-0.0014532316713160617,0.002422053460276493,-0.002906464549653843,false,not converged
1.105,mixed_mesh_0.025,H,4,0.1,8.443197475903223e-06,-0.0019376425000080391,0.002422053460276493,-0.002906464549653843,false,not converged
1.105,mixed_mesh_0.025,H,5,0.125,4.6154549667174733e-07,-0.002422053460276493,0.002422053460276493,-0.002906464549653843,false,not converged
1.105,mixed_mesh_0.025,L,0,-3.503246160812043e-46,1.0,n/a,0.0,n/a,false,not converged
1.105,mixed_mesh_0.05,H,0,0.0,0.9970113383728716,0.0,0.001937641517550553,-0.002906462359701351,false,not converged
1.105,mixed_mesh_0.05,H,1,0.05,0.0029797567195542756,-0.0009688207302806326,0.001937641517550553,-0.002906462359701351,false,not converged
1.105,mixed_mesh_0.05,H,2,0.1,8.904907574102834e-06,-0.001937641517550553,0.001937641517550553,-0.002906462359701351,false,not converged
1.105,mixed_mesh_0.05,L,0,-3.503246160812043e-46,1.0,n/a,0.0,n/a,false,not converged
1.11,mixed_mesh_0.025,H,0,0.0,0.944855189012414,0.0,0.0024148385936556154,-0.00289780675048413,false,not converged
1.11,mixed_mesh_0.025,H,1,0.025,0.05210395746236267,-0.0004829674173905786,0.0024148385936556154,-0.00289780675048413,false,not converged
1.11,mixed_mesh_0.025,H,2,0.05,0.002873200605100124,-0.0009659349882537368,0.0024148385936556154,-0.00289780675048413,false,not converged
1.11,mixed_mesh_0.025,H,3,0.075,0.00015843494000161612,-0.001448902709795659,0.0024148385936556154,-0.00289780675048413,false,not converged
1.11,mixed_mesh_0.025,H,4,0.1,8.736264776634073e-06,-0.0019318705791858512,0.0024148385936556154,-0.00289780675048413,false,not converged
1.11,mixed_mesh_0.025,H,5,0.125,4.81715345040695e-07,-0.0024148385936556154,0.0024148385936556154,-0.00289780675048413,false,not converged
1.11,mixed_mesh_0.025,L,0,-3.503246160812043e-46,1.0,n/a,0.0,n/a,false,not converged
1.11,mixed_mesh_0.05,H,0,0.0,0.9969591354662113,0.0,0.0019318694970308068,-0.0028978043382351694,false,not converged
1.11,mixed_mesh_0.05,H,1,0.05,0.003031646366790596,-0.0009659347168377887,0.0019318694970308068,-0.0028978043382351694,false,not converged
1.11,mixed_mesh_0.05,H,2,0.1,9.21816699810523e-06,-0.0019318694970308068,0.0019318694970308068,-0.0028978043382351694,false,not converged
1.11,mixed_mesh_0.05,L,0,-3.503246160812043e-46,1.0,n/a,0.0,n/a,false,not converged
1.115,mixed_mesh_0.025,H,0,0.0,0.9443565404409109,0.0,0.0024073381097915714,-0.002888806212999967,false,not converged
1.115,mixed_mesh_0.025,H,1,0.025,0.0525473708868253,-0.0004814672909359826,0.0024073381097915714,-0.002888806212999967,false,not converged
1.115,mixed_mesh_0.025,H,2,0.05,0.0029238483633913332,-0.0009629347504610452,0.0024073381097915714,-0.002888806212999967,false,not converged
1.115,mixed_mesh_0.025,H,3,0.075,0.00016268501382001198,-0.0014444023755069671,0.0024073381097915714,-0.002888806212999967,false,not converged
1.115,mixed_mesh_0.025,H,4,0.1,9.05167886896424e-06,-0.0019258701629642954,0.0024073381097915714,-0.002888806212999967,false,not converged
1.115,mixed_mesh_0.025,H,5,0.125,5.036161834617959e-07,-0.0024073381097915714,0.0024073381097915714,-0.002888806212999967,false,not converged
1.115,mixed_mesh_0.025,L,0,-3.503246160812043e-46,1.0,n/a,0.0,n/a,false,not converged
1.115,mixed_mesh_0.05,H,0,0.0,0.9969038990439315,0.0,0.0019258689755147307,-0.0028888035659622594,false,not converged
1.115,mixed_mesh_0.05,H,1,0.05,0.0030865454493979277,-0.0009629344526617305,0.0019258689755147307,-0.0028888035659622594,false,not converged
1.115,mixed_mesh_0.05,H,2,0.1,9.555506670597651e-06,-0.0019258689755147307,0.0019258689755147307,-0.0028888035659622594,false,not converged
1.115,mixed_mesh_0.05,L,0,-3.503246160812043e-46,1.0,n/a,0.0,n/a,false,not converged
1.12,mixed_mesh_0.025,H,0,0.0,0.9438343901005278,0.0,0.0023995558343856927,-0.0028794675281215354,false,not converged
1.12,mixed_mesh_0.025,H,1,0.025,0.05301115008767798,-0.0004799108044838122,0.0023995558343856927,-0.0028794675281215354,false,not converged
1.12,mixed_mesh_0.025,H,2,0.05,0.002977327058622052,-0.0009598217935334148,0.0023995558343856927,-0.0028794675281215354,false,not converged
1.12,mixed_mesh_0.025,H,3,0.075,0.0001672144272796609,-0.0014397329637907122,0.0023995558343856927,-0.0028794675281215354,false,not converged
1.12,mixed_mesh_0.025,H,4,0.1,9.390935774464818e-06,-0.0019196443118513885,0.0023995558343856927,-0.0028794675281215354,false,not converged
1.12,mixed_mesh_0.025,H,5,0.125,5.273901180415097e-07,-0.0023995558343856927,0.0023995558343856927,-0.0028794675281215354,false,not converged
1.12,mixed_mesh_0.025,L,0,-3.503246160812043e-46,1.0,n/a,0.0,n/a,false,not converged
1.12,mixed_mesh_0.05,H,0,0.0,0.9968455265196895,0.0,0.0019196430133525443,-0.0028794646334489166,false,not converged
1.12,mixed_mesh_0.05,H,1,0.05,0.003144554915321152,-0.0009598214679135685,0.0019196430133525443,-0.0028794646334489166,false,not converged
1.12,mixed_mesh_0.05,H,2,0.1,9.918564989332793e-06,-0.0019196430133525443,0.0019196430133525443,-0.0028794646334489166,false,not converged
1.12,mixed_mesh_0.05,L,0,-3.503246160812043e-46,1.0,n/a,0.0,n/a,false,not converged
1.125,mixed_mesh_0.025,H,0,0.0,0.9432884182143281,0.0,0.0023914955251541476,-0.00286979520519187,false,not converged
1.125,mixed_mesh_0.025,H,1,0.025,0.05349550499641872,-0.0004782987095197855,0.0023914955251541476,-0.00286979520519187,false,not converged
1.125,mixed_mesh_0.025,H,2,0.05,0.0030337302718555915,-0.0009565976204715609,0.0023914955251541476,-0.00286979520519187,false,not converged
1.125,mixed_mesh_0.025,H,3,0.075,0.00017203765592482793,-0.0014348967291913774,0.0023914955251541476,-0.00286979520519187,false,not converged
1.125,mixed_mesh_0.025,H,4,0.1,9.755667477127122e-06,-0.0019131960319636084,0.0023914955251541476,-0.00286979520519187,false,not converged
1.125,mixed_mesh_0.025,H,5,0.125,5.531939956345048e-07,-0.0023914955251541476,0.0023914955251541476,-0.00286979520519187,false,not converged
1.125,mixed_mesh_0.025,L,0,-3.503246160812043e-46,1.0,n/a,0.0,n/a,false,not converged
1.125,mixed_mesh_0.05,H,0,0.0,0.9967839080393395,0.0,0.0019131946164934956,-0.002869792049663076,false,not converged
1.125,mixed_mesh_0.05,H,1,0.05,0.0032057828295733643,-0.0009565972655528679,0.0019131946164934956,-0.002869792049663076,false,not converged
1.125,mixed_mesh_0.05,H,2,0.1,1.0309131087226976e-05,-0.0019131946164934956,0.0019131946164934956,-0.002869792049663076,false,not converged
1.125,mixed_mesh_0.05,L,0,-3.503246160812043e-46,1.0,n/a,0.0,n/a,false,not converged
1.13,mixed_mesh_0.025,H,0,0.0,0.9427182806710146,0.0,0.0023831608733331255,-0.002859793673783229,false,not converged
1.13,mixed_mesh_0.025,H,1,0.025,0.05400066232455579,-0.0004766317442300514,0.0023831608733331255,-0.002859793673783229,false,not converged
1.13,mixed_mesh_0.025,H,2,0.05,0.0030931578528965763,-0.0009532637076788789,0.0023831608733331255,-0.002859793673783229,false,not converged
1.13,mixed_mesh_0.025,H,3,0.075,0.00017717029726338357,-0.0014298958863601646,0.0023831608733331255,-0.002859793673783229,false,not converged
1.13,mixed_mesh_0.025,H,4,0.1,1.0147653350205597e-05,-0.0019065282762299421,0.0023831608733331255,-0.002859793673783229,false,not converged
1.13,mixed_mesh_0.025,H,5,0.125,5.812009193511145e-07,-0.0023831608733331255,0.0023831608733331255,-0.002859793673783229,false,not converged
1.13,mixed_mesh_0.025,L,0,-3.503246160812043e-46,1.0,n/a,0.0,n/a,false,not converged
1.13,mixed_mesh_0.05,H,0,0.0,0.9967189261935909,0.0,0.0019065267376897795,-0.0028597902437803814,false,not converged
1.13,mixed_mesh_0.05,H,1,0.05,0.0032703446486306775,-0.0009532633219395443,0.0019065267376897795,-0.0028597902437803814,false,not converged
1.13,mixed_mesh_0.05,H,2,0.1,1.0729157778545115e-05,-0.0019065267376897795,0.0019065267376897795,-0.0028597902437803814,false,not converged
1.13,mixed_mesh_0.05,L,0,-3.503246160812043e-46,1.0,n/a,0.0,n/a,false,not converged
1.135,mixed_mesh_0.025,H,0,0.0,0.9421236088972608,0.0,0.002374555505144308,-0.0028494672854558188,false,not converged
1.135,mixed_mesh_0.025,H,1,0.025,0.05452686537883428,-0.0004749106337941719,0.002374555505144308,-0.0028494672854558188,false,not converged
1.135,mixed_mesh_0.025,H,2,0.05,0.0031557161468015434,-0.0009498215055474664,0.002374555505144308,-0.0028494672854558188,false,not converged
1.135,mixed_mesh_0.025,H,3,0.075,0.00018262914241276224,-0.0014247326109341088,0.002374555505144308,-0.0028494672854558188,false,not converged
1.135,mixed_mesh_0.025,H,4,0.1,1.056883274868339e-05,-0.001899643945564152,0.002374555505144308,-0.0028494672854558188,false,not converged
1.135,mixed_mesh_0.025,H,5,0.125,6.116019419570253e-07,-0.002374555505144308,0.002374555505144308,-0.0028494672854558188,false,not converged
1.135,mixed_mesh_0.025,L,0,-3.503246160812043e-46,1.0,n/a,0.0,n/a,false,not converged
1.135,mixed_mesh_0.05,H,0,0.0,0.996650455705497,0.0,0.00189964227766866,-0.0028494635669425723,false,not converged
1.135,mixed_mesh_0.05,H,1,0.05,0.0033383635186538057,-0.0009498210874198539,0.00189964227766866,-0.0028494635669425723,false,not converged
1.135,mixed_mesh_0.05,H,2,0.1,1.1180775849091447e-05,-0.00189964227766866,0.00189964227766866,-0.0028494635669425723,false,not converged
1.135,mixed_mesh_0.05,L,0,-3.503246160812043e-46,1.0,n/a,0.0,n/a,false,not converged
1.14,mixed_mesh_0.025,H,0,0.0,0.9415040096872757,0.0,0.00236568298322185,-0.0028388203154703514,false,not converged
1.14,mixed_mesh_0.025,H,1,0.025,0.055074373893129934,-0.0004731360906703967,0.00236568298322185,-0.0028388203154703514,false,not converged
1.14,mixed_mesh_0.025,H,2,0.05,0.003221518238798912,-0.0009462724390287335,0.00236568298322185,-0.0028388203154703514,false,not converged
1.14,mixed_mesh_0.025,H,3,0.075,0.00018843225395965646,-0.0014194090403920883,0.00236568298322185,-0.0028388203154703514,false,not converged
1.14,mixed_mesh_0.025,H,4,0.1,1.1021318877897117e-05,-0.0018925458900062421,0.00236568298322185,-0.0028388203154703514,false,not converged
1.14,mixed_mesh_0.025,H,5,0.125,6.446079579603922e-07,-0.00236568298322185,0.00236568298322185,-0.0028388203154703514,false,not converged
1.14,mixed_mesh_0.025,L,0,-3.503246160812043e-46,1.0,n/a,0.0,n/a,false,not converged
1.14,mixed_mesh_0.05,H,0,0.0,0.996578363091839,0.0,0.0018925440862737756,-0.0028388162939696655,false,not converged
1.14,mixed_mesh_0.05,H,1,0.05,0.0034099705983391695,-0.0009462719868969713,0.0018925440862737756,-0.0028388162939696655,false,not converged
1.14,mixed_mesh_0.05,H,2,0.1,1.1666309821803398e-05,-0.0018925440862737756,0.0018925440862737756,-0.0028388162939696655,false,not converged
1.14,mixed_mesh_0.05,L,0,-3.503246160812043e-46,1.0,n/a,0.0,n/a,false,not converged
1.145,mixed_mesh_0.025,H,0,0.0,0.9408590649904393,0.0,0.0023565468080020526,-0.0028278569644558426,false,not converged
1.145,mixed_mesh_0.025,H,1,0.025,0.05564346387512915,-0.00047130881487346583,0.0023565468080020526,-0.0028278569644558426,false,not converged
1.145,mixed_mesh_0.025,H,2,0.05,0.0032906842180899076,-0.0009426179081890752,0.0023565468080020526,-0.0028278569644558426,false,not converged
1.145,mixed_mesh_0.025,H,3,0.075,0.0001945990504626812,-0.0014139272748884323,0.0023565468080020526,-0.0028278569644558426,false,not converged
1.145,mixed_mesh_0.025,H,4,0.1,1.1507414061096694e-05,-0.0018852369098340664,0.0023565468080020526,-0.0028278569644558426,false,not converged
1.145,mixed_mesh_0.025,H,5,0.125,6.804518178460801e-07,-0.0023565468080020526,0.0023565468080020526,-0.0028278569644558426,false,not converged
1.145,mixed_mesh_0.025,L,0,-3.503246160812043e-46,1.0,n/a,0.0,n/a,false,not converged
1.145,mixed_mesh_0.05,H,0,0.0,0.996502506297355,0.0,0.0018852349635765735,-0.0028278526250273446,false,not converged
1.145,mixed_mesh_0.05,H,1,0.05,0.003485305407300864,-0.0009426174203866238,0.0018852349635765735,-0.0028278526250273446,false,not converged
1.145,mixed_mesh_0.05,H,2,0.1,1.2188295344055957e-05,-0.0018852349635765735,0.0018852349635765735,-0.0028278526250273446,false,not converged
1.145,mixed_mesh_0.05,L,0,-3.503246160812043e-46,1.0,n/a,0.0,n/a,false,not converged
1.15,mixed_mesh_0.025,H,0,0.0,0.9401883316576958,0.0,0.002347150419076875,-0.002816581360034033,false,not converged
1.15,mixed_mesh_0.025,H,1,0.025,0.05623442746594257,-0.0004694294942451696,0.002347150419076875,-0.002816581360034033,false,not converged
1.15,mixed_mesh_0.025,H,2,0.05,0.0033633414610606855,-0.0009388592887510644,0.002347150419076875,-0.002816581360034033,false,not converged
1.15,mixed_mesh_0.025,H,3,0.075,0.00020115039806785186,-0.0014082893780648159,0.002347150419076875,-0.002816581360034033,false,not converged
1.15,mixed_mesh_0.025,H,4,0.1,1.202962654218497e-05,-0.0018777197566459977,0.002347150419076875,-0.002816581360034033,false,not converged
1.15,mixed_mesh_0.025,H,5,0.125,7.193906909191955e-07,-0.002347150419076875,0.002347150419076875,-0.002816581360034033,false,not converged
1.15,mixed_mesh_0.025,L,0,-3.503246160812043e-46,1.0,n/a,0.0,n/a,false,not converged
1.15,mixed_mesh_0.05,H,0,0.0,0.9964227343006562,0.0,0.0018777176609587895,-0.0028165766872509366,false,not converged
1.15,mixed_mesh_0.05,H,1,0.05,0.003564516200984255,-0.0009388587635582437,0.0018777176609587895,-0.0028165766872509366,false,not converged
1.15,mixed_mesh_0.05,H,2,0.1,1.2749498359467537e-05,-0.0018777176609587895,0.0018777176609587895,-0.0028165766872509366,false,not converged
1.15,mixed_mesh_0.05,L,0,-3.503246160812043e-46,1.0,n/a,0.0,n/a,false,not converged
1.155,mixed_mesh_0.025,H,0,0.0,0.9394913411472776,0.0,0.0023374971965123637,-0.002804997558401726,false,not converged
1.155,mixed_mesh_0.025,H,1,0.025,0.056847572810796915,-0.000467498804717881,0.0023374971965123637,-0.002804997558401726,false,not converged
1.155,mixed_mesh_0.025,H,2,0.05,0.0034396249344939966,-0.0009349979326205939,0.0023374971965123637,-0.002804997558401726,false,not converged
1.155,mixed_mesh_0.025,H,3,0.075,0.00020810870975010413,-0.0014024973778410921,0.0023374971965123637,-0.002804997558401726,false,not converged
1.155,mixed_mesh_0.025,H,4,0.1,1.259068897474732e-05,-0.0018699971344155219,0.0023374971965123637,-0.002804997558401726,false,not converged
1.155,mixed_mesh_0.025,H,5,0.125,7.617087066084736e-07,-0.0023374971965123637,0.0023374971965123637,-0.002804997558401726,false,not converged
1.155,mixed_mesh_0.025,L,0,-3.503246160812043e-46,1.0,n/a,0.0,n/a,false,not converged
1.155,mixed_mesh_0.05,H,0,0.0,0.9963388866905415,0.0,0.0018699948821668379,-0.002804992536327279,false,not converged
1.155,mixed_mesh_0.05,H,1,0.05,0.0036477603732133703,-0.000934997368262068,0.0018699948821668379,-0.002804992536327279,false,not converged
1.155,mixed_mesh_0.05,H,2,0.1,1.3352936245260268e-05,-0.0018699948821668379,0.0018699948821668379,-0.002804992536327279,false,not converged
1.155,mixed_mesh_0.05,L,0,-3.503246160812043e-46,1.0,n/a,0.0,n/a,false,not converged
1.16,mixed_mesh_0.025,H,0,0.0,0.9387675991902087,0.0,0.0023275904621330914,-0.002793109545872358,false,not converged
1.16,mixed_mesh_0.025,H,1,0.025,0.057483223938953255,-0.00046551741057127894,0.0023275904621330914,-0.002793109545872358,false,not converged
1.16,mixed_mesh_0.025,H,2,0.05,0.003519677519424868,-0.0009310351684004071,0.0023275904621330914,-0.002793109545872358,false,not converged
1.16,mixed_mesh_0.025,H,3,0.075,0.0002154980527403702,-0.00139655326718571,0.0023275904621330914,-0.002793109545872358,false,not converged
1.16,mixed_mesh_0.025,H,4,0.1,1.3193578764880606e-05,-0.001862071700518627,0.0023275904621330914,-0.002793109545872358,false,not converged
1.16,mixed_mesh_0.025,H,5,0.125,8.077199079050461e-07,-0.0023275904621330914,0.0023275904621330914,-0.002793109545872358,false,not converged
1.16,mixed_mesh_0.025,L,0,-3.503246160812043e-46,1.0,n/a,0.0,n/a,false,not converged
1.16,mixed_mesh_0.05,H,0,0.0,0.9962507932113064,0.0,0.0018620692843389843,-0.0027931041580357774,false,not converged
1.16,mixed_mesh_0.05,H,1,0.05,0.0037352048875771153,-0.000931034563042622,0.0018620692843389843,-0.0027931041580357774,false,not converged
1.16,mixed_mesh_0.05,H,2,0.1,1.4001901116468826e-05,-0.0018620692843389843,0.0018620692843389843,-0.0027931041580357774,false,not converged
1.16,mixed_mesh_0.05,L,0,-3.503246160812043e-46,1.0,n/a,0.0,n/a,false,not converged
1.165,mixed_mesh_0.025,H,0,0.0,0.9380165854159217,0.0,0.0023174334807735996,-0.0027809212403779805,false,not converged
1.165,mixed_mesh_0.025,H,1,0.025,0.05814172065098113,-0.00046348596468246013,0.0023174334807735996,-0.0027809212403779805,false,not converged
1.165,mixed_mesh_0.025,H,2,0.05,0.003603650356341395,-0.0009269723018904105,0.0023174334807735996,-0.0027809212403779805,false,not converged
1.165,mixed_mesh_0.025,H,3,0.075,0.0002233442647474361,-0.0013904590048663176,0.0023174334807735996,-0.0027809212403779805,false,not converged
1.165,mixed_mesh_0.025,H,4,0.1,1.3841540453464258e-05,-0.0018539460667347817,0.0023174334807735996,-0.0027809212403779805,false,not converged
1.165,mixed_mesh_0.025,H,5,0.125,8.577715549349684e-07,-0.0023174334807735996,0.0023174334807735996,-0.0027809212403779805,false,not converged
1.165,mixed_mesh_0.025,L,0,-3.503246160812043e-46,1.0,n/a,0.0,n/a,false,not converged
1.165,mixed_mesh_0.05,H,0,0.0,0.996158273275514,0.0,0.0018539434790060963,-0.002780915469749853,false,not converged
1.165,mixed_mesh_0.05,H,1,0.05,0.0038270267389652075,-0.0009269716536389847,0.0018539434790060963,-0.002780915469749853,false,not converged
1.165,mixed_mesh_0.05,H,2,0.1,1.4699985520761264e-05,-0.0018539434790060963,0.0018539434790060963,-0.002780915469749853,false,not converged
1.165,mixed_mesh_0.05,L,0,-3.503246160812043e-46,1.0,n/a,0.0,n/a,false,not converged
1.17,mixed_mesh_0.025,H,0,0.0,0.9372377529382183,0.0,0.0023070294614978737,-0.002768436492932909,false,not converged
1.17,mixed_mesh_0.025,H,1,0.025,0.058823418411493966,-0.0004614051087696451,0.0023070294614978737,-0.002768436492932909,false,not converged
1.17,mixed_mesh_0.025,H,2,0.05,0.0036917032124855723,-0.0009228106165751836,0.0023070294614978737,-0.002768436492932909,false,not converged
1.17,mixed_mesh_0.025,H,3,0.075,0.00023167507963695733,-0.0013842165161811685,0.0023070294614978737,-0.002768436492932909,false,not converged
1.17,mixed_mesh_0.025,H,4,0.1,1.453811034355963e-05,-0.0018456228002223334,0.0023070294614978737,-0.002768436492932909,false,not converged
1.17,mixed_mesh_0.025,H,5,0.125,9.122478215507438e-07,-0.0023070294614978737,0.0023070294614978737,-0.002768436492932909,false,not converged
1.17,mixed_mesh_0.025,L,0,-3.503246160812043e-46,1.0,n/a,0.0,n/a,false,not converged
1.17,mixed_mesh_0.05,H,0,0.0,0.9960611354425549,0.0,0.001845620033066797,-0.002768430321900023,false,not converged
1.17,mixed_mesh_0.05,H,1,0.05,0.003923413446672391,-0.0009228099234722462,0.001845620033066797,-0.002768430321900023,false,not converged
1.17,mixed_mesh_0.05,H,2,0.1,1.545111077258029e-05,-0.001845620033066797,0.001845620033066797,-0.002768430321900023,false,not converged
1.17,mixed_mesh_0.05,L,0,-3.503246160812043e-46,1.0,n/a,0.0,n/a,false,not converged
1.175,mixed_mesh_0.025,H,0,0.0,0.9364305279016926,0.0,0.0022963815587877605,-0.002755659089060116,false,not converged
1.175,mixed_mesh_0.025,H,1,0.025,0.05952868824542118,-0.0004592754736296605,0.0022963815587877605,-0.002755659089060116,false,not converged
1.175,mixed_mesh_0.025,H,2,0.05,0.0037840048720647473,-0.0009185513740990437,0.0022963815587877605,-0.002755659089060116,false,not converged
1.175,mixed_mesh_0.025,H,3,0.075,0.00024052026328730757,-0.0013778276936718729,0.0022963815587877605,-0.002755659089060116,false,not converged
1.175,mixed_mesh_0.025,H,4,0.1,1.5287143600814885e-05,-0.0018371044244690409,0.0022963815587877605,-0.002755659089060116,false,not converged
1.175,mixed_mesh_0.025,H,5,0.125,9.715739333566709e-07,-0.0022963815587877605,0.0022963815587877605,-0.002755659089060116,false,not converged
1.175,mixed_mesh_0.025,L,0,-3.503246160812043e-46,1.0,n/a,0.0,n/a,false,not converged
1.175,mixed_mesh_0.05,H,0,0.0,0.9959591768611951,0.0,0.0018371014697377457,-0.002755652499399695,false,not converged
1.175,mixed_mesh_0.05,H,1,0.05,0.00402456358060191,-0.0009185506341205205,0.0018371014697377457,-0.002755652499399695,false,not converged
1.175,mixed_mesh_0.05,H,2,0.1,1.6259558203058308e-05,-0.0018371014697377457,0.0018371014697377457,-0.002755652499399695,false,not converged
1.175,mixed_mesh_0.05,L,0,-3.503246160812043e-46,1.0,n/a,0.0,n/a,false,not converged
1.18,mixed_mesh_0.025,H,0,0.0,0.9355943089886456,0.0,0.0022854928737013006,-0.0027425927501815435,false,not converged
1.18,mixed_mesh_0.025,H,1,0.025,0.06025791663583376,-0.00045709767936939023,0.0022854928737013006,-0.0027425927501815435,false,not converged
1.18,mixed_mesh_0.025,H,2,0.05,0.003880733550236132,-0.0009141958147290592,0.0022854928737013006,-0.0027425927501815435,false,not converged
1.18,mixed_mesh_0.025,H,3,0.075,0.0002499117604032221,-0.0013712943978180776,0.0022854928737013006,-0.0027425927501815435,false,not converged
1.18,mixed_mesh_0.025,H,4,0.1,1.6092844079305967e-05,-0.0018283934202185312,0.0022854928737013006,-0.0027425927501815435,false,not converged
1.18,mixed_mesh_0.025,H,5,0.125,1.0362208018401858e-06,-0.0022854928737013006,0.0022854928737013006,-0.0027425927501815435,false,not converged
1.18,mixed_mesh_0.025,L,0,-3.503246160812043e-46,1.0,n/a,0.0,n/a,false,not converged
1.18,mixed_mesh_0.05,H,0,0.0,0.9958521826741539,0.0,0.0018283902694798287,-0.002742585723034855,false,not converged
1.18,mixed_mesh_0.05,H,1,0.05,0.0041306873222131816,-0.000914195025781903,0.0018283902694798287,-0.002742585723034855,false,not converged
1.18,mixed_mesh_0.05,H,2,0.1,1.713000363298774e-05,-0.0018283902694798287,0.0018283902694798287,-0.002742585723034855,false,not converged
1.18,mixed_mesh_0.05,L,0,-3.503246160812043e-46,1.0,n/a,0.0,n/a,false,not converged
1.185,mixed_mesh_0.025,H,0,0.0,0.93472846688642,0.0,0.0022743664550018534,-0.0027292411349733843,false,not converged
1.185,mixed_mesh_0.025,H,1,0.025,0.06101150542129624,-0.0004548723356313714,0.0022743664550018534,-0.0027292411349733843,false,not converged
1.185,mixed_mesh_0.025,H,2,0.05,0.003982077331780667,-0.0009097451578063568,0.0022743664550018534,-0.0027292411349733843,false,not converged
1.185,mixed_mesh_0.025,H,3,0.075,0.0002598838531344307,-0.0013646184577146023,0.0022743664550018534,-0.0027292411349733843,false,not converged
1.185,mixed_mesh_0.025,H,4,0.1,1.6959797152460562e-05,-0.0018194922263733734,0.0022743664550018534,-0.0027292411349733843,false,not converged
1.185,mixed_mesh_0.025,H,5,0.125,1.106710216369468e-06,-0.0022743664550018534,0.0022743664550018534,-0.0027292411349733843,false,not converged
1.185,mixed_mesh_0.025,L,0,-3.503246160812043e-46,1.0,n/a,0.0,n/a,false,not converged
1.185,mixed_mesh_0.05,H,0,0.0,0.9957399253826116,0.0,0.0018194888709009546,-0.0027292336508186956,false,not converged
1.185,mixed_mesh_0.05,H,1,0.05,0.004242007061977972,-0.0009097443177257215,0.0018194888709009546,-0.0027292336508186956,false,not converged
1.185,mixed_mesh_0.05,H,2,0.1,1.8067555410460484e-05,-0.0018194888709009546,0.0018194888709009546,-0.0027292336508186956,false,not converged
1.185,mixed_mesh_0.05,L,0,-3.503246160812043e-46,1.0,n/a,0.0,n/a,false,not converged
1.19,mixed_mesh_0.025,H,0,0.0,0.9338323437149876,0.0,0.002263005300258854,-0.00271560784068735,false,not converged
1.19,mixed_mesh_0.025,H,1,0.025,0.061789871690638834,-0.00045260004181370213,0.002263005300258854,-0.00271560784068735,false,not converged
1.19,mixed_mesh_0.025,H,2,0.05,0.004088234635433502,-0.0009052006021860618,0.002263005300258854,-0.00271560784068735,false,not converged
1.19,mixed_mesh_0.025,H,3,0.075,0.0002704733324175025,-0.0013578016717315314,0.002263005300258854,-0.00271560784068735,false,not converged
1.19,mixed_mesh_0.025,H,4,0.1,1.7893005858853692e-05,-0.0018104032408754458,0.002263005300258854,-0.00271560784068735,false,not converged
1.19,mixed_mesh_0.025,H,5,0.125,1.1836206638462726e-06,-0.002263005300258854,0.002263005300258854,-0.00271560784068735,false,not converged
1.19,mixed_mesh_0.025,L,0,-3.503246160812043e-46,1.0,n/a,0.0,n/a,false,not converged
1.19,mixed_mesh_0.05,H,0,0.0,0.9956221641683742,0.0,0.0018103996716361374,-0.0027155998793122016,false,not converged
1.19,mixed_mesh_0.05,H,1,0.05,0.004358758035232738,-0.0009051997087324165,0.0018103996716361374,-0.0027155998793122016,false,not converged
1.19,mixed_mesh_0.05,H,2,0.1,1.9077796392994446e-05,-0.0018103996716361374,0.0018103996716361374,-0.0027155998793122016,false,not converged
1.19,mixed_mesh_0.05,L,0,-3.503246160812043e-46,1.0,n/a,0.0,n/a,false,not converged
1.195,mixed_mesh_0.025,H,0,0.0,0.9329052524145468,0.0,0.002251412356921093,-0.002701696404438978,false,not converged
1.195,mixed_mesh_0.025,H,1,0.025,0.06259344767296683,-0.0004502813872844374,0.002251412356921093,-0.002701696404438978,false,not converged
1.195,mixed_mesh_0.025,H,2,0.05,0.0041994147048895385,-0.0009005633266662206,0.002251412356921093,-0.002701696404438978,false,not converged
1.195,mixed_mesh_0.025,H,3,0.075,0.0002817196830357339,-0.0013508458081577968,0.002251412356921093,-0.002701696404438978,false,not converged
1.195,mixed_mesh_0.025,H,4,0.1,1.8897930706087925e-05,-0.0018011288215643026,0.002251412356921093,-0.002701696404438978,false,not converged
1.195,mixed_mesh_0.025,H,5,0.125,1.2675938549046694e-06,-0.002251412356921093,0.002251412356921093,-0.002701696404438978,false,not converged
1.195,mixed_mesh_0.025,L,0,-3.503246160812043e-46,1.0,n/a,0.0,n/a,false,not converged
1.195,mixed_mesh_0.05,H,0,0.0,0.9954986441712627,0.0,0.001801125029205562,-0.0027016879449117534,false,not converged
1.195,mixed_mesh_0.05,H,1,0.05,0.004481188998440896,-0.0009005623775224053,0.001801125029205562,-0.0027016879449117534,false,not converged
1.195,mixed_mesh_0.05,H,2,0.1,2.0166830296508024e-05,-0.001801125029205562,0.001801125029205562,-0.0027016879449117534,false,not converged
1.195,mixed_mesh_0.05,L,0,-3.503246160812043e-46,1.0,n/a,0.0,n/a,false,not converged
1.2,mixed_mesh_0.025,H,0,0.0,0.9319464760927856,0.0,0.0022395905233632864,-0.002687510304463923,false,not converged
1.2,mixed_mesh_0.025,H,1,0.025,0.06342268062062988,-0.00044791695159062783,0.0022395905233632864,-0.002687510304463923,false,not converged
1.2,mixed_mesh_0.025,H,2,0.05,0.004315838127551381,-0.0008958344904060197,0.0022395905233632864,-0.002687510304463923,false,not converged
1.2,mixed_mesh_0.025,H,3,0.075,0.0002936652834742954,-0.0013437526058287122,0.0022395905233632864,-0.002687510304463923,false,not converged
1.2,mixed_mesh_0.025,H,4,0.1,1.9980533513017844e-05,-0.0017916712870141617,0.0022395905233632864,-0.002687510304463923,false,not converged
1.2,mixed_mesh_0.025,H,5,0.125,1.3593420458651914e-06,-0.0022395905233632864,0.0022395905233632864,-0.002687510304463923,false,not converged
1.2,mixed_mesh_0.025,L,0,-3.503246160812043e-46,1.0,n/a,0.0,n/a,false,not converged
1.2,mixed_mesh_0.05,H,0,0.0,0.9953690957191067,0.0,0.0017916672618512668,-0.0026875013251046872,false,not converged
1.2,mixed_mesh_0.05,H,1,0.05,0.004609562948012349,-0.000895833483174238,0.0017916672618512668,-0.0026875013251046872,false,not converged
1.2,mixed_mesh_0.05,H,2,0.1,2.1341332880933546e-05,-0.0017916672618512668,0.0017916672618512668,-0.0026875013251046872,false,not converged
1.2,mixed_mesh_0.05,L,0,-3.503246160812043e-46,1.0,n/a,0.0,n/a,false,not converged
1.205,mixed_mesh_0.025,H,0,0.0,0.9309551735448951,0.0,0.002673052961431394,-0.0031185638409001112,false,not converged
1.205,mixed_mesh_0.025,H,1,0.025,0.06427802620725842,-0.00044550730466443305,0.002673052961431394,-0.0031185638409001112,false,not converged
1.205,mixed_mesh_0.025,H,2,0.05,0.004437736935068544,-0.0008910152333431269,0.002673052961431394,-0.0031185638409001112,false,not converged
1.205,mixed_mesh_0.025,H,3,0.075,0.0003063555908737998,-0.0013365237747596905,0.002673052961431394,-0.0031185638409001112,false,not converged
1.205,mixed_mesh_0.025,H,4,0.1,2.114732358125654e-05,-0.0017820329173891375,0.002673052961431394,-0.0031185638409001112,false,not converged
1.205,mixed_mesh_0.025,H,5,0.125,1.4596561103122407e-06,-0.002227542649967917,0.002673052961431394,-0.0031185638409001112,false,not converged
1.205,mixed_mesh_0.025,H,6,0.15,1.0074221256212298e-07,-0.002673052961431394,0.002673052961431394,-0.0031185638409001112,false,not converged
1.205,mixed_mesh_0.025,L,0,-3.503246160812043e-46,1.0,n/a,0.0,n/a,false,not converged
1.205,mixed_mesh_0.05,H,0,0.0,0.9952331263076364,0.0,0.0026730434397901344,-0.0035640585253179,false,not converged
1.205,mixed_mesh_0.05,H,1,0.05,0.004744157372954775,-0.0008910141655429935,0.0026730434397901344,-0.0035640585253179,false,not converged
1.205,mixed_mesh_0.05,H,2,0.1,2.260860605983978e-05,-0.0017820286493959044,0.0026730434397901344,-0.0035640585253179,false,not converged
1.205,mixed_mesh_0.05,H,3,0.15,1.0771334902282619e-07,-0.0026730434397901344,0.0026730434397901344,-0.0035640585253179,false,not converged
1.205,mixed_mesh_0.05,L,0,-3.503246160812043e-46,1.0,n/a,0.0,n/a,false,not converged
1.21,mixed_mesh_0.025,H,0,0.0,0.9299307452309192,0.0,0.002658327739298603,-0.0031013845417799876,false,not converged
1.21,mixed_mesh_0.025,H,1,0.025,0.06515997360438879,-0.0004430530070131151,0.002658327739298603,-0.0031013845417799876,false,not converged
1.21,mixed_mesh_0.025,H,2,0.05,0.004565356914465875,-0.0008861066765546673,0.002658327739298603,-0.0031013845417799876,false,not converged
1.21,mixed_mesh_0.025,H,3,0.075,0.0003198394932268369,-0.0013291609966590585,0.002658327739298603,-0.0031013845417799876,false,not converged
1.21,mixed_mesh_0.025,H,4,0.1,2.2405419113030315e-05,-0.001772215955088764,0.002658327739298603,-0.0031013845417799876,false,not converged
1.21,mixed_mesh_0.025,H,5,0.125,1.5694153313217323e-06,-0.002215271539884516,0.002658327739298603,-0.0031013845417799876,false,not converged
1.21,mixed_mesh_0.025,H,6,0.15,1.0992255499356972e-07,-0.002658327739298603,0.002658327739298603,-0.0031013845417799876,false,not converged
1.21,mixed_mesh_0.025,L,0,-3.503246160812043e-46,1.0,n/a,0.0,n/a,false,not converged
1.21,mixed_mesh_0.05,H,0,0.0,0.9950906386617352,0.0,0.0026583176521013338,-0.0035444241880214595,false,not converged
1.21,mixed_mesh_0.05,H,1,0.05,0.004885267046131356,-0.0008861055456169032,0.0026583176521013338,-0.0035444241880214595,false,not converged
1.21,mixed_mesh_0.05,H,2,0.1,2.3976649741677482e-05,-0.0017722114338731656,0.0026583176521013338,-0.0035444241880214595,false,not converged
1.21,mixed_mesh_0.05,H,3,0.15,1.1764239181663635e-07,-0.0026583176521013338,0.0026583176521013338,-0.0035444241880214595,false,not converged
1.21,mixed_mesh_0.05,L,0,-3.503246160812043e-46,1.0,n/a,0.0,n/a,false,not converged
1.215,mixed_mesh_0.025,H,0,0.0,0.9288722941549609,0.0,0.002643337946970725,-0.0030838965833706634,false,not converged
1.215,mixed_mesh_0.025,H,1,0.025,0.06606900844960478,-0.00044055460992568863,0.002643337946970725,-0.0030838965833706634,false,not converged
1.215,mixed_mesh_0.025,H,2,0.05,0.004698955691037827,-0.0008811099226985028,0.002643337946970725,-0.0030838965833706634,false,not converged
1.215,mixed_mesh_0.025,H,3,0.075,0.0003341693880212403,-0.0013216659256321314,0.002643337946970725,-0.0030838965833706634,false,not converged
1.215,mixed_mesh_0.025,H,4,0.1,2.3762594039457223e-05,-0.0017622226057430045,0.002643337946970725,-0.0030838965833706634,false,not converged
1.215,mixed_mesh_0.025,H,5,0.125,1.689596960225775e-06,-0.002202779950343473,0.002643337946970725,-0.0030838965833706634,false,not converged
1.215,mixed_mesh_0.025,H,6,0.15,1.2012537561807887e-07,-0.002643337946970725,0.002643337946970725,-0.0030838965833706634,false,not converged
1.215,mixed_mesh_0.025,L,0,-3.503246160812043e-46,1.0,n/a,0.0,n/a,false,not converged
1.215,mixed_mesh_0.05,H,0,0.0,0.994941215091998,0.0,0.002643327270110121,-0.003524437061452566,false,not converged
1.215,mixed_mesh_0.05,H,1,0.05,0.005033202000787175,-0.0008811087259647664,0.002643327270110121,-0.003524437061452566,false,not converged
1.215,mixed_mesh_0.05,H,2,0.1,2.5454217378672053e-05,-0.0017622178205438101,0.002643327270110121,-0.003524437061452566,false,not converged
1.215,mixed_mesh_0.05,H,3,0.15,1.2868983616600102e-07,-0.002643327270110121,0.002643327270110121,-0.003524437061452566,false,not converged
1.215,mixed_mesh_0.05,L,0,-3.503246160812043e-46,1.0,n/a,0.0,n/a,false,not converged
1.219997512422418,mixed_mesh_0.025,H,0,0.0,0.9277795293877613,0.0,0.0026280944912210353,-0.003066112690431383,false,not converged
1.219997512422418,mixed_mesh_0.025,H,1,0.025,0.06700516374569747,-0.00043801393105653044,0.0026280944912210353,-0.003066112690431383,false,not converged
1.219997512422418,mixed_mesh_0.025,H,2,0.05,0.004838733830021796,-0.0008760286071411871,0.0026280944912210353,-0.003066112690431383,false,not converged
1.219997512422418,mixed_mesh_0.025,H,3,0.075,0.0003493937533366228,-0.0013140440148145102,0.0026280944912210353,-0.003066112690431383,false,not converged
1.219997512422418,mixed_mesh_0.025,H,4,0.1,2.5226593348920343e-05,-0.0017520601403122936,0.0026280944912210353,-0.003066112690431383,false,not converged
1.219997512422418,mixed_mesh_0.025,H,5,0.125,1.8212198181138157e-06,-0.0021900769701847914,0.0026280944912210353,-0.003066112690431383,false,not converged
1.219997512422418,mixed_mesh_0.025,H,6,0.15,1.3147001578302995e-07,-0.0026280944912210353,0.0026280944912210353,-0.003066112690431383,false,not converged
1.219997512422418,mixed_mesh_0.025,L,0,-3.503246160812043e-46,1.0,n/a,0.0,n/a,false,not converged
1.219997512422418,mixed_mesh_0.05,H,0,0.0,0.9947845976167555,0.0,0.002628083200029216,-0.00350411168741344,false,not converged
1.219997512422418,mixed_mesh_0.05,H,1,0.05,0.005188211319858528,-0.0008760273418946553,0.002628083200029216,-0.00350411168741344,false,not converged
1.219997512422418,mixed_mesh_0.05,H,2,0.1,2.705007536645325e-05,-0.0017520550801213436,0.002628083200029216,-0.00350411168741344,false,not converged
1.219997512422418,mixed_mesh_0.05,H,3,0.15,1.409880195532918e-07,-0.002628083200029216,0.002628083200029216,-0.00350411168741344,false,not converged
1.219997512422418,mixed_mesh_0.05,L,0,-3.503246160812043e-46,1.0,n/a,0.0,n/a,false,not converged
1.22,mixed_mesh_0.025,H,0,0.0,0.9277789766323649,0.0,0.0026280868391190446,-0.0030661037630497216,false,not converged
1.22,mixed_mesh_0.025,H,1,0.025,0.06700563667904415,-0.00043801265565379655,0.0026280868391190446,-0.0030661037630497216,false,not converged
1.22,mixed_mesh_0.025,H,2,0.05,0.004838805008127071,-0.0008760260563571977,0.0026280868391190446,-0.0030661037630497216,false,not converged
1.22,mixed_mesh_0.025,H,3,0.075,0.00034940156575694503,-0.0013140401886703604,0.0026280868391190446,-0.0030661037630497216,false,not converged
1.22,mixed_mesh_0.025,H,4,0.1,2.5227350342415256e-05,-0.0017520550388286811,0.0026280868391190446,-0.0030661037630497216,false,not converged
1.22,mixed_mesh_0.025,H,5,0.125,1.8212883935199406e-06,-0.0021900705933820255,0.0026280868391190446,-0.0030661037630497216,false,not converged
1.22,mixed_mesh_0.025,H,6,0.15,1.314759710261036e-07,-0.0026280868391190446,0.0026280868391190446,-0.0030661037630497216,false,not converged
1.22,mixed_mesh_0.025,L,0,-3.503246160812043e-46,1.0,n/a,0.0,n/a,false,not converged
1.22,mixed_mesh_0.05,H,0,0.0,0.9947845177905444,0.0,0.002628075547615071,-0.0035041014842216982,false,not converged
1.22,mixed_mesh_0.05,H,1,0.05,0.005188290313916982,-0.0008760247910758624,0.002628075547615071,-0.0035041014842216982,false,not converged
1.22,mixed_mesh_0.05,H,2,0.1,2.7050901059413095e-05,-0.0017520499784980112,0.002628075547615071,-0.0035041014842216982,false,not converged
1.22,mixed_mesh_0.05,H,3,0.15,1.4099447914008317e-07,-0.002628075547615071,0.002628075547615071,-0.0035041014842216982,false,not converged
1.22,mixed_mesh_0.05,L,0,-3.503246160812043e-46,1.0,n/a,0.0,n/a,false,not converged
1.220897512422418,mixed_mesh_0.025,H,0,0.0,0.927578965455547,0.0,0.0026253218110920498,-0.003062877922617403,false,not converged
1.220897512422418,mixed_mesh_0.025,H,1,0.025,0.06717672464261641,-0.0004375517986649897,0.0026253218110920498,-0.003062877922617403,false,not converged
1.220897512422418,mixed_mesh_0.025,H,2,0.05,0.004864591773908286,-0.0008751043501607947,0.0026253218110920498,-0.003062877922617403,false,not converged
1.220897512422418,mixed_mesh_0.025,H,3,0.075,0.0003522358772025334,-0.0013126576409087322,0.0026253218110920498,-0.003062877922617403,false,not converged
1.220897512422418,mixed_mesh_0.025,H,4,0.1,2.550236836442441e-05,-0.0017502116570001789,0.0026253218110920498,-0.003062877922617403,false,not converged
1.220897512422418,mixed_mesh_0.025,H,5,0.125,1.8462367965590926e-06,-0.002187766384844406,0.0026253218110920498,-0.003062877922617403,false,not converged
1.220897512422418,mixed_mesh_0.025,H,6,0.15,1.3364556487325117e-07,-0.0026253218110920498,0.0026253218110920498,-0.003062877922617403,false,not converged
1.220897512422418,mixed_mesh_0.025,L,0,-3.503246160812043e-46,1.0,n/a,0.0,n/a,false,not converged
1.220897512422418,mixed_mesh_0.05,H,0,0.0,0.9947555930639899,0.0,0.0026253104065444956,-0.003500414639303089,false,not converged
1.220897512422418,mixed_mesh_0.05,H,1,0.05,0.005216912675240978,-0.000875103072276326,0.0026253104065444956,-0.003500414639303089,false,not converged
1.220897512422418,mixed_mesh_0.05,H,2,0.1,2.7350912698263545e-05,-0.001750206546071973,0.0026253104065444956,-0.003500414639303089,false,not converged
1.220897512422418,mixed_mesh_0.05,H,3,0.15,1.4334807095998078e-07,-0.0026253104065444956,0.0026253104065444956,-0.003500414639303089,false,not converged
1.220897512422418,mixed_mesh_0.05,L,0,-3.503246160812043e-46,1.0,n/a,0.0,n/a,false,not converged
1.220997512422418,mixed_mesh_0.025,H,0,0.0,0.9275566088658928,0.0,0.0026250132201033603,-0.0030625179026624854,false,not converged
1.220997512422418,mixed_mesh_0.025,H,1,0.025,0.06719584332258091,-0.0004375003647086994,0.0026250132201033603,-0.0030625179026624854,false,not converged
1.220997512422418,mixed_mesh_0.025,H,2,0.05,0.004867478023958448,-0.0008750014831191347,0.0026250132201033603,-0.0030625179026624854,false,not converged
1.220997512422418,mixed_mesh_0.025,H,3,0.075,0.0003525536093413221,-0.0013125033416370847,0.0026250132201033603,-0.0030625179026624854,false,not converged
1.220997512422418,mixed_mesh_0.025,H,4,0.1,2.55332461165086e-05,-0.0017500059263378068,0.0026250132201033603,-0.0030625179026624854,false,not converged
1.220997512422418,mixed_mesh_0.025,H,5,0.125,1.8490422029044973e-06,-0.0021875092236148365,0.0026250132201033603,-0.0030625179026624854,false,not converged
1.220997512422418,mixed_mesh_0.025,H,6,0.15,1.3388990710214595e-07,-0.0026250132201033603,0.0026250132201033603,-0.0030625179026624854,false,not converged
1.220997512422418,mixed_mesh_0.025,L,0,-3.503246160812043e-46,1.0,n/a,0.0,n/a,false,not converged
1.220997512422418,mixed_mesh_0.05,H,0,0.0,0.9947523549842059,0.0,0.002625001802908725,-0.0035000031688925126,false,not converged
1.220997512422418,mixed_mesh_0.05,H,1,0.05,0.005220116801675955,-0.00087500020382473,0.002625001802908725,-0.0035000031688925126,false,not converged
1.220997512422418,mixed_mesh_0.05,H,2,0.1,2.7384600950830992e-05,-0.0017500008097489294,0.002625001802908725,-0.0035000031688925126,false,not converged
1.220997512422418,mixed_mesh_0.05,H,3,0.15,1.4361316723586517e-07,-0.002625001802908725,0.002625001802908725,-0.0035000031688925126,false,not converged
1.220997512422418,mixed_mesh_0.05,L,0,-3.503246160812043e-46,1.0,n/a,0.0,n/a,false,not converged
1.221097512422418,mixed_mesh_0.025,H,0,0.0,0.9275342379081883,0.0,0.0026247045261238292,-0.0030621577625541976,false,not converged
1.221097512422418,mixed_mesh_0.025,H,1,0.025,0.06721497328968977,-0.0004374489135853323,0.0026247045261238292,-0.0030621577625541976,false,not converged
1.221097512422418,mixed_mesh_0.025,H,2,0.05,0.004870366911719408,-0.0008748985817441144,0.0026247045261238292,-0.0030621577625541976,false,not converged
1.221097512422418,mixed_mesh_0.025,H,3,0.075,0.0003528717314558884,-0.0013123489908665738,0.0026247045261238292,-0.0030621577625541976,false,not converged
1.221097512422418,mixed_mesh_0.025,H,4,0.1,2.5564171374229492e-05,-0.0017498001270118326,0.0026247045261238292,-0.0030621577625541976,false,not converged
1.221097512422418,mixed_mesh_0.025,H,5,0.125,1.85185279568977e-06,-0.002187251976557676,0.0026247045261238292,-0.0030621577625541976,false,not converged
1.221097512422418,mixed_mesh_0.025,H,6,0.15,1.3413477674630147e-07,-0.0026247045261238292,0.0026247045261238292,-0.0030621577625541976,false,not converged
1.221097512422418,mixed_mesh_0.025,L,0,-3.503246160812043e-46,1.0,n/a,0.0,n/a,false,not converged
1.221097512422418,mixed_mesh_0.05,H,0,0.0,0.9947491138232167,0.0,0.002624693096271685,-0.0034995915611483576,false,not converged
1.221097512422418,mixed_mesh_0.05,H,1,0.05,0.005223323956034151,-0.0008748973010386268,0.002624693096271685,-0.0034995915611483576,false,not converged
1.221097512422418,mixed_mesh_0.05,H,2,0.1,2.741834190689146e-05,-0.0017497950047576317,0.002624693096271685,-0.0034995915611483576,false,not converged
1.221097512422418,mixed_mesh_0.05,H,3,0.15,1.4387884218369953e-07,-0.002624693096271685,0.002624693096271685,-0.0034995915611483576,false,not converged
1.221097512422418,mixed_mesh_0.05,L,0,-3.503246160812043e-46,1.0,n/a,0.0,n/a,false,not converged
1.221997512422418,mixed_mesh_0.025,H,0,0.0,0.9273322515343844,0.0,0.0026219216498945225,-0.00305891109954839,false,not converged
1.221997512422418,mixed_mesh_0.025,H,1,0.025,0.06738765161574783,-0.00043698508165201683,0.0026219216498945225,-0.00305891109954839,false,not converged
1.221997512422418,mixed_mesh_0.025,H,2,0.05,0.004896485990986746,-0.0008739709257587324,0.0026219216498945225,-0.00305891109954839,false,not converged
1.221997512422418,mixed_mesh_0.025,H,3,0.075,0.0003557524635228595,-0.0013109575185697858,0.0026219216498945225,-0.00305891109954839,false,not converged
1.221997512422418,mixed_mesh_0.025,H,4,0.1,2.5844649565478563e-05,-0.001747944845998423,0.0026219216498945225,-0.00305891109954839,false,not converged
1.221997512422418,mixed_mesh_0.025,H,5,0.125,1.8773832502585996e-06,-0.002184932894280024,0.0026219216498945225,-0.00305891109954839,false,not converged
1.221997512422418,mixed_mesh_0.025,H,6,0.15,1.3636254250339033e-07,-0.0026219216498945225,0.0026219216498945225,-0.00305891109954839,false,not converged
1.221997512422418,mixed_mesh_0.025,L,0,-3.503246160812043e-46,1.0,n/a,0.0,n/a,false,not converged
1.221997512422418,mixed_mesh_0.05,H,0,0.0,0.9947198042283655,0.0,0.002621910105654354,-0.0034958809170044054,false,not converged
1.221997512422418,mixed_mesh_0.05,H,1,0.05,0.005252325078428712,-0.0008739696323017493,0.002621910105654354,-0.0034958809170044054,false,not converged
1.221997512422418,mixed_mesh_0.05,H,2,0.1,2.772439702084087e-05,-0.0017479396725464346,0.002621910105654354,-0.0034958809170044054,false,not converged
1.221997512422418,mixed_mesh_0.05,H,3,0.15,1.4629618499115037e-07,-0.002621910105654354,0.002621910105654354,-0.0034958809170044054,false,not converged
1.221997512422418,mixed_mesh_0.05,L,0,-3.503246160812043e-46,1.0,n/a,0.0,n/a,false,not converged
1.225,mixed_mesh_0.025,H,0,0.0,0.9266499152451937,0.0,0.0026125776173681315,-0.003048009816320078,false,not converged
1.225,mixed_mesh_0.025,H,1,0.025,0.06797037847165494,-0.0004354276775982018,0.0026125776173681315,-0.003048009816320078,false,not converged
1.225,mixed_mesh_0.025,H,2,0.05,0.004985191003082885,-0.0008708561444155508,0.0026125776173681315,-0.003048009816320078,false,not converged
1.225,mixed_mesh_0.025,H,3,0.075,0.00036559647613378115,-0.0013062853862244785,0.0026125776173681315,-0.003048009816320078,false,not converged
1.225,mixed_mesh_0.025,H,4,0.1,2.6808987550685865e-05,-0.0017417153884428042,0.0026125776173681315,-0.003048009816320078,false,not converged
1.225,mixed_mesh_0.025,H,5,0.125,1.9657001557127294e-06,-0.0021771461368222888,0.0026125776173681315,-0.003048009816320078,false,not converged
1.225,mixed_mesh_0.025,H,6,0.15,1.4411622816330488e-07,-0.0026125776173681315,0.0026125776173681315,-0.003048009816320078,false,not converged
1.225,mixed_mesh_0.025,L,0,-3.503246160812043e-46,1.0,n/a,0.0,n/a,false,not converged
1.225,mixed_mesh_0.05,H,0,0.0,0.9946201894526766,0.0,0.002612565685334893,-0.0034834217241812033,false,not converged
1.225,mixed_mesh_0.05,H,1,0.05,0.005350878619675401,-0.0008708548077383831,0.002612565685334893,-0.0034834217241812033,false,not converged
1.225,mixed_mesh_0.05,H,2,0.1,2.8777213893538168e-05,-0.0017417100414316624,0.002612565685334893,-0.0034834217241812033,false,not converged
1.225,mixed_mesh_0.05,H,3,0.15,1.5471375439038623e-07,-0.002612565685334893,0.002612565685334893,-0.0034834217241812033,false,not converged
1.225,mixed_mesh_0.05,L,0,-3.503246160812043e-46,1.0,n/a,0.0,n/a,false,not converged
1.23,mixed_mesh_0.025,H,0,0.0,0.9254841979338675,0.0,0.0025968134313788392,-0.003029618418074151,false,not converged
1.23,mixed_mesh_0.025,H,1,0.025,0.06896376803491693,-0.0004328002004887929,0.0025968134313788392,-0.003029618418074151,false,not converged
1.23,mixed_mesh_0.025,H,2,0.05,0.005138414917397939,-0.0008656012364208088,0.0025968134313788392,-0.003029618418074151,false,not converged
1.23,mixed_mesh_0.025,H,3,0.075,0.00038281904477573017,-0.001298403092745121,0.0025968134313788392,-0.003029618418074151,false,not converged
1.23,mixed_mesh_0.025,H,4,0.1,2.8517681442384273e-05,-0.0017312057540237948,0.0025968134313788392,-0.003029618418074151,false,not converged
1.23,mixed_mesh_0.025,H,5,0.125,2.1241806482180356e-06,-0.0021640092051732757,0.0025968134313788392,-0.003029618418074151,false,not converged
1.23,mixed_mesh_0.025,H,6,0.15,1.5820695134349046e-07,-0.0025968134313788392,0.0025968134313788392,-0.003029618418074151,false,not converged
1.23,mixed_mesh_0.025,L,0,-3.503246160812043e-46,1.0,n/a,0.0,n/a,false,not converged
1.23,mixed_mesh_0.05,H,0,0.0,0.9944478521534921,0.0,0.0025968008319905726,-0.003462401979869238,false,not converged
1.23,mixed_mesh_0.05,H,1,0.05,0.005521333136611179,-0.0008655998253995852,0.0025968008319905726,-0.003462401979869238,false,not converged
1.23,mixed_mesh_0.05,H,2,0.1,3.064468350902017e-05,-0.001731200108367251,0.0025968008319905726,-0.003462401979869238,false,not converged
1.23,mixed_mesh_0.05,H,3,0.15,1.7002638764012807e-07,-0.0025968008319905726,0.0025968008319905726,-0.003462401979869238,false,not converged
1.23,mixed_mesh_0.05,L,0,-3.503246160812043e-46,1.0,n/a,0.0,n/a,false,not converged
1.235,mixed_mesh_0.025,H,0,0.0,0.9242808770435793,0.0,0.0025807973799052385,-0.0030109331838276553,false,not converged
1.235,mixed_mesh_0.025,H,1,0.025,0.06998635336377823,-0.0004301307405602147,0.0025807973799052385,-0.0030109331838276553,false,not converged
1.235,mixed_mesh_0.025,H,2,0.05,0.005298793843274703,-0.0008602623649341409,0.0025807973799052385,-0.0030109331838276553,false,not converged
1.235,mixed_mesh_0.025,H,3,0.075,0.00040113901519661985,-0.0012903948572103572,0.0025807973799052385,-0.0030109331838276553,false,not converged
1.235,mixed_mesh_0.025,H,4,0.1,3.036457088772844e-05,-0.001720528201055281,0.0025807973799052385,-0.0030109331838276553,false,not converged
1.235,mixed_mesh_0.025,H,5,0.125,2.2982327516555368e-06,-0.0021506623805111593,0.0025807973799052385,-0.0030109331838276553,false,not converged
1.235,mixed_mesh_0.025,H,6,0.15,1.739305317660496e-07,-0.0025807973799052385,0.0025807973799052385,-0.0030109331838276553,false,not converged
1.235,mixed_mesh_0.025,L,0,-3.503246160812043e-46,1.0,n/a,0.0,n/a,false,not converged
1.235,mixed_mesh_0.05,H,0,0.0,0.9942671061523922,0.0,0.0025807840853614298,-0.0034410463819190156,false,not converged
1.235,mixed_mesh_0.05,H,1,0.05,0.005700040756608306,-0.0008602608765172026,0.0025807840853614298,-0.0034410463819190156,false,not converged
1.235,mixed_mesh_0.05,H,2,0.1,3.2665955549512474e-05,-0.0017205222443572971,0.0025807840853614298,-0.0034410463819190156,false,not converged
1.235,mixed_mesh_0.05,H,3,0.15,1.8713544999984058e-07,-0.0025807840853614298,0.0025807840853614298,-0.0034410463819190156,false,not converged
1.235,mixed_mesh_0.05,L,0,-3.503246160812043e-46,1.0,n/a,0.0,n/a,false,not converged
1.24,mixed_mesh_0.025,H,0,0.0,0.9230389683244968,0.0,0.002564532511826304,-0.0029919576709239934,false,not converged
1.24,mixed_mesh_0.025,H,1,0.025,0.07103869596925512,-0.0004274198057232582,0.002564532511826304,-0.0029919576709239934,false,not converged
1.24,mixed_mesh_0.025,H,2,0.05,0.005466661507997213,-0.0008548405458736479,0.002564532511826304,-0.0029919576709239934,false,not converged
1.24,mixed_mesh_0.025,H,3,0.075,0.0004206313180167141,-0.0012822622036405417,0.002564532511826304,-0.0029919576709239934,false,not converged
1.24,mixed_mesh_0.025,H,4,0.1,3.236185369896627e-05,-0.001709684761753013,0.002564532511826304,-0.0029919576709239934,false,not converged
1.24,mixed_mesh_0.025,H,5,0.125,2.489532523180494e-06,-0.0021371082033384684,0.002564532511826304,-0.0029919576709239934,false,not converged
1.24,mixed_mesh_0.025,H,6,0.15,1.9149401197279888e-07,-0.002564532511826304,0.002564532511826304,-0.0029919576709239934,false,not converged
1.24,mixed_mesh_0.025,L,0,-3.503246160812043e-46,1.0,n/a,0.0,n/a,false,not converged
1.24,mixed_mesh_0.05,H,0,0.0,0.9940775286209236,0.0,0.0025645184933159215,-0.003419358994434461,false,not converged
1.24,mixed_mesh_0.05,H,1,0.05,0.005887410198923926,-0.0008548389769023961,0.0025645184933159215,-0.003419358994434461,false,not converged
1.24,mixed_mesh_0.05,H,2,0.1,3.485490828112708e-05,-0.0017096784811709113,0.0025645184933159215,-0.003419358994434461,false,not converged
1.24,mixed_mesh_0.05,H,3,0.15,2.0627187124473756e-07,-0.0025645184933159215,0.0025645184933159215,-0.003419358994434461,false,not converged
1.24,mixed_mesh_0.05,L,0,-3.503246160812043e-46,1.0,n/a,0.0,n/a,false,not converged
1.245,mixed_mesh_0.025,H,0,0.0,0.9217574498846579,0.0,0.00254802182715308,-0.0029726953797100794,false,not converged
1.245,mixed_mesh_0.025,H,1,0.025,0.07212137057291998,-0.00042466789573212827,0.00254802182715308,-0.0029726953797100794,false,not converged
1.245,mixed_mesh_0.025,H,2,0.05,0.005642369097505002,-0.0008493367788491385,0.00254802182715308,-0.0029726953797100794,false,not converged
1.245,mixed_mesh_0.025,H,3,0.075,0.00044137646959950343,-0.0012740066316008407,0.00254802182715308,-0.0029726953797100794,false,not converged
1.245,mixed_mesh_0.025,H,4,0.1,3.4522892448823676e-05,-0.0016986774357353731,0.00254802182715308,-0.0029726953797100794,false,not converged
1.245,mixed_mesh_0.025,H,5,0.125,2.699950262945966e-06,-0.0021233491734228135,0.00254802182715308,-0.0029726953797100794,false,not converged
1.245,mixed_mesh_0.025,H,6,0.15,2.1113260597941918e-07,-0.00254802182715308,0.00254802182715308,-0.0029726953797100794,false,not converged
1.245,mixed_mesh_0.025,L,0,-3.503246160812043e-46,1.0,n/a,0.0,n/a,false,not converged
1.245,mixed_mesh_0.05,H,0,0.0,0.9938786722890789,0.0,0.0025480070548179017,-0.0033973438163332464,false,not converged
1.245,mixed_mesh_0.05,H,1,0.05,0.006083873232890773,-0.0008493351260544714,0.0025480070548179017,-0.0033973438163332464,false,not converged
1.245,mixed_mesh_0.05,H,2,0.1,3.7226779545090784e-05,-0.0016986708179639429,0.0025480070548179017,-0.0033973438163332464,false,not converged
1.245,mixed_mesh_0.05,H,3,0.15,2.2769848524933052e-07,-0.0025480070548179017,0.0025480070548179017,-0.0033973438163332464,false,not converged
1.245,mixed_mesh_0.05,L,0,-3.503246160812043e-46,1.0,n/a,0.0,n/a,false,not converged
1.25,mixed_mesh_0.025,H,0,0.0,0.9204352610944061,0.0,0.002531268278011994,-0.0029531497546843918,false,not converged
1.25,mixed_mesh_0.025,H,1,0.025,0.07323496476323856,-0.0004218755023476993,0.002531268278011994,-0.0029531497546843918,false,not converged
1.25,mixed_mesh_0.025,H,2,0.05,0.0058262861205763666,-0.0008437520474888989,0.002531268278011994,-0.0029531497546843918,false,not converged
1.25,mixed_mesh_0.025,H,3,0.075,0.00046346100244902533,-0.0012656296166917679,0.002531268278011994,-0.0029531497546843918,false,not converged
1.25,mixed_mesh_0.025,H,4,0.1,3.6862331323689364e-05,-0.0016875081906779286,0.002531268278011994,-0.0029531497546843918,false,not converged
1.25,mixed_mesh_0.025,H,5,0.125,2.931574260738906e-06,-0.0021093877506156975,0.002531268278011994,-0.0029531497546843918,false,not converged
1.25,mixed_mesh_0.025,H,6,0.15,2.331137454666086e-07,-0.002531268278011994,0.002531268278011994,-0.0029531497546843918,false,not converged
1.25,mixed_mesh_0.025,L,0,-3.503246160812043e-46,1.0,n/a,0.0,n/a,false,not converged
1.25,mixed_mesh_0.05,H,0,0.0,0.9936700640048355,0.0,0.002531252720909027,-0.0033750047826581206,false,not converged
1.25,mixed_mesh_0.05,H,1,0.05,0.006289885973038278,-0.0008437503074875928,0.002531252720909027,-0.0033750047826581206,false,not converged
1.25,mixed_mesh_0.05,H,2,0.1,3.9798307434775385e-05,-0.0016875012219331703,0.002531252720909027,-0.0033750047826581206,false,not converged
1.25,mixed_mesh_0.05,H,3,0.15,2.5171469151617006e-07,-0.002531252720909027,0.002531252720909027,-0.0033750047826581206,false,not converged
1.25,mixed_mesh_0.05,L,0,-3.503246160812043e-46,1.0,n/a,0.0,n/a,false,not converged
1.255,mixed_mesh_0.025,H,0,0.0,0.9190713014411356,0.0,0.0025142747696050636,-0.0029333241856181187,false,not converged
1.255,mixed_mesh_0.025,H,1,0.025,0.07438007860943571,-0.00041904310949687844,0.0025142747696050636,-0.0029333241856181187,false,not converged
1.255,mixed_mesh_0.025,H,2,0.05,0.006018801315032796,-0.0008380873197586927,0.0025142747696050636,-0.0029333241856181187,false,not converged
1.255,mixed_mesh_0.025,H,3,0.075,0.00048697792989213534,-0.0012571326110280934,0.0025142747696050636,-0.0029333241856181187,false,not converged
1.255,mixed_mesh_0.025,H,4,0.1,3.939622519421062e-05,-0.0016761789629525126,0.0025142747696050636,-0.0029333241856181187,false,not converged
1.255,mixed_mesh_0.025,H,5,0.125,3.1867375758712775e-06,-0.0020952263556520347,0.0025142747696050636,-0.0029333241856181187,false,not converged
1.255,mixed_mesh_0.025,H,6,0.15,2.577417336427273e-07,-0.0025142747696050636,0.0025142747696050636,-0.0029333241856181187,false,not converged
1.255,mixed_mesh_0.025,L,0,-3.503246160812043e-46,1.0,n/a,0.0,n/a,false,not converged
1.255,mixed_mesh_0.05,H,0,0.0,0.9934512032013644,0.0,0.0025142583956680427,-0.003352345765857522,false,not converged
1.255,mixed_mesh_0.05,H,1,0.05,0.006505930250571052,-0.0008380854890497314,0.0025142583956680427,-0.003352345765857522,false,not converged
1.255,mixed_mesh_0.05,H,2,0.1,4.258788623414729e-05,-0.001676171628955021,0.0025142583956680427,-0.003352345765857522,false,not converged
1.255,mixed_mesh_0.05,H,3,0.15,2.7866183044303995e-07,-0.0025142583956680427,0.0025142583956680427,-0.003352345765857522,false,not converged
1.255,mixed_mesh_0.05,L,0,-3.503246160812043e-46,1.0,n/a,0.0,n/a,false,not converged
1.26,mixed_mesh_0.025,H,0,0.0,0.9176644293330142,0.0,0.0024970441611476073,-0.0029132220086501184,false,not converged
1.26,mixed_mesh_0.025,H,1,0.025,0.07555732422828171,-0.0004161711934281781,0.0024970441611476073,-0.0029132220086501184,false,not converged
1.26,mixed_mesh_0.025,H,2,0.05,0.006220323597369248,-0.0008323435482731973,0.0024970441611476073,-0.0029132220086501184,false,not converged
1.26,mixed_mesh_0.025,H,3,0.075,0.000512027247767069,-0.0012485170437064297,0.0024970441611476073,-0.0029132220086501184,false,not converged
1.26,mixed_mesh_0.025,H,4,0.1,4.214218221515177e-05,-0.0016646916582512465,0.0024970441611476073,-0.0029132220086501184,false,not converged
1.26,mixed_mesh_0.025,H,5,0.125,3.4680482512414055e-06,-0.002080867370930879,0.0024970441611476073,-0.0029132220086501184,false,not converged
1.26,mixed_mesh_0.025,H,6,0.15,2.8536310145396147e-07,-0.0024970441611476073,0.0024970441611476073,-0.0029132220086501184,false,not converged
1.26,mixed_mesh_0.025,L,0,-3.503246160812043e-46,1.0,n/a,0.0,n/a,false,not converged
1.26,mixed_mesh_0.05,H,0,0.0,0.9932215602659448,0.0,0.0024970269371475716,-0.0033293705770363192,false,not converged
1.26,mixed_mesh_0.05,H,1,0.05,0.0067325150653372405,-0.0008323416232340519,0.0024970269371475716,-0.0033293705770363192,false,not converged
1.26,mixed_mesh_0.05,H,2,0.1,4.5615739332011577e-05,-0.0016646839442092329,0.0024970269371475716,-0.0033293705770363192,false,not converged
1.26,mixed_mesh_0.05,H,3,0.15,3.0892938598936576e-07,-0.0024970269371475716,0.0024970269371475716,-0.0033293705770363192,false,not converged
1.26,mixed_mesh_0.05,L,0,-3.503246160812043e-46,1.0,n/a,0.0,n/a,false,not converged
1.265,mixed_mesh_0.025,H,0,0.0,0.9162134608503048,0.0,0.0024795792667841716,-0.002892846507356525,false,not converged
1.265,mixed_mesh_0.025,H,1,0.025,0.07676732529884427,-0.000413260222863611,0.0024795792667841716,-0.002892846507356525,false,not converged
1.265,mixed_mesh_0.025,H,2,0.05,0.006431283057197222,-0.0008265216706001034,0.0024795792667841716,-0.002892846507356525,false,not converged
1.265,mixed_mesh_0.025,H,3,0.075,0.0005387164760509247,-0.0012397843212618447,0.0024795792667841716,-0.002892846507356525,false,not converged
1.265,mixed_mesh_0.025,H,4,0.1,4.5119521409801063e-05,-0.0016530481521959614,0.0024795792667841716,-0.002892846507356525,false,not converged
1.265,mixed_mesh_0.025,H,5,0.125,3.7784234169421907e-06,-0.0020663131412779557,0.0024795792667841716,-0.002892846507356525,false,not converged
1.265,mixed_mesh_0.025,H,6,0.15,3.1637277602998923e-07,-0.0024795792667841716,0.0024795792667841716,-0.002892846507356525,false,not converged
1.265,mixed_mesh_0.025,L,0,-3.503246160812043e-46,1.0,n/a,0.0,n/a,false,not converged
1.265,mixed_mesh_0.05,H,0,0.0,0.9929805748042168,0.0,0.0024795611582891087,-0.003306082967177623,false,not converged
1.265,mixed_mesh_0.05,H,1,0.05,0.00697017812261068,-0.000826519647482969,0.0024795611582891087,-0.003306082967177623,false,not converged
1.265,mixed_mesh_0.05,H,2,0.1,4.890411102445437e-05,-0.0016530400427879192,0.0024795611582891087,-0.003306082967177623,false,not converged
1.265,mixed_mesh_0.05,H,3,0.15,3.4296214812217916e-07,-0.0024795611582891087,0.0024795611582891087,-0.003306082967177623,false,not converged
1.265,mixed_mesh_0.05,L,0,-3.503246160812043e-46,1.0,n/a,0.0,n/a,false,not converged
1.27,mixed_mesh_0.025,H,0,0.0,0.9147171684427952,0.0,0.002461882856483223,-0.002872200913795649,false,not converged
1.27,mixed_mesh_0.025,H,1,0.025,0.07801071651991988,-0.00041031065914699756,0.002461882856483223,-0.002872200913795649,false,not converged
1.27,mixed_mesh_0.025,H,2,0.05,0.006652131997857123,-0.0008206226095570601,0.002461882856483223,-0.002872200913795649,false,not converged
1.27,mixed_mesh_0.025,H,3,0.075,0.0005671612435847446,-0.0012309358281137673,0.002461882856483223,-0.002872200913795649,false,not converged
1.27,mixed_mesh_0.025,H,4,0.1,4.8349446853328924e-05,-0.00164125029093339,0.002461882856483223,-0.002872200913795649,false,not converged
1.27,mixed_mesh_0.025,H,5,0.125,4.121127800794802e-06,-0.002051565974690449,0.002461882856483223,-0.002872200913795649,false,not converged
1.27,mixed_mesh_0.025,H,6,0.15,3.5122118897100777e-07,-0.002461882856483223,0.002461882856483223,-0.002872200913795649,false,not converged
1.27,mixed_mesh_0.025,L,0,-3.503246160812043e-46,1.0,n/a,0.0,n/a,false,not converged
1.27,mixed_mesh_0.05,H,0,0.0,0.9927276537929629,0.0,0.0024618638278167907,-0.003282486628336435,false,not converged
1.27,mixed_mesh_0.05,H,1,0.05,0.0072194874592085385,-0.0008206204844850521,0.0024618638278167907,-0.003282486628336435,false,not converged
1.27,mixed_mesh_0.05,H,2,0.1,5.2477479339329065e-05,-0.0016412417702904103,0.0024618638278167907,-0.003282486628336435,false,not converged
1.27,mixed_mesh_0.05,H,3,0.15,3.8126848931653965e-07,-0.0024618638278167907,0.0024618638278167907,-0.003282486628336435,false,not converged
1.27,mixed_mesh_0.05,L,0,-3.503246160812043e-46,1.0,n/a,0.0,n/a,false,not converged
1.275,mixed_mesh_0.025,H,0,0.0,0.9131742795717893,0.0,0.0024439576569113036,-0.002851288409528985,false,not converged
1.275,mixed_mesh_0.025,H,1,0.025,0.07928814300445393,-0.0004073229563887972,0.0024439576569113036,-0.002851288409528985,false,not converged
1.275,mixed_mesh_0.025,H,2,0.05,0.0068833460245079315,-0.0008146472735016889,0.0024439576569113036,-0.002851288409528985,false,not converged
1.275,mixed_mesh_0.025,H,3,0.075,0.0005974859192962123,-0.001221972927001534,0.0024439576569113036,-0.002851288409528985,false,not converged
1.275,mixed_mesh_0.025,H,4,0.1,5.1855240246039294e-05,-0.0016292998917165817,0.0024439576569113036,-0.002851288409528985,false,not converged
1.275,mixed_mesh_0.025,H,5,0.125,4.499817233792637e-06,-0.0020366281430646213,0.0024439576569113036,-0.002851288409528985,false,not converged
1.275,mixed_mesh_0.025,H,6,0.15,3.9042247272840073e-07,-0.0024439576569113036,0.0024439576569113036,-0.002851288409528985,false,not converged
1.275,mixed_mesh_0.025,L,0,-3.503246160812043e-46,1.0,n/a,0.0,n/a,false,not converged
1.275,mixed_mesh_0.05,H,0,0.0,0.9924621696141422,0.0,0.002443937671110624,-0.0032585851948060645,false,not converged
1.275,mixed_mesh_0.05,H,1,0.05,0.007481043163658715,-0.0008146450424650071,0.002443937671110624,-0.0032585851948060645,false,not converged
1.275,mixed_mesh_0.05,H,2,0.1,5.636279226406913e-05,-0.001629290943404323,0.002443937671110624,-0.0032585851948060645,false,not converged
1.275,mixed_mesh_0.05,H,3,0.15,4.244299350038245e-07,-0.002443937671110624,0.002443937671110624,-0.0032585851948060645,false,not converged
1.275,mixed_mesh_0.05,L,0,-3.503246160812043e-46,1.0,n/a,0.0,n/a,false,not converged
1.28,mixed_mesh_0.025,H,0,0.0,0.9115834752950182,0.0,0.00242580635228719,-0.0028301121266189723,false,not converged
1.28,mixed_mesh_0.025,H,1,0.025,0.08060025960486346,-0.00040429756160755156,0.00242580635228719,-0.0028301121266189723,false,not converged
1.28,mixed_mesh_0.025,H,2,0.05,0.007125425180940292,-0.0008085965566148435,0.00242580635228719,-0.0028301121266189723,false,not converged
1.28,mixed_mesh_0.025,H,3,0.075,0.0006298242935785101,-0.0012128969594098345,0.00242580635228719,-0.0028301121266189723,false,not converged
1.28,mixed_mesh_0.025,H,4,0.1,5.566247386340248e-05,-0.0016171987434729007,0.00242580635228719,-0.0028301121266189723,false,not converged
1.28,mixed_mesh_0.025,H,5,0.125,4.918587818875132e-06,-0.00202150188290672,0.00242580635228719,-0.0028301121266189723,false,not converged
1.28,mixed_mesh_0.025,H,6,0.15,4.3456391740143434e-07,-0.00242580635228719,0.00242580635228719,-0.0028301121266189723,false,not converged
1.28,mixed_mesh_0.025,L,0,-3.503246160812043e-46,1.0,n/a,0.0,n/a,false,not converged
1.28,mixed_mesh_0.05,H,0,0.0,0.9921834579623996,0.0,0.0024257853710597304,-0.003234382244258067,false,not converged
1.28,mixed_mesh_0.05,H,1,0.05,0.007755479195327836,-0.0008085942154669101,0.0024257853710597304,-0.003234382244258067,false,not converged
1.28,mixed_mesh_0.05,H,2,0.1,6.0589730034792294e-05,-0.001617189350473225,0.0024257853710597304,-0.003234382244258067,false,not converged
1.28,mixed_mesh_0.05,H,3,0.15,4.7311223785500876e-07,-0.0024257853710597304,0.0024257853710597304,-0.003234382244258067,false,not converged
1.28,mixed_mesh_0.05,L,0,-3.503246160812043e-46,1.0,n/a,0.0,n/a,false,not converged
1.285,mixed_mesh_0.025,H,0,0.0,0.9099433887927459,0.0,0.002407431585216651,-0.002808675148604199,false,not converged
1.285,mixed_mesh_0.025,H,1,0.025,0.08194773016272526,-0.0004012349148680329,0.002407431585216651,-0.002808675148604199,false,not converged
1.285,mixed_mesh_0.025,H,2,0.05,0.007378895136272083,-0.0008024713391773062,0.002407431585216651,-0.002808675148604199,false,not converged
1.285,mixed_mesh_0.025,H,3,0.075,0.0006643203137583798,-0.0012037092459843506,0.002407431585216651,-0.002808675148604199,false,not converged
1.285,mixed_mesh_0.025,H,4,0.1,5.9799246086929407e-05,-0.0016049486073589933,0.002407431585216651,-0.002808675148604199,false,not converged
1.285,mixed_mesh_0.025,H,5,0.125,5.382031523056619e-06,-0.0020061893960276536,0.002407431585216651,-0.002808675148604199,false,not converged
1.285,mixed_mesh_0.025,H,6,0.15,4.843168883402951e-07,-0.002407431585216651,0.002407431585216651,-0.002808675148604199,false,not converged
1.285,mixed_mesh_0.025,L,0,-3.503246160812043e-46,1.0,n/a,0.0,n/a,false,not converged
1.285,mixed_mesh_0.05,H,0,0.0,0.9918908156177348,0.0,0.002407409568896203,-0.0032098812988565015,false,not converged
1.285,mixed_mesh_0.05,H,1,0.05,0.008043465307610381,-0.0008024688836308857,0.002407409568896203,-0.0032098812988565015,false,not converged
1.285,mixed_mesh_0.05,H,2,0.1,6.519099645392135e-05,-0.0016049387520512804,0.002407409568896203,-0.0032098812988565015,false,not converged
1.285,mixed_mesh_0.05,H,3,0.15,5.280782009181457e-07,-0.002407409568896203,0.002407409568896203,-0.0032098812988565015,false,not converged
1.285,mixed_mesh_0.05,L,0,-3.503246160812043e-46,1.0,n/a,0.0,n/a,false,not converged
1.29,mixed_mesh_0.025,H,0,0.0,0.90825260383328,0.0,0.0023888359575083853,-0.0027869805114527357,false,not converged
1.29,mixed_mesh_0.025,H,1,0.025,0.0833312266758053,-0.00039813544941619,0.0023888359575083853,-0.0027869805114527357,false,not converged
1.29,mixed_mesh_0.025,H,2,0.05,0.007644308422578987,-0.000796272487840105,0.0023888359575083853,-0.0027869805114527357,false,not converged
1.29,mixed_mesh_0.025,H,3,0.075,0.0007011288778797763,-0.0011944110869378658,0.0023888359575083853,-0.0027869805114527357,false,not converged
1.29,mixed_mesh_0.025,H,4,0.1,6.429644196092624e-05,-0.0015925512173031022,0.0023888359575083853,-0.0027869805114527357,false,not converged
1.29,mixed_mesh_0.025,H,5,0.125,5.895299057329488e-06,-0.001990692850221915,0.0023888359575083853,-0.0027869805114527357,false,not converged
1.29,mixed_mesh_0.025,H,6,0.15,5.404494376941337e-07,-0.0023888359575083853,0.0023888359575083853,-0.0027869805114527357,false,not converged
1.29,mixed_mesh_0.025,L,0,-3.503246160812043e-46,1.0,n/a,0.0,n/a,false,not converged
1.29,mixed_mesh_0.05,H,0,0.0,0.9915834980744499,0.0,0.0023888128650101496,-0.0031850858263473072,false,not converged
1.29,mixed_mesh_0.05,H,1,0.05,0.00834570908046493,-0.0007962699134634151,0.0023888128650101496,-0.0031850858263473072,false,not converged
1.29,mixed_mesh_0.05,H,2,0.1,7.020264254933438e-05,-0.001592540881445255,0.0023888128650101496,-0.0031850858263473072,false,not converged
1.29,mixed_mesh_0.05,H,3,0.15,5.902025358017582e-07,-0.0023888128650101496,0.0023888128650101496,-0.0031850858263473072,false,not converged
1.29,mixed_mesh_0.05,L,0,-3.503246160812043e-46,1.0,n/a,0.0,n/a,false,not converged
1.295,mixed_mesh_0.025,H,0,0.0,0.9065096531759874,0.0,0.0023700220309716647,-0.0027650312044942295,false,not converged
1.295,mixed_mesh_0.025,H,1,0.025,0.08475142837489948,-0.0003949995918109769,0.0023700220309716647,-0.0027650312044942295,false,not converged
1.295,mixed_mesh_0.025,H,2,0.05,0.007922245724376298,-0.0007900008558886242,0.0023700220309716647,-0.0027650312044942295,false,not converged
1.295,mixed_mesh_0.025,H,3,0.075,0.0007404166913406975,-0.0011850037624471068,0.0023700220309716647,-0.0027650312044942295,false,not converged
1.295,mixed_mesh_0.025,H,4,0.1,6.918802148727015e-05,-0.001580008280535082,0.0023700220309716647,-0.0027650312044942295,false,not converged
1.295,mixed_mesh_0.025,H,5,0.125,6.464171027707457e-06,-0.0019750143799312034,0.0023700220309716647,-0.0027650312044942295,false,not converged
1.295,mixed_mesh_0.025,H,6,0.15,6.038408812614988e-07,-0.0023700220309716647,0.0023700220309716647,-0.0027650312044942295,false,not converged
1.295,mixed_mesh_0.025,L,0,-3.503246160812043e-46,1.0,n/a,0.0,n/a,false,not converged
1.295,mixed_mesh_0.05,H,0,0.0,0.9912607170168752,0.0,0.0023699978197464786,-0.0031599992411235384,false,not converged
1.295,mixed_mesh_0.05,H,1,0.05,0.00866295806775979,-0.0007899981581014486,0.0023699978197464786,-0.0031599992411235384,false,not converged
1.295,mixed_mesh_0.05,H,2,0.1,7.566442627458688e-05,-0.0015799974452442424,0.0023699978197464786,-0.0031599992411235384,false,not converged
1.295,mixed_mesh_0.05,H,3,0.15,6.604890903691402e-07,-0.0023699978197464786,0.0023699978197464786,-0.0031599992411235384,false,not converged
1.295,mixed_mesh_0.05,L,0,-3.503246160812043e-46,1.0,n/a,0.0,n/a,false,not converged
1.3,mixed_mesh_0.025,H,0,0.0,0.9047130169098576,0.0,0.0023509923281962485,-0.0027428301713314012,false,not converged
1.3,mixed_mesh_0.025,H,1,0.025,0.08620902070238823,-0.00039182776205314864,0.0023509923281962485,-0.0027428301713314012,false,not converged
1.3,mixed_mesh_0.025,H,2,0.05,0.008213317220703752,-0.0007836572835006818,0.0023509923281962485,-0.0027428301713314012,false,not converged
1.3,mixed_mesh_0.025,H,3,0.075,0.0007823631912510505,-0.0011754885330405816,0.0023509923281962485,-0.0027428301713314012,false,not converged
1.3,mixed_mesh_0.025,H,4,0.1,7.451133866633729e-05,-0.0015673214781044692,0.0023509923281962485,-0.0027428301713314012,false,not converged
1.3,mixed_mesh_0.025,H,5,0.125,7.095138476322494e-06,-0.001959156086893188,0.0023509923281962485,-0.0027428301713314012,false,not converged
1.3,mixed_mesh_0.025,H,6,0.15,6.754986566198584e-07,-0.0023509923281962485,0.0023509923281962485,-0.0027428301713314012,false,not converged
1.3,mixed_mesh_0.025,L,0,-3.503246160812043e-46,1.0,n/a,0.0,n/a,false,not converged
1.3,mixed_mesh_0.05,H,0,0.0,0.9909216376317236,0.0,0.002350966954183971,-0.0031346249052672088,false,not converged
1.3,mixed_mesh_0.05,H,1,0.05,0.008996002065057277,-0.0007836544575704962,0.002350966954183971,-0.0031346249052672088,false,not converged
1.3,mixed_mesh_0.05,H,2,0.1,8.16202123820434e-05,-0.0015673101238374643,0.002350966954183971,-0.0031346249052672088,false,not converged
1.3,mixed_mesh_0.05,H,3,0.15,7.400908370389165e-07,-0.002350966954183971,0.002350966954183971,-0.0031346249052672088,false,not converged
1.3,mixed_mesh_0.05,L,0,-3.503246160812043e-46,1.0,n/a,0.0,n/a,false,not converged
1.305,mixed_mesh_0.025,H,0,0.0,0.9028611207255552,0.0,0.0023317493333150606,-0.00272038031073156,false,not converged
1.305,mixed_mesh_0.025,H,1,0.025,0.08770469418381345,-0.00038862037371110595,0.0023317493333150606,-0.00272038031073156,false,not converged
1.305,mixed_mesh_0.025,H,2,0.05,0.008518163980364726,-0.0007772425979987348,0.0023317493333150606,-0.00272038031073156,false,not converged
1.305,mixed_mesh_0.025,H,3,0.075,0.0008271615437295386,-0.0011658666399776598,0.0023317493333150606,-0.00272038031073156,false,not converged
1.305,mixed_mesh_0.025,H,4,0.1,8.030749462031125e-05,-0.001554492465386937,0.0023317493333150606,-0.00272038031073156,false,not converged
1.305,mixed_mesh_0.025,H,5,0.125,7.795494085997695e-06,-0.0019431200407758328,0.0023317493333150606,-0.00272038031073156,false,not converged
1.305,mixed_mesh_0.025,H,6,0.15,7.565778306242015e-07,-0.0023317493333150606,0.0023317493333150606,-0.00272038031073156,false,not converged
1.305,mixed_mesh_0.025,L,0,-3.503246160812043e-46,1.0,n/a,0.0,n/a,false,not converged
1.305,mixed_mesh_0.05,H,0,0.0,0.9905653757462225,0.0,0.002331722750897153,-0.0031089661295684566,false,not converged
1.305,mixed_mesh_0.05,H,1,0.05,0.0093456755036143,-0.0007772396390368594,0.002331722750897153,-0.0031089661295684566,false,not converged
1.305,mixed_mesh_0.05,H,2,0.1,8.811841708387734e-05,-0.001554480571920481,0.002331722750897153,-0.0031089661295684566,false,not converged
1.305,mixed_mesh_0.05,H,3,0.15,8.303330792451817e-07,-0.002331722750897153,0.002331722750897153,-0.0031089661295684566,false,not converged
1.305,mixed_mesh_0.05,L,0,-3.503246160812043e-46,1.0,n/a,0.0,n/a,false,not converged
1.31,mixed_mesh_0.025,H,0,0.0,0.9009523341188308,0.0,0.002312295492750193,-0.0026976844774987668,false,not converged
1.31,mixed_mesh_0.025,H,1,0.025,0.08923914318313238,-0.0003853778340438703,0.002312295492750193,-0.0026976844774987668,false,not converged
1.31,mixed_mesh_0.025,H,2,0.05,0.0088374594106292,-0.0007707576140963836,0.002312295492750193,-0.0026976844774987668,false,not converged
1.31,mixed_mesh_0.025,H,3,0.075,0.0008750197197262812,-0.0011561393056191526,0.002312295492750193,-0.0026976844774987668,false,not converged
1.31,mixed_mesh_0.025,H,4,0.1,8.662172849822162e-05,-0.0015415228725794937,0.002312295492750193,-0.0026976844774987668,false,not converged
1.31,mixed_mesh_0.025,H,5,0.125,8.573435497786536e-06,-0.0019269082797977355,0.002312295492750193,-0.0026976844774987668,false,not converged
1.31,mixed_mesh_0.025,H,6,0.15,8.484036852413496e-07,-0.002312295492750193,0.002312295492750193,-0.0026976844774987668,false,not converged
1.31,mixed_mesh_0.025,L,0,-3.503246160812043e-46,1.0,n/a,0.0,n/a,false,not converged
1.31,mixed_mesh_0.05,H,0,0.0,0.9901909947804257,0.0,0.002312267654701536,-0.003083026174522785,false,not converged
1.31,mixed_mesh_0.05,H,1,0.05,0.0097128599765065,-0.0007707545170541773,0.002312267654701536,-0.003083026174522785,false,not converged
1.31,mixed_mesh_0.05,H,2,0.1,9.521250265608395e-05,-0.0015415104189901723,0.002312267654701536,-0.003083026174522785,false,not converged
1.31,mixed_mesh_0.05,H,3,0.15,9.327404116437727e-07,-0.002312267654701536,0.002312267654701536,-0.003083026174522785,false,not converged
1.31,mixed_mesh_0.05,L,0,-3.503246160812043e-46,1.0,n/a,0.0,n/a,false,not converged
1.315,mixed_mesh_0.025,H,0,0.0,0.898984968523067,0.0,0.002292633215942684,-0.0026747454833272134,false,not converged
1.315,mixed_mesh_0.025,H,1,0.025,0.09081306453161853,-0.0003821005441212626,0.002292633215942684,-0.0026747454833272134,false,not converged
1.315,mixed_mesh_0.025,H,2,0.05,0.00917191075942823,-0.0007642031341393205,0.002292633215942684,-0.0026747454833272134,false,not converged
1.315,mixed_mesh_0.025,H,3,0.075,0.0009261616553481597,-0.001146307733789618,0.002292633215942684,-0.0026747454833272134,false,not converged
1.315,mixed_mesh_0.025,H,4,0.1,9.350385026444125e-05,-0.0015284143051847168,0.002292633215942684,-0.0026747454833272134,false,not converged
1.315,mixed_mesh_0.025,H,5,0.125,9.438182391716068e-06,-0.001910522811334863,0.002292633215942684,-0.0026747454833272134,false,not converged
1.315,mixed_mesh_0.025,H,6,0.15,9.524978818366165e-07,-0.002292633215942684,0.002292633215942684,-0.0026747454833272134,false,not converged
1.315,mixed_mesh_0.025,L,0,-3.503246160812043e-46,1.0,n/a,0.0,n/a,false,not converged
1.315,mixed_mesh_0.05,H,0,0.0,0.9897975025013052,0.0,0.002292604073382679,-0.003056808251307038,false,not converged
1.315,mixed_mesh_0.05,H,1,0.05,0.01009848690288915,-0.0007641998938044326,0.002292604073382679,-0.003056808251307038,false,not converged
1.315,mixed_mesh_0.05,H,2,0.1,0.00010296152774452189,-0.0015284012698287904,0.002292604073382679,-0.003056808251307038,false,not converged
1.315,mixed_mesh_0.05,H,3,0.15,1.0490680613148236e-06,-0.002292604073382679,0.002292604073382679,-0.003056808251307038,false,not converged
1.315,mixed_mesh_0.05,L,0,-3.503246160812043e-46,1.0,n/a,0.0,n/a,false,not converged
1.32,mixed_mesh_0.025,H,0,0.0,0.896957176533833,0.0,0.00265156609797329,-0.003030369240784,false,not converged
1.32,mixed_mesh_0.025,H,1,0.025,0.09242714583516064,-0.0003787888989474812,0.00265156609797329,-0.003030369240784,false,not converged
1.32,mixed_mesh_0.025,H,2,0.05,0.00952225962147993,-0.0007575799483670773,0.00265156609797329,-0.003030369240784,false,not converged
1.32,mixed_mesh_0.025,H,3,0.075,0.000980828394995464,-0.0011363731101919894,0.00265156609797329,-0.003030369240784,false,not converged
1.32,mixed_mesh_0.025,H,4,0.1,0.0001010087087872377,-0.0015151683445929918,0.00265156609797329,-0.003030369240784,false,not converged
1.32,mixed_mesh_0.025,H,5,0.125,1.0400108063767599e-05,-0.0018939656126850382,0.00265156609797329,-0.003030369240784,false,not converged
1.32,mixed_mesh_0.025,H,6,0.15,1.0706086692245656e-06,-0.0022727648763137204,0.00265156609797329,-0.003030369240784,false,not converged
1.32,mixed_mesh_0.025,H,7,0.175,1.1018901068888814e-07,-0.00265156609797329,0.00265156609797329,-0.003030369240784,false,not converged
1.32,mixed_mesh_0.025,L,0,-3.503246160812043e-46,1.0,n/a,0.0,n/a,false,not converged
1.32,mixed_mesh_0.05,H,0,0.0,0.9893838475653688,0.0,0.002272734378409613,-0.0030303155227348264,false,not converged
1.32,mixed_mesh_0.05,H,1,0.05,0.010503540336479551,-0.0007575765593335809,0.002272734378409613,-0.0030303155227348264,false,not converged
1.32,mixed_mesh_0.05,H,2,0.1,0.0001114307598068898,-0.0015151547049774199,0.002272734378409613,-0.0030303155227348264,false,not converged
1.32,mixed_mesh_0.05,H,3,0.15,1.1813383449313972e-06,-0.002272734378409613,0.002272734378409613,-0.0030303155227348264,false,not converged
1.32,mixed_mesh_0.05,L,0,-3.503246160812043e-46,1.0,n/a,0.0,n/a,false,not converged
1.325,mixed_mesh_0.025,H,0,0.0,0.8948673308622109,0.0,0.0026281490487859304,-0.0030036073055377684,false,not converged
1.325,mixed_mesh_0.025,H,1,0.025,0.0940821028377713,-0.0003754432875525144,0.0026281490487859304,-0.0030036073055377684,false,not converged
1.325,mixed_mesh_0.025,H,2,0.05,0.0098892875413416,-0.0007508888350431979,0.0026281490487859304,-0.0030036073055377684,false,not converged
1.325,mixed_mesh_0.025,H,3,0.075,0.0010392798491849818,-0.0011263366025233703,0.0026281490487859304,-0.0030036073055377684,false,not converged
1.325,mixed_mesh_0.025,H,4,0.1,0.00010919676436266073,-0.0015017865481306743,0.0026281490487859304,-0.0030036073055377684,false,not converged
1.325,mixed_mesh_0.025,H,5,0.125,1.1470894209610758e-05,-0.001877238630995476,0.0026281490487859304,-0.0030036073055377684,false,not converged
1.325,mixed_mesh_0.025,H,6,0.15,1.2047464893883486e-06,-0.002252692811019209,0.0026281490487859304,-0.0030036073055377684,false,not converged
1.325,mixed_mesh_0.025,H,7,0.175,1.265044295948464e-07,-0.0026281490487859304,0.0026281490487859304,-0.0030036073055377684,false,not converged
1.325,mixed_mesh_0.025,L,0,-3.503246160812043e-46,1.0,n/a,0.0,n/a,false,not converged
1.325,mixed_mesh_0.05,H,0,0.0,0.9889489158356378,0.0,0.002252660905633108,-0.0030035511041920943,false,not converged
1.325,mixed_mesh_0.05,H,1,0.05,0.010929059924379873,-0.0007508852917819508,0.002252660905633108,-0.0030035511041920943,false,not converged
1.325,mixed_mesh_0.05,H,2,0.1,0.00012069235687875856,-0.0015017722811991644,0.002252660905633108,-0.0030035511041920943,false,not converged
1.325,mixed_mesh_0.05,H,3,0.15,1.3318831035067857e-06,-0.002252660905633108,0.002252660905633108,-0.0030035511041920943,false,not converged
1.325,mixed_mesh_0.05,L,0,-3.503246160812043e-46,1.0,n/a,0.0,n/a,false,not converged
1.33,mixed_mesh_0.025,H,0,0.0,0.8927134700892297,0.0,0.0026044970233587957,-0.002976576845146173,false,not converged
1.33,mixed_mesh_0.025,H,1,0.025,0.09577862133888325,-0.0003720640931380539,0.0026044970233587957,-0.002976576845146173,false,not converged
1.33,mixed_mesh_0.025,H,2,0.05,0.010273811941169527,-0.0007441305608244981,0.0026044970233587957,-0.002976576845146173,false,not converged
1.33,mixed_mesh_0.025,H,3,0.075,0.0011017956647948327,-0.0011161993611457576,0.0026044970233587957,-0.002976576845146173,false,not converged
1.33,mixed_mesh_0.025,H,4,0.1,0.0001181346170428097,-0.0014882704501105312,0.0026044970233587957,-0.002976576845146173,false,not converged
1.33,mixed_mesh_0.025,H,5,0.125,1.2663695602823013e-05,-0.0018603437847707935,0.0026044970233587957,-0.002976576845146173,false,not converged
1.33,mixed_mesh_0.025,H,6,0.15,1.3572241672426919e-06,-0.0022324193229922218,0.0026044970233587957,-0.002976576845146173,false,not converged
1.33,mixed_mesh_0.025,H,7,0.175,1.45429109797476e-07,-0.0026044970233587957,0.0026044970233587957,-0.002976576845146173,false,not converged
1.33,mixed_mesh_0.025,L,0,-3.503246160812043e-46,1.0,n/a,0.0,n/a,false,not converged
1.33,mixed_mesh_0.05,H,0,0.0,0.9884915264578334,0.0,0.0022323859559692525,-0.0029765180645534703,false,not converged
1.33,mixed_mesh_0.05,H,1,0.05,0.01137614402234671,-0.0007441268576095552,0.0022323859559692525,-0.0029765180645534703,false,not converged
1.33,mixed_mesh_0.05,H,2,0.1,0.00013082612669461287,-0.0014882555319323475,0.0022323859559692525,-0.0029765180645534703,false,not converged
1.33,mixed_mesh_0.05,H,3,0.15,1.5033931252861508e-06,-0.0022323859559692525,0.0022323859559692525,-0.0029765180645534703,false,not converged
1.33,mixed_mesh_0.05,L,0,-3.503246160812043e-46,1.0,n/a,0.0,n/a,false,not converged
1.335,mixed_mesh_0.025,H,0,0.0,0.8904936528526719,0.0,0.0025806126691274196,-0.0029492808861993434,false,not converged
1.335,mixed_mesh_0.025,H,1,0.025,0.09751739134730857,-0.00036865169316562137,0.0025806126691274196,-0.0029492808861993434,false,not converged
1.335,mixed_mesh_0.025,H,2,0.05,0.010676691494819163,-0.0007373058808889314,0.0025806126691274196,-0.0029492808861993434,false,not converged
1.335,mixed_mesh_0.025,H,3,0.075,0.0011686771631780068,-0.0011059625192048118,0.0025806126691274196,-0.0029492808861993434,false,not converged
1.335,mixed_mesh_0.025,H,4,0.1,0.0001278956952638141,-0.0014746215618924702,0.0025806126691274196,-0.0029492808861993434,false,not converged
1.335,mixed_mesh_0.025,H,5,0.125,1.3993337628289607e-05,-0.0018432829638269862,0.0025806126691274196,-0.0029492808861993434,false,not converged
1.335,mixed_mesh_0.025,H,6,0.15,1.5307046655740263e-06,-0.0022119466807421183,0.0025806126691274196,-0.0029492808861993434,false,not converged
1.335,mixed_mesh_0.025,H,7,0.175,1.6740446467801993e-07,-0.0025806126691274196,0.0025806126691274196,-0.0029492808861993434,false,not converged
1.335,mixed_mesh_0.025,L,0,-3.503246160812043e-46,1.0,n/a,0.0,n/a,false,not converged
1.335,mixed_mesh_0.05,H,0,0.0,0.9880104276795826,0.0,0.002211911796068878,-0.002949219427080148,false,not converged
1.335,mixed_mesh_0.05,H,1,0.05,0.011845952972538792,-0.0007373020118164751,0.002211911796068878,-0.002949219427080148,false,not converged
1.335,mixed_mesh_0.05,H,2,0.1,0.00014192037213607206,-0.0014746059677340695,0.002211911796068878,-0.002949219427080148,false,not converged
1.335,mixed_mesh_0.05,H,3,0.15,1.6989757426011738e-06,-0.002211911796068878,0.002211911796068878,-0.002949219427080148,false,not converged
1.335,mixed_mesh_0.05,L,0,-3.503246160812043e-46,1.0,n/a,0.0,n/a,false,not converged
1.34,mixed_mesh_0.025,H,0,0.0,0.888205869180449,0.0,0.002556498594423378,-0.002921722410650084,false,not converged
1.34,mixed_mesh_0.025,H,1,0.025,0.09929909616980064,-0.0003652064594690543,0.002556498594423378,-0.002921722410650084,false,not converged
1.34,mixed_mesh_0.025,H,2,0.05,0.011098827002059278,-0.0007304155391732465,0.002556498594423378,-0.002921722410650084,false,not converged
1.34,mixed_mesh_0.025,H,3,0.075,0.0012402489385322894,-0.0010956271930054689,0.002556498594423378,-0.002921722410650084,false,not converged
1.34,mixed_mesh_0.025,H,4,0.1,0.00013856096790735754,-0.0014608413724099005,0.002556498594423378,-0.002921722410650084,false,not converged
1.34,mixed_mesh_0.025,H,5,0.125,1.5476535249305455e-05,-0.001826058029981259,0.002556498594423378,-0.002921722410650084,false,not converged
1.34,mixed_mesh_0.025,H,6,0.15,1.7282560087329892e-06,-0.0021912771192203985,0.002556498594423378,-0.002921722410650084,false,not converged
1.34,mixed_mesh_0.025,H,7,0.175,1.9294999343005132e-07,-0.002556498594423378,0.002556498594423378,-0.002921722410650084,false,not converged
1.34,mixed_mesh_0.025,L,0,-3.503246160812043e-46,1.0,n/a,0.0,n/a,false,not converged
1.34,mixed_mesh_0.05,H,0,0.0,0.9875042923953309,0.0,0.0021912406589732155,-0.002921658170299854,false,not converged
1.34,mixed_mesh_0.05,H,1,0.05,0.01233971254964301,-0.0007304114981584256,0.0021912406589732155,-0.002921658170299854,false,not converged
1.34,mixed_mesh_0.05,H,2,0.1,0.00015407283303127563,-0.0014608250767143619,0.0021912406589732155,-0.002921658170299854,false,not converged
1.34,mixed_mesh_0.05,H,3,0.15,1.922221994804684e-06,-0.0021912406589732155,0.0021912406589732155,-0.002921658170299854,false,not converged
1.34,mixed_mesh_0.05,L,0,-3.503246160812043e-46,1.0,n/a,0.0,n/a,false,not converged
1.345,mixed_mesh_0.025,H,0,0.0,0.8858480381356182,0.0,0.0025321573692271317,-0.002893904356677646,false,not converged
1.345,mixed_mesh_0.025,H,1,0.025,0.10112441002261596,-0.0003617287583594116,0.0025321573692271317,-0.002893904356677646,false,not converged
1.345,mixed_mesh_0.025,H,2,0.05,0.011541163188455994,-0.0007234602685836985,0.0025321573692271317,-0.002893904356677646,false,not converged
1.345,mixed_mesh_0.025,H,3,0.075,0.0013168606748433528,-0.0010851944823293558,0.0025321573692271317,-0.002893904356677646,false,not converged
1.345,mixed_mesh_0.025,H,4,0.1,0.00015021974300786088,-0.0014469313485947297,0.0025321573692271317,-0.002893904356677646,false,not converged
1.345,mixed_mesh_0.025,H,5,0.125,1.7132142640082744e-05,-0.0018086708175854636,0.0025321573692271317,-0.002893904356677646,false,not converged
1.345,mixed_mesh_0.025,H,6,0.15,1.953415209852971e-06,-0.0021704128404634255,0.0025321573692271317,-0.002893904356677646,false,not converged
1.345,mixed_mesh_0.025,H,7,0.175,2.2267760870284508e-07,-0.0025321573692271317,0.0025321573692271317,-0.002893904356677646,false,not converged
1.345,mixed_mesh_0.025,L,0,-3.503246160812043e-46,1.0,n/a,0.0,n/a,false,not converged
1.345,mixed_mesh_0.05,H,0,0.0,0.9869717133984613,0.0,0.0021703747447563413,-0.0028938372288696717,false,not converged
1.345,mixed_mesh_0.05,H,1,0.05,0.012858717581043802,-0.0007234560493576711,0.0021703747447563413,-0.0028938372288696717,false,not converged
1.345,mixed_mesh_0.05,H,2,0.1,0.00016739173550257749,-0.001446914324961288,0.0021703747447563413,-0.0028938372288696717,false,not converged
1.345,mixed_mesh_0.05,H,3,0.15,2.177284992284217e-06,-0.0021703747447563413,0.0021703747447563413,-0.0028938372288696717,false,not converged
1.345,mixed_mesh_0.05,L,0,-3.503246160812043e-46,1.0,n/a,0.0,n/a,false,not converged
1.35,mixed_mesh_0.025,H,0,0.0,0.88341800537081,0.0,0.0025075915259060236,-0.002865829619534792,false,not converged
1.35,mixed_mesh_0.025,H,1,0.025,0.10299399542158778,-0.00035821895072755906,0.0025075915259060236,-0.002865829619534792,false,not converged
1.35,mixed_mesh_0.025,H,2,0.05,0.012004690545575649,-0.0007164407912021893,0.0025075915259060236,-0.002865829619534792,false,not converged
1.35,mixed_mesh_0.025,H,3,0.075,0.0013988891015805941,-0.0010746654707454448,0.0025075915259060236,-0.002865829619534792,false,not converged
1.35,mixed_mesh_0.025,H,4,0.1,0.00016297055250362458,-0.001432892935793481,0.0025075915259060236,-0.002865829619534792,false,not converged
1.35,mixed_mesh_0.025,H,5,0.125,1.898143667967883e-05,-0.001791123134048606,0.0025075915259060236,-0.002865829619534792,false,not converged
1.35,mixed_mesh_0.025,H,6,0.15,2.2102625885300098e-06,-0.002149356014222234,0.0025075915259060236,-0.002865829619534792,false,not converged
1.35,mixed_mesh_0.025,H,7,0.175,2.57308674122649e-07,-0.0025075915259060236,0.0025075915259060236,-0.002865829619534792,false,not converged
1.35,mixed_mesh_0.025,L,0,-3.503246160812043e-46,1.0,n/a,0.0,n/a,false,not converged
1.35,mixed_mesh_0.05,H,0,0.0,0.9864111983208321,0.0,0.0021493162211548168,-0.002865759494422325,false,not converged
1.35,mixed_mesh_0.05,H,1,0.05,0.013404335746394658,-0.0007164363873093993,0.0021493162211548168,-0.002865759494422325,false,not converged
1.35,mixed_mesh_0.05,H,2,0.1,0.00018199696137045332,-0.0014328751569572394,0.0021493162211548168,-0.002865759494422325,false,not converged
1.35,mixed_mesh_0.05,H,3,0.15,2.468971402680072e-06,-0.0021493162211548168,0.0021493162211548168,-0.002865759494422325,false,not converged
1.35,mixed_mesh_0.05,L,0,-3.503246160812043e-46,1.0,n/a,0.0,n/a,false,not converged
1.355,mixed_mesh_0.025,H,0,0.0,0.8809135405889332,0.0,0.002482803559938002,-0.0028375010523788227,false,not converged
1.355,mixed_mesh_0.025,H,1,0.025,0.10490850033276537,-0.00035467739214449826,0.002482803559938002,-0.0028375010523788227,false,not converged
1.355,mixed_mesh_0.025,H,2,0.05,0.01249044720669344,-0.0007093578184879682,0.002482803559938002,-0.0028375010523788227,false,not converged
1.355,mixed_mesh_0.025,H,3,0.075,0.0014867400978387673,-0.0010640412259141623,0.002482803559938002,-0.0028375010523788227,false,not converged
1.355,mixed_mesh_0.025,H,4,0.1,0.00017692213230357251,-0.0014187275581748256,0.002482803559938002,-0.0028375010523788227,false,not converged
1.355,mixed_mesh_0.025,H,5,0.125,2.104843898129602e-05,-0.0017734167603488033,0.002482803559938002,-0.0028375010523788227,false,not converged
1.355,mixed_mesh_0.025,H,6,0.15,2.5035082071066864e-06,-0.002128108778579889,0.002482803559938002,-0.0028375010523788227,false,not converged
1.355,mixed_mesh_0.025,H,7,0.175,2.9769427727846475e-07,-0.002482803559938002,0.002482803559938002,-0.0028375010523788227,false,not converged
1.355,mixed_mesh_0.025,L,0,-3.503246160812043e-46,1.0,n/a,0.0,n/a,false,not converged
1.355,mixed_mesh_0.05,H,0,0.0,0.9858211642385946,0.0,0.0021280672241850178,-0.002837427816396605,false,not converged
1.355,mixed_mesh_0.05,H,1,0.05,0.013978011561505459,-0.0007093532232836982,0.0021280672241850178,-0.002837427816396605,false,not converged
1.355,mixed_mesh_0.05,H,2,0.1,0.00019802135158243452,-0.001418708995986733,0.0021280672241850178,-0.002837427816396605,false,not converged
1.355,mixed_mesh_0.05,H,3,0.15,2.802848317527285e-06,-0.0021280672241850178,0.0021280672241850178,-0.002837427816396605,false,not converged
1.355,mixed_mesh_0.05,L,0,-3.503246160812043e-46,1.0,n/a,0.0,n/a,false,not converged
1.36,mixed_mesh_0.025,H,0,0.0,0.8783323349069025,0.0,0.0024577959306216236,-0.0028089214670872324,false,not converged
1.36,mixed_mesh_0.025,H,1,0.025,0.10686855506433508,-0.0003511044329594998,0.0024577959306216236,-0.0028089214670872324,false,not converged
1.36,mixed_mesh_0.025,H,2,0.05,0.012999520852124441,-0.0007022120514750204,0.0024577959306216236,-0.0028089214670872324,false,not converged
1.36,mixed_mesh_0.025,H,3,0.075,0.0015808509551251326,-0.0010533227998851488,0.0024577959306216236,-0.0028089214670872324,false,not converged
1.36,mixed_mesh_0.025,H,4,0.1,0.0001921945079176183,-0.0014044366191288135,0.0024577959306216236,-0.0028089214670872324,false,not converged
1.36,mixed_mesh_0.025,H,5,0.125,2.336028178119798e-05,-0.0017555534515350574,0.0024577959306216236,-0.0028089214670872324,false,not converged
1.36,mixed_mesh_0.025,H,6,0.15,2.838592446053884e-06,-0.0021066732405568586,0.0024577959306216236,-0.0028089214670872324,false,not converged
1.36,mixed_mesh_0.025,H,7,0.175,3.4483936781381077e-07,-0.0024577959306216236,0.0024577959306216236,-0.0028089214670872324,false,not converged
1.36,mixed_mesh_0.025,L,0,-3.503246160812043e-46,1.0,n/a,0.0,n/a,false,not converged
1.36,mixed_mesh_0.05,H,0,0.0,0.9851999319216888,0.0,0.0021066298587486135,-0.0028088450028526304,false,not converged
1.36,mixed_mesh_0.05,H,1,0.05,0.01458127055089074,-0.0007022072581232595,0.0021066298587486135,-0.0028088450028526304,false,not converged
1.36,mixed_mesh_0.05,H,2,0.1,0.0002156121592655783,-0.001404417244535988,0.0021066298587486135,-0.0028088450028526304,false,not converged
1.36,mixed_mesh_0.05,H,3,0.15,3.185368154868813e-06,-0.0021066298587486135,0.0021066298587486135,-0.0028088450028526304,false,not converged
1.36,mixed_mesh_0.05,L,0,-3.503246160812043e-46,1.0,n/a,0.0,n/a,false,not converged
1.365,mixed_mesh_0.025,H,0,0.0,0.8756719981190424,0.0,0.002432571061772841,-0.0027800936350585795,false,not converged
1.365,mixed_mesh_0.025,H,1,0.025,0.10887476887909837,-0.00034750041839608974,0.002432571061772841,-0.0027800936350585795,false,not converged
1.365,mixed_mesh_0.025,H,2,0.05,0.013533050637055495,-0.0006950041809652497,0.002432571061772841,-0.0027800936350585795,false,not converged
1.365,mixed_mesh_0.025,H,3,0.075,0.0016816928094860195,-0.0010425112293888411,0.002432571061772841,-0.0027800936350585795,false,not converged
1.365,mixed_mesh_0.025,H,4,0.1,0.00020892019696976783,-0.0013900215016580371,0.002432571061772841,-0.0027800936350585795,false,not converged
1.365,mixed_mesh_0.025,H,5,0.125,2.5947623751584062e-05,-0.0017375349372191625,0.002432571061772841,-0.0027800936350585795,false,not converged
1.365,mixed_mesh_0.025,H,6,0.15,3.2218030812285306e-06,-0.0020850514767048007,0.002432571061772841,-0.0027800936350585795,false,not converged
1.365,mixed_mesh_0.025,H,7,0.175,3.999315152476816e-07,-0.002432571061772841,0.002432571061772841,-0.0027800936350585795,false,not converged
1.365,mixed_mesh_0.025,L,0,-3.503246160812043e-46,1.0,n/a,0.0,n/a,false,not converged
1.365,mixed_mesh_0.05,H,0,0.0,0.984545719702866,0.0,0.0020850061992266364,-0.002780013821272561,false,not converged
1.365,mixed_mesh_0.05,H,1,0.05,0.01521572361259505,-0.000694999182436927,0.0020850061992266364,-0.002780013821272561,false,not converged
1.365,mixed_mesh_0.05,H,2,0.1,0.00023493266981722253,-0.00139000128468455,0.0020850061992266364,-0.002780013821272561,false,not converged
1.365,mixed_mesh_0.05,H,3,0.15,3.6240147218217984e-06,-0.0020850061992266364,0.0020850061992266364,-0.002780013821272561,false,not converged
1.365,mixed_mesh_0.05,L,0,-3.503246160812043e-46,1.0,n/a,0.0,n/a,false,not converged
1.37,mixed_mesh_0.025,H,0,0.0,0.8729300558567221,0.0,0.0024071313424091855,-0.0027510202879993287,false,not converged
1.37,mixed_mesh_0.025,H,1,0.025,0.11092772630522085,-0.0003438656886459549,0.0024071313424091855,-0.0027510202879993287,false,not converged
1.37,mixed_mesh_0.025,H,2,0.05,0.014092229133357635,-0.0006877348877175951,0.0024071313424091855,-0.0027510202879993287,false,not converged
1.37,mixed_mesh_0.025,H,3,0.075,0.0017897732541484856,-0.001031607536122099,0.0024071313424091855,-0.0027510202879993287,false,not converged
1.37,mixed_mesh_0.025,H,4,0.1,0.00022724554108872385,-0.0013754835687610429,0.0024071313424091855,-0.0027510202879993287,false,not converged
1.37,mixed_mesh_0.025,H,5,0.125,2.884512264422492e-05,-0.0017193629220581554,0.0024071313424091855,-0.0027510202879993287,false,not converged
1.37,mixed_mesh_0.025,H,6,0.15,3.6604116266337714e-06,-0.0020632455336892803,0.0024071313424091855,-0.0027510202879993287,false,not converged
1.37,mixed_mesh_0.025,H,7,0.175,4.6437519132639775e-07,-0.0024071313424091855,0.0024071313424091855,-0.0027510202879993287,false,not converged
1.37,mixed_mesh_0.025,L,0,-3.503246160812043e-46,1.0,n/a,0.0,n/a,false,not converged
1.37,mixed_mesh_0.05,H,0,0.0,0.9838566369404294,0.0,0.0020631982900626462,-0.002750936999347529,false,not converged
1.37,mixed_mesh_0.05,H,1,0.05,0.01588307157798633,-0.0006877296767892258,0.0020631982900626462,-0.002750936999347529,false,not converged
1.37,mixed_mesh_0.05,H,2,0.1,0.0002561640074709124,-0.0013754624784892645,0.0020631982900626462,-0.002750936999347529,false,not converged
1.37,mixed_mesh_0.05,H,3,0.15,4.127474113465761e-06,-0.0020631982900626462,0.0020631982900626462,-0.002750936999347529,false,not converged
1.37,mixed_mesh_0.05,L,0,-3.503246160812043e-46,1.0,n/a,0.0,n/a,false,not converged
1.375,mixed_mesh_0.025,H,0,0.0,0.8701039466406958,0.0,0.002381479127421844,-0.0027217041186972375,false,not converged
1.375,mixed_mesh_0.025,H,1,0.025,0.1130279831213083,-0.00034020057896081085,0.002381479127421844,-0.0027217041186972375,false,not converged
1.375,mixed_mesh_0.025,H,2,0.05,0.014678304275263433,-0.0006804048426331762,0.002381479127421844,-0.0027217041186972375,false,not converged
1.375,mixed_mesh_0.025,H,3,0.075,0.0019056391443067402,-0.0010206127270280278,0.002381479127421844,-0.0027217041186972375,false,not converged
1.375,mixed_mesh_0.025,H,4,0.1,0.0002473321809578111,-0.0013608241638082175,0.002381479127421844,-0.0027217041186972375,false,not converged
1.375,mixed_mesh_0.025,H,5,0.125,3.2091972629989476e-05,-0.0017010390862276107,0.002381479127421844,-0.0027217041186972375,false,not converged
1.375,mixed_mesh_0.025,H,6,0.15,4.16283217570519e-06,-0.0020412574288618036,0.002381479127421844,-0.0027217041186972375,false,not converged
1.375,mixed_mesh_0.025,H,7,0.175,5.39832662208736e-07,-0.002381479127421844,0.002381479127421844,-0.0027217041186972375,false,not converged
1.375,mixed_mesh_0.025,L,0,-3.503246160812043e-46,1.0,n/a,0.0,n/a,false,not converged
1.375,mixed_mesh_0.05,H,0,0.0,0.9831306770471209,0.0,0.00204120814633543,-0.0027216172257514184,false,not converged
1.375,mixed_mesh_0.05,H,1,0.05,0.01658510996807741,-0.0006803994118859809,0.00204120814633543,-0.0027216172257514184,false,not converged
1.375,mixed_mesh_0.05,H,2,0.1,0.00027950715002576283,-0.001360802168360855,0.00204120814633543,-0.0027216172257514184,false,not converged
1.375,mixed_mesh_0.05,H,3,0.15,4.705834776013832e-06,-0.00204120814633543,0.00204120814633543,-0.0027216172257514184,false,not converged
1.375,mixed_mesh_0.05,L,0,-3.503246160812043e-46,1.0,n/a,0.0,n/a,false,not converged
1.38,mixed_mesh_0.025,H,0,0.0,0.8671910188225274,0.0,0.0023556167382362226,-0.0026921477817820265,false,not converged
1.38,mixed_mesh_0.025,H,1,0.025,0.11517606199007846,-0.00033650541974228945,0.0023556167382362226,-0.0026921477817820265,false,not converged
1.38,mixed_mesh_0.025,H,2,0.05,0.015292581296978938,-0.000673014706936591,0.0023556167382362226,-0.0026921477817820265,false,not converged
1.38,mixed_mesh_0.025,H,3,0.075,0.0020298796060968455,-0.0010095277945702057,0.0023556167382362226,-0.0026921477817820265,false,not converged
1.38,mixed_mesh_0.025,H,4,0.1,0.0002693586897127846,-0.0013460446109104288,0.0023556167382362226,-0.0026921477817820265,false,not converged
1.38,mixed_mesh_0.025,H,5,0.125,3.573251528904876e-05,-0.0016825650858861689,0.0023556167382362226,-0.0026921477817820265,false,not converged
1.38,mixed_mesh_0.025,H,6,0.15,4.738806523813084e-06,-0.0020190891508216615,0.0023556167382362226,-0.0026921477817820265,false,not converged
1.38,mixed_mesh_0.025,H,7,0.175,6.282727927912258e-07,-0.0023556167382362226,0.0023556167382362226,-0.0026921477817820265,false,not converged
1.38,mixed_mesh_0.025,L,0,-3.503246160812043e-46,1.0,n/a,0.0,n/a,false,not converged
1.38,mixed_mesh_0.05,H,0,0.0,0.9823657100557046,0.0,0.002019037754321722,-0.0026920571509022303,false,not converged
1.38,mixed_mesh_0.05,H,1,0.05,0.017323733946534234,-0.0006730090487561489,0.002019037754321722,-0.0026920571509022303,false,not converged
1.38,mixed_mesh_0.05,H,2,0.1,0.00030518517593020755,-0.0013460216774333943,0.002019037754321722,-0.0026920571509022303,false,not converged
1.38,mixed_mesh_0.05,H,3,0.15,5.3708218309390555e-06,-0.002019037754321722,0.002019037754321722,-0.0026920571509022303,false,not converged
1.38,mixed_mesh_0.05,L,0,-3.503246160812043e-46,1.0,n/a,0.0,n/a,false,not converged
1.385,mixed_mesh_0.025,H,0,0.0,0.864188527411429,0.0,0.0023295464634615704,-0.0026623538944740128,false,not converged
1.385,mixed_mesh_0.025,H,1,0.025,0.11737244771297344,-0.0003327805366298947,0.0023295464634615704,-0.0026623538944740128,false,not converged
1.385,mixed_mesh_0.025,H,2,0.05,0.015936424648250964,-0.0006655651323534753,0.0023295464634615704,-0.0026623538944740128,false,not converged
1.385,mixed_mesh_0.025,H,3,0.075,0.0021631292621649154,-0.0009983537170014875,0.0023295464634615704,-0.0026623538944740128,false,not converged
1.385,mixed_mesh_0.025,H,4,0.1,0.0002935223814116761,-0.0013311462152806937,0.0023295464634615704,-0.0026623538944740128,false,not converged
1.385,mixed_mesh_0.025,H,5,0.125,3.981693444509214e-05,-0.001663942553631643,0.0023295464634615704,-0.0026623538944740128,false,not converged
1.385,mixed_mesh_0.025,H,6,0.15,5.399619998346926e-06,-0.0019967426599680313,0.0023295464634615704,-0.0026623538944740128,false,not converged
1.385,mixed_mesh_0.025,H,7,0.175,7.320293264426804e-07,-0.0023295464634615704,0.0023295464634615704,-0.0026623538944740128,false,not converged
1.385,mixed_mesh_0.025,L,0,-3.503246160812043e-46,1.0,n/a,0.0,n/a,false,not converged
1.385,mixed_mesh_0.05,H,0,0.0,0.9815593639715258,0.0,0.0026622593884361276,-0.003327833125284588,false,not converged
1.385,mixed_mesh_0.05,H,1,0.05,0.018100941426090898,-0.0006655592389742651,0.0026622593884361276,-0.003327833125284588,false,not converged
1.385,mixed_mesh_0.05,H,2,0.1,0.000333445733080514,-0.0013311223101069836,0.0026622593884361276,-0.003327833125284588,false,not converged
1.385,mixed_mesh_0.05,H,3,0.15,6.136070971708354e-06,-0.0019966890724568654,0.0026622593884361276,-0.003327833125284588,false,not converged
1.385,mixed_mesh_0.05,H,4,0.2,1.1279833099844563e-07,-0.0026622593884361276,0.0026622593884361276,-0.003327833125284588,false,not converged
1.385,mixed_mesh_0.05,L,0,-3.503246160812043e-46,1.0,n/a,0.0,n/a,false,not converged
1.39,mixed_mesh_0.025,H,0,0.0,0.8610935288680741,0.0,0.0026323250380747747,-0.00296138325149951,false,not converged
1.39,mixed_mesh_0.025,H,1,0.025,0.11961756791866605,-0.0003290262505970128,0.0026323250380747747,-0.00296138325149951,false,not converged
1.39,mixed_mesh_0.025,H,2,0.05,0.01661125790555181,-0.000658056761328245,0.0026323250380747747,-0.00296138325149951,false,not converged
1.39,mixed_mesh_0.025,H,3,0.075,0.002306071413583117,-0.0009870914587294395,0.0026323250380747747,-0.00296138325149951,false,not converged
1.39,mixed_mesh_0.025,H,4,0.1,0.0003200412750930466,-0.0013161302637733471,0.0026323250380747747,-0.00296138325149951,false,not converged
1.39,mixed_mesh_0.025,H,5,0.125,4.440204118821663e-05,-0.0016451730992398917,0.0026323250380747747,-0.00296138325149951,false,not converged
1.39,mixed_mesh_0.025,H,6,0.15,6.1583524474957135e-06,-0.001974219889464288,0.0026323250380747747,-0.00296138325149951,false,not converged
1.39,mixed_mesh_0.025,H,7,0.175,8.538704162344109e-07,-0.0023032705601060666,0.0026323250380747747,-0.00296138325149951,false,not converged
1.39,mixed_mesh_0.025,H,8,0.2,1.1835497983432214e-07,-0.0026323250380747747,0.0026323250380747747,-0.00296138325149951,false,not converged
1.39,mixed_mesh_0.025,L,0,-3.503246160812043e-46,1.0,n/a,0.0,n/a,false,not converged
1.39,mixed_mesh_0.05,H,0,0.0,0.9807094375763526,0.0,0.0026322265132100336,-0.00329029265820944,false,not converged
1.39,mixed_mesh_0.05,H,1,0.05,0.018918846064319605,-0.0006580506246677448,0.0026322265132100336,-0.00329029265820944,false,not converged
1.39,mixed_mesh_0.05,H,2,0.1,0.00036456397348569753,-0.0013161053517237438,0.0026322265132100336,-0.00329029265820944,false,not converged
1.39,mixed_mesh_0.05,H,3,0.15,7.017452905521809e-06,-0.0019741640303399827,0.0026322265132100336,-0.00329029265820944,false,not converged
1.39,mixed_mesh_0.05,H,4,0.2,1.3493293650205502e-07,-0.0026322265132100336,0.0026322265132100336,-0.00329029265820944,false,not converged
1.39,mixed_mesh_0.05,L,0,-3.503246160812043e-46,1.0,n/a,0.0,n/a,false,not converged
1.395,mixed_mesh_0.025,H,0,0.0,0.8579032659824047,0.0,0.0026020637558458637,-0.0029273401801961085,false,not converged
1.395,mixed_mesh_0.025,H,1,0.025,0.12191184102017004,-0.00032524287799752326,0.0026020637558458637,-0.0029273401801961085,false,not converged
1.395,mixed_mesh_0.025,H,2,0.05,0.01731857297378909,-0.0006504902270287742,0.0026020637558458637,-0.0029273401801961085,false,not converged
1.395,mixed_mesh_0.025,H,3,0.075,0.0024594427538495024,-0.0009757419701895981,0.0026020637558458637,-0.0029273401801961085,false,not converged
1.395,mixed_mesh_0.025,H,4,0.1,0.0003491564504223168,-0.0013009980245359577,0.0026020637558458637,-0.0029273401801961085,false,not converged
1.395,mixed_mesh_0.025,H,5,0.125,4.955219206436091e-05,-0.0016262583090055954,0.0026020637558458637,-0.0029273401801961085,false,not converged
1.395,mixed_mesh_0.025,H,6,0.15,7.030174558292182e-06,-0.0019515227441785532,0.0026020637558458637,-0.0029273401801961085,false,not converged
1.395,mixed_mesh_0.025,H,7,0.175,9.970822288852922e-07,-0.002276791252029375,0.0026020637558458637,-0.0029273401801961085,false,not converged
1.395,mixed_mesh_0.025,H,8,0.2,1.413705127042817e-07,-0.0026020637558458637,0.0026020637558458637,-0.0029273401801961085,false,not converged
1.395,mixed_mesh_0.025,L,0,-3.503246160812043e-46,1.0,n/a,0.0,n/a,false,not converged
1.395,mixed_mesh_0.05,H,0,0.0,0.979813287508651,0.0,0.0026019610659296323,-0.0032524615211245375,false,not converged
1.395,mixed_mesh_0.05,H,1,0.05,0.019779671938358404,-0.0006504838389265262,0.0026019610659296323,-0.0032524615211245375,false,not converged
1.395,mixed_mesh_0.05,H,2,0.1,0.00039884547730234646,-0.001300972069886937,0.0026019610659296323,-0.0032524615211245375,false,not converged
1.395,mixed_mesh_0.05,H,3,0.15,8.033447472850266e-06,-0.0019514645314631163,0.0026019610659296323,-0.0032524615211245375,false,not converged
1.395,mixed_mesh_0.05,H,4,0.2,1.6162821534658982e-07,-0.0026019610659296323,0.0026019610659296323,-0.0032524615211245375,false,not converged
1.395,mixed_mesh_0.05,L,0,-3.503246160812043e-46,1.0,n/a,0.0,n/a,false,not converged
1.4,mixed_mesh_0.025,H,0,0.0,0.8546146071063866,0.0,0.0025715725577869133,-0.002893038496671438,false,not converged
1.4,mixed_mesh_0.025,H,1,0.025,0.12425559373718222,-0.00032143073070195195,0.0025715725577869133,-0.002893038496671438,false,not converged
1.4,mixed_mesh_0.025,H,2,0.05,0.01805992135500784,-0.0006428661537498022,0.0025715725577869133,-0.002893038496671438,false,not converged
1.4,mixed_mesh_0.025,H,3,0.075,0.0026240358864805862,-0.0009643061886485624,0.0025715725577869133,-0.002893038496671438,false,not converged
1.4,mixed_mesh_0.025,H,4,0.1,0.00038113430273770365,-0.0012857507483450853,0.0025715725577869133,-0.002893038496671438,false,not converged
1.4,mixed_mesh_0.025,H,5,0.125,5.534028475948438e-05,-0.001607199747743382,0.0025715725577869133,-0.002893038496671438,false,not converged
1.4,mixed_mesh_0.025,H,6,0.15,8.032686891591678e-06,-0.0019286531034817893,0.0025715725577869133,-0.002893038496671438,false,not converged
1.4,mixed_mesh_0.025,H,7,0.175,1.1655679978999435e-06,-0.002250110733667346,0.0025715725577869133,-0.002893038496671438,false,not converged
1.4,mixed_mesh_0.025,H,8,0.2,1.6907255598511133e-07,-0.0025715725577869133,0.0025715725577869133,-0.002893038496671438,false,not converged
1.4,mixed_mesh_0.025,L,0,-3.503246160812043e-46,1.0,n/a,0.0,n/a,false,not converged
1.4,mixed_mesh_0.05,H,0,0.0,0.9788682045843003,0.0,0.0025714655513896702,-0.0032143428484007735,false,not converged
1.4,mixed_mesh_0.05,H,1,0.05,0.02068576611136048,-0.000642859505819287,0.0025714655513896702,-0.0032143428484007735,false,not converged
1.4,mixed_mesh_0.05,H,2,0.1,0.00043662985351391645,-0.001285723714188584,0.0025714655513896702,-0.0032143428484007735,false,not converged
1.4,mixed_mesh_0.05,H,3,0.15,9.205588918934448e-06,-0.001928592452344555,0.0025714655513896702,-0.0032143428484007735,false,not converged
1.4,mixed_mesh_0.05,H,4,0.2,1.9386190629849213e-07,-0.0025714655513896702,0.0025714655513896702,-0.0032143428484007735,false,not converged
1.4,mixed_mesh_0.05,L,0,-3.503246160812043e-46,1.0,n/a,0.0,n/a,false,not converged
1.405,mixed_mesh_0.025,H,0,0.0,0.8512243989378158,0.0,0.00254085391876031,-0.002858480987501441,false,not converged
1.405,mixed_mesh_0.025,H,1,0.025,0.1266491031412695,-0.0003175901161439691,0.00254085391876031,-0.002858480987501441,false,not converged
1.405,mixed_mesh_0.025,H,2,0.05,0.018836922415158917,-0.0006351851569261624,0.00254085391876031,-0.002858480987501441,false,not converged
1.405,mixed_mesh_0.025,H,3,0.075,0.0028007044488024646,-0.0009527850381033321,0.00254085391876031,-0.002858480987501441,false,not converged
1.405,mixed_mesh_0.025,H,4,0.1,0.0004162693777735463,-0.001270389668310703,0.00254085391876031,-0.002858480987501441,false,not converged
1.405,mixed_mesh_0.025,H,5,0.125,6.184893813496874e-05,-0.0015879989582164161,0.00254085391876031,-0.002858480987501441,false,not converged
1.405,mixed_mesh_0.025,H,6,0.15,9.186322224099399e-06,-0.0019056128203202725,0.00254085391876031,-0.002858480987501441,false,not converged
1.405,mixed_mesh_0.025,H,7,0.175,1.3639674620215548e-06,-0.0022232311686692656,0.00254085391876031,-0.002858480987501441,false,not converged
1.405,mixed_mesh_0.025,H,8,0.2,2.0245135871288293e-07,-0.00254085391876031,0.00254085391876031,-0.002858480987501441,false,not converged
1.405,mixed_mesh_0.025,L,0,-3.503246160812043e-46,1.0,n/a,0.0,n/a,false,not converged
1.405,mixed_mesh_0.05,H,0,0.0,0.9778713107335985,0.0,0.002540742439778228,-0.0031759397314182316,false,not converged
1.405,mixed_mesh_0.05,H,1,0.05,0.021639602860950357,-0.0006351782405943796,0.002540742439778228,-0.0031759397314182316,false,not converged
1.405,mixed_mesh_0.05,H,2,0.1,0.0004782945913980001,-0.0012703615166951734,0.002540742439778228,-0.0031759397314182316,false,not converged
1.405,mixed_mesh_0.05,H,3,0.15,1.0558985590439075e-05,-0.0019055496433830106,0.002540742439778228,-0.0031759397314182316,false,not converged
1.405,mixed_mesh_0.05,H,4,0.2,2.3282846265369456e-07,-0.002540742439778228,0.002540742439778228,-0.0031759397314182316,false,not converged
1.405,mixed_mesh_0.05,L,0,-3.503246160812043e-46,1.0,n/a,0.0,n/a,false,not converged
1.41,mixed_mesh_0.025,H,0,0.0,0.8477293769510024,0.0,0.0025099102798095646,-0.0028236704013657574,false,not converged
1.41,mixed_mesh_0.025,H,1,0.025,0.12909257787066453,-0.00031372133740757355,0.0025099102798095646,-0.0028236704013657574,false,not converged
1.41,mixed_mesh_0.025,H,2,0.05,0.019651263303889673,-0.000627447843329277,0.0025099102798095646,-0.0028236704013657574,false,not converged
1.41,mixed_mesh_0.025,H,3,0.075,0.002990367397587894,-0.0009411794296094348,0.0025099102798095646,-0.0028236704013657574,false,not converged
1.41,mixed_mesh_0.025,H,4,0.1,0.00045488734079829335,-0.0012549160003583345,0.0025099102798095646,-0.0028236704013657574,false,not converged
1.41,mixed_mesh_0.025,H,5,0.125,6.917181162191986e-05,-0.0015686574617948402,0.0025099102798095646,-0.0028236704013657574,false,not converged
1.41,mixed_mesh_0.025,H,6,0.15,1.0514812135880228e-05,-0.0018824037220724218,0.0025099102798095646,-0.0028236704013657574,false,not converged
1.41,mixed_mesh_0.025,H,7,0.175,1.597799406002145e-06,-0.0021961546909748217,0.0025099102798095646,-0.0028236704013657574,false,not converged
1.41,mixed_mesh_0.025,H,8,0.2,2.427128934933259e-07,-0.0025099102798095646,0.0025099102798095646,-0.0028236704013657574,false,not converged
1.41,mixed_mesh_0.025,L,0,-3.503246160812043e-46,1.0,n/a,0.0,n/a,false,not converged
1.41,mixed_mesh_0.05,H,0,0.0,0.9768195480013964,0.0,0.002509794167380426,-0.0031372552194686154,false,not converged
1.41,mixed_mesh_0.05,H,1,0.05,0.022643789690786956,-0.0006274406498413933,0.002509794167380426,-0.0031372552194686154,false,not converged
1.41,mixed_mesh_0.05,H,2,0.1,0.0005242593884446994,-0.0012548866922805816,0.002509794167380426,-0.0031372552194686154,false,not converged
1.41,mixed_mesh_0.05,H,3,0.15,1.212293090308963e-05,-0.0018823379293713717,0.002509794167380426,-0.0031372552194686154,false,not converged
1.41,mixed_mesh_0.05,H,4,0.2,2.7998846896359305e-07,-0.002509794167380426,0.002509794167380426,-0.0031372552194686154,false,not converged
1.41,mixed_mesh_0.05,L,0,-3.503246160812043e-46,1.0,n/a,0.0,n/a,false,not converged
1.415,mixed_mesh_0.025,H,0,0.0,0.8441261614224593,0.0,0.0024787440488521443,-0.0027886094498385658,false,not converged
1.415,mixed_mesh_0.025,H,1,0.025,0.1315861503942861,-0.00030982469330441593,0.0024787440488521443,-0.0027886094498385658,false,not converged
1.415,mixed_mesh_0.025,H,2,0.05,0.020504700288095604,-0.0006196548112245143,0.0024787440488521443,-0.0027886094498385658,false,not converged
1.415,mixed_mesh_0.025,H,3,0.075,0.003194013801803146,-0.0009294902615210266,0.0024787440488521443,-0.0027886094498385658,false,not converged
1.415,mixed_mesh_0.025,H,4,0.1,0.0004973482906023483,-0.0012393309435545662,0.0024787440488521443,-0.0027886094498385658,false,not converged
1.415,mixed_mesh_0.025,H,5,0.125,7.741511065937046e-05,-0.0015491767588693163,0.0024787440488521443,-0.0027886094498385658,false,not converged
1.415,mixed_mesh_0.025,H,6,0.15,1.2045732569540762e-05,-0.0018590276110529362,0.0024787440488521443,-0.0027886094498385658,false,not converged
1.415,mixed_mesh_0.025,H,7,0.175,1.8736324652610849e-06,-0.0021688834054113524,0.0024787440488521443,-0.0027886094498385658,false,not converged
1.415,mixed_mesh_0.025,H,8,0.2,2.9132705930276666e-07,-0.0024787440488521443,0.0024787440488521443,-0.0027886094498385658,false,not converged
1.415,mixed_mesh_0.025,L,0,-3.503246160812043e-46,1.0,n/a,0.0,n/a,false,not converged
1.415,mixed_mesh_0.05,H,0,0.0,0.9757096668040245,0.0,0.002478623137275552,-0.0030982923206515985,false,not converged
1.415,mixed_mesh_0.05,H,1,0.05,0.023701073468113308,-0.0006196473316497277,0.002478623137275552,-0.0030982923206515985,false,not converged
1.415,mixed_mesh_0.05,H,2,0.1,0.0005749909770649108,-0.00123930043895393,0.002478623137275552,-0.0030982923206515985,false,not converged
1.415,mixed_mesh_0.05,H,3,0.15,1.393162119484076e-05,-0.001858959110004214,0.002478623137275552,-0.0030982923206515985,false,not converged
1.415,mixed_mesh_0.05,H,4,0.2,3.371296024175599e-07,-0.002478623137275552,0.002478623137275552,-0.0030982923206515985,false,not converged
1.415,mixed_mesh_0.05,L,0,-3.503246160812043e-46,1.0,n/a,0.0,n/a,false,not converged
1.42,mixed_mesh_0.025,H,0,0.0,0.8404112533088907,0.0,0.0024473576013660887,-0.0027533008081734615,false,not converged
1.42,mixed_mesh_0.025,H,1,0.025,0.1341298686342667,-0.00030590047844949943,0.0024473576013660887,-0.0027533008081734615,false,not converged
1.42,mixed_mesh_0.025,H,2,0.05,0.021399059879926043,-0.0006118066505255476,0.0024473576013660887,-0.0027533008081734615,false,not converged
1.42,mixed_mesh_0.025,H,3,0.075,0.0034127079390826346,-0.0009177184197268613,0.0024473576013660887,-0.0027533008081734615,false,not converged
1.42,mixed_mesh_0.025,H,4,0.1,0.0005440504208394791,-0.0012236356804275414,0.0024473576013660887,-0.0027533008081734615,false,not converged
1.42,mixed_mesh_0.025,H,5,0.125,8.66992992018263e-05,-0.001529558329258903,0.0024473576013660887,-0.0027533008081734615,false,not converged
1.42,mixed_mesh_0.025,H,6,0.15,1.3811141129413698e-05,-0.0018354862650108567,0.0024473576013660887,-0.0027533008081734615,false,not converged
1.42,mixed_mesh_0.025,H,7,0.175,2.199289780257784e-06,-0.00214141938828484,0.0024473576013660887,-0.0027533008081734615,false,not converged
1.42,mixed_mesh_0.025,H,8,0.2,3.500868829723638e-07,-0.0024473576013660887,0.0024473576013660887,-0.0027533008081734615,false,not converged
1.42,mixed_mesh_0.025,L,0,-3.503246160812043e-46,1.0,n/a,0.0,n/a,false,not converged
1.42,mixed_mesh_0.05,H,0,0.0,0.9745382133914771,0.0,0.0024472317200287357,-0.0030590540027667155,false,not converged
1.42,mixed_mesh_0.05,H,1,0.05,0.024814346660311896,-0.0006117988757643096,0.0024472317200287357,-0.0030590540027667155,false,not converged
1.42,mixed_mesh_0.05,H,2,0.1,0.0006310085068371057,-0.001223603938182744,0.0024472317200287357,-0.0030590540027667155,false,not converged
1.42,mixed_mesh_0.05,H,3,0.15,1.60249994821738e-05,-0.001835414960379753,0.0024472317200287357,-0.0030590540027667155,false,not converged
1.42,mixed_mesh_0.05,H,4,0.2,4.0644189183793254e-07,-0.0024472317200287357,0.0024472317200287357,-0.0030590540027667155,false,not converged
1.42,mixed_mesh_0.05,L,0,-3.503246160812043e-46,1.0,n/a,0.0,n/a,false,not converged
1.425,mixed_mesh_0.025,H,0,0.0,0.8365810299728129,0.0,0.0024157532810713204,-0.0027177471160835264,false,not converged
1.425,mixed_mesh_0.025,H,1,0.025,0.1367236868976307,-0.000301948983335284,0.0024157532810713204,-0.0027177471160835264,false,not converged
1.425,mixed_mesh_0.025,H,2,0.05,0.02233623971558989,-0.000603903942945791,0.0024157532810713204,-0.0027177471160835264,false,not converged
1.425,mixed_mesh_0.025,H,3,0.075,0.003647594705982861,-0.000905864777882284,0.0024157532810713204,-0.0027177471160835264,false,not converged
1.425,mixed_mesh_0.025,H,4,0.1,0.0005954340631047942,-0.001207831377282693,0.0024157532810713204,-0.0027177471160835264,false,not converged
1.425,mixed_mesh_0.025,H,5,0.125,9.716104761819025e-05,-0.0015098036326136517,0.0024157532810713204,-0.0027177471160835264,false,not converged
1.425,mixed_mesh_0.025,H,6,0.15,1.5848321683499914e-05,-0.0018117814376220846,0.0024157532810713204,-0.0027177471160835264,false,not converged
1.425,mixed_mesh_0.025,H,7,0.175,2.5840943057810672e-06,-0.002113764687965351,0.0024157532810713204,-0.0027177471160835264,false,not converged
1.425,mixed_mesh_0.025,H,8,0.2,4.21181271548711e-07,-0.0024157532810713204,0.0024157532810713204,-0.0027177471160835264,false,not converged
1.425,mixed_mesh_0.025,L,0,-3.503246160812043e-46,1.0,n/a,0.0,n/a,false,not converged
1.425,mixed_mesh_0.05,H,0,0.0,0.9733015164597165,0.0,0.0024156222543781497,-0.003019543194202294,false,not converged
1.425,mixed_mesh_0.05,H,1,0.05,0.02598665363686568,-0.000603895863738545,0.0024156222543781497,-0.003019543194202294,false,not converged
1.425,mixed_mesh_0.05,H,2,0.1,0.0006928895451682915,-0.0012077983552117042,0.0024156222543781497,-0.003019543194202294,false,not converged
1.425,mixed_mesh_0.05,H,3,0.15,1.8449747554508448e-05,-0.0018117072314968404,0.0024156222543781497,-0.003019543194202294,false,not converged
1.425,mixed_mesh_0.05,H,4,0.2,4.906106949460368e-07,-0.0024156222543781497,0.0024156222543781497,-0.003019543194202294,false,not converged
1.425,mixed_mesh_0.05,L,0,-3.503246160812043e-46,1.0,n/a,0.0,n/a,false,not converged
1.43,mixed_mesh_0.025,H,0,0.0,0.8326317407511773,0.0,0.002383933400606811,-0.0026819509785180034,false,not converged
1.43,mixed_mesh_0.025,H,1,0.025,0.13936745606411766,-0.0002979704944042359,0.002383933400606811,-0.0026819509785180034,false,not converged
1.43,mixed_mesh_0.025,H,2,0.05,0.023318209135227648,-0.0005959472621470273,0.002383933400606811,-0.0026819509785180034,false,not converged
1.43,mixed_mesh_0.025,H,3,0.075,0.003899905350470115,-0.0008939301976374643,0.002383933400606811,-0.0026819509785180034,false,not converged
1.43,mixed_mesh_0.025,H,4,0.1,0.0006519861490375456,-0.001191919184514066,0.002383933400606811,-0.0026819509785180034,false,not converged
1.43,mixed_mesh_0.025,H,5,0.125,0.00010895544807313546,-0.0014899141088124306,0.002383933400606811,-0.0026819509785180034,false,not converged
1.43,mixed_mesh_0.025,H,6,0.15,1.8200654468866287e-05,-0.0017879148589770588,0.002383933400606811,-0.0026819509785180034,false,not converged
1.43,mixed_mesh_0.025,H,7,0.175,3.0391629602596338e-06,-0.0020859213254678503,0.002383933400606811,-0.0026819509785180034,false,not converged
1.43,mixed_mesh_0.025,H,8,0.2,5.072844675173077e-07,-0.002383933400606811,0.002383933400606811,-0.0026819509785180034,false,not converged
1.43,mixed_mesh_0.025,L,0,-3.503246160812043e-46,1.0,n/a,0.0,n/a,false,not converged
1.43,mixed_mesh_0.05,H,0,0.0,0.9719956728541272,0.0,0.00238379704791901,-0.0029797627848232857,false,not converged
1.43,mixed_mesh_0.05,H,1,0.05,0.027221196995408842,-0.0005959388690846409,0.00238379704791901,-0.0029797627848232857,false,not converged
1.43,mixed_mesh_0.05,H,2,0.1,0.0007612767659435005,-0.0011918848393773817,0.00238379704791901,-0.0029797627848232857,false,not converged
1.43,mixed_mesh_0.05,H,3,0.15,2.1260452874004404e-05,-0.0017878376507477647,0.00238379704791901,-0.0029797627848232857,false,not converged
1.43,mixed_mesh_0.05,H,4,0.2,5.929316463792347e-07,-0.00238379704791901,0.00238379704791901,-0.0029797627848232857,false,not converged
1.43,mixed_mesh_0.05,L,0,-3.503246160812043e-46,1.0,n/a,0.0,n/a,false,not converged
1.435,mixed_mesh_0.025,H,0,0.0,0.8285594157523527,0.0,0.002645914967568043,-0.00293993535982418,false,not converged
1.435,mixed_mesh_0.025,H,1,0.025,0.1420608981234895,-0.00029396529413099905,0.002645914967568043,-0.00293993535982418,false,not converged
1.435,mixed_mesh_0.025,H,2,0.05,0.024347006862246855,-0.0005879371739360177,0.002645914967568043,-0.00293993535982418,false,not converged
1.435,mixed_mesh_0.025,H,3,0.075,0.004170963096982503,-0.0008819155289810443,0.002645914967568043,-0.00293993535982418,false,not converged
1.435,mixed_mesh_0.025,H,4,0.1,0.000714245057107141,-0.0011759002371277295,0.002645914967568043,-0.00293993535982418,false,not converged
1.435,mixed_mesh_0.025,H,5,0.125,0.0001222585209389777,-0.001469891178698789,0.002645914967568043,-0.00293993535982418,false,not converged
1.435,mixed_mesh_0.025,H,6,0.15,2.0918630793162528e-05,-0.0017638882365615374,0.002645914967568043,-0.00293993535982418,false,not converged
1.435,mixed_mesh_0.025,H,7,0.175,3.5777590863543985e-06,-0.0020578912957099934,0.002645914967568043,-0.00293993535982418,false,not converged
1.435,mixed_mesh_0.025,H,8,0.2,6.116660368485976e-07,-0.002351900243096938,0.002645914967568043,-0.00293993535982418,false,not converged
1.435,mixed_mesh_0.025,H,9,0.225,1.0453096597702319e-07,-0.002645914967568043,0.002645914967568043,-0.00293993535982418,false,not converged
1.435,mixed_mesh_0.025,L,0,-3.503246160812043e-46,1.0,n/a,0.0,n/a,false,not converged
1.435,mixed_mesh_0.05,H,0,0.0,0.9706165323010321,0.0,0.002351758377785621,-0.002939715626859885,false,not converged
1.435,mixed_mesh_0.05,H,1,0.05,0.028521343861562812,-0.000587928457421408,0.002351758377785621,-0.002939715626859885,false,not converged
1.435,mixed_mesh_0.05,H,2,0.1,0.0008368854030352059,-0.0011758645244193153,0.002351758377785621,-0.002939715626859885,false,not converged
1.435,mixed_mesh_0.05,H,3,0.15,2.4520981504456763e-05,-0.0017638079224076007,0.002351758377785621,-0.002939715626859885,false,not converged
1.435,mixed_mesh_0.05,H,4,0.2,7.174528655886967e-07,-0.002351758377785621,0.002351758377785621,-0.002939715626859885,false,not converged
1.435,mixed_mesh_0.05,L,0,-3.503246160812043e-46,1.0,n/a,0.0,n/a,false,not converged
1.44,mixed_mesh_0.025,H,0,0.0,0.8243601875952525,0.0,0.002609641619009807,-0.002899633129353498,false,not converged
1.44,mixed_mesh_0.025,H,1,0.025,0.14480365023300543,-0.00028993366105012797,0.002609641619009807,-0.002899633129353498,false,not converged
1.44,mixed_mesh_0.025,H,2,0.05,0.02542475024670215,-0.0005798742362179499,0.002609641619009807,-0.002899633129353498,false,not converged
1.44,mixed_mesh_0.025,H,3,0.075,0.00446219114286931,-0.0008698216100160551,0.002609641619009807,-0.002899633129353498,false,not converged
1.44,mixed_mesh_0.025,H,4,0.1,0.0007828063089765827,-0.0011597756542361978,0.002609641619009807,-0.002899633129353498,false,not converged
1.44,mixed_mesh_0.025,H,5,0.125,0.00013727012503514984,-0.001449736243189745,0.002609641619009807,-0.002899633129353498,false,not converged
1.44,mixed_mesh_0.025,H,6,0.15,2.406104939838783e-05,-0.0017397032538760588,0.002609641619009807,-0.002899633129353498,false,not converged
1.44,mixed_mesh_0.025,H,7,0.175,4.215717137962434e-06,-0.00202967656553962,0.002609641619009807,-0.002899633129353498,false,not converged
1.44,mixed_mesh_0.025,H,8,0.2,7.383265537027488e-07,-0.0023196560594860613,0.002609641619009807,-0.002899633129353498,false,not converged
1.44,mixed_mesh_0.025,H,9,0.225,1.292550687016592e-07,-0.002609641619009807,0.002609641619009807,-0.002899633129353498,false,not converged
1.44,mixed_mesh_0.025,L,0,-3.503246160812043e-46,1.0,n/a,0.0,n/a,false,not converged
1.44,mixed_mesh_0.05,H,0,0.0,0.9691596810998483,0.0,0.002319508491332805,-0.0028994045357989624,false,not converged
1.44,mixed_mesh_0.05,H,1,0.05,0.029890632101784064,-0.000579865186619652,0.002319508491332805,-0.0028994045357989624,false,not converged
1.44,mixed_mesh_0.05,H,2,0.1,0.0009205115534600322,-0.001159738528787802,0.002319508491332805,-0.0028994045357989624,false,not converged
1.44,mixed_mesh_0.05,H,3,0.15,2.830609390156279e-05,-0.00173961972812089,0.002319508491332805,-0.0028994045357989624,false,not converged
1.44,mixed_mesh_0.05,H,4,0.2,8.691510060734872e-07,-0.002319508491332805,0.002319508491332805,-0.0028994045357989624,false,not converged
1.44,mixed_mesh_0.05,L,0,-3.503246160812043e-46,1.0,n/a,0.0,n/a,false,not converged
1.445,mixed_mesh_0.025,H,0,0.0,0.8200298219204157,0.0,0.0025731334390650595,-0.0028590700528091,false,not converged
1.445,mixed_mesh_0.025,H,1,0.025,0.1475951737822767,-0.0002858758698833674,0.0025731334390650595,-0.0028590700528091,false,not converged
1.445,mixed_mesh_0.025,H,2,0.05,0.02655362130928703,-0.0005717589994059028,0.0025731334390650595,-0.0028590700528091,false,not converged
1.445,mixed_mesh_0.025,H,3,0.075,0.0047751171436429575,-0.0008576492678082156,0.0025731334390650595,-0.0028590700528091,false,not converged
1.445,mixed_mesh_0.025,H,4,0.1,0.0008583281651343617,-0.0011435465405031054,0.0025731334390650595,-0.0028590700528091,false,not converged
1.445,mixed_mesh_0.025,H,5,0.125,0.00015421714924401025,-0.0014294506854744214,0.0025731334390650595,-0.0028590700528091,false,not converged
1.445,mixed_mesh_0.025,H,6,0.15,2.7696394958618982e-05,-0.0017153615735452973,0.0025731334390650595,-0.0028590700528091,false,not converged
1.445,mixed_mesh_0.025,H,7,0.175,4.9719490019864e-06,-0.0020012790779098946,0.0025731334390650595,-0.0028590700528091,false,not converged
1.445,mixed_mesh_0.025,H,8,0.2,8.92164111527803e-07,-0.00228720307393193,0.0025731334390650595,-0.0028590700528091,false,not converged
1.445,mixed_mesh_0.025,H,9,0.225,1.6002192701897973e-07,-0.0025731334390650595,0.0025731334390650595,-0.0028590700528091,false,not converged
1.445,mixed_mesh_0.025,L,0,-3.503246160812043e-46,1.0,n/a,0.0,n/a,false,not converged
1.445,mixed_mesh_0.05,H,0,0.0,0.9676204247038315,0.0,0.002287049606818297,-0.0028588322912807143,false,not converged
1.445,mixed_mesh_0.05,H,1,0.05,0.03133277637629947,-0.0005717496069452934,0.002287049606818297,-0.0028588322912807143,false,not converged
1.445,mixed_mesh_0.05,H,2,0.1,0.0010130414235223924,-0.001143507955948851,0.002287049606818297,-0.0028588322912807143,false,not converged
1.445,mixed_mesh_0.05,H,3,0.15,3.27033470077082e-05,-0.0017152747273865875,0.002287049606818297,-0.0028588322912807143,false,not converged
1.445,mixed_mesh_0.05,H,4,0.2,1.0541493389385619e-06,-0.002287049606818297,0.002287049606818297,-0.0028588322912807143,false,not converged
1.445,mixed_mesh_0.05,L,0,-3.503246160812043e-46,1.0,n/a,0.0,n/a,false,not converged
1.45,mixed_mesh_0.025,H,0,0.0,0.8155640072089357,0.0,0.0025363929014005308,-0.0028182488833415516,false,not converged
1.45,mixed_mesh_0.025,H,1,0.025,0.15043479057889197,-0.0002817921915688165,0.0025363929014005308,-0.0028182488833415516,false,not converged
1.45,mixed_mesh_0.025,H,2,0.05,0.027735873809892543,-0.0005635920063893952,0.0025363929014005308,-0.0028182488833415516,false,not converged
1.45,mixed_mesh_0.025,H,3,0.075,0.005111381665678763,-0.000845399318203001,0.0025363929014005308,-0.0028182488833415516,false,not converged
1.45,mixed_mesh_0.025,H,4,0.1,0.0009415384326620933,-0.0011272139857172701,0.0025363929014005308,-0.0028182488833415516,false,not converged
1.45,mixed_mesh_0.025,H,5,0.125,0.00017335725090144552,-0.001409035870253412,0.0025363929014005308,-0.0028182488833415516,false,not converged
1.45,mixed_mesh_0.025,H,6,0.15,3.190446855313041e-05,-0.001690864836131401,0.0025363929014005308,-0.0028182488833415516,false,not converged
1.45,mixed_mesh_0.025,H,7,0.175,5.869055136472556e-06,-0.001972700750176209,0.0025363929014005308,-0.0028182488833415516,false,not converged
1.45,mixed_mesh_0.025,H,8,0.2,1.0791800315345816e-06,-0.0022545434814972252,0.0025363929014005308,-0.0028182488833415516,false,not converged
1.45,mixed_mesh_0.025,H,9,0.225,1.983493162668031e-07,-0.0025363929014005308,0.0025363929014005308,-0.0028182488833415516,false,not converged
1.45,mixed_mesh_0.025,L,0,-3.503246160812043e-46,1.0,n/a,0.0,n/a,false,not converged
1.45,mixed_mesh_0.05,H,0,0.0,0.9659937691124515,0.0,0.002254383914087708,-0.0028180016380029704,false,not converged
1.45,mixed_mesh_0.05,H,1,0.05,0.032851673945120716,-0.0005635822612003248,0.002254383914087708,-0.0028180016380029704,false,not converged
1.45,mixed_mesh_0.05,H,2,0.1,0.0011154616204715072,-0.0011271738946867199,0.002254383914087708,-0.0028180016380029704,false,not converged
1.45,mixed_mesh_0.05,H,3,0.15,3.781533388251998e-05,-0.001690774558042187,0.002254383914087708,-0.0028180016380029704,false,not converged
1.45,mixed_mesh_0.05,H,4,0.2,1.2799880738170836e-06,-0.002254383914087708,0.002254383914087708,-0.0028180016380029704,false,not converged
1.45,mixed_mesh_0.05,L,0,-3.503246160812043e-46,1.0,n/a,0.0,n/a,false,not converged
1.455,mixed_mesh_0.025,H,0,0.0,0.8109582789724938,0.0,0.002499422448812499,-0.002777172340132259,false,not converged
1.455,mixed_mesh_0.025,H,1,0.025,0.15332165656237068,-0.0002776828933350532,0.002499422448812499,-0.002777172340132259,false,not converged
1.455,mixed_mesh_0.025,H,2,0.05,0.02897382933714674,-0.0005553737927108474,0.002499422448812499,-0.002777172340132259,false,not converged
1.455,mixed_mesh_0.025,H,3,0.075,0.0054727452267363235,-0.0008330725661329256,0.002499422448812499,-0.002777172340132259,false,not converged
1.455,mixed_mesh_0.025,H,4,0.1,0.0010332416349413418,-0.0011107790652593675,0.002499422448812499,-0.002777172340132259,false,not converged
1.455,mixed_mesh_0.025,H,5,0.125,0.00019498304808993126,-0.0013884931443933308,0.002499422448812499,-0.002777172340132259,false,not converged
1.455,mixed_mesh_0.025,H,6,0.15,3.677828419097527e-05,-0.001666214661004688,0.002499422448812499,-0.002777172340132259,false,not converged
1.455,mixed_mesh_0.025,H,7,0.175,6.934056839224805e-06,-0.001943943475210938,0.002499422448812499,-0.002777172340132259,false,not converged
1.455,mixed_mesh_0.025,H,8,0.2,1.3067321392621172e-06,-0.002221679449535818,0.002499422448812499,-0.002777172340132259,false,not converged
1.455,mixed_mesh_0.025,H,9,0.225,2.461450516674118e-07,-0.002499422448812499,0.002499422448812499,-0.002777172340132259,false,not converged
1.455,mixed_mesh_0.025,L,0,-3.503246160812043e-46,1.0,n/a,0.0,n/a,false,not converged
1.455,mixed_mesh_0.05,H,0,0.0,0.9642744009933001,0.0,0.0022215135752638874,-0.002776915286635992,false,not converged
1.455,mixed_mesh_0.05,H,1,0.05,0.034451410123798536,-0.0005553636848617384,0.0022215135752638874,-0.002776915286635992,false,not converged
1.455,mixed_mesh_0.05,H,2,0.1,0.0012288706020037454,-0.0011107374194045158,0.0022215135752638874,-0.002776915286635992,false,not converged
1.455,mixed_mesh_0.05,H,3,0.15,4.37623212698475e-05,-0.001666120836748084,0.0022215135752638874,-0.002776915286635992,false,not converged
1.455,mixed_mesh_0.05,H,4,0.2,1.5559596278067716e-06,-0.0022215135752638874,0.0022215135752638874,-0.002776915286635992,false,not converged
1.455,mixed_mesh_0.05,L,0,-3.503246160812043e-46,1.0,n/a,0.0,n/a,false,not converged
1.46,mixed_mesh_0.025,H,0,0.0,0.8062080142254455,0.0,0.0024622244940201003,-0.0027358431093038585,false,not converged
1.46,mixed_mesh_0.025,H,1,0.025,0.1562547461559501,-0.0002735482387649378,0.0024622244940201003,-0.0027358431093038585,false,not converged
1.46,mixed_mesh_0.025,H,2,0.05,0.030269874596115964,-0.0005471048866994089,0.0024622244940201003,-0.0027358431093038585,false,not converged
1.46,mixed_mesh_0.025,H,3,0.075,0.0058610959682525,-0.0008206698058276324,0.0024622244940201003,-0.0027358431093038585,false,not converged
1.46,mixed_mesh_0.025,H,4,0.1,0.00113432694469391,-0.0010942428403944546,0.0024622244940201003,-0.0027358431093038585,false,not converged
1.46,mixed_mesh_0.025,H,5,0.125,0.00021942689000618311,-0.0013678238373078394,0.0024622244940201003,-0.0027358431093038585,false,not converged
1.46,mixed_mesh_0.025,H,6,0.15,4.24262872420864e-05,-0.0016414126468191155,0.0024622244940201003,-0.0027358431093038585,false,not converged
1.46,mixed_mesh_0.025,H,7,0.175,8.199276032239943e-06,-0.0019150091219791827,0.0024622244940201003,-0.0027358431093038585,false,not converged
1.46,mixed_mesh_0.025,H,8,0.2,1.5838471199987818e-06,-0.002188613118374494,0.0024622244940201003,-0.0027358431093038585,false,not converged
1.46,mixed_mesh_0.025,H,9,0.225,3.0580914155145087e-07,-0.0024622244940201003,0.0024622244940201003,-0.0027358431093038585,false,not converged
1.46,mixed_mesh_0.025,L,0,-3.503246160812043e-46,1.0,n/a,0.0,n/a,false,not converged
1.46,mixed_mesh_0.05,H,0,0.0,0.9624566664459997,0.0,0.0021884407254427274,-0.00273557591475089,false,not converged
1.46,mixed_mesh_0.05,H,1,0.05,0.03613626326670134,-0.0005470944062185606,0.0021884407254427274,-0.00273557591475089,false,not converged
1.46,mixed_mesh_0.05,H,2,0.1,0.0013544914063272232,-0.00109419959042339,0.0021884407254427274,-0.00273557591475089,false,not converged
1.46,mixed_mesh_0.05,H,3,0.15,5.0685356289817155e-05,-0.0016413151594733394,0.0021884407254427274,-0.00273557591475089,false,not converged
1.46,mixed_mesh_0.05,H,4,0.2,1.893524681838949e-06,-0.0021884407254427274,0.0021884407254427274,-0.00273557591475089,false,not converged
1.46,mixed_mesh_0.05,L,0,-3.503246160812043e-46,1.0,n/a,0.0,n/a,false,not converged
1.465,mixed_mesh_0.025,H,0,0.0,0.8013084257593842,0.0,0.0024248014204690705,-0.002694263844845255,false,not converged
1.465,mixed_mesh_0.025,H,1,0.025,0.15923283537235847,-0.00026938848785801827,0.0024248014204690705,-0.002694263844845255,false,not converged
1.465,mixed_mesh_0.025,H,2,0.05,0.031626457801046205,-0.0005387858096026366,0.0024248014204690705,-0.002694263844845255,false,not converged
1.465,mixed_mesh_0.025,H,3,0.075,0.006278457604790089,-0.0008081918210217375,0.0024248014204690705,-0.002694263844845255,false,not converged
1.465,mixed_mesh_0.025,H,4,0.1,0.001245776883850715,-0.001077606358562805,0.0024248014204690705,-0.002694263844845255,false,not converged
1.465,mixed_mesh_0.025,H,5,0.125,0.0002470662705713138,-0.0013470292613381733,0.0024248014204690705,-0.002694263844845255,false,not converged
1.465,mixed_mesh_0.025,H,6,0.15,4.8974947018156584e-05,-0.0016164603719890764,0.0024248014204690705,-0.002694263844845255,false,not converged
1.465,mixed_mesh_0.025,H,7,0.175,9.703392064926362e-06,-0.0018858995361182716,0.0024248014204690705,-0.002694263844845255,false,not converged
1.465,mixed_mesh_0.025,H,8,0.2,1.9216058076016182e-06,-0.00215534660200148,0.0024248014204690705,-0.002694263844845255,false,not converged
1.465,mixed_mesh_0.025,H,9,0.225,3.8036310827038647e-07,-0.0024248014204690705,0.0024248014204690705,-0.002694263844845255,false,not converged
1.465,mixed_mesh_0.025,L,0,-3.503246160812043e-46,1.0,n/a,0.0,n/a,false,not converged
1.465,mixed_mesh_0.05,H,0,0.0,0.960534548314895,0.0,0.002155167473397542,-0.002693986167765024,false,not converged
1.465,mixed_mesh_0.05,H,1,0.05,0.03791070913380772,-0.0005387749465071074,0.002155167473397542,-0.002693986167765024,false,not converged
1.465,mixed_mesh_0.05,H,2,0.1,0.0014936857964028276,-0.0010775614542808377,0.002155167473397542,-0.002693986167765024,false,not converged
1.465,mixed_mesh_0.05,H,3,0.15,5.8749926126473684e-05,-0.0016163591019840336,0.002155167473397542,-0.002693986167765024,false,not converged
1.465,mixed_mesh_0.05,H,4,0.2,2.306828768046883e-06,-0.002155167473397542,0.002155167473397542,-0.002693986167765024,false,not converged
1.465,mixed_mesh_0.05,L,0,-3.503246160812043e-46,1.0,n/a,0.0,n/a,false,not converged
1.47,mixed_mesh_0.025,H,0,0.0,0.79625455621612,0.0,0.0023871555831490045,-0.0026524371695551014,false,not converged
1.47,mixed_mesh_0.025,H,1,0.025,0.16225448357957867,-0.0002652038970915625,0.0023871555831490045,-0.0026524371695551014,false,not converged
1.47,mixed_mesh_0.025,H,2,0.05,0.033046084038438284,-0.0005304170757161565,0.0023871555831490045,-0.0026524371695551014,false,not converged
1.47,mixed_mesh_0.025,H,3,0.075,0.006726997616259923,-0.0007956393851607442,0.0023871555831490045,-0.0026524371695551014,false,not converged
1.47,mixed_mesh_0.025,H,4,0.1,0.001368676851229816,-0.0010608706536696312,0.0023871555831490045,-0.0026524371695551014,false,not converged
1.47,mixed_mesh_0.025,H,5,0.125,0.00027832996859010706,-0.001326110712134101,0.0023871555831490045,-0.0026524371695551014,false,not converged
1.47,mixed_mesh_0.025,H,6,0.15,5.657178611486132e-05,-0.001591359395168869,0.0023871555831490045,-0.0026524371695551014,false,not converged
1.47,mixed_mesh_0.025,H,7,0.175,1.1492711290607634e-05,-0.00185661654052288,0.0023871555831490045,-0.0026524371695551014,false,not converged
1.47,mixed_mesh_0.025,H,8,0.2,2.333618591057433e-06,-0.0021218819887642033,0.0023871555831490045,-0.0026524371695551014,false,not converged
1.47,mixed_mesh_0.025,H,9,0.225,4.736137867407045e-07,-0.0023871555831490045,0.0023871555831490045,-0.0026524371695551014,false,not converged
1.47,mixed_mesh_0.025,L,0,-3.503246160812043e-46,1.0,n/a,0.0,n/a,false,not converged
1.47,mixed_mesh_0.05,H,0,0.0,0.958501530823899,0.0,0.002652148661919439,-0.0031826120804664708,false,not converged
1.47,mixed_mesh_0.05,H,1,0.05,0.03977941985983059,-0.0005304058201212745,0.002652148661919439,-0.0031826120804664708,false,not converged
1.47,mixed_mesh_0.05,H,2,0.1,0.0016479697722036456,-0.0010608240443448578,0.002652148661919439,-0.0031826120804664708,false,not converged
1.47,mixed_mesh_0.05,H,3,0.15,6.815026157325843e-05,-0.0015912542210556328,0.002652148661919439,-0.0031826120804664708,false,not converged
1.47,mixed_mesh_0.05,H,4,0.2,2.8133436772877597e-06,-0.0021216959035812357,0.002652148661919439,-0.0031826120804664708,false,not converged
1.47,mixed_mesh_0.05,H,5,0.25,1.159388161099222e-07,-0.002652148661919439,0.002652148661919439,-0.0031826120804664708,false,not converged
1.47,mixed_mesh_0.05,L,0,-3.503246160812043e-46,1.0,n/a,0.0,n/a,false,not converged
1.475,mixed_mesh_0.025,H,0,0.0,0.7910411748114514,0.0,0.0026103656780999017,-0.0028714502850825763,false,not converged
1.475,mixed_mesh_0.025,H,1,0.025,0.16531799352393814,-0.00026099471949569616,0.0026103656780999017,-0.0028714502850825763,false,not converged
1.475,mixed_mesh_0.025,H,2,0.05,0.03453130520805608,-0.0005219991925849597,0.0026103656780999017,-0.0028714502850825763,false,not converged
1.475,mixed_mesh_0.025,H,3,0.075,0.007209034751324766,-0.0007830132617800871,0.0026103656780999017,-0.0028714502850825763,false,not converged
1.475,mixed_mesh_0.025,H,4,0.1,0.001504225355960404,-0.0010440367466937248,0.0026103656780999017,-0.0028714502850825763,false,not converged
1.475,mixed_mesh_0.025,H,5,0.125,0.00031370496899530526,-0.0013050694695439962,0.0026103656780999017,-0.0028714502850825763,false,not converged
1.475,mixed_mesh_0.025,H,6,0.15,6.538891129745066e-05,-0.0015661112564757844,0.0026103656780999017,-0.0028714502850825763,false,not converged
1.475,mixed_mesh_0.025,H,7,0.175,1.3622690680460381e-05,-0.0018271619369522386,0.0026103656780999017,-0.0028714502850825763,false,not converged
1.475,mixed_mesh_0.025,H,8,0.2,2.836611837294551e-06,-0.0020882213434110326,0.0026103656780999017,-0.0028714502850825763,false,not converged
1.475,mixed_mesh_0.025,H,9,0.225,5.90360820038781e-07,-0.002349289311119117,0.0026103656780999017,-0.0028714502850825763,false,not converged
1.475,mixed_mesh_0.025,H,10,0.25,1.2280563861556984e-07,-0.0026103656780999017,0.0026103656780999017,-0.0028714502850825763,false,not converged
1.475,mixed_mesh_0.025,L,0,-3.503246160812043e-46,1.0,n/a,0.0,n/a,false,not converged
1.475,mixed_mesh_0.05,H,0,0.0,0.9563509869709346,0.0,0.0026100659778407853,-0.0031321153235212766,false,not converged
1.475,mixed_mesh_0.05,H,1,0.05,0.04174728339736301,-0.0005219875344613229,0.0026100659778407853,-0.0031321153235212766,false,not converged
1.475,mixed_mesh_0.05,H,2,0.1,0.0018190316741169914,-0.0010439883799443033,0.0026100659778407853,-0.0031321153235212766,false,not converged
1.475,mixed_mesh_0.05,H,3,0.15,7.911444420311937e-05,-0.0015660020523108602,0.0026100659778407853,-0.0031321153235212766,false,not converged
1.475,mixed_mesh_0.05,H,4,0.2,3.434666153113921e-06,-0.002088028072102267,0.0026100659778407853,-0.0031321153235212766,false,not converged
1.475,mixed_mesh_0.05,H,5,0.25,1.4884722907575237e-07,-0.0026100659778407853,0.0026100659778407853,-0.0031321153235212766,false,not converged
1.475,mixed_mesh_0.05,L,0,-3.503246160812043e-46,1.0,n/a,0.0,n/a,false,not converged
1.48,mixed_mesh_0.025,H,0,0.0,0.7856631332417795,0.0,0.002568051930265488,-0.002824907619955901,false,not converged
1.48,mixed_mesh_0.025,H,1,0.025,0.16842146514720263,-0.0002567612046541107,0.002568051930265488,-0.002824907619955901,false,not converged
1.48,mixed_mesh_0.025,H,2,0.05,0.036084728384377936,-0.0005135326608565651,0.002568051930265488,-0.002824907619955901,false,not converged
1.48,mixed_mesh_0.025,H,3,0.075,0.00772705076419763,-0.0007703142040605745,0.002568051930265488,-0.002824907619955901,false,not converged
1.48,mixed_mesh_0.025,H,4,0.1,0.0016537460533335147,-0.0010271056447936936,0.002568051930265488,-0.002824907619955901,false,not converged
1.48,mixed_mesh_0.025,H,5,0.125,0.00035374448292048146,-0.0012839067961197635,0.002568051930265488,-0.002824907619955901,false,not converged
1.48,mixed_mesh_0.025,H,6,0.15,7.562717482978681e-05,-0.0015407174752417672,0.002568051930265488,-0.002824907619955901,false,not converged
1.48,mixed_mesh_0.025,H,7,0.175,1.615977618114532e-05,-0.0017975375028775448,0.002568051930265488,-0.002824907619955901,false,not converged
1.48,mixed_mesh_0.025,H,8,0.2,3.451153492333652e-06,-0.0020543667028852875,0.002568051930265488,-0.002824907619955901,false,not converged
1.48,mixed_mesh_0.025,H,9,0.225,7.366600566381863e-07,-0.002311204902102399,0.002568051930265488,-0.002824907619955901,false,not converged
1.48,mixed_mesh_0.025,H,10,0.25,1.571616283477322e-07,-0.002568051930265488,0.002568051930265488,-0.002824907619955901,false,not converged
1.48,mixed_mesh_0.025,L,0,-3.503246160812043e-46,1.0,n/a,0.0,n/a,false,not converged
1.48,mixed_mesh_0.05,H,0,0.0,0.954075568784035,0.0,0.0025677406719769313,-0.0030813276092459033,false,not converged
1.48,mixed_mesh_0.05,H,1,0.05,0.04381938146389922,-0.0005135205904620702,0.0025677406719769313,-0.0030813276092459033,false,not converged
1.48,mixed_mesh_0.05,H,2,0.1,0.002008750544056406,-0.0010270554683059954,0.0025677406719769313,-0.0030813276092459033,false,not converged
1.48,mixed_mesh_0.05,H,3,0.15,9.19103527820901e-05,-0.001540604114453743,0.0025677406719769313,-0.0030813276092459033,false,not converged
1.48,mixed_mesh_0.05,H,4,0.2,4.1975080767354695e-06,-0.0020541660141339575,0.0025677406719769313,-0.0030813276092459033,false,not converged
1.48,mixed_mesh_0.05,H,5,0.25,1.913471505957768e-07,-0.0025677406719769313,0.0025677406719769313,-0.0030813276092459033,false,not converged
1.48,mixed_mesh_0.05,L,0,-3.503246160812043e-46,1.0,n/a,0.0,n/a,false,not converged
1.485,mixed_mesh_0.025,H,0,0.0,0.7801148479879947,0.0,0.0025254984628434378,-0.0027781014000512866,false,not converged
1.485,mixed_mesh_0.025,H,1,0.025,0.17156266748000623,-0.0002525035988418854,0.0025254984628434378,-0.0027781014000512866,false,not converged
1.485,mixed_mesh_0.025,H,2,0.05,0.03770898545770403,-0.0005050179747881023,0.0025254984628434378,-0.0027781014000512866,false,not converged
1.485,mixed_mesh_0.025,H,3,0.075,0.00828369454841648,-0.0007575429559389849,0.0025254984628434378,-0.0027781014000512866,false,not converged
1.485,mixed_mesh_0.025,H,4,0.1,0.0018186992200866004,-0.0010100783432579784,0.0025254984628434378,-0.0027781014000512866,false,not converged
1.485,mixed_mesh_0.025,H,5,0.125,0.0003990766814926312,-0.0012626239401426612,0.0025254984628434378,-0.0027781014000512866,false,not converged
1.485,mixed_mesh_0.025,H,6,0.15,8.752096129550694e-05,-0.0015151795543507738,0.0025254984628434378,-0.0027781014000512866,false,not converged
1.485,mixed_mesh_0.025,H,7,0.175,1.9183596415727117e-05,-0.0017677449973647647,0.0025254984628434378,-0.0027781014000512866,false,not converged
1.485,mixed_mesh_0.025,H,8,0.2,4.202545959628887e-06,-0.0020203200839843858,0.0025254984628434378,-0.0027781014000512866,false,not converged
1.485,mixed_mesh_0.025,H,9,0.225,9.201569708262155e-07,-0.002272904632147801,0.0025254984628434378,-0.0027781014000512866,false,not converged
1.485,mixed_mesh_0.025,H,10,0.25,2.0136365764957358e-07,-0.0025254984628434378,0.0025254984628434378,-0.0027781014000512866,false,not converged
1.485,mixed_mesh_0.025,L,0,-3.503246160812043e-46,1.0,n/a,0.0,n/a,false,not converged
1.485,mixed_mesh_0.05,H,0,0.0,0.9516675439544569,0.0,0.0025251752711315813,-0.003030251985328809,false,not converged
1.485,mixed_mesh_0.05,H,1,0.05,0.04600100401162477,-0.0005050054824735342,0.0025251752711315813,-0.003030251985328809,false,not converged
1.485,mixed_mesh_0.05,H,2,0.1,0.002219218068779255,-0.001010026303830354,0.0025251752711315813,-0.003030251985328809,false,not converged
1.485,mixed_mesh_0.05,H,3,0.15,0.00010685273560545391,-0.0015150619074483142,0.0025251752711315813,-0.003030251985328809,false,not converged
1.485,mixed_mesh_0.05,H,4,0.2,5.134930920202288e-06,-0.002020111740507954,0.0025251752711315813,-0.003030251985328809,false,not converged
1.485,mixed_mesh_0.05,H,5,0.25,2.4629861345792944e-07,-0.0025251752711315813,0.0025251752711315813,-0.003030251985328809,false,not converged
1.485,mixed_mesh_0.05,L,0,-3.503246160812043e-46,1.0,n/a,0.0,n/a,false,not converged
1.49,mixed_mesh_0.025,H,0,0.0,0.7743906156603321,0.0,0.0024827077838844593,-0.0027310343932407145,false,not converged
1.49,mixed_mesh_0.025,H,1,0.025,0.17473907989243384,-0.00024822214503004574,0.0024827077838844593,-0.0027310343932407145,false,not converged
1.49,mixed_mesh_0.025,H,2,0.05,0.03940673614174671,-0.0004964556221284134,0.0024827077838844593,-0.0027310343932407145,false,not converged
1.49,mixed_mesh_0.025,H,3,0.075,0.008881793435297837,-0.0007447002517390371,0.0024827077838844593,-0.0027310343932407145,false,not converged
1.49,mixed_mesh_0.025,H,4,0.1,0.0020006957846381134,-0.0009929558247548473,0.0024827077838844593,-0.0027310343932407145,false,not converged
1.49,mixed_mesh_0.025,H,5,0.125,0.00045041489772288496,-0.0012412221343618994,0.0024827077838844593,-0.0027310343932407145,false,not converged
1.49,mixed_mesh_0.025,H,6,0.15,0.0001013438421800163,-0.0014894989783356017,0.0024827077838844593,-0.0027310343932407145,false,not converged
1.49,mixed_mesh_0.025,H,7,0.175,2.2789612194784028e-05,-0.001737786158400126,0.0024827077838844593,-0.0027310343932407145,false,not converged
1.49,mixed_mesh_0.025,H,8,0.2,5.12193177053919e-06,-0.0019860834797859723,0.0024827077838844593,-0.0027310343932407145,false,not converged
1.49,mixed_mesh_0.025,H,9,0.225,1.150510307617577e-06,-0.002234390751031283,0.0024827077838844593,-0.0027310343932407145,false,not converged
1.49,mixed_mesh_0.025,H,10,0.25,2.582913755356988e-07,-0.0024827077838844593,0.0024827077838844593,-0.0027310343932407145,false,not converged
1.49,mixed_mesh_0.025,L,0,-3.503246160812043e-46,1.0,n/a,0.0,n/a,false,not converged
1.49,mixed_mesh_0.05,H,0,0.0,0.9491186772446233,0.0,0.0024823722751100173,-0.0029788914684679276,false,not converged
1.49,mixed_mesh_0.05,H,1,0.05,0.0482976438749777,-0.0004964426984486061,0.0024823722751100173,-0.0029788914684679276,false,not converged
1.49,mixed_mesh_0.05,H,2,0.1,0.002452762060180765,-0.000992901868638896,0.0024823722751100173,-0.0029788914684679276,false,not converged
1.49,mixed_mesh_0.05,H,3,0.15,0.0001243115084060369,-0.0014893769135981487,0.0024823722751100173,-0.0029788914684679276,false,not converged
1.49,mixed_mesh_0.05,H,4,0.2,6.287880473066982e-06,-0.001985867239495026,0.0024823722751100173,-0.0029788914684679276,false,not converged
1.49,mixed_mesh_0.05,H,5,0.25,3.174313391750998e-07,-0.0024823722751100173,0.0024823722751100173,-0.0029788914684679276,false,not converged
1.49,mixed_mesh_0.05,L,0,-3.503246160812043e-46,1.0,n/a,0.0,n/a,false,not converged
1.495,mixed_mesh_0.025,H,0,0.0,0.7684845294153736,0.0,0.0024396823754206758,-0.0026837093395096685,false,not converged
1.495,mixed_mesh_0.025,H,1,0.025,0.1779478498668262,-0.00024391708295161635,0.0024396823754206758,-0.0026837093395096685,false,not converged
1.495,mixed_mesh_0.025,H,2,0.05,0.041180652305299534,-0.00048784608429590164,0.0024396823754206758,-0.0026837093395096685,false,not converged
1.495,mixed_mesh_0.025,H,3,0.075,0.009524360923757764,-0.0007317868165072685,0.0024396823754206758,-0.0026837093395096685,false,not converged
1.495,mixed_mesh_0.025,H,4,0.1,0.0022015117974441565,-0.0009757390598727177,0.0024396823754206758,-0.0026837093395096685,false,not converged
1.495,mixed_mesh_0.025,H,5,0.125,0.000508568992335146,-0.001219702596785703,0.0024396823754206758,-0.0026837093395096685,false,not converged
1.495,mixed_mesh_0.025,H,6,0.15,0.00011741513872311261,-0.0014636772144657,0.0024396823754206758,-0.0026837093395096685,false,not converged
1.495,mixed_mesh_0.025,H,7,0.175,2.7092292004987618e-05,-0.0017076627043201655,0.0024396823754206758,-0.0026837093395096685,false,not converged
1.495,mixed_mesh_0.025,H,8,0.2,6.24765779886996e-06,-0.0019516588614650406,0.0024396823754206758,-0.0026837093395096685,false,not converged
1.495,mixed_mesh_0.025,H,9,0.225,1.439929454978932e-06,-0.00219566548450402,0.0024396823754206758,-0.0026837093395096685,false,not converged
1.495,mixed_mesh_0.025,H,10,0.25,3.3168098154542095e-07,-0.0024396823754206758,0.0024396823754206758,-0.0026837093395096685,false,not converged
1.495,mixed_mesh_0.025,L,0,-3.503246160812043e-46,1.0,n/a,0.0,n/a,false,not converged
1.495,mixed_mesh_0.05,H,0,0.0,0.9464201965617185,0.0,0.0024393341578732098,-0.0029272490459009625,false,not converged
1.495,mixed_mesh_0.05,H,1,0.05,0.050714992673713113,-0.0004878327200710413,0.0024393341578732098,-0.0029272490459009625,false,not converged
1.495,mixed_mesh_0.05,H,2,0.1,0.0027119725209549654,-0.0009756831328831725,0.0024393341578732098,-0.0029272490459009625,false,not converged
1.495,mixed_mesh_0.05,H,3,0.15,0.00014472153257912238,-0.0014635505980879326,0.0024393341578732098,-0.0029272490459009625,false,not converged
1.495,mixed_mesh_0.05,H,4,0.2,7.707097410550374e-06,-0.0019514344776290012,0.0024393341578732098,-0.0029272490459009625,false,not converged
1.495,mixed_mesh_0.05,H,5,0.25,4.09613623780219e-07,-0.0024393341578732098,0.0024393341578732098,-0.0029272490459009625,false,not converged
1.495,mixed_mesh_0.05,L,0,-3.503246160812043e-46,1.0,n/a,0.0,n/a,false,not converged
1.5,mixed_mesh_0.025,H,0,0.0,0.7623903948479822,0.0,0.0026361289547829087,-0.0028758436098346696,false,not converged
1.5,mixed_mesh_0.025,H,1,0.025,0.18118574603580867,-0.0002395886491682329,0.0026361289547829087,-0.0028758436098346696,false,not converged
1.5,mixed_mesh_0.025,H,2,0.05,0.04303339886436729,-0.0004791898365678044,0.0026361289547829087,-0.0028758436098346696,false,not converged
1.5,mixed_mesh_0.025,H,3,0.075,0.010214603712810633,-0.0007188033663816686,0.0026361289547829087,-0.0028758436098346696,false,not converged
1.5,mixed_mesh_0.025,H,4,0.1,0.0024231039748623152,-0.0009584290077251426,0.0026361289547829087,-0.0028758436098346696,false,not converged
1.5,mixed_mesh_0.025,H,5,0.125,0.000574458147863581,-0.001198066531579631,0.0026361289547829087,-0.0028758436098346696,false,not converged
1.5,mixed_mesh_0.025,H,6,0.15,0.0001361075652484825,-0.0014377157139955218,0.0026361289547829087,-0.0028758436098346696,false,not converged
1.5,mixed_mesh_0.025,H,7,0.175,3.222892337670519e-05,-0.0016773763354663554,0.0026361289547829087,-0.0028758436098346696,false,not converged
1.5,mixed_mesh_0.025,H,8,0.2,7.626959835698243e-06,-0.0019170481804104064,0.0026361289547829087,-0.0028758436098346696,false,not converged
1.5,mixed_mesh_0.025,H,9,0.225,1.803856510412916e-06,-0.0021567310369254252,0.0026361289547829087,-0.0028758436098346696,false,not converged
1.5,mixed_mesh_0.025,H,10,0.25,4.263834569371169e-07,-0.00239642469666884,0.0026361289547829087,-0.0028758436098346696,false,not converged
1.5,mixed_mesh_0.025,H,11,0.275,1.0072787714731292e-07,-0.0026361289547829087,0.0026361289547829087,-0.0028758436098346696,false,not converged
1.5,mixed_mesh_0.025,L,0,-3.503246160812043e-46,1.0,n/a,0.0,n/a,false,not converged
1.5,mixed_mesh_0.05,H,0,0.0,0.9435627566877857,0.0,0.002396063368750676,-0.0028753276770236928,false,not converged
1.5,mixed_mesh_0.05,H,1,0.05,0.05325893411713594,-0.00047917602288282833,0.002396063368750676,-0.0028753276770236928,false,not converged
1.5,mixed_mesh_0.05,H,2,0.1,0.0029997303661225775,-0.000958371055058798,0.002396063368750676,-0.0028753276770236928,false,not converged
1.5,mixed_mesh_0.05,H,3,0.15,0.0001685941273989524,-0.001437584409542088,0.002396063368750676,-0.0028753276770236928,false,not converged
1.5,mixed_mesh_0.05,H,4,0.2,9.455496058409695e-06,-0.0019168154005657152,0.002396063368750676,-0.0028753276770236928,false,not converged
1.5,mixed_mesh_0.05,H,5,0.25,5.292054984113258e-07,-0.002396063368750676,0.002396063368750676,-0.0028753276770236928,false,not converged
1.5,mixed_mesh_0.05,L,0,-3.503246160812043e-46,1.0,n/a,0.0,n/a,false,not converged
1.505,mixed_mesh_0.025,H,0,0.0,0.7561020058328356,0.0,0.002588295923314998,-0.0028236656108368762,false,not converged
1.505,mixed_mesh_0.025,H,1,0.025,0.18444919395955114,-0.00023523707706906506,0.002588295923314998,-0.0028236656108368762,false,not converged
1.505,mixed_mesh_0.025,H,2,0.05,0.04496763211402352,-0.0004704873479422861,0.002588295923314998,-0.0028236656108368762,false,not converged
1.505,mixed_mesh_0.025,H,3,0.075,0.010955932949833174,-0.0007057506081793018,0.002588295923314998,-0.0028236656108368762,false,not converged
1.505,mixed_mesh_0.025,H,4,0.1,0.0026676275795647917,-0.0009410266151248666,0.002588295923314998,-0.0028236656108368762,false,not converged
1.505,mixed_mesh_0.025,H,5,0.125,0.0006491255502564439,-0.0011763151276870212,0.002588295923314998,-0.0028236656108368762,false,not converged
1.505,mixed_mesh_0.025,H,6,0.15,0.0001578561969692081,-0.001411615910090981,0.002588295923314998,-0.0028236656108368762,false,not converged
1.505,mixed_mesh_0.025,H,7,0.175,3.83642034919579e-05,-0.001646928731277573,0.002588295923314998,-0.0028236656108368762,false,not converged
1.505,mixed_mesh_0.025,H,8,0.2,9.318046896621248e-06,-0.0018822533643442969,0.002588295923314998,-0.0028236656108368762,false,not converged
1.505,mixed_mesh_0.025,H,9,0.225,2.2618331855500963e-06,-0.002117589586272867,0.002588295923314998,-0.0028236656108368762,false,not converged
1.505,mixed_mesh_0.025,H,10,0.25,5.487016609445234e-07,-0.0023529371777958608,0.002588295923314998,-0.0028236656108368762,false,not converged
1.505,mixed_mesh_0.025,H,11,0.275,1.3303173110737323e-07,-0.002588295923314998,0.002588295923314998,-0.0028236656108368762,false,not converged
1.505,mixed_mesh_0.025,L,0,-3.503246160812043e-46,1.0,n/a,0.0,n/a,false,not converged
1.505,mixed_mesh_0.05,H,0,0.0,0.9405364005059229,0.0,0.0023525623337218478,-0.002823130295110521,false,not converged
1.505,mixed_mesh_0.05,H,1,0.05,0.05593553421546705,-0.00047047307641114185,0.0023525623337218478,-0.002823130295110521,false,not converged
1.505,mixed_mesh_0.05,H,2,0.1,0.0033192390099303724,-0.0009409665823258814,0.0023525623337218478,-0.002823130295110521,false,not converged
1.505,mixed_mesh_0.05,H,3,0.15,0.00019653061909048953,-0.0014114797806037257,0.0023525623337218478,-0.002823130295110521,false,not converged
1.505,mixed_mesh_0.05,H,4,0.2,1.1611126731803408e-05,-0.0018820119339830886,0.0023525623337218478,-0.002823130295110521,false,not converged
1.505,mixed_mesh_0.05,H,5,0.25,6.845228573874375e-07,-0.0023525623337218478,0.0023525623337218478,-0.002823130295110521,false,not converged
1.505,mixed_mesh_0.05,L,0,-3.503246160812043e-46,1.0,n/a,0.0,n/a,false,not converged
1.506,mixed_mesh_0.025,H,0,0.0,0.7548204369174077,0.0,0.0025786992345376352,-0.002813197217897618,false,not converged
1.506,mixed_mesh_0.025,H,1,0.025,0.185104601352456,-0.00023436400637523441,0.0025786992345376352,-0.002813197217897618,false,not converged
1.506,mixed_mesh_0.025,H,2,0.05,0.045364487330036764,-0.0004687413421759942,0.0025786992345376352,-0.002813197217897618,false,not converged
1.506,mixed_mesh_0.025,H,3,0.075,0.011110643734432114,-0.0007031318011967233,0.0025786992345376352,-0.002813197217897618,false,not converged
1.506,mixed_mesh_0.025,H,4,0.1,0.0027194886844995954,-0.0009375351383532418,0.0025786992345376352,-0.002813197217897618,false,not converged
1.506,mixed_mesh_0.025,H,5,0.125,0.0006652138753557664,-0.0011719511100556968,0.0025786992345376352,-0.002813197217897618,false,not converged
1.506,mixed_mesh_0.025,H,6,0.15,0.0001626159406359122,-0.0014063794780815083,0.0025786992345376352,-0.002813197217897618,false,not converged
1.506,mixed_mesh_0.025,H,7,0.175,3.9727835869866e-05,-0.0016408200089803422,0.0025786992345376352,-0.002813197217897618,false,not converged
1.506,mixed_mesh_0.025,H,8,0.2,9.69972067832965e-06,-0.0018752724735069102,0.0025786992345376352,-0.002813197217897618,false,not converged
1.506,mixed_mesh_0.025,H,9,0.225,2.3667855570961822e-06,-0.0021097366463427303,0.0025786992345376352,-0.002813197217897618,false,not converged
1.506,mixed_mesh_0.025,H,10,0.25,5.771610594741978e-07,-0.0023442123059598486,0.0025786992345376352,-0.002813197217897618,false,not converged
1.506,mixed_mesh_0.025,H,11,0.275,1.406620113841888e-07,-0.0025786992345376352,0.0025786992345376352,-0.002813197217897618,false,not converged
1.506,mixed_mesh_0.025,L,0,-3.503246160812043e-46,1.0,n/a,0.0,n/a,false,not converged
1.506,mixed_mesh_0.05,H,0,0.0,0.9399099375797062,0.0,0.0023438347091294456,-0.0028126579535604815,false,not converged
1.506,mixed_mesh_0.05,H,1,0.05,0.056487319153665685,-0.00046872697810522966,0.0023438347091294456,-0.0028126579535604815,false,not converged
1.506,mixed_mesh_0.05,H,2,0.1,0.003387257463219806,-0.0009374746829616805,0.0023438347091294456,-0.0028126579535604815,false,not converged
1.506,mixed_mesh_0.05,H,3,0.15,0.0002026657596718466,-0.0014062423669518997,0.0023438347091294456,-0.0028126579535604815,false,not converged
1.506,mixed_mesh_0.05,H,4,0.2,1.2099266173672586e-05,-0.001875029282033092,0.0023438347091294456,-0.0028126579535604815,false,not converged
1.506,mixed_mesh_0.05,H,5,0.25,7.207775628075067e-07,-0.0023438347091294456,0.0023438347091294456,-0.0028126579535604815,false,not converged
1.506,mixed_mesh_0.05,L,0,-3.503246160812043e-46,1.0,n/a,0.0,n/a,false,not converged
1.507,mixed_mesh_0.025,H,0,0.0,0.7535307800548866,0.0,0.0025690925678391405,-0.002802717948250433,false,not converged
1.507,mixed_mesh_0.025,H,1,0.025,0.1857608361609722,-0.00023349002119998907,0.0025690925678391405,-0.002802717948250433,false,not converged
1.507,mixed_mesh_0.025,H,2,0.05,0.045764727057040745,-0.00046699350899704164,0.0025690925678391405,-0.002802717948250433,false,not converged
1.507,mixed_mesh_0.025,H,3,0.075,0.011267571948816306,-0.000700510255406742,0.0025690925678391405,-0.002802717948250433,false,not converged
1.507,mixed_mesh_0.025,H,4,0.1,0.002772381189629062,-0.0009340400128903803,0.0025690925678391405,-0.002802717948250433,false,not converged
1.507,mixed_mesh_0.025,H,5,0.125,0.0006817103412220178,-0.0011675825353316095,0.0025690925678391405,-0.002802717948250433,false,not converged
1.507,mixed_mesh_0.025,H,6,0.15,0.0001675224161417274,-0.001401137582031567,0.0025690925678391405,-0.002802717948250433,false,not converged
1.507,mixed_mesh_0.025,H,7,0.175,4.114094817176963e-05,-0.001634704917121005,0.0025690925678391405,-0.002802717948250433,false,not converged
1.507,mixed_mesh_0.025,H,8,0.2,1.0097330080893716e-05,-0.0018682843089847826,0.0025690925678391405,-0.002802717948250433,false,not converged
1.507,mixed_mesh_0.025,H,9,0.225,2.476695126444194e-06,-0.002101875529977727,0.0025690925678391405,-0.002802717948250433,false,not converged
1.507,mixed_mesh_0.025,H,10,0.25,6.07121160156374e-07,-0.0023354783562853547,0.0025690925678391405,-0.002802717948250433,false,not converged
1.507,mixed_mesh_0.025,H,11,0.275,1.4873675211101046e-07,-0.0025690925678391405,0.0025690925678391405,-0.002802717948250433,false,not converged
1.507,mixed_mesh_0.025,L,0,-3.503246160812043e-46,1.0,n/a,0.0,n/a,false,not converged
1.507,mixed_mesh_0.05,H,0,0.0,0.9392762076696936,0.0,0.0023350979900566217,-0.0028021747110810505,false,not converged
1.507,mixed_mesh_0.05,H,1,0.05,0.057044709990110645,-0.0004669790520731947,0.0023350979900566217,-0.0028021747110810505,false,not converged
1.507,mixed_mesh_0.05,H,2,0.1,0.0034567174131386854,-0.0009339791327187508,0.0023350979900566217,-0.0028021747110810505,false,not converged
1.507,mixed_mesh_0.05,H,3,0.15,0.0002089975667721258,-0.0014009994836882578,0.0023350979900566217,-0.0028021747110810505,false,not converged
1.507,mixed_mesh_0.05,H,4,0.2,1.260837294870733e-05,-0.001868039345990629,0.0023350979900566217,-0.0028021747110810505,false,not converged
1.507,mixed_mesh_0.05,H,5,0.25,7.589873362495849e-07,-0.0023350979900566217,0.0023350979900566217,-0.0028021747110810505,false,not converged
1.507,mixed_mesh_0.05,L,0,-3.503246160812043e-46,1.0,n/a,0.0,n/a,false,not converged
1.508,mixed_mesh_0.025,H,0,0.0,0.752232981246524,0.0,0.002559475944395265,-0.0027922278251107024,false,not converged
1.508,mixed_mesh_0.025,H,1,0.025,0.1864178632548956,-0.00023261512336643456,0.002559475944395265,-0.0027922278251107024,false,not converged
1.508,mixed_mesh_0.025,H,2,0.05,0.0461683717984211,-0.0004652438520728596,0.002559475944395265,-0.0027922278251107024,false,not converged
1.508,mixed_mesh_0.025,H,3,0.075,0.01142674790219838,-0.000697885976342271,0.002559475944395265,-0.0027922278251107024,false,not converged
1.508,mixed_mesh_0.025,H,4,0.1,0.002826325539350775,-0.0009305412461555463,0.002559475944395265,-0.0027922278251107024,false,not converged
1.508,mixed_mesh_0.025,H,5,0.125,0.0006986253959833795,-0.0011632094128408623,0.002559475944395265,-0.0027922278251107024,false,not converged
1.508,mixed_mesh_0.025,H,6,0.15,0.00017258020676036515,-0.0013958902331941904,0.002559475944395265,-0.0027922278251107024,false,not converged
1.508,mixed_mesh_0.025,H,7,0.175,4.2605361871232255e-05,-0.0016285834688992249,0.002559475944395265,-0.0027922278251107024,false,not converged
1.508,mixed_mesh_0.025,H,8,0.2,1.0511550215245864e-05,-0.0018612888859435286,0.002559475944395265,-0.0027922278251107024,false,not converged
1.508,mixed_mesh_0.025,H,9,0.225,2.5917993997217487e-06,-0.0020940062543283763,0.002559475944395265,-0.0027922278251107024,false,not converged
1.508,mixed_mesh_0.025,H,10,0.25,6.386621935212935e-07,-0.002326735347926394,0.002559475944395265,-0.0027922278251107024,false,not converged
1.508,mixed_mesh_0.025,H,11,0.275,1.5728218667652136e-07,-0.002559475944395265,0.002559475944395265,-0.0027922278251107024,false,not converged
1.508,mixed_mesh_0.025,L,0,-3.503246160812043e-46,1.0,n/a,0.0,n/a,false,not converged
1.508,mixed_mesh_0.05,H,0,0.0,0.9386351215015597,0.0,0.0023263521956014117,-0.0027916805907980484,false,not converged
1.508,mixed_mesh_0.05,H,1,0.05,0.05760775760452559,-0.00046522930198707104,0.0023263521956014117,-0.0027916805907980484,false,not converged
1.508,mixed_mesh_0.05,H,2,0.1,0.0035276498082858557,-0.0009304799390174711,0.0023263521956014117,-0.0027916805907980484,false,not converged
1.508,mixed_mesh_0.05,H,3,0.15,0.0002155324629890621,-0.001395751142055481,0.0023263521956014117,-0.0027916805907980484,false,not converged
1.508,mixed_mesh_0.05,H,4,0.2,1.3139363395923652e-05,-0.0018610421409918287,0.0023263521956014117,-0.0027916805907980484,false,not converged
1.508,mixed_mesh_0.05,H,5,0.25,7.99259243906772e-07,-0.0023263521956014117,0.0023263521956014117,-0.0027916805907980484,false,not converged
1.508,mixed_mesh_0.05,L,0,-3.503246160812043e-46,1.0,n/a,0.0,n/a,false,not converged
1.509,mixed_mesh_0.025,H,0,0.0,0.7509269861129247,0.0,0.0025498493853477813,-0.002781726871658696,false,not converged
1.509,mixed_mesh_0.025,H,1,0.025,0.1870756467429916,-0.000231739314692849,0.0025498493853477813,-0.002781726871658696,false,not converged
1.509,mixed_mesh_0.025,H,2,0.05,0.04657544193950972,-0.0004634923750615825,0.0025498493853477813,-0.002781726871658696,false,not converged
1.509,mixed_mesh_0.025,H,3,0.075,0.011588202250438844,-0.000695258969522817,0.0025498493853477813,-0.002781726871658696,false,not converged
1.509,mixed_mesh_0.025,H,4,0.1,0.002881342567950499,-0.0009270388455508438,0.0025498493853477813,-0.002781726871658696,false,not converged
1.509,mixed_mesh_0.025,H,5,0.125,0.0007159697533423425,-0.0011588317518889967,0.0025498493853477813,-0.002781726871658696,false,not converged
1.509,mixed_mesh_0.025,H,6,0.15,0.00017779403947535075,-0.0013906374427987917,0.0025498493853477813,-0.002781726871658696,false,not converged
1.509,mixed_mesh_0.025,H,7,0.175,4.412296605177536e-05,-0.0016224556774883242,0.0025498493853477813,-0.002781726871658696,false,not converged
1.509,mixed_mesh_0.025,H,8,0.2,1.0943085086066162e-05,-0.001854286219520032,0.0025498493853477813,-0.002781726871658696,false,not converged
1.509,mixed_mesh_0.025,H,9,0.225,2.7123473875476745e-06,-0.0020861288365144,0.0025498493853477813,-0.002781726871658696,false,not converged
1.509,mixed_mesh_0.025,H,10,0.25,6.718687274908703e-07,-0.002317983300004439,0.0025498493853477813,-0.002781726871658696,false,not converged
1.509,mixed_mesh_0.025,H,11,0.275,1.6632611409085807e-07,-0.0025498493853477813,0.0025498493853477813,-0.002781726871658696,false,not converged
1.509,mixed_mesh_0.025,L,0,-3.503246160812043e-46,1.0,n/a,0.0,n/a,false,not converged
1.509,mixed_mesh_0.05,H,0,0.0,0.9379865886558468,0.0,0.0023175973448299678,-0.0027811756158029294,false,not converged
1.509,mixed_mesh_0.05,H,1,0.05,0.05817651310614136,-0.000463477731509761,0.0023175973448299678,-0.0027811756158029294,false,not converged
1.509,mixed_mesh_0.05,H,2,0.1,0.003600086254330477,-0.0009269771092613776,0.0023175973448299678,-0.0027811756158029294,false,not converged
1.509,mixed_mesh_0.05,H,3,0.15,0.0002222770829486836,-0.0013904973532730801,0.0023175973448299678,-0.0027811756158029294,false,not converged
1.509,mixed_mesh_0.05,H,4,0.2,1.3693194440724542e-05,-0.001854037682144656,0.0023175973448299678,-0.0027811756158029294,false,not converged
1.509,mixed_mesh_0.05,H,5,0.25,8.417062920230958e-07,-0.0023175973448299678,0.0023175973448299678,-0.0027811756158029294,false,not converged
1.509,mixed_mesh_0.05,L,0,-3.503246160812043e-46,1.0,n/a,0.0,n/a,false,not converged
1.51,mixed_mesh_0.025,H,0,0.0,0.7496127398913662,0.0,0.002540212911804981,-0.002771215111040162,false,not converged
1.51,mixed_mesh_0.025,H,1,0.025,0.1877341499606286,-0.00023086259699269202,0.002540212911804981,-0.002771215111040162,false,not converged
1.51,mixed_mesh_0.025,H,2,0.05,0.046985957738854826,-0.00046173908161207427,0.002540212911804981,-0.002771215111040162,false,not converged
1.51,mixed_mesh_0.025,H,3,0.075,0.011751965997510617,-0.000692629240454531,0.002540212911804981,-0.002771215111040162,false,not converged
1.51,mixed_mesh_0.025,H,4,0.1,0.0029374535062510984,-0.000923532818461301,0.002540212911804981,-0.002771215111040162,false,not converged
1.51,mixed_mesh_0.025,H,5,0.125,0.00073375439911945,-0.0011544495617611156,0.002540212911804981,-0.002771215111040162,false,not converged
1.51,mixed_mesh_0.025,H,6,0.15,0.00018316878945069456,-0.0013853792220513339,0.002540212911804981,-0.002771215111040162,false,not converged
1.51,mixed_mesh_0.025,H,7,0.175,4.569571991968551e-05,-0.0016163215560355073,0.002540212911804981,-0.002771215111040162,false,not converged
1.51,mixed_mesh_0.025,H,8,0.2,1.139266883519328e-05,-0.0018472763248227287,0.002540212911804981,-0.002771215111040162,false,not converged
1.51,mixed_mesh_0.025,H,9,0.225,2.8386001665072027e-06,-0.0020782432936250726,0.002540212911804981,-0.002771215111040162,false,not converged
1.51,mixed_mesh_0.025,H,10,0.25,7.068299038747022e-07,-0.002309222231608837,0.002540212911804981,-0.002771215111040162,false,not converged
1.51,mixed_mesh_0.025,H,11,0.275,1.7589799326649063e-07,-0.002540212911804981,0.002540212911804981,-0.002771215111040162,false,not converged
1.51,mixed_mesh_0.025,L,0,-3.503246160812043e-46,1.0,n/a,0.0,n/a,false,not converged
1.51,mixed_mesh_0.05,H,0,0.0,0.9373305175528203,0.0,0.00230883345677701,-0.0027706598091534027,false,not converged
1.51,mixed_mesh_0.05,H,1,0.05,0.05875102782644038,-0.0004617243442950657,0.00230883345677701,-0.0027706598091534027,false,not converged
1.51,mixed_mesh_0.05,H,2,0.1,0.0036740590272524914,-0.0009234706508372552,0.00230883345677701,-0.0027706598091534027,false,not converged
1.51,mixed_mesh_0.05,H,3,0.15,0.00022923828031747715,-0.0013852381285375782,0.00230883345677701,-0.0027706598091534027,false,not converged
1.51,mixed_mesh_0.05,H,4,0.2,1.4270865409431781e-05,-0.0018470259845292094,0.00230883345677701,-0.0027706598091534027,false,not converged
1.51,mixed_mesh_0.05,H,5,0.25,8.864477599748971e-07,-0.00230883345677701,0.00230883345677701,-0.0027706598091534027,false,not converged
1.51,mixed_mesh_0.05,L,0,-3.503246160812043e-46,1.0,n/a,0.0,n/a,false,not converged
1.511,mixed_mesh_0.025,H,0,0.0,0.7482901874331148,0.0,0.0025305665448422973,-0.002760692566367043,false,not converged
1.511,mixed_mesh_0.025,H,1,0.025,0.188393335457213,-0.0002299849720746241,0.0025305665448422973,-0.002760692566367043,false,not converged
1.511,mixed_mesh_0.025,H,2,0.05,0.047399939319235154,-0.0004599839753639738,0.0025305665448422973,-0.002760692566367043,false,not converged
1.511,mixed_mesh_0.025,H,3,0.075,0.011918070496865534,-0.0006899967946302881,0.0025305665448422973,-0.002760692566367043,false,not converged
1.511,mixed_mesh_0.025,H,4,0.1,0.0029946799883404547,-0.0009200231722549899,0.0025305665448422973,-0.002760692566367043,false,not converged
1.511,mixed_mesh_0.025,H,5,0.125,0.0007519905979466656,-0.0011500628517220517,0.0025305665448422973,-0.002760692566367043,false,not converged
1.511,mixed_mesh_0.025,H,6,0.15,0.0001887094846373266,-0.0013801155821345555,0.0025305665448422973,-0.002760692566367043,false,not converged
1.511,mixed_mesh_0.025,H,7,0.175,4.732565540955711e-05,-0.001610181117662152,0.0025305665448422973,-0.002760692566367043,false,not converged
1.511,mixed_mesh_0.025,H,8,0.2,1.1861067038562932e-05,-0.001840259216931967,0.0025305665448422973,-0.002760692566367043,false,not converged
1.511,mixed_mesh_0.025,H,9,0.225,2.970831468139722e-06,-0.0020703496427196618,0.0025305665448422973,-0.002760692566367043,false,not converged
1.511,mixed_mesh_0.025,H,10,0.25,7.436396878376056e-07,-0.0023004521617973404,0.0025305665448422973,-0.002760692566367043,false,not converged
1.511,mixed_mesh_0.025,H,11,0.275,1.8602904301626618e-07,-0.0025305665448422973,0.0025305665448422973,-0.002760692566367043,false,not converged
1.511,mixed_mesh_0.025,L,0,-3.503246160812043e-46,1.0,n/a,0.0,n/a,false,not converged
1.511,mixed_mesh_0.05,H,0,0.0,0.936666815437145,0.0,0.002300060550446374,-0.00276013319387418,false,not converged
1.511,mixed_mesh_0.05,H,1,0.05,0.05933135331152714,-0.0004599691439877349,0.002300060550446374,-0.00276013319387418,false,not converged
1.511,mixed_mesh_0.05,H,2,0.1,0.003749601086807062,-0.0009199605711152682,0.002300060550446374,-0.00276013319387418,false,not converged
1.511,mixed_mesh_0.05,H,3,0.15,0.00023642313504329006,-0.0013799734790227516,0.002300060550446374,-0.00276013319387418,false,not converged
1.511,mixed_mesh_0.05,H,4,0.2,1.4873419925251945e-05,-0.0018400070631981059,0.002300060550446374,-0.00276013319387418,false,not converged
1.511,mixed_mesh_0.05,H,5,0.25,9.336095521751332e-07,-0.002300060550446374,0.002300060550446374,-0.00276013319387418,false,not converged
1.511,mixed_mesh_0.05,L,0,-3.503246160812043e-46,1.0,n/a,0.0,n/a,false,not converged
1.512,mixed_mesh_0.025,H,0,0.0,0.7469592732007021,0.0,0.002520910305502833,-0.0027501592607180967,false,not converged
1.512,mixed_mesh_0.025,H,1,0.025,0.18905316498345082,-0.00022910644174251618,0.002520910305502833,-0.0027501592607180967,false,not converged
1.512,mixed_mesh_0.025,H,2,0.05,0.04781740665841433,-0.0004582270599477221,0.002520910305502833,-0.0027501592607180967,false,not converged
1.512,mixed_mesh_0.025,H,3,0.075,0.012086547452700802,-0.0006873616375297401,0.002520910305502833,-0.0027501592607180967,false,not converged
1.512,mixed_mesh_0.025,H,4,0.1,0.0030530440583786,-0.0009165099142831143,0.002520910305502833,-0.0027501592607180967,false,not converged
1.512,mixed_mesh_0.025,H,5,0.125,0.0007706899001133741,-0.0011456716310164973,0.002520910305502833,-0.0027501592607180967,false,not converged
1.512,mixed_mesh_0.025,H,6,0.15,0.00019442131051922328,-0.0013748465342081485,0.002520910305502833,-0.0027501592607180967,false,not converged
1.512,mixed_mesh_0.025,H,7,0.175,4.9014879885923143e-05,-0.0016040343754640406,0.002520910305502833,-0.0027501592607180967,false,not converged
1.512,mixed_mesh_0.025,H,8,0.2,1.234907805896086e-05,-0.0018332349109003083,0.002520910305502833,-0.0027501592607180967,false,not converged
1.512,mixed_mesh_0.025,H,9,0.225,3.1093282967855593e-06,-0.0020624479008277967,0.002520910305502833,-0.0027501592607180967,false,not converged
1.512,mixed_mesh_0.025,H,10,0.25,7.8239713105169e-07,-0.002291673109596553,0.002520910305502833,-0.0027501592607180967,false,not converged
1.512,mixed_mesh_0.025,H,11,0.275,1.967523481167492e-07,-0.002520910305502833,0.002520910305502833,-0.0027501592607180967,false,not converged
1.512,mixed_mesh_0.025,L,0,-3.503246160812043e-46,1.0,n/a,0.0,n/a,false,not converged
1.512,mixed_mesh_0.05,H,0,0.0,0.9359953883623349,0.0,0.002291278644811481,-0.0027495957929576233,false,not converged
1.512,mixed_mesh_0.05,H,1,0.05,0.05991754131414729,-0.00045821213422349825,0.002291278644811481,-0.0027495957929576233,false,not converged
1.512,mixed_mesh_0.05,H,2,0.1,0.0038267460902248985,-0.000916446877449055,0.002291278644811481,-0.0027495957929576233,false,not converged
1.512,mixed_mesh_0.05,H,3,0.15,0.00024383896083362725,-0.0013747034158798207,0.002291278644811481,-0.0027495957929576233,false,not converged
1.512,mixed_mesh_0.05,H,4,0.2,1.550194788948288e-05,-0.0018329809331767933,0.002291278644811481,-0.0027495957929576233,false,not converged
1.512,mixed_mesh_0.05,H,5,0.25,9.833245698853036e-07,-0.002291278644811481,0.002291278644811481,-0.0027495957929576233,false,not converged
1.512,mixed_mesh_0.05,L,0,-3.503246160812043e-46,1.0,n/a,0.0,n/a,false,not converged
1.513,mixed_mesh_0.025,H,0,0.0,0.7456199412652286,0.0,0.0025112442147979972,-0.0027396152171396395,false,not converged
1.513,mixed_mesh_0.025,H,1,0.025,0.18971359947840807,-0.00022822700779546844,0.0025112442147979972,-0.0027396152171396395,false,not converged
1.513,mixed_mesh_0.025,H,2,0.05,0.048238379579612474,-0.0004564683389846081,0.0025112442147979972,-0.0027396152171396395,false,not converged
1.513,mixed_mesh_0.025,H,3,0.075,0.012257428921106489,-0.0006847237746193962,0.0025112442147979972,-0.0027396152171396395,false,not converged
1.513,mixed_mesh_0.025,H,4,0.1,0.0031125681774769438,-0.0009129930518801323,0.0025112442147979972,-0.0027396152171396395,false,not converged
1.513,mixed_mesh_0.025,H,5,0.125,0.0007898641485653897,-0.0011412759088691776,0.0025112442147979972,-0.0027396152171396395,false,not converged
1.513,mixed_mesh_0.025,H,6,0.15,0.00020030961500233679,-0.0013695720894089886,0.0025112442147979972,-0.0027396152171396395,false,not converged
1.513,mixed_mesh_0.025,H,7,0.175,5.076557894414396e-05,-0.0015978813425116603,0.0025112442147979972,-0.0027396152171396395,false,not converged
1.513,mixed_mesh_0.025,H,8,0.2,1.2857534456875928e-05,-0.0018262034217528954,0.0025112442147979972,-0.0027396152171396395,false,not converged
1.513,mixed_mesh_0.025,H,9,0.225,3.2543915776730257e-06,-0.0020545380849499198,0.0025112442147979972,-0.0027396152171396395,false,not converged
1.513,mixed_mesh_0.025,H,10,0.25,8.232066492757121e-07,-0.0022828850940024665,0.0025112442147979972,-0.0027396152171396395,false,not converged
1.513,mixed_mesh_0.025,H,11,0.275,2.0810297180339563e-07,-0.0025112442147979972,0.0025112442147979972,-0.0027396152171396395,false,not converged
1.513,mixed_mesh_0.025,L,0,-3.503246160812043e-46,1.0,n/a,0.0,n/a,false,not converged
1.513,mixed_mesh_0.05,H,0,0.0,0.9353161411749992,0.0,0.0022824877588159035,-0.0027390476293645163,false,not converged
1.513,mixed_mesh_0.05,H,1,0.05,0.06050964378532262,-0.0004564533186291156,0.0022824877588159035,-0.0027390476293645163,false,not converged
1.513,mixed_mesh_0.05,H,2,0.1,0.0039055284061444246,-0.0009129295771758601,0.0022824877588159035,-0.0027390476293645163,false,not converged
1.513,mixed_mesh_0.05,H,3,0.15,0.00025149331287803363,-0.0013694279502376948,0.0022824877588159035,-0.0027390476293645163,false,not converged
1.513,mixed_mesh_0.05,H,4,0.2,1.6157587551699373e-05,-0.0018259476094639438,0.0022824877588159035,-0.0027390476293645163,false,not converged
1.513,mixed_mesh_0.05,H,5,0.25,1.035733104058566e-06,-0.0022824877588159035,0.0022824877588159035,-0.0027390476293645163,false,not converged
1.513,mixed_mesh_0.05,L,0,-3.503246160812043e-46,1.0,n/a,0.0,n/a,false,not converged
1.514,mixed_mesh_0.025,H,0,0.0,0.7442721353036136,0.0,0.002501568293708067,-0.0027290604586461945,false,not converged
1.514,mixed_mesh_0.025,H,1,0.025,0.19037459905638446,-0.0002273466720278211,0.002501568293708067,-0.0027290604586461945,false,not converged
1.514,mixed_mesh_0.025,H,2,0.05,0.0486628777417151,-0.00045470781608679834,0.002501568293708067,-0.0027290604586461945,false,not converged
1.514,mixed_mesh_0.025,H,3,0.075,0.01243074731110894,-0.0006820832113526796,0.002501568293708067,-0.0027290604586461945,false,not converged
1.514,mixed_mesh_0.025,H,4,0.1,0.0031732752306584187,-0.0009094725923638471,0.002501568293708067,-0.0027290604586461945,false,not converged
1.514,mixed_mesh_0.025,H,5,0.125,0.0008095254860636626,-0.001136875694484985,0.002501568293708067,-0.0027290604586461945,false,not converged
1.514,mixed_mesh_0.025,H,6,0.15,0.0002063799134518436,-0.001364292258851326,0.002501568293708067,-0.0027290604586461945,false,not converged
1.514,mixed_mesh_0.025,H,7,0.175,5.258001931462463e-05,-0.0015917220318504494,0.002501568293708067,-0.0027290604586461945,false,not converged
1.514,mixed_mesh_0.025,H,8,0.2,1.3387304462096159e-05,-0.0018191647644877685,0.002501568293708067,-0.0027290604586461945,false,not converged
1.514,mixed_mesh_0.025,H,9,0.225,3.40633683677758e-06,-0.0020466202120576755,0.002501568293708067,-0.0027290604586461945,false,not converged
1.514,mixed_mesh_0.025,H,10,0.25,8.66178315171206e-07,-0.0022740881339809362,0.002501568293708067,-0.0027290604586461945,false,not converged
1.514,mixed_mesh_0.025,H,11,0.275,2.2011807509433408e-07,-0.002501568293708067,0.002501568293708067,-0.0027290604586461945,false,not converged
1.514,mixed_mesh_0.025,L,0,-3.503246160812043e-46,1.0,n/a,0.0,n/a,false,not converged
1.514,mixed_mesh_0.05,H,0,0.0,0.9346289774988875,0.0,0.0022736879113738617,-0.0027284887260247514,false,not converged
1.514,mixed_mesh_0.05,H,1,0.05,0.06110771286558992,-0.00045469270082241,0.0022736879113738617,-0.0027284887260247514,false,not converged
1.514,mixed_mesh_0.05,H,2,0.1,0.0039859831287772296,-0.0009094086776166358,0.0022736879113738617,-0.0027284887260247514,false,not converged
1.514,mixed_mesh_0.05,H,3,0.15,0.0002593939958221093,-0.001364147093203176,0.0022736879113738617,-0.0027284887260247514,false,not converged
1.514,mixed_mesh_0.05,H,4,0.2,1.684152767288077e-05,-0.0018189071070317865,0.0022736879113738617,-0.0027284887260247514,false,not converged
1.514,mixed_mesh_0.05,H,5,0.25,1.0909832504067116e-06,-0.0022736879113738617,0.0022736879113738617,-0.0027284887260247514,false,not converged
1.514,mixed_mesh_0.05,L,0,-3.503246160812043e-46,1.0,n/a,0.0,n/a,false,not converged
1.515,mixed_mesh_0.025,H,0,0.0,0.7429157985958428,0.0,0.002491882563182796,-0.002718495008221214,false,not converged
1.515,mixed_mesh_0.025,H,1,0.025,0.1910361229935927,-0.00022646543622916864,0.002491882563182796,-0.002718495008221214,false,not converged
1.515,mixed_mesh_0.025,H,2,0.05,0.04909092062919391,-0.0004529454948573739,0.002491882563182796,-0.002718495008221214,false,not converged
1.515,mixed_mesh_0.025,H,3,0.075,0.012606535385589573,-0.0006794399531699961,0.002491882563182796,-0.002718495008221214,false,not converged
1.515,mixed_mesh_0.025,H,4,0.1,0.00323518853389054,-0.0009059485430355193,0.002491882563182796,-0.002718495008221214,false,not converged
1.515,mixed_mesh_0.025,H,5,0.125,0.0008296863625028192,-0.0011324709970491386,0.002491882563182796,-0.002718495008221214,false,not converged
1.515,mixed_mesh_0.025,H,6,0.15,0.00021263789388088986,-0.0013590070536269947,0.002491882563182796,-0.002718495008221214,false,not converged
1.515,mixed_mesh_0.025,H,7,0.175,5.4460551873724864e-05,-0.0015855564565010753,0.002491882563182796,-0.002718495008221214,false,not converged
1.515,mixed_mesh_0.025,H,8,0.2,1.3939293508521225e-05,-0.0018121189540762144,0.002491882563182796,-0.002718495008221214,false,not converged
1.515,mixed_mesh_0.025,H,9,0.225,3.5654949139699815e-06,-0.002038694299094343,0.002491882563182796,-0.002718495008221214,false,not converged
1.515,mixed_mesh_0.025,H,10,0.25,9.114281671815524e-07,-0.0022652822484681943,0.002491882563182796,-0.002718495008221214,false,not converged
1.515,mixed_mesh_0.025,H,11,0.275,2.3283704335532564e-07,-0.002491882563182796,0.002491882563182796,-0.002718495008221214,false,not converged
1.515,mixed_mesh_0.025,L,0,-3.503246160812043e-46,1.0,n/a,0.0,n/a,false,not converged
1.515,mixed_mesh_0.05,H,0,0.0,0.9339337997187239,0.0,0.0022648791213707676,-0.0027179191058380775,false,not converged
1.515,mixed_mesh_0.05,H,1,0.05,0.06171180087583202,-0.0004529302844123107,0.0022648791213707676,-0.0027179191058380775,false,not converged
1.515,mixed_mesh_0.05,H,2,0.1,0.004068146092309206,-0.0009058841860761602,0.0022648791213707676,-0.0027179191058380775,false,not converged
1.515,mixed_mesh_0.05,H,3,0.15,0.00026754907200124954,-0.0013588608558611857,0.0022648791213707676,-0.0027179191058380775,false,not converged
1.515,mixed_mesh_0.05,H,4,0.2,1.7555009785668936e-05,-0.0018118594408264785,0.0022648791213707676,-0.0027179191058380775,false,not converged
1.515,mixed_mesh_0.05,H,5,0.25,1.149231347956971e-06,-0.0022648791213707676,0.0022648791213707676,-0.0027179191058380775,false,not converged
1.515,mixed_mesh_0.05,L,0,-3.503246160812043e-46,1.0,n/a,0.0,n/a,false,not converged
1.52,mixed_mesh_0.025,H,0,0.0,0.7360041405300137,0.0,0.0024433075002105015,-0.0026655081794614626,false,not converged
1.52,mixed_mesh_0.025,H,1,0.025,0.19435012234887405,-0.0002220458190762383,0.0024433075002105015,-0.0026655081794614626,false,not converged
1.52,mixed_mesh_0.025,H,2,0.05,0.051284974362496266,-0.0004441070392125863,0.0024433075002105015,-0.0026655081794614626,false,not converged
1.52,mixed_mesh_0.025,H,3,0.075,0.013523692584094808,-0.0006661834280287516,0.0024433075002105015,-0.0026655081794614626,false,not converged
1.52,mixed_mesh_0.025,H,4,0.1,0.0035636959270958627,-0.0008882747036129436,0.0024433075002105015,-0.0026655081794614626,false,not converged
1.52,mixed_mesh_0.025,H,5,0.125,0.0009384420311952544,-0.0011103805842205047,0.0024433075002105015,-0.0026655081794614626,false,not converged
1.52,mixed_mesh_0.025,H,6,0.15,0.0002469548785940564,-0.00133250079417783,0.0024433075002105015,-0.0026655081794614626,false,not converged
1.52,mixed_mesh_0.025,H,7,0.175,6.494317146291211e-05,-0.0015546350634567643,0.0024433075002105015,-0.0026655081794614626,false,not converged
1.52,mixed_mesh_0.025,H,8,0.2,1.7067026405103748e-05,-0.0017767831269893826,0.0024433075002105015,-0.0026655081794614626,false,not converged
1.52,mixed_mesh_0.025,H,9,0.225,4.482226337808938e-06,-0.0019989447242957786,0.0024433075002105015,-0.0026655081794614626,false,not converged
1.52,mixed_mesh_0.025,H,10,0.25,1.1763717608883784e-06,-0.002221119599297848,0.0024433075002105015,-0.0026655081794614626,false,not converged
1.52,mixed_mesh_0.025,H,11,0.275,3.085416693559935e-07,-0.0024433075002105015,0.0024433075002105015,-0.0026655081794614626,false,not converged
1.52,mixed_mesh_0.025,L,0,-3.503246160812043e-46,1.0,n/a,0.0,n/a,false,not converged
1.52,mixed_mesh_0.05,H,0,0.0,0.9303340983640838,0.0,0.0026649110552703155,-0.003109141435183729,false,not converged
1.52,mixed_mesh_0.05,H,1,0.05,0.06482436083085084,-0.0004440913490978722,0.0026649110552703155,-0.003109141435183729,false,not converged
1.52,mixed_mesh_0.05,H,2,0.1,0.004505891920495679,-0.0008882081035906104,0.0026649110552703155,-0.003109141435183729,false,not converged
1.52,mixed_mesh_0.05,H,3,0.15,0.0003124416341652792,-0.0013323493518932414,0.0026649110552703155,-0.003109141435183729,false,not converged
1.52,mixed_mesh_0.05,H,4,0.2,2.1613002330258515e-05,-0.001776514176128583,0.0026649110552703155,-0.003109141435183729,false,not converged
1.52,mixed_mesh_0.05,H,5,0.25,1.4915504941388632e-06,-0.00222070169447518,0.0026649110552703155,-0.003109141435183729,false,not converged
1.52,mixed_mesh_0.05,H,6,0.3,1.0269758003368066e-07,-0.0026649110552703155,0.0026649110552703155,-0.003109141435183729,false,not converged
1.52,mixed_mesh_0.05,L,0,-3.503246160812043e-46,1.0,n/a,0.0,n/a,false,not converged
1.525,mixed_mesh_0.025,H,0,0.0,0.7288703924104705,0.0,0.0026122574871349866,-0.0028300378530398567,false,not converged
1.525,mixed_mesh_0.025,H,1,0.025,0.19767059420332087,-0.00021760396689921458,0.0026122574871349866,-0.0028300378530398567,false,not converged
1.525,mixed_mesh_0.025,H,2,0.05,0.053570443692782646,-0.0004352241606656828,0.0026122574871349866,-0.0028300378530398567,false,not converged
1.525,mixed_mesh_0.025,H,3,0.075,0.014507709181489527,-0.0006528603388937323,0.0026122574871349866,-0.0028300378530398567,false,not converged
1.525,mixed_mesh_0.025,H,4,0.1,0.003926116961877748,-0.0008705122051439855,0.0026122574871349866,-0.0028300378530398567,false,not converged
1.525,mixed_mesh_0.025,H,5,0.125,0.001061743715890683,-0.001088179462469733,0.0026122574871349866,-0.0028300378530398567,false,not converged
1.525,mixed_mesh_0.025,H,6,0.15,0.00028692617911325055,-0.001305861820239085,0.0026122574871349866,-0.0028300378530398567,false,not converged
1.525,mixed_mesh_0.025,H,7,0.175,7.748490417644253e-05,-0.001523558993815672,0.0026122574871349866,-0.0028300378530398567,false,not converged
1.525,mixed_mesh_0.025,H,8,0.2,2.091044683787437e-05,-0.001741270703832364,0.0026122574871349866,-0.0028300378530398567,false,not converged
1.525,mixed_mesh_0.025,H,9,0.225,5.639128309159861e-06,-0.001958996675779177,0.0026122574871349866,-0.0028300378530398567,false,not converged
1.525,mixed_mesh_0.025,H,10,0.25,1.5197302827475428e-06,-0.0021767366397944226,0.0026122574871349866,-0.0028300378530398567,false,not converged
1.525,mixed_mesh_0.025,H,11,0.275,4.0928948402214495e-07,-0.0023944903305441133,0.0026122574871349866,-0.0028300378530398567,false,not converged
1.525,mixed_mesh_0.025,H,12,0.3,1.1015596449202193e-07,-0.0026122574871349866,0.0026122574871349866,-0.0028300378530398567,false,not converged
1.525,mixed_mesh_0.025,L,0,-3.503246160812043e-46,1.0,n/a,0.0,n/a,false,not converged
1.525,mixed_mesh_0.05,H,0,0.0,0.9265187211112123,0.0,0.002611638500330389,-0.003046996100903898,false,not converged
1.525,mixed_mesh_0.05,H,1,0.05,0.06809533156634244,-0.00043520798493952996,0.002611638500330389,-0.003046996100903898,false,not converged
1.525,mixed_mesh_0.05,H,2,0.1,0.004992170913903517,-0.0008704433079631587,0.002611638500330389,-0.003046996100903898,false,not converged
1.525,mixed_mesh_0.05,H,3,0.15,0.0003650672540512836,-0.0013057049902634064,0.002611638500330389,-0.003046996100903898,false,not converged
1.525,mixed_mesh_0.05,H,4,0.2,2.6630569314829045e-05,-0.0017409920437328496,0.002611638500330389,-0.003046996100903898,false,not converged
1.525,mixed_mesh_0.05,H,5,0.25,1.937899807582928e-06,-0.0021763035192661475,0.002611638500330389,-0.003046996100903898,false,not converged
1.525,mixed_mesh_0.05,H,6,0.3,1.406853681285616e-07,-0.002611638500330389,0.002611638500330389,-0.003046996100903898,false,not converged
1.525,mixed_mesh_0.05,L,0,-3.503246160812043e-46,1.0,n/a,0.0,n/a,false,not converged
1.53,mixed_mesh_0.025,H,0,0.0,0.7215071333525388,0.0,0.002558745767684991,-0.0027720718232971406,false,not converged
1.53,mixed_mesh_0.025,H,1,0.025,0.20099145544726263,-0.00021314009811171538,0.002558745767684991,-0.0027720718232971406,false,not converged
1.53,mixed_mesh_0.025,H,2,0.05,0.05594950926651009,-0.00042629729945687647,0.002558745767684991,-0.0027720718232971406,false,not converged
1.53,mixed_mesh_0.025,H,3,0.075,0.015563083118482516,-0.0006394713512391972,0.002558745767684991,-0.0027720718232971406,false,not converged
1.53,mixed_mesh_0.025,H,4,0.1,0.0043258954877811225,-0.0008526619417011129,0.002558745767684991,-0.0027720718232971406,false,not converged
1.53,mixed_mesh_0.025,H,5,0.125,0.0012015414068877166,-0.0010658687577704555,0.002558745767684991,-0.0027720718232971406,false,not converged
1.53,mixed_mesh_0.025,H,6,0.15,0.00033349227460333563,-0.001279091492922734,0.002558745767684991,-0.0027720718232971406,false,not converged
1.53,mixed_mesh_0.025,H,7,0.175,9.24952939014076e-05,-0.001492329847000449,0.002558745767684991,-0.0027720718232971406,false,not converged
1.53,mixed_mesh_0.025,H,8,0.2,2.5635585312892705e-05,-0.0017055835254482545,0.002558745767684991,-0.0027720718232971406,false,not converged
1.53,mixed_mesh_0.025,H,9,0.225,7.100024314233006e-06,-0.0019188522388575127,0.002558745767684991,-0.0027720718232971406,false,not converged
1.53,mixed_mesh_0.025,H,10,0.25,1.9650470920271393e-06,-0.0021321357027317862,0.002558745767684991,-0.0027720718232971406,false,not converged
1.53,mixed_mesh_0.025,H,11,0.275,5.434835184609253e-07,-0.00234543363735265,0.002558745767684991,-0.0027720718232971406,false,not converged
1.53,mixed_mesh_0.025,H,12,0.3,1.502117948048884e-07,-0.002558745767684991,0.002558745767684991,-0.0027720718232971406,false,not converged
1.53,mixed_mesh_0.025,L,0,-3.503246160812043e-46,1.0,n/a,0.0,n/a,false,not converged
1.53,mixed_mesh_0.05,H,0,0.0,0.9224738961260643,0.0,0.0025581042771065563,-0.002984545975478756,false,not converged
1.53,mixed_mesh_0.05,H,1,0.05,0.07153138506136891,-0.000426280633364265,0.0025581042771065563,-0.002984545975478756,false,not converged
1.53,mixed_mesh_0.05,H,2,0.1,0.005532386766619547,-0.0008525906951119407,0.0025581042771065563,-0.002984545975478756,false,not converged
1.53,mixed_mesh_0.05,H,3,0.15,0.0004267800561459372,-0.0012789291340693013,0.0025581042771065563,-0.002984545975478756,false,not converged
1.53,mixed_mesh_0.05,H,4,0.2,3.283859350155096e-05,-0.0017052948861293036,0.0025581042771065563,-0.002984545975478756,false,not converged
1.53,mixed_mesh_0.05,H,5,0.25,2.5204238156097508e-06,-0.0021316869293781567,0.0025581042771065563,-0.002984545975478756,false,not converged
1.53,mixed_mesh_0.05,H,6,0.3,1.929724840430273e-07,-0.0025581042771065563,0.0025581042771065563,-0.002984545975478756,false,not converged
1.53,mixed_mesh_0.05,L,0,-3.503246160812043e-46,1.0,n/a,0.0,n/a,false,not converged
1.535,mixed_mesh_0.025,H,0,0.0,0.7139064784893036,0.0,0.0025049758531325646,-0.0027138263948935874,false,not converged
1.535,mixed_mesh_0.025,H,1,0.025,0.20430593674097158,-0.00020865442829752327,0.0025049758531325646,-0.0027138263948935874,false,not converged
1.535,mixed_mesh_0.025,H,2,0.05,0.05842413688752488,-0.0004173268906225299,0.0025049758531325646,-0.0027138263948935874,false,not converged
1.535,mixed_mesh_0.025,H,3,0.075,0.016694528797565566,-0.0006260171234209155,0.0025049758531325646,-0.0027138263948935874,false,not converged
1.535,mixed_mesh_0.025,H,4,0.1,0.004766799860820855,-0.0008347247987822205,0.0025049758531325646,-0.0027138263948935874,false,not converged
1.535,mixed_mesh_0.025,H,5,0.125,0.0013600406453793163,-0.0010434495865201485,0.0025049758531325646,-0.0027138263948935874,false,not converged
1.535,mixed_mesh_0.025,H,6,0.15,0.0003877493754429511,-0.0012521911632117195,0.0025049758531325646,-0.0027138263948935874,false,not converged
1.535,mixed_mesh_0.025,H,7,0.175,0.00011046562389965458,-0.0014609492121939295,0.0025049758531325646,-0.0027138263948935874,false,not converged
1.535,mixed_mesh_0.025,H,8,0.2,3.144727503964532e-05,-0.0016697234227646064,0.0025049758531325646,-0.0027138263948935874,false,not converged
1.535,mixed_mesh_0.025,H,9,0.225,8.945859354176737e-06,-0.0018785134896801507,0.0025049758531325646,-0.0027138263948935874,false,not converged
1.535,mixed_mesh_0.025,H,10,0.25,2.5430091809767187e-06,-0.0020873191128919924,0.0025049758531325646,-0.0027138263948935874,false,not converged
1.535,mixed_mesh_0.025,H,11,0.275,7.223779501591836e-07,-0.002296139997396729,0.0025049758531325646,-0.0027138263948935874,false,not converged
1.535,mixed_mesh_0.025,H,12,0.3,2.050575666492417e-07,-0.0025049758531325646,0.0025049758531325646,-0.0027138263948935874,false,not converged
1.535,mixed_mesh_0.025,L,0,-3.503246160812043e-46,1.0,n/a,0.0,n/a,false,not converged
1.535,mixed_mesh_0.05,H,0,0.0,0.9181850131358562,0.0,0.002504311206625496,-0.0029217943943948095,false,not converged
1.535,mixed_mesh_0.05,H,1,0.05,0.0751392172938579,-0.0004173097304836389,0.002504311206625496,-0.0029217943943948095,false,not converged
1.535,mixed_mesh_0.05,H,2,0.1,0.006132526393436702,-0.000834651151499129,0.002504311206625496,-0.0029217943943948095,false,not converged
1.535,mixed_mesh_0.05,H,3,0.15,0.0004991726411094626,-0.001252023133954136,0.002504311206625496,-0.0029217943943948095,false,not converged
1.535,mixed_mesh_0.05,H,4,0.2,4.052418064546248e-05,-0.0016694245314491556,0.002504311206625496,-0.0029217943943948095,false,not converged
1.535,mixed_mesh_0.05,H,5,0.25,3.2813320930289356e-06,-0.0020868542432311912,0.002504311206625496,-0.0029217943943948095,false,not converged
1.535,mixed_mesh_0.05,H,6,0.3,2.650230012826625e-07,-0.002504311206625496,0.002504311206625496,-0.0029217943943948095,false,not converged
1.535,mixed_mesh_0.05,L,0,-3.503246160812043e-46,1.0,n/a,0.0,n/a,false,not converged
1.54,mixed_mesh_0.025,H,0,0.0,0.7060603230440529,0.0,0.0024509505623407234,-0.0026553046459982113,false,not converged
1.54,mixed_mesh_0.025,H,1,0.025,0.20760659774287743,-0.0002041471701937061,0.0024509505623407234,-0.0026553046459982113,false,not converged
1.54,mixed_mesh_0.025,H,2,0.05,0.06099604747609191,-0.000408313363835488,0.0024509505623407234,-0.0026553046459982113,false,not converged
1.54,mixed_mesh_0.025,H,3,0.075,0.017906976189724096,-0.0006124983062459502,0.0024509505623407234,-0.0026553046459982113,false,not converged
1.54,mixed_mesh_0.025,H,4,0.1,0.005252948881721824,-0.000816701652480452,0.0024509505623407234,-0.0026553046459982113,false,not converged
1.54,mixed_mesh_0.025,H,5,0.125,0.001539734343894639,-0.0010209230541791837,0.0024509505623407234,-0.0026553046459982113,false,not converged
1.54,mixed_mesh_0.025,H,6,0.15,0.0004509747275131144,-0.0012251621699364316,0.0024509505623407234,-0.0026553046459982113,false,not converged
1.54,mixed_mesh_0.025,H,7,0.175,0.00013198514145250985,-0.0014294186655208646,0.0024509505623407234,-0.0026553046459982113,false,not converged
1.54,mixed_mesh_0.025,H,8,0.2,3.859823075748075e-05,-0.0016336922130485536,0.0024509505623407234,-0.0026553046459982113,false,not converged
1.54,mixed_mesh_0.025,H,9,0.225,1.1279314943796023e-05,-0.0018379824904305887,0.0024509505623407234,-0.0026553046459982113,false,not converged
1.54,mixed_mesh_0.025,H,10,0.25,3.29362966293403e-06,-0.0020422891810767665,0.0024509505623407234,-0.0026553046459982113,false,not converged
1.54,mixed_mesh_0.025,H,11,0.275,9.610533991474958e-07,-0.002246611973727635,0.0024509505623407234,-0.0026553046459982113,false,not converged
1.54,mixed_mesh_0.025,H,12,0.3,2.8022390821090744e-07,-0.0024509505623407234,0.0024509505623407234,-0.0026553046459982113,false,not converged
1.54,mixed_mesh_0.025,L,0,-3.503246160812043e-46,1.0,n/a,0.0,n/a,false,not converged
1.54,mixed_mesh_0.05,H,0,0.0,0.9136364913204569,0.0,0.002450262100532941,-0.0028587446868254592,false,not converged
1.54,mixed_mesh_0.05,H,1,0.05,0.07892549004198567,-0.0004082957072903578,0.002450262100532941,-0.0028587446868254592,false,not converged
1.54,mixed_mesh_0.05,H,2,0.1,0.006799216035745,-0.0008166255548289359,0.002450262100532941,-0.0028587446868254592,false,not converged
1.54,mixed_mesh_0.05,H,3,0.15,0.0005841176780602646,-0.0012249883296109104,0.002450262100532941,-0.0028587446868254592,false,not converged
1.54,mixed_mesh_0.05,H,4,0.2,5.004442711856999e-05,-0.0016333827960742673,0.002450262100532941,-0.0028587446868254592,false,not converged
1.54,mixed_mesh_0.05,H,5,0.25,4.27608118737122e-06,-0.002041807768035962,0.002450262100532941,-0.0028587446868254592,false,not converged
1.54,mixed_mesh_0.05,H,6,0.3,3.644154462222519e-07,-0.002450262100532941,0.002450262100532941,-0.0028587446868254592,false,not converged
1.54,mixed_mesh_0.05,L,0,-3.503246160812043e-46,1.0,n/a,0.0,n/a,false,not converged
1.545,mixed_mesh_0.025,H,0,0.0,0.6979601931644674,0.0,0.0025965096547198325,-0.0027963626418715942,false,not converged
1.545,mixed_mesh_0.025,H,1,0.025,0.21088523126211256,-0.0001996185337519873,0.0025965096547198325,-0.0027963626418715942,false,not converged
1.545,mixed_mesh_0.025,H,2,0.05,0.06366665093369647,-0.0003992571436741975,0.0025965096547198325,-0.0027963626418715942,false,not converged
1.545,mixed_mesh_0.025,H,3,0.075,0.019205557709450836,-0.0005989155435978639,0.0025965096547198325,-0.0027963626418715942,false,not converged
1.545,mixed_mesh_0.025,H,4,0.1,0.0057888359212164755,-0.0007985933706149695,0.0025965096547198325,-0.0027963626418715942,false,not converged
1.545,mixed_mesh_0.025,H,5,0.125,0.0017434372706812244,-0.0009982902570569302,0.0025965096547198325,-0.0027963626418715942,false,not converged
1.545,mixed_mesh_0.025,H,6,0.15,0.0005246556000421109,-0.0011980058423655177,0.0025965096547198325,-0.0027963626418715942,false,not converged
1.545,mixed_mesh_0.025,H,7,0.175,0.00015776036997545908,-0.0013977397735918514,0.0025965096547198325,-0.0027963626418715942,false,not converged
1.545,mixed_mesh_0.025,H,8,0.2,4.740021527570452e-05,-0.001597491704550872,0.0025965096547198325,-0.0027963626418715942,false,not converged
1.545,mixed_mesh_0.025,H,9,0.225,1.4230660572446522e-05,-0.0017972612952158423,0.0025965096547198325,-0.0027963626418715942,false,not converged
1.545,mixed_mesh_0.025,H,10,0.25,4.269096933291155e-06,-0.0019970482113851693,0.0025965096547198325,-0.0027963626418715942,false,not converged
1.545,mixed_mesh_0.025,H,11,0.275,1.2797269034879952e-06,-0.002196852124493548,0.0025965096547198325,-0.0027963626418715942,false,not converged
1.545,mixed_mesh_0.025,H,12,0.3,3.8333038502712146e-07,-0.0023966727114863606,0.0025965096547198325,-0.0027963626418715942,false,not converged
1.545,mixed_mesh_0.025,H,13,0.325,1.1473828746114246e-07,-0.0025965096547198325,0.0025965096547198325,-0.0027963626418715942,false,not converged
1.545,mixed_mesh_0.025,L,0,-3.503246160812043e-46,1.0,n/a,0.0,n/a,false,not converged
1.545,mixed_mesh_0.05,H,0,0.0,0.9088117130735723,0.0,0.002395959764532196,-0.002795400180219539,false,not converged
1.545,mixed_mesh_0.05,H,1,0.05,0.08289676623520933,-0.0003992389897897724,0.002395959764532196,-0.002795400180219539,false,not converged
1.545,mixed_mesh_0.05,H,2,0.1,0.007539781358018037,-0.0007985147744931677,0.002395959764532196,-0.002795400180219539,false,not converged
1.545,mixed_mesh_0.05,H,3,0.15,0.0006838165426811121,-0.0011978260507221707,0.002395959764532196,-0.002795400180219539,false,not converged
1.545,mixed_mesh_0.05,H,4,0.2,6.184355306939079e-05,-0.0015971714862449823,0.002395959764532196,-0.002795400180219539,false,not converged
1.545,mixed_mesh_0.05,H,5,0.25,5.577568116887976e-06,-0.0019965498022368237,0.002395959764532196,-0.002795400180219539,false,not converged
1.545,mixed_mesh_0.05,H,6,0.3,5.01669332839675e-07,-0.002395959764532196,0.002395959764532196,-0.002795400180219539,false,not converged
1.545,mixed_mesh_0.05,L,0,-3.503246160812043e-46,1.0,n/a,0.0,n/a,false,not converged
1.55,mixed_mesh_0.025,H,0,0.0,0.6895975253357787,0.0,0.0025374444845097334,-0.0027327608112677395,false,not converged
1.55,mixed_mesh_0.025,H,1,0.025,0.2141328895459217,-0.0001950687261017129,0.0025374444845097334,-0.0027327608112677395,false,not converged
1.55,mixed_mesh_0.025,H,2,0.05,0.06643700959744826,-0.0003901586493730366,0.0025374444845097334,-0.0027327608112677395,false,not converged
1.55,mixed_mesh_0.025,H,3,0.075,0.020595600934014188,-0.0005852694717961589,0.0025374444845097334,-0.0027327608112677395,false,not converged
1.55,mixed_mesh_0.025,H,4,0.1,0.0063793562430243984,-0.0007804008115188581,0.0025374444845097334,-0.0027327608112677395,false,not converged
1.55,mixed_mesh_0.025,H,5,0.125,0.001974324925113691,-0.0009755522803453769,0.0025374444845097334,-0.0027327608112677395,false,not converged
1.55,mixed_mesh_0.025,H,6,0.15,0.0006105229174642214,-0.0011707234973008442,0.0025374444845097334,-0.0027327608112677395,false,not converged
1.55,mixed_mesh_0.025,H,7,0.175,0.0001886382123639311,-0.0013659140894743435,0.0025374444845097334,-0.0027327608112677395,false,not converged
1.55,mixed_mesh_0.025,H,8,0.2,5.823780556911818e-05,-0.0015611236911676919,0.0025374444845097334,-0.0027327608112677395,false,not converged
1.55,mixed_mesh_0.025,H,9,0.225,1.7965181969648498e-05,-0.00175635194323442,0.0025374444845097334,-0.0027327608112677395,false,not converged
1.55,mixed_mesh_0.025,H,10,0.25,5.5374970461962165e-06,-0.001951598492705306,0.0025374444845097334,-0.0027327608112677395,false,not converged
1.55,mixed_mesh_0.025,H,11,0.275,1.7055125125110807e-06,-0.0021468629925754067,0.0025374444845097334,-0.0027327608112677395,false,not converged
1.55,mixed_mesh_0.025,H,12,0.3,5.248803289451229e-07,-0.002342145101664718,0.0025374444845097334,-0.0027327608112677395,false,not converged
1.55,mixed_mesh_0.025,H,13,0.325,1.6141144442406062e-07,-0.0025374444845097334,0.0025374444845097334,-0.0027327608112677395,false,not converged
1.55,mixed_mesh_0.025,L,0,-3.503246160812043e-46,1.0,n/a,0.0,n/a,false,not converged
1.55,mixed_mesh_0.05,H,0,0.0,0.9036929532689469,0.0,0.0023414070022258204,-0.002731764205446589,false,not converged
1.55,mixed_mesh_0.05,H,1,0.05,0.08705943243328632,-0.00039013999913274774,0.0023414070022258204,-0.002731764205446589,false,not converged
1.55,mixed_mesh_0.05,H,2,0.1,0.008362310959670497,-0.0007803196720465001,0.0023414070022258204,-0.002731764205446589,false,not converged
1.55,mixed_mesh_0.05,H,3,0.15,0.0008008560737220573,-0.0011705376179847468,0.0023414070022258204,-0.002731764205446589,false,not converged
1.55,mixed_mesh_0.05,H,4,0.2,7.647421028217787e-05,-0.001560792399834283,0.0023414070022258204,-0.002731764205446589,false,not converged
1.55,mixed_mesh_0.05,H,5,0.25,7.281656944528263e-06,-0.0019510826382273978,0.0023414070022258204,-0.002731764205446589,false,not converged
1.55,mixed_mesh_0.05,H,6,0.3,6.913971476422397e-07,-0.0023414070022258204,0.0023414070022258204,-0.002731764205446589,false,not converged
1.55,mixed_mesh_0.05,L,0,-3.503246160812043e-46,1.0,n/a,0.0,n/a,false,not converged
1.555,mixed_mesh_0.025,H,0,0.0,0.680963257555869,0.0,0.002478112214787967,-0.0026688717883959255,false,not converged
1.555,mixed_mesh_0.025,H,1,0.025,0.21733970111664944,-0.00019049795166030305,0.002478112214787967,-0.0026688717883959255,false,not converged
1.555,mixed_mesh_0.025,H,2,0.05,0.06930773210582483,-0.0003810182954127069,0.002478112214787967,-0.0026688717883959255,false,not converged
1.555,mixed_mesh_0.025,H,3,0.075,0.022082596951487433,-0.0005715607210412946,0.002478112214787967,-0.0026688717883959255,false,not converged
1.555,mixed_mesh_0.025,H,4,0.1,0.007029828320848089,-0.0007621248267170398,0.002478112214787967,-0.0026688717883959255,false,not converged
1.555,mixed_mesh_0.025,H,5,0.125,0.0022359743625479447,-0.0009527102024100655,0.002478112214787967,-0.0026688717883959255,false,not converged
1.555,mixed_mesh_0.025,H,6,0.15,0.0007105893314095863,-0.0011433164453618309,0.002478112214787967,-0.0026688717883959255,false,not converged
1.555,mixed_mesh_0.025,H,7,0.175,0.00022563328884786364,-0.0013339431613495888,0.002478112214787967,-0.0026688717883959255,false,not converged
1.555,mixed_mesh_0.025,H,8,0.2,7.158526833410758e-05,-0.0015245899638467652,0.002478112214787967,-0.0026688717883959255,false,not converged
1.555,mixed_mesh_0.025,H,9,0.225,2.2692581455458027e-05,-0.0017152564733048845,0.002478112214787967,-0.0026688717883959255,false,not converged
1.555,mixed_mesh_0.025,H,10,0.25,7.187668089972251e-06,-0.0019059423167331118,0.002478112214787967,-0.0026688717883959255,false,not converged
1.555,mixed_mesh_0.025,H,11,0.275,2.274785077164117e-06,-0.002096647127457478,0.002478112214787967,-0.0026688717883959255,false,not converged
1.555,mixed_mesh_0.025,H,12,0.3,7.19358837460731e-07,-0.0022873705449655253,0.002478112214787967,-0.0026688717883959255,false,not converged
1.555,mixed_mesh_0.025,H,13,0.325,2.2730472172615775e-07,-0.002478112214787967,0.002478112214787967,-0.0026688717883959255,false,not converged
1.555,mixed_mesh_0.025,L,0,-3.503246160812043e-46,1.0,n/a,0.0,n/a,false,not converged
1.555,mixed_mesh_0.05,H,0,0.0,0.8982613037721539,0.0,0.002286606619430079,-0.002667840102595304,false,not converged
1.555,mixed_mesh_0.05,H,1,0.05,0.09141960637827341,-0.0003809991517499487,0.002286606619430079,-0.002667840102595304,false,not converged
1.555,mixed_mesh_0.05,H,2,0.1,0.009275722837287254,-0.0007620411017162446,0.002286606619430079,-0.002667840102595304,false,not converged
1.555,mixed_mesh_0.05,H,3,0.15,0.0009382746763119689,-0.0011431243442336962,0.002286606619430079,-0.002667840102595304,false,not converged
1.555,mixed_mesh_0.05,H,4,0.2,9.462396398734934e-05,-0.00152424732831658,0.002286606619430079,-0.002667840102595304,false,not converged
1.555,mixed_mesh_0.05,H,5,0.25,9.51446154680937e-06,-0.0019054085653857555,0.002286606619430079,-0.002667840102595304,false,not converged
1.555,mixed_mesh_0.05,H,6,0.3,9.539104392221314e-07,-0.002286606619430079,0.002286606619430079,-0.002667840102595304,false,not converged
1.555,mixed_mesh_0.05,L,0,-3.503246160812043e-46,1.0,n/a,0.0,n/a,false,not converged
1.56,mixed_mesh_0.025,H,0,0.0,0.6720479960829087,0.0,0.002604698940156469,-0.0027909005109141407,false,not converged
1.56,mixed_mesh_0.025,H,1,0.025,0.2204948511630173,-0.00018590641211028503,0.002604698940156469,-0.0027909005109141407,false,not converged
1.56,mixed_mesh_0.025,H,2,0.05,0.07227890671655958,-0.000371836491415216,0.002604698940156469,-0.0027909005109141407,false,not converged
1.56,mixed_mesh_0.025,H,3,0.075,0.023672175453951533,-0.0005577899151676177,0.002604698940156469,-0.0027909005109141407,false,not converged
1.56,mixed_mesh_0.025,H,4,0.1,0.00774601791643072,-0.0007437662604760518,0.002604698940156469,-0.0027909005109141407,false,not converged
1.56,mixed_mesh_0.025,H,5,0.125,0.002532409797353141,-0.0009297650940743038,0.002604698940156469,-0.0027909005109141407,false,not converged
1.56,mixed_mesh_0.025,H,6,0.15,0.0008271931367879191,-0.001115785989940332,0.002604698940156469,-0.0027909005109141407,false,not converged
1.56,mixed_mesh_0.025,H,7,0.175,0.00026996051783307424,-0.0013018285310733096,0.002604698940156469,-0.0027909005109141407,false,not converged
1.56,mixed_mesh_0.025,H,8,0.2,8.802731151261136e-05,-0.0014878923086883858,0.002604698940156469,-0.0027909005109141407,false,not converged
1.56,mixed_mesh_0.025,H,9,0.225,2.867889162813895e-05,-0.00167397692144134,0.002604698940156469,-0.0027909005109141407,false,not converged
1.56,mixed_mesh_0.025,H,10,0.25,9.335535985831547e-06,-0.001860081974957217,0.002604698940156469,-0.0027909005109141407,false,not converged
1.56,mixed_mesh_0.025,H,11,0.275,3.036355653768751e-06,-0.002046207081557534,0.002604698940156469,-0.0027909005109141407,false,not converged
1.56,mixed_mesh_0.025,H,12,0.3,9.867503048020148e-07,-0.002232351860086218,0.002604698940156469,-0.0027909005109141407,false,not converged
1.56,mixed_mesh_0.025,H,13,0.325,3.2041150761842877e-07,-0.0024185159357797623,0.002604698940156469,-0.0027909005109141407,false,not converged
1.56,mixed_mesh_0.025,H,14,0.35,1.0395856521013489e-07,-0.002604698940156469,0.002604698940156469,-0.0027909005109141407,false,not converged
1.56,mixed_mesh_0.025,L,0,-3.503246160812043e-46,1.0,n/a,0.0,n/a,false,not converged
1.56,mixed_mesh_0.05,H,0,0.0,0.8924964688003826,0.0,0.002603631236127459,-0.0029757378319195194,false,not converged
1.56,mixed_mesh_0.05,H,1,0.05,0.09598301391067596,-0.0003718168596405008,0.002603631236127459,-0.0029757378319195194,false,not converged
1.56,mixed_mesh_0.05,H,2,0.1,0.010289831645780482,-0.000743679911613038,0.002603631236127459,-0.0029757378319195194,false,not converged
1.56,mixed_mesh_0.05,H,3,0.15,0.0010996389871392018,-0.0011155875372126465,0.002603631236127459,-0.0029757378319195194,false,not converged
1.56,mixed_mesh_0.05,H,4,0.2,0.0001171481612243225,-0.0014875380617282953,0.002603631236127459,-0.0029757378319195194,false,not converged
1.56,mixed_mesh_0.05,H,5,0.25,1.2441938980216936e-05,-0.0018595298778422203,0.002603631236127459,-0.0029757378319195194,false,not converged
1.56,mixed_mesh_0.05,H,6,0.3,1.317459330234891e-06,-0.0022315614353484135,0.002603631236127459,-0.0029757378319195194,false,not converged
1.56,mixed_mesh_0.05,H,7,0.35,1.3909648695844068e-07,-0.002603631236127459,0.002603631236127459,-0.0029757378319195194,false,not converged
1.56,mixed_mesh_0.05,L,0,-3.503246160812043e-46,1.0,n/a,0.0,n/a,false,not converged
1.565,mixed_mesh_0.025,H,0,0.0,0.6628421971030284,0.0,0.0025402456384985795,-0.0027218521783703223,false,not converged
1.565,mixed_mesh_0.025,H,1,0.025,0.22358657080537905,-0.00018129430636197965,0.0025402456384985795,-0.0027218521783703223,false,not converged
1.565,mixed_mesh_0.025,H,2,0.05,0.07535003103175611,-0.000362613641965804,0.0025402456384985795,-0.0027218521783703223,false,not converged
1.565,mixed_mesh_0.025,H,3,0.075,0.02537007390914645,-0.0005439576712194137,0.0025402456384985795,-0.0027218521783703223,false,not converged
1.565,mixed_mesh_0.025,H,4,0.1,0.00853416104767908,-0.000725325949027286,0.0025402456384985795,-0.0027218521783703223,false,not converged
1.565,mixed_mesh_0.025,H,5,0.125,0.00286815218473913,-0.0009067180173806199,0.0025402456384985795,-0.0027218521783703223,false,not converged
1.565,mixed_mesh_0.025,H,6,0.15,0.0009630484690918982,-0.0010881334253892904,0.0025402456384985795,-0.0027218521783703223,false,not converged
1.565,mixed_mesh_0.025,H,7,0.175,0.00032307378443375325,-0.001269571731678762,0.0025402456384985795,-0.0027218521783703223,false,not converged
1.565,mixed_mesh_0.025,H,8,0.2,0.00010828454513376607,-0.0014510325036488254,0.0025402456384985795,-0.0027218521783703223,false,not converged
1.565,mixed_mesh_0.025,H,9,0.225,3.626155467659385e-05,-0.001632515316642641,0.0025402456384985795,-0.0027218521783703223,false,not converged
1.565,mixed_mesh_0.025,H,10,0.25,1.2132377425043333e-05,-0.0018140197534194948,0.0025402456384985795,-0.0027218521783703223,false,not converged
1.565,mixed_mesh_0.025,H,11,0.275,4.055735417894926e-06,-0.001995545403845274,0.0025402456384985795,-0.0027218521783703223,false,not converged
1.565,mixed_mesh_0.025,H,12,0.3,1.354635466327472e-06,-0.002177091864696512,0.0025402456384985795,-0.0027218521783703223,false,not converged
1.565,mixed_mesh_0.025,H,13,0.325,4.520739827123913e-07,-0.002358658739517138,0.0025402456384985795,-0.0027218521783703223,false,not converged
1.565,mixed_mesh_0.025,H,14,0.35,1.5074264381046795e-07,-0.0025402456384985795,0.0025402456384985795,-0.0027218521783703223,false,not converged
1.565,mixed_mesh_0.025,L,0,-3.503246160812043e-46,1.0,n/a,0.0,n/a,false,not converged
1.565,mixed_mesh_0.05,H,0,0.0,0.886377119851577,0.0,0.0025391409721070533,-0.002902047417471739,false,not converged
1.565,mixed_mesh_0.05,H,1,0.05,0.10075490553814301,-0.0003625935299676644,0.0025391409721070533,-0.002902047417471739,false,not converged
1.565,mixed_mesh_0.05,H,2,0.1,0.011415423408068667,-0.0007252369419955553,0.0025391409721070533,-0.002902047417471739,false,not converged
1.565,mixed_mesh_0.05,H,3,0.15,0.0012891334157940765,-0.0010879284955548248,0.0025391409721070533,-0.002902047417471739,false,not converged
1.565,mixed_mesh_0.05,H,4,0.2,0.000145110777183577,-0.0014506663813951132,0.0025391409721070533,-0.002902047417471739,false,not converged
1.565,mixed_mesh_0.05,H,5,0.25,1.628253229954862e-05,-0.0018134488629811861,0.0025391409721070533,-0.002902047417471739,false,not converged
1.565,mixed_mesh_0.05,H,6,0.3,1.8213566896146841e-06,-0.0021762742658941866,0.0025391409721070533,-0.002902047417471739,false,not converged
1.565,mixed_mesh_0.05,H,7,0.35,2.0312024456629385e-07,-0.0025391409721070533,0.0025391409721070533,-0.002902047417471739,false,not converged
1.565,mixed_mesh_0.05,L,0,-3.503246160812043e-46,1.0,n/a,0.0,n/a,false,not converged
1.57,mixed_mesh_0.025,H,0,0.0,0.6533358147818785,0.0,0.002475515298402642,-0.0026525076350990637,false,not converged
1.57,mixed_mesh_0.025,H,1,0.025,0.22660194666995662,-0.00017666183063172984,0.002475515298402642,-0.0026525076350990637,false,not converged
1.57,mixed_mesh_0.025,H,2,0.05,0.07851987283568092,-0.00035335014716966935,0.002475515298402642,-0.0026525076350990637,false,not converged
1.57,mixed_mesh_0.025,H,3,0.075,0.027182077441926192,-0.0005300646008922282,0.002475515298402642,-0.0026525076350990637,false,not converged
1.57,mixed_mesh_0.025,H,4,0.1,0.009400977363695032,-0.0007068047233031248,0.002475515298402642,-0.0026525076350990637,false,not converged
1.57,mixed_mesh_0.025,H,5,0.125,0.003248270143321913,-0.0008835700300341125,0.002475515298402642,-0.0026525076350990637,false,not converged
1.57,mixed_mesh_0.025,H,6,0.15,0.001121301596914877,-0.0010603600435860764,0.002475515298402642,-0.0026525076350990637,false,not converged
1.57,mixed_mesh_0.025,H,7,0.175,0.00038671143439506926,-0.001237174296471672,0.002475515298402642,-0.0026525076350990637,false,not converged
1.57,mixed_mesh_0.025,H,8,0.2,0.00013324457245616654,-0.0014140123305759898,0.002475515298402642,-0.0026525076350990637,false,not converged
1.57,mixed_mesh_0.025,H,9,0.225,4.586845453762543e-05,-0.0015908736962742037,0.002475515298402642,-0.0026525076350990637,false,not converged
1.57,mixed_mesh_0.025,H,10,0.25,1.5775577027214893e-05,-0.0017677579518436352,0.002475515298402642,-0.0026525076350990637,false,not converged
1.57,mixed_mesh_0.025,H,11,0.275,5.42085483673526e-06,-0.00194466466311223,0.002475515298402642,-0.0026525076350990637,false,not converged
1.57,mixed_mesh_0.025,H,12,0.3,1.861087329629212e-06,-0.002121593403236969,0.002475515298402642,-0.0026525076350990637,false,not converged
1.57,mixed_mesh_0.025,H,13,0.325,6.383920479634369e-07,-0.0022985437525448885,0.002475515298402642,-0.0026525076350990637,false,not converged
1.57,mixed_mesh_0.025,H,14,0.35,2.1879399555317202e-07,-0.002475515298402642,0.002475515298402642,-0.0026525076350990637,false,not converged
1.57,mixed_mesh_0.025,L,0,-3.503246160812043e-46,1.0,n/a,0.0,n/a,false,not converged
1.57,mixed_mesh_0.05,H,0,0.0,0.8798802019909492,0.0,0.002474372727920911,-0.0028280404395264296,false,not converged
1.57,mixed_mesh_0.05,H,1,0.05,0.10573984105195106,-0.0003533295659333014,0.002474372727920911,-0.0028280404395264296,false,not converged
1.57,mixed_mesh_0.05,H,2,0.1,0.012664318611400192,-0.0007067130290948779,0.002474372727920911,-0.0028280404395264296,false,not converged
1.57,mixed_mesh_0.05,H,3,0.15,0.0015116623657626981,-0.0010601485176628606,0.002474372727920911,-0.0028280404395264296,false,not converged
1.57,mixed_mesh_0.05,H,4,0.2,0.000179834891417876,-0.001413634075970829,0.002474372727920911,-0.0028280404395264296,false,not converged
1.57,mixed_mesh_0.05,H,5,0.25,2.132380019775265e-05,-0.0017671678267137765,0.002474372727920911,-0.0028280404395264296,false,not converged
1.57,mixed_mesh_0.05,H,6,0.3,2.520333822903371e-06,-0.0021207479602176242,0.002474372727920911,-0.0028280404395264296,false,not converged
1.57,mixed_mesh_0.05,H,7,0.35,2.9695449826398145e-07,-0.002474372727920911,0.002474372727920911,-0.0028280404395264296,false,not converged
1.57,mixed_mesh_0.05,L,0,-3.503246160812043e-46,1.0,n/a,0.0,n/a,false,not converged
1.575,mixed_mesh_0.025,H,0,0.0,0.6435184292982844,0.0,0.0025828706413892327,-0.0027552515069899815,false,not converged
1.575,mixed_mesh_0.025,H,1,0.025,0.22952687642141031,-0.00017200917839621527,0.0025828706413892327,-0.0027552515069899815,false,not converged
1.575,mixed_mesh_0.025,H,2,0.05,0.08178636520813254,-0.0003440464025554858,0.0025828706413892327,-0.0027552515069899815,false,not converged
1.575,mixed_mesh_0.025,H,3,0.075,0.02911396082912624,-0.0005161113103803678,0.0025828706413892327,-0.0027552515069899815,false,not converged
1.575,mixed_mesh_0.025,H,4,0.1,0.01035368303845546,-0.0006882034087226029,0.0025828706413892327,-0.0027552515069899815,false,not converged
1.575,mixed_mesh_0.025,H,5,0.125,0.003678435187672664,-0.0008603221851191923,0.0025828706413892327,-0.0027552515069899815,false,not converged
1.575,mixed_mesh_0.025,H,6,0.15,0.0013055949797839543,-0.001032467133571476,0.0025828706413892327,-0.0027552515069899815,false,not converged
1.575,mixed_mesh_0.025,H,7,0.175,0.0004629500602858624,-0.0012046377585807565,0.0025828706413892327,-0.0027552515069899815,false,not converged
1.575,mixed_mesh_0.025,H,8,0.2,0.00016400002170947512,-0.0013768335746590474,0.0025828706413892327,-0.0027552515069899815,false,not converged
1.575,mixed_mesh_0.025,H,9,0.225,5.804195139757132e-05,-0.0015490541054030233,0.0025828706413892327,-0.0027552515069899815,false,not converged
1.575,mixed_mesh_0.025,H,10,0.25,2.0522633392327222e-05,-0.0017212988828410247,0.0025828706413892327,-0.0027552515069899815,false,not converged
1.575,mixed_mesh_0.025,H,11,0.275,7.249734790998144e-06,-0.001893567447033747,0.0025828706413892327,-0.0027552515069899815,false,not converged
1.575,mixed_mesh_0.025,H,12,0.3,2.558670381582672e-06,-0.0020658593458226394,0.0025828706413892327,-0.0027552515069899815,false,not converged
1.575,mixed_mesh_0.025,H,13,0.325,9.022257562740421e-07,-0.0022381741346523794,0.0025828706413892327,-0.0027552515069899815,false,not converged
1.575,mixed_mesh_0.025,H,14,0.35,3.178559998174879e-07,-0.002410511376428179,0.0025828706413892327,-0.0027552515069899815,false,not converged
1.575,mixed_mesh_0.025,H,15,0.375,1.1188342040786365e-07,-0.0025828706413892327,0.0025828706413892327,-0.0027552515069899815,false,not converged
1.575,mixed_mesh_0.025,L,0,-3.503246160812043e-46,1.0,n/a,0.0,n/a,false,not converged
1.575,mixed_mesh_0.05,H,0,0.0,0.8729812050660576,0.0,0.0024093299570554375,-0.0027537209605482177,false,not converged
1.575,mixed_mesh_0.05,H,1,0.05,0.1109415477480783,-0.0003440253664649403,0.0024093299570554375,-0.0027537209605482177,false,not converged
1.575,mixed_mesh_0.05,H,2,0.1,0.014049443294526235,-0.0006881090038920934,0.0024093299570554375,-0.0027537209605482177,false,not converged
1.575,mixed_mesh_0.05,H,3,0.15,0.0017729690939951648,-0.0010322488989589862,0.0024093299570554375,-0.0027537209605482177,false,not converged
1.575,mixed_mesh_0.05,H,4,0.2,0.0002229652624669941,-0.0013764429365232637,0.0024093299570554375,-0.0027537209605482177,false,not converged
1.575,mixed_mesh_0.05,H,5,0.25,2.7944308705276272e-05,-0.0017206890857547996,0.0024093299570554375,-0.0027537209605482177,false,not converged
1.575,mixed_mesh_0.05,H,6,0.3,3.49061582390728e-06,-0.002064985389537595,0.0024093299570554375,-0.0027537209605482177,false,not converged
1.575,mixed_mesh_0.05,H,7,0.35,4.346103466326976e-07,-0.0024093299570554375,0.0024093299570554375,-0.0027537209605482177,false,not converged
1.575,mixed_mesh_0.05,L,0,-3.503246160812043e-46,1.0,n/a,0.0,n/a,false,not converged
1.58,mixed_mesh_0.025,H,0,0.0,0.6333794422895787,0.0,0.00251294499587976,-0.002680675529383637,false,not converged
1.58,mixed_mesh_0.025,H,1,0.025,0.2323460503727691,-0.00016733654031574063,0.00251294499587976,-0.002680675529383637,false,not converged
1.58,mixed_mesh_0.025,H,2,0.05,0.08514650055695357,-0.000334702798823847,0.00251294499587976,-0.002680675529383637,false,not converged
1.58,mixed_mesh_0.025,H,3,0.075,0.031171420977621198,-0.0005020983998507726,0.00251294499587976,-0.002680675529383637,false,not converged
1.58,mixed_mesh_0.025,H,4,0.1,0.01139999882119149,-0.0006695228242890653,0.00251294499587976,-0.002680675529383637,false,not converged
1.58,mixed_mesh_0.025,H,5,0.125,0.004164979995135292,-0.0008369755297169088,0.00251294499587976,-0.002680675529383637,false,not converged
1.58,mixed_mesh_0.025,H,6,0.15,0.0015201395047629814,-0.001004455979579742,0.00251294499587976,-0.002680675529383637,false,not converged
1.58,mixed_mesh_0.025,H,7,0.175,0.0005542678140814389,-0.0011719636482907438,0.00251294499587976,-0.002680675529383637,false,not converged
1.58,mixed_mesh_0.025,H,8,0.2,0.00020189494834859582,-0.0013394980209522683,0.00251294499587976,-0.002680675529383637,false,not converged
1.58,mixed_mesh_0.025,H,9,0.225,7.346918237478911e-05,-0.0015070585923984449,0.00251294499587976,-0.002680675529383637,false,not converged
1.58,mixed_mesh_0.025,H,10,0.25,2.6709374327941407e-05,-0.0016746448664736822,0.00251294499587976,-0.002680675529383637,false,not converged
1.58,mixed_mesh_0.025,H,11,0.275,9.700767756463443e-06,-0.0018422563555793425,0.00251294499587976,-0.002680675529383637,false,not converged
1.58,mixed_mesh_0.025,H,12,0.3,3.5199605687975377e-06,-0.0020098925803870814,0.00251294499587976,-0.002680675529383637,false,not converged
1.58,mixed_mesh_0.025,H,13,0.325,1.2760404414379141e-06,-0.0021775530696394024,0.00251294499587976,-0.002680675529383637,false,not converged
1.58,mixed_mesh_0.025,H,14,0.35,4.6215949167048445e-07,-0.0023452373599925948,0.00251294499587976,-0.002680675529383637,false,not converged
1.58,mixed_mesh_0.025,H,15,0.375,1.672345966484329e-07,-0.00251294499587976,0.00251294499587976,-0.002680675529383637,false,not converged
1.58,mixed_mesh_0.025,L,0,-3.503246160812043e-46,1.0,n/a,0.0,n/a,false,not converged
1.58,mixed_mesh_0.05,H,0,0.0,0.8656539738911639,0.0,0.0023440161663647605,-0.002679093118312794,false,not converged
1.58,mixed_mesh_0.05,H,1,0.05,0.11636270125137632,-0.0003346813264563564,0.0023440161663647605,-0.002679093118312794,false,not converged
1.58,mixed_mesh_0.05,H,2,0.1,0.015584890325574925,-0.0006694256933565189,0.0023440161663647605,-0.002679093118312794,false,not converged
1.58,mixed_mesh_0.05,H,3,0.15,0.002079771452129312,-0.0010042309348813846,0.0023440161663647605,-0.002679093118312794,false,not converged
1.58,mixed_mesh_0.05,H,4,0.2,0.0002765455553068124,-0.001339094762035848,0.0023440161663647605,-0.002679093118312794,false,not converged
1.58,mixed_mesh_0.05,H,5,0.25,3.664240321895265e-05,-0.0016740149763551466,0.0023440161663647605,-0.002679093118312794,false,not converged
1.58,mixed_mesh_0.05,H,6,0.3,4.838390620572413e-06,-0.002008989459805403,0.0023440161663647605,-0.002679093118312794,false,not converged
1.58,mixed_mesh_0.05,H,7,0.35,6.367306092078857e-07,-0.0023440161663647605,0.0023440161663647605,-0.002679093118312794,false,not converged
1.58,mixed_mesh_0.05,L,0,-3.503246160812043e-46,1.0,n/a,0.0,n/a,false,not converged
1.585,mixed_mesh_0.025,H,0,0.0,0.6229077215087551,0.0,0.0024427345902434585,-0.0026057966569889186,false,not converged
1.585,mixed_mesh_0.025,H,1,0.025,0.23504273132452777,-0.00016264410426923863,0.0024427345902434585,-0.0026057966569889186,false,not converged
1.585,mixed_mesh_0.025,H,2,0.05,0.08859613868342972,-0.0003253197224264271,0.0024427345902434585,-0.0026057966569889186,false,not converged
1.585,mixed_mesh_0.025,H,3,0.075,0.03335996686925884,-0.00048802646508319886,0.0024427345902434585,-0.0026057966569889186,false,not converged
1.585,mixed_mesh_0.025,H,4,0.1,0.012548139858816077,-0.000650763785813879,0.0024427345902434585,-0.0026057966569889186,false,not converged
1.585,mixed_mesh_0.025,H,5,0.125,0.0047149546985346055,-0.0008135311102378823,0.0024427345902434585,-0.0026057966569889186,false,not converged
1.585,mixed_mesh_0.025,H,6,0.15,0.001769793893562089,-0.0009763278690071977,0.0024427345902434585,-0.0026057966569889186,false,not converged
1.585,mixed_mesh_0.025,H,7,0.175,0.0006636180960883075,-0.001139153504171802,0.0024427345902434585,-0.0026057966569889186,false,not converged
1.585,mixed_mesh_0.025,H,8,0.2,0.00024858110393359773,-0.0013020074691874575,0.0024427345902434585,-0.0026057966569889186,false,not converged
1.585,mixed_mesh_0.025,H,9,0.225,9.302011888927915e-05,-0.0014648892279454139,0.0024427345902434585,-0.0026057966569889186,false,not converged
1.585,mixed_mesh_0.025,H,10,0.25,3.477358773292946e-05,-0.0016277982539804527,0.0024427345902434585,-0.0026057966569889186,false,not converged
1.585,mixed_mesh_0.025,H,11,0.275,1.298647383723033e-05,-0.0017907340299570442,0.0024427345902434585,-0.0026057966569889186,false,not converged
1.585,mixed_mesh_0.025,H,12,0.3,4.845155479909245e-06,-0.0019536960473418167,0.0024427345902434585,-0.0026057966569889186,false,not converged
1.585,mixed_mesh_0.025,H,13,0.325,1.8059460125248288e-06,-0.0021166838061781445,0.0024427345902434585,-0.0026057966569889186,false,not converged
1.585,mixed_mesh_0.025,H,14,0.35,6.724940256180296e-07,-0.002279696814912105,0.0024427345902434585,-0.0026057966569889186,false,not converged
1.585,mixed_mesh_0.025,H,15,0.375,2.5018711656190484e-07,-0.0024427345902434585,0.0024427345902434585,-0.0026057966569889186,false,not converged
1.585,mixed_mesh_0.025,L,0,-3.503246160812043e-46,1.0,n/a,0.0,n/a,false,not converged
1.585,mixed_mesh_0.05,H,0,0.0,0.8578704866569683,0.0,0.002604161155940858,-0.0029299397090202474,false,not converged
1.585,mixed_mesh_0.05,H,1,0.05,0.12200466381688352,-0.00032529783706308627,0.002604161155940858,-0.0029299397090202474,false,not converged
1.585,mixed_mesh_0.05,H,2,0.1,0.017285970687086837,-0.0006506639220445482,0.002604161155940858,-0.0029299397090202474,false,not converged
1.585,mixed_mesh_0.05,H,3,0.15,0.002439916535078466,-0.0009760959248026808,0.002604161155940858,-0.0029299397090202474,false,not converged
1.585,mixed_mesh_0.05,H,4,0.2,0.00034311349824680827,-0.0013015913666497457,0.002604161155940858,-0.0029299397090202474,false,not converged
1.585,mixed_mesh_0.05,H,5,0.25,4.807398831856554e-05,-0.0016271478658480467,0.002604161155940858,-0.0029299397090202474,false,not converged
1.585,mixed_mesh_0.05,H,6,0.3,6.711609907374515e-06,-0.0019527631285070424,0.002604161155940858,-0.0029299397090202474,false,not converged
1.585,mixed_mesh_0.05,H,7,0.35,9.337420994845044e-07,-0.002278434939048041,0.002604161155940858,-0.0029299397090202474,false,not converged
1.585,mixed_mesh_0.05,H,8,0.4,1.294654107011862e-07,-0.002604161155940858,0.002604161155940858,-0.0029299397090202474,false,not converged
1.585,mixed_mesh_0.05,L,0,-3.503246160812043e-46,1.0,n/a,0.0,n/a,false,not converged
1.59,mixed_mesh_0.025,H,0,0.0,0.6120917157804079,0.0,0.0025306192299257855,-0.0026890203417363687,false,not converged
1.59,mixed_mesh_0.025,H,1,0.025,0.23759868819909263,-0.00015793205525232003,0.0025306192299257855,-0.0026890203417363687,false,not converged
1.59,mixed_mesh_0.025,H,2,0.05,0.09212985067918102,-0.0003158975554249585,0.0025306192299257855,-0.0026890203417363687,false,not converged
1.59,mixed_mesh_0.025,H,3,0.075,0.03568480658772676,-0.0004738960973540234,0.0025306192299257855,-0.0026890203417363687,false,not converged
1.59,mixed_mesh_0.025,H,4,0.1,0.013806799043662814,-0.0006319271058891683,0.0025306192299257855,-0.0026890203417363687,false,not converged
1.59,mixed_mesh_0.025,H,5,0.125,0.0053361847420100705,-0.0007899899725470503,0.0025306192299257855,-0.0026890203417363687,false,not converged
1.59,mixed_mesh_0.025,H,6,0.15,0.0020601532220904956,-0.0009480840927499289,0.0025306192299257855,-0.0026890203417363687,false,not converged
1.59,mixed_mesh_0.025,H,7,0.175,0.0007945156503926258,-0.001106208873688278,0.0025306192299257855,-0.0026890203417363687,false,not converged
1.59,mixed_mesh_0.025,H,8,0.2,0.0003060862243447585,-0.001264363734708807,0.0025306192299257855,-0.0026890203417363687,false,not converged
1.59,mixed_mesh_0.025,H,9,0.225,0.00011779535619839231,-0.0014225481063576306,0.0025306192299257855,-0.0026890203417363687,false,not converged
1.59,mixed_mesh_0.025,H,10,0.25,4.528566207560326e-05,-0.0015807614295182569,0.0025306192299257855,-0.0026890203417363687,false,not converged
1.59,mixed_mesh_0.025,H,11,0.275,1.739189549965314e-05,-0.001739003154830639,0.0025306192299257855,-0.0026890203417363687,false,not converged
1.59,mixed_mesh_0.025,H,12,0.3,6.6725608527116866e-06,-0.0018972727423162078,0.0025306192299257855,-0.0026890203417363687,false,not converged
1.59,mixed_mesh_0.025,H,13,0.325,2.5574293416285665e-06,-0.002055569661121635,0.0025306192299257855,-0.0026890203417363687,false,not converged
1.59,mixed_mesh_0.025,H,14,0.35,9.792339878358718e-07,-0.0022138933893246166,0.0025306192299257855,-0.0026890203417363687,false,not converged
1.59,mixed_mesh_0.025,H,15,0.375,3.7458250471746924e-07,-0.0023722434137707265,0.0025306192299257855,-0.0026890203417363687,false,not converged
1.59,mixed_mesh_0.025,H,16,0.4,1.4315063024881399e-07,-0.0025306192299257855,0.0025306192299257855,-0.0026890203417363687,false,not converged
1.59,mixed_mesh_0.025,L,0,-3.503246160812043e-46,1.0,n/a,0.0,n/a,false,not converged
1.59,mixed_mesh_0.05,H,0,0.0,0.8496011225880337,0.0,0.0025289293988559267,-0.002845325593972955,false,not converged
1.59,mixed_mesh_0.05,H,1,0.05,0.12786725095550597,-0.00031587528526415124,0.0025289293988559267,-0.002845325593972955,false,not converged
1.59,mixed_mesh_0.05,H,2,0.1,0.01916926100845644,-0.0006318245105724216,0.0025289293988559267,-0.002845325593972955,false,not converged
1.59,mixed_mesh_0.05,H,3,0.15,0.0028625574200592907,-0.0009478451687341388,0.0025289293988559267,-0.002845325593972955,false,not converged
1.59,mixed_mesh_0.05,H,4,0.2,0.0004258180828586258,-0.0012639345738868061,0.0025289293988559267,-0.002845325593972955,false,not converged
1.59,mixed_mesh_0.05,H,5,0.25,6.310210710806926e-05,-0.0015800901436534738,0.0025289293988559267,-0.002845325593972955,false,not converged
1.59,mixed_mesh_0.05,H,6,0.3,9.3164274024532e-06,-0.0018963093917045218,0.0025289293988559267,-0.002845325593972955,false,not converged
1.59,mixed_mesh_0.05,H,7,0.35,1.3705082085077452e-06,-0.0022125899169967572,0.0025289293988559267,-0.002845325593972955,false,not converged
1.59,mixed_mesh_0.05,H,8,0.4,2.0090236695597185e-07,-0.0025289293988559267,0.0025289293988559267,-0.002845325593972955,false,not converged
1.59,mixed_mesh_0.05,L,0,-3.503246160812043e-46,1.0,n/a,0.0,n/a,false,not converged
1.595,mixed_mesh_0.025,H,0,0.0,0.600919703920143,0.0,0.0024551476845812784,-0.002608846713471959,false,not converged
1.595,mixed_mesh_0.025,H,1,0.025,0.23999418298709566,-0.00015320057521796287,0.0024551476845812784,-0.002608846713471959,false,not converged
1.595,mixed_mesh_0.025,H,2,0.05,0.09574076823159933,-0.00030643667505833756,0.0024551476845812784,-0.002608846713471959,false,not converged
1.595,mixed_mesh_0.025,H,3,0.075,0.0381507202986606,-0.0004597078826137158,0.0024551476845812784,-0.002608846713471959,false,not converged
1.595,mixed_mesh_0.025,H,4,0.1,0.015185118507192964,-0.0006130135925573662,0.0024551476845812784,-0.002608846713471959,false,not converged
1.595,mixed_mesh_0.025,H,5,0.125,0.006037327913643673,-0.0007663531600038281,0.0024551476845812784,-0.002608846713471959,false,not converged
1.595,mixed_mesh_0.025,H,6,0.15,0.0023976464925615885,-0.000919725942489057,0.0024551476845812784,-0.002608846713471959,false,not converged
1.595,mixed_mesh_0.025,H,7,0.175,0.0009511366043900327,-0.0010731313095991533,0.0024551476845812784,-0.002608846713471959,false,not converged
1.595,mixed_mesh_0.025,H,8,0.2,0.0003768966228118743,-0.0012265686438543712,0.0024551476845812784,-0.002608846713471959,false,not converged
1.595,mixed_mesh_0.025,H,9,0.225,0.000149185981077338,-0.0013800373398023757,0.0024551476845812784,-0.002608846713471959,false,not converged
1.595,mixed_mesh_0.025,H,10,0.25,5.898824549888959e-05,-0.0015335368030900487,0.0024551476845812784,-0.002608846713471959,false,not converged
1.595,mixed_mesh_0.025,H,11,0.275,2.3299162061567997e-05,-0.001687066449809245,0.0024551476845812784,-0.002608846713471959,false,not converged
1.595,mixed_mesh_0.025,H,12,0.3,9.193025600095582e-06,-0.0018406257060670896,0.0024551476845812784,-0.002608846713471959,false,not converged
1.595,mixed_mesh_0.025,H,13,0.325,3.623483067790282e-06,-0.00199421400769321,0.0024551476845812784,-0.002608846713471959,false,not converged
1.595,mixed_mesh_0.025,H,14,0.35,1.4267572350188844e-06,-0.0021478308000214405,0.0024551476845812784,-0.002608846713471959,false,not converged
1.595,mixed_mesh_0.025,H,15,0.375,5.61224576270977e-07,-0.002301475537709998,0.0024551476845812784,-0.002608846713471959,false,not converged
1.595,mixed_mesh_0.025,H,16,0.4,2.2054278423927847e-07,-0.0024551476845812784,0.0024551476845812784,-0.002608846713471959,false,not converged
1.595,mixed_mesh_0.025,L,0,-3.503246160812043e-46,1.0,n/a,0.0,n/a,false,not converged
1.595,mixed_mesh_0.05,H,0,0.0,0.8408140189849559,0.0,0.002453402337058157,-0.0027603813172016045,false,not converged
1.595,mixed_mesh_0.05,H,1,0.05,0.1339483266604041,-0.00030641405473385023,0.002453402337058157,-0.0027603813172016045,false,not converged
1.595,mixed_mesh_0.05,H,2,0.1,0.021252614609205352,-0.0006129082800552859,0.002453402337058157,-0.0027603813172016045,false,not converged
1.595,mixed_mesh_0.05,H,3,0.15,0.0033583496779010943,-0.0009194799780705338,0.002453402337058157,-0.0027603813172016045,false,not converged
1.595,mixed_mesh_0.05,H,4,0.2,0.0005285629204161744,-0.0012261262364375307,0.002453402337058157,-0.0027603813172016045,false,not converged
1.595,mixed_mesh_0.05,H,5,0.25,8.2861823380672e-05,-0.0015328442528120389,0.002453402337058157,-0.0027603813172016045,false,not converged
1.595,mixed_mesh_0.05,H,6,0.3,1.294006598054532e-05,-0.0018396313299590874,0.002453402337058157,-0.0027603813172016045,false,not converged
1.595,mixed_mesh_0.05,H,7,0.35,2.01319168966527e-06,-0.00214648486366746,0.002453402337058157,-0.0027603813172016045,false,not converged
1.595,mixed_mesh_0.05,H,8,0.4,3.1206606644950327e-07,-0.002453402337058157,0.002453402337058157,-0.0027603813172016045,false,not converged
1.595,mixed_mesh_0.05,L,0,-3.503246160812043e-46,1.0,n/a,0.0,n/a,false,not converged
1.6,mixed_mesh_0.025,H,0,0.0,0.5893792939054342,0.0,0.0025283667047580156,-0.0026773747957110254,false,not converged
1.60,mixed_mesh_0.025,H,0,0.0,0.5893792939054342,0.0,0.0025283667047580156,-0.0026773747957110254,false,not converged
1.6,mixed_mesh_0.025,H,1,0.025,0.24220765905661937,-0.00014844984304571298,0.0025283667047580156,-0.0026773747957110254,false,not converged
1.60,mixed_mesh_0.025,H,1,0.025,0.24220765905661937,-0.00014844984304571298,0.0025283667047580156,-0.0026773747957110254,false,not converged
1.6,mixed_mesh_0.025,H,2,0.05,0.09942029680393742,-0.0002969374545404744,0.0025283667047580156,-0.0026773747957110254,false,not converged
1.60,mixed_mesh_0.025,H,2,0.05,0.09942029680393742,-0.0002969374545404744,0.0025283667047580156,-0.0026773747957110254,false,not converged
1.6,mixed_mesh_0.025,H,3,0.075,0.040761859906882136,-0.0004454624039863153,0.0025283667047580156,-0.0026773747957110254,false,not converged
1.60,mixed_mesh_0.025,H,3,0.075,0.040761859906882136,-0.0004454624039863153,0.0025283667047580156,-0.0026773747957110254,false,not converged
1.6,mixed_mesh_0.025,H,4,0.1,0.016692623040681396,-0.0005940240543958585,0.0025283667047580156,-0.0026773747957110254,false,not converged
1.60,mixed_mesh_0.025,H,4,0.1,0.016692623040681396,-0.0005940240543958585,0.0025283667047580156,-0.0026773747957110254,false,not converged
1.6,mixed_mesh_0.025,H,5,0.125,0.0068279190991515975,-0.0007426217220223011,0.0025283667047580156,-0.0026773747957110254,false,not converged
1.60,mixed_mesh_0.025,H,5,0.125,0.0068279190991515975,-0.0007426217220223011,0.0025283667047580156,-0.0026773747957110254,false,not converged
1.6,mixed_mesh_0.025,H,6,0.15,0.002789639349757965,-0.0008912547236197593,0.0025283667047580156,-0.0026773747957110254,false,not converged
1.60,mixed_mesh_0.025,H,6,0.15,0.002789639349757965,-0.0008912547236197593,0.0025283667047580156,-0.0026773747957110254,false,not converged
1.6,mixed_mesh_0.025,H,7,0.175,0.0011384325744254581,-0.0010399223881485922,0.0025283667047580156,-0.0026773747957110254,false,not converged
1.60,mixed_mesh_0.025,H,7,0.175,0.0011384325744254581,-0.0010399223881485922,0.0025283667047580156,-0.0026773747957110254,false,not converged
1.6,mixed_mesh_0.025,H,8,0.2,0.00046405611862551015,-0.001188624058297309,0.0025283667047580156,-0.0026773747957110254,false,not converged
1.60,mixed_mesh_0.025,H,8,0.2,0.00046405611862551015,-0.001188624058297309,0.0025283667047580156,-0.0026773747957110254,false,not converged
1.6,mixed_mesh_0.025,H,9,0.225,0.0001889481289493422,-0.0013373590896755935,0.0025283667047580156,-0.0026773747957110254,false,not converged
1.60,mixed_mesh_0.025,H,9,0.225,0.0001889481289493422,-0.0013373590896755935,0.0025283667047580156,-0.0026773747957110254,false,not converged
1.6,mixed_mesh_0.025,H,10,0.25,7.68473762790917e-05,-0.0014861268498287694,0.0025283667047580156,-0.0026773747957110254,false,not converged
1.60,mixed_mesh_0.025,H,10,0.25,7.68473762790917e-05,-0.0014861268498287694,0.0025283667047580156,-0.0026773747957110254,false,not converged
1.6,mixed_mesh_0.025,H,11,0.275,3.122020183282681e-05,-0.0016349267175049804,0.0025283667047580156,-0.0026773747957110254,false,not converged
1.60,mixed_mesh_0.025,H,11,0.275,3.122020183282681e-05,-0.0016349267175049804,0.0025283667047580156,-0.0026773747957110254,false,not converged
1.6,mixed_mesh_0.025,H,12,0.3,1.2669771303772831e-05,-0.0017837580821628406,0.0025283667047580156,-0.0026773747957110254,false,not converged
1.60,mixed_mesh_0.025,H,12,0.3,1.2669771303772831e-05,-0.0017837580821628406,0.0025283667047580156,-0.0026773747957110254,false,not converged
1.6,mixed_mesh_0.025,H,13,0.325,5.136114879007446e-06,-0.001932620343635426,0.0025283667047580156,-0.0026773747957110254,false,not converged
1.60,mixed_mesh_0.025,H,13,0.325,5.136114879007446e-06,-0.001932620343635426,0.0025283667047580156,-0.0026773747957110254,false,not converged
1.6,mixed_mesh_0.025,H,14,0.35,2.0798895799633083e-06,-0.002081512911883112,0.0025283667047580156,-0.0026773747957110254,false,not converged
1.60,mixed_mesh_0.025,H,14,0.35,2.0798895799633083e-06,-0.002081512911883112,0.0025283667047580156,-0.0026773747957110254,false,not converged
1.6,mixed_mesh_0.025,H,15,0.375,8.413802939341898e-07,-0.0022304352067938652,0.0025283667047580156,-0.0026773747957110254,false,not converged
1.60,mixed_mesh_0.025,H,15,0.375,8.413802939341898e-07,-0.0022304352067938652,0.0025283667047580156,-0.0026773747957110254,false,not converged
1.6,mixed_mesh_0.025,H,16,0.4,3.4001491883378237e-07,-0.0023793866580083187,0.0025283667047580156,-0.0026773747957110254,false,not converged
1.60,mixed_mesh_0.025,H,16,0.4,3.4001491883378237e-07,-0.0023793866580083187,0.0025283667047580156,-0.0026773747957110254,false,not converged
1.6,mixed_mesh_0.025,H,17,0.425,1.3726644814325187e-07,-0.0025283667047580156,0.0025283667047580156,-0.0026773747957110254,false,not converged
1.60,mixed_mesh_0.025,H,17,0.425,1.3726644814325187e-07,-0.0025283667047580156,0.0025283667047580156,-0.0026773747957110254,false,not converged
1.6,mixed_mesh_0.025,L,0,-3.503246160812043e-46,1.0,n/a,0.0,n/a,false,not converged
1.60,mixed_mesh_0.025,L,0,-3.503246160812043e-46,1.0,n/a,0.0,n/a,false,not converged
1.6,mixed_mesh_0.05,H,0,0.0,0.8314752541101618,0.0,0.0023775846184375697,-0.002675112342224069,false,not converged
1.60,mixed_mesh_0.05,H,0,0.0,0.8314752541101618,0.0,0.0023775846184375697,-0.002675112342224069,false,not converged
1.6,mixed_mesh_0.05,H,1,0.05,0.14024345832255866,-0.00029691452547874473,0.0023775846184375697,-0.002675112342224069,false,not converged
1.60,mixed_mesh_0.05,H,1,0.05,0.14024345832255866,-0.00029691452547874473,0.0023775846184375697,-0.002675112342224069,false,not converged
1.6,mixed_mesh_0.05,H,2,0.1,0.023555160722184117,-0.0005939160512963568,0.0023775846184375697,-0.002675112342224069,false,not converged
1.60,mixed_mesh_0.05,H,2,0.1,0.023555160722184117,-0.0005939160512963568,0.0023775846184375697,-0.002675112342224069,false,not converged
1.6,mixed_mesh_0.05,H,3,0.15,0.003939672857238647,-0.0008910016742278881,0.0023775846184375697,-0.002675112342224069,false,not converged
1.60,mixed_mesh_0.05,H,3,0.15,0.003939672857238647,-0.0008910016742278881,0.0023775846184375697,-0.002675112342224069,false,not converged
1.6,mixed_mesh_0.05,H,4,0.2,0.0006561817458281411,-0.0011881682341091694,0.0023775846184375697,-0.002675112342224069,false,not converged
1.60,mixed_mesh_0.05,H,4,0.2,0.0006561817458281411,-0.0011881682341091694,0.0023775846184375697,-0.002675112342224069,false,not converged
1.6,mixed_mesh_0.05,H,5,0.25,0.00010884508325646374,-0.0014854126870699068,0.0023775846184375697,-0.002675112342224069,false,not converged
1.60,mixed_mesh_0.05,H,5,0.25,0.00010884508325646374,-0.0014854126870699068,0.0023775846184375697,-0.002675112342224069,false,not converged
1.6,mixed_mesh_0.05,H,6,0.3,1.7982609911494432e-05,-0.0017827321043564128,0.0023775846184375697,-0.002675112342224069,false,not converged
1.60,mixed_mesh_0.05,H,6,0.3,1.7982609911494432e-05,-0.0017827321043564128,0.0023775846184375697,-0.002675112342224069,false,not converged
1.6,mixed_mesh_0.05,H,7,0.35,2.959374136204705e-06,-0.0020801236588452775,0.0023775846184375697,-0.002675112342224069,false,not converged
1.60,mixed_mesh_0.05,H,7,0.35,2.959374136204705e-06,-0.0020801236588452775,0.0023775846184375697,-0.002675112342224069,false,not converged
1.6,mixed_mesh_0.05,H,8,0.4,4.85174724507824e-07,-0.0023775846184375697,0.0023775846184375697,-0.002675112342224069,false,not converged
1.60,mixed_mesh_0.05,H,8,0.4,4.85174724507824e-07,-0.0023775846184375697,0.0023775846184375697,-0.002675112342224069,false,not converged
1.6,mixed_mesh_0.05,L,0,-3.503246160812043e-46,1.0,n/a,0.0,n/a,false,not converged
1.60,mixed_mesh_0.05,L,0,-3.503246160812043e-46,1.0,n/a,0.0,n/a,false,not converged
1.605,mixed_mesh_0.025,H,0,0.0,0.5774579482630497,0.0,0.0024475855255499156,-0.002591859980207262,false,not converged
1.605,mixed_mesh_0.025,H,1,0.025,0.24421582062564343,-0.00014368003423051413,0.0024475855255499156,-0.002591859980207262,false,not converged
1.605,mixed_mesh_0.025,H,2,0.05,0.1031579580726567,-0.0002874002620508035,0.0024475855255499156,-0.002591859980207262,false,not converged
1.605,mixed_mesh_0.025,H,3,0.075,0.043521574231146186,-0.0004311602396685644,0.0024475855255499156,-0.002591859980207262,false,not converged
1.605,mixed_mesh_0.025,H,4,0.1,0.018339149998100754,-0.000574959296925908,0.0024475855255499156,-0.002591859980207262,false,not converged
1.605,mixed_mesh_0.025,H,5,0.125,0.0077184142819374975,-0.0007187967085847385,0.0024475855255499156,-0.002591859980207262,false,not converged
1.605,mixed_mesh_0.025,H,6,0.15,0.003244546667334778,-0.0008626717474572439,0.0024475855255499156,-0.002591859980207262,false,not converged
1.605,mixed_mesh_0.025,H,7,0.175,0.0013622623901486186,-0.0010065836985452014,0.0024475855255499156,-0.002591859980207262,false,not converged
1.605,mixed_mesh_0.025,H,8,0.2,0.000571284996895505,-0.0011505318613728912,0.0024475855255499156,-0.002591859980207262,false,not converged
1.605,mixed_mesh_0.025,H,9,0.225,0.00023929592859748031,-0.0012945155493462,0.0024475855255499156,-0.002591859980207262,false,not converged
1.605,mixed_mesh_0.025,H,10,0.25,0.00010011839438903335,-0.0014385340887255343,0.0024475855255499156,-0.002591859980207262,false,not converged
1.605,mixed_mesh_0.025,H,11,0.275,4.1840279647395815e-05,-0.001582586817811006,0.0024475855255499156,-0.002591859980207262,false,not converged
1.605,mixed_mesh_0.025,H,12,0.3,1.7465612881032606e-05,-0.0017266730863791718,0.0024475855255499156,-0.002591859980207262,false,not converged
1.605,mixed_mesh_0.025,H,13,0.325,7.282631568098194e-06,-0.001870792255296079,0.0024475855255499156,-0.002591859980207262,false,not converged
1.605,mixed_mesh_0.025,H,14,0.35,3.033297892159896e-06,-0.0020149436962354425,0.0024475855255499156,-0.002591859980207262,false,not converged
1.605,mixed_mesh_0.025,H,15,0.375,1.262034318770731e-06,-0.0021591267914550776,0.0024475855255499156,-0.002591859980207262,false,not converged
1.605,mixed_mesh_0.025,H,16,0.4,5.245223256780538e-07,-0.0023033409336045913,0.0024475855255499156,-0.002591859980207262,false,not converged
1.605,mixed_mesh_0.025,H,17,0.425,2.17771467062228e-07,-0.0024475855255499156,0.0024475855255499156,-0.002591859980207262,false,not converged
1.605,mixed_mesh_0.025,L,0,-3.503246160812043e-46,1.0,n/a,0.0,n/a,false,not converged
1.605,mixed_mesh_0.05,H,0,0.0,0.821548529711765,0.0,0.0025895244096381612,-0.0028776374803530947,false,not converged
1.605,mixed_mesh_0.05,H,1,0.05,0.14674543844728008,-0.00028737707418926195,0.0025895244096381612,-0.0028776374803530947,false,not converged
1.605,mixed_mesh_0.05,H,2,0.1,0.02609725606551934,-0.0005748486474444474,0.0025895244096381612,-0.0028776374803530947,false,not converged
1.605,mixed_mesh_0.05,H,3,0.15,0.004620873207002125,-0.0008624115955871291,0.0025895244096381612,-0.0028776374803530947,false,not converged
1.605,mixed_mesh_0.05,H,4,0.2,0.0008146517731434244,-0.0011500624870200119,0.0025895244096381612,-0.0028776374803530947,false,not converged
1.605,mixed_mesh_0.05,H,5,0.25,0.0001430113671107795,-0.0014377980122459795,0.0025895244096381612,-0.0028776374803530947,false,not converged
1.605,mixed_mesh_0.05,H,6,0.3,2.500113195396376e-05,-0.0017256149879144736,0.0025895244096381612,-0.0028776374803530947,false,not converged
1.605,mixed_mesh_0.05,H,7,0.35,4.3529635073454975e-06,-0.0020135103418987685,0.0025895244096381612,-0.0028776374803530947,false,not converged
1.605,mixed_mesh_0.05,H,8,0.4,7.549120737266807e-07,-0.0023014811056137584,0.0025895244096381612,-0.0028776374803530947,false,not converged
1.605,mixed_mesh_0.05,H,9,0.45,1.3042064414000754e-07,-0.0025895244096381612,0.0025895244096381612,-0.0028776374803530947,false,not converged
1.605,mixed_mesh_0.05,L,0,-3.503246160812043e-46,1.0,n/a,0.0,n/a,false,not converged
1.61,mixed_mesh_0.025,H,0,0.0,0.5651424655780664,0.0,0.0025060336639336775,-0.0026455898482810308,false,not converged
1.61,mixed_mesh_0.025,H,1,0.025,0.24599328648866023,-0.00013889132072914272,0.0025060336639336775,-0.0026455898482810308,false,not converged
1.61,mixed_mesh_0.025,H,2,0.05,0.10694103661801801,-0.0002778254614937837,0.0025060336639336775,-0.0026455898482810308,false,not converged
1.61,mixed_mesh_0.025,H,3,0.075,0.046432126640137635,-0.00041680196568631526,0.0025060336639336775,-0.0026455898482810308,false,not converged
1.61,mixed_mesh_0.025,H,4,0.1,0.020134718470495184,-0.0005558201284636493,0.0025060336639336775,-0.0026455898482810308,false,not converged
1.61,mixed_mesh_0.025,H,5,0.125,0.008720208536645782,-0.0006948791802942049,0.0025060336639336775,-0.0026455898482810308,false,not converged
1.61,mixed_mesh_0.025,H,6,0.15,0.0037719448795068785,-0.0008339783466024069,0.0025060336639336775,-0.0026455898482810308,false,not converged
1.61,mixed_mesh_0.025,H,7,0.175,0.0016295391795086952,-0.0009731168647520039,0.0025060336639336775,-0.0026455898482810308,false,not converged
1.61,mixed_mesh_0.025,H,8,0.2,0.0007031207660204052,-0.001112293987400087,0.0025060336639336775,-0.0026455898482810308,false,not converged
1.61,mixed_mesh_0.025,H,9,0.225,0.000303016297026894,-0.001251508982109423,0.0025060336639336775,-0.0026455898482810308,false,not converged
1.61,mixed_mesh_0.025,H,10,0.25,0.0001304303988743969,-0.0013907611303051572,0.0025060336639336775,-0.0026455898482810308,false,not converged
1.61,mixed_mesh_0.025,H,11,0.275,5.607570014746297e-05,-0.0015300497263776502,0.0025060336639336775,-0.0026455898482810308,false,not converged
1.61,mixed_mesh_0.025,H,12,0.3,2.408021038785659e-05,-0.0016693740770400943,0.0025060336639336775,-0.0026455898482810308,false,not converged
1.61,mixed_mesh_0.025,H,13,0.325,1.032862458922162e-05,-0.0018087335008818697,0.0025060336639336775,-0.0026455898482810308,false,not converged
1.61,mixed_mesh_0.025,H,14,0.35,4.425155786642522e-06,-0.0019481273280451102,0.0025060336639336775,-0.0026455898482810308,false,not converged
1.61,mixed_mesh_0.025,H,15,0.375,1.8937642885309004e-06,-0.0020875548999722887,0.0025060336639336775,-0.0026455898482810308,false,not converged
1.61,mixed_mesh_0.025,H,16,0.4,8.095472015357254e-07,-0.0022270155691931134,0.0025060336639336775,-0.0026455898482810308,false,not converged
1.61,mixed_mesh_0.025,H,17,0.425,3.4568861773498995e-07,-0.0023665086991330004,0.0025060336639336775,-0.0026455898482810308,false,not converged
1.61,mixed_mesh_0.025,H,18,0.45,1.474560205403931e-07,-0.0025060336639336775,0.0025060336639336775,-0.0026455898482810308,false,not converged
1.61,mixed_mesh_0.025,L,0,-3.503246160812043e-46,1.0,n/a,0.0,n/a,false,not converged
1.61,mixed_mesh_0.05,H,0,0.0,0.8109953886365288,0.0,0.0025036235254707615,-0.002782226064459892,false,not converged
1.61,mixed_mesh_0.05,H,1,0.05,0.15344382734804604,-0.000277802073653169,0.0025036235254707615,-0.002782226064459892,false,not converged
1.61,mixed_mesh_0.05,H,2,0.1,0.028900402115557867,-0.0005557068927319413,0.0025036235254707615,-0.002782226064459892,false,not converged
1.61,mixed_mesh_0.05,H,3,0.15,0.005418530336320721,-0.0008337110954433767,0.0025036235254707615,-0.002782226064459892,false,not converged
1.61,mixed_mesh_0.05,H,4,0.2,0.0010113526048309313,-0.001111810952596888,0.0025036235254707615,-0.002782226064459892,false,not converged
1.61,mixed_mesh_0.05,H,5,0.25,0.00018793172381253743,-0.0013900028620569523,0.0025036235254707615,-0.002782226064459892,false,not converged
1.61,mixed_mesh_0.05,H,6,0.3,3.4770862697561826e-05,-0.0016682833599699094,0.0025036235254707615,-0.002782226064459892,false,not converged
1.61,mixed_mesh_0.05,H,7,0.35,6.40613582435721e-06,-0.0019466491044369538,0.0025036235254707615,-0.002782226064459892,false,not converged
1.61,mixed_mesh_0.05,H,8,0.4,1.1754220462188972e-06,-0.0022250968665724164,0.0025036235254707615,-0.002782226064459892,false,not converged
1.61,mixed_mesh_0.05,H,9,0.45,2.1481433499490396e-07,-0.0025036235254707615,0.0025036235254707615,-0.002782226064459892,false,not converged
1.61,mixed_mesh_0.05,L,0,-3.503246160812043e-46,1.0,n/a,0.0,n/a,false,not converged
1.615,mixed_mesh_0.025,H,0,0.0,0.5524194336282092,0.0,0.002554695622284364,-0.0026895217587985694,false,not converged
1.615,mixed_mesh_0.025,H,1,0.025,0.24751263154356626,-0.00013408387051365152,0.002554695622284364,-0.0026895217587985694,false,not converged
1.615,mixed_mesh_0.025,H,2,0.05,0.11075435638555979,-0.0002682134113958114,0.002554695622284364,-0.0026895217587985694,false,not converged
1.615,mixed_mesh_0.025,H,3,0.075,0.049494430989708134,-0.00040238815392201863,0.002554695622284364,-0.0026895217587985694,false,not converged
1.615,mixed_mesh_0.025,H,4,0.1,0.022089382720935996,-0.0005366073570619221,0.002554695622284364,-0.0026895217587985694,false,not converged
1.615,mixed_mesh_0.025,H,5,0.125,0.009845642470225211,-0.0006708702040096803,0.002554695622284364,-0.0026895217587985694,false,not converged
1.615,mixed_mesh_0.025,H,6,0.15,0.004382689119173135,-0.0008051758690425068,0.002554695622284364,-0.0026895217587985694,false,not converged
1.615,mixed_mesh_0.025,H,7,0.175,0.0019483964995497458,-0.0009395235378168612,0.002554695622284364,-0.0026895217587985694,false,not converged
1.615,mixed_mesh_0.025,H,8,0.2,0.0008650851850549229,-0.0010739124119972928,0.002554695622284364,-0.0026895217587985694,false,not converged
1.615,mixed_mesh_0.025,H,9,0.225,0.00038361072232573253,-0.0012083417092353336,0.002554695622284364,-0.0026895217587985694,false,not converged
1.615,mixed_mesh_0.025,H,10,0.25,0.00016989435954662869,-0.001342810662148219,0.002554695622284364,-0.0026895217587985694,false,not converged
1.615,mixed_mesh_0.025,H,11,0.275,7.515018254607697e-05,-0.0014773185173438926,0.002554695622284364,-0.0026895217587985694,false,not converged
1.615,mixed_mesh_0.025,H,12,0.3,3.320097675034662e-05,-0.0016118645346920885,0.002554695622284364,-0.0026895217587985694,false,not converged
1.615,mixed_mesh_0.025,H,13,0.325,1.4650371365267312e-05,-0.001746447986808423,0.002554695622284364,-0.0026895217587985694,false,not converged
1.615,mixed_mesh_0.025,H,14,0.35,6.457000832845178e-06,-0.0018810681586811035,0.002554695622284364,-0.0026895217587985694,false,not converged
1.615,mixed_mesh_0.025,H,15,0.375,2.842530924270382e-06,-0.0020157243473835317,0.002554695622284364,-0.0026895217587985694,false,not converged
1.615,mixed_mesh_0.025,H,16,0.4,1.2499124676341667e-06,-0.0021504158618360896,0.002554695622284364,-0.0026895217587985694,false,not converged
1.615,mixed_mesh_0.025,H,17,0.425,5.489870524854396e-07,-0.002285142022595557,0.002554695622284364,-0.0026895217587985694,false,not converged
1.615,mixed_mesh_0.025,H,18,0.45,2.4085789245640023e-07,-0.0024199021616602336,0.002554695622284364,-0.0026895217587985694,false,not converged
1.615,mixed_mesh_0.025,H,19,0.475,1.0555631371737035e-07,-0.002554695622284364,0.002554695622284364,-0.0026895217587985694,false,not converged
1.615,mixed_mesh_0.025,L,0,-3.503246160812043e-46,1.0,n/a,0.0,n/a,false,not converged
1.615,mixed_mesh_0.05,H,0,0.0,0.7997745826171041,0.0,0.0024174161071031774,-0.0026864775455259,false,not converged
1.615,mixed_mesh_0.05,H,1,0.05,0.16032426918815537,-0.00026818989351967866,0.0024174161071031774,-0.0026864775455259,false,not converged
1.615,mixed_mesh_0.05,H,2,0.1,0.03198707153213738,-0.0005364916178886956,0.0024174161071031774,-0.0026864775455259,false,not converged
1.615,mixed_mesh_0.05,H,3,0.15,0.006351737361423791,-0.0008049015560259855,0.0024174161071031774,-0.0026864775455259,false,not converged
1.615,mixed_mesh_0.05,H,4,0.2,0.0012553772442652816,-0.0010734156521585866,0.0024174161071031774,-0.0026864775455259,false,not converged
1.615,mixed_mesh_0.05,H,5,0.25,0.00024697542335223047,-0.001342029981168942,0.0024174161071031774,-0.0026864775455259,false,not converged
1.615,mixed_mesh_0.05,H,6,0.3,4.836976936300814e-05,-0.0016107407695177128,0.0024174161071031774,-0.0026864775455259,false,not converged
1.615,mixed_mesh_0.05,H,7,0.35,9.431578538955468e-06,-0.001879544377648733,0.0024174161071031774,-0.0026864775455259,false,not converged
1.615,mixed_mesh_0.05,H,8,0.4,1.8312119715553326e-06,-0.0021484372895853136,0.0024174161071031774,-0.0026864775455259,false,not converged
1.615,mixed_mesh_0.05,H,9,0.45,3.540736884445572e-07,-0.0024174161071031774,0.0024174161071031774,-0.0026864775455259,false,not converged
1.615,mixed_mesh_0.05,L,0,-3.503246160812043e-46,1.0,n/a,0.0,n/a,false,not converged
1.62,mixed_mesh_0.025,H,0,0.0,0.5392749995549067,0.0,0.00246348837884846,-0.0025935394574273483,false,not converged
1.62,mixed_mesh_0.025,H,1,0.025,0.2487441375648778,-0.00012925784714700904,0.00246348837884846,-0.0025935394574273483,false,not converged
1.62,mixed_mesh_0.025,H,2,0.05,0.11457990570184515,-0.00025856446490724614,0.00246348837884846,-0.0025935394574273483,false,not converged
1.62,mixed_mesh_0.025,H,3,0.075,0.052707684270052124,-0.0003879193734080777,0.00246348837884846,-0.0025935394574273483,false,not converged
1.62,mixed_mesh_0.025,H,4,0.1,0.024213012961411793,-0.0005173217939712902,0.00246348837884846,-0.0025935394574273483,false,not converged
1.62,mixed_mesh_0.025,H,5,0.125,0.011107968765853658,-0.0006467708593581186,0.00246348837884846,-0.0025935394574273483,false,not converged
1.62,mixed_mesh_0.025,H,6,0.15,0.005089021882526768,-0.0007762656885995905,0.00246348837884846,-0.0025935394574273483,false,not converged
1.62,mixed_mesh_0.025,H,7,0.175,0.0023283694400562252,-0.0009058054111396809,0.00246348837884846,-0.0025935394574273483,false,not converged
1.62,mixed_mesh_0.025,H,8,0.2,0.0010638791605071267,-0.0010353891730439176,0.00246348837884846,-0.0025935394574273483,false,not converged
1.62,mixed_mesh_0.025,H,9,0.225,0.0004854686667900169,-0.0011650161374906296,0.00246348837884846,-0.0025935394574273483,false,not converged
1.62,mixed_mesh_0.025,H,10,0.25,0.00022124060681555247,-0.001294685483827128,0.00246348837884846,-0.0025935394574273483,false,not converged
1.62,mixed_mesh_0.025,H,11,0.275,0.0001006954718896734,-0.0014243964065287114,0.00246348837884846,-0.0025935394574273483,false,not converged
1.62,mixed_mesh_0.025,H,12,0.3,4.5772395969506934e-05,-0.0015541481143777278,0.00246348837884846,-0.0025935394574273483,false,not converged
1.62,mixed_mesh_0.025,H,13,0.325,2.0780377739102802e-05,-0.0016839398298683014,0.00246348837884846,-0.0025935394574273483,false,not converged
1.62,mixed_mesh_0.025,H,14,0.35,9.42252036796713e-06,-0.0018137707887736125,0.00246348837884846,-0.0025935394574273483,false,not converged
1.62,mixed_mesh_0.025,H,15,0.375,4.26729430326339e-06,-0.0019436402398160108,0.00246348837884846,-0.0025935394574273483,false,not converged
1.62,mixed_mesh_0.025,H,16,0.4,1.930270517291277e-06,-0.002073547444398231,0.00246348837884846,-0.0025935394574273483,false,not converged
1.62,mixed_mesh_0.025,H,17,0.425,8.721118709061137e-07,-0.0022034916763699255,0.00246348837884846,-0.0025935394574273483,false,not converged
1.62,mixed_mesh_0.025,H,18,0.45,3.9357106104870115e-07,-0.00233347222181457,0.00246348837884846,-0.0025935394574273483,false,not converged
1.62,mixed_mesh_0.025,H,19,0.475,1.7741063842640243e-07,-0.00246348837884846,0.00246348837884846,-0.0025935394574273483,false,not converged
1.62,mixed_mesh_0.025,L,0,-3.503246160812043e-46,1.0,n/a,0.0,n/a,false,not converged
1.62,mixed_mesh_0.05,H,0,0.0,0.787842112295727,0.0,0.002590400007882873,-0.002849977595774324,false,not converged
1.62,mixed_mesh_0.05,H,1,0.05,0.1673678276451375,-0.0002585408998477452,0.002590400007882873,-0.002849977595774324,false,not converged
1.62,mixed_mesh_0.05,H,2,0.1,0.035380466966548986,-0.0005172036606857769,0.002590400007882873,-0.002849977595774324,false,not converged
1.62,mixed_mesh_0.05,H,3,0.15,0.007442395221890695,-0.0007759843914969646,0.002590400007882873,-0.002849977595774324,false,not converged
1.62,mixed_mesh_0.05,H,4,0.2,0.0015579045542694985,-0.0010348786777887738,0.002590400007882873,-0.002849977595774324,false,not converged
1.62,mixed_mesh_0.05,H,5,0.25,0.00032455119434982043,-0.001293882237292941,0.002590400007882873,-0.002849977595774324,false,not converged
1.62,mixed_mesh_0.05,H,6,0.3,6.729526392260019e-05,-0.001552990953800991,0.002590400007882873,-0.002849977595774324,false,not converged
1.62,mixed_mesh_0.05,H,7,0.35,1.3889799624556595e-05,-0.0018122008585933942,0.002590400007882873,-0.002849977595774324,false,not converged
1.62,mixed_mesh_0.05,H,8,0.4,2.8541291137992035e-06,-0.002071508118358356,0.002590400007882873,-0.002849977595774324,false,not converged
1.62,mixed_mesh_0.05,H,9,0.45,5.839513854620553e-07,-0.0023309090283999854,0.002590400007882873,-0.002849977595774324,false,not converged
1.62,mixed_mesh_0.05,H,10,0.5,1.1897803009878794e-07,-0.002590400007882873,0.002590400007882873,-0.002849977595774324,false,not converged
1.62,mixed_mesh_0.05,L,0,-3.503246160812043e-46,1.0,n/a,0.0,n/a,false,not converged
1.625,mixed_mesh_0.025,H,0,0.0,0.5256947759936563,0.0,0.0024972383835220793,-0.0026225373360843247,false,not converged
1.625,mixed_mesh_0.025,H,1,0.025,0.24965558029040907,-0.00012441340915254103,0.0024972383835220793,-0.0026225373360843247,false,not converged
1.625,mixed_mesh_0.025,H,2,0.05,0.11839643708420101,-0.00024887896941572663,0.0024972383835220793,-0.0026225373360843247,false,not converged
1.625,mixed_mesh_0.025,H,3,0.075,0.056068938050052114,-0.00037339619107358904,0.0024972383835220793,-0.0026225373360843247,false,not converged
1.625,mixed_mesh_0.025,H,4,0.1,0.02651501078387479,-0.0004979642564222741,0.0024972383835220793,-0.0026225373360843247,false,not converged
1.625,mixed_mesh_0.025,H,5,0.125,0.012521274407892736,-0.0006225822444623427,0.0024972383835220793,-0.0026225373360843247,false,not converged
1.625,mixed_mesh_0.025,H,6,0.15,0.005904668085393803,-0.0007472492145169144,0.0024972383835220793,-0.0026225373360843247,false,not converged
1.625,mixed_mesh_0.025,H,7,0.175,0.002780589214663012,-0.000871964234827622,0.0024972383835220793,-0.0026225373360843247,false,not converged
1.625,mixed_mesh_0.025,H,8,0.2,0.0013076082514794855,-0.000996726390707618,0.0024972383835220793,-0.0026225373360843247,false,not converged
1.625,mixed_mesh_0.025,H,9,0.225,0.000614078352533099,-0.0011215347857310388,0.0024972383835220793,-0.0026225373360843247,false,not converged
1.625,mixed_mesh_0.025,H,10,0.25,0.0002879928482778499,-0.0012463885409447336,0.0024972383835220793,-0.0026225373360843247,false,not converged
1.625,mixed_mesh_0.025,H,11,0.275,0.00013488336005034447,-0.0013712867937837455,0.0024972383835220793,-0.0026225373360843247,false,not converged
1.625,mixed_mesh_0.025,H,12,0.3,6.309009993903924e-05,-0.0014962286971564598,0.0024972383835220793,-0.0026225373360843247,false,not converged
1.625,mixed_mesh_0.025,H,13,0.325,2.9471211563324852e-05,-0.0016212134187599588,0.0024972383835220793,-0.0026225373360843247,false,not converged
1.625,mixed_mesh_0.025,H,14,0.35,1.3749179160673154e-05,-0.0017462401405770262,0.0024972383835220793,-0.0026225373360843247,false,not converged
1.625,mixed_mesh_0.025,H,15,0.375,6.406279481413687e-06,-0.001871308058494666,0.0024972383835220793,-0.0026225373360843247,false,not converged
1.625,mixed_mesh_0.025,H,16,0.4,2.981218807434211e-06,-0.0019964163819978717,0.0024972383835220793,-0.0026225373360843247,false,not converged
1.625,mixed_mesh_0.025,H,17,0.425,1.3856367304565967e-06,-0.002121564333908298,0.0024972383835220793,-0.0026225373360843247,false,not converged
1.625,mixed_mesh_0.025,H,18,0.45,6.432522684659897e-07,-0.002246751150149399,0.0024972383835220793,-0.0026225373360843247,false,not converged
1.625,mixed_mesh_0.025,H,19,0.475,2.9826247673235105e-07,-0.0023719760795273895,0.0024972383835220793,-0.0026225373360843247,false,not converged
1.625,mixed_mesh_0.025,H,20,0.5,1.3813708870947307e-07,-0.0024972383835220793,0.0024972383835220793,-0.0026225373360843247,false,not converged
1.625,mixed_mesh_0.025,L,0,-3.503246160812043e-46,1.0,n/a,0.0,n/a,false,not converged
1.625,mixed_mesh_0.05,H,0,0.0,0.7751513119244017,0.0,0.0024940021536121104,-0.002743989188060198,false,not converged
1.625,mixed_mesh_0.05,H,1,0.05,0.17455023981653922,-0.0002488554543533482,0.0024940021536121104,-0.002743989188060198,false,not converged
1.625,mixed_mesh_0.05,H,2,0.1,0.0391041760115302,-0.0004978438658293472,0.0024940021536121104,-0.002743989188060198,false,not converged
1.625,mixed_mesh_0.05,H,3,0.15,0.008715509322205882,-0.0007469610498980171,0.0024940021536121104,-0.002743989188060198,false,not converged
1.625,mixed_mesh_0.05,H,4,0.2,0.001932641231587425,-0.0009962021976890464,0.0024940021536121104,-0.002743989188060198,false,not converged
1.625,mixed_mesh_0.05,H,5,0.25,0.00042641757642868463,-0.001245562631201666,0.0024940021536121104,-0.002743989188060198,false,not converged
1.625,mixed_mesh_0.05,H,6,0.3,9.362476956832832e-05,-0.0014950378541464483,0.0024940021536121104,-0.002743989188060198,false,not converged
1.625,mixed_mesh_0.05,H,7,0.35,2.0458396132430484e-05,-0.0017446235329196605,0.0024940021536121104,-0.002743989188060198,false,not converged
1.625,mixed_mesh_0.05,H,8,0.4,4.449752461033487e-06,-0.001994315482629544,0.0024940021536121104,-0.002743989188060198,false,not converged
1.625,mixed_mesh_0.05,H,9,0.45,9.634858706827043e-07,-0.002244109659133224,0.0024940021536121104,-0.002743989188060198,false,not converged
1.625,mixed_mesh_0.05,H,10,0.5,2.0771327454599944e-07,-0.0024940021536121104,0.0024940021536121104,-0.002743989188060198,false,not converged
1.625,mixed_mesh_0.05,L,0,-3.503246160812043e-46,1.0,n/a,0.0,n/a,false,not converged
1.63,mixed_mesh_0.025,H,0,0.0,0.5116641474195202,0.0,0.0025211277557364055,-0.002641666123995551,false,not converged
1.63,mixed_mesh_0.025,H,1,0.025,0.2502121926186148,-0.00011955070911222999,0.0025211277557364055,-0.002641666123995551,false,not converged
1.63,mixed_mesh_0.025,H,2,0.05,0.12217910964055488,-0.00023915726503445645,0.0025211277557364055,-0.002641666123995551,false,not converged
1.63,mixed_mesh_0.025,H,3,0.075,0.05957263426350763,-0.00035881916992010123,0.0025211277557364055,-0.002641666123995551,false,not converged
1.63,mixed_mesh_0.025,H,4,0.1,0.02900396165647569,-0.0004785355657904158,0.0025211277557364055,-0.002641666123995551,false,not converged
1.63,mixed_mesh_0.025,H,5,0.125,0.014100351586568326,-0.0005983054743981587,0.0025211277557364055,-0.002641666123995551,false,not converged
1.63,mixed_mesh_0.025,H,6,0.15,0.006844909179304697,-0.0007181278905070373,0.0025211277557364055,-0.002641666123995551,false,not converged
1.63,mixed_mesh_0.025,H,7,0.175,0.0033179881427983465,-0.0008380018156245585,0.0025211277557364055,-0.002641666123995551,false,not converged
1.63,mixed_mesh_0.025,H,8,0.2,0.0016060409135267616,-0.0009579262685332516,0.0025211277557364055,-0.002641666123995551,false,not converged
1.63,mixed_mesh_0.025,H,9,0.225,0.0007762811762779457,-0.0010779002874132877,0.0025211277557364055,-0.002641666123995551,false,not converged
1.63,mixed_mesh_0.025,H,10,0.25,0.00037468721668820065,-0.00119792292931747,0.0025211277557364055,-0.002641666123995551,false,not converged
1.63,mixed_mesh_0.025,H,11,0.275,0.00018059815377249332,-0.0013179932690807914,0.0025211277557364055,-0.002641666123995551,false,not converged
1.63,mixed_mesh_0.025,H,12,0.3,8.692806992082955e-05,-0.0014381103983158883,0.0025211277557364055,-0.002641666123995551,false,not converged
1.63,mixed_mesh_0.025,H,13,0.325,4.1784685807333806e-05,-0.0015582734246302604,0.0025211277557364055,-0.002641666123995551,false,not converged
1.63,mixed_mesh_0.025,H,14,0.35,2.005824855431811e-05,-0.0016784814710411782,0.0025211277557364055,-0.002641666123995551,false,not converged
1.63,mixed_mesh_0.025,H,15,0.375,9.61604078263296e-06,-0.0017987336755318217,0.0025211277557364055,-0.002641666123995551,false,not converged
1.63,mixed_mesh_0.025,H,16,0.4,4.6040060054602285e-06,-0.0019190291906990608,0.0025211277557364055,-0.002641666123995551,false,not converged
1.63,mixed_mesh_0.025,H,17,0.425,2.201510802567263e-06,-0.0020393671834579,0.0025211277557364055,-0.002641666123995551,false,not converged
1.63,mixed_mesh_0.025,H,18,0.45,1.0513814687877628e-06,-0.002159746834780216,0.0025211277557364055,-0.002641666123995551,false,not converged
1.63,mixed_mesh_0.025,H,19,0.475,5.014916326731855e-07,-0.002280167339454294,0.0025211277557364055,-0.002641666123995551,false,not converged
1.63,mixed_mesh_0.025,H,20,0.5,2.389133101936317e-07,-0.0024006279058573264,0.0025211277557364055,-0.002641666123995551,false,not converged
1.63,mixed_mesh_0.025,H,21,0.525,1.1368410521365873e-07,-0.0025211277557364055,0.0025211277557364055,-0.002641666123995551,false,not converged
1.63,mixed_mesh_0.025,L,0,-3.503246160812043e-46,1.0,n/a,0.0,n/a,false,not converged
1.63,mixed_mesh_0.05,H,0,0.0,0.7616522854417495,0.0,0.002397293546615154,-0.002637664376828646,false,not converged
1.63,mixed_mesh_0.05,H,1,0.05,0.18184091559594232,-0.00023913391466483052,0.002397293546615154,-0.002637664376828646,false,not converged
1.63,mixed_mesh_0.05,H,2,0.1,0.04318165607836545,-0.00047841309089840687,0.002397293546615154,-0.002637664376828646,false,not converged
1.63,mixed_mesh_0.05,H,3,0.15,0.010199464276960174,-0.0007178330303099895,0.002397293546615154,-0.002637664376828646,false,not converged
1.63,mixed_mesh_0.05,H,4,0.2,0.002396338856006886,-0.000957388490107838,0.002397293546615154,-0.002637664376828646,false,not converged
1.63,mixed_mesh_0.05,H,5,0.25,0.0005600796083188852,-0.0011970743528962077,0.002397293546615154,-0.002637664376828646,false,not converged
1.63,mixed_mesh_0.05,H,6,0.3,0.00013023574949607374,-0.0014368856997072242,0.002397293546615154,-0.002637664376828646,false,not converged
1.63,mixed_mesh_0.05,H,7,0.35,3.0133192599235637e-05,-0.0016768177913680698,0.002397293546615154,-0.002637664376828646,false,not converged
1.63,mixed_mesh_0.05,H,8,0.4,6.93833593107065e-06,-0.001916866052442262,0.002397293546615154,-0.002637664376828646,false,not converged
1.63,mixed_mesh_0.05,H,9,0.45,1.5901027213105086e-06,-0.00215702606184851,0.002397293546615154,-0.002637664376828646,false,not converged
1.63,mixed_mesh_0.05,H,10,0.5,3.627619090842537e-07,-0.002397293546615154,0.002397293546615154,-0.002637664376828646,false,not converged
1.63,mixed_mesh_0.05,L,0,-3.503246160812043e-46,1.0,n/a,0.0,n/a,false,not converged
1.635,mixed_mesh_0.025,H,0,0.0,0.4971681373309896,0.0,0.00241940723412162,-0.0025351374859664613,false,not converged
1.635,mixed_mesh_0.025,H,1,0.025,0.25037642030525564,-0.00011466989253222258,0.00241940723412162,-0.0025351374859664613,false,not converged
1.635,mixed_mesh_0.025,H,2,0.05,0.12589899505832255,-0.000229399683594641,0.00241940723412162,-0.0025351374859664613,false,not converged
1.635,mixed_mesh_0.025,H,3,0.075,0.06321001406397084,-0.0003441888694245541,0.00241940723412162,-0.0025351374859664613,false,not converged
1.635,mixed_mesh_0.025,H,4,0.1,0.03168717012997233,-0.00045903655071230596,0.00241940723412162,-0.0025351374859664613,false,not converged
1.635,mixed_mesh_0.025,H,5,0.125,0.0158604811278228,-0.000573941688339347,0.00241940723412162,-0.0025351374859664613,false,not converged
1.635,mixed_mesh_0.025,H,6,0.15,0.0079266130626851,-0.000688903207247436,0.00241940723412162,-0.0025351374859664613,false,not converged
1.635,mixed_mesh_0.025,H,7,0.175,0.003955503088733588,-0.0008039200360768057,0.00241940723412162,-0.0025351374859664613,false,not converged
1.635,mixed_mesh_0.025,H,8,0.2,0.0019708971952976904,-0.000918991120588907,0.00241940723412162,-0.0025351374859664613,false,not converged
1.635,mixed_mesh_0.025,H,9,0.225,0.0009805745923526005,-0.0010341154270168454,0.00241940723412162,-0.0025351374859664613,false,not converged
1.635,mixed_mesh_0.025,H,10,0.25,0.0004871454607800134,-0.0011492919419495446,0.00241940723412162,-0.0025351374859664613,false,not converged
1.635,mixed_mesh_0.025,H,11,0.275,0.00024166043684950645,-0.0012645196712941136,0.00241940723412162,-0.0025351374859664613,false,not converged
1.635,mixed_mesh_0.025,H,12,0.3,0.00011970969277746341,-0.0013797976391955059,0.00241940723412162,-0.0025351374859664613,false,not converged
1.635,mixed_mesh_0.025,H,13,0.325,5.921589991654823e-05,-0.0014951248871498575,0.00241940723412162,-0.0025351374859664613,false,not converged
1.635,mixed_mesh_0.025,H,14,0.35,2.9251041811450486e-05,-0.0016105004733251854,0.00241940723412162,-0.0025351374859664613,false,not converged
1.635,mixed_mesh_0.025,H,15,0.375,1.4429369063424746e-05,-0.0017259234720427164,0.00241940723412162,-0.0025351374859664613,false,not converged
1.635,mixed_mesh_0.025,H,16,0.4,7.1082973446255125e-06,-0.0018413929733681915,0.00241940723412162,-0.0025351374859664613,false,not converged
1.635,mixed_mesh_0.025,H,17,0.425,3.497079517895078e-06,-0.0019569080827739798,0.00241940723412162,-0.0025351374859664613,false,not converged
1.635,mixed_mesh_0.025,H,18,0.45,1.7182117889707913e-06,-0.0020724679208453936,0.00241940723412162,-0.0025351374859664613,false,not converged
1.635,mixed_mesh_0.025,H,19,0.475,8.431189640262144e-07,-0.0021880716230143465,0.00241940723412162,-0.0025351374859664613,false,not converged
1.635,mixed_mesh_0.025,H,20,0.5,4.131919015160969e-07,-0.002303718339310177,0.00241940723412162,-0.0025351374859664613,false,not converged
1.635,mixed_mesh_0.025,H,21,0.525,2.022438817803815e-07,-0.00241940723412162,0.00241940723412162,-0.0025351374859664613,false,not converged
1.635,mixed_mesh_0.025,L,0,-3.503246160812043e-46,1.0,n/a,0.0,n/a,false,not converged
1.635,mixed_mesh_0.05,H,0,0.0,0.7472918800666544,0.0,0.002531015558437457,-0.0027618551348268117,false,not converged
1.635,mixed_mesh_0.05,H,1,0.05,0.18920190523810015,-0.00022937663328329613,0.002531015558437457,-0.0027618551348268117,false,not converged
1.635,mixed_mesh_0.05,H,2,0.1,0.047635557946365245,-0.00045891220790572574,0.002531015558437457,-0.0027618551348268117,false,not converged
1.635,mixed_mesh_0.05,H,3,0.15,0.011926261194866986,-0.0006886018907229416,0.002531015558437457,-0.0027618551348268117,false,not converged
1.635,mixed_mesh_0.05,H,4,0.2,0.0029693926007680308,-0.0009184399611984109,0.002531015558437457,-0.0027618551348268117,false,not converged
1.635,mixed_mesh_0.05,H,5,0.25,0.0007352929479571057,-0.0011484208130175134,0.002531015558437457,-0.0027618551348268117,false,not converged
1.635,mixed_mesh_0.05,H,6,0.3,0.00018110600714895588,-0.0013785390558430175,0.002531015558437457,-0.0027618551348268117,false,not converged
1.635,mixed_mesh_0.05,H,7,0.35,4.437546257304995e-05,-0.0016087894983828647,0.002531015558437457,-0.0027618551348268117,false,not converged
1.635,mixed_mesh_0.05,H,8,0.4,1.0818172606982107e-05,-0.0018391671301139076,0.002531015558437457,-0.0027618551348268117,false,not converged
1.635,mixed_mesh_0.05,H,9,0.45,2.624418977811743e-06,-0.002069667110194461,0.002531015558437457,-0.0027618551348268117,false,not converged
1.635,mixed_mesh_0.05,H,10,0.5,6.336517130042428e-07,-0.0023002847602036323,0.002531015558437457,-0.0027618551348268117,false,not converged
1.635,mixed_mesh_0.05,H,11,0.55,1.5229226837628286e-07,-0.002531015558437457,0.002531015558437457,-0.0027618551348268117,false,not converged
1.635,mixed_mesh_0.05,L,0,-3.503246160812043e-46,1.0,n/a,0.0,n/a,false,not converged
1.64,mixed_mesh_0.025,H,0,0.0,0.4821913062633871,0.0,0.0024282999076027986,-0.002539255111606846,false,not converged
1.64,mixed_mesh_0.025,H,1,0.025,0.2501076697956535,-0.0001097710962437862,0.0024282999076027986,-0.002539255111606846,false,not converged
1.64,mixed_mesh_0.025,H,2,0.05,0.1295225261863136,-0.00021960654705433045,0.0024282999076027986,-0.002539255111606846,false,not converged
1.64,mixed_mesh_0.025,H,3,0.075,0.06696842052572277,-0.0003295058455916448,0.0024282999076027986,-0.002539255111606846,false,not converged
1.64,mixed_mesh_0.025,H,4,0.1,0.034570069433010824,-0.00043946805044253463,0.0024282999076027986,-0.002539255111606846,false,not converged
1.64,mixed_mesh_0.025,H,5,0.125,0.017817108474613232,-0.0005494920578993454,0.0024282999076027986,-0.002539255111606846,false,not converged
1.64,mixed_mesh_0.025,H,6,0.15,0.00916819985608909,-0.0006595767173974208,0.0024282999076027986,-0.002539255111606846,false,not converged
1.64,mixed_mesh_0.025,H,7,0.175,0.00471026423354347,-0.0007697208779165435,0.0024282999076027986,-0.002539255111606846,false,not converged
1.64,mixed_mesh_0.025,H,8,0.2,0.002416163908761649,-0.0008799234048990135,0.0024282999076027986,-0.002539255111606846,false,not converged
1.64,mixed_mesh_0.025,H,9,0.225,0.0012374677824884088,-0.000990183185194525,0.0024282999076027986,-0.002539255111606846,false,not converged
1.64,mixed_mesh_0.025,H,10,0.25,0.0006328124124905458,-0.0011004991275482918,0.0024282999076027986,-0.002539255111606846,false,not converged
1.64,mixed_mesh_0.025,H,11,0.275,0.0003231152528448478,-0.0012108701617038753,0.0024282999076027986,-0.002539255111606846,false,not converged
1.64,mixed_mesh_0.025,H,12,0.3,0.00016473641918860504,-0.001321295237275629,0.0024282999076027986,-0.002539255111606846,false,not converged
1.64,mixed_mesh_0.025,H,13,0.325,8.386489541983109e-05,-0.001431773322758221,0.0024282999076027986,-0.002539255111606846,false,not converged
1.64,mixed_mesh_0.025,H,14,0.35,4.263225592757869e-05,-0.0015423034047419076,0.0024282999076027986,-0.002539255111606846,false,not converged
1.64,mixed_mesh_0.025,H,15,0.375,2.1640800594518637e-05,-0.0016528844873052667,0.0024282999076027986,-0.002539255111606846,false,not converged
1.64,mixed_mesh_0.025,H,16,0.4,1.096970304124698e-05,-0.0017635155915374356,0.0024282999076027986,-0.002539255111606846,false,not converged
1.64,mixed_mesh_0.025,H,17,0.425,5.552809757052644e-06,-0.00187419575514764,0.0024282999076027986,-0.002539255111606846,false,not converged
1.64,mixed_mesh_0.025,H,18,0.45,2.806965626879697e-06,-0.00198492403213121,0.0024282999076027986,-0.002539255111606846,false,not converged
1.64,mixed_mesh_0.025,H,19,0.475,1.4170262669421805e-06,-0.002095699492471458,0.0024282999076027986,-0.002539255111606846,false,not converged
1.64,mixed_mesh_0.025,H,20,0.5,7.144065723747297e-07,-0.0022065212218643753,0.0024282999076027986,-0.002539255111606846,false,not converged
1.64,mixed_mesh_0.025,H,21,0.525,3.5970793197475513e-07,-0.002317388321458164,0.0024282999076027986,-0.002539255111606846,false,not converged
1.64,mixed_mesh_0.025,H,22,0.55,1.8088475409113238e-07,-0.0024282999076027986,0.0024282999076027986,-0.002539255111606846,false,not converged
1.64,mixed_mesh_0.025,L,0,-3.503246160812043e-46,1.0,n/a,0.0,n/a,false,not converged
1.64,mixed_mesh_0.05,H,0,0.0,0.7320138536648302,0.0,0.002424056501482188,-0.0026452448063581015,false,not converged
1.64,mixed_mesh_0.05,H,1,0.05,0.19658677448804726,-0.00021958395566402022,0.002424056501482188,-0.0026452448063581015,false,not converged
1.64,mixed_mesh_0.05,H,2,0.1,0.05248683810598974,-0.00043934210273909166,0.002424056501482188,-0.0026452448063581015,false,not converged
1.64,mixed_mesh_0.05,H,3,0.15,0.013931682617745507,-0.0006592692521737338,0.002424056501482188,-0.0026452448063581015,false,not converged
1.64,mixed_mesh_0.05,H,4,0.2,0.0036765224146512164,-0.0008793591571373848,0.002424056501482188,-0.0026452448063581015,false,not converged
1.64,mixed_mesh_0.05,H,5,0.25,0.0009646993873187048,-0.001099605666079217,0.002424056501482188,-0.0026452448063581015,false,not converged
1.64,mixed_mesh_0.05,H,6,0.3,0.0002517214271485064,-0.0013200028614041544,0.002424056501482188,-0.0026452448063581015,false,not converged
1.64,mixed_mesh_0.05,H,7,0.35,6.53254137382694e-05,-0.0015405450461897533,0.002424056501482188,-0.0026452448063581015,false,not converged
1.64,mixed_mesh_0.05,H,8,0.4,1.6863361728202456e-05,-0.0017612267236809488,0.002424056501482188,-0.0026452448063581015,false,not converged
1.64,mixed_mesh_0.05,H,9,0.45,4.330882980438448e-06,-0.001982042584172735,0.002424056501482188,-0.0026452448063581015,false,not converged
1.64,mixed_mesh_0.05,H,10,0.5,1.1067567014194305e-06,-0.0022029874964895387,0.002424056501482188,-0.0026452448063581015,false,not converged
1.64,mixed_mesh_0.05,H,11,0.55,2.8147912038865306e-07,-0.002424056501482188,0.002424056501482188,-0.0026452448063581015,false,not converged
1.64,mixed_mesh_0.05,L,0,-3.503246160812043e-46,1.0,n/a,0.0,n/a,false,not converged
1.645,mixed_mesh_0.025,H,0,0.0,0.46671812786035727,0.0,0.0024272992154073577,-0.0025334758915637433,false,not converged
1.645,mixed_mesh_0.025,H,1,0.025,0.24936228820989112,-0.00010485444621956795,0.0024272992154073577,-0.0025334758915637433,false,not converged
1.645,mixed_mesh_0.025,H,2,0.05,0.1330110104120837,-0.00020977816403916678,0.0024272992154073577,-0.0025334758915637433,false,not converged
1.645,mixed_mesh_0.025,H,3,0.075,0.07083054634385244,-0.0003147706471449199,0.0024272992154073577,-0.0025334758915637433,false,not converged
1.645,mixed_mesh_0.025,H,4,0.1,0.03765551357292822,-0.00041983091163679356,0.0024272992154073577,-0.0025334758915637433,false,not converged
1.645,mixed_mesh_0.025,H,5,0.125,0.01998539801143838,-0.0005249577854586651,0.0024272992154073577,-0.0025334758915637433,false,not converged
1.645,mixed_mesh_0.025,H,6,0.15,0.01058952294378776,-0.0006301500364247225,0.0024272992154073577,-0.0025334758915637433,false,not converged
1.645,mixed_mesh_0.025,H,7,0.175,0.0056017527760410454,-0.0007354064263355763,0.0024272992154073577,-0.0025334758915637433,false,not converged
1.645,mixed_mesh_0.025,H,8,0.2,0.002958429144725025,-0.0008407257320974448,0.0024272992154073577,-0.0025334758915637433,false,not converged
1.645,mixed_mesh_0.025,H,9,0.225,0.001559892914365559,-0.0009461067527141626,0.0024272992154073577,-0.0025334758915637433,false,not converged
1.645,mixed_mesh_0.025,H,10,0.25,0.0008211684228278091,-0.00105154831063594,0.0024272992154073577,-0.0025334758915637433,false,not converged
1.645,mixed_mesh_0.025,H,11,0.275,0.00043160020876800964,-0.0011570492511294396,0.0024272992154073577,-0.0025334758915637433,false,not converged
1.645,mixed_mesh_0.025,H,12,0.3,0.00022649136418964895,-0.0012626084411532816,0.0024272992154073577,-0.0025334758915637433,false,not converged
1.645,mixed_mesh_0.025,H,13,0.325,0.00011867284174112472,-0.0013682247682738347,0.0024272992154073577,-0.0025334758915637433,false,not converged
1.645,mixed_mesh_0.025,H,14,0.35,6.208550301368757e-05,-0.001473897139766961,0.0024272992154073577,-0.0025334758915637433,false,not converged
1.645,mixed_mesh_0.025,H,15,0.375,3.2432320526034544e-05,-0.0015796244819078946,0.0024272992154073577,-0.0025334758915637433,false,not converged
1.645,mixed_mesh_0.025,H,16,0.4,1.691705852919566e-05,-0.00168540573940976,0.0024272992154073577,-0.0025334758915637433,false,not converged
1.645,mixed_mesh_0.025,H,17,0.425,8.811319640553147e-06,-0.0017912398749678551,0.0024272992154073577,-0.0025334758915637433,false,not converged
1.645,mixed_mesh_0.025,H,18,0.45,4.582861966322091e-06,-0.0018971258688752282,0.0024272992154073577,-0.0025334758915637433,false,not converged
1.645,mixed_mesh_0.025,H,19,0.475,2.3802517433637124e-06,-0.0020030627186849803,0.0024272992154073577,-0.0025334758915637433,false,not converged
1.645,mixed_mesh_0.025,H,20,0.5,1.234553697600434e-06,-0.002109049438902919,0.0024272992154073577,-0.0025334758915637433,false,not converged
1.645,mixed_mesh_0.025,H,21,0.525,6.394532700795356e-07,-0.002215085060700086,0.0024272992154073577,-0.0025334758915637433,false,not converged
1.645,mixed_mesh_0.025,H,22,0.55,3.3077309925173407e-07,-0.0023211686316386704,0.0024272992154073577,-0.0025334758915637433,false,not converged
1.645,mixed_mesh_0.025,H,23,0.575,1.70877516820205e-07,-0.0024272992154073577,0.0024272992154073577,-0.0025334758915637433,false,not converged
1.645,mixed_mesh_0.025,L,0,-3.503246160812043e-46,1.0,n/a,0.0,n/a,false,not converged
1.645,mixed_mesh_0.05,H,0,0.0,0.7157581775290077,0.0,0.00252832183835742,-0.0027399667793726393,false,not converged
1.645,mixed_mesh_0.05,H,1,0.05,0.20393908916852174,-0.00020975621939834147,0.00252832183835742,-0.0027399667793726393,false,not converged
1.645,mixed_mesh_0.05,H,2,0.1,0.05775352910723004,-0.00041970368371168796,0.00252832183835742,-0.0027399667793726393,false,not converged
1.645,mixed_mesh_0.05,H,3,0.15,0.016255315533186446,-0.0006298368271051677,0.00252832183835742,-0.0027399667793726393,false,not converged
1.645,mixed_mesh_0.05,H,4,0.2,0.004547524208114577,-0.000840148822812027,0.00252832183835742,-0.0027399667793726393,false,not converged
1.645,mixed_mesh_0.05,H,5,0.25,0.0012646184517757584,-0.0010506329099050117,0.00252832183835742,-0.0027399667793726393,false,not converged
1.645,mixed_mesh_0.05,H,6,0.3,0.000349625680362315,-0.0012612825791247272,0.00252832183835742,-0.0027399667793726393,false,not converged
1.645,mixed_mesh_0.05,H,7,0.35,9.611020738332599e-05,-0.0014720915660726835,0.00252832183835742,-0.0027399667793726393,false,not converged
1.645,mixed_mesh_0.05,H,8,0.4,2.6274066161665623e-05,-0.0016830538286781837,0.00252832183835742,-0.0027399667793726393,false,not converged
1.645,mixed_mesh_0.05,H,9,0.45,7.144143952554888e-06,-0.0018941635317064809,0.00252832183835742,-0.0027399667793726393,false,not converged
1.645,mixed_mesh_0.05,H,10,0.5,1.9324788946726213e-06,-0.0021054150366719444,0.00252832183835742,-0.0027399667793726393,false,not converged
1.645,mixed_mesh_0.05,H,11,0.55,5.20115015533295e-07,-0.002316802894341453,0.00252832183835742,-0.0027399667793726393,false,not converged
1.645,mixed_mesh_0.05,H,12,0.6,1.3931039348117577e-07,-0.00252832183835742,0.00252832183835742,-0.0027399667793726393,false,not converged
1.645,mixed_mesh_0.05,L,0,-3.503246160812043e-46,1.0,n/a,0.0,n/a,false,not converged
1.65,mixed_mesh_0.025,H,0,0.0,0.45073286126176354,0.0,0.0024164076276059435,-0.002517804619214135,false,not converged
1.65,mixed_mesh_0.025,H,1,0.025,0.24809328689313603,-9.992005456068516e-05,0.0024164076276059435,-0.002517804619214135,false,not converged
1.65,mixed_mesh_0.025,H,2,0.05,0.13631995998664695,-0.00019991482629959693,0.0024164076276059435,-0.002517804619214135,false,not converged
1.65,mixed_mesh_0.025,H,3,0.075,0.07477348885039037,-0.0002999838139822026,0.0024164076276059435,-0.002517804619214135,false,not converged
1.65,mixed_mesh_0.025,H,4,0.1,0.040942860988377155,-0.00040012599137493037,0.0024164076276059435,-0.002517804619214135,false,not converged
1.65,mixed_mesh_0.025,H,5,0.125,0.02237959616069615,-0.0005003401143583368,0.0024164076276059435,-0.002517804619214135,false,not converged
1.65,mixed_mesh_0.025,H,6,0.15,0.012211610992281486,-0.0006006248625935644,0.0024164076276059435,-0.002517804619214135,false,not converged
1.65,mixed_mesh_0.025,H,7,0.175,0.0066518893781353184,-0.0007009789023996104,0.0024164076276059435,-0.002517804619214135,false,not converged
1.65,mixed_mesh_0.025,H,8,0.2,0.0036172150983034353,-0.0008014009128927599,0.0024164076276059435,-0.002517804619214135,false,not converged
1.65,mixed_mesh_0.025,H,9,0.225,0.0019636669573995322,-0.0009018895955801658,0.0024164076276059435,-0.002517804619214135,false,not converged
1.65,mixed_mesh_0.025,H,10,0.25,0.0010642245094250134,-0.00100244367690346,0.0024164076276059435,-0.002517804619214135,false,not converged
1.65,mixed_mesh_0.025,H,11,0.275,0.000575809782992789,-0.0011030619080550216,0.0024164076276059435,-0.002517804619214135,false,not converged
1.65,mixed_mesh_0.025,H,12,0.3,0.0003110385249583386,-0.0012037430639380044,0.0024164076276059435,-0.002517804619214135,false,not converged
1.65,mixed_mesh_0.025,H,13,0.325,0.00016774445492222562,-0.0013044859420146653,0.0024164076276059435,-0.002517804619214135,false,not converged
1.65,mixed_mesh_0.025,H,14,0.35,9.032144784010966e-05,-0.0014052893612931314,0.0024164076276059435,-0.002517804619214135,false,not converged
1.65,mixed_mesh_0.025,H,15,0.375,4.855707940595582e-05,-0.001506152161501303,0.0024164076276059435,-0.002517804619214135,false,not converged
1.65,mixed_mesh_0.025,H,16,0.4,2.6064156223130227e-05,-0.0016070732024254615,0.0024164076276059435,-0.002517804619214135,false,not converged
1.65,mixed_mesh_0.025,H,17,0.425,1.3969310046890737e-05,-0.001708051363374037,0.0024164076276059435,-0.002517804619214135,false,not converged
1.65,mixed_mesh_0.025,H,18,0.45,7.4757940559579085e-06,-0.001809085542729909,0.0024164076276059435,-0.002517804619214135,false,not converged
1.65,mixed_mesh_0.025,H,19,0.475,3.9948625917922545e-06,-0.0019101746575628598,0.0024164076276059435,-0.002517804619214135,false,not converged
1.65,mixed_mesh_0.025,H,20,0.5,2.1316685516280353e-06,-0.002011317643282235,0.0024164076276059435,-0.002517804619214135,false,not converged
1.65,mixed_mesh_0.025,H,21,0.525,1.1358528634675914e-06,-0.002112513453316341,0.0024164076276059435,-0.002517804619214135,false,not converged
1.65,mixed_mesh_0.025,H,22,0.55,6.04394281691095e-07,-0.00221376105880991,0.0024164076276059435,-0.002517804619214135,false,not converged
1.65,mixed_mesh_0.025,H,23,0.575,3.21163229625916e-07,-0.0023150594483341506,0.0024164076276059435,-0.002517804619214135,false,not converged
1.65,mixed_mesh_0.025,H,24,0.6,1.7043148135778256e-07,-0.0024164076276059435,0.0024164076276059435,-0.002517804619214135,false,not converged
1.65,mixed_mesh_0.025,L,0,-3.503246160812043e-46,1.0,n/a,0.0,n/a,false,not converged
1.65,mixed_mesh_0.05,H,0,0.0,0.6984615364489735,0.0,0.0024111070052344665,-0.002613080212433321,false,not converged
1.65,mixed_mesh_0.05,H,1,0.05,0.21119101032602913,-0.00019989374996945192,0.0024111070052344665,-0.002613080212433321,false,not converged
1.65,mixed_mesh_0.05,H,2,0.1,0.06344922765787116,-0.0003999978776246544,0.0024111070052344665,-0.002613080212433321,false,not converged
1.65,mixed_mesh_0.05,H,3,0.15,0.018940393898197468,-0.0006003064203904691,0.0024111070052344665,-0.002613080212433321,false,not converged
1.65,mixed_mesh_0.05,H,4,0.2,0.005618078266252703,-0.0008008119124155435,0.0024111070052344665,-0.002613080212433321,false,not converged
1.65,mixed_mesh_0.05,H,5,0.25,0.0016560229900787489,-0.0010015069101965224,0.0024111070052344665,-0.002613080212433321,false,not converged
1.65,mixed_mesh_0.05,H,6,0.3,0.00048515608236502684,-0.001202384238264971,0.0024111070052344665,-0.002613080212433321,false,not converged
1.65,mixed_mesh_0.05,H,7,0.35,0.00014128597263742408,-0.0014034369928780828,0.0024111070052344665,-0.002613080212433321,false,not converged
1.65,mixed_mesh_0.05,H,8,0.4,4.090642070220716e-05,-0.0016046585180123953,0.0024111070052344665,-0.002613080212433321,false,not converged
1.65,mixed_mesh_0.05,H,9,0.45,1.1777030958286152e-05,-0.001806042387167227,0.0024111070052344665,-0.002613080212433321,false,not converged
1.65,mixed_mesh_0.05,H,10,0.5,3.372191607988472e-06,-0.002007582391338839,0.0024111070052344665,-0.002613080212433321,false,not converged
1.65,mixed_mesh_0.05,H,11,0.55,9.60512366794824e-07,-0.002209272530275492,0.0024111070052344665,-0.002613080212433321,false,not converged
1.65,mixed_mesh_0.05,H,12,0.6,2.7220195954329405e-07,-0.0024111070052344665,0.0024111070052344665,-0.002613080212433321,false,not converged
1.65,mixed_mesh_0.05,L,0,-3.503246160812043e-46,1.0,n/a,0.0,n/a,false,not converged
1.655,mixed_mesh_0.025,H,0,0.0,0.43421973979882544,0.0,0.0023956388913747694,-0.002492257803933884,false,not converged
1.655,mixed_mesh_0.025,H,1,0.025,0.24625021781783585,-9.49680152780719e-05,0.0023956388913747694,-0.002492257803933884,false,not converged
1.655,mixed_mesh_0.025,H,2,0.05,0.13939843785180314,-0.0001900168027379628,0.0023956388913747694,-0.002492257803933884,false,not converged
1.655,mixed_mesh_0.025,H,3,0.075,0.07876769432336443,-0.00028514587195894916,0.0023956388913747694,-0.002492257803933884,false,not converged
1.655,mixed_mesh_0.025,H,4,0.1,0.04442686292997618,-0.0003803541552544589,0.0023956388913747694,-0.002492257803933884,false,not converged
1.655,mixed_mesh_0.025,H,5,0.125,0.025012178048758472,-0.0004756403328932818,0.0023956388913747694,-0.002492257803933884,false,not converged
1.655,mixed_mesh_0.025,H,6,0.15,0.014056230453133948,-0.0005710029894710599,0.0023956388913747694,-0.002492257803933884,false,not converged
1.655,mixed_mesh_0.025,H,7,0.175,0.00788501463062796,-0.0006664406866887648,0.0023956388913747694,-0.002492257803933884,false,not converged
1.655,mixed_mesh_0.025,H,8,0.2,0.004415282662754294,-0.000761951995455471,0.0023956388913747694,-0.002492257803933884,false,not converged
1.655,mixed_mesh_0.025,H,9,0.225,0.0024679937682349764,-0.0008575355087568847,0.0023956388913747694,-0.002492257803933884,false,not converged
1.655,mixed_mesh_0.025,H,10,0.25,0.0013771054198867235,-0.0009531898458240663,0.0023956388913747694,-0.002492257803933884,false,not converged
1.655,mixed_mesh_0.025,H,11,0.275,0.0007670729573443925,-0.0010489136526434075,0.0023956388913747694,-0.002492257803933884,false,not converged
1.655,mixed_mesh_0.025,H,12,0.3,0.0004265420938796373,-0.0011447056011265897,0.0023956388913747694,-0.002492257803933884,false,not converged
1.655,mixed_mesh_0.025,H,13,0.325,0.00023678421924485323,-0.0012405643879428363,0.0023956388913747694,-0.002492257803933884,false,not converged
1.655,mixed_mesh_0.025,H,14,0.35,0.00013122590298288183,-0.0013364887334013798,0.0023956388913747694,-0.002492257803933884,false,not converged
1.655,mixed_mesh_0.025,H,15,0.375,7.260608525165127e-05,-0.0014324773805004503,0.0023956388913747694,-0.002492257803933884,false,not converged
1.655,mixed_mesh_0.025,H,16,0.4,4.010736089814476e-05,-0.001528529094149511,0.0023956388913747694,-0.002492257803933884,false,not converged
1.655,mixed_mesh_0.025,H,17,0.425,2.2119942058014618e-05,-0.001624642660534894,0.0023956388913747694,-0.002492257803933884,false,not converged
1.655,mixed_mesh_0.025,H,18,0.45,1.218047255245747e-05,-0.001720816886592852,0.0023956388913747694,-0.002492257803933884,false,not converged
1.655,mixed_mesh_0.025,H,19,0.475,6.6969355437066746e-06,-0.0018170505995589196,0.0023956388913747694,-0.002492257803933884,false,not converged
1.655,mixed_mesh_0.025,H,20,0.5,3.6764750684158335e-06,-0.0019133426465699262,0.0023956388913747694,-0.002492257803933884,false,not converged
1.655,mixed_mesh_0.025,H,21,0.525,2.0153126851991575e-06,-0.002009691894301951,0.0023956388913747694,-0.002492257803933884,false,not converged
1.655,mixed_mesh_0.025,H,22,0.55,1.1031140040229671e-06,-0.0021060972286327737,0.0023956388913747694,-0.002492257803933884,false,not converged
1.655,mixed_mesh_0.025,H,23,0.575,6.029445468491524e-07,-0.002202557554321449,0.0023956388913747694,-0.002492257803933884,false,not converged
1.655,mixed_mesh_0.025,H,24,0.6,3.290979911563875e-07,-0.0022990717947000746,0.0023956388913747694,-0.002492257803933884,false,not converged
1.655,mixed_mesh_0.025,H,25,0.625,1.793807472780344e-07,-0.0023956388913747694,0.0023956388913747694,-0.002492257803933884,false,not converged
1.655,mixed_mesh_0.025,L,0,-3.503246160812043e-46,1.0,n/a,0.0,n/a,false,not converged
1.655,mixed_mesh_0.05,H,0,0.0,0.6800567220081304,0.0,0.002485916068746631,-0.0026783547435956477,false,not converged
1.655,mixed_mesh_0.05,H,1,0.05,0.2182613767286181,-0.00018999685736664947,0.002485916068746631,-0.0026783547435956477,false,not converged
1.655,mixed_mesh_0.05,H,2,0.1,0.06958105628052488,-0.0003802256378335877,0.002485916068746631,-0.0026783547435956477,false,not converged
1.655,mixed_mesh_0.05,H,3,0.15,0.022033321025834152,-0.0005706799640995798,0.002485916068746631,-0.0026783547435956477,false,not converged
1.655,mixed_mesh_0.05,H,4,0.2,0.006930562371208161,-0.0007613516663336323,0.002485916068746631,-0.0026783547435956477,false,not converged
1.655,mixed_mesh_0.05,H,5,0.25,0.002165717729405869,-0.0009522325348609931,0.002485916068746631,-0.0026783547435956477,false,not converged
1.655,mixed_mesh_0.05,H,6,0.3,0.0006724179215746253,-0.001143314641395679,0.002485916068746631,-0.0026783547435956477,false,not converged
1.655,mixed_mesh_0.05,H,7,0.35,0.0002074673223884997,-0.0013345903588533048,0.002485916068746631,-0.0026783547435956477,false,not converged
1.655,mixed_mesh_0.05,H,8,0.4,6.362224591862304e-05,-0.0015260523369851325,0.002485916068746631,-0.0026783547435956477,false,not converged
1.655,mixed_mesh_0.05,H,9,0.45,1.9395364416386407e-05,-0.0017176934812243366,0.002485916068746631,-0.0026783547435956477,false,not converged
1.655,mixed_mesh_0.05,H,10,0.5,5.878962466636521e-06,-0.0019095069382817145,0.002485916068746631,-0.0026783547435956477,false,not converged
1.655,mixed_mesh_0.05,H,11,0.55,1.7721623756763731e-06,-0.002101486085819457,0.002485916068746631,-0.0026783547435956477,false,not converged
1.655,mixed_mesh_0.05,H,12,0.6,5.313661128734253e-07,-0.0022936245241267656,0.002485916068746631,-0.0026783547435956477,false,not converged
1.655,mixed_mesh_0.05,H,13,0.65,1.5851102512944333e-07,-0.002485916068746631,0.002485916068746631,-0.0026783547435956477,false,not converged
1.655,mixed_mesh_0.05,L,0,-3.503246160812043e-46,1.0,n/a,0.0,n/a,false,not converged
1.66,mixed_mesh_0.025,H,0,0.0,0.4171631111966312,0.0,0.002456866608119033,-0.002548766424896109,false,not converged
1.66,mixed_mesh_0.025,H,1,0.025,0.2437790251388982,-8.999839830828136e-05,0.002456866608119033,-0.002548766424896109,false,not converged
1.66,mixed_mesh_0.025,H,2,0.05,0.14218832704713733,-0.0001800843309339319,0.002456866608119033,-0.002548766424896109,false,not converged
1.66,mixed_mesh_0.025,H,3,0.075,0.08277572798880299,-0.0002702573254825,0.002456866608119033,-0.002548766424896109,false,not converged
1.66,mixed_mesh_0.025,H,4,0.1,0.0480962924213499,-0.0003605162746752456,0.002456866608119033,-0.002548766424896109,false,not converged
1.66,mixed_mesh_0.025,H,5,0.125,0.02789270555492381,-0.00045085977996292244,0.002456866608119033,-0.002548766424896109,false,not converged
1.66,mixed_mesh_0.025,H,6,0.15,0.016145194167355232,-0.00054128632365848,0.002456866608119033,-0.002548766424896109,false,not converged
1.66,mixed_mesh_0.025,H,7,0.175,0.00932769564488544,-0.0006317943528443104,0.002456866608119033,-0.002548766424896109,false,not converged
1.66,mixed_mesh_0.025,H,8,0.2,0.00537885953456739,-0.0007223823185141757,0.002456866608119033,-0.002548766424896109,false,not converged
1.66,mixed_mesh_0.025,H,9,0.225,0.003095980366683875,-0.0008130486925270286,0.002456866608119033,-0.002548766424896109,false,not converged
1.66,mixed_mesh_0.025,H,10,0.25,0.0017787163940682236,-0.0009037919739485548,0.002456866608119033,-0.002548766424896109,false,not converged
1.66,mixed_mesh_0.025,H,11,0.275,0.0010200580084026884,-0.000994610690591309,0.002456866608119033,-0.002548766424896109,false,not converged
1.66,mixed_mesh_0.025,H,12,0.3,0.0005839322643855502,-0.0010855033985808244,0.002456866608119033,-0.002548766424896109,false,not converged
1.66,mixed_mesh_0.025,H,13,0.325,0.0003336797487031071,-0.001176468681260744,0.002456866608119033,-0.002548766424896109,false,not converged
1.66,mixed_mesh_0.025,H,14,0.35,0.00019034338756361119,-0.0012675051480022488,0.002456866608119033,-0.002548766424896109,false,not converged
1.66,mixed_mesh_0.025,H,15,0.375,0.00010839206240441395,-0.0013586114331283986,0.002456866608119033,-0.002548766424896109,false,not converged
1.66,mixed_mesh_0.025,H,16,0.4,6.161981614298403e-05,-0.0014497861950058888,0.002456866608119033,-0.002548766424896109,false,not converged
1.66,mixed_mesh_0.025,H,17,0.425,3.4971825469942645e-05,-0.0015410281152935176,0.002456866608119033,-0.002548766424896109,false,not converged
1.66,mixed_mesh_0.025,H,18,0.45,1.9815414311954305e-05,-0.0016323358983169802,0.002456866608119033,-0.002548766424896109,false,not converged
1.66,mixed_mesh_0.025,H,19,0.475,1.12095220577042e-05,-0.0017237082705382593,0.002456866608119033,-0.002548766424896109,false,not converged
1.66,mixed_mesh_0.025,H,20,0.5,6.331146751264435e-06,-0.0018151439800929894,0.002456866608119033,-0.002548766424896109,false,not converged
1.66,mixed_mesh_0.025,H,21,0.525,3.5702725090481873e-06,-0.0019066417963756101,0.002456866608119033,-0.002548766424896109,false,not converged
1.66,mixed_mesh_0.025,H,22,0.55,2.0102796201700836e-06,-0.0019982005096578492,0.002456866608119033,-0.002548766424896109,false,not converged
1.66,mixed_mesh_0.025,H,23,0.575,1.1302125923100436e-06,-0.0020898189307306143,0.002456866608119033,-0.002548766424896109,false,not converged
1.66,mixed_mesh_0.025,H,24,0.6,6.344900794292176e-07,-0.0021814958905625615,0.002456866608119033,-0.002548766424896109,false,not converged
1.66,mixed_mesh_0.025,H,25,0.625,3.556829014805453e-07,-0.0022732302399709747,0.002456866608119033,-0.002548766424896109,false,not converged
1.66,mixed_mesh_0.025,H,26,0.65,1.9910721148876015e-07,-0.002365020849302093,0.002456866608119033,-0.002548766424896109,false,not converged
1.66,mixed_mesh_0.025,H,27,0.675,1.1130358925392373e-07,-0.002456866608119033,0.002456866608119033,-0.002548766424896109,false,not converged
1.66,mixed_mesh_0.025,L,0,-3.503246160812043e-46,1.0,n/a,0.0,n/a,false,not converged
1.66,mixed_mesh_0.05,H,0,0.0,0.6604731731585564,0.0,0.0025412742613615015,-0.0027241978789696152,false,not converged
1.66,mixed_mesh_0.05,H,1,0.05,0.22505387456968518,-0.00018006582805206743,0.0025412742613615015,-0.0027241978789696152,false,not converged
1.66,mixed_mesh_0.05,H,2,0.1,0.07614716484476695,-0.0003603879385274274,0.0025412742613615015,-0.0027241978789696152,false,not converged
1.66,mixed_mesh_0.05,H,3,0.15,0.025582784708587557,-0.0005409595247345285,0.0025412742613615015,-0.0027241978789696152,false,not converged
1.66,mixed_mesh_0.05,H,4,0.2,0.008534809036582483,-0.0007217716420539655,0.0025412742613615015,-0.0027241978789696152,false,not converged
1.66,mixed_mesh_0.05,H,5,0.25,0.002827734756469679,-0.0009028152191002852,0.0025412742613615015,-0.0027241978789696152,false,not converged
1.66,mixed_mesh_0.05,H,6,0.3,0.000930559587003956,-0.001084081473743859,0.0025412742613615015,-0.0027241978789696152,false,not converged
1.66,mixed_mesh_0.05,H,7,0.35,0.0003042163535737296,-0.0012655619568003812,0.0025412742613615015,-0.0027241978789696152,false,not converged
1.66,mixed_mesh_0.05,H,8,0.4,9.881738860339156e-05,-0.001447248529277547,0.0025412742613615015,-0.0027241978789696152,false,not converged
1.66,mixed_mesh_0.05,H,9,0.45,3.189932294613562e-05,-0.0016291333382040486,0.0025412742613615015,-0.0027241978789696152,false,not converged
1.66,mixed_mesh_0.05,H,10,0.5,1.023564579774722e-05,-0.0018112087993593703,0.0025412742613615015,-0.0027241978789696152,false,not converged
1.66,mixed_mesh_0.05,H,11,0.55,3.2653175912102826e-06,-0.00199346758494052,0.0025412742613615015,-0.0027241978789696152,false,not converged
1.66,mixed_mesh_0.05,H,12,0.6,1.0358668717958975e-06,-0.0021759026138652732,0.0025412742613615015,-0.0027241978789696152,false,not converged
1.66,mixed_mesh_0.05,H,13,0.65,3.268459386540114e-07,-0.0023585070433832043,0.0025412742613615015,-0.0027241978789696152,false,not converged
1.66,mixed_mesh_0.05,H,14,0.7,1.0259702516967711e-07,-0.0025412742613615015,0.0025412742613615015,-0.0027241978789696152,false,not converged
1.66,mixed_mesh_0.05,L,0,-3.503246160812043e-46,1.0,n/a,0.0,n/a,false,not converged
1.665,mixed_mesh_0.025,H,0,0.0,0.3995478826885194,0.0,0.0024116804239160926,-0.0024988196675519003,false,not converged
1.665,mixed_mesh_0.025,H,1,0.025,0.24062207949437905,-8.501124112257261e-05,0.0024116804239160926,-0.0024988196675519003,false,not converged
1.665,mixed_mesh_0.025,H,2,0.05,0.14462363995991775,-0.0001701176041197434,0.0024116804239160926,-0.0024988196675519003,false,not converged
1.665,mixed_mesh_0.025,H,3,0.075,0.08675091720571496,-0.0002553186436824301,0.0024116804239160926,-0.0024988196675519003,false,not converged
1.665,mixed_mesh_0.025,H,4,0.1,0.05193230425112002,-0.0003406132161040314,0.0024116804239160926,-0.0024988196675519003,false,not converged
1.665,mixed_mesh_0.025,H,5,0.125,0.03102634411726613,-0.00042599984139107035,0.0024116804239160926,-0.0024988196675519003,false,not converged
1.665,mixed_mesh_0.025,H,6,0.15,0.01849933930910276,-0.0005114768921744505,0.0024116804239160926,-0.0024988196675519003,false,not converged
1.665,mixed_mesh_0.025,H,7,0.175,0.011008278167049764,-0.0005970426900483378,0.0024116804239160926,-0.0024988196675519003,false,not converged
1.665,mixed_mesh_0.025,H,8,0.2,0.006537724182536539,-0.0006826955529652462,0.0024116804239160926,-0.0024988196675519003,false,not converged
1.665,mixed_mesh_0.025,H,9,0.225,0.0038751230217060812,-0.000768433817240489,0.0024116804239160926,-0.0024988196675519003,false,not converged
1.665,mixed_mesh_0.025,H,10,0.25,0.002292475908712895,-0.0008542558467558364,0.0024116804239160926,-0.0024988196675519003,false,not converged
1.665,mixed_mesh_0.025,H,11,0.275,0.0013536113084893719,-0.0009401600359799549,0.0024116804239160926,-0.0024988196675519003,false,not converged
1.665,mixed_mesh_0.025,H,12,0.3,0.0007977435384996217,-0.001026144810199539,0.0024116804239160926,-0.0024988196675519003,false,not converged
1.665,mixed_mesh_0.025,H,13,0.325,0.00046927081996910475,-0.0011122086246411565,0.0024116804239160926,-0.0024988196675519003,false,not converged
1.665,mixed_mesh_0.025,H,14,0.35,0.00027554087559399424,-0.0011983499632719436,0.0024116804239160926,-0.0024988196675519003,false,not converged
1.665,mixed_mesh_0.025,H,15,0.375,0.00016149625433440712,-0.0012845673376169903,0.0024116804239160926,-0.0024988196675519003,false,not converged
1.665,mixed_mesh_0.025,H,16,0.4,9.448543266509632e-05,-0.0013708592857136683,0.0024116804239160926,-0.0024988196675519003,false,not converged
1.665,mixed_mesh_0.025,H,17,0.425,5.518303314089195e-05,-0.001457224371224899,0.0024116804239160926,-0.0024988196675519003,false,not converged
1.665,mixed_mesh_0.025,H,18,0.45,3.217341375130625e-05,-0.0015436611826944056,0.0024116804239160926,-0.0024988196675519003,false,not converged
1.665,mixed_mesh_0.025,H,19,0.475,1.8726314828810452e-05,-0.001630168332915542,0.0024116804239160926,-0.0024988196675519003,false,not converged
1.665,mixed_mesh_0.025,H,20,0.5,1.088137987585467e-05,-0.0017167444583859014,0.0024116804239160926,-0.0024988196675519003,false,not converged
1.665,mixed_mesh_0.025,H,21,0.525,6.312553543377643e-06,-0.00180338821882455,0.0024116804239160926,-0.0024988196675519003,false,not converged
1.665,mixed_mesh_0.025,H,22,0.55,3.6561892908727024e-06,-0.0018900982967341752,0.0024116804239160926,-0.0024988196675519003,false,not converged
1.665,mixed_mesh_0.025,H,23,0.575,2.114306006755195e-06,-0.0019768733969953885,0.0024116804239160926,-0.0024988196675519003,false,not converged
1.665,mixed_mesh_0.025,H,24,0.6,1.2207751370526532e-06,-0.0020637122464840403,0.0024116804239160926,-0.0024988196675519003,false,not converged
1.665,mixed_mesh_0.025,H,25,0.625,7.037934742837076e-07,-0.0021506135937054832,0.0024116804239160926,-0.0024988196675519003,false,not converged
1.665,mixed_mesh_0.025,H,26,0.65,4.0514412639077216e-07,-0.0022375762084414948,0.0024116804239160926,-0.0024988196675519003,false,not converged
1.665,mixed_mesh_0.025,H,27,0.675,2.3288502644643197e-07,-0.0023245988814072065,0.0024116804239160926,-0.0024988196675519003,false,not converged
1.665,mixed_mesh_0.025,H,28,0.7,1.3367622104373913e-07,-0.0024116804239160926,0.0024116804239160926,-0.0024988196675519003,false,not converged
1.665,mixed_mesh_0.025,L,0,-3.503246160812043e-46,1.0,n/a,0.0,n/a,false,not converged
1.665,mixed_mesh_0.05,H,0,0.0,0.6396368810472041,0.0,0.0024039898396413604,-0.0025772612579955806,false,not converged
1.665,mixed_mesh_0.05,H,1,0.05,0.23145477219202854,-0.00017010091490742333,0.0024039898396413604,-0.0025772612579955806,false,not converged
1.665,mixed_mesh_0.05,H,2,0.1,0.0831335065995617,-0.0003404857747998833,0.0024039898396413604,-0.0025772612579955806,false,not converged
1.665,mixed_mesh_0.05,H,3,0.15,0.02963824554638637,-0.0005111473342186896,0.0024039898396413604,-0.0025772612579955806,false,not converged
1.665,mixed_mesh_0.05,H,4,0.2,0.010488675223582381,-0.0006820757971786624,0.0024039898396413604,-0.0025772612579955806,false,not converged
1.665,mixed_mesh_0.05,H,5,0.25,0.0036849297029724515,-0.000853261121456457,0.0024039898396413604,-0.0025772612579955806,false,not converged
1.665,mixed_mesh_0.05,H,6,0.3,0.0012854131595832017,-0.0010246935528346063,0.0024039898396413604,-0.0025772612579955806,false,not converged
1.665,mixed_mesh_0.05,H,7,0.35,0.0004452838315451631,-0.001196363703217491,0.0024039898396413604,-0.0025772612579955806,false,not converged
1.665,mixed_mesh_0.05,H,8,0.4,0.00015321291256442882,-0.0013682625327468426,0.0024039898396413604,-0.0025772612579955806,false,not converged
1.665,mixed_mesh_0.05,H,9,0.45,5.237297897514706e-05,-0.0015403813229350055,0.0024039898396413604,-0.0025772612579955806,false,not converged
1.665,mixed_mesh_0.05,H,10,0.5,1.7789580188413015e-05,-0.001712711656042181,0.0024039898396413604,-0.0025772612579955806,false,not converged
1.665,mixed_mesh_0.05,H,11,0.55,6.00573461432793e-06,-0.0018852454002073662,0.0024039898396413604,-0.0025772612579955806,false,not converged
1.665,mixed_mesh_0.05,H,12,0.6,2.0156049893036706e-06,-0.00205797469798776,0.0024039898396413604,-0.0025772612579955806,false,not converged
1.665,mixed_mesh_0.05,H,13,0.65,6.726370529929317e-07,-0.0022308919566901564,0.0024039898396413604,-0.0025772612579955806,false,not converged
1.665,mixed_mesh_0.05,H,14,0.7,2.2324875136603095e-07,-0.0024039898396413604,0.0024039898396413604,-0.0025772612579955806,false,not converged
1.665,mixed_mesh_0.05,L,0,-3.503246160812043e-46,1.0,n/a,0.0,n/a,false,not converged
1.67,mixed_mesh_0.025,H,0,0.0,0.38135964011566714,0.0,0.0023567721996240517,-0.002439165180884731,false,not converged
1.67,mixed_mesh_0.025,H,1,0.025,0.2367180429511889,-8.000653629179074e-05,0.0023567721996240517,-0.002439165180884731,false,not converged
1.67,mixed_mesh_0.025,H,2,0.05,0.1466296665310122,-0.00016011675285357307,0.0023567721996240517,-0.002439165180884731,false,not converged
1.67,mixed_mesh_0.025,H,3,0.075,0.09063573388417762,-0.00024033024285913338,0.0023567721996240517,-0.002439165180884731,false,not converged
1.67,mixed_mesh_0.025,H,4,0.1,0.05590640716865552,-0.00032064583108564154,0.0023567721996240517,-0.002439165180884731,false,not converged
1.67,mixed_mesh_0.025,H,5,0.125,0.03441191154688053,-0.00040106195439785965,0.0023567721996240517,-0.002439165180884731,false,not converged
1.67,mixed_mesh_0.025,H,6,0.15,0.02113703931288323,-0.0004815768683772352,0.0023567721996240517,-0.002439165180884731,false,not converged
1.67,mixed_mesh_0.025,H,7,0.175,0.012956052281724624,-0.0005621887574499768,0.0023567721996240517,-0.002439165180884731,false,not converged
1.67,mixed_mesh_0.025,H,8,0.2,0.007925032402132832,-0.0006428957918875023,0.0023567721996240517,-0.002439165180884731,false,not converged
1.67,mixed_mesh_0.025,H,9,0.225,0.0048376803347723995,-0.000723696155998258,0.0023567721996240517,-0.002439165180884731,false,not converged
1.67,mixed_mesh_0.025,H,10,0.25,0.0029470675119880178,-0.0008045880610504383,0.0023567721996240517,-0.002439165180884731,false,not converged
1.67,mixed_mesh_0.025,H,11,0.275,0.0017917182932216573,-0.0008855697503658035,0.0023567721996240517,-0.002439165180884731,false,not converged
1.67,mixed_mesh_0.025,H,12,0.3,0.001087143259568612,-0.0009666395005949952,0.0023567721996240517,-0.002439165180884731,false,not converged
1.67,mixed_mesh_0.025,H,13,0.325,0.0006583434893280198,-0.0010477956212781069,0.0023567721996240517,-0.002439165180884731,false,not converged
1.67,mixed_mesh_0.025,H,14,0.35,0.00039790451671693473,-0.0011290364537518945,0.0023567721996240517,-0.002439165180884731,false,not converged
1.67,mixed_mesh_0.025,H,15,0.375,0.00024003691111414572,-0.001210360369907999,0.0023567721996240517,-0.002439165180884731,false,not converged
1.67,mixed_mesh_0.025,H,16,0.4,0.0001445315543491622,-0.001291765771018194,0.0023567721996240517,-0.002439165180884731,false,not converged
1.67,mixed_mesh_0.025,H,17,0.425,8.686518509278366e-05,-0.0013732510867002015,0.0023567721996240517,-0.002439165180884731,false,not converged
1.67,mixed_mesh_0.025,H,18,0.45,5.211232530625551e-05,-0.001454814774032003,0.0023567721996240517,-0.002439165180884731,false,not converged
1.67,mixed_mesh_0.025,H,19,0.475,3.1207585692452424e-05,-0.0015364553167964094,0.0023567721996240517,-0.002439165180884731,false,not converged
1.67,mixed_mesh_0.025,H,20,0.5,1.8655996343887663e-05,-0.00161817122483034,0.0023567721996240517,-0.002439165180884731,false,not converged
1.67,mixed_mesh_0.025,H,21,0.525,1.1133428682103478e-05,-0.0016999610334542444,0.0023567721996240517,-0.002439165180884731,false,not converged
1.67,mixed_mesh_0.025,H,22,0.55,6.6329289660000516e-06,-0.0017818233029611562,0.0023567721996240517,-0.002439165180884731,false,not converged
1.67,mixed_mesh_0.025,H,23,0.575,3.945131255378715e-06,-0.0018637566181495327,0.0023567721996240517,-0.002439165180884731,false,not converged
1.67,mixed_mesh_0.025,H,24,0.6,2.3426695737754575e-06,-0.0019457595878880508,0.0023567721996240517,-0.002439165180884731,false,not converged
1.67,mixed_mesh_0.025,H,25,0.625,1.3888899716680402e-06,-0.002027830844703947,0.0023567721996240517,-0.002439165180884731,false,not converged
1.67,mixed_mesh_0.025,H,26,0.65,8.221396283958866e-07,-0.0021099690443889315,0.0023567721996240517,-0.002439165180884731,false,not converged
1.67,mixed_mesh_0.025,H,27,0.675,4.859123061815236e-07,-0.0021921728656186436,0.0023567721996240517,-0.002439165180884731,false,not converged
1.67,mixed_mesh_0.025,H,28,0.7,2.8675984481137675e-07,-0.002274441009582774,0.0023567721996240517,-0.002439165180884731,false,not converged
1.67,mixed_mesh_0.025,H,29,0.725,1.6898195497407933e-07,-0.0023567721996240517,0.0023567721996240517,-0.002439165180884731,false,not converged
1.67,mixed_mesh_0.025,L,0,-3.503246160812043e-46,1.0,n/a,0.0,n/a,false,not converged
1.67,mixed_mesh_0.05,H,0,0.0,0.6174706453539542,0.0,0.0024301860249386163,-0.002594002396783049,false,not converged
1.67,mixed_mesh_0.05,H,1,0.05,0.23733047900716367,-0.0001601023211726568,0.0024301860249386163,-0.002594002396783049,false,not converged
1.67,mixed_mesh_0.05,H,2,0.1,0.09050981768418663,-0.0003205201559452241,0.0024301860249386163,-0.002594002396783049,false,not converged
1.67,mixed_mesh_0.05,H,3,0.15,0.034247578952620615,-0.00048124581878993987,0.0024301860249386163,-0.002594002396783049,false,not converged
1.67,mixed_mesh_0.05,H,4,0.2,0.01285823979102614,-0.0006422685806360827,0.0024301860249386163,-0.002594002396783049,false,not converged
1.67,mixed_mesh_0.05,H,5,0.25,0.004790722903265344,-0.000803577304042965,0.0024301860249386163,-0.002594002396783049,false,not converged
1.67,mixed_mesh_0.05,H,6,0.3,0.001771560277547375,-0.000965161123954051,0.0024301860249386163,-0.002594002396783049,false,not converged
1.67,mixed_mesh_0.05,H,7,0.35,0.000650317740313276,-0.0011270095744086456,0.0024301860249386163,-0.002594002396783049,false,not converged
1.67,mixed_mesh_0.05,H,8,0.4,0.0002370270992530876,-0.0012891125806592891,0.0024301860249386163,-0.002594002396783049,false,not converged
1.67,mixed_mesh_0.05,H,9,0.45,8.579601078125502e-05,-0.0014514604306159664,0.0024301860249386163,-0.002594002396783049,false,not converged
1.67,mixed_mesh_0.05,H,10,0.5,3.0848280970077133e-05,-0.0016140437504896053,0.0024301860249386163,-0.002594002396783049,false,not converged
1.67,mixed_mesh_0.05,H,11,0.55,1.1020222101562137e-05,-0.0017768534867618532,0.0024301860249386163,-0.002594002396783049,false,not converged
1.67,mixed_mesh_0.05,H,12,0.6,3.912437385795121e-06,-0.0019398808924414642,0.0024301860249386163,-0.002594002396783049,false,not converged
1.67,mixed_mesh_0.05,H,13,0.65,1.3807171808165057e-06,-0.0021031175157487578,0.0024301860249386163,-0.002594002396783049,false,not converged
1.67,mixed_mesh_0.05,H,14,0.7,4.844673506512012e-07,-0.0022665551901169916,0.0024301860249386163,-0.002594002396783049,false,not converged
1.67,mixed_mesh_0.05,H,15,0.75,1.6905489949338688e-07,-0.0024301860249386163,0.0024301860249386163,-0.002594002396783049,false,not converged
1.67,mixed_mesh_0.05,L,0,-3.503246160812043e-46,1.0,n/a,0.0,n/a,false,not converged
1.675,mixed_mesh_0.025,H,0,0.0,0.36258531645573616,0.0,0.002369912303384746,-0.0024476446029341892,false,not converged
1.675,mixed_mesh_0.025,H,1,0.025,0.23200208499180608,-7.498421349392371e-05,0.002369912303384746,-0.0024476446029341892,false,not converged
1.675,mixed_mesh_0.025,H,2,0.05,0.1481222665051652,-0.00015008181625275803,0.002369912303384746,-0.0024476446029341892,false,not converged
1.675,mixed_mesh_0.025,H,3,0.075,0.09436007347377659,-0.0002252924542996402,0.002369912303384746,-0.0024476446029341892,false,not converged
1.675,mixed_mesh_0.025,H,4,0.1,0.0599780906087461,-0.0003006149281373576,0.002369912303384746,-0.0024476446029341892,false,not converged
1.675,mixed_mesh_0.025,H,5,0.125,0.03803941042981187,-0.00037604759119989157,0.002369912303384746,-0.0024476446029341892,false,not converged
1.675,mixed_mesh_0.025,H,6,0.15,0.02407213833127775,-0.0004515885750103533,0.002369912303384746,-0.0024476446029341892,false,not converged
1.675,mixed_mesh_0.025,H,7,0.175,0.01519988880933581,-0.0005272359144790333,0.002369912303384746,-0.0024476446029341892,false,not converged
1.675,mixed_mesh_0.025,H,8,0.2,0.00957674257766791,-0.000602987615991468,0.002369912303384746,-0.0024476446029341892,false,not converged
1.675,mixed_mesh_0.025,H,9,0.225,0.006020812512620408,-0.0006788416931083167,0.002369912303384746,-0.0024476446029341892,false,not converged
1.675,mixed_mesh_0.025,H,10,0.25,0.0037771277279308457,-0.0007547961842583936,0.002369912303384746,-0.0024476446029341892,false,not converged
1.675,mixed_mesh_0.025,H,11,0.275,0.002364546606330761,-0.0008308491606753288,0.002369912303384746,-0.0024476446029341892,false,not converged
1.675,mixed_mesh_0.025,H,12,0.3,0.001477151021124841,-0.0009069987292406627,0.002369912303384746,-0.0024476446029341892,false,not converged
1.675,mixed_mesh_0.025,H,13,0.325,0.0009208832770609286,-0.0009832430328140726,0.002369912303384746,-0.0024476446029341892,false,not converged
1.675,mixed_mesh_0.025,H,14,0.35,0.0005729270993155102,-0.0010595802494385116,0.002369912303384746,-0.0024476446029341892,false,not converged
1.675,mixed_mesh_0.025,H,15,0.375,0.00035573134547967213,-0.0011360085911361817,0.002369912303384746,-0.0024476446029341892,false,not converged
1.675,mixed_mesh_0.025,H,16,0.4,0.00022043786416941293,-0.0012125263026418849,0.002369912303384746,-0.0024476446029341892,false,not converged
1.675,mixed_mesh_0.025,H,17,0.425,0.0001363343109448394,-0.001289131660223354,0.002369912303384746,-0.0024476446029341892,false,not converged
1.675,mixed_mesh_0.025,H,18,0.45,8.415752292761541e-05,-0.0013658229706381636,0.002369912303384746,-0.0024476446029341892,false,not converged
1.675,mixed_mesh_0.025,H,19,0.475,5.185177478768602e-05,-0.001442598570229492,0.002369912303384746,-0.0024476446029341892,false,not converged
1.675,mixed_mesh_0.025,H,20,0.5,3.188830819905186e-05,-0.001519456824143577,0.002369912303384746,-0.0024476446029341892,false,not converged
1.675,mixed_mesh_0.025,H,21,0.525,1.9575410948501328e-05,-0.0015963961256462052,0.002369912303384746,-0.0024476446029341892,false,not converged
1.675,mixed_mesh_0.025,H,22,0.55,1.1995443799659292e-05,-0.001673414895516345,0.002369912303384746,-0.0024476446029341892,false,not converged
1.675,mixed_mesh_0.025,H,23,0.575,7.337739468866398e-06,-0.001750511581498481,0.002369912303384746,-0.0024476446029341892,false,not converged
1.675,mixed_mesh_0.025,H,24,0.6,4.480880013311332e-06,-0.001827684657798945,0.002369912303384746,-0.0024476446029341892,false,not converged
1.675,mixed_mesh_0.025,H,25,0.625,2.7317056930622644e-06,-0.0019049326246151285,0.002369912303384746,-0.0024476446029341892,false,not converged
1.675,mixed_mesh_0.025,H,26,0.65,1.6626028752169293e-06,-0.0019822540076894716,0.002369912303384746,-0.0024476446029341892,false,not converged
1.675,mixed_mesh_0.025,H,27,0.675,1.010279547391895e-06,-0.00205964735788227,0.002369912303384746,-0.0024476446029341892,false,not converged
1.675,mixed_mesh_0.025,H,28,0.7,6.129249490633252e-07,-0.002137111250759204,0.002369912303384746,-0.0024476446029341892,false,not converged
1.675,mixed_mesh_0.025,H,29,0.725,3.712785956130042e-07,-0.0022146442861906285,0.002369912303384746,-0.0024476446029341892,false,not converged
1.675,mixed_mesh_0.025,H,30,0.75,2.2456053081412914e-07,-0.002292245087960696,0.002369912303384746,-0.0024476446029341892,false,not converged
1.675,mixed_mesh_0.025,H,31,0.775,1.3561936337543305e-07,-0.002369912303384746,0.002369912303384746,-0.0024476446029341892,false,not converged
1.675,mixed_mesh_0.025,L,0,-3.503246160812043e-46,1.0,n/a,0.0,n/a,false,not converged
1.675,mixed_mesh_0.05,H,0,0.0,0.5938950513723312,0.0,0.0024372645981393243,-0.0025916818459639362,false,not converged
1.675,mixed_mesh_0.05,H,1,0.05,0.242525095918266,-0.0001500701745664561,0.0024372645981393243,-0.0025916818459639362,false,not converged
1.675,mixed_mesh_0.05,H,2,0.1,0.09822470737714024,-0.00030049208263195236,0.0024372645981393243,-0.0025916818459639362,false,not converged
1.675,mixed_mesh_0.05,H,3,0.15,0.039453587154386155,-0.0004512576091493686,0.0024372645981393243,-0.0025916818459639362,false,not converged
1.675,mixed_mesh_0.05,H,4,0.2,0.01571735150641863,-0.0006023550063500309,0.0024372645981393243,-0.0025916818459639362,false,not converged
1.675,mixed_mesh_0.05,H,5,0.25,0.00621085754565262,-0.0007537719003028196,0.0024372645981393243,-0.0025916818459639362,false,not converged
1.675,mixed_mesh_0.05,H,6,0.3,0.0024348581492392514,-0.0009054961519790157,0.0024372645981393243,-0.0025916818459639362,false,not converged
1.675,mixed_mesh_0.05,H,7,0.35,0.0009471726008274683,-0.0010575160513464554,0.0024372645981393243,-0.0025916818459639362,false,not converged
1.675,mixed_mesh_0.05,H,8,0.4,0.00036568791026962797,-0.0012098203273110284,0.0024372645981393243,-0.0025916818459639362,false,not converged
1.675,mixed_mesh_0.05,H,9,0.45,0.00014015778593452202,-0.0013623981196378464,0.0024372645981393243,-0.0025916818459639362,false,not converged
1.675,mixed_mesh_0.05,H,10,0.5,5.333994805021478e-05,-0.0015152389507874977,0.0024372645981393243,-0.0025916818459639362,false,not converged
1.675,mixed_mesh_0.05,H,11,0.55,2.0161513067927142e-05,-0.0016683327040496378,0.0024372645981393243,-0.0025916818459639362,false,not converged
1.675,mixed_mesh_0.05,H,12,0.6,7.570713816650907e-06,-0.0018216696068503718,0.0024372645981393243,-0.0025916818459639362,false,not converged
1.675,mixed_mesh_0.05,H,13,0.65,2.824894292847106e-06,-0.0019752402172829742,0.0024372645981393243,-0.0025916818459639362,false,not converged
1.675,mixed_mesh_0.05,H,14,0.7,1.0476767232585616e-06,-0.002129035412481755,0.0024372645981393243,-0.0025916818459639362,false,not converged
1.675,mixed_mesh_0.05,H,15,0.75,3.862948648743304e-07,-0.002283046378050751,0.0024372645981393243,-0.0025916818459639362,false,not converged
1.675,mixed_mesh_0.05,H,16,0.8,1.4163871839933352e-07,-0.0024372645981393243,0.0024372645981393243,-0.0025916818459639362,false,not converged
1.675,mixed_mesh_0.05,L,0,-3.503246160812043e-46,1.0,n/a,0.0,n/a,false,not converged
1.676,mixed_mesh_0.025,H,0,0.0,0.35875913714929863,0.0,0.002339571869038562,-0.0024163499914181177,false,not converged
1.676,mixed_mesh_0.025,H,1,0.025,0.23095554763139023,-7.397762271993278e-05,0.002339571869038562,-0.0024163499914181177,false,not converged
1.676,mixed_mesh_0.025,H,2,0.05,0.14835107764432054,-0.00014807073326392715,0.002339571869038562,-0.0024163499914181177,false,not converged
1.676,mixed_mesh_0.025,H,3,0.075,0.09507852572293762,-0.00022227899026347844,0.002339571869038562,-0.0024163499914181177,false,not converged
1.676,mixed_mesh_0.025,H,4,0.1,0.060799567963552466,-0.00029660119049064893,0.002339571869038562,-0.0024163499914181177,false,not converged
1.676,mixed_mesh_0.025,H,5,0.125,0.0387922658061222,-0.00037103567082503314,0.002339571869038562,-0.0024163499914181177,false,not converged
1.676,mixed_mesh_0.025,H,6,0.15,0.02469558717320071,-0.00044558053719922185,0.002339571869038562,-0.0024163499914181177,false,not converged
1.676,mixed_mesh_0.025,H,7,0.175,0.015686578495224885,-0.0005202337930955794,0.002339571869038562,-0.0024163499914181177,false,not converged
1.676,mixed_mesh_0.025,H,8,0.2,0.009942111000089396,-0.0005949934100399185,0.002339571869038562,-0.0024163499914181177,false,not converged
1.676,mixed_mesh_0.025,H,9,0.225,0.00628751130509109,-0.0006698573649781495,0.002339571869038562,-0.0024163499914181177,false,not converged
1.676,mixed_mesh_0.025,H,10,0.25,0.003967694323786336,-0.0007448236590684313,0.002339571869038562,-0.0024163499914181177,false,not converged
1.676,mixed_mesh_0.025,H,11,0.275,0.002498430888305639,-0.0008198903262968127,0.002339571869038562,-0.0024163499914181177,false,not converged
1.676,mixed_mesh_0.025,H,12,0.3,0.0015699197671129237,-0.000895055436712219,0.002339571869038562,-0.0024163499914181177,false,not converged
1.676,mixed_mesh_0.025,H,13,0.325,0.0009844202193684576,-0.0009703170969626003,0.002339571869038562,-0.0024163499914181177,false,not converged
1.676,mixed_mesh_0.025,H,14,0.35,0.00061601188259466,-0.0010456734495916178,0.002339571869038562,-0.0024163499914181177,false,not converged
1.676,mixed_mesh_0.025,H,15,0.375,0.0003846946813265154,-0.0011211226718599952,0.002339571869038562,-0.0024163499914181177,false,not converged
1.676,mixed_mesh_0.025,H,16,0.4,0.00023975917545245975,-0.001196662974468834,0.002339571869038562,-0.0024163499914181177,false,not converged
1.676,mixed_mesh_0.025,H,17,0.425,0.00014913515134471159,-0.0012722926003533091,0.002339571869038562,-0.0024163499914181177,false,not converged
1.676,mixed_mesh_0.025,H,18,0.45,9.258583915598778e-05,-0.0013480098236071632,0.002339571869038562,-0.0024163499914181177,false,not converged
1.676,mixed_mesh_0.025,H,19,0.475,5.7369773057712536e-05,-0.0014238129485460143,0.002339571869038562,-0.0024163499914181177,false,not converged
1.676,mixed_mesh_0.025,H,20,0.5,3.54821666880005e-05,-0.0014997003088950984,0.002339571869038562,-0.0024163499914181177,false,not converged
1.676,mixed_mesh_0.025,H,21,0.525,2.190484112215242e-05,-0.0015756702670796947,0.002339571869038562,-0.0024163499914181177,false,not converged
1.676,mixed_mesh_0.025,H,22,0.55,1.3498567500405675e-05,-0.0016517212135964913,0.002339571869038562,-0.0024163499914181177,false,not converged
1.676,mixed_mesh_0.025,H,23,0.575,8.303621155550684e-06,-0.0017278515664469786,0.002339571869038562,-0.0024163499914181177,false,not converged
1.676,mixed_mesh_0.025,H,24,0.6,5.099109317675641e-06,-0.001804059770617648,0.002339571869038562,-0.0024163499914181177,false,not converged
1.676,mixed_mesh_0.025,H,25,0.625,3.125955100852084e-06,-0.0018803442975953918,0.002339571869038562,-0.0024163499914181177,false,not converged
1.676,mixed_mesh_0.025,H,26,0.65,1.9131427873870765e-06,-0.001956703644909354,0.002339571869038562,-0.0024163499914181177,false,not converged
1.676,mixed_mesh_0.025,H,27,0.675,1.168968518857901e-06,-0.002033136335693032,0.002339571869038562,-0.0024163499914181177,false,not converged
1.676,mixed_mesh_0.025,H,28,0.7,7.131214097519562e-07,-0.0021096409182620735,0.002339571869038562,-0.0024163499914181177,false,not converged
1.676,mixed_mesh_0.025,H,29,0.725,4.343538642536624e-07,-0.0021862159657046326,0.002339571869038562,-0.0024163499914181177,false,not converged
1.676,mixed_mesh_0.025,H,30,0.75,2.641542720585296e-07,-0.0022628600754820948,0.002339571869038562,-0.0024163499914181177,false,not converged
1.676,mixed_mesh_0.025,H,31,0.775,1.6040552991368613e-07,-0.002339571869038562,0.002339571869038562,-0.0024163499914181177,false,not converged
1.676,mixed_mesh_0.025,L,0,-3.503246160812043e-46,1.0,n/a,0.0,n/a,false,not converged
1.676,mixed_mesh_0.05,H,0,0.0,0.5890037188136508,0.0,0.0024059208136871027,-0.0025584268111456584,false,not converged
1.676,mixed_mesh_0.05,H,1,0.05,0.24346684061980955,-0.00014805972267211852,0.0024059208136871027,-0.0025584268111456584,false,not converged
1.676,mixed_mesh_0.05,H,2,0.1,0.09980195668857918,-0.0002964790590478546,0.0024059208136871027,-0.0025584268111456584,false,not converged
1.676,mixed_mesh_0.05,H,3,0.15,0.04056951597117931,-0.00044524981083729617,0.0024059208136871027,-0.0025584268111456584,false,not converged
1.676,mixed_mesh_0.05,H,4,0.2,0.01635488628157132,-0.0005943600160655052,0.0024059208136871027,-0.0025584268111456584,false,not converged
1.676,mixed_mesh_0.05,H,5,0.25,0.0065393523299817945,-0.0007437970349657369,0.0024059208136871027,-0.0025584268111456584,false,not converged
1.676,mixed_mesh_0.05,H,6,0.3,0.002593777118872861,-0.0008935484516897491,0.0024059208136871027,-0.0025584268111456584,false,not converged
1.676,mixed_mesh_0.05,H,7,0.35,0.0010207645889721301,-0.0010436022846195782,0.0024059208136871027,-0.0025584268111456584,false,not converged
1.676,mixed_mesh_0.05,H,8,0.4,0.000398664163011634,-0.0011939470011219679,0.0024059208136871027,-0.0025584268111456584,false,not converged
1.676,mixed_mesh_0.05,H,9,0.45,0.000154553087520165,-0.0013445714899738065,0.0024059208136871027,-0.0025584268111456584,false,not converged
1.676,mixed_mesh_0.05,H,10,0.5,5.9489703532213734e-05,-0.0014954650324780442,0.0024059208136871027,-0.0025584268111456584,false,not converged
1.676,mixed_mesh_0.05,H,11,0.55,2.274087654180111e-05,-0.0016466172797520526,0.0024059208136871027,-0.0025584268111456584,false,not converged
1.676,mixed_mesh_0.05,H,12,0.6,8.635412893589808e-06,-0.0017980182353521616,0.0024059208136871027,-0.0025584268111456584,false,not converged
1.676,mixed_mesh_0.05,H,13,0.65,3.2582114111550934e-06,-0.0019496582412977213,0.0024059208136871027,-0.0025584268111456584,false,not converged
1.676,mixed_mesh_0.05,H,14,0.7,1.2218136143485682e-06,-0.002101527966064153,0.0024059208136871027,-0.0025584268111456584,false,not converged
1.676,mixed_mesh_0.05,H,15,0.75,4.554788981813553e-07,-0.002253618393708502,0.0024059208136871027,-0.0025584268111456584,false,not converged
1.676,mixed_mesh_0.05,H,16,0.8,1.688399600125654e-07,-0.0024059208136871027,0.0024059208136871027,-0.0025584268111456584,false,not converged
1.676,mixed_mesh_0.05,L,0,-3.503246160812043e-46,1.0,n/a,0.0,n/a,false,not converged
1.677,mixed_mesh_0.025,H,0,0.0,0.3549089580556927,0.0,0.00238505843787111,-0.0024609494078467603,false,not converged
1.677,mixed_mesh_0.025,H,1,0.025,0.2298732434429544,-7.297031936472759e-05,0.00238505843787111,-0.0024609494078467603,false,not converged
1.677,mixed_mesh_0.025,H,2,0.05,0.14855479829217133,-0.0001460582821209322,0.00238505843787111,-0.0024609494078467603,false,not converged
1.677,mixed_mesh_0.025,H,3,0.075,0.09578646805185709,-0.00021926356026924433,0.00238505843787111,-0.0024609494078467603,false,not converged
1.677,mixed_mesh_0.025,H,4,0.1,0.06162226438614392,-0.0002925849472937491,0.00238505843787111,-0.0024609494078467603,false,not converged
1.677,mixed_mesh_0.025,H,5,0.125,0.039553724793523364,-0.00036602076361132727,0.00238505843787111,-0.0024609494078467603,false,not converged
1.677,mixed_mesh_0.025,H,6,0.15,0.025331231192509896,-0.00043956908932777814,0.00238505843787111,-0.0024609494078467603,false,not converged
1.677,mixed_mesh_0.025,H,7,0.175,0.016186371345525044,-0.0005132278959874064,0.00238505843787111,-0.0024609494078467603,false,not converged
1.677,mixed_mesh_0.025,H,8,0.2,0.01031986162743105,-0.0005869951195368399,0.00238505843787111,-0.0024609494078467603,false,not converged
1.677,mixed_mesh_0.025,H,9,0.225,0.0065650457788754436,-0.0006608686994403787,0.00238505843787111,-0.0024609494078467603,false,not converged
1.677,mixed_mesh_0.025,H,10,0.25,0.004167260922049677,-0.0007348465986238501,0.00238505843787111,-0.0024609494078467603,false,not converged
1.677,mixed_mesh_0.025,H,11,0.275,0.002639509442161945,-0.0008089268128102824,0.00238505843787111,-0.0024609494078467603,false,not converged
1.677,mixed_mesh_0.025,H,12,0.3,0.001668271450927615,-0.0008831073741766863,0.00238505843787111,-0.0024609494078467603,false,not converged
1.677,mixed_mesh_0.025,H,13,0.325,0.0010521878182107674,-0.0009573863521165054,0.00238505843787111,-0.0024609494078467603,false,not converged
1.677,mixed_mesh_0.025,H,14,0.35,0.0006622402086947757,-0.0010317618526408771,0.00238505843787111,-0.0024609494078467603,false,not converged
1.677,mixed_mesh_0.025,H,15,0.375,0.0004159553465005087,-0.0011062320172329602,0.00238505843787111,-0.0024609494078467603,false,not converged
1.677,mixed_mesh_0.025,H,16,0.4,0.0002607356030766146,-0.0011807950215651005,0.00238505843787111,-0.0024609494078467603,false,not converged
1.677,mixed_mesh_0.025,H,17,0.425,0.00016311366149846123,-0.0012554490742673844,0.00238505843787111,-0.0024609494078467603,false,not converged
1.677,mixed_mesh_0.025,H,18,0.45,0.00010184293201180362,-0.0013301924158197372,0.00238505843787111,-0.0024609494078467603,false,not converged
1.677,mixed_mesh_0.025,H,19,0.475,6.346531121283471e-05,-0.0014050233175820197,0.00238505843787111,-0.0024609494078467603,false,not converged
1.677,mixed_mesh_0.025,H,20,0.5,3.9474939295282635e-05,-0.0014799400809509082,0.00238505843787111,-0.0024609494078467603,false,not converged
1.677,mixed_mesh_0.025,H,21,0.525,2.4507598851037482e-05,-0.0015549410366230473,0.00238505843787111,-0.0024609494078467603,false,not converged
1.677,mixed_mesh_0.025,H,22,0.55,1.5187597314159016e-05,-0.0016300245439429123,0.00238505843787111,-0.0024609494078467603,false,not converged
1.677,mixed_mesh_0.025,H,23,0.575,9.395096241622369e-06,-0.0017051889903161813,0.00238505843787111,-0.0024609494078467603,false,not converged
1.677,mixed_mesh_0.025,H,24,0.6,5.801657491905251e-06,-0.0017804327906728815,0.00238505843787111,-0.0024609494078467603,false,not converged
1.677,mixed_mesh_0.025,H,25,0.625,3.576485419674725e-06,-0.0018557543869680941,0.00238505843787111,-0.0024609494078467603,false,not converged
1.677,mixed_mesh_0.025,H,26,0.65,2.201046065185474e-06,-0.0019311522477110567,0.00238505843787111,-0.0024609494078467603,false,not converged
1.677,mixed_mesh_0.025,H,27,0.675,1.3523366302156432e-06,-0.002006624867515938,0.00238505843787111,-0.0024609494078467603,false,not converged
1.677,mixed_mesh_0.025,H,28,0.7,8.295414776000262e-07,-0.002082170766669427,0.00238505843787111,-0.0024609494078467603,false,not converged
1.677,mixed_mesh_0.025,H,29,0.725,5.080465404273825e-07,-0.0021577884907117116,0.00238505843787111,-0.0024609494078467603,false,not converged
1.677,mixed_mesh_0.025,H,30,0.75,3.1066714525002955e-07,-0.002233476610028465,0.00238505843787111,-0.0024609494078467603,false,not converged
1.677,mixed_mesh_0.025,H,31,0.775,1.8968271609929592e-07,-0.0023092337194520994,0.00238505843787111,-0.0024609494078467603,false,not converged
1.677,mixed_mesh_0.025,H,32,0.8,1.1564178230680889e-07,-0.00238505843787111,0.00238505843787111,-0.0024609494078467603,false,not converged
1.677,mixed_mesh_0.025,L,0,-3.503246160812043e-46,1.0,n/a,0.0,n/a,false,not converged
1.677,mixed_mesh_0.05,H,0,0.0,0.5840521343498182,0.0,0.0023745803822686866,-0.0025251767874180375,false,not converged
1.677,mixed_mesh_0.05,H,1,0.05,0.24437261856604214,-0.00014604792915649074,0.0023745803822686866,-0.0025251767874180375,false,not converged
1.677,mixed_mesh_0.05,H,2,0.1,0.10138893687281804,-0.00029246358328544487,0.0023745803822686866,-0.0025251767874180375,false,not converged
1.677,mixed_mesh_0.05,H,3,0.15,0.04171086809010314,-0.00043923868210892034,0.0023745803822686866,-0.0025251767874180375,false,not converged
1.677,mixed_mesh_0.05,H,4,0.2,0.017015859212051555,-0.0005863610459518336,0.0023745803822686866,-0.0025251767874180375,false,not converged
1.677,mixed_mesh_0.05,H,5,0.25,0.006884263227267512,-0.0007338177626863953,0.0023745803822686866,-0.0025251767874180375,false,not converged
1.677,mixed_mesh_0.05,H,6,0.3,0.0027626879455598967,-0.0008815961317330534,0.0023745803822686866,-0.0025251767874180375,false,not converged
1.677,mixed_mesh_0.05,H,7,0.35,0.001099922658858892,-0.0010296838916208258,0.0023745803822686866,-0.0025251767874180375,false,not converged
1.677,mixed_mesh_0.05,H,8,0.4,0.0004345533060010531,-0.0011780692400501815,0.0023745803822686866,-0.0025251767874180375,false,not converged
1.677,mixed_mesh_0.05,H,9,0.45,0.00017040247404031414,-0.001326740807000324,0.0023745803822686866,-0.0025251767874180375,false,not converged
1.677,mixed_mesh_0.05,H,10,0.5,6.63386438041148e-05,-0.001475687625154213,0.0023745803822686866,-0.0025251767874180375,false,not converged
1.677,mixed_mesh_0.05,H,11,0.55,2.564625826820059e-05,-0.0016248991063183074,0.0023745803822686866,-0.0025251767874180375,false,not converged
1.677,mixed_mesh_0.05,H,12,0.6,9.848240728259762e-06,-0.0017743650233307054,0.0023745803822686866,-0.0025251767874180375,false,not converged
1.677,mixed_mesh_0.05,H,13,0.65,3.7573488987767035e-06,-0.0019240754955495848,0.0023745803822686866,-0.0025251767874180375,false,not converged
1.677,mixed_mesh_0.05,H,14,0.7,1.42463361189618e-06,-0.0020740209764437655,0.0023745803822686866,-0.0025251767874180375,false,not converged
1.677,mixed_mesh_0.05,H,15,0.75,5.36948892965718e-07,-0.002224192242399517,0.0023745803822686866,-0.0025251767874180375,false,not converged
1.677,mixed_mesh_0.05,H,16,0.8,2.012232351495408e-07,-0.0023745803822686866,0.0023745803822686866,-0.0025251767874180375,false,not converged
1.677,mixed_mesh_0.05,L,0,-3.503246160812043e-46,1.0,n/a,0.0,n/a,false,not converged
1.678,mixed_mesh_0.025,H,0,0.0,0.35103478610401423,0.0,0.002353770699719246,-0.002428710373888367,false,not converged
1.678,mixed_mesh_0.025,H,1,0.025,0.22875466040412895,-7.19623015467778e-05,0.002353770699719246,-0.002428710373888367,false,not converged
1.678,mixed_mesh_0.025,H,2,0.05,0.1487326390025571,-0.00014404446084251938,0.002353770699719246,-0.002428710373888367,false,not converged
1.678,mixed_mesh_0.025,H,3,0.075,0.09648314221510645,-0.00021624616404819171,0.002353770699719246,-0.002428710373888367,false,not converged
1.678,mixed_mesh_0.025,H,4,0.1,0.06244564036194234,-0.0002885662018275864,0.002353770699719246,-0.002428710373888367,false,not converged
1.678,mixed_mesh_0.025,H,5,0.125,0.040323526327211506,-0.00036100287824281747,0.002353770699719246,-0.002428710373888367,false,not converged
1.678,mixed_mesh_0.025,H,6,0.15,0.0259790636822429,-0.0004335542473422843,0.002353770699719246,-0.002428710373888367,false,not converged
1.678,mixed_mesh_0.025,H,7,0.175,0.01669945178758121,-0.0005062182482166197,0.002353770699719246,-0.002428710373888367,false,not converged
1.678,mixed_mesh_0.025,H,8,0.2,0.010710298652950258,-0.0005789927804979063,0.002353770699719246,-0.002428710373888367,false,not converged
1.678,mixed_mesh_0.025,H,9,0.225,0.006853777290407193,-0.0006518757452771556,0.002353770699719246,-0.002428710373888367,false,not converged
1.678,mixed_mesh_0.025,H,10,0.25,0.004376198878379082,-0.0007248650662543777,0.002353770699719246,-0.002428710373888367,false,not converged
1.678,mixed_mesh_0.025,H,11,0.275,0.0027881324520065897,-0.0007979586998372997,0.002353770699719246,-0.002428710373888367,false,not converged
1.678,mixed_mesh_0.025,H,12,0.3,0.0017725174759012311,-0.0008711546392516116,0.002353770699719246,-0.002428710373888367,false,not converged
1.678,mixed_mesh_0.025,H,13,0.325,0.0011244512270237226,-0.0009444509155516383,0.002353770699719246,-0.002428710373888367,false,not converged
1.678,mixed_mesh_0.025,H,14,0.35,0.0007118303318607094,-0.001017845597140357,0.002353770699719246,-0.002428710373888367,false,not converged
1.678,mixed_mesh_0.025,H,15,0.375,0.0004496881313175338,-0.0010913367886651627,0.002353770699719246,-0.002428710373888367,false,not converged
1.678,mixed_mesh_0.025,H,16,0.4,0.0002835039693312826,-0.0011649226297333875,0.002353770699719246,-0.002428710373888367,false,not converged
1.678,mixed_mesh_0.025,H,17,0.425,0.0001783748838311711,-0.0012386012936575763,0.002353770699719246,-0.002428710373888367,false,not converged
1.678,mixed_mesh_0.025,H,18,0.45,0.00011200810277237315,-0.001312370986315447,0.002353770699719246,-0.002428710373888367,false,not converged
1.678,mixed_mesh_0.025,H,19,0.475,7.019738230303411e-05,-0.0013862299451461411,0.002353770699719246,-0.002428710373888367,false,not converged
1.678,mixed_mesh_0.025,H,20,0.5,4.390994212068893e-05,-0.0014601764382751476,0.002353770699719246,-0.002428710373888367,false,not converged
1.678,mixed_mesh_0.025,H,21,0.525,2.7415119450421635e-05,-0.0015342087637489395,0.002353770699719246,-0.002428710373888367,false,not converged
1.678,mixed_mesh_0.025,H,22,0.55,1.708510674339941e-05,-0.0016083252488581137,0.002353770699719246,-0.002428710373888367,false,not converged
1.678,mixed_mesh_0.025,H,23,0.575,1.0628219643447695e-05,-0.0016825242495296308,0.002353770699719246,-0.002428710373888367,false,not converged
1.678,mixed_mesh_0.025,H,24,0.6,6.599843306297075e-06,-0.0017568041497718935,0.002353770699719246,-0.002428710373888367,false,not converged
1.678,mixed_mesh_0.025,H,25,0.625,4.091212135128651e-06,-0.0018311633611599598,0.002353770699719246,-0.002428710373888367,false,not converged
1.678,mixed_mesh_0.025,H,26,0.65,2.531806954304272e-06,-0.0019056003223511652,0.002353770699719246,-0.002428710373888367,false,not converged
1.678,mixed_mesh_0.025,H,27,0.675,1.5641711230450054e-06,-0.0019801134986239723,0.002353770699719246,-0.002428710373888367,false,not converged
1.678,mixed_mesh_0.025,H,28,0.7,9.647788975666103e-07,-0.0020547013814348567,0.002353770699719246,-0.002428710373888367,false,not converged
1.678,mixed_mesh_0.025,H,29,0.725,5.94122266947301e-07,-0.0021293624879895282,0.002353770699719246,-0.002428710373888367,false,not converged
1.678,mixed_mesh_0.025,H,30,0.75,3.652942726726038e-07,-0.0022040953608257717,0.002353770699719246,-0.002428710373888367,false,not converged
1.678,mixed_mesh_0.025,H,31,0.775,2.2425556225710758e-07,-0.0022788985674061617,0.002353770699719246,-0.002428710373888367,false,not converged
1.678,mixed_mesh_0.025,H,32,0.8,1.3746465501427495e-07,-0.002353770699719246,0.002353770699719246,-0.002428710373888367,false,not converged
1.678,mixed_mesh_0.025,L,0,-3.503246160812043e-46,1.0,n/a,0.0,n/a,false,not converged
1.678,mixed_mesh_0.05,H,0,0.0,0.5790396517729337,0.0,0.0023432442811424058,-0.0024919328716223998,false,not converged
1.678,mixed_mesh_0.05,H,1,0.05,0.24524080987418378,-0.00014403479313153562,0.0023432442811424058,-0.0024919328716223998,false,not converged
1.678,mixed_mesh_0.05,H,2,0.1,0.1029848118876671,-0.00028844566247543217,0.0023432442811424058,-0.0024919328716223998,false,not converged
1.678,mixed_mesh_0.05,H,3,0.15,0.04287780912236307,-0.0004332242472014731,0.0023432442811424058,-0.0024919328716223998,false,not converged
1.678,mixed_mesh_0.05,H,4,0.2,0.017700938007857523,-0.000578358146450944,0.0023432442811424058,-0.0024919328716223998,false,not converged
1.678,mixed_mesh_0.05,H,5,0.25,0.007246320796969981,-0.0007238341690591048,0.0023432442811424058,-0.0024919328716223998,false,not converged
1.678,mixed_mesh_0.05,H,6,0.3,0.0029421778415624268,-0.000869639321543535,0.0023432442811424058,-0.0024919328716223998,false,not converged
1.678,mixed_mesh_0.05,H,7,0.35,0.0011850492830793042,-0.0010157610539983583,0.0023432442811424058,-0.0024919328716223998,false,not converged
1.678,mixed_mesh_0.05,H,8,0.4,0.00047360436369507436,-0.0011621872859997311,0.0023432442811424058,-0.0024919328716223998,false,not converged
1.678,mixed_mesh_0.05,H,9,0.45,0.00018784915013274954,-0.0013089063805935656,0.0023432442811424058,-0.0024919328716223998,false,not converged
1.678,mixed_mesh_0.05,H,10,0.5,7.396464224521301e-05,-0.0014559071140677945,0.0023432442811424058,-0.0024919328716223998,false,not converged
1.678,mixed_mesh_0.05,H,11,0.55,2.8918156371296286e-05,-0.0016031786514820474,0.0023432442811424058,-0.0024919328716223998,false,not converged
1.678,mixed_mesh_0.05,H,12,0.6,1.1229497687184154e-05,-0.0017507105278249616,0.0023432442811424058,-0.0024919328716223998,false,not converged
1.678,mixed_mesh_0.05,H,13,0.65,4.332171508513074e-06,-0.0018984926329363508,0.0023432442811424058,-0.0024919328716223998,false,not converged
1.678,mixed_mesh_0.05,H,14,0.7,1.6608040617651126e-06,-0.0020465151986720827,0.0023432442811424058,-0.0024919328716223998,false,not converged
1.678,mixed_mesh_0.05,H,15,0.75,6.328622457909918e-07,-0.002194768787375255,0.0023432442811424058,-0.0024919328716223998,false,not converged
1.678,mixed_mesh_0.05,H,16,0.8,2.3976543557842783e-07,-0.0023432442811424058,0.0023432442811424058,-0.0024919328716223998,false,not converged
1.678,mixed_mesh_0.05,L,0,-3.503246160812043e-46,1.0,n/a,0.0,n/a,false,not converged
1.679,mixed_mesh_0.025,H,0,0.0,0.3471364895103261,0.0,0.0023964772422309898,-0.0024705340287698597,false,not converged
1.679,mixed_mesh_0.025,H,1,0.025,0.2275991893668995,-7.095356686606663e-05,0.0023964772422309898,-0.0024705340287698597,false,not converged
1.679,mixed_mesh_0.025,H,2,0.05,0.14888373263620802,-0.0001420292671982929,0.0023964772422309898,-0.0024705340287698597,false,not converged
1.679,mixed_mesh_0.025,H,3,0.075,0.09716772338407188,-0.0002132268021537854,0.0023964772422309898,-0.0024705340287698597,false,not converged
1.679,mixed_mesh_0.025,H,4,0.1,0.06326910025254362,-0.00028454496008229607,0.0023964772422309898,-0.0024705340287698597,false,not converged
1.679,mixed_mesh_0.025,H,5,0.125,0.0411013653548929,-0.0003559820288282366,0.0023964772422309898,-0.0024705340287698597,false,not converged
1.679,mixed_mesh_0.025,H,6,0.15,0.02663904721483697,-0.00042753603616946636,0.0023964772422309898,-0.0024705340287698597,false,not converged
1.679,mixed_mesh_0.025,H,7,0.175,0.01722598645772761,-0.0004992048882324755,0.0023964772422309898,-0.0024705340287698597,false,not converged
1.679,mixed_mesh_0.025,H,8,0.2,0.01111371975319469,-0.0005709864475928325,0.0023964772422309898,-0.0024705340287698597,false,not converged
1.679,mixed_mesh_0.025,H,9,0.225,0.0071540695269733225,-0.0006428785760596756,0.0023964772422309898,-0.0024705340287698597,false,not converged
1.679,mixed_mesh_0.025,H,10,0.25,0.004594888088081481,-0.0007148791570884159,0.0023964772422309898,-0.0024705340287698597,false,not converged
1.679,mixed_mesh_0.025,H,11,0.275,0.0029446624098088694,-0.00078698610668748,0.0023964772422309898,-0.0024705340287698597,false,not converged
1.679,mixed_mesh_0.025,H,12,0.3,0.0018829833091475842,-0.0008591973780155433,0.0023964772422309898,-0.0024705340287698597,false,not converged
1.679,mixed_mesh_0.025,H,13,0.325,0.0012014899154203168,-0.0009315109626638696,0.0023964772422309898,-0.0024705340287698597,false,not converged
1.679,mixed_mesh_0.025,H,14,0.35,0.0007650140600610456,-0.0010039248903105005,0.0023964772422309898,-0.0024705340287698597,false,not converged
1.679,mixed_mesh_0.025,H,15,0.375,0.0004860800163527294,-0.0010764372276668224,0.0023964772422309898,-0.0024705340287698597,false,not converged
1.679,mixed_mesh_0.025,H,16,0.4,0.0003082116409205083,-0.001149046077196545,0.0023964772422309898,-0.0024705340287698597,false,not converged
1.679,mixed_mesh_0.025,H,17,0.425,0.00019503270190868722,-0.0012217495758399723,0.0023964772422309898,-0.0024705340287698597,false,not converged
1.679,mixed_mesh_0.025,H,18,0.45,0.0001231678775629368,-0.0012945458938422878,0.0023964772422309898,-0.0024705340287698597,false,not converged
1.679,mixed_mesh_0.025,H,19,0.475,7.763075630786311e-05,-0.0013674332337154285,0.0023964772422309898,-0.0024705340287698597,false,not converged
1.679,mixed_mesh_0.025,H,20,0.5,4.88350245061565e-05,-0.0014404098293299607,0.0023964772422309898,-0.0024705340287698597,false,not converged
1.679,mixed_mesh_0.025,H,21,0.525,3.066233748474909e-05,-0.001513473945119928,0.0023964772422309898,-0.0024705340287698597,false,not converged
1.679,mixed_mesh_0.025,H,22,0.55,1.9216331261231933e-05,-0.0015866238753799826,0.0023964772422309898,-0.0024705340287698597,false,not converged
1.679,mixed_mesh_0.025,H,23,0.575,1.2021045006634959e-05,-0.0016598579436352678,0.0023964772422309898,-0.0024705340287698597,false,not converged
1.679,mixed_mesh_0.025,H,24,0.6,7.506468646489312e-06,-0.001733174502067383,0.0023964772422309898,-0.0024705340287698597,false,not converged
1.679,mixed_mesh_0.025,H,25,0.625,4.679139481658261e-06,-0.0018065719309831637,0.0023964772422309898,-0.0024705340287698597,false,not converged
1.679,mixed_mesh_0.025,H,26,0.65,2.9117111184546444e-06,-0.0018800486383160186,0.0023964772422309898,-0.0024705340287698597,false,not converged
1.679,mixed_mesh_0.025,H,27,0.675,1.8088293361017787e-06,-0.001953603059152216,0.0023964772422309898,-0.0024705340287698597,false,not converged
1.679,mixed_mesh_0.025,H,28,0.7,1.1218346558545875e-06,-0.0020272336552764926,0.0023964772422309898,-0.0024705340287698597,false,not converged
1.679,mixed_mesh_0.025,H,29,0.725,6.946353378889662e-07,-0.002100938914732989,0.0023964772422309898,-0.0024705340287698597,false,not converged
1.679,mixed_mesh_0.025,H,30,0.75,4.2943389198712217e-07,-0.0021747173513986112,0.0023964772422309898,-0.0024705340287698597,false,not converged
1.679,mixed_mesh_0.025,H,31,0.775,2.6507066782278474e-07,-0.002248567504566758,0.0023964772422309898,-0.0024705340287698597,false,not converged
1.679,mixed_mesh_0.025,H,32,0.8,1.633680905721504e-07,-0.0023224879385400493,0.0023964772422309898,-0.0024705340287698597,false,not converged
1.679,mixed_mesh_0.025,H,33,0.825,1.0053726768792768e-07,-0.0023964772422309898,0.0023964772422309898,-0.0024705340287698597,false,not converged
1.679,mixed_mesh_0.025,L,0,-3.503246160812043e-46,1.0,n/a,0.0,n/a,false,not converged
1.679,mixed_mesh_0.05,H,0,0.0,0.5739655646225373,0.0,0.0024586963289040635,-0.002605688392108653,false,not converged
1.679,mixed_mesh_0.05,H,1,0.05,0.24606972219928647,-0.0001420203134814002,0.0024586963289040635,-0.002605688392108653,false,not converged
1.679,mixed_mesh_0.05,H,2,0.1,0.10458867431496385,-0.00028442530451603895,0.0024586963289040635,-0.002605688392108653,false,not converged
1.679,mixed_mesh_0.05,H,3,0.15,0.044070467521739175,-0.0004272065333774588,0.0024586963289040635,-0.002605688392108653,false,not converged
1.679,mixed_mesh_0.05,H,4,0.2,0.018410790861752662,-0.0005703513745808886,0.0024586963289040635,-0.002605688392108653,false,not converged
1.679,mixed_mesh_0.05,H,5,0.25,0.007626278683288096,-0.0007138463511176547,0.0024586963289040635,-0.002605688392108653,false,not converged
1.679,mixed_mesh_0.05,H,6,0.3,0.0031328637579701984,-0.0008576781681793166,0.0024586963289040635,-0.002605688392108653,false,not converged
1.679,mixed_mesh_0.05,H,7,0.35,0.001276573655700716,-0.0010018339785274385,0.0024586963289040635,-0.002605688392108653,false,not converged
1.679,mixed_mesh_0.05,H,8,0.4,0.0005160864800055073,-0.001146301414816561,0.0024586963289040635,-0.002605688392108653,false,not converged
1.679,mixed_mesh_0.05,H,9,0.45,0.0002070498572465116,-0.0012910685646836005,0.0024586963289040635,-0.002605688392108653,false,not converged
1.679,mixed_mesh_0.05,H,10,0.5,8.245397473202864e-05,-0.0014361239399149055,0.0024586963289040635,-0.002605688392108653,false,not converged
1.679,mixed_mesh_0.05,H,11,0.55,3.260197179421442e-05,-0.0015814564510665628,0.0024586963289040635,-0.002605688392108653,false,not converged
1.679,mixed_mesh_0.05,H,12,0.6,1.2802206530809575e-05,-0.0017270553878352326,0.0024586963289040635,-0.002605688392108653,false,not converged
1.679,mixed_mesh_0.05,H,13,0.65,4.9939949190638754e-06,-0.0018729104033813164,0.0024586963289040635,-0.002605688392108653,false,not converged
1.679,mixed_mesh_0.05,H,14,0.7,1.9357392103618864e-06,-0.002019011501042738,0.0024586963289040635,-0.002605688392108653,false,not converged
1.679,mixed_mesh_0.05,H,15,0.75,7.457495077263774e-07,-0.002165349022451855,0.0024586963289040635,-0.002605688392108653,false,not converged
1.679,mixed_mesh_0.05,H,16,0.8,2.856250716498606e-07,-0.002311913636505826,0.0024586963289040635,-0.002605688392108653,false,not converged
1.679,mixed_mesh_0.05,H,17,0.85,1.0878374346655296e-07,-0.0024586963289040635,0.0024586963289040635,-0.002605688392108653,false,not converged
1.679,mixed_mesh_0.05,L,0,-3.503246160812043e-46,1.0,n/a,0.0,n/a,false,not converged
1.68,mixed_mesh_0.025,H,0,0.0,0.3432140764015626,0.0,0.0023642509296675322,-0.002437359662752575,false,not converged
1.68,mixed_mesh_0.025,H,1,0.025,0.2264063049919431,-6.99441129448386e-05,0.0023642509296675322,-0.002437359662752575,false,not converged
1.68,mixed_mesh_0.025,H,2,0.05,0.14900725129165174,-0.0001400126984615269,0.0023642509296675322,-0.002437359662752575,false,not converged
1.68,mixed_mesh_0.025,H,3,0.075,0.09783939513640248,-0.00021020547357413692,0.0023642509296675322,-0.002437359662752575,false,not converged
1.68,mixed_mesh_0.025,H,4,0.1,0.06409203990219588,-0.00028052122485400406,0.0023642509296675322,-0.002437359662752575,false,not converged
1.68,mixed_mesh_0.025,H,5,0.125,0.041886922724076306,-0.0003509582240851959,0.0023642509296675322,-0.002437359662752575,false,not converged
1.68,mixed_mesh_0.025,H,6,0.15,0.027311132227405503,-0.00042151447257087263,0.0023642509296675322,-0.002437359662752575,false,not converged
1.68,mixed_mesh_0.025,H,7,0.175,0.017766135716108203,-0.0004921878429598125,0.0023642509296675322,-0.002437359662752575,false,not converged
1.68,mixed_mesh_0.025,H,8,0.2,0.01153042328164262,-0.000562976160014481,0.0023642509296675322,-0.002437359662752575,false,not converged
1.68,mixed_mesh_0.025,H,9,0.225,0.007466293125722107,-0.0006338772453289097,0.0023642509296675322,-0.002437359662752575,false,not converged
1.68,mixed_mesh_0.025,H,10,0.25,0.004823720107291581,-0.0007048889410623755,0.0023642509296675322,-0.002437359662752575,false,not converged
1.68,mixed_mesh_0.025,H,11,0.275,0.003109476378040654,-0.0007760091217012466,0.0023642509296675322,-0.002437359662752575,false,not converged
1.68,mixed_mesh_0.025,H,12,0.3,0.0020000102479344173,-0.0008472356991786542,0.0023642509296675322,-0.002437359662752575,false,not converged
1.68,mixed_mesh_0.025,H,13,0.325,0.0012835991332039586,-0.0009185666244536372,0.0023642509296675322,-0.002437359662752575,false,not converged
1.68,mixed_mesh_0.025,H,14,0.35,0.0008220380135479696,-0.0009899998873162327,0.0023642509296675322,-0.002437359662752575,false,not converged
1.68,mixed_mesh_0.025,H,15,0.375,0.0005253312704800638,-0.0010615335153952342,0.0023642509296675322,-0.002437359662752575,false,not converged
1.68,mixed_mesh_0.025,H,16,0.4,0.00033501748643275585,-0.0011331655728864598,0.0023642509296675322,-0.002437359662752575,false,not converged
1.68,mixed_mesh_0.025,H,17,0.425,0.0002132106674010675,-0.001204894159258743,0.0023642509296675322,-0.002437359662752575,false,not converged
1.68,mixed_mesh_0.025,H,18,0.45,0.00013541671161048489,-0.0012767174080513411,0.0023642509296675322,-0.002437359662752575,false,not converged
1.68,mixed_mesh_0.025,H,19,0.475,8.583657041020493e-05,-0.0013486334858010176,0.0023642509296675322,-0.002437359662752575,false,not converged
1.68,mixed_mesh_0.025,H,20,0.5,5.430305578796257e-05,-0.0014206405910998886,0.0023642509296675322,-0.002437359662752575,false,not converged
1.68,mixed_mesh_0.025,H,21,0.525,3.428808183953486e-05,-0.0014927369537692074,0.0023642509296675322,-0.002437359662752575,false,not converged
1.68,mixed_mesh_0.025,H,22,0.55,2.1609484174871822e-05,-0.0015649208341291763,0.0023642509296675322,-0.002437359662752575,false,not converged
1.68,mixed_mesh_0.025,H,23,0.575,1.359387369539553e-05,-0.0016371905223452228,0.0023642509296675322,-0.002437359662752575,false,not converged
1.68,mixed_mesh_0.025,H,24,0.6,8.536012215684367e-06,-0.001709544337833756,0.0023642509296675322,-0.002437359662752575,false,not converged
1.68,mixed_mesh_0.025,H,25,0.625,5.350509296870436e-06,-0.0017819806287135247,0.0023642509296675322,-0.002437359662752575,false,not converged
1.68,mixed_mesh_0.025,H,26,0.65,3.347948732562267e-06,-0.0018544977712918777,0.0023642509296675322,-0.002437359662752575,false,not converged
1.68,mixed_mesh_0.025,H,27,0.675,2.091323722218809e-06,-0.001927094169577757,0.0023642509296675322,-0.002437359662752575,false,not converged
1.68,mixed_mesh_0.025,H,28,0.7,1.3041802623441257e-06,-0.0019997682548154767,0.0023642509296675322,-0.002437359662752575,false,not converged
1.68,mixed_mesh_0.025,H,29,0.725,8.119753706198051e-07,-0.002072518485034879,0.0023642509296675322,-0.002437359662752575,false,not converged
1.68,mixed_mesh_0.025,H,30,0.75,5.047214822532316e-07,-0.002145343344614742,0.0023642509296675322,-0.002437359662752575,false,not converged
1.68,mixed_mesh_0.025,H,31,0.775,3.1324134308420007e-07,-0.0022182413438572458,0.0023642509296675322,-0.002437359662752575,false,not converged
1.68,mixed_mesh_0.025,H,32,0.8,1.941060962776222e-07,-0.002291211018571845,0.0023642509296675322,-0.002437359662752575,false,not converged
1.68,mixed_mesh_0.025,H,33,0.825,1.201009167139941e-07,-0.0023642509296675322,0.0023642509296675322,-0.002437359662752575,false,not converged
1.68,mixed_mesh_0.025,L,0,-3.503246160812043e-46,1.0,n/a,0.0,n/a,false,not converged
1.68,mixed_mesh_0.05,H,0,0.0,0.5688293447718548,0.0,0.0024254681476737205,-0.002570561268046216,false,not converged
1.68,mixed_mesh_0.05,H,1,0.05,0.24685769152962503,-0.00014000448845195423,0.0024254681476737205,-0.002570561268046216,false,not converged
1.68,mixed_mesh_0.05,H,2,0.1,0.10619958560736101,-0.000280402514264675,0.0024254681476737205,-0.002570561268046216,false,not converged
1.68,mixed_mesh_0.05,H,3,0.15,0.04528894958593268,-0.0004211855606336898,0.0024254681476737205,-0.002570561268046216,false,not converged
1.68,mixed_mesh_0.05,H,4,0.2,0.019146092197163962,-0.0005623407739909461,0.0024254681476737205,-0.002570561268046216,false,not converged
1.68,mixed_mesh_0.05,H,5,0.25,0.00802491659931205,-0.0007038543844910651,0.0024254681476737205,-0.002570561268046216,false,not converged
1.68,mixed_mesh_0.05,H,6,0.3,0.0033353946963402634,-0.0008457127872726154,0.0024254681476737205,-0.002570561268046216,false,not converged
1.68,mixed_mesh_0.05,H,7,0.35,0.001374953723687648,-0.0009879028285044106,0.0024254681476737205,-0.002570561268046216,false,not converged
1.68,mixed_mesh_0.05,H,8,0.4,0.0005622906096559014,-0.0011304118447450426,0.0024254681476737205,-0.002570561268046216,false,not converged
1.68,mixed_mesh_0.05,H,9,0.45,0.00022817615990352786,-0.001273227639380774,0.0024254681476737205,-0.002570561268046216,false,not converged
1.68,mixed_mesh_0.05,H,10,0.5,9.190221893884174e-05,-0.0014163384512467028,0.0024254681476737205,-0.002570561268046216,false,not converged
1.68,mixed_mesh_0.05,H,11,0.55,3.674859401339053e-05,-0.001559732928322094,0.0024254681476737205,-0.002570561268046216,false,not converged
1.68,mixed_mesh_0.05,H,12,0.6,1.4592472021647255e-05,-0.0017034001072793476,0.0024254681476737205,-0.002570561268046216,false,not converged
1.68,mixed_mesh_0.05,H,13,0.65,5.7557958506293565e-06,-0.0018473293971744392,0.0024254681476737205,-0.002570561268046216,false,not converged
1.68,mixed_mesh_0.05,H,14,0.7,2.255717910409253e-06,-0.00199151056568337,0.0024254681476737205,-0.002570561268046216,false,not converged
1.68,mixed_mesh_0.05,H,15,0.75,8.785779737605356e-07,-0.0021359337268456544,0.0024254681476737205,-0.002570561268046216,false,not converged
1.68,mixed_mesh_0.05,H,16,0.8,3.4017555673596384e-07,-0.0022805893297247817,0.0024254681476737205,-0.002570561268046216,false,not converged
1.68,mixed_mesh_0.05,H,17,0.85,1.3096689764631497e-07,-0.0024254681476737205,0.0024254681476737205,-0.002570561268046216,false,not converged
1.68,mixed_mesh_0.05,L,0,-3.503246160812043e-46,1.0,n/a,0.0,n/a,false,not converged
1.685,mixed_mesh_0.025,H,0,0.0,0.3232383192280616,0.0,0.002340112296367382,-0.002408646297944227,false,not converged
1.685,mixed_mesh_0.025,H,1,0.025,0.21986033208110226,-6.488594495482791e-05,0.002340112296367382,-0.002408646297944227,false,not converged
1.685,mixed_mesh_0.025,H,2,0.05,0.14917986124923607,-0.0001299091017998486,0.002340112296367382,-0.002408646297944227,false,not converged
1.685,mixed_mesh_0.025,H,3,0.075,0.10097272042605716,-0.00019506928158359365,0.002340112296367382,-0.002408646297944227,false,not converged
1.685,mixed_mesh_0.025,H,4,0.1,0.06817488597092122,-0.0002603652714368149,0.002340112296367382,-0.002408646297944227,false,not converged
1.685,mixed_mesh_0.025,H,5,0.125,0.045916734064232995,-0.0003257952662774231,0.002340112296367382,-0.002408646297944227,false,not converged
1.685,mixed_mesh_0.025,H,6,0.15,0.03084938229357165,-0.00039135713261502026,0.002340112296367382,-0.002408646297944227,false,not converged
1.685,mixed_mesh_0.025,H,7,0.175,0.020675499443490643,-0.0004570485681788328,0.002340112296367382,-0.002408646297944227,false,not converged
1.685,mixed_mesh_0.025,H,8,0.2,0.013823141077527166,-0.0005228671970319153,0.002340112296367382,-0.002408646297944227,false,not converged
1.685,mixed_mesh_0.025,H,9,0.225,0.009219501818523455,-0.0005888106249994449,0.002340112296367382,-0.002408646297944227,false,not converged
1.685,mixed_mesh_0.025,H,10,0.25,0.006134346588943448,-0.0006548764709513573,0.002340112296367382,-0.002408646297944227,false,not converged
1.685,mixed_mesh_0.025,H,11,0.275,0.004071932875683859,-0.000721062383621433,0.002340112296367382,-0.002408646297944227,false,not converged
1.685,mixed_mesh_0.025,H,12,0.3,0.0026966005408690166,-0.000787366049943978,0.002340112296367382,-0.002408646297944227,false,not converged
1.685,mixed_mesh_0.025,H,13,0.325,0.00178167873960487,-0.000853785198558144,0.002340112296367382,-0.002408646297944227,false,not converged
1.685,mixed_mesh_0.025,H,14,0.35,0.0011744991123613334,-0.0009203176006712561,0.002340112296367382,-0.002408646297944227,false,not converged
1.685,mixed_mesh_0.025,H,15,0.375,0.000772504128666888,-0.000986961069568729,0.002340112296367382,-0.002408646297944227,false,not converged
1.685,mixed_mesh_0.025,H,16,0.4,0.0005069773103336846,-0.0010537134595055295,0.002340112296367382,-0.002408646297944227,false,not converged
1.685,mixed_mesh_0.025,H,17,0.425,0.0003319945838720171,-0.0011205726643818761,0.002340112296367382,-0.002408646297944227,false,not converged
1.685,mixed_mesh_0.025,H,18,0.45,0.0002169420386038751,-0.001187536616410417,0.002340112296367382,-0.002408646297944227,false,not converged
1.685,mixed_mesh_0.025,H,19,0.475,0.0001414628524073338,-0.0012546032848704518,0.002340112296367382,-0.002408646297944227,false,not converged
1.685,mixed_mesh_0.025,H,20,0.5,9.205407319252016e-05,-0.0013217706749835845,0.002340112296367382,-0.002408646297944227,false,not converged
1.685,mixed_mesh_0.025,H,21,0.525,5.978078162354068e-05,-0.001389036826913579,0.002340112296367382,-0.002408646297944227,false,not converged
1.685,mixed_mesh_0.025,H,22,0.55,3.874488027390418e-05,-0.0014563998148785923,0.002340112296367382,-0.002408646297944227,false,not converged
1.685,mixed_mesh_0.025,H,23,0.575,2.506209922996575e-05,-0.0015238577463587786,0.002340112296367382,-0.002408646297944227,false,not converged
1.685,mixed_mesh_0.025,H,24,0.6,1.618032377791001e-05,-0.001591408761381606,0.002340112296367382,-0.002408646297944227,false,not converged
1.685,mixed_mesh_0.025,H,25,0.625,1.0426531242686461e-05,-0.0016590510318691305,0.002340112296367382,-0.002408646297944227,false,not converged
1.685,mixed_mesh_0.025,H,26,0.65,6.706432506563495e-06,-0.0017267827610339213,0.002340112296367382,-0.002408646297944227,false,not converged
1.685,mixed_mesh_0.025,H,27,0.675,4.305845546000097e-06,-0.0017946021828129828,0.002340112296367382,-0.002408646297944227,false,not converged
1.685,mixed_mesh_0.025,H,28,0.7,2.759665985723507e-06,-0.0018625075613314356,0.002340112296367382,-0.002408646297944227,false,not converged
1.685,mixed_mesh_0.025,H,29,0.725,1.7656379262346997e-06,-0.001930497190389598,0.002340112296367382,-0.002408646297944227,false,not converged
1.685,mixed_mesh_0.025,H,30,0.75,1.1277414488632708e-06,-0.001998569392968833,0.002340112296367382,-0.002408646297944227,false,not converged
1.685,mixed_mesh_0.025,H,31,0.775,7.191106621385899e-07,-0.002066722520752653,0.002340112296367382,-0.002408646297944227,false,not converged
1.685,mixed_mesh_0.025,H,32,0.8,4.577997197715622e-07,-0.00213495495366052,0.002340112296367382,-0.002408646297944227,false,not converged
1.685,mixed_mesh_0.025,H,33,0.825,2.9098058477682543e-07,-0.0022032650993925908,0.002340112296367382,-0.002408646297944227,false,not converged
1.685,mixed_mesh_0.025,H,34,0.85,1.8466135995014435e-07,-0.002271651392983933,0.002340112296367382,-0.002408646297944227,false,not converged
1.685,mixed_mesh_0.025,H,35,0.875,1.170108489409026e-07,-0.002340112296367382,0.002340112296367382,-0.002408646297944227,false,not converged
1.685,mixed_mesh_0.025,L,0,-3.503246160812043e-46,1.0,n/a,0.0,n/a,false,not converged
1.685,mixed_mesh_0.05,H,0,0.0,0.5421932972726443,0.0,0.002395136929574361,-0.0025310051628598396,false,not converged
1.685,mixed_mesh_0.05,H,1,0.05,0.2501197703440621,-0.0001299050995889646,0.002395136929574361,-0.0025310051628598396,false,not converged
1.685,mixed_mesh_0.05,H,2,0.1,0.11432140662404046,-0.00026025230149027793,0.002395136929574361,-0.0025310051628598396,false,not converged
1.685,mixed_mesh_0.05,H,3,0.15,0.05176917126758904,-0.00039103273958033093,0.002395136929574361,-0.0025310051628598396,false,not converged
1.685,mixed_mesh_0.05,H,4,0.2,0.02322756654324583,-0.000522232369970746,0.002395136929574361,-0.0025310051628598396,false,not converged
1.685,mixed_mesh_0.05,H,5,0.25,0.01032715868590285,-0.0006538358488297003,0.002395136929574361,-0.0025310051628598396,false,not converged
1.685,mixed_mesh_0.05,H,6,0.3,0.004550718020313889,-0.0007858278801810862,0.002395136929574361,-0.0025310051628598396,false,not converged
1.685,mixed_mesh_0.05,H,7,0.35,0.0019878949977733163,-0.0009181936255535806,0.002395136929574361,-0.0025310051628598396,false,not converged
1.685,mixed_mesh_0.05,H,8,0.4,0.0008610427638279323,-0.001050918789526757,0.002395136929574361,-0.0025310051628598396,false,not converged
1.685,mixed_mesh_0.05,H,9,0.45,0.0003699003498525061,-0.0011839896076463238,0.002395136929574361,-0.0025310051628598396,false,not converged
1.685,mixed_mesh_0.05,H,10,0.5,0.00015764845965342197,-0.0013173928136927422,0.002395136929574361,-0.0025310051628598396,false,not converged
1.685,mixed_mesh_0.05,H,11,0.55,6.667442822564883e-05,-0.001451115608673819,0.002395136929574361,-0.0025310051628598396,false,not converged
1.685,mixed_mesh_0.05,H,12,0.6,2.7990775395809102e-05,-0.0015851456357268683,0.002395136929574361,-0.0025310051628598396,false,not converged
1.685,mixed_mesh_0.05,H,13,0.65,1.16675245769427e-05,-0.0017194709600743263,0.002395136929574361,-0.0025310051628598396,false,not converged
1.685,mixed_mesh_0.05,H,14,0.7,4.83028046686047e-06,-0.0018540800524049095,0.002395136929574361,-0.0025310051628598396,false,not converged
1.685,mixed_mesh_0.05,H,15,0.75,1.9866259167688096e-06,-0.001988961774397408,0.002395136929574361,-0.0025310051628598396,false,not converged
1.685,mixed_mesh_0.05,H,16,0.8,8.119477210687914e-07,-0.002124105365570863,0.002395136929574361,-0.0025310051628598396,false,not converged
1.685,mixed_mesh_0.05,H,17,0.85,3.298552502214947e-07,-0.0022595004309907112,0.002395136929574361,-0.0025310051628598396,false,not converged
1.685,mixed_mesh_0.05,H,18,0.9,1.3323354102836233e-07,-0.002395136929574361,0.002395136929574361,-0.0025310051628598396,false,not converged
1.685,mixed_mesh_0.05,L,0,-3.503246160812043e-46,1.0,n/a,0.0,n/a,false,not converged
1.69,mixed_mesh_0.025,H,0,0.0,0.3026554056068565,0.0,0.002297944374609121,-0.0023619675097577286,false,not converged
1.69,mixed_mesh_0.025,H,1,0.025,0.21229255388408466,-5.980922841106835e-05,0.002297944374609121,-0.0023619675097577286,false,not converged
1.69,mixed_mesh_0.025,H,2,0.05,0.1485246783632277,-0.00011977042167310209,0.002297944374609121,-0.0023619675097577286,false,not converged
1.69,mixed_mesh_0.025,H,3,0.075,0.10364072145632257,-0.0001798835141909969,0.002297944374609121,-0.0023619675097577286,false,not converged
1.69,mixed_mesh_0.025,H,4,0.1,0.07213159215289683,-0.00024014731370190215,0.002297944374609121,-0.0023619675097577286,false,not converged
1.69,mixed_mesh_0.025,H,5,0.125,0.05007064450686665,-0.00030055994734070127,0.002297944374609121,-0.0023619675097577286,false,not converged
1.69,mixed_mesh_0.025,H,6,0.15,0.03466617386425328,-0.00036111914492701876,0.002297944374609121,-0.0023619675097577286,false,not converged
1.69,mixed_mesh_0.025,H,7,0.175,0.023938604052241665,-0.00042182241749686225,0.002297944374609121,-0.0023619675097577286,false,not converged
1.69,mixed_mesh_0.025,H,8,0.2,0.016488045975246363,-0.0004826671684442477,0.002297944374609121,-0.0023619675097577286,false,not converged
1.69,mixed_mesh_0.025,H,9,0.225,0.011327291675962522,-0.000543650761509632,0.002297944374609121,-0.0023619675097577286,false,not converged
1.69,mixed_mesh_0.025,H,10,0.25,0.007762114866525727,-0.0006047705613647612,0.002297944374609121,-0.0023619675097577286,false,not converged
1.69,mixed_mesh_0.025,H,11,0.275,0.005305703142278901,-0.0006660239570033602,0.002297944374609121,-0.0023619675097577286,false,not converged
1.69,mixed_mesh_0.025,H,12,0.3,0.0036176586979734713,-0.0007274083745162935,0.002297944374609121,-0.0023619675097577286,false,not converged
1.69,mixed_mesh_0.025,H,13,0.325,0.0024606380893472304,-0.0007889212834516542,0.002297944374609121,-0.0023619675097577286,false,not converged
1.69,mixed_mesh_0.025,H,14,0.35,0.0016696209421546136,-0.0008505601994089019,0.002297944374609121,-0.0023619675097577286,false,not converged
1.69,mixed_mesh_0.025,H,15,0.375,0.0011301943162288816,-0.0009123226845112594,0.002297944374609121,-0.0023619675097577286,false,not converged
1.69,mixed_mesh_0.025,H,16,0.4,0.0007632539645018927,-0.000974206346756044,0.002297944374609121,-0.0023619675097577286,false,not converged
1.69,mixed_mesh_0.025,H,17,0.425,0.0005142588564968752,-0.0010362088388343243,0.002297944374609121,-0.0023619675097577286,false,not converged
1.69,mixed_mesh_0.025,H,18,0.45,0.0003457065804697864,-0.0010983278567567537,0.002297944374609121,-0.0023619675097577286,false,not converged
1.69,mixed_mesh_0.025,H,19,0.475,0.0002318800265531203,-0.001160561138466942,0.002297944374609121,-0.0023619675097577286,false,not converged
1.69,mixed_mesh_0.025,H,20,0.5,0.0001551907224485744,-0.0012229064625310718,0.002297944374609121,-0.0023619675097577286,false,not converged
1.69,mixed_mesh_0.025,H,21,0.525,0.00010364108195752724,-0.0012853616469394157,0.002297944374609121,-0.0023619675097577286,false,not converged
1.69,mixed_mesh_0.025,H,22,0.55,6.906834576628351e-05,-0.001347924548026267,0.002297944374609121,-0.0023619675097577286,false,not converged
1.69,mixed_mesh_0.025,H,23,0.575,4.5932949493591316e-05,-0.0014105930595003976,0.002297944374609121,-0.0023619675097577286,false,not converged
1.69,mixed_mesh_0.025,H,24,0.6,3.048491795863547e-05,-0.0014733651115719781,0.002297944374609121,-0.0023619675097577286,false,not converged
1.69,mixed_mesh_0.025,H,25,0.625,2.0191955805792315e-05,-0.0015362386701602941,0.002297944374609121,-0.0023619675097577286,false,not converged
1.69,mixed_mesh_0.025,H,26,0.65,1.3348165921956245e-05,-0.0015992117361676057,0.002297944374609121,-0.0023619675097577286,false,not converged
1.69,mixed_mesh_0.025,H,27,0.675,8.807076543950212e-06,-0.0016622823448061395,0.002297944374609121,-0.0023619675097577286,false,not converged
1.69,mixed_mesh_0.025,H,28,0.7,5.799972176411192e-06,-0.0017254485649675806,0.002297944374609121,-0.0023619675097577286,false,not converged
1.69,mixed_mesh_0.025,H,29,0.725,3.8125967427712794e-06,-0.0017887084986264526,0.002297944374609121,-0.0023619675097577286,false,not converged
1.69,mixed_mesh_0.025,H,30,0.75,2.5016891602858213e-06,-0.0018520602802705923,0.002297944374609121,-0.0023619675097577286,false,not converged
1.69,mixed_mesh_0.025,H,31,0.775,1.6386259413525637e-06,-0.0019155020763535827,0.002297944374609121,-0.0023619675097577286,false,not converged
1.69,mixed_mesh_0.025,H,32,0.8,1.071461527097066e-06,-0.001979032084765138,0.002297944374609121,-0.0023619675097577286,false,not converged
1.69,mixed_mesh_0.025,H,33,0.825,6.994225630946049e-07,-0.0020426485343165834,0.002297944374609121,-0.0023619675097577286,false,not converged
1.69,mixed_mesh_0.025,H,34,0.85,4.5581094693041386e-07,-0.0021063496842390825,0.002297944374609121,-0.0023619675097577286,false,not converged
1.69,mixed_mesh_0.025,H,35,0.875,2.9657011121082994e-07,-0.0021701338236930663,0.002297944374609121,-0.0023619675097577286,false,not converged
1.69,mixed_mesh_0.025,H,36,0.9,1.9265605697644705e-07,-0.002233999271287656,0.002297944374609121,-0.0023619675097577286,false,not converged
1.69,mixed_mesh_0.025,H,37,0.925,1.249583882667615e-07,-0.002297944374609121,0.002297944374609121,-0.0023619675097577286,false,not converged
1.69,mixed_mesh_0.025,L,0,-3.503246160812043e-46,1.0,n/a,0.0,n/a,false,not converged
1.69,mixed_mesh_0.05,H,0,0.0,0.5139100637080617,0.0,0.0023467424087061546,-0.002473516164385129,false,not converged
1.69,mixed_mesh_0.05,H,1,0.05,0.2520731084944003,-0.00011977156893659029,0.0023467424087061546,-0.002473516164385129,false,not converged
1.69,mixed_mesh_0.05,H,2,0.1,0.12243413093987941,-0.00024004206565764316,0.0023467424087061546,-0.002473516164385129,false,not converged
1.69,mixed_mesh_0.05,H,3,0.15,0.05888295804937168,-0.00036080236227493435,0.0023467424087061546,-0.002473516164385129,false,not converged
1.69,mixed_mesh_0.05,H,4,0.2,0.028042181508327352,-0.00048203714925888893,0.0023467424087061546,-0.002473516164385129,false,not converged
1.69,mixed_mesh_0.05,H,5,0.25,0.013225939841881638,-0.0006037293130639774,0.0023467424087061546,-0.002473516164385129,false,not converged
1.69,mixed_mesh_0.05,H,6,0.3,0.006178951636723016,-0.0007258616032547226,0.0023467424087061546,-0.002473516164385129,false,not converged
1.69,mixed_mesh_0.05,H,7,0.35,0.0028600531614471876,-0.0008484172058289717,0.0023467424087061546,-0.002473516164385129,false,not converged
1.69,mixed_mesh_0.05,H,8,0.4,0.0013119396902590565,-0.0009713798986424214,0.0023467424087061546,-0.002473516164385129,false,not converged
1.69,mixed_mesh_0.05,H,9,0.45,0.0005965568939943979,-0.0010947340621662652,0.0023467424087061546,-0.002473516164385129,false,not converged
1.69,mixed_mesh_0.05,H,10,0.5,0.0002689748255348041,-0.001218464649511938,0.0023467424087061546,-0.002473516164385129,false,not converged
1.69,mixed_mesh_0.05,H,11,0.55,0.00012028747727643803,-0.0013425571513045464,0.0023467424087061546,-0.002473516164385129,false,not converged
1.69,mixed_mesh_0.05,H,12,0.6,5.3371269707998754e-05,-0.0014669975651635959,0.0023467424087061546,-0.002473516164385129,false,not converged
1.69,mixed_mesh_0.05,H,13,0.65,2.3501902456599725e-05,-0.0015917723708401017,0.0023467424087061546,-0.002473516164385129,false,not converged
1.69,mixed_mesh_0.05,H,14,0.7,1.0273926642169992e-05,-0.0017168685097607838,0.0023467424087061546,-0.002473516164385129,false,not converged
1.69,mixed_mesh_0.05,H,15,0.75,4.460011770575708e-06,-0.001842273367557207,0.0023467424087061546,-0.002473516164385129,false,not converged
1.69,mixed_mesh_0.05,H,16,0.8,1.9232133412975767e-06,-0.001967974758520827,0.0023467424087061546,-0.002473516164385129,false,not converged
1.69,mixed_mesh_0.05,H,17,0.85,8.240119158886236e-07,-0.00209396091130638,0.0023467424087061546,-0.002473516164385129,false,not converged
1.69,mixed_mesh_0.05,H,18,0.9,3.508914860127894e-07,-0.0022202204554829796,0.0023467424087061546,-0.002473516164385129,false,not converged
1.69,mixed_mesh_0.05,H,19,0.95,1.4854552243285374e-07,-0.0023467424087061546,0.0023467424087061546,-0.002473516164385129,false,not converged
1.69,mixed_mesh_0.05,L,0,-3.503246160812043e-46,1.0,n/a,0.0,n/a,false,not converged
1.695,mixed_mesh_0.025,H,0,0.0,0.28147012453604126,0.0,0.002238362557511548,-0.002297958179020884,false,not converged
1.695,mixed_mesh_0.025,H,1,0.025,0.2036321073312371,-5.4713195332423646e-05,0.002238362557511548,-0.002297958179020884,false,not converged
1.695,mixed_mesh_0.025,H,2,0.05,0.14691616538848642,-0.00010959558010564785,0.002238362557511548,-0.002297958179020884,false,not converged
1.695,mixed_mesh_0.025,H,3,0.075,0.10570408042168862,-0.00016464724963573827,0.002238362557511548,-0.002297958179020884,false,not converged
1.695,mixed_mesh_0.025,H,4,0.1,0.0758415789201171,-0.00021986705977616416,0.002238362557511548,-0.002297958179020884,false,not converged
1.695,mixed_mesh_0.025,H,5,0.125,0.05426442603438911,-0.0002752530850681661,0.002238362557511548,-0.002297958179020884,false,not converged
1.695,mixed_mesh_0.025,H,6,0.15,0.03871840970925713,-0.0003308029210147309,0.002238362557511548,-0.002297958179020884,false,not converged
1.695,mixed_mesh_0.025,H,7,0.175,0.027549853787421922,-0.00038651388233642853,0.002238362557511548,-0.002297958179020884,false,not converged
1.695,mixed_mesh_0.025,H,8,0.2,0.019549153617708866,-0.0004423831317494622,0.002238362557511548,-0.002297958179020884,false,not converged
1.695,mixed_mesh_0.025,H,9,0.225,0.013834161203291218,-0.0004984077624693162,0.002238362557511548,-0.002297958179020884,false,not converged
1.695,mixed_mesh_0.025,H,10,0.25,0.009763485591282123,-0.0005545848500824527,0.002238362557511548,-0.002297958179020884,false,not converged
1.695,mixed_mesh_0.025,H,11,0.275,0.006872210894789307,-0.0006109114843260354,0.002238362557511548,-0.002297958179020884,false,not converged
1.695,mixed_mesh_0.025,H,12,0.3,0.00482437546633582,-0.0006673847878507369,0.002238362557511548,-0.002297958179020884,false,not converged
1.695,mixed_mesh_0.025,H,13,0.325,0.003377950081871873,-0.0007240019266845279,0.002238362557511548,-0.002297958179020884,false,not converged
1.695,mixed_mesh_0.025,H,14,0.35,0.002359109775155833,-0.0007807601155145408,0.002238362557511548,-0.002297958179020884,false,not converged
1.695,mixed_mesh_0.025,H,15,0.375,0.0016433945519815762,-0.0008376566198219082,0.002238362557511548,-0.002297958179020884,false,not converged
1.695,mixed_mesh_0.025,H,16,0.4,0.0011419598924697755,-0.0008946887561780813,0.002238362557511548,-0.002297958179020884,false,not converged
1.695,mixed_mesh_0.025,H,17,0.425,0.0007915752226019324,-0.0009518538915281229,0.002238362557511548,-0.002297958179020884,false,not converged
1.695,mixed_mesh_0.025,H,18,0.45,0.0005473728692992603,-0.0010091494419689501,0.002238362557511548,-0.002297958179020884,false,not converged
1.695,mixed_mesh_0.025,H,19,0.475,0.00037760852521178897,-0.0010665728713248786,0.002238362557511548,-0.002297958179020884,false,not converged
1.695,mixed_mesh_0.025,H,20,0.5,0.00025988769321285847,-0.0011241216896919533,0.002238362557511548,-0.002297958179020884,false,not converged
1.695,mixed_mesh_0.025,H,21,0.525,0.00017845682935192537,-0.0011817934520411636,0.002238362557511548,-0.002297958179020884,false,not converged
1.695,mixed_mesh_0.025,H,22,0.55,0.00012226507712753584,-0.00123958575692148,0.002238362557511548,-0.002297958179020884,false,not converged
1.695,mixed_mesh_0.025,H,23,0.575,8.358181779541708e-05,-0.0012974962452752588,0.002238362557511548,-0.002297958179020884,false,not converged
1.695,mixed_mesh_0.025,H,24,0.6,5.701376215357113e-05,-0.0013555225993629825,0.002238362557511548,-0.002297958179020884,false,not converged
1.695,mixed_mesh_0.025,H,25,0.625,3.880828464163364e-05,-0.001413662541786877,0.002238362557511548,-0.002297958179020884,false,not converged
1.695,mixed_mesh_0.025,H,26,0.65,2.636115073071359e-05,-0.001471913834600047,0.002238362557511548,-0.002297958179020884,false,not converged
1.695,mixed_mesh_0.025,H,27,0.675,1.7869717114222416e-05,-0.0015302742784874934,0.002238362557511548,-0.002297958179020884,false,not converged
1.695,mixed_mesh_0.025,H,28,0.7,1.2089337273852109e-05,-0.0015887417120065243,0.002238362557511548,-0.002297958179020884,false,not converged
1.695,mixed_mesh_0.025,H,29,0.725,8.162755186400582e-06,-0.0016473140108756914,0.002238362557511548,-0.002297958179020884,false,not converged
1.695,mixed_mesh_0.025,H,30,0.75,5.500957485355179e-06,-0.0017059890873032182,0.002238362557511548,-0.002297958179020884,false,not converged
1.695,mixed_mesh_0.025,H,31,0.775,3.700195019500054e-06,-0.00176476488934753,0.002238362557511548,-0.002297958179020884,false,not converged
1.695,mixed_mesh_0.025,H,32,0.8,2.4843517279938604e-06,-0.0018236394003040973,0.002238362557511548,-0.002297958179020884,false,not converged
1.695,mixed_mesh_0.025,H,33,0.825,1.6650250142291017e-06,-0.0018826106381140233,0.002238362557511548,-0.002297958179020884,false,not converged
1.695,mixed_mesh_0.025,H,34,0.85,1.1139467646035127e-06,-0.0019416766547907648,0.002238362557511548,-0.002297958179020884,false,not converged
1.695,mixed_mesh_0.025,H,35,0.875,7.439788179761096e-07,-0.002000835535862406,0.002238362557511548,-0.002297958179020884,false,not converged
1.695,mixed_mesh_0.025,H,36,0.9,4.960498154423972e-07,-0.002060085399827303,0.002238362557511548,-0.002297958179020884,false,not converged
1.695,mixed_mesh_0.025,H,37,0.925,3.301979428617871e-07,-0.0021194243976216318,0.002238362557511548,-0.002297958179020884,false,not converged
1.695,mixed_mesh_0.025,H,38,0.95,2.194437194947933e-07,-0.00217885071209762,0.002238362557511548,-0.002297958179020884,false,not converged
1.695,mixed_mesh_0.025,H,39,0.975,1.45608466321273e-07,-0.002238362557511548,0.002238362557511548,-0.002297958179020884,false,not converged
1.695,mixed_mesh_0.025,L,0,-3.503246160812043e-46,1.0,n/a,0.0,n/a,false,not converged
1.695,mixed_mesh_0.05,H,0,0.0,0.48391066752775447,0.0,0.0022809341581052113,-inf,false,not converged
1.695,mixed_mesh_0.05,H,1,0.05,0.2524485108045671,-0.00010960302131351302,0.0022809341581052113,-inf,false,not converged
1.695,mixed_mesh_0.05,H,2,0.1,0.13032901997829038,-0.00021977198344196058,0.0022809341581052113,-inf,false,not converged
1.695,mixed_mesh_0.05,H,3,0.15,0.06657942803678822,-0.0003304976340144203,0.0022809341581052113,-inf,false,not converged
1.695,mixed_mesh_0.05,H,4,0.2,0.03365831028590454,-0.00044176334218679406,0.0022809341581052113,-inf,false,not converged
1.695,mixed_mesh_0.05,H,5,0.25,0.016840577851061037,-0.0005535500149660326,0.0022809341581052113,-inf,false,not converged
1.695,mixed_mesh_0.05,H,6,0.3,0.008341013592503959,-0.0006658381422589236,0.0022809341581052113,-inf,false,not converged
1.695,mixed_mesh_0.05,H,7,0.35,0.004090541613087183,-0.0007786085835662362,0.0022809341581052113,-inf,false,not converged
1.695,mixed_mesh_0.05,H,8,0.4,0.0019868221071220873,-0.0008918428259665125,0.0022809341581052113,-inf,false,not converged
1.695,mixed_mesh_0.05,H,9,0.45,0.0009560456025565464,-0.0010055230355054661,0.0022809341581052113,-inf,false,not converged
1.695,mixed_mesh_0.05,H,10,0.5,0.00045590181197187167,-0.0011196320378384257,0.0022809341581052113,-inf,false,not converged
1.695,mixed_mesh_0.05,H,11,0.55,0.00021551269249381647,-0.0012341532813296714,0.0022809341581052113,-inf,false,not converged
1.695,mixed_mesh_0.05,H,12,0.6,0.00010102323178427485,-0.0013490708008913922,0.0022809341581052113,-inf,false,not converged
1.695,mixed_mesh_0.05,H,13,0.65,4.6973768274115244e-05,-0.0014643691871678438,0.0022809341581052113,-inf,false,not converged
1.695,mixed_mesh_0.05,H,14,0.7,2.1672734800391535e-05,-0.0015800335609774448,0.0022809341581052113,-inf,false,not converged
1.695,mixed_mesh_0.05,H,15,0.75,9.925059427260471e-06,-0.0016960495517485234,0.0022809341581052113,-inf,false,not converged
1.695,mixed_mesh_0.05,H,16,0.8,4.512820069579256e-06,-0.0018124032787105691,0.0022809341581052113,-inf,false,not converged
1.695,mixed_mesh_0.05,H,17,0.85,2.0379309741709824e-06,-0.0019290813339278706,0.0022809341581052113,-inf,false,not converged
1.695,mixed_mesh_0.05,H,18,0.9,9.14290738192592e-07,-0.002046070766579252,0.0022809341581052113,-inf,false,not converged
1.695,mixed_mesh_0.05,H,19,0.95,4.076190100495435e-07,-0.0021633590681191077,0.0022809341581052113,-inf,false,not converged
1.695,mixed_mesh_0.05,H,20,1.0,1.8064082075077447e-07,-0.0022809341581052113,0.0022809341581052113,-inf,false,not converged
1.695,mixed_mesh_0.05,L,0,-3.503246160812043e-46,1.0,n/a,0.0,n/a,false,not converged
1.7,mixed_mesh_0.025,H,0,0.0,0.2596983934806473,0.0,0.002107023822331744,-inf,false,not converged
1.7,mixed_mesh_0.025,H,1,0.025,0.19381213774328568,-4.95966413242648e-05,0.002107023822331744,-inf,false,not converged
1.7,mixed_mesh_0.025,H,2,0.05,0.1442203349495584,-9.938275898541018e-05,0.002107023822331744,-inf,false,not converged
1.7,mixed_mesh_0.025,H,3,0.075,0.10700257359506193,-0.00014935865754045442,0.002107023822331744,-inf,false,not converged
1.7,mixed_mesh_0.025,H,4,0.1,0.07915491738816345,-0.00019952327851111007,0.002107023822331744,-inf,false,not converged
1.7,mixed_mesh_0.025,H,5,0.125,0.05838156279115905,-0.00024987466764797355,0.002107023822331744,-inf,false,not converged
1.7,mixed_mesh_0.025,H,6,0.15,0.0429328307748024,-0.0003004102950826589,0.002107023822331744,-inf,false,not converged
1.7,mixed_mesh_0.025,H,7,0.175,0.03147923918997792,-0.000351127273705443,0.002107023822331744,-inf,false,not converged
1.7,mixed_mesh_0.025,H,8,0.2,0.02301374390644824,-0.0004020225069927114,0.002107023822331744,-inf,false,not converged
1.7,mixed_mesh_0.025,H,9,0.225,0.016775993865439175,-0.00045309278799740386,0.002107023822331744,-inf,false,not converged
1.7,mixed_mesh_0.025,H,10,0.25,0.012193785793972328,-0.0005043348646778315,0.002107023822331744,-inf,false,not converged
1.7,mixed_mesh_0.025,H,11,0.275,0.008837940754639529,-0.0005557454821841909,0.002107023822331744,-inf,false,not converged
1.7,mixed_mesh_0.025,H,12,0.3,0.0063876338061564725,-0.0006073214095200811,0.002107023822331744,-inf,false,not converged
1.7,mixed_mesh_0.025,H,13,0.325,0.00460384392981114,-0.0006590594557367366,0.002107023822331744,-inf,false,not converged
1.7,mixed_mesh_0.025,H,14,0.35,0.0033090931757543524,-0.0007109564792221763,0.002107023822331744,-inf,false,not converged
1.7,mixed_mesh_0.025,H,15,0.375,0.002372040755372766,-0.0007630093925234359,0.002107023822331744,-inf,false,not converged
1.7,mixed_mesh_0.025,H,16,0.4,0.0016958116178312874,-0.0008152151643520712,0.002107023822331744,-inf,false,not converged
1.7,mixed_mesh_0.025,H,17,0.425,0.0012091869819686005,-0.0008675708198743227,0.002107023822331744,-inf,false,not converged
1.7,mixed_mesh_0.025,H,18,0.45,0.0008599797706082809,-0.0009200734400085057,0.002107023822331744,-inf,false,not converged
1.7,mixed_mesh_0.025,H,19,0.475,0.0006100715723594354,-0.000972720160193485,0.002107023822331744,-inf,false,not converged
1.7,mixed_mesh_0.025,H,20,0.5,0.00043170816088843603,-0.0010255081689177093,0.002107023822331744,-inf,false,not converged
1.7,mixed_mesh_0.025,H,21,0.525,0.0003047445768276144,-0.0010784347061824837,0.002107023822331744,-inf,false,not converged
1.7,mixed_mesh_0.025,H,22,0.55,0.00021460382317899971,-0.0011314970619977823,0.002107023822331744,-inf,false,not converged
1.7,mixed_mesh_0.025,H,23,0.575,0.000150769758497701,-0.0011846925749610954,0.002107023822331744,-inf,false,not converged
1.7,mixed_mesh_0.025,H,24,0.6,0.00010567833270354654,-0.001238018630940205,0.002107023822331744,-inf,false,not converged
1.7,mixed_mesh_0.025,H,25,0.625,7.390472458546937e-05,-0.0012914726618635797,0.002107023822331744,-inf,false,not converged
1.7,mixed_mesh_0.025,H,26,0.65,5.156945584716306e-05,-0.0013450521446125227,0.002107023822331744,-inf,false,not converged
1.7,mixed_mesh_0.025,H,27,0.675,3.590595335784936e-05,-0.0013987546000046383,0.002107023822331744,-inf,false,not converged
1.7,mixed_mesh_0.025,H,28,0.7,2.4946710735444315e-05,-0.001452577591856609,0.002107023822331744,-inf,false,not converged
1.7,mixed_mesh_0.025,H,29,0.725,1.7296260775924233e-05,-0.0015065187261143476,0.002107023822331744,-inf,false,not converged
1.7,mixed_mesh_0.025,H,30,0.75,1.1967467579236091e-05,-0.0015605756500395931,0.002107023822331744,-inf,false,not converged
1.7,mixed_mesh_0.025,H,31,0.775,8.263845164680668e-06,-0.0016147460514434504,0.002107023822331744,-inf,false,not converged
1.7,mixed_mesh_0.025,H,32,0.8,5.695219699379097e-06,-0.0016690276579587517,0.002107023822331744,-inf,false,not converged
1.7,mixed_mesh_0.025,H,33,0.825,3.917467770044254e-06,-0.001723418236344712,0.002107023822331744,-inf,false,not converged
1.7,mixed_mesh_0.025,H,34,0.85,2.689583005164552e-06,-0.001777915591818403,0.002107023822331744,-inf,false,not converged
1.7,mixed_mesh_0.025,H,35,0.875,1.8431752685207451e-06,-0.001832517567408879,0.002107023822331744,-inf,false,not converged
1.7,mixed_mesh_0.025,H,36,0.9,1.2608624412151662e-06,-0.001887222043330486,0.002107023822331744,-inf,false,not converged
1.7,mixed_mesh_0.025,H,37,0.925,8.610036831470613e-07,-0.0019420269363728017,0.002107023822331744,-inf,false,not converged
1.7,mixed_mesh_0.025,H,38,0.95,5.869416869908051e-07,-0.0019969301993051185,0.002107023822331744,-inf,false,not converged
1.7,mixed_mesh_0.025,H,39,0.975,3.9944180971832e-07,-0.002051929820293851,0.002107023822331744,-inf,false,not converged
1.7,mixed_mesh_0.025,H,40,1.0,2.7139147605268217e-07,-0.002107023822331744,0.002107023822331744,-inf,false,not converged
1.7,mixed_mesh_0.025,L,0,-3.503246160812043e-46,1.0,n/a,0.0,n/a,false,not converged
1.7,mixed_mesh_0.05,H,0,0.0,0.45214109954614823,0.0,0.0020897567739010837,-inf,false,not converged
1.7,mixed_mesh_0.05,H,1,0.05,0.25094645753140904,-9.939788354091836e-05,0.0020897567739010837,-inf,false,not converged
1.7,mixed_mesh_0.05,H,2,0.1,0.13773422784353395,-0.0001994414027816228,0.0020897567739010837,-inf,false,not converged
1.7,mixed_mesh_0.05,H,3,0.15,0.07475166089960054,-0.00030012138823292235,0.0020897567739010837,-inf,false,not converged
1.7,mixed_mesh_0.05,H,4,0.2,0.04011796623211085,-0.0004014198677683126,0.0020897567739010837,-inf,false,not converged
1.7,mixed_mesh_0.05,H,5,0.25,0.021293967003507587,-0.0005033155532846037,0.0020897567739010837,-inf,false,not converged
1.7,mixed_mesh_0.05,H,6,0.3,0.011180532848698162,-0.000605786326459563,0.0020897567739010837,-inf,false,not converged
1.7,mixed_mesh_0.05,H,7,0.35,0.005808520265252544,-0.0007088102989035727,0.0020897567739010837,-inf,false,not converged
1.7,mixed_mesh_0.05,H,8,0.4,0.00298668136187735,-0.0008123662166212324,0.0020897567739010837,-inf,false,not converged
1.7,mixed_mesh_0.05,H,9,0.45,0.0015204292203226447,-0.000916433578858112,0.0020897567739010837,-inf,false,not converged
1.7,mixed_mesh_0.05,H,10,0.5,0.0007665457603757091,-0.0010209926431951205,0.0020897567739010837,-inf,false,not converged
1.7,mixed_mesh_0.05,H,11,0.55,0.0003828685943799561,-0.001126024392516833,0.0020897567739010837,-inf,false,not converged
1.7,mixed_mesh_0.05,H,12,0.6,0.00018951735817139502,-0.001231510494425143,0.0020897567739010837,-inf,false,not converged
1.7,mixed_mesh_0.05,H,13,0.65,9.300035557384594e-05,-0.0013374332636825192,0.0020897567739010837,-inf,false,not converged
1.7,mixed_mesh_0.05,H,14,0.7,4.525899910931104e-05,-0.001443775630101441,0.0020897567739010837,-inf,false,not converged
1.7,mixed_mesh_0.05,H,15,0.75,2.185026712871299e-05,-0.0015505211114095162,0.0020897567739010837,-inf,false,not converged
1.7,mixed_mesh_0.05,H,16,0.8,1.0468491625732305e-05,-0.0016576537899110136,0.0020897567739010837,-inf,false,not converged
1.7,mixed_mesh_0.05,H,17,0.85,4.9788321660173715e-06,-0.0017651582918404036,0.0020897567739010837,-inf,false,not converged
1.7,mixed_mesh_0.05,H,18,0.9,2.3513800570303962e-06,-0.0018730197685814104,0.0020897567739010837,-inf,false,not converged
1.7,mixed_mesh_0.05,H,19,0.95,1.1030640328189253e-06,-0.0019812238791947663,0.0020897567739010837,-inf,false,not converged
1.7,mixed_mesh_0.05,H,20,1.0,5.141449187033958e-07,-0.0020897567739010837,0.0020897567739010837,-inf,false,not converged
1.7,mixed_mesh_0.05,L,0,-3.503246160812043e-46,1.0,n/a,0.0,n/a,false,not converged
1.705,mixed_mesh_0.025,H,0,0.0,0.2373727023332215,0.0,0.0019179401207590173,-inf,false,not converged
1.705,mixed_mesh_0.025,H,1,0.025,0.18277495410774677,-4.4457688506228075e-05,0.0019179401207590173,-inf,false,not converged
1.705,mixed_mesh_0.025,H,2,0.05,0.14029825369506,-8.912896864863966e-05,0.0019179401207590173,-inf,false,not converged
1.705,mixed_mesh_0.025,H,3,0.075,0.10735558892446007,-0.00013401441673098588,0.0019179401207590173,-inf,false,not converged
1.705,mixed_mesh_0.025,H,4,0.1,0.0818892005425298,-0.00017911311102110383,0.0019179401207590173,-inf,false,not converged
1.705,mixed_mesh_0.025,H,5,0.125,0.062266670211461914,-0.00022442310436238426,0.0019179401207590173,-inf,false,not converged
1.705,mixed_mesh_0.025,H,6,0.15,0.04719685671413211,-0.00026994176033122907,0.0019179401207590173,-inf,false,not converged
1.705,mixed_mesh_0.025,H,7,0.175,0.03566182923335661,-0.000315665991537917,0.0019179401207590173,-inf,false,not converged
1.705,mixed_mesh_0.025,H,8,0.2,0.0268617760387937,-0.0003615924275533482,0.0019179401207590173,-inf,false,not converged
1.705,mixed_mesh_0.025,H,9,0.225,0.020170478738664104,-0.0004077175322369916,0.0019179401207590173,-inf,false,not converged
1.705,mixed_mesh_0.025,H,10,0.25,0.015099405697536558,-0.00045403768478599095,0.0019179401207590173,-inf,false,not converged
1.705,mixed_mesh_0.025,H,11,0.275,0.011268838075492163,-0.0005005492349041711,0.0019179401207590173,-inf,false,not converged
1.705,mixed_mesh_0.025,H,12,0.3,0.008384727489499042,-0.0005472485396411765,0.0019179401207590173,-inf,false,not converged
1.705,mixed_mesh_0.025,H,13,0.325,0.006220214932301343,-0.0005941319873694062,0.0019179401207590173,-inf,false,not converged
1.705,mixed_mesh_0.025,H,14,0.35,0.004600929384495633,-0.0006411960128394978,0.0019179401207590173,-inf,false,not converged
1.705,mixed_mesh_0.025,H,15,0.375,0.0033933405467981835,-0.000688437106135675,0.0019179401207590173,-inf,false,not converged
1.705,mixed_mesh_0.025,H,16,0.4,0.0024955697204374194,-0.0007358518175337152,0.0019179401207590173,-inf,false,not converged
1.705,mixed_mesh_0.025,H,17,0.425,0.0018301708043945717,-0.0007834367596685288,0.0019179401207590173,-inf,false,not converged
1.705,mixed_mesh_0.025,H,18,0.45,0.0013384832805929225,-0.0008311886079873983,0.0019179401207590173,-inf,false,not converged
1.705,mixed_mesh_0.025,H,19,0.475,0.0009762337987277351,-0.0008791041001558943,0.0019179401207590173,-inf,false,not converged
1.705,mixed_mesh_0.025,H,20,0.5,0.0007101249089672882,-0.0009271800348638407,0.0019179401207590173,-inf,false,not converged
1.705,mixed_mesh_0.025,H,21,0.525,0.0005152006022378821,-0.0009754132703244395,0.0019179401207590173,-inf,false,not converged
1.705,mixed_mesh_0.025,H,22,0.55,0.0003728202917280112,-0.0010238007226528092,0.0019179401207590173,-inf,false,not converged
1.705,mixed_mesh_0.025,H,23,0.575,0.00026910715694615544,-0.0010723393642373194,0.0019179401207590173,-inf,false,not converged
1.705,mixed_mesh_0.025,H,24,0.6,0.00019376462499701364,-0.0011210262221683018,0.0019179401207590173,-inf,false,not converged
1.705,mixed_mesh_0.025,H,25,0.625,0.00013917726114583433,-0.001169858376757,0.0019179401207590173,-inf,false,not converged
1.705,mixed_mesh_0.025,H,26,0.65,9.97304074912204e-05,-0.0012188329601574843,0.0019179401207590173,-inf,false,not converged
1.705,mixed_mesh_0.025,H,27,0.675,7.129733383698119e-05,-0.0012679471550921997,0.0019179401207590173,-inf,false,not converged
1.705,mixed_mesh_0.025,H,28,0.7,5.0854117030031504e-05,-0.001317198193674922,0.0019179401207590173,-inf,false,not converged
1.705,mixed_mesh_0.025,H,29,0.725,3.619150589822588e-05,-0.0013665833563216382,0.0019179401207590173,-inf,false,not converged
1.705,mixed_mesh_0.025,H,30,0.75,2.570012694496585e-05,-0.0014160999707385647,0.0019179401207590173,-inf,false,not converged
1.705,mixed_mesh_0.025,H,31,0.775,1.8210928686334123e-05,-0.0014657454109766634,0.0019179401207590173,-inf,false,not converged
1.705,mixed_mesh_0.025,H,32,0.8,1.2877068044645745e-05,-0.0015155170965427036,0.0019179401207590173,-inf,false,not converged
1.705,mixed_mesh_0.025,H,33,0.825,9.086769617753432e-06,-0.0015654124915582407,0.0019179401207590173,-inf,false,not converged
1.705,mixed_mesh_0.025,H,34,0.85,6.399247362531011e-06,-0.001615429103958824,0.0019179401207590173,-inf,false,not converged
1.705,mixed_mesh_0.025,H,35,0.875,4.497736346838479e-06,-0.0016655644847272805,0.0019179401207590173,-inf,false,not converged
1.705,mixed_mesh_0.025,H,36,0.9,3.1551736927419294e-06,-0.001715816227155751,0.0019179401207590173,-inf,false,not converged
1.705,mixed_mesh_0.025,H,37,0.925,2.209198696279395e-06,-0.001766181966132277,0.0019179401207590173,-inf,false,not converged
1.705,mixed_mesh_0.025,H,38,0.95,1.543995768667365e-06,-0.0018166593774485845,0.0019179401207590173,-inf,false,not converged
1.705,mixed_mesh_0.025,H,39,0.975,1.0771454915213979e-06,-0.0018672461771262194,0.0019179401207590173,-inf,false,not converged
1.705,mixed_mesh_0.025,H,40,1.0,7.501293668699832e-07,-0.0019179401207590173,0.0019179401207590173,-inf,false,not converged
1.705,mixed_mesh_0.025,L,0,-3.503246160812043e-46,1.0,n/a,0.0,n/a,false,not converged
1.705,mixed_mesh_0.05,H,0,0.0,0.4185730409103494,0.0,0.0019005103794118156,-inf,false,not converged
1.705,mixed_mesh_0.05,H,1,0.05,0.2472410017384619,-8.915345282417499e-05,0.0019005103794118156,-inf,false,not converged
1.705,mixed_mesh_0.05,H,2,0.1,0.14430465680416973,-0.00017904816902876214,0.0019005103794118156,-inf,false,not converged
1.705,mixed_mesh_0.05,H,3,0.15,0.08321636102346074,-0.0002696753678628448,0.0019005103794118156,-inf,false,not converged
1.705,mixed_mesh_0.05,H,4,0.2,0.047415909005117024,-0.0003610157760381488,0.0019005103794118156,-inf,false,not converged
1.705,mixed_mesh_0.05,H,5,0.25,0.02669857187749907,-0.00045304570415781627,0.0019005103794118156,-inf,false,not converged
1.705,mixed_mesh_0.05,H,6,0.3,0.014859124212937115,-0.0005457400371249059,0.0019005103794118156,-inf,false,not converged
1.705,mixed_mesh_0.05,H,7,0.35,0.008176260001162724,-0.00063907363807344,0.0019005103794118156,-inf,false,not converged
1.705,mixed_mesh_0.05,H,8,0.4,0.0044494230522152236,-0.0007330219565777323,0.0019005103794118156,-inf,false,not converged
1.705,mixed_mesh_0.05,H,9,0.45,0.002395427115741521,-0.0008275612539582668,0.0019005103794118156,-inf,false,not converged
1.705,mixed_mesh_0.05,H,10,0.5,0.001276271723368422,-0.0009226686557207136,0.0019005103794118156,-inf,false,not converged
1.705,mixed_mesh_0.05,H,11,0.55,0.0006731937900836409,-0.0010183221337640228,0.0019005103794118156,-inf,false,not converged
1.705,mixed_mesh_0.05,H,12,0.6,0.00035166781294369013,-0.001114500465632523,0.0019005103794118156,-inf,false,not converged
1.705,mixed_mesh_0.05,H,13,0.65,0.00018200387794240391,-0.0012111831906704753,0.0019005103794118156,-inf,false,not converged
1.705,mixed_mesh_0.05,H,14,0.7,9.335631803916056e-05,-0.0013083505701024754,0.0019005103794118156,-inf,false,not converged
1.705,mixed_mesh_0.05,H,15,0.75,4.7476609194230994e-05,-0.0014059835525386533,0.0019005103794118156,-inf,false,not converged
1.705,mixed_mesh_0.05,H,16,0.8,2.3946584434510522e-05,-0.0015040637443509974,0.0019005103794118156,-inf,false,not converged
1.705,mixed_mesh_0.05,H,17,0.85,1.1983576800339801e-05,-0.0016025733838404433,0.0019005103794118156,-inf,false,not converged
1.705,mixed_mesh_0.05,H,18,0.9,5.951885599392129e-06,-0.0017014953181766594,0.0019005103794118156,-inf,false,not converged
1.705,mixed_mesh_0.05,H,19,0.95,2.9348663957944362e-06,-0.0018008129823251333,0.0019005103794118156,-inf,false,not converged
1.705,mixed_mesh_0.05,H,20,1.0,1.4372140838629838e-06,-0.0019005103794118156,0.0019005103794118156,-inf,false,not converged
1.705,mixed_mesh_0.05,L,0,-3.503246160812043e-46,1.0,n/a,0.0,n/a,false,not converged
1.71,mixed_mesh_0.025,H,0,0.0,0.214550107522045,0.0,0.0017313527808499145,-inf,false,not converged
1.71,mixed_mesh_0.025,H,1,0.025,0.17048007085936082,-3.9293407254537146e-05,0.0017313527808499145,-inf,false,not converged
1.71,mixed_mesh_0.025,H,2,0.05,0.1350125197953149,-7.882934616678273e-05,0.0017313527808499145,-inf,false,not converged
1.71,mixed_mesh_0.025,H,3,0.075,0.10656528147916072,-0.00011860874596995039,0.0017313527808499145,-inf,false,not converged
1.71,mixed_mesh_0.025,H,4,0.1,0.08382823213458897,-0.00015863089095370024,0.0017313527808499145,-inf,false,not converged
1.71,mixed_mesh_0.025,H,5,0.125,0.06571951275752862,-0.00019889389376882144,0.0017313527808499145,-inf,false,not converged
1.71,mixed_mesh_0.025,H,6,0.15,0.05134859994004682,-0.00023939504479126043,0.0017313527808499145,-inf,false,not converged
1.71,mixed_mesh_0.025,H,7,0.175,0.03998503505243973,-0.00028013106934696164,0.0017313527808499145,-inf,false,not converged
1.71,mixed_mesh_0.025,H,8,0.2,0.0310318988658525,-0.00032109831620936655,0.0017313527808499145,-inf,false,not converged
1.71,mixed_mesh_0.025,H,9,0.225,0.02400331323686436,-0.0003622928947974863,0.0017313527808499145,-inf,false,not converged
1.71,mixed_mesh_0.025,H,10,0.25,0.018505387308604203,-0.0004037107741445712,0.0017313527808499145,-inf,false,not converged
1.71,mixed_mesh_0.025,H,11,0.275,0.014220123104392081,-0.0004453478534802652,0.0017313527808499145,-inf,false,not converged
1.71,mixed_mesh_0.025,H,12,0.3,0.010891867790708925,-0.0004872000118492075,0.0017313527808499145,-inf,false,not converged
1.71,mixed_mesh_0.025,H,13,0.325,0.008315956010711972,-0.0005292631423586148,0.0017313527808499145,-inf,false,not converged
1.71,mixed_mesh_0.025,H,14,0.35,0.006329231156742523,-0.0005715331752554689,0.0017313527808499145,-inf,false,not converged
1.71,mixed_mesh_0.025,H,15,0.375,0.004802172793577271,-0.0006140060929734356,0.0017313527808499145,-inf,false,not converged
1.71,mixed_mesh_0.025,H,16,0.4,0.0036323908243388998,-0.0006566779394816223,0.0017313527808499145,-inf,false,not converged
1.71,mixed_mesh_0.025,H,17,0.425,0.0027392766856556513,-0.0006995448256537241,0.0017313527808499145,-inf,false,not converged
1.71,mixed_mesh_0.025,H,18,0.45,0.0020596285954029773,-0.0007426029319116557,0.0017313527808499145,-inf,false,not converged
1.71,mixed_mesh_0.025,H,19,0.475,0.0015440920558376326,-0.0007858485090489042,0.0017313527808499145,-inf,false,not converged
1.71,mixed_mesh_0.025,H,20,0.5,0.0011542786570259084,-0.000829277877878282,0.0017313527808499145,-inf,false,not converged
1.71,mixed_mesh_0.025,H,21,0.525,0.0008604458615820583,-0.0008728874281561001,0.0017313527808499145,-inf,false,not converged
1.71,mixed_mesh_0.025,H,22,0.55,0.000639637980182775,-0.0009166736170936624,0.0017313527808499145,-inf,false,not converged
1.71,mixed_mesh_0.025,H,23,0.575,0.00047420406384247584,-0.0009606329676649511,0.0017313527808499145,-inf,false,not converged
1.71,mixed_mesh_0.025,H,24,0.6,0.0003506220510510236,-0.0010047620668463837,0.0017313527808499145,-inf,false,not converged
1.71,mixed_mesh_0.025,H,25,0.625,0.00025857033926167736,-0.0010490575638732996,0.0017313527808499145,-inf,false,not converged
1.71,mixed_mesh_0.025,H,26,0.65,0.00019019813928346205,-0.001093516168562592,0.0017313527808499145,-inf,false,not converged
1.71,mixed_mesh_0.025,H,27,0.675,0.0001395546667305631,-0.001138134649727002,0.0017313527808499145,-inf,false,not converged
1.71,mixed_mesh_0.025,H,28,0.7,0.00010214458076975887,-0.0011829098336911727,0.0017313527808499145,-inf,false,not converged
1.71,mixed_mesh_0.025,H,29,0.725,7.458325080441507e-05,-0.0012278386029097171,0.0017313527808499145,-inf,false,not converged
1.71,mixed_mesh_0.025,H,30,0.75,5.4330565584178914e-05,-0.0012729178946819745,0.0017313527808499145,-inf,false,not converged
1.71,mixed_mesh_0.025,H,31,0.775,3.9486237456175614e-05,-0.0013181446999550091,0.0017313527808499145,-inf,false,not converged
1.71,mixed_mesh_0.025,H,32,0.8,2.8633027280095878e-05,-0.001363516062205172,0.0017313527808499145,-inf,false,not converged
1.71,mixed_mesh_0.025,H,33,0.825,2.0717140879452962e-05,-0.0014090290763885474,0.0017313527808499145,-inf,false,not converged
1.71,mixed_mesh_0.025,H,34,0.85,1.4957330832685719e-05,-0.0014546808879509002,0.0017313527808499145,-inf,false,not converged
1.71,mixed_mesh_0.025,H,35,0.875,1.0776070015345101e-05,-0.0015004686918888496,0.0017313527808499145,-inf,false,not converged
1.71,mixed_mesh_0.025,H,36,0.9,7.74762522067801e-06,-0.0015463897318548532,0.0017313527808499145,-inf,false,not converged
1.71,mixed_mesh_0.025,H,37,0.925,5.559018404455657e-06,-0.0015924412992997204,0.0017313527808499145,-inf,false,not converged
1.71,mixed_mesh_0.025,H,38,0.95,3.98077701409778e-06,-0.0016386207326472835,0.0017313527808499145,-inf,false,not converged
1.71,mixed_mesh_0.025,H,39,0.975,2.8450914079278335e-06,-0.001684925416496872,0.0017313527808499145,-inf,false,not converged
1.71,mixed_mesh_0.025,H,40,1.0,2.0295561962463662e-06,-0.0017313527808499145,0.0017313527808499145,-inf,false,not converged
1.71,mixed_mesh_0.025,L,0,-3.503246160812043e-46,1.0,n/a,0.0,n/a,false,not converged
1.71,mixed_mesh_0.05,H,0,0.0,0.3832207391789626,0.0,0.001713874760941786,-inf,false,not converged
1.71,mixed_mesh_0.05,H,1,0.05,0.2409897152403963,-7.886518294299757e-05,0.001713874760941786,-inf,false,not converged
1.71,mixed_mesh_0.05,H,2,0.1,0.1496143973434259,-0.00015858743297162987,0.001713874760941786,-inf,false,not converged
1.71,mixed_mesh_0.05,H,3,0.15,0.09169038022792302,-0.0002391588013768045,0.001713874760941786,-inf,false,not converged
1.71,mixed_mesh_0.05,H,4,0.2,0.05547084214352357,-0.00032055884988675155,0.001713874760941786,-inf,false,not converged
1.71,mixed_mesh_0.05,H,5,0.25,0.03313283350649948,-0.0004027613177237776,0.001713874760941786,-inf,false,not converged
1.71,mixed_mesh_0.05,H,6,0.3,0.019543477468771737,-0.0004857376768034674,0.001713874760941786,-inf,false,not converged
1.71,mixed_mesh_0.05,H,7,0.35,0.01138718152611438,-0.0005694589582432383,0.001713874760941786,-inf,false,not converged
1.71,mixed_mesh_0.05,H,8,0.4,0.006556041082801454,-0.0006538966363281397,0.001713874760941786,-inf,false,not converged
1.71,mixed_mesh_0.05,H,9,0.45,0.0037310493669546496,-0.0007390230148195259,0.001713874760941786,-inf,false,not converged
1.71,mixed_mesh_0.05,H,10,0.5,0.0020996462692884107,-0.0008248113626681177,0.001713874760941786,-inf,false,not converged
1.71,mixed_mesh_0.05,H,11,0.55,0.0011688395213467699,-0.0009112359321511426,0.001713874760941786,-inf,false,not converged
1.71,mixed_mesh_0.05,H,12,0.6,0.0006439148880916049,-0.0009982719279903914,0.001713874760941786,-inf,false,not converged
1.71,mixed_mesh_0.05,H,13,0.65,0.00035118782832592183,-0.0010858954606743684,0.001713874760941786,-inf,false,not converged
1.71,mixed_mesh_0.05,H,14,0.7,0.00018969684537110975,-0.0011740834986319285,0.001713874760941786,-inf,false,not converged
1.71,mixed_mesh_0.05,H,15,0.75,0.00010152217027947483,-0.001262813824673397,0.001713874760941786,-inf,false,not converged
1.71,mixed_mesh_0.05,H,16,0.8,5.385291406180323e-05,-0.0013520649978862789,0.001713874760941786,-inf,false,not converged
1.71,mixed_mesh_0.05,H,17,0.85,2.8324890098633595e-05,-0.0014418163204846946,0.001713874760941786,-inf,false,not converged
1.71,mixed_mesh_0.05,H,18,0.9,1.477732618991973e-05,-0.0015320478086244087,0.001713874760941786,-inf,false,not converged
1.71,mixed_mesh_0.05,H,19,0.95,7.64968728110478e-06,-0.00162274016621404,0.001713874760941786,-inf,false,not converged
1.71,mixed_mesh_0.05,H,20,1.0,3.930574292275674e-06,-0.001713874760941786,0.001713874760941786,-inf,false,not converged
1.71,mixed_mesh_0.05,L,0,-3.503246160812043e-46,1.0,n/a,0.0,n/a,false,not converged
1.715,mixed_mesh_0.025,H,0,0.0,0.19132410399642416,0.0,0.0015480846145865014,-inf,false,not converged
1.715,mixed_mesh_0.025,H,1,0.025,0.1569167612114456,-3.409921842852104e-05,0.0015480846145865014,-inf,false,not converged
1.715,mixed_mesh_0.025,H,2,0.05,0.12823860970168285,-6.84760226889997e-05,0.0015480846145865014,-inf,false,not converged
1.715,mixed_mesh_0.025,H,3,0.075,0.10442444630090011,-0.00010313180059312024,0.0015480846145865014,-inf,false,not converged
1.715,mixed_mesh_0.025,H,4,0.1,0.0847246388452503,-0.00013806613602134398,0.0015480846145865014,-inf,false,not converged
1.715,mixed_mesh_0.025,H,5,0.125,0.06849154327890906,-0.00017327727731213495,0.0015480846145865014,-inf,false,not converged
1.715,mixed_mesh_0.025,H,6,0.15,0.05516757403799318,-0.00020876249594832443,0.0015480846145865014,-inf,false,not converged
1.715,mixed_mesh_0.025,H,7,0.175,0.04427457777462462,-0.0002445183606785426,0.0015480846145865014,-inf,false,not converged
1.715,mixed_mesh_0.025,H,8,0.2,0.03540428244564266,-0.00028054094621551666,0.0015480846145865014,-inf,false,not converged
1.715,mixed_mesh_0.025,H,9,0.225,0.028209673650056295,-0.00031682599125406816,0.0015480846145865014,-inf,false,not converged
1.715,mixed_mesh_0.025,H,10,0.25,0.022397200520728182,-0.0003533690172575791,0.0015480846145865014,-inf,false,not converged
1.715,mixed_mesh_0.025,H,11,0.275,0.017719743659537643,-0.00039016541695139056,0.0015480846145865014,-inf,false,not converged
1.715,mixed_mesh_0.025,H,12,0.3,0.013970294249469871,-0.0004272105195209626,0.0015480846145865014,-inf,false,not converged
1.715,mixed_mesh_0.025,H,13,0.325,0.010976301429690192,-0.00046449963799598173,0.0015480846145865014,-inf,false,not converged
1.715,mixed_mesh_0.025,H,14,0.35,0.008594647740449731,-0.0005020281031070514,0.0015480846145865014,-inf,false,not converged
1.715,mixed_mesh_0.025,H,15,0.375,0.006707212345718697,-0.0005397912869565744,0.0015480846145865014,-inf,false,not converged
1.715,mixed_mesh_0.025,H,16,0.4,0.005216980446306609,-0.0005777846190961403,0.0015480846145865014,-inf,false,not converged
1.715,mixed_mesh_0.025,H,17,0.425,0.004044655841404485,-0.0006160035970092844,0.0015480846145865014,-inf,false,not converged
1.715,mixed_mesh_0.025,H,18,0.45,0.0031257325897130475,-0.0006544437925292516,0.0015480846145865014,-inf,false,not converged
1.715,mixed_mesh_0.025,H,19,0.475,0.002407981465822364,-0.0006931008553522581,0.0015480846145865014,-inf,false,not converged
1.715,mixed_mesh_0.025,H,20,0.5,0.0018493074987540378,-0.000731970514517807,0.0015480846145865014,-inf,false,not converged
1.715,mixed_mesh_0.025,H,21,0.525,0.001415936279309722,-0.0007710485785031376,0.0015480846145865014,-inf,false,not converged
1.715,mixed_mesh_0.025,H,22,0.55,0.0010808888144826741,-0.0008103309344057556,0.0015480846145865014,-inf,false,not converged
1.715,mixed_mesh_0.025,H,23,0.575,0.0008227073358100658,-0.0008498135465559095,0.0015480846145865014,-inf,false,not converged
1.715,mixed_mesh_0.025,H,24,0.6,0.0006243974688704252,-0.0008894924548008571,0.0015480846145865014,-inf,false,not converged
1.715,mixed_mesh_0.025,H,25,0.625,0.0004725553856240663,-0.000929363772628233,0.0015480846145865014,-inf,false,not converged
1.715,mixed_mesh_0.025,H,26,0.65,0.000356651851029521,-0.0009694236852407449,0.0015480846145865014,-inf,false,not converged
1.715,mixed_mesh_0.025,H,27,0.675,0.0002684483254513906,-0.0010096684476544361,0.0015480846145865014,-inf,false,not converged
1.715,mixed_mesh_0.025,H,28,0.7,0.00020152340553750934,-0.001050094382864403,0.0015480846145865014,-inf,false,not converged
1.715,mixed_mesh_0.025,H,29,0.725,0.00015089081388890865,-0.0010906978801017517,0.0015480846145865014,-inf,false,not converged
1.715,mixed_mesh_0.025,H,30,0.75,0.00011269283953788719,-0.001131475393192305,0.0015480846145865014,-inf,false,not converged
1.715,mixed_mesh_0.025,H,31,0.775,8.395556339103576e-05,-0.0011724234390184992,0.0015480846145865014,-inf,false,not converged
1.715,mixed_mesh_0.025,H,32,0.8,6.23943670327208e-05,-0.0012135385960805878,0.0015480846145865014,-inf,false,not converged
1.715,mixed_mesh_0.025,H,33,0.825,4.6260122998290454e-05,-0.0012548175031500217,0.0015480846145865014,-inf,false,not converged
1.715,mixed_mesh_0.025,H,34,0.85,3.421811172189883e-05,-0.0012962568580063456,0.0015480846145865014,-inf,false,not converged
1.715,mixed_mesh_0.025,H,35,0.875,2.5253122503144144e-05,-0.0013378534162485113,0.0015480846145865014,-inf,false,not converged
1.715,mixed_mesh_0.025,H,36,0.9,1.8595394145088113e-05,-0.0013796039901716357,0.0015480846145865014,-inf,false,not converged
1.715,mixed_mesh_0.025,H,37,0.925,1.3663058162751441e-05,-0.0014215054477010464,0.0015480846145865014,-inf,false,not converged
1.715,mixed_mesh_0.025,H,38,0.95,1.0017586681447676e-05,-0.0014635547113759292,0.0015480846145865014,-inf,false,not converged
1.715,mixed_mesh_0.025,H,39,0.975,7.3294406457202216e-06,-0.0015057487573761456,0.0015480846145865014,-inf,false,not converged
1.715,mixed_mesh_0.025,H,40,1.0,5.351682651842315e-06,-0.0015480846145865014,0.0015480846145865014,-inf,false,not converged
1.715,mixed_mesh_0.025,L,0,-3.503246160812043e-46,1.0,n/a,0.0,n/a,false,not converged
1.715,mixed_mesh_0.05,H,0,0.0,0.3461663684922825,0.0,0.001530720248264946,-inf,false,not converged
1.715,mixed_mesh_0.05,H,1,0.05,0.23185344743919117,-6.852550965935253e-05,0.001530720248264946,-inf,false,not converged
1.715,mixed_mesh_0.05,H,2,0.1,0.15315574444021113,-0.00013804958321788794,0.001530720248264946,-inf,false,not converged
1.715,mixed_mesh_0.05,H,3,0.15,0.09976653708081477,-0.0002085657371265902,0.001530720248264946,-inf,false,not converged
1.715,mixed_mesh_0.05,H,4,0.2,0.06408832976564523,-0.0002800526520752443,0.001530720248264946,-inf,false,not converged
1.715,mixed_mesh_0.05,H,5,0.25,0.040604826055149854,-0.00035248140519534947,0.001530720248264946,-inf,false,not converged
1.715,mixed_mesh_0.05,H,6,0.3,0.025379404538438604,-0.0004258196390117923,0.001530720248264946,-inf,false,not converged
1.715,mixed_mesh_0.05,H,7,0.35,0.01565376884348219,-0.0005000338935559206,0.001530720248264946,-inf,false,not converged
1.715,mixed_mesh_0.05,H,8,0.4,0.009531020441236968,-0.0005750908525365582,0.001530720248264946,-inf,false,not converged
1.715,mixed_mesh_0.05,H,9,0.45,0.005730691262783418,-0.000650957963616151,0.001530720248264946,-inf,false,not converged
1.715,mixed_mesh_0.05,H,10,0.5,0.0034040523811765242,-0.0007276037109407146,0.001530720248264946,-inf,false,not converged
1.715,mixed_mesh_0.05,H,11,0.55,0.0019984274025307298,-0.0008049977040777215,0.001530720248264946,-inf,false,not converged
1.715,mixed_mesh_0.05,H,12,0.6,0.0011600287098744682,-0.0008831106769992322,0.001530720248264946,-inf,false,not converged
1.715,mixed_mesh_0.05,H,13,0.65,0.0006660767986655908,-0.0009619144481637382,0.001530720248264946,-inf,false,not converged
1.715,mixed_mesh_0.05,H,14,0.7,0.00037847903905567816,-0.0010413818678715932,0.001530720248264946,-inf,false,not converged
1.715,mixed_mesh_0.05,H,15,0.75,0.00021291496821987534,-0.0011214867651356993,0.001530720248264946,-inf,false,not converged
1.715,mixed_mesh_0.05,H,16,0.8,0.00011863121141822991,-0.0012022038989204092,0.001530720248264946,-inf,false,not converged
1.715,mixed_mesh_0.05,H,17,0.85,6.549333948354537e-05,-0.0012835089149688325,0.001530720248264946,-inf,false,not converged
1.715,mixed_mesh_0.05,H,18,0.9,3.584032430536718e-05,-0.001365378307855828,0.001530720248264946,-inf,false,not converged
1.715,mixed_mesh_0.05,H,19,0.95,1.9448571170016425e-05,-0.0014477893873682361,0.001530720248264946,-inf,false,not converged
1.715,mixed_mesh_0.05,H,20,1.0,1.046889486414801e-05,-0.001530720248264946,0.001530720248264946,-inf,false,not converged
1.715,mixed_mesh_0.05,L,0,-3.503246160812043e-46,1.0,n/a,0.0,n/a,false,not converged
1.72,mixed_mesh_0.025,H,0,0.0,0.16784126691503815,0.0,0.00136916074070376,-inf,false,not converged
1.72,mixed_mesh_0.025,H,1,0.025,0.14212273203164716,-2.8867963987342824e-05,0.00136916074070376,-inf,false,not converged
1.72,mixed_mesh_0.025,H,2,0.05,0.1198833850548862,-5.8056327981585156e-05,0.00136916074070376,-inf,false,not converged
1.72,mixed_mesh_0.025,H,3,0.075,0.10073196905601543,-8.756707562314055e-05,0.00136916074070376,-inf,false,not converged
1.72,mixed_mesh_0.025,H,4,0.1,0.08430962914361063,-0.00011740021588601429,0.00136916074070376,-inf,false,not converged
1.72,mixed_mesh_0.025,H,5,0.125,0.07028826025768653,-0.00014755423997355518,0.00136916074070376,-inf,false,not converged
1.72,mixed_mesh_0.025,H,6,0.15,0.05836913230252509,-0.00017802648422520157,0.00136916074070376,-inf,false,not converged
1.72,mixed_mesh_0.025,H,7,0.175,0.048281613500360615,-0.00020881341784809637,0.00136916074070376,-inf,false,not converged
1.72,mixed_mesh_0.025,H,8,0.2,0.039781880949394395,-0.00023991087030617985,0.00136916074070376,-inf,false,not converged
1.72,mixed_mesh_0.025,H,9,0.225,0.03265155809953787,-0.0002713142101943445,0.00136916074070376,-inf,false,not converged
1.72,mixed_mesh_0.025,H,10,0.25,0.026696255531544175,-0.0003030184851124957,0.00136916074070376,-inf,false,not converged
1.72,mixed_mesh_0.025,H,11,0.275,0.021744016765652144,-0.0003350185302422133,0.00136916074070376,-inf,false,not converged
1.72,mixed_mesh_0.025,H,12,0.3,0.01764368714887631,-0.000367309051886317,0.00136916074070376,-inf,false,not converged
1.72,mixed_mesh_0.025,H,13,0.325,0.014263233168898203,-0.0003998846910683411,0.00136916074070376,-inf,false,not converged
1.72,mixed_mesh_0.025,H,14,0.35,0.011488043533487832,-0.0004327400713409089,0.00136916074070376,-inf,false,not converged
1.72,mixed_mesh_0.025,H,15,0.375,0.009219243498801303,-0.0004658698341738505,0.00136916074070376,-inf,false,not converged
1.72,mixed_mesh_0.025,H,16,0.4,0.0073720514481925604,-0.0004992686646511655,0.00136916074070376,-inf,false,not converged
1.72,mixed_mesh_0.025,H,17,0.425,0.005874202608535231,-0.0005329313096758704,0.00136916074070376,-inf,false,not converged
1.72,mixed_mesh_0.025,H,18,0.45,0.0046644598262090935,-0.0005668525904439763,0.00136916074070376,-inf,false,not converged
1.72,mixed_mesh_0.025,H,19,0.475,0.0036912261025873745,-0.0006010274105882289,0.00136916074070376,-inf,false,not converged
1.72,mixed_mesh_0.025,H,20,0.5,0.0029112685354293717,-0.0006354507610964542,0.00136916074070376,-inf,false,not converged
1.72,mixed_mesh_0.025,H,21,0.525,0.0022885587134353035,-0.0006701177228679821,0.00136916074070376,-inf,false,not converged
1.72,mixed_mesh_0.025,H,22,0.55,0.0017932306365590668,-0.0007050234675760412,0.00136916074070376,-inf,false,not converged
1.72,mixed_mesh_0.025,H,23,0.575,0.0014006539642403561,-0.00074016325734679,0.00136916074070376,-inf,false,not converged
1.72,mixed_mesh_0.025,H,24,0.6,0.0010906178394852804,-0.0007755324436402224,0.00136916074070376,-inf,false,not converged
1.72,mixed_mesh_0.025,H,25,0.625,0.0008466186628236902,-0.000811126465619318,0.00136916074070376,-inf,false,not converged
1.72,mixed_mesh_0.025,H,26,0.65,0.0006552439296867712,-0.0008469408482163644,0.00136916074070376,-inf,false,not converged
1.72,mixed_mesh_0.025,H,27,0.675,0.0005056435132803364,-0.0008829712000457905,0.00136916074070376,-inf,false,not converged
1.72,mixed_mesh_0.025,H,28,0.7,0.0003890794811819615,-0.0009192132112672453,0.00136916074070376,-inf,false,not converged
1.72,mixed_mesh_0.025,H,29,0.725,0.00029854558694926084,-0.0009556626514685296,0.00136916074070376,-inf,false,not converged
1.72,mixed_mesh_0.025,H,30,0.75,0.00022844789321884319,-0.0009923153676126006,0.00136916074070376,-inf,false,not converged
1.72,mixed_mesh_0.025,H,31,0.775,0.00017433848452873412,-0.0010291672820746788,0.00136916074070376,-inf,false,not converged
1.72,mixed_mesh_0.025,H,32,0.8,0.0001326948517196925,-0.001066214390782307,0.00136916074070376,-inf,false,not converged
1.72,mixed_mesh_0.025,H,33,0.825,0.0001007382219398056,-0.0011034527614626113,0.00136916074070376,-inf,false,not converged
1.72,mixed_mesh_0.025,H,34,0.85,7.628482668698912e-05,-0.0011408785319946477,0.00136916074070376,-inf,false,not converged
1.72,mixed_mesh_0.025,H,35,0.875,5.7624812779067536e-05,-0.0011784879088615821,0.00136916074070376,-inf,false,not converged
1.72,mixed_mesh_0.025,H,36,0.9,4.342418433071696e-05,-0.001216277165694911,0.00136916074070376,-inf,false,not converged
1.72,mixed_mesh_0.025,H,37,0.925,3.264580194681812e-05,-0.0012542426419023534,0.00136916074070376,-inf,false,not converged
1.72,mixed_mesh_0.025,H,38,0.95,2.448604876037561e-05,-0.001292380741370544,0.00136916074070376,-inf,false,not converged
1.72,mixed_mesh_0.025,H,39,0.975,1.8324296836932607e-05,-0.0013306879312341806,0.00136916074070376,-inf,false,not converged
1.72,mixed_mesh_0.025,H,40,1.0,1.3682770694294884e-05,-0.00136916074070376,0.00136916074070376,-inf,false,not converged
1.72,mixed_mesh_0.025,L,0,-3.503246160812043e-46,1.0,n/a,0.0,n/a,false,not converged
1.72,mixed_mesh_0.05,H,0,0.0,0.3075973479889029,0.0,0.0013521358315843092,-inf,false,not converged
1.72,mixed_mesh_0.05,H,1,0.05,0.2195318193401605,-5.8121955989498346e-05,0.0013521358315843092,-inf,false,not converged
1.72,mixed_mesh_0.05,H,2,0.1,0.1543519243008989,-0.00011741673822490066,0.0013521358315843092,-inf,false,not converged
1.72,mixed_mesh_0.05,H,3,0.15,0.10689465388740972,-0.00017788021874734234,0.0013521358315843092,-inf,false,not converged
1.72,mixed_mesh_0.05,H,4,0.2,0.07291785559660446,-0.00023949070014948805,0.0013521358315843092,-inf,false,not converged
1.72,mixed_mesh_0.05,H,5,0.25,0.04900123042786107,-0.00030221665229664477,0.0013521358315843092,-inf,false,not converged
1.72,mixed_mesh_0.05,H,6,0.3,0.03244734485589057,-0.0003660215227295786,0.0013521358315843092,-inf,false,not converged
1.72,mixed_mesh_0.05,H,7,0.35,0.021178062685840035,-0.0004308666539419616,0.0013521358315843092,-inf,false,not converged
1.72,mixed_mesh_0.05,H,8,0.4,0.01362974047218869,-0.0004967129893175782,0.0013521358315843092,-inf,false,not converged
1.72,mixed_mesh_0.05,H,9,0.45,0.008652861814966542,-0.0005635220198614132,0.0013521358315843092,-inf,false,not converged
1.72,mixed_mesh_0.05,H,10,0.5,0.005421149041773395,-0.0006312562689979474,0.0013521358315843092,-inf,false,not converged
1.72,mixed_mesh_0.05,H,11,0.55,0.0033533501249944997,-0.0006998795071785045,0.0013521358315843092,-inf,false,not converged
1.72,mixed_mesh_0.05,H,12,0.6,0.0020489141726265764,-0.0007693568165781494,0.0013521358315843092,-inf,false,not converged
1.72,mixed_mesh_0.05,H,13,0.65,0.001237170055275745,-0.0008396545786701192,0.0013521358315843092,-inf,false,not converged
1.72,mixed_mesh_0.05,H,14,0.7,0.000738582774233259,-0.0009107404267665407,0.0013521358315843092,-inf,false,not converged
1.72,mixed_mesh_0.05,H,15,0.75,0.00043614863876784816,-0.000982583186453929,0.0013521358315843092,-inf,false,not converged
1.72,mixed_mesh_0.05,H,16,0.8,0.0002548785628162156,-0.0010551528153905435,0.0013521358315843092,-inf,false,not converged
1.72,mixed_mesh_0.05,H,17,0.85,0.000147464814110361,-0.0011284203474258882,0.0013521358315843092,-inf,false,not converged
1.72,mixed_mesh_0.05,H,18,0.9,8.450577076604424e-05,-0.0012023578425542983,0.0013521358315843092,-inf,false,not converged
1.72,mixed_mesh_0.05,H,19,0.95,4.798507598173887e-05,-0.0012769383425635453,0.0013521358315843092,-inf,false,not converged
1.72,mixed_mesh_0.05,H,20,1.0,2.7009597931010746e-05,-0.0013521358315843092,0.0013521358315843092,-inf,false,not converged
1.72,mixed_mesh_0.05,L,0,-3.503246160812043e-46,1.0,n/a,0.0,n/a,false,not converged
1.725,mixed_mesh_0.025,H,0,0.0,0.14432334868064794,0.0,0.0011958011788381663,-inf,false,not converged
1.725,mixed_mesh_0.025,H,1,0.025,0.12621068038266695,-2.3588529132995834e-05,0.0011958011788381663,-inf,false,not converged
1.725,mixed_mesh_0.025,H,2,0.05,0.10991365663379882,-4.7550071280291176e-05,0.0011958011788381663,-inf,false,not converged
1.725,mixed_mesh_0.025,H,3,0.075,0.09531984082279264,-7.188738280353179e-05,0.0011958011788381663,-inf,false,not converged
1.725,mixed_mesh_0.025,H,4,0.1,0.08231478369684624,-9.660106403219641e-05,0.0011958011788381663,-inf,false,not converged
1.725,mixed_mesh_0.025,H,5,0.125,0.07078283186272684,-0.00012168999719870677,0.0011958011788381663,-inf,false,not converged
1.725,mixed_mesh_0.025,H,6,0.15,0.060608209084673924,-0.00014715170718312314,0.0011958011788381663,-inf,false,not converged
1.725,mixed_mesh_0.025,H,7,0.175,0.051676228682611715,-0.0001729826581137713,0.0011958011788381663,-inf,false,not converged
1.725,mixed_mesh_0.025,H,8,0.2,0.04387452452605494,-0.00019917849649384164,0.0011958011788381663,-inf,false,not converged
1.725,mixed_mesh_0.025,H,9,0.225,0.037094215096853705,-0.00022573424967827112,0.0011958011788381663,-inf,false,not converged
1.725,mixed_mesh_0.025,H,10,0.25,0.031230939498947556,-0.00025264448706583797,0.0011958011788381663,-inf,false,not converged
1.725,mixed_mesh_0.025,H,11,0.275,0.026185725776457544,-0.0002799034501967607,0.0011958011788381663,-inf,false,not converged
1.725,mixed_mesh_0.025,H,12,0.3,0.021865670211172163,-0.0003075051569845109,0.0011958011788381663,-inf,false,not converged
1.725,mixed_mesh_0.025,H,13,0.325,0.01818442129520408,-0.0003354434845109699,0.0011958011788381663,-inf,false,not converged
1.725,mixed_mesh_0.025,H,14,0.35,0.015062473852076009,-0.00036371223414024493,0.0011958011788381663,-inf,false,not converged
1.725,mixed_mesh_0.025,H,15,0.375,0.012427287483559465,-0.0003923051821325841,0.0011958011788381663,-inf,false,not converged
1.725,mixed_mesh_0.025,H,16,0.4,0.010213249433724526,-0.00042121611844711873,0.0011958011788381663,-inf,false,not converged
1.725,mixed_mesh_0.025,H,17,0.425,0.00836150544601672,-0.00045043887599730166,0.0011958011788381663,-inf,false,not converged
1.725,mixed_mesh_0.025,H,18,0.45,0.006819683646941969,-0.0004799673522555663,0.0011958011788381663,-inf,false,not converged
1.725,mixed_mesh_0.025,H,19,0.475,0.0055415363363974495,-0.0005097955247865202,0.0011958011788381663,-inf,false,not converged
1.725,mixed_mesh_0.025,H,20,0.5,0.004486523201556163,-0.0005399174620145213,0.0011958011788381663,-inf,false,not converged
1.725,mixed_mesh_0.025,H,21,0.525,0.003619357267188322,-0.0005703273302969294,0.0011958011788381663,-inf,false,not converged
1.725,mixed_mesh_0.025,H,22,0.55,0.002909532173016904,-0.0006010193981742795,0.0011958011788381663,-inf,false,not converged
1.725,mixed_mesh_0.025,H,23,0.575,0.0023308463976367314,-0.0006319880384989818,0.0011958011788381663,-inf,false,not converged
1.725,mixed_mesh_0.025,H,24,0.6,0.0018609370429238695,-0.0006632277290018786,0.0011958011788381663,-inf,false,not converged
1.725,mixed_mesh_0.025,H,25,0.625,0.0014808329136138025,-0.0006947330517370932,0.0011958011788381663,-inf,false,not converged
1.725,mixed_mesh_0.025,H,26,0.65,0.0011745339860565111,-0.0007264986917478334,0.0011958011788381663,-inf,false,not converged
1.725,mixed_mesh_0.025,H,27,0.675,0.0009286220280675401,-0.0007585194352156908,0.0011958011788381663,-inf,false,not converged
1.725,mixed_mesh_0.025,H,28,0.7,0.000731905143389424,-0.0007907901672913054,0.0011958011788381663,-inf,false,not converged
1.725,mixed_mesh_0.025,H,29,0.725,0.0005750973772187636,-0.0008233058697527263,0.0011958011788381663,-inf,false,not converged
1.725,mixed_mesh_0.025,H,30,0.75,0.00045053322082962946,-0.0008560616185968734,0.0011958011788381663,-inf,false,not converged
1.725,mixed_mesh_0.025,H,31,0.775,0.000351915866780059,-0.00088905258163797,0.0011958011788381663,-inf,false,not converged
1.725,mixed_mesh_0.025,H,32,0.8,0.0002740973561205575,-0.0009222740161624297,0.0011958011788381663,-inf,false,not converged
1.725,mixed_mesh_0.025,H,33,0.825,0.00021288828574114128,-0.0009557212666714034,0.0011958011788381663,-inf,false,not converged
1.725,mixed_mesh_0.025,H,34,0.85,0.0001648944668981755,-0.0009893897627287276,0.0011958011788381663,-inf,false,not converged
1.725,mixed_mesh_0.025,H,35,0.875,0.0001273778059875509,-0.0010232750169221795,0.0011958011788381663,-inf,false,not converged
1.725,mixed_mesh_0.025,H,36,0.9,9.813867989765891e-05,-0.0010573726229393399,0.0011958011788381663,-inf,false,not converged
1.725,mixed_mesh_0.025,H,37,0.925,7.541716906474246e-05,-0.001091678253754589,0.0011958011788381663,-inf,false,not converged
1.725,mixed_mesh_0.025,H,38,0.95,5.7810664565195555e-05,-0.001126187659921122,0.0011958011788381663,-inf,false,not converged
1.725,mixed_mesh_0.025,H,39,0.975,4.420555878977397e-05,-0.0011608966679600638,0.0011958011788381663,-inf,false,not converged
1.725,mixed_mesh_0.025,H,40,1.0,3.3720944486435604e-05,-0.0011958011788381663,0.0011958011788381663,-inf,false,not converged
1.725,mixed_mesh_0.025,L,0,-3.503246160812043e-46,1.0,n/a,0.0,n/a,false,not converged
1.725,mixed_mesh_0.05,H,0,0.0,0.2678580865380247,0.0,0.001179422074659684,-inf,false,not converged
1.725,mixed_mesh_0.05,H,1,0.05,0.20382178280423674,-4.763421164490837e-05,0.001179422074659684,-inf,false,not converged
1.725,mixed_mesh_0.05,H,2,0.1,0.15259454626924068,-9.665707069313385e-05,0.001179422074659684,-inf,false,not converged
1.725,mixed_mesh_0.05,H,3,0.15,0.11237930775987158,-0.00014706803314778203,0.001179422074659684,-inf,false,not converged
1.725,mixed_mesh_0.05,H,4,0.2,0.08141218719835158,-0.00019884583721426104,0.001179422074659684,-inf,false,not converged
1.725,mixed_mesh_0.05,H,5,0.25,0.058023939193063104,-0.0002519566399195941,0.001179422074659684,-inf,false,not converged
1.725,mixed_mesh_0.05,H,6,0.3,0.040695503743254265,-0.00030635946284850255,0.001179422074659684,-inf,false,not converged
1.725,mixed_mesh_0.05,H,7,0.35,0.028096360816154853,-0.0003620097588103409,0.001179422074659684,-inf,false,not converged
1.725,mixed_mesh_0.05,H,8,0.4,0.019102416546062727,-0.00041886167831177695,0.001179422074659684,-inf,false,not converged
1.725,mixed_mesh_0.05,H,9,0.45,0.012795323437822618,-0.0004768694521610096,0.001179422074659684,-inf,false,not converged
1.725,mixed_mesh_0.05,H,10,0.5,0.008447792476157102,-0.0005359881881660984,0.001179422074659684,-inf,false,not converged
1.725,mixed_mesh_0.05,H,11,0.55,0.0055001944682413935,-0.0005961742918742883,0.001179422074659684,-inf,false,not converged
1.725,mixed_mesh_0.05,H,12,0.6,0.0035332576444256913,-0.0006573856557756611,0.001179422074659684,-inf,false,not converged
1.725,mixed_mesh_0.05,H,13,0.65,0.0022405640053405253,-0.0007195817132974996,0.001179422074659684,-inf,false,not converged
1.725,mixed_mesh_0.05,H,14,0.7,0.0014032876075801572,-0.0007827234194707489,0.001179422074659684,-inf,false,not converged
1.725,mixed_mesh_0.05,H,15,0.75,0.0008684880288547158,-0.000846773196258482,0.001179422074659684,-inf,false,not converged
1.725,mixed_mesh_0.05,H,16,0.8,0.0005314048134968994,-0.0009116948645766232,0.001179422074659684,-inf,false,not converged
1.725,mixed_mesh_0.05,H,17,0.85,0.0003216198519467248,-0.0009774535748264777,0.001179422074659684,-inf,false,not converged
1.725,mixed_mesh_0.05,H,18,0.9,0.00019262833959772288,-0.0010440157415483563,0.001179422074659684,-inf,false,not converged
1.725,mixed_mesh_0.05,H,19,0.95,0.00011422295400762164,-0.0011113489842571288,0.001179422074659684,-inf,false,not converged
1.725,mixed_mesh_0.05,H,20,1.0,6.708550426871686e-05,-0.001179422074659684,0.001179422074659684,-inf,false,not converged
1.725,mixed_mesh_0.05,L,0,-3.503246160812043e-46,1.0,n/a,0.0,n/a,false,not converged
1.73,mixed_mesh_0.025,H,0,0.0,0.12109301993101391,0.0,0.0010293377383712617,-inf,false,not converged
1.73,mixed_mesh_0.025,H,1,0.025,0.10940261351036114,-1.824398205784632e-05,0.0010293377383712617,-inf,false,not converged
1.73,mixed_mesh_0.025,H,2,0.05,0.09839662699147872,-3.692577797409274e-05,0.0010293377383712617,-inf,false,not converged
1.73,mixed_mesh_0.025,H,3,0.075,0.08809560325131394,-5.6049140884254856e-05,0.0010293377383712617,-inf,false,not converged
1.73,mixed_mesh_0.025,H,4,0.1,0.07851169292214595,-7.561547815279797e-05,0.0010293377383712617,-inf,false,not converged
1.73,mixed_mesh_0.025,H,5,0.125,0.0696484331972485,-9.562426222554585e-05,0.0010293377383712617,-inf,false,not converged
1.73,mixed_mesh_0.025,H,6,0.15,0.061500922376909836,-0.00011607338162016034,0.0010293377383712617,-inf,false,not converged
1.73,mixed_mesh_0.025,H,7,0.175,0.054056320289683345,-0.00013695944010334816,0.0010293377383712617,-inf,false,not converged
1.73,mixed_mesh_0.025,H,8,0.2,0.04729460227991717,-0.00015827801091053808,0.0010293377383712617,-inf,false,not converged
1.73,mixed_mesh_0.025,H,9,0.225,0.04118949530078755,-0.00018002385191192,0.0010293377383712617,-inf,false,not converged
1.73,mixed_mesh_0.025,H,10,0.25,0.03570952847708326,-0.00020219108685720025,0.0010293377383712617,-inf,false,not converged
1.73,mixed_mesh_0.025,H,11,0.275,0.03081913678024712,-0.00022477335719506362,0.0010293377383712617,-inf,false,not converged
1.73,mixed_mesh_0.025,H,12,0.3,0.026479764546727465,-0.0002477639484283565,0.0010293377383712617,-inf,false,not converged
1.73,mixed_mesh_0.025,H,13,0.325,0.022650924786383336,-0.0002711558945078657,0.0010293377383712617,-inf,false,not converged
1.73,mixed_mesh_0.025,H,14,0.35,0.019291179912376534,-0.0002949420633678304,0.0010293377383712617,-inf,false,not converged
1.73,mixed_mesh_0.025,H,15,0.375,0.016359019092941133,-0.00031911522635216447,0.0010293377383712617,-inf,false,not converged
1.73,mixed_mesh_0.025,H,16,0.4,0.013813616399198083,-0.000343668113962403,0.0010293377383712617,-inf,false,not converged
1.73,mixed_mesh_0.025,H,17,0.425,0.011615461943396119,-0.0003685934600704578,0.0010293377383712617,-inf,false,not converged
1.73,mixed_mesh_0.025,H,18,0.45,0.009726865033829985,-0.00039388403647697655,0.0010293377383712617,-inf,false,not converged
1.73,mixed_mesh_0.025,H,19,0.475,0.008112333896870147,-0.00041953267945670294,0.0010293377383712617,-inf,false,not converged
1.73,mixed_mesh_0.025,H,20,0.5,0.006738840713774731,-0.00044553230971409313,0.0010293377383712617,-inf,false,not converged
1.73,mixed_mesh_0.025,H,21,0.525,0.005575983651358633,-0.0004718759469741606,0.0010293377383712617,-inf,false,not converged
1.73,mixed_mesh_0.025,H,22,0.55,0.004596059351376546,-0.0004985567202543117,0.0010293377383712617,-inf,false,not converged
1.73,mixed_mesh_0.025,H,23,0.575,0.003774060142229542,-0.0005255678747023741,0.0010293377383712617,-inf,false,not converged
1.73,mixed_mesh_0.025,H,24,0.6,0.003087610226619326,-0.0005529027757426985,0.0010293377383712617,-inf,false,not converged
1.73,mixed_mesh_0.025,H,25,0.625,0.0025168544624374683,-0.0005805549111462353,0.0010293377383712617,-inf,false,not converged
1.73,mixed_mesh_0.025,H,26,0.65,0.0020443122658206528,-0.0006085178915301442,0.0010293377383712617,-inf,false,not converged
1.73,mixed_mesh_0.025,H,27,0.675,0.0016547077825902062,-0.0006367854496971363,0.0010293377383712617,-inf,false,not converged
1.73,mixed_mesh_0.025,H,28,0.7,0.0013347859328522742,-0.0006653514391433534,0.0010293377383712617,-inf,false,not converged
1.73,mixed_mesh_0.025,H,29,0.725,0.0010731223444114114,-0.0006942098319944277,0.0010293377383712617,-inf,false,not converged
1.73,mixed_mesh_0.025,H,30,0.75,0.0008599336399947058,-0.0007233547165717991,0.0010293377383712617,-inf,false,not converged
1.73,mixed_mesh_0.025,H,31,0.775,0.0006868930937251309,-0.0007527802947435921,0.0010293377383712617,-inf,false,not converged
1.73,mixed_mesh_0.025,H,32,0.8,0.0005469553654210772,-0.0007824808791755365,0.0010293377383712617,-inf,false,not converged
1.73,mixed_mesh_0.025,H,33,0.825,0.00043419288084420223,-0.0008124508905660681,0.0010293377383712617,-inf,false,not converged
1.73,mixed_mesh_0.025,H,34,0.85,0.0003436454611964384,-0.0008426848549248078,0.0010293377383712617,-inf,false,not converged
1.73,mixed_mesh_0.025,H,35,0.875,0.0002711840140679853,-0.0008731774009343787,0.0010293377383712617,-inf,false,not converged
1.73,mixed_mesh_0.025,H,36,0.9,0.00021338847072860305,-0.0009039232574204366,0.0010293377383712617,-inf,false,not converged
1.73,mixed_mesh_0.025,H,37,0.925,0.00016743967588615625,-0.0009349172509437523,0.0010293377383712617,-inf,false,not converged
1.73,mixed_mesh_0.025,H,38,0.95,0.00013102458752686165,-0.0009661543035198554,0.0010293377383712617,-inf,false,not converged
1.73,mixed_mesh_0.025,H,39,0.975,0.00010225390668170968,-0.000997629430466003,0.0010293377383712617,-inf,false,not converged
1.73,mixed_mesh_0.025,H,40,1.0,7.959111054317596e-05,-0.0010293377383712617,0.0010293377383712617,-inf,false,not converged
1.73,mixed_mesh_0.025,L,0,-3.503246160812043e-46,1.0,n/a,0.0,n/a,false,not converged
1.73,mixed_mesh_0.05,H,0,0.0,0.22751419393658218,0.0,0.0010140005245193977,-inf,false,not converged
1.73,mixed_mesh_0.05,H,1,0.05,0.18470549702430902,-3.703002186113873e-05,0.0010140005245193977,-inf,false,not converged
1.73,mixed_mesh_0.05,H,2,0.1,0.1473201042453053,-7.571639605983942e-05,0.0010140005245193977,-inf,false,not converged
1.73,mixed_mesh_0.05,H,3,0.15,0.11541320459096101,-0.0001160638120765757,0.0010140005245193977,-inf,false,not converged
1.73,mixed_mesh_0.05,H,4,0.2,0.08880696717535978,-0.0001580526738208625,0.0010140005245193977,-inf,false,not converged
1.73,mixed_mesh_0.05,H,5,0.25,0.06712614284053013,-0.0002016474805849643,0.0010140005245193977,-inf,false,not converged
1.73,mixed_mesh_0.05,H,6,0.3,0.04985376979824202,-0.00024680285440307256,0.0010140005245193977,-inf,false,not converged
1.73,mixed_mesh_0.05,H,7,0.35,0.03639283504719647,-0.00029346778905136803,0.0010140005245193977,-inf,false,not converged
1.73,mixed_mesh_0.05,H,8,0.4,0.0261232226988126,-0.0003415885673400173,0.0010140005245193977,-inf,false,not converged
1.73,mixed_mesh_0.05,H,9,0.45,0.01844741141343357,-0.00039111069742106194,0.0010140005245193977,-inf,false,not converged
1.73,mixed_mesh_0.05,H,10,0.5,0.01282223238682768,-0.0004419801428078834,0.0010140005245193977,-inf,false,not converged
1.73,mixed_mesh_0.05,H,11,0.55,0.008776970228251224,-0.0004941440582975545,0.0010140005245193977,-inf,false,not converged
1.73,mixed_mesh_0.05,H,12,0.6,0.005919960096164853,-0.0005475511920659745,0.0010140005245193977,-inf,false,not converged
1.73,mixed_mesh_0.05,H,13,0.65,0.003936679606267136,-0.0006021520715314213,0.0010140005245193977,-inf,false,not converged
1.73,mixed_mesh_0.05,H,14,0.7,0.0025823971696295536,-0.0006578990563625119,0.0010140005245193977,-inf,false,not converged
1.73,mixed_mesh_0.05,H,15,0.75,0.0016720153994484494,-0.0007147463154611629,0.0010140005245193977,-inf,false,not converged
1.73,mixed_mesh_0.05,H,16,0.8,0.0010691047634228444,-0.0007726497649324839,0.0010140005245193977,-inf,false,not converged
1.73,mixed_mesh_0.05,H,17,0.85,0.0006754535563090647,-0.0008315669898627046,0.0010140005245193977,-inf,false,not converged
1.73,mixed_mesh_0.05,H,18,0.9,0.00042188173614930735,-0.0008914571630163556,0.0010140005245193977,-inf,false,not converged
1.73,mixed_mesh_0.05,H,19,0.95,0.00026062821738001926,-0.0009522809672447285,0.0010140005245193977,-inf,false,not converged
1.73,mixed_mesh_0.05,H,20,1.0,0.00015932806941770726,-0.0010140005245193977,0.0010140005245193977,-inf,false,not converged
1.73,mixed_mesh_0.05,L,0,-3.503246160812043e-46,1.0,n/a,0.0,n/a,false,not converged
1.735,mixed_mesh_0.025,H,0,0.0,0.09859607527404736,0.0,0.0008709963614266202,-inf,false,not converged
1.735,mixed_mesh_0.025,H,1,0.025,0.09206673180728031,-1.2809508950487785e-05,0.0008709963614266202,-inf,false,not converged
1.735,mixed_mesh_0.025,H,2,0.05,0.08554966337058403,-2.6136354567353947e-05,0.0008709963614266202,-inf,false,not converged
1.735,mixed_mesh_0.025,H,3,0.075,0.07910083946791821,-3.998556194322717e-05,0.0008709963614266202,-inf,false,not converged
1.735,mixed_mesh_0.025,H,4,0.1,0.07277347293409264,-5.43596160697431e-05,0.0008709963614266202,-inf,false,not converged
1.735,mixed_mesh_0.025,H,5,0.125,0.06661667054963363,-6.92588372878159e-05,0.0008709963614266202,-inf,false,not converged
1.735,mixed_mesh_0.025,H,6,0.15,0.06067434355480875,-8.468171400989469e-05,0.0008709963614266202,-inf,false,not converged
1.735,mixed_mesh_0.025,H,7,0.175,0.054984395691796285,-0.00010062519672482135,0.0008709963614266202,-inf,false,not converged
1.735,mixed_mesh_0.025,H,8,0.2,0.04957819231909994,-0.00011708495687712782,0.0008709963614266202,-inf,false,not converged
1.735,mixed_mesh_0.025,H,9,0.225,0.04448030112809217,-0.00013405561387550176,0.0008709963614266202,-inf,false,not converged
1.735,mixed_mesh_0.025,H,10,0.25,0.03970848380482557,-0.00015153093321021004,0.0008709963614266202,-inf,false,not converged
1.735,mixed_mesh_0.025,H,11,0.275,0.035273909139490675,-0.00016950399843081426,0.0008709963614266202,-inf,false,not converged
1.735,mixed_mesh_0.025,H,12,0.3,0.031181551864519697,-0.00018796735954059157,0.0008709963614266202,-inf,false,not converged
1.735,mixed_mesh_0.025,H,13,0.325,0.02743073794451294,-0.00020691316019290362,0.0008709963614266202,-inf,false,not converged
1.735,mixed_mesh_0.025,H,14,0.35,0.024015795994828514,-0.0002263332459191674,0.0008709963614266202,-inf,false,not converged
1.735,mixed_mesh_0.025,H,15,0.375,0.02092677566675323,-0.0002462192554723835,0.0008709963614266202,-inf,false,not converged
1.735,mixed_mesh_0.025,H,16,0.4,0.01815019679908612,-0.0002665626972300642,0.0008709963614266202,-inf,false,not converged
1.735,mixed_mesh_0.025,H,17,0.425,0.01566979743853413,-0.0002873550124632921,0.0008709963614266202,-inf,false,not converged
1.735,mixed_mesh_0.025,H,18,0.45,0.013467254005035704,-0.0003085876271427448,0.0008709963614266202,-inf,false,not converged
1.735,mixed_mesh_0.025,H,19,0.475,0.011522852480476553,-0.0003302519938175319,0.0008709963614266202,-inf,false,not converged
1.735,mixed_mesh_0.025,H,20,0.5,0.009816095141688524,-0.0003523396249687019,0.0008709963614266202,-inf,false,not converged
1.735,mixed_mesh_0.025,H,21,0.525,0.008326232723630875,-0.00037484211910695196,0.0008709963614266202,-inf,false,not converged
1.735,mixed_mesh_0.025,H,22,0.55,0.007032716747764192,-0.00039775118075456584,0.0008709963614266202,-inf,false,not converged
1.735,mixed_mesh_0.025,H,23,0.575,0.00591557092452877,-0.0004210586353262345,0.0008709963614266202,-inf,false,not converged
1.735,mixed_mesh_0.025,H,24,0.6,0.0049556839514931835,-0.000444756439803096,0.0008709963614266202,-inf,false,not converged
1.735,mixed_mesh_0.025,H,25,0.625,0.00413502865730384,-0.00046883668998069783,0.0008709963614266202,-inf,false,not converged
1.735,mixed_mesh_0.025,H,26,0.65,0.0034368143139904645,-0.0004932916249652964,0.0008709963614266202,-inf,false,not converged
1.735,mixed_mesh_0.025,H,27,0.675,0.0028455801219680493,-0.000518113629494726,0.0008709963614266202,-inf,false,not converged
1.735,mixed_mesh_0.025,H,28,0.7,0.002347238453489649,-0.0005432952345708741,0.0008709963614266202,-inf,false,not converged
1.735,mixed_mesh_0.025,H,29,0.725,0.0019290765249226258,-0.0005688291168102454,0.0008709963614266202,-inf,false,not converged
1.735,mixed_mesh_0.025,H,30,0.75,0.0015797248633262749,-0.0005947080968478728,0.0008709963614266202,-inf,false,not converged
1.735,mixed_mesh_0.025,H,31,0.775,0.0012891003419137272,-0.0006209251370671003,0.0008709963614266202,-inf,false,not converged
1.735,mixed_mesh_0.025,H,32,0.8,0.0010483307764831535,-0.000647473338873647,0.0008709963614266202,-inf,false,not converged
1.735,mixed_mesh_0.025,H,33,0.825,0.0008496671826858564,-0.0006743459396861239,0.0008709963614266202,-inf,false,not converged
1.735,mixed_mesh_0.025,H,34,0.85,0.0006863888597494563,-0.0007015363097759124,0.0008709963614266202,-inf,false,not converged
1.735,mixed_mesh_0.025,H,35,0.875,0.0005527055431264408,-0.0007290379490570986,0.0008709963614266202,-inf,false,not converged
1.735,mixed_mesh_0.025,H,36,0.9,0.0004436599957721031,-0.0007568444839002944,0.0008709963614266202,-inf,false,not converged
1.735,mixed_mesh_0.025,H,37,0.925,0.00035503361214349316,-0.0007849496640228507,0.0008709963614266202,-inf,false,not converged
1.735,mixed_mesh_0.025,H,38,0.95,0.00028325690661477133,-0.0008133473594906654,0.0008709963614266202,-inf,false,not converged
1.735,mixed_mesh_0.025,H,39,0.975,0.00022532615611394976,-0.0008420315578536522,0.0008709963614266202,-inf,false,not converged
1.735,mixed_mesh_0.025,H,40,1.0,0.00017872696587420406,-0.0008709963614266202,0.0008709963614266202,-inf,false,not converged
1.735,mixed_mesh_0.025,L,0,-3.503246160812043e-46,1.0,n/a,0.0,n/a,false,not converged
1.735,mixed_mesh_0.05,H,0,0.0,0.18741554129271792,0.0,0.0008571736747959441,-inf,false,not converged
1.735,mixed_mesh_0.05,H,1,0.05,0.16246531752599466,-2.6260373687895145e-05,0.0008571736747959441,-inf,false,not converged
1.735,mixed_mesh_0.05,H,2,0.1,0.1381377286492884,-5.450762499289953e-05,0.0008571736747959441,-inf,false,not converged
1.735,mixed_mesh_0.05,H,3,0.15,0.11517071366203868,-8.475380800393407e-05,0.0008571736747959441,-inf,false,not converged
1.735,mixed_mesh_0.05,H,4,0.2,0.09415078753825591,-0.00011698273672960079,0.0008571736747959441,-inf,false,not converged
1.735,mixed_mesh_0.05,H,5,0.25,0.07547566977831066,-0.0001511584018944476,0.0008571736747959441,-inf,false,not converged
1.735,mixed_mesh_0.05,H,6,0.3,0.05934717078655474,-0.0001872314663499122,0.0008571736747959441,-inf,false,not converged
1.735,mixed_mesh_0.05,H,7,0.35,0.045788800698223234,-0.00022514417971717954,0.0008571736747959441,-inf,false,not converged
1.735,mixed_mesh_0.05,H,8,0.4,0.03467987463156324,-0.00026483400689364216,0.0008571736747959441,-inf,false,not converged
1.735,mixed_mesh_0.05,H,9,0.45,0.02579736050619542,-0.00030623622823583094,0.0008571736747959441,-inf,false,not converged
1.735,mixed_mesh_0.05,H,10,0.5,0.018857899356564824,-0.0003492857361235453,0.0008571736747959441,-inf,false,not converged
1.735,mixed_mesh_0.05,H,11,0.55,0.013554594863394128,-0.00039391822060720096,0.0008571736747959441,-inf,false,not converged
1.735,mixed_mesh_0.05,H,12,0.6,0.009585590246487504,-0.00044007090531730624,0.0008571736747959441,-inf,false,not converged
1.735,mixed_mesh_0.05,H,13,0.65,0.0066735809116222015,-0.0004876829643272601,0.0008571736747959441,-inf,false,not converged
1.735,mixed_mesh_0.05,H,14,0.7,0.0045769547281206075,-0.0005366957222609978,0.0008571736747959441,-inf,false,not converged
1.735,mixed_mesh_0.05,H,15,0.75,0.0030941402557050066,-0.0005870527146659907,0.0008571736747959441,-inf,false,not converged
1.735,mixed_mesh_0.05,H,16,0.8,0.002063064439466488,-0.0006386996642494449,0.0008571736747959441,-inf,false,not converged
1.735,mixed_mesh_0.05,H,17,0.85,0.0013575384712653227,-0.0006915844112840852,0.0008571736747959441,-inf,false,not converged
1.735,mixed_mesh_0.05,H,18,0.9,0.0008820772250538289,-0.0007456568232025416,0.0008571736747959441,-inf,false,not converged
1.735,mixed_mesh_0.05,H,19,0.95,0.0005662579655525483,-0.0008008686986842734,0.0008571736747959441,-inf,false,not converged
1.735,mixed_mesh_0.05,H,20,1.0,0.0003593364676247481,-0.0008571736747959441,0.0008571736747959441,-inf,false,not converged
1.735,mixed_mesh_0.05,L,0,-3.503246160812043e-46,1.0,n/a,0.0,n/a,false,not converged
1.74,mixed_mesh_0.025,H,0,0.0,0.07740427006090127,0.0,0.00072150366073883,-inf,false,not converged
1.74,mixed_mesh_0.025,H,1,0.025,0.07474201760608742,-7.251109989421544e-06,0.00072150366073883,-inf,false,not converged
1.74,mixed_mesh_0.025,H,2,0.05,0.07178689176684976,-1.5116026741120734e-05,0.00072150366073883,-inf,false,not converged
1.74,mixed_mesh_0.025,H,3,0.075,0.06857682960791554,-2.3601369277194374e-05,0.00072150366073883,-inf,false,not converged
1.74,mixed_mesh_0.025,H,4,0.1,0.0651539312098646,-3.2711023181369956e-05,0.00072150366073883,-inf,false,not converged
1.74,mixed_mesh_0.025,H,5,0.125,0.0615631433721634,-4.2446472864607517e-05,0.00072150366073883,-inf,false,not converged
1.74,mixed_mesh_0.025,H,6,0.15,0.05785090862386608,-5.2807107172640755e-05,0.00072150366073883,-inf,false,not converged
1.74,mixed_mesh_0.025,H,7,0.175,0.05406383830022055,-6.379049940608787e-05,0.00072150366073883,-inf,false,not converged
1.74,mixed_mesh_0.025,H,8,0.2,0.05024746365057174,-7.539266281116844e-05,0.00072150366073883,-inf,false,not converged
1.74,mixed_mesh_0.025,H,9,0.225,0.04644511124810732,-8.760828260572558e-05,0.00072150366073883,-inf,false,not converged
1.74,mixed_mesh_0.025,H,10,0.25,0.04269693915636894,-0.00010043092562590002,0.00072150366073883,-inf,false,not converged
1.74,mixed_mesh_0.025,H,11,0.275,0.03903915923894977,-0.00011385322870850322,0.00072150366073883,-inf,false,not converged
1.74,mixed_mesh_0.025,H,12,0.3,0.03550345954805921,-0.00012786706695832716,0.00072150366073883,-inf,false,not converged
1.74,mixed_mesh_0.025,H,13,0.325,0.032116629693826,-0.00014246370308411416,0.00072150366073883,-inf,false,not converged
1.74,mixed_mesh_0.025,H,14,0.35,0.028900382149289843,-0.00015763391901797447,0.00072150366073883,-inf,false,not converged
1.74,mixed_mesh_0.025,H,15,0.375,0.02587135408883702,-0.00017336813105757812,0.00072150366073883,-inf,false,not converged
1.74,mixed_mesh_0.025,H,16,0.4,0.02304126790900928,-0.0001896564897858541,0.00072150366073883,-inf,false,not converged
1.74,mixed_mesh_0.025,H,17,0.425,0.02041722417663876,-0.00020648896602751092,0.00072150366073883,-inf,false,not converged
1.74,mixed_mesh_0.025,H,18,0.45,0.018002098362338004,-0.00022385542409403443,0.00072150366073883,-inf,false,not converged
1.74,mixed_mesh_0.025,H,19,0.475,0.01579501218443886,-0.0002417456835486064,0.00072150366073883,-inf,false,not converged
1.74,mixed_mesh_0.025,H,20,0.5,0.013791851446860815,-0.00026014957068973103,0.00072150366073883,-inf,false,not converged
1.74,mixed_mesh_0.025,H,21,0.525,0.011985804579285992,-0.0002790569609077923,0.00072150366073883,-inf,false,not converged
1.74,mixed_mesh_0.025,H,22,0.55,0.010367899328047455,-0.0002984578130137642,0.00072150366073883,-inf,false,not converged
1.74,mixed_mesh_0.025,H,23,0.575,0.008927518854226798,-0.00031834219657512694,0.00072150366073883,-inf,false,not converged
1.74,mixed_mesh_0.025,H,24,0.6,0.007652882553094765,-0.00033870031322278706,0.00072150366073883,-inf,false,not converged
1.74,mixed_mesh_0.025,H,25,0.625,0.0065314809433295205,-0.00035952251281620023,0.00072150366073883,-inf,false,not converged
1.74,mixed_mesh_0.025,H,26,0.65,0.005550457767995541,-0.0003807993052742393,0.00072150366073883,-inf,false,not converged
1.74,mixed_mesh_0.025,H,27,0.675,0.0046969358435638075,-0.0004025213687982726,0.00072150366073883,-inf,false,not converged
1.74,mixed_mesh_0.025,H,28,0.7,0.003958286086934981,-0.0004246795551334833,0.00072150366073883,-inf,false,not converged
1.74,mixed_mesh_0.025,H,29,0.725,0.00332234149359979,-0.0004472648924361781,0.00072150366073883,-inf,false,not converged
1.74,mixed_mesh_0.025,H,30,0.75,0.0027775596261403026,-0.0004702685862399726,0.00072150366073883,-inf,false,not converged
1.74,mixed_mesh_0.025,H,31,0.775,0.0023131384285668584,-0.0004936820189434046,0.00072150366073883,-inf,false,not converged
1.74,mixed_mesh_0.025,H,32,0.8,0.0019190909601398763,-0.000517496748176801,0.00072150366073883,-inf,false,not converged
1.74,mixed_mesh_0.025,H,33,0.825,0.0015862850093039396,-0.0005417045043469466,0.00072150366073883,-inf,false,not converged
1.74,mixed_mesh_0.025,H,34,0.85,0.0013064535786198944,-0.0005662971876053101,0.00072150366073883,-inf,false,not converged
1.74,mixed_mesh_0.025,H,35,0.875,0.0010721820006169003,-0.0005912668644388573,0.00072150366073883,-inf,false,not converged
1.74,mixed_mesh_0.025,H,36,0.9,0.0008768770240283053,-0.0006166057640417943,0.00072150366073883,-inf,false,not converged
1.74,mixed_mesh_0.025,H,37,0.925,0.0007147226644596512,-0.0006423062745917092,0.00072150366073883,-inf,false,not converged
1.74,mixed_mesh_0.025,H,38,0.95,0.0005806269985260804,-0.0006683609395240694,0.00072150366073883,-inf,false,not converged
1.74,mixed_mesh_0.025,H,39,0.975,0.00047016344115155583,-0.0006947624538746026,0.00072150366073883,-inf,false,not converged
1.74,mixed_mesh_0.025,H,40,1.0,0.0003795094172037438,-0.00072150366073883,0.00072150366073883,-inf,false,not converged
1.74,mixed_mesh_0.025,L,0,-3.503246160812043e-46,1.0,n/a,0.0,n/a,false,not converged
1.74,mixed_mesh_0.05,H,0,0.0,0.14872412603301224,0.0,0.0007096904162221217,-inf,false,not converged
1.74,mixed_mesh_0.05,H,1,0.05,0.13780200473251245,-1.52560241244899e-05,0.0007096904162221217,-inf,false,not converged
1.74,mixed_mesh_0.05,H,2,0.1,0.12500402592135454,-3.290177944392878e-05,0.0007096904162221217,-inf,false,not converged
1.74,mixed_mesh_0.05,H,3,0.15,0.11098036485683352,-5.295929232231218e-05,0.0007096904162221217,-inf,false,not converged
1.74,mixed_mesh_0.05,H,4,0.2,0.09642290462287131,-7.541809429110428e-05,0.0007096904162221217,-inf,false,not converged
1.74,mixed_mesh_0.05,H,5,0.25,0.08199104151667003,-0.00010024342018060198,0.0007096904162221217,-inf,false,not converged
1.74,mixed_mesh_0.05,H,6,0.3,0.06825146901181871,-0.00012738299171539177,0.0007096904162221217,-inf,false,not converged
1.74,mixed_mesh_0.05,H,7,0.35,0.05563886616622651,-0.00015677251455036446,0.0007096904162221217,-inf,false,not converged
1.74,mixed_mesh_0.05,H,8,0.4,0.04443949393715545,-0.00018834002585155305,0.0007096904162221217,-inf,false,not converged
1.74,mixed_mesh_0.05,H,9,0.45,0.03479535482603347,-0.0002220092376932041,0.0007096904162221217,-inf,false,not converged
1.74,mixed_mesh_0.05,H,10,0.5,0.02672366711030677,-0.0002577020259022355,0.0007096904162221217,-inf,false,not converged
1.74,mixed_mesh_0.05,H,11,0.55,0.020145227785308507,-0.00029534021284672793,0.0007096904162221217,-inf,false,not converged
1.74,mixed_mesh_0.05,H,12,0.6,0.014915569563865479,-0.0003348467855658968,0.0007096904162221217,-inf,false,not converged
1.74,mixed_mesh_0.05,H,13,0.65,0.010854145404879688,-0.0003761466781860741,0.0007096904162221217,-inf,false,not converged
1.74,mixed_mesh_0.05,H,14,0.7,0.007768520819590916,-0.0004191672311536776,0.0007096904162221217,-inf,false,not converged
1.74,mixed_mesh_0.05,H,15,0.75,0.005472241759910276,-0.0004638384212272695,0.0007096904162221217,-inf,false,not converged
1.74,mixed_mesh_0.05,H,16,0.8,0.0037963765428195868,-0.000510092937200321,0.0007096904162221217,-inf,false,not converged
1.74,mixed_mesh_0.05,H,17,0.85,0.002595589288552127,-0.0005578661584799589,0.0007096904162221217,-inf,false,not converged
1.74,mixed_mesh_0.05,H,18,0.9,0.0017500135149619254,-0.0006070960779745241,0.0007096904162221217,-inf,false,not converged
1.74,mixed_mesh_0.05,H,19,0.95,0.00116425976406695,-0.0006577231977997859,0.0007096904162221217,-inf,false,not converged
1.74,mixed_mesh_0.05,H,20,1.0,0.0007647368212496374,-0.0007096904162221217,0.0007096904162221217,-inf,false,not converged
1.74,mixed_mesh_0.05,L,0,-3.503246160812043e-46,1.0,n/a,0.0,n/a,false,not converged
1.745,mixed_mesh_0.025,H,0,0.0,0.05817548655415528,0.0,0.000580568211591425,-inf,false,not converged
1.745,mixed_mesh_0.025,H,1,0.025,0.058124459482611586,-1.5269726101191372e-06,0.000580568211591425,-inf,false,not converged
1.745,mixed_mesh_0.025,H,2,0.05,0.05773583257845727,-3.7823719745407134e-06,0.000580568211591425,-inf,false,not converged
1.745,mixed_mesh_0.025,H,3,0.075,0.057012145009337274,-6.774761971867953e-06,0.000580568211591425,-inf,false,not converged
1.745,mixed_mesh_0.025,H,4,0.1,0.05596292943790889,-1.0509788012364688e-05,0.000580568211591425,-inf,false,not converged
1.745,mixed_mesh_0.025,H,5,0.125,0.054604387457785244,-1.499045987007246e-05,0.000580568211591425,-inf,false,not converged
1.745,mixed_mesh_0.025,H,6,0.15,0.05295882307524324,-2.021742192550571e-05,0.000580568211591425,-inf,false,not converged
1.745,mixed_mesh_0.025,H,7,0.175,0.05105386560893801,-2.618921009847272e-05,0.000580568211591425,-inf,false,not converged
1.745,mixed_mesh_0.025,H,8,0.2,0.04892152389192136,-3.290249485051258e-05,0.000580568211591425,-inf,false,not converged
1.745,mixed_mesh_0.025,H,9,0.225,0.04659712103887466,-4.035230975131705e-05,0.000580568211591425,-inf,false,not converged
1.745,mixed_mesh_0.025,H,10,0.25,0.04411816291910993,-4.853226523006838e-05,0.000580568211591425,-inf,false,not converged
1.745,mixed_mesh_0.025,H,11,0.275,0.0415231937980912,-5.743474726765344e-05,0.000580568211591425,-inf,false,not converged
1.745,mixed_mesh_0.025,H,12,0.3,0.03885068961617938,-6.70511009254757e-05,0.000580568211591425,-inf,false,not converged
1.745,mixed_mesh_0.025,H,13,0.325,0.03613803354808003,-7.7371798747854e-05,0.000580568211591425,-inf,false,not converged
1.745,mixed_mesh_0.025,H,14,0.35,0.033420610493810975,-8.838659421392045e-05,0.000580568211591425,-inf,false,not converged
1.745,mixed_mesh_0.025,H,15,0.375,0.030731047756404735,-0.00010008466054852935,0.000580568211591425,-inf,false,not converged
1.745,mixed_mesh_0.025,H,16,0.4,0.028098619150215137,-0.00011245471532656329,0.000580568211591425,-inf,false,not converged
1.745,mixed_mesh_0.025,H,17,0.425,0.025548819896058485,-0.00012548513141867786,0.000580568211591425,-inf,false,not converged
1.745,mixed_mesh_0.025,H,18,0.45,0.02310311053100713,-0.00013916403492641137,0.000580568211591425,-inf,false,not converged
1.745,mixed_mesh_0.025,H,19,0.475,0.020778820184632604,-0.00015347939083905013,0.000580568211591425,-inf,false,not converged
1.745,mixed_mesh_0.025,H,20,0.5,0.018589193281223694,-0.00016841907721217887,0.000580568211591425,-inf,false,not converged
1.745,mixed_mesh_0.025,H,21,0.525,0.016543559186831983,-0.00018397094871802112,0.000580568211591425,-inf,false,not converged
1.745,mixed_mesh_0.025,H,22,0.55,0.014647601548381574,-0.00020012289045000416,0.000580568211591425,-inf,false,not converged
1.745,mixed_mesh_0.025,H,23,0.575,0.01290370296060499,-0.00021686286287930442,0.000580568211591425,-inf,false,not converged
1.745,mixed_mesh_0.025,H,24,0.6,0.011311340940580452,-0.00023417893885986987,0.000580568211591425,-inf,false,not converged
1.745,mixed_mesh_0.025,H,25,0.625,0.009867512721672056,-0.0002520593335625515,0.000580568211591425,-inf,false,not converged
1.745,mixed_mesh_0.025,H,26,0.65,0.008567168800373606,-0.0002704924281897933,0.000580568211591425,-inf,false,not converged
1.745,mixed_mesh_0.025,H,27,0.675,0.007403638179699716,-0.0002894667882818863,0.000580568211591425,-inf,false,not converged
1.745,mixed_mesh_0.025,H,28,0.7,0.006369031569822012,-0.0003089711773766428,0.000580568211591425,-inf,false,not converged
1.745,mixed_mesh_0.025,H,29,0.725,0.005454612184982901,-0.00032899456672814444,0.000580568211591425,-inf,false,not converged
1.745,mixed_mesh_0.025,H,30,0.75,0.004651127015495214,-0.00034952614172944346,0.000580568211591425,-inf,false,not converged
1.745,mixed_mesh_0.025,H,31,0.775,0.003949094404972122,-0.0003705553056210075,0.000580568211591425,-inf,false,not converged
1.745,mixed_mesh_0.025,H,32,0.8,0.0033390463253220007,-0.00039207168100249996,0.000580568211591425,-inf,false,not converged
1.745,mixed_mesh_0.025,H,33,0.825,0.0028117258601501514,-0.000414065109602655,0.000580568211591425,-inf,false,not converged
1.745,mixed_mesh_0.025,H,34,0.85,0.0023582420643585822,-0.0004365256507010626,0.000580568211591425,-inf,false,not converged
1.745,mixed_mesh_0.025,H,35,0.875,0.0019701855780362436,-0.0004594435785385022,0.000580568211591425,-inf,false,not converged
1.745,mixed_mesh_0.025,H,36,0.9,0.0016397091730016291,-0.000482809378999121,0.000580568211591425,-inf,false,not converged
1.745,mixed_mesh_0.025,H,37,0.925,0.0013595778522853207,-0.0005066137457993142,0.000580568211591425,-inf,false,not converged
1.745,mixed_mesh_0.025,H,38,0.95,0.001123193266182194,-0.0005308475763747926,0.000580568211591425,-inf,false,not converged
1.745,mixed_mesh_0.025,H,39,0.975,0.0009245971153509799,-0.000555501967618801,0.000580568211591425,-inf,false,not converged
1.745,mixed_mesh_0.025,H,40,1.0,0.000758457941850159,-0.000580568211591425,0.000580568211591425,-inf,false,not converged
1.745,mixed_mesh_0.025,L,0,-3.503246160812043e-46,1.0,n/a,0.0,n/a,false,not converged
1.745,mixed_mesh_0.05,H,0,0.0,0.11285223248284441,0.0,0.0005711786946498466,-inf,false,not converged
1.745,mixed_mesh_0.05,H,1,0.05,0.111898363081515,-3.9296739233626e-06,0.0005711786946498466,-inf,false,not converged
1.745,mixed_mesh_0.05,H,2,0.1,0.1084028891051136,-1.07291521298865e-05,0.0005711786946498466,-inf,false,not converged
1.745,mixed_mesh_0.05,H,3,0.15,0.10256406093831774,-2.0433396643126153e-05,0.0005711786946498466,-inf,false,not converged
1.745,mixed_mesh_0.05,H,4,0.2,0.09476015873799322,-3.304047133701176e-05,0.0005711786946498466,-inf,false,not converged
1.745,mixed_mesh_0.05,H,5,0.25,0.0854989795554971,-4.85192402734768e-05,0.0005711786946498466,-inf,false,not converged
1.745,mixed_mesh_0.05,H,6,0.3,0.07535355762433694,-6.681619789088936e-05,0.0005711786946498466,-inf,false,not converged
1.745,mixed_mesh_0.05,H,7,0.35,0.06489613458978448,-8.786138885898392e-05,0.0005711786946498466,-inf,false,not converged
1.745,mixed_mesh_0.05,H,8,0.4,0.05464120249226266,-0.00011157340944239168,0.0005711786946498466,-inf,false,not converged
1.745,mixed_mesh_0.05,H,9,0.45,0.045005035542203725,-0.0001378635161246953,0.0005711786946498466,-inf,false,not converged
1.745,mixed_mesh_0.05,H,10,0.5,0.03628475555750929,-0.00016663889786757563,0.0005711786946498466,-inf,false,not converged
1.745,mixed_mesh_0.05,H,11,0.55,0.02865589266077714,-0.00019780519310106173,0.0005711786946498466,-inf,false,not converged
1.745,mixed_mesh_0.05,H,12,0.6,0.022184487811808276,-0.00023126834960370858,0.0005711786946498466,-inf,false,not converged
1.745,mixed_mesh_0.05,H,13,0.65,0.016848388307030632,-0.0002669359341171424,0.0005711786946498466,-inf,false,not converged
1.745,mixed_mesh_0.05,H,14,0.7,0.012562386954774312,-0.00030471799918266144,0.0005711786946498466,-inf,false,not converged
1.745,mixed_mesh_0.05,H,15,0.75,0.009202829848699875,-0.00034452760851411655,0.0005711786946498466,-inf,false,not converged
1.745,mixed_mesh_0.05,H,16,0.8,0.006628756782814331,-0.00038628111104597324,0.0005711786946498466,-inf,false,not converged
1.745,mixed_mesh_0.05,H,17,0.85,0.004698102584678536,-0.00042989823966054636,0.0005711786946498466,-inf,false,not converged
1.745,mixed_mesh_0.05,H,18,0.9,0.0032786888833720106,-0.0004753020954352122,0.0005711786946498466,-inf,false,not converged
1.745,mixed_mesh_0.05,H,19,0.95,0.0022545482747867666,-0.0005224190636303749,0.0005711786946498466,-inf,false,not converged
1.745,mixed_mesh_0.05,H,20,1.0,0.0015285481838799545,-0.0005711786946498466,0.0005711786946498466,-inf,false,not converged
1.745,mixed_mesh_0.05,L,0,-3.503246160812043e-46,1.0,n/a,0.0,n/a,false,not converged
1.7468775382679625,mixed_mesh_0.025,H,0,0.0,0.05159703709450461,0.0,0.0005302244922789468,-inf,false,not converged
1.7468775382679625,mixed_mesh_0.025,H,1,0.025,0.052225655415009925,6.743250777354421e-07,0.0005302244922789468,-inf,false,not converged
1.7468775382679625,mixed_mesh_0.025,H,2,0.05,0.05254429444438974,5.725498043675139e-07,0.0005302244922789468,-inf,false,not converged
1.7468775382679625,mixed_mesh_0.025,H,3,0.075,0.05254315304138272,-3.147110691119684e-07,0.0005302244922789468,-inf,false,not converged
1.7468775382679625,mixed_mesh_0.025,H,4,0.1,0.05221916111338455,-1.993858690110383e-06,0.0005302244922789468,-inf,false,not converged
1.7468775382679625,mixed_mesh_0.025,H,5,0.125,0.05157610292152686,-4.4685732673785394e-06,0.0005302244922789468,-inf,false,not converged
1.7468775382679625,mixed_mesh_0.025,H,6,0.15,0.0506244792071852,-7.740069228098518e-06,0.0005302244922789468,-inf,false,not converged
1.7468775382679625,mixed_mesh_0.025,H,7,0.175,0.04938111749232242,-1.1807341262267974e-05,0.0005302244922789468,-inf,false,not converged
1.7468775382679625,mixed_mesh_0.025,H,8,0.2,0.04786855385577246,-1.666740023460126e-05,0.0005302244922789468,-inf,false,not converged
1.7468775382679625,mixed_mesh_0.025,H,9,0.225,0.046114221470639004,-2.231549805135121e-05,0.0005302244922789468,-inf,false,not converged
1.7468775382679625,mixed_mesh_0.025,H,10,0.25,0.04414949039021092,-2.8745340693749413e-05,0.0005302244922789468,-inf,false,not converged
1.7468775382679625,mixed_mesh_0.025,H,11,0.275,0.042008608956419474,-3.594928876764301e-05,0.0005302244922789468,-inf,false,not converged
1.7468775382679625,mixed_mesh_0.025,H,12,0.3,0.039727599552563685,-4.3918545066914776e-05,0.0005302244922789468,-inf,false,not converged
1.7468775382679625,mixed_mesh_0.025,H,13,0.325,0.03734316031576251,-5.264332880240436e-05,0.0005302244922789468,-inf,false,not converged
1.7468775382679625,mixed_mesh_0.025,H,14,0.35,0.03489162022327655,-6.21130363046233e-05,0.0005302244922789468,-inf,false,not converged
1.7468775382679625,mixed_mesh_0.025,H,15,0.375,0.032407988244271026,-7.231638816375223e-05,0.0005302244922789468,-inf,false,not converged
1.7468775382679625,mixed_mesh_0.025,H,16,0.4,0.02992512871977197,-8.324156292055691e-05,0.0005302244922789468,-inf,false,not converged
1.7468775382679625,mixed_mesh_0.025,H,17,0.425,0.027473085575367505,-9.487631756376937e-05,0.0005302244922789468,-inf,false,not converged
1.7468775382679625,mixed_mesh_0.025,H,18,0.45,0.025078568147517757,-0.00010720809522006894,0.0005302244922789468,-inf,false,not converged
1.7468775382679625,mixed_mesh_0.025,H,19,0.475,0.022764602002210522,-0.000120224120539374,0.0005302244922789468,-inf,false,not converged
1.7468775382679625,mixed_mesh_0.025,H,20,0.5,0.0205503397072868,-0.00013391148337921037,0.0005302244922789468,-inf,false,not converged
1.7468775382679625,mixed_mesh_0.025,H,21,0.525,0.018451019497573006,-0.00014825721147518518,0.0005302244922789468,-inf,false,not converged
1.7468775382679625,mixed_mesh_0.025,H,22,0.55,0.01647805439291315,-0.000163248332849978,0.0005302244922789468,-inf,false,not converged
1.7468775382679625,mixed_mesh_0.025,H,23,0.575,0.014639230684770002,-0.00017887192875997403,0.0005302244922789468,-inf,false,not converged
1.7468775382679625,mixed_mesh_0.025,H,24,0.6,0.012938992751405509,-0.0001951151780071811,0.0005302244922789468,-inf,false,not converged
1.7468775382679625,mixed_mesh_0.025,H,25,0.625,0.011378790739070036,-0.00021196539345526288,0.0005302244922789468,-inf,false,not converged
1.7468775382679625,mixed_mesh_0.025,H,26,0.65,0.009957468523560565,-0.00022941005158360998,0.0005302244922789468,-inf,false,not converged
1.7468775382679625,mixed_mesh_0.025,H,27,0.675,0.008671671263744057,-0.00024743681589418226,0.0005302244922789468,-inf,false,not converged
1.7468775382679625,mixed_mesh_0.025,H,28,0.7,0.007516254481056191,-0.0002660335549541301,0.0005302244922789468,-inf,false,not converged
1.7468775382679625,mixed_mesh_0.025,H,29,0.725,0.0064846796604382745,-0.0002851883558154713,0.0005302244922789468,-inf,false,not converged
1.7468775382679625,mixed_mesh_0.025,H,30,0.75,0.0055693846104583646,-0.00030488953350318176,0.0005302244922789468,-inf,false,not converged
1.7468775382679625,mixed_mesh_0.025,H,31,0.775,0.004762120025855846,-0.00032512563720761903,0.0005302244922789468,-inf,false,not converged
1.7468775382679625,mixed_mesh_0.025,H,32,0.8,0.004054246694115441,-0.0003458854537580283,0.0005302244922789468,-inf,false,not converged
1.7468775382679625,mixed_mesh_0.025,H,33,0.825,0.00343699045736014,-0.0003671580088930766,0.0005302244922789468,-inf,false,not converged
1.7468775382679625,mixed_mesh_0.025,H,34,0.85,0.002901654306591185,-0.0003889325667837881,0.0005302244922789468,-inf,false,not converged
1.7468775382679625,mixed_mesh_0.025,H,35,0.875,0.002439788812656907,-0.00041119862820504505,0.0005302244922789468,-inf,false,not converged
1.7468775382679625,mixed_mesh_0.025,H,36,0.9,0.0020433234866233415,-0.00043394592769560245,0.0005302244922789468,-inf,false,not converged
1.7468775382679625,mixed_mesh_0.025,H,37,0.925,0.0017046626365774386,-0.00045716442999384904,0.0005302244922789468,-inf,false,not converged
1.7468775382679625,mixed_mesh_0.025,H,38,0.95,0.0014167498915491216,-0.0004808443259883208,0.0005302244922789468,-inf,false,not converged
1.7468775382679625,mixed_mesh_0.025,H,39,0.975,0.001173105850336211,-0.0005049760283782727,0.0005302244922789468,-inf,false,not converged
1.7468775382679625,mixed_mesh_0.025,H,40,1.0,0.0009678433425690952,-0.0005295501672012114,0.0005302244922789468,-inf,false,not converged
1.7468775382679625,mixed_mesh_0.025,L,0,-3.503246160812043e-46,1.0,n/a,0.0,n/a,false,not converged
1.7468775382679625,mixed_mesh_0.05,H,0,0.0,0.10041426851955666,0.0,0.0005215650104845608,-inf,false,not converged
1.7468775382679625,mixed_mesh_0.05,H,1,0.05,0.10216807568321498,4.258165736870014e-07,0.0005215650104845608,-inf,false,not converged
1.7468775382679625,mixed_mesh_0.05,H,2,0.1,0.10148039813081189,-2.2180441636497454e-06,0.0005215650104845608,-inf,false,not converged
1.7468775382679625,mixed_mesh_0.05,H,3,0.15,0.09836020761857302,-7.972197001846013e-06,0.0005215650104845608,-inf,false,not converged
1.7468775382679625,mixed_mesh_0.05,H,4,0.2,0.0930160497134874,-1.6838708842362334e-05,0.0005215650104845608,-inf,false,not converged
1.7468775382679625,mixed_mesh_0.05,H,5,0.25,0.08582633366371946,-2.878853673766394e-05,0.0005215650104845608,-inf,false,not converged
1.7468775382679625,mixed_mesh_0.05,H,6,0.3,0.07728731344305188,-4.376830361120434e-05,0.0005215650104845608,-inf,false,not converged
1.7468775382679625,mixed_mesh_0.05,H,7,0.35,0.06794946687792516,-6.170632030687729e-05,0.0005215650104845608,-inf,false,not converged
1.7468775382679625,mixed_mesh_0.05,H,8,0.4,0.05835413886797769,-8.251779833255701e-05,0.0005215650104845608,-inf,false,not converged
1.7468775382679625,mixed_mesh_0.05,H,9,0.45,0.048980604575778484,-0.00010610923563184223,0.0005215650104845608,-inf,false,not converged
1.7468775382679625,mixed_mesh_0.05,H,10,0.5,0.040210037343713874,-0.00013238199433472132,0.0005215650104845608,-inf,false,not converged
1.7468775382679625,mixed_mesh_0.05,H,11,0.55,0.03230852285529811,-0.00016123512150072183,0.0005215650104845608,-inf,false,not converged
1.7468775382679625,mixed_mesh_0.05,H,12,0.6,0.02542743405269941,-0.00019256748892813348,0.0005215650104845608,-inf,false,not converged
1.7468775382679625,mixed_mesh_0.05,H,13,0.65,0.01961692920264625,-0.00022627934471500244,0.0005215650104845608,-inf,false,not converged
1.7468775382679625,mixed_mesh_0.05,H,14,0.7,0.014847286091675035,-0.00026227337708577443,0.0005215650104845608,-inf,false,not converged
1.7468775382679625,mixed_mesh_0.05,H,15,0.75,0.011033029333227841,-0.00030045539074869364,0.0005215650104845608,-inf,false,not converged
1.7468775382679625,mixed_mesh_0.05,H,16,0.8,0.008055893445218927,-0.00034073468923883146,0.0005215650104845608,-inf,false,not converged
1.7468775382679625,mixed_mesh_0.05,H,17,0.85,0.005784096116207163,-0.00038302424531443113,0.0005215650104845608,-inf,false,not converged
1.7468775382679625,mixed_mesh_0.05,H,18,0.9,0.0040867741380283965,-0.00042724072759494844,0.0005215650104845608,-inf,false,not converged
1.7468775382679625,mixed_mesh_0.05,H,19,0.95,0.002843516284153269,-0.0004733044371293023,0.0005215650104845608,-inf,false,not converged
1.7468775382679625,mixed_mesh_0.05,H,20,1.0,0.00194962404303521,-0.0005211391939108738,0.0005215650104845608,-inf,false,not converged
1.7468775382679625,mixed_mesh_0.05,L,0,-3.503246160812043e-46,1.0,n/a,0.0,n/a,false,not converged
1.7477775382679625,mixed_mesh_0.025,H,0,0.0,0.048584827422525,0.0,0.0005082035555440245,-inf,false,not converged
1.7477775382679625,mixed_mesh_0.025,H,1,0.025,0.04948551749706015,1.7405592452840544e-06,0.0005082035555440245,-inf,false,not converged
1.7477775382679625,mixed_mesh_0.025,H,2,0.05,0.05009522532804502,2.6813252921027535e-06,0.0005082035555440245,-inf,false,not converged
1.7477775382679625,mixed_mesh_0.025,H,3,0.075,0.05039888959096006,2.8125024007594895e-06,0.0005082035555440245,-inf,false,not converged
1.7477775382679625,mixed_mesh_0.025,H,4,0.1,0.05038782772702992,2.127309418002276e-06,0.0005082035555440245,-inf,false,not converged
1.7477775382679625,mixed_mesh_0.025,H,5,0.125,0.050060063866932375,6.217261695139718e-07,0.0005082035555440245,-inf,false,not converged
1.7477775382679625,mixed_mesh_0.025,H,6,0.15,0.04942039906142432,-1.7057541827673016e-06,0.0005082035555440245,-inf,false,not converged
1.7477775382679625,mixed_mesh_0.025,H,7,0.175,0.048480221850359675,-4.854365578101094e-06,0.0005082035555440245,-inf,false,not converged
1.7477775382679625,mixed_mesh_0.025,H,8,0.2,0.04725707199765752,-8.821301122051775e-06,0.0005082035555440245,-inf,false,not converged
1.7477775382679625,mixed_mesh_0.025,H,9,0.225,0.04577398378408274,-1.3601935708397288e-05,0.0005082035555440245,-inf,false,not converged
1.7477775382679625,mixed_mesh_0.025,H,10,0.25,0.04405864659831844,-1.9190038243330036e-05,0.0005082035555440245,-inf,false,not converged
1.7477775382679625,mixed_mesh_0.025,H,11,0.275,0.042142428953263596,-2.557797265052668e-05,0.0005082035555440245,-inf,false,not converged
1.7477775382679625,mixed_mesh_0.025,H,12,0.3,0.0400593170267459,-3.275688698171561e-05,0.0005082035555440245,-inf,false,not converged
1.7477775382679625,mixed_mesh_0.025,H,13,0.325,0.03784482024798646,-4.071689011273059e-05,0.0005082035555440245,-inf,false,not converged
1.7477775382679625,mixed_mesh_0.025,H,14,0.35,0.035534894490401855,-4.9447215665305265e-05,0.0005082035555440245,-inf,false,not converged
1.7477775382679625,mixed_mesh_0.025,H,15,0.375,0.033164928515109195,-5.893637295654487e-05,0.0005082035555440245,-inf,false,not converged
1.7477775382679625,mixed_mesh_0.025,H,16,0.4,0.030768832060646754,-6.917228493675404e-05,0.0005082035555440245,-inf,false,not converged
1.7477775382679625,mixed_mesh_0.025,H,17,0.425,0.028378255134245387,-8.014241322886265e-05,0.0005082035555440245,-inf,false,not converged
1.7477775382679625,mixed_mesh_0.025,H,18,0.45,0.026021958409045743,-9.183387052559382e-05,0.0005082035555440245,-inf,false,not converged
1.7477775382679625,mixed_mesh_0.025,H,19,0.475,0.023725344917163427,-0.00010423352073071421,0.0005082035555440245,-inf,false,not converged
1.7477775382679625,mixed_mesh_0.025,H,20,0.5,0.02151015410498727,-0.00011732806734622396,0.0005082035555440245,-inf,false,not converged
1.7477775382679625,mixed_mesh_0.025,H,21,0.525,0.019394311304592727,-0.00013110413070581244,0.0005082035555440245,-inf,false,not converged
1.7477775382679625,mixed_mesh_0.025,H,22,0.55,0.017391919136296195,-0.00014554831473534077,0.0005082035555440245,-inf,false,not converged
1.7477775382679625,mixed_mesh_0.025,H,23,0.575,0.015513372492594504,-0.0001606472639830627,0.0005082035555440245,-inf,false,not converged
1.7477775382679625,mixed_mesh_0.025,H,24,0.6,0.013765575611863758,-0.0001763877117050179,0.0005082035555440245,-inf,false,not converged
1.7477775382679625,mixed_mesh_0.025,H,25,0.625,0.012152238250511425,-0.00019275651981599633,0.0005082035555440245,-inf,false,not converged
1.7477775382679625,mixed_mesh_0.025,H,26,0.65,0.010674227923926081,-0.00020974071152385365,0.0005082035555440245,-inf,false,not converged
1.7477775382679625,mixed_mesh_0.025,H,27,0.675,0.009329956360804342,-0.00022732749745684074,0.0005082035555440245,-inf,false,not converged
1.7477775382679625,mixed_mesh_0.025,H,28,0.7,0.008115780417405103,-0.0002455042960715012,0.0005082035555440245,-inf,false,not converged
1.7477775382679625,mixed_mesh_0.025,H,29,0.725,0.00702640043533823,-0.0002642587490948433,0.0005082035555440245,-inf,false,not converged
1.7477775382679625,mixed_mesh_0.025,H,30,0.75,0.006055242121266846,-0.0002835787327110581,0.0005082035555440245,-inf,false,not converged
1.7477775382679625,mixed_mesh_0.025,H,31,0.775,0.0051948112342487885,-0.00030345236515231036,0.0005082035555440245,-inf,false,not converged
1.7477775382679625,mixed_mesh_0.025,H,32,0.8,0.0044370134841513606,-0.00032386801129734646,0.0005082035555440245,-inf,false,not converged
1.7477775382679625,mixed_mesh_0.025,H,33,0.825,0.003773434918290902,-0.00034481428482291757,0.0005082035555440245,-inf,false,not converged
1.7477775382679625,mixed_mesh_0.025,H,34,0.85,0.0031955805968730544,-0.0003662800483930362,0.0005082035555440245,-inf,false,not converged
1.7477775382679625,mixed_mesh_0.025,H,35,0.875,0.0026950714690835106,-0.00038825441231205016,0.0005082035555440245,-inf,false,not converged
1.7477775382679625,mixed_mesh_0.025,H,36,0.9,0.0022638010374671324,-0.0004107267320098522,0.0005082035555440245,-inf,false,not converged
1.7477775382679625,mixed_mesh_0.025,H,37,0.925,0.0018940546462015199,-0.00043368660467357767,0.0005082035555440245,-inf,false,not converged
1.7477775382679625,mixed_mesh_0.025,H,38,0.95,0.0015785950799321773,-0.0004571238652895,0.0005082035555440245,-inf,false,not converged
1.7477775382679625,mixed_mesh_0.025,H,39,0.975,0.001310718660509671,-0.0004810285823129909,0.0005082035555440245,-inf,false,not converged
1.7477775382679625,mixed_mesh_0.025,H,40,1.0,0.001084286234651934,-0.000505391053143265,0.0005082035555440245,-inf,false,not converged
1.7477775382679625,mixed_mesh_0.025,L,0,-3.517875527191847e-46,1.0,n/a,0.0,n/a,false,not converged
1.7477775382679625,mixed_mesh_0.05,H,0,0.0,0.0946910995657271,0.0,0.0004999907019928957,-inf,false,not converged
1.7477775382679625,mixed_mesh_0.05,H,1,0.05,0.09755063208003939,2.535620156506567e-06,0.0004999907019928957,-inf,false,not converged
1.7477775382679625,mixed_mesh_0.05,H,2,0.1,0.09806707120219561,1.9022195534724312e-06,0.0004999907019928957,-inf,false,not converged
1.7477775382679625,mixed_mesh_0.05,H,3,0.15,0.09616266407111188,-1.9436766277359553e-06,0.0004999907019928957,-inf,false,not converged
1.7477775382679625,mixed_mesh_0.05,H,4,0.2,0.09196164487121085,-9.006211772205445e-06,0.0004999907019928957,-inf,false,not converged
1.7477775382679625,mixed_mesh_0.05,H,5,0.25,0.08577174871867864,-1.925749779609423e-05,0.0004999907019928957,-inf,false,not converged
1.7477775382679625,mixed_mesh_0.05,H,6,0.3,0.0780402402324775,-3.2644350152614444e-05,0.0004999907019928957,-inf,false,not converged
1.7477775382679625,mixed_mesh_0.05,H,7,0.35,0.06929392123592813,-4.9094346199109705e-05,0.0004999907019928957,-inf,false,not converged
1.7477775382679625,mixed_mesh_0.05,H,8,0.4,0.06007489858341981,-6.852113039087018e-05,0.0004999907019928957,-inf,false,not converged
1.7477775382679625,mixed_mesh_0.05,H,9,0.45,0.05088318235571963,-9.082892857059308e-05,0.0004999907019928957,-inf,false,not converged
1.7477775382679625,mixed_mesh_0.05,H,10,0.5,0.04213410106197948,-0.00011591627227071528,0.0004999907019928957,-inf,false,not converged
1.7477775382679625,mixed_mesh_0.05,H,11,0.55,0.03413427970454987,-0.0001436789689468268,0.0004999907019928957,-inf,false,not converged
1.7477775382679625,mixed_mesh_0.05,H,12,0.6,0.02707580637642082,-0.0001740123826161951,0.0004999907019928957,-inf,false,not converged
1.7477775382679625,mixed_mesh_0.05,H,13,0.65,0.02104515220433729,-0.00020681310966585292,0.0004999907019928957,-inf,false,not converged
1.7477775382679625,mixed_mesh_0.05,H,14,0.7,0.016041823865680573,-0.0002419801459246692,0.0004999907019928957,-inf,false,not converged
1.7477775382679625,mixed_mesh_0.05,H,15,0.75,0.01200154511100966,-0.0002794156438713537,0.0004999907019928957,-inf,false,not converged
1.7477775382679625,mixed_mesh_0.05,H,16,0.8,0.008819594756858099,-0.00031902535439045157,0.0004999907019928957,-inf,false,not converged
1.7477775382679625,mixed_mesh_0.05,H,17,0.85,0.0063712751705628096,-0.0003607188376923455,0.0004999907019928957,-inf,false,not converged
1.7477775382679625,mixed_mesh_0.05,H,18,0.9,0.0045279044671596175,-0.0004044095149957419,0.0004999907019928957,-inf,false,not converged
1.7477775382679625,mixed_mesh_0.05,H,19,0.95,0.0031679184607774896,-0.00045001461831730566,0.0004999907019928957,-inf,false,not converged
1.7477775382679625,mixed_mesh_0.05,H,20,1.0,0.0021834959041556524,-0.0004974550818363892,0.0004999907019928957,-inf,false,not converged
1.7477775382679625,mixed_mesh_0.05,L,0,-3.518475764074693e-46,1.0,n/a,0.0,n/a,false,not converged
1.7478775382679625,mixed_mesh_0.025,H,0,0.0,0.04825641686895101,0.0,0.0005058761975294812,-inf,false,not converged
1.7478775382679625,mixed_mesh_0.025,H,1,0.025,0.0491852498619743,1.859463026837138e-06,0.0005058761975294812,-inf,false,not converged
1.7478775382679625,mixed_mesh_0.025,H,2,0.05,0.049825396792325914,2.916471799946493e-06,0.0005058761975294812,-inf,false,not converged
1.7478775382679625,mixed_mesh_0.025,H,3,0.075,0.050161243379094195,3.161184388662114e-06,0.0005058761975294812,-inf,false,not converged
1.7478775382679625,mixed_mesh_0.025,H,4,0.1,0.05018350692172651,2.586776790318001e-06,0.0005058761975294812,-inf,false,not converged
1.7478775382679625,mixed_mesh_0.025,H,5,0.125,0.049889586202735,1.189190386534627e-06,0.0005058761975294812,-inf,false,not converged
1.7478775382679625,mixed_mesh_0.025,H,6,0.15,0.04928365457388665,-1.033114855718796e-06,0.0005058761975294812,-inf,false,not converged
1.7478775382679625,mixed_mesh_0.025,H,7,0.175,0.04837649299574617,-4.0794001850276256e-06,0.0005058761975294812,-inf,false,not converged
1.7478775382679625,mixed_mesh_0.025,H,8,0.2,0.04718507465592161,-7.946879686642969e-06,0.0005058761975294812,-inf,false,not converged
1.7478775382679625,mixed_mesh_0.025,H,9,0.225,0.04573192650180728,-1.2630942636861382e-05,0.0005058761975294812,-inf,false,not converged
1.7478775382679625,mixed_mesh_0.025,H,10,0.25,0.0440443045886143,-1.812536561891613e-05,0.0005058761975294812,-inf,false,not converged
1.7478775382679625,mixed_mesh_0.025,H,11,0.275,0.042153228794502354,-2.4422513560961624e-05,0.0005058761975294812,-inf,false,not converged
1.7478775382679625,mixed_mesh_0.025,H,12,0.3,0.04009242771464275,-3.151352900238047e-05,0.0005058761975294812,-inf,false,not converged
1.7478775382679625,mixed_mesh_0.025,H,13,0.325,0.03789724625402291,-3.9388509049851327e-05,0.0005058761975294812,-inf,false,not converged
1.7478775382679625,mixed_mesh_0.025,H,14,0.35,0.035603566739325514,-4.8036669645239866e-05,0.0005058761975294812,-inf,false,not converged
1.7478775382679625,mixed_mesh_0.025,H,15,0.375,0.033246789672494496,-5.7446496929476794e-05,0.0005058761975294812,-inf,false,not converged
1.7478775382679625,mixed_mesh_0.025,H,16,0.4,0.030860913163045144,-6.760588564626475e-05,0.0005058761975294812,-inf,false,not converged
1.7478775382679625,mixed_mesh_0.025,H,17,0.425,0.028477741337902943,-7.850226468299713e-05,0.0005058761975294812,-inf,false,not converged
1.7478775382679625,mixed_mesh_0.025,H,18,0.45,0.026126242416997812,-9.012270999047764e-05,0.0005058761975294812,-inf,false,not converged
1.7478775382679625,mixed_mesh_0.025,H,19,0.475,0.023832067412274213,-0.00010245404525466989,0.0005058761975294812,-inf,false,not converged
1.7478775382679625,mixed_mesh_0.025,H,20,0.5,0.021617231220770586,-0.00011548293081070811,0.0005058761975294812,-inf,false,not converged
1.7478775382679625,mixed_mesh_0.025,H,21,0.525,0.01949994977058675,-0.00012919594138956388,0.0005058761975294812,-inf,false,not converged
1.7478775382679625,mixed_mesh_0.025,H,22,0.55,0.01749462021714802,-0.00014357963336987002,0.0005058761975294812,-inf,false,not converged
1.7478775382679625,mixed_mesh_0.025,H,23,0.575,0.015611926189024577,-0.0001586206022709067,0.0005058761975294812,-inf,false,not converged
1.7478775382679625,mixed_mesh_0.025,H,24,0.6,0.013859046807607142,-0.0001743055312672208,0.0005058761975294812,-inf,false,not converged
1.7478775382679625,mixed_mesh_0.025,H,25,0.625,0.012239946581556194,-0.00019062123153173495,0.0005058761975294812,-inf,false,not converged
1.7478775382679625,mixed_mesh_0.025,H,26,0.65,0.010755723130977361,-0.00020755467522302375,0.0005058761975294812,-inf,false,not converged
1.7478775382679625,mixed_mesh_0.025,H,27,0.675,0.009404990783181471,-0.00022509302192557333,0.0005058761975294812,-inf,false,not converged
1.7478775382679625,mixed_mesh_0.025,H,28,0.7,0.008184280118705345,-0.0002432236393308581,0.0005058761975294812,-inf,false,not converged
1.7478775382679625,mixed_mesh_0.025,H,29,0.725,0.007088436240217304,-0.0002619341189141096,0.0005058761975294812,-inf,false,not converged
1.7478775382679625,mixed_mesh_0.025,H,30,0.75,0.006111001608958656,-0.0002812122873189528,0.0005058761975294812,-inf,false,not converged
1.7478775382679625,mixed_mesh_0.025,H,31,0.775,0.005244572495569738,-0.00030104621411204506,0.0005058761975294812,-inf,false,not converged
1.7478775382679625,mixed_mesh_0.025,H,32,0.8,0.004481121218902005,-0.00032142421651423433,0.0005058761975294812,-inf,false,not converged
1.7478775382679625,mixed_mesh_0.025,H,33,0.825,0.0038122792397569053,-0.0003423348616566138,0.0005058761975294812,-inf,false,not converged
1.7478775382679625,mixed_mesh_0.025,H,34,0.85,0.0032295787265915407,-0.0003637669668496192,0.0005058761975294812,-inf,false,not converged
1.7478775382679625,mixed_mesh_0.025,H,35,0.875,0.0027246523520587655,-0.0003857095982945889,0.0005058761975294812,-inf,false,not converged
1.7478775382679625,mixed_mesh_0.025,H,36,0.9,0.0022893927867789006,-0.0004081520686092452,0.0005058761975294812,-inf,false,not converged
1.7478775382679625,mixed_mesh_0.025,H,37,0.925,0.0019160746355148977,-0.0004310839334845662,0.0005058761975294812,-inf,false,not converged
1.7478775382679625,mixed_mesh_0.025,H,38,0.95,0.0015974424403085254,-0.00045449498773954267,0.0005058761975294812,-inf,false,not converged
1.7478775382679625,mixed_mesh_0.025,H,39,0.975,0.0013267689006396836,-0.0004783752609943577,0.0005058761975294812,-inf,false,not converged
1.7478775382679625,mixed_mesh_0.025,H,40,1.0,0.0010978876871543613,-0.0005027150131408191,0.0005058761975294812,-inf,false,not converged
1.7478775382679625,mixed_mesh_0.025,L,0,-3.5248092348969405e-46,1.0,n/a,0.0,n/a,false,not converged
1.7478775382679625,mixed_mesh_0.05,H,0,0.0,0.09406604824256477,0.0,0.0004976028426038252,-inf,false,not converged
1.7478775382679625,mixed_mesh_0.05,H,1,0.05,0.09704085167194615,2.770913409501927e-06,0.0004976028426038252,-inf,false,not converged
1.7478775382679625,mixed_mesh_0.05,H,2,0.1,0.09768521518822278,2.361647856966194e-06,0.0004976028426038252,-inf,false,not converged
1.7478775382679625,mixed_mesh_0.05,H,3,0.15,0.09591201467242952,-1.2715946615276565e-06,0.0004976028426038252,-inf,false,not converged
1.7478775382679625,mixed_mesh_0.05,H,4,0.2,0.09183610944116746,-8.13319414748933e-06,0.0004976028426038252,-inf,false,not converged
1.7478775382679625,mixed_mesh_0.05,H,5,0.25,0.08575713299118577,-1.8195396737871218e-05,0.0004976028426038252,-inf,false,not converged
1.7478775382679625,mixed_mesh_0.05,H,6,0.3,0.07811648849102468,-3.1405044614672174e-05,0.0004976028426038252,-inf,false,not converged
1.7478775382679625,mixed_mesh_0.05,H,7,0.35,0.06943785312329004,-4.7689637882490817e-05,0.0004976028426038252,-inf,false,not converged
1.7478775382679625,mixed_mesh_0.05,H,8,0.4,0.060262938895595884,-6.696264964060374e-05,0.0004976028426038252,-inf,false,not converged
1.7478775382679625,mixed_mesh_0.05,H,9,0.45,0.0510936632468687,-8.912805432821982e-05,0.0004976028426038252,-inf,false,not converged
1.7478775382679625,mixed_mesh_0.05,H,10,0.5,0.04234887376853163,-0.00011408406826112806,0.0004976028426038252,-inf,false,not converged
1.7478775382679625,mixed_mesh_0.05,H,11,0.55,0.03433955144852136,-0.00014172613658049518,0.0004976028426038252,-inf,false,not converged
1.7478775382679625,mixed_mesh_0.05,H,12,0.6,0.027262270931065705,-0.00017194922976322864,0.0004976028426038252,-inf,false,not converged
1.7478775382679625,mixed_mesh_0.05,H,13,0.65,0.021207581950702086,-0.0002046495335353577,0.0004976028426038252,-inf,false,not converged
1.7478775382679625,mixed_mesh_0.05,H,14,0.7,0.016178330554768007,-0.00023972562774929318,0.0004976028426038252,-inf,false,not converged
1.7478775382679625,mixed_mesh_0.05,H,15,0.75,0.012112705948816502,-0.0002770792529053559,0.0004976028426038252,-inf,false,not converged
1.7478775382679625,mixed_mesh_0.05,H,16,0.8,0.008907598229446857,-0.0003166157588084702,0.0004976028426038252,-inf,false,not converged
1.7478775382679625,mixed_mesh_0.05,H,17,0.85,0.006439186403259495,-0.000358244320242479,0.0004976028426038252,-inf,false,not converged
1.7478775382679625,mixed_mesh_0.05,H,18,0.9,0.004579097831721469,-0.00040187799163226776,0.0004976028426038252,-inf,false,not converged
1.7478775382679625,mixed_mesh_0.05,H,19,0.95,0.003205684400137541,-0.00044743365844587824,0.0004976028426038252,-inf,false,not converged
1.7478775382679625,mixed_mesh_0.05,H,20,1.0,0.0022108025687335763,-0.0004948319291943233,0.0004976028426038252,-inf,false,not converged
1.7478775382679625,mixed_mesh_0.05,L,0,-3.525416933962164e-46,1.0,n/a,0.0,n/a,false,not converged
1.7479775382679625,mixed_mesh_0.025,H,0,0.0,0.04792917681440583,0.0,0.000503551174662615,-inf,false,not converged
1.7479775382679625,mixed_mesh_0.025,H,1,0.025,0.04888574797091571,1.9784590443516032e-06,0.000503551174662615,-inf,false,not converged
1.7479775382679625,mixed_mesh_0.025,H,2,0.05,0.049555964450345,3.1517962883198525e-06,0.000503551174662615,-inf,false,not converged
1.7479775382679625,mixed_mesh_0.025,H,3,0.075,0.04992366548527319,3.5101234798836246e-06,0.000503551174662615,-inf,false,not converged
1.7479775382679625,mixed_mesh_0.025,H,4,0.1,0.04997897314239831,3.0465736280010404e-06,0.000503551174662615,-inf,false,not converged
1.7479775382679625,mixed_mesh_0.025,H,5,0.125,0.049718664036057666,1.7570495233609068e-06,0.000503551174662615,-inf,false,not converged
1.7479775382679625,mixed_mesh_0.025,H,6,0.15,0.04914628519874139,-3.6002221482853147e-07,0.000503551174662615,-inf,false,not converged
1.7479775382679625,mixed_mesh_0.025,H,7,0.175,0.048272009617582885,-3.3039303002995422e-06,0.000503551174662615,-inf,false,not converged
1.7479775382679625,mixed_mesh_0.025,H,8,0.2,0.04711224185362866,-7.071909953377392e-06,0.000503551174662615,-inf,false,not converged
1.7479775382679625,mixed_mesh_0.025,H,9,0.225,0.045688998011070875,-1.1659364984070546e-05,0.000503551174662615,-inf,false,not converged
1.7479775382679625,mixed_mesh_0.025,H,10,0.25,0.044029096100240674,-1.706007979588274e-05,0.000503551174662615,-inf,false,not converged
1.7479775382679625,mixed_mesh_0.025,H,11,0.275,0.0421632017507372,-2.32664204530917e-05,0.000503551174662615,-inf,false,not converged
1.7479775382679625,mixed_mesh_0.025,H,12,0.3,0.04012477977767928,-3.0269524099495876e-05,0.000503551174662615,-inf,false,not converged
1.7479775382679625,mixed_mesh_0.025,H,13,0.325,0.03794900409855288,-3.805947617167155e-05,0.000503551174662615,-inf,false,not converged
1.7479775382679625,mixed_mesh_0.025,H,14,0.35,0.035671677062123666,-4.662547501060616e-05,0.000503551174662615,-inf,false,not converged
1.7479775382679625,mixed_mesh_0.025,H,15,0.375,0.033328204775070765,-5.5955983638250606e-05,0.000503551174662615,-inf,false,not converged
1.7479775382679625,mixed_mesh_0.025,H,16,0.4,0.030952668093883015,-6.603886862592903e-05,0.000503551174662615,-inf,false,not converged
1.7479775382679625,mixed_mesh_0.025,H,17,0.425,0.028577020317643923,-7.686152613618422e-05,0.000503551174662615,-inf,false,not converged
1.7479775382679625,mixed_mesh_0.025,H,18,0.45,0.02623043305148542,-8.841099536503402e-05,0.000503551174662615,-inf,false,not converged
1.7479775382679625,mixed_mesh_0.025,H,19,0.475,0.023938801967721197,-0.00010067405974471463,0.000503551174662615,-inf,false,not converged
1.7479775382679625,mixed_mesh_0.025,H,20,0.5,0.021724414944343903,-0.00011363733638548347,0.000503551174662615,-inf,false,not converged
1.7479775382679625,mixed_mesh_0.025,H,21,0.525,0.019605776851720366,-0.00012728735433688125,0.000503551174662615,-inf,false,not converged
1.7479775382679625,mixed_mesh_0.025,H,22,0.55,0.017597578475794084,-0.00014161062233256257,0.000503551174662615,-inf,false,not converged
1.7479775382679625,mixed_mesh_0.025,H,23,0.575,0.01571079193517121,-0.00015659368674802825,0.000503551174662615,-inf,false,not converged
1.7479775382679625,mixed_mesh_0.025,H,24,0.6,0.013952871541275927,-0.00017222318054657335,0.000503551174662615,-inf,false,not converged
1.7479775382679625,mixed_mesh_0.025,H,25,0.625,0.01232803730295027,-0.0001884858640168012,0.000503551174662615,-inf,false,not converged
1.7479775382679625,mixed_mesh_0.025,H,26,0.65,0.010837618022140366,-0.00020536865811513622,0.000503551174662615,-inf,false,not converged
1.7479775382679625,mixed_mesh_0.025,H,27,0.675,0.009480431925506232,-0.000222858671221288,0.000503551174662615,-inf,false,not converged
1.7479775382679625,mixed_mesh_0.025,H,28,0.7,0.008253184746967368,-0.00024094322009472584,0.000503551174662615,-inf,false,not converged
1.7479775382679625,mixed_mesh_0.025,H,29,0.725,0.007150867825588091,-0.00025960984578811755,0.000503551174662615,-inf,false,not converged
1.7479775382679625,mixed_mesh_0.025,H,30,0.75,0.006167141831172519,-0.0002788463252318858,0.000503551174662615,-inf,false,not converged
1.7479775382679625,mixed_mesh_0.025,H,31,0.775,0.005294694925859923,-0.00029864067915443514,0.000503551174662615,-inf,false,not converged
1.7479775382679625,mixed_mesh_0.025,H,32,0.8,0.0045255673049176895,-0.00031898117694756367,0.000503551174662615,-inf,false,not converged
1.7479775382679625,mixed_mesh_0.025,H,33,0.825,0.0038514369722282608,-0.00033985633902849227,0.000503551174662615,-inf,false,not converged
1.7479775382679625,mixed_mesh_0.025,H,34,0.85,0.003263864182312823,-0.000361254937190119,0.000503551174662615,-inf,false,not converged
1.7479775382679625,mixed_mesh_0.025,H,35,0.875,0.0027544941528826377,-0.0003831659933720699,0.000503551174662615,-inf,false,not converged
1.7479775382679625,mixed_mesh_0.025,H,36,0.9,0.0023152193911170084,-0.00040557877722737987,0.000503551174662615,-inf,false,not converged
1.7479775382679625,mixed_mesh_0.025,H,37,0.925,0.0019383042865146795,-0.0004284828028052502,0.000503551174662615,-inf,false,not converged
1.7479775382679625,mixed_mesh_0.025,H,38,0.95,0.001616475531034437,-0.0004518678246192842,0.000503551174662615,-inf,false,not converged
1.7479775382679625,mixed_mesh_0.025,H,39,0.975,0.0013429824777964608,-0.00047572383332426804,0.000503551174662615,-inf,false,not converged
1.7479775382679625,mixed_mesh_0.025,H,40,1.0,0.0011116317971483192,-0.0005000410511827313,0.000503551174662615,-inf,false,not converged
1.7479775382679625,mixed_mesh_0.025,L,0,-3.53174034685323e-46,1.0,n/a,0.0,n/a,false,not converged
1.7479775382679625,mixed_mesh_0.05,H,0,0.0,0.09344301687257033,0.0,0.0004952172649784626,-inf,false,not converged
1.7479775382679625,mixed_mesh_0.05,H,1,0.05,0.09653161606264016,3.0063910688167116e-06,0.0004952172649784626,-inf,false,not converged
1.7479775382679625,mixed_mesh_0.05,H,2,0.1,0.09730276000087827,2.821417771742187e-06,0.0004952172649784626,-inf,false,not converged
1.7479775382679625,mixed_mesh_0.05,H,3,0.15,0.0956600100940495,-5.990422641322969e-07,0.0004952172649784626,-inf,false,not converged
1.7479775382679625,mixed_mesh_0.05,H,4,0.2,0.09170885350474943,-7.2596069224566476e-06,0.0004952172649784626,-inf,false,not converged
1.7479775382679625,mixed_mesh_0.05,H,5,0.25,0.08574077573262691,-1.7132657806701035e-05,0.0004952172649784626,-inf,false,not converged
1.7479775382679625,mixed_mesh_0.05,H,6,0.3,0.0781912369625528,-3.0165064935430697e-05,0.0004952172649784626,-inf,false,not converged
1.7479775382679625,mixed_mesh_0.05,H,7,0.35,0.06958069159244373,-4.628425202336372e-05,0.0004952172649784626,-inf,false,not converged
1.7479775382679625,mixed_mesh_0.05,H,8,0.4,0.06045036033983058,-6.54035213523644e-05,0.0004952172649784626,-inf,false,not converged
1.7479775382679625,mixed_mesh_0.05,H,9,0.45,0.051303987466260234,-8.742659612853872e-05,0.0004952172649784626,-inf,false,not converged
1.7479775382679625,mixed_mesh_0.05,H,10,0.5,0.04256388308343556,-0.00011225137724542311,0.0004952172649784626,-inf,false,not converged
1.7479775382679625,mixed_mesh_0.05,H,11,0.55,0.03454535340197505,-0.0001397729469723545,0.0004952172649784626,-inf,false,not converged
1.7479775382679625,mixed_mesh_0.05,H,12,0.6,0.027449451586967388,-0.00016988588138536903,0.0004952172649784626,-inf,false,not converged
1.7479775382679625,mixed_mesh_0.05,H,13,0.65,0.021370814759684574,-0.00020248595445019474,0.0004952172649784626,-inf,false,not converged
1.7479775382679625,mixed_mesh_0.05,H,14,0.7,0.016315647157156048,-0.00023747132877578216,0.0004952172649784626,-inf,false,not converged
1.7479775382679625,mixed_mesh_0.05,H,15,0.75,0.012224626205979056,-0.00027474333151956444,0.0004952172649784626,-inf,false,not converged
1.7479775382679625,mixed_mesh_0.05,H,16,0.8,0.00899627542599669,-0.00031420691000859716,0.0004952172649784626,-inf,false,not converged
1.7479775382679625,mixed_mesh_0.05,H,17,0.85,0.006507669178490572,-0.0003557708522217151,0.0004952172649784626,-inf,false,not converged
1.7479775382679625,mixed_mesh_0.05,H,18,0.9,0.004630758127711515,-0.00039934784447337793,0.0004952172649784626,-inf,false,not converged
1.7479775382679625,mixed_mesh_0.05,H,19,0.95,0.003243819559639885,-0.00044485442445880985,0.0004952172649784626,-inf,false,not converged
1.7479775382679625,mixed_mesh_0.05,H,20,1.0,0.0022383928843616465,-0.0004922108739096459,0.0004952172649784626,-inf,false,not converged
1.7479775382679625,mixed_mesh_0.05,L,0,-3.532355492463412e-46,1.0,n/a,0.0,n/a,false,not converged
1.7488775382679625,mixed_mesh_0.025,H,0,0.0,0.04503729746608404,0.0,0.000483264150217726,-inf,false,not converged
1.7488775382679625,mixed_mesh_0.025,H,1,0.025,0.04622561027063418,3.053616277428543e-06,0.000483264150217726,-inf,false,not converged
1.7488775382679625,mixed_mesh_0.025,H,2,0.05,0.047150005147811466,5.2778150356855725e-06,0.000483264150217726,-inf,false,not converged
1.7488775382679625,mixed_mesh_0.025,H,3,0.075,0.04778970613062072,6.662285335581712e-06,0.000483264150217726,-inf,false,not converged
1.7488775382679625,mixed_mesh_0.025,H,4,0.1,0.048129714772995554,7.199767099222085e-06,0.000483264150217726,-inf,false,not converged
1.7488775382679625,mixed_mesh_0.025,H,5,0.125,0.048161369607317615,6.885809236385678e-06,0.000483264150217726,-inf,false,not converged
1.7488775382679625,mixed_mesh_0.025,H,6,0.15,0.04788266277180241,5.718531387742878e-06,0.000483264150217726,-inf,false,not converged
1.7488775382679625,mixed_mesh_0.025,H,7,0.175,0.047298298086821594,3.6983906455739443e-06,0.000483264150217726,-inf,false,not converged
1.7488775382679625,mixed_mesh_0.025,H,8,0.2,0.04641948991598634,8.279545614204784e-07,0.000483264150217726,-inf,false,not converged
1.7488775382679625,mixed_mesh_0.025,H,9,0.225,0.04526351696880043,-2.888318327456778e-06,0.000483264150217726,-inf,false,not converged
1.7488775382679625,mixed_mesh_0.025,H,10,0.25,0.0438530586519999,-7.444289322431144e-06,0.000483264150217726,-inf,false,not converged
1.7488775382679625,mixed_mesh_0.025,H,11,0.275,0.04221535268749771,-1.2832340730373551e-05,0.000483264150217726,-inf,false,not converged
1.7488775382679625,mixed_mesh_0.025,H,12,0.3,0.04038122076849703,-1.9043566503879235e-05,0.000483264150217726,-inf,false,not converged
1.7488775382679625,mixed_mesh_0.025,H,13,0.325,0.03838401360792206,-2.606795163794407e-05,0.000483264150217726,-inf,false,not converged
1.7488775382679625,mixed_mesh_0.025,H,14,0.35,0.03625852775124679,-3.389453976720448e-05,0.000483264150217726,-inf,false,not converged
1.7488775382679625,mixed_mesh_0.025,H,15,0.375,0.0340399441872865,-4.251158857374905e-05,0.000483264150217726,-inf,false,not converged
1.7488775382679625,mixed_mesh_0.025,H,16,0.4,0.03176283355811151,-5.190671278165228e-05,0.000483264150217726,-inf,false,not converged
1.7488775382679625,mixed_mesh_0.025,H,17,0.425,0.029460265291506204,-6.206701467734686e-05,0.000483264150217726,-inf,false,not converged
1.7488775382679625,mixed_mesh_0.025,H,18,0.45,0.027163049012061315,-7.297920225042553e-05,0.000483264150217726,-inf,false,not converged
1.7488775382679625,mixed_mesh_0.025,H,19,0.475,0.02489912691338739,-8.462969519465978e-05,0.000483264150217726,-inf,false,not converged
1.7488775382679625,mixed_mesh_0.025,H,20,0.5,0.022693126133514128,-9.700471914061808e-05,0.000483264150217726,-inf,false,not converged
1.7488775382679625,mixed_mesh_0.025,H,21,0.525,0.020566071206664965,-0.00011009038860724726,0.000483264150217726,-inf,false,not converged
1.7488775382679625,mixed_mesh_0.025,H,22,0.55,0.018535248865561207,-0.00012387277925819846,0.000483264150217726,-inf,false,not converged
1.7488775382679625,mixed_mesh_0.025,H,23,0.575,0.01661421117750946,-0.00013833799012847973,0.000483264150217726,-inf,false,not converged
1.7488775382679625,mixed_mesh_0.025,H,24,0.6,0.014812898391131177,-0.00015347219654757507,0.000483264150217726,-inf,false,not converged
1.7488775382679625,mixed_mesh_0.025,H,25,0.625,0.013137859975931141,-0.00016926169452692597,0.000483264150217726,-inf,false,not converged
1.7488775382679625,mixed_mesh_0.025,H,26,0.65,0.011592551055967126,-0.00018569293740273649,0.000483264150217726,-inf,false,not converged
1.7488775382679625,mixed_mesh_0.025,H,27,0.675,0.010177681578532487,-0.00020275256553119354,0.000483264150217726,-inf,false,not converged
1.7488775382679625,mixed_mesh_0.025,H,28,0.7,0.008891596863397765,-0.0002204274298236459,0.000483264150217726,-inf,false,not converged
1.7488775382679625,mixed_mesh_0.025,H,29,0.725,0.007730670361050295,-0.0002387046098860906,0.000483264150217726,-inf,false,not converged
1.7488775382679625,mixed_mesh_0.025,H,30,0.75,0.006689692219235424,-0.0002575714274926106,0.000483264150217726,-inf,false,not converged
1.7488775382679625,mixed_mesh_0.025,H,31,0.775,0.005762240344167002,-0.0002770154560786473,0.000483264150217726,-inf,false,not converged
1.7488775382679625,mixed_mesh_0.025,H,32,0.8,0.004941023808616757,-0.00029702452688901496,0.000483264150217726,-inf,false,not converged
1.7488775382679625,mixed_mesh_0.025,H,33,0.825,0.004218191510243413,-0.0003175867323602713,0.000483264150217726,-inf,false,not converged
1.7488775382679625,mixed_mesh_0.025,H,34,0.85,0.003585601774538449,-0.0003386904272587761,0.000483264150217726,-inf,false,not converged
1.7488775382679625,mixed_mesh_0.025,H,35,0.875,0.0030350510295573388,-0.00036032422803693176,0.000483264150217726,-inf,false,not converged
1.7488775382679625,mixed_mesh_0.025,H,36,0.9,0.002558461699498143,-0.00038247701081212115,0.000483264150217726,-inf,false,not converged
1.7488775382679625,mixed_mesh_0.025,H,37,0.925,0.002148031053476454,-0.00040513790831677235,0.000483264150217726,-inf,false,not converged
1.7488775382679625,mixed_mesh_0.025,H,38,0.95,0.0017963439163827207,-0.00042829630611549915,0.000483264150217726,-inf,false,not converged
1.7488775382679625,mixed_mesh_0.025,H,39,0.975,0.0014964529340181563,-0.00045194183833625196,0.000483264150217726,-inf,false,not converged
1.7488775382679625,mixed_mesh_0.025,H,40,1.0,0.0012419305326158124,-0.00047606438311850394,0.000483264150217726,-inf,false,not converged
1.7488775382679625,mixed_mesh_0.025,L,0,-3.5940053804704885e-46,1.0,n/a,0.0,n/a,false,not converged
1.7488775382679625,mixed_mesh_0.05,H,0,0.0,0.0879281652898364,0.0,0.0004756857539181744,-inf,false,not converged
1.7488775382679625,mixed_mesh_0.05,H,1,0.05,0.09197535064382156,5.134081161284028e-06,0.0004756857539181744,-inf,false,not converged
1.7488775382679625,mixed_mesh_0.05,H,2,0.1,0.09383595647413792,6.974924810537048e-06,0.0004756857539181744,-inf,false,not converged
1.7488775382679625,mixed_mesh_0.05,H,3,0.15,0.0933325415814819,5.475436427929831e-06,0.0004756857539181744,-inf,false,not converged
1.7488775382679625,mixed_mesh_0.05,H,4,0.2,0.09048667872224546,6.28800338007586e-07,0.0004756857539181744,-inf,false,not converged
1.7488775382679625,mixed_mesh_0.05,H,5,0.25,0.08551472294345756,-7.538640621674274e-06,0.0004756857539181744,-inf,false,not converged
1.7488775382679625,mixed_mesh_0.05,H,6,0.3,0.0787951936047848,-1.897405755561972e-05,0.0004756857539181744,-inf,false,not converged
1.7488775382679625,mixed_mesh_0.05,H,7,0.35,0.07081524150007616,-3.360422654409903e-05,0.0004756857539181744,-inf,false,not converged
1.7488775382679625,mixed_mesh_0.05,H,8,0.4,0.062107349291502446,-5.134093802674003e-05,0.0004756857539181744,-inf,false,not converged
1.7488775382679625,mixed_mesh_0.05,H,9,0.45,0.053188029731507186,-7.208566316413943e-05,0.0004756857539181744,-inf,false,not converged
1.7488775382679625,mixed_mesh_0.05,H,10,0.5,0.04450812039136002,-9.573345617107376e-05,0.0004756857539181744,-inf,false,not converged
1.7488775382679625,mixed_mesh_0.05,H,11,0.55,0.03642036947854941,-0.00012217610964967464,0.0004756857539181744,-inf,false,not converged
1.7488775382679625,mixed_mesh_0.05,H,12,0.6,0.029165686910750218,-0.00015130461242639573,0.0004756857539181744,-inf,false,not converged
1.7488775382679625,mixed_mesh_0.05,H,13,0.65,0.022875827564864393,-0.00018301098401962528,0.0004756857539181744,-inf,false,not converged
1.7488775382679625,mixed_mesh_0.05,H,14,0.7,0.01758803055301741,-0.00021718957547527638,0.0004756857539181744,-inf,false,not converged
1.7488775382679625,mixed_mesh_0.05,H,15,0.75,0.013266380675363289,-0.00025373793290998925,0.0004756857539181744,-inf,false,not converged
1.7488775382679625,mixed_mesh_0.05,H,16,0.8,0.009825105381121586,-0.00029255731871939,0.0004756857539181744,-inf,false,not converged
1.7488775382679625,mixed_mesh_0.05,H,17,0.85,0.007150196304647953,-0.00033355297779343734,0.0004756857539181744,-inf,false,not converged
1.7488775382679625,mixed_mesh_0.05,H,18,0.9,0.005117167014015808,-0.0003766342243397697,0.0004756857539181744,-inf,false,not converged
1.7488775382679625,mixed_mesh_0.05,H,19,0.95,0.00360406308159931,-0.00042171441114573563,0.0004756857539181744,-inf,false,not converged
1.7488775382679625,mixed_mesh_0.05,H,20,1.0,0.00249982286185929,-0.00046871082910763737,0.0004756857539181744,-inf,false,not converged
1.7488775382679625,mixed_mesh_0.05,L,0,-3.594687215945031e-46,1.0,n/a,0.0,n/a,false,not converged
1.75,mixed_mesh_0.025,H,0,0.0,0.04156776181166196,0.0,0.00045971610779224235,-inf,false,not converged
1.75,mixed_mesh_0.025,H,1,0.025,0.0430015189563372,4.4052991260204715e-06,0.00045971610779224235,-inf,false,not converged
1.75,mixed_mesh_0.025,H,2,0.05,0.04420239378983564,7.950176388321758e-06,0.00045971610779224235,-inf,false,not converged
1.75,mixed_mesh_0.025,H,3,0.075,0.0451446680416144,1.0623779449542422e-05,0.00045971610779224235,-inf,false,not converged
1.75,mixed_mesh_0.025,H,4,0.1,0.04580762154789086,1.2418342700619336e-05,0.00045971610779224235,-inf,false,not converged
1.75,mixed_mesh_0.025,H,5,0.125,0.04617629988491452,1.3328957407096696e-05,0.00045971610779224235,-inf,false,not converged
1.75,mixed_mesh_0.025,H,6,0.15,0.04624206545336779,1.3353343244419235e-05,0.00045971610779224235,-inf,false,not converged
1.75,mixed_mesh_0.025,H,7,0.175,0.04600290298744618,1.2491622659440826e-05,0.00045971610779224235,-inf,false,not converged
1.75,mixed_mesh_0.025,H,8,0.2,0.0454634648904732,1.0746099471425734e-05,0.00045971610779224235,-inf,false,not converged
1.75,mixed_mesh_0.025,H,9,0.225,0.044634857062777304,8.12104307234933e-06,0.00045971610779224235,-inf,false,not converged
1.75,mixed_mesh_0.025,H,10,0.25,0.04353418077388362,4.622479505253345e-06,0.00045971610779224235,-inf,false,not converged
1.75,mixed_mesh_0.025,H,11,0.275,0.04218385950118736,2.5799059367222904e-07,0.00045971610779224235,-inf,false,not converged
1.75,mixed_mesh_0.025,H,12,0.3,0.040610790555772436,-4.963477831771736e-06,0.00045971610779224235,-inf,false,not converged
1.75,mixed_mesh_0.025,H,13,0.325,0.038845369053165046,-1.1031797707878807e-05,0.00045971610779224235,-inf,false,not converged
1.75,mixed_mesh_0.025,H,14,0.35,0.03692043598676641,-1.793582977006533e-05,0.00045971610779224235,-inf,false,not converged
1.75,mixed_mesh_0.025,H,15,0.375,0.034870202773609825,-2.566358326181687e-05,0.00045971610779224235,-inf,false,not converged
1.75,mixed_mesh_0.025,H,16,0.4,0.032729201916248445,-3.420236391428813e-05,0.00045971610779224235,-inf,false,not converged
1.75,mixed_mesh_0.025,H,17,0.425,0.030531307860031016,-4.353890995796583e-05,0.00045971610779224235,-inf,false,not converged
1.75,mixed_mesh_0.025,H,18,0.45,0.028308864397658787,-5.365951609426385e-05,0.00045971610779224235,-inf,false,not converged
1.75,mixed_mesh_0.025,H,19,0.475,0.02609194585455263,-6.455014551278414e-05,0.00045971610779224235,-inf,false,not converged
1.75,mixed_mesh_0.025,H,20,0.5,0.02390776956697468,-7.619653018643355e-05,0.00045971610779224235,-inf,false,not converged
1.75,mixed_mesh_0.025,H,21,0.525,0.02178026757322601,-8.858425980898081e-05,0.00045971610779224235,-inf,false,not converged
1.75,mixed_mesh_0.025,H,22,0.55,0.01972981660014074,-0.00010169885985533006,0.00045971610779224235,-inf,false,not converged
1.75,mixed_mesh_0.025,H,23,0.575,0.017773117820138178,-0.00011552585934253463,0.00045971610779224235,-inf,false,not converged
1.75,mixed_mesh_0.025,H,24,0.6,0.01592321179310413,-0.00013005084894804168,0.00045971610779224235,-inf,false,not converged
1.75,mixed_mesh_0.025,H,25,0.625,0.01418960964511212,-0.00014525953020065943,0.00045971610779224235,-inf,false,not converged
1.75,mixed_mesh_0.025,H,26,0.65,0.01257851887845943,-0.0001611377564994937,0.00045971610779224235,-inf,false,not converged
1.75,mixed_mesh_0.025,H,27,0.675,0.011093141139275198,-0.00017767156673735227,0.00045971610779224235,-inf,false,not converged
1.75,mixed_mesh_0.025,H,28,0.7,0.009734019584476453,-0.00019484721230935038,0.00045971610779224235,-inf,false,not converged
1.75,mixed_mesh_0.025,H,29,0.725,0.008499414926208981,-0.0002126511782761277,0.00045971610779224235,-inf,false,not converged
1.75,mixed_mesh_0.025,H,30,0.75,0.007385691499952775,-0.00023107019942652032,0.00045971610779224235,-inf,false,not converged
1.75,mixed_mesh_0.025,H,31,0.775,0.006387697513652711,-0.00025009127194879424,0.00045971610779224235,-inf,false,not converged
1.75,mixed_mesh_0.025,H,32,0.8,0.005499126722713185,-0.0002697016613748236,0.00045971610779224235,-inf,false,not converged
1.75,mixed_mesh_0.025,H,33,0.825,0.004712851909091546,-0.00028988890741070764,0.00045971610779224235,-inf,false,not converged
1.75,mixed_mesh_0.025,H,34,0.85,0.004021223536759165,-0.00031064082621153413,0.00045971610779224235,-inf,false,not converged
1.75,mixed_mesh_0.025,H,35,0.875,0.0034163296733300988,-0.0003319455106007285,0.00045971610779224235,-inf,false,not converged
1.75,mixed_mesh_0.025,H,36,0.9,0.0028902156184947344,-0.0003537913286758357,0.00045971610779224235,-inf,false,not converged
1.75,mixed_mesh_0.025,H,37,0.925,0.0024350636161015967,-0.0003761669211858644,0.00045971610779224235,-inf,false,not converged
1.75,mixed_mesh_0.025,H,38,0.95,0.0020433345361298223,-0.0003990611980104579,0.00045971610779224235,-inf,false,not converged
1.75,mixed_mesh_0.025,H,39,0.975,0.0017078745112384024,-0.0004224633340199173,0.00045971610779224235,-inf,false,not converged
1.75,mixed_mesh_0.025,H,40,1.0,0.0014219902362254862,-0.0004463627645478231,0.00045971610779224235,-inf,false,not converged
1.75,mixed_mesh_0.025,L,0,-3.671382099963955e-46,1.0,n/a,0.0,n/a,false,not converged
1.75,mixed_mesh_0.05,H,0,0.0,0.08129037672211457,0.0,0.0004527100516267574,-inf,false,not converged
1.75,mixed_mesh_0.05,H,1,0.05,0.08637190217164063,7.809280569931552e-06,0.0004527100516267574,-inf,false,not converged
1.75,mixed_mesh_0.05,H,2,0.1,0.0894611304862644,1.2195333808330804e-05,0.0004527100516267574,-inf,false,not converged
1.75,mixed_mesh_0.05,H,3,0.15,0.09028793740702526,1.3107227587641924e-05,0.0004527100516267574,-inf,false,not converged
1.75,mixed_mesh_0.05,H,4,0.2,0.08877179643048058,1.0535262590719886e-05,0.0004527100516267574,-inf,false,not converged
1.75,mixed_mesh_0.05,H,5,0.25,0.08503222137935425,4.504047428337092e-06,0.0004527100516267574,-inf,false,not converged
1.75,mixed_mesh_0.05,H,6,0.3,0.07936908464251138,-4.934095283576877e-06,0.0004527100516267574,-inf,false,not converged
1.75,mixed_mesh_0.05,H,7,0.35,0.07221778851576142,-1.770523947378956e-05,0.0004527100516267574,-inf,false,not converged
1.75,mixed_mesh_0.05,H,8,0.4,0.06408920109099286,-3.371936061877592e-05,0.0004527100516267574,-inf,false,not converged
1.75,mixed_mesh_0.05,H,9,0.45,0.055506300740715,-5.287515085565693e-05,0.0004527100516267574,-inf,false,not converged
1.75,mixed_mesh_0.05,H,10,0.5,0.04694844210192565,-7.50641010904534e-05,0.0004527100516267574,-inf,false,not converged
1.75,mixed_mesh_0.05,H,11,0.55,0.03881083807025005,-0.00010017384744899667,0.0004527100516267574,-inf,false,not converged
1.75,mixed_mesh_0.05,H,12,0.6,0.03138253059704667,-0.00012809081544985952,0.0004527100516267574,-inf,false,not converged
1.75,mixed_mesh_0.05,H,13,0.65,0.024842074567653836,-0.0001587022240960856,0.0004527100516267574,-inf,false,not converged
1.75,mixed_mesh_0.05,H,14,0.7,0.01926726862172571,-0.00019189753202539586,0.0004527100516267574,-inf,false,not converged
1.75,mixed_mesh_0.05,H,15,0.75,0.014653877206960422,-0.000227569418481113,0.0004527100516267574,-inf,false,not converged
1.75,mixed_mesh_0.05,H,16,0.8,0.010938265331840107,-0.00026561439384408317,0.0004527100516267574,-inf,false,not converged
1.75,mixed_mesh_0.05,H,17,0.85,0.00801978941798213,-0.00030593312934240266,0.0004527100516267574,-inf,false,not converged
1.75,mixed_mesh_0.05,H,18,0.9,0.005780152971993516,-0.00034843058538115354,0.0004527100516267574,-inf,false,not converged
1.75,mixed_mesh_0.05,H,19,0.95,0.004098319311644963,-0.00039301600488023114,0.0004527100516267574,-inf,false,not converged
1.75,mixed_mesh_0.05,H,20,1.0,0.002860702214116764,-0.00043960282403911546,0.0004527100516267574,-inf,false,not converged
1.75,mixed_mesh_0.05,L,0,-3.6721462927247235e-46,1.0,n/a,0.0,n/a,false,not converged
1.755,mixed_mesh_0.025,H,0,0.0,0.032285476568889755,0.0,0.0005214183785004116,-inf,false,not converged
1.755,mixed_mesh_0.025,H,1,0.025,0.03449813072682828,9.607168261910825e-06,0.0005214183785004116,-inf,false,not converged
1.755,mixed_mesh_0.025,H,2,0.05,0.03657281909904756,1.7981914364522712e-05,0.0005214183785004116,-inf,false,not converged
1.755,mixed_mesh_0.025,H,3,0.075,0.03846507379262673,2.5117816758990366e-05,0.0005214183785004116,-inf,false,not converged
1.755,mixed_mesh_0.025,H,4,0.1,0.04013274262243599,3.1011571016108155e-05,0.0005214183785004116,-inf,false,not converged
1.755,mixed_mesh_0.025,H,5,0.125,0.04153763929799829,3.566278928048656e-05,0.0005214183785004116,-inf,false,not converged
1.755,mixed_mesh_0.025,H,6,0.15,0.042647077522153035,3.907379438122761e-05,0.0005214183785004116,-inf,false,not converged
1.755,mixed_mesh_0.025,H,7,0.175,0.043435198019977056,4.124941029793683e-05,0.0005214183785004116,-inf,false,not converged
1.755,mixed_mesh_0.025,H,8,0.2,0.043884009507773096,4.219675078129346e-05,0.0005214183785004116,-inf,false,not converged
1.755,mixed_mesh_0.025,H,9,0.225,0.04398408291759906,4.192500798103505e-05,0.0005214183785004116,-inf,false,not converged
1.755,mixed_mesh_0.025,H,10,0.25,0.04373486117491274,4.0445242939934727e-05,0.0005214183785004116,-inf,false,not converged
1.755,mixed_mesh_0.025,H,11,0.275,0.04314457239905191,3.7770179771021324e-05,0.0005214183785004116,-inf,false,not converged
1.755,mixed_mesh_0.025,H,12,0.3,0.042229760267566155,3.391400524961532e-05,0.0005214183785004116,-inf,false,not converged
1.755,mixed_mesh_0.025,H,13,0.325,0.04101446922045,2.8892175425901216e-05,0.0005214183785004116,-inf,false,not converged
1.755,mixed_mesh_0.025,H,14,0.35,0.039529142239240325,2.2721230703227208e-05,0.0005214183785004116,-inf,false,not converged
1.755,mixed_mesh_0.025,H,15,0.375,0.037809303664019314,1.5418620638476058e-05,0.0005214183785004116,-inf,false,not converged
1.755,mixed_mesh_0.025,H,16,0.4,0.035894108057544914,7.002539510574113e-06,0.0005214183785004116,-inf,false,not converged
1.755,mixed_mesh_0.025,H,17,0.425,0.03382483828056563,-2.5082265211542887e-06,0.0005214183785004116,-inf,false,not converged
1.755,mixed_mesh_0.025,H,18,0.45,0.031643432099236986,-1.3094440078345246e-05,0.0005214183785004116,-inf,false,not converged
1.755,mixed_mesh_0.025,H,19,0.475,0.029391107697674904,-2.4736540685363698e-05,0.0005214183785004116,-inf,false,not converged
1.755,mixed_mesh_0.025,H,20,0.5,0.027107145663213646,-3.741476021664088e-05,0.0005214183785004116,-inf,false,not converged
1.755,mixed_mesh_0.025,H,21,0.525,0.0248278697835196,-5.11092257465557e-05,0.0005214183785004116,-inf,false,not converged
1.755,mixed_mesh_0.025,H,22,0.55,0.022585852801977148,-6.580005007297829e-05,0.0005214183785004116,-inf,false,not converged
1.755,mixed_mesh_0.025,H,23,0.575,0.020409357460873738,-8.146741035784319e-05,0.0005214183785004116,-inf,false,not converged
1.755,mixed_mesh_0.025,H,24,0.6,0.018322008834699064,-9.809161547534237e-05,0.0005214183785004116,-inf,false,not converged
1.755,mixed_mesh_0.025,H,25,0.625,0.016342681938707804,-0.00011565316277841083,0.0005214183785004116,-inf,false,not converged
1.755,mixed_mesh_0.025,H,26,0.65,0.014485579391786647,-0.00013413278508629493,0.0005214183785004116,-inf,false,not converged
1.755,mixed_mesh_0.025,H,27,0.675,0.012760467709733717,-0.00015351148876000496,0.0005214183785004116,-inf,false,not converged
1.755,mixed_mesh_0.025,H,28,0.7,0.01117303752740223,-0.00017377058376953462,0.0005214183785004116,-inf,false,not converged
1.755,mixed_mesh_0.025,H,29,0.725,0.009725352405206856,-0.00019489170666882674,0.0005214183785004116,-inf,false,not converged
1.755,mixed_mesh_0.025,H,30,0.75,0.008416352430122872,-0.00021685683738390318,0.0005214183785004116,-inf,false,not converged
1.755,mixed_mesh_0.025,H,31,0.775,0.0072423820560103295,-0.00023964831068990985,0.0005214183785004116,-inf,false,not converged
1.755,mixed_mesh_0.025,H,32,0.8,0.006197716004494892,-0.000263248823206802,0.0005214183785004116,-inf,false,not converged
1.755,mixed_mesh_0.025,H,33,0.825,0.005275062054832113,-0.00028764143668545683,0.0005214183785004116,-inf,false,not converged
1.755,mixed_mesh_0.025,H,34,0.85,0.0044660247409403254,-0.0003128095782887093,0.0005214183785004116,-inf,false,not converged
1.755,mixed_mesh_0.025,H,35,0.875,0.003761518981971656,-0.0003387370384995182,0.0005214183785004116,-inf,false,not converged
1.755,mixed_mesh_0.025,H,36,0.9,0.003152127228702612,-0.000365407967213148,0.0005214183785004116,-inf,false,not converged
1.755,mixed_mesh_0.025,H,37,0.925,0.0026283976333363063,-0.0003928068684958298,0.0005214183785004116,-inf,false,not converged
1.755,mixed_mesh_0.025,H,38,0.95,0.002181083950696875,-0.0004209185944195684,0.0005214183785004116,-inf,false,not converged
1.755,mixed_mesh_0.025,H,39,0.975,0.0018013303305866527,-0.00044972833831474074,0.0005214183785004116,-inf,false,not converged
1.755,mixed_mesh_0.025,H,40,1.0,0.0014808058955932209,-0.00047922162771911817,0.0005214183785004116,-inf,false,not converged
1.755,mixed_mesh_0.025,L,0,-0.09978616638092913,1.0,n/a,0.0,n/a,false,not converged
1.755,mixed_mesh_0.05,H,0,0.0,0.06373630066049224,0.0,0.0005200921677738831,-inf,false,not converged
1.755,mixed_mesh_0.05,H,1,0.05,0.07212724771662622,1.7777623310665305e-05,0.0005200921677738831,-inf,false,not converged
1.755,mixed_mesh_0.05,H,2,0.1,0.07907823256534685,3.0628389777390044e-05,0.0005200921677738831,-inf,false,not converged
1.755,mixed_mesh_0.05,H,3,0.15,0.08396983458752187,3.8538863021391184e-05,0.0005200921677738831,-inf,false,not converged
1.755,mixed_mesh_0.05,H,4,0.2,0.0863526826655174,4.153816813068541e-05,0.0005200921677738831,-inf,false,not converged
1.755,mixed_mesh_0.05,H,5,0.25,0.0860184716679762,3.96914257630044e-05,0.0005200921677738831,-inf,false,not converged
1.755,mixed_mesh_0.05,H,6,0.3,0.08302980477329258,3.309317942942671e-05,0.0005200921677738831,-inf,false,not converged
1.755,mixed_mesh_0.05,H,7,0.35,0.07770309666065632,2.1861043798808086e-05,0.0005200921677738831,-inf,false,not converged
1.755,mixed_mesh_0.05,H,8,0.4,0.07055050923221233,6.1297815791405e-06,0.0005200921677738831,-inf,false,not converged
1.755,mixed_mesh_0.05,H,9,0.45,0.06219608970237655,-1.3954022142381728e-05,0.0005200921677738831,-inf,false,not converged
1.755,mixed_mesh_0.05,H,10,0.5,0.053285366554399596,-3.823657029135459e-05,0.0005200921677738831,-inf,false,not converged
1.755,mixed_mesh_0.05,H,11,0.55,0.04440614918300912,-6.65606876438414e-05,0.0005200921677738831,-inf,false,not converged
1.755,mixed_mesh_0.05,H,12,0.6,0.03603260585292703,-9.876887198656016e-05,0.0005200921677738831,-inf,false,not converged
1.755,mixed_mesh_0.05,H,13,0.65,0.028497312325202546,-0.00013470560449600592,0.0005200921677738831,-inf,false,not converged
1.755,mixed_mesh_0.05,H,14,0.7,0.02198925828616877,-0.00017421899799098355,0.0005200921677738831,-inf,false,not converged
1.755,mixed_mesh_0.05,H,15,0.75,0.016571324925406524,-0.00021716188511391142,0.0005200921677738831,-inf,false,not converged
1.755,mixed_mesh_0.05,H,16,0.8,0.012208974214512407,-0.0002633924584941258,0.0005200921677738831,-inf,false,not converged
1.755,mixed_mesh_0.05,H,17,0.85,0.00880240237643461,-0.00031277457324296876,0.0005200921677738831,-inf,false,not converged
1.755,mixed_mesh_0.05,H,18,0.9,0.006216327415827967,-0.00036517781160820204,0.0005200921677738831,-inf,false,not converged
1.755,mixed_mesh_0.05,H,19,0.95,0.004303978093403931,-0.00042047739365252274,0.0005200921677738831,-inf,false,not converged
1.755,mixed_mesh_0.05,H,20,1.0,0.0029240305406890376,-0.0004785539996431977,0.0005200921677738831,-inf,false,not converged
1.755,mixed_mesh_0.05,L,0,-0.10257536404494566,1.0,n/a,0.0,n/a,false,not converged
1.76,mixed_mesh_0.025,H,0,0.0,0.026169465674686757,0.0,0.0005465094323661964,-inf,false,not converged
1.76,mixed_mesh_0.025,H,1,0.025,0.02878244891490316,1.4347744090189153e-05,0.0005465094323661964,-inf,false,not converged
1.76,mixed_mesh_0.025,H,2,0.05,0.03135639978019583,2.7180331826989843e-05,0.0005465094323661964,-inf,false,not converged
1.76,mixed_mesh_0.025,H,3,0.075,0.033835400461846785,3.849497522926955e-05,0.0005465094323661964,-inf,false,not converged
1.76,mixed_mesh_0.025,H,4,0.1,0.03616199356900546,4.829202756549038e-05,0.0005465094323661964,-inf,false,not converged
1.76,mixed_mesh_0.025,H,5,0.125,0.03827950003199738,5.657480317287043e-05,0.0005465094323661964,-inf,false,not converged
1.76,mixed_mesh_0.025,H,6,0.15,0.04013443843438029,6.334938722328499e-05,0.0005465094323661964,-inf,false,not converged
1.76,mixed_mesh_0.025,H,7,0.175,0.04167889329902235,6.862443710576021e-05,0.0005465094323661964,-inf,false,not converged
1.76,mixed_mesh_0.025,H,8,0.2,0.04287267769328211,7.24109773424745e-05,0.0005465094323661964,-inf,false,not converged
1.76,mixed_mesh_0.025,H,9,0.225,0.043685147031054555,7.47221901458298e-05,0.0005465094323661964,-inf,false,not converged
1.76,mixed_mesh_0.025,H,10,0.25,0.044096545188557275,7.557320385053693e-05,0.0005465094323661964,-inf,false,not converged
1.76,mixed_mesh_0.025,H,11,0.275,0.044098798629530894,7.498088151266635e-05,0.0005465094323661964,-inf,false,not converged
1.76,mixed_mesh_0.025,H,12,0.3,0.04369571564068955,7.296361195644526e-05,0.0005465094323661964,-inf,false,not converged
1.76,mixed_mesh_0.025,H,13,0.325,0.042902591830904946,6.954110547164206e-05,0.0005465094323661964,-inf,false,not converged
1.76,mixed_mesh_0.025,H,14,0.35,0.041745265437061925,6.473419622521001e-05,0.0005465094323661964,-inf,false,not converged
1.76,mixed_mesh_0.025,H,15,0.375,0.0402587027871329,5.8564653257880614e-05,0.0005465094323661964,-inf,false,not converged
1.76,mixed_mesh_0.025,H,16,0.4,0.03848522240876071,5.105500169922013e-05,0.0005465094323661964,-inf,false,not converged
1.76,mixed_mesh_0.025,H,17,0.425,0.03647248377920886,4.22283555635717e-05,0.0005465094323661964,-inf,false,not converged
1.76,mixed_mesh_0.025,H,18,0.45,0.034271372884156284,3.210826319576324e-05,0.0005465094323661964,-inf,false,not converged
1.76,mixed_mesh_0.025,H,19,0.475,0.03193391209345034,2.071856613023934e-05,0.0005465094323661964,-inf,false,not converged
1.76,mixed_mesh_0.025,H,20,0.5,0.029511307898906807,8.083271821836616e-06,0.0005465094323661964,-inf,false,not converged
1.76,mixed_mesh_0.025,H,21,0.525,0.02705222905223758,-5.773559589873287e-06,0.0005465094323661964,-inf,false,not converged
1.76,mixed_mesh_0.025,H,22,0.55,0.024601382243469968,-2.082791459815693e-05,0.0005465094323661964,-inf,false,not converged
1.76,mixed_mesh_0.025,H,23,0.575,0.022198425381799593,-3.705591209556339e-05,0.0005465094323661964,-inf,false,not converged
1.76,mixed_mesh_0.025,H,24,0.6,0.019877232256702806,-5.443387617523783e-05,0.0005465094323661964,-inf,false,not converged
1.76,mixed_mesh_0.025,H,25,0.625,0.017665498889669593,-7.293839673572569e-05,0.0005465094323661964,-inf,false,not converged
1.76,mixed_mesh_0.025,H,26,0.65,0.015584662676289726,-9.254637880119418e-05,0.0005465094323661964,-inf,false,not converged
1.76,mixed_mesh_0.025,H,27,0.675,0.013650091280647442,-0.00011323508157250715,0.0005465094323661964,-inf,false,not converged
1.76,mixed_mesh_0.025,H,28,0.7,0.011871489404794504,-0.00013498214828889382,0.0005465094323661964,-inf,false,not converged
1.76,mixed_mesh_0.025,H,29,0.725,0.010253467741282647,-0.00015776562800762228,0.0005465094323661964,-inf,false,not converged
1.76,mixed_mesh_0.025,H,30,0.75,0.008796218976915996,-0.0001815639904034147,0.0005465094323661964,-inf,false,not converged
1.76,mixed_mesh_0.025,H,31,0.775,0.007496249763827721,-0.00020635613465530903,0.0005465094323661964,-inf,false,not converged
1.76,mixed_mesh_0.025,H,32,0.8,0.0063471241165708,-0.0002321213934307377,0.0005465094323661964,-inf,false,not converged
1.76,mixed_mesh_0.025,H,33,0.825,0.005340181745205811,-0.00025883953290083486,0.0005465094323661964,-inf,false,not converged
1.76,mixed_mesh_0.025,H,34,0.85,0.0044652035021167285,-0.00028649074963237736,0.0005465094323661964,-inf,false,not converged
1.76,mixed_mesh_0.025,H,35,0.875,0.0037110046628393684,-0.00031505566510551045,0.0005465094323661964,-inf,false,not converged
1.76,mixed_mesh_0.025,H,36,0.9,0.0030659446164760244,-0.00034451531850723804,0.0005465094323661964,-inf,false,not converged
1.76,mixed_mesh_0.025,H,37,0.925,0.002518348331481844,-0.00037485115835233715,0.0005465094323661964,-inf,false,not converged
1.76,mixed_mesh_0.025,H,38,0.95,0.0020568404808243563,-0.0004060450333893892,0.0005465094323661964,-inf,false,not converged
1.76,mixed_mesh_0.025,H,39,0.975,0.0016705972949607976,-0.0004380791831618998,0.0005465094323661964,-inf,false,not converged
1.76,mixed_mesh_0.025,H,40,1.0,0.0013495241131515018,-0.00047093622851565944,0.0005465094323661964,-inf,false,not converged
1.76,mixed_mesh_0.025,L,0,-0.17977551793949087,1.0,n/a,0.0,n/a,false,not converged
1.76,mixed_mesh_0.05,H,0,0.0,0.05186925015206259,0.0,0.0005457467638065308,-inf,false,not converged
1.76,mixed_mesh_0.05,H,1,0.05,0.06208425786398598,2.6971683701155135e-05,0.0005457467638065308,-inf,false,not converged
1.76,mixed_mesh_0.05,H,2,0.1,0.07153154341030185,4.7896566958369104e-05,0.0005457467638065308,-inf,false,not converged
1.76,mixed_mesh_0.05,H,3,0.15,0.07932401297141982,6.279051482901976e-05,0.0005457467638065308,-inf,false,not converged
1.76,mixed_mesh_0.05,H,4,0.2,0.08467661561967328,7.171299119751364e-05,0.0005457467638065308,-inf,false,not converged
1.76,mixed_mesh_0.05,H,5,0.25,0.08704329868474764,7.476073997803295e-05,0.0005457467638065308,-inf,false,not converged
1.76,mixed_mesh_0.05,H,6,0.3,0.08621209590328816,7.206119164554926e-05,0.0005457467638065308,-inf,false,not converged
1.76,mixed_mesh_0.05,H,7,0.35,0.08233473565952733,6.376587491365836e-05,0.0005457467638065308,-inf,false,not converged
1.76,mixed_mesh_0.05,H,8,0.4,0.07588587591991489,5.004411135773809e-05,0.0005457467638065308,-inf,false,not converged
1.76,mixed_mesh_0.05,H,9,0.45,0.06756631958307863,3.1077237656359016e-05,0.0005457467638065308,-inf,false,not converged
1.76,mixed_mesh_0.05,H,10,0.5,0.05817758415609166,7.053542886768446e-06,0.0005457467638065308,-inf,false,not converged
1.76,mixed_mesh_0.05,H,11,0.55,0.04849843449587933,-2.183596309086877e-05,0.0005457467638065308,-inf,false,not converged
1.76,mixed_mesh_0.05,H,12,0.6,0.03918804458121324,-5.540090890817154e-05,0.0005457467638065308,-inf,false,not converged
1.76,mixed_mesh_0.05,H,13,0.65,0.030729058216082135,-9.345407572122419e-05,0.0005457467638065308,-inf,false,not converged
1.76,mixed_mesh_0.05,H,14,0.7,0.0234116751612018,-0.00013581314753123228,0.0005457467638065308,-inf,false,not converged
1.76,mixed_mesh_0.05,H,15,0.75,0.01735070396502347,-0.0001823018154969644,0.0005457467638065308,-inf,false,not converged
1.76,mixed_mesh_0.05,H,16,0.8,0.012522985575420899,-0.0002327503709098934,0.0005457467638065308,-inf,false,not converged
1.76,mixed_mesh_0.05,H,17,0.85,0.008812444678939178,-0.000286995921320872,0.0005457467638065308,-inf,false,not converged
1.76,mixed_mesh_0.05,H,18,0.9,0.0060528146297414535,-0.00034488235113820653,0.0005457467638065308,-inf,false,not converged
1.76,mixed_mesh_0.05,H,19,0.95,0.004062051548614433,-0.00040626012695687067,0.0005457467638065308,-inf,false,not converged
1.76,mixed_mesh_0.05,H,20,1.0,0.0026661972237924025,-0.00047098602382849783,0.0005457467638065308,-inf,false,not converged
1.76,mixed_mesh_0.05,L,0,-0.18226933937393988,1.0,n/a,0.0,n/a,false,not converged
1.765,mixed_mesh_0.025,H,0,0.0,0.020627246291451067,0.0,0.0005519556093083414,-inf,false,not converged
1.765,mixed_mesh_0.025,H,1,0.025,0.023339564099599544,1.9101048176134298e-05,0.0005519556093083414,-inf,false,not converged
1.765,mixed_mesh_0.025,H,2,0.05,0.026122477623272838,3.6448395733530486e-05,0.0005519556093083414,-inf,false,not converged
1.765,mixed_mesh_0.025,H,3,0.075,0.028919771100493524,5.204166450748621e-05,0.0005519556093083414,-inf,false,not converged
1.765,mixed_mesh_0.025,H,4,0.1,0.031668760142629794,6.588365189958085e-05,0.0005519556093083414,-inf,false,not converged
1.765,mixed_mesh_0.025,H,5,0.125,0.03430264429787804,7.79801732482422e-05,0.0005519556093083414,-inf,false,not converged
1.765,mixed_mesh_0.025,H,6,0.15,0.0367533053634567,8.83398905962931e-05,0.0005519556093083414,-inf,false,not converged
1.765,mixed_mesh_0.025,H,7,0.175,0.03895438113309197,9.697412915269299e-05,0.0005519556093083414,-inf,false,not converged
1.765,mixed_mesh_0.025,H,8,0.2,0.04084441042741533,0.00010389668313681277,0.0005519556093083414,-inf,false,not converged
1.765,mixed_mesh_0.025,H,9,0.225,0.04236982982502652,0.0001091236130374481,0.0005519556093083414,-inf,false,not converged
1.765,mixed_mesh_0.025,H,10,0.25,0.04348760784729184,0.00011267303659812447,0.0005519556093083414,-inf,false,not converged
1.765,mixed_mesh_0.025,H,11,0.275,0.04416732827882338,0.00011456491604164461,0.0005519556093083414,-inf,false,not converged
1.765,mixed_mesh_0.025,H,12,0.3,0.0443925781337969,0.000114820844162292,0.0005519556093083414,-inf,false,not converged
1.765,mixed_mesh_0.025,H,13,0.325,0.04416155267314918,0.00011346383193967541,0.0005519556093083414,-inf,false,not converged
1.765,mixed_mesh_0.025,H,14,0.35,0.04348685356084953,0.00011051810026594527,0.0005519556093083414,-inf,false,not converged
1.765,mixed_mesh_0.025,H,15,0.375,0.042394519872544896,0.00010600887823348625,0.0005519556093083414,-inf,false,not converged
1.765,mixed_mesh_0.025,H,16,0.4,0.04092238873747685,9.99622102128353e-05,0.0005519556093083414,-inf,false,not converged
1.765,mixed_mesh_0.025,H,17,0.425,0.03911792755814752,9.240477367253482e-05,0.0005519556093083414,-inf,false,not converged
1.765,mixed_mesh_0.025,H,18,0.45,0.03703570940071796,8.336370936823032e-05,0.0005519556093083414,-inf,false,not converged
1.765,mixed_mesh_0.025,H,19,0.475,0.03473471569845948,7.286646517227352e-05,0.0005519556093083414,-inf,false,not converged
1.765,mixed_mesh_0.025,H,20,0.5,0.032275646291559816,6.0940654443109726e-05,0.0005519556093083414,-inf,false,not converged
1.765,mixed_mesh_0.025,H,21,0.525,0.029718398206778657,4.761392946021903e-05,0.0005519556093083414,-inf,false,not converged
1.765,mixed_mesh_0.025,H,22,0.55,0.02711984489446143,3.291387008950465e-05,0.0005519556093083414,-inf,false,not converged
1.765,mixed_mesh_0.025,H,23,0.575,0.024532011022008488,1.686788750760934e-05,0.0005519556093083414,-inf,false,not converged
1.765,mixed_mesh_0.025,H,24,0.6,0.022000698632761297,-4.968574878975313e-07,0.0005519556093083414,-inf,false,not converged
1.765,mixed_mesh_0.025,H,25,0.625,0.019564582407508746,-1.915352231435935e-05,0.0005519556093083414,-inf,false,not converged
1.765,mixed_mesh_0.025,H,26,0.65,0.017254758063156673,-3.907563752863358e-05,0.0005519556093083414,-inf,false,not converged
1.765,mixed_mesh_0.025,H,27,0.675,0.01509470078610828,-6.023714994284404e-05,0.0005519556093083414,-inf,false,not converged
1.765,mixed_mesh_0.025,H,28,0.7,0.013100571207056707,-8.261245514237445e-05,0.0005519556093083414,-inf,false,not converged
1.765,mixed_mesh_0.025,H,29,0.725,0.01128179501171379,-0.000106176420675997,0.0005519556093083414,-inf,false,not converged
1.765,mixed_mesh_0.025,H,30,0.75,0.009641838295916133,-0.00013090440120169973,0.0005519556093083414,-inf,false,not converged
1.765,mixed_mesh_0.025,H,31,0.775,0.00817910309285848,-0.0001567722468452607,0.0005519556093083414,-inf,false,not converged
1.765,mixed_mesh_0.025,H,32,0.8,0.006887874668791692,-0.0001837563059685597,0.0005519556093083414,-inf,false,not converged
1.765,mixed_mesh_0.025,H,33,0.825,0.0057592626268593615,-0.00021183342345856837,0.0005519556093083414,-inf,false,not converged
1.765,mixed_mesh_0.025,H,34,0.85,0.0047820900634598885,-0.0002409809355428498,0.0005519556093083414,-inf,false,not converged
1.765,mixed_mesh_0.025,H,35,0.875,0.003943697665746377,-0.00027117666202074175,0.0005519556093083414,-inf,false,not converged
1.765,mixed_mesh_0.025,H,36,0.9,0.0032306416710933842,-0.00030239889667732153,0.0005519556093083414,-inf,false,not converged
1.765,mixed_mesh_0.025,H,37,0.925,0.002629275279712678,-0.0003346263965258757,0.0005519556093083414,-inf,false,not converged
1.765,mixed_mesh_0.025,H,38,0.95,0.0021262119650824487,-0.0003678383704077172,0.0005519556093083414,-inf,false,not converged
1.765,mixed_mesh_0.025,H,39,0.975,0.0017086759688757884,-0.0004020144673701591,0.0005519556093083414,-inf,false,not converged
1.765,mixed_mesh_0.025,H,40,1.0,0.0013647501129170872,-0.00043713476514604943,0.0005519556093083414,-inf,false,not converged
1.765,mixed_mesh_0.025,L,0,-0.2419002989926194,1.0,n/a,0.0,n/a,false,not converged
1.765,mixed_mesh_0.05,H,0,0.0,0.04101430027471204,0.0,0.0005515377714953055,-inf,false,not converged
1.765,mixed_mesh_0.05,H,1,0.05,0.051886854989815996,3.6251081120348885e-05,0.0005515377714953055,-inf,false,not converged
1.765,mixed_mesh_0.05,H,2,0.1,0.06284447185923252,6.550739403991595e-05,0.0005515377714953055,-inf,false,not converged
1.765,mixed_mesh_0.05,H,3,0.15,0.07287386131065896,8.780439845420445e-05,0.0005515377714953055,-inf,false,not converged
1.765,mixed_mesh_0.05,H,4,0.2,0.08092715815970565,0.00010322245088046234,0.0005515377714953055,-inf,false,not converged
1.765,mixed_mesh_0.05,H,5,0.25,0.08611119900094884,0.00011188087180589567,0.0005515377714953055,-inf,false,not converged
1.765,mixed_mesh_0.05,H,6,0.3,0.08785799713448095,0.00011393147850569715,0.0005515377714953055,-inf,false,not converged
1.765,mixed_mesh_0.05,H,7,0.35,0.08602950354363266,0.00010955188173296208,0.0005515377714953055,-inf,false,not converged
1.765,mixed_mesh_0.05,H,8,0.4,0.0809295843221129,9.893887295535884e-05,0.0005515377714953055,-inf,false,not converged
1.765,mixed_mesh_0.05,H,9,0.45,0.07322487058201906,8.230221454691433e-05,0.0005515377714953055,-inf,false,not converged
1.765,mixed_mesh_0.05,H,10,0.5,0.06380214815353692,5.985909334724898e-05,0.0005515377714953055,-inf,false,not converged
1.765,mixed_mesh_0.05,H,11,0.55,0.05360395088959695,3.1829419532520414e-05,0.0005515377714953055,-inf,false,not converged
1.765,mixed_mesh_0.05,H,12,0.6,0.04348287995482913,-1.567937898584379e-06,0.0005515377714953055,-inf,false,not converged
1.765,mixed_mesh_0.05,H,13,0.65,0.034102193220849085,-4.011797624370837e-05,0.0005515377714953055,-inf,false,not converged
1.765,mixed_mesh_0.05,H,14,0.7,0.025892347514085368,-8.36115165900337e-05,0.0005515377714953055,-inf,false,not converged
1.765,mixed_mesh_0.05,H,15,0.75,0.019057337077629587,-0.00013184641823750856,0.0005515377714953055,-inf,false,not converged
1.765,mixed_mesh_0.05,H,16,0.8,0.013615076288512492,-0.00018462820263738522,0.0005515377714953055,-inf,false,not converged
1.765,mixed_mesh_0.05,H,17,0.85,0.009453550610944102,-0.00024177024426551633,0.0005515377714953055,-inf,false,not converged
1.765,mixed_mesh_0.05,H,18,0.9,0.0063873051241948075,-0.00030309367248243166,0.0005515377714953055,-inf,false,not converged
1.765,mixed_mesh_0.05,H,19,0.95,0.0042043297729243475,-0.00036842710361307054,0.0005515377714953055,-inf,false,not converged
1.765,mixed_mesh_0.05,H,20,1.0,0.00269908021557756,-0.0004376062929896084,0.0005515377714953055,-inf,false,not converged
1.765,mixed_mesh_0.05,L,0,-0.24400819467373155,1.0,n/a,0.0,n/a,false,not converged
1.77,mixed_mesh_0.025,H,0,0.0,0.015863399466810896,0.0,0.000546812076516464,-inf,false,not converged
1.77,mixed_mesh_0.025,H,1,0.025,0.018462960818758006,2.390694712148787e-05,0.000546812076516464,-inf,false,not converged
1.77,mixed_mesh_0.025,H,2,0.05,0.021229907472427992,4.5847174966098586e-05,0.000546812076516464,-inf,false,not converged
1.77,mixed_mesh_0.025,H,3,0.075,0.024117440051673402,6.582200500995718e-05,0.000546812076516464,-inf,false,not converged
1.77,mixed_mesh_0.025,H,4,0.1,0.027067835597941948,8.383597056703124e-05,0.000546812076516464,-inf,false,not converged
1.77,mixed_mesh_0.025,H,5,0.125,0.03001412836395714,9.989668195745614e-05,0.000546812076516464,-inf,false,not converged
1.77,mixed_mesh_0.025,H,6,0.15,0.03288258166797198,0.00011401467573496056,0.000546812076516464,-inf,false,not converged
1.77,mixed_mesh_0.025,H,7,0.175,0.035595831445413575,0.0001262032486794699,0.000546812076516464,-inf,false,not converged
1.77,mixed_mesh_0.025,H,8,0.2,0.03807650968997778,0.00013647827775832913,0.000546812076516464,-inf,false,not converged
1.77,mixed_mesh_0.025,H,9,0.225,0.0402510989411758,0.00014485802773800405,0.000546812076516464,-inf,false,not converged
1.77,mixed_mesh_0.025,H,10,0.25,0.04205373509275628,0.000151362948560412,0.000546812076516464,-inf,false,not converged
1.77,mixed_mesh_0.025,H,11,0.275,0.043429670017625106,0.0001560154649604354,0.000546812076516464,-inf,false,not converged
1.77,mixed_mesh_0.025,H,12,0.3,0.04433812917938336,0.00015883976107428262,0.000546812076516464,-inf,false,not converged
1.77,mixed_mesh_0.025,H,13,0.325,0.04475435004068382,0.00015986156295920775,0.000546812076516464,-inf,false,not converged
1.77,mixed_mesh_0.025,H,14,0.35,0.04467065873851545,0.00015910792200717408,0.000546812076516464,-inf,false,not converged
1.77,mixed_mesh_0.025,H,15,0.375,0.044096526688275066,0.0001566070021883142,0.000546812076516464,-inf,false,not converged
1.77,mixed_mesh_0.025,H,16,0.4,0.04305763574906928,0.00015238787391075488,0.000546812076516464,-inf,false,not converged
1.77,mixed_mesh_0.025,H,17,0.425,0.041594060719238504,0.0001464803170423308,0.000546812076516464,-inf,false,not converged
1.77,mixed_mesh_0.025,H,18,0.45,0.03975774305352435,0.0001389146353222865,0.000546812076516464,-inf,false,not converged
1.77,mixed_mesh_0.025,H,19,0.475,0.03760947403291289,0.00012972148401454477,0.000546812076516464,-inf,false,not converged
1.77,mixed_mesh_0.025,H,20,0.5,0.03521562635566354,0.00011893171223787725,0.000546812076516464,-inf,false,not converged
1.77,mixed_mesh_0.025,H,21,0.525,0.0326448704431272,0.00010657622097166516,0.000546812076516464,-inf,false,not converged
1.77,mixed_mesh_0.025,H,22,0.55,0.029965088495493147,9.268583729804547e-05,0.000546812076516464,-inf,false,not converged
1.77,mixed_mesh_0.025,H,23,0.575,0.027240660271674225,7.729120501918409e-05,0.000546812076516464,-inf,false,not converged
1.77,mixed_mesh_0.025,H,24,0.6,0.024530245582191256,6.042269139804046e-05,0.000546812076516464,-inf,false,not converged
1.77,mixed_mesh_0.025,H,25,0.625,0.021885135677209747,4.211030942440942e-05,0.000546812076516464,-inf,false,not converged
1.77,mixed_mesh_0.025,H,26,0.65,0.01934819465172255,2.2383654715326176e-05,0.000546812076516464,-inf,false,not converged
1.77,mixed_mesh_0.025,H,27,0.675,0.016953367148863266,1.2718559260146978e-06,0.000546812076516464,-inf,false,not converged
1.77,mixed_mesh_0.025,H,28,0.7,0.014725693078441638,-2.119646262246401e-05,0.000546812076516464,-inf,false,not converged
1.77,mixed_mesh_0.025,H,29,0.725,0.012681745342541177,-4.49932075002879e-05,0.000546812076516464,-inf,false,not converged
1.77,mixed_mesh_0.025,H,30,0.75,0.010830392856562123,-7.009083336043456e-05,0.000546812076516464,-inf,false,not converged
1.77,mixed_mesh_0.025,H,31,0.775,0.009173787537166805,-9.646235220942337e-05,0.000546812076516464,-inf,false,not converged
1.77,mixed_mesh_0.025,H,32,0.8,0.0077084786809560515,-0.00012408133615087955,0.000546812076516464,-inf,false,not converged
1.77,mixed_mesh_0.025,H,33,0.825,0.006426569132629435,-0.00015292191490769852,0.000546812076516464,-inf,false,not converged
1.77,mixed_mesh_0.025,H,34,0.85,0.005316842583094721,-0.00018295876931283608,0.000546812076516464,-inf,false,not converged
1.77,mixed_mesh_0.025,H,35,0.875,0.004365808138058543,-0.0002141671218250374,0.000546812076516464,-inf,false,not converged
1.77,mixed_mesh_0.025,H,36,0.9,0.003558625172428196,-0.0002465227249820838,0.000546812076516464,-inf,false,not converged
1.77,mixed_mesh_0.025,H,37,0.925,0.0028798870737261,-0.000280001848559034,0.000546812076516464,-inf,false,not converged
1.77,mixed_mesh_0.025,H,38,0.95,0.00231425586591287,-0.0003145812660576737,0.000546812076516464,-inf,false,not converged
1.77,mixed_mesh_0.025,H,39,0.975,0.0018469504018000112,-0.00035023824102220144,0.000546812076516464,-inf,false,not converged
1.77,mixed_mesh_0.025,H,40,1.0,0.0014640986826448068,-0.00038695051355725624,0.000546812076516464,-inf,false,not converged
1.77,mixed_mesh_0.025,L,0,-0.29335335749582175,1.0,n/a,0.0,n/a,false,not converged
1.77,mixed_mesh_0.05,H,0,0.0,0.03161800974769273,0.0,0.0005458643780307691,-inf,false,not converged
1.77,mixed_mesh_0.05,H,1,0.05,0.042273274127760774,4.567143738717135e-05,0.0005458643780307691,-inf,false,not converged
1.77,mixed_mesh_0.05,H,2,0.1,0.05385044043397511,8.349944720995213e-05,0.0005458643780307691,-inf,false,not converged
1.77,mixed_mesh_0.05,H,3,0.15,0.06536718498964247,0.0001135334114841886,0.0005458643780307691,-inf,false,not converged
1.77,mixed_mesh_0.05,H,4,0.2,0.075639677483691,0.00013586896753861426,0.0005458643780307691,-inf,false,not converged
1.77,mixed_mesh_0.05,H,5,0.25,0.0834901779136247,0.00015064255205917993,0.0005458643780307691,-inf,false,not converged
1.77,mixed_mesh_0.05,H,6,0.3,0.08798004391619982,0.00015802517876908548,0.0005458643780307691,-inf,false,not converged
1.77,mixed_mesh_0.05,H,7,0.35,0.08860132744013083,0.0001582157340725204,0.0005458643780307691,-inf,false,not converged
1.77,mixed_mesh_0.05,H,8,0.4,0.08537111511215893,0.00015143414114050617,0.0005458643780307691,-inf,false,not converged
1.77,mixed_mesh_0.05,H,9,0.45,0.07880497748622581,0.00013791475869648177,0.0005458643780307691,-inf,false,not converged
1.77,mixed_mesh_0.05,H,10,0.5,0.06978514103099923,0.00011790034557074454,0.0005458643780307691,-inf,false,not converged
1.77,mixed_mesh_0.05,H,11,0.55,0.05936895106788485,9.163684580516286e-05,0.0005458643780307691,-inf,false,not converged
1.77,mixed_mesh_0.05,H,12,0.6,0.0485935843424355,5.936914815589216e-05,0.0005458643780307691,-inf,false,not converged
1.77,mixed_mesh_0.05,H,13,0.65,0.038323418193836556,2.133786686473252e-05,0.0005458643780307691,-inf,false,not converged
1.77,mixed_mesh_0.05,H,14,0.7,0.0291646495410244,-2.2222905549793698e-05,0.0005458643780307691,-inf,false,not converged
1.77,mixed_mesh_0.05,H,15,0.75,0.021448176982433027,-7.108699559850266e-05,0.0005458643780307691,-inf,false,not converged
1.77,mixed_mesh_0.05,H,16,0.8,0.015264620344560137,-0.00012503686164133665,0.0005458643780307691,-inf,false,not converged
1.77,mixed_mesh_0.05,H,17,0.85,0.010528029442656689,-0.00018386380133823474,0.0005458643780307691,-inf,false,not converged
1.77,mixed_mesh_0.05,H,18,0.9,0.007046215649732327,-0.00024736782207647814,0.0005458643780307691,-inf,false,not converged
1.77,mixed_mesh_0.05,H,19,0.95,0.004582162479245092,-0.00031535731565409883,0.0005458643780307691,-inf,false,not converged
1.77,mixed_mesh_0.05,H,20,1.0,0.0028988222740899687,-0.0003876486439582487,0.0005458643780307691,-inf,false,not converged
1.77,mixed_mesh_0.05,L,0,-0.29506007722174266,1.0,n/a,0.0,n/a,false,not converged
1.775,mixed_mesh_0.025,H,0,0.0,0.0119168205023632,0.0,0.000534753330053715,-inf,false,not converged
1.775,mixed_mesh_0.025,H,1,0.025,0.014266718054551993,2.8778083610440865e-05,0.000534753330053715,-inf,false,not converged
1.775,mixed_mesh_0.025,H,2,0.05,0.016855666483375126,5.5393445025752946e-05,0.000534753330053715,-inf,false,not converged
1.775,mixed_mesh_0.025,H,3,0.075,0.019652847978952677,7.984863756067546e-05,0.000534753330053715,-inf,false,not converged
1.775,mixed_mesh_0.025,H,4,0.1,0.022613643196641015,0.0001021494607022261,0.000534753330053715,-inf,false,not converged
1.775,mixed_mesh_0.025,H,5,0.125,0.025680098578661825,0.00012230484716201605,0.000534753330053715,-inf,false,not converged
1.775,mixed_mesh_0.025,H,6,0.15,0.0287824059670007,0.0001403267328044357,0.000534753330053715,-inf,false,not converged
1.775,mixed_mesh_0.025,H,7,0.175,0.03184139139905043,0.00015622990946308505,0.000534753330053715,-inf,false,not converged
1.775,mixed_mesh_0.025,H,8,0.2,0.03477190838645015,0.00017003186120229368,0.000534753330053715,-inf,false,not converged
1.775,mixed_mesh_0.025,H,9,0.225,0.03748693192255099,0.00018175258514818889,0.000534753330053715,-inf,false,not converged
1.775,mixed_mesh_0.025,H,10,0.25,0.039902065989068085,0.00019141439857128448,0.000534753330053715,-inf,false,not converged
1.775,mixed_mesh_0.025,H,11,0.275,0.041940121062945646,0.00019904173441619502,0.000534753330053715,-inf,false,not converged
1.775,mixed_mesh_0.025,H,12,0.3,0.043535397349067396,0.00020466092791330583,0.000534753330053715,-inf,false,not converged
1.775,mixed_mesh_0.025,H,13,0.325,0.04463732773492244,0.00020829999724661288,0.000534753330053715,-inf,false,not converged
1.775,mixed_mesh_0.025,H,14,0.35,0.045213189983210486,0.00020998842147355087,0.000534753330053715,-inf,false,not converged
1.775,mixed_mesh_0.025,H,15,0.375,0.045249683593582765,0.00020975691898666472,0.000534753330053715,-inf,false,not converged
1.775,mixed_mesh_0.025,H,16,0.4,0.04475327228717189,0.00020763722977199146,0.000534753330053715,-inf,false,not converged
1.775,mixed_mesh_0.025,H,17,0.425,0.04374930520054797,0.00020366190456131555,0.000534753330053715,-inf,false,not converged
1.775,mixed_mesh_0.025,H,18,0.45,0.042280035406466895,0.00019786410370787808,0.000534753330053715,-inf,false,not converged
1.775,mixed_mesh_0.025,H,19,0.475,0.0404017417741111,0.00019027740825554654,0.000534753330053715,-inf,false,not converged
1.775,mixed_mesh_0.025,H,20,0.5,0.0381812210718418,0.00018093564524135873,0.000534753330053715,-inf,false,not converged
1.775,mixed_mesh_0.025,H,21,0.525,0.03569194725643369,0.00016987272879408905,0.000534753330053715,-inf,false,not converged
1.775,mixed_mesh_0.025,H,22,0.55,0.033010193931621225,0.00015712251809067192,0.000534753330053715,-inf,false,not converged
1.775,mixed_mesh_0.025,H,23,0.575,0.03021138756283703,0.00014271869273150932,0.000534753330053715,-inf,false,not converged
1.775,mixed_mesh_0.025,H,24,0.6,0.027366909543738892,0.00012669464561553163,0.000534753330053715,-inf,false,not converged
1.775,mixed_mesh_0.025,H,25,0.625,0.02454150252902314,0.0001090833929550377,0.000534753330053715,-inf,false,not converged
1.775,mixed_mesh_0.025,H,26,0.65,0.021791368810729145,8.991750068418e-05,0.000534753330053715,-inf,false,not converged
1.775,mixed_mesh_0.025,H,27,0.675,0.019162983405735596,6.922902619368142e-05,0.000534753330053715,-inf,false,not converged
1.775,mixed_mesh_0.025,H,28,0.7,0.01669258788841451,4.704947407579638e-05,0.000534753330053715,-inf,false,not converged
1.775,mixed_mesh_0.025,H,29,0.725,0.014406286820273746,2.3409764389416624e-05,0.000534753330053715,-inf,false,not converged
1.775,mixed_mesh_0.025,H,30,0.75,0.012320638808181876,-1.659788145248059e-06,0.000534753330053715,-inf,false,not converged
1.775,mixed_mesh_0.025,H,31,0.775,0.010443618799925905,-2.8129485645185526e-05,0.000534753330053715,-inf,false,not converged
1.775,mixed_mesh_0.025,H,32,0.8,0.00877582574769642,-5.597025085056495e-05,0.000534753330053715,-inf,false,not converged
1.775,mixed_mesh_0.025,H,33,0.825,0.007311817781235063,-8.515362471354579e-05,0.000534753330053715,-inf,false,not converged
1.775,mixed_mesh_0.025,H,34,0.85,0.006041472571396352,-0.00011565175918682932,0.000534753330053715,-inf,false,not converged
1.775,mixed_mesh_0.025,H,35,0.875,0.0049512906038678365,-0.0001474374064628567,0.000534753330053715,-inf,false,not converged
1.775,mixed_mesh_0.025,H,36,0.9,0.0040255808677843894,-0.0001804839057517986,0.000534753330053715,-inf,false,not converged
1.775,mixed_mesh_0.025,H,37,0.925,0.00324748973782466,-0.00021476516851752503,0.000534753330053715,-inf,false,not converged
1.775,mixed_mesh_0.025,H,38,0.95,0.002599852939813016,-0.0002502556629239358,0.000534753330053715,-inf,false,not converged
1.775,mixed_mesh_0.025,H,39,0.975,0.002065866405375379,-0.00028693039808648513,0.000534753330053715,-inf,false,not converged
1.775,mixed_mesh_0.025,H,40,1.0,0.0016295840655575597,-0.0003247649085801642,0.000534753330053715,-inf,false,not converged
1.775,mixed_mesh_0.025,L,0,-0.3375559288304292,1.0,n/a,0.0,n/a,false,not converged
1.775,mixed_mesh_0.05,H,0,0.0,0.023791798120602337,0.0,0.0005347645366057261,-inf,false,not converged
1.775,mixed_mesh_0.05,H,1,0.05,0.033623243223997866,5.524577763082474e-05,0.0005347645366057261,-inf,false,not converged
1.775,mixed_mesh_0.05,H,2,0.1,0.04507374824585243,0.0001018658044242885,0.0005347645366057261,-inf,false,not converged
1.775,mixed_mesh_0.05,H,3,0.15,0.05732890645796472,0.00013991961335079383,0.0005347645366057261,-inf,false,not converged
1.775,mixed_mesh_0.05,H,4,0.2,0.06921535663499644,0.00016951430686763195,0.0005347645366057261,-inf,false,not converged
1.775,mixed_mesh_0.05,H,5,0.25,0.07938336942568844,0.00019079963578265673,0.0005347645366057261,-inf,false,not converged
1.775,mixed_mesh_0.05,H,6,0.3,0.08657005932055185,0.0002039621207540858,0.0005347645366057261,-inf,false,not converged
1.775,mixed_mesh_0.05,H,7,0.35,0.08986892855422901,0.00020921845791434333,0.0005347645366057261,-inf,false,not converged
1.775,mixed_mesh_0.05,H,8,0.4,0.0889228522401109,0.00020680855563247856,0.0005347645366057261,-inf,false,not converged
1.775,mixed_mesh_0.05,H,9,0.45,0.08398264480868609,0.00019698860336290515,0.0005347645366057261,-inf,false,not converged
1.775,mixed_mesh_0.05,H,10,0.5,0.07582063142955159,0.0001800245661162398,0.0005347645366057261,-inf,false,not converged
1.775,mixed_mesh_0.05,H,11,0.55,0.0655364803357948,0.0001561864343624375,0.0005347645366057261,-inf,false,not converged
1.775,mixed_mesh_0.05,H,12,0.6,0.05432112777047488,0.00012574345543771813,0.0005347645366057261,-inf,false,not converged
1.775,mixed_mesh_0.05,H,13,0.65,0.04324568380430964,8.896045075348566e-05,0.0005347645366057261,-inf,false,not converged
1.775,mixed_mesh_0.05,H,14,0.7,0.03312085510052165,4.6095205432479525e-05,0.0005347645366057261,-inf,false,not converged
1.775,mixed_mesh_0.05,H,15,0.75,0.02444177377304142,-2.6031786433920734e-06,0.0005347645366057261,-inf,false,not converged
1.775,mixed_mesh_0.05,H,16,0.8,0.01740641737408475,-5.6895138057656836e-05,0.0005347645366057261,-inf,false,not converged
1.775,mixed_mesh_0.05,H,17,0.85,0.011980788830981715,-0.00011655090981867872,0.0005347645366057261,-inf,false,not converged
1.775,mixed_mesh_0.05,H,18,0.9,0.00798162893595368,-0.00018135039368464417,0.0005347645366057261,-inf,false,not converged
1.775,mixed_mesh_0.05,H,19,0.95,0.005153854494092083,-0.00025108278117652594,0.0005347645366057261,-inf,false,not converged
1.775,mixed_mesh_0.05,H,20,1.0,0.0032298511185137194,-0.00032554607869138275,0.0005347645366057261,-inf,false,not converged
1.775,mixed_mesh_0.05,L,0,-0.33887710820250944,1.0,n/a,0.0,n/a,false,not converged
1.78,mixed_mesh_0.025,H,0,0.0,0.008749319770339867,0.0,0.0005183847396203912,-inf,false,not converged
1.78,mixed_mesh_0.025,H,1,0.025,0.010775456972376658,3.371616388212959e-05,0.0005183847396203912,-inf,false,not converged
1.78,mixed_mesh_0.025,H,2,0.05,0.013082912857795621,6.508600439713913e-05,0.0005183847396203912,-inf,false,not converged
1.78,mixed_mesh_0.025,H,3,0.075,0.015659725458099523,9.411297973655071e-05,0.0005183847396203912,-inf,false,not converged
1.78,mixed_mesh_0.025,H,4,0.1,0.018479347930728043,0.00012080382470935685,0.0005183847396203912,-inf,false,not converged
1.78,mixed_mesh_0.025,H,5,0.125,0.02149966782757907,0.000145168457988119,0.0005183847396203912,-inf,false,not converged
1.78,mixed_mesh_0.025,H,6,0.15,0.024663055598119963,0.00016721987206413328,0.0005183847396203912,-inf,false,not converged
1.78,mixed_mesh_0.025,H,7,0.175,0.027897591229031314,0.00018697400523077926,0.0005183847396203912,-inf,false,not converged
1.78,mixed_mesh_0.025,H,8,0.2,0.03111951130180531,0.00020444959543905808,0.0005183847396203912,-inf,false,not converged
1.78,mixed_mesh_0.025,H,9,0.225,0.0342367942993432,0.0002196680164652477,0.0005183847396203912,-inf,false,not converged
1.78,mixed_mesh_0.025,H,10,0.25,0.03715367510348187,0.0002326530974636875,0.0005183847396203912,-inf,false,not converged
1.78,mixed_mesh_0.025,H,11,0.275,0.039775767402507885,0.0002434309276089881,0.0005183847396203912,-inf,false,not converged
1.78,mixed_mesh_0.025,H,12,0.3,0.042015391215466845,0.0002520296481213881,0.0005183847396203912,-inf,false,not converged
1.78,mixed_mesh_0.025,H,13,0.325,0.04379666419201834,0.00025847923447914686,0.0005183847396203912,-inf,false,not converged
1.78,mixed_mesh_0.025,H,14,0.35,0.045059926087334695,0.0002628112720212839,0.0005183847396203912,-inf,false,not converged
1.78,mixed_mesh_0.025,H,15,0.375,0.04576512512285873,0.00026505872840994205,0.0005183847396203912,-inf,false,not converged
1.78,mixed_mesh_0.025,H,16,0.4,0.04589389519155507,0.000265255726541019,0.0005183847396203912,-inf,false,not converged
1.78,mixed_mesh_0.025,H,17,0.425,0.04545018082291795,0.0002634373214618589,0.0005183847396203912,-inf,false,not converged
1.78,mixed_mesh_0.025,H,18,0.45,0.044459405896175884,0.0002596392846825682,0.0005183847396203912,-inf,false,not converged
1.78,mixed_mesh_0.025,H,19,0.475,0.04296631500200587,0.00025389789896749365,0.0005183847396203912,-inf,false,not converged
1.78,mixed_mesh_0.025,H,20,0.5,0.04103172775473438,0.00024624976628726154,0.0005183847396203912,-inf,false,not converged
1.78,mixed_mesh_0.025,H,21,0.525,0.038728524918779254,0.00023673163112431124,0.0005183847396203912,-inf,false,not converged
1.78,mixed_mesh_0.025,H,22,0.55,0.036137224876554346,0.0002253802207845563,0.0005183847396203912,-inf,false,not converged
1.78,mixed_mesh_0.025,H,23,0.575,0.03334150923516788,0.0002122321038023553,0.0005183847396203912,-inf,false,not converged
1.78,mixed_mesh_0.025,H,24,0.6,0.03042402171691799,0.00019732356696321174,0.0005183847396203912,-inf,false,not converged
1.78,mixed_mesh_0.025,H,25,0.625,0.02746270307535131,0.00018069051093285576,0.0005183847396203912,-inf,false,not converged
1.78,mixed_mesh_0.025,H,26,0.65,0.024527846869022017,0.00016236836399462912,0.0005183847396203912,-inf,false,not converged
1.78,mixed_mesh_0.025,H,27,0.675,0.021679977155429745,0.00014239201297588412,0.0005183847396203912,-inf,false,not converged
1.78,mixed_mesh_0.025,H,28,0.7,0.01896856914088816,0.00012079575010104197,0.0005183847396203912,-inf,false,not converged
1.78,mixed_mesh_0.025,H,29,0.725,0.01643156505949895,9.761323425096398e-05,0.0005183847396203912,-inf,false,not converged
1.78,mixed_mesh_0.025,H,30,0.75,0.014095584941952628,7.28774649369629e-05,0.0005183847396203912,-inf,false,not converged
1.78,mixed_mesh_0.025,H,31,0.775,0.011976697637725868,4.662076721086324e-05,0.0005183847396203912,-inf,false,not converged
1.78,mixed_mesh_0.025,H,32,0.8,0.010081601211792173,1.887478572217688e-05,0.0005183847396203912,-inf,false,not converged
1.78,mixed_mesh_0.025,H,33,0.825,0.008409061511117663,-1.03295138100222e-05,0.0005183847396203912,-inf,false,not converged
1.78,mixed_mesh_0.025,H,34,0.85,0.006951469937519917,-4.096183733235531e-05,0.0005183847396203912,-inf,false,not converged
1.78,mixed_mesh_0.025,H,35,0.875,0.005696402374155445,-7.299255087058615e-05,0.0005183847396203912,-inf,false,not converged
1.78,mixed_mesh_0.025,H,36,0.9,0.004628086917887125,-0.00010639266591472643,0.0005183847396203912,-inf,false,not converged
1.78,mixed_mesh_0.025,H,37,0.925,0.0037287151421196946,-0.00014113382287840245,0.0005183847396203912,-inf,false,not converged
1.78,mixed_mesh_0.025,H,38,0.95,0.002979557338110218,-0.00017718827354178124,0.0005183847396203912,-inf,false,not converged
1.78,mixed_mesh_0.025,H,39,0.975,0.0023618646606182524,-0.000214528863201488,0.0005183847396203912,-inf,false,not converged
1.78,mixed_mesh_0.025,H,40,1.0,0.0018575592431153776,-0.00025312901307937216,0.0005183847396203912,-inf,false,not converged
1.78,mixed_mesh_0.025,L,0,-0.37648429995665644,1.0,n/a,0.0,n/a,false,not converged
1.78,mixed_mesh_0.05,H,0,0.0,0.017485526016918107,0.0,0.0005184745026807266,-inf,false,not converged
1.78,mixed_mesh_0.05,H,1,0.05,0.02612737730867422,6.496999013130117e-05,0.0005184745026807266,-inf,false,not converged
1.78,mixed_mesh_0.05,H,2,0.1,0.036880079301543175,0.00012058044987541807,0.0005184745026807266,-inf,false,not converged
1.78,mixed_mesh_0.05,H,3,0.15,0.04919190063153727,0.00016689840009287372,0.0005184745026807266,-inf,false,not converged
1.78,mixed_mesh_0.05,H,4,0.2,0.06203664802152732,0.0002040396395828056,0.0005184745026807266,-inf,false,not converged
1.78,mixed_mesh_0.05,H,5,0.25,0.0740307493728893,0.00023216438827431112,0.0005184745026807266,-inf,false,not converged
1.78,mixed_mesh_0.05,H,6,0.3,0.08368303630214714,0.0002514718316449739,0.0005184745026807266,-inf,false,not converged
1.78,mixed_mesh_0.05,H,7,0.35,0.08971379601526358,0.0002621937416107129,0.0005184745026807266,-inf,false,not converged
1.78,mixed_mesh_0.05,H,8,0.4,0.09134427058017507,0.00026458749018868667,0.0005184745026807266,-inf,false,not converged
1.78,mixed_mesh_0.05,H,9,0.45,0.08846308918455927,0.0002589288683746225,0.0005184745026807266,-inf,false,not converged
1.78,mixed_mesh_0.05,H,10,0.5,0.0816208518900895,0.0002455051523414433,0.0005184745026807266,-inf,false,not converged
1.78,mixed_mesh_0.05,H,11,0.55,0.07186645627263256,0.00022460881871685934,0.0005184745026807266,-inf,false,not converged
1.78,mixed_mesh_0.05,H,12,0.6,0.0604897778675146,0.00019653221332524388,0.0005184745026807266,-inf,false,not converged
1.78,mixed_mesh_0.05,H,13,0.65,0.04875502924165149,0.00016156334693271518,0.0005184745026807266,-inf,false,not converged
1.78,mixed_mesh_0.05,H,14,0.7,0.03769529722381171,0.000119982854129232,0.0005184745026807266,-inf,false,not converged
1.78,mixed_mesh_0.05,H,15,0.75,0.028004260126743306,7.206203155256385e-05,0.0005184745026807266,-inf,false,not converged
1.78,mixed_mesh_0.05,H,16,0.8,0.020024107912288,1.8061785951335035e-05,0.0005184745026807266,-inf,false,not converged
1.78,mixed_mesh_0.05,H,17,0.85,0.013803094802030567,-4.176772168622972e-05,0.0005184745026807266,-inf,false,not converged
1.78,mixed_mesh_0.05,H,18,0.9,0.009186944725781453,-0.00010718695474296047,0.0005184745026807266,-inf,false,not converged
1.78,mixed_mesh_0.05,H,19,0.95,0.005912700235851861,-0.00017796659622900182,0.0005184745026807266,-inf,false,not converged
1.78,mixed_mesh_0.05,H,20,1.0,0.0036850069663705567,-0.0002538870124920399,0.0005184745026807266,-inf,false,not converged
1.78,mixed_mesh_0.05,L,0,-0.3774514549138046,1.0,n/a,0.0,n/a,false,not converged
1.785,mixed_mesh_0.025,H,0,0.0,0.006280968024276304,0.0,0.000499152550077351,-inf,false,not converged
1.785,mixed_mesh_0.025,H,1,0.025,0.007958684222019246,3.871740492720306e-05,0.000499152550077351,-inf,false,not converged
1.785,mixed_mesh_0.025,H,2,0.05,0.009932018552284046,7.491451705588805e-05,0.000499152550077351,-inf,false,not converged
1.785,mixed_mesh_0.025,H,3,0.075,0.012207377607601067,0.00010859546509079288,0.000499152550077351,-inf,false,not converged
1.785,mixed_mesh_0.025,H,4,0.1,0.014777848081025908,0.00013976768008007717,0.000499152550077351,-inf,false,not converged
1.785,mixed_mesh_0.025,H,5,0.125,0.017620870104468635,0.00016844182066570257,0.000499152550077351,-inf,false,not converged
1.785,mixed_mesh_0.025,H,6,0.15,0.020696738482930747,0.0001946316816986188,0.000499152550077351,-inf,false,not converged
1.785,mixed_mesh_0.025,H,7,0.175,0.0239482253047766,0.00021835408492730654,0.000499152550077351,-inf,false,not converged
1.785,mixed_mesh_0.025,H,8,0.2,0.02730153644794082,0.00023962875091241426,0.000499152550077351,-inf,false,not converged
1.785,mixed_mesh_0.025,H,9,0.225,0.030668694059775833,0.0002584781518794694,0.000499152550077351,-inf,false,not converged
1.785,mixed_mesh_0.025,H,10,0.25,0.033951289799338466,0.00027492734586847395,0.000499152550077351,-inf,false,not converged
1.785,mixed_mesh_0.025,H,11,0.275,0.037045397920021414,0.0002890037932358081,0.000499152550077351,-inf,false,not converged
1.785,mixed_mesh_0.025,H,12,0.3,0.03984729459628579,0.0003007371572659465,0.000499152550077351,-inf,false,not converged
1.785,mixed_mesh_0.025,H,13,0.325,0.04225952119086129,0.0003101590913112684,0.000499152550077351,-inf,false,not converged
1.785,mixed_mesh_0.025,H,14,0.35,0.04419677115380536,0.0003173030154538141,0.000499152550077351,-inf,false,not converged
1.785,mixed_mesh_0.025,H,15,0.375,0.045591082473144556,0.00032220388613547236,0.000499152550077351,-inf,false,not converged
1.785,mixed_mesh_0.025,H,16,0.4,0.046395880659279735,0.0003248979625057498,0.000499152550077351,-inf,false,not converged
1.785,mixed_mesh_0.025,H,17,0.425,0.04658853272117733,0.00032542257337258435,0.000499152550077351,-inf,false,not converged
1.785,mixed_mesh_0.025,H,18,0.45,0.046171224572879345,0.0003238158886086778,0.000499152550077351,-inf,false,not converged
1.785,mixed_mesh_0.025,H,19,0.475,0.04517014220127266,0.00032011669867059063,0.000499152550077351,-inf,false,not converged
1.785,mixed_mesh_0.025,H,20,0.5,0.04363309892773546,0.0003143642055484213,0.000499152550077351,-inf,false,not converged
1.785,mixed_mesh_0.025,H,21,0.525,0.04162588764122597,0.00030659782800456295,0.000499152550077351,-inf,false,not converged
1.785,mixed_mesh_0.025,H,22,0.55,0.0392277334262844,0.00029685702341109184,0.000499152550077351,-inf,false,not converged
1.785,mixed_mesh_0.025,H,23,0.575,0.03652627072562784,0.0002851811278889241,0.000499152550077351,-inf,false,not converged
1.785,mixed_mesh_0.025,H,24,0.6,0.03361246935881875,0.0002716092158212575,0.000499152550077351,-inf,false,not converged
1.785,mixed_mesh_0.025,H,25,0.625,0.030575891016977743,0.0002561799791900403,0.000499152550077351,-inf,false,not converged
1.785,mixed_mesh_0.025,H,26,0.65,0.02750058261984223,0.00023893162659631081,0.000499152550077351,-inf,false,not converged
1.785,mixed_mesh_0.025,H,27,0.675,0.02446181807900646,0.00021990180129675269,0.000499152550077351,-inf,false,not converged
1.785,mixed_mesh_0.025,H,28,0.7,0.02152379888518092,0.00019912751713899862,0.000499152550077351,-inf,false,not converged
1.785,mixed_mesh_0.025,H,29,0.725,0.01873832840101116,0.00017664511092002622,0.000499152550077351,-inf,false,not converged
1.785,mixed_mesh_0.025,H,30,0.75,0.016144393913721623,0.0001524902094317774,0.000499152550077351,-inf,false,not converged
1.785,mixed_mesh_0.025,H,31,0.775,0.013768530092860972,0.00012669770929710743,0.000499152550077351,-inf,false,not converged
1.785,mixed_mesh_0.025,H,32,0.8,0.011625799762664124,9.930176763224552e-05,0.000499152550077351,-inf,false,not converged
1.785,mixed_mesh_0.025,H,33,0.825,0.00972121207721984,7.033580158940372e-05,0.000499152550077351,-inf,false,not converged
1.785,mixed_mesh_0.025,H,34,0.85,0.008051401257692803,3.983249492255786e-05,0.000499152550077351,-inf,false,not converged
1.785,mixed_mesh_0.025,H,35,0.875,0.0066064066066032845,7.823809864346276e-06,0.000499152550077351,-inf,false,not converged
1.785,mixed_mesh_0.025,H,36,0.9,0.005371421610215034,-2.565899721239384e-05,0.000499152550077351,-inf,false,not converged
1.785,mixed_mesh_0.025,H,37,0.925,0.0043284118029077645,-6.058535766612083e-05,0.000499152550077351,-inf,false,not converged
1.785,mixed_mesh_0.025,H,38,0.95,0.0034575336004336343,-9.692537109001406e-05,0.000499152550077351,-inf,false,not converged
1.785,mixed_mesh_0.025,H,39,0.975,0.002738316381466636,-0.00013464978533091546,0.000499152550077351,-inf,false,not converged
1.785,mixed_mesh_0.025,H,40,1.0,0.0021505956373381718,-0.00017372997670476661,0.000499152550077351,-inf,false,not converged
1.785,mixed_mesh_0.025,L,0,-0.41141919600816956,1.0,n/a,0.0,n/a,false,not converged
1.785,mixed_mesh_0.05,H,0,0.0,0.012557614744631844,0.0,0.0004987993196889588,-inf,false,not converged
1.785,mixed_mesh_0.05,H,1,0.05,0.01984609188914691,7.483149212024107e-05,0.0004987993196889588,-inf,false,not converged
1.785,mixed_mesh_0.05,H,2,0.1,0.029513909700159116,0.0001396075749720122,0.0004987993196889588,-inf,false,not converged
1.785,mixed_mesh_0.05,H,3,0.15,0.041315879353785875,0.00019440082835625464,0.0004987993196889588,-inf,false,not converged
1.785,mixed_mesh_0.05,H,4,0.2,0.054478163085866324,0.000239333678384291,0.0004987993196889588,-inf,false,not converged
1.785,mixed_mesh_0.05,H,5,0.25,0.06772219983831132,0.00027457460896258053,0.0004987993196889588,-inf,false,not converged
1.785,mixed_mesh_0.05,H,6,0.3,0.07945657881986173,0.0003003331864590989,0.0004987993196889588,-inf,false,not converged
1.785,mixed_mesh_0.05,H,7,0.35,0.08810322178922185,0.0003168539905724719,0.0004987993196889588,-inf,false,not converged
1.785,mixed_mesh_0.05,H,8,0.4,0.09246165322702642,0.00032440971221699665,0.0004987993196889588,-inf,false,not converged
1.785,mixed_mesh_0.05,H,9,0.45,0.09199027313692885,0.00032329381692261516,0.0004987993196889588,-inf,false,not converged
1.785,mixed_mesh_0.05,H,10,0.5,0.08691177329561149,0.0003138132454963919,0.0004987993196889588,-inf,false,not converged
1.785,mixed_mesh_0.05,H,11,0.55,0.07811745132353991,0.0002962816170158176,0.0004987993196889588,-inf,false,not converged
1.785,mixed_mesh_0.05,H,12,0.6,0.0669182412391663,0.00027101331856301675,0.0004987993196889588,-inf,false,not converged
1.785,mixed_mesh_0.05,H,13,0.65,0.05473551330230007,0.00023831873388878606,0.0004987993196889588,-inf,false,not converged
1.785,mixed_mesh_0.05,H,14,0.7,0.04282731184273612,0.00019850070989204695,0.0004987993196889588,-inf,false,not converged
1.785,mixed_mesh_0.05,H,15,0.75,0.03211349723845459,0.00015185221560084713,0.0004987993196889588,-inf,false,not converged
1.785,mixed_mesh_0.05,H,16,0.8,0.02311749147669294,9.865503672595519e-05,0.0004987993196889588,-inf,false,not converged
1.785,mixed_mesh_0.05,H,17,0.85,0.01600401117253708,3.917928273790977e-05,0.0004987993196889588,-inf,false,not converged
1.785,mixed_mesh_0.05,H,18,0.9,0.010672692467589772,-2.6316535877691366e-05,0.0004987993196889588,-inf,false,not converged
1.785,mixed_mesh_0.05,H,19,0.95,0.006867012400406422,-9.758508340386093e-05,0.0004987993196889588,-inf,false,not converged
1.785,mixed_mesh_0.05,H,20,1.0,0.0042694186560250725,-0.0001743896074719621,0.0004987993196889588,-inf,false,not converged
1.785,mixed_mesh_0.05,L,0,-0.4120717124174223,1.0,n/a,0.0,n/a,false,not converged
1.79,mixed_mesh_0.025,H,0,0.0,0.004410913126255522,0.0,0.00047784059864749637,-inf,false,not converged
1.79,mixed_mesh_0.025,H,1,0.025,0.005751200130171666,4.3775143520081365e-05,0.00047784059864749637,-inf,false,not converged
1.79,mixed_mesh_0.025,H,2,0.05,0.007378434095017595,8.486386828112443e-05,0.00047784059864749637,-inf,false,not converged
1.79,mixed_mesh_0.025,H,3,0.075,0.009314417588163556,0.00012327080465852403,0.00047784059864749637,-inf,false,not converged
1.79,mixed_mesh_0.025,H,4,0.1,0.011570479769711378,0.00015900390627305054,0.00047784059864749637,-inf,false,not converged
1.79,mixed_mesh_0.025,H,5,0.125,0.014144176132741978,0.00019207439079150807,0.00047784059864749637,-inf,false,not converged
1.79,mixed_mesh_0.025,H,6,0.15,0.017016444969739798,0.0002224966653482049,0.00047784059864749637,-inf,false,not converged
1.79,mixed_mesh_0.025,H,7,0.175,0.020149610423069397,0.0002502882348235603,0.00047784059864749637,-inf,false,not converged
1.79,mixed_mesh_0.025,H,8,0.2,0.023486593252352323,0.00027546959153393336,0.00047784059864749637,-inf,false,not converged
1.79,mixed_mesh_0.025,H,9,0.225,0.02695160684958755,0.00029806408535148696,0.00047784059864749637,-inf,false,not converged
1.79,mixed_mesh_0.025,H,10,0.25,0.030452482046824356,0.00031809777386973895,0.00047784059864749637,-inf,false,not converged
1.79,mixed_mesh_0.025,H,11,0.275,0.033884593680982025,0.0003355992529300725,0.00047784059864749637,-inf,false,not converged
1.79,mixed_mesh_0.025,H,12,0.3,0.037136176296921154,0.0003505994685849686,0.00047784059864749637,-inf,false,not converged
1.79,mixed_mesh_0.025,H,13,0.325,0.04009464191997748,0.00036313151234490786,0.00047784059864749637,-inf,false,not converged
1.79,mixed_mesh_0.025,H,14,0.35,0.04265337575792094,0.00037323040228443797,0.00047784059864749637,-inf,false,not converged
1.79,mixed_mesh_0.025,H,15,0.375,0.04471840762988202,0.00038093285321807654,0.00047784059864749637,-inf,false,not converged
1.79,mixed_mesh_0.025,H,16,0.4,0.046214350878659334,0.00038627703965530766,0.00047784059864749637,-inf,false,not converged
1.79,mixed_mesh_0.025,H,17,0.425,0.04708906847739752,0.0003893023555740817,0.00047784059864749637,-inf,false,not converged
1.79,mixed_mesh_0.025,H,18,0.45,0.047316658597359874,0.00039004917519607635,0.00047784059864749637,-inf,false,not converged
1.79,mixed_mesh_0.025,H,19,0.475,0.04689853008678317,0.0003885586189003743,0.00047784059864749637,-inf,false,not converged
1.79,mixed_mesh_0.025,H,20,0.5,0.04586253704648159,0.0003848723281849268,0.00047784059864749637,-inf,false,not converged
1.79,mixed_mesh_0.025,H,21,0.525,0.04426033418917428,0.00037903225319717987,0.00047784059864749637,-inf,false,not converged
1.79,mixed_mesh_0.025,H,22,0.55,0.042163276827905306,0.0003710804558363437,0.00047784059864749637,-inf,false,not converged
1.79,mixed_mesh_0.025,H,23,0.575,0.03965730327925215,0.0003610589308138644,0.00047784059864749637,-inf,false,not converged
1.79,mixed_mesh_0.025,H,24,0.6,0.03683729368958894,0.00034900944638381094,0.00047784059864749637,-inf,false,not converged
1.79,mixed_mesh_0.025,H,25,0.625,0.03380139717365884,0.0003349734057582262,0.00047784059864749637,-inf,false,not converged
1.79,mixed_mesh_0.025,H,26,0.65,0.030645765928547748,0.0003189917295400163,0.00047784059864749637,-inf,false,not converged
1.79,mixed_mesh_0.025,H,27,0.675,0.02746004360718607,0.00030110475886923477,0.00047784059864749637,-inf,false,not converged
1.79,mixed_mesh_0.025,H,28,0.7,0.024323841664523106,0.00028135217841447277,0.00047784059864749637,-inf,false,not converged
1.79,mixed_mesh_0.025,H,29,0.725,0.021304317863038595,0.00025977295786933086,0.00047784059864749637,-inf,false,not converged
1.79,mixed_mesh_0.025,H,30,0.75,0.01845485986501279,0.00023640531024823885,0.00047784059864749637,-inf,false,not converged
1.79,mixed_mesh_0.025,H,31,0.775,0.015814784497655707,0.00021128666502172842,0.00047784059864749637,-inf,false,not converged
1.79,mixed_mesh_0.025,H,32,0.8,0.013409896207683032,0.00018445365398798638,0.00047784059864749637,-inf,false,not converged
1.79,mixed_mesh_0.025,H,33,0.825,0.011253708526940723,0.0001559421077376097,0.00047784059864749637,-inf,false,not converged
1.79,mixed_mesh_0.025,H,34,0.85,0.00934911853970263,0.00012578706061963998,0.00047784059864749637,-inf,false,not converged
1.79,mixed_mesh_0.025,H,35,0.875,0.007690332246966387,9.402276224303868e-05,0.00047784059864749637,-inf,false,not converged
1.79,mixed_mesh_0.025,H,36,0.9,0.006264862736209089,6.068269373062096e-05,0.00047784059864749637,-inf,false,not converged
1.79,mixed_mesh_0.025,H,37,0.925,0.005055457107072912,2.5799587162964044e-05,0.00047784059864749637,-inf,false,not converged
1.79,mixed_mesh_0.025,H,38,0.95,0.004041846485168409,-1.05945531095053e-05,0.00047784059864749637,-inf,false,not converged
1.79,mixed_mesh_0.025,H,39,0.975,0.003202251451469668,-4.8468428363580146e-05,0.00047784059864749637,-inf,false,not converged
1.79,mixed_mesh_0.025,H,40,1.0,0.002514609357243347,-8.779142345142002e-05,0.00047784059864749637,-inf,false,not converged
1.79,mixed_mesh_0.025,L,0,-0.4432526008525852,1.0,n/a,0.0,n/a,false,not converged
1.79,mixed_mesh_0.05,H,0,0.0,0.00881771748238714,0.0,0.00047802834832780944,-inf,false,not converged
1.79,mixed_mesh_0.05,H,1,0.05,0.014744363996132295,8.481359041569961e-05,0.00047802834832780944,-inf,false,not converged
1.79,mixed_mesh_0.05,H,2,0.1,0.023113354222511814,0.000158906930646015,0.00047802834832780944,-inf,false,not converged
1.79,mixed_mesh_0.05,H,3,0.15,0.033981740188988564,0.00022235675508545417,0.00047802834832780944,-inf,false,not converged
1.79,mixed_mesh_0.05,H,4,0.2,0.04688957253572515,0.00027529055801013644,0.00047802834832780944,-inf,false,not converged
1.79,mixed_mesh_0.05,H,5,0.25,0.0607814163734364,0.0003178833551343791,0.00047802834832780944,-inf,false,not converged
1.79,mixed_mesh_0.05,H,6,0.3,0.074104927480708,0.00035035322282674693,0.00047802834832780944,-inf,false,not converged
1.79,mixed_mesh_0.05,H,7,0.35,0.08509656559974575,0.00037295561826488494,0.00047802834832780944,-inf,false,not converged
1.79,mixed_mesh_0.05,H,8,0.4,0.0921823668965858,0.0003859766658555804,0.00047802834832780944,-inf,false,not converged
1.79,mixed_mesh_0.05,H,9,0.45,0.09436210452142005,0.00038972576898741243,0.00047802834832780944,-inf,false,not converged
1.79,mixed_mesh_0.05,H,10,0.5,0.09144307858169952,0.00038452802575027895,0.00047802834832780944,-inf,false,not converged
1.79,mixed_mesh_0.05,H,11,0.55,0.08404842106814407,0.00037071696294842596,0.00047802834832780944,-inf,false,not converged
1.79,mixed_mesh_0.05,H,12,0.6,0.07341340457810774,0.000348628049558786,0.00047802834832780944,-inf,false,not converged
1.79,mixed_mesh_0.05,H,13,0.65,0.0610573137164806,0.0003185933265664933,0.00047802834832780944,-inf,false,not converged
1.79,mixed_mesh_0.05,H,14,0.7,0.04844663713040739,0.000280937326809276,0.00047802834832780944,-inf,false,not converged
1.79,mixed_mesh_0.05,H,15,0.75,0.03674424418596257,0.00023597429182670854,0.00047802834832780944,-inf,false,not converged
1.79,mixed_mesh_0.05,H,16,0.8,0.026689029173463334,0.0001840065534929082,0.00047802834832780944,-inf,false,not converged
1.79,mixed_mesh_0.05,H,17,0.85,0.018598939983843807,0.00012532385627960982,0.00047802834832780944,-inf,false,not converged
1.79,mixed_mesh_0.05,H,18,0.9,0.012457223605437178,6.0203357750233943e-05,0.00047802834832780944,-inf,false,not converged
1.79,mixed_mesh_0.05,H,19,0.95,0.008032771579370558,-1.1089945794202222e-05,0.00047802834832780944,-inf,false,not converged
1.79,mixed_mesh_0.05,H,20,1.0,0.004994807099442203,-8.830257934039701e-05,0.00047802834832780944,-inf,false,not converged
1.79,mixed_mesh_0.05,L,0,-0.44363192353527126,1.0,n/a,0.0,n/a,false,not converged
1.795,mixed_mesh_0.025,H,0,0.0,0.003032067178953808,0.0,0.00045890627235324957,-inf,false,not converged
1.795,mixed_mesh_0.025,H,1,0.025,0.004068614102590942,4.888141279845424e-05,0.00045890627235324957,-inf,false,not converged
1.795,mixed_mesh_0.025,H,2,0.05,0.005367110702475656,9.491689808075756e-05,0.00045890627235324957,-inf,false,not converged
1.795,mixed_mesh_0.025,H,3,0.075,0.006960390901637283,0.00013811146727166104,0.00045890627235324957,-inf,false,not converged
1.795,mixed_mesh_0.025,H,4,0.1,0.008874558812757226,0.0001784734714838014,0.00045890627235324957,-inf,false,not converged
1.795,mixed_mesh_0.025,H,5,0.125,0.011125234244709367,0.00021601455535109415,0.00045890627235324957,-inf,false,not converged
1.795,mixed_mesh_0.025,H,6,0.15,0.013713802146886256,0.0002507495971154584,0.00045890627235324957,-inf,false,not converged
1.795,mixed_mesh_0.025,H,7,0.175,0.01662407886896456,0.0002826966328964768,0.00045890627235324957,-inf,false,not converged
1.795,mixed_mesh_0.025,H,8,0.2,0.019819845206023125,0.0003118767632400597,0.00045890627235324957,-inf,false,not converged
1.795,mixed_mesh_0.025,H,9,0.225,0.023243675132899037,0.0003383140403701423,0.00045890627235324957,-inf,false,not converged
1.795,mixed_mesh_0.025,H,10,0.25,0.026817402744943354,0.00036203533505878294,0.00045890627235324957,-inf,false,not converged
1.795,mixed_mesh_0.025,H,11,0.275,0.030444421720267522,0.00038307018266968765,0.00045890627235324957,-inf,false,not converged
1.795,mixed_mesh_0.025,H,12,0.3,0.034013816631217546,0.00040145060868633595,0.00045890627235324957,-inf,false,not converged
1.795,mixed_mesh_0.025,H,13,0.325,0.03740610868766654,0.0004172109348618237,0.00045890627235324957,-inf,false,not converged
1.795,mixed_mesh_0.025,H,14,0.35,0.04050019120267973,0.0004303875679670119,0.00045890627235324957,-inf,false,not converged
1.795,mixed_mesh_0.025,H,15,0.375,0.043180864205429326,0.00044101877390646804,0.00045890627235324957,-inf,false,not converged
1.795,mixed_mesh_0.025,H,16,0.4,0.04534628001700462,0.000449144440660295,0.00045890627235324957,-inf,false,not converged
1.795,mixed_mesh_0.025,H,17,0.425,0.04691459883925682,0.0004548058340458974,0.00045890627235324957,-inf,false,not converged
1.795,mixed_mesh_0.025,H,18,0.45,0.047829228665826944,0.0004580453506415477,0.00045890627235324957,-inf,false,not converged
1.795,mixed_mesh_0.025,H,19,0.475,0.048062176334500356,0.00045890627235324957,0.00045890627235324957,-inf,false,not converged
1.795,mixed_mesh_0.025,H,20,0.5,0.04761524371028676,0.00045743252703547496,0.00045890627235324957,-inf,false,not converged
1.795,mixed_mesh_0.025,H,21,0.525,0.04651903469288567,0.00045366845930554234,0.00045890627235324957,-inf,false,not converged
1.795,mixed_mesh_0.025,H,22,0.55,0.044829962760967866,0.00044765861524621343,0.00045890627235324957,-inf,false,not converged
1.795,mixed_mesh_0.025,H,23,0.575,0.042625636222515105,0.0004394475441047759,0.00045890627235324957,-inf,false,not converged
1.795,mixed_mesh_0.025,H,24,0.6,0.03999912807144963,0.00042907961940934734,0.00045890627235324957,-inf,false,not converged
1.795,mixed_mesh_0.025,H,25,0.625,0.03705269848087908,0.0004165988811773505,0.00045890627235324957,-inf,false,not converged
1.795,mixed_mesh_0.025,H,26,0.65,0.03389153041763189,0.00040204890012884506,0.00045890627235324957,-inf,false,not converged
1.795,mixed_mesh_0.025,H,27,0.675,0.03061797199393088,0.00038547266407895457,0.00045890627235324957,-inf,false,not converged
1.795,mixed_mesh_0.025,H,28,0.7,0.02732666902839655,0.00036691248600319304,0.00045890627235324957,-inf,false,not converged
1.795,mixed_mesh_0.025,H,29,0.725,0.024100837225733023,0.0003464099326762667,0.00045890627235324957,-inf,false,not converged
1.795,mixed_mesh_0.025,H,30,0.75,0.021009784724147423,0.0003240057722994766,0.00045890627235324957,-inf,false,not converged
1.795,mixed_mesh_0.025,H,31,0.775,0.018107669057434224,0.0002997399391669823,0.00045890627235324957,-inf,false,not converged
1.795,mixed_mesh_0.025,H,32,0.8,0.015433369840835886,0.00027365151318188216,0.00045890627235324957,-inf,false,not converged
1.795,mixed_mesh_0.025,H,33,0.825,0.01301128643507201,0.00024577871191534817,0.00045890627235324957,-inf,false,not converged
1.795,mixed_mesh_0.025,H,34,0.85,0.010852830103632522,0.00021615889289632387,0.00045890627235324957,-inf,false,not converged
1.795,mixed_mesh_0.025,H,35,0.875,0.008958370194451306,0.00018482856390953512,0.00045890627235324957,-inf,false,not converged
1.795,mixed_mesh_0.025,H,36,0.9,0.00731940818093751,0.00015182339924622174,0.00045890627235324957,-inf,false,not converged
1.795,mixed_mesh_0.025,H,37,0.925,0.005920784996889444,0.000117178260074631,0.00045890627235324957,-inf,false,not converged
1.795,mixed_mesh_0.025,H,38,0.95,0.004742768726947212,8.092721735350819e-05,0.00045890627235324957,-inf,false,not converged
1.795,mixed_mesh_0.025,H,39,0.975,0.003762914789468413,4.310357598289946e-05,0.00045890627235324957,-inf,false,not converged
1.795,mixed_mesh_0.025,H,40,1.0,0.0029576339988175034,3.739899154846932e-06,0.00045890627235324957,-inf,false,not converged
1.795,mixed_mesh_0.025,L,0,-0.4726339034900959,1.0,n/a,0.0,n/a,false,not converged
1.795,mixed_mesh_0.05,H,0,0.0,0.0060578262179644396,0.0,0.0004579222629957861,-inf,false,not converged
1.795,mixed_mesh_0.05,H,1,0.05,0.010721000572970037,9.489818304615977e-05,0.0004579222629957861,-inf,false,not converged
1.795,mixed_mesh_0.05,H,2,0.1,0.01772427751452845,0.00017843759176977688,0.0004579222629957861,-inf,false,not converged
1.795,mixed_mesh_0.05,H,3,0.15,0.027385217776046248,0.00025069810128069796,0.0004579222629957861,-inf,false,not converged
1.795,mixed_mesh_0.05,H,4,0.2,0.0395733824355253,0.00031181110532614836,0.0004579222629957861,-inf,false,not converged
1.795,mixed_mesh_0.05,H,5,0.25,0.053538979174168486,0.0003619567918018854,0.0004579222629957861,-inf,false,not converged
1.795,mixed_mesh_0.05,H,6,0.3,0.06789883798565448,0.00040136020805427077,0.0004579222629957861,-inf,false,not converged
1.795,mixed_mesh_0.05,H,7,0.35,0.08083839473038709,0.00043028603045832964,0.0004579222629957861,-inf,false,not converged
1.795,mixed_mesh_0.05,H,8,0.4,0.09050082727392232,0.000449032134675547,0.0004579222629957861,-inf,false,not converged
1.795,mixed_mesh_0.05,H,9,0.45,0.0954437876659386,0.0004579222629957861,0.0004579222629957861,-inf,false,not converged
1.795,mixed_mesh_0.05,H,10,0.5,0.09500212352171934,0.00045729824941169624,0.0004579222629957861,-inf,false,not converged
1.795,mixed_mesh_0.05,H,11,0.55,0.08942828418624124,0.00044751234715326854,0.0004579222629957861,-inf,false,not converged
1.795,mixed_mesh_0.05,H,12,0.6,0.07977362195764835,0.0004289201880056763,0.0004579222629957861,-inf,false,not converged
1.795,mixed_mesh_0.05,H,13,0.65,0.06757444476593451,0.00040187479705216904,0.0004579222629957861,-inf,false,not converged
1.795,mixed_mesh_0.05,H,14,0.7,0.05446762835632348,0.0003667219210422828,0.0004579222629957861,-inf,false,not converged
1.795,mixed_mesh_0.05,H,15,0.75,0.041861046194662646,0.00032379674333656364,0.0004579222629957861,-inf,false,not converged
1.795,mixed_mesh_0.05,H,16,0.8,0.030736982039813364,0.00027342189137453607,0.0004579222629957861,-inf,false,not converged
1.795,mixed_mesh_0.05,H,17,0.85,0.02160382359735316,0.00021590652166526836,0.0004579222629957861,-inf,false,not converged
1.795,mixed_mesh_0.05,H,18,0.9,0.014562194029428068,0.0001515462054125158,0.0004579222629957861,-inf,false,not converged
1.795,mixed_mesh_0.05,H,19,0.95,0.009430270030835406,8.06233328003482e-05,0.0004579222629957861,-inf,false,not converged
1.795,mixed_mesh_0.05,H,20,1.0,0.005877049972935194,3.407791676433153e-06,0.0004579222629957861,-inf,false,not converged
1.795,mixed_mesh_0.05,L,0,-0.4727795680585331,1.0,n/a,0.0,n/a,false,not converged
1.8,mixed_mesh_0.025,H,0,0.0,0.002041582355048899,0.0,0.0005317507813300051,-inf,false,not converged
1.8,mixed_mesh_0.025,H,1,0.025,0.002819755176078902,5.402796140001028e-05,0.0005317507813300051,-inf,false,not converged
1.8,mixed_mesh_0.025,H,2,0.05,0.003825311157005332,0.00010505621384286601,0.0005317507813300051,-inf,false,not converged
1.8,mixed_mesh_0.025,H,3,0.075,0.005097391366985284,0.00015309006529113886,0.0005317507813300051,-inf,false,not converged
1.8,mixed_mesh_0.025,H,4,0.1,0.006672344257276927,0.00019813817601799493,0.0005317507813300051,-inf,false,not converged
1.8,mixed_mesh_0.025,H,5,0.125,0.008580049240348114,0.00024021252305352417,0.0005317507813300051,-inf,false,not converged
1.8,mixed_mesh_0.025,H,6,0.15,0.010839807340480534,0.0002793283526910553,0.0005317507813300051,-inf,false,not converged
1.8,mixed_mesh_0.025,H,7,0.175,0.013456157967037568,0.00031550411884298133,0.0005317507813300051,-inf,false,not converged
1.8,mixed_mesh_0.025,H,8,0.2,0.016415080434013657,0.00034876140504747164,0.0005317507813300051,-inf,false,not converged
1.8,mixed_mesh_0.025,H,9,0.225,0.019681091071532226,0.00037912482809671164,0.0005317507813300051,-inf,false,not converged
1.8,mixed_mesh_0.025,H,10,0.25,0.023195732673423865,0.00040662192160318116,0.0005317507813300051,-inf,false,not converged
1.8,mixed_mesh_0.025,H,11,0.275,0.02687786260368287,0.00043128299834603676,0.0005317507813300051,-inf,false,not converged
1.8,mixed_mesh_0.025,H,12,0.3,0.03062598175910352,0.00045314099092876124,0.0005317507813300051,-inf,false,not converged
1.8,mixed_mesh_0.025,H,13,0.325,0.03432262531762207,0.0004722312710967744,0.0005317507813300051,-inf,false,not converged
1.8,mixed_mesh_0.025,H,14,0.35,0.03784058669846501,0.0004885914489574988,0.0005317507813300051,-inf,false,not converged
1.8,mixed_mesh_0.025,H,15,0.375,0.04105050519672325,0.0005022611542526822,0.0005317507813300051,-inf,false,not converged
1.8,mixed_mesh_0.025,H,16,0.4,0.04382915343515929,0.0005132818026858856,0.0005317507813300051,-inf,false,not converged
1.8,mixed_mesh_0.025,H,17,0.425,0.04606764531285827,0.000521696351043311,0.0005317507813300051,-inf,false,not converged
1.8,mixed_mesh_0.025,H,18,0.45,0.047678768567575275,0.0005275490454097718,0.0005317507813300051,-inf,false,not converged
1.8,mixed_mesh_0.025,H,19,0.475,0.04860273236902446,0.0005308851671351304,0.0005317507813300051,-inf,false,not converged
1.8,mixed_mesh_0.025,H,20,0.5,0.04881079672089855,0.0005317507813300051,0.0005317507813300051,-inf,false,not converged
1.8,mixed_mesh_0.025,H,21,0.525,0.04830648992862054,0.0005301924925609231,0.0005317507813300051,-inf,false,not converged
1.8,mixed_mesh_0.025,H,22,0.55,0.047124387163395516,0.0005262572120900231,0.0005317507813300051,-inf,false,not converged
1.8,mixed_mesh_0.025,H,23,0.575,0.0453266791561011,0.0005199919404917271,0.0005317507813300051,-inf,false,not converged
1.8,mixed_mesh_0.025,H,24,0.6,0.04299797155357533,0.000511443568818026,0.0005317507813300051,-inf,false,not converged
1.8,mixed_mesh_0.025,H,25,0.625,0.04023889825675789,0.0005006587007205642,0.0005317507813300051,-inf,false,not converged
1.8,mixed_mesh_0.025,H,26,0.65,0.03715919439536475,0.00048768349711910026,0.0005317507813300051,-inf,false,not converged
1.8,mixed_mesh_0.025,H,27,0.675,0.03387085760759725,0.0004725635441800869,0.0005317507813300051,-inf,false,not converged
1.8,mixed_mesh_0.025,H,28,0.7,0.03048194211654399,0.0004553437445781374,0.0005317507813300051,-inf,false,not converged
1.8,mixed_mesh_0.025,H,29,0.725,0.027091398406168365,0.000436068231295798,0.0005317507813300051,-inf,false,not converged
1.8,mixed_mesh_0.025,H,30,0.75,0.023785215176564522,0.0004147803026026131,0.0005317507813300051,-inf,false,not converged
1.8,mixed_mesh_0.025,H,31,0.775,0.020633962192272638,0.00039152237636407537,0.0005317507813300051,-inf,false,not converged
1.8,mixed_mesh_0.025,H,32,0.8,0.017691691380508214,0.00036633596147695943,0.0005317507813300051,-inf,false,not converged
1.8,mixed_mesh_0.025,H,33,0.825,0.014996042149721528,0.0003392616440115945,0.0005317507813300051,-inf,false,not converged
1.8,mixed_mesh_0.025,H,34,0.85,0.012569322083307901,0.00031033908555827897,0.0005317507813300051,-inf,false,not converged
1.8,mixed_mesh_0.025,H,35,0.875,0.010420296692501125,0.00027960703130959844,0.0005317507813300051,-inf,false,not converged
1.8,mixed_mesh_0.025,H,36,0.9,0.008546417849599214,0.00024710332554516573,0.0005317507813300051,-inf,false,not converged
1.8,mixed_mesh_0.025,H,37,0.925,0.006936242833762802,0.00021286493239561569,0.0005317507813300051,-inf,false,not converged
1.8,mixed_mesh_0.025,H,38,0.95,0.005571836137552518,0.00017692796002597225,0.0005317507813300051,-inf,false,not converged
1.8,mixed_mesh_0.025,H,39,0.975,0.004430995840177906,0.0001393276866701633,0.0005317507813300051,-inf,false,not converged
1.8,mixed_mesh_0.025,H,40,1.0,0.003489198059563021,0.00010009858724793069,0.0005317507813300051,-inf,false,not converged
1.8,mixed_mesh_0.025,L,0,-0.5000489917667554,1.0,n/a,0.0,n/a,false,not converged
1.8,mixed_mesh_0.05,H,0,0.0,0.004075004713567289,0.0,0.0005318248011054825,-inf,false,not converged
1.8,mixed_mesh_0.05,H,1,0.05,0.007635389860725907,0.00010506751879978452,0.0005318248011054825,-inf,false,not converged
1.8,mixed_mesh_0.05,H,2,0.1,0.013318374171851197,0.00019816060626248787,0.0005318248011054825,-inf,false,not converged
1.8,mixed_mesh_0.05,H,3,0.15,0.021637474385527686,0.00027936155998667606,0.0005318248011054825,-inf,false,not converged
1.8,mixed_mesh_0.05,H,4,0.2,0.03276742280574933,0.00034880481061879375,0.0005318248011054825,-inf,false,not converged
1.8,mixed_mesh_0.05,H,5,0.25,0.046304283836553994,0.0004066746622885557,0.0005318248011054825,-inf,false,not converged
1.8,mixed_mesh_0.05,H,6,0.3,0.06113831798588252,0.00045320187471525625,0.0005318248011054825,-inf,false,not converged
1.8,mixed_mesh_0.05,H,7,0.35,0.07554139616201794,0.0004886589210847071,0.0005318248011054825,-inf,false,not converged
1.8,mixed_mesh_0.05,H,8,0.4,0.08749509175654646,0.0005133539232852133,0.0005318248011054825,-inf,false,not converged
1.8,mixed_mesh_0.05,H,9,0.45,0.09517552784980131,0.0005276234793944248,0.0005318248011054825,-inf,false,not converged
1.8,mixed_mesh_0.05,H,10,0.5,0.09742680357479903,0.0005318248011054825,0.0005318248011054825,-inf,false,not converged
1.8,mixed_mesh_0.05,H,11,0.55,0.09404805255761581,0.0005263277136852377,0.0005318248011054825,-inf,false,not converged
1.8,mixed_mesh_0.05,H,12,0.6,0.08579652779862532,0.0005115071021970334,0.0005318248011054825,-inf,false,not converged
1.8,mixed_mesh_0.05,H,13,0.65,0.07412745313505428,0.00048773631157980266,0.0005318248011054825,-inf,false,not converged
1.8,mixed_mesh_0.05,H,14,0.7,0.060787971466223445,0.00045538185011250766,0.0005318248011054825,-inf,false,not converged
1.8,mixed_mesh_0.05,H,15,0.75,0.04741480247428887,0.00041479954778442935,0.0005318248011054825,-inf,false,not converged
1.8,mixed_mesh_0.05,H,16,0.8,0.035251441445404846,0.00036633212788371103,0.0005318248011054825,-inf,false,not converged
1.8,mixed_mesh_0.05,H,17,0.85,0.025031621058132447,0.000310307998069078,0.0005318248011054825,-inf,false,not converged
1.8,mixed_mesh_0.05,H,18,0.9,0.017009867414445084,0.0002470409772898849,0.0005318248011054825,-inf,false,not converged
1.8,mixed_mesh_0.05,H,19,0.95,0.011082232990863639,0.0001768306504673911,0.0005318248011054825,-inf,false,not converged
1.8,mixed_mesh_0.05,H,20,1.0,0.0069349425563236585,9.996307193272172e-05,0.0005318248011054825,-inf,false,not converged
1.8,mixed_mesh_0.05,L,0,-0.4999957441145618,1.0,n/a,0.0,n/a,false,not converged
1.805,mixed_mesh_0.025,H,0,0.0,0.001347551846373476,0.0,0.0006083357908553463,-inf,false,not converged
1.805,mixed_mesh_0.025,H,1,0.025,0.0019159372153533443,5.920707641650857e-05,0.0006083357908553463,-inf,false,not converged
1.805,mixed_mesh_0.025,H,2,0.05,0.0026734026101189177,0.00011526570643248676,0.0006083357908553463,-inf,false,not converged
1.805,mixed_mesh_0.025,H,3,0.075,0.0036611021700316566,0.00016818143688448334,0.0006083357908553463,-inf,false,not converged
1.805,mixed_mesh_0.025,H,4,0.1,0.004920953484883302,0.0002179631764864954,0.0006083357908553463,-inf,false,not converged
1.805,mixed_mesh_0.025,H,5,0.125,0.006492476783123255,0.0002646231686840349,0.0006083357908553463,-inf,false,not converged
1.805,mixed_mesh_0.025,H,6,0.15,0.008408860149437234,0.00030817695438397665,0.0006083357908553463,-inf,false,not converged
1.805,mixed_mesh_0.025,H,7,0.175,0.01069249544363698,0.0003486433223572052,0.0006083357908553463,-inf,false,not converged
1.805,mixed_mesh_0.025,H,8,0.2,0.013350373210842018,0.0003860442449835121,0.0006083357908553463,-inf,false,not converged
1.805,mixed_mesh_0.025,H,9,0.225,0.016369843601678306,0.00042040479701737927,0.0006083357908553463,-inf,false,not converged
1.805,mixed_mesh_0.025,H,10,0.25,0.019715316786321754,0.0004517530552334585,0.0006083357908553463,-inf,false,not converged
1.805,mixed_mesh_0.025,H,11,0.275,0.023326467537732907,0.0004801199771831202,0.0006083357908553463,-inf,false,not converged
1.805,mixed_mesh_0.025,H,12,0.3,0.02711841182695139,0.0005055392578619108,0.0006083357908553463,-inf,false,not converged
1.805,mixed_mesh_0.025,H,13,0.325,0.030984140455803773,0.0005280471638340438,0.0006083357908553463,-inf,false,not converged
1.805,mixed_mesh_0.025,H,14,0.35,0.03479924456596038,0.000547682345244444,0.0006083357908553463,-inf,false,not converged
1.805,mixed_mesh_0.025,H,15,0.375,0.038428683727075696,0.00056448562711333,0.0006083357908553463,-inf,false,not converged
1.805,mixed_mesh_0.025,H,16,0.4,0.04173507215134284,0.0005784997822823306,0.0006083357908553463,-inf,false,not converged
1.805,mixed_mesh_0.025,H,17,0.425,0.04458773701896148,0.0005897692892898928,0.0006083357908553463,-inf,false,not converged
1.805,mixed_mesh_0.025,H,18,0.45,0.0468716725564706,0.0005983400792273687,0.0006083357908553463,-inf,false,not converged
1.805,mixed_mesh_0.025,H,19,0.475,0.04849549752204411,0.0006042592762070947,0.0006083357908553463,-inf,false,not converged
1.805,mixed_mesh_0.025,H,20,0.5,0.04939762615147698,0.0006075749364202708,0.0006083357908553463,-inf,false,not converged
1.805,mixed_mesh_0.025,H,21,0.525,0.04955006766153412,0.0006083357908553463,0.0006083357908553463,-inf,false,not converged
1.805,mixed_mesh_0.025,H,22,0.55,0.04895954489408724,0.000606590996588283,0.0006083357908553463,-inf,false,not converged
1.805,mixed_mesh_0.025,H,23,0.575,0.047665926395015594,0.0006023899011643324,0.0006083357908553463,-inf,false,not converged
1.805,mixed_mesh_0.025,H,24,0.6,0.045738253911871626,0.0005957818240012337,0.0006083357908553463,-inf,false,not converged
1.805,mixed_mesh_0.025,H,25,0.625,0.04326888046626866,0.0005868158580017557,0.0006083357908553463,-inf,false,not converged
1.805,mixed_mesh_0.025,H,26,0.65,0.040366386039534234,0.0005755406937202542,0.0006083357908553463,-inf,false,not converged
1.805,mixed_mesh_0.025,H,27,0.675,0.03714799664598893,0.0005620044675369168,0.0006083357908553463,-inf,false,not converged
1.805,mixed_mesh_0.025,H,28,0.7,0.03373220133405905,0.0005462546344058399,0.0006083357908553463,-inf,false,not converged
1.805,mixed_mesh_0.025,H,29,0.725,0.030232156122609096,0.0005283378649060949,0.0006083357908553463,-inf,false,not converged
1.805,mixed_mesh_0.025,H,30,0.75,0.02675030790460529,0.0005082999655779373,0.0006083357908553463,-inf,false,not converged
1.805,mixed_mesh_0.025,H,31,0.775,0.023374491989053697,0.0004861858208998395,0.0006083357908553463,-inf,false,not converged
1.805,mixed_mesh_0.025,H,32,0.8,0.020175579829188866,0.0004620393547773126,0.0006083357908553463,-inf,false,not converged
1.805,mixed_mesh_0.025,H,33,0.825,0.017206599267810933,0.00043590350908043196,0.0006083357908553463,-inf,false,not converged
1.805,mixed_mesh_0.025,H,34,0.85,0.014503132004951166,0.0004078202365847168,0.0006083357908553463,-inf,false,not converged
1.805,mixed_mesh_0.025,H,35,0.875,0.01208471815844933,0.00037783050562788245,0.0006083357908553463,-inf,false,not converged
1.805,mixed_mesh_0.025,H,36,0.9,0.009956965219103263,0.0003459743138776207,0.0006083357908553463,-inf,false,not converged
1.805,mixed_mesh_0.025,H,37,0.925,0.008114062748308394,0.00031229070878764295,0.0006083357908553463,-inf,false,not converged
1.805,mixed_mesh_0.025,H,38,0.95,0.006541436027773441,0.0002768178125762896,0.0006083357908553463,-inf,false,not converged
1.805,mixed_mesh_0.025,H,39,0.975,0.005218321539480095,0.000239592849865692,0.0006083357908553463,-inf,false,not converged
1.805,mixed_mesh_0.025,H,40,1.0,0.004120105024686519,0.00020065217644534006,0.0006083357908553463,-inf,false,not converged
1.805,mixed_mesh_0.025,L,0,-0.5258651546914188,1.0,n/a,0.0,n/a,false,not converged
1.805,mixed_mesh_0.05,H,0,0.0,0.0026862585865594173,0.0,0.0006078541631540316,-inf,false,not converged
1.805,mixed_mesh_0.05,H,1,0.05,0.005330393170102001,0.0001153055907635351,0.0006078541631540316,-inf,false,not converged
1.805,mixed_mesh_0.05,H,2,0.1,0.009813791733814003,0.00021804128294700392,0.0006078541631540316,-inf,false,not converged
1.805,mixed_mesh_0.05,H,3,0.15,0.01677320071757498,0.00030829130065238887,0.0006078541631540316,-inf,false,not converged
1.805,mixed_mesh_0.05,H,4,0.2,0.026635430220802513,0.00038619248826303725,0.0006078541631540316,-inf,false,not converged
1.805,mixed_mesh_0.05,H,5,0.25,0.039341509041837766,0.00045193245906837137,0.0006078541631540316,-inf,false,not converged
1.805,mixed_mesh_0.05,H,6,0.3,0.054123103128820814,0.0005057466675099029,0.0006078541631540316,-inf,false,not converged
1.805,mixed_mesh_0.05,H,7,0.35,0.06946182308654231,0.0005479141728348689,0.0006078541631540316,-inf,false,not converged
1.805,mixed_mesh_0.05,H,8,0.4,0.08331410643685899,0.0005787520026181922,0.0006078541631540316,-inf,false,not converged
1.805,mixed_mesh_0.05,H,9,0.45,0.09357249821897276,0.0005986082366802887,0.0006078541631540316,-inf,false,not converged
1.805,mixed_mesh_0.05,H,10,0.5,0.09861432945661701,0.0006078541631540316,0.0006078541631540316,-inf,false,not converged
1.805,mixed_mesh_0.05,H,11,0.55,0.09773268741227248,0.0006068760424727954,0.0006078541631540316,-inf,false,not converged
1.805,mixed_mesh_0.05,H,12,0.6,0.0912892854169048,0.0005960670990068345,0.0006078541631540316,-inf,false,not converged
1.805,mixed_mesh_0.05,H,13,0.65,0.08054978894703291,0.000575820324100678,0.0006078541631540316,-inf,false,not converged
1.805,mixed_mesh_0.05,H,14,0.7,0.06729115088926288,0.0005465225343050748,0.0006078541631540316,-inf,false,not converged
1.805,mixed_mesh_0.05,H,15,0.75,0.053342549109381625,0.0005085499256157512,0.0006078541631540316,-inf,false,not converged
1.805,mixed_mesh_0.05,H,16,0.8,0.0402128681528583,0.0004622651486342541,0.0006078541631540316,-inf,false,not converged
1.805,mixed_mesh_0.05,H,17,0.85,0.0288906640558977,0.0004080157457646734,0.0006078541631540316,-inf,false,not converged
1.805,mixed_mesh_0.05,H,18,0.9,0.019821818346988665,0.0003461336699464683,0.0006078541631540316,-inf,false,not converged
1.805,mixed_mesh_0.05,H,19,0.95,0.013012991460271347,0.00027693555553841634,0.0006078541631540316,-inf,false,not converged
1.805,mixed_mesh_0.05,H,20,1.0,0.008189752410626683,0.0002007234277011903,0.0006078541631540316,-inf,false,not converged
1.805,mixed_mesh_0.05,L,0,-0.5256414644561191,1.0,n/a,0.0,n/a,false,not converged
1.81,mixed_mesh_0.025,H,0,0.0,0.0008726435143867258,0.0,0.0006884147637513348,-inf,false,not converged
1.81,mixed_mesh_0.025,H,1,0.025,0.001277357707589442,6.441178339544509e-05,0.0006884147637513348,-inf,false,not converged
1.81,mixed_mesh_0.025,H,2,0.05,0.0018335062713461022,0.00012553088073828872,0.0006884147637513348,-inf,false,not converged
1.81,mixed_mesh_0.025,H,3,0.075,0.0025808660582681124,0.0001833630401252451,0.0006884147637513348,-inf,false,not converged
1.81,mixed_mesh_0.025,H,4,0.1,0.003562781813424444,0.00023791737881525762,0.0006884147637513348,-inf,false,not converged
1.81,mixed_mesh_0.025,H,5,0.125,0.004823802161013796,0.0002892063625695089,0.0006884147637513348,-inf,false,not converged
1.81,mixed_mesh_0.025,H,6,0.15,0.00640634264313711,0.00033724577657153225,0.0006884147637513348,-inf,false,not converged
1.81,mixed_mesh_0.025,H,7,0.175,0.008346474096566,0.00038205468584804995,0.0006884147637513348,-inf,false,not converged
1.81,mixed_mesh_0.025,H,8,0.2,0.010669094904666995,0.0004236553828720945,0.0006884147637513348,-inf,false,not converged
1.81,mixed_mesh_0.025,H,9,0.225,0.013382909410009254,0.00046207331989524605,0.0006884147637513348,-inf,false,not converged
1.81,mixed_mesh_0.025,H,10,0.25,0.016475772147312048,0.0004973370235697447,0.0006884147637513348,-inf,false,not converged
1.81,mixed_mesh_0.025,H,11,0.275,0.019911036682949166,0.0005294779896212604,0.0006884147637513348,-inf,false,not converged
1.81,mixed_mesh_0.025,H,12,0.3,0.023625541648622028,0.0005585305557422758,0.0006884147637513348,-inf,false,not converged
1.81,mixed_mesh_0.025,H,13,0.325,0.027529759783190378,0.000584531751497106,0.0006884147637513348,-inf,false,not converged
1.81,mixed_mesh_0.025,H,14,0.35,0.031510430463500015,0.0006075211248413254,0.0006884147637513348,-inf,false,not converged
1.81,mixed_mesh_0.025,H,15,0.375,0.035435713756123546,0.0006275405458157357,0.0006884147637513348,-inf,false,not converged
1.81,mixed_mesh_0.025,H,16,0.4,0.039162583219234236,0.0006446339890123047,0.0006884147637513348,-inf,false,not converged
1.81,mixed_mesh_0.025,H,17,0.425,0.04254586528827889,0.000658847297448523,0.0006884147637513348,-inf,false,not converged
1.81,mixed_mesh_0.025,H,18,0.45,0.04544808652965547,0.0006702279314450728,0.0006884147637513348,-inf,false,not converged
1.81,mixed_mesh_0.025,H,19,0.475,0.04774914922074639,0.0006788247069035441,0.0006884147637513348,-inf,false,not converged
1.81,mixed_mesh_0.025,H,20,0.5,0.04935484618003361,0.0006846875279646249,0.0006884147637513348,-inf,false,not converged
1.81,mixed_mesh_0.025,H,21,0.525,0.05020335060218965,0.0006878671193515824,0.0006884147637513348,-inf,false,not converged
1.81,mixed_mesh_0.025,H,22,0.55,0.05026905598951568,0.0006884147637513348,0.0006884147637513348,-inf,false,not converged
1.81,mixed_mesh_0.025,H,23,0.575,0.04956345659923294,0.0006863820493610718,0.0006884147637513348,-inf,false,not converged
1.81,mixed_mesh_0.025,H,24,0.6,0.04813310083049402,0.0006818206322576938,0.0006884147637513348,-inf,false,not converged
1.81,mixed_mesh_0.025,H,25,0.625,0.04605496803477524,0.0006747820175714795,0.0006884147637513348,-inf,false,not converged
1.81,mixed_mesh_0.025,H,26,0.65,0.043429870414607843,0.0006653173626160799,0.0006884147637513348,-inf,false,not converged
1.81,mixed_mesh_0.025,H,27,0.675,0.04037463739722813,0.0006534773042018473,0.0006884147637513348,-inf,false,not converged
1.81,mixed_mesh_0.025,H,28,0.7,0.037013889148300456,0.0006393118113971023,0.0006884147637513348,-inf,false,not converged
1.81,mixed_mesh_0.025,H,29,0.725,0.0334721549593448,0.0006228700640576856,0.0006884147637513348,-inf,false,not converged
1.81,mixed_mesh_0.025,H,30,0.75,0.02986696114070148,0.0006042003565689211,0.0006884147637513348,-inf,false,not converged
1.81,mixed_mesh_0.025,H,31,0.775,0.026303330324284564,0.0005833500254768063,0.0006884147637513348,-inf,false,not converged
1.81,mixed_mesh_0.025,H,32,0.8,0.02286993090537514,0.0005603653990576656,0.0006884147637513348,-inf,false,not converged
1.81,mixed_mesh_0.025,H,33,0.825,0.019636920292061877,0.0005352917664064698,0.0006884147637513348,-inf,false,not converged
1.81,mixed_mesh_0.025,H,34,0.85,0.016655360828537757,0.0005081733633217622,0.0006884147637513348,-inf,false,not converged
1.81,mixed_mesh_0.025,H,35,0.875,0.013957966459866506,0.0004790533721244772,0.0006884147637513348,-inf,false,not converged
1.81,mixed_mesh_0.025,H,36,0.9,0.01156086654450792,0.000447973932556453,0.0006884147637513348,-inf,false,not converged
1.81,mixed_mesh_0.025,H,37,0.925,0.00946604839957458,0.00041497616103887414,0.0006884147637513348,-inf,false,not converged
1.81,mixed_mesh_0.025,H,38,0.95,0.007664154498920479,0.0003801001758050801,0.0006884147637513348,-inf,false,not converged
1.81,mixed_mesh_0.025,H,39,0.975,0.006137353020154654,0.0003433851257261811,0.0006884147637513348,-inf,false,not converged
1.81,mixed_mesh_0.025,H,40,1.0,0.00486206011027257,0.0003048692209913807,0.0006884147637513348,-inf,false,not converged
1.81,mixed_mesh_0.025,L,0,-0.5503643185122009,1.0,n/a,0.0,n/a,false,not converged
1.81,mixed_mesh_0.05,H,0,0.0,0.0017368352389128948,0.0,0.0006889133245026029,-inf,false,not converged
1.81,mixed_mesh_0.05,H,1,0.05,0.003650800878584028,0.00012559830946576116,0.0006889133245026029,-inf,false,not converged
1.81,mixed_mesh_0.05,H,2,0.1,0.007096993726577628,0.00023804928170202948,0.0006889133245026029,-inf,false,not converged
1.81,mixed_mesh_0.05,H,3,0.15,0.01276639243763289,0.0003374387389932982,0.0006889133245026029,-inf,false,not converged
1.81,mixed_mesh_0.05,H,4,0.2,0.021269102309134775,0.0004239055043855416,0.0006889133245026029,-inf,false,not converged
1.81,mixed_mesh_0.05,H,5,0.25,0.03285628846509222,0.0004976398988042413,0.0006889133245026029,-inf,false,not converged
1.81,mixed_mesh_0.05,H,6,0.3,0.047129165250754,0.0005588812636233599,0.0006889133245026029,-inf,false,not converged
1.81,mixed_mesh_0.05,H,7,0.35,0.06287499229247236,0.0006079142276779132,0.0006889133245026029,-inf,false,not converged
1.81,mixed_mesh_0.05,H,8,0.4,0.07816046421761538,0.000645063542489872,0.0006889133245026029,-inf,false,not converged
1.81,mixed_mesh_0.05,H,9,0.45,0.09071859570283691,0.0006706875059375606,0.0006889133245026029,-inf,false,not converged
1.81,mixed_mesh_0.05,H,10,0.5,0.09852454736813164,0.0006851702411430419,0.0006889133245026029,-inf,false,not converged
1.81,mixed_mesh_0.05,H,11,0.55,0.10034941365531726,0.0006889133245026029,0.0006889133245026029,-inf,false,not converged
1.81,mixed_mesh_0.05,H,12,0.6,0.09607708488542845,0.0006823273964751478,0.0006889133245026029,-inf,false,not converged
1.81,mixed_mesh_0.05,H,13,0.65,0.08667345666333563,0.0006658244022530822,0.0006889133245026029,-inf,false,not converged
1.81,mixed_mesh_0.05,H,14,0.7,0.07384848290672749,0.0006398109988962133,0.0006889133245026029,-inf,false,not converged
1.81,mixed_mesh_0.05,H,15,0.75,0.059566692431364913,0.0006046834670297013,0.0006889133245026029,-inf,false,not converged
1.81,mixed_mesh_0.05,H,16,0.8,0.045589908280163724,0.0005608242321205117,0.0006889133245026029,-inf,false,not converged
1.81,mixed_mesh_0.05,H,17,0.85,0.03318223802906734,0.0005085998858227816,0.0006889133245026029,-inf,false,not converged
1.81,mixed_mesh_0.05,H,18,0.9,0.023016951974140613,0.0004483604418622465,0.0006889133245026029,-inf,false,not converged
1.81,mixed_mesh_0.05,H,19,0.95,0.015247144964639501,0.00038043948275078704,0.0006889133245026029,-inf,false,not converged
1.81,mixed_mesh_0.05,H,20,1.0,0.009664448322070524,0.0003051548508154374,0.0006889133245026029,-inf,false,not converged
1.81,mixed_mesh_0.05,L,0,-0.5499919744425315,1.0,n/a,0.0,n/a,false,not converged
1.815,mixed_mesh_0.025,H,0,0.0,0.0005549149764489898,0.0,0.0007717455332995147,-inf,false,not converged
1.815,mixed_mesh_0.025,H,1,0.025,0.0008363419651841703,6.96359550461e-05,0.0007717455332995147,-inf,false,not converged
1.815,mixed_mesh_0.025,H,2,0.05,0.0012350703426024844,0.00013583903106683596,0.0007717455332995147,-inf,false,not converged
1.815,mixed_mesh_0.025,H,3,0.075,0.0017871896181814247,0.00019861515472128295,0.0007717455332995147,-inf,false,not converged
1.815,mixed_mesh_0.025,H,4,0.1,0.002534253227739149,0.00025797362754331017,0.0007717455332995147,-inf,false,not converged
1.815,mixed_mesh_0.025,H,5,0.125,0.0035218226072976813,0.0003139271101569199,0.0007717455332995147,-inf,false,not converged
1.815,mixed_mesh_0.025,H,6,0.15,0.0047969905892810815,0.0003664915995881938,0.0007717455332995147,-inf,false,not converged
1.815,mixed_mesh_0.025,H,7,0.175,0.006404835295470578,0.0004156863977977498,0.0007717455332995147,-inf,false,not converged
1.815,mixed_mesh_0.025,H,8,0.2,0.00838390397529837,0.0004615340692413509,0.0007717455332995147,-inf,false,not converged
1.815,mixed_mesh_0.025,H,9,0.225,0.010761005399355539,0.0005040603850158826,0.0007717455332995147,-inf,false,not converged
1.815,mixed_mesh_0.025,H,10,0.25,0.013545773658184627,0.0005432942510120728,0.0007717455332995147,-inf,false,not converged
1.815,mixed_mesh_0.025,H,11,0.275,0.016725621357087,0.0005792676175222691,0.0007717455332995147,-inf,false,not converged
1.815,mixed_mesh_0.025,H,12,0.3,0.020261789626506363,0.0006120153679815598,0.0007717455332995147,-inf,false,not converged
1.815,mixed_mesh_0.025,H,13,0.325,0.02408719501290266,0.0006415751849770321,0.0007717455332995147,-inf,false,not converged
1.815,mixed_mesh_0.025,H,14,0.35,0.028106651889117096,0.0006679873923442631,0.0007717455332995147,-inf,false,not converged
1.815,mixed_mesh_0.025,H,15,0.375,0.032199816340097165,0.0006912947730562131,0.0007717455332995147,-inf,false,not converged
1.815,mixed_mesh_0.025,H,16,0.4,0.03622687884963653,0.0007115423636455762,0.0007717455332995147,-inf,false,not converged
1.815,mixed_mesh_0.025,H,17,0.425,0.04003667365909453,0.0007287772270135138,0.0007717455332995147,-inf,false,not converged
1.815,mixed_mesh_0.025,H,18,0.45,0.043476529706023885,0.0007430482065784883,0.0007717455332995147,-inf,false,not converged
1.815,mixed_mesh_0.025,H,19,0.475,0.04640292005037166,0.000754405665719245,0.0007717455332995147,-inf,false,not converged
1.815,mixed_mesh_0.025,H,20,0.5,0.04869182136305322,0.000762901217284213,0.0007717455332995147,-inf,false,not converged
1.815,mixed_mesh_0.025,H,21,0.525,0.05024769938902082,0.0007685874485121296,0.0007717455332995147,-inf,false,not converged
1.815,mixed_mesh_0.025,H,22,0.55,0.051010191055200306,0.0007715176469948928,0.0007717455332995147,-inf,false,not converged
1.815,mixed_mesh_0.025,H,23,0.575,0.05095783367158478,0.0007717455332995147,0.0007717455332995147,-inf,false,not converged
1.815,mixed_mesh_0.025,H,24,0.6,0.050108550486781395,0.0007693250055620642,0.0007717455332995147,-inf,false,not converged
1.815,mixed_mesh_0.025,H,25,0.625,0.048516982663598905,0.0007643099008049822,0.0007717455332995147,-inf,false,not converged
1.815,mixed_mesh_0.025,H,26,0.65,0.0462691035506022,0.0007567537769585624,0.0007717455332995147,-inf,false,not converged
1.815,mixed_mesh_0.025,H,27,0.675,0.043474815191523755,0.0007467097186463437,0.0007717455332995147,-inf,false,not converged
1.815,mixed_mesh_0.025,H,28,0.7,0.0402593799988561,0.0007342301687864733,0.0007717455332995147,-inf,false,not converged
1.815,mixed_mesh_0.025,H,29,0.725,0.03675457354363106,0.000719366787030452,0.0007717455332995147,-inf,false,not converged
1.815,mixed_mesh_0.025,H,30,0.75,0.03309036791308359,0.0007021703350660463,0.0007717455332995147,-inf,false,not converged
1.815,mixed_mesh_0.025,H,31,0.775,0.029387794310761422,0.0006826905879046361,0.0007717455332995147,-inf,false,not converged
1.815,mixed_mesh_0.025,H,32,0.8,0.025753422170044348,0.000660976269496405,0.0007717455332995147,-inf,false,not converged
1.815,mixed_mesh_0.025,H,33,0.825,0.022275665301773363,0.0006370750103994807,0.0007717455332995147,-inf,false,not converged
1.815,mixed_mesh_0.025,H,34,0.85,0.019022914617677824,0.0006110333247878533,0.0007717455332995147,-inf,false,not converged
1.815,mixed_mesh_0.025,H,35,0.875,0.016043324773810434,0.0005828966038223943,0.0007717455332995147,-inf,false,not converged
1.815,mixed_mesh_0.025,H,36,0.9,0.013365961782852197,0.0005527091223204092,0.0007717455332995147,-inf,false,not converged
1.815,mixed_mesh_0.025,H,37,0.925,0.011002953691278763,0.0005205140557241264,0.0007717455332995147,-inf,false,not converged
1.815,mixed_mesh_0.025,H,38,0.95,0.008952272265394478,0.000486353504560489,0.0007717455332995147,-inf,false,not converged
1.815,mixed_mesh_0.025,H,39,0.975,0.007200800287904741,0.00045026852387242827,0.0007717455332995147,-inf,false,not converged
1.815,mixed_mesh_0.025,H,40,1.0,0.005727393825685425,0.0004122991554523156,0.0007717455332995147,-inf,false,not converged
1.815,mixed_mesh_0.025,L,0,-0.573764978253869,1.0,n/a,0.0,n/a,false,not converged
1.815,mixed_mesh_0.05,H,0,0.0,0.001102455650803932,0.0,0.0007722317140293634,-inf,false,not converged
1.815,mixed_mesh_0.05,H,1,0.05,0.002455294235208511,0.0001359335408831774,0.0007722317140293634,-inf,false,not converged
1.815,mixed_mesh_0.05,H,2,0.1,0.005041154272029289,0.0002581585340443058,0.0007722317140293634,-inf,false,not converged
1.815,mixed_mesh_0.05,H,3,0.15,0.009547846405400389,0.0003667621974635291,0.0007722317140293634,-inf,false,not converged
1.815,mixed_mesh_0.05,H,4,0.2,0.016696476668153104,0.0004618850446664732,0.0007722317140293634,-inf,false,not converged
1.815,mixed_mesh_0.05,H,5,0.25,0.026990210783341406,0.0005437196716302087,0.0007722317140293634,-inf,false,not converged
1.815,mixed_mesh_0.05,H,6,0.3,0.04039079092808107,0.000612508681233582,0.0007722317140293634,-inf,false,not converged
1.815,mixed_mesh_0.05,H,7,0.35,0.056051853482421796,0.0006685414341562872,0.0007722317140293634,-inf,false,not converged
1.815,mixed_mesh_0.05,H,8,0.4,0.07227003604078543,0.000712149378979253,0.0007722317140293634,-inf,false,not converged
1.815,mixed_mesh_0.05,H,9,0.45,0.08675507795160793,0.0007436998825240612,0.0007722317140293634,-inf,false,not converged
1.815,mixed_mesh_0.05,H,10,0.5,0.09717870103407944,0.0007635887286364263,0.0007722317140293634,-inf,false,not converged
1.815,mixed_mesh_0.05,H,11,0.55,0.10181361289616239,0.0007722317140293634,0.0007722317140293634,-inf,false,not converged
1.815,mixed_mesh_0.05,H,12,0.6,0.10001155572922348,0.0007700559642186845,0.0007722317140293634,-inf,false,not converged
1.815,mixed_mesh_0.05,H,13,0.65,0.09233616183887942,0.0007574916626625159,0.0007722317140293634,-inf,false,not converged
1.815,mixed_mesh_0.05,H,14,0.7,0.08032322062973479,0.0007349648162323207,0.0007722317140293634,-inf,false,not converged
1.815,mixed_mesh_0.05,H,15,0.75,0.06599614447935831,0.0007028914969386818,0.0007722317140293634,-inf,false,not converged
1.815,mixed_mesh_0.05,H,16,0.8,0.05133861359607935,0.0006616737569768404,0.0007722317140293634,-inf,false,not converged
1.815,mixed_mesh_0.05,H,17,0.85,0.03789906218974225,0.0006116971717951905,0.0007722317140293634,-inf,false,not converged
1.815,mixed_mesh_0.05,H,18,0.9,0.026610055603042002,0.0005533297740901062,0.0007722317140293634,-inf,false,not converged
1.815,mixed_mesh_0.05,H,19,0.95,0.017808540567052958,0.00048692202983142974,0.0007722317140293634,-inf,false,not converged
1.815,mixed_mesh_0.05,H,20,1.0,0.011383135018812754,0.00041280748065860434,0.0007722317140293634,-inf,false,not converged
1.815,mixed_mesh_0.05,L,0,-0.5732594892730009,1.0,n/a,0.0,n/a,false,not converged
1.82,mixed_mesh_0.025,H,0,0.0,0.00034682229782992684,0.0,0.0008582892530440544,-inf,false,not converged
1.82,mixed_mesh_0.025,H,1,0.025,0.0005382466461185506,7.487434882454927e-05,0.0008582892530440544,-inf,false,not converged
1.82,mixed_mesh_0.025,H,2,0.05,0.0008178440105378311,0.0001461792893384117,0.0008582892530440544,-inf,false,not converged
1.82,mixed_mesh_0.025,H,3,0.075,0.0012167374659119575,0.0002139209150438747,0.0008582892530440544,-inf,false,not converged
1.82,mixed_mesh_0.025,H,4,0.1,0.0017725215903642373,0.0002781086990633992,0.0008582892530440544,-inf,false,not converged
1.82,mixed_mesh_0.025,H,5,0.125,0.002528679725273975,0.0003387554819267789,0.0008582892530440544,-inf,false,not converged
1.82,mixed_mesh_0.025,H,6,0.15,0.003533062955024994,0.0003958774537460006,0.0008582892530440544,-inf,false,not converged
1.82,mixed_mesh_0.025,H,7,0.175,0.004835260021628154,0.0004494941291494697,0.0008582892530440544,-inf,false,not converged
1.82,mixed_mesh_0.025,H,8,0.2,0.0064828006800181845,0.0004996283129885979,0.0008582892530440544,-inf,false,not converged
1.82,mixed_mesh_0.025,H,9,0.225,0.008516299616896539,0.000546306054498024,0.0008582892530440544,-inf,false,not converged
1.82,mixed_mesh_0.025,H,10,0.25,0.010963847595344816,0.0005895565873331766,0.0008582892530440544,-inf,false,not converged
1.82,mixed_mesh_0.025,H,11,0.275,0.013835161513943319,0.0006294122527789967,0.0008582892530440544,-inf,false,not converged
1.82,mixed_mesh_0.025,H,12,0.3,0.017116176597275913,0.0006659084034729102,0.0008582892530440544,-inf,false,not converged
1.82,mixed_mesh_0.025,H,13,0.325,0.02076486039620362,0.0006990832852561239,0.0008582892530440544,-inf,false,not converged
1.82,mixed_mesh_0.025,H,14,0.35,0.024709014823529794,0.0007289778952831909,0.0008582892530440544,-inf,false,not converged
1.82,mixed_mesh_0.025,H,15,0.375,0.02884669046801852,0.0007556358152783962,0.0008582892530440544,-inf,false,not converged
1.82,mixed_mesh_0.025,H,16,0.4,0.03304957165046491,0.0007791030197967976,0.0008582892530440544,-inf,false,not converged
1.82,mixed_mesh_0.025,H,17,0.425,0.03716933159398456,0.0007994276604672886,0.0008582892530440544,-inf,false,not converged
1.82,mixed_mesh_0.025,H,18,0.45,0.04104655733582116,0.0008166598283816748,0.0008582892530440544,-inf,false,not converged
1.82,mixed_mesh_0.025,H,19,0.475,0.04452146919525811,0.000830851297951473,0.0008582892530440544,-inf,false,not converged
1.82,mixed_mesh_0.025,H,20,0.5,0.047445375248940935,0.0008420552565860957,0.0008582892530440544,-inf,false,not converged
1.82,mixed_mesh_0.025,H,21,0.525,0.04969165912887817,0.0008503260253667193,0.0008582892530440544,-inf,false,not converged
1.82,mixed_mesh_0.025,H,22,0.55,0.051165126601748934,0.0008557187764347395,0.0008582892530440544,-inf,false,not converged
1.82,mixed_mesh_0.025,H,23,0.575,0.051808729528363365,0.0008582892530440544,0.0008582892530440544,-inf,false,not converged
1.82,mixed_mesh_0.025,H,24,0.6,0.05160701236215227,0.0008580934981337971,0.0008582892530440544,-inf,false,not converged
1.82,mixed_mesh_0.025,H,25,0.625,0.05058603168640629,0.0008551875968799347,0.0008582892530440544,-inf,false,not converged
1.82,mixed_mesh_0.025,H,26,0.65,0.048809918163013444,0.0008496274380204952,0.0008582892530440544,-inf,false,not converged
1.82,mixed_mesh_0.025,H,27,0.675,0.04637461962403275,0.0008414684978768402,0.0008582892530440544,-inf,false,not converged
1.82,mixed_mesh_0.025,H,28,0.7,0.04339963428082009,0.0008307656499775481,0.0008582892530440544,-inf,false,not converged
1.82,mixed_mesh_0.025,H,29,0.725,0.04001868542925617,0.000817573002102806,0.0008582892530440544,-inf,false,not converged
1.82,mixed_mesh_0.025,H,30,0.75,0.03637029827031392,0.0008019437614732589,0.0008582892530440544,-inf,false,not converged
1.82,mixed_mesh_0.025,H,31,0.775,0.03258913139825381,0.0007839301277707007,0.0008582892530440544,-inf,false,not converged
1.82,mixed_mesh_0.025,H,32,0.8,0.028798721378236213,0.0007635832127518109,0.0008582892530440544,-inf,false,not converged
1.82,mixed_mesh_0.025,H,33,0.825,0.025106057656977095,0.0007409529844418679,0.0008582892530440544,-inf,false,not converged
1.82,mixed_mesh_0.025,H,34,0.85,0.021598155975458992,0.0007160882333007539,0.0008582892530440544,-inf,false,not converged
1.82,mixed_mesh_0.025,H,35,0.875,0.018340574563952283,0.0006890365573520817,0.0008582892530440544,-inf,false,not converged
1.82,mixed_mesh_0.025,H,36,0.9,0.015377641797429826,0.0006598443630582776,0.0008582892530440544,-inf,false,not converged
1.82,mixed_mesh_0.025,H,37,0.925,0.0127340483841614,0.000628556878695577,0.0008582892530440544,-inf,false,not converged
1.82,mixed_mesh_0.025,H,38,0.95,0.010417402646173819,0.0005952181771108206,0.0008582892530440544,-inf,false,not converged
1.82,mixed_mesh_0.025,H,39,0.975,0.008421346803058177,0.000559871204994275,0.0008582892530440544,-inf,false,not converged
1.82,mixed_mesh_0.025,H,40,1.0,0.006728872892922951,0.0005225578161452069,0.0008582892530440544,-inf,false,not converged
1.82,mixed_mesh_0.025,L,0,-0.596237626211438,1.0,n/a,0.0,n/a,false,not converged
1.82,mixed_mesh_0.05,H,0,0.0,0.0006876362451225521,0.0,0.0008590554642930511,-inf,false,not converged
1.82,mixed_mesh_0.05,H,1,0.05,0.0016229087500624685,0.00014630104736045534,0.0008590554642930511,-inf,false,not converged
1.82,mixed_mesh_0.05,H,2,0.1,0.0035202513543959586,0.0002783470280868449,0.0008590554642930511,-inf,false,not converged
1.82,mixed_mesh_0.05,H,3,0.15,0.007022241094291002,0.0003962264466606737,0.0008590554642930511,-inf,false,not converged
1.82,mixed_mesh_0.05,H,4,0.2,0.012894649123598808,0.0005000813320463022,0.0008590554642930511,-inf,false,not converged
1.82,mixed_mesh_0.05,H,5,0.25,0.021822717570850678,0.0005901062596261053,0.0008590554642930511,-inf,false,not converged
1.82,mixed_mesh_0.05,H,6,0.3,0.034089764514266804,0.0006665466247935958,0.0008590554642930511,-inf,false,not converged
1.82,mixed_mesh_0.05,H,7,0.35,0.049239345939594885,0.0007296958449290319,0.0008590554642930511,-inf,false,not converged
1.82,mixed_mesh_0.05,H,8,0.4,0.06589102031893143,0.0007798911884990874,0.0008590554642930511,-inf,false,not converged
1.82,mixed_mesh_0.05,H,9,0.45,0.08186541353453963,0.0008175080606206506,0.0008590554642930511,-inf,false,not converged
1.82,mixed_mesh_0.05,H,10,0.5,0.0946535094397553,0.0008429528075078116,0.0008590554642930511,-inf,false,not converged
1.82,mixed_mesh_0.05,H,11,0.55,0.10209115390315907,0.0008566543829877701,0.0008590554642930511,-inf,false,not converged
1.82,mixed_mesh_0.05,H,12,0.6,0.10297762301543051,0.0008590554642930511,0.0008590554642930511,-inf,false,not converged
1.82,mixed_mesh_0.05,H,13,0.65,0.09738867798948217,0.0008506037350228101,0.0008590554642930511,-inf,false,not converged
1.82,mixed_mesh_0.05,H,14,0.7,0.08657586562264762,0.0008317440338868401,0.0008590554642930511,-inf,false,not converged
1.82,mixed_mesh_0.05,H,15,0.75,0.07252887603146976,0.000802911911461604,0.0008590554642930511,-inf,false,not converged
1.82,mixed_mesh_0.05,H,16,0.8,0.05740282904961326,0.0007645288937078824,0.0008590554642930511,-inf,false,not converged
1.82,mixed_mesh_0.05,H,17,0.85,0.04302455257742062,0.0007169994856121124,0.0008590554642930511,-inf,false,not converged
1.82,mixed_mesh_0.05,H,18,0.9,0.030610811001044683,0.0006607097209321358,0.0008590554642930511,-inf,false,not converged
1.82,mixed_mesh_0.05,H,19,0.95,0.020719510234216497,0.0005960269151465102,0.0008590554642930511,-inf,false,not converged
1.82,mixed_mesh_0.05,H,20,1.0,0.013370642690106228,0.0005233002226192433,0.0008590554642930511,-inf,false,not converged
1.82,mixed_mesh_0.05,L,0,-0.5956089635669417,1.0,n/a,0.0,n/a,false,not converged
1.825,mixed_mesh_0.025,H,0,0.0,0.00021324115245822828,0.0,0.0009479529320262931,-inf,false,not converged
1.825,mixed_mesh_0.025,H,1,0.025,0.0003407930113737898,8.012251545146609e-05,0.0009479529320262931,-inf,false,not converged
1.825,mixed_mesh_0.025,H,2,0.05,0.0005328403737954641,0.00015654242679252793,0.0009479529320262931,-inf,false,not converged
1.825,mixed_mesh_0.025,H,3,0.075,0.0008151065066364306,0.00022926599070112268,0.0009479529320262931,-inf,false,not converged
1.825,mixed_mesh_0.025,H,4,0.1,0.0012200425529034816,0.0002983028477387523,0.0009479529320262931,-inf,false,not converged
1.825,mixed_mesh_0.025,H,5,0.125,0.0017869813116838152,0.00036366601268691436,0.0009479529320262931,-inf,false,not converged
1.825,mixed_mesh_0.025,H,6,0.15,0.002561525988999427,0.0004253718603294556,0.0009479529320262931,-inf,false,not converged
1.825,mixed_mesh_0.025,H,7,0.175,0.0035939220630875277,0.00048344010531496586,0.0009479529320262931,-inf,false,not converged
1.825,mixed_mesh_0.025,H,8,0.2,0.004936225417005955,0.0005378937743631042,0.0009479529320262931,-inf,false,not converged
1.825,mixed_mesh_0.025,H,9,0.225,0.006638206205562027,0.0005887591687006215,0.0009479529320262931,-inf,false,not converged
1.825,mixed_mesh_0.025,H,10,0.25,0.008742111376162999,0.0006360658142680938,0.0009479529320262931,-inf,false,not converged
1.825,mixed_mesh_0.025,H,11,0.275,0.01127663032736395,0.0006798463969790655,0.0009479529320262931,-inf,false,not converged
1.825,mixed_mesh_0.025,H,12,0.3,0.014250634067310142,0.0007201366801973044,0.0009479529320262931,-inf,false,not converged
1.825,mixed_mesh_0.025,H,13,0.325,0.017647444079177173,0.0007569754016800859,0.0009479529320262931,-inf,false,not converged
1.825,mixed_mesh_0.025,H,14,0.35,0.02142048623876784,0.0007904041475599666,0.0009479529320262931,-inf,false,not converged
1.825,mixed_mesh_0.025,H,15,0.375,0.02549115935536957,0.000820467201525444,0.0009479529320262931,-inf,false,not converged
1.825,mixed_mesh_0.025,H,16,0.4,0.029749578286899486,0.000847211368205314,0.0009479529320262931,-inf,false,not converged
1.825,mixed_mesh_0.025,H,17,0.425,0.034058546213130474,0.0008706857708226622,0.0009479529320262931,-inf,false,not converged
1.825,mixed_mesh_0.025,H,18,0.45,0.038260706760852414,0.0008909416243914337,0.0009479529320262931,-inf,false,not converged
1.825,mixed_mesh_0.025,H,19,0.475,0.0421883857375607,0.0009080319869883714,0.0009479529320262931,-inf,false,not converged
1.825,mixed_mesh_0.025,H,20,0.5,0.045675228717987,0.0009220114928401666,0.0009479529320262931,-inf,false,not converged
1.825,mixed_mesh_0.025,H,21,0.525,0.048568446929573496,0.0009329360720168097,0.0009479529320262931,-inf,false,not converged
1.825,mixed_mesh_0.025,H,22,0.55,0.050740354484728765,0.000940862662328585,0.0009479529320262931,-inf,false,not converged
1.825,mixed_mesh_0.025,H,23,0.575,0.052097940298075594,0.0009458489195220601,0.0009479529320262931,-inf,false,not converged
1.825,mixed_mesh_0.025,H,24,0.6,0.052589458652694814,0.0009479529320262931,0.0009479529320262931,-inf,false,not converged
1.825,mixed_mesh_0.025,H,25,0.625,0.052207401809261,0.0009472329463118684,0.0009479529320262931,-inf,false,not converged
1.825,mixed_mesh_0.025,H,26,0.65,0.05098767188302651,0.0009437471084189717,0.0009479529320262931,-inf,false,not converged
1.825,mixed_mesh_0.025,H,27,0.675,0.04900522377918361,0.0009375532264349184,0.0009479529320262931,-inf,false,not converged
1.825,mixed_mesh_0.025,H,28,0.7,0.046366837848584294,0.0009287085577218187,0.0009479529320262931,-inf,false,not converged
1.825,mixed_mesh_0.025,H,29,0.725,0.043201949007241565,0.0009172696235839294,0.0009479529320262931,-inf,false,not converged
1.825,mixed_mesh_0.025,H,30,0.75,0.0396525819210098,0.0009032920528979985,0.0009479529320262931,-inf,false,not converged
1.825,mixed_mesh_0.025,H,31,0.775,0.03586341933515475,0.0008868304550801818,0.0009479529320262931,-inf,false,not converged
1.825,mixed_mesh_0.025,H,32,0.8,0.0319728852329043,0.0008679383216948465,0.0009479529320262931,-inf,false,not converged
1.825,mixed_mesh_0.025,H,33,0.825,0.02810589412612476,0.0008466679550771204,0.0009479529320262931,-inf,false,not converged
1.825,mixed_mesh_0.025,H,34,0.85,0.024368646832176846,0.000823070421582639,0.0009479529320262931,-inf,false,not converged
1.825,mixed_mesh_0.025,H,35,0.875,0.020845584115423553,0.0007971955265188985,0.0009479529320262931,-inf,false,not converged
1.825,mixed_mesh_0.025,H,36,0.9,0.017598376806038964,0.0007690918074636198,0.0009479529320262931,-inf,false,not converged
1.825,mixed_mesh_0.025,H,37,0.925,0.014666656717145546,0.0007388065425294084,0.0009479529320262931,-inf,false,not converged
1.825,mixed_mesh_0.025,H,38,0.95,0.012070086314784751,0.0007063857701735295,0.0009479529320262931,-inf,false,not converged
1.825,mixed_mesh_0.025,H,39,0.975,0.009811324763266197,0.0006718743173467039,0.0009479529320262931,-inf,false,not converged
1.825,mixed_mesh_0.025,H,40,1.0,0.007879463399512926,0.0006353158330900943,0.0009479529320262931,-inf,false,not converged
1.825,mixed_mesh_0.025,L,0,-0.6179166350544067,1.0,n/a,0.0,n/a,false,not converged
1.825,mixed_mesh_0.05,H,0,0.0,0.00042184304093820474,0.0,0.0009491569631655452,-inf,false,not converged
1.825,mixed_mesh_0.05,H,1,0.05,0.0010552248979477298,0.0001566921960454333,0.0009491569631655452,-inf,false,not converged
1.825,mixed_mesh_0.05,H,2,0.1,0.0024186520597316357,0.0002985961689871788,0.0009491569631655452,-inf,false,not converged
1.825,mixed_mesh_0.05,H,3,0.15,0.0050830785327312025,0.000425801669455795,0.0009491569631655452,-inf,false,not converged
1.825,mixed_mesh_0.05,H,4,0.2,0.009804557465164128,0.0005384521531642556,0.0009491569631655452,-inf,false,not converged
1.825,mixed_mesh_0.05,H,5,0.25,0.01737902847540784,0.0006367439889600869,0.0009491569631655452,-inf,false,not converged
1.825,mixed_mesh_0.05,H,6,0.3,0.028352170720717496,0.0007209250282402694,0.0009491569631655452,-inf,false,not converged
1.825,mixed_mesh_0.05,H,7,0.35,0.04264682969512199,0.0007912922159004493,0.0009491569631655452,-inf,false,not converged
1.825,mixed_mesh_0.05,H,8,0.4,0.05926542168769423,0.0008481879059097763,0.0009491569631655452,-inf,false,not converged
1.825,mixed_mesh_0.05,H,9,0.45,0.07625883115964668,0.000891994631785761,0.0009491569631655452,-inf,false,not converged
1.825,mixed_mesh_0.05,H,10,0.5,0.09107176886827338,0.0009231282880007661,0.0009491569631655452,-inf,false,not converged
1.825,mixed_mesh_0.05,H,11,0.55,0.10119706135420126,0.0009420299647528614,0.0009491569631655452,-inf,false,not converged
1.825,mixed_mesh_0.05,H,12,0.6,0.10489785221683709,0.0009491569631655452,0.0009491569631655452,-inf,false,not converged
1.825,mixed_mesh_0.05,H,13,0.65,0.10170116776785244,0.0009449737096646361,0.0009491569631655452,-inf,false,not converged
1.825,mixed_mesh_0.05,H,14,0.7,0.09246948415450504,0.0009299433280008564,0.0009491569631655452,-inf,false,not converged
1.825,mixed_mesh_0.05,H,15,0.75,0.07905490167804526,0.0009045205094964648,0.0009491569631655452,-inf,false,not converged
1.825,mixed_mesh_0.05,H,16,0.8,0.0637149847184039,0.0008691460885656525,0.0009491569631655452,-inf,false,not converged
1.825,mixed_mesh_0.05,H,17,0.85,0.048532282353683814,0.0008242434488604337,0.0009491569631655452,-inf,false,not converged
1.825,mixed_mesh_0.05,H,18,0.9,0.03502281602983198,0.00077021662438009,0.0009491569631655452,-inf,false,not converged
1.825,mixed_mesh_0.05,H,19,0.95,0.024000023366108333,0.0007074497716229242,0.0009491569631655452,-inf,false,not converged
1.825,mixed_mesh_0.05,H,20,1.0,0.0156520197571565,0.0006363075984431137,0.0009491569631655452,-inf,false,not converged
1.825,mixed_mesh_0.05,L,0,-0.6171703388685125,1.0,n/a,0.0,n/a,false,not converged
1.83,mixed_mesh_0.025,H,0,0.0,0.00012909377961384415,0.0,0.001040288325406341,-inf,false,not converged
1.83,mixed_mesh_0.025,H,1,0.025,0.00021246745834649854,8.537666757453327e-05,0.001040288325406341,-inf,false,not converged
1.83,mixed_mesh_0.025,H,2,0.05,0.00034185748730235845,0.00016692058138337708,0.001040288325406341,-inf,false,not converged
1.83,mixed_mesh_0.025,H,3,0.075,0.000537760436013301,0.0002446381635285834,0.001040288325406341,-inf,false,not converged
1.83,mixed_mesh_0.025,H,4,0.1,0.0008270995772612631,0.00031853922414559884,0.001040288325406341,-inf,false,not converged
1.83,mixed_mesh_0.025,H,5,0.125,0.0012439260164491166,0.00038863695350891065,0.001040288325406341,-inf,false,not converged
1.83,mixed_mesh_0.025,H,6,0.15,0.0018295742139995475,0.00045494791042231765,0.001040288325406341,-inf,false,not converged
1.83,mixed_mesh_0.025,H,7,0.175,0.0026319844776658457,0.0005174920057825693,0.001040288325406341,-inf,false,not converged
1.83,mixed_mesh_0.025,H,8,0.2,0.0037039190693128627,0.0005762924798477839,0.001040288325406341,-inf,false,not converged
1.83,mixed_mesh_0.025,H,9,0.225,0.005099872866815097,0.0006313758713488863,0.001040288325406341,-inf,false,not converged
1.83,mixed_mesh_0.025,H,10,0.25,0.0068716220444496575,0.0006827719761855191,0.001040288325406341,-inf,false,not converged
1.83,mixed_mesh_0.025,H,11,0.275,0.009062559388988305,0.0007305137930934385,0.001040288325406341,-inf,false,not converged
1.83,mixed_mesh_0.025,H,12,0.3,0.01170121012764661,0.0007746374534158057,0.001040288325406341,-inf,false,not converged
1.83,mixed_mesh_0.025,H,13,0.325,0.014794568489920612,0.0008151821320178864,0.001040288325406341,-inf,false,not converged
1.83,mixed_mesh_0.025,H,14,0.35,0.018322092379125375,0.0008521899365124246,0.001040288325406341,-inf,false,not converged
1.83,mixed_mesh_0.025,H,15,0.375,0.022231289695104347,0.0008857057723541846,0.001040288325406341,-inf,false,not converged
1.83,mixed_mesh_0.025,H,16,0.4,0.026435784153536878,0.0009157771820360924,0.001040288325406341,-inf,false,not converged
1.83,mixed_mesh_0.025,H,17,0.425,0.030816543001848738,0.0009424541575612129,0.001040288325406341,-inf,false,not converged
1.83,mixed_mesh_0.025,H,18,0.45,0.03522659709176307,0.0009657889265251834,0.001040288325406341,-inf,false,not converged
1.83,mixed_mesh_0.025,H,19,0.475,0.03949913108977938,0.0009858357134405731,0.001040288325406341,-inf,false,not converged
1.83,mixed_mesh_0.025,H,20,0.5,0.04345833978383242,0.0010026504792635654,0.001040288325406341,-inf,false,not converged
1.83,mixed_mesh_0.025,H,21,0.525,0.046932019243780675,0.0010162906433293407,0.001040288325406341,-inf,false,not converged
1.83,mixed_mesh_0.025,H,22,0.55,0.04976456740066939,0.0010268147929575425,0.001040288325406341,-inf,false,not converged
1.83,mixed_mesh_0.025,H,23,0.575,0.05182896336296458,0.0010342823867622152,0.001040288325406341,-inf,false,not converged
1.83,mixed_mesh_0.025,H,24,0.6,0.053036399752169484,0.0010387534581318605,0.001040288325406341,-inf,false,not converged
1.83,mixed_mesh_0.025,H,25,0.625,0.05334253977165526,0.001040288325406341,0.001040288325406341,-inf,false,not converged
1.83,mixed_mesh_0.025,H,26,0.65,0.05274980831380147,0.0010389473149763646,0.001040288325406341,-inf,false,not converged
1.83,mixed_mesh_0.025,H,27,0.675,0.05130562908517566,0.00103479050290293,0.001040288325406341,-inf,false,not converged
1.83,mixed_mesh_0.025,H,28,0.7,0.04909700557087827,0.0010278774797584395,0.001040288325406341,-inf,false,not converged
1.83,mixed_mesh_0.025,H,29,0.725,0.046242239991263895,0.0010182671423003414,0.001040288325406341,-inf,false,not converged
1.83,mixed_mesh_0.025,H,30,0.75,0.0428808404038795,0.0010060175143840056,0.001040288325406341,-inf,false,not converged
1.83,mixed_mesh_0.025,H,31,0.775,0.03916275958220814,0.000991185598283274,0.001040288325406341,-inf,false,not converged
1.83,mixed_mesh_0.025,H,32,0.8,0.03523804697732869,0.0009738272563917863,0.001040288325406341,-inf,false,not converged
1.83,mixed_mesh_0.025,H,33,0.825,0.03124780723285212,0.0009539971221902491,0.001040288325406341,-inf,false,not converged
1.83,mixed_mesh_0.025,H,34,0.85,0.027317090337671643,0.0009317485384380229,0.001040288325406341,-inf,false,not converged
1.83,mixed_mesh_0.025,H,35,0.875,0.023550039131958283,0.0009071335198186127,0.001040288325406341,-inf,false,not converged
1.83,mixed_mesh_0.025,H,36,0.9,0.020027334703682727,0.0008802027367597019,0.001040288325406341,-inf,false,not converged
1.83,mixed_mesh_0.025,H,37,0.925,0.016805743591788942,0.0008510055168621626,0.001040288325406341,-inf,false,not converged
1.83,mixed_mesh_0.025,H,38,0.95,0.013919403033396114,0.000819589860298963,0.001040288325406341,-inf,false,not converged
1.83,mixed_mesh_0.025,H,39,0.975,0.01138238807946687,0.00078600246565836,0.001040288325406341,-inf,false,not converged
1.83,mixed_mesh_0.025,H,40,1.0,0.00919208180463316,0.0007502887629717986,0.001040288325406341,-inf,false,not converged
1.83,mixed_mesh_0.025,L,0,-0.6389092437357687,1.0,n/a,0.0,n/a,false,not converged
1.83,mixed_mesh_0.05,H,0,0.0,0.00025475831301539225,0.0,0.0010404402141098237,-inf,false,not converged
1.83,mixed_mesh_0.05,H,1,0.05,0.0006755131488456189,0.0001670996445890195,0.0010404402141098237,-inf,false,not converged
1.83,mixed_mesh_0.05,H,2,0.1,0.001636404297661377,0.00031889011503585763,0.0010404402141098237,-inf,false,not converged
1.83,mixed_mesh_0.05,H,3,0.15,0.003624112113849481,0.00045546241852338805,0.0010404402141098237,-inf,false,not converged
1.83,mixed_mesh_0.05,H,4,0.2,0.007345178822112268,0.0005769614142298266,0.0010404402141098237,-inf,false,not converged
1.83,mixed_mesh_0.05,H,5,0.25,0.013641290971009714,0.0006835851653810262,0.0010404402141098237,-inf,false,not converged
1.83,mixed_mesh_0.05,H,6,0.3,0.02325110856520522,0.0007755837534674341,0.0010404402141098237,-inf,false,not converged
1.83,mixed_mesh_0.05,H,7,0.35,0.036438560578905904,0.0008532572506887819,0.0010404402141098237,-inf,false,not converged
1.83,mixed_mesh_0.05,H,8,0.4,0.05261425559002893,0.0009169524960026525,0.0010404402141098237,-inf,false,not converged
1.83,mixed_mesh_0.05,H,9,0.45,0.07015428928274452,0.0009670583621314947,0.0010404402141098237,-inf,false,not converged
1.83,mixed_mesh_0.05,H,10,0.5,0.08659081559358797,0.001003999368765978,0.0010404402141098237,-inf,false,not converged
1.83,mixed_mesh_0.05,H,11,0.55,0.09919116083798221,0.0010282277740971194,0.0010404402141098237,-inf,false,not converged
1.83,mixed_mesh_0.05,H,12,0.6,0.10573437913921653,0.0010402145898475434,0.0010404402141098237,-inf,false,not converged
1.83,mixed_mesh_0.05,H,13,0.65,0.10516835448185799,0.0010404402141098237,0.0010404402141098237,-inf,false,not converged
1.83,mixed_mesh_0.05,H,14,0.7,0.0978749849199152,0.0010293854806785845,0.0010404402141098237,-inf,false,not converged
1.83,mixed_mesh_0.05,H,15,0.75,0.08545979913232794,0.0010075238552407113,0.0010404402141098237,-inf,false,not converged
1.83,mixed_mesh_0.05,H,16,0.8,0.0701974952293577,0.0009753152967818431,0.0010404402141098237,-inf,false,not converged
1.83,mixed_mesh_0.05,H,17,0.85,0.054385861080804176,0.0009332020130511445,0.0010404402141098237,-inf,false,not converged
1.83,mixed_mesh_0.05,H,18,0.9,0.039842797818417736,0.0008816060480831521,0.0010404402141098237,-inf,false,not converged
1.83,mixed_mesh_0.05,H,19,0.95,0.02766687818701639,0.0008209284112668871,0.0010404402141098237,-inf,false,not converged
1.83,mixed_mesh_0.05,H,20,1.0,0.018252001896137893,0.0007515493283790538,0.0010404402141098237,-inf,false,not converged
1.83,mixed_mesh_0.05,L,0,-0.6380474565225915,1.0,n/a,0.0,n/a,false,not converged
1.831,mixed_mesh_0.025,H,0,0.0,0.00011655691406888834,0.0,0.0010590081649322815,-inf,false,not converged
1.831,mixed_mesh_0.025,H,1,0.025,0.00019296598279121236,8.642792105880814e-05,0.0010590081649322815,-inf,false,not converged
1.831,mixed_mesh_0.025,H,2,0.05,0.0003122666185207251,0.00016899740123311308,0.0010590081649322815,-inf,false,not converged
1.831,mixed_mesh_0.025,H,3,0.075,0.0004939673672176108,0.000247714896387273,0.0010590081649322815,-inf,false,not converged
1.831,mixed_mesh_0.025,H,4,0.1,0.0007638943095530302,0.0003225902512603326,0.0010590081649322815,-inf,false,not converged
1.831,mixed_mesh_0.025,H,5,0.125,0.0011549774743059434,0.000393636691850227,0.0010590081649322815,-inf,false,not converged
1.831,mixed_mesh_0.025,H,6,0.15,0.0017075373812569883,0.0004608708142261283,0.0010590081649322815,-inf,false,not converged
1.831,mixed_mesh_0.025,H,7,0.175,0.002468782360356491,0.000524312568706233,0.0010590081649322815,-inf,false,not converged
1.831,mixed_mesh_0.025,H,8,0.2,0.003491231692422658,0.0005839852379857981,0.0010590081649322815,-inf,false,not converged
1.831,mixed_mesh_0.025,H,9,0.225,0.004829842834139418,0.0006399154074073618,0.0010590081649322815,-inf,false,not converged
1.831,mixed_mesh_0.025,H,10,0.25,0.006537753216628004,0.0006921329251618133,0.0010590081649322815,-inf,false,not converged
1.831,mixed_mesh_0.025,H,11,0.275,0.00866074552673714,0.0007406708498398753,0.0010590081649322815,-inf,false,not converged
1.831,mixed_mesh_0.025,H,12,0.3,0.01123079022359529,0.0007855653824751013,0.0010590081649322815,-inf,false,not converged
1.831,mixed_mesh_0.025,H,13,0.325,0.014259273226298002,0.0008268557800944201,0.0010590081649322815,-inf,false,not converged
1.831,mixed_mesh_0.025,H,14,0.35,0.01773073029584681,0.0008645842478813368,0.0010590081649322815,-inf,false,not converged
1.831,mixed_mesh_0.025,H,15,0.375,0.021598029099168723,0.0008987958074074907,0.0010590081649322815,-inf,false,not converged
1.831,mixed_mesh_0.025,H,16,0.4,0.025779920635797718,0.0009295381390237167,0.0010590081649322815,-inf,false,not converged
1.831,mixed_mesh_0.025,H,17,0.425,0.030161700548625266,0.0009568613974135672,0.0010590081649322815,-inf,false,not converged
1.831,mixed_mesh_0.025,H,18,0.45,0.0345993856100586,0.0009808180004553576,0.0010590081649322815,-inf,false,not converged
1.831,mixed_mesh_0.025,H,19,0.475,0.03892736273875975,0.0010014623928349935,0.0010590081649322815,-inf,false,not converged
1.831,mixed_mesh_0.025,H,20,0.5,0.04296897675705438,0.0010188507871975293,0.0010590081649322815,-inf,false,not converged
1.831,mixed_mesh_0.025,H,21,0.525,0.04654907339735671,0.0010330408869049061,0.0010590081649322815,-inf,false,not converged
1.831,mixed_mesh_0.025,H,22,0.55,0.04950718800069601,0.0010440915955685862,0.0010590081649322815,-inf,false,not converged
1.831,mixed_mesh_0.025,H,23,0.575,0.051709929771183626,0.0010520627193536455,0.0010590081649322815,-inf,false,not converged
1.831,mixed_mesh_0.025,H,24,0.6,0.05306118428050283,0.001057014668538787,0.0010590081649322815,-inf,false,not converged
1.831,mixed_mesh_0.025,H,25,0.625,0.05350903129682198,0.0010590081649322815,0.0010590081649322815,-inf,false,not converged
1.831,mixed_mesh_0.025,H,26,0.65,0.05304870246900972,0.0010581039614889626,0.0010590081649322815,-inf,false,not converged
1.831,mixed_mesh_0.025,H,27,0.675,0.051721409920259614,0.001054362579880853,0.0010590081649322815,-inf,false,not converged
1.831,mixed_mesh_0.025,H,28,0.7,0.04960937876358305,0.0010478440709009579,0.0010590081649322815,-inf,false,not converged
1.831,mixed_mesh_0.025,H,29,0.725,0.04682783739248233,0.0010386078014989059,0.0010590081649322815,-inf,false,not converged
1.831,mixed_mesh_0.025,H,30,0.75,0.0435150032957393,0.001026712271039721,0.0010590081649322815,-inf,false,not converged
1.831,mixed_mesh_0.025,H,31,0.775,0.03982122192013409,0.0010122149581250402,0.0010590081649322815,-inf,false,not converged
1.831,mixed_mesh_0.025,H,32,0.8,0.03589837448080216,0.0009951721980975131,0.0010590081649322815,-inf,false,not converged
1.831,mixed_mesh_0.025,H,33,0.825,0.03189049549579487,0.0009756390902317495,0.0010590081649322815,-inf,false,not converged
1.831,mixed_mesh_0.025,H,34,0.85,0.027926276539111637,0.0009536694326544755,0.0010590081649322815,-inf,false,not converged
1.831,mixed_mesh_0.025,H,35,0.875,0.02411382976801481,0.0009293156822732726,0.0010590081649322815,-inf,false,not converged
1.831,mixed_mesh_0.025,H,36,0.9,0.02053779037265879,0.000902628936449705,0.0010590081649322815,-inf,false,not converged
1.831,mixed_mesh_0.025,H,37,0.925,0.017258588089434493,0.0008736589328366615,0.0010590081649322815,-inf,false,not converged
1.831,mixed_mesh_0.025,H,38,0.95,0.014313537150830386,0.0008424540636999822,0.0010590081649322815,-inf,false,not converged
1.831,mixed_mesh_0.025,H,39,0.975,0.011719289831009302,0.0008090614011390315,0.0010590081649322815,-inf,false,not converged
1.831,mixed_mesh_0.025,H,40,1.0,0.009475166951371529,0.0007735267298738628,0.0010590081649322815,-inf,false,not converged
1.831,mixed_mesh_0.025,L,0,-0.6430333482226773,1.0,n/a,0.0,n/a,false,not converged
1.831,mixed_mesh_0.05,H,0,0.0,0.0002299004041199875,0.0,0.0010596523845002002,-inf,false,not converged
1.831,mixed_mesh_0.05,H,1,0.05,0.0006167549179248379,0.00016918251701779222,0.0010596523845002002,-inf,false,not converged
1.831,mixed_mesh_0.05,H,2,0.1,0.001510717805136891,0.00032295304305043166,0.0010596523845002002,-inf,false,not converged
1.831,mixed_mesh_0.05,H,3,0.15,0.003381092950589764,0.00046140284133552477,0.0010596523845002002,-inf,false,not converged
1.831,mixed_mesh_0.05,H,4,0.2,0.006921049265444614,0.0005846770535277677,0.0010596523845002002,-inf,false,not converged
1.831,mixed_mesh_0.05,H,5,0.25,0.012974576402500897,0.0006929740761152754,0.0010596523845002002,-inf,false,not converged
1.831,mixed_mesh_0.05,H,6,0.3,0.0223103636618924,0.0007865444178271966,0.0010596523845002002,-inf,false,not converged
1.831,mixed_mesh_0.05,H,7,0.35,0.03525413563046005,0.0008656887384574426,0.0010596523845002002,-inf,false,not converged
1.831,mixed_mesh_0.05,H,8,0.4,0.05129827664202851,0.0009307547129489453,0.0010596523845002002,-inf,false,not converged
1.831,mixed_mesh_0.05,H,9,0.45,0.0688927172967975,0.0009821323976325798,0.0010596523845002002,-inf,false,not converged
1.831,mixed_mesh_0.05,H,10,0.5,0.08560226269492689,0.0010202479348530979,0.0010596523845002002,-inf,false,not converged
1.831,mixed_mesh_0.05,H,11,0.55,0.0986645997654142,0.001045555705452941,0.0010596523845002002,-inf,false,not converged
1.831,mixed_mesh_0.05,H,12,0.6,0.10577108605973547,0.0010585293556246902,0.0010596523845002002,-inf,false,not converged
1.831,mixed_mesh_0.05,H,13,0.65,0.10575305370362895,0.0010596523845002002,0.0010596523845002002,-inf,false,not converged
1.831,mixed_mesh_0.05,H,14,0.7,0.09888699826619259,0.0010494090965552007,0.0010596523845002002,-inf,false,not converged
1.831,mixed_mesh_0.05,H,15,0.75,0.08671608802699513,0.0010282766657209452,0.0010596523845002002,-inf,false,not converged
1.831,mixed_mesh_0.05,H,16,0.8,0.07150701827089706,0.000996718851833521,0.0010596523845002002,-inf,false,not converged
1.831,mixed_mesh_0.05,H,17,0.85,0.05559418992822887,0.0009551816201318619,0.0010596523845002002,-inf,false,not converged
1.831,mixed_mesh_0.05,H,18,0.9,0.04085494455956507,0.0009040906183283327,0.0010596523845002002,-inf,false,not converged
1.831,mixed_mesh_0.05,H,19,0.95,0.028447820399942023,0.0008438502292526413,0.0010596523845002002,-inf,false,not converged
1.831,mixed_mesh_0.05,H,20,1.0,0.01881235334757844,0.0007748437798266207,0.0010596523845002002,-inf,false,not converged
1.831,mixed_mesh_0.05,L,0,-0.6421484761015814,1.0,n/a,0.0,n/a,false,not converged
1.832,mixed_mesh_0.025,H,0,0.0,0.0001051767384486117,0.0,0.0010777618628425752,-inf,false,not converged
1.832,mixed_mesh_0.025,H,1,0.025,0.00017515341943379655,8.747925917828583e-05,0.0010777618628425752,-inf,false,not converged
1.832,mixed_mesh_0.025,H,2,0.05,0.0002850732051532741,0.00017107450023631158,0.0010777618628425752,-inf,false,not converged
1.832,mixed_mesh_0.025,H,3,0.075,0.00045348103698938914,0.00025079221309747836,0.0010777618628425752,-inf,false,not converged
1.832,mixed_mesh_0.025,H,4,0.1,0.0007051175721853665,0.00032664227740920653,0.0010777618628425752,-inf,false,not converged
1.832,mixed_mesh_0.025,H,5,0.125,0.0010717829170835058,0.0003986379551840012,0.0010777618628425752,-inf,false,not converged
1.832,mixed_mesh_0.025,H,6,0.15,0.0015927461578247356,0.0004667958800046528,0.0010777618628425752,-inf,false,not converged
1.832,mixed_mesh_0.025,H,7,0.175,0.002314410989302487,0.0005311360417783904,0.0010777618628425752,-inf,false,not converged
1.832,mixed_mesh_0.025,H,8,0.2,0.0032889427925271945,0.0005916817656778537,0.0010777618628425752,-inf,false,not converged
1.832,mixed_mesh_0.025,H,9,0.225,0.0045716146224864355,0.000648459683514996,0.0010777618628425752,-inf,false,not converged
1.832,mixed_mesh_0.025,H,10,0.25,0.006216751004079036,0.0007014996953856904,0.0010777618628425752,-inf,false,not converged
1.832,mixed_mesh_0.025,H,11,0.275,0.00827233913222493,0.0007508349190403609,0.0010777618628425752,-inf,false,not converged
1.832,mixed_mesh_0.025,H,12,0.3,0.010773620129760405,0.0007965016241350499,0.0010777618628425752,-inf,false,not converged
1.832,mixed_mesh_0.025,H,13,0.325,0.013736233533078962,0.0008385391483612106,0.0010777618628425752,-inf,false,not converged
1.832,mixed_mesh_0.025,H,14,0.35,0.017149716905397797,0.0008769897925036043,0.0010777618628425752,-inf,false,not converged
1.832,mixed_mesh_0.025,H,15,0.375,0.020972304528962572,0.0009118986917851374,0.0010777618628425752,-inf,false,not converged
1.832,mixed_mesh_0.025,H,16,0.4,0.02512797635306982,0.0009433136614537731,0.0010777618628425752,-inf,false,not converged
1.832,mixed_mesh_0.025,H,17,0.425,0.029506552598779684,0.0009712850154462455,0.0010777618628425752,-inf,false,not converged
1.832,mixed_mesh_0.025,H,18,0.45,0.03396731281386262,0.0009958653580869406,0.0010777618628425752,-inf,false,not converged
1.832,mixed_mesh_0.025,H,19,0.475,0.0383461773486327,0.00101710935007286,0.0010777618628425752,-inf,false,not converged
1.832,mixed_mesh_0.025,H,20,0.5,0.04246599108470114,0.00103507345135561,0.0010777618628425752,-inf,false,not converged
1.832,mixed_mesh_0.025,H,21,0.525,0.04614897881544753,0.001049815644842092,0.0010777618628425752,-inf,false,not converged
1.832,mixed_mesh_0.025,H,22,0.55,0.04923008455124905,0.001061395145981808,0.0010777618628425752,-inf,false,not converged
1.832,mixed_mesh_0.025,H,23,0.575,0.051569730787951955,0.001069872104190673,0.0010777618628425752,-inf,false,not converged
1.832,mixed_mesh_0.025,H,24,0.6,0.05306457310142171,0.0010753073026065693,0.0010777618628425752,-inf,false,not converged
1.832,mixed_mesh_0.025,H,25,0.625,0.053655074657861505,0.0010777618628425752,0.0010777618628425752,-inf,false,not converged
1.832,mixed_mesh_0.025,H,26,0.65,0.05332914018020499,0.0010772969611969555,0.0010777618628425752,-inf,false,not converged
1.832,mixed_mesh_0.025,H,27,0.675,0.05212155712787558,0.0010739735622242747,0.0010777618628425752,-inf,false,not converged
1.832,mixed_mesh_0.025,H,28,0.7,0.050109508377649666,0.0010678521747235718,0.0010777618628425752,-inf,false,not converged
1.832,mixed_mesh_0.025,H,29,0.725,0.04740486533152514,0.0010589926341305275,0.0010777618628425752,-inf,false,not converged
1.832,mixed_mesh_0.025,H,30,0.75,0.04414428231660505,0.0010474539140917713,0.0010777618628425752,-inf,false,not converged
1.832,mixed_mesh_0.025,H,31,0.775,0.040478260070440246,0.0010332939687351123,0.0010777618628425752,-inf,false,not converged
1.832,mixed_mesh_0.025,H,32,0.8,0.03656032648611788,0.0010165696059085995,0.0010777618628425752,-inf,false,not converged
1.832,mixed_mesh_0.025,H,33,0.825,0.032537321827465285,0.000997336390514917,0.0010777618628425752,-inf,false,not converged
1.832,mixed_mesh_0.025,H,34,0.85,0.028541516762608053,0.000975648576073667,0.0010777618628425752,-inf,false,not converged
1.832,mixed_mesh_0.025,H,35,0.875,0.024684986048640632,0.0009515590618451066,0.0010777618628425752,-inf,false,not converged
1.832,mixed_mesh_0.025,H,36,0.9,0.021056357636320303,0.000925119372271483,0.0010777618628425752,-inf,false,not converged
1.832,mixed_mesh_0.025,H,37,0.925,0.017719795727211822,0.0008963796551441743,0.0010777618628425752,-inf,false,not converged
1.832,mixed_mesh_0.025,H,38,0.95,0.014715882267883335,0.0008653886947790172,0.0010777618628425752,-inf,false,not converged
1.832,mixed_mesh_0.025,H,39,0.975,0.012063944930750551,0.0008321939365560568,0.0010777618628425752,-inf,false,not converged
1.832,mixed_mesh_0.025,H,40,1.0,0.009765338110785384,0.0007968415194195659,0.0010777618628425752,-inf,false,not converged
1.832,mixed_mesh_0.025,L,0,-0.6471341107159998,1.0,n/a,0.0,n/a,false,not converged
1.832,mixed_mesh_0.05,H,0,0.0,0.00020734651636497066,0.0,0.0010789016949422792,-inf,false,not converged
1.832,mixed_mesh_0.05,H,1,0.05,0.0005627798938064209,0.00017126573878415807,0.0010789016949422792,-inf,false,not converged
1.832,mixed_mesh_0.05,H,2,0.1,0.001393881001188008,0.00032701710974866044,0.0010789016949422792,-inf,false,not converged
1.832,mixed_mesh_0.05,H,3,0.15,0.0031525766073467374,0.00046734563438387495,0.0010789016949422792,-inf,false,not converged
1.832,mixed_mesh_0.05,H,4,0.2,0.0065177686648535535,0.0005923967382295914,0.0010789016949422792,-inf,false,not converged
1.832,mixed_mesh_0.05,H,5,0.25,0.012333707365601873,0.0007023691503061837,0.0010789016949422792,-inf,false,not converged
1.832,mixed_mesh_0.05,H,6,0.3,0.02139629456903092,0.0007975138018816571,0.0010789016949422792,-inf,false,not converged
1.832,mixed_mesh_0.05,H,7,0.35,0.03409062143257249,0.0008781319296889845,0.0010789016949422792,-inf,false,not converged
1.832,mixed_mesh_0.05,H,8,0.4,0.049990327414738,0.000944572026534014,0.0010789016949422792,-inf,false,not converged
1.832,mixed_mesh_0.05,H,9,0.45,0.06762151572704785,0.0009972253064555354,0.0010789016949422792,-inf,false,not converged
1.832,mixed_mesh_0.05,H,10,0.5,0.08458639486529558,0.0010365195021375256,0.0010789016949422792,-inf,false,not converged
1.832,mixed_mesh_0.05,H,11,0.55,0.09809833114483443,0.0010629110812989603,0.0010789016949422792,-inf,false,not converged
1.832,mixed_mesh_0.05,H,12,0.6,0.10576457109903609,0.0010768762892361724,0.0010789016949422792,-inf,false,not converged
1.832,mixed_mesh_0.05,H,13,0.65,0.10630029147771208,0.0010789016949422792,0.0010789016949422792,-inf,false,not converged
1.832,mixed_mesh_0.05,H,14,0.7,0.09987392211083335,0.0010694750493390158,0.0010789016949422792,-inf,false,not converged
1.832,mixed_mesh_0.05,H,15,0.75,0.08796200865784548,0.0010490772184806943,0.0010789016949422792,-inf,false,not converged
1.832,mixed_mesh_0.05,H,16,0.8,0.07281922931769208,0.0010181757545581586,0.0010789016949422792,-inf,false,not converged
1.832,mixed_mesh_0.05,H,17,0.85,0.05681412626115257,0.00097722037762207,0.0010789016949422792,-inf,false,not converged
1.832,mixed_mesh_0.05,H,18,0.9,0.04188288418202977,0.0009266403396551472,0.0010789016949422792,-inf,false,not converged
1.832,mixed_mesh_0.05,H,19,0.95,0.029244828122301687,0.000866843398129296,0.0010789016949422792,-inf,false,not converged
1.832,mixed_mesh_0.05,H,20,1.0,0.01938659356871606,0.0007982159806442651,0.0010789016949422792,-inf,false,not converged
1.832,mixed_mesh_0.05,L,0,-0.6462261358200307,1.0,n/a,0.0,n/a,false,not converged
1.833,mixed_mesh_0.025,H,0,0.0,9.485347599907954e-05,0.0,0.0010965483725775618,-inf,false,not converged
1.833,mixed_mesh_0.025,H,1,0.025,0.00015889452369146213,8.853065729462419e-05,0.0010965483725775618,-inf,false,not converged
1.833,mixed_mesh_0.025,H,2,0.05,0.00026010007310787504,0.00017315182722979906,0.0010965483725775618,-inf,false,not converged
1.833,mixed_mesh_0.025,H,3,0.075,0.0004160775391790209,0.0002538700341138537,0.0010965483725775618,-inf,false,not converged
1.833,mixed_mesh_0.025,H,4,0.1,0.0006504970620666282,0.00033069519283802657,0.0010965483725775618,-inf,false,not converged
1.833,mixed_mesh_0.025,H,5,0.125,0.0009940247331434345,0.00040364060175403357,0.0010965483725775618,-inf,false,not converged
1.833,mixed_mesh_0.025,H,6,0.15,0.0014848469597088542,0.0004727229322444514,0.0010965483725775618,-inf,false,not converged
1.833,mixed_mesh_0.025,H,7,0.175,0.0021684974278542617,0.0005379622140172305,0.0010965483725775618,-inf,false,not converged
1.833,mixed_mesh_0.025,H,8,0.2,0.0030966841953462775,0.0005993818148146632,0.0010965483725775618,-inf,false,not converged
1.833,mixed_mesh_0.025,H,9,0.225,0.004324855504386666,0.0006570084128375547,0.0010965483725775618,-inf,false,not converged
1.833,mixed_mesh_0.025,H,10,0.25,0.005908353145065071,0.0007108719597729964,0.0010965483725775618,-inf,false,not converged
1.833,mixed_mesh_0.025,H,11,0.275,0.00789718427158797,0.0007610056319198102,0.0010965483725775618,-inf,false,not converged
1.833,mixed_mesh_0.025,H,12,0.3,0.01032968252054265,0.0008074457665838532,0.0010965483725775618,-inf,false,not converged
1.833,mixed_mesh_0.025,H,13,0.325,0.01322559461413265,0.0008502317807292615,0.0010965483725775618,-inf,false,not converged
1.833,mixed_mesh_0.025,H,14,0.35,0.016579371135448575,0.0008894060688855211,0.0010965483725775618,-inf,false,not converged
1.833,mixed_mesh_0.025,H,15,0.375,0.020354603953022504,0.0009250138775786475,0.0010965483725775618,-inf,false,not converged
1.833,mixed_mesh_0.025,H,16,0.4,0.02448058650740043,0.0009571031541107788,0.0010965483725775618,-inf,false,not converged
1.833,mixed_mesh_0.025,H,17,0.425,0.028851843717552852,0.0009857243683583147,0.0010965483725775618,-inf,false,not converged
1.833,mixed_mesh_0.025,H,18,0.45,0.033331182083389095,0.00101093030736037,0.0010965483725775618,-inf,false,not converged
1.833,mixed_mesh_0.025,H,19,0.475,0.0377563791923625,0.0010327758437555807,0.0010965483725775618,-inf,false,not converged
1.833,mixed_mesh_0.025,H,20,0.5,0.041950129097021706,0.0010513176804968858,0.0010965483725775618,-inf,false,not converged
1.833,mixed_mesh_0.025,H,21,0.525,0.045732370777236485,0.0010666140756136703,0.0010965483725775618,-inf,false,not converged
1.833,mixed_mesh_0.025,H,22,0.55,0.04893373971498398,0.0010787245519803985,0.0010965483725775618,-inf,false,not converged
1.833,mixed_mesh_0.025,H,23,0.575,0.05140867058725081,0.0010877095979862327,0.0010965483725775618,-inf,false,not converged
1.833,mixed_mesh_0.025,H,24,0.6,0.053046683678243195,0.00109363036560323,0.0010965483725775618,-inf,false,not converged
1.833,mixed_mesh_0.025,H,25,0.625,0.053780609660127536,0.0010965483725775618,0.0010965483725775618,-inf,false,not converged
1.833,mixed_mesh_0.025,H,26,0.65,0.05359090745894325,0.0010965252153113045,0.0010965483725775618,-inf,false,not converged
1.833,mixed_mesh_0.025,H,27,0.675,0.05250573759806997,0.0010936222984867378,0.0010965483725775618,-inf,false,not converged
1.833,mixed_mesh_0.025,H,28,0.7,0.05059698284044812,0.0010879005866641749,0.0010965483725775618,-inf,false,not converged
1.833,mixed_mesh_0.025,H,29,0.725,0.04797287553016991,0.0010794203820285054,0.0010965483725775618,-inf,false,not converged
1.833,mixed_mesh_0.025,H,30,0.75,0.04476823103525484,0.0010682411312516633,0.0010965483725775618,-inf,false,not converged
1.833,mixed_mesh_0.025,H,31,0.775,0.041133461542615844,0.0010544212631624864,0.0010965483725775618,-inf,false,not converged
1.833,mixed_mesh_0.025,H,32,0.8,0.03722354810471479,0.0010380180576535503,0.0010965483725775618,-inf,false,not converged
1.833,mixed_mesh_0.025,H,33,0.825,0.03318800348614848,0.0010190875450798408,0.0010965483725775618,-inf,false,not converged
1.833,mixed_mesh_0.025,H,34,0.85,0.029162606276539133,0.0009976844343766236,0.0010965483725775618,-inf,false,not converged
1.833,mixed_mesh_0.025,H,35,0.875,0.0252633797001414,0.0009738620672897075,0.0010965483725775618,-inf,false,not converged
1.833,mixed_mesh_0.025,H,36,0.9,0.021582977474911842,0.0009476723954988213,0.0010965483725775618,-inf,false,not converged
1.833,mixed_mesh_0.025,H,37,0.925,0.01818936582296304,0.0009191659770346715,0.0010965483725775618,-inf,false,not converged
1.833,mixed_mesh_0.025,H,38,0.95,0.015126483260925503,0.0008883919882371714,0.0010965483725775618,-inf,false,not converged
1.833,mixed_mesh_0.025,H,39,0.975,0.012416430744779383,0.0008553982475544217,0.0010965483725775618,-inf,false,not converged
1.833,mixed_mesh_0.025,H,40,1.0,0.010062692973523068,0.0008202312477072655,0.0010965483725775618,-inf,false,not converged
1.833,mixed_mesh_0.025,L,0,-0.6512121536525082,1.0,n/a,0.0,n/a,false,not converged
1.833,mixed_mesh_0.05,H,0,0.0,0.0001868970090219273,0.0,0.001098187047538269,-inf,false,not converged
1.833,mixed_mesh_0.05,H,1,0.05,0.0005132329491785068,0.0001733492602679406,0.001098187047538269,-inf,false,not converged
1.833,mixed_mesh_0.05,H,2,0.1,0.00128534709492556,0.00033108220820797767,0.001098187047538269,-inf,false,not converged
1.833,mixed_mesh_0.05,H,3,0.15,0.002937851706220004,0.00047329062601518014,0.001098187047538269,-inf,false,not converged
1.833,mixed_mesh_0.05,H,4,0.2,0.0061345945956630225,0.0006001202248522453,0.001098187047538269,-inf,false,not converged
1.833,mixed_mesh_0.05,H,5,0.25,0.011718153053531058,0.000711770066000479,0.001098187047538269,-inf,false,not converged
1.833,mixed_mesh_0.05,H,6,0.3,0.020508863403583846,0.0008084914991980238,0.001098187047538269,-inf,false,not converged
1.833,mixed_mesh_0.05,H,7,0.35,0.032948659462985766,0.0008905863282690375,0.001098187047538269,-inf,false,not converged
1.833,mixed_mesh_0.05,H,8,0.4,0.048691691158811626,0.0009584038466863617,0.001098187047538269,-inf,false,not converged
1.833,mixed_mesh_0.05,H,9,0.45,0.06634231257744393,0.0010123364012279146,0.001098187047538269,-inf,false,not converged
1.833,mixed_mesh_0.05,H,10,0.5,0.08354473011906846,0.0010528132834012917,0.001098187047538269,-inf,false,not converged
1.833,mixed_mesh_0.05,H,11,0.55,0.09749334362540787,0.0010802930125820565,0.001098187047538269,-inf,false,not converged
1.833,mixed_mesh_0.05,H,12,0.6,0.1057150850222357,0.0010952543980681448,0.001098187047538269,-inf,false,not converged
1.833,mixed_mesh_0.05,H,13,0.65,0.10680964537342849,0.001098187047538269,0.001098187047538269,-inf,false,not converged
1.833,mixed_mesh_0.05,H,14,0.7,0.10083492884930456,0.0010895821339525404,0.001098187047538269,-inf,false,not converged
1.833,mixed_mesh_0.05,H,15,0.75,0.08919665616029432,0.0010699241991291991,0.001098187047538269,-inf,false,not converged
1.833,mixed_mesh_0.05,H,16,0.8,0.07413340227148037,0.0010396845789135828,0.001098187047538269,-inf,false,not converged
1.833,mixed_mesh_0.05,H,17,0.85,0.058045242863632794,0.0009993167453816246,0.001098187047538269,-inf,false,not converged
1.833,mixed_mesh_0.05,H,18,0.9,0.04292648153668238,0.0009492535553852731,0.001098187047538269,-inf,false,not converged
1.833,mixed_mesh_0.05,H,19,0.95,0.030057975900082155,0.0008899061423397713,0.001098187047538269,-inf,false,not converged
1.833,mixed_mesh_0.05,H,20,1.0,0.01997490526701773,0.0008216640342016308,0.001098187047538269,-inf,false,not converged
1.833,mixed_mesh_0.05,L,0,-0.6502810570041286,1.0,n/a,0.0,n/a,false,not converged
1.834,mixed_mesh_0.025,H,0,0.0,8.549517826326843e-05,0.0,0.001115787692416841,-inf,false,not converged
1.834,mixed_mesh_0.025,H,1,0.025,0.0001440637004049532,8.958209240220237e-05,0.001115787692416841,-inf,false,not converged
1.834,mixed_mesh_0.025,H,2,0.05,0.00023718139615884566,0.00017522933441852678,0.001115787692416841,-inf,false,not converged
1.834,mixed_mesh_0.025,H,3,0.075,0.0003815456128086719,0.00025694828509445575,0.001115787692416841,-inf,false,not converged
1.834,mixed_mesh_0.025,H,4,0.1,0.0005997736820305129,0.00033474889492825623,0.001115787692416841,-inf,false,not converged
1.834,mixed_mesh_0.025,H,5,0.125,0.0009213979879810983,0.000408644498965926,0.001115787692416841,-inf,false,not converged
1.834,mixed_mesh_0.025,H,6,0.15,0.0013834969500766319,0.00047865180671063153,0.001115787692416841,-inf,false,not converged
1.834,mixed_mesh_0.025,H,7,0.175,0.0020306759568393517,0.0005447908879232426,0.001115787692416841,-inf,false,not converged
1.834,mixed_mesh_0.025,H,8,0.2,0.00291408980123819,0.000607085153056154,0.001115787692416841,-inf,false,not converged
1.834,mixed_mesh_0.025,H,9,0.225,0.004089228298139341,0.0006655613266759565,0.001115787692416841,-inf,false,not converged
1.834,mixed_mesh_0.025,H,10,0.25,0.005612285497978905,0.0007202494118153146,0.001115787692416841,-inf,false,not converged
1.834,mixed_mesh_0.025,H,11,0.275,0.007535105534392639,0.0007711826427896753,0.001115787692416841,-inf,false,not converged
1.834,mixed_mesh_0.025,H,12,0.3,0.009898933710537709,0.0008183974236728843,0.001115787692416841,-inf,false,not converged
1.834,mixed_mesh_0.025,H,13,0.325,0.012727470064695906,0.0008619332494109932,0.001115787692416841,-inf,false,not converged
1.834,mixed_mesh_0.025,H,14,0.35,0.01601997749996307,0.0009018326065309175,0.001115787692416841,-inf,false,not converged
1.834,mixed_mesh_0.025,H,15,0.375,0.019745381116994674,0.0009381408506278673,0.001115787692416841,-inf,false,not converged
1.834,mixed_mesh_0.025,H,16,0.4,0.023838355447078078,0.0009709060583305406,0.001115787692416841,-inf,false,not converged
1.834,mixed_mesh_0.025,H,17,0.425,0.028198293923069478,0.0010001788522535707,0.001115787692416841,-inf,false,not converged
1.834,mixed_mesh_0.025,H,18,0.45,0.032691780851570325,0.0010260121985238221,0.001115787692416841,-inf,false,not converged
1.834,mixed_mesh_0.025,H,19,0.475,0.037158766532358715,0.0010484611777446702,0.001115787692416841,-inf,false,not converged
1.834,mixed_mesh_0.025,H,20,0.5,0.04142214126530694,0.0010675827316426415,0.001115787692416841,-inf,false,not converged
1.834,mixed_mesh_0.025,H,21,0.525,0.045299897953926756,0.001083435389007301,0.001115787692416841,-inf,false,not converged
1.834,mixed_mesh_0.025,H,22,0.55,0.04861865695281761,0.0010960789757667958,0.001115787692416841,-inf,false,not converged
1.834,mixed_mesh_0.025,H,23,0.575,0.051227079057222374,0.001105574315029667,0.001115787692416841,-inf,false,not converged
1.834,mixed_mesh_0.025,H,24,0.6,0.053007661335761576,0.0011119829235841545,0.001115787692416841,-inf,false,not converged
1.834,mixed_mesh_0.025,H,25,0.625,0.05388560344172779,0.0011153667116306429,0.001115787692416841,-inf,false,not converged
1.834,mixed_mesh_0.025,H,26,0.65,0.0538338148525145,0.001115787692416841,0.001115787692416841,-inf,false,not converged
1.834,mixed_mesh_0.025,H,27,0.675,0.05287363831664958,0.0011133077079716648,0.001115787692416841,-inf,false,not converged
1.834,mixed_mesh_0.025,H,28,0.7,0.05107140531813097,0.00110798817634143,0.001115787692416841,-inf,false,not converged
1.834,mixed_mesh_0.025,H,29,0.725,0.04853142888785812,0.0010998898646920243,0.001115787692416841,-inf,false,not converged
1.834,mixed_mesh_0.025,H,30,0.75,0.04538640704050768,0.0010890726914350723,0.001115787692416841,-inf,false,not converged
1.834,mixed_mesh_0.025,H,31,0.775,0.041786413554906185,0.0010755955592503964,0.001115787692416841,-inf,false,not converged
1.834,mixed_mesh_0.025,H,32,0.8,0.0378876809459874,0.0010595162195955674,0.001115787692416841,-inf,false,not converged
1.834,mixed_mesh_0.025,H,33,0.825,0.03384225219121431,0.0010408911680904603,0.001115787692416841,-inf,false,not converged
1.834,mixed_mesh_0.025,H,34,0.85,0.029789333871715007,0.0010197755691045592,0.001115787692416841,-inf,false,not converged
1.834,mixed_mesh_0.025,H,35,0.875,0.025848875950705404,0.0009962232070047095,0.001115787692416841,-inf,false,not converged
1.834,mixed_mesh_0.025,H,36,0.9,0.022117585031561967,0.0009702864608734166,0.001115787692416841,-inf,false,not converged
1.834,mixed_mesh_0.025,H,37,0.925,0.018667292950240416,0.0009420162990946106,0.001115787692416841,-inf,false,not converged
1.834,mixed_mesh_0.025,H,38,0.95,0.01554538155728618,0.0009114622900221435,0.001115787692416841,-inf,false,not converged
1.834,mixed_mesh_0.025,H,39,0.975,0.012776822500341385,0.0008786726249762483,0.001115787692416841,-inf,false,not converged
1.834,mixed_mesh_0.025,H,40,1.0,0.010367328281037484,0.0008436941500224344,0.001115787692416841,-inf,false,not converged
1.834,mixed_mesh_0.025,L,0,-0.6552680524050274,1.0,n/a,0.0,n/a,false,not converged
1.834,mixed_mesh_0.05,H,0,0.0,0.00016836797490042183,0.0,0.0011175075505689917,-inf,false,not converged
1.834,mixed_mesh_0.05,H,1,0.05,0.00046778180779131627,0.00017543304200994718,0.0011175075505689917,-inf,false,not converged
1.834,mixed_mesh_0.05,H,2,0.1,0.001184595942045181,0.00033514825297937005,0.0011175075505689917,-inf,false,not converged
1.834,mixed_mesh_0.05,H,3,0.15,0.0027362286064649194,0.0004792376784587835,0.0011175075505689917,-inf,false,not converged
1.834,mixed_mesh_0.05,H,4,0.2,0.005770788863570146,0.0006078473172430295,0.0011175075505689917,-inf,false,not converged
1.834,mixed_mesh_0.05,H,5,0.25,0.011127358588493183,0.0007211765630004349,0.0011175075505689917,-inf,false,not converged
1.834,mixed_mesh_0.05,H,6,0.3,0.019647978684102205,0.0008194771804383646,0.0011175075505689917,-inf,false,not converged
1.834,mixed_mesh_0.05,H,7,0.35,0.03182882094474723,0.0009030515313703177,0.0011175075505689917,-inf,false,not converged
1.834,mixed_mesh_0.05,H,8,0.4,0.04740358771103016,0.0009722496936131458,0.0011175075505689917,-inf,false,not converged
1.834,mixed_mesh_0.05,H,9,0.45,0.06505670239821966,0.0010274651226055299,0.0011175075505689917,-inf,false,not converged
1.834,mixed_mesh_0.05,H,10,0.5,0.08247879372481944,0.0010691286379344769,0.0011175075505689917,-inf,false,not converged
1.834,mixed_mesh_0.05,H,11,0.55,0.09685066712372899,0.0010977007759500421,0.0011175075505689917,-inf,false,not converged
1.834,mixed_mesh_0.05,H,12,0.6,0.10562293459747936,0.00111366287510185,0.0011175075505689917,-inf,false,not converged
1.834,mixed_mesh_0.05,H,13,0.65,0.10728074266996555,0.0011175075505689917,0.0011175075505689917,-inf,false,not converged
1.834,mixed_mesh_0.05,H,14,0.7,0.10176922108398713,0.0011097293727537968,0.0011175075505689917,-inf,false,not converged
1.834,mixed_mesh_0.05,H,15,0.75,0.0904191343462294,0.0010908165426202765,0.0011175075505689917,-inf,false,not converged
1.834,mixed_mesh_0.05,H,16,0.8,0.07544880449478972,0.0010612441707375034,0.0011175075505689917,-inf,false,not converged
1.834,mixed_mesh_0.05,H,17,0.85,0.0592870998541574,0.0010214694782835938,0.0011175075505689917,-inf,false,not converged
1.834,mixed_mesh_0.05,H,18,0.9,0.043985589944750665,0.0009719289275566326,0.0011175075505689917,-inf,false,not converged
1.834,mixed_mesh_0.05,H,19,0.95,0.030887331419212818,0.0009130370292895346,0.0011175075505689917,-inf,false,not converged
1.834,mixed_mesh_0.05,H,20,1.0,0.02057746921951515,0.0008451864115964457,0.0011175075505689917,-inf,false,not converged
1.834,mixed_mesh_0.05,L,0,-0.6543137337082461,1.0,n/a,0.0,n/a,false,not converged
1.835,mixed_mesh_0.025,H,0,0.0,7.701720634998388e-05,0.0,0.001135083484303039,-inf,false,not converged
1.835,mixed_mesh_0.025,H,1,0.025,0.00013054445566786064,9.0633544270831e-05,0.001135083484303039,-inf,false,not converged
1.835,mixed_mesh_0.025,H,2,0.05,0.00021616217057543227,0.0001773069797500529,0.001135083484303039,-inf,false,not converged
1.835,mixed_mesh_0.025,H,3,0.075,0.0003496862109169383,0.000260026900594855,0.001135083484303039,-inf,false,not converged
1.835,mixed_mesh_0.025,H,4,0.1,0.0005527012899995472,0.00033880329329741493,0.001135083484303039,-inf,false,not converged
1.835,mixed_mesh_0.025,H,5,0.125,0.0008536104454225736,0.0004136495299793151,0.001135083484303039,-inf,false,not converged
1.835,mixed_mesh_0.025,H,6,0.15,0.0012883644165989259,0.00048458235861533784,0.001135083484303039,-inf,false,not converged
1.835,mixed_mesh_0.025,H,7,0.175,0.0019005888688492414,0.0005516218893073513,0.001135083484303039,-inf,false,not converged
1.835,mixed_mesh_0.025,H,8,0.2,0.0027407968184854615,0.0006147915754015831,0.001135083484303039,-inf,false,not converged
1.835,mixed_mesh_0.025,H,9,0.225,0.0038643930117067886,0.0006741181878596771,0.001135083484303039,-inf,false,not converged
1.835,mixed_mesh_0.025,H,10,0.25,0.005328264012401027,0.0007296317808770337,0.001135083484303039,-inf,false,not converged
1.835,mixed_mesh_0.025,H,11,0.275,0.007185910198164272,0.0007813656463280345,0.001135083484303039,-inf,false,not converged
1.835,mixed_mesh_0.025,H,12,0.3,0.009481305843311107,0.0008293562542581153,0.001135083484303039,-inf,false,not converged
1.835,mixed_mesh_0.025,H,13,0.325,0.01224194390245143,0.0008736431764003903,0.001135083484303039,-inf,false,not converged
1.835,mixed_mesh_0.025,H,14,0.35,0.015471787804927436,0.000914268989636334,0.001135083484303039,-inf,false,not converged
1.835,mixed_mesh_0.025,H,15,0.375,0.019145056796595998,0.0009512791565064304,0.001135083484303039,-inf,false,not converged
1.835,mixed_mesh_0.025,H,16,0.4,0.02320185739915384,0.0009847218803501253,0.001135083484303039,-inf,false,not converged
1.835,mixed_mesh_0.025,H,17,0.425,0.027546598899431413,0.0010146479334281044,0.001135083484303039,-inf,false,not converged
1.835,mixed_mesh_0.025,H,18,0.45,0.03204988036392087,0.001041110457430357,0.001135083484303039,-inf,false,not converged
1.835,mixed_mesh_0.025,H,19,0.475,0.03655413104346942,0.0010641647370393525,0.001135083484303039,-inf,false,not converged
1.835,mixed_mesh_0.025,H,20,0.5,0.04088278143138163,0.0010838679486042217,0.001135083484303039,-inf,false,not converged
1.835,mixed_mesh_0.025,H,21,0.525,0.0448522215888618,0.0011002788873722292,0.001135083484303039,-inf,false,not converged
1.835,mixed_mesh_0.025,H,22,0.55,0.048285359775588566,0.001113457677995736,0.001135083484303039,-inf,false,not converged
1.835,mixed_mesh_0.025,H,23,0.575,0.05102531120379271,0.0011234654740724936,0.001135083484303039,-inf,false,not converged
1.835,mixed_mesh_0.025,H,24,0.6,0.05294767884784336,0.0011303641531959282,0.001135083484303039,-inf,false,not converged
1.835,mixed_mesh_0.025,H,25,0.625,0.053970050230482604,0.0011342160143340916,0.001135083484303039,-inf,false,not converged
1.835,mixed_mesh_0.025,H,26,0.65,0.054057697318915285,0.001135083484303039,0.001135083484303039,-inf,false,not converged
1.835,mixed_mesh_0.025,H,27,0.675,0.053224966285020194,0.0011330288396698834,0.001135083484303039,-inf,false,not converged
1.835,mixed_mesh_0.025,H,28,0.7,0.05153239360183783,0.0011281139496596253,0.001135083484303039,-inf,false,not converged
1.835,mixed_mesh_0.025,H,29,0.725,0.04908009526512221,0.001120400044617666,0.001135083484303039,-inf,false,not converged
1.835,mixed_mesh_0.025,H,30,0.75,0.045998371572739935,0.001109947513378104,0.001135083484303039,-inf,false,not converged
1.835,mixed_mesh_0.025,H,31,0.775,0.04243670249027309,0.0010968157315943434,0.001135083484303039,-inf,false,not converged
1.835,mixed_mesh_0.025,H,32,0.8,0.03855236239989523,0.0010810629217879592,0.001135083484303039,-inf,false,not converged
1.835,mixed_mesh_0.025,H,33,0.825,0.034499773256665256,0.0010627460446419011,0.001135083484303039,-inf,false,not converged
1.835,mixed_mesh_0.025,H,34,0.85,0.03042148088582526,0.0010419207199712614,0.001135083484303039,-inf,false,not converged
1.835,mixed_mesh_0.025,H,35,0.875,0.026441332493918362,0.001018641174899266,0.001135083484303039,-inf,false,not converged
1.835,mixed_mesh_0.025,H,36,0.9,0.02266010856413562,0.0009929602160824134,0.001135083484303039,-inf,false,not converged
1.835,mixed_mesh_0.025,H,37,0.925,0.019153565923103962,0.0009649292223822166,0.001135083484303039,-inf,false,not converged
1.835,mixed_mesh_0.025,H,38,0.95,0.01597261418903149,0.0009345981541697863,0.001135083484303039,-inf,false,not converged
1.835,mixed_mesh_0.025,H,39,0.975,0.013145192434101357,0.0009020155754561193,0.001135083484303039,-inf,false,not converged
1.835,mixed_mesh_0.025,H,40,1.0,0.01067933908306472,0.0008672286852333157,0.001135083484303039,-inf,false,not converged
1.835,mixed_mesh_0.025,L,0,-0.6593023039022259,1.0,n/a,0.0,n/a,false,not converged
1.835,mixed_mesh_0.05,H,0,0.0,0.00015159018394337882,0.0,0.0011368622289031401,-inf,false,not converged
1.835,mixed_mesh_0.05,H,1,0.05,0.0004261159596073202,0.00017751704018215218,0.0011368622289031401,-inf,false,not converged
1.835,mixed_mesh_0.05,H,2,0.1,0.0010911334888916364,0.000339215149511365,0.0011368622289031401,-inf,false,not converged
1.835,mixed_mesh_0.05,H,3,0.15,0.0025470400800881097,0.0004851866397561251,0.0011368622289031401,-inf,false,not converged
1.835,mixed_mesh_0.05,H,4,0.2,0.005425619861146945,0.0006155777996322059,0.0011368622289031401,-inf,false,not converged
1.835,mixed_mesh_0.05,H,5,0.25,0.010560748813631142,0.0007305883557207167,0.0011368622289031401,-inf,false,not converged
1.835,mixed_mesh_0.05,H,6,0.3,0.018813499509991418,0.0008304704847626118,0.0011368622289031401,-inf,false,not converged
1.835,mixed_mesh_0.05,H,7,0.35,0.03073161001666998,0.0009155270982012156,0.0011368622289031401,-inf,false,not converged
1.835,mixed_mesh_0.05,H,8,0.4,0.04612717470887642,0.0009861090427479326,0.0011368622289031401,-inf,false,not converged
1.835,mixed_mesh_0.05,H,9,0.45,0.06376624560917708,0.0010426108593235422,0.0011368622289031401,-inf,false,not converged
1.835,mixed_mesh_0.05,H,10,0.5,0.08139011659629579,0.0010854648656412266,0.0011368622289031401,-inf,false,not converged
1.835,mixed_mesh_0.05,H,11,0.55,0.09617137143843638,0.0011151335809083934,0.0011368622289031401,-inf,false,not converged
1.835,mixed_mesh_0.05,H,12,0.6,0.10548848206043074,0.001132100838158472,0.0011368622289031401,-inf,false,not converged
1.835,mixed_mesh_0.05,H,13,0.65,0.10771326051646869,0.0011368622289031401,0.0011368622289031401,-inf,false,not converged
1.835,mixed_mesh_0.05,H,14,0.7,0.10267603183795136,0.001129915696222842,0.0011368622289031401,-inf,false,not converged
1.835,mixed_mesh_0.05,H,15,0.75,0.09162855535299293,0.0011117530833631324,0.0011368622289031401,-inf,false,not converged
1.835,mixed_mesh_0.05,H,16,0.8,0.07676469565095842,0.0010828532664622012,0.0011368622289031401,-inf,false,not converged
1.835,mixed_mesh_0.05,H,17,0.85,0.06053924288283185,0.0010436772127432187,0.0011368622289031401,-inf,false,not converged
1.835,mixed_mesh_0.05,H,18,0.9,0.04506004914069342,0.0009946649905067974,0.0011368622289031401,-inf,false,not converged
1.835,mixed_mesh_0.05,H,19,0.95,0.03173295357747097,0.000936234489253368,0.0011368622289031401,-inf,false,not converged
1.835,mixed_mesh_0.05,H,20,1.0,0.021194462713445928,0.000868781437181998,0.0011368622289031401,-inf,false,not converged
1.835,mixed_mesh_0.05,L,0,-0.6583247023220278,1.0,n/a,0.0,n/a,false,not converged
1.84,mixed_mesh_0.025,H,0,0.9,3.141659039278898e-07,0.020001116976858323,0.0026800458741510456,-0.0033398892914041044,false,not converged
1.84,mixed_mesh_0.025,H,1,0.925,1.2750374035265784e-05,0.020665011823722976,0.0026800458741510456,-0.0033398892914041044,false,not converged
1.84,mixed_mesh_0.025,H,2,0.95,0.0005293348980338998,0.021332966358832434,0.0026800458741510456,-0.0033398892914041044,false,not converged
1.84,mixed_mesh_0.025,H,3,0.975,0.02248178702677209,0.022005004072254124,0.0026800458741510456,-0.0033398892914041044,false,not converged
1.84,mixed_mesh_0.025,H,4,1.0,0.9769758135352548,0.02268116285100937,0.0026800458741510456,-0.0033398892914041044,false,not converged
1.84,mixed_mesh_0.025,L,0,-1.0,1.0,n/a,0.0,n/a,false,not converged
1.84,mixed_mesh_0.05,H,0,0.9,2.3778573377429364e-07,0.019995775079750956,0.002679244126764669,-0.0039945004378376635,false,not converged
1.84,mixed_mesh_0.05,H,1,0.95,0.0004652718641529592,0.021327233570216615,0.002679244126764669,-0.0039945004378376635,false,not converged
1.84,mixed_mesh_0.05,H,2,1.0,0.9995344903501133,0.022675019206515625,0.002679244126764669,-0.0039945004378376635,false,not converged
1.84,mixed_mesh_0.05,L,0,-1.0,1.0,n/a,0.0,n/a,false,not converged
1.845,mixed_mesh_0.025,H,0,0.925,4.571457625620777e-06,0.02101484560195395,0.0020479434585435087,-0.002722354995008402,false,not converged
1.845,mixed_mesh_0.025,H,1,0.95,0.0002671061301287505,0.02169335711825331,0.0020479434585435087,-0.002722354995008402,false,not converged
1.845,mixed_mesh_0.025,H,2,0.975,0.016005655312752096,0.022375992176731845,0.0020479434585435087,-0.002722354995008402,false,not converged
1.845,mixed_mesh_0.025,H,3,1.0,0.9837226670994935,0.023062789060497458,0.0020479434585435087,-0.002722354995008402,false,not converged
1.845,mixed_mesh_0.025,L,0,-1.0,1.0,n/a,0.0,n/a,false,not converged
1.845,mixed_mesh_0.05,H,0,0.95,0.00027617519504285055,0.0216892690776849,0.0013691389985712177,-0.002721783349799115,false,not converged
1.845,mixed_mesh_0.05,H,1,1.0,0.9997238248049571,0.02305840807625612,0.0013691389985712177,-0.002721783349799115,false,not converged
1.845,mixed_mesh_0.05,L,0,-1.0,1.0,n/a,0.0,n/a,false,not converged
1.85,mixed_mesh_0.025,H,0,0.925,3.7875807023992033e-06,0.021366792529842596,0.002079962932416999,-0.002764963888749885,false,not converged
1.85,mixed_mesh_0.025,H,1,0.95,0.0002356560665984054,0.022055935231473058,0.002079962932416999,-0.002764963888749885,false,not converged
1.85,mixed_mesh_0.025,H,2,0.975,0.015039872756095436,0.022749243355160997,0.002079962932416999,-0.002764963888749885,false,not converged
1.85,mixed_mesh_0.025,H,3,1.0,0.9847206835966038,0.023446755462259595,0.002079962932416999,-0.002764963888749885,false,not converged
1.85,mixed_mesh_0.025,L,0,-1.0,1.0,n/a,0.0,n/a,false,not converged
1.85,mixed_mesh_0.05,H,0,0.95,0.00024340322647861852,0.022052057945972082,0.0013905424282406875,-0.002764421787060451,false,not converged
1.85,mixed_mesh_0.05,H,1,1.0,0.9997565967735214,0.02344260037421277,0.0013905424282406875,-0.002764421787060451,false,not converged
1.85,mixed_mesh_0.05,L,0,-1.0,1.0,n/a,0.0,n/a,false,not converged
1.855,mixed_mesh_0.025,H,0,0.925,3.1376607460511017e-06,0.021719395646535404,0.0021120493994554145,-0.002807661752287558,false,not converged
1.855,mixed_mesh_0.025,H,1,0.95,0.00020788162635493166,0.02241919168813165,0.0021120493994554145,-0.002807661752287558,false,not converged
1.855,mixed_mesh_0.025,H,2,0.975,0.014130937290990953,0.02312319520873186,0.0021120493994554145,-0.002807661752287558,false,not converged
1.855,mixed_mesh_0.025,H,3,1.0,0.985658043421908,0.02383144504599082,0.0021120493994554145,-0.002807661752287558,false,not converged
1.855,mixed_mesh_0.025,L,0,-1.0,1.0,n/a,0.0,n/a,false,not converged
1.855,mixed_mesh_0.05,H,0,0.95,0.00021450275345385615,0.022415514882811998,0.0014119899561040802,-0.002807147749688762,false,not converged
1.855,mixed_mesh_0.05,H,1,1.0,0.9997854972465462,0.02382750483891608,0.0014119899561040802,-0.002807147749688762,false,not converged
1.855,mixed_mesh_0.05,L,0,-1.0,1.0,n/a,0.0,n/a,false,not converged
1.86,mixed_mesh_0.025,H,0,0.925,2.598475559518338e-06,0.022072647033848425,0.002144202163307494,-0.002850447659259136,false,not converged
1.86,mixed_mesh_0.025,H,1,0.95,0.0001833395104949376,0.02278311833898249,0.002144202163307494,-0.002850447659259136,false,not converged
1.86,mixed_mesh_0.025,H,2,0.975,0.013275035094433077,0.02349783935605759,0.002144202163307494,-0.002850447659259136,false,not converged
1.86,mixed_mesh_0.025,H,3,1.0,0.9865390269195125,0.02421684919715592,0.002144202163307494,-0.002850447659259136,false,not converged
1.86,mixed_mesh_0.025,L,0,-1.0,1.0,n/a,0.0,n/a,false,not converged
1.86,mixed_mesh_0.05,H,0,0.95,0.00018900187337875606,0.022779632353326616,0.001433481161196841,-0.002849960397801315,false,not converged
1.86,mixed_mesh_0.05,H,1,1.0,0.9998109981266212,0.024213113514523456,0.001433481161196841,-0.002849960397801315,false,not converged
1.86,mixed_mesh_0.05,L,0,-1.0,1.0,n/a,0.0,n/a,false,not converged
1.865,mixed_mesh_0.025,H,0,0.925,2.1508055155200397e-06,0.022426538811039544,0.0021764205300740073,-0.002893320686627985,false,not converged
1.865,mixed_mesh_0.025,H,1,0.95,0.00016163398360939164,0.023147707073067594,0.0021764205300740073,-0.002893320686627985,false,not converged
1.865,mixed_mesh_0.025,H,2,0.975,0.012468264773537309,0.023873167454857406,0.0021764205300740073,-0.002893320686627985,false,not converged
1.865,mixed_mesh_0.025,H,3,1.0,0.9873679504373378,0.02460295934111355,0.0021764205300740073,-0.002893320686627985,false,not converged
1.865,mixed_mesh_0.025,L,0,-1.0,1.0,n/a,0.0,n/a,false,not converged
1.865,mixed_mesh_0.05,H,0,0.95,0.00016647556085381017,0.02314440291511372,0.0014550156280157753,-0.002892858902365663,false,not converged
1.865,mixed_mesh_0.05,H,1,1.0,0.9998335244391462,0.024599418543129494,0.0014550156280157753,-0.002892858902365663,false,not converged
1.865,mixed_mesh_0.05,L,0,-1.0,1.0,n/a,0.0,n/a,false,not converged
1.87,mixed_mesh_0.025,H,0,0.925,1.7774315626294188e-06,0.022781062346554165,0.0022087037217163215,-0.002936279800637275,false,not converged
1.87,mixed_mesh_0.025,H,1,0.95,0.00014234235924688327,0.02351294900130661,0.0022087037217163215,-0.002936279800637275,false,not converged
1.87,mixed_mesh_0.025,H,2,0.975,0.011703745583389272,0.024249170356662086,0.0022087037217163215,-0.002936279800637275,false,not converged
1.87,mixed_mesh_0.025,H,3,1.0,0.9881521346258012,0.024989766068270487,0.0022087037217163215,-0.002936279800637275,false,not converged
1.87,mixed_mesh_0.025,L,0,-1.0,1.0,n/a,0.0,n/a,false,not converged
1.87,mixed_mesh_0.05,H,0,0.95,0.00014648172896540077,0.02350981918386159,0.0014765929440818254,-0.002935842440431779,false,not converged
1.87,mixed_mesh_0.05,H,1,1.0,0.9998535182710346,0.024986412127943416,0.0014765929440818254,-0.002935842440431779,false,not converged
1.87,mixed_mesh_0.05,L,0,-1.0,1.0,n/a,0.0,n/a,false,not converged
1.875,mixed_mesh_0.025,H,0,0.925,1.468219186395667e-06,0.02313621163659648,0.002241051247348424,-0.0029793243458147607,false,not converged
1.875,mixed_mesh_0.025,H,1,0.95,0.00012531383459397132,0.023878837955795203,0.002241051247348424,-0.0029793243458147607,false,not converged
1.875,mixed_mesh_0.025,H,2,0.975,0.010984105267948017,0.02462584172996062,0.002241051247348424,-0.0029793243458147607,false,not converged
1.875,mixed_mesh_0.025,H,3,1.0,0.9888891126782716,0.025377262883944905,0.002241051247348424,-0.0029793243458147607,false,not converged
1.875,mixed_mesh_0.025,L,0,-1.0,1.0,n/a,0.0,n/a,false,not converged
1.875,mixed_mesh_0.05,H,0,0.95,0.00012885474107117304,0.02387587399135965,0.001498212711223093,-0.002978910217192283,false,not converged
1.875,mixed_mesh_0.05,H,1,1.0,0.9998711452589288,0.025374086702582743,0.001498212711223093,-0.002978910217192283,false,not converged
1.875,mixed_mesh_0.05,L,0,-1.0,1.0,n/a,0.0,n/a,false,not converged
1.88,mixed_mesh_0.025,H,0,0.925,1.2122667672821366e-06,0.023491979375120327,0.0022734624713339723,-0.003022453476138342,false,not converged
1.88,mixed_mesh_0.025,H,1,0.95,0.00011028836501933957,0.02424536641935859,0.0022734624713339723,-0.003022453476138342,false,not converged
1.88,mixed_mesh_0.025,H,2,0.975,0.010306881987109115,0.02500317384568729,0.0022734624713339723,-0.003022453476138342,false,not converged
1.88,mixed_mesh_0.025,H,3,1.0,0.9895816173811042,0.0257654418464543,0.0022734624713339723,-0.003022453476138342,false,not converged
1.88,mixed_mesh_0.025,L,0,-1.0,1.0,n/a,0.0,n/a,false,not converged
1.88,mixed_mesh_0.05,H,0,0.95,0.0001133189528724876,0.0242425601793062,0.0015198745308828698,-0.003022061437252175,false,not converged
1.88,mixed_mesh_0.05,H,1,1.0,0.9998866810471275,0.02576243471018907,0.0015198745308828698,-0.003022061437252175,false,not converged
1.88,mixed_mesh_0.05,L,0,-1.0,1.0,n/a,0.0,n/a,false,not converged
1.885,mixed_mesh_0.025,H,0,0.925,1.0005015444053873e-06,0.023848358348546803,0.0023059367666084622,-0.0030656663569658994,false,not converged
1.885,mixed_mesh_0.025,H,1,0.95,9.703503447174425e-05,0.024612526970122475,0.0023059367666084622,-0.0030656663569658994,false,not converged
1.885,mixed_mesh_0.025,H,2,0.975,0.009669733290982438,0.0253811590729353,0.0023059367666084622,-0.0030656663569658994,false,not converged
1.885,mixed_mesh_0.025,H,3,1.0,0.9902322311730014,0.026154295115155265,0.0023059367666084622,-0.0030656663569658994,false,not converged
1.885,mixed_mesh_0.025,L,0,-1.0,1.0,n/a,0.0,n/a,false,not converged
1.885,mixed_mesh_0.05,H,0,0.95,9.963029238428714e-05,0.024609870673930886,0.001541578009457166,-0.003065295315063169,false,not converged
1.885,mixed_mesh_0.05,H,1,1.0,0.9999003697076156,0.026151448683388052,0.001541578009457166,-0.003065295315063169,false,not converged
1.885,mixed_mesh_0.05,L,0,-1.0,1.0,n/a,0.0,n/a,false,not converged
1.89,mixed_mesh_0.025,H,0,0.925,8.253773240377352e-07,0.024205341433809126,0.0023384735144849657,-0.0031089621647781944,false,not converged
1.89,mixed_mesh_0.025,H,1,0.95,8.534890462430725e-05,0.02498031227949404,0.0023384735144849657,-0.0031089621647781944,false,not converged
1.89,mixed_mesh_0.025,H,2,0.975,0.009070432240332665,0.025759789876872826,0.0023384735144849657,-0.0031089621647781944,false,not converged
1.89,mixed_mesh_0.025,H,3,1.0,0.990843393477719,0.02654381494829409,0.0023384735144849657,-0.0031089621647781944,false,not converged
1.89,mixed_mesh_0.025,L,0,-1.0,1.0,n/a,0.0,n/a,false,not converged
1.89,mixed_mesh_0.05,H,0,0.95,8.757259670931051e-05,0.024977798483724088,0.0015633227581467873,-0.0031086110746326966,false,not converged
1.89,mixed_mesh_0.05,H,1,1.0,0.9999124274032907,0.026541121241870875,0.0015633227581467873,-0.0031086110746326966,false,not converged
1.89,mixed_mesh_0.05,L,0,-1.0,1.0,n/a,0.0,n/a,false,not converged
1.895,mixed_mesh_0.025,H,0,0.925,6.806209531210814e-07,0.024562921596119565,0.002371072104429061,-0.003152340086881162,false,not converged
1.895,mixed_mesh_0.025,H,1,0.95,7.504816532970502e-05,0.025348715109854942,0.002371072104429061,-0.003152340086881162,false,not converged
1.895,mixed_mesh_0.025,H,2,0.975,0.008506862202996516,0.026139058816360913,0.002371072104429061,-0.003152340086881162,false,not converged
1.895,mixed_mesh_0.025,H,3,1.0,0.9914174090107206,0.026933993700548626,0.002371072104429061,-0.003152340086881162,false,not converged
1.895,mixed_mesh_0.025,L,0,-1.0,1.0,n/a,0.0,n/a,false,not converged
1.895,mixed_mesh_0.05,H,0,0.95,7.695452311933754e-05,0.025346336697402865,0.0015851083928264606,-0.003152007949265543,false,not converged
1.895,mixed_mesh_0.05,H,1,1.0,0.9999230454768806,0.026931445090229326,0.0015851083928264606,-0.003152007949265543,false,not converged
1.895,mixed_mesh_0.05,L,0,-1.0,1.0,n/a,0.0,n/a,false,not converged
1.9,mixed_mesh_0.025,H,0,0.925,5.610205944081958e-07,0.024921091887152844,0.0024037319338792544,-0.0031957993211681295,false,not converged
1.9,mixed_mesh_0.025,H,1,0.95,6.59716086889661e-05,0.02571772831268569,0.0024037319338792544,-0.0031957993211681295,false,not converged
1.9,mixed_mesh_0.025,H,2,0.975,0.007977012895731455,0.026518958542017943,0.0024037319338792544,-0.0031957993211681295,false,not converged
1.9,mixed_mesh_0.025,H,3,1.0,0.9919564544749851,0.027324823821032098,0.0024037319338792544,-0.0031957993211681295,false,not converged
1.9,mixed_mesh_0.025,L,0,-1.0,1.0,n/a,0.0,n/a,false,not converged
1.9,mixed_mesh_0.05,H,0,0.95,6.760677663326845e-05,0.025715478481985608,0.0016069345339213004,-0.0031954851813203143,false,not converged
1.9,mixed_mesh_0.05,H,1,1.0,0.9999323932233667,0.027322413015906908,0.0016069345339213004,-0.0031954851813203143,false,not converged
1.9,mixed_mesh_0.05,L,0,-1.0,1.0,n/a,0.0,n/a,false,not converged
1.905,mixed_mesh_0.025,H,0,0.925,4.622490220403189e-07,0.02527984544387679,0.0024364524081381643,-0.0032393390759753414,false,not converged
1.905,mixed_mesh_0.025,H,1,0.95,5.797639925719453e-05,0.026087344827360217,0.0024364524081381643,-0.0032393390759753414,false,not converged
1.905,mixed_mesh_0.025,H,2,0.975,0.007478978469826422,0.026899481794977916,0.0024364524081381643,-0.0032393390759753414,false,not converged
1.905,mixed_mesh_0.025,H,3,1.0,0.9924625828818944,0.027716297852014956,0.0024364524081381643,-0.0032393390759753414,false,not converged
1.905,mixed_mesh_0.025,L,0,-1.0,1.0,n/a,0.0,n/a,false,not converged
1.905,mixed_mesh_0.05,H,0,0.95,5.937965230496626e-05,0.026085217080984196,0.0016288008062915263,-0.003239042021982056,false,not converged
1.905,mixed_mesh_0.05,H,1,1.0,0.999940620347695,0.027714017887275722,0.0016288008062915263,-0.003239042021982056,false,not converged
1.905,mixed_mesh_0.05,L,0,-1.0,1.0,n/a,0.0,n/a,false,not converged
1.91,mixed_mesh_0.025,H,0,0.925,3.8071430616760207e-07,0.025639175485150566,0.00246923294001836,-0.0032829585696142645,false,not converged
1.91,mixed_mesh_0.025,H,1,0.95,5.0935948502865435e-05,0.02645755767762831,0.00246923294001836,-0.0032829585696142645,false,not converged
1.91,mixed_mesh_0.025,H,2,0.975,0.007010947500253695,0.02728062140325466,0.00246923294001836,-0.0032829585696142645,false,not converged
1.91,mixed_mesh_0.025,H,3,1.0,0.9929377358369373,0.028108408425168926,0.00246923294001836,-0.0032829585696142645,false,not converged
1.91,mixed_mesh_0.025,L,0,-1.0,1.0,n/a,0.0,n/a,false,not converged
1.91,mixed_mesh_0.05,H,0,0.95,5.214078593844921e-05,0.026455545812662417,0.0016507068391218363,-0.0032826777310437615,false,not converged
1.91,mixed_mesh_0.05,H,1,1.0,0.9999478592140616,0.028106252651784253,0.0016507068391218363,-0.0032826777310437615,false,not converged
1.91,mixed_mesh_0.05,L,0,-1.0,1.0,n/a,0.0,n/a,false,not converged
1.915,mixed_mesh_0.025,H,0,0.925,3.134372491046948e-07,0.025999075311173424,0.002502072949801034,-0.0033266570303159514,false,not converged
1.915,mixed_mesh_0.025,H,1,0.95,4.473817939360399e-05,0.026828359971050358,0.002502072949801034,-0.0033266570303159514,false,not converged
1.915,mixed_mesh_0.025,H,2,0.975,0.006571202962330315,0.02766237028116283,0.002502072949801034,-0.0033266570303159514,false,not converged
1.915,mixed_mesh_0.025,H,3,1.0,0.993383745421027,0.028501148260974458,0.002502072949801034,-0.0033266570303159514,false,not converged
1.915,mixed_mesh_0.025,L,0,-1.0,1.0,n/a,0.0,n/a,false,not converged
1.915,mixed_mesh_0.05,H,0,0.95,4.577318573083206e-05,0.02682645806840882,0.0016726522658186069,-0.0033263915767034365,false,not converged
1.915,mixed_mesh_0.05,H,1,1.0,0.9999542268142692,0.028499110334227428,0.0016726522658186069,-0.0033263915767034365,false,not converged
1.915,mixed_mesh_0.05,L,0,-1.0,1.0,n/a,0.0,n/a,false,not converged
1.92,mixed_mesh_0.025,H,0,0.925,2.579482368221741e-07,0.026359538302084297,0.0025349718651008733,-0.0033704336960521004,false,not converged
1.92,mixed_mesh_0.025,H,1,0.95,3.9283916548280065e-05,0.027199744897552332,0.0025349718651008733,-0.0033704336960521004,false,not converged
1.92,mixed_mesh_0.025,H,2,0.975,0.006158118987323978,0.02804472142782775,0.0025349718651008733,-0.0033704336960521004,false,not converged
1.92,mixed_mesh_0.025,H,3,1.0,0.993802339147891,0.02889451016718517,0.0025349718651008733,-0.0033704336960521004,false,not converged
1.92,mixed_mesh_0.025,L,0,-1.0,1.0,n/a,0.0,n/a,false,not converged
1.92,mixed_mesh_0.05,H,0,0.95,4.017348068501228e-05,0.02719794731119529,0.0016946367239131302,-0.003370182835372968,false,not converged
1.92,mixed_mesh_0.05,H,1,1.0,0.999959826519315,0.02889258403510842,0.0016946367239131302,-0.003370182835372968,false,not converged
1.92,mixed_mesh_0.05,L,0,-1.0,1.0,n/a,0.0,n/a,false,not converged
1.925,mixed_mesh_0.025,H,0,0.925,2.122009778415573e-07,0.0267205579161384,0.0025679291206845804,-0.0034142878142947204,false,not converged
1.925,mixed_mesh_0.025,H,1,0.95,3.448542670867663e-05,0.02757170572754281,0.0025679291206845804,-0.0034142878142947204,false,not converged
1.925,mixed_mesh_0.025,H,2,0.975,0.005770156031933278,0.028427667925241967,0.0025679291206845804,-0.0034142878142947204,false,not converged
1.925,mixed_mesh_0.025,H,3,1.0,0.9941951463403802,0.02928848703682298,0.0025679291206845804,-0.0034142878142947204,false,not converged
1.925,mixed_mesh_0.025,L,0,-1.0,1.0,n/a,0.0,n/a,false,not converged
1.925,mixed_mesh_0.05,H,0,0.95,3.525040347312565e-05,0.027570007074138956,0.0017166598549720469,-0.0034140507915009256,false,not converged
1.925,mixed_mesh_0.05,H,1,1.0,0.9999647495965269,0.029286666929111003,0.0017166598549720469,-0.0034140507915009256,false,not converged
1.925,mixed_mesh_0.05,L,0,-1.0,1.0,n/a,0.0,n/a,false,not converged
1.93,mixed_mesh_0.025,H,0,0.925,1.7450076937125633e-07,0.027082127688144997,0.002600944158317537,-0.003458218641813237,false,not converged
1.93,mixed_mesh_0.025,H,1,0.95,3.0265129316062442e-05,0.02794423581030032,0.002600944158317537,-0.003458218641813237,false,not converged
1.93,mixed_mesh_0.025,H,2,0.975,0.005405856888694082,0.028811202936601363,0.002600944158317537,-0.003458218641813237,false,not converged
1.93,mixed_mesh_0.025,H,3,1.0,0.9945637034812205,0.029683071846462534,0.002600944158317537,-0.003458218641813237,false,not converged
1.93,mixed_mesh_0.025,L,0,-1.0,1.0,n/a,0.0,n/a,false,not converged
1.93,mixed_mesh_0.05,H,0,0.95,3.0923324898197886e-05,0.027942630959065424,0.0017387213045075983,-0.0034579947373953,false,not converged
1.93,mixed_mesh_0.05,H,1,1.0,0.9999690766751018,0.029681352263573022,0.0017387213045075983,-0.0034579947373953,false,not converged
1.93,mixed_mesh_0.05,L,0,-1.0,1.0,n/a,0.0,n/a,false,not converged
1.935,mixed_mesh_0.025,H,0,0.925,1.4344474915498338e-07,0.027444241227901588,0.002634016426610066,-0.003502225444470871,false,not converged
1.935,mixed_mesh_0.025,H,1,0.95,2.655444624380969e-05,0.028317328572356967,0.002634016426610066,-0.003502225444470871,false,not converged
1.935,mixed_mesh_0.025,H,2,0.975,0.0050638426278126,0.029195319704637502,0.002634016426610066,-0.003502225444470871,false,not converged
1.935,mixed_mesh_0.025,H,3,1.0,0.9949094594811945,0.030078257654511654,0.002634016426610066,-0.003502225444470871,false,not converged
1.935,mixed_mesh_0.025,L,0,-1.0,1.0,n/a,0.0,n/a,false,not converged
1.935,mixed_mesh_0.05,H,0,0.95,2.7121035635663454e-05,0.02831581263519201,0.0017608207218964278,-0.0035020139730626808,false,not converged
1.935,mixed_mesh_0.05,H,1,1.0,0.9999728789643644,0.030076633357088437,0.0017608207218964278,-0.0035020139730626808,false,not converged
1.935,mixed_mesh_0.05,L,0,-1.0,1.0,n/a,0.0,n/a,false,not converged
1.94,mixed_mesh_0.025,H,0,0.925,1.1787219865643135e-07,0.027806892218739214,0.0026671453808754138,-0.003546307497036539,false,not converged
1.94,mixed_mesh_0.025,H,1,0.95,2.3292780731335345e-05,0.028690977515997033,0.0026671453808754138,-0.003546307497036539,false,not converged
1.94,mixed_mesh_0.025,H,2,0.975,0.004742808875966205,0.029580011550068935,0.0026671453808754138,-0.003546307497036539,false,not converged
1.94,mixed_mesh_0.025,H,3,1.0,0.9952337804711038,0.030474037599614628,0.0026671453808754138,-0.003546307497036539,false,not converged
1.94,mixed_mesh_0.025,L,0,-1.0,1.0,n/a,0.0,n/a,false,not converged
1.94,mixed_mesh_0.05,H,0,0.95,2.3780740996790883e-05,0.028689545837919345,0.001782957760305695,-0.003546107806062116,false,not converged
1.94,mixed_mesh_0.05,H,1,1.0,0.9999762192590033,0.03047250359822504,0.001782957760305695,-0.003546107806062116,false,not converged
1.94,mixed_mesh_0.05,L,0,-1.0,1.0,n/a,0.0,n/a,false,not converged
1.945,mixed_mesh_0.025,H,0,0.95,2.0426631652006535e-05,0.029065176128982826,0.0018052286750231752,-0.0027003304736569235,false,not converged
1.945,mixed_mesh_0.025,H,1,0.975,0.004441524833887684,0.02996527177816419,0.0018052286750231752,-0.0027003304736569235,false,not converged
1.945,mixed_mesh_0.025,H,2,1.0,0.9955380485344603,0.030870404804006,0.0018052286750231752,-0.0027003304736569235,false,not converged
1.945,mixed_mesh_0.025,L,0,-1.0,1.0,n/a,0.0,n/a,false,not converged
1.945,mixed_mesh_0.05,H,0,0.95,2.0847047393795335e-05,0.02906382436760126,0.0018051320766176993,-0.003590275551355746,false,not converged
1.945,mixed_mesh_0.05,H,1,1.0,0.9999791529526062,0.03086895644421896,0.0018051320766176993,-0.003590275551355746,false,not converged
1.945,mixed_mesh_0.05,L,0,-1.0,1.0,n/a,0.0,n/a,false,not converged
1.95,mixed_mesh_0.025,H,0,0.95,1.7908731705018094e-05,0.029439918255187724,0.0018274345151746453,-0.00273357119370269,false,not converged
1.95,mixed_mesh_0.025,H,1,0.975,0.004158823602576727,0.030351094062387816,0.0018274345151746453,-0.00273357119370269,false,not converged
1.95,mixed_mesh_0.025,H,2,1.0,0.9958232676657183,0.03126735277036237,0.0018274345151746453,-0.00273357119370269,false,not converged
1.95,mixed_mesh_0.025,L,0,-1.0,1.0,n/a,0.0,n/a,false,not converged
1.95,mixed_mesh_0.05,H,0,0.95,1.8271103139438164e-05,0.029438642088393866,0.0018273433313598618,-0.00363451653117014,false,not converged
1.95,mixed_mesh_0.05,H,1,1.0,0.9999817288968605,0.03126598541975373,0.0018273433313598618,-0.00363451653117014,false,not converged
1.95,mixed_mesh_0.05,L,0,-1.0,1.0,n/a,0.0,n/a,false,not converged
1.955,mixed_mesh_0.025,H,0,0.95,1.5697370934856238e-05,0.029815197508187747,0.00184967724574844,-0.0027668670043375504,false,not converged
1.955,mixed_mesh_0.025,H,1,0.975,0.0038936042186399,0.03073747183741556,0.00184967724574844,-0.0027668670043375504,false,not converged
1.955,mixed_mesh_0.025,H,2,1.0,0.9960906984104252,0.03166487475393619,0.00184967724574844,-0.0027668670043375504,false,not converged
1.955,mixed_mesh_0.025,L,0,-1.0,1.0,n/a,0.0,n/a,false,not converged
1.955,mixed_mesh_0.05,H,0,0.95,1.6009841805211664e-05,0.02981399292715591,0.0018495911886381548,-0.0036788300748643935,false,not converged
1.955,mixed_mesh_0.05,H,1,1.0,0.9999839901581947,0.03166358411579406,0.0018495911886381548,-0.0036788300748643935,false,not converged
1.955,mixed_mesh_0.05,L,0,-1.0,1.0,n/a,0.0,n/a,false,not converged
1.96,mixed_mesh_0.025,H,0,0.95,1.3755754171153667e-05,0.030191007680044363,0.001871956520213696,-0.002800217386451649,false,not converged
1.96,mixed_mesh_0.025,H,1,0.975,0.003644827113527401,0.031124398722270272,0.001871956520213696,-0.002800217386451649,false,not converged
1.96,mixed_mesh_0.025,H,2,1.0,0.9963414171323014,0.03206296420025806,0.001871956520213696,-0.002800217386451649,false,not converged
1.96,mixed_mesh_0.025,L,0,-1.0,1.0,n/a,0.0,n/a,false,not converged
1.96,mixed_mesh_0.05,H,0,0.95,1.4025305189333747e-05,0.03018987087238929,0.0018718753160733188,-0.0037232155188035784,false,not converged
1.96,mixed_mesh_0.05,H,1,1.0,0.9999859746948107,0.03206174618846261,0.0018718753160733188,-0.0037232155188035784,false,not converged
1.96,mixed_mesh_0.05,L,0,-1.0,1.0,n/a,0.0,n/a,false,not converged
1.965,mixed_mesh_0.025,H,0,0.95,1.2051432868626914e-05,0.030567342631902455,0.0018942719961053019,-0.0028336218270140004,false,not converged
1.965,mixed_mesh_0.025,H,1,0.975,0.0034115112869288746,0.03151186840708482,0.0018942719961053019,-0.0028336218270140004,false,not converged
1.965,mixed_mesh_0.025,H,2,1.0,0.9965764372802025,0.03246161462800776,0.0018942719961053019,-0.0028336218270140004,false,not converged
1.965,mixed_mesh_0.025,L,0,-1.0,1.0,n/a,0.0,n/a,false,not converged
1.965,mixed_mesh_0.05,H,0,0.95,1.2284049637457608e-05,0.03056626997322483,0.0018941953847400432,-0.0037676722062382206,false,not converged
1.965,mixed_mesh_0.05,H,1,1.0,0.9999877159503625,0.032460465357964874,0.0018941953847400432,-0.0037676722062382206,false,not converged
1.965,mixed_mesh_0.05,L,0,-1.0,1.0,n/a,0.0,n/a,false,not converged
1.97,mixed_mesh_0.025,H,0,0.95,1.0555798995236834e-05,0.03094419629264961,0.0019166233349392318,-0.002867079818946301,false,not converged
1.97,mixed_mesh_0.025,H,1,0.975,0.0031927309952249046,0.031899874651719284,0.0019166233349392318,-0.002867079818946301,false,not converged
1.97,mixed_mesh_0.025,H,2,1.0,0.9967967132057799,0.03286081962758884,0.0019166233349392318,-0.002867079818946301,false,not converged
1.97,mixed_mesh_0.025,L,0,-1.0,1.0,n/a,0.0,n/a,false,not converged
1.97,mixed_mesh_0.05,H,0,0.95,1.0756618062483766e-05,0.030943184338444018,0.0019165510691086553,-0.0038121994871884307,false,not converged
1.97,mixed_mesh_0.05,H,1,1.0,0.9999892433819375,0.03285973540755267,0.0019165510691086553,-0.0038121994871884307,false,not converged
1.97,mixed_mesh_0.05,L,0,-1.0,1.0,n/a,0.0,n/a,false,not converged
1.975,mixed_mesh_0.025,H,0,0.95,9.24364168246326e-06,0.0313215626578513,0.0019390102021473316,-0.0029005908610256134,false,not converged
1.975,mixed_mesh_0.025,H,1,0.975,0.0029876133250288563,0.0322884112846637,0.0019390102021473316,-0.0029005908610256134,false,not converged
1.975,mixed_mesh_0.025,H,2,1.0,0.9970031430332886,0.03326057285999863,0.0019390102021473316,-0.0029005908610256134,false,not converged
1.975,mixed_mesh_0.025,L,0,-1.0,1.0,n/a,0.0,n/a,false,not converged
1.975,mixed_mesh_0.05,H,0,0.95,9.417069306351475e-06,0.031320608135533945,0.001938942046988898,-0.0038567967183323892,false,not converged
1.975,mixed_mesh_0.05,H,1,1.0,0.9999905829306936,0.03325955018252284,0.001938942046988898,-0.0038567967183323892,false,not converged
1.975,mixed_mesh_0.05,L,0,-1.0,1.0,n/a,0.0,n/a,false,not converged
1.98,mixed_mesh_0.025,H,0,0.95,8.092745111199149e-06,0.03169943578826215,0.001961432266981783,-0.0029341544577420886,false,not converged
1.98,mixed_mesh_0.025,H,1,0.975,0.00279533447204555,0.0326774722015018,0.001961432266981783,-0.0029341544577420886,false,not converged
1.98,mixed_mesh_0.025,H,2,1.0,0.9971965727828432,0.03366086805524393,0.001961432266981783,-0.0029341544577420886,false,not converged
1.98,mixed_mesh_0.025,L,0,-1.0,1.0,n/a,0.0,n/a,false,not converged
1.98,mixed_mesh_0.05,H,0,0.95,8.242567937411379e-06,0.0316985355897791,0.0019613679994762157,-0.003901463262899689,false,not converged
1.98,mixed_mesh_0.05,H,1,1.0,0.9999917574320626,0.033659903589255316,0.0019613679994762157,-0.003901463262899689,false,not converged
1.98,mixed_mesh_0.05,L,0,-1.0,1.0,n/a,0.0,n/a,false,not converged
1.985,mixed_mesh_0.025,H,0,0.95,7.083544461935779e-06,0.03207780980898091,0.0019838892024653665,-0.0029677701192245692,false,not converged
1.985,mixed_mesh_0.025,H,1,0.975,0.002615118049376484,0.0330670513640413,0.0019838892024653665,-0.0029677701192245692,false,not converged
1.985,mixed_mesh_0.025,H,2,1.0,0.9973777984061616,0.034061699011446275,0.0019838892024653665,-0.0029677701192245692,false,not converged
1.985,mixed_mesh_0.025,L,0,-1.0,1.0,n/a,0.0,n/a,false,not converged
1.985,mixed_mesh_0.05,H,0,0.95,7.213017850867785e-06,0.03207696098338034,0.0019838286108998376,-0.003946198490568126,false,not converged
1.985,mixed_mesh_0.05,H,1,1.0,0.9999927869821491,0.034060789594280175,0.0019838286108998376,-0.003946198490568126,false,not converged
1.985,mixed_mesh_0.05,L,0,-1.0,1.0,n/a,0.0,n/a,false,not converged
1.99,mixed_mesh_0.025,H,0,0.95,6.198814284363208e-06,0.03245667890830027,0.0020063806853197336,-0.0030014373611336673,false,not converged
1.99,mixed_mesh_0.025,H,1,0.975,0.0024462324596331523,0.03345714279912798,0.0020063806853197336,-0.0030014373611336673,false,not converged
1.99,mixed_mesh_0.025,H,2,1.0,0.9975475687260824,0.034463059593620005,0.0020063806853197336,-0.0030014373611336673,false,not converged
1.99,mixed_mesh_0.025,L,0,-1.0,1.0,n/a,0.0,n/a,false,not converged
1.99,mixed_mesh_0.05,H,0,0.95,6.310736280373838e-06,0.032455878654600936,0.002006323568772561,-0.003991001777364035,false,not converged
1.99,mixed_mesh_0.05,H,1,1.0,0.9999936892637197,0.0344622022233735,0.002006323568772561,-0.003991001777364035,false,not converged
1.99,mixed_mesh_0.05,L,0,-1.0,1.0,n/a,0.0,n/a,false,not converged
1.995,mixed_mesh_0.025,H,0,0.95,5.423396449727123e-06,0.032836037336830465,0.002028906395913105,-0.003035155704583639,false,not converged
1.995,mixed_mesh_0.025,H,1,0.975,0.002287989121568121,0.03384774059774322,0.002028906395913105,-0.003035155704583639,false,not converged
1.995,mixed_mesh_0.025,H,2,1.0,0.9977065874819822,0.03486494373274357,0.002028906395913105,-0.003035155704583639,false,not converged
1.995,mixed_mesh_0.025,L,0,-1.0,1.0,n/a,0.0,n/a,false,not converged
1.995,mixed_mesh_0.05,H,0,0.95,5.520175733985324e-06,0.03283528299694573,0.0020288525637428834,-0.004035872505566918,false,not converged
1.995,mixed_mesh_0.05,H,1,1.0,0.999994479824266,0.03486413556068861,0.0020288525637428834,-0.004035872505566918,false,not converged
1.995,mixed_mesh_0.05,L,0,-1.0,1.0,n/a,0.0,n/a,false,not converged
2,mixed_mesh_0.025,H,0,0.95,4.743945346049509e-06,0.033215879405675705,0.0020514660181403382,-0.0030689246759639105,false,not converged
2,mixed_mesh_0.025,H,1,0.975,0.0021397378770088293,0.034238838913120975,0.0020514660181403382,-0.0030689246759639105,false,not converged
2,mixed_mesh_0.025,H,2,1.0,0.9978555181776451,0.03526734542381604,0.0020514660181403382,-0.0030689246759639105,false,not converged
2,mixed_mesh_0.025,L,0,-1.0,1.0,n/a,0.0,n/a,false,not converged
2,mixed_mesh_0.05,H,0,0.95,4.827654596834946e-06,0.03321516845834739,0.00205141528954729,-0.004080810063614798,false,not converged
2,mixed_mesh_0.05,H,1,1.0,0.9999951723454031,0.03526658374789468,0.00205141528954729,-0.004080810063614798,false,not converged
2,mixed_mesh_0.05,L,0,-1.0,1.0,n/a,0.0,n/a,false,not converged
2.005,mixed_mesh_0.025,H,0,0.95,4.1487257071460166e-06,0.03359619948621702,0.002074059239417239,-0.0031027438069301874,false,not converged
2.005,mixed_mesh_0.025,H,1,0.975,0.002000867276463879,0.03463043196052759,0.002074059239417239,-0.0031027438069301874,false,not converged
2.005,mixed_mesh_0.025,H,2,1.0,0.9979949839978289,0.03567025872563426,0.002074059239417239,-0.0031027438069301874,false,not converged
2.005,mixed_mesh_0.025,L,0,-1.0,1.0,n/a,0.0,n/a,false,not converged
2.005,mixed_mesh_0.05,H,0,0.95,4.2211491314750175e-06,0.03359552954039763,0.002074011442965762,-0.004125813846015569,false,not converged
2.005,mixed_mesh_0.05,H,1,1.0,0.9999957788508685,0.03566954098336339,0.002074011442965762,-0.004125813846015569,false,not converged
2.005,mixed_mesh_0.05,L,0,-1.0,1.0,n/a,0.0,n/a,false,not converged
2.01,mixed_mesh_0.025,H,0,0.95,3.627418243339971e-06,0.03397699200887362,0.002096685750602137,-0.0031366126342874806,false,not converged
2.01,mixed_mesh_0.025,H,1,0.975,0.0018708017897514165,0.03502251401598422,0.002096685750602137,-0.0031366126342874806,false,not converged
2.01,mixed_mesh_0.025,H,2,1.0,0.9981255707920053,0.03607367775947576,0.002096685750602137,-0.0031366126342874806,false,not converged
2.01,mixed_mesh_0.025,L,0,-1.0,1.0,n/a,0.0,n/a,false,not converged
2.01,mixed_mesh_0.05,H,0,0.95,3.69009202796023e-06,0.03397636079758577,0.0020966407237775486,-0.00417088325325906,false,not converged
2.01,mixed_mesh_0.05,H,1,1.0,0.9999963099079721,0.03607300152136332,0.0020966407237775486,-0.00417088325325906,false,not converged
2.01,mixed_mesh_0.05,L,0,-1.0,1.0,n/a,0.0,n/a,false,not converged
2.015,mixed_mesh_0.025,H,0,0.95,3.170951785215388e-06,0.034358251462161454,0.002119345245938417,-0.0031705306999043267,false,not converged
2.015,mixed_mesh_0.025,H,1,0.975,0.001748999939445158,0.035415079415296744,0.002119345245938417,-0.0031705306999043267,false,not converged
2.015,mixed_mesh_0.025,H,2,1.0,0.9982478291087696,0.03647759670809987,0.002119345245938417,-0.0031705306999043267,false,not converged
2.015,mixed_mesh_0.025,L,0,-1.0,1.0,n/a,0.0,n/a,false,not converged
2.015,mixed_mesh_0.05,H,0,0.95,3.2251991066771342e-06,0.034357656836561376,0.0021193028347185477,-0.0042160176917322295,false,not converged
2.015,mixed_mesh_0.05,H,1,1.0,0.9999967748008933,0.036476959671279924,0.0021193028347185477,-0.0042160176917322295,false,not converged
2.015,mixed_mesh_0.05,L,0,-1.0,1.0,n/a,0.0,n/a,false,not converged
2.02,mixed_mesh_0.025,H,0,0.95,2.7713513579645244e-06,0.0347399723914239,0.002142037422973364,-0.0032044975505921072,false,not converged
2.02,mixed_mesh_0.025,H,1,0.975,0.001634951508325064,0.03580812255274622,0.002142037422973364,-0.0032044975505921072,false,not converged
2.02,mixed_mesh_0.025,H,2,1.0,0.9983622771403169,0.036882009814397265,0.002142037422973364,-0.0032044975505921072,false,not converged
2.02,mixed_mesh_0.025,L,0,-1.0,1.0,n/a,0.0,n/a,false,not converged
2.02,mixed_mesh_0.05,H,0,0.95,2.8183149744257104e-06,0.03473941231541354,0.0021419974814397558,-0.0042612165736364074,false,not converged
2.02,mixed_mesh_0.05,H,1,1.0,0.9999971816850256,0.036881409796853296,0.0021419974814397558,-0.0042612165736364074,false,not converged
2.02,mixed_mesh_0.05,L,0,-1.0,1.0,n/a,0.0,n/a,false,not converged
2.025,mixed_mesh_0.025,H,0,0.95,2.421611881336283e-06,0.03512214939831797,0.002164761982531002,-0.0032385127380640394,false,not converged
2.025,mixed_mesh_0.025,H,1,0.975,0.0015281769844950456,0.036201637880561396,0.002164761982531002,-0.0032385127380640394,false,not converged
2.025,mixed_mesh_0.025,H,2,1.0,0.9984694014036236,0.03728691138084897,0.002164761982531002,-0.0032385127380640394,false,not converged
2.025,mixed_mesh_0.025,L,0,-1.0,1.0,n/a,0.0,n/a,false,not converged
2.025,mixed_mesh_0.05,H,0,0.95,2.4622781619674336e-06,0.03512162194296986,0.0021647243724668974,-0.004306479316906996,false,not converged
2.025,mixed_mesh_0.05,H,1,1.0,0.9999975377218381,0.03728634631543676,0.0021647243724668974,-0.004306479316906996,false,not converged
2.025,mixed_mesh_0.05,L,0,-1.0,1.0,n/a,0.0,n/a,false,not converged
2.03,mixed_mesh_0.025,H,0,0.95,2.1155800466921152e-06,0.03550477713970833,0.002187518628642582,-0.0032725758188316273,false,not converged
2.03,mixed_mesh_0.025,H,1,0.975,0.0014282252898240254,0.03659561990777825,0.002187518628642582,-0.0032725758188316273,false,not converged
2.03,mixed_mesh_0.025,H,2,1.0,0.9985696591301293,0.03769229576835091,0.002187518628642582,-0.0032725758188316273,false,not converged
2.03,mixed_mesh_0.025,L,0,-1.0,1.0,n/a,0.0,n/a,false,not converged
2.03,mixed_mesh_0.05,H,0,0.95,2.1507997315348037e-06,0.03550428047810922,0.0021874832191610266,-0.004351805345134907,false,not converged
2.03,mixed_mesh_0.05,H,1,1.0,0.9999978492002685,0.037691763697270245,0.0021874832191610266,-0.004351805345134907,false,not converged
2.03,mixed_mesh_0.05,L,0,-1.0,1.0,n/a,0.0,n/a,false,not converged
2.035,mixed_mesh_0.025,H,0,0.95,1.8478529863088592e-06,0.035887850326870696,0.002210307068498771,-0.003306686354133212,false,not converged
2.035,mixed_mesh_0.025,H,1,0.975,0.001334672432979583,0.036990063199419554,0.002210307068498771,-0.003306686354133212,false,not converged
2.035,mixed_mesh_0.025,H,2,1.0,0.9986634797140341,0.03809815739536947,0.002210307068498771,-0.003306686354133212,false,not converged
2.035,mixed_mesh_0.025,L,0,-1.0,1.0,n/a,0.0,n/a,false,not converged
2.035,mixed_mesh_0.05,H,0,0.95,1.8783603221014832e-06,0.035887382729093906,0.0022102737356801405,-0.004397194087490293,false,not converged
2.035,mixed_mesh_0.05,H,1,1.0,0.9999981216396779,0.038097656464774046,0.0022102737356801405,-0.004397194087490293,false,not converged
2.035,mixed_mesh_0.05,L,0,-1.0,1.0,n/a,0.0,n/a,false,not converged
2.04,mixed_mesh_0.025,H,0,0.95,1.6136893250614722e-06,0.036271363724804606,0.002233127012409644,-0.00334084390987429,false,not converged
2.04,mixed_mesh_0.025,H,1,0.975,0.0012471204842650243,0.0373849623757877,0.002233127012409644,-0.00334084390987429,false,not converged
2.04,mixed_mesh_0.025,H,2,1.0,0.9987512658264099,0.03850449073721425,0.002233127012409644,-0.00334084390987429,false,not converged
2.04,mixed_mesh_0.025,L,0,-1.0,1.0,n/a,0.0,n/a,false,not converged
2.04,mixed_mesh_0.05,H,0,0.95,1.6401164981803908e-06,0.03627092355291375,0.0022330956389419038,-0.004442644978647943,false,not converged
2.04,mixed_mesh_0.05,H,1,1.0,0.9999983598835018,0.03850401919185566,0.0022330956389419038,-0.004442644978647943,false,not converged
2.04,mixed_mesh_0.05,L,0,-1.0,1.0,n/a,0.0,n/a,false,not converged
2.045,mixed_mesh_0.025,H,0,0.95,1.4089233600162073e-06,0.03665531215056414,0.0022559781736946755,-0.0033750480564637003,false,not converged
2.045,mixed_mesh_0.025,H,1,0.975,0.001165193802497247,0.03778031211074083,0.0022559781736946755,-0.0033750480564637003,false,not converged
2.045,mixed_mesh_0.025,H,2,1.0,0.9988333972741427,0.038911290324258815,0.0022559781736946755,-0.0033750480564637003,false,not converged
2.045,mixed_mesh_0.025,L,0,-1.0,1.0,n/a,0.0,n/a,false,not converged
2.045,mixed_mesh_0.05,H,0,0.95,1.431819370781844e-06,0.03665489785464572,0.002255948648586817,-0.004488157458714323,false,not converged
2.045,mixed_mesh_0.05,H,1,1.0,0.9999985681806293,0.03891084650323254,0.002255948648586817,-0.004488157458714323,false,not converged
2.045,mixed_mesh_0.05,L,0,-1.0,1.0,n/a,0.0,n/a,false,not converged
2.05,mixed_mesh_0.025,H,0,0.95,1.229902325666271e-06,0.03703969047331812,0.0022788602686956427,-0.0034092983688323794,false,not converged
2.05,mixed_mesh_0.025,H,1,0.975,0.0010885401860172349,0.038176107131759326,0.0022788602686956427,-0.0034092983688323794,false,not converged
2.05,mixed_mesh_0.025,H,2,1.0,0.9989102299116571,0.039318550742013764,0.0022788602686956427,-0.0034092983688323794,false,not converged
2.05,mixed_mesh_0.025,L,0,-1.0,1.0,n/a,0.0,n/a,false,not converged
2.05,mixed_mesh_0.05,H,0,0.95,1.249741648930848e-06,0.03703930058682539,0.0022788324869425225,-0.004533730973156222,false,not converged
2.05,mixed_mesh_0.05,H,1,1.0,0.999998750258351,0.039318133073767914,0.0022788324869425225,-0.004533730973156222,false,not converged
2.05,mixed_mesh_0.05,L,0,-1.0,1.0,n/a,0.0,n/a,false,not converged
2.055,mixed_mesh_0.025,H,0,0.95,1.073422254985871e-06,0.03742449361327724,0.0023017730167088912,-0.0034435944263323526,false,not converged
2.055,mixed_mesh_0.025,H,1,0.975,0.0010168288111041567,0.03857234221883915,0.0023017730167088912,-0.0034435944263323526,false,not converged
2.055,mixed_mesh_0.025,H,2,1.0,0.9989820977666408,0.03972626662998613,0.0023017730167088912,-0.0034435944263323526,false,not converged
2.055,mixed_mesh_0.025,L,0,-1.0,1.0,n/a,0.0,n/a,false,not converged
2.055,mixed_mesh_0.05,H,0,0.95,1.0906148684322453e-06,0.03742412674883289,0.0023017468789889167,-0.004579364972731127,false,not converged
2.055,mixed_mesh_0.05,H,1,1.0,0.9999989093851316,0.0397258736278218,0.0023017468789889167,-0.004579364972731127,false,not converged
2.055,mixed_mesh_0.05,L,0,-1.0,1.0,n/a,0.0,n/a,false,not converged
2.06,mixed_mesh_0.025,H,0,0.95,9.366733880321927e-07,0.03780971654087849,0.0023247161399355953,-0.0034779358126625706,false,not converged
2.06,mixed_mesh_0.025,H,1,0.975,0.0009497489267187494,0.03896901220365172,0.0023247161399355953,-0.0034779358126625706,false,not converged
2.06,mixed_mesh_0.025,H,2,1.0,0.9990493143998932,0.04013443268081408,0.0023247161399355953,-0.0034779358126625706,false,not converged
2.06,mixed_mesh_0.025,L,0,-1.0,1.0,n/a,0.0,n/a,false,not converged
2.06,mixed_mesh_0.05,H,0,0.95,9.515738482568514e-07,0.03780937138628987,0.00232469155232376,-0.0046250589134188835,false,not converged
2.06,mixed_mesh_0.05,H,1,1.0,0.9999990484261517,0.04013406293861363,0.00232469155232376,-0.0046250589134188835,false,not converged
2.06,mixed_mesh_0.05,L,0,-1.0,1.0,n/a,0.0,n/a,false,not converged
2.065,mixed_mesh_0.025,H,0,0.95,8.171924085570893e-07,0.038195354276038374,0.002347689363436989,-0.0035123221158019843,false,not converged
2.065,mixed_mesh_0.025,H,1,0.975,0.0008870087545876106,0.03936611196877461,0.002347689363436989,-0.0035123221158019843,false,not converged
2.065,mixed_mesh_0.025,H,2,1.0,0.9991121740530039,0.04054304363947536,0.002347689363436989,-0.0035123221158019843,false,not converged
2.065,mixed_mesh_0.025,L,0,-1.0,1.0,n/a,0.0,n/a,false,not converged
2.065,mixed_mesh_0.05,H,0,0.95,8.301075687442269e-07,0.038195029590468665,0.0023476662371291757,-0.004670812256354795,false,not converged
2.065,mixed_mesh_0.05,H,1,1.0,0.9999991698924313,0.04054269582759784,0.0023476662371291757,-0.004670812256354795,false,not converged
2.065,mixed_mesh_0.05,L,0,-1.0,1.0,n/a,0.0,n/a,false,not converged
2.07,mixed_mesh_0.025,H,0,0.95,7.12819936293582e-07,0.0385814018873339,0.002370692415084197,-0.0035467529279347154,false,not converged
2.07,mixed_mesh_0.025,H,1,0.975,0.0008283342079854782,0.039763636446847786,0.002370692415084197,-0.0035467529279347154,false,not converged
2.07,mixed_mesh_0.025,H,2,1.0,0.9991709529720783,0.0409520943024181,0.002370692415084197,-0.0035467529279347154,false,not converged
2.07,mixed_mesh_0.025,L,0,-1.0,1.0,n/a,0.0,n/a,false,not converged
2.07,mixed_mesh_0.05,H,0,0.95,7.240155951030531e-07,0.038581096497711964,0.002370670666138719,-0.004716624467764073,false,not converged
2.07,mixed_mesh_0.05,H,1,1.0,0.9999992759844049,0.04095176716385068,0.002370670666138719,-0.004716624467764073,false,not converged
2.07,mixed_mesh_0.05,L,0,-1.0,1.0,n/a,0.0,n/a,false,not converged
2.075,mixed_mesh_0.025,H,0,0.95,6.216637451153239e-07,0.03896785449131909,0.0023937250255177678,-0.003581227845389591,false,not converged
2.075,mixed_mesh_0.025,H,1,0.975,0.0007734679967230949,0.04016158061986977,0.0023937250255177678,-0.003581227845389591,false,not converged
2.075,mixed_mesh_0.025,H,2,1.0,0.9992259103395318,0.04136157951683686,0.0023937250255177678,-0.003581227845389591,false,not converged
2.075,mixed_mesh_0.025,L,0,-1.0,1.0,n/a,0.0,n/a,false,not converged
2.075,mixed_mesh_0.05,H,0,0.95,6.313698528739425e-07,0.03896756728886287,0.0023937045746051516,-0.004762495018897403,false,not converged
2.075,mixed_mesh_0.05,H,1,1.0,0.9999993686301472,0.041361271863468024,0.0023937045746051516,-0.004762495018897403,false,not converged
2.075,mixed_mesh_0.05,L,0,-1.0,1.0,n/a,0.0,n/a,false,not converged
2.08,mixed_mesh_0.025,H,0,0.95,5.420661252069365e-07,0.039354707251809604,0.0024167869281046667,-0.0036157464685758686,false,not converged
2.08,mixed_mesh_0.025,H,1,0.975,0.000722168653614998,0.040559939518461,0.0024167869281046667,-0.0036157464685758686,false,not converged
2.08,mixed_mesh_0.025,H,2,1.0,0.9992772892802598,0.04177149417991427,0.0024167869281046667,-0.0036157464685758686,false,not converged
2.08,mixed_mesh_0.025,L,0,-1.0,1.0,n/a,0.0,n/a,false,not converged
2.08,mixed_mesh_0.05,H,0,0.95,5.504813225159803e-07,0.039354437188705974,0.0024167677002687182,-0.004808423385967882,false,not converged
2.08,mixed_mesh_0.05,H,1,1.0,0.9999994495186775,0.04177120488897469,0.0024167677002687182,-0.004808423385967882,false,not converged
2.08,mixed_mesh_0.05,L,0,-1.0,1.0,n/a,0.0,n/a,false,not converged
2.085,mixed_mesh_0.025,H,0,0.95,4.7257520561419723e-07,0.03974195537919173,0.0024398778588969328,-0.0036503084019215842,false,not converged
2.085,mixed_mesh_0.025,H,1,0.975,0.0006742096363376505,0.04095870822115215,0.0024398778588969328,-0.0036503084019215842,false,not converged
2.085,mixed_mesh_0.025,H,2,1.0,0.9993253177884567,0.04218183323808866,0.0024398778588969328,-0.0036503084019215842,false,not converged
2.085,mixed_mesh_0.025,L,0,-1.0,1.0,n/a,0.0,n/a,false,not converged
2.085,mixed_mesh_0.05,H,0,0.95,4.798714076702157e-07,0.03974170146541865,0.0024398597833261843,-0.0048544090500891104,false,not converged
2.085,mixed_mesh_0.05,H,1,1.0,0.9999995201285923,0.04218156124874484,0.0024398597833261843,-0.0048544090500891104,false,not converged
2.085,mixed_mesh_0.05,L,0,-1.0,1.0,n/a,0.0,n/a,false,not converged
2.09,mixed_mesh_0.025,H,0,0.95,4.1191957186024823e-07,0.040129594129701684,0.0024629975565882145,-0.0036849132538085555,false,not converged
2.09,mixed_mesh_0.025,H,1,0.975,0.0006293783630675464,0.04135788185364181,0.0024629975565882145,-0.0036849132538085555,false,not converged
2.09,mixed_mesh_0.025,H,2,1.0,0.9993702097173606,0.0425925916862899,0.0024629975565882145,-0.0036849132538085555,false,not converged
2.09,mixed_mesh_0.025,L,0,-1.0,1.0,n/a,0.0,n/a,false,not converged
2.09,mixed_mesh_0.05,H,0,0.95,4.1824562065478063e-07,0.04012935543003035,0.0024629805664002496,-0.004900451497214346,false,not converged
2.09,mixed_mesh_0.05,H,1,1.0,0.9999995817543793,0.0425923359964306,0.0024629805664002496,-0.004900451497214346,false,not converged
2.09,mixed_mesh_0.05,L,0,-1.0,1.0,n/a,0.0,n/a,false,not converged
2.095,mixed_mesh_0.025,H,0,0.95,3.5898590820683967e-07,0.04051761880469472,0.0024861457624693745,-0.0037195606365061223,false,not converged
2.095,mixed_mesh_0.025,H,1,0.975,0.0005874752318815661,0.04175745558804353,0.0024861457624693745,-0.0037195606365061223,false,not converged
2.095,mixed_mesh_0.025,H,2,1.0,0.9994121657822103,0.04300376456716409,0.0024861457624693745,-0.0037195606365061223,false,not converged
2.095,mixed_mesh_0.025,L,0,-1.0,1.0,n/a,0.0,n/a,false,not converged
2.095,mixed_mesh_0.05,H,0,0.95,3.6447090859463475e-07,0.04051739443589242,0.0024861297945096006,-0.004946550218076648,false,not converged
2.095,mixed_mesh_0.05,H,1,1.0,0.9999996355290914,0.04300352423040202,0.0024861297945096006,-0.004946550218076648,false,not converged
2.095,mixed_mesh_0.05,L,0,-1.0,1.0,n/a,0.0,n/a,false,not converged
2.1,mixed_mesh_0.025,H,0,0.95,3.1279987192232476e-07,0.04090602475008023,0.002509322220395835,-0.0037542501661223596,false,not converged
2.1,mixed_mesh_0.025,H,1,0.975,0.0005483130886089036,0.04215742464230458,0.002509322220395835,-0.0037542501661223596,false,not converged
2.1,mixed_mesh_0.025,H,2,1.0,0.9994513741115192,0.04341534697047607,0.002509322220395835,-0.0037542501661223596,false,not converged
2.1,mixed_mesh_0.025,L,0,-1.0,1.0,n/a,0.0,n/a,false,not converged
2.1,mixed_mesh_0.05,H,0,0.95,3.175557380163034e-07,0.04090581387815548,0.002509307215039447,-0.004992704708130194,false,not converged
2.1,mixed_mesh_0.05,H,1,1.0,0.999999682444262,0.043415121093194925,0.002509307215039447,-0.004992704708130194,false,not converged
2.1,mixed_mesh_0.05,L,0,-1.0,1.0,n/a,0.0,n/a,false,not converged
2.105,mixed_mesh_0.025,H,0,0.95,2.725089041053118e-07,0.0412948073556685,0.002532526676748567,-0.0037889814625457208,false,not converged
2.105,mixed_mesh_0.025,H,1,0.975,0.0005117164617249581,0.0425577842795333,0.002532526676748567,-0.0037889814625457208,false,not converged
2.105,mixed_mesh_0.025,H,2,1.0,0.9994880110293709,0.043827334032417065,0.002532526676748567,-0.0037889814625457208,false,not converged
2.105,mixed_mesh_0.025,L,0,-1.0,1.0,n/a,0.0,n/a,false,not converged
2.105,mixed_mesh_0.05,H,0,0.95,2.766326068982947e-07,0.04129460919325674,0.002532512577712559,-0.005038914467492488,false,not converged
2.105,mixed_mesh_0.05,H,1,1.0,0.9999997233673932,0.0438271217709693,0.002532512577712559,-0.005038914467492488,false,not converged
2.105,mixed_mesh_0.05,L,0,-1.0,1.0,n/a,0.0,n/a,false,not converged
2.11,mixed_mesh_0.025,H,0,0.95,2.3736711003386068e-07,0.04168396205451687,0.002555758880394776,-0.003823754149386481,false,not converged
2.11,mixed_mesh_0.025,H,1,0.975,0.0004775208054983832,0.04295852980732573,0.002555758880394776,-0.003823754149386481,false,not converged
2.11,mixed_mesh_0.025,H,2,1.0,0.9995222418273916,0.044239720934911644,0.002555758880394776,-0.003823754149386481,false,not converged
2.11,mixed_mesh_0.025,L,0,-1.0,1.0,n/a,0.0,n/a,false,not converged
2.11,mixed_mesh_0.05,H,0,0.95,2.409426922261272e-07,0.041683775858414415,0.0025557456345608187,-0.00508517900088757,false,not converged
2.11,mixed_mesh_0.05,H,1,1.0,0.9999997590573078,0.044239521492975234,0.0025557456345608187,-0.00508517900088757,false,not converged
2.11,mixed_mesh_0.05,L,0,-1.0,1.0,n/a,0.0,n/a,false,not converged
2.115,mixed_mesh_0.025,H,0,0.95,2.0672206375544222e-07,0.042073484322313795,0.002579018582651582,-0.0038585678539221416,false,not converged
2.115,mixed_mesh_0.025,H,1,0.975,0.0004455718471767942,0.04335965657713152,0.002579018582651582,-0.0038585678539221416,false,not converged
2.115,mixed_mesh_0.025,H,2,1.0,0.9995542214307594,0.04465250290496538,0.002579018582651582,-0.0038585678539221416,false,not converged
2.115,mixed_mesh_0.025,L,0,-1.0,1.0,n/a,0.0,n/a,false,not converged
2.115,mixed_mesh_0.05,H,0,0.95,2.098223757901635e-07,0.042073309391131256,0.002579006139897172,-0.005131497817590112,false,not converged
2.115,mixed_mesh_0.05,H,1,1.0,0.9999997901776242,0.04465231553102843,0.002579006139897172,-0.005131497817590112,false,not converged
2.115,mixed_mesh_0.05,L,0,-1.0,1.0,n/a,0.0,n/a,false,not converged
2.12,mixed_mesh_0.025,H,0,0.95,1.8000329094304717e-07,0.04246336967680571,0.0026023055372520615,-0.003893422207047012,false,not converged
2.12,mixed_mesh_0.025,H,1,0.975,0.0004157250467059495,0.043761159983663867,0.0026023055372520615,-0.003893422207047012,false,not converged
2.12,mixed_mesh_0.025,H,2,1.0,0.9995840949500031,0.04506567521405777,0.0026023055372520615,-0.003893422207047012,false,not converged
2.12,mixed_mesh_0.025,L,0,-1.0,1.0,n/a,0.0,n/a,false,not converged
2.12,mixed_mesh_0.05,H,0,0.95,1.8269142134744e-07,0.04246320534870476,0.0026022938502881787,-0.005177870431370593,false,not converged
2.12,mixed_mesh_0.05,H,1,1.0,0.9999998173085787,0.04506549919899294,0.0026022938502881787,-0.005177870431370593,false,not converged
2.12,mixed_mesh_0.05,L,0,-1.0,1.0,n/a,0.0,n/a,false,not converged
2.125,mixed_mesh_0.025,H,0,0.95,1.5671196277605993e-07,0.04285361367715096,0.002625619500306528,-0.003928316843214277,false,not converged
2.125,mixed_mesh_0.025,H,1,0.975,0.0003878448740463647,0.04416303546423424,0.002625619500306528,-0.003928316843214277,false,not converged
2.125,mixed_mesh_0.025,H,2,1.0,0.9996119984139908,0.04547923317745749,0.002625619500306528,-0.003928316843214277,false,not converged
2.125,mixed_mesh_0.025,L,0,-1.0,1.0,n/a,0.0,n/a,false,not converged
2.125,mixed_mesh_0.05,H,0,0.95,1.590431088347123e-07,0.04285345932774656,0.002625608524526743,-0.005224296360441048,false,not converged
2.125,mixed_mesh_0.05,H,1,1.0,0.9999998409568912,0.045479067852273306,0.002625608524526743,-0.005224296360441048,false,not converged
2.125,mixed_mesh_0.05,L,0,-1.0,1.0,n/a,0.0,n/a,false,not converged
2.13,mixed_mesh_0.025,H,0,0.95,1.3641196064833784e-07,0.0432442119233208,0.002648960230266853,-0.003963251400382596,false,not converged
2.13,mixed_mesh_0.025,H,1,0.975,0.0003618042139921258,0.044565278498135505,0.002648960230266853,-0.003963251400382596,false,not converged
2.13,mixed_mesh_0.025,H,2,1.0,0.9996380593740473,0.04589317215358765,0.002648960230266853,-0.003963251400382596,false,not converged
2.13,mixed_mesh_0.025,L,0,-1.0,1.0,n/a,0.0,n/a,false,not converged
2.13,mixed_mesh_0.05,H,0,0.95,1.384335493544968e-07,0.04324406696370654,0.002648949923605509,-0.0052707751274018375,false,not converged
2.13,mixed_mesh_0.05,H,1,1.0,0.9999998615664507,0.04589301688731205,0.002648949923605509,-0.0052707751274018375,false,not converged
2.13,mixed_mesh_0.05,L,0,-1.0,1.0,n/a,0.0,n/a,false,not converged
2.135,mixed_mesh_0.025,H,0,0.95,1.1872244573088605e-07,0.043635160055735325,0.0026723274879073278,-0.003998225519987367,false,not converged
2.135,mixed_mesh_0.025,H,1,0.975,0.00033748435492152266,0.04496788460626837,0.0026723274879073278,-0.003998225519987367,false,not converged
2.135,mixed_mesh_0.025,H,2,1.0,0.9996623969226327,0.04630748754364265,0.0026723274879073278,-0.003998225519987367,false,not converged
2.135,mixed_mesh_0.025,L,0,-1.0,1.0,n/a,0.0,n/a,false,not converged
2.135,mixed_mesh_0.05,H,0,0.95,1.2047532810182633e-07,0.04363502393040747,0.0026723178106906054,-0.0053173062591892264,false,not converged
2.135,mixed_mesh_0.05,H,1,1.0,0.999999879524672,0.046307341741098074,0.0026723178106906054,-0.0053173062591892264,false,not converged
2.135,mixed_mesh_0.05,L,0,-1.0,1.0,n/a,0.0,n/a,false,not converged
2.14,mixed_mesh_0.025,H,0,0.95,1.0331022377552944e-07,0.044026453754305084,0.002695721036263296,-0.004033238846849474,false,not converged
2.14,mixed_mesh_0.025,H,1,0.975,0.00031477349900620405,0.045370849350152426,0.002695721036263296,-0.004033238846849474,false,not converged
2.14,mixed_mesh_0.025,H,2,1.0,0.9996851231907701,0.04672217479056838,0.002695721036263296,-0.004033238846849474,false,not converged
2.14,mixed_mesh_0.025,L,0,-1.0,1.0,n/a,0.0,n/a,false,not converged
2.14,mixed_mesh_0.05,H,0,0.95,1.048300473123332e-07,0.04402632593958469,0.0026957119510957472,-0.005363889287023936,false,not converged
2.14,mixed_mesh_0.05,H,1,1.0,0.9999998951699527,0.04672203789068044,0.0026957119510957472,-0.005363889287023936,false,not converged
2.14,mixed_mesh_0.05,L,0,-1.0,1.0,n/a,0.0,n/a,false,not converged
2.145,mixed_mesh_0.025,H,0,0.975,0.00029356720512143926,0.04577416825517003,0.0013630610444920616,-0.002719140635388778,false,not converged
2.145,mixed_mesh_0.025,H,1,1.0,0.9997064327948786,0.04713722929966209,0.0013630610444920616,-0.002719140635388778,false,not converged
2.145,mixed_mesh_0.025,L,0,-1.0,1.0,n/a,0.0,n/a,false,not converged
2.145,mixed_mesh_0.05,H,0,1.0,1.0,0.04713710077231871,0.0,-0.002719132106944022,false,not converged
2.145,mixed_mesh_0.05,L,0,-1.0,1.0,n/a,0.0,n/a,false,not converged
2.15,mixed_mesh_0.025,H,0,0.975,0.0002737675898983904,0.04617783712566059,0.0013748096388769698,-0.002742586063910077,false,not converged
2.15,mixed_mesh_0.025,H,1,1.0,0.9997262324101016,0.04755264676453756,0.0013748096388769698,-0.002742586063910077,false,not converged
2.15,mixed_mesh_0.025,L,0,-1.0,1.0,n/a,0.0,n/a,false,not converged
2.15,mixed_mesh_0.05,H,0,1.0,1.0,0.04755252611249168,0.0,-0.002742578059055062,false,"converged to pure candidate (1,-1)"
2.15,mixed_mesh_0.05,L,0,-1.0,1.0,n/a,0.0,n/a,false,"converged to pure candidate (1,-1)"
2.155,mixed_mesh_0.025,H,0,0.975,0.0002552830852870816,0.046581851555304477,0.0013865711053202834,-0.002766057085548876,false,not converged
2.155,mixed_mesh_0.025,H,1,1.0,0.9997447169147129,0.04796842266062476,0.0013865711053202834,-0.002766057085548876,false,not converged
2.155,mixed_mesh_0.025,L,0,-1.0,1.0,n/a,0.0,n/a,false,not converged
2.155,mixed_mesh_0.05,H,0,1.0,1.0,0.04796830941398633,0.0,-0.0027660495729784074,false,"converged to pure candidate (1,-1)"
2.155,mixed_mesh_0.05,L,0,-1.0,1.0,n/a,0.0,n/a,false,"converged to pure candidate (1,-1)"
2.16,mixed_mesh_0.025,H,0,0.975,0.00023802792790842051,0.04698620726386549,0.0013983453296649156,-0.0027895534721575216,false,not converged
2.16,mixed_mesh_0.025,H,1,1.0,0.9997619720720916,0.0483845525935304,0.0013983453296649156,-0.0027895534721575216,false,not converged
2.16,mixed_mesh_0.025,L,0,-1.0,1.0,n/a,0.0,n/a,false,not converged
2.16,mixed_mesh_0.05,H,0,1.0,1.0,0.048384446309527054,0.0,-0.0027895464223769983,false,"converged to pure candidate (1,-1)"
2.16,mixed_mesh_0.05,L,0,-1.0,1.0,n/a,0.0,n/a,false,"converged to pure candidate (1,-1)"
2.165,mixed_mesh_0.025,H,0,0.975,0.00022192182467849073,0.04739090000926155,0.0014101321988171517,-0.00281307499771144,false,not converged
2.165,mixed_mesh_0.025,H,1,1.0,0.9997780781753215,0.0488010322080787,0.0014101321988171517,-0.00281307499771144,false,not converged
2.165,mixed_mesh_0.025,L,0,-1.0,1.0,n/a,0.0,n/a,false,not converged
2.165,mixed_mesh_0.05,H,0,1.0,1.0,0.048800932469556565,0.0,-0.0028130683829366288,false,"converged to pure candidate (1,-1)"
2.165,mixed_mesh_0.05,L,0,-1.0,1.0,n/a,0.0,n/a,false,"converged to pure candidate (1,-1)"
2.17,mixed_mesh_0.025,H,0,0.975,0.00020688959135383475,0.047795925587049384,0.0014219316007319932,-0.0028366214382797433,false,not converged
2.17,mixed_mesh_0.025,H,1,1.0,0.9997931104086462,0.04921785718778138,0.0014219316007319932,-0.0028366214382797433,false,not converged
2.17,mixed_mesh_0.025,L,0,-1.0,1.0,n/a,0.0,n/a,false,not converged
2.17,mixed_mesh_0.05,H,0,1.0,1.0,0.04921776360179418,0.0,-0.0028366152323423266,false,"converged to pure candidate (1,-1)"
2.17,mixed_mesh_0.05,L,0,-1.0,1.0,n/a,0.0,n/a,false,"converged to pure candidate (1,-1)"
2.175,mixed_mesh_0.025,H,0,0.975,0.00019286087212619276,0.04820127982994424,0.0014337434243995723,-0.0028601925719981824,false,not converged
2.175,mixed_mesh_0.025,H,1,1.0,0.9998071391278738,0.04963502325434381,0.0014337434243995723,-0.0028601925719981824,false,not converged
2.175,mixed_mesh_0.025,L,0,-1.0,1.0,n/a,0.0,n/a,false,not converged
2.175,mixed_mesh_0.05,H,0,1.0,1.0,0.04963493545079879,0.0,-0.002860186750255053,false,"converged to pure candidate (1,-1)"
2.175,mixed_mesh_0.05,L,0,-1.0,1.0,n/a,0.0,n/a,false,"converged to pure candidate (1,-1)"
2.18,mixed_mesh_0.025,H,0,0.975,0.0001797698346109051,0.048606958607330594,0.0014455675598312318,-0.002883788179041391,false,not converged
2.18,mixed_mesh_0.025,H,1,1.0,0.9998202301653891,0.050052526167161826,0.0014455675598312318,-0.002883788179041391,false,not converged
2.18,mixed_mesh_0.025,L,0,-1.0,1.0,n/a,0.0,n/a,false,not converged
2.18,mixed_mesh_0.05,H,0,1.0,1.0,0.05005244379753894,0.0,-0.0028837827182890546,false,"converged to pure candidate (1,-1)"
2.18,mixed_mesh_0.05,L,0,-1.0,1.0,n/a,0.0,n/a,false,"converged to pure candidate (1,-1)"
2.185,mixed_mesh_0.025,H,0,0.975,0.00016755487075114696,0.049012957824776465,0.0014574038980455645,-0.0029074080415952136,false,not converged
2.185,mixed_mesh_0.025,H,1,1.0,0.9998324451292488,0.05047036172282203,0.0014574038980455645,-0.0029074080415952136,false,not converged
2.185,mixed_mesh_0.025,L,0,-1.0,1.0,n/a,0.0,n/a,false,not converged
2.185,mixed_mesh_0.05,H,0,1.0,1.0,0.05047028445896806,0.0,-0.002907402919989144,false,"converged to pure candidate (1,-1)"
2.185,mixed_mesh_0.05,L,0,-1.0,1.0,n/a,0.0,n/a,false,"converged to pure candidate (1,-1)"
2.19,mixed_mesh_0.025,H,0,0.975,0.00015615834847417995,0.049419273423571414,0.0014692523310556177,-0.0029310519438308646,false,not converged
2.19,mixed_mesh_0.025,H,1,1.0,0.9998438416515258,0.05088852575462703,0.0014692523310556177,-0.0029310519438308646,false,not converged
2.19,mixed_mesh_0.025,L,0,-1.0,1.0,n/a,0.0,n/a,false,not converged
2.19,mixed_mesh_0.05,H,0,1.0,1.0,0.05088845328760634,0.0,-0.0029310471408085376,false,"converged to pure candidate (1,-1)"
2.19,mixed_mesh_0.05,L,0,-1.0,1.0,n/a,0.0,n/a,false,"converged to pure candidate (1,-1)"
2.195,mixed_mesh_0.025,H,0,0.975,0.0001455262976795373,0.04982590138023614,0.0014811127518545575,-0.002954719671876646,false,not converged
2.195,mixed_mesh_0.025,H,1,1.0,0.9998544737023205,0.0513070141320907,0.0014811127518545575,-0.002954719671876646,false,not converged
2.195,mixed_mesh_0.025,L,0,-1.0,1.0,n/a,0.0,n/a,false,not converged
2.195,mixed_mesh_0.05,H,0,1.0,1.0,0.051306946171127285,0.0,-0.002954715168086916,false,"converged to pure candidate (1,-1)"
2.195,mixed_mesh_0.05,L,0,-1.0,1.0,n/a,0.0,n/a,false,"converged to pure candidate (1,-1)"
2.2,mixed_mesh_0.025,H,0,0.975,0.00013560827187871727,0.05023283770611292,0.0014929850544045248,-0.0029784110137955205,false,not converged
2.2,mixed_mesh_0.025,H,1,1.0,0.9998643917281212,0.051725822760517445,0.0014929850544045248,-0.0029784110137955205,false,not converged
2.2,mixed_mesh_0.025,L,0,-1.0,1.0,n/a,0.0,n/a,false,not converged
2.2,mixed_mesh_0.05,H,0,1.0,1.0,0.051725759031950966,0.0,-0.0029784067910287038,false,"converged to pure candidate (1,-1)"
2.2,mixed_mesh_0.05,L,0,-1.0,1.0,n/a,0.0,n/a,false,"converged to pure candidate (1,-1)"
2.205,mixed_mesh_0.025,H,0,0.975,0.00012635708990005415,0.05064007844690363,0.0015048691336234654,-0.0030021257595588408,false,not converged
2.205,mixed_mesh_0.025,H,1,1.0,0.9998736429101,0.052144947580527096,0.0015048691336234654,-0.0030021257595588408,false,not converged
2.205,mixed_mesh_0.025,L,0,-1.0,1.0,n/a,0.0,n/a,false,not converged
2.205,mixed_mesh_0.05,H,0,1.0,1.0,0.05214488782684164,0.0,-0.0030021218006818368,false,"converged to pure candidate (1,-1)"
2.205,mixed_mesh_0.05,L,0,-1.0,1.0,n/a,0.0,n/a,false,"converged to pure candidate (1,-1)"
2.21,mixed_mesh_0.025,H,0,0.975,0.00011772862607538012,0.051047619682232634,0.00151676488537264,-0.003025863701021647,false,not converged
2.21,mixed_mesh_0.025,H,1,1.0,0.9998822713739246,0.052564384567605274,0.00151676488537264,-0.003025863701021647,false,not converged
2.21,mixed_mesh_0.025,L,0,-1.0,1.0,n/a,0.0,n/a,false,not converged
2.21,mixed_mesh_0.05,H,0,1.0,1.0,0.052564328546512426,0.0,-0.003025859989916682,false,"converged to pure candidate (1,-1)"
2.21,mixed_mesh_0.05,L,0,-1.0,1.0,n/a,0.0,n/a,false,"converged to pure candidate (1,-1)"
2.215,mixed_mesh_0.025,H,0,0.975,0.00010968162108021136,0.05145545752521931,0.0015286722064447034,-0.003049624631898687,false,not converged
2.215,mixed_mesh_0.025,H,1,1.0,0.9998903183789198,0.05298412973166401,0.0015286722064447034,-0.003049624631898687,false,not converged
2.215,mixed_mesh_0.025,L,0,-1.0,1.0,n/a,0.0,n/a,false,not converged
2.215,mixed_mesh_0.05,H,0,1.0,1.0,0.05298407721523338,0.0,-0.003049621153405138,false,"converged to pure candidate (1,-1)"
2.215,mixed_mesh_0.05,L,0,-1.0,1.0,n/a,0.0,n/a,false,"converged to pure candidate (1,-1)"
2.22,mixed_mesh_0.025,H,0,0.975,0.00010217749690289406,0.05186358812205605,0.001540590994551852,-0.0030734083477407387,false,not converged
2.22,mixed_mesh_0.025,H,1,1.0,0.9998978225030971,0.0534041791166079,0.001540590994551852,-0.0030734083477407387,false,not converged
2.22,mixed_mesh_0.025,L,0,-1.0,1.0,n/a,0.0,n/a,false,not converged
2.22,mixed_mesh_0.05,H,0,1.0,1.0,0.053404129890446586,0.0,-0.0030734050876004004,false,"converged to pure candidate (1,-1)"
2.22,mixed_mesh_0.05,L,0,-1.0,1.0,n/a,0.0,n/a,false,"converged to pure candidate (1,-1)"
2.225,mixed_mesh_0.025,H,0,0.975,9.518018737330058e-05,0.05227200765159487,0.0015525211483140705,-0.003097214645911367,false,not converged
2.225,mixed_mesh_0.025,H,1,1.0,0.9999048198126267,0.05382452879990894,0.0015525211483140705,-0.003097214645911367,false,not converged
2.225,mixed_mesh_0.025,L,0,-1.0,1.0,n/a,0.0,n/a,false,not converged
2.225,mixed_mesh_0.05,H,0,1.0,1.0,0.053824482662385376,0.0,-0.0030972115907164505,false,"converged to pure candidate (1,-1)"
2.225,mixed_mesh_0.05,L,0,-1.0,1.0,n/a,0.0,n/a,false,"converged to pure candidate (1,-1)"
2.23,mixed_mesh_0.025,H,0,0.975,8.865607324264852e-05,0.05268071232498578,0.0015644625672493473,-0.0031210433255671605,false,not converged
2.23,mixed_mesh_0.025,H,1,1.0,0.9999113439267573,0.054245174892235126,0.0015644625672493473,-0.0031210433255671605,false,not converged
2.23,mixed_mesh_0.025,L,0,-1.0,1.0,n/a,0.0,n/a,false,not converged
2.23,mixed_mesh_0.05,H,0,1.0,1.0,0.054245131653699194,0.0,-0.003121040462708363,false,"converged to pure candidate (1,-1)"
2.23,mixed_mesh_0.05,L,0,-1.0,1.0,n/a,0.0,n/a,false,"converged to pure candidate (1,-1)"
2.235,mixed_mesh_0.025,H,0,0.975,8.257359183930456e-05,0.05308969838516482,0.00157641515175852,-0.0031448941876277142,false,not converged
2.235,mixed_mesh_0.025,H,1,1.0,0.9999174264081606,0.05466611353692334,0.00157641515175852,-0.0031448941876277142,false,not converged
2.235,mixed_mesh_0.025,L,0,-1.0,1.0,n/a,0.0,n/a,false,not converged
2.235,mixed_mesh_0.05,H,0,1.0,1.0,0.054666073019083064,0.0,-0.0031448915052524895,false,"converged to pure candidate (1,-1)"
2.235,mixed_mesh_0.05,L,0,-1.0,1.0,n/a,0.0,n/a,false,"converged to pure candidate (1,-1)"
2.24,mixed_mesh_0.025,H,0,0.975,7.690323328124181e-05,0.05349896210652483,0.0015883788031164775,-0.0031687670347579633,false,not converged
2.24,mixed_mesh_0.025,H,1,1.0,0.9999230967667188,0.055087340909641305,0.0015883788031164775,-0.0031687670347579633,false,not converged
2.24,mixed_mesh_0.025,L,0,-1.0,1.0,n/a,0.0,n/a,false,not converged
2.24,mixed_mesh_0.05,H,0,1.0,1.0,0.055087302944912694,0.0,-0.0031687645217270966,false,"converged to pure candidate (1,-1)"
2.24,mixed_mesh_0.05,L,0,-1.0,1.0,n/a,0.0,n/a,false,"converged to pure candidate (1,-1)"
2.245,mixed_mesh_0.025,H,0,0.975,7.161748072648483e-05,0.05390849979456368,0.0016003534234625416,-0.003192661671348934,false,not converged
2.245,mixed_mesh_0.025,H,1,1.0,0.9999283825192735,0.05550885321802622,0.0016003534234625416,-0.003192661671348934,false,not converged
2.245,mixed_mesh_0.025,L,0,-1.0,1.0,n/a,0.0,n/a,false,not converged
2.245,mixed_mesh_0.05,H,0,1.0,1.0,0.055508817648883435,0.0,-0.0031926593171932166,false,"converged to pure candidate (1,-1)"
2.245,mixed_mesh_0.05,L,0,-1.0,1.0,n/a,0.0,n/a,false,"converged to pure candidate (1,-1)"
2.25,mixed_mesh_0.025,H,0,0.975,6.669062315096375e-05,0.05431830778547571,0.0016123389157887968,-0.0032165779034946385,false,not converged
2.25,mixed_mesh_0.025,H,1,1.0,0.9999333093768491,0.055930646701264505,0.0016123389157887968,-0.0032165779034946385,false,not converged
2.25,mixed_mesh_0.025,L,0,-1.0,1.0,n/a,0.0,n/a,false,not converged
2.25,mixed_mesh_0.05,H,0,1.0,1.0,0.055930613379655256,0.0,-0.0032165756983757177,false,"converged to pure candidate (1,-1)"
2.25,mixed_mesh_0.05,L,0,-1.0,1.0,n/a,0.0,n/a,false,"converged to pure candidate (1,-1)"
2.255,mixed_mesh_0.025,H,0,0.975,6.209863563751069e-05,0.054728382445776366,0.0016243351839295567,-0.003240515538970895,false,not converged
2.255,mixed_mesh_0.025,H,1,1.0,0.9999379013643624,0.05635271762970592,0.0016243351839295567,-0.003240515538970895,false,not converged
2.255,mixed_mesh_0.025,L,0,-1.0,1.0,n/a,0.0,n/a,false,not converged
2.255,mixed_mesh_0.05,H,0,1.0,1.0,0.05635268641650132,0.0,-0.003240513473644735,false,"converged to pure candidate (1,-1)"
2.255,mixed_mesh_0.05,L,0,-1.0,1.0,n/a,0.0,n/a,false,"converged to pure candidate (1,-1)"
2.26,mixed_mesh_0.025,H,0,0.975,5.781907675263008e-05,0.05513872017193856,0.0016363421325513855,-0.0032644743872153326,false,not converged
2.26,mixed_mesh_0.025,H,1,1.0,0.9999421809232473,0.05677506230448995,0.0016363421325513855,-0.0032644743872153326,false,not converged
2.26,mixed_mesh_0.025,L,0,-1.0,1.0,n/a,0.0,n/a,false,not converged
2.26,mixed_mesh_0.05,H,0,1.0,1.0,0.05677503306896205,0.0,-0.003264472452997158,false,"converged to pure candidate (1,-1)"
2.26,mixed_mesh_0.05,L,0,-1.0,1.0,n/a,0.0,n/a,false,"converged to pure candidate (1,-1)"
2.265,mixed_mesh_0.025,H,0,0.975,5.3830986679441714e-05,0.05554931739003184,0.0016483596671427458,-0.003288454259307072,false,not converged
2.265,mixed_mesh_0.025,H,1,1.0,0.9999461690133206,0.05719767705717459,0.0016483596671427458,-0.003288454259307072,false,not converged
2.265,mixed_mesh_0.025,L,0,-1.0,1.0,n/a,0.0,n/a,false,not converged
2.265,mixed_mesh_0.05,H,0,1.0,1.0,0.05719764967650329,0.0,-0.0032884524480386035,false,"converged to pure candidate (1,-1)"
2.265,mixed_mesh_0.05,L,0,-1.0,1.0,n/a,0.0,n/a,false,"converged to pure candidate (1,-1)"
2.27,mixed_mesh_0.025,H,0,0.975,5.011478486662562e-05,0.05596017055536391,0.00166038769400427,-0.0033124549679468818,false,not converged
2.27,mixed_mesh_0.025,H,1,1.0,0.9999498852151334,0.05762055824936818,0.00166038769400427,-0.0033124549679468818,false,not converged
2.27,mixed_mesh_0.025,L,0,-1.0,1.0,n/a,0.0,n/a,false,not converged
2.27,mixed_mesh_0.05,H,0,1.0,1.0,0.05762053260817902,0.0,-0.0033124532719654015,false,"converged to pure candidate (1,-1)"
2.27,mixed_mesh_0.05,L,0,-1.0,1.0,n/a,0.0,n/a,false,"converged to pure candidate (1,-1)"
2.275,mixed_mesh_0.025,H,0,0.975,4.665218450783279e-05,0.05637127615213357,0.0016724261202388235,-0.0033364763274377762,false,not converged
2.275,mixed_mesh_0.025,H,1,1.0,0.9999533478154922,0.05804370227237239,0.0016724261202388235,-0.0033364763274377762,false,not converged
2.275,mixed_mesh_0.025,L,0,-1.0,1.0,n/a,0.0,n/a,false,not converged
2.275,mixed_mesh_0.05,H,0,1.0,1.0,0.05804367826229882,0.0,-0.003336474739546985,false,"converged to pure candidate (1,-1)"
2.275,mixed_mesh_0.05,L,0,-1.0,1.0,n/a,0.0,n/a,false,"converged to pure candidate (1,-1)"
2.28,mixed_mesh_0.025,H,0,0.975,4.342611147675389e-05,0.056782630693088504,0.0016844748537421794,-0.0033605181536659895,false,not converged
2.28,mixed_mesh_0.025,H,1,1.0,0.9999565738885232,0.05846710554683068,0.0016844748537421794,-0.0033605181536659895,false,not converged
2.28,mixed_mesh_0.025,L,0,-1.0,1.0,n/a,0.0,n/a,false,not converged
2.28,mixed_mesh_0.05,H,0,1.0,1.0,0.058467083066099504,0.0,-0.0033605166671083764,false,"converged to pure candidate (1,-1)"
2.28,mixed_mesh_0.05,L,0,-1.0,1.0,n/a,0.0,n/a,false,"converged to pure candidate (1,-1)"
2.285,mixed_mesh_0.025,H,0,0.975,4.0420626652890185e-05,0.0571942307191876,0.0016965338031935673,-0.003384580264082407,false,not converged
2.285,mixed_mesh_0.025,H,1,1.0,0.9999595793733471,0.058890764522381164,0.0016965338031935673,-0.003384580264082407,false,not converged
2.285,mixed_mesh_0.025,L,0,-1.0,1.0,n/a,0.0,n/a,false,not converged
2.285,mixed_mesh_0.05,H,0,1.0,1.0,0.05889074347542092,0.0,-0.003384578872513047,false,"converged to pure candidate (1,-1)"
2.285,mixed_mesh_0.05,L,0,-1.0,1.0,n/a,0.0,n/a,false,"converged to pure candidate (1,-1)"
2.29,mixed_mesh_0.025,H,0,0.975,3.762084681385184e-05,0.05760607279926526,0.0017086028780462642,-0.0034086624776837327,false,not converged
2.29,mixed_mesh_0.025,H,1,1.0,0.9999623791531861,0.059314675677311524,0.0017086028780462642,-0.0034086624776837327,false,not converged
2.29,mixed_mesh_0.025,L,0,-1.0,1.0,n/a,0.0,n/a,false,not converged
2.29,mixed_mesh_0.05,H,0,1.0,1.0,0.05931465597438612,0.0,-0.003408661175145891,false,"converged to pure candidate (1,-1)"
2.29,mixed_mesh_0.05,L,0,-1.0,1.0,n/a,0.0,n/a,false,"converged to pure candidate (1,-1)"
2.295,mixed_mesh_0.025,H,0,0.975,3.501286797546689e-05,0.05801815352970012,0.0017206819885184216,-0.0034327646149939772,false,not converged
2.295,mixed_mesh_0.025,H,1,1.0,0.9999649871320245,0.05973883551821854,0.0017206819885184216,-0.0034327646149939772,false,not converged
2.295,mixed_mesh_0.025,L,0,-1.0,1.0,n/a,0.0,n/a,false,not converged
2.295,mixed_mesh_0.05,H,0,1.0,1.0,0.05973881707508581,0.0,-0.0034327633958964043,false,"converged to pure candidate (1,-1)"
2.295,mixed_mesh_0.05,L,0,-1.0,1.0,n/a,0.0,n/a,false,"converged to pure candidate (1,-1)"
2.3,mixed_mesh_0.025,H,0,0.975,3.2583716830716784e-05,0.05843046953410061,0.0017327710455843914,-0.0034568864980474012,false,not converged
2.3,mixed_mesh_0.025,H,1,1.0,0.9999674162831693,0.060163240579685,0.0017327710455843914,-0.0034568864980474012,false,not converged
2.3,mixed_mesh_0.025,L,0,-1.0,1.0,n/a,0.0,n/a,false,not converged
2.3,mixed_mesh_0.05,H,0,1.0,1.0,0.06016322331726687,0.0,-0.003456885357142267,false,"converged to pure candidate (1,-1)"
2.3,mixed_mesh_0.05,L,0,-1.0,1.0,n/a,0.0,n/a,false,"converged to pure candidate (1,-1)"
2.305,mixed_mesh_0.025,H,0,0.975,3.0321286015532486e-05,0.058843017462985134,0.0017448699609657475,-0.0034810279503704883,false,not converged
2.305,mixed_mesh_0.025,H,1,1.0,0.9999696787139846,0.06058788742395088,0.0017448699609657475,-0.0034810279503704883,false,not converged
2.305,mixed_mesh_0.025,L,0,-1.0,1.0,n/a,0.0,n/a,false,not converged
2.305,mixed_mesh_0.05,H,0,1.0,1.0,0.06058787126802462,0.0,-0.003481026882732857,false,"converged to pure candidate (1,-1)"
2.305,mixed_mesh_0.05,L,0,-1.0,1.0,n/a,0.0,n/a,false,"converged to pure candidate (1,-1)"
2.31,mixed_mesh_0.025,H,0,0.975,2.8214275711003383e-05,0.05925579399346888,0.0017569786471227228,-0.0035051887969647783,false,not converged
2.31,mixed_mesh_0.025,H,1,1.0,0.999971785724289,0.0610127726405916,0.0017569786471227228,-0.0035051887969647783,false,not converged
2.31,mixed_mesh_0.025,L,0,-1.0,1.0,n/a,0.0,n/a,false,not converged
2.31,mixed_mesh_0.05,H,0,1.0,1.0,0.061012757521499525,0.0,-0.003505187797973222,false,"converged to pure candidate (1,-1)"
2.31,mixed_mesh_0.05,L,0,-1.0,1.0,n/a,0.0,n/a,false,"converged to pure candidate (1,-1)"
2.315,mixed_mesh_0.025,H,0,0.975,2.6252140785502067e-05,0.05966879582895568,0.0017690970172455356,-0.003529368864289728,false,not converged
2.315,mixed_mesh_0.025,H,1,1.0,0.9999737478592144,0.061437892846201214,0.0017690970172455356,-0.003529368864289728,false,not converged
2.315,mixed_mesh_0.025,L,0,-1.0,1.0,n/a,0.0,n/a,false,not converged
2.315,mixed_mesh_0.05,H,0,1.0,1.0,0.061437878698577406,0.0,-0.0035293679296081043,false,"converged to pure candidate (1,-1)"
2.315,mixed_mesh_0.05,L,0,-1.0,1.0,n/a,0.0,n/a,false,"converged to pure candidate (1,-1)"
2.32,mixed_mesh_0.025,H,0,0.975,2.4425041283698005e-05,0.060082019698835296,0.0017812249852461187,-0.003553567980245975,false,not converged
2.32,mixed_mesh_0.025,H,1,1.0,0.9999755749587164,0.061863244684081414,0.0017812249852461187,-0.003553567980245975,false,not converged
2.32,mixed_mesh_0.025,L,0,-1.0,1.0,n/a,0.0,n/a,false,not converged
2.32,mixed_mesh_0.05,H,0,1.0,1.0,0.0618632314465941,0.0,-0.0035535671058063434,false,"converged to pure candidate (1,-1)"
2.32,mixed_mesh_0.05,L,0,-1.0,1.0,n/a,0.0,n/a,false,"converged to pure candidate (1,-1)"
2.325,mixed_mesh_0.025,H,0,0.975,2.272382681820417e-05,0.060495462358200525,0.0017933624657503339,-0.0035777859741599055,false,not converged
2.325,mixed_mesh_0.025,H,1,1.0,0.9999772761731819,0.06228882482395086,0.0017933624657503339,-0.0035777859741599055,false,not converged
2.325,mixed_mesh_0.025,L,0,-1.0,1.0,n/a,0.0,n/a,false,not converged
2.325,mixed_mesh_0.05,H,0,1.0,1.0,0.06228881243904301,0.0,-0.003577785156145208,false,"converged to pure candidate (1,-1)"
2.325,mixed_mesh_0.05,L,0,-1.0,1.0,n/a,0.0,n/a,false,"converged to pure candidate (1,-1)"
2.33,mixed_mesh_0.025,H,0,0.975,2.113990460363707e-05,0.06090912058750704,0.0018055093740882155,-0.0036020226767643354,false,not converged
2.33,mixed_mesh_0.025,H,1,1.0,0.9999788600953964,0.06271462996159526,0.0018055093740882155,-0.0036020226767643354,false,not converged
2.33,mixed_mesh_0.025,L,0,-1.0,1.0,n/a,0.0,n/a,false,not converged
2.33,mixed_mesh_0.05,H,0,1.0,1.0,0.06271461837528745,0.0,-0.003602021911595185,false,"converged to pure candidate (1,-1)"
2.33,mixed_mesh_0.05,L,0,-1.0,1.0,n/a,0.0,n/a,false,"converged to pure candidate (1,-1)"
2.335,mixed_mesh_0.025,H,0,0.975,1.9665275677352608e-05,0.06132299119232307,0.001817665626287407,-0.0036262779201850365,false,not converged
2.335,mixed_mesh_0.025,H,1,1.0,0.9999803347243227,0.06314065681861047,0.001817665626287407,-0.0036262779201850365,false,not converged
2.335,mixed_mesh_0.025,L,0,-1.0,1.0,n/a,0.0,n/a,false,not converged
2.335,mixed_mesh_0.05,H,0,1.0,1.0,0.0631406459802757,0.0,-0.00362627720450491,false,"converged to pure candidate (1,-1)"
2.335,mixed_mesh_0.05,L,0,-1.0,1.0,n/a,0.0,n/a,false,"converged to pure candidate (1,-1)"
2.34,mixed_mesh_0.025,H,0,0.975,1.8292494307673048e-05,0.06173707100304349,0.0018298311390651661,-0.0036505515379252063,false,not converged
2.34,mixed_mesh_0.025,H,1,1.0,0.9999817075056924,0.06356690214210865,0.0018298311390651661,-0.0036505515379252063,false,not converged
2.34,mixed_mesh_0.025,L,0,-1.0,1.0,n/a,0.0,n/a,false,not converged
2.34,mixed_mesh_0.05,H,0,1.0,1.0,0.06356689200426067,0.0,-0.003650550868586136,false,"converged to pure candidate (1,-1)"
2.34,mixed_mesh_0.05,L,0,-1.0,1.0,n/a,0.0,n/a,false,"converged to pure candidate (1,-1)"
2.345,mixed_mesh_0.025,H,0,0.975,1.7014599126597523e-05,0.06215135687458995,0.0018420058298200676,-0.003674843364848454,false,not converged
2.345,mixed_mesh_0.025,H,1,1.0,0.9999829854008734,0.06399336270441001,0.0018420058298200676,-0.003674843364848454,false,not converged
2.345,mixed_mesh_0.025,L,0,-1.0,1.0,n/a,0.0,n/a,false,not converged
2.345,mixed_mesh_0.05,H,0,1.0,1.0,0.06399335322252218,0.0,-0.0036748427388990507,false,"converged to pure candidate (1,-1)"
2.345,mixed_mesh_0.05,L,0,-1.0,1.0,n/a,0.0,n/a,false,"converged to pure candidate (1,-1)"
2.35,mixed_mesh_0.025,H,0,0.975,1.582510601354417e-05,0.06256584568614802,0.001854189616624674,-0.0036991532371645763,false,not converged
2.35,mixed_mesh_0.025,H,1,1.0,0.9999841748939864,0.0644200353027727,0.001854189616624674,-0.0036991532371645763,false,not converged
2.35,mixed_mesh_0.025,L,0,-1.0,1.0,n/a,0.0,n/a,false,not converged
2.35,mixed_mesh_0.05,H,0,1.0,1.0,0.06442002643509363,0.0,-0.003699152651837831,false,"converged to pure candidate (1,-1)"
2.35,mixed_mesh_0.05,L,0,-1.0,1.0,n/a,0.0,n/a,false,"converged to pure candidate (1,-1)"
2.355,mixed_mesh_0.025,H,0,0.975,1.4717968443529022e-05,0.06298053434088906,0.0018663824182179878,-0.0037234809924142076,false,not converged
2.355,mixed_mesh_0.025,H,1,1.0,0.9999852820315565,0.06484691675910705,0.0018663824182179878,-0.0037234809924142076,false,not converged
2.355,mixed_mesh_0.025,L,0,-1.0,1.0,n/a,0.0,n/a,false,not converged
2.355,mixed_mesh_0.05,H,0,1.0,1.0,0.0648469084664914,0.0,-0.0037234804451161396,false,"converged to pure candidate (1,-1)"
2.355,mixed_mesh_0.05,L,0,-1.0,1.0,n/a,0.0,n/a,false,"converged to pure candidate (1,-1)"
2.36,mixed_mesh_0.025,H,0,0.975,1.3687548455191266e-05,0.0633954197657009,0.001878584153997928,-0.003747826469453902,false,not converged
2.36,mixed_mesh_0.025,H,1,1.0,0.9999863124515449,0.06527400391969883,0.001878584153997928,-0.003747826469453902,false,not converged
2.36,mixed_mesh_0.025,L,0,-1.0,1.0,n/a,0.0,n/a,false,not converged
2.36,mixed_mesh_0.05,H,0,1.0,1.0,0.06527399616544824,0.0,-0.003747825957753026,false,"converged to pure candidate (1,-1)"
2.36,mixed_mesh_0.05,L,0,-1.0,1.0,n/a,0.0,n/a,false,"converged to pure candidate (1,-1)"
2.365,mixed_mesh_0.025,H,0,0.975,1.2728588068929906e-05,0.06381049891092168,0.00189079474401406,-0.0037721895084416035,false,not converged
2.365,mixed_mesh_0.025,H,1,1.0,0.999987271411931,0.06570129365493574,0.00189079474401406,-0.0037721895084416035,false,not converged
2.365,mixed_mesh_0.025,L,0,-1.0,1.0,n/a,0.0,n/a,false,not converged
2.365,mixed_mesh_0.05,H,0,1.0,1.0,0.06570128640464988,0.0,-0.0037721890300589644,false,"converged to pure candidate (1,-1)"
2.365,mixed_mesh_0.05,L,0,-1.0,1.0,n/a,0.0,n/a,false,"converged to pure candidate (1,-1)"
2.37,mixed_mesh_0.025,H,0,0.975,1.1836185576130773e-05,0.06422576875007859,0.0019030141089602937,-0.0037965699508220735,false,not converged
2.37,mixed_mesh_0.025,H,1,1.0,0.9999881638144239,0.06612878285903888,0.0019030141089602937,-0.0037965699508220735,false,not converged
2.37,mixed_mesh_0.025,L,0,-1.0,1.0,n/a,0.0,n/a,false,not converged
2.37,mixed_mesh_0.05,H,0,1.0,1.0,0.0661287760804746,0.0,-0.003796569503621963,false,"converged to pure candidate (1,-1)"
2.37,mixed_mesh_0.05,L,0,-1.0,1.0,n/a,0.0,n/a,false,"converged to pure candidate (1,-1)"
2.375,mixed_mesh_0.025,H,0,0.975,1.1005772011276649e-05,0.0646412262796303,0.001915242170167919,-0.003820967639313,false,not converged
2.375,mixed_mesh_0.025,H,1,1.0,0.9999889942279887,0.06655646844979822,0.001915242170167919,-0.003820967639313,false,not converged
2.375,mixed_mesh_0.025,L,0,-1.0,1.0,n/a,0.0,n/a,false,not converged
2.375,mixed_mesh_0.05,H,0,1.0,1.0,0.06655646211273682,0.0,-0.0038209672212939916,false,"converged to pure candidate (1,-1)"
2.375,mixed_mesh_0.05,L,0,-1.0,1.0,n/a,0.0,n/a,false,"converged to pure candidate (1,-1)"
2.38,mixed_mesh_0.025,H,0,0.975,1.0233086597523723e-05,0.06505686851871074,0.0019274788495984574,-0.0038453824178906193,false,not converged
2.38,mixed_mesh_0.025,H,1,1.0,0.9999897669134025,0.0669843473683092,0.0019274788495984574,-0.0038453824178906193,false,not converged
2.38,mixed_mesh_0.025,L,0,-1.0,1.0,n/a,0.0,n/a,false,not converged
2.38,mixed_mesh_0.05,H,0,1.0,1.0,0.06698434144443297,0.0,-0.0038453820271775047,false,"converged to pure candidate (1,-1)"
2.38,mixed_mesh_0.05,L,0,-1.0,1.0,n/a,0.0,n/a,false,"converged to pure candidate (1,-1)"
2.385,mixed_mesh_0.025,H,0,0.975,9.514158488229299e-06,0.06547269250887976,0.0019397240698367652,-0.003869814131776117,false,not converged
2.385,mixed_mesh_0.025,H,1,1.0,0.9999904858415117,0.06741241657871652,0.0019397240698367652,-0.003869814131776117,false,not converged
2.385,mixed_mesh_0.025,L,0,-1.0,1.0,n/a,0.0,n/a,false,not converged
2.385,mixed_mesh_0.05,H,0,1.0,1.0,0.06741241104149144,0.0,-0.0038698137666120375,false,"converged to pure candidate (1,-1)"
2.385,mixed_mesh_0.05,L,0,-1.0,1.0,n/a,0.0,n/a,false,"converged to pure candidate (1,-1)"
2.39,mixed_mesh_0.025,H,0,0.975,8.84528807362244e-06,0.06588869531387605,0.0019519777540843997,-0.003894262627422193,false,not converged
2.39,mixed_mesh_0.025,H,1,1.0,0.9999911547119263,0.06784067306796045,0.0019519777540843997,-0.003894262627422193,false,not converged
2.39,mixed_mesh_0.025,L,0,-1.0,1.0,n/a,0.0,n/a,false,not converged
2.39,mixed_mesh_0.05,H,0,1.0,1.0,0.06784066789252531,0.0,-0.0038942622861612153,false,"converged to pure candidate (1,-1)"
2.39,mixed_mesh_0.05,L,0,-1.0,1.0,n/a,0.0,n/a,false,"converged to pure candidate (1,-1)"
2.395,mixed_mesh_0.025,H,0,0.975,8.223026647368713e-06,0.06630487401937109,0.0019642398261526806,-0.003918727752499351,false,not converged
2.395,mixed_mesh_0.025,H,1,1.0,0.9999917769733526,0.06826911384552377,0.0019642398261526806,-0.003918727752499351,false,not converged
2.395,mixed_mesh_0.025,L,0,-1.0,1.0,n/a,0.0,n/a,false,not converged
2.395,mixed_mesh_0.05,H,0,1.0,1.0,0.06826910900858742,0.0,-0.003918727433599722,false,"converged to pure candidate (1,-1)"
2.395,mixed_mesh_0.05,L,0,-1.0,1.0,n/a,0.0,n/a,false,"converged to pure candidate (1,-1)"
2.4,mixed_mesh_0.025,H,0,0.975,7.644157270302443e-06,0.06672122573272808,0.001976510210456084,-0.003943209355882646,false,not converged
2.4,mixed_mesh_0.025,H,1,1.0,0.9999923558427297,0.06869773594318417,0.001976510210456084,-0.003943209355882646,false,not converged
2.4,mixed_mesh_0.025,L,0,-1.0,1.0,n/a,0.0,n/a,false,not converged
2.4,mixed_mesh_0.05,H,0,1.0,1.0,0.06869773142293013,0.0,-0.003943209057900465,false,"converged to pure candidate (1,-1)"
2.4,mixed_mesh_0.05,L,0,-1.0,1.0,n/a,0.0,n/a,false,"converged to pure candidate (1,-1)"
2.405,mixed_mesh_0.025,H,0,0.975,7.105684636325966e-06,0.06713774758276694,0.0019887888320059,-0.003967707287639011,false,not converged
2.405,mixed_mesh_0.025,H,1,1.0,0.9999928943153638,0.06912653641477284,0.0019887888320059,-0.003967707287639011,false,not converged
2.405,mixed_mesh_0.025,L,0,-1.0,1.0,n/a,0.0,n/a,false,not converged
2.405,mixed_mesh_0.05,H,0,1.0,1.0,0.06912653219076662,0.0,-0.003967707009221971,false,"converged to pure candidate (1,-1)"
2.405,mixed_mesh_0.05,L,0,-1.0,1.0,n/a,0.0,n/a,false,"converged to pure candidate (1,-1)"
2.41,mixed_mesh_0.025,H,0,0.975,6.60481968624124e-06,0.06755443671952976,0.002001075616403697,-0.003992221399014187,false,not converged
2.41,mixed_mesh_0.025,H,1,1.0,0.9999933951803137,0.06955551233593346,0.002001075616403697,-0.003992221399014187,false,not converged
2.41,mixed_mesh_0.025,L,0,-1.0,1.0,n/a,0.0,n/a,false,not converged
2.41,mixed_mesh_0.05,H,0,1.0,1.0,0.06955550838903554,0.0,-0.003992221138895871,false,"converged to pure candidate (1,-1)"
2.41,mixed_mesh_0.05,L,0,-1.0,1.0,n/a,0.0,n/a,false,"converged to pure candidate (1,-1)"
2.415,mixed_mesh_0.025,H,0,0.975,6.1389733139300905e-06,0.06797129031405386,0.002013370489835145,-0.004016751542420413,false,not converged
2.415,mixed_mesh_0.025,H,1,1.0,0.9999938610266861,0.069984660803889,0.002013370489835145,-0.004016751542420413,false,not converged
2.415,mixed_mesh_0.025,L,0,-1.0,1.0,n/a,0.0,n/a,false,not converged
2.415,mixed_mesh_0.05,H,0,1.0,1.0,0.06998465711616886,0.0,-0.004016751299414534,false,"converged to pure candidate (1,-1)"
2.415,mixed_mesh_0.05,L,0,-1.0,1.0,n/a,0.0,n/a,false,"converged to pure candidate (1,-1)"
2.42,mixed_mesh_0.025,H,0,0.975,5.7057076661064745e-06,0.06838830555812353,0.002025673379062995,-0.00404129757142252,false,not converged
2.42,mixed_mesh_0.025,H,1,1.0,0.9999942942923339,0.07041397893718652,0.002025673379062995,-0.00404129757142252,false,not converged
2.42,mixed_mesh_0.025,L,0,-1.0,1.0,n/a,0.0,n/a,false,not converged
2.42,mixed_mesh_0.05,H,0,1.0,1.0,0.07041397549186258,0.0,-0.004041297344418965,false,"converged to pure candidate (1,-1)"
2.42,mixed_mesh_0.05,L,0,-1.0,1.0,n/a,0.0,n/a,false,"converged to pure candidate (1,-1)"
2.425,mixed_mesh_0.025,H,0,0.975,5.302766107382087e-06,0.06880547966406837,0.0020379842114218727,-0.004065859340727188,false,not converged
2.425,mixed_mesh_0.025,H,1,1.0,0.9999946972338927,0.07084346387549025,0.0020379842114218727,-0.004065859340727188,false,not converged
2.425,mixed_mesh_0.025,L,0,-1.0,1.0,n/a,0.0,n/a,false,not converged
2.425,mixed_mesh_0.05,H,0,1.0,1.0,0.07084346065684974,0.0,-0.004065859128686691,false,"converged to pure candidate (1,-1)"
2.425,mixed_mesh_0.05,L,0,-1.0,1.0,n/a,0.0,n/a,false,"converged to pure candidate (1,-1)"
2.43,mixed_mesh_0.025,H,0,0.975,4.928046555089849e-06,0.06922280986453275,0.0020503029148117163,-0.004090436706170264,false,not converged
2.43,mixed_mesh_0.025,H,1,1.0,0.999995071953445,0.07127311277934446,0.0020503029148117163,-0.004090436706170264,false,not converged
2.43,mixed_mesh_0.025,L,0,-1.0,1.0,n/a,0.0,n/a,false,not converged
2.43,mixed_mesh_0.05,H,0,1.0,1.0,0.07127310977267667,0.0,-0.004090436508119924,false,"converged to pure candidate (1,-1)"
2.43,mixed_mesh_0.05,L,0,-1.0,1.0,n/a,0.0,n/a,false,"converged to pure candidate (1,-1)"
2.435,mixed_mesh_0.025,H,0,0.975,4.5795910387291e-06,0.06964029341225658,0.002062629417691808,-0.004115029524704578,false,not converged
2.435,mixed_mesh_0.025,H,1,1.0,0.9999954204089613,0.07170292282994839,0.002062629417691808,-0.004115029524704578,false,not converged
2.435,mixed_mesh_0.025,L,0,-1.0,1.0,n/a,0.0,n/a,false,not converged
2.435,mixed_mesh_0.05,H,0,1.0,1.0,0.07170292002148197,0.0,-0.004115029339733817,false,"converged to pure candidate (1,-1)"
2.435,mixed_mesh_0.05,L,0,-1.0,1.0,n/a,0.0,n/a,false,"converged to pure candidate (1,-1)"
2.44,mixed_mesh_0.025,H,0,0.975,4.25557593653293e-06,0.07005792757985906,0.00207496364907489,-0.004139637654388281,false,not converged
2.44,mixed_mesh_0.025,H,1,1.0,0.9999957444240635,0.07213289122893395,0.00207496364907489,-0.004139637654388281,false,not converged
2.44,mixed_mesh_0.025,L,0,-1.0,1.0,n/a,0.0,n/a,false,not converged
2.44,mixed_mesh_0.05,H,0,1.0,1.0,0.07213288860577807,0.0,-0.004139637481644823,false,"converged to pure candidate (1,-1)"
2.44,mixed_mesh_0.05,L,0,-1.0,1.0,n/a,0.0,n/a,false,"converged to pure candidate (1,-1)"
2.445,mixed_mesh_0.025,H,0,0.975,3.9543042208994635e-06,0.07047570965962578,0.0020873055385213224,-0.004164260954373125,false,not converged
2.445,mixed_mesh_0.025,H,1,1.0,0.999996045695779,0.0725630151981471,0.0020873055385213224,-0.004164260954373125,false,not converged
2.445,mixed_mesh_0.025,L,0,-1.0,1.0,n/a,0.0,n/a,false,not converged
2.445,mixed_mesh_0.05,H,0,1.0,1.0,0.0725630127482354,0.0,-0.004164260793059274,false,"converged to pure candidate (1,-1)"
2.445,mixed_mesh_0.05,L,0,-1.0,1.0,n/a,0.0,n/a,false,"converged to pure candidate (1,-1)"
2.45,mixed_mesh_0.025,H,0,0.975,3.674193625407406e-06,0.0708936369632962,0.0020996550161332256,-0.004188899284892758,false,not converged
2.45,mixed_mesh_0.025,H,1,1.0,0.9999963258063747,0.07299329197942943,0.0020996550161332256,-0.004188899284892758,false,not converged
2.45,mixed_mesh_0.025,L,0,-1.0,1.0,n/a,0.0,n/a,false,not converged
2.45,mixed_mesh_0.05,H,0,1.0,1.0,0.07299328969146934,0.0,-0.004188899134262111,false,"converged to pure candidate (1,-1)"
2.45,mixed_mesh_0.05,L,0,-1.0,1.0,n/a,0.0,n/a,false,"converged to pure candidate (1,-1)"
2.455,mixed_mesh_0.025,H,0,0.975,3.4137703815591284e-06,0.0713117068218566,0.002112012012548792,-0.004213552507251431,false,not converged
2.455,mixed_mesh_0.025,H,1,1.0,0.9999965862296184,0.07342371883440539,0.002112012012548792,-0.004213552507251431,false,not converged
2.455,mixed_mesh_0.025,L,0,-1.0,1.0,n/a,0.0,n/a,false,not converged
2.455,mixed_mesh_0.05,H,0,1.0,1.0,0.07342371669782971,0.0,-0.004213552366605616,false,"converged to pure candidate (1,-1)"
2.455,mixed_mesh_0.05,L,0,-1.0,1.0,n/a,0.0,n/a,false,"converged to pure candidate (1,-1)"
2.46,mixed_mesh_0.025,H,0,0.975,3.1716632045855894e-06,0.07172991658533533,0.0021243764589367053,-0.004238220483812824,false,not converged
2.46,mixed_mesh_0.025,H,1,1.0,0.9999968283367954,0.07385429304427203,0.0021243764589367053,-0.004238220483812824,false,not converged
2.46,mixed_mesh_0.025,L,0,-1.0,1.0,n/a,0.0,n/a,false,not converged
2.46,mixed_mesh_0.05,H,0,1.0,1.0,0.07385429104919262,0.0,-0.00423822035249842,false,"converged to pure candidate (1,-1)"
2.46,mixed_mesh_0.05,L,0,-1.0,1.0,n/a,0.0,n/a,false,"converged to pure candidate (1,-1)"
2.465,mixed_mesh_0.025,H,0,0.975,2.9465952960142524e-06,0.07214826362259982,0.002136748286990578,-0.004262903077988919,false,not converged
2.465,mixed_mesh_0.025,H,1,1.0,0.999997053404704,0.0742850119095904,0.002136748286990578,-0.004262903077988919,false,not converged
2.465,mixed_mesh_0.025,L,0,-1.0,1.0,n/a,0.0,n/a,false,not converged
2.465,mixed_mesh_0.05,H,0,1.0,1.0,0.07428501004675532,0.0,-0.004262902955394651,false,"converged to pure candidate (1,-1)"
2.465,mixed_mesh_0.05,L,0,-1.0,1.0,n/a,0.0,n/a,false,"converged to pure candidate (1,-1)"
2.47,mixed_mesh_0.025,H,0,0.975,2.7373779575657564e-06,0.07256674532115616,0.002149127428923453,-0.004287600154229035,false,not converged
2.47,mixed_mesh_0.025,H,1,1.0,0.9999972626220425,0.07471587275007961,0.002149127428923453,-0.004287600154229035,false,not converged
2.47,mixed_mesh_0.025,L,0,-1.0,1.0,n/a,0.0,n/a,false,not converged
2.47,mixed_mesh_0.05,H,0,1.0,1.0,0.07471587101083299,0.0,-0.0042876000397830405,false,"converged to pure candidate (1,-1)"
2.47,mixed_mesh_0.05,L,0,-1.0,1.0,n/a,0.0,n/a,false,"converged to pure candidate (1,-1)"
2.475,mixed_mesh_0.025,H,0,0.975,2.5429046544236626e-06,0.07298535908695156,0.002161513817462421,-0.004312311578008987,false,not converged
2.475,mixed_mesh_0.025,H,1,1.0,0.9999974570953456,0.07514687290441398,0.002161513817462421,-0.004312311578008987,false,not converged
2.475,mixed_mesh_0.025,L,0,-1.0,1.0,n/a,0.0,n/a,false,not converged
2.475,mixed_mesh_0.05,H,0,1.0,1.0,0.07514687128065806,0.0,-0.004312311471176375,false,"converged to pure candidate (1,-1)"
2.475,mixed_mesh_0.05,L,0,-1.0,1.0,n/a,0.0,n/a,false,"converged to pure candidate (1,-1)"
2.48,mixed_mesh_0.025,H,0,0.975,2.3621451731448944e-06,0.07340410234417925,0.0021739073858431934,-0.004337037215820447,false,not converged
2.48,mixed_mesh_0.025,H,1,1.0,0.9999976378548269,0.07557800973002245,0.0021739073858431934,-0.004337037215820447,false,not converged
2.48,mixed_mesh_0.025,L,0,-1.0,1.0,n/a,0.0,n/a,false,not converged
2.48,mixed_mesh_0.05,H,0,1.0,1.0,0.07557800821418248,0.0,-0.004337037116100964,false,"converged to pure candidate (1,-1)"
2.48,mixed_mesh_0.05,L,0,-1.0,1.0,n/a,0.0,n/a,false,"converged to pure candidate (1,-1)"
2.485,mixed_mesh_0.025,H,0,0.975,2.19414074909429e-06,0.07382297253508592,0.0021863080678049124,-0.004361776935160419,false,not converged
2.485,mixed_mesh_0.025,H,1,1.0,0.9999978058592509,0.07600928060289083,0.0021863080678049124,-0.004361776935160419,false,not converged
2.485,mixed_mesh_0.025,L,0,-1.0,1.0,n/a,0.0,n/a,false,not converged
2.485,mixed_mesh_0.05,H,0,1.0,1.0,0.07600927918788179,0.0,-0.00436177684208619,false,"converged to pure candidate (1,-1)"
2.485,mixed_mesh_0.05,L,0,-1.0,1.0,n/a,0.0,n/a,false,"converged to pure candidate (1,-1)"
2.49,mixed_mesh_0.025,H,0,0.975,2.0380000640184696e-06,0.07424196711978194,0.0021987157975850435,-0.004386530604520905,false,not converged
2.49,mixed_mesh_0.025,H,1,1.0,0.999997961999936,0.07644068291736698,0.0021987157975850435,-0.004386530604520905,false,not converged
2.49,mixed_mesh_0.025,L,0,-1.0,1.0,n/a,0.0,n/a,false,not converged
2.49,mixed_mesh_0.05,H,0,1.0,1.0,0.07644068159656153,0.0,-0.0043865305176543495,false,"converged to pure candidate (1,-1)"
2.49,mixed_mesh_0.05,L,0,-1.0,1.0,n/a,0.0,n/a,false,"converged to pure candidate (1,-1)"
2.495,mixed_mesh_0.025,H,0,0.975,1.8928971611889067e-06,0.07466108357605504,0.0022111305099140888,-0.004411298093378674,false,not converged
2.495,mixed_mesh_0.025,H,1,1.0,0.9999981071028389,0.07687221408596913,0.0022111305099140888,-0.004411298093378674,false,not converged
2.495,mixed_mesh_0.025,L,0,-1.0,1.0,n/a,0.0,n/a,false,not converged
2.495,mixed_mesh_0.05,H,0,1.0,1.0,0.07687221285316634,0.0,-0.004411298012310411,false,"converged to pure candidate (1,-1)"
2.495,mixed_mesh_0.05,L,0,-1.0,1.0,n/a,0.0,n/a,false,"converged to pure candidate (1,-1)"
2.5,mixed_mesh_0.025,H,0,0.975,1.7580527633580383e-06,0.07508031939917587,0.002223552140010257,-0.004436079272184534,false,not converged
2.5,mixed_mesh_0.025,H,1,1.0,0.9999982419472366,0.07730387153918612,0.002223552140010257,-0.004436079272184534,false,not converged
2.5,mixed_mesh_0.025,L,0,-1.0,1.0,n/a,0.0,n/a,false,not converged
2.5,mixed_mesh_0.05,H,0,1.0,1.0,0.07730387038859111,0.0,-0.004436079196532036,false,"converged to pure candidate (1,-1)"
2.5,mixed_mesh_0.05,L,0,-1.0,1.0,n/a,0.0,n/a,false,"converged to pure candidate (1,-1)"
2.505,mixed_mesh_0.025,H,0,0.975,1.6327469131038078e-06,0.0754996721017247,0.002235980623574968,-0.004460874012354052,false,not converged
2.505,mixed_mesh_0.025,H,1,1.0,0.9999983672530869,0.07773565272529967,0.002235980623574968,-0.004460874012354052,false,not converged
2.505,mixed_mesh_0.025,L,0,-1.0,1.0,n/a,0.0,n/a,false,not converged
2.505,mixed_mesh_0.05,H,0,1.0,1.0,0.0777356516514943,0.0,-0.00446087394175973,false,"converged to pure candidate (1,-1)"
2.505,mixed_mesh_0.05,L,0,-1.0,1.0,n/a,0.0,n/a,false,"converged to pure candidate (1,-1)"
2.51,mixed_mesh_0.025,H,0,0.975,1.5163102255175182e-06,0.0759191392134077,0.002248415896787606,-0.004485682186257417,false,not converged
2.51,mixed_mesh_0.025,H,1,1.0,0.9999984836897745,0.07816755511019531,0.002248415896787606,-0.004485682186257417,false,not converged
2.51,mixed_mesh_0.025,L,0,-1.0,1.0,n/a,0.0,n/a,false,not converged
2.51,mixed_mesh_0.05,H,0,1.0,1.0,0.07816755410811378,0.0,-0.004485682120386927,false,"converged to pure candidate (1,-1)"
2.51,mixed_mesh_0.05,L,0,-1.0,1.0,n/a,0.0,n/a,false,"converged to pure candidate (1,-1)"
2.515,mixed_mesh_0.025,H,0,0.975,1.4081199412622706e-06,0.07633871828087771,0.0022608578963006637,-0.00451050366720962,false,not converged
2.515,mixed_mesh_0.025,H,1,1.0,0.9999985918800588,0.07859957617717837,0.0022608578963006637,-0.00451050366720962,false,not converged
2.515,mixed_mesh_0.025,L,0,-1.0,1.0,n/a,0.0,n/a,false,not converged
2.515,mixed_mesh_0.05,H,0,1.0,1.0,0.07859957524208457,0.0,-0.004510503605750477,false,"converged to pure candidate (1,-1)"
2.515,mixed_mesh_0.05,L,0,-1.0,1.0,n/a,0.0,n/a,false,"converged to pure candidate (1,-1)"
2.52,mixed_mesh_0.025,H,0,0.975,1.307596628070346e-06,0.07675840686755678,0.002273306559235036,-0.004535338329460903,false,not converged
2.52,mixed_mesh_0.025,H,1,1.0,0.9999986924033719,0.07903171342679181,0.002273306559235036,-0.004535338329460903,false,not converged
2.52,mixed_mesh_0.025,L,0,-1.0,1.0,n/a,0.0,n/a,false,not converged
2.52,mixed_mesh_0.05,H,0,1.0,1.0,0.07903171255425821,0.0,-0.004535338272120992,false,"converged to pure candidate (1,-1)"
2.52,mixed_mesh_0.05,L,0,-1.0,1.0,n/a,0.0,n/a,false,"converged to pure candidate (1,-1)"
2.525,mixed_mesh_0.025,H,0,0.975,1.2142011983248205e-06,0.07717820255346318,0.0022857618231749977,-0.004560186048187115,false,not converged
2.525,mixed_mesh_0.025,H,1,1.0,0.9999987857988017,0.07946396437663818,0.0022857618231749977,-0.004560186048187115,false,not converged
2.525,mixed_mesh_0.025,L,0,-1.0,1.0,n/a,0.0,n/a,false,not converged
2.525,mixed_mesh_0.05,H,0,1.0,1.0,0.07946396356252615,0.0,-0.004560185994693475,false,"converged to pure candidate (1,-1)"
2.525,mixed_mesh_0.05,L,0,-1.0,1.0,n/a,0.0,n/a,false,"converged to pure candidate (1,-1)"
2.53,mixed_mesh_0.025,H,0,0.975,1.127432129368453e-06,0.07759810293503777,0.0022982236261638034,-0.0045850466994804134,false,not converged
2.53,mixed_mesh_0.025,H,1,1.0,0.9999988725678707,0.07989632656120157,0.0022982236261638034,-0.0045850466994804134,false,not converged
2.53,mixed_mesh_0.025,L,0,-1.0,1.0,n/a,0.0,n/a,false,not converged
2.53,mixed_mesh_0.05,H,0,1.0,1.0,0.07989632580164262,0.0,-0.004585046649577859,false,"converged to pure candidate (1,-1)"
2.53,mixed_mesh_0.05,L,0,-1.0,1.0,n/a,0.0,n/a,false,"converged to pure candidate (1,-1)"
2.535,mixed_mesh_0.025,H,0,0.975,1.0468228730463818e-06,0.07801810562497453,0.0023106919066987752,-0.004609920160339939,false,not converged
2.535,mixed_mesh_0.025,H,1,1.0,0.999998953177127,0.08032879753167331,0.0023106919066987752,-0.004609920160339939,false,not converged
2.535,mixed_mesh_0.025,L,0,-1.0,1.0,n/a,0.0,n/a,false,not converged
2.535,mixed_mesh_0.05,H,0,1.0,1.0,0.08032879682305182,0.0,-0.004609920113789995,false,"converged to pure candidate (1,-1)"
2.535,mixed_mesh_0.05,L,0,-1.0,1.0,n/a,0.0,n/a,false,"converged to pure candidate (1,-1)"
2.54,mixed_mesh_0.025,H,0,0.975,9.719394417289817e-07,0.0784382082520515,0.00232316660372682,-0.00463480630866249,false,not converged
2.54,mixed_mesh_0.025,H,1,1.0,0.9999990280605583,0.08076137485577832,0.00232316660372682,-0.00463480630866249,false,not converged
2.54,mixed_mesh_0.025,L,0,-1.0,1.0,n/a,0.0,n/a,false,not converged
2.54,mixed_mesh_0.05,H,0,1.0,1.0,0.08076137419471527,0.0,-0.004634806265242375,false,"converged to pure candidate (1,-1)"
2.54,mixed_mesh_0.05,L,0,-1.0,1.0,n/a,0.0,n/a,false,"converged to pure candidate (1,-1)"
2.545,mixed_mesh_0.025,H,0,0.975,9.023781588945567e-07,0.0788584084609655,0.002335647656639933,-0.004659705023233707,false,not converged
2.545,mixed_mesh_0.025,H,1,1.0,0.9999990976218411,0.08119405611760544,0.002335647656639933,-0.004659705023233707,false,not converged
2.545,mixed_mesh_0.025,L,0,-1.0,1.0,n/a,0.0,n/a,false,not converged
2.545,mixed_mesh_0.05,H,0,1.0,1.0,0.0811940555009432,0.0,-0.004659704982735199,false,"converged to pure candidate (1,-1)"
2.545,mixed_mesh_0.05,L,0,-1.0,1.0,n/a,0.0,n/a,false,"converged to pure candidate (1,-1)"
2.55,mixed_mesh_0.025,H,0,0.975,8.377637633203416e-07,0.07927870391216747,0.0023481350052705907,-0.004684616183718918,false,not converged
2.55,mixed_mesh_0.025,H,1,1.0,0.9999991622362366,0.08162683891743806,0.0023481350052705907,-0.004684616183718918,false,not converged
2.55,mixed_mesh_0.025,L,0,-1.0,1.0,n/a,0.0,n/a,false,not converged
2.55,mixed_mesh_0.05,H,0,1.0,1.0,0.08162683834222585,0.0,-0.0046846161459475205,false,"converged to pure candidate (1,-1)"
2.55,mixed_mesh_0.05,L,0,-1.0,1.0,n/a,0.0,n/a,false,"converged to pure candidate (1,-1)"
2.555,mixed_mesh_0.025,H,0,0.975,7.777471811506938e-07,0.07969909228170009,0.002360628589887448,-0.004709539670654336,false,not converged
2.555,mixed_mesh_0.025,H,1,1.0,0.9999992222528189,0.08205972087158754,0.002360628589887448,-0.004709539670654336,false,not converged
2.555,mixed_mesh_0.025,L,0,-1.0,1.0,n/a,0.0,n/a,false,not converged
2.555,mixed_mesh_0.05,H,0,1.0,1.0,0.08205972033506825,0.0,-0.00470953963542832,false,"converged to pure candidate (1,-1)"
2.555,mixed_mesh_0.05,L,0,-1.0,1.0,n/a,0.0,n/a,false,"converged to pure candidate (1,-1)"
2.56,mixed_mesh_0.025,H,0,0.975,7.220050798659921e-07,0.08011957126103857,0.00237312835119087,-0.0047344753654384175,false,not converged
2.56,mixed_mesh_0.025,H,1,1.0,0.9999992779949202,0.08249269961222944,0.00237312835119087,-0.0047344753654384175,false,not converged
2.56,mixed_mesh_0.025,L,0,-1.0,1.0,n/a,0.0,n/a,false,not converged
2.56,mixed_mesh_0.05,H,0,1.0,1.0,0.08249269911182602,0.0,-0.004734475332587917,false,"converged to pure candidate (1,-1)"
2.56,mixed_mesh_0.05,L,0,-1.0,1.0,n/a,0.0,n/a,false,"converged to pure candidate (1,-1)"
2.565,mixed_mesh_0.025,H,0,0.975,6.702359437155962e-07,0.08054013855693055,0.0023856342303086447,-0.004759423150323058,false,not converged
2.565,mixed_mesh_0.025,H,1,1.0,0.9999993297640563,0.0829257727872392,0.0023856342303086447,-0.004759423150323058,false,not converged
2.565,mixed_mesh_0.025,L,0,-1.0,1.0,n/a,0.0,n/a,false,not converged
2.565,mixed_mesh_0.05,H,0,1.0,1.0,0.0829257723205437,0.0,-0.004759423119689438,false,"converged to pure candidate (1,-1)"
2.565,mixed_mesh_0.05,L,0,-1.0,1.0,n/a,0.0,n/a,false,"converged to pure candidate (1,-1)"
2.57,mixed_mesh_0.025,H,0,0.975,6.221560482744645e-07,0.08096079189123803,0.0023981461687916233,-0.004784382908405008,false,not converged
2.57,mixed_mesh_0.025,H,1,1.0,0.9999993778439518,0.08335893806002966,0.0023981461687916233,-0.004784382908405008,false,not converged
2.57,mixed_mesh_0.025,L,0,-1.0,1.0,n/a,0.0,n/a,false,not converged
2.57,mixed_mesh_0.05,H,0,1.0,1.0,0.08335893762479453,0.0,-0.004784382879840149,false,"converged to pure candidate (1,-1)"
2.57,mixed_mesh_0.05,L,0,-1.0,1.0,n/a,0.0,n/a,false,"converged to pure candidate (1,-1)"
2.575,mixed_mesh_0.025,H,0,0.975,5.775043267809988e-07,0.08138152900078655,0.002410664108609642,-0.0048093545236175955,false,not converged
2.575,mixed_mesh_0.025,H,1,1.0,0.9999994224956732,0.08379219310939619,0.002410664108609642,-0.0048093545236175955,false,not converged
2.575,mixed_mesh_0.025,L,0,-1.0,1.0,n/a,0.0,n/a,false,not converged
2.575,mixed_mesh_0.05,H,0,1.0,1.0,0.08379219270352202,0.0,-0.004809354496983206,false,"converged to pure candidate (1,-1)"
2.575,mixed_mesh_0.05,L,0,-1.0,1.0,n/a,0.0,n/a,false,"converged to pure candidate (1,-1)"
2.58,mixed_mesh_0.025,H,0,0.975,5.36038046662738e-07,0.08180234763721085,0.002423187992147191,-0.004834337880722447,false,not converged
2.58,mixed_mesh_0.025,H,1,1.0,0.9999994639619534,0.08422553562935804,0.002423187992147191,-0.004834337880722447,false,not converged
2.58,mixed_mesh_0.025,L,0,-1.0,1.0,n/a,0.0,n/a,false,not converged
2.58,mixed_mesh_0.05,H,0,1.0,1.0,0.08422553525088385,0.0,-0.004834337855889367,false,"converged to pure candidate (1,-1)"
2.58,mixed_mesh_0.05,L,0,-1.0,1.0,n/a,0.0,n/a,false,"converged to pure candidate (1,-1)"
2.585,mixed_mesh_0.025,H,0,0.975,4.975315111108694e-07,0.08222324556680319,0.0024357177621995435,-0.0048593328653011025,false,not converged
2.585,mixed_mesh_0.025,H,1,1.0,0.9999995024684889,0.08465896332900273,0.0024357177621995435,-0.0048593328653011025,false,not converged
2.585,mixed_mesh_0.025,L,0,-1.0,1.0,n/a,0.0,n/a,false,not converged
2.585,mixed_mesh_0.05,H,0,1.0,1.0,0.08465896297609699,0.0,-0.004859332842148678,false,"converged to pure candidate (1,-1)"
2.585,mixed_mesh_0.05,L,0,-1.0,1.0,n/a,0.0,n/a,false,"converged to pure candidate (1,-1)"
2.59,mixed_mesh_0.025,H,0,0.975,4.617749093570645e-07,0.08264422057036441,0.0024482533619683694,-0.004884339363746867,false,not converged
2.59,mixed_mesh_0.025,H,1,1.0,0.9999995382250907,0.08509247393233278,0.0024482533619683694,-0.004884339363746867,false,not converged
2.59,mixed_mesh_0.025,L,0,-1.0,1.0,n/a,0.0,n/a,false,not converged
2.59,mixed_mesh_0.05,H,0,1.0,1.0,0.085092473603285,0.0,-0.0048843393421624665,false,"converged to pure candidate (1,-1)"
2.59,mixed_mesh_0.05,L,0,-1.0,1.0,n/a,0.0,n/a,false,"converged to pure candidate (1,-1)"
2.595,mixed_mesh_0.025,H,0,0.975,4.2857316279826345e-07,0.0830652704430561,0.0024607947350579057,-0.004909357263256892,false,not converged
2.595,mixed_mesh_0.025,H,1,1.0,0.9999995714268373,0.08552606517811401,0.0024607947350579057,-0.004909357263256892,false,not converged
2.595,mixed_mesh_0.025,L,0,-1.0,1.0,n/a,0.0,n/a,false,not converged
2.595,mixed_mesh_0.05,H,0,1.0,1.0,0.08552606487132684,0.0,-0.004909357243135348,false,"converged to pure candidate (1,-1)"
2.595,mixed_mesh_0.05,L,0,-1.0,1.0,n/a,0.0,n/a,false,"converged to pure candidate (1,-1)"
2.6,mixed_mesh_0.025,H,0,0.975,3.977449552689904e-07,0.0834863929942546,0.0024733418254709455,-0.004934386451824077,false,not converged
2.6,mixed_mesh_0.025,H,1,1.0,0.9999996022550448,0.08595973481972555,0.0024733418254709455,-0.004934386451824077,false,not converged
2.6,mixed_mesh_0.025,L,0,-1.0,1.0,n/a,0.0,n/a,false,not converged
2.6,mixed_mesh_0.05,H,0,1.0,1.0,0.08595973453370744,0.0,-0.004934386433067164,false,"converged to pure candidate (1,-1)"
2.6,mixed_mesh_0.05,L,0,-1.0,1.0,n/a,0.0,n/a,false,"converged to pure candidate (1,-1)"
2.605,mixed_mesh_0.025,H,0,0.975,3.6912174676416644e-07,0.08390758604740715,0.0024858945776048275,-0.004959426818229307,false,not converged
2.605,mixed_mesh_0.025,H,1,1.0,0.9999996308782533,0.08639348062501198,0.0024858945776048275,-0.004959426818229307,false,not converged
2.605,mixed_mesh_0.025,L,0,-1.0,1.0,n/a,0.0,n/a,false,not converged
2.605,mixed_mesh_0.05,H,0,1.0,1.0,0.08639348035837012,0.0,-0.004959426800745376,false,"converged to pure candidate (1,-1)"
2.605,mixed_mesh_0.05,L,0,-1.0,1.0,n/a,0.0,n/a,false,"converged to pure candidate (1,-1)"
2.61,mixed_mesh_0.025,H,0,0.975,3.425469450610198e-07,0.08432884743988904,0.002498452936247633,-0.0049844782520337,false,not converged
2.61,mixed_mesh_0.025,H,1,1.0,0.999999657453055,0.08682730037613667,0.002498452936247633,-0.0049844782520337,false,not converged
2.61,mixed_mesh_0.025,L,0,-1.0,1.0,n/a,0.0,n/a,false,not converged
2.61,mixed_mesh_0.05,H,0,1.0,1.0,0.08682730012757058,0.0,-0.004984478235737139,false,"converged to pure candidate (1,-1)"
2.61,mixed_mesh_0.05,L,0,-1.0,1.0,n/a,0.0,n/a,false,"converged to pure candidate (1,-1)"
2.615,mixed_mesh_0.025,H,0,0.975,3.1787608523978203e-07,0.08475017502286328,0.002511016846574385,-0.005009540643570842,false,not converged
2.615,mixed_mesh_0.025,H,1,1.0,0.9999996821239148,0.08726119186943766,0.002511016846574385,-0.005009540643570842,false,not converged
2.615,mixed_mesh_0.025,L,0,-1.0,1.0,n/a,0.0,n/a,false,not converged
2.615,mixed_mesh_0.05,H,0,1.0,1.0,0.0872611916377324,0.0,-0.005009540628381742,false,"converged to pure candidate (1,-1)"
2.615,mixed_mesh_0.05,L,0,-1.0,1.0,n/a,0.0,n/a,false,"converged to pure candidate (1,-1)"
2.62,mixed_mesh_0.025,H,0,0.975,2.94974814910506e-07,0.08517156666114094,0.00252358625414309,-0.0050346138839393595,false,not converged
2.62,mixed_mesh_0.025,H,1,1.0,0.9999997050251851,0.08769515291528403,0.00252358625414309,-0.0050346138839393595,false,not converged
2.62,mixed_mesh_0.025,L,0,-1.0,1.0,n/a,0.0,n/a,false,not converged
2.62,mixed_mesh_0.05,H,0,1.0,1.0,0.08769515269930449,0.0,-0.005034613869782975,false,"converged to pure candidate (1,-1)"
2.62,mixed_mesh_0.05,L,0,-1.0,1.0,n/a,0.0,n/a,false,"converged to pure candidate (1,-1)"
2.625,mixed_mesh_0.025,H,0,0.975,2.737144834147228e-07,0.0855930202330402,0.0025361611048909938,-0.005059697864994966,false,not converged
2.625,mixed_mesh_0.025,H,1,1.0,0.9999997262855166,0.0881291813379312,0.0025361611048909938,-0.005059697864994966,false,not converged
2.625,mixed_mesh_0.025,L,0,-1.0,1.0,n/a,0.0,n/a,false,not converged
2.625,mixed_mesh_0.05,H,0,1.0,1.0,0.0881291811366198,0.0,-0.005059697851801756,false,"converged to pure candidate (1,-1)"
2.625,mixed_mesh_0.05,L,0,-1.0,1.0,n/a,0.0,n/a,false,"converged to pure candidate (1,-1)"
2.63,mixed_mesh_0.025,H,0,0.975,2.5397824607177725e-07,0.08601453363025542,0.0025487413451310975,-0.005084792479343667,false,not converged
2.63,mixed_mesh_0.025,H,1,1.0,0.999999746021754,0.08856327497538652,0.0025487413451310975,-0.005084792479343667,false,not converged
2.63,mixed_mesh_0.025,L,0,-1.0,1.0,n/a,0.0,n/a,false,not converged
2.63,mixed_mesh_0.05,H,0,1.0,1.0,0.08856327478775601,0.0,-0.005084792467048654,false,"converged to pure candidate (1,-1)"
2.63,mixed_mesh_0.05,L,0,-1.0,1.0,n/a,0.0,n/a,false,"converged to pure candidate (1,-1)"
2.635,mixed_mesh_0.025,H,0,0.975,2.3565751874083503e-07,0.08643610475772028,0.0025613269215481738,-0.005109897620334022,false,not converged
2.635,mixed_mesh_0.025,H,1,1.0,0.9999997643424813,0.08899743167926845,0.0025613269215481738,-0.005109897620334022,false,not converged
2.635,mixed_mesh_0.025,L,0,-1.0,1.0,n/a,0.0,n/a,false,not converged
2.635,mixed_mesh_0.05,H,0,1.0,1.0,0.08899743150439737,0.0,-0.005109897608876604,false,"converged to pure candidate (1,-1)"
2.635,mixed_mesh_0.05,L,0,-1.0,1.0,n/a,0.0,n/a,false,"converged to pure candidate (1,-1)"
2.64,mixed_mesh_0.025,H,0,0.975,2.1865139861939396e-07,0.08685773153347483,0.002573917781195506,-0.005135013182050119,false,not converged
2.64,mixed_mesh_0.025,H,1,1.0,0.9999997813486013,0.08943164931467033,0.002573917781195506,-0.005135013182050119,false,not converged
2.64,mixed_mesh_0.025,L,0,-1.0,1.0,n/a,0.0,n/a,false,not converged
2.64,mixed_mesh_0.05,H,0,1.0,1.0,0.08943164915169861,0.0,-0.005135013171373756,false,"converged to pure candidate (1,-1)"
2.64,mixed_mesh_0.05,L,0,-1.0,1.0,n/a,0.0,n/a,false,"converged to pure candidate (1,-1)"
2.645,mixed_mesh_0.025,H,0,0.975,2.0286612528909588e-07,0.08727941188853358,0.0025865138714909475,-0.005160139059304236,false,not converged
2.645,mixed_mesh_0.025,H,1,1.0,0.9999997971338748,0.08986592576002453,0.0025865138714909475,-0.005160139059304236,false,not converged
2.645,mixed_mesh_0.025,L,0,-1.0,1.0,n/a,0.0,n/a,false,not converged
2.645,mixed_mesh_0.05,H,0,1.0,1.0,0.08986592560814949,0.0,-0.0051601390493561106,false,"converged to pure candidate (1,-1)"
2.645,mixed_mesh_0.05,L,0,-1.0,1.0,n/a,0.0,n/a,false,"converged to pure candidate (1,-1)"
2.65,mixed_mesh_0.025,H,0,0.975,1.8821457920305715e-07,0.08770114376675585,0.002599115140213576,-0.00518527514762987,false,not converged
2.65,mixed_mesh_0.025,H,1,1.0,0.9999998117854207,0.09030025890696942,0.002599115140213576,-0.00518527514762987,false,not converged
2.65,mixed_mesh_0.025,L,0,-1.0,1.0,n/a,0.0,n/a,false,not converged
2.65,mixed_mesh_0.05,H,0,1.0,1.0,0.09030025876544205,0.0,-0.0051852751383607565,false,"converged to pure candidate (1,-1)"
2.65,mixed_mesh_0.05,L,0,-1.0,1.0,n/a,0.0,n/a,false,"converged to pure candidate (1,-1)"
2.655,mixed_mesh_0.025,H,0,0.975,1.7461943736668997e-07,0.08812292512471954,0.0026117215355002527,-0.005210421343274901,false,not converged
2.655,mixed_mesh_0.025,H,1,1.0,0.9999998253805626,0.0907346466602198,0.0026117215355002527,-0.005210421343274901,false,not converged
2.655,mixed_mesh_0.025,L,0,-1.0,1.0,n/a,0.0,n/a,false,not converged
2.655,mixed_mesh_0.05,H,0,1.0,1.0,0.09073464652833833,0.0,-0.005210421334638657,false,"converged to pure candidate (1,-1)"
2.655,mixed_mesh_0.05,L,0,-1.0,1.0,n/a,0.0,n/a,false,"converged to pure candidate (1,-1)"
2.66,mixed_mesh_0.025,H,0,0.975,1.6201063873822174e-07,0.08854475393159257,0.0026243330058420555,-0.005235577543194508,false,not converged
2.66,mixed_mesh_0.025,H,1,1.0,0.9999998379893613,0.09116908693743463,0.0026243330058420555,-0.005235577543194508,false,not converged
2.66,mixed_mesh_0.025,L,0,-1.0,1.0,n/a,0.0,n/a,false,not converged
2.66,mixed_mesh_0.05,H,0,1.0,1.0,0.09116908681454017,0.0,-0.005235577535147862,false,"converged to pure candidate (1,-1)"
2.66,mixed_mesh_0.05,L,0,-1.0,1.0,n/a,0.0,n/a,false,"converged to pure candidate (1,-1)"
2.665,mixed_mesh_0.025,H,0,0.975,1.5031399957709284e-07,0.08896662816899875,0.0026369495000806153,-0.00526074364504385,false,not converged
2.665,mixed_mesh_0.025,H,1,1.0,0.9999998496860004,0.09160357766907937,0.0026369495000806153,-0.00526074364504385,false,not converged
2.665,mixed_mesh_0.025,L,0,-1.0,1.0,n/a,0.0,n/a,false,not converged
2.665,mixed_mesh_0.05,H,0,1.0,1.0,0.09160357755455988,0.0,-0.005260743637546528,false,"converged to pure candidate (1,-1)"
2.665,mixed_mesh_0.05,L,0,-1.0,1.0,n/a,0.0,n/a,false,"converged to pure candidate (1,-1)"
2.67,mixed_mesh_0.025,H,0,0.975,1.394633691036195e-07,0.08938854583090311,0.002649570967405035,-0.005285919547171863,false,not converged
2.67,mixed_mesh_0.025,H,1,1.0,0.9999998605366309,0.09203811679830814,0.002649570967405035,-0.005285919547171863,false,not converged
2.67,mixed_mesh_0.025,L,0,-1.0,1.0,n/a,0.0,n/a,false,not converged
2.67,mixed_mesh_0.05,H,0,1.0,1.0,0.09203811669159319,0.0,-0.005285919540186423,false,"converged to pure candidate (1,-1)"
2.67,mixed_mesh_0.05,L,0,-1.0,1.0,n/a,0.0,n/a,false,"converged to pure candidate (1,-1)"
2.675,mixed_mesh_0.025,H,0,0.975,1.4073687696110102e-07,0.08981050493191219,0.0026621973576368835,-0.0053111051491848416,false,not converged
2.675,mixed_mesh_0.025,H,1,1.0,0.9999998592631231,0.09247270228954907,0.0026621973576368835,-0.0053111051491848416,false,not converged
2.675,mixed_mesh_0.025,L,0,-1.0,1.0,n/a,0.0,n/a,false,not converged
2.675,mixed_mesh_0.05,H,0,1.0,1.0,0.09247270218139278,0.0,-0.005311105142105976,false,"converged to pure candidate (1,-1)"
2.675,mixed_mesh_0.05,L,0,-1.0,1.0,n/a,0.0,n/a,false,"converged to pure candidate (1,-1)"
2.68,mixed_mesh_0.025,H,0,0.975,1.3058939478484313e-07,0.09023250347288134,0.002674828620053818,-0.005336300349619821,false,not converged
2.68,mixed_mesh_0.025,H,1,1.0,0.9999998694106053,0.09290733209293515,0.002674828620053818,-0.005336300349619821,false,not converged
2.68,mixed_mesh_0.025,L,0,-1.0,1.0,n/a,0.0,n/a,false,not converged
2.68,mixed_mesh_0.05,H,0,1.0,1.0,0.09290733199214356,0.0,-0.005336300343023848,false,"converged to pure candidate (1,-1)"
2.68,mixed_mesh_0.05,L,0,-1.0,1.0,n/a,0.0,n/a,false,"converged to pure candidate (1,-1)"
2.685,mixed_mesh_0.025,H,0,0.975,1.211700440618119e-07,0.09065453949308734,0.002687464705176265,-0.005361505049478119,false,not converged
2.685,mixed_mesh_0.025,H,1,1.0,0.9999998788299559,0.0933420041982636,0.002687464705176265,-0.005361505049478119,false,not converged
2.685,mixed_mesh_0.025,L,0,-1.0,1.0,n/a,0.0,n/a,false,not converged
2.685,mixed_mesh_0.05,H,0,1.0,1.0,0.09334200410433924,0.0,-0.005361505043332354,false,"converged to pure candidate (1,-1)"
2.685,mixed_mesh_0.05,L,0,-1.0,1.0,n/a,0.0,n/a,false,"converged to pure candidate (1,-1)"
2.69,mixed_mesh_0.025,H,0,0.975,1.1242697133041121e-07,0.09107661103463228,0.002700105563549715,-0.005386719149817018,false,not converged
2.69,mixed_mesh_0.025,H,1,1.0,0.9999998875730287,0.093776716598182,0.002700105563549715,-0.005386719149817018,false,not converged
2.69,mixed_mesh_0.025,L,0,-1.0,1.0,n/a,0.0,n/a,false,not converged
2.69,mixed_mesh_0.05,H,0,1.0,1.0,0.09377671651066065,0.0,-0.005386719144090987,false,"converged to pure candidate (1,-1)"
2.69,mixed_mesh_0.05,L,0,-1.0,1.0,n/a,0.0,n/a,false,"converged to pure candidate (1,-1)"
2.695,mixed_mesh_0.025,H,0,0.975,1.04311855826941e-07,0.09149871615135526,0.0027127511460507125,-0.005411942552354748,false,not converged
2.695,mixed_mesh_0.025,H,1,1.0,0.9999998956881442,0.09421146729740597,0.0027127511460507125,-0.005411942552354748,false,not converged
2.695,mixed_mesh_0.025,L,0,-1.0,1.0,n/a,0.0,n/a,false,not converged
2.695,mixed_mesh_0.05,H,0,1.0,1.0,0.09421146721585455,0.0,-0.005411942547019988,false,"converged to pure candidate (1,-1)"
2.695,mixed_mesh_0.05,L,0,-1.0,1.0,n/a,0.0,n/a,false,"converged to pure candidate (1,-1)"
2.7,mixed_mesh_0.025,H,0,1.0,1.0,0.0946462542366147,0.0,-0.0027254014013709665,false,not converged
2.7,mixed_mesh_0.025,L,0,-1.0,1.0,n/a,0.0,n/a,false,not converged
2.7,mixed_mesh_0.05,H,0,1.0,1.0,0.0946462542366147,0.0,-0.005437175154494184,false,"converged to pure candidate (1,-1)"
2.7,mixed_mesh_0.05,L,0,-1.0,1.0,n/a,0.0,n/a,false,"converged to pure candidate (1,-1)"
2.705,mixed_mesh_0.025,H,0,1.0,1.0,0.0950810756014634,0.0,-0.002738056286237009,false,not converged
2.705,mixed_mesh_0.025,L,0,-1.0,1.0,n/a,0.0,n/a,false,not converged
2.705,mixed_mesh_0.05,H,0,1.0,1.0,0.0950810756014634,0.0,-0.0054624168695365655,false,"converged to pure candidate (1,-1)"
2.705,mixed_mesh_0.05,L,0,-1.0,1.0,n/a,0.0,n/a,false,"converged to pure candidate (1,-1)"
2.71,mixed_mesh_0.025,H,0,1.0,1.0,0.0955159293506351,0.0,-0.002750715749803248,false,"converged to pure candidate (1,-1)"
2.71,mixed_mesh_0.025,L,0,-1.0,1.0,n/a,0.0,n/a,false,"converged to pure candidate (1,-1)"
2.71,mixed_mesh_0.05,H,0,1.0,1.0,0.0955159293506351,0.0,-0.005487667595812179,false,"converged to pure candidate (1,-1)"
2.71,mixed_mesh_0.05,L,0,-1.0,1.0,n/a,0.0,n/a,false,"converged to pure candidate (1,-1)"
2.715,mixed_mesh_0.025,H,0,1.0,1.0,0.09595081353596059,0.0,-0.0027633797442398605,false,"converged to pure candidate (1,-1)"
2.715,mixed_mesh_0.025,L,0,-1.0,1.0,n/a,0.0,n/a,false,"converged to pure candidate (1,-1)"
2.715,mixed_mesh_0.05,H,0,1.0,1.0,0.09595081353596059,0.0,-0.005512927237622076,false,"converged to pure candidate (1,-1)"
2.715,mixed_mesh_0.05,L,0,-1.0,1.0,n/a,0.0,n/a,false,"converged to pure candidate (1,-1)"
2.72,mixed_mesh_0.025,H,0,1.0,1.0,0.0963857262207528,0.0,-0.0027760482220323957,false,"converged to pure candidate (1,-1)"
2.72,mixed_mesh_0.025,L,0,-1.0,1.0,n/a,0.0,n/a,false,"converged to pure candidate (1,-1)"
2.72,mixed_mesh_0.05,H,0,1.0,1.0,0.0963857262207528,0.0,-0.005538195699897122,false,"converged to pure candidate (1,-1)"
2.72,mixed_mesh_0.05,L,0,-1.0,1.0,n/a,0.0,n/a,false,"converged to pure candidate (1,-1)"
2.725,mixed_mesh_0.025,H,0,1.0,1.0,0.09682066547969388,0.0,-0.0027887211359790137,false,"converged to pure candidate (1,-1)"
2.725,mixed_mesh_0.025,L,0,-1.0,1.0,n/a,0.0,n/a,false,"converged to pure candidate (1,-1)"
2.725,mixed_mesh_0.05,H,0,1.0,1.0,0.09682066547969388,0.0,-0.0055634728881921724,false,"converged to pure candidate (1,-1)"
2.725,mixed_mesh_0.05,L,0,-1.0,1.0,n/a,0.0,n/a,false,"converged to pure candidate (1,-1)"
2.73,mixed_mesh_0.025,H,0,1.0,1.0,0.09725562939872316,0.0,-0.002801398439187336,false,"converged to pure candidate (1,-1)"
2.73,mixed_mesh_0.025,L,0,-1.0,1.0,n/a,0.0,n/a,false,"converged to pure candidate (1,-1)"
2.73,mixed_mesh_0.05,H,0,1.0,1.0,0.09725562939872316,0.0,-0.005588758708680086,false,"converged to pure candidate (1,-1)"
2.73,mixed_mesh_0.05,L,0,-1.0,1.0,n/a,0.0,n/a,false,"converged to pure candidate (1,-1)"
2.735,mixed_mesh_0.025,H,0,1.0,1.0,0.09769061607492685,0.0,-0.002814080085071613,false,"converged to pure candidate (1,-1)"
2.735,mixed_mesh_0.025,L,0,-1.0,1.0,n/a,0.0,n/a,false,"converged to pure candidate (1,-1)"
2.735,mixed_mesh_0.05,H,0,1.0,1.0,0.09769061607492685,0.0,-0.005614053068145858,false,"converged to pure candidate (1,-1)"
2.735,mixed_mesh_0.05,L,0,-1.0,1.0,n/a,0.0,n/a,false,"converged to pure candidate (1,-1)"
2.74,mixed_mesh_0.025,H,0,1.0,1.0,0.09812562361642845,0.0,-0.0028267660273497974,false,"converged to pure candidate (1,-1)"
2.74,mixed_mesh_0.025,L,0,-1.0,1.0,n/a,0.0,n/a,false,"converged to pure candidate (1,-1)"
2.74,mixed_mesh_0.05,H,0,1.0,1.0,0.09812562361642845,0.0,-0.005639355873980886,false,"converged to pure candidate (1,-1)"
2.74,mixed_mesh_0.05,L,0,-1.0,1.0,n/a,0.0,n/a,false,"converged to pure candidate (1,-1)"
2.745,mixed_mesh_0.025,H,0,1.0,1.0,0.09856065014228028,0.0,-0.002839456220040684,false,"converged to pure candidate (1,-1)"
2.745,mixed_mesh_0.025,L,0,-1.0,1.0,n/a,0.0,n/a,false,"converged to pure candidate (1,-1)"
2.745,mixed_mesh_0.05,H,0,1.0,1.0,0.09856065014228028,0.0,-0.0056646670341771455,false,"converged to pure candidate (1,-1)"
2.745,mixed_mesh_0.05,L,0,-1.0,1.0,n/a,0.0,n/a,false,"converged to pure candidate (1,-1)"
2.75,mixed_mesh_0.025,H,0,1.0,1.0,0.09899569378235688,0.0,-0.0028521506174611355,false,"converged to pure candidate (1,-1)"
2.75,mixed_mesh_0.025,L,0,-1.0,1.0,n/a,0.0,n/a,false,"converged to pure candidate (1,-1)"
2.75,mixed_mesh_0.05,H,0,1.0,1.0,0.09899569378235688,0.0,-0.005689986457321758,false,"converged to pure candidate (1,-1)"
2.75,mixed_mesh_0.05,L,0,-1.0,1.0,n/a,0.0,n/a,false,"converged to pure candidate (1,-1)"
2.755,mixed_mesh_0.025,H,0,1.0,1.0,0.09943075267724866,0.0,-0.0028648491742231247,false,"converged to pure candidate (1,-1)"
2.755,mixed_mesh_0.025,L,0,-1.0,1.0,n/a,0.0,n/a,false,"converged to pure candidate (1,-1)"
2.755,mixed_mesh_0.05,H,0,1.0,1.0,0.09943075267724866,0.0,-0.0057153140525910695,false,"converged to pure candidate (1,-1)"
2.755,mixed_mesh_0.05,L,0,-1.0,1.0,n/a,0.0,n/a,false,"converged to pure candidate (1,-1)"
2.76,mixed_mesh_0.025,H,0,1.0,1.0,0.09986582497815726,0.0,-0.0028775518452311827,false,"converged to pure candidate (1,-1)"
2.76,mixed_mesh_0.025,L,0,-1.0,1.0,n/a,0.0,n/a,false,"converged to pure candidate (1,-1)"
2.76,mixed_mesh_0.05,H,0,1.0,1.0,0.09986582497815726,0.0,-0.005740649729745348,false,"converged to pure candidate (1,-1)"
2.76,mixed_mesh_0.05,L,0,-1.0,1.0,n/a,0.0,n/a,false,"converged to pure candidate (1,-1)"
2.765,mixed_mesh_0.025,H,0,1.0,1.0,0.1003009088467916,0.0,-0.0028902585856794005,false,"converged to pure candidate (1,-1)"
2.765,mixed_mesh_0.025,L,0,-1.0,1.0,n/a,0.0,n/a,false,"converged to pure candidate (1,-1)"
2.765,mixed_mesh_0.05,H,0,1.0,1.0,0.1003009088467916,0.0,-0.005765993399123245,false,"converged to pure candidate (1,-1)"
2.765,mixed_mesh_0.05,L,0,-1.0,1.0,n/a,0.0,n/a,false,"converged to pure candidate (1,-1)"
2.77,mixed_mesh_0.025,H,0,1.0,1.0,0.10073600245526577,0.0,-0.002902969351048973,false,"converged to pure candidate (1,-1)"
2.77,mixed_mesh_0.025,L,0,-1.0,1.0,n/a,0.0,n/a,false,"converged to pure candidate (1,-1)"
2.77,mixed_mesh_0.05,H,0,1.0,1.0,0.10073600245526577,0.0,-0.005791344971636303,false,"converged to pure candidate (1,-1)"
2.77,mixed_mesh_0.05,L,0,-1.0,1.0,n/a,0.0,n/a,false,"converged to pure candidate (1,-1)"
2.775,mixed_mesh_0.025,H,0,1.0,1.0,0.10117110398599698,0.0,-0.0029156840971053394,false,"converged to pure candidate (1,-1)"
2.775,mixed_mesh_0.025,L,0,-1.0,1.0,n/a,0.0,n/a,false,"converged to pure candidate (1,-1)"
2.775,mixed_mesh_0.05,H,0,1.0,1.0,0.10117110398599698,0.0,-0.0058167043587637746,false,"converged to pure candidate (1,-1)"
2.775,mixed_mesh_0.05,L,0,-1.0,1.0,n/a,0.0,n/a,false,"converged to pure candidate (1,-1)"
2.78,mixed_mesh_0.025,H,0,1.0,1.0,0.10160621163160535,0.0,-0.0029284027798955614,false,"converged to pure candidate (1,-1)"
2.78,mixed_mesh_0.025,L,0,-1.0,1.0,n/a,0.0,n/a,false,"converged to pure candidate (1,-1)"
2.78,mixed_mesh_0.05,H,0,1.0,1.0,0.10160621163160535,0.0,-0.0058420714725470335,false,"converged to pure candidate (1,-1)"
2.78,mixed_mesh_0.05,L,0,-1.0,1.0,n/a,0.0,n/a,false,"converged to pure candidate (1,-1)"
2.785,mixed_mesh_0.025,H,0,1.0,1.0,0.10204132359481456,0.0,-0.0029411253557457273,false,"converged to pure candidate (1,-1)"
2.785,mixed_mesh_0.025,L,0,-1.0,1.0,n/a,0.0,n/a,false,"converged to pure candidate (1,-1)"
2.785,mixed_mesh_0.05,H,0,1.0,1.0,0.10204132359481456,0.0,-0.005867446225584563,false,"converged to pure candidate (1,-1)"
2.785,mixed_mesh_0.05,L,0,-1.0,1.0,n/a,0.0,n/a,false,"converged to pure candidate (1,-1)"
2.79,mixed_mesh_0.025,H,0,1.0,1.0,0.10247643808835331,0.0,-0.002953851781258357,false,"converged to pure candidate (1,-1)"
2.79,mixed_mesh_0.025,L,0,-1.0,1.0,n/a,0.0,n/a,false,"converged to pure candidate (1,-1)"
2.79,mixed_mesh_0.05,H,0,1.0,1.0,0.10247643808835331,0.0,-0.00589282853102667,false,"converged to pure candidate (1,-1)"
2.79,mixed_mesh_0.05,L,0,-1.0,1.0,n/a,0.0,n/a,false,"converged to pure candidate (1,-1)"
2.795,mixed_mesh_0.025,H,0,1.0,1.0,0.10291155333485812,0.0,-0.002966582013309793,false,"converged to pure candidate (1,-1)"
2.795,mixed_mesh_0.025,L,0,-1.0,1.0,n/a,0.0,n/a,false,"converged to pure candidate (1,-1)"
2.795,mixed_mesh_0.05,H,0,1.0,1.0,0.10291155333485812,0.0,-0.005918218302570374,false,"converged to pure candidate (1,-1)"
2.795,mixed_mesh_0.05,L,0,-1.0,1.0,n/a,0.0,n/a,false,"converged to pure candidate (1,-1)"
2.8,mixed_mesh_0.025,H,0,1.0,1.0,0.10334666756677716,0.0,-0.0029793160090477028,false,"converged to pure candidate (1,-1)"
2.8,mixed_mesh_0.025,L,0,-1.0,1.0,n/a,0.0,n/a,false,"converged to pure candidate (1,-1)"
2.8,mixed_mesh_0.05,H,0,1.0,1.0,0.10334666756677716,0.0,-0.005943615454454293,false,"converged to pure candidate (1,-1)"
2.8,mixed_mesh_0.05,L,0,-1.0,1.0,n/a,0.0,n/a,false,"converged to pure candidate (1,-1)"
2.805,mixed_mesh_0.025,H,0,1.0,1.0,0.10378177902627464,0.0,-0.002992053725888455,false,"converged to pure candidate (1,-1)"
2.805,mixed_mesh_0.025,L,0,-1.0,1.0,n/a,0.0,n/a,false,"converged to pure candidate (1,-1)"
2.805,mixed_mesh_0.05,H,0,1.0,1.0,0.10378177902627464,0.0,-0.005969019901453557,false,"converged to pure candidate (1,-1)"
2.805,mixed_mesh_0.05,L,0,-1.0,1.0,n/a,0.0,n/a,false,"converged to pure candidate (1,-1)"
2.81,mixed_mesh_0.025,H,0,1.0,1.0,0.10421688596513655,0.0,-0.003004795121514789,false,"converged to pure candidate (1,-1)"
2.81,mixed_mesh_0.025,L,0,-1.0,1.0,n/a,0.0,n/a,false,"converged to pure candidate (1,-1)"
2.81,mixed_mesh_0.05,H,0,1.0,1.0,0.10421688596513655,0.0,-0.0059944315588749825,false,"converged to pure candidate (1,-1)"
2.81,mixed_mesh_0.05,L,0,-1.0,1.0,n/a,0.0,n/a,false,"converged to pure candidate (1,-1)"
2.815,mixed_mesh_0.025,H,0,1.0,1.0,0.10465198664467788,0.0,-0.003017540153873219,false,"converged to pure candidate (1,-1)"
2.815,mixed_mesh_0.025,L,0,-1.0,1.0,n/a,0.0,n/a,false,"converged to pure candidate (1,-1)"
2.815,mixed_mesh_0.05,H,0,1.0,1.0,0.10465198664467788,0.0,-0.006019850342552063,false,"converged to pure candidate (1,-1)"
2.815,mixed_mesh_0.05,L,0,-1.0,1.0,n/a,0.0,n/a,false,"converged to pure candidate (1,-1)"
2.82,mixed_mesh_0.025,H,0,1.0,1.0,0.10508707933564941,0.0,-0.003030288781171689,false,"converged to pure candidate (1,-1)"
2.82,mixed_mesh_0.025,L,0,-1.0,1.0,n/a,0.0,n/a,false,"converged to pure candidate (1,-1)"
2.82,mixed_mesh_0.05,H,0,1.0,1.0,0.10508707933564941,0.0,-0.006045276168840041,false,"converged to pure candidate (1,-1)"
2.82,mixed_mesh_0.05,L,0,-1.0,1.0,n/a,0.0,n/a,false,"converged to pure candidate (1,-1)"
2.825,mixed_mesh_0.025,H,0,1.0,1.0,0.10552216231814694,0.0,-0.003043040961877047,false,"converged to pure candidate (1,-1)"
2.825,mixed_mesh_0.025,L,0,-1.0,1.0,n/a,0.0,n/a,false,"converged to pure candidate (1,-1)"
2.825,mixed_mesh_0.05,H,0,1.0,1.0,0.10552216231814694,0.0,-0.006070708954611134,false,"converged to pure candidate (1,-1)"
2.825,mixed_mesh_0.05,L,0,-1.0,1.0,n/a,0.0,n/a,false,"converged to pure candidate (1,-1)"
2.83,mixed_mesh_0.025,H,0,1.0,1.0,0.1059572338815205,0.0,-0.0030557966547127696,false,"converged to pure candidate (1,-1)"
2.83,mixed_mesh_0.025,L,0,-1.0,1.0,n/a,0.0,n/a,false,"converged to pure candidate (1,-1)"
2.83,mixed_mesh_0.05,H,0,1.0,1.0,0.1059572338815205,0.0,-0.006096148617249858,false,"converged to pure candidate (1,-1)"
2.83,mixed_mesh_0.05,L,0,-1.0,1.0,n/a,0.0,n/a,false,"converged to pure candidate (1,-1)"
2.835,mixed_mesh_0.025,H,0,1.0,1.0,0.10639229232428489,0.0,-0.0030685558186565043,false,"converged to pure candidate (1,-1)"
2.835,mixed_mesh_0.025,L,0,-1.0,1.0,n/a,0.0,n/a,false,"converged to pure candidate (1,-1)"
2.835,mixed_mesh_0.05,H,0,1.0,1.0,0.10639229232428489,0.0,-0.006121595074648073,false,"converged to pure candidate (1,-1)"
2.835,mixed_mesh_0.05,L,0,-1.0,1.0,n/a,0.0,n/a,false,"converged to pure candidate (1,-1)"
2.8364169640989404,mixed_mesh_0.025,H,0,1.0,1.0,0.10651558214266592,0.0,-0.003072172299683762,false,"converged to pure candidate (1,-1)"
2.8364169640989404,mixed_mesh_0.025,L,0,-1.0,1.0,n/a,0.0,n/a,false,"converged to pure candidate (1,-1)"
2.8364169640989404,mixed_mesh_0.05,H,0,1.0,1.0,0.10651558214266592,0.0,-0.006128807642297826,false,"converged to pure candidate (1,-1)"
2.8364169640989404,mixed_mesh_0.05,L,0,-1.0,1.0,n/a,0.0,n/a,false,"converged to pure candidate (1,-1)"
2.8373169640989404,mixed_mesh_0.025,H,0,1.0,1.0,0.10659389036261015,0.0,-0.0030744694891779306,false,"converged to pure candidate (1,-1)"
2.8373169640989404,mixed_mesh_0.025,L,0,-1.0,1.0,n/a,0.0,n/a,false,"converged to pure candidate (1,-1)"
2.8373169640989404,mixed_mesh_0.05,H,0,1.0,1.0,0.10659389036261015,0.0,-0.006133389061407313,false,"converged to pure candidate (1,-1)"
2.8373169640989404,mixed_mesh_0.05,L,0,-1.0,1.0,n/a,0.0,n/a,false,"converged to pure candidate (1,-1)"
2.8374169640989404,mixed_mesh_0.025,H,0,1.0,1.0,0.10660259124492695,0.0,-0.0030747247392823723,false,"converged to pure candidate (1,-1)"
2.8374169640989404,mixed_mesh_0.025,L,0,-1.0,1.0,n/a,0.0,n/a,false,"converged to pure candidate (1,-1)"
2.8374169640989404,mixed_mesh_0.05,H,0,1.0,1.0,0.10660259124492695,0.0,-0.00613389812133458,false,"converged to pure candidate (1,-1)"
2.8374169640989404,mixed_mesh_0.05,L,0,-1.0,1.0,n/a,0.0,n/a,false,"converged to pure candidate (1,-1)"
2.8375169640989404,mixed_mesh_0.025,H,0,1.0,1.0,0.10661129212099239,0.0,-0.0030749799907511532,false,"converged to pure candidate (1,-1)"
2.8375169640989404,mixed_mesh_0.025,L,0,-1.0,1.0,n/a,0.0,n/a,false,"converged to pure candidate (1,-1)"
2.8375169640989404,mixed_mesh_0.05,H,0,1.0,1.0,0.10661129212099239,0.0,-0.006134407183931462,false,"converged to pure candidate (1,-1)"
2.8375169640989404,mixed_mesh_0.05,L,0,-1.0,1.0,n/a,0.0,n/a,false,"converged to pure candidate (1,-1)"
2.8384169640989404,mixed_mesh_0.025,H,0,1.0,1.0,0.1066895997220438,0.0,-0.003077277315308949,false,"converged to pure candidate (1,-1)"
2.8384169640989404,mixed_mesh_0.025,L,0,-1.0,1.0,n/a,0.0,n/a,false,"converged to pure candidate (1,-1)"
2.8384169640989404,mixed_mesh_0.05,H,0,1.0,1.0,0.1066895997220438,0.0,-0.006138988867325237,false,"converged to pure candidate (1,-1)"
2.8384169640989404,mixed_mesh_0.05,L,0,-1.0,1.0,n/a,0.0,n/a,false,"converged to pure candidate (1,-1)"
2.84,mixed_mesh_0.025,H,0,1.0,1.0,0.10682733595403139,0.0,-0.00308131841293785,false,"converged to pure candidate (1,-1)"
2.84,mixed_mesh_0.025,L,0,-1.0,1.0,n/a,0.0,n/a,false,"converged to pure candidate (1,-1)"
2.84,mixed_mesh_0.05,H,0,1.0,1.0,0.10682733595403139,0.0,-0.006147048245200626,false,"converged to pure candidate (1,-1)"
2.84,mixed_mesh_0.05,L,0,-1.0,1.0,n/a,0.0,n/a,false,"converged to pure candidate (1,-1)"
2.845,mixed_mesh_0.025,H,0,1.0,1.0,0.10726236308733954,0.0,-0.0030940843970358872,false,"converged to pure candidate (1,-1)"
2.845,mixed_mesh_0.025,L,0,-1.0,1.0,n/a,0.0,n/a,false,"converged to pure candidate (1,-1)"
2.845,mixed_mesh_0.05,H,0,1.0,1.0,0.10726236308733954,0.0,-0.00617250804780034,false,"converged to pure candidate (1,-1)"
2.845,mixed_mesh_0.05,L,0,-1.0,1.0,n/a,0.0,n/a,false,"converged to pure candidate (1,-1)"
2.85,mixed_mesh_0.025,H,0,1.0,1.0,0.10769737204969045,0.0,-0.0031068537306770116,false,"converged to pure candidate (1,-1)"
2.85,mixed_mesh_0.025,L,0,-1.0,1.0,n/a,0.0,n/a,false,"converged to pure candidate (1,-1)"
2.85,mixed_mesh_0.05,H,0,1.0,1.0,0.10769737204969045,0.0,-0.006197974401833797,false,"converged to pure candidate (1,-1)"
2.85,mixed_mesh_0.05,L,0,-1.0,1.0,n/a,0.0,n/a,false,"converged to pure candidate (1,-1)"
2.855,mixed_mesh_0.025,H,0,1.0,1.0,0.1081323611753814,0.0,-0.003119626373832632,false,"converged to pure candidate (1,-1)"
2.855,mixed_mesh_0.025,L,0,-1.0,1.0,n/a,0.0,n/a,false,"converged to pure candidate (1,-1)"
2.855,mixed_mesh_0.05,H,0,1.0,1.0,0.1081323611753814,0.0,-0.006223447227176618,false,"converged to pure candidate (1,-1)"
2.855,mixed_mesh_0.05,L,0,-1.0,1.0,n/a,0.0,n/a,false,"converged to pure candidate (1,-1)"
2.86,mixed_mesh_0.025,H,0,1.0,1.0,0.10856732880744009,0.0,-0.0031324022867169066,false,"converged to pure candidate (1,-1)"
2.86,mixed_mesh_0.025,L,0,-1.0,1.0,n/a,0.0,n/a,false,"converged to pure candidate (1,-1)"
2.86,mixed_mesh_0.05,H,0,1.0,1.0,0.10856732880744009,0.0,-0.0062489264441890485,false,"converged to pure candidate (1,-1)"
2.86,mixed_mesh_0.05,L,0,-1.0,1.0,n/a,0.0,n/a,false,"converged to pure candidate (1,-1)"
2.865,mixed_mesh_0.025,H,0,1.0,1.0,0.10900227329754093,0.0,-0.003145181429784538,false,"converged to pure candidate (1,-1)"
2.865,mixed_mesh_0.025,L,0,-1.0,1.0,n/a,0.0,n/a,false,"converged to pure candidate (1,-1)"
2.865,mixed_mesh_0.05,H,0,1.0,1.0,0.10900227329754093,0.0,-0.006274411973711466,false,"converged to pure candidate (1,-1)"
2.865,mixed_mesh_0.05,L,0,-1.0,1.0,n/a,0.0,n/a,false,"converged to pure candidate (1,-1)"
2.87,mixed_mesh_0.025,H,0,1.0,1.0,0.10943719300592135,0.0,-0.0031579637637285662,false,"converged to pure candidate (1,-1)"
2.87,mixed_mesh_0.025,L,0,-1.0,1.0,n/a,0.0,n/a,false,"converged to pure candidate (1,-1)"
2.87,mixed_mesh_0.05,H,0,1.0,1.0,0.10943719300592135,0.0,-0.006299903737059992,false,"converged to pure candidate (1,-1)"
2.87,mixed_mesh_0.05,L,0,-1.0,1.0,n/a,0.0,n/a,false,"converged to pure candidate (1,-1)"
2.875,mixed_mesh_0.025,H,0,1.0,1.0,0.10987208630129981,0.0,-0.003170749249478161,false,"converged to pure candidate (1,-1)"
2.875,mixed_mesh_0.025,L,0,-1.0,1.0,n/a,0.0,n/a,false,"converged to pure candidate (1,-1)"
2.875,mixed_mesh_0.05,H,0,1.0,1.0,0.10987208630129981,0.0,-0.006325401656022217,false,"converged to pure candidate (1,-1)"
2.875,mixed_mesh_0.05,L,0,-1.0,1.0,n/a,0.0,n/a,false,"converged to pure candidate (1,-1)"
2.88,mixed_mesh_0.025,H,0,1.0,1.0,0.11030695156079358,0.0,-0.003183537848196638,false,"converged to pure candidate (1,-1)"
2.88,mixed_mesh_0.025,L,0,-1.0,1.0,n/a,0.0,n/a,false,"converged to pure candidate (1,-1)"
2.88,mixed_mesh_0.05,H,0,1.0,1.0,0.11030695156079358,0.0,-0.006350905652852901,false,"converged to pure candidate (1,-1)"
2.88,mixed_mesh_0.05,L,0,-1.0,1.0,n/a,0.0,n/a,false,"converged to pure candidate (1,-1)"
2.885,mixed_mesh_0.025,H,0,1.0,1.0,0.11074178716983847,0.0,-0.0031963295212790455,false,"converged to pure candidate (1,-1)"
2.885,mixed_mesh_0.025,L,0,-1.0,1.0,n/a,0.0,n/a,false,"converged to pure candidate (1,-1)"
2.885,mixed_mesh_0.05,H,0,1.0,1.0,0.11074178716983847,0.0,-0.006376415650269585,false,"converged to pure candidate (1,-1)"
2.885,mixed_mesh_0.05,L,0,-1.0,1.0,n/a,0.0,n/a,false,"converged to pure candidate (1,-1)"
2.89,mixed_mesh_0.025,H,0,1.0,1.0,0.1111765915221083,0.0,-0.00320912423035033,false,"converged to pure candidate (1,-1)"
2.89,mixed_mesh_0.025,L,0,-1.0,1.0,n/a,0.0,n/a,false,"converged to pure candidate (1,-1)"
2.89,mixed_mesh_0.05,H,0,1.0,1.0,0.1111765915221083,0.0,-0.006401931571448499,false,"converged to pure candidate (1,-1)"
2.89,mixed_mesh_0.05,L,0,-1.0,1.0,n/a,0.0,n/a,false,"converged to pure candidate (1,-1)"
2.895,mixed_mesh_0.025,H,0,1.0,1.0,0.11161136301943593,0.0,-0.0032219219372630614,false,"converged to pure candidate (1,-1)"
2.895,mixed_mesh_0.025,L,0,-1.0,1.0,n/a,0.0,n/a,false,"converged to pure candidate (1,-1)"
2.895,mixed_mesh_0.05,H,0,1.0,1.0,0.11161136301943593,0.0,-0.006427453340020289,false,"converged to pure candidate (1,-1)"
2.895,mixed_mesh_0.05,L,0,-1.0,1.0,n/a,0.0,n/a,false,"converged to pure candidate (1,-1)"
2.9,mixed_mesh_0.025,H,0,1.0,1.0,0.112046100071735,0.0,-0.0032347226040954635,false,"converged to pure candidate (1,-1)"
2.9,mixed_mesh_0.025,L,0,-1.0,1.0,n/a,0.0,n/a,false,"converged to pure candidate (1,-1)"
2.9,mixed_mesh_0.05,H,0,1.0,1.0,0.112046100071735,0.0,-0.006452980880066156,false,"converged to pure candidate (1,-1)"
2.9,mixed_mesh_0.05,L,0,-1.0,1.0,n/a,0.0,n/a,false,"converged to pure candidate (1,-1)"
2.905,mixed_mesh_0.025,H,0,1.0,1.0,0.11248080109692192,0.0,-0.003247526193149358,false,"converged to pure candidate (1,-1)"
2.905,mixed_mesh_0.025,L,0,-1.0,1.0,n/a,0.0,n/a,false,"converged to pure candidate (1,-1)"
2.905,mixed_mesh_0.05,H,0,1.0,1.0,0.11248080109692192,0.0,-0.0064785141161133875,false,"converged to pure candidate (1,-1)"
2.905,mixed_mesh_0.05,L,0,-1.0,1.0,n/a,0.0,n/a,false,"converged to pure candidate (1,-1)"
2.91,mixed_mesh_0.025,H,0,1.0,1.0,0.1129154645208394,0.0,-0.0032603326669481125,false,"converged to pure candidate (1,-1)"
2.91,mixed_mesh_0.025,L,0,-1.0,1.0,n/a,0.0,n/a,false,"converged to pure candidate (1,-1)"
2.91,mixed_mesh_0.05,H,0,1.0,1.0,0.1129154645208394,0.0,-0.0065040529731315855,false,"converged to pure candidate (1,-1)"
2.91,mixed_mesh_0.05,L,0,-1.0,1.0,n/a,0.0,n/a,false,"converged to pure candidate (1,-1)"
2.915,mixed_mesh_0.025,H,0,1.0,1.0,0.11335008877717982,0.0,-0.003273141988234529,false,"converged to pure candidate (1,-1)"
2.915,mixed_mesh_0.025,L,0,-1.0,1.0,n/a,0.0,n/a,false,"converged to pure candidate (1,-1)"
2.915,mixed_mesh_0.05,H,0,1.0,1.0,0.11335008877717982,0.0,-0.006529597376528501,false,"converged to pure candidate (1,-1)"
2.915,mixed_mesh_0.05,L,0,-1.0,1.0,n/a,0.0,n/a,false,"converged to pure candidate (1,-1)"
2.92,mixed_mesh_0.025,H,0,1.0,1.0,0.11378467230741045,0.0,-0.003285954119969181,false,"converged to pure candidate (1,-1)"
2.92,mixed_mesh_0.025,L,0,-1.0,1.0,n/a,0.0,n/a,false,"converged to pure candidate (1,-1)"
2.92,mixed_mesh_0.05,H,0,1.0,1.0,0.11378467230741045,0.0,-0.006555147252146204,false,"converged to pure candidate (1,-1)"
2.92,mixed_mesh_0.05,L,0,-1.0,1.0,n/a,0.0,n/a,false,"converged to pure candidate (1,-1)"
2.925,mixed_mesh_0.025,H,0,1.0,1.0,0.11421921356069865,0.0,-0.0032987690253281354,false,"converged to pure candidate (1,-1)"
2.925,mixed_mesh_0.025,L,0,-1.0,1.0,n/a,0.0,n/a,false,"converged to pure candidate (1,-1)"
2.925,mixed_mesh_0.05,H,0,1.0,1.0,0.11421921356069865,0.0,-0.006580702526257143,false,"converged to pure candidate (1,-1)"
2.925,mixed_mesh_0.05,L,0,-1.0,1.0,n/a,0.0,n/a,false,"converged to pure candidate (1,-1)"
2.93,mixed_mesh_0.025,H,0,1.0,1.0,0.11465371099383766,0.0,-0.0033115866677011496,false,"converged to pure candidate (1,-1)"
2.93,mixed_mesh_0.025,L,0,-1.0,1.0,n/a,0.0,n/a,false,"converged to pure candidate (1,-1)"
2.93,mixed_mesh_0.05,H,0,1.0,1.0,0.11465371099383766,0.0,-0.006606263125560119,false,"converged to pure candidate (1,-1)"
2.93,mixed_mesh_0.05,L,0,-1.0,1.0,n/a,0.0,n/a,false,"converged to pure candidate (1,-1)"
2.935,mixed_mesh_0.025,H,0,1.0,1.0,0.11508816307117388,0.0,-0.003324407010689645,false,"converged to pure candidate (1,-1)"
2.935,mixed_mesh_0.025,L,0,-1.0,1.0,n/a,0.0,n/a,false,"converged to pure candidate (1,-1)"
2.935,mixed_mesh_0.05,H,0,1.0,1.0,0.11508816307117388,0.0,-0.00663182897717654,false,"converged to pure candidate (1,-1)"
2.935,mixed_mesh_0.05,L,0,-1.0,1.0,n/a,0.0,n/a,false,"converged to pure candidate (1,-1)"
2.94,mixed_mesh_0.025,H,0,1.0,1.0,0.1155225682645344,0.0,-0.003337230018105042,false,"converged to pure candidate (1,-1)"
2.94,mixed_mesh_0.025,L,0,-1.0,1.0,n/a,0.0,n/a,false,"converged to pure candidate (1,-1)"
2.94,mixed_mesh_0.05,H,0,1.0,1.0,0.1155225682645344,0.0,-0.0066574000086467855,false,"converged to pure candidate (1,-1)"
2.94,mixed_mesh_0.05,L,0,-1.0,1.0,n/a,0.0,n/a,false,"converged to pure candidate (1,-1)"
2.945,mixed_mesh_0.025,H,0,1.0,1.0,0.11595692505315498,0.0,-0.0033500556539665383,false,"converged to pure candidate (1,-1)"
2.945,mixed_mesh_0.025,L,0,-1.0,1.0,n/a,0.0,n/a,false,"converged to pure candidate (1,-1)"
2.945,mixed_mesh_0.05,H,0,1.0,1.0,0.11595692505315498,0.0,-0.006682976147926012,false,"converged to pure candidate (1,-1)"
2.945,mixed_mesh_0.05,L,0,-1.0,1.0,n/a,0.0,n/a,false,"converged to pure candidate (1,-1)"
2.95,mixed_mesh_0.025,H,0,1.0,1.0,0.11639123192360941,0.0,-0.003362883882499501,false,"converged to pure candidate (1,-1)"
2.95,mixed_mesh_0.025,L,0,-1.0,1.0,n/a,0.0,n/a,false,"converged to pure candidate (1,-1)"
2.95,mixed_mesh_0.05,H,0,1.0,1.0,0.11639123192360941,0.0,-0.006708557323380937,false,"converged to pure candidate (1,-1)"
2.95,mixed_mesh_0.05,L,0,-1.0,1.0,n/a,0.0,n/a,false,"converged to pure candidate (1,-1)"
2.955,mixed_mesh_0.025,H,0,1.0,1.0,0.11682548736973893,0.0,-0.003375714668133467,false,"converged to pure candidate (1,-1)"
2.955,mixed_mesh_0.025,L,0,-1.0,1.0,n/a,0.0,n/a,false,"converged to pure candidate (1,-1)"
2.955,mixed_mesh_0.05,H,0,1.0,1.0,0.11682548736973893,0.0,-0.006734143463785702,false,"converged to pure candidate (1,-1)"
2.955,mixed_mesh_0.05,L,0,-1.0,1.0,n/a,0.0,n/a,false,"converged to pure candidate (1,-1)"
2.96,mixed_mesh_0.025,H,0,1.0,1.0,0.11725968989258269,0.0,-0.0033885479755004777,false,"converged to pure candidate (1,-1)"
2.96,mixed_mesh_0.025,L,0,-1.0,1.0,n/a,0.0,n/a,false,"converged to pure candidate (1,-1)"
2.96,mixed_mesh_0.05,H,0,1.0,1.0,0.11725968989258269,0.0,-0.0067597344983184315,false,"converged to pure candidate (1,-1)"
2.96,mixed_mesh_0.05,L,0,-1.0,1.0,n/a,0.0,n/a,false,"converged to pure candidate (1,-1)"
2.965,mixed_mesh_0.025,H,0,1.0,1.0,0.1176938380003087,0.0,-0.0034013837694331084,false,"converged to pure candidate (1,-1)"
2.965,mixed_mesh_0.025,L,0,-1.0,1.0,n/a,0.0,n/a,false,"converged to pure candidate (1,-1)"
2.965,mixed_mesh_0.05,H,0,1.0,1.0,0.1176938380003087,0.0,-0.006785330356557678,false,"converged to pure candidate (1,-1)"
2.965,mixed_mesh_0.05,L,0,-1.0,1.0,n/a,0.0,n/a,false,"converged to pure candidate (1,-1)"
2.97,mixed_mesh_0.025,H,0,1.0,1.0,0.1181279302081459,0.0,-0.0034142220149626923,false,"converged to pure candidate (1,-1)"
2.97,mixed_mesh_0.025,L,0,-1.0,1.0,n/a,0.0,n/a,false,"converged to pure candidate (1,-1)"
2.97,mixed_mesh_0.05,H,0,1.0,1.0,0.1181279302081459,0.0,-0.006810930968478707,false,"converged to pure candidate (1,-1)"
2.97,mixed_mesh_0.05,L,0,-1.0,1.0,n/a,0.0,n/a,false,"converged to pure candidate (1,-1)"
2.975,mixed_mesh_0.025,H,0,1.0,1.0,0.11856196503831572,0.0,-0.003427062677317627,false,"converged to pure candidate (1,-1)"
2.975,mixed_mesh_0.025,L,0,-1.0,1.0,n/a,0.0,n/a,false,"converged to pure candidate (1,-1)"
2.975,mixed_mesh_0.05,H,0,1.0,1.0,0.11856196503831572,0.0,-0.006836536264449855,false,"converged to pure candidate (1,-1)"
2.975,mixed_mesh_0.05,L,0,-1.0,1.0,n/a,0.0,n/a,false,"converged to pure candidate (1,-1)"
2.98,mixed_mesh_0.025,H,0,1.0,1.0,0.11899594101996598,0.0,-0.0034399057219215434,false,"converged to pure candidate (1,-1)"
2.98,mixed_mesh_0.025,L,0,-1.0,1.0,n/a,0.0,n/a,false,"converged to pure candidate (1,-1)"
2.98,mixed_mesh_0.05,H,0,1.0,1.0,0.11899594101996598,0.0,-0.006862146175229261,false,"converged to pure candidate (1,-1)"
2.98,mixed_mesh_0.05,L,0,-1.0,1.0,n/a,0.0,n/a,false,"converged to pure candidate (1,-1)"
2.985,mixed_mesh_0.025,H,0,1.0,1.0,0.11942985668910418,0.0,-0.003452751114391639,false,"converged to pure candidate (1,-1)"
2.985,mixed_mesh_0.025,L,0,-1.0,1.0,n/a,0.0,n/a,false,"converged to pure candidate (1,-1)"
2.985,mixed_mesh_0.05,H,0,1.0,1.0,0.11942985668910418,0.0,-0.006887760631961282,false,"converged to pure candidate (1,-1)"
2.985,mixed_mesh_0.05,L,0,-1.0,1.0,n/a,0.0,n/a,false,"converged to pure candidate (1,-1)"
2.99,mixed_mesh_0.025,H,0,1.0,1.0,0.11986371058853158,0.0,-0.003465598820536847,false,"converged to pure candidate (1,-1)"
2.99,mixed_mesh_0.025,L,0,-1.0,1.0,n/a,0.0,n/a,false,"converged to pure candidate (1,-1)"
2.99,mixed_mesh_0.05,H,0,1.0,1.0,0.11986371058853158,0.0,-0.006913379566172939,false,"converged to pure candidate (1,-1)"
2.99,mixed_mesh_0.05,L,0,-1.0,1.0,n/a,0.0,n/a,false,"converged to pure candidate (1,-1)"
2.995,mixed_mesh_0.025,H,0,1.0,1.0,0.12029750126777843,0.0,-0.0034784488063562824,false,"converged to pure candidate (1,-1)"
2.995,mixed_mesh_0.025,L,0,-1.0,1.0,n/a,0.0,n/a,false,"converged to pure candidate (1,-1)"
2.995,mixed_mesh_0.05,H,0,1.0,1.0,0.12029750126777843,0.0,-0.006939002909770731,false,"converged to pure candidate (1,-1)"
2.995,mixed_mesh_0.05,L,0,-1.0,1.0,n/a,0.0,n/a,false,"converged to pure candidate (1,-1)"
3,mixed_mesh_0.025,H,0,1.0,1.0,0.12073122728303941,0.0,-0.0034913010380372977,false,"converged to pure candidate (1,-1)"
3,mixed_mesh_0.025,L,0,-1.0,1.0,n/a,0.0,n/a,false,"converged to pure candidate (1,-1)"
3,mixed_mesh_0.05,H,0,1.0,1.0,0.12073122728303941,0.0,-0.006964630595036991,false,"converged to pure candidate (1,-1)"
3,mixed_mesh_0.05,L,0,-1.0,1.0,n/a,0.0,n/a,false,"converged to pure candidate (1,-1)"
3.005,mixed_mesh_0.025,H,0,1.0,1.0,0.12116488719710973,0.0,-0.0035041554819540965,false,"converged to pure candidate (1,-1)"
3.005,mixed_mesh_0.025,L,0,-1.0,1.0,n/a,0.0,n/a,false,"converged to pure candidate (1,-1)"
3.005,mixed_mesh_0.05,H,0,1.0,1.0,0.12116488719710973,0.0,-0.006990262554626675,false,"converged to pure candidate (1,-1)"
3.005,mixed_mesh_0.05,L,0,-1.0,1.0,n/a,0.0,n/a,false,"converged to pure candidate (1,-1)"
3.01,mixed_mesh_0.025,H,0,1.0,1.0,0.12159847957932222,0.0,-0.0035170121046659286,false,"converged to pure candidate (1,-1)"
3.01,mixed_mesh_0.025,L,0,-1.0,1.0,n/a,0.0,n/a,false,"converged to pure candidate (1,-1)"
3.01,mixed_mesh_0.05,H,0,1.0,1.0,0.12159847957932222,0.0,-0.00701589872156419,false,"converged to pure candidate (1,-1)"
3.01,mixed_mesh_0.05,L,0,-1.0,1.0,n/a,0.0,n/a,false,"converged to pure candidate (1,-1)"
3.015,mixed_mesh_0.025,H,0,1.0,1.0,0.12203200300548402,0.0,-0.0035298708729154527,false,"converged to pure candidate (1,-1)"
3.015,mixed_mesh_0.025,L,0,-1.0,1.0,n/a,0.0,n/a,false,"converged to pure candidate (1,-1)"
3.015,mixed_mesh_0.05,H,0,1.0,1.0,0.12203200300548402,0.0,-0.007041539029239791,false,"converged to pure candidate (1,-1)"
3.015,mixed_mesh_0.05,L,0,-1.0,1.0,n/a,0.0,n/a,false,"converged to pure candidate (1,-1)"
3.02,mixed_mesh_0.025,H,0,1.0,1.0,0.12246545605781521,0.0,-0.0035427317536270986,false,"converged to pure candidate (1,-1)"
3.02,mixed_mesh_0.025,L,0,-1.0,1.0,n/a,0.0,n/a,false,"converged to pure candidate (1,-1)"
3.02,mixed_mesh_0.05,H,0,1.0,1.0,0.12246545605781521,0.0,-0.007067183411406663,false,"converged to pure candidate (1,-1)"
3.02,mixed_mesh_0.05,L,0,-1.0,1.0,n/a,0.0,n/a,false,"converged to pure candidate (1,-1)"
3.025,mixed_mesh_0.025,H,0,1.0,1.0,0.12289883732488706,0.0,-0.0035555947139054855,false,"converged to pure candidate (1,-1)"
3.025,mixed_mesh_0.025,L,0,-1.0,1.0,n/a,0.0,n/a,false,"converged to pure candidate (1,-1)"
3.025,mixed_mesh_0.05,H,0,1.0,1.0,0.12289883732488706,0.0,-0.007092831802177402,false,"converged to pure candidate (1,-1)"
3.025,mixed_mesh_0.05,L,0,-1.0,1.0,n/a,0.0,n/a,false,"converged to pure candidate (1,-1)"
3.03,mixed_mesh_0.025,H,0,1.0,1.0,0.12333214540156108,0.0,-0.003568459721033951,false,"converged to pure candidate (1,-1)"
3.03,mixed_mesh_0.025,L,0,-1.0,1.0,n/a,0.0,n/a,false,"converged to pure candidate (1,-1)"
3.03,mixed_mesh_0.05,H,0,1.0,1.0,0.12333214540156108,0.0,-0.007118484136021175,false,"converged to pure candidate (1,-1)"
3.03,mixed_mesh_0.05,L,0,-1.0,1.0,n/a,0.0,n/a,false,"converged to pure candidate (1,-1)"
3.035,mixed_mesh_0.025,H,0,1.0,1.0,0.12376537888892881,0.0,-0.003581326742472579,false,"converged to pure candidate (1,-1)"
3.035,mixed_mesh_0.025,L,0,-1.0,1.0,n/a,0.0,n/a,false,"converged to pure candidate (1,-1)"
3.035,mixed_mesh_0.05,H,0,1.0,1.0,0.12376537888892881,0.0,-0.0071441403477601195,false,"converged to pure candidate (1,-1)"
3.035,mixed_mesh_0.05,L,0,-1.0,1.0,n/a,0.0,n/a,false,"converged to pure candidate (1,-1)"
3.04,mixed_mesh_0.025,H,0,1.0,1.0,0.12419853639425217,0.0,-0.003594195745857204,false,"converged to pure candidate (1,-1)"
3.04,mixed_mesh_0.025,L,0,-1.0,1.0,n/a,0.0,n/a,false,"converged to pure candidate (1,-1)"
3.04,mixed_mesh_0.05,H,0,1.0,1.0,0.12419853639425217,0.0,-0.007169800372566676,false,"converged to pure candidate (1,-1)"
3.04,mixed_mesh_0.05,L,0,-1.0,1.0,n/a,0.0,n/a,false,"converged to pure candidate (1,-1)"
3.045,mixed_mesh_0.025,H,0,1.0,1.0,0.12463161653090403,0.0,-0.0036070666989972966,false,"converged to pure candidate (1,-1)"
3.045,mixed_mesh_0.025,L,0,-1.0,1.0,n/a,0.0,n/a,false,"converged to pure candidate (1,-1)"
3.045,mixed_mesh_0.05,H,0,1.0,1.0,0.12463161653090403,0.0,-0.00719546414596009,false,"converged to pure candidate (1,-1)"
3.045,mixed_mesh_0.05,L,0,-1.0,1.0,n/a,0.0,n/a,false,"converged to pure candidate (1,-1)"
3.05,mixed_mesh_0.025,H,0,1.0,1.0,0.12506461791830986,0.0,-0.0036199395698749,false,"converged to pure candidate (1,-1)"
3.05,mixed_mesh_0.025,L,0,-1.0,1.0,n/a,0.0,n/a,false,"converged to pure candidate (1,-1)"
3.05,mixed_mesh_0.05,H,0,1.0,1.0,0.12506461791830986,0.0,-0.007221131603803763,false,"converged to pure candidate (1,-1)"
3.05,mixed_mesh_0.05,L,0,-1.0,1.0,n/a,0.0,n/a,false,"converged to pure candidate (1,-1)"
3.055,mixed_mesh_0.025,H,0,1.0,1.0,0.12549753918188916,0.0,-0.0036328143266427665,false,"converged to pure candidate (1,-1)"
3.055,mixed_mesh_0.025,L,0,-1.0,1.0,n/a,0.0,n/a,false,"converged to pure candidate (1,-1)"
3.055,mixed_mesh_0.05,H,0,1.0,1.0,0.12549753918188916,0.0,-0.007246802682301809,false,"converged to pure candidate (1,-1)"
3.055,mixed_mesh_0.05,L,0,-1.0,1.0,n/a,0.0,n/a,false,"converged to pure candidate (1,-1)"
3.06,mixed_mesh_0.025,H,0,1.0,1.0,0.1259303789529987,0.0,-0.003645690937623028,false,"converged to pure candidate (1,-1)"
3.06,mixed_mesh_0.025,L,0,-1.0,1.0,n/a,0.0,n/a,false,"converged to pure candidate (1,-1)"
3.06,mixed_mesh_0.05,H,0,1.0,1.0,0.1259303789529987,0.0,-0.007272477317996226,false,"converged to pure candidate (1,-1)"
3.06,mixed_mesh_0.05,L,0,-1.0,1.0,n/a,0.0,n/a,false,"converged to pure candidate (1,-1)"
3.065,mixed_mesh_0.025,H,0,1.0,1.0,0.12636313586887463,0.0,-0.003658569371305695,false,"converged to pure candidate (1,-1)"
3.065,mixed_mesh_0.025,L,0,-1.0,1.0,n/a,0.0,n/a,false,"converged to pure candidate (1,-1)"
3.065,mixed_mesh_0.05,H,0,1.0,1.0,0.12636313586887463,0.0,-0.00729815544776409,false,"converged to pure candidate (1,-1)"
3.065,mixed_mesh_0.05,L,0,-1.0,1.0,n/a,0.0,n/a,false,"converged to pure candidate (1,-1)"
3.07,mixed_mesh_0.025,H,0,1.0,1.0,0.12679580857257647,0.0,-0.00367144959634709,false,"converged to pure candidate (1,-1)"
3.07,mixed_mesh_0.025,L,0,-1.0,1.0,n/a,0.0,n/a,false,"converged to pure candidate (1,-1)"
3.07,mixed_mesh_0.05,H,0,1.0,1.0,0.12679580857257647,0.0,-0.007323837008814213,false,"converged to pure candidate (1,-1)"
3.07,mixed_mesh_0.05,L,0,-1.0,1.0,n/a,0.0,n/a,false,"converged to pure candidate (1,-1)"
3.075,mixed_mesh_0.025,H,0,1.0,1.0,0.12722839571293126,0.0,-0.00368433158156857,false,"converged to pure candidate (1,-1)"
3.075,mixed_mesh_0.025,L,0,-1.0,1.0,n/a,0.0,n/a,false,"converged to pure candidate (1,-1)"
3.075,mixed_mesh_0.05,H,0,1.0,1.0,0.12722839571293126,0.0,-0.007349521938684614,false,"converged to pure candidate (1,-1)"
3.075,mixed_mesh_0.05,L,0,-1.0,1.0,n/a,0.0,n/a,false,"converged to pure candidate (1,-1)"
3.08,mixed_mesh_0.025,H,0,1.0,1.0,0.12766089594447752,0.0,-0.003697215295954806,false,"converged to pure candidate (1,-1)"
3.08,mixed_mesh_0.025,L,0,-1.0,1.0,n/a,0.0,n/a,false,"converged to pure candidate (1,-1)"
3.08,mixed_mesh_0.05,H,0,1.0,1.0,0.12766089594447752,0.0,-0.00737521017523933,false,"converged to pure candidate (1,-1)"
3.08,mixed_mesh_0.05,L,0,-1.0,1.0,n/a,0.0,n/a,false,"converged to pure candidate (1,-1)"
3.085,mixed_mesh_0.025,H,0,1.0,1.0,0.12809330792741094,0.0,-0.0037101007086525334,false,"converged to pure candidate (1,-1)"
3.085,mixed_mesh_0.025,L,0,-1.0,1.0,n/a,0.0,n/a,false,"converged to pure candidate (1,-1)"
3.085,mixed_mesh_0.05,H,0,1.0,1.0,0.12809330792741094,0.0,-0.007400901656665751,false,"converged to pure candidate (1,-1)"
3.085,mixed_mesh_0.05,L,0,-1.0,1.0,n/a,0.0,n/a,false,"converged to pure candidate (1,-1)"
3.09,mixed_mesh_0.025,H,0,1.0,1.0,0.12852563032752937,0.0,-0.003722987788969165,false,"converged to pure candidate (1,-1)"
3.09,mixed_mesh_0.025,L,0,-1.0,1.0,n/a,0.0,n/a,false,"converged to pure candidate (1,-1)"
3.09,mixed_mesh_0.05,H,0,1.0,1.0,0.12852563032752937,0.0,-0.007426596321471593,false,"converged to pure candidate (1,-1)"
3.09,mixed_mesh_0.05,L,0,-1.0,1.0,n/a,0.0,n/a,false,"converged to pure candidate (1,-1)"
3.095,mixed_mesh_0.025,H,0,1.0,1.0,0.1289578618161795,0.0,-0.0037358765063712496,false,"converged to pure candidate (1,-1)"
3.095,mixed_mesh_0.025,L,0,-1.0,1.0,n/a,0.0,n/a,false,"converged to pure candidate (1,-1)"
3.095,mixed_mesh_0.05,H,0,1.0,1.0,0.1289578618161795,0.0,-0.0074522941084823185,false,"converged to pure candidate (1,-1)"
3.095,mixed_mesh_0.05,L,0,-1.0,1.0,n/a,0.0,n/a,false,"converged to pure candidate (1,-1)"
3.1,mixed_mesh_0.025,H,0,1.0,1.0,0.12939000107020243,0.0,-0.0037487668304831134,false,"converged to pure candidate (1,-1)"
3.1,mixed_mesh_0.025,L,0,-1.0,1.0,n/a,0.0,n/a,false,"converged to pure candidate (1,-1)"
3.1,mixed_mesh_0.05,H,0,1.0,1.0,0.12939000107020243,0.0,-0.0074779949568381104,false,"converged to pure candidate (1,-1)"
3.1,mixed_mesh_0.05,L,0,-1.0,1.0,n/a,0.0,n/a,false,"converged to pure candidate (1,-1)"
3.105,mixed_mesh_0.025,H,0,1.0,1.0,0.12982204677188183,0.0,-0.0037616587310856375,false,"converged to pure candidate (1,-1)"
3.105,mixed_mesh_0.025,L,0,-1.0,1.0,n/a,0.0,n/a,false,"converged to pure candidate (1,-1)"
3.105,mixed_mesh_0.05,H,0,1.0,1.0,0.12982204677188183,0.0,-0.007503698805991263,false,"converged to pure candidate (1,-1)"
3.105,mixed_mesh_0.05,L,0,-1.0,1.0,n/a,0.0,n/a,false,"converged to pure candidate (1,-1)"
3.11,mixed_mesh_0.025,H,0,1.0,1.0,0.13025399760889056,0.0,-0.003774552178114482,false,"converged to pure candidate (1,-1)"
3.11,mixed_mesh_0.025,L,0,-1.0,1.0,n/a,0.0,n/a,false,"converged to pure candidate (1,-1)"
3.11,mixed_mesh_0.05,H,0,1.0,1.0,0.13025399760889056,0.0,-0.007529405595703323,false,"converged to pure candidate (1,-1)"
3.11,mixed_mesh_0.05,L,0,-1.0,1.0,n/a,0.0,n/a,false,"converged to pure candidate (1,-1)"
3.115,mixed_mesh_0.025,H,0,1.0,1.0,0.13068585227423904,0.0,-0.0037874471416593225,false,"converged to pure candidate (1,-1)"
3.115,mixed_mesh_0.025,L,0,-1.0,1.0,n/a,0.0,n/a,false,"converged to pure candidate (1,-1)"
3.115,mixed_mesh_0.05,H,0,1.0,1.0,0.13068585227423904,0.0,-0.007555115266042592,false,"converged to pure candidate (1,-1)"
3.115,mixed_mesh_0.05,L,0,-1.0,1.0,n/a,0.0,n/a,false,"converged to pure candidate (1,-1)"
3.12,mixed_mesh_0.025,H,0,1.0,1.0,0.1311176094662235,0.0,-0.003800343591961991,false,"converged to pure candidate (1,-1)"
3.12,mixed_mesh_0.025,L,0,-1.0,1.0,n/a,0.0,n/a,false,"converged to pure candidate (1,-1)"
3.12,mixed_mesh_0.05,H,0,1.0,1.0,0.1311176094662235,0.0,-0.007580827757381212,false,"converged to pure candidate (1,-1)"
3.12,mixed_mesh_0.05,L,0,-1.0,1.0,n/a,0.0,n/a,false,"converged to pure candidate (1,-1)"
3.125,mixed_mesh_0.025,H,0,1.0,1.0,0.13154926788837504,0.0,-0.003813241499415365,false,"converged to pure candidate (1,-1)"
3.125,mixed_mesh_0.025,L,0,-1.0,1.0,n/a,0.0,n/a,false,"converged to pure candidate (1,-1)"
3.125,mixed_mesh_0.05,H,0,1.0,1.0,0.13154926788837504,0.0,-0.007606543010392583,false,"converged to pure candidate (1,-1)"
3.125,mixed_mesh_0.05,L,0,-1.0,1.0,n/a,0.0,n/a,false,"converged to pure candidate (1,-1)"
3.13,mixed_mesh_0.025,H,0,1.0,1.0,0.1319808262494088,0.0,-0.0038261408345621195,false,"converged to pure candidate (1,-1)"
3.13,mixed_mesh_0.025,L,0,-1.0,1.0,n/a,0.0,n/a,false,"converged to pure candidate (1,-1)"
3.13,mixed_mesh_0.05,H,0,1.0,1.0,0.1319808262494088,0.0,-0.00763226096604884,false,"converged to pure candidate (1,-1)"
3.13,mixed_mesh_0.05,L,0,-1.0,1.0,n/a,0.0,n/a,false,"converged to pure candidate (1,-1)"
3.135,mixed_mesh_0.025,H,0,1.0,1.0,0.13241228326317403,0.0,-0.0038390415680931156,false,"converged to pure candidate (1,-1)"
3.135,mixed_mesh_0.025,L,0,-1.0,1.0,n/a,0.0,n/a,false,"converged to pure candidate (1,-1)"
3.135,mixed_mesh_0.05,H,0,1.0,1.0,0.13241228326317403,0.0,-0.007657981565618019,false,"converged to pure candidate (1,-1)"
3.135,mixed_mesh_0.05,L,0,-1.0,1.0,n/a,0.0,n/a,false,"converged to pure candidate (1,-1)"
3.14,mixed_mesh_0.025,H,0,1.0,1.0,0.13284363764860405,0.0,-0.003851943670846514,false,"converged to pure candidate (1,-1)"
3.14,mixed_mesh_0.025,L,0,-1.0,1.0,n/a,0.0,n/a,false,"converged to pure candidate (1,-1)"
3.14,mixed_mesh_0.05,H,0,1.0,1.0,0.13284363764860405,0.0,-0.007683704750661602,false,"converged to pure candidate (1,-1)"
3.14,mixed_mesh_0.05,L,0,-1.0,1.0,n/a,0.0,n/a,false,"converged to pure candidate (1,-1)"
3.145,mixed_mesh_0.025,H,0,1.0,1.0,0.1332748881296669,0.0,-0.003864847113806247,false,"converged to pure candidate (1,-1)"
3.145,mixed_mesh_0.025,L,0,-1.0,1.0,n/a,0.0,n/a,false,"converged to pure candidate (1,-1)"
3.145,mixed_mesh_0.05,H,0,1.0,1.0,0.1332748881296669,0.0,-0.00770943046303213,false,"converged to pure candidate (1,-1)"
3.145,mixed_mesh_0.05,L,0,-1.0,1.0,n/a,0.0,n/a,false,"converged to pure candidate (1,-1)"
3.15,mixed_mesh_0.025,H,0,1.0,1.0,0.13370603343531703,0.0,-0.0038777518681007705,false,"converged to pure candidate (1,-1)"
3.15,mixed_mesh_0.025,L,0,-1.0,1.0,n/a,0.0,n/a,false,"converged to pure candidate (1,-1)"
3.15,mixed_mesh_0.05,H,0,1.0,1.0,0.13370603343531703,0.0,-0.0077351586448702325,false,"converged to pure candidate (1,-1)"
3.15,mixed_mesh_0.05,L,0,-1.0,1.0,n/a,0.0,n/a,false,"converged to pure candidate (1,-1)"
3.155,mixed_mesh_0.025,H,0,1.0,1.0,0.1341370722994461,0.0,-0.0038906579050018153,false,"converged to pure candidate (1,-1)"
3.155,mixed_mesh_0.025,L,0,-1.0,1.0,n/a,0.0,n/a,false,"converged to pure candidate (1,-1)"
3.155,mixed_mesh_0.05,H,0,1.0,1.0,0.1341370722994461,0.0,-0.007760889238602492,false,"converged to pure candidate (1,-1)"
3.155,mixed_mesh_0.05,L,0,-1.0,1.0,n/a,0.0,n/a,false,"converged to pure candidate (1,-1)"
3.16,mixed_mesh_0.025,H,0,1.0,1.0,0.13456800346083544,0.0,-0.003903565195923081,false,"converged to pure candidate (1,-1)"
3.16,mixed_mesh_0.025,L,0,-1.0,1.0,n/a,0.0,n/a,false,"converged to pure candidate (1,-1)"
3.16,mixed_mesh_0.05,H,0,1.0,1.0,0.13456800346083544,0.0,-0.007786622186938791,false,"converged to pure candidate (1,-1)"
3.16,mixed_mesh_0.05,L,0,-1.0,1.0,n/a,0.0,n/a,false,"converged to pure candidate (1,-1)"
3.165,mixed_mesh_0.025,H,0,1.0,1.0,0.13499882566310845,0.0,-0.003916473712419322,false,"converged to pure candidate (1,-1)"
3.165,mixed_mesh_0.025,L,0,-1.0,1.0,n/a,0.0,n/a,false,"converged to pure candidate (1,-1)"
3.165,mixed_mesh_0.05,H,0,1.0,1.0,0.13499882566310845,0.0,-0.007812357432869926,false,"converged to pure candidate (1,-1)"
3.165,mixed_mesh_0.05,L,0,-1.0,1.0,n/a,0.0,n/a,false,"converged to pure candidate (1,-1)"
3.17,mixed_mesh_0.025,H,0,1.0,1.0,0.135429537654683,0.0,-0.003929383426184568,false,"converged to pure candidate (1,-1)"
3.17,mixed_mesh_0.025,L,0,-1.0,1.0,n/a,0.0,n/a,false,"converged to pure candidate (1,-1)"
3.17,mixed_mesh_0.05,H,0,1.0,1.0,0.135429537654683,0.0,-0.007838094919664917,false,"converged to pure candidate (1,-1)"
3.17,mixed_mesh_0.05,L,0,-1.0,1.0,n/a,0.0,n/a,false,"converged to pure candidate (1,-1)"
3.175,mixed_mesh_0.025,H,0,1.0,1.0,0.1358601381887251,0.0,-0.003942294309051408,false,"converged to pure candidate (1,-1)"
3.175,mixed_mesh_0.025,L,0,-1.0,1.0,n/a,0.0,n/a,false,"converged to pure candidate (1,-1)"
3.175,mixed_mesh_0.05,H,0,1.0,1.0,0.1358601381887251,0.0,-0.007863834590868979,false,"converged to pure candidate (1,-1)"
3.175,mixed_mesh_0.05,L,0,-1.0,1.0,n/a,0.0,n/a,false,"converged to pure candidate (1,-1)"
3.18,mixed_mesh_0.025,H,0,1.0,1.0,0.1362906260231027,0.0,-0.0039552063329895415,false,"converged to pure candidate (1,-1)"
3.18,mixed_mesh_0.025,L,0,-1.0,1.0,n/a,0.0,n/a,false,"converged to pure candidate (1,-1)"
3.18,mixed_mesh_0.05,H,0,1.0,1.0,0.1362906260231027,0.0,-0.007889576390300773,false,"converged to pure candidate (1,-1)"
3.18,mixed_mesh_0.05,L,0,-1.0,1.0,n/a,0.0,n/a,false,"converged to pure candidate (1,-1)"
3.185,mixed_mesh_0.025,H,0,1.0,1.0,0.13672099992033887,0.0,-0.0039681194701045586,false,"converged to pure candidate (1,-1)"
3.185,mixed_mesh_0.025,L,0,-1.0,1.0,n/a,0.0,n/a,false,"converged to pure candidate (1,-1)"
3.185,mixed_mesh_0.05,H,0,1.0,1.0,0.13672099992033887,0.0,-0.00791532026205019,false,"converged to pure candidate (1,-1)"
3.185,mixed_mesh_0.05,L,0,-1.0,1.0,n/a,0.0,n/a,false,"converged to pure candidate (1,-1)"
3.19,mixed_mesh_0.025,H,0,1.0,1.0,0.1371512586475672,0.0,-0.003981033692637026,false,"converged to pure candidate (1,-1)"
3.19,mixed_mesh_0.025,L,0,-1.0,1.0,n/a,0.0,n/a,false,"converged to pure candidate (1,-1)"
3.19,mixed_mesh_0.05,H,0,1.0,1.0,0.1371512586475672,0.0,-0.007941066150475934,false,"converged to pure candidate (1,-1)"
3.19,mixed_mesh_0.05,L,0,-1.0,1.0,n/a,0.0,n/a,false,"converged to pure candidate (1,-1)"
3.195,mixed_mesh_0.025,H,0,1.0,1.0,0.13758140097648605,0.0,-0.003993948972960848,false,"converged to pure candidate (1,-1)"
3.195,mixed_mesh_0.025,L,0,-1.0,1.0,n/a,0.0,n/a,false,"converged to pure candidate (1,-1)"
3.195,mixed_mesh_0.05,H,0,1.0,1.0,0.13758140097648605,0.0,-0.007966814000203187,false,"converged to pure candidate (1,-1)"
3.195,mixed_mesh_0.05,L,0,-1.0,1.0,n/a,0.0,n/a,false,"converged to pure candidate (1,-1)"
3.2,mixed_mesh_0.025,H,0,1.0,1.0,0.1380114256833142,0.0,-0.004006865283582739,false,"converged to pure candidate (1,-1)"
3.2,mixed_mesh_0.025,L,0,-1.0,1.0,n/a,0.0,n/a,false,"converged to pure candidate (1,-1)"
3.2,mixed_mesh_0.05,H,0,1.0,1.0,0.1380114256833142,0.0,-0.007992563756121424,false,"converged to pure candidate (1,-1)"
3.2,mixed_mesh_0.05,L,0,-1.0,1.0,n/a,0.0,n/a,false,"converged to pure candidate (1,-1)"
3.205,mixed_mesh_0.025,H,0,1.0,1.0,0.13844133154874574,0.0,-0.004019782597140392,false,"converged to pure candidate (1,-1)"
3.205,mixed_mesh_0.025,L,0,-1.0,1.0,n/a,0.0,n/a,false,"converged to pure candidate (1,-1)"
3.205,mixed_mesh_0.05,H,0,1.0,1.0,0.13844133154874574,0.0,-0.008018315363381823,false,"converged to pure candidate (1,-1)"
3.205,mixed_mesh_0.05,L,0,-1.0,1.0,n/a,0.0,n/a,false,"converged to pure candidate (1,-1)"
3.21,mixed_mesh_0.025,H,0,1.0,1.0,0.1388711173579069,0.0,-0.0040327008864018965,false,"converged to pure candidate (1,-1)"
3.21,mixed_mesh_0.025,L,0,-1.0,1.0,n/a,0.0,n/a,false,"converged to pure candidate (1,-1)"
3.21,mixed_mesh_0.05,H,0,1.0,1.0,0.1388711173579069,0.0,-0.008044068767395302,false,"converged to pure candidate (1,-1)"
3.21,mixed_mesh_0.05,L,0,-1.0,1.0,n/a,0.0,n/a,false,"converged to pure candidate (1,-1)"
3.215,mixed_mesh_0.025,H,0,1.0,1.0,0.13930078190031184,0.0,-0.004045620124264265,false,"converged to pure candidate (1,-1)"
3.215,mixed_mesh_0.025,L,0,-1.0,1.0,n/a,0.0,n/a,false,"converged to pure candidate (1,-1)"
3.215,mixed_mesh_0.05,H,0,1.0,1.0,0.13930078190031184,0.0,-0.008069823913829988,false,"converged to pure candidate (1,-1)"
3.215,mixed_mesh_0.05,L,0,-1.0,1.0,n/a,0.0,n/a,false,"converged to pure candidate (1,-1)"
3.22,mixed_mesh_0.025,H,0,1.0,1.0,0.13973032396981966,0.0,-0.00405854028375241,false,"converged to pure candidate (1,-1)"
3.22,mixed_mesh_0.025,L,0,-1.0,1.0,n/a,0.0,n/a,false,"converged to pure candidate (1,-1)"
3.22,mixed_mesh_0.05,H,0,1.0,1.0,0.13973032396981966,0.0,-0.008095580748609221,false,"converged to pure candidate (1,-1)"
3.22,mixed_mesh_0.05,L,0,-1.0,1.0,n/a,0.0,n/a,false,"converged to pure candidate (1,-1)"
3.225,mixed_mesh_0.025,H,0,1.0,1.0,0.1401597423645912,0.0,-0.004071461338018195,false,"converged to pure candidate (1,-1)"
3.225,mixed_mesh_0.025,L,0,-1.0,1.0,n/a,0.0,n/a,false,"converged to pure candidate (1,-1)"
3.225,mixed_mesh_0.05,H,0,1.0,1.0,0.1401597423645912,0.0,-0.008121339217909224,false,"converged to pure candidate (1,-1)"
3.225,mixed_mesh_0.05,L,0,-1.0,1.0,n/a,0.0,n/a,false,"converged to pure candidate (1,-1)"
3.23,mixed_mesh_0.025,H,0,1.0,1.0,0.14058903588704694,0.0,-0.004084383260338997,false,"converged to pure candidate (1,-1)"
3.23,mixed_mesh_0.025,L,0,-1.0,1.0,n/a,0.0,n/a,false,"converged to pure candidate (1,-1)"
3.23,mixed_mesh_0.05,H,0,1.0,1.0,0.14058903588704694,0.0,-0.008147099268156849,false,"converged to pure candidate (1,-1)"
3.23,mixed_mesh_0.05,L,0,-1.0,1.0,n/a,0.0,n/a,false,"converged to pure candidate (1,-1)"
3.235,mixed_mesh_0.025,H,0,1.0,1.0,0.14101820334382437,0.0,-0.004097306024117092,false,"converged to pure candidate (1,-1)"
3.235,mixed_mesh_0.025,L,0,-1.0,1.0,n/a,0.0,n/a,false,"converged to pure candidate (1,-1)"
3.235,mixed_mesh_0.05,H,0,1.0,1.0,0.1410182033438244,0.0,-0.008172860846027502,false,"converged to pure candidate (1,-1)"
3.235,mixed_mesh_0.05,L,0,-0.9999999999999999,1.0,n/a,0.0,n/a,false,"converged to pure candidate (1,-1)"
3.24,mixed_mesh_0.025,H,0,1.0,1.0,0.1414472435457365,0.0,-0.004110229602878018,false,"converged to pure candidate (1,-1)"
3.24,mixed_mesh_0.025,L,0,-1.0,1.0,n/a,0.0,n/a,false,"converged to pure candidate (1,-1)"
3.24,mixed_mesh_0.05,H,0,1.0,1.0,0.14144724354573654,0.0,-0.00819862389844292,false,"converged to pure candidate (1,-1)"
3.24,mixed_mesh_0.05,L,0,-0.9999999999999999,1.0,n/a,0.0,n/a,false,"converged to pure candidate (1,-1)"
3.245,mixed_mesh_0.025,H,0,1.0,1.0,0.14187615530773012,0.0,-0.0041231539702699105,false,"converged to pure candidate (1,-1)"
3.245,mixed_mesh_0.025,L,0,-1.0,1.0,n/a,0.0,n/a,false,"converged to pure candidate (1,-1)"
3.245,mixed_mesh_0.05,H,0,1.0,1.0,0.1418761553077301,0.0,-0.00822438837256903,false,"converged to pure candidate (1,-1)"
3.245,mixed_mesh_0.05,L,0,-0.9999999999999999,1.0,n/a,0.0,n/a,false,"converged to pure candidate (1,-1)"
3.25,mixed_mesh_0.025,H,0,1.0,1.0,0.14230493744884481,0.0,-0.004136079100062334,false,"converged to pure candidate (1,-1)"
3.25,mixed_mesh_0.025,L,0,-1.0,1.0,n/a,0.0,n/a,false,"converged to pure candidate (1,-1)"
3.25,mixed_mesh_0.05,H,0,1.0,1.0,0.14230493744884484,0.0,-0.008250154215813987,false,"converged to pure candidate (1,-1)"
3.25,mixed_mesh_0.05,L,0,-0.9999999999999999,1.0,n/a,0.0,n/a,false,"converged to pure candidate (1,-1)"
3.255,mixed_mesh_0.025,H,0,1.0,1.0,0.14273358879217218,0.0,-0.0041490049661451756,false,"converged to pure candidate (1,-1)"
3.255,mixed_mesh_0.025,L,0,-1.0,1.0,n/a,0.0,n/a,false,"converged to pure candidate (1,-1)"
3.255,mixed_mesh_0.05,H,0,1.0,1.0,0.14273358879217218,0.0,-0.008275921375825779,false,"converged to pure candidate (1,-1)"
3.255,mixed_mesh_0.05,L,0,-0.9999999999999999,1.0,n/a,0.0,n/a,false,"converged to pure candidate (1,-1)"
3.26,mixed_mesh_0.025,H,0,1.0,1.0,0.1431621081648152,0.0,-0.004161931542527669,false,"converged to pure candidate (1,-1)"
3.26,mixed_mesh_0.025,L,0,-1.0,1.0,n/a,0.0,n/a,false,"converged to pure candidate (1,-1)"
3.26,mixed_mesh_0.05,H,0,1.0,1.0,0.1431621081648152,0.0,-0.00830168980049037,false,"converged to pure candidate (1,-1)"
3.26,mixed_mesh_0.05,L,0,-0.9999999999999999,1.0,n/a,0.0,n/a,false,"converged to pure candidate (1,-1)"
3.265,mixed_mesh_0.025,H,0,1.0,1.0,0.14359049439784852,0.0,-0.004174858803337317,false,"converged to pure candidate (1,-1)"
3.265,mixed_mesh_0.025,L,0,-1.0,1.0,n/a,0.0,n/a,false,"converged to pure candidate (1,-1)"
3.265,mixed_mesh_0.05,H,0,1.0,1.0,0.14359049439784852,0.0,-0.00832745943792959,false,"converged to pure candidate (1,-1)"
3.265,mixed_mesh_0.05,L,0,-0.9999999999999999,1.0,n/a,0.0,n/a,false,"converged to pure candidate (1,-1)"
3.27,mixed_mesh_0.025,H,0,1.0,1.0,0.14401874632627806,0.0,-0.004187786722818859,false,"converged to pure candidate (1,-1)"
3.27,mixed_mesh_0.025,L,0,-1.0,1.0,n/a,0.0,n/a,false,"converged to pure candidate (1,-1)"
3.27,mixed_mesh_0.05,H,0,1.0,1.0,0.14401874632627806,0.0,-0.008353230236498949,false,"converged to pure candidate (1,-1)"
3.27,mixed_mesh_0.05,L,0,-0.9999999999999998,1.0,n/a,0.0,n/a,false,"converged to pure candidate (1,-1)"
3.275,mixed_mesh_0.025,H,0,1.0,1.0,0.14444686278900218,0.0,-0.004200715275333278,false,"converged to pure candidate (1,-1)"
3.275,mixed_mesh_0.025,L,0,-1.0,1.0,n/a,0.0,n/a,false,"converged to pure candidate (1,-1)"
3.275,mixed_mesh_0.05,H,0,1.0,1.0,0.14444686278900218,0.0,-0.008379002144785874,false,"converged to pure candidate (1,-1)"
3.275,mixed_mesh_0.05,L,0,-0.9999999999999998,1.0,n/a,0.0,n/a,false,"converged to pure candidate (1,-1)"
3.28,mixed_mesh_0.025,H,0,1.0,1.0,0.14487484262877226,0.0,-0.004213644435356906,false,"converged to pure candidate (1,-1)"
3.28,mixed_mesh_0.025,L,0,-1.0,1.0,n/a,0.0,n/a,false,"converged to pure candidate (1,-1)"
3.28,mixed_mesh_0.05,H,0,1.0,1.0,0.14487484262877223,0.0,-0.008404775111607449,false,"converged to pure candidate (1,-1)"
3.28,mixed_mesh_0.05,L,0,-0.9999999999999998,1.0,n/a,0.0,n/a,false,"converged to pure candidate (1,-1)"
3.285,mixed_mesh_0.025,H,0,1.0,1.0,0.1453026846921537,0.0,-0.004226574177480152,false,"converged to pure candidate (1,-1)"
3.285,mixed_mesh_0.025,L,0,-1.0,1.0,n/a,0.0,n/a,false,"converged to pure candidate (1,-1)"
3.285,mixed_mesh_0.05,H,0,1.0,1.0,0.1453026846921537,0.0,-0.008430549086008599,false,"converged to pure candidate (1,-1)"
3.285,mixed_mesh_0.05,L,0,-0.9999999999999998,1.0,n/a,0.0,n/a,false,"converged to pure candidate (1,-1)"
3.29,mixed_mesh_0.025,H,0,1.0,1.0,0.14573038782948775,0.0,-0.004239504476406752,false,"converged to pure candidate (1,-1)"
3.29,mixed_mesh_0.025,L,0,-1.0,1.0,n/a,0.0,n/a,false,"converged to pure candidate (1,-1)"
3.29,mixed_mesh_0.05,H,0,1.0,1.0,0.14573038782948775,0.0,-0.008456324017259959,false,"converged to pure candidate (1,-1)"
3.29,mixed_mesh_0.05,L,0,-0.9999999999999998,1.0,n/a,0.0,n/a,false,"converged to pure candidate (1,-1)"
3.295,mixed_mesh_0.025,H,0,1.0,1.0,0.146157950894853,0.0,-0.004252435306952768,false,"converged to pure candidate (1,-1)"
3.295,mixed_mesh_0.025,L,0,-1.0,1.0,n/a,0.0,n/a,false,"converged to pure candidate (1,-1)"
3.295,mixed_mesh_0.05,H,0,1.0,1.0,0.146157950894853,0.0,-0.008482099854855873,false,"converged to pure candidate (1,-1)"
3.295,mixed_mesh_0.05,L,0,-0.9999999999999998,1.0,n/a,0.0,n/a,false,"converged to pure candidate (1,-1)"
3.3,mixed_mesh_0.025,H,0,1.0,1.0,0.14658537274602795,0.0,-0.0042653666440454485,false,"converged to pure candidate (1,-1)"
3.3,mixed_mesh_0.025,L,0,-1.0,1.0,n/a,0.0,n/a,false,"converged to pure candidate (1,-1)"
3.3,mixed_mesh_0.05,H,0,1.0,1.0,0.14658537274602798,0.0,-0.0085078765485129,false,"converged to pure candidate (1,-1)"
3.3,mixed_mesh_0.05,L,0,-0.9999999999999996,1.0,n/a,0.0,n/a,false,"converged to pure candidate (1,-1)"
3.305,mixed_mesh_0.025,H,0,1.0,1.0,0.14701265224445303,0.0,-0.004278298462722457,false,"converged to pure candidate (1,-1)"
3.305,mixed_mesh_0.025,L,0,-1.0,1.0,n/a,0.0,n/a,false,"converged to pure candidate (1,-1)"
3.305,mixed_mesh_0.05,H,0,1.0,1.0,0.14701265224445303,0.0,-0.008533654048167139,false,"converged to pure candidate (1,-1)"
3.305,mixed_mesh_0.05,L,0,-0.9999999999999996,1.0,n/a,0.0,n/a,false,"converged to pure candidate (1,-1)"
3.31,mixed_mesh_0.025,H,0,1.0,1.0,0.14743978825519335,0.0,-0.004291230738130758,false,"converged to pure candidate (1,-1)"
3.31,mixed_mesh_0.025,L,0,-1.0,1.0,n/a,0.0,n/a,false,"converged to pure candidate (1,-1)"
3.31,mixed_mesh_0.05,H,0,1.0,1.0,0.1474397882551934,0.0,-0.008559432303973019,false,"converged to pure candidate (1,-1)"
3.31,mixed_mesh_0.05,L,0,-0.9999999999999996,1.0,n/a,0.0,n/a,false,"converged to pure candidate (1,-1)"
3.315,mixed_mesh_0.025,H,0,1.0,1.0,0.14786677964690215,0.0,-0.004304163445525866,false,"converged to pure candidate (1,-1)"
3.315,mixed_mesh_0.025,L,0,-1.0,1.0,n/a,0.0,n/a,false,"converged to pure candidate (1,-1)"
3.315,mixed_mesh_0.05,H,0,1.0,1.0,0.14786677964690217,0.0,-0.008585211266300963,false,"converged to pure candidate (1,-1)"
3.315,mixed_mesh_0.05,L,0,-0.9999999999999996,1.0,n/a,0.0,n/a,false,"converged to pure candidate (1,-1)"
3.32,mixed_mesh_0.025,H,0,1.0,1.0,0.1482936252917835,0.0,-0.0043170965602706834,false,"converged to pure candidate (1,-1)"
3.32,mixed_mesh_0.025,L,0,-1.0,1.0,n/a,0.0,n/a,false,"converged to pure candidate (1,-1)"
3.32,mixed_mesh_0.05,H,0,1.0,1.0,0.1482936252917835,0.0,-0.008610990885735775,false,"converged to pure candidate (1,-1)"
3.32,mixed_mesh_0.05,L,0,-0.9999999999999996,1.0,n/a,0.0,n/a,false,"converged to pure candidate (1,-1)"
3.325,mixed_mesh_0.025,H,0,1.0,1.0,0.14872032406555652,0.0,-0.004330030057834722,false,"converged to pure candidate (1,-1)"
3.325,mixed_mesh_0.025,L,0,-1.0,1.0,n/a,0.0,n/a,false,"converged to pure candidate (1,-1)"
3.325,mixed_mesh_0.05,H,0,1.0,1.0,0.14872032406555655,0.0,-0.008636771113074565,false,"converged to pure candidate (1,-1)"
3.325,mixed_mesh_0.05,L,0,-0.9999999999999996,1.0,n/a,0.0,n/a,false,"converged to pure candidate (1,-1)"
3.33,mixed_mesh_0.025,H,0,1.0,1.0,0.1491468748474187,0.0,-0.004342963913793102,false,"converged to pure candidate (1,-1)"
3.33,mixed_mesh_0.025,L,0,-1.0,1.0,n/a,0.0,n/a,false,"converged to pure candidate (1,-1)"
3.33,mixed_mesh_0.05,H,0,1.0,1.0,0.14914687484741873,0.0,-0.008662551899325022,false,"converged to pure candidate (1,-1)"
3.33,mixed_mesh_0.05,L,0,-0.9999999999999996,1.0,n/a,0.0,n/a,false,"converged to pure candidate (1,-1)"
3.335,mixed_mesh_0.025,H,0,1.0,1.0,0.14957327652001076,0.0,-0.004355898103825667,false,"converged to pure candidate (1,-1)"
3.335,mixed_mesh_0.025,L,0,-1.0,1.0,n/a,0.0,n/a,false,"converged to pure candidate (1,-1)"
3.335,mixed_mesh_0.05,H,0,1.0,1.0,0.14957327652001076,0.0,-0.008688333195703557,false,"converged to pure candidate (1,-1)"
3.335,mixed_mesh_0.05,L,0,-0.9999999999999991,1.0,n/a,0.0,n/a,false,"converged to pure candidate (1,-1)"
3.34,mixed_mesh_0.025,H,0,1.0,1.0,0.1499995279693805,0.0,-0.0043688326037160385,false,"converged to pure candidate (1,-1)"
3.34,mixed_mesh_0.025,L,0,-1.0,1.0,n/a,0.0,n/a,false,"converged to pure candidate (1,-1)"
3.34,mixed_mesh_0.05,H,0,1.0,1.0,0.14999952796938054,0.0,-0.008714114953633556,false,"converged to pure candidate (1,-1)"
3.34,mixed_mesh_0.05,L,0,-0.9999999999999991,1.0,n/a,0.0,n/a,false,"converged to pure candidate (1,-1)"
3.345,mixed_mesh_0.025,H,0,1.0,1.0,0.1504256280849478,0.0,-0.004381767389350838,false,"converged to pure candidate (1,-1)"
3.345,mixed_mesh_0.025,L,0,-1.0,1.0,n/a,0.0,n/a,false,"converged to pure candidate (1,-1)"
3.345,mixed_mesh_0.05,H,0,1.0,1.0,0.15042562808494786,0.0,-0.008739897124743434,false,"converged to pure candidate (1,-1)"
3.345,mixed_mesh_0.05,L,0,-0.9999999999999991,1.0,n/a,0.0,n/a,false,"converged to pure candidate (1,-1)"
3.35,mixed_mesh_0.025,H,0,1.0,1.0,0.15085157575946986,0.0,-0.004394702436718689,false,"converged to pure candidate (1,-1)"
3.35,mixed_mesh_0.025,L,0,-1.0,1.0,n/a,0.0,n/a,false,"converged to pure candidate (1,-1)"
3.35,mixed_mesh_0.05,H,0,1.0,1.0,0.15085157575946986,0.0,-0.008765679660864945,false,"converged to pure candidate (1,-1)"
3.35,mixed_mesh_0.05,L,0,-0.9999999999999991,1.0,n/a,0.0,n/a,false,"converged to pure candidate (1,-1)"
3.355,mixed_mesh_0.025,H,0,1.0,1.0,0.15127736988900606,0.0,-0.004407637721909274,false,"converged to pure candidate (1,-1)"
3.355,mixed_mesh_0.025,L,0,-1.0,1.0,n/a,0.0,n/a,false,"converged to pure candidate (1,-1)"
3.355,mixed_mesh_0.05,H,0,1.0,1.0,0.15127736988900609,0.0,-0.008791462514031428,false,"converged to pure candidate (1,-1)"
3.355,mixed_mesh_0.05,L,0,-0.9999999999999996,1.0,n/a,0.0,n/a,false,"converged to pure candidate (1,-1)"
3.36,mixed_mesh_0.025,H,0,1.0,1.0,0.15170300937288403,0.0,-0.004420573221112584,false,"converged to pure candidate (1,-1)"
3.36,mixed_mesh_0.025,L,0,-1.0,1.0,n/a,0.0,n/a,false,"converged to pure candidate (1,-1)"
3.36,mixed_mesh_0.05,H,0,1.0,1.0,0.15170300937288403,0.0,-0.008817245636475957,false,"converged to pure candidate (1,-1)"
3.36,mixed_mesh_0.05,L,0,-0.9999999999999996,1.0,n/a,0.0,n/a,false,"converged to pure candidate (1,-1)"
3.365,mixed_mesh_0.025,H,0,1.0,1.0,0.15212849311366491,0.0,-0.004433508910617945,false,"converged to pure candidate (1,-1)"
3.365,mixed_mesh_0.025,L,0,-1.0,1.0,n/a,0.0,n/a,false,"converged to pure candidate (1,-1)"
3.365,mixed_mesh_0.05,H,0,1.0,1.0,0.15212849311366497,0.0,-0.008843028980629802,false,"converged to pure candidate (1,-1)"
3.365,mixed_mesh_0.05,L,0,-0.9999999999999991,1.0,n/a,0.0,n/a,false,"converged to pure candidate (1,-1)"
3.37,mixed_mesh_0.025,H,0,1.0,1.0,0.1525538200171101,0.0,-0.004446444766813301,false,"converged to pure candidate (1,-1)"
3.37,mixed_mesh_0.025,L,0,-1.0,1.0,n/a,0.0,n/a,false,"converged to pure candidate (1,-1)"
3.37,mixed_mesh_0.05,H,0,1.0,1.0,0.15255382001711013,0.0,-0.008868812499120443,false,"converged to pure candidate (1,-1)"
3.37,mixed_mesh_0.05,L,0,-0.9999999999999991,1.0,n/a,0.0,n/a,false,"converged to pure candidate (1,-1)"
3.375,mixed_mesh_0.025,H,0,1.0,1.0,0.15297898899214707,0.0,-0.004459380766184157,false,"converged to pure candidate (1,-1)"
3.375,mixed_mesh_0.025,L,0,-1.0,1.0,n/a,0.0,n/a,false,"converged to pure candidate (1,-1)"
3.375,mixed_mesh_0.05,H,0,1.0,1.0,0.1529789889921471,0.0,-0.008894579938953373,false,"converged to pure candidate (1,-1)"
3.375,mixed_mesh_0.05,L,0,-0.9999999999999991,1.0,n/a,0.0,n/a,false,"converged to pure candidate (1,-1)"
3.38,mixed_mesh_0.025,H,0,1.0,1.0,0.15340399895083628,0.0,-0.0044723168853128825,false,"converged to pure candidate (1,-1)"
3.38,mixed_mesh_0.025,L,0,-1.0,1.0,n/a,0.0,n/a,false,"converged to pure candidate (1,-1)"
3.38,mixed_mesh_0.05,H,0,1.0,1.0,0.1534039989508363,0.0,-0.008920297786157189,false,"converged to pure candidate (1,-1)"
3.38,mixed_mesh_0.05,L,0,-0.9999999999999991,1.0,n/a,0.0,n/a,false,"converged to pure candidate (1,-1)"
3.385,mixed_mesh_0.025,H,0,1.0,1.0,0.15382884880833794,0.0,-0.004485253100877856,false,"converged to pure candidate (1,-1)"
3.385,mixed_mesh_0.025,L,0,-1.0,1.0,n/a,0.0,n/a,false,"converged to pure candidate (1,-1)"
3.385,mixed_mesh_0.05,H,0,1.0,1.0,0.153828848808338,0.0,-0.008945964518556643,false,"converged to pure candidate (1,-1)"
3.385,mixed_mesh_0.05,L,0,-0.9999999999999991,1.0,n/a,0.0,n/a,false,"converged to pure candidate (1,-1)"
3.39,mixed_mesh_0.025,H,0,1.0,1.0,0.15425353748287934,0.0,-0.0044981893896524905,false,"converged to pure candidate (1,-1)"
3.39,mixed_mesh_0.025,L,0,-1.0,1.0,n/a,0.0,n/a,false,"converged to pure candidate (1,-1)"
3.39,mixed_mesh_0.05,H,0,1.0,1.0,0.1542535374828794,0.0,-0.008971579597942064,false,"converged to pure candidate (1,-1)"
3.39,mixed_mesh_0.05,L,0,-0.9999999999999991,1.0,n/a,0.0,n/a,false,"converged to pure candidate (1,-1)"
3.395,mixed_mesh_0.025,H,0,1.0,1.0,0.15467806389572183,0.0,-0.0045111257285046225,false,"converged to pure candidate (1,-1)"
3.395,mixed_mesh_0.025,L,0,-1.0,1.0,n/a,0.0,n/a,false,"converged to pure candidate (1,-1)"
3.395,mixed_mesh_0.05,H,0,1.0,1.0,0.1546780638957219,0.0,-0.008997142484970688,false,"converged to pure candidate (1,-1)"
3.395,mixed_mesh_0.05,L,0,-0.9999999999999991,1.0,n/a,0.0,n/a,false,"converged to pure candidate (1,-1)"
3.4,mixed_mesh_0.025,H,0,1.0,1.0,0.15510242697112878,0.0,-0.004524062094395542,false,"converged to pure candidate (1,-1)"
3.4,mixed_mesh_0.025,L,0,-1.0,1.0,n/a,0.0,n/a,false,"converged to pure candidate (1,-1)"
3.4,mixed_mesh_0.05,H,0,1.0,1.0,0.15510242697112886,0.0,-0.009022652639162354,false,"converged to pure candidate (1,-1)"
3.4,mixed_mesh_0.05,L,0,-0.9999999999999982,1.0,n/a,0.0,n/a,false,"converged to pure candidate (1,-1)"
3.405,mixed_mesh_0.025,H,0,1.0,1.0,0.1555266256363332,0.0,-0.004536998464379105,false,"converged to pure candidate (1,-1)"
3.405,mixed_mesh_0.025,L,0,-1.0,1.0,n/a,0.0,n/a,false,"converged to pure candidate (1,-1)"
3.405,mixed_mesh_0.05,H,0,1.0,1.0,0.15552662563633327,0.0,-0.00904810951889537,false,"converged to pure candidate (1,-1)"
3.405,mixed_mesh_0.05,L,0,-0.9999999999999982,1.0,n/a,0.0,n/a,false,"converged to pure candidate (1,-1)"
3.41,mixed_mesh_0.025,H,0,1.0,1.0,0.15595065882150644,0.0,-0.004549934815601175,false,"converged to pure candidate (1,-1)"
3.41,mixed_mesh_0.025,L,0,-1.0,1.0,n/a,0.0,n/a,false,"converged to pure candidate (1,-1)"
3.41,mixed_mesh_0.05,H,0,1.0,1.0,0.1559506588215065,0.0,-0.009073512581402016,false,"converged to pure candidate (1,-1)"
3.41,mixed_mesh_0.05,L,0,-0.9999999999999982,1.0,n/a,0.0,n/a,false,"converged to pure candidate (1,-1)"
3.415,mixed_mesh_0.025,H,0,1.0,1.0,0.15637452545972547,0.0,-0.0045628711252986565,false,"converged to pure candidate (1,-1)"
3.415,mixed_mesh_0.025,L,0,-1.0,1.0,n/a,0.0,n/a,false,"converged to pure candidate (1,-1)"
3.415,mixed_mesh_0.05,H,0,1.0,1.0,0.15637452545972555,0.0,-0.009098861282764242,false,"converged to pure candidate (1,-1)"
3.415,mixed_mesh_0.05,L,0,-0.9999999999999982,1.0,n/a,0.0,n/a,false,"converged to pure candidate (1,-1)"
3.42,mixed_mesh_0.025,H,0,1.0,1.0,0.1567982244869426,0.0,-0.004575807370798601,false,"converged to pure candidate (1,-1)"
3.42,mixed_mesh_0.025,L,0,-1.0,1.0,n/a,0.0,n/a,false,"converged to pure candidate (1,-1)"
3.42,mixed_mesh_0.05,H,0,1.0,1.0,0.1567982244869427,0.0,-0.009124155077909119,false,"converged to pure candidate (1,-1)"
3.42,mixed_mesh_0.05,L,0,-0.9999999999999982,1.0,n/a,0.0,n/a,false,"converged to pure candidate (1,-1)"
3.425,mixed_mesh_0.025,H,0,1.0,1.0,0.15722175484195355,0.0,-0.0045887435295177414,false,"converged to pure candidate (1,-1)"
3.425,mixed_mesh_0.025,L,0,-1.0,1.0,n/a,0.0,n/a,false,"converged to pure candidate (1,-1)"
3.425,mixed_mesh_0.05,H,0,1.0,1.0,0.1572217548419536,0.0,-0.009149393420604696,false,"converged to pure candidate (1,-1)"
3.425,mixed_mesh_0.05,L,0,-0.9999999999999982,1.0,n/a,0.0,n/a,false,"converged to pure candidate (1,-1)"
3.43,mixed_mesh_0.025,H,0,1.0,1.0,0.15764511546636661,0.0,-0.004601679578961293,false,"converged to pure candidate (1,-1)"
3.43,mixed_mesh_0.025,L,0,-1.0,1.0,n/a,0.0,n/a,false,"converged to pure candidate (1,-1)"
3.43,mixed_mesh_0.05,H,0,1.0,1.0,0.15764511546636667,0.0,-0.0091745757634554,false,"converged to pure candidate (1,-1)"
3.43,mixed_mesh_0.05,L,0,-0.9999999999999982,1.0,n/a,0.0,n/a,false,"converged to pure candidate (1,-1)"
3.435,mixed_mesh_0.025,H,0,1.0,1.0,0.15806830530457222,0.0,-0.004614615496722513,false,"converged to pure candidate (1,-1)"
3.435,mixed_mesh_0.025,L,0,-1.0,1.0,n/a,0.0,n/a,false,"converged to pure candidate (1,-1)"
3.435,mixed_mesh_0.05,H,0,1.0,1.0,0.1580683053045723,0.0,-0.009199701557897705,false,"converged to pure candidate (1,-1)"
3.435,mixed_mesh_0.05,L,0,-0.9999999999999982,1.0,n/a,0.0,n/a,false,"converged to pure candidate (1,-1)"
3.44,mixed_mesh_0.025,H,0,1.0,1.0,0.1584913233037122,0.0,-0.004627551260481838,false,"converged to pure candidate (1,-1)"
3.44,mixed_mesh_0.025,L,0,-1.0,1.0,n/a,0.0,n/a,false,"converged to pure candidate (1,-1)"
3.44,mixed_mesh_0.05,H,0,1.0,1.0,0.15849132330371227,0.0,-0.00922477025419563,false,"converged to pure candidate (1,-1)"
3.44,mixed_mesh_0.05,L,0,-0.9999999999999982,1.0,n/a,0.0,n/a,false,"converged to pure candidate (1,-1)"
3.445,mixed_mesh_0.025,H,0,1.0,1.0,0.1589141684136495,0.0,-0.004640486848005998,false,"converged to pure candidate (1,-1)"
3.445,mixed_mesh_0.025,L,0,-1.0,1.0,n/a,0.0,n/a,false,"converged to pure candidate (1,-1)"
3.445,mixed_mesh_0.05,H,0,1.0,1.0,0.15891416841364955,0.0,-0.009249781301436388,false,"converged to pure candidate (1,-1)"
3.445,mixed_mesh_0.05,L,0,-0.9999999999999982,1.0,n/a,0.0,n/a,false,"converged to pure candidate (1,-1)"
3.45,mixed_mesh_0.025,H,0,1.0,1.0,0.15933683958693837,0.0,-0.004653422237147403,false,"converged to pure candidate (1,-1)"
3.45,mixed_mesh_0.025,L,0,-1.0,1.0,n/a,0.0,n/a,false,"converged to pure candidate (1,-1)"
3.45,mixed_mesh_0.05,H,0,1.0,1.0,0.15933683958693848,0.0,-0.00927473414752597,false,"converged to pure candidate (1,-1)"
3.45,mixed_mesh_0.05,L,0,-0.9999999999999982,1.0,n/a,0.0,n/a,false,"converged to pure candidate (1,-1)"
3.455,mixed_mesh_0.025,H,0,1.0,1.0,0.159759335778794,0.0,-0.0046663574058432855,false,"converged to pure candidate (1,-1)"
3.455,mixed_mesh_0.025,L,0,-1.0,1.0,n/a,0.0,n/a,false,"converged to pure candidate (1,-1)"
3.455,mixed_mesh_0.05,H,0,1.0,1.0,0.15975933577879406,0.0,-0.009299628239184288,false,"converged to pure candidate (1,-1)"
3.455,mixed_mesh_0.05,L,0,-0.9999999999999982,1.0,n/a,0.0,n/a,false,"converged to pure candidate (1,-1)"
3.46,mixed_mesh_0.025,H,0,1.0,1.0,0.1601816559470636,0.0,-0.0046792923321151425,false,"converged to pure candidate (1,-1)"
3.46,mixed_mesh_0.025,L,0,-1.0,1.0,n/a,0.0,n/a,false,"converged to pure candidate (1,-1)"
3.46,mixed_mesh_0.05,H,0,1.0,1.0,0.16018165594706366,0.0,-0.00932446302194126,false,"converged to pure candidate (1,-1)"
3.46,mixed_mesh_0.05,L,0,-0.9999999999999982,1.0,n/a,0.0,n/a,false,"converged to pure candidate (1,-1)"
3.465,mixed_mesh_0.025,H,0,1.0,1.0,0.16060379905219627,0.0,-0.004692226994067655,false,"converged to pure candidate (1,-1)"
3.465,mixed_mesh_0.025,L,0,-1.0,1.0,n/a,0.0,n/a,false,"converged to pure candidate (1,-1)"
3.465,mixed_mesh_0.05,H,0,1.0,1.0,0.16060379905219632,0.0,-0.009349237940131871,false,"converged to pure candidate (1,-1)"
3.465,mixed_mesh_0.05,L,0,-0.9999999999999982,1.0,n/a,0.0,n/a,false,"converged to pure candidate (1,-1)"
3.47,mixed_mesh_0.025,H,0,1.0,1.0,0.16102576405721453,0.0,-0.004705161369888383,false,"converged to pure candidate (1,-1)"
3.47,mixed_mesh_0.025,L,0,-1.0,1.0,n/a,0.0,n/a,false,"converged to pure candidate (1,-1)"
3.47,mixed_mesh_0.05,H,0,1.0,1.0,0.1610257640572146,0.0,-0.009373952436891764,false,"converged to pure candidate (1,-1)"
3.47,mixed_mesh_0.05,L,0,-0.9999999999999982,1.0,n/a,0.0,n/a,false,"converged to pure candidate (1,-1)"
3.475,mixed_mesh_0.025,H,0,1.0,1.0,0.1614475499276845,0.0,-0.004718095437846709,false,"converged to pure candidate (1,-1)"
3.475,mixed_mesh_0.025,L,0,-1.0,1.0,n/a,0.0,n/a,false,"converged to pure candidate (1,-1)"
3.475,mixed_mesh_0.05,H,0,1.0,1.0,0.16144754992768462,0.0,-0.0093986059541529,false,"converged to pure candidate (1,-1)"
3.475,mixed_mesh_0.05,L,0,-0.9999999999999964,1.0,n/a,0.0,n/a,false,"converged to pure candidate (1,-1)"
3.48,mixed_mesh_0.025,H,0,1.0,1.0,0.16186915563168794,0.0,-0.004731029176293172,false,"converged to pure candidate (1,-1)"
3.48,mixed_mesh_0.025,L,0,-1.0,1.0,n/a,0.0,n/a,false,"converged to pure candidate (1,-1)"
3.48,mixed_mesh_0.05,H,0,1.0,1.0,0.16186915563168805,0.0,-0.009423197932638683,false,"converged to pure candidate (1,-1)"
3.48,mixed_mesh_0.05,L,0,-0.9999999999999964,1.0,n/a,0.0,n/a,false,"converged to pure candidate (1,-1)"
3.485,mixed_mesh_0.025,H,0,1.0,1.0,0.16229058013979317,0.0,-0.004743958639858742,false,"converged to pure candidate (1,-1)"
3.485,mixed_mesh_0.025,L,0,-1.0,1.0,n/a,0.0,n/a,false,"converged to pure candidate (1,-1)"
3.485,mixed_mesh_0.05,H,0,1.0,1.0,0.16229058013979322,0.0,-0.009447727811859652,false,"converged to pure candidate (1,-1)"
3.485,mixed_mesh_0.05,L,0,-0.9999999999999982,1.0,n/a,0.0,n/a,false,"converged to pure candidate (1,-1)"
3.49,mixed_mesh_0.025,H,0,1.0,1.0,0.16271182242502655,0.0,-0.004756842221420199,false,"converged to pure candidate (1,-1)"
3.49,mixed_mesh_0.025,L,0,-1.0,1.0,n/a,0.0,n/a,false,"converged to pure candidate (1,-1)"
3.49,mixed_mesh_0.05,H,0,1.0,1.0,0.16271182242502663,0.0,-0.009472195030108821,false,"converged to pure candidate (1,-1)"
3.49,mixed_mesh_0.05,L,0,-0.9999999999999982,1.0,n/a,0.0,n/a,false,"converged to pure candidate (1,-1)"
3.495,mixed_mesh_0.025,H,0,1.0,1.0,0.16313288146284485,0.0,-0.004769668307185254,false,"converged to pure candidate (1,-1)"
3.495,mixed_mesh_0.025,L,0,-1.0,1.0,n/a,0.0,n/a,false,"converged to pure candidate (1,-1)"
3.495,mixed_mesh_0.05,H,0,1.0,1.0,0.16313288146284496,0.0,-0.00949659902445707,false,"converged to pure candidate (1,-1)"
3.495,mixed_mesh_0.05,L,0,-0.9999999999999982,1.0,n/a,0.0,n/a,false,"converged to pure candidate (1,-1)"
3.5,mixed_mesh_0.025,H,0,1.0,1.0,0.16355375623110682,0.0,-0.004782436346590729,false,"converged to pure candidate (1,-1)"
3.5,mixed_mesh_0.025,L,0,-1.0,1.0,n/a,0.0,n/a,false,"converged to pure candidate (1,-1)"
3.5,mixed_mesh_0.05,H,0,1.0,1.0,0.16355375623110688,0.0,-0.009520939230748565,false,"converged to pure candidate (1,-1)"
3.5,mixed_mesh_0.05,L,0,-0.9999999999999982,1.0,n/a,0.0,n/a,false,"converged to pure candidate (1,-1)"
3.505,mixed_mesh_0.025,H,0,1.0,1.0,0.16397444571004557,0.0,-0.0047951457877252746,false,"converged to pure candidate (1,-1)"
3.505,mixed_mesh_0.025,L,0,-1.0,1.0,n/a,0.0,n/a,false,"converged to pure candidate (1,-1)"
3.505,mixed_mesh_0.05,H,0,1.0,1.0,0.16397444571004569,0.0,-0.009545215083596098,false,"converged to pure candidate (1,-1)"
3.505,mixed_mesh_0.05,L,0,-0.9999999999999964,1.0,n/a,0.0,n/a,false,"converged to pure candidate (1,-1)"
3.51,mixed_mesh_0.025,H,0,1.0,1.0,0.16439494888224096,0.0,-0.004807796077326176,false,"converged to pure candidate (1,-1)"
3.51,mixed_mesh_0.025,L,0,-1.0,1.0,n/a,0.0,n/a,false,"converged to pure candidate (1,-1)"
3.51,mixed_mesh_0.05,H,0,1.0,1.0,0.16439494888224104,0.0,-0.009569426016376531,false,"converged to pure candidate (1,-1)"
3.51,mixed_mesh_0.05,L,0,-0.9999999999999982,1.0,n/a,0.0,n/a,false,"converged to pure candidate (1,-1)"
3.515,mixed_mesh_0.025,H,0,1.0,1.0,0.16481526473259198,0.0,-0.0048203866607747226,false,"converged to pure candidate (1,-1)"
3.515,mixed_mesh_0.025,L,0,-1.0,1.0,n/a,0.0,n/a,false,"converged to pure candidate (1,-1)"
3.515,mixed_mesh_0.05,H,0,1.0,1.0,0.1648152647325921,0.0,-0.009593571461226053,false,"converged to pure candidate (1,-1)"
3.515,mixed_mesh_0.05,L,0,-0.9999999999999982,1.0,n/a,0.0,n/a,false,"converged to pure candidate (1,-1)"
3.52,mixed_mesh_0.025,H,0,1.0,1.0,0.16523539224828973,0.0,-0.00483291698209265,false,"converged to pure candidate (1,-1)"
3.52,mixed_mesh_0.025,L,0,-1.0,1.0,n/a,0.0,n/a,false,"converged to pure candidate (1,-1)"
3.52,mixed_mesh_0.05,H,0,1.0,1.0,0.16523539224828984,0.0,-0.009617650849035458,false,"converged to pure candidate (1,-1)"
3.52,mixed_mesh_0.05,L,0,-0.9999999999999982,1.0,n/a,0.0,n/a,false,"converged to pure candidate (1,-1)"
3.525,mixed_mesh_0.025,H,0,1.0,1.0,0.1656553304187907,0.0,-0.004845386483938258,false,"converged to pure candidate (1,-1)"
3.525,mixed_mesh_0.025,L,0,-1.0,1.0,n/a,0.0,n/a,false,"converged to pure candidate (1,-1)"
3.525,mixed_mesh_0.05,H,0,1.0,1.0,0.1656553304187908,0.0,-0.009641663609445711,false,"converged to pure candidate (1,-1)"
3.525,mixed_mesh_0.05,L,0,-0.9999999999999982,1.0,n/a,0.0,n/a,false,"converged to pure candidate (1,-1)"
3.53,mixed_mesh_0.025,H,0,1.0,1.0,0.16607507823578918,0.0,-0.004857794607601912,false,"converged to pure candidate (1,-1)"
3.53,mixed_mesh_0.025,L,0,-1.0,1.0,n/a,0.0,n/a,false,"converged to pure candidate (1,-1)"
3.53,mixed_mesh_0.05,H,0,1.0,1.0,0.1660750782357893,0.0,-0.009665609170843054,false,"converged to pure candidate (1,-1)"
3.53,mixed_mesh_0.05,L,0,-0.9999999999999982,1.0,n/a,0.0,n/a,false,"converged to pure candidate (1,-1)"
3.535,mixed_mesh_0.025,H,0,1.0,1.0,0.16649463469319112,0.0,-0.004870140793002575,false,"converged to pure candidate (1,-1)"
3.535,mixed_mesh_0.025,L,0,-1.0,1.0,n/a,0.0,n/a,false,"converged to pure candidate (1,-1)"
3.535,mixed_mesh_0.05,H,0,1.0,1.0,0.1664946346931912,0.0,-0.009689486960354182,false,"converged to pure candidate (1,-1)"
3.535,mixed_mesh_0.05,L,0,-0.9999999999999982,1.0,n/a,0.0,n/a,false,"converged to pure candidate (1,-1)"
3.54,mixed_mesh_0.025,H,0,1.0,1.0,0.16691399878708746,0.0,-0.004882424478683339,false,"converged to pure candidate (1,-1)"
3.54,mixed_mesh_0.025,L,0,-1.0,1.0,n/a,0.0,n/a,false,"converged to pure candidate (1,-1)"
3.54,mixed_mesh_0.05,H,0,1.0,1.0,0.16691399878708751,0.0,-0.009713296403841859,false,"converged to pure candidate (1,-1)"
3.54,mixed_mesh_0.05,L,0,-0.9999999999999982,1.0,n/a,0.0,n/a,false,"converged to pure candidate (1,-1)"
3.545,mixed_mesh_0.025,H,0,1.0,1.0,0.16733316951572788,0.0,-0.004894645101807649,false,"converged to pure candidate (1,-1)"
3.545,mixed_mesh_0.025,L,0,-1.0,1.0,n/a,0.0,n/a,false,"converged to pure candidate (1,-1)"
3.545,mixed_mesh_0.05,H,0,1.0,1.0,0.16733316951572788,0.0,-0.009737036925899722,false,"converged to pure candidate (1,-1)"
3.545,mixed_mesh_0.05,L,0,-0.9999999999999991,1.0,n/a,0.0,n/a,false,"converged to pure candidate (1,-1)"
3.55,mixed_mesh_0.025,H,0,1.0,1.0,0.16775214587949444,0.0,-0.004906802098155,false,"converged to pure candidate (1,-1)"
3.55,mixed_mesh_0.025,L,0,-1.0,1.0,n/a,0.0,n/a,false,"converged to pure candidate (1,-1)"
3.55,mixed_mesh_0.05,H,0,1.0,1.0,0.16775214587949452,0.0,-0.009760707949847958,false,"converged to pure candidate (1,-1)"
3.55,mixed_mesh_0.05,L,0,-0.9999999999999991,1.0,n/a,0.0,n/a,false,"converged to pure candidate (1,-1)"
3.555,mixed_mesh_0.025,H,0,1.0,1.0,0.16817092688087648,0.0,-0.004918894902116944,false,"converged to pure candidate (1,-1)"
3.555,mixed_mesh_0.025,L,0,-1.0,1.0,n/a,0.0,n/a,false,"converged to pure candidate (1,-1)"
3.555,mixed_mesh_0.05,H,0,1.0,1.0,0.1681709268808765,0.0,-0.009784308897728217,false,"converged to pure candidate (1,-1)"
3.555,mixed_mesh_0.05,L,0,-0.9999999999999991,1.0,n/a,0.0,n/a,false,"converged to pure candidate (1,-1)"
3.56,mixed_mesh_0.025,H,0,1.0,1.0,0.16858951152444318,0.0,-0.0049309229466929505,false,"converged to pure candidate (1,-1)"
3.56,mixed_mesh_0.025,L,0,-1.0,1.0,n/a,0.0,n/a,false,"converged to pure candidate (1,-1)"
3.56,mixed_mesh_0.05,H,0,1.0,1.0,0.1685895115244432,0.0,-0.009807839190298928,false,"converged to pure candidate (1,-1)"
3.56,mixed_mesh_0.05,L,0,-0.9999999999999996,1.0,n/a,0.0,n/a,false,"converged to pure candidate (1,-1)"
3.565,mixed_mesh_0.025,H,0,1.0,1.0,0.16900789881681946,0.0,-0.004942885663486163,false,"converged to pure candidate (1,-1)"
3.565,mixed_mesh_0.025,L,0,-1.0,1.0,n/a,0.0,n/a,false,"converged to pure candidate (1,-1)"
3.565,mixed_mesh_0.05,H,0,1.0,1.0,0.1690078988168195,0.0,-0.009831298247030468,false,"converged to pure candidate (1,-1)"
3.565,mixed_mesh_0.05,L,0,-0.9999999999999996,1.0,n/a,0.0,n/a,false,"converged to pure candidate (1,-1)"
3.57,mixed_mesh_0.025,H,0,1.0,1.0,0.16942608776666,0.0,-0.00495478248269926,false,"converged to pure candidate (1,-1)"
3.57,mixed_mesh_0.025,L,0,-1.0,1.0,n/a,0.0,n/a,false,"converged to pure candidate (1,-1)"
3.57,mixed_mesh_0.05,H,0,1.0,1.0,0.16942608776666,0.0,-0.009854685486100329,false,"converged to pure candidate (1,-1)"
3.57,mixed_mesh_0.05,L,0,-0.9999999999999998,1.0,n/a,0.0,n/a,false,"converged to pure candidate (1,-1)"
3.575,mixed_mesh_0.025,H,0,1.0,1.0,0.16984407738462368,0.0,-0.004966612833130213,false,"converged to pure candidate (1,-1)"
3.575,mixed_mesh_0.025,L,0,-1.0,1.0,n/a,0.0,n/a,false,"converged to pure candidate (1,-1)"
3.575,mixed_mesh_0.05,H,0,1.0,1.0,0.16984407738462368,0.0,-0.009878000324388264,false,"converged to pure candidate (1,-1)"
3.575,mixed_mesh_0.05,L,0,-0.9999999999999999,1.0,n/a,0.0,n/a,false,"converged to pure candidate (1,-1)"
3.58,mixed_mesh_0.025,H,0,1.0,1.0,0.17026186668334883,0.0,-0.004978376142168256,false,"converged to pure candidate (1,-1)"
3.58,mixed_mesh_0.025,L,0,-1.0,1.0,n/a,0.0,n/a,false,"converged to pure candidate (1,-1)"
3.58,mixed_mesh_0.05,H,0,1.0,1.0,0.17026186668334883,0.0,-0.009901242177471459,false,"converged to pure candidate (1,-1)"
3.58,mixed_mesh_0.05,L,0,-1.0,1.0,n/a,0.0,n/a,false,"converged to pure candidate (1,-1)"
3.585,mixed_mesh_0.025,H,0,1.0,1.0,0.170679454677428,0.0,-0.004990071835789256,false,"converged to pure candidate (1,-1)"
3.585,mixed_mesh_0.025,L,0,-1.0,1.0,n/a,0.0,n/a,false,"converged to pure candidate (1,-1)"
3.585,mixed_mesh_0.05,H,0,1.0,1.0,0.170679454677428,0.0,-0.009924410459619531,false,"converged to pure candidate (1,-1)"
3.585,mixed_mesh_0.05,L,0,-1.0,1.0,n/a,0.0,n/a,false,"converged to pure candidate (1,-1)"
3.59,mixed_mesh_0.025,H,0,1.0,1.0,0.17109684038338335,0.0,-0.005001699338551713,false,"converged to pure candidate (1,-1)"
3.59,mixed_mesh_0.025,L,0,-1.0,1.0,n/a,0.0,n/a,false,"converged to pure candidate (1,-1)"
3.59,mixed_mesh_0.05,H,0,1.0,1.0,0.17109684038338335,0.0,-0.00994750458378979,false,"converged to pure candidate (1,-1)"
3.59,mixed_mesh_0.05,L,0,-1.0,1.0,n/a,0.0,n/a,false,"converged to pure candidate (1,-1)"
3.591658518794662,mixed_mesh_0.025,H,0,1.0,1.0,0.17123524394393622,0.0,-0.005005541064926178,false,"converged to pure candidate (1,-1)"
3.591658518794662,mixed_mesh_0.025,L,0,-1.0,1.0,n/a,0.0,n/a,false,"converged to pure candidate (1,-1)"
3.591658518794662,mixed_mesh_0.05,H,0,1.0,1.0,0.17123524394393622,0.0,-0.00995514851167964,false,"converged to pure candidate (1,-1)"
3.591658518794662,mixed_mesh_0.05,L,0,-1.0,1.0,n/a,0.0,n/a,false,"converged to pure candidate (1,-1)"
3.592558518794662,mixed_mesh_0.025,H,0,0.975,1.8203510592580295e-07,0.16630271708706584,0.005007622617383606,-0.009959293067172359,false,not converged
3.592558518794662,mixed_mesh_0.025,H,1,1.0,0.9999998179648941,0.17131033970444945,0.005007622617383606,-0.009959293067172359,false,not converged
3.592558518794662,mixed_mesh_0.025,L,0,-1.0,1.0,n/a,0.0,n/a,false,not converged
3.592558518794662,mixed_mesh_0.05,H,0,1.0,1.0,0.17131033966068637,0.0,-0.009959293061219177,false,"converged to pure candidate (1,-1)"
3.592558518794662,mixed_mesh_0.05,L,0,-1.0,1.0,n/a,0.0,n/a,false,"converged to pure candidate (1,-1)"
3.592658518794662,mixed_mesh_0.025,H,0,0.975,0.00011421688781502344,0.07546403198032418,0.0015064372659465697,-0.0030293520170029814,false,not converged
3.592658518794662,mixed_mesh_0.025,H,1,1.0,0.999885783112185,0.07697046924627075,0.0015064372659465697,-0.0030293520170029814,false,not converged
3.592658518794662,mixed_mesh_0.025,L,0,-1.0,1.0,n/a,0.0,n/a,false,not converged
3.592658518794662,mixed_mesh_0.05,H,0,1.0,1.0,0.17131868322177596,0.0,-0.009959753416690864,false,"converged to pure candidate (1,-1)"
3.592658518794662,mixed_mesh_0.05,L,0,-1.0,1.0,n/a,0.0,n/a,false,"converged to pure candidate (1,-1)"
3.592758518794662,mixed_mesh_0.025,H,0,0.975,0.00011414901056838397,0.07546871432410418,0.001506536195839167,-0.0030295506892639573,false,not converged
3.592758518794662,mixed_mesh_0.025,H,1,1.0,0.9998858509894316,0.07697525051994335,0.001506536195839167,-0.0030295506892639573,false,not converged
3.592758518794662,mixed_mesh_0.025,L,0,-1.0,1.0,n/a,0.0,n/a,false,not converged
3.592758518794662,mixed_mesh_0.05,H,0,1.0,1.0,0.07697525411165666,0.0,-0.0030295492370700644,false,"converged to pure candidate (1,-1)"
3.592758518794662,mixed_mesh_0.05,L,0,-1.0,1.0,n/a,0.0,n/a,false,"converged to pure candidate (1,-1)"
3.593658518794662,mixed_mesh_0.025,H,0,0.975,0.00011353991313381998,0.07551085640286317,0.0015074265856894892,-0.0030313387814170506,false,not converged
3.593658518794662,mixed_mesh_0.025,H,1,1.0,0.9998864600868662,0.07701828298855266,0.0015074265856894892,-0.0030313387814170506,false,not converged
3.593658518794662,mixed_mesh_0.025,L,0,-1.0,1.0,n/a,0.0,n/a,false,not converged
3.593658518794662,mixed_mesh_0.05,H,0,1.0,1.0,0.07701828656268626,0.0,-0.003031337336331097,false,"converged to pure candidate (1,-1)"
3.593658518794662,mixed_mesh_0.05,L,0,-1.0,1.0,n/a,0.0,n/a,false,"converged to pure candidate (1,-1)"
3.595,mixed_mesh_0.025,H,0,0.975,0.00011263801139627959,0.0755736739203044,0.001508753812137817,-0.0030340041343460272,false,not converged
3.595,mixed_mesh_0.025,H,1,1.0,0.9998873619886037,0.07708242773244221,0.001508753812137817,-0.0030340041343460272,false,not converged
3.595,mixed_mesh_0.025,L,0,-1.0,1.0,n/a,0.0,n/a,false,not converged
3.595,mixed_mesh_0.05,H,0,1.0,1.0,0.07708243128052954,0.0,-0.003034002699791233,false,"converged to pure candidate (1,-1)"
3.595,mixed_mesh_0.05,L,0,-1.0,1.0,n/a,0.0,n/a,false,"converged to pure candidate (1,-1)"
3.6,mixed_mesh_0.025,H,0,0.975,0.00010933859008877095,0.07580784343520841,0.0015137014129108645,-0.0030439399687280932,false,not converged
3.6,mixed_mesh_0.025,H,1,1.0,0.9998906614099112,0.07732154484811928,0.0015137014129108645,-0.0030439399687280932,false,not converged
3.6,mixed_mesh_0.025,L,0,-1.0,1.0,n/a,0.0,n/a,false,not converged
3.6,mixed_mesh_0.05,H,0,1.0,1.0,0.07732154830075973,0.0,-0.0030439385727648594,false,"converged to pure candidate (1,-1)"
3.6,mixed_mesh_0.05,L,0,-1.0,1.0,n/a,0.0,n/a,false,"converged to pure candidate (1,-1)"
3.605,mixed_mesh_0.025,H,0,0.975,0.00010613506457363457,0.07604206734065956,0.0015186501634605054,-0.0030538781120668795,false,not converged
3.605,mixed_mesh_0.025,H,1,1.0,0.9998938649354263,0.07756071750412007,0.0015186501634605054,-0.0030538781120668795,false,not converged
3.605,mixed_mesh_0.025,L,0,-1.0,1.0,n/a,0.0,n/a,false,not converged
3.605,mixed_mesh_0.05,H,0,1.0,1.0,0.07756072086383912,0.0,-0.0030538767536741618,false,"converged to pure candidate (1,-1)"
3.605,mixed_mesh_0.05,L,0,-1.0,1.0,n/a,0.0,n/a,false,"converged to pure candidate (1,-1)"
3.61,mixed_mesh_0.025,H,0,0.975,0.00010302467320669366,0.0762763454107249,0.001523600058997862,-0.0030638185547462726,false,not converged
3.61,mixed_mesh_0.025,H,1,1.0,0.9998969753267933,0.07779994546972276,0.001523600058997862,-0.0030638185547462726,false,not converged
3.61,mixed_mesh_0.025,L,0,-1.0,1.0,n/a,0.0,n/a,false,not converged
3.61,mixed_mesh_0.05,H,0,1.0,1.0,0.07779994873898026,0.0,-0.0030638172329292973,false,"converged to pure candidate (1,-1)"
3.61,mixed_mesh_0.05,L,0,-1.0,1.0,n/a,0.0,n/a,false,"converged to pure candidate (1,-1)"
3.615,mixed_mesh_0.025,H,0,0.975,0.0001000047330016257,0.07651067742071979,0.0015285510947606468,-0.0030737612872036163,false,not converged
3.615,mixed_mesh_0.025,H,1,1.0,0.9998999952669985,0.07803922851548044,0.0015285510947606468,-0.0030737612872036163,false,not converged
3.615,mixed_mesh_0.025,L,0,-1.0,1.0,n/a,0.0,n/a,false,not converged
3.615,mixed_mesh_0.05,H,0,1.0,1.0,0.07803923169667255,0.0,-0.0030737600009936444,false,"converged to pure candidate (1,-1)"
3.615,mixed_mesh_0.05,L,0,-1.0,1.0,n/a,0.0,n/a,false,"converged to pure candidate (1,-1)"
3.62,mixed_mesh_0.025,H,0,0.975,9.707263742044864e-05,0.07674506314719942,0.001533503266013328,-0.0030837062999298365,false,not converged
3.62,mixed_mesh_0.025,H,1,1.0,0.9999029273625795,0.07827856641321275,0.001533503266013328,-0.0030837062999298365,false,not converged
3.62,mixed_mesh_0.025,L,0,-1.0,1.0,n/a,0.0,n/a,false,not converged
3.62,mixed_mesh_0.05,H,0,1.0,1.0,0.0782785695086733,0.0,-0.0030837050483831507,false,"converged to pure candidate (1,-1)"
3.62,mixed_mesh_0.05,L,0,-1.0,1.0,n/a,0.0,n/a,false,"converged to pure candidate (1,-1)"
3.625,mixed_mesh_0.025,H,0,0.975,9.42258542239939e-05,0.0769795023679504,0.0015384565680465617,-0.00309365358346865,false,not converged
3.625,mixed_mesh_0.025,H,1,1.0,0.999905774145776,0.07851795893599696,0.0015384565680465617,-0.00309365358346865,false,not converged
3.625,mixed_mesh_0.025,L,0,-1.0,1.0,n/a,0.0,n/a,false,not converged
3.625,mixed_mesh_0.05,H,0,1.0,1.0,0.07851796194799922,0.0,-0.0030936523656661247,false,"converged to pure candidate (1,-1)"
3.625,mixed_mesh_0.05,L,0,-1.0,1.0,n/a,0.0,n/a,false,"converged to pure candidate (1,-1)"
3.63,mixed_mesh_0.025,H,0,0.975,9.146192338234033e-05,0.07721399486198201,0.0015434109961774273,-0.00310360312841651,false,not converged
3.63,mixed_mesh_0.025,H,1,1.0,0.9999085380766176,0.07875740585815943,0.0015434109961774273,-0.00310360312841651,false,not converged
3.63,mixed_mesh_0.025,L,0,-1.0,1.0,n/a,0.0,n/a,false,not converged
3.63,mixed_mesh_0.05,H,0,1.0,1.0,0.07875740878891754,0.0,-0.0031036019434628748,false,"converged to pure candidate (1,-1)"
3.63,mixed_mesh_0.05,L,0,-1.0,1.0,n/a,0.0,n/a,false,"converged to pure candidate (1,-1)"
3.635,mixed_mesh_0.025,H,0,0.975,8.877845504279985e-05,0.0774485404095182,0.0015483665457488305,-0.0031135549254219658,false,not converged
3.635,mixed_mesh_0.025,H,1,1.0,0.9999112215449572,0.07899690695526702,0.0015483665457488305,-0.0031135549254219658,false,not converged
3.635,mixed_mesh_0.025,L,0,-1.0,1.0,n/a,0.0,n/a,false,not converged
3.635,mixed_mesh_0.05,H,0,1.0,1.0,0.0789969098069375,0.0,-0.003113553772445196,false,"converged to pure candidate (1,-1)"
3.635,mixed_mesh_0.05,L,0,-1.0,1.0,n/a,0.0,n/a,false,"converged to pure candidate (1,-1)"
3.64,mixed_mesh_0.025,H,0,0.975,8.61731275541595e-05,0.07768313879198899,0.001553323212129601,-0.0031235089651854564,false,not converged
3.64,mixed_mesh_0.025,H,1,1.0,0.9999138268724458,0.07923646200411859,0.001553323212129601,-0.0031235089651854564,false,not converged
3.64,mixed_mesh_0.025,L,0,-1.0,1.0,n/a,0.0,n/a,false,not converged
3.64,mixed_mesh_0.05,H,0,1.0,1.0,0.07923646477880186,0.0,-0.003123507843336343,false,"converged to pure candidate (1,-1)"
3.64,mixed_mesh_0.05,L,0,-1.0,1.0,n/a,0.0,n/a,false,"converged to pure candidate (1,-1)"
3.645,mixed_mesh_0.025,H,0,0.975,8.364368554617686e-05,0.07791778979202231,0.0015582809907141865,-0.0031334652384588657,false,not converged
3.645,mixed_mesh_0.025,H,1,1.0,0.9999163563144537,0.0794760707827365,0.0015582809907141865,-0.0031334652384588657,false,not converged
3.645,mixed_mesh_0.025,L,0,-1.0,1.0,n/a,0.0,n/a,false,not converged
3.645,mixed_mesh_0.05,H,0,1.0,1.0,0.07947607348247826,0.0,-0.0031334641469102503,false,"converged to pure candidate (1,-1)"
3.645,mixed_mesh_0.05,L,0,-1.0,1.0,n/a,0.0,n/a,false,"converged to pure candidate (1,-1)"
3.65,mixed_mesh_0.025,H,0,0.975,8.118793806090644e-05,0.07815249319343599,0.0015632398769224731,-0.0031434237360452866,false,not converged
3.65,mixed_mesh_0.025,H,1,1.0,0.9999188120619391,0.07971573307035847,0.0015632398769224731,-0.0031434237360452866,false,not converged
3.65,mixed_mesh_0.025,L,0,-1.0,1.0,n/a,0.0,n/a,false,not converged
3.65,mixed_mesh_0.05,H,0,1.0,1.0,0.07971573569715108,0.0,-0.0031434226739915777,false,"converged to pure candidate (1,-1)"
3.65,mixed_mesh_0.05,L,0,-1.0,1.0,n/a,0.0,n/a,false,"converged to pure candidate (1,-1)"
3.655,mixed_mesh_0.025,H,0,0.975,7.880375673746896e-05,0.0783872487812294,0.0015681998661996877,-0.003153384448798466,false,not converged
3.655,mixed_mesh_0.025,H,1,1.0,0.9999211962432626,0.07995544864742908,0.0015681998661996877,-0.003153384448798466,false,not converged
3.655,mixed_mesh_0.025,L,0,-1.0,1.0,n/a,0.0,n/a,false,not converged
3.655,mixed_mesh_0.05,H,0,1.0,1.0,0.07995545120321298,0.0,-0.0031533834154551382,false,"converged to pure candidate (1,-1)"
3.655,mixed_mesh_0.05,L,0,-1.0,1.0,n/a,0.0,n/a,false,"converged to pure candidate (1,-1)"
3.66,mixed_mesh_0.025,H,0,0.975,7.648907404554723e-05,0.07862205634157557,0.001573160954016134,-0.003163347367622596,false,not converged
3.66,mixed_mesh_0.025,H,1,1.0,0.9999235109259544,0.0801952172955917,0.001573160954016134,-0.003163347367622596,false,not converged
3.66,mixed_mesh_0.025,L,0,-1.0,1.0,n/a,0.0,n/a,false,not converged
3.66,mixed_mesh_0.05,H,0,1.0,1.0,0.08019521978225662,0.0,-0.003163346362225511,false,"converged to pure candidate (1,-1)"
3.66,mixed_mesh_0.05,L,0,-1.0,1.0,n/a,0.0,n/a,false,"converged to pure candidate (1,-1)"
3.665,mixed_mesh_0.025,H,0,0.975,7.424188156970959e-05,0.07885691566181303,0.0015781231358670267,-0.0031733124834719406,false,not converged
3.665,mixed_mesh_0.025,H,1,1.0,0.9999257581184302,0.08043503879768006,0.0015781231358670267,-0.0031733124834719406,false,not converged
3.665,mixed_mesh_0.025,L,0,-1.0,1.0,n/a,0.0,n/a,false,not converged
3.665,mixed_mesh_0.05,H,0,1.0,1.0,0.08043504121706642,0.0,-0.0031733115052769156,false,"converged to pure candidate (1,-1)"
3.665,mixed_mesh_0.05,L,0,-1.0,1.0,n/a,0.0,n/a,false,"converged to pure candidate (1,-1)"
3.67,mixed_mesh_0.025,H,0,0.975,7.206022833977777e-05,0.07909182653043824,0.0015830864072723383,-0.0031832797873503627,false,not converged
3.67,mixed_mesh_0.025,H,1,1.0,0.9999279397716602,0.08067491293771058,0.0015830864072723383,-0.0031832797873503627,false,not converged
3.67,mixed_mesh_0.025,L,0,-1.0,1.0,n/a,0.0,n/a,false,not converged
3.67,mixed_mesh_0.05,H,0,1.0,1.0,0.08067491529161072,0.0,-0.0031832788356327413,false,"converged to pure candidate (1,-1)"
3.67,mixed_mesh_0.05,L,0,-1.0,1.0,n/a,0.0,n/a,false,"converged to pure candidate (1,-1)"
3.675,mixed_mesh_0.025,H,0,0.975,6.994221920841943e-05,0.07932678873709743,0.0015880507637766744,-0.0031932492703111715,false,not converged
3.675,mixed_mesh_0.025,H,1,1.0,0.9999300577807916,0.08091483950087411,0.0015880507637766744,-0.0031932492703111715,false,not converged
3.675,mixed_mesh_0.025,L,0,-1.0,1.0,n/a,0.0,n/a,false,not converged
3.675,mixed_mesh_0.05,H,0,1.0,1.0,0.0809148417910335,0.0,-0.0031932483443652404,false,"converged to pure candidate (1,-1)"
3.675,mixed_mesh_0.05,L,0,-1.0,1.0,n/a,0.0,n/a,false,"converged to pure candidate (1,-1)"
3.68,mixed_mesh_0.025,H,0,0.975,6.788601327374648e-05,0.07956180207257889,0.001593016200949024,-0.003203220923456679,false,not converged
3.68,mixed_mesh_0.025,H,1,1.0,0.9999321139867263,0.08115481827352791,0.001593016200949024,-0.003203220923456679,false,not converged
3.68,mixed_mesh_0.025,L,0,-1.0,1.0,n/a,0.0,n/a,false,not converged
3.68,mixed_mesh_0.05,H,0,1.0,1.0,0.08115482050164637,0.0,-0.0032032200225951546,false,"converged to pure candidate (1,-1)"
3.68,mixed_mesh_0.05,L,0,-1.0,1.0,n/a,0.0,n/a,false,"converged to pure candidate (1,-1)"
3.685,mixed_mesh_0.025,H,0,0.975,6.588982234538611e-05,0.07979686632880528,0.0015979827143826203,-0.0032131947379378106,false,not converged
3.685,mixed_mesh_0.025,H,1,1.0,0.9999341101776547,0.0813948490431879,0.0015979827143826203,-0.0032131947379378106,false,not converged
3.685,mixed_mesh_0.025,L,0,-1.0,1.0,n/a,0.0,n/a,false,not converged
3.685,mixed_mesh_0.05,H,0,1.0,1.0,0.08139485121092065,0.0,-0.0032131938614913536,false,"converged to pure candidate (1,-1)"
3.685,mixed_mesh_0.05,L,0,-1.0,1.0,n/a,0.0,n/a,false,"converged to pure candidate (1,-1)"
3.69,mixed_mesh_0.025,H,0,0.975,6.395190945412687e-05,0.08003198129882602,0.0016029502996946915,-0.003223170704953815,false,not converged
3.69,mixed_mesh_0.025,H,1,1.0,0.9999360480905459,0.08163493159852071,0.0016029502996946915,-0.003223170704953815,false,not converged
3.69,mixed_mesh_0.025,L,0,-1.0,1.0,n/a,0.0,n/a,false,not converged
3.69,mixed_mesh_0.05,H,0,1.0,1.0,0.08163493370747978,0.0,-0.003223169852270724,false,"converged to pure candidate (1,-1)"
3.69,mixed_mesh_0.05,L,0,-1.0,1.0,n/a,0.0,n/a,false,"converged to pure candidate (1,-1)"
3.695,mixed_mesh_0.025,H,0,0.975,6.207058740216461e-05,0.08026714677680966,0.0016079189525265158,-0.003233148815751985,false,not converged
3.695,mixed_mesh_0.025,H,1,1.0,0.9999379294125977,0.08187506572933617,0.0016079189525265158,-0.003233148815751985,false,not converged
3.695,mixed_mesh_0.025,L,0,-1.0,1.0,n/a,0.0,n/a,false,not converged
3.695,mixed_mesh_0.05,H,0,1.0,1.0,0.08187506778109115,0.0,-0.003233147986197546,false,"converged to pure candidate (1,-1)"
3.695,mixed_mesh_0.05,L,0,-1.0,1.0,n/a,0.0,n/a,false,"converged to pure candidate (1,-1)"
3.7,mixed_mesh_0.025,H,0,0.975,6.024421735393758e-05,0.08050236255803618,0.0016128886685430055,-0.0032431290616272146,false,not converged
3.7,mixed_mesh_0.025,H,1,1.0,0.999939755782646,0.08211525122657919,0.0016128886685430055,-0.0032431290616272146,false,not converged
3.7,mixed_mesh_0.025,L,0,-1.0,1.0,n/a,0.0,n/a,false,not converged
3.7,mixed_mesh_0.05,H,0,1.0,1.0,0.08211525322265863,0.0,-0.0032431282545834217,false,"converged to pure candidate (1,-1)"
3.7,mixed_mesh_0.05,L,0,-1.0,1.0,n/a,0.0,n/a,false,"converged to pure candidate (1,-1)"
3.705,mixed_mesh_0.025,H,0,0.975,5.847120746703672e-05,0.08073762843888972,0.0016178594434326926,-0.003253111433921721,false,not converged
3.705,mixed_mesh_0.025,H,1,1.0,0.999941528792533,0.08235548788232241,0.0016178594434326926,-0.003253111433921721,false,not converged
3.705,mixed_mesh_0.025,L,0,-1.0,1.0,n/a,0.0,n/a,false,not converged
3.705,mixed_mesh_0.05,H,0,1.0,1.0,0.0823554898242148,0.0,-0.003253110648786861,false,"converged to pure candidate (1,-1)"
3.705,mixed_mesh_0.05,L,0,-1.0,1.0,n/a,0.0,n/a,false,"converged to pure candidate (1,-1)"
3.71,mixed_mesh_0.025,H,0,0.975,5.6750011560276354e-05,0.08097294421685124,0.0016228312729074795,-0.0032630959240248364,false,not converged
3.71,mixed_mesh_0.025,H,1,1.0,0.9999432499884398,0.08259577548975872,0.0016228312729074795,-0.0032630959240248364,false,not converged
3.71,mixed_mesh_0.025,L,0,-1.0,1.0,n/a,0.0,n/a,false,not converged
3.71,mixed_mesh_0.05,H,0,1.0,1.0,0.0825957773789133,0.0,-0.003263095160212781,false,"converged to pure candidate (1,-1)"
3.71,mixed_mesh_0.05,L,0,-1.0,1.0,n/a,0.0,n/a,false,"converged to pure candidate (1,-1)"
3.715,mixed_mesh_0.025,H,0,0.975,5.507912781946009e-05,0.08120830969049077,0.0016278041527025972,-0.003273082523372453,false,not converged
3.715,mixed_mesh_0.025,H,1,1.0,0.9999449208721805,0.08283611384319337,0.0016278041527025972,-0.003273082523372453,false,not converged
3.715,mixed_mesh_0.025,L,0,-1.0,1.0,n/a,0.0,n/a,false,not converged
3.715,mixed_mesh_0.05,H,0,1.0,1.0,0.08283611568102141,0.0,-0.003273081780312631,false,"converged to pure candidate (1,-1)"
3.715,mixed_mesh_0.05,L,0,-1.0,1.0,n/a,0.0,n/a,false,"converged to pure candidate (1,-1)"
3.72,mixed_mesh_0.025,H,0,0.975,5.345709753927257e-05,0.08144372465946056,0.0016327780785762858,-0.003283071223446815,false,not converged
3.72,mixed_mesh_0.025,H,1,1.0,0.9999465429024608,0.08307650273803685,0.0016327780785762858,-0.003283071223446815,false,not converged
3.72,mixed_mesh_0.025,L,0,-1.0,1.0,n/a,0.0,n/a,false,not converged
3.72,mixed_mesh_0.05,H,0,1.0,1.0,0.08307650452591249,0.0,-0.0032830705005836153,false,"converged to pure candidate (1,-1)"
3.72,mixed_mesh_0.05,L,0,-1.0,1.0,n/a,0.0,n/a,false,"converged to pure candidate (1,-1)"
3.725,mixed_mesh_0.025,H,0,0.975,5.188250390016816e-05,0.08167918892448753,0.0016377530463097395,-0.0032930620157762547,false,not converged
3.725,mixed_mesh_0.025,H,1,1.0,0.9999481174960999,0.08331694197079727,0.0016377530463097395,-0.0032930620157762547,false,not converged
3.725,mixed_mesh_0.025,L,0,-1.0,1.0,n/a,0.0,n/a,false,not converged
3.725,mixed_mesh_0.05,H,0,1.0,1.0,0.08331694371005853,0.0,-0.0032930613125687486,false,"converged to pure candidate (1,-1)"
3.725,mixed_mesh_0.05,L,0,-1.0,1.0,n/a,0.0,n/a,false,"converged to pure candidate (1,-1)"
3.73,mixed_mesh_0.025,H,0,0.975,5.0353970779714086e-05,0.08191470228736622,0.0016427290517069537,-0.003303054891934845,false,not converged
3.73,mixed_mesh_0.025,H,1,1.0,0.9999496460292203,0.08355743133907317,0.0016427290517069537,-0.003303054891934845,false,not converged
3.73,mixed_mesh_0.025,L,0,-1.0,1.0,n/a,0.0,n/a,false,not converged
3.73,mixed_mesh_0.05,H,0,1.0,1.0,0.08355743303102285,0.0,-0.003303054207856232,false,"converged to pure candidate (1,-1)"
3.73,mixed_mesh_0.05,L,0,-1.0,1.0,n/a,0.0,n/a,false,"converged to pure candidate (1,-1)"
3.735,mixed_mesh_0.025,H,0,0.975,4.887016159700131e-05,0.08215026455095173,0.0016477060905945445,-0.0033130498435420264,false,not converged
3.735,mixed_mesh_0.025,H,1,1.0,0.999951129838403,0.08379797064154627,0.0016477060905945445,-0.0033130498435420264,false,not converged
3.735,mixed_mesh_0.025,L,0,-1.0,1.0,n/a,0.0,n/a,false,not converged
3.735,mixed_mesh_0.05,H,0,1.0,1.0,0.08379797228745282,0.0,-0.0033130491780794247,false,"converged to pure candidate (1,-1)"
3.735,mixed_mesh_0.05,L,0,-1.0,1.0,n/a,0.0,n/a,false,"converged to pure candidate (1,-1)"
3.74,mixed_mesh_0.025,H,0,0.975,4.742977818940801e-05,0.08238587551915241,0.0016526841588215407,-0.003323046862262327,false,not converged
3.74,mixed_mesh_0.025,H,1,1.0,0.9999525702218106,0.08403855967797395,0.0016526841588215407,-0.003323046862262327,false,not converged
3.74,mixed_mesh_0.025,L,0,-1.0,1.0,n/a,0.0,n/a,false,not converged
3.74,mixed_mesh_0.05,H,0,1.0,1.0,0.08403856127907246,0.0,-0.0033230462149163725,false,"converged to pure candidate (1,-1)"
3.74,mixed_mesh_0.05,L,0,-1.0,1.0,n/a,0.0,n/a,false,"converged to pure candidate (1,-1)"
3.745,mixed_mesh_0.025,H,0,0.975,4.6031559720825204e-05,0.0826215349969231,0.0016576632522593143,-0.0033330459398050877,false,not converged
3.745,mixed_mesh_0.025,H,1,1.0,0.9999539684402792,0.08427919824918241,0.0016576632522593143,-0.0033330459398050877,false,not converged
3.745,mixed_mesh_0.025,L,0,-1.0,1.0,n/a,0.0,n/a,false,not converged
3.745,mixed_mesh_0.05,H,0,1.0,1.0,0.08427919980667536,0.0,-0.0033330453100896412,false,"converged to pure candidate (1,-1)"
3.745,mixed_mesh_0.05,L,0,-1.0,1.0,n/a,0.0,n/a,false,"converged to pure candidate (1,-1)"
3.75,mixed_mesh_0.025,H,0,0.975,4.4674281620573784e-05,0.08285724279025809,0.0016626433668014556,-0.003343047067924196,false,not converged
3.75,mixed_mesh_0.025,H,1,1.0,0.9999553257183794,0.08451988615705955,0.0016626433668014556,-0.003343047067924196,false,not converged
3.75,mixed_mesh_0.025,L,0,-1.0,1.0,n/a,0.0,n/a,false,not converged
3.75,mixed_mesh_0.05,H,0,1.0,1.0,0.08451988767211767,0.0,-0.003343046455365789,false,"converged to pure candidate (1,-1)"
3.75,mixed_mesh_0.05,L,0,-1.0,1.0,n/a,0.0,n/a,false,"converged to pure candidate (1,-1)"
3.755,mixed_mesh_0.025,H,0,0.975,4.335675455199922e-05,0.08309299870618414,0.0016676244983634542,-0.0033530502384176014,false,not converged
3.755,mixed_mesh_0.025,H,1,1.0,0.9999566432454481,0.0847606232045476,0.0016676244983634542,-0.0033530502384176014,false,not converged
3.755,mixed_mesh_0.025,L,0,-1.0,1.0,n/a,0.0,n/a,false,not converged
3.755,mixed_mesh_0.05,H,0,1.0,1.0,0.08476062467831079,0.0,-0.0033530496425554362,false,"converged to pure candidate (1,-1)"
3.755,mixed_mesh_0.05,L,0,-1.0,1.0,n/a,0.0,n/a,false,"converged to pure candidate (1,-1)"
3.76,mixed_mesh_0.025,H,0,0.975,4.207782340998255e-05,0.0833288025527537,0.0016726066428827124,-0.0033630554431272053,false,not converged
3.76,mixed_mesh_0.025,H,1,1.0,0.99995792217659,0.08500140919563641,0.0016726066428827124,-0.0033630554431272053,false,not converged
3.76,mixed_mesh_0.025,L,0,-1.0,1.0,n/a,0.0,n/a,false,not converged
3.76,mixed_mesh_0.05,H,0,1.0,1.0,0.08500141062921446,0.0,-0.003363054863512571,false,"converged to pure candidate (1,-1)"
3.76,mixed_mesh_0.05,L,0,-1.0,1.0,n/a,0.0,n/a,false,"converged to pure candidate (1,-1)"
3.765,mixed_mesh_0.025,H,0,0.975,4.0836366346393285e-05,0.08356465413903824,0.0016775897963183517,-0.00337306267393854,false,not converged
3.765,mixed_mesh_0.025,H,1,1.0,0.9999591636336536,0.08524224393535659,0.0016775897963183517,-0.00337306267393854,false,not converged
3.765,mixed_mesh_0.025,L,0,-1.0,1.0,n/a,0.0,n/a,false,not converged
3.765,mixed_mesh_0.05,H,0,1.0,1.0,0.08524224532982992,0.0,-0.0033730621101345643,false,"converged to pure candidate (1,-1)"
3.765,mixed_mesh_0.05,L,0,-1.0,1.0,n/a,0.0,n/a,false,"converged to pure candidate (1,-1)"
3.77,mixed_mesh_0.025,H,0,0.975,3.9631293823419283e-05,0.08380055327512116,0.00168257395465099,-0.003383071922780298,false,not converged
3.77,mixed_mesh_0.025,H,1,1.0,0.9999603687061766,0.08548312722977215,0.00168257395465099,-0.003383071922780298,false,not converged
3.77,mixed_mesh_0.025,L,0,-1.0,1.0,n/a,0.0,n/a,false,not converged
3.77,mixed_mesh_0.05,H,0,1.0,1.0,0.08548312858619266,0.0,-0.0033830713743617236,false,"converged to pure candidate (1,-1)"
3.77,mixed_mesh_0.05,L,0,-1.0,1.0,n/a,0.0,n/a,false,"converged to pure candidate (1,-1)"
3.775,mixed_mesh_0.025,H,0,0.975,3.846154769302127e-05,0.08403649977209152,0.001687559113882811,-0.0033930831816243595,false,not converged
3.775,mixed_mesh_0.025,H,1,1.0,0.999961538452307,0.08572405888597433,0.001687559113882811,-0.0033930831816243595,false,not converged
3.775,mixed_mesh_0.025,L,0,-1.0,1.0,n/a,0.0,n/a,false,not converged
3.775,mixed_mesh_0.05,H,0,1.0,1.0,0.08572406020536603,0.0,-0.003393082648177073,false,"converged to pure candidate (1,-1)"
3.775,mixed_mesh_0.05,L,0,-1.0,1.0,n/a,0.0,n/a,false,"converged to pure candidate (1,-1)"
3.78,mixed_mesh_0.025,H,0,0.975,3.732610030247198e-05,0.0842724934420371,0.001692545270037163,-0.00340309644248514,false,not converged
3.78,mixed_mesh_0.025,H,1,1.0,0.9999626738996975,0.08596503871207427,0.001692545270037163,-0.00340309644248514,false,not converged
3.78,mixed_mesh_0.025,L,0,-1.0,1.0,n/a,0.0,n/a,false,not converged
3.78,mixed_mesh_0.05,H,0,1.0,1.0,0.08596503999543413,0.0,-0.003403095923606103,false,"converged to pure candidate (1,-1)"
3.78,mixed_mesh_0.05,L,0,-1.0,1.0,n/a,0.0,n/a,false,"converged to pure candidate (1,-1)"
3.785,mixed_mesh_0.025,H,0,0.975,3.6223953624822536e-05,0.08450853409803806,0.0016975324191584595,-0.003413111697419549,false,not converged
3.785,mixed_mesh_0.025,H,1,1.0,0.9999637760463751,0.08620606651719652,0.0016975324191584595,-0.003413111697419549,false,not converged
3.785,mixed_mesh_0.025,L,0,-1.0,1.0,n/a,0.0,n/a,false,not converged
3.785,mixed_mesh_0.05,H,0,1.0,1.0,0.08620606776549507,0.0,-0.0034131111927163116,false,"converged to pure candidate (1,-1)"
3.785,mixed_mesh_0.05,L,0,-1.0,1.0,n/a,0.0,n/a,false,"converged to pure candidate (1,-1)"
3.79,mixed_mesh_0.025,H,0,0.975,3.5154138414216763e-05,0.08474462155416009,0.0017025205573122232,-0.003423128938526629,false,not converged
3.79,mixed_mesh_0.025,H,1,1.0,0.9999648458615858,0.08644714211147231,0.0017025205573122232,-0.003423128938526629,false,not converged
3.79,mixed_mesh_0.025,L,0,-1.0,1.0,n/a,0.0,n/a,false,not converged
3.79,mixed_mesh_0.05,H,0,1.0,1.0,0.08644714332565444,0.0,-0.0034231284476172186,false,"converged to pure candidate (1,-1)"
3.79,mixed_mesh_0.05,L,0,-1.0,1.0,n/a,0.0,n/a,false,"converged to pure candidate (1,-1)"
3.795,mixed_mesh_0.025,H,0,0.975,3.411571338466594e-05,0.08498075562544834,0.0017075096805848344,-0.003433148157947319,false,not converged
3.795,mixed_mesh_0.025,H,1,1.0,0.9999658842866154,0.08668826530603317,0.0017075096805848344,-0.003433148157947319,false,not converged
3.795,mixed_mesh_0.025,L,0,-1.0,1.0,n/a,0.0,n/a,false,not converged
3.795,mixed_mesh_0.05,H,0,1.0,1.0,0.0866882664870186,0.0,-0.003433147680459825,false,"converged to pure candidate (1,-1)"
3.795,mixed_mesh_0.05,L,0,-1.0,1.0,n/a,0.0,n/a,false,"converged to pure candidate (1,-1)"
3.8,mixed_mesh_0.025,H,0,0.975,3.310776441193616e-05,0.08521693612792068,0.0017124997850832269,-0.003443169347864039,false,not converged
3.8,mixed_mesh_0.025,H,1,1.0,0.9999668922355881,0.08692943591300391,0.0017124997850832269,-0.003443169347864039,false,not converged
3.8,mixed_mesh_0.025,L,0,-1.0,1.0,n/a,0.0,n/a,false,not converged
3.8,mixed_mesh_0.05,H,0,1.0,1.0,0.08692943706168806,0.0,-0.0034431688834364593,false,"converged to pure candidate (1,-1)"
3.8,mixed_mesh_0.05,L,0,-1.0,1.0,n/a,0.0,n/a,false,"converged to pure candidate (1,-1)"
