value_law,r,p,branch,q_H,q_L,E,O_H,R_T,no_entry_price_mass,posterior_in_no_entry_pool,epsilon_P,epsilon_e,epsilon_q,status,accepted,unresolved_reason
binary,1.2,0,pooling,0.0,0.0,0.25000000000000006,0.12500000000000003,0.1479166666666667,0.0,nan,0.0,0.0,0.0,analytical (unique no trade: Delta_T < k),true,
binary,1.2,0.05,pooling,0.0,0.0,0.25000000000000006,0.12500000000000003,0.18411458333333336,0.0,nan,0.0,0.0,0.0,analytical (unique no trade: Delta_T < k),true,
binary,1.2,0.1,pooling,0.0,0.0,0.25000000000000006,0.12500000000000003,0.21770833333333334,0.0,nan,0.0,0.0,0.0,analytical (unique no trade: Delta_T < k),true,
binary,1.2,0.15,pooling,0.0,0.0,0.25000000000000006,0.12500000000000003,0.24869791666666669,0.0,nan,0.0,0.0,0.0,analytical (unique no trade: Delta_T < k),true,
binary,1.2,0.2,pooling,0.0,0.0,0.25000000000000006,0.12500000000000003,0.27708333333333335,0.0,nan,0.0,0.0,0.0,analytical (unique no trade: Delta_T < k),true,
binary,1.2,0.25,pooling,0.0,0.0,0.25000000000000006,0.12500000000000003,0.3028645833333333,0.0,nan,0.0,0.0,0.0,analytical (unique no trade: Delta_T < k),true,
binary,1.2,0.3,pooling,0.0,0.0,0.25000000000000006,0.12500000000000003,0.3260416666666667,0.0,nan,0.0,0.0,0.0,analytical (unique no trade: Delta_T < k),true,
binary,1.2,0.35,pooling,0.0,0.0,0.25000000000000006,0.12500000000000003,0.3466145833333333,0.0,nan,0.0,0.0,0.0,analytical (unique no trade: Delta_T < k),true,
binary,1.2,0.4,pooling,0.0,0.0,0.25000000000000006,0.12500000000000003,0.36458333333333337,0.0,nan,0.0,0.0,0.0,analytical (unique no trade: Delta_T < k),true,
binary,1.2,0.45,pooling,0.0,0.0,0.25000000000000006,0.12500000000000003,0.3799479166666667,0.0,nan,0.0,0.0,0.0,analytical (unique no trade: Delta_T < k),true,
binary,1.2,0.5,pooling,0.0,0.0,0.25000000000000006,0.12500000000000003,0.3927083333333333,0.0,nan,0.0,0.0,0.0,analytical (unique no trade: Delta_T < k),true,
binary,1.2,0.55,pooling,0.0,0.0,0.25000000000000006,0.12500000000000003,0.40286458333333336,0.0,nan,0.0,0.0,0.0,analytical (unique no trade: Delta_T < k),true,
binary,1.2,0.6,pooling,0.0,0.0,0.25000000000000006,0.12500000000000003,0.4104166666666667,0.0,nan,0.0,0.0,0.0,analytical (unique no trade: Delta_T < k),true,
binary,1.2,0.65,pooling,0.0,0.0,0.25000000000000006,0.12500000000000003,0.4153645833333333,0.0,nan,0.0,0.0,0.0,analytical (unique no trade: Delta_T < k),true,
binary,1.2,0.7,pooling,0.0,0.0,0.25000000000000006,0.12500000000000003,0.41770833333333335,0.0,nan,0.0,0.0,0.0,analytical (unique no trade: Delta_T < k),true,
binary,1.2,0.75,pooling,0.0,0.0,0.25000000000000006,0.12500000000000003,0.4174479166666667,0.0,nan,0.0,0.0,0.0,analytical (unique no trade: Delta_T < k),true,
binary,1.2,0.8,pooling,0.0,0.0,0.25000000000000006,0.12500000000000003,0.4145833333333333,0.0,nan,0.0,0.0,0.0,analytical (unique no trade: Delta_T < k),true,
binary,1.2,0.85,pooling,0.0,0.0,0.25000000000000006,0.12500000000000003,0.4091145833333333,0.0,nan,0.0,0.0,0.0,analytical (unique no trade: Delta_T < k),true,
binary,1.2,0.9,pooling,0.0,0.0,0.25000000000000006,0.12500000000000003,0.40104166666666674,0.0,nan,0.0,0.0,0.0,analytical (unique no trade: Delta_T < k),true,
binary,1.2,0.95,pooling,0.0,0.0,0.25000000000000006,0.12500000000000003,0.3903645833333334,0.0,nan,0.0,0.0,0.0,analytical (unique no trade: Delta_T < k),true,
binary,1.2,0.9999,pooling,0.0,0.0,0.25000000000000006,0.12500000000000003,0.3771124947916667,0.0,nan,0.0,0.0,0.0,analytical (unique no trade: Delta_T < k),true,
binary,1.2,1,pooling,0.0,0.0,0.25000000000000006,0.12500000000000003,0.3770833333333333,0.0,nan,0.0,0.0,0.0,analytical (unique no trade: Delta_T < k),true,
binary,1.2,1.0001,full_orders,1.0,-1.0,0.5439089537897557,0.33871839675496473,0.4545614409018799,0.0,nan,0.0,0.0,0.0,analytical (unique full orders: uniform derivative bound with entry floor),true,
binary,1.2,1.0001,pooling,0.0,0.0,0.25000000000000006,0.12500000000000003,0.27286874322916665,0.0,nan,0.0,0.0,0.0862687515625,rejected,false,epsilon_q=8.627e-02
binary,1.2,1.01,full_orders,1.0,-1.0,0.5435728333758433,0.3384937949356264,0.45275611101035046,0.0,nan,0.0,0.0,0.0,analytical (unique full orders: uniform derivative bound with entry floor),true,
binary,1.2,1.01,pooling,0.0,0.0,0.25000000000000006,0.12500000000000003,0.2680572916666667,0.0,nan,0.0,0.0,0.08814062499999999,rejected,false,epsilon_q=8.814e-02
binary,1.2,1.05,full_orders,1.0,-1.0,0.5421693066249151,0.33755369634304067,0.44454202441838453,0.0,nan,0.0,0.0,0.0,analytical (unique full orders: uniform derivative bound with entry floor),true,
binary,1.2,1.05,pooling,0.0,0.0,0.25000000000000006,0.12500000000000003,0.24726562499999993,0.0,nan,0.0,0.0,0.09601562500000001,rejected,false,epsilon_q=9.602e-02
binary,1.2,1.1,full_orders,1.0,-1.0,0.5403091180516093,0.3363021879118352,0.43217263192739974,0.0,nan,0.0,0.0,0.0,analytical (unique full orders: uniform derivative bound with entry floor),true,
binary,1.2,1.1,pooling,0.0,0.0,0.25000000000000006,0.12500000000000003,0.21822916666666664,0.0,nan,0.0,0.0,0.10656250000000002,rejected,false,epsilon_q=1.066e-01
binary,1.2,1.15,full_orders,1.0,-1.0,0.538325867609694,0.3349609908865575,0.4174205097384004,0.0,nan,0.0,0.0,0.0,analytical (unique full orders: uniform derivative bound with entry floor),true,
binary,1.2,1.15,pooling,0.0,0.0,0.25000000000000006,0.12500000000000003,0.18580729166666674,0.0,nan,0.0,0.0,0.11789062499999996,rejected,false,epsilon_q=1.179e-01
binary,1.2,1.1999,full_orders,1.0,-1.0,0.5362173625432222,0.33352735271507494,0.40026611362330544,0.0,nan,0.0,0.0,0.0,analytical (unique full orders: uniform derivative bound with entry floor),true,
binary,1.2,1.1999,pooling,0.0,0.0,0.25000000000000006,0.12500000000000003,0.15007499322916668,0.0,nan,0.0,0.0,0.1299750015625,rejected,false,epsilon_q=1.300e-01
binary,1.2,1.2,full_orders,1.0,-1.0,0.536213002741138,0.33352438013963365,0.4002292561675604,0.0,nan,0.0,0.0,0.0,analytical (unique full orders: uniform derivative bound with entry floor),true,
binary,1.2,1.2,pooling,0.0,0.0,0.25000000000000006,0.12500000000000003,0.15000000000000002,0.0,nan,0.0,0.0,0.13000000000000003,rejected,false,epsilon_q=1.300e-01
binary,1.2,1.2001,full_orders,1.0,-1.0,0.5362086425733626,0.3335214072810772,0.4002590408780207,0.0,nan,0.0,0.0,0.0,analytical (unique full orders: uniform derivative bound with entry floor),true,
binary,1.2,1.2001,pooling,0.0,0.0,0.25000000000000006,0.12500000000000003,0.15001250000000002,0.0,nan,0.0,0.0,0.1300125,rejected,false,epsilon_q=1.300e-01
binary,1.2,1.25,full_orders,1.0,-1.0,0.5340096323150143,0.3320177827354108,0.4150222284192635,0.0,nan,0.0,0.0,0.0,analytical (unique full orders: uniform derivative bound with entry floor),true,
binary,1.2,1.25,pooling,0.0,0.0,0.25000000000000006,0.12500000000000003,0.15625000000000003,0.0,nan,0.0,0.0,0.13625,rejected,false,epsilon_q=1.363e-01
binary,1.2,1.3,full_orders,1.0,-1.0,0.5317582397430771,0.3304695268055948,0.42961038484727326,0.0,nan,0.0,0.0,0.0,analytical (unique full orders: uniform derivative bound with entry floor),true,
binary,1.2,1.3,pooling,0.0,0.0,0.25000000000000006,0.12500000000000003,0.16250000000000003,0.0,nan,0.0,0.0,0.14250000000000002,rejected,false,epsilon_q=1.425e-01
binary,1.2,1.35,full_orders,1.0,-1.0,0.5294566915193426,0.3288776564525538,0.44398483621094764,0.0,nan,0.0,0.0,0.0,analytical (unique full orders: uniform derivative bound with entry floor),true,
binary,1.2,1.35,pooling,0.0,0.0,0.25000000000000006,0.12500000000000003,0.16875000000000004,0.0,nan,0.0,0.0,0.14875000000000002,rejected,false,epsilon_q=1.488e-01
binary,1.2,1.4,full_orders,1.0,-1.0,0.5271027146932978,0.32724008475287825,0.45813611865402953,0.0,nan,0.0,0.0,0.0,analytical (unique full orders: uniform derivative bound with entry floor),true,
binary,1.2,1.4,pooling,0.0,0.0,0.25000000000000006,0.12500000000000003,0.17500000000000002,0.0,nan,0.0,0.0,0.155,rejected,false,epsilon_q=1.550e-01
binary,1.2,1.45,full_orders,1.0,-1.0,0.5246938847947376,0.32555458225171713,0.4720541442649898,0.0,nan,0.0,0.0,0.0,analytical (unique full orders: uniform derivative bound with entry floor),true,
binary,1.2,1.45,pooling,0.0,0.0,0.25000000000000006,0.12500000000000003,0.18125000000000002,0.0,nan,0.0,0.0,0.16125000000000003,rejected,false,epsilon_q=1.613e-01
binary,1.2,1.5,full_orders,1.0,-1.0,0.5222276124486339,0.32381876419765804,0.4857281462964871,0.0,nan,0.0,0.0,0.0,analytical (unique full orders: uniform derivative bound with entry floor),true,
binary,1.2,1.5,pooling,0.0,0.0,0.25000000000000006,0.12500000000000003,0.18750000000000006,0.0,nan,0.0,0.0,0.1675,rejected,false,epsilon_q=1.675e-01
binary,1.2,1.55,full_orders,1.0,-1.0,0.5197011285082143,0.3220300763519112,0.4991466183454624,0.0,nan,0.0,0.0,0.0,analytical (unique full orders: uniform derivative bound with entry floor),true,
binary,1.2,1.55,pooling,0.0,0.0,0.25000000000000006,0.12500000000000003,0.19375000000000006,0.0,nan,0.0,0.0,0.17375000000000004,rejected,false,epsilon_q=1.738e-01
binary,1.2,1.6,full_orders,1.0,-1.0,0.5171114675078248,0.3201857791797079,0.5122972466875327,0.0,nan,0.0,0.0,0.0,analytical (unique full orders: uniform derivative bound with entry floor),true,
binary,1.2,1.6,pooling,0.0,0.0,0.25000000000000006,0.12500000000000003,0.20000000000000007,0.0,nan,0.0,0.0,0.18000000000000002,rejected,false,epsilon_q=1.800e-01
binary,1.2,1.65,full_orders,1.0,-1.0,0.5144554492058118,0.3182829302013342,0.5251668348322014,0.0,nan,0.0,0.0,0.0,analytical (unique full orders: uniform derivative bound with entry floor),true,
binary,1.2,1.65,pooling,0.0,0.0,0.25000000000000006,0.12500000000000003,0.20625000000000004,0.0,nan,0.0,0.0,0.18625,rejected,false,epsilon_q=1.862e-01
binary,1.2,1.7,full_orders,1.0,-1.0,0.5117296579505389,0.31631836424411686,0.5377412192149986,0.0,nan,0.0,0.0,0.0,analytical (unique full orders: uniform derivative bound with entry floor),true,
binary,1.2,1.7,pooling,0.0,0.0,0.25000000000000006,0.12500000000000003,0.21250000000000005,0.0,nan,0.0,0.0,0.19250000000000003,rejected,false,epsilon_q=1.925e-01
binary,1.2,1.75,full_orders,1.0,-1.0,0.5089304195586244,0.31428867129379895,0.5500051747641481,0.0,nan,0.0,0.0,0.0,analytical (unique full orders: uniform derivative bound with entry floor),true,
binary,1.2,1.75,pooling,0.0,0.0,0.25000000000000006,0.12500000000000003,0.21875000000000006,0.0,nan,0.0,0.0,0.19875,rejected,false,epsilon_q=1.988e-01
binary,1.2,1.8,full_orders,1.0,-1.0,0.25000000000000006,0.12500000000000003,0.22500000000000006,0.0,nan,0.0,0.0,0.0,analytical (unique full orders: uniform derivative bound with entry floor),true,
binary,1.2,1.8,pooling,0.0,0.0,0.25000000000000006,0.12500000000000003,0.22500000000000006,0.0,nan,0.0,0.0,0.20500000000000004,rejected,false,epsilon_q=2.050e-01
binary,1.2,1.85,full_orders,1.0,-1.0,0.25000000000000006,0.12500000000000003,0.23125000000000007,0.0,nan,0.0,0.0,0.0,analytical (unique full orders: uniform derivative bound with entry floor),true,
binary,1.2,1.85,pooling,0.0,0.0,0.25000000000000006,0.12500000000000003,0.23125000000000007,0.0,nan,0.0,0.0,0.21125000000000002,rejected,false,epsilon_q=2.113e-01
binary,1.2,1.9,full_orders,1.0,-1.0,0.25000000000000006,0.12500000000000003,0.23750000000000004,0.0,nan,0.0,0.0,0.0,analytical (unique full orders: uniform derivative bound with entry floor),true,
binary,1.2,1.9,pooling,0.0,0.0,0.25000000000000006,0.12500000000000003,0.23750000000000004,0.0,nan,0.0,0.0,0.2175,rejected,false,epsilon_q=2.175e-01
binary,1.2,1.95,full_orders,1.0,-1.0,0.25000000000000006,0.12500000000000003,0.24375000000000005,0.0,nan,0.0,0.0,0.0,analytical (unique full orders: uniform derivative bound with entry floor),true,
binary,1.2,1.95,pooling,0.0,0.0,0.25000000000000006,0.12500000000000003,0.24375000000000005,0.0,nan,0.0,0.0,0.22375,rejected,false,epsilon_q=2.238e-01
binary,1.2,2,full_orders,1.0,-1.0,0.25000000000000006,0.12500000000000003,0.25000000000000006,0.0,nan,0.0,0.0,0.0,analytical (unique full orders: uniform derivative bound with entry floor),true,
binary,1.2,2,pooling,0.0,0.0,0.25000000000000006,0.12500000000000003,0.25000000000000006,0.0,nan,0.0,0.0,0.23,rejected,false,epsilon_q=2.300e-01
binary,1.2,2.05,full_orders,1.0,-1.0,0.25000000000000006,0.12500000000000003,0.25625000000000003,0.0,nan,0.0,0.0,0.0,analytical (unique full orders: uniform derivative bound with entry floor),true,
binary,1.2,2.05,pooling,0.0,0.0,0.25000000000000006,0.12500000000000003,0.25625000000000003,0.0,nan,0.0,0.0,0.23625,rejected,false,epsilon_q=2.362e-01
binary,1.2,2.1,full_orders,1.0,-1.0,0.25000000000000006,0.12500000000000003,0.26250000000000007,0.0,nan,0.0,0.0,0.0,analytical (unique full orders: uniform derivative bound with entry floor),true,
binary,1.2,2.1,pooling,0.0,0.0,0.25000000000000006,0.12500000000000003,0.26250000000000007,0.0,nan,0.0,0.0,0.24250000000000002,rejected,false,epsilon_q=2.425e-01
binary,1.2,2.15,full_orders,1.0,-1.0,0.25000000000000006,0.12500000000000003,0.26875000000000004,0.0,nan,0.0,0.0,0.0,analytical (unique full orders: uniform derivative bound with entry floor),true,
binary,1.2,2.15,pooling,0.0,0.0,0.25000000000000006,0.12500000000000003,0.26875000000000004,0.0,nan,0.0,0.0,0.24875,rejected,false,epsilon_q=2.487e-01
binary,1.2,2.2,full_orders,1.0,-1.0,0.25000000000000006,0.12500000000000003,0.2750000000000001,0.0,nan,0.0,0.0,0.0,analytical (unique full orders: uniform derivative bound with entry floor),true,
binary,1.2,2.2,pooling,0.0,0.0,0.25000000000000006,0.12500000000000003,0.2750000000000001,0.0,nan,0.0,0.0,0.255,rejected,false,epsilon_q=2.550e-01
binary,1.2,2.25,full_orders,1.0,-1.0,0.25000000000000006,0.12500000000000003,0.28125000000000006,0.0,nan,0.0,0.0,0.0,analytical (unique full orders: uniform derivative bound with entry floor),true,
binary,1.2,2.25,pooling,0.0,0.0,0.25000000000000006,0.12500000000000003,0.28125000000000006,0.0,nan,0.0,0.0,0.26125,rejected,false,epsilon_q=2.612e-01
binary,1.2,2.3,full_orders,1.0,-1.0,0.25000000000000006,0.12500000000000003,0.28750000000000003,0.0,nan,0.0,0.0,0.0,analytical (unique full orders: uniform derivative bound with entry floor),true,
binary,1.2,2.3,pooling,0.0,0.0,0.25000000000000006,0.12500000000000003,0.28750000000000003,0.0,nan,0.0,0.0,0.26749999999999996,rejected,false,epsilon_q=2.675e-01
binary,1.2,2.35,full_orders,1.0,-1.0,0.25000000000000006,0.12500000000000003,0.29375000000000007,0.0,nan,0.0,0.0,0.0,analytical (unique full orders: uniform derivative bound with entry floor),true,
binary,1.2,2.35,pooling,0.0,0.0,0.25000000000000006,0.12500000000000003,0.29375000000000007,0.0,nan,0.0,0.0,0.27375,rejected,false,epsilon_q=2.737e-01
binary,1.2,2.4,full_orders,1.0,-1.0,0.25000000000000006,0.12500000000000003,0.30000000000000004,0.0,nan,0.0,0.0,0.0,analytical (unique full orders: uniform derivative bound with entry floor),true,
binary,1.2,2.4,pooling,0.0,0.0,0.25000000000000006,0.12500000000000003,0.30000000000000004,0.0,nan,0.0,0.0,0.28,rejected,false,epsilon_q=2.800e-01
binary,1.2,2.45,full_orders,1.0,-1.0,0.25000000000000006,0.12500000000000003,0.3062500000000001,0.0,nan,0.0,0.0,0.0,analytical (unique full orders: uniform derivative bound with entry floor),true,
binary,1.2,2.45,pooling,0.0,0.0,0.25000000000000006,0.12500000000000003,0.3062500000000001,0.0,nan,0.0,0.0,0.28625,rejected,false,epsilon_q=2.863e-01
binary,1.2,2.5,full_orders,1.0,-1.0,0.25000000000000006,0.12500000000000003,0.31250000000000006,0.0,nan,0.0,0.0,0.0,analytical (unique full orders: uniform derivative bound with entry floor),true,
binary,1.2,2.5,pooling,0.0,0.0,0.25000000000000006,0.12500000000000003,0.31250000000000006,0.0,nan,0.0,0.0,0.2925,rejected,false,epsilon_q=2.925e-01
binary,1.2,2.55,full_orders,1.0,-1.0,0.25000000000000006,0.12500000000000003,0.31875000000000003,0.0,nan,0.0,0.0,0.0,analytical (unique full orders: uniform derivative bound with entry floor),true,
binary,1.2,2.55,pooling,0.0,0.0,0.25000000000000006,0.12500000000000003,0.31875000000000003,0.0,nan,0.0,0.0,0.29874999999999996,rejected,false,epsilon_q=2.987e-01
binary,1.2,2.6,full_orders,1.0,-1.0,0.25000000000000006,0.12500000000000003,0.32500000000000007,0.0,nan,0.0,0.0,0.0,analytical (unique full orders: uniform derivative bound with entry floor),true,
binary,1.2,2.6,pooling,0.0,0.0,0.25000000000000006,0.12500000000000003,0.32500000000000007,0.0,nan,0.0,0.0,0.305,rejected,false,epsilon_q=3.050e-01
binary,1.2,2.65,full_orders,1.0,-1.0,0.25000000000000006,0.12500000000000003,0.33125000000000004,0.0,nan,0.0,0.0,0.0,analytical (unique full orders: uniform derivative bound with entry floor),true,
binary,1.2,2.65,pooling,0.0,0.0,0.25000000000000006,0.12500000000000003,0.33125000000000004,0.0,nan,0.0,0.0,0.31125,rejected,false,epsilon_q=3.113e-01
binary,1.2,2.7,full_orders,1.0,-1.0,0.25000000000000006,0.12500000000000003,0.3375000000000001,0.0,nan,0.0,0.0,0.0,analytical (unique full orders: uniform derivative bound with entry floor),true,
binary,1.2,2.7,pooling,0.0,0.0,0.25000000000000006,0.12500000000000003,0.3375000000000001,0.0,nan,0.0,0.0,0.3175,rejected,false,epsilon_q=3.175e-01
binary,1.2,2.75,full_orders,1.0,-1.0,0.25000000000000006,0.12500000000000003,0.34375000000000006,0.0,nan,0.0,0.0,0.0,analytical (unique full orders: uniform derivative bound with entry floor),true,
binary,1.2,2.75,pooling,0.0,0.0,0.25000000000000006,0.12500000000000003,0.34375000000000006,0.0,nan,0.0,0.0,0.32375,rejected,false,epsilon_q=3.237e-01
binary,1.2,2.8,full_orders,1.0,-1.0,0.25000000000000006,0.12500000000000003,0.35000000000000003,0.0,nan,0.0,0.0,0.0,analytical (unique full orders: uniform derivative bound with entry floor),true,
binary,1.2,2.8,pooling,0.0,0.0,0.25000000000000006,0.12500000000000003,0.35000000000000003,0.0,nan,0.0,0.0,0.32999999999999996,rejected,false,epsilon_q=3.300e-01
binary,1.2,2.85,full_orders,1.0,-1.0,0.25000000000000006,0.12500000000000003,0.35625000000000007,0.0,nan,0.0,0.0,0.0,analytical (unique full orders: uniform derivative bound with entry floor),true,
binary,1.2,2.85,pooling,0.0,0.0,0.25000000000000006,0.12500000000000003,0.35625000000000007,0.0,nan,0.0,0.0,0.33625000000000005,rejected,false,epsilon_q=3.363e-01
binary,1.2,2.9,full_orders,1.0,-1.0,0.25000000000000006,0.12500000000000003,0.36250000000000004,0.0,nan,0.0,0.0,0.0,analytical (unique full orders: uniform derivative bound with entry floor),true,
binary,1.2,2.9,pooling,0.0,0.0,0.25000000000000006,0.12500000000000003,0.36250000000000004,0.0,nan,0.0,0.0,0.3425,rejected,false,epsilon_q=3.425e-01
binary,1.2,2.95,full_orders,1.0,-1.0,0.25000000000000006,0.12500000000000003,0.3687500000000001,0.0,nan,0.0,0.0,0.0,analytical (unique full orders: uniform derivative bound with entry floor),true,
binary,1.2,2.95,pooling,0.0,0.0,0.25000000000000006,0.12500000000000003,0.3687500000000001,0.0,nan,0.0,0.0,0.34875,rejected,false,epsilon_q=3.488e-01
binary,1.2,2.9999,full_orders,1.0,-1.0,0.25000000000000006,0.12500000000000003,0.37498750000000003,0.0,nan,0.0,0.0,0.0,analytical (unique full orders: uniform derivative bound with entry floor),true,
binary,1.2,2.9999,pooling,0.0,0.0,0.25000000000000006,0.12500000000000003,0.37498750000000003,0.0,nan,0.0,0.0,0.3549875,rejected,false,epsilon_q=3.550e-01
binary,1.2,3,full_orders,1.0,-1.0,0.25000000000000006,0.12500000000000003,0.3750000000000001,0.0,nan,0.0,0.0,0.0,analytical (unique full orders: uniform derivative bound with entry floor),true,
binary,1.2,3,pooling,0.0,0.0,0.25000000000000006,0.12500000000000003,0.3750000000000001,0.0,nan,0.0,0.0,0.355,rejected,false,epsilon_q=3.550e-01
binary,1.2,3.0001,full_orders,1.0,-1.0,0.25000000000000006,0.12500000000000003,0.37501250000000014,0.0,nan,0.0,0.0,0.0,analytical (unique full orders: uniform derivative bound with entry floor),true,
binary,1.2,3.0001,pooling,0.0,0.0,0.25000000000000006,0.12500000000000003,0.37501250000000014,0.0,nan,0.0,0.0,0.35501250000000006,rejected,false,epsilon_q=3.550e-01
binary,1.2,3.05,full_orders,1.0,-1.0,0.25000000000000006,0.12500000000000003,0.3812500000000001,0.0,nan,0.0,0.0,0.0,analytical (unique full orders: uniform derivative bound with entry floor),true,
binary,1.2,3.05,pooling,0.0,0.0,0.25000000000000006,0.12500000000000003,0.3812500000000001,0.0,nan,0.0,0.0,0.36124999999999996,rejected,false,epsilon_q=3.612e-01
binary,1.2,3.1,full_orders,1.0,-1.0,0.25000000000000006,0.12500000000000003,0.3875000000000001,0.0,nan,0.0,0.0,0.0,analytical (unique full orders: uniform derivative bound with entry floor),true,
binary,1.2,3.1,pooling,0.0,0.0,0.25000000000000006,0.12500000000000003,0.3875000000000001,0.0,nan,0.0,0.0,0.36750000000000005,rejected,false,epsilon_q=3.675e-01
binary,1.2,3.15,full_orders,1.0,-1.0,0.25000000000000006,0.12500000000000003,0.3937500000000001,0.0,nan,0.0,0.0,0.0,analytical (unique full orders: uniform derivative bound with entry floor),true,
binary,1.2,3.15,pooling,0.0,0.0,0.25000000000000006,0.12500000000000003,0.3937500000000001,0.0,nan,0.0,0.0,0.37374999999999997,rejected,false,epsilon_q=3.737e-01
binary,1.2,3.2,full_orders,1.0,-1.0,0.25000000000000006,0.12500000000000003,0.40000000000000013,0.0,nan,0.0,0.0,0.0,analytical (unique full orders: uniform derivative bound with entry floor),true,
binary,1.2,3.2,pooling,0.0,0.0,0.25000000000000006,0.12500000000000003,0.40000000000000013,0.0,nan,0.0,0.0,0.38,rejected,false,epsilon_q=3.800e-01
binary,1.2,3.25,full_orders,1.0,-1.0,0.25000000000000006,0.12500000000000003,0.4062500000000001,0.0,nan,0.0,0.0,0.0,analytical (unique full orders: uniform derivative bound with entry floor),true,
binary,1.2,3.25,pooling,0.0,0.0,0.25000000000000006,0.12500000000000003,0.4062500000000001,0.0,nan,0.0,0.0,0.38625,rejected,false,epsilon_q=3.862e-01
binary,1.2,3.3,full_orders,1.0,-1.0,0.25000000000000006,0.12500000000000003,0.4125000000000001,0.0,nan,0.0,0.0,0.0,analytical (unique full orders: uniform derivative bound with entry floor),true,
binary,1.2,3.3,pooling,0.0,0.0,0.25000000000000006,0.12500000000000003,0.4125000000000001,0.0,nan,0.0,0.0,0.39249999999999996,rejected,false,epsilon_q=3.925e-01
binary,1.2,3.35,full_orders,1.0,-1.0,0.25000000000000006,0.12500000000000003,0.4187500000000001,0.0,nan,0.0,0.0,0.0,analytical (unique full orders: uniform derivative bound with entry floor),true,
binary,1.2,3.35,pooling,0.0,0.0,0.25000000000000006,0.12500000000000003,0.4187500000000001,0.0,nan,0.0,0.0,0.39875,rejected,false,epsilon_q=3.987e-01
binary,1.2,3.4,full_orders,1.0,-1.0,0.25000000000000006,0.12500000000000003,0.4250000000000001,0.0,nan,0.0,0.0,0.0,analytical (unique full orders: uniform derivative bound with entry floor),true,
binary,1.2,3.4,pooling,0.0,0.0,0.25000000000000006,0.12500000000000003,0.4250000000000001,0.0,nan,0.0,0.0,0.405,rejected,false,epsilon_q=4.050e-01
binary,1.2,3.45,full_orders,1.0,-1.0,0.25000000000000006,0.12500000000000003,0.43125000000000013,0.0,nan,0.0,0.0,0.0,analytical (unique full orders: uniform derivative bound with entry floor),true,
binary,1.2,3.45,pooling,0.0,0.0,0.25000000000000006,0.12500000000000003,0.43125000000000013,0.0,nan,0.0,0.0,0.41125,rejected,false,epsilon_q=4.113e-01
binary,1.2,3.5,full_orders,1.0,-1.0,0.25000000000000006,0.12500000000000003,0.4375000000000001,0.0,nan,0.0,0.0,0.0,analytical (unique full orders: uniform derivative bound with entry floor),true,
binary,1.2,3.5,pooling,0.0,0.0,0.25000000000000006,0.12500000000000003,0.4375000000000001,0.0,nan,0.0,0.0,0.4175,rejected,false,epsilon_q=4.175e-01
binary,1.2,3.55,full_orders,1.0,-1.0,0.25000000000000006,0.12500000000000003,0.4437500000000001,0.0,nan,0.0,0.0,0.0,analytical (unique full orders: uniform derivative bound with entry floor),true,
binary,1.2,3.55,pooling,0.0,0.0,0.25000000000000006,0.12500000000000003,0.4437500000000001,0.0,nan,0.0,0.0,0.42374999999999996,rejected,false,epsilon_q=4.237e-01
binary,1.2,3.6,full_orders,1.0,-1.0,0.25000000000000006,0.12500000000000003,0.4500000000000001,0.0,nan,0.0,0.0,0.0,analytical (unique full orders: uniform derivative bound with entry floor),true,
binary,1.2,3.6,pooling,0.0,0.0,0.25000000000000006,0.12500000000000003,0.4500000000000001,0.0,nan,0.0,0.0,0.43000000000000005,rejected,false,epsilon_q=4.300e-01
binary,1.2,3.65,full_orders,1.0,-1.0,0.25000000000000006,0.12500000000000003,0.4562500000000001,0.0,nan,0.0,0.0,0.0,analytical (unique full orders: uniform derivative bound with entry floor),true,
binary,1.2,3.65,pooling,0.0,0.0,0.25000000000000006,0.12500000000000003,0.4562500000000001,0.0,nan,0.0,0.0,0.43625,rejected,false,epsilon_q=4.363e-01
binary,1.2,3.7,full_orders,1.0,-1.0,0.25000000000000006,0.12500000000000003,0.46250000000000013,0.0,nan,0.0,0.0,0.0,analytical (unique full orders: uniform derivative bound with entry floor),true,
binary,1.2,3.7,pooling,0.0,0.0,0.25000000000000006,0.12500000000000003,0.46250000000000013,0.0,nan,0.0,0.0,0.4425,rejected,false,epsilon_q=4.425e-01
binary,1.2,3.75,full_orders,1.0,-1.0,0.25000000000000006,0.12500000000000003,0.4687500000000001,0.0,nan,0.0,0.0,0.0,analytical (unique full orders: uniform derivative bound with entry floor),true,
binary,1.2,3.75,pooling,0.0,0.0,0.25000000000000006,0.12500000000000003,0.4687500000000001,0.0,nan,0.0,0.0,0.44875,rejected,false,epsilon_q=4.487e-01
binary,1.2,3.8,full_orders,1.0,-1.0,0.25000000000000006,0.12500000000000003,0.4750000000000001,0.0,nan,0.0,0.0,0.0,analytical (unique full orders: uniform derivative bound with entry floor),true,
binary,1.2,3.8,pooling,0.0,0.0,0.25000000000000006,0.12500000000000003,0.4750000000000001,0.0,nan,0.0,0.0,0.45499999999999996,rejected,false,epsilon_q=4.550e-01
binary,1.2,3.85,full_orders,1.0,-1.0,0.25000000000000006,0.12500000000000003,0.4812500000000001,0.0,nan,0.0,0.0,0.0,analytical (unique full orders: uniform derivative bound with entry floor),true,
binary,1.2,3.85,pooling,0.0,0.0,0.25000000000000006,0.12500000000000003,0.4812500000000001,0.0,nan,0.0,0.0,0.46125000000000005,rejected,false,epsilon_q=4.613e-01
binary,1.2,3.9,full_orders,1.0,-1.0,0.25000000000000006,0.12500000000000003,0.4875000000000001,0.0,nan,0.0,0.0,0.0,analytical (unique full orders: uniform derivative bound with entry floor),true,
binary,1.2,3.9,pooling,0.0,0.0,0.25000000000000006,0.12500000000000003,0.4875000000000001,0.0,nan,0.0,0.0,0.46749999999999997,rejected,false,epsilon_q=4.675e-01
binary,1.2,3.95,full_orders,1.0,-1.0,0.25000000000000006,0.12500000000000003,0.49375000000000013,0.0,nan,0.0,0.0,0.0,analytical (unique full orders: uniform derivative bound with entry floor),true,
binary,1.2,3.95,pooling,0.0,0.0,0.25000000000000006,0.12500000000000003,0.49375000000000013,0.0,nan,0.0,0.0,0.47375,rejected,false,epsilon_q=4.738e-01
binary,1.2,4,full_orders,1.0,-1.0,0.25000000000000006,0.12500000000000003,0.5000000000000001,0.0,nan,0.0,0.0,0.0,analytical (unique full orders: uniform derivative bound with entry floor),true,
binary,1.2,4,pooling,0.0,0.0,0.25000000000000006,0.12500000000000003,0.5000000000000001,0.0,nan,0.0,0.0,0.48,rejected,false,epsilon_q=4.800e-01
binary,1.2,4.05,full_orders,1.0,-1.0,0.25000000000000006,0.12500000000000003,0.5062500000000001,0.0,nan,0.0,0.0,0.0,analytical (unique full orders: uniform derivative bound with entry floor),true,
binary,1.2,4.05,pooling,0.0,0.0,0.25000000000000006,0.12500000000000003,0.5062500000000001,0.0,nan,0.0,0.0,0.48624999999999996,rejected,false,epsilon_q=4.862e-01
binary,1.2,4.1,full_orders,1.0,-1.0,0.25000000000000006,0.12500000000000003,0.5125000000000001,0.0,nan,0.0,0.0,0.0,analytical (unique full orders: uniform derivative bound with entry floor),true,
binary,1.2,4.1,pooling,0.0,0.0,0.25000000000000006,0.12500000000000003,0.5125000000000001,0.0,nan,0.0,0.0,0.49249999999999994,rejected,false,epsilon_q=4.925e-01
binary,1.2,4.15,full_orders,1.0,-1.0,0.25000000000000006,0.12500000000000003,0.5187500000000002,0.0,nan,0.0,0.0,0.0,analytical (unique full orders: uniform derivative bound with entry floor),true,
binary,1.2,4.15,pooling,0.0,0.0,0.25000000000000006,0.12500000000000003,0.5187500000000002,0.0,nan,0.0,0.0,0.49875,rejected,false,epsilon_q=4.988e-01
binary,1.2,4.2,full_orders,1.0,-1.0,0.25000000000000006,0.12500000000000003,0.5250000000000001,0.0,nan,0.0,0.0,0.0,analytical (unique full orders: uniform derivative bound with entry floor),true,
binary,1.2,4.2,pooling,0.0,0.0,0.25000000000000006,0.12500000000000003,0.5250000000000001,0.0,nan,0.0,0.0,0.505,rejected,false,epsilon_q=5.050e-01
binary,1.2,4.25,full_orders,1.0,-1.0,0.25000000000000006,0.12500000000000003,0.5312500000000001,0.0,nan,0.0,0.0,0.0,analytical (unique full orders: uniform derivative bound with entry floor),true,
binary,1.2,4.25,pooling,0.0,0.0,0.25000000000000006,0.12500000000000003,0.5312500000000001,0.0,nan,0.0,0.0,0.51125,rejected,false,epsilon_q=5.112e-01
binary,1.2,4.3,full_orders,1.0,-1.0,0.25000000000000006,0.12500000000000003,0.5375000000000001,0.0,nan,0.0,0.0,0.0,analytical (unique full orders: uniform derivative bound with entry floor),true,
binary,1.2,4.3,pooling,0.0,0.0,0.25000000000000006,0.12500000000000003,0.5375000000000001,0.0,nan,0.0,0.0,0.5175,rejected,false,epsilon_q=5.175e-01
binary,1.2,4.35,full_orders,1.0,-1.0,0.25000000000000006,0.12500000000000003,0.5437500000000001,0.0,nan,0.0,0.0,0.0,analytical (unique full orders: uniform derivative bound with entry floor),true,
binary,1.2,4.35,pooling,0.0,0.0,0.25000000000000006,0.12500000000000003,0.5437500000000001,0.0,nan,0.0,0.0,0.5237499999999999,rejected,false,epsilon_q=5.237e-01
binary,1.2,4.4,full_orders,1.0,-1.0,0.25000000000000006,0.12500000000000003,0.5500000000000002,0.0,nan,0.0,0.0,0.0,analytical (unique full orders: uniform derivative bound with entry floor),true,
binary,1.2,4.4,pooling,0.0,0.0,0.25000000000000006,0.12500000000000003,0.5500000000000002,0.0,nan,0.0,0.0,0.53,rejected,false,epsilon_q=5.300e-01
binary,1.2,4.45,full_orders,1.0,-1.0,0.25000000000000006,0.12500000000000003,0.5562500000000001,0.0,nan,0.0,0.0,0.0,analytical (unique full orders: uniform derivative bound with entry floor),true,
binary,1.2,4.45,pooling,0.0,0.0,0.25000000000000006,0.12500000000000003,0.5562500000000001,0.0,nan,0.0,0.0,0.5362500000000001,rejected,false,epsilon_q=5.363e-01
binary,1.2,4.5,full_orders,1.0,-1.0,0.25000000000000006,0.12500000000000003,0.5625000000000001,0.0,nan,0.0,0.0,0.0,analytical (unique full orders: uniform derivative bound with entry floor),true,
binary,1.2,4.5,pooling,0.0,0.0,0.25000000000000006,0.12500000000000003,0.5625000000000001,0.0,nan,0.0,0.0,0.5425,rejected,false,epsilon_q=5.425e-01
binary,1.2,4.55,full_orders,1.0,-1.0,0.25000000000000006,0.12500000000000003,0.5687500000000001,0.0,nan,0.0,0.0,0.0,analytical (unique full orders: uniform derivative bound with entry floor),true,
binary,1.2,4.55,pooling,0.0,0.0,0.25000000000000006,0.12500000000000003,0.5687500000000001,0.0,nan,0.0,0.0,0.54875,rejected,false,epsilon_q=5.487e-01
binary,1.2,4.6,full_orders,1.0,-1.0,0.25000000000000006,0.12500000000000003,0.5750000000000001,0.0,nan,0.0,0.0,0.0,analytical (unique full orders: uniform derivative bound with entry floor),true,
binary,1.2,4.6,pooling,0.0,0.0,0.25000000000000006,0.12500000000000003,0.5750000000000001,0.0,nan,0.0,0.0,0.5549999999999999,rejected,false,epsilon_q=5.550e-01
binary,1.2,4.65,full_orders,1.0,-1.0,0.25000000000000006,0.12500000000000003,0.5812500000000002,0.0,nan,0.0,0.0,0.0,analytical (unique full orders: uniform derivative bound with entry floor),true,
binary,1.2,4.65,pooling,0.0,0.0,0.25000000000000006,0.12500000000000003,0.5812500000000002,0.0,nan,0.0,0.0,0.56125,rejected,false,epsilon_q=5.613e-01
binary,1.2,4.7,full_orders,1.0,-1.0,0.25000000000000006,0.12500000000000003,0.5875000000000001,0.0,nan,0.0,0.0,0.0,analytical (unique full orders: uniform derivative bound with entry floor),true,
binary,1.2,4.7,pooling,0.0,0.0,0.25000000000000006,0.12500000000000003,0.5875000000000001,0.0,nan,0.0,0.0,0.5675,rejected,false,epsilon_q=5.675e-01
binary,1.2,4.75,full_orders,1.0,-1.0,0.25000000000000006,0.12500000000000003,0.5937500000000001,0.0,nan,0.0,0.0,0.0,analytical (unique full orders: uniform derivative bound with entry floor),true,
binary,1.2,4.75,pooling,0.0,0.0,0.25000000000000006,0.12500000000000003,0.5937500000000001,0.0,nan,0.0,0.0,0.57375,rejected,false,epsilon_q=5.737e-01
binary,1.2,4.8,full_orders,1.0,-1.0,0.25000000000000006,0.12500000000000003,0.6000000000000001,0.0,nan,0.0,0.0,0.0,analytical (unique full orders: uniform derivative bound with entry floor),true,
binary,1.2,4.8,pooling,0.0,0.0,0.25000000000000006,0.12500000000000003,0.6000000000000001,0.0,nan,0.0,0.0,0.5800000000000001,rejected,false,epsilon_q=5.800e-01
binary,1.2,4.85,full_orders,1.0,-1.0,0.25000000000000006,0.12500000000000003,0.6062500000000001,0.0,nan,0.0,0.0,0.0,analytical (unique full orders: uniform derivative bound with entry floor),true,
binary,1.2,4.85,pooling,0.0,0.0,0.25000000000000006,0.12500000000000003,0.6062500000000001,0.0,nan,0.0,0.0,0.5862499999999999,rejected,false,epsilon_q=5.862e-01
binary,1.2,4.9,full_orders,1.0,-1.0,0.25000000000000006,0.12500000000000003,0.6125000000000002,0.0,nan,0.0,0.0,0.0,analytical (unique full orders: uniform derivative bound with entry floor),true,
binary,1.2,4.9,pooling,0.0,0.0,0.25000000000000006,0.12500000000000003,0.6125000000000002,0.0,nan,0.0,0.0,0.5925,rejected,false,epsilon_q=5.925e-01
binary,1.2,4.95,full_orders,1.0,-1.0,0.25000000000000006,0.12500000000000003,0.6187500000000001,0.0,nan,0.0,0.0,0.0,analytical (unique full orders: uniform derivative bound with entry floor),true,
binary,1.2,4.95,pooling,0.0,0.0,0.25000000000000006,0.12500000000000003,0.6187500000000001,0.0,nan,0.0,0.0,0.5987500000000001,rejected,false,epsilon_q=5.988e-01
binary,1.2,5,full_orders,1.0,-1.0,0.25000000000000006,0.12500000000000003,0.6250000000000001,0.0,nan,0.0,0.0,0.0,analytical (unique full orders: uniform derivative bound with entry floor),true,
binary,1.2,5,pooling,0.0,0.0,0.25000000000000006,0.12500000000000003,0.6250000000000001,0.0,nan,0.0,0.0,0.605,rejected,false,epsilon_q=6.050e-01
binary,1.2,5.05,full_orders,1.0,-1.0,0.25000000000000006,0.12500000000000003,0.6312500000000001,0.0,nan,0.0,0.0,0.0,analytical (unique full orders: uniform derivative bound with entry floor),true,
binary,1.2,5.05,pooling,0.0,0.0,0.25000000000000006,0.12500000000000003,0.6312500000000001,0.0,nan,0.0,0.0,0.61125,rejected,false,epsilon_q=6.112e-01
binary,1.2,5.1,full_orders,1.0,-1.0,0.25000000000000006,0.12500000000000003,0.6375000000000001,0.0,nan,0.0,0.0,0.0,analytical (unique full orders: uniform derivative bound with entry floor),true,
binary,1.2,5.1,pooling,0.0,0.0,0.25000000000000006,0.12500000000000003,0.6375000000000001,0.0,nan,0.0,0.0,0.6174999999999999,rejected,false,epsilon_q=6.175e-01
binary,1.2,5.15,full_orders,1.0,-1.0,0.25000000000000006,0.12500000000000003,0.6437500000000002,0.0,nan,0.0,0.0,0.0,analytical (unique full orders: uniform derivative bound with entry floor),true,
binary,1.2,5.15,pooling,0.0,0.0,0.25000000000000006,0.12500000000000003,0.6437500000000002,0.0,nan,0.0,0.0,0.62375,rejected,false,epsilon_q=6.238e-01
binary,1.2,5.2,full_orders,1.0,-1.0,0.25000000000000006,0.12500000000000003,0.6500000000000001,0.0,nan,0.0,0.0,0.0,analytical (unique full orders: uniform derivative bound with entry floor),true,
binary,1.2,5.2,pooling,0.0,0.0,0.25000000000000006,0.12500000000000003,0.6500000000000001,0.0,nan,0.0,0.0,0.63,rejected,false,epsilon_q=6.300e-01
binary,1.2,5.25,full_orders,1.0,-1.0,0.25000000000000006,0.12500000000000003,0.6562500000000001,0.0,nan,0.0,0.0,0.0,analytical (unique full orders: uniform derivative bound with entry floor),true,
binary,1.2,5.25,pooling,0.0,0.0,0.25000000000000006,0.12500000000000003,0.6562500000000001,0.0,nan,0.0,0.0,0.63625,rejected,false,epsilon_q=6.362e-01
binary,1.2,5.3,full_orders,1.0,-1.0,0.25000000000000006,0.12500000000000003,0.6625000000000001,0.0,nan,0.0,0.0,0.0,analytical (unique full orders: uniform derivative bound with entry floor),true,
binary,1.2,5.3,pooling,0.0,0.0,0.25000000000000006,0.12500000000000003,0.6625000000000001,0.0,nan,0.0,0.0,0.6425000000000001,rejected,false,epsilon_q=6.425e-01
binary,1.2,5.35,full_orders,1.0,-1.0,0.25000000000000006,0.12500000000000003,0.6687500000000001,0.0,nan,0.0,0.0,0.0,analytical (unique full orders: uniform derivative bound with entry floor),true,
binary,1.2,5.35,pooling,0.0,0.0,0.25000000000000006,0.12500000000000003,0.6687500000000001,0.0,nan,0.0,0.0,0.6487499999999999,rejected,false,epsilon_q=6.487e-01
binary,1.2,5.4,full_orders,1.0,-1.0,0.25000000000000006,0.12500000000000003,0.6750000000000002,0.0,nan,0.0,0.0,0.0,analytical (unique full orders: uniform derivative bound with entry floor),true,
binary,1.2,5.4,pooling,0.0,0.0,0.25000000000000006,0.12500000000000003,0.6750000000000002,0.0,nan,0.0,0.0,0.655,rejected,false,epsilon_q=6.550e-01
binary,1.2,5.45,full_orders,1.0,-1.0,0.25000000000000006,0.12500000000000003,0.6812500000000001,0.0,nan,0.0,0.0,0.0,analytical (unique full orders: uniform derivative bound with entry floor),true,
binary,1.2,5.45,pooling,0.0,0.0,0.25000000000000006,0.12500000000000003,0.6812500000000001,0.0,nan,0.0,0.0,0.66125,rejected,false,epsilon_q=6.613e-01
binary,1.2,5.5,full_orders,1.0,-1.0,0.25000000000000006,0.12500000000000003,0.6875000000000001,0.0,nan,0.0,0.0,0.0,analytical (unique full orders: uniform derivative bound with entry floor),true,
binary,1.2,5.5,pooling,0.0,0.0,0.25000000000000006,0.12500000000000003,0.6875000000000001,0.0,nan,0.0,0.0,0.6675,rejected,false,epsilon_q=6.675e-01
binary,1.2,5.55,full_orders,1.0,-1.0,0.25000000000000006,0.12500000000000003,0.6937500000000001,0.0,nan,0.0,0.0,0.0,analytical (unique full orders: uniform derivative bound with entry floor),true,
binary,1.2,5.55,pooling,0.0,0.0,0.25000000000000006,0.12500000000000003,0.6937500000000001,0.0,nan,0.0,0.0,0.67375,rejected,false,epsilon_q=6.737e-01
binary,1.2,5.6,full_orders,1.0,-1.0,0.25000000000000006,0.12500000000000003,0.7000000000000001,0.0,nan,0.0,0.0,0.0,analytical (unique full orders: uniform derivative bound with entry floor),true,
binary,1.2,5.6,pooling,0.0,0.0,0.25000000000000006,0.12500000000000003,0.7000000000000001,0.0,nan,0.0,0.0,0.6799999999999999,rejected,false,epsilon_q=6.800e-01
binary,1.2,5.65,full_orders,1.0,-1.0,0.25000000000000006,0.12500000000000003,0.7062500000000002,0.0,nan,0.0,0.0,0.0,analytical (unique full orders: uniform derivative bound with entry floor),true,
binary,1.2,5.65,pooling,0.0,0.0,0.25000000000000006,0.12500000000000003,0.7062500000000002,0.0,nan,0.0,0.0,0.68625,rejected,false,epsilon_q=6.863e-01
binary,1.2,5.7,full_orders,1.0,-1.0,0.25000000000000006,0.12500000000000003,0.7125000000000001,0.0,nan,0.0,0.0,0.0,analytical (unique full orders: uniform derivative bound with entry floor),true,
binary,1.2,5.7,pooling,0.0,0.0,0.25000000000000006,0.12500000000000003,0.7125000000000001,0.0,nan,0.0,0.0,0.6925000000000001,rejected,false,epsilon_q=6.925e-01
binary,1.2,5.75,full_orders,1.0,-1.0,0.25000000000000006,0.12500000000000003,0.7187500000000001,0.0,nan,0.0,0.0,0.0,analytical (unique full orders: uniform derivative bound with entry floor),true,
binary,1.2,5.75,pooling,0.0,0.0,0.25000000000000006,0.12500000000000003,0.7187500000000001,0.0,nan,0.0,0.0,0.69875,rejected,false,epsilon_q=6.987e-01
binary,1.2,5.8,full_orders,1.0,-1.0,0.25000000000000006,0.12500000000000003,0.7250000000000001,0.0,nan,0.0,0.0,0.0,analytical (unique full orders: uniform derivative bound with entry floor),true,
binary,1.2,5.8,pooling,0.0,0.0,0.25000000000000006,0.12500000000000003,0.7250000000000001,0.0,nan,0.0,0.0,0.7050000000000001,rejected,false,epsilon_q=7.050e-01
binary,1.2,5.85,full_orders,1.0,-1.0,0.25000000000000006,0.12500000000000003,0.7312500000000001,0.0,nan,0.0,0.0,0.0,analytical (unique full orders: uniform derivative bound with entry floor),true,
binary,1.2,5.85,pooling,0.0,0.0,0.25000000000000006,0.12500000000000003,0.7312500000000001,0.0,nan,0.0,0.0,0.7112499999999999,rejected,false,epsilon_q=7.112e-01
binary,1.2,5.9,full_orders,1.0,-1.0,0.25000000000000006,0.12500000000000003,0.7375000000000002,0.0,nan,0.0,0.0,0.0,analytical (unique full orders: uniform derivative bound with entry floor),true,
binary,1.2,5.9,pooling,0.0,0.0,0.25000000000000006,0.12500000000000003,0.7375000000000002,0.0,nan,0.0,0.0,0.7175,rejected,false,epsilon_q=7.175e-01
binary,1.2,5.95,full_orders,1.0,-1.0,0.25000000000000006,0.12500000000000003,0.7437500000000001,0.0,nan,0.0,0.0,0.0,analytical (unique full orders: uniform derivative bound with entry floor),true,
binary,1.2,5.95,pooling,0.0,0.0,0.25000000000000006,0.12500000000000003,0.7437500000000001,0.0,nan,0.0,0.0,0.72375,rejected,false,epsilon_q=7.238e-01
binary,1.2,6,full_orders,1.0,-1.0,0.25000000000000006,0.12500000000000003,0.7500000000000002,0.0,nan,0.0,0.0,0.0,analytical (unique full orders: uniform derivative bound with entry floor),true,
binary,1.2,6,pooling,0.0,0.0,0.25000000000000006,0.12500000000000003,0.7500000000000002,0.0,nan,0.0,0.0,0.73,rejected,false,epsilon_q=7.300e-01
binary,1.2,6.05,full_orders,1.0,-1.0,0.25000000000000006,0.12500000000000003,0.7562500000000002,0.0,nan,0.0,0.0,0.0,analytical (unique full orders: uniform derivative bound with entry floor),true,
binary,1.2,6.05,pooling,0.0,0.0,0.25000000000000006,0.12500000000000003,0.7562500000000002,0.0,nan,0.0,0.0,0.73625,rejected,false,epsilon_q=7.362e-01
binary,1.2,6.1,full_orders,1.0,-1.0,0.25000000000000006,0.12500000000000003,0.7625000000000002,0.0,nan,0.0,0.0,0.0,analytical (unique full orders: uniform derivative bound with entry floor),true,
binary,1.2,6.1,pooling,0.0,0.0,0.25000000000000006,0.12500000000000003,0.7625000000000002,0.0,nan,0.0,0.0,0.7424999999999999,rejected,false,epsilon_q=7.425e-01
binary,1.2,6.15,full_orders,1.0,-1.0,0.25000000000000006,0.12500000000000003,0.7687500000000003,0.0,nan,0.0,0.0,0.0,analytical (unique full orders: uniform derivative bound with entry floor),true,
binary,1.2,6.15,pooling,0.0,0.0,0.25000000000000006,0.12500000000000003,0.7687500000000003,0.0,nan,0.0,0.0,0.74875,rejected,false,epsilon_q=7.488e-01
binary,1.2,6.2,full_orders,1.0,-1.0,0.25000000000000006,0.12500000000000003,0.7750000000000002,0.0,nan,0.0,0.0,0.0,analytical (unique full orders: uniform derivative bound with entry floor),true,
binary,1.2,6.2,pooling,0.0,0.0,0.25000000000000006,0.12500000000000003,0.7750000000000002,0.0,nan,0.0,0.0,0.7550000000000001,rejected,false,epsilon_q=7.550e-01
binary,1.2,6.202,full_orders,1.0,-1.0,0.25000000000000006,0.12500000000000003,0.7752500000000002,0.0,nan,0.0,0.0,0.0,analytical (unique full orders: uniform derivative bound with entry floor),true,
binary,1.2,6.202,pooling,0.0,0.0,0.25000000000000006,0.12500000000000003,0.7752500000000002,0.0,nan,0.0,0.0,0.75525,rejected,false,epsilon_q=7.552e-01
binary,1.2,6.204,full_orders,1.0,-1.0,0.25000000000000006,0.12500000000000003,0.7755000000000002,0.0,nan,0.0,0.0,0.0,analytical (unique full orders: uniform derivative bound with entry floor),true,
binary,1.2,6.204,pooling,0.0,0.0,0.25000000000000006,0.12500000000000003,0.7755000000000002,0.0,nan,0.0,0.0,0.7555000000000001,rejected,false,epsilon_q=7.555e-01
binary,1.2,6.206,full_orders,1.0,-1.0,0.25000000000000006,0.12500000000000003,0.7757500000000003,0.0,nan,0.0,0.0,0.0,analytical (unique full orders: uniform derivative bound with entry floor),true,
binary,1.2,6.206,pooling,0.0,0.0,0.25000000000000006,0.12500000000000003,0.7757500000000003,0.0,nan,0.0,0.0,0.7557500000000001,rejected,false,epsilon_q=7.558e-01
binary,1.2,6.208,full_orders,1.0,-1.0,0.25000000000000006,0.12500000000000003,0.7760000000000002,0.0,nan,0.0,0.0,0.0,analytical (unique full orders: uniform derivative bound with entry floor),true,
binary,1.2,6.208,pooling,0.0,0.0,0.25000000000000006,0.12500000000000003,0.7760000000000002,0.0,nan,0.0,0.0,0.756,rejected,false,epsilon_q=7.560e-01
binary,1.2,6.210,full_orders,1.0,-1.0,0.25000000000000006,0.12500000000000003,0.7762500000000002,0.0,nan,0.0,0.0,0.0,analytical (unique full orders: uniform derivative bound with entry floor),true,
binary,1.2,6.210,pooling,0.0,0.0,0.25000000000000006,0.12500000000000003,0.7762500000000002,0.0,nan,0.0,0.0,0.7562500000000001,rejected,false,epsilon_q=7.563e-01
binary,1.2,6.212,full_orders,1.0,-1.0,0.25000000000000006,0.12500000000000003,0.7765000000000002,0.0,nan,0.0,0.0,0.0,analytical (unique full orders: uniform derivative bound with entry floor),true,
binary,1.2,6.212,pooling,0.0,0.0,0.25000000000000006,0.12500000000000003,0.7765000000000002,0.0,nan,0.0,0.0,0.7565,rejected,false,epsilon_q=7.565e-01
binary,1.2,6.214,full_orders,1.0,-1.0,0.25000000000000006,0.12500000000000003,0.7767500000000003,0.0,nan,0.0,0.0,0.0,analytical (unique full orders: uniform derivative bound with entry floor),true,
binary,1.2,6.214,pooling,0.0,0.0,0.25000000000000006,0.12500000000000003,0.7767500000000003,0.0,nan,0.0,0.0,0.75675,rejected,false,epsilon_q=7.568e-01
binary,1.2,6.216,full_orders,1.0,-1.0,0.25000000000000006,0.12500000000000003,0.7770000000000002,0.0,nan,0.0,0.0,0.0,analytical (unique full orders: uniform derivative bound with entry floor),true,
binary,1.2,6.216,pooling,0.0,0.0,0.25000000000000006,0.12500000000000003,0.7770000000000002,0.0,nan,0.0,0.0,0.757,rejected,false,epsilon_q=7.570e-01
binary,1.2,6.218,full_orders,1.0,-1.0,0.25000000000000006,0.12500000000000003,0.7772500000000002,0.0,nan,0.0,0.0,0.0,analytical (unique full orders: uniform derivative bound with entry floor),true,
binary,1.2,6.218,pooling,0.0,0.0,0.25000000000000006,0.12500000000000003,0.7772500000000002,0.0,nan,0.0,0.0,0.75725,rejected,false,epsilon_q=7.572e-01
binary,1.2,6.220,full_orders,1.0,-1.0,0.25000000000000006,0.12500000000000003,0.7775000000000002,0.0,nan,0.0,0.0,0.0,analytical (unique full orders: uniform derivative bound with entry floor),true,
binary,1.2,6.220,pooling,0.0,0.0,0.25000000000000006,0.12500000000000003,0.7775000000000002,0.0,nan,0.0,0.0,0.7575,rejected,false,epsilon_q=7.575e-01
binary,1.2,6.222,full_orders,1.0,-1.0,0.25000000000000006,0.12500000000000003,0.7777500000000003,0.0,nan,0.0,0.0,0.0,analytical (unique full orders: uniform derivative bound with entry floor),true,
binary,1.2,6.222,pooling,0.0,0.0,0.25000000000000006,0.12500000000000003,0.7777500000000003,0.0,nan,0.0,0.0,0.7577500000000001,rejected,false,epsilon_q=7.578e-01
binary,1.2,6.224,full_orders,1.0,-1.0,0.25000000000000006,0.12500000000000003,0.7780000000000002,0.0,nan,0.0,0.0,0.0,analytical (unique full orders: uniform derivative bound with entry floor),true,
binary,1.2,6.224,pooling,0.0,0.0,0.25000000000000006,0.12500000000000003,0.7780000000000002,0.0,nan,0.0,0.0,0.758,rejected,false,epsilon_q=7.580e-01
binary,1.2,6.226,full_orders,1.0,-1.0,0.25000000000000006,0.12500000000000003,0.7782500000000002,0.0,nan,0.0,0.0,0.0,analytical (unique full orders: uniform derivative bound with entry floor),true,
binary,1.2,6.226,pooling,0.0,0.0,0.25000000000000006,0.12500000000000003,0.7782500000000002,0.0,nan,0.0,0.0,0.75825,rejected,false,epsilon_q=7.582e-01
binary,1.2,6.228,full_orders,1.0,-1.0,0.25000000000000006,0.12500000000000003,0.7785000000000002,0.0,nan,0.0,0.0,0.0,analytical (unique full orders: uniform derivative bound with entry floor),true,
binary,1.2,6.228,pooling,0.0,0.0,0.25000000000000006,0.12500000000000003,0.7785000000000002,0.0,nan,0.0,0.0,0.7585,rejected,false,epsilon_q=7.585e-01
binary,1.2,6.230,full_orders,1.0,-1.0,0.25000000000000006,0.12500000000000003,0.7787500000000003,0.0,nan,0.0,0.0,0.0,analytical (unique full orders: uniform derivative bound with entry floor),true,
binary,1.2,6.230,pooling,0.0,0.0,0.25000000000000006,0.12500000000000003,0.7787500000000003,0.0,nan,0.0,0.0,0.75875,rejected,false,epsilon_q=7.588e-01
binary,1.2,6.232,full_orders,1.0,-1.0,0.25000000000000006,0.12500000000000003,0.7790000000000002,0.0,nan,0.0,0.0,0.0,analytical (unique full orders: uniform derivative bound with entry floor),true,
binary,1.2,6.232,pooling,0.0,0.0,0.25000000000000006,0.12500000000000003,0.7790000000000002,0.0,nan,0.0,0.0,0.7590000000000001,rejected,false,epsilon_q=7.590e-01
binary,1.2,6.234,full_orders,1.0,-1.0,0.25000000000000006,0.12500000000000003,0.7792500000000002,0.0,nan,0.0,0.0,0.0,analytical (unique full orders: uniform derivative bound with entry floor),true,
binary,1.2,6.234,pooling,0.0,0.0,0.25000000000000006,0.12500000000000003,0.7792500000000002,0.0,nan,0.0,0.0,0.7592500000000001,rejected,false,epsilon_q=7.593e-01
binary,1.2,6.236,full_orders,1.0,-1.0,0.25000000000000006,0.12500000000000003,0.7795000000000002,0.0,nan,0.0,0.0,0.0,analytical (unique full orders: uniform derivative bound with entry floor),true,
binary,1.2,6.236,pooling,0.0,0.0,0.25000000000000006,0.12500000000000003,0.7795000000000002,0.0,nan,0.0,0.0,0.7595000000000001,rejected,false,epsilon_q=7.595e-01
binary,1.2,6.238,full_orders,1.0,-1.0,0.25000000000000006,0.12500000000000003,0.7797500000000003,0.0,nan,0.0,0.0,0.0,analytical (unique full orders: uniform derivative bound with entry floor),true,
binary,1.2,6.238,pooling,0.0,0.0,0.25000000000000006,0.12500000000000003,0.7797500000000003,0.0,nan,0.0,0.0,0.7597500000000001,rejected,false,epsilon_q=7.598e-01
binary,1.2,6.240,full_orders,1.0,-1.0,0.25000000000000006,0.12500000000000003,0.7800000000000002,0.0,nan,0.0,0.0,0.0,analytical (unique full orders: uniform derivative bound with entry floor),true,
binary,1.2,6.240,pooling,0.0,0.0,0.25000000000000006,0.12500000000000003,0.7800000000000002,0.0,nan,0.0,0.0,0.76,rejected,false,epsilon_q=7.600e-01
binary,1.2,6.242,full_orders,1.0,-1.0,0.25000000000000006,0.12500000000000003,0.7802500000000002,0.0,nan,0.0,0.0,0.0,analytical (unique full orders: uniform derivative bound with entry floor),true,
binary,1.2,6.242,pooling,0.0,0.0,0.25000000000000006,0.12500000000000003,0.7802500000000002,0.0,nan,0.0,0.0,0.76025,rejected,false,epsilon_q=7.602e-01
binary,1.2,6.244,full_orders,1.0,-1.0,0.25000000000000006,0.12500000000000003,0.7805000000000002,0.0,nan,0.0,0.0,0.0,analytical (unique full orders: uniform derivative bound with entry floor),true,
binary,1.2,6.244,pooling,0.0,0.0,0.25000000000000006,0.12500000000000003,0.7805000000000002,0.0,nan,0.0,0.0,0.7605,rejected,false,epsilon_q=7.605e-01
binary,1.2,6.246,full_orders,1.0,-1.0,0.25000000000000006,0.12500000000000003,0.7807500000000003,0.0,nan,0.0,0.0,0.0,analytical (unique full orders: uniform derivative bound with entry floor),true,
binary,1.2,6.246,pooling,0.0,0.0,0.25000000000000006,0.12500000000000003,0.7807500000000003,0.0,nan,0.0,0.0,0.7607500000000001,rejected,false,epsilon_q=7.608e-01
binary,1.2,6.248,full_orders,1.0,-1.0,0.25000000000000006,0.12500000000000003,0.7810000000000002,0.0,nan,0.0,0.0,0.0,analytical (unique full orders: uniform derivative bound with entry floor),true,
binary,1.2,6.248,pooling,0.0,0.0,0.25000000000000006,0.12500000000000003,0.7810000000000002,0.0,nan,0.0,0.0,0.7610000000000001,rejected,false,epsilon_q=7.610e-01
binary,1.2,6.25,full_orders,1.0,-1.0,0.25000000000000006,0.12500000000000003,0.7812500000000002,0.0,nan,0.0,0.0,0.0,analytical (unique full orders: uniform derivative bound with entry floor),true,
binary,1.2,6.25,pooling,0.0,0.0,0.25000000000000006,0.12500000000000003,0.7812500000000002,0.0,nan,0.0,0.0,0.76125,rejected,false,epsilon_q=7.612e-01
binary,1.2,6.252,full_orders,1.0,-1.0,0.25000000000000006,0.12500000000000003,0.7815000000000002,0.0,nan,0.0,0.0,0.0,analytical (unique full orders: uniform derivative bound with entry floor),true,
binary,1.2,6.252,pooling,0.0,0.0,0.25000000000000006,0.12500000000000003,0.7815000000000002,0.0,nan,0.0,0.0,0.7615000000000001,rejected,false,epsilon_q=7.615e-01
binary,1.2,6.254,full_orders,1.0,-1.0,0.25000000000000006,0.12500000000000003,0.7817500000000002,0.0,nan,0.0,0.0,0.0,analytical (unique full orders: uniform derivative bound with entry floor),true,
binary,1.2,6.254,pooling,0.0,0.0,0.25000000000000006,0.12500000000000003,0.7817500000000002,0.0,nan,0.0,0.0,0.7617499999999999,rejected,false,epsilon_q=7.617e-01
binary,1.2,6.256,full_orders,1.0,-1.0,0.25000000000000006,0.12500000000000003,0.7820000000000003,0.0,nan,0.0,0.0,0.0,analytical (unique full orders: uniform derivative bound with entry floor),true,
binary,1.2,6.256,pooling,0.0,0.0,0.25000000000000006,0.12500000000000003,0.7820000000000003,0.0,nan,0.0,0.0,0.762,rejected,false,epsilon_q=7.620e-01
binary,1.2,6.258,full_orders,1.0,-1.0,0.25000000000000006,0.12500000000000003,0.7822500000000002,0.0,nan,0.0,0.0,0.0,analytical (unique full orders: uniform derivative bound with entry floor),true,
binary,1.2,6.258,pooling,0.0,0.0,0.25000000000000006,0.12500000000000003,0.7822500000000002,0.0,nan,0.0,0.0,0.76225,rejected,false,epsilon_q=7.622e-01
binary,1.2,6.260,full_orders,1.0,-1.0,0.25000000000000006,0.12500000000000003,0.7825000000000002,0.0,nan,0.0,0.0,0.0,analytical (unique full orders: uniform derivative bound with entry floor),true,
binary,1.2,6.260,pooling,0.0,0.0,0.25000000000000006,0.12500000000000003,0.7825000000000002,0.0,nan,0.0,0.0,0.7625,rejected,false,epsilon_q=7.625e-01
binary,1.2,6.262,full_orders,1.0,-1.0,0.25000000000000006,0.12500000000000003,0.7827500000000002,0.0,nan,0.0,0.0,0.0,analytical (unique full orders: uniform derivative bound with entry floor),true,
binary,1.2,6.262,pooling,0.0,0.0,0.25000000000000006,0.12500000000000003,0.7827500000000002,0.0,nan,0.0,0.0,0.76275,rejected,false,epsilon_q=7.628e-01
binary,1.2,6.264,full_orders,1.0,-1.0,0.25000000000000006,0.12500000000000003,0.7830000000000003,0.0,nan,0.0,0.0,0.0,analytical (unique full orders: uniform derivative bound with entry floor),true,
binary,1.2,6.264,pooling,0.0,0.0,0.25000000000000006,0.12500000000000003,0.7830000000000003,0.0,nan,0.0,0.0,0.7630000000000001,rejected,false,epsilon_q=7.630e-01
binary,1.2,6.266,full_orders,1.0,-1.0,0.25000000000000006,0.12500000000000003,0.7832500000000002,0.0,nan,0.0,0.0,0.0,analytical (unique full orders: uniform derivative bound with entry floor),true,
binary,1.2,6.266,pooling,0.0,0.0,0.25000000000000006,0.12500000000000003,0.7832500000000002,0.0,nan,0.0,0.0,0.76325,rejected,false,epsilon_q=7.632e-01
binary,1.2,6.268,full_orders,1.0,-1.0,0.25000000000000006,0.12500000000000003,0.7835000000000002,0.0,nan,0.0,0.0,0.0,analytical (unique full orders: uniform derivative bound with entry floor),true,
binary,1.2,6.268,pooling,0.0,0.0,0.25000000000000006,0.12500000000000003,0.7835000000000002,0.0,nan,0.0,0.0,0.7635000000000001,rejected,false,epsilon_q=7.635e-01
binary,1.2,6.270,full_orders,1.0,-1.0,0.25000000000000006,0.12500000000000003,0.7837500000000002,0.0,nan,0.0,0.0,0.0,analytical (unique full orders: uniform derivative bound with entry floor),true,
binary,1.2,6.270,pooling,0.0,0.0,0.25000000000000006,0.12500000000000003,0.7837500000000002,0.0,nan,0.0,0.0,0.7637499999999999,rejected,false,epsilon_q=7.637e-01
binary,1.2,6.272,full_orders,1.0,-1.0,0.25000000000000006,0.12500000000000003,0.7840000000000003,0.0,nan,0.0,0.0,0.0,analytical (unique full orders: uniform derivative bound with entry floor),true,
binary,1.2,6.272,pooling,0.0,0.0,0.25000000000000006,0.12500000000000003,0.7840000000000003,0.0,nan,0.0,0.0,0.764,rejected,false,epsilon_q=7.640e-01
binary,1.2,6.274,full_orders,1.0,-1.0,0.25000000000000006,0.12500000000000003,0.7842500000000002,0.0,nan,0.0,0.0,0.0,analytical (unique full orders: uniform derivative bound with entry floor),true,
binary,1.2,6.274,pooling,0.0,0.0,0.25000000000000006,0.12500000000000003,0.7842500000000002,0.0,nan,0.0,0.0,0.7642500000000001,rejected,false,epsilon_q=7.643e-01
binary,1.2,6.276,full_orders,1.0,-1.0,0.25000000000000006,0.12500000000000003,0.7845000000000002,0.0,nan,0.0,0.0,0.0,analytical (unique full orders: uniform derivative bound with entry floor),true,
binary,1.2,6.276,pooling,0.0,0.0,0.25000000000000006,0.12500000000000003,0.7845000000000002,0.0,nan,0.0,0.0,0.7645,rejected,false,epsilon_q=7.645e-01
binary,1.2,6.278,full_orders,1.0,-1.0,0.25000000000000006,0.12500000000000003,0.7847500000000002,0.0,nan,0.0,0.0,0.0,analytical (unique full orders: uniform derivative bound with entry floor),true,
binary,1.2,6.278,pooling,0.0,0.0,0.25000000000000006,0.12500000000000003,0.7847500000000002,0.0,nan,0.0,0.0,0.7647499999999999,rejected,false,epsilon_q=7.647e-01
binary,1.2,6.280,full_orders,1.0,-1.0,0.25000000000000006,0.12500000000000003,0.7850000000000003,0.0,nan,0.0,0.0,0.0,analytical (unique full orders: uniform derivative bound with entry floor),true,
binary,1.2,6.280,pooling,0.0,0.0,0.25000000000000006,0.12500000000000003,0.7850000000000003,0.0,nan,0.0,0.0,0.7650000000000001,rejected,false,epsilon_q=7.650e-01
binary,1.2,6.282,full_orders,1.0,-1.0,0.1645031028679127,0.10200634291739666,0.6408038462070859,0.34198758852834954,0.26894142189838344,0.0,0.0,0.0,numerical diagnostic,true,
binary,1.2,6.282,pooling,0.0,0.0,0.25000000000000006,0.12500000000000003,0.7852500000000002,0.0,nan,0.0,0.0,0.76525,rejected,false,epsilon_q=7.652e-01
binary,1.2,6.284,full_orders,1.0,-1.0,0.16447164053695756,0.10199787847496652,0.6409546683366896,0.34211343785216997,0.26894145602047853,0.0,0.0,0.0,numerical diagnostic,true,
binary,1.2,6.284,pooling,0.0,0.0,0.25000000000000006,0.12500000000000003,0.7855000000000002,0.0,nan,0.0,0.0,0.7655000000000001,rejected,false,epsilon_q=7.655e-01
binary,1.2,6.286,full_orders,1.0,-1.0,0.16444016038218576,0.10198940467783803,0.6411053978048898,0.3422393584712573,0.2689415434267716,0.0,0.0,0.0,numerical diagnostic,true,
binary,1.2,6.286,pooling,0.0,0.0,0.25000000000000006,0.12500000000000003,0.7857500000000002,0.0,nan,0.0,0.0,0.7657499999999999,rejected,false,epsilon_q=7.657e-01
binary,1.2,6.288,full_orders,1.0,-1.0,0.16440866237699023,0.10198092150876747,0.6412560344471299,0.3423653504920394,0.2689416841762766,0.0,0.0,0.0,numerical diagnostic,true,
binary,1.2,6.288,pooling,0.0,0.0,0.25000000000000006,0.12500000000000003,0.7860000000000003,0.0,nan,0.0,0.0,0.766,rejected,false,epsilon_q=7.660e-01
binary,1.2,6.290,full_orders,1.0,-1.0,0.1643771464947022,0.10197242895046665,0.6414065780984353,0.34249141402119154,0.26894187832818,0.0,0.0,0.0,numerical diagnostic,true,
binary,1.2,6.290,pooling,0.0,0.0,0.25000000000000006,0.12500000000000003,0.7862500000000002,0.0,nan,0.0,0.0,0.76625,rejected,false,epsilon_q=7.662e-01
binary,1.2,6.292,full_orders,1.0,-1.0,0.16434561270859083,0.10196392698560265,0.6415570285934119,0.342617549165637,0.26894212594184086,0.0,0.0,0.0,numerical diagnostic,true,
binary,1.2,6.292,pooling,0.0,0.0,0.25000000000000006,0.12500000000000003,0.7865000000000002,0.0,nan,0.0,0.0,0.7665,rejected,false,epsilon_q=7.665e-01
binary,1.2,6.294,full_orders,1.0,-1.0,0.1643140609918632,0.10195541559679776,0.6417073857662451,0.3427437560325476,0.2689424270767919,0.0,0.0,0.0,numerical diagnostic,true,
binary,1.2,6.294,pooling,0.0,0.0,0.25000000000000006,0.12500000000000003,0.7867500000000002,0.0,nan,0.0,0.0,0.7667499999999999,rejected,false,epsilon_q=7.667e-01
binary,1.2,6.296,full_orders,1.0,-1.0,0.16428249131766387,0.10194689476662924,0.6418576494506978,0.34287003472934474,0.2689427817927396,0.0,0.0,0.0,numerical diagnostic,true,
binary,1.2,6.296,pooling,0.0,0.0,0.25000000000000006,0.12500000000000003,0.7870000000000003,0.0,nan,0.0,0.0,0.7670000000000001,rejected,false,epsilon_q=7.670e-01
binary,1.2,6.298,full_orders,1.0,-1.0,0.16425090365907505,0.10193836447762931,0.6420078194801094,0.34299638536370014,0.2689431901495645,0.0,0.0,0.0,numerical diagnostic,true,
binary,1.2,6.298,pooling,0.0,0.0,0.25000000000000006,0.12500000000000003,0.7872500000000002,0.0,nan,0.0,0.0,0.76725,rejected,false,epsilon_q=7.672e-01
binary,1.2,6.3,full_orders,1.0,-1.0,0.16421929798911594,0.10192982471228483,0.6421578956873945,0.34312280804353645,0.2689436522073229,0.0,0.0,0.0,numerical diagnostic,true,
binary,1.2,6.3,pooling,0.0,0.0,0.25000000000000006,0.12500000000000003,0.7875000000000002,0.0,nan,0.0,0.0,0.7675,rejected,false,epsilon_q=7.675e-01
binary,1.2,6.35,full_orders,1.0,-1.0,0.16342322231737821,0.10171319859552844,0.6458788110816055,0.3463071107304875,0.2689728357624686,0.0,0.0,0.0,numerical diagnostic,true,
binary,1.2,6.35,pooling,0.0,0.0,0.25000000000000006,0.12500000000000003,0.7937500000000002,0.0,nan,0.0,0.0,0.7737499999999999,rejected,false,epsilon_q=7.737e-01
binary,1.2,6.4,full_orders,1.0,-1.0,0.16261543469883694,0.10149035331322688,0.6495382612046521,0.3495382612046525,0.2690366039557358,0.0,0.0,0.0,numerical diagnostic,true,
binary,1.2,6.4,pooling,0.0,0.0,0.25000000000000006,0.12500000000000003,0.8000000000000003,0.0,nan,0.0,0.0,0.78,rejected,false,epsilon_q=7.800e-01
binary,1.2,6.45,full_orders,1.0,-1.0,0.1617954725137454,0.10126098547500305,0.6531333563137697,0.3528181099450187,0.2691360092450624,0.0,0.0,0.0,numerical diagnostic,true,
binary,1.2,6.45,pooling,0.0,0.0,0.25000000000000006,0.12500000000000003,0.8062500000000002,0.0,nan,0.0,0.0,0.7862500000000001,rejected,false,epsilon_q=7.863e-01
binary,1.2,6.5,full_orders,1.0,-1.0,0.16096284416405848,0.10102477055729442,0.6566610086224137,0.3561486233437663,0.26927218437751993,0.0,0.0,0.0,numerical diagnostic,true,
binary,1.2,6.5,pooling,0.0,0.0,0.25000000000000006,0.12500000000000003,0.8125000000000002,0.0,nan,0.0,0.0,0.7925,rejected,false,epsilon_q=7.925e-01
binary,1.2,6.55,full_orders,1.0,-1.0,0.16011702659026972,0.10078136097222788,0.6601179143680926,0.3595318936389216,0.2694463490584787,0.0,0.0,0.0,numerical diagnostic,true,
binary,1.2,6.55,pooling,0.0,0.0,0.25000000000000006,0.12500000000000003,0.8187500000000002,0.0,nan,0.0,0.0,0.7987500000000001,rejected,false,epsilon_q=7.988e-01
binary,1.2,6.6,full_orders,1.0,-1.0,0.15925746251712214,0.10053038391634143,0.6635005338478535,0.3629701499315118,0.2696598173516555,0.0,0.0,0.0,numerical diagnostic,true,
binary,1.2,6.6,pooling,0.0,0.0,0.25000000000000006,0.12500000000000003,0.8250000000000002,0.0,nan,0.0,0.0,0.8049999999999999,rejected,false,epsilon_q=8.050e-01
binary,1.2,6.65,full_orders,1.0,-1.0,0.15838355739203358,0.10027143896886409,0.6668050691429462,0.366465770431866,0.26991400590559156,0.0,0.0,0.0,numerical diagnostic,true,
binary,1.2,6.65,pooling,0.0,0.0,0.25000000000000006,0.12500000000000003,0.8312500000000003,0.0,nan,0.0,0.0,0.81125,rejected,false,epsilon_q=8.113e-01
binary,1.2,6.7,full_orders,1.0,-1.0,0.15749467597434305,0.1000040954043516,0.6700274392091558,0.3700212961026281,0.2702104431169352,0.0,0.0,0.0,numerical diagnostic,true,
binary,1.2,6.7,pooling,0.0,0.0,0.25000000000000006,0.12500000000000003,0.8375000000000002,0.0,nan,0.0,0.0,0.8175,rejected,false,epsilon_q=8.175e-01
binary,1.2,6.75,full_orders,1.0,-1.0,0.15659013852669967,0.0997278891786403,0.673163251955822,0.3736394458932015,0.27055077935838,0.0,0.0,0.0,numerical diagnostic,true,
binary,1.2,6.75,pooling,0.0,0.0,0.25000000000000006,0.12500000000000003,0.8437500000000002,0.0,nan,0.0,0.0,0.82375,rejected,false,epsilon_q=8.237e-01
binary,1.2,6.8,full_orders,1.0,-1.0,0.15566921655184981,0.09944231954012524,0.6762077728728516,0.3773231337926011,0.2709367984198161,0.0,0.0,0.0,numerical diagnostic,true,
binary,1.2,6.8,pooling,0.0,0.0,0.25000000000000006,0.12500000000000003,0.8500000000000002,0.0,nan,0.0,0.0,0.8300000000000001,rejected,false,epsilon_q=8.300e-01
binary,1.2,6.85,full_orders,1.0,-1.0,0.1547311280084503,0.09914684521004329,0.6791558896887965,0.38107548796619906,0.2713704303358383,0.0,0.0,0.0,numerical diagnostic,true,
binary,1.2,6.85,pooling,0.0,0.0,0.25000000000000006,0.12500000000000003,0.8562500000000002,0.0,nan,0.0,0.0,0.8362499999999999,rejected,false,epsilon_q=8.362e-01
binary,1.2,6.9,full_orders,1.0,-1.0,0.15377503192801092,0.0988408800654447,0.6820020724515684,0.3848998722879565,0.27185376580208204,0.0,0.0,0.0,numerical diagnostic,true,
binary,1.2,6.9,pooling,0.0,0.0,0.25000000000000006,0.12500000000000003,0.8625000000000003,0.0,nan,0.0,0.0,0.8425,rejected,false,epsilon_q=8.425e-01
binary,1.2,6.95,full_orders,1.0,-1.0,0.15280002234120207,0.09852378824647429,0.6847403283129964,0.3887999106351919,0.27238907241795324,0.0,0.0,0.0,numerical diagnostic,true,
binary,1.2,6.95,pooling,0.0,0.0,0.25000000000000006,0.12500000000000003,0.8687500000000002,0.0,nan,0.0,0.0,0.84875,rejected,false,epsilon_q=8.488e-01
binary,1.2,7,full_orders,1.0,-1.0,0.15180512140502214,0.09819487859497796,0.6873641501648456,0.39277951437991165,0.2729788130354999,0.0,0.0,0.0,numerical diagnostic,true,
binary,1.2,7,pooling,0.0,0.0,0.25000000000000006,0.12500000000000003,0.8750000000000002,0.0,nan,0.0,0.0,0.855,rejected,false,epsilon_q=8.550e-01
binary,1.2,7.05,full_orders,1.0,-1.0,0.15078927160200684,0.09785339831367713,0.6898664581114238,0.396842913591973,0.27362566654507114,0.0,0.0,0.0,numerical diagnostic,true,
binary,1.2,7.05,pooling,0.0,0.0,0.25000000000000006,0.12500000000000003,0.8812500000000002,0.0,nan,0.0,0.0,0.8612500000000001,rejected,false,epsilon_q=8.613e-01
binary,1.2,7.1,full_orders,1.0,-1.0,0.14975132685791037,0.09749852571343298,0.6922395325653742,0.4009946925683586,0.2743325514901054,0.0,0.0,0.0,numerical diagnostic,true,
binary,1.2,7.1,pooling,0.0,0.0,0.25000000000000006,0.12500000000000003,0.8875000000000002,0.0,nan,0.0,0.0,0.8674999999999999,rejected,false,epsilon_q=8.675e-01
binary,1.2,7.15,full_orders,1.0,-1.0,0.14869004239397454,0.09712936188944181,0.694474937509509,0.40523983042410217,0.27510265297851233,0.0,0.0,0.0,numerical diagnostic,true,
binary,1.2,7.15,pooling,0.0,0.0,0.25000000000000006,0.12500000000000003,0.8937500000000003,0.0,nan,0.0,0.0,0.87375,rejected,false,epsilon_q=8.738e-01
binary,1.2,7.2,full_orders,1.0,-1.0,0.1476040630925874,0.09674492113426585,0.6965634321667141,0.40958374762965066,0.2759394534500202,0.0,0.0,0.0,numerical diagnostic,true,
binary,1.2,7.2,pooling,0.0,0.0,0.25000000000000006,0.12500000000000003,0.9000000000000002,0.0,nan,0.0,0.0,0.8800000000000001,rejected,false,epsilon_q=8.800e-01
binary,1.2,7.25,full_orders,1.0,-1.0,0.14649191010895857,0.09634411985472198,0.6984948689467344,0.41403235956416584,0.2768467679718839,0.0,0.0,0.0,numerical diagnostic,true,
binary,1.2,7.25,pooling,0.0,0.0,0.25000000000000006,0.12500000000000003,0.9062500000000002,0.0,nan,0.0,0.0,0.88625,rejected,false,epsilon_q=8.862e-01
binary,1.2,7.3,full_orders,1.0,-1.0,0.14535196540396642,0.09592576370861954,0.7002580750729226,0.41859213838413456,0.2778287848750719,0.0,0.0,0.0,numerical diagnostic,true,
binary,1.2,7.3,pooling,0.0,0.0,0.25000000000000006,0.12500000000000003,0.9125000000000002,0.0,nan,0.0,0.0,0.8925000000000001,rejected,false,epsilon_q=8.925e-01
binary,1.2,7.35,full_orders,1.0,-1.0,0.14418245380138256,0.09548853261325772,0.7018407147074442,0.42327018479447,0.2788901127167499,0.0,0.0,0.0,numerical diagnostic,true,
binary,1.2,7.35,pooling,0.0,0.0,0.25000000000000006,0.12500000000000003,0.9187500000000002,0.0,nan,0.0,0.0,0.8987499999999999,rejected,false,epsilon_q=8.987e-01
binary,1.2,7.4,full_orders,1.0,-1.0,0.14298142208202927,0.09503096319661801,0.7032291276549733,0.42807431167188326,0.2800358347721005,0.0,0.0,0.0,numerical diagnostic,true,
binary,1.2,7.4,pooling,0.0,0.0,0.25000000000000006,0.12500000000000003,0.9250000000000003,0.0,nan,0.0,0.0,0.905,rejected,false,epsilon_q=9.050e-01
binary,1.2,7.45,full_orders,1.0,-1.0,0.1417467145124528,0.09455142815917682,0.7044081397858674,0.43301314195018903,0.2812715725318639,0.0,0.0,0.0,numerical diagnostic,true,
binary,1.2,7.45,pooling,0.0,0.0,0.25000000000000006,0.12500000000000003,0.9312500000000002,0.0,nan,0.0,0.0,0.9112500000000001,rejected,false,epsilon_q=9.113e-01
binary,1.2,7.5,full_orders,1.0,-1.0,0.14047594405885014,0.09404811188229983,0.7053608391172488,0.43809622376459967,0.2826035600282321,0.0,0.0,0.0,numerical diagnostic,true,
binary,1.2,7.5,pooling,0.0,0.0,0.25000000000000006,0.12500000000000003,0.9375000000000002,0.0,nan,0.0,0.0,0.9175,rejected,false,epsilon_q=9.175e-01
binary,1.2,7.55,full_orders,1.0,-1.0,0.13916645834801789,0.09351898144884935,0.7060683099388125,0.4433341666079287,0.28403873125340734,0.0,0.0,0.0,numerical diagnostic,true,
binary,1.2,7.55,pooling,0.0,0.0,0.25000000000000006,0.12500000000000003,0.9437500000000002,0.0,nan,0.0,0.0,0.9237500000000001,rejected,false,epsilon_q=9.238e-01
binary,1.2,7.6,full_orders,1.0,-1.0,0.1378152991919857,0.09296175202003591,0.7065093153522729,0.4487388032320574,0.285584823502737,0.0,0.0,0.0,numerical diagnostic,true,
binary,1.2,7.6,pooling,0.0,0.0,0.25000000000000006,0.12500000000000003,0.9500000000000002,0.0,nan,0.0,0.0,0.9299999999999999,rejected,false,epsilon_q=9.300e-01
binary,1.2,7.65,full_orders,1.0,-1.0,0.13641915417237405,0.09237384522178854,0.7066599159466824,0.45432338331050404,0.28725050020956894,0.0,0.0,0.0,numerical diagnostic,true,
binary,1.2,7.65,pooling,0.0,0.0,0.25000000000000006,0.12500000000000003,0.9562500000000003,0.0,nan,0.0,0.0,0.93625,rejected,false,epsilon_q=9.363e-01
binary,1.2,7.7,full_orders,1.0,-1.0,0.1349742983573103,0.09175233880896579,0.7064930088290365,0.46010280657075897,0.2890454977993803,0.0,0.0,0.0,numerical diagnostic,true,
binary,1.2,7.7,pooling,0.0,0.0,0.25000000000000006,0.12500000000000003,0.9625000000000002,0.0,nan,0.0,0.0,0.9425000000000001,rejected,false,epsilon_q=9.425e-01
binary,1.2,7.75,full_orders,1.0,-1.0,0.1334765236597203,0.091093905361119,0.7059777665486723,0.46609390536111905,0.29098080235665263,0.0,0.0,0.0,numerical diagnostic,true,
binary,1.2,7.75,pooling,0.0,0.0,0.25000000000000006,0.12500000000000003,0.9687500000000002,0.0,nan,0.0,0.0,0.94875,rejected,false,epsilon_q=9.487e-01
binary,1.2,7.8,full_orders,1.0,-1.0,0.1319210525863146,0.0903947370684272,0.7050789491337321,0.47231578965474175,0.2930688635827225,0.0,0.0,0.0,numerical diagnostic,true,
binary,1.2,7.8,pooling,0.0,0.0,0.25000000000000006,0.12500000000000003,0.9750000000000002,0.0,nan,0.0,0.0,0.955,rejected,false,epsilon_q=9.550e-01
binary,1.2,7.85,full_orders,1.0,-1.0,0.13030243209244255,0.08965045271705002,0.7037560538288427,0.47879027163023,0.29532385578836895,0.0,0.0,0.0,numerical diagnostic,true,
binary,1.2,7.85,pooling,0.0,0.0,0.25000000000000006,0.12500000000000003,0.9812500000000002,0.0,nan,0.0,0.0,0.9612499999999999,rejected,false,epsilon_q=9.612e-01
binary,1.2,7.9,full_orders,1.0,-1.0,0.1286144018329153,0.08885598167084724,0.7019622551996932,0.485542392668339,0.29776199874552917,0.0,0.0,0.0,numerical diagnostic,true,
binary,1.2,7.9,pooling,0.0,0.0,0.25000000000000006,0.12500000000000003,0.9875000000000003,0.0,nan,0.0,0.0,0.9675,rejected,false,epsilon_q=9.675e-01
binary,1.2,7.95,full_orders,1.0,-1.0,0.12684972910955966,0.08800541780880748,0.6996430715800195,0.4926010835617616,0.3004019554622375,0.0,0.0,0.0,numerical diagnostic,true,
binary,1.2,7.95,pooling,0.0,0.0,0.25000000000000006,0.12500000000000003,0.9937500000000002,0.0,nan,0.0,0.0,0.9737500000000001,rejected,false,epsilon_q=9.738e-01
binary,1.2,8,full_orders,1.0,-1.0,0.12500000000000003,0.08709183376796044,0.6967346701436835,0.5000000000000001,0.3032653298563167,0.0,0.0,0.0,numerical diagnostic,true,
binary,1.2,8,pooling,0.0,0.0,0.25000000000000006,0.12500000000000003,1.0000000000000002,0.0,nan,0.0,0.0,0.98,rejected,false,epsilon_q=9.800e-01
binary,1.2,8.002,full_orders,1.0,-1.0,0.1249241077372891,0.08705386864454248,0.696605056893629,0.5003035690508439,0.30338485433911616,0.0,0.0,0.0,numerical diagnostic,true,
binary,1.2,8.002,pooling,0.0,0.0,0.0,0.0,0.0,1.0000000000000002,0.5,0.0,0.0,0.0,analytical (pooling exists: e0 Delta_T/2 <= k),true,
binary,1.2,8.004,full_orders,1.0,-1.0,0.12484806315690274,0.08701578922567249,0.6964743769622825,0.5006077473723892,0.30350477773227164,0.0,0.0,0.0,numerical diagnostic,true,
binary,1.2,8.004,pooling,0.0,0.0,0.0,0.0,0.0,1.0000000000000002,0.5,0.0,0.0,0.0,analytical (pooling exists: e0 Delta_T/2 <= k),true,
binary,1.2,8.006,full_orders,1.0,-1.0,0.1247718655696203,0.08697759493671232,0.6963426250633189,0.500912537721519,0.30362510178913654,0.0,0.0,0.0,numerical diagnostic,true,
binary,1.2,8.006,pooling,0.0,0.0,0.0,0.0,0.0,1.0000000000000002,0.5,0.0,0.0,0.0,analytical (pooling exists: e0 Delta_T/2 <= k),true,
binary,1.2,8.008,full_orders,1.0,-1.0,0.12469551428159184,0.08693928519897104,0.69620979587336,0.5012179428736329,0.3037458282743471,0.0,0.0,0.0,numerical diagnostic,true,
binary,1.2,8.008,pooling,0.0,0.0,0.0,0.0,0.0,1.0000000000000002,0.5,0.0,0.0,0.0,analytical (pooling exists: e0 Delta_T/2 <= k),true,
binary,1.2,8.010,full_orders,1.0,-1.0,0.12461900859429671,0.08690085942966792,0.69607588403164,0.5015239656228133,0.30386695896391724,0.0,0.0,0.0,numerical diagnostic,true,
binary,1.2,8.010,pooling,0.0,0.0,0.0,0.0,0.0,1.0000000000000002,0.5,0.0,0.0,0.0,analytical (pooling exists: e0 Delta_T/2 <= k),true,
binary,1.2,8.012,full_orders,1.0,-1.0,0.12454234780450277,0.08686231704189544,0.6959408841396663,0.5018306087819892,0.30398849564533276,0.0,0.0,0.0,numerical diagnostic,true,
binary,1.2,8.012,pooling,0.0,0.0,0.0,0.0,0.0,1.0000000000000002,0.5,0.0,0.0,0.0,analytical (pooling exists: e0 Delta_T/2 <= k),true,
binary,1.2,8.014,full_orders,1.0,-1.0,0.12446553120422421,0.08682365744458141,0.6958047907608754,0.5021378751831034,0.30411044011764865,0.0,0.0,0.0,numerical diagnostic,true,
binary,1.2,8.014,pooling,0.0,0.0,0.0,0.0,0.0,1.0000000000000002,0.5,0.0,0.0,0.0,analytical (pooling exists: e0 Delta_T/2 <= k),true,
binary,1.2,8.016,full_orders,1.0,-1.0,0.12438855808067925,0.08678488004245097,0.6956675984202869,0.5024457676772832,0.30423279419158583,0.0,0.0,0.0,numerical diagnostic,true,
binary,1.2,8.016,pooling,0.0,0.0,0.0,0.0,0.0,1.0000000000000002,0.5,0.0,0.0,0.0,analytical (pooling exists: e0 Delta_T/2 <= k),true,
binary,1.2,8.018,full_orders,1.0,-1.0,0.12431142771624779,0.08674598423598819,0.6955293016041534,0.5027542891350091,0.3043555596896293,0.0,0.0,0.0,numerical diagnostic,true,
binary,1.2,8.018,pooling,0.0,0.0,0.0,0.0,0.0,1.0000000000000002,0.5,0.0,0.0,0.0,analytical (pooling exists: e0 Delta_T/2 <= k),true,
binary,1.2,8.020,full_orders,1.0,-1.0,0.12423413938842795,0.08670696942139704,0.6953898947596042,0.5030634424462884,0.30447873844612755,0.0,0.0,0.0,numerical diagnostic,true,
binary,1.2,8.020,pooling,0.0,0.0,0.0,0.0,0.0,1.0000000000000002,0.5,0.0,0.0,0.0,analytical (pooling exists: e0 Delta_T/2 <= k),true,
binary,1.2,8.022,full_orders,1.0,-1.0,0.12415669236979238,0.086667834990562,0.6952493722942884,0.5033732305208307,0.30460233230739314,0.0,0.0,0.0,numerical diagnostic,true,
binary,1.2,8.022,pooling,0.0,0.0,0.0,0.0,0.0,1.0000000000000002,0.5,0.0,0.0,0.0,analytical (pooling exists: e0 Delta_T/2 <= k),true,
binary,1.2,8.024,full_orders,1.0,-1.0,0.12407908592794425,0.08662858033100838,0.6951077285760112,0.5036836562882232,0.3047263431318037,0.0,0.0,0.0,numerical diagnostic,true,
binary,1.2,8.024,pooling,0.0,0.0,0.0,0.0,0.0,1.0000000000000002,0.5,0.0,0.0,0.0,analytical (pooling exists: e0 Delta_T/2 <= k),true,
binary,1.2,8.026,full_orders,1.0,-1.0,0.12400131932547245,0.08658920482586187,0.6949649579323673,0.5039947226981104,0.30485077278990463,0.0,0.0,0.0,numerical diagnostic,true,
binary,1.2,8.026,pooling,0.0,0.0,0.0,0.0,0.0,1.0000000000000002,0.5,0.0,0.0,0.0,analytical (pooling exists: e0 Delta_T/2 <= k),true,
binary,1.2,8.028,full_orders,1.0,-1.0,0.12392339181990664,0.08654970785380799,0.6948210546503706,0.5043064327203737,0.3049756231645124,0.0,0.0,0.0,numerical diagnostic,true,
binary,1.2,8.028,pooling,0.0,0.0,0.0,0.0,0.0,1.0000000000000002,0.5,0.0,0.0,0.0,analytical (pooling exists: e0 Delta_T/2 <= k),true,
binary,1.2,8.030,full_orders,1.0,-1.0,0.12384530266367158,0.08651008878905089,0.6946760129760786,0.5046187893453139,0.3051008961508189,0.0,0.0,0.0,numerical diagnostic,true,
binary,1.2,8.030,pooling,0.0,0.0,0.0,0.0,0.0,1.0000000000000002,0.5,0.0,0.0,0.0,analytical (pooling exists: e0 Delta_T/2 <= k),true,
binary,1.2,8.032,full_orders,1.0,-1.0,0.12376705110404072,0.08647034700127158,0.6945298271142134,0.5049317955838373,0.30522659365649807,0.0,0.0,0.0,numerical diagnostic,true,
binary,1.2,8.032,pooling,0.0,0.0,0.0,0.0,0.0,1.0000000000000002,0.5,0.0,0.0,0.0,analytical (pooling exists: e0 Delta_T/2 <= k),true,
binary,1.2,8.034,full_orders,1.0,-1.0,0.12368863638308994,0.08643048185558598,0.6943824912277778,0.5052454544676405,0.30535271760181126,0.0,0.0,0.0,numerical diagnostic,true,
binary,1.2,8.034,pooling,0.0,0.0,0.0,0.0,0.0,1.0000000000000002,0.5,0.0,0.0,0.0,analytical (pooling exists: e0 Delta_T/2 <= k),true,
binary,1.2,8.036,full_orders,1.0,-1.0,0.1236100577376501,0.08639049271250221,0.6942339994376677,0.5055597690493998,0.30547926991971686,0.0,0.0,0.0,numerical diagnostic,true,
binary,1.2,8.036,pooling,0.0,0.0,0.0,0.0,0.0,1.0000000000000002,0.5,0.0,0.0,0.0,analytical (pooling exists: e0 Delta_T/2 <= k),true,
binary,1.2,8.038,full_orders,1.0,-1.0,0.12353131439925934,0.08635037892787752,0.6940843458222795,0.5058747424029628,0.3056062525559779,0.0,0.0,0.0,numerical diagnostic,true,
binary,1.2,8.038,pooling,0.0,0.0,0.0,0.0,0.0,1.0000000000000002,0.5,0.0,0.0,0.0,analytical (pooling exists: e0 Delta_T/2 <= k),true,
binary,1.2,8.040,full_orders,1.0,-1.0,0.12345240559411505,0.08631013985287479,0.6939335244171133,0.50619037762354,0.3057336674692727,0.0,0.0,0.0,numerical diagnostic,true,
binary,1.2,8.040,pooling,0.0,0.0,0.0,0.0,0.0,1.0000000000000002,0.5,0.0,0.0,0.0,analytical (pooling exists: e0 Delta_T/2 <= k),true,
binary,1.2,8.042,full_orders,1.0,-1.0,0.1233733305430246,0.08626977483391828,0.6937815292143708,0.5065066778279018,0.3058615166313074,0.0,0.0,0.0,numerical diagnostic,true,
binary,1.2,8.042,pooling,0.0,0.0,0.0,0.0,0.0,1.0000000000000002,0.5,0.0,0.0,0.0,analytical (pooling exists: e0 Delta_T/2 <= k),true,
binary,1.2,8.044,full_orders,1.0,-1.0,0.12329408846135656,0.08622928321264921,0.6936283541625503,0.506823646154574,0.3059898020269268,0.0,0.0,0.0,numerical diagnostic,true,
binary,1.2,8.044,pooling,0.0,0.0,0.0,0.0,0.0,1.0000000000000002,0.5,0.0,0.0,0.0,analytical (pooling exists: e0 Delta_T/2 <= k),true,
binary,1.2,8.046,full_orders,1.0,-1.0,0.12321467855899054,0.0861886643258807,0.693473993166036,0.507141285764038,0.30611852565422903,0.0,0.0,0.0,numerical diagnostic,true,
binary,1.2,8.046,pooling,0.0,0.0,0.0,0.0,0.0,1.0000000000000002,0.5,0.0,0.0,0.0,analytical (pooling exists: e0 Delta_T/2 <= k),true,
binary,1.2,8.048,full_orders,1.0,-1.0,0.12313510004026645,0.08614791750555183,0.6933184400846811,0.5074595998389344,0.306247689524681,0.0,0.0,0.0,numerical diagnostic,true,
binary,1.2,8.048,pooling,0.0,0.0,0.0,0.0,0.0,1.0000000000000002,0.5,0.0,0.0,0.0,analytical (pooling exists: e0 Delta_T/2 <= k),true,
binary,1.2,8.05,full_orders,1.0,-1.0,0.12305535210393409,0.08610704207868194,0.6931616887333897,0.5077785915842639,0.30637729566323363,0.0,0.0,0.0,numerical diagnostic,true,
binary,1.2,8.05,pooling,0.0,0.0,0.0,0.0,0.0,1.0000000000000002,0.5,0.0,0.0,0.0,analytical (pooling exists: e0 Delta_T/2 <= k),true,
binary,1.2,8.1,full_orders,1.0,-1.0,0.12100412842621577,0.08504128426215733,0.6888344025234744,0.5159834862951371,0.30976739992013425,0.0,0.0,0.0,numerical diagnostic,true,
binary,1.2,8.1,pooling,0.0,0.0,0.0,0.0,0.0,1.0000000000000002,0.5,0.0,0.0,0.0,analytical (pooling exists: e0 Delta_T/2 <= k),true,
binary,1.2,8.15,full_orders,1.0,-1.0,0.11883242310816344,0.08388282072108966,0.6836449888768807,0.5246703075673463,0.3134706019065704,0.0,0.0,0.0,numerical diagnostic,true,
binary,1.2,8.15,pooling,0.0,0.0,0.0,0.0,0.0,1.0000000000000002,0.5,0.0,0.0,0.0,analytical (pooling exists: e0 Delta_T/2 <= k),true,
binary,1.2,8.2,full_orders,1.0,-1.0,0.1165234763402798,0.08261738170139875,0.6774625299514697,0.533906094638881,0.3175286345234002,0.0,0.0,0.0,numerical diagnostic,true,
binary,1.2,8.2,pooling,0.0,0.0,0.0,0.0,0.0,1.0000000000000002,0.5,0.0,0.0,0.0,analytical (pooling exists: e0 Delta_T/2 <= k),true,
binary,1.2,8.25,full_orders,1.0,-1.0,0.11405685501072346,0.08122742004289375,0.6701262153538735,0.5437725799571064,0.32199181474401767,0.0,0.0,0.0,numerical diagnostic,true,
binary,1.2,8.25,pooling,0.0,0.0,0.0,0.0,0.0,1.0000000000000002,0.5,0.0,0.0,0.0,analytical (pooling exists: e0 Delta_T/2 <= k),true,
binary,1.2,8.3,full_orders,1.0,-1.0,0.11140732255761868,0.07969107519206231,0.6614359240941172,0.5543707097695255,0.3269214914097789,0.0,0.0,0.0,numerical diagnostic,true,
binary,1.2,8.3,pooling,0.0,0.0,0.0,0.0,0.0,1.0000000000000002,0.5,0.0,0.0,0.0,analytical (pooling exists: e0 Delta_T/2 <= k),true,
binary,1.2,8.35,full_orders,1.0,-1.0,0.10854324731925886,0.07798070662645379,0.6511389003308891,0.5658270107229648,0.33239341694535973,0.0,0.0,0.0,numerical diagnostic,true,
binary,1.2,8.35,pooling,0.0,0.0,0.0,0.0,0.0,1.0000000000000002,0.5,0.0,0.0,0.0,analytical (pooling exists: e0 Delta_T/2 <= k),true,
binary,1.2,8.4,asymmetric_discontinuity,1.0,-0.021651247532,0.10000000000000012,0.06250000000000029,0.5250000000000025,0.5999999999999996,0.4166666666666651,0.0,0.0,0.213328729503676,rejected,false,Psi sign change without root at a region boundary
binary,1.2,8.4,full_orders,1.0,-1.0,0.1054243071330731,0.07606076783268277,0.6389104497945353,0.5783027714677078,0.3385024909571958,0.0,0.0,0.0,numerical diagnostic,true,
binary,1.2,8.4,pooling,0.0,0.0,0.0,0.0,0.0,1.0000000000000002,0.5,0.0,0.0,0.0,analytical (pooling exists: e0 Delta_T/2 <= k),true,
binary,1.2,8.402,asymmetric_discontinuity,1.0,-0.028329050063,0.0,0.0,0.0,1.0,0.5,0.0,0.0,0.02,rejected,false,Psi sign change without root at a region boundary
binary,1.2,8.402,full_orders,1.0,-1.0,0.10529355718160308,0.0759789979641866,0.6383755408950957,0.5788257712735879,0.3387617101287853,0.0,0.0,0.0,numerical diagnostic,true,
binary,1.2,8.402,pooling,0.0,0.0,0.0,0.0,0.0,1.0000000000000002,0.5,0.0,0.0,0.0,analytical (pooling exists: e0 Delta_T/2 <= k),true,
binary,1.2,8.404,asymmetric_discontinuity,1.0,-0.035029223834,0.0997500000000027,0.06250000000000666,0.525250000000056,0.6009999999999894,0.41597337770379,0.0,0.0,0.20910009949337982,rejected,false,Psi sign change without root at a region boundary
binary,1.2,8.404,full_orders,1.0,-1.0,0.10516231400615526,0.07589681684691905,0.6378368487815077,0.5793507439753791,0.33902214617794807,0.0,0.0,0.0,numerical diagnostic,true,
binary,1.2,8.404,pooling,0.0,0.0,0.0,0.0,0.0,1.0000000000000002,0.5,0.0,0.0,0.0,analytical (pooling exists: e0 Delta_T/2 <= k),true,
binary,1.2,8.406,asymmetric_discontinuity,1.0,-0.041751919239,0.09962500000000006,0.06250000000000022,0.5253750000000019,0.6014999999999998,0.4156275976724841,0.0,0.0,0.20698939867430965,rejected,false,Psi sign change without root at a region boundary
binary,1.2,8.406,full_orders,1.0,-1.0,0.10503057373497102,0.07581422102209613,0.6372943419117402,0.5798777050601162,0.33928380793881213,0.0,0.0,0.0,numerical diagnostic,true,
binary,1.2,8.406,pooling,0.0,0.0,0.0,0.0,0.0,1.0000000000000002,0.5,0.0,0.0,0.0,analytical (pooling exists: e0 Delta_T/2 <= k),true,
binary,1.2,8.408,asymmetric_discontinuity,1.0,-0.048497288196,0.0,0.0,0.0,1.0,0.5000000000000001,0.0,0.0,0.02,rejected,false,Psi sign change without root at a region boundary
binary,1.2,8.408,full_orders,1.0,-1.0,0.10489833245194868,0.07573120699007017,0.63674798837251,0.5804066701922055,0.3395467043382818,0.0,0.0,0.0,numerical diagnostic,true,
binary,1.2,8.408,pooling,0.0,0.0,0.0,0.0,0.0,1.0000000000000002,0.5,0.0,0.0,0.0,analytical (pooling exists: e0 Delta_T/2 <= k),true,
binary,1.2,8.410,asymmetric_discontinuity,1.0,-0.055265484165,0.09937500000000166,0.06250000000000401,0.5256250000000338,0.6024999999999935,0.4149377593360776,0.0,0.0,0.202775458612063,rejected,false,Psi sign change without root at a region boundary
binary,1.2,8.410,full_orders,1.0,-1.0,0.10476558619598,0.07564777120970727,0.6361977558736381,0.5809376552160803,0.33981084439731246,0.0,0.0,0.0,numerical diagnostic,true,
binary,1.2,8.410,pooling,0.0,0.0,0.0,0.0,0.0,1.0000000000000002,0.5,0.0,0.0,0.0,analytical (pooling exists: e0 Delta_T/2 <= k),true,
binary,1.2,8.412,asymmetric_discontinuity,1.0,-0.062056662167,0.0,0.0,0.0,1.0000000000000002,0.4999999999999999,0.0,0.0,0.02,rejected,false,Psi sign change without root at a region boundary
binary,1.2,8.412,full_orders,1.0,-1.0,0.10463233096027426,0.0755639100977531,0.6356436117422991,0.5814706761589032,0.34007623723220837,0.0,0.0,0.0,numerical diagnostic,true,
binary,1.2,8.412,pooling,0.0,0.0,0.0,0.0,0.0,1.0000000000000002,0.5,0.0,0.0,0.0,analytical (pooling exists: e0 Delta_T/2 <= k),true,
binary,1.2,8.414,asymmetric_discontinuity,1.0,-0.06887097881,0.0,0.0,0.0,1.0000000000000002,0.4999999999999999,0.0,0.0,0.02,rejected,false,Psi sign change without root at a region boundary
binary,1.2,8.414,full_orders,1.0,-1.0,0.10449856269166917,0.07547962002818631,0.6350855229171596,0.5820057492333236,0.34034289205594237,0.0,0.0,0.0,numerical diagnostic,true,
binary,1.2,8.414,pooling,0.0,0.0,0.0,0.0,0.0,1.0000000000000002,0.5,0.0,0.0,0.0,analytical (pooling exists: e0 Delta_T/2 <= k),true,
binary,1.2,8.416,asymmetric_discontinuity,1.0,-0.075708592308,0.09900000000000114,0.0625000000000028,0.5260000000000237,0.6039999999999955,0.4139072847681965,0.0,0.0,0.1964739165894092,rejected,false,Psi sign change without root at a region boundary
binary,1.2,8.416,full_orders,1.0,-1.0,0.10436427728992892,0.0753948973315599,0.6345234559424082,0.5825428908402845,0.3406108181795001,0.0,0.0,0.0,numerical diagnostic,true,
binary,1.2,8.416,pooling,0.0,0.0,0.0,0.0,0.0,1.0000000000000002,0.5,0.0,0.0,0.0,analytical (pooling exists: e0 Delta_T/2 <= k),true,
binary,1.2,8.418,asymmetric_discontinuity,1.0,-0.082569662501,0.0,0.0,0.0,1.0000000000000004,0.4999999999999999,0.0,0.0,0.02,rejected,false,Psi sign change without root at a region boundary
binary,1.2,8.418,full_orders,1.0,-1.0,0.10422947060703029,0.07530973829433067,0.6339573769616755,0.583082117571879,0.34088002501324416,0.0,0.0,0.0,numerical diagnostic,true,
binary,1.2,8.418,pooling,0.0,0.0,0.0,0.0,0.0,1.0000000000000002,0.5,0.0,0.0,0.0,analytical (pooling exists: e0 Delta_T/2 <= k),true,
binary,1.2,8.420,asymmetric_discontinuity,1.0,-0.089454350883,0.0,0.0,0.0,1.0,0.5,0.0,0.0,0.02,rejected,false,Psi sign change without root at a region boundary
binary,1.2,8.420,full_orders,1.0,-1.0,0.1040941384464335,0.07522413915817495,0.6333872517118331,0.5836234462142662,0.3411505220683052,0.0,0.0,0.0,numerical diagnostic,true,
binary,1.2,8.420,pooling,0.0,0.0,0.0,0.0,0.0,1.0000000000000002,0.5,0.0,0.0,0.0,analytical (pooling exists: e0 Delta_T/2 <= k),true,
binary,1.2,8.422,asymmetric_discontinuity,1.0,-0.09636282062,0.09862500000000313,0.06250000000000748,0.526375000000063,0.6054999999999876,0.4128819157720483,0.0,0.0,0.1901967856618707,rejected,false,Psi sign change without root at a region boundary
binary,1.2,8.422,full_orders,1.0,-1.0,0.10395827656234147,0.0751380961192926,0.6328130455166824,0.5841668937506344,0.3414223189579942,0.0,0.0,0.0,numerical diagnostic,true,
binary,1.2,8.422,pooling,0.0,0.0,0.0,0.0,0.0,1.0000000000000002,0.5,0.0,0.0,0.0,analytical (pooling exists: e0 Delta_T/2 <= k),true,
binary,1.2,8.424,asymmetric_discontinuity,1.0,-0.103295236572,0.0,0.0,0.0,1.0,0.5,0.0,0.0,0.02,rejected,false,Psi sign change without root at a region boundary
binary,1.2,8.424,full_orders,1.0,-1.0,0.10382188065894346,0.07505160532769668,0.6322347232805168,0.5847124773642265,0.34169542539924097,0.0,0.0,0.0,numerical diagnostic,true,
binary,1.2,8.424,pooling,0.0,0.0,0.0,0.0,0.0,1.0000000000000002,0.5,0.0,0.0,0.0,analytical (pooling exists: e0 Delta_T/2 <= k),true,
binary,1.2,8.426,asymmetric_discontinuity,1.0,-0.110251765325,0.0,0.0,0.0,1.0000000000000002,0.5,0.0,0.0,0.02,rejected,false,Psi sign change without root at a region boundary
binary,1.2,8.426,full_orders,1.0,-1.0,0.10368494638964462,0.07496466288648969,0.6316522494815622,0.5852602144414217,0.34196985121405915,0.0,0.0,0.0,numerical diagnostic,true,
binary,1.2,8.426,pooling,0.0,0.0,0.0,0.0,0.0,1.0000000000000002,0.5,0.0,0.0,0.0,analytical (pooling exists: e0 Delta_T/2 <= k),true,
binary,1.2,8.428,asymmetric_discontinuity,1.0,-0.117232575205,0.09825000000000209,0.062500000000005,0.5267500000000421,0.6069999999999919,0.4118616144975016,0.0,0.0,0.1839454193097529,rejected,false,Psi sign change without root at a region boundary
binary,1.2,8.428,full_orders,1.0,-1.0,0.10354746935628219,0.07487726485112665,0.6310655881652955,0.5858101225748715,0.34224560633103274,0.0,0.0,0.0,numerical diagnostic,true,
binary,1.2,8.428,pooling,0.0,0.0,0.0,0.0,0.0,1.0000000000000002,0.5,0.0,0.0,0.0,analytical (pooling exists: e0 Delta_T/2 <= k),true,
binary,1.2,8.430,asymmetric_discontinuity,1.0,-0.124237836307,0.0,0.0,0.0,1.0000000000000002,0.4999999999999999,0.0,0.0,0.02,rejected,false,Psi sign change without root at a region boundary
binary,1.2,8.430,full_orders,1.0,-1.0,0.10340944510832517,0.07478940722866313,0.6304747029376302,0.5863622195666995,0.3425227007868325,0.0,0.0,0.0,numerical diagnostic,true,
binary,1.2,8.430,pooling,0.0,0.0,0.0,0.0,0.0,1.0000000000000002,0.5,0.0,0.0,0.0,analytical (pooling exists: e0 Delta_T/2 <= k),true,
binary,1.2,8.432,asymmetric_discontinuity,1.0,-0.131267720522,0.09800000000000017,0.06250000000000043,0.5270000000000037,0.6079999999999995,0.4111842105263133,0.0,0.0,0.17979284306755627,rejected,false,Psi sign change without root at a region boundary
binary,1.2,8.432,full_orders,1.0,-1.0,0.10327086914205916,0.07470108597698881,0.6298795569579697,0.5869165234317636,0.3428011447277586,0.0,0.0,0.0,numerical diagnostic,true,
binary,1.2,8.432,pooling,0.0,0.0,0.0,0.0,0.0,1.0000000000000002,0.5,0.0,0.0,0.0,analytical (pooling exists: e0 Delta_T/2 <= k),true,
binary,1.2,8.434,asymmetric_discontinuity,1.0,-0.138322401558,0.09787500000000071,0.0625000000000015,0.5271250000000126,0.6084999999999974,0.4108463434675353,0.0,0.0,0.177721213722183,rejected,false,Psi sign change without root at a region boundary
binary,1.2,8.434,full_orders,1.0,-1.0,0.10313173689975641,0.07461229700404691,0.6292801129321316,0.5874730524009746,0.3430809484113082,0.0,0.0,0.0,numerical diagnostic,true,
binary,1.2,8.434,pooling,0.0,0.0,0.0,0.0,0.0,1.0000000000000002,0.5,0.0,0.0,0.0,analytical (pooling exists: e0 Delta_T/2 <= k),true,
binary,1.2,8.436,asymmetric_discontinuity,1.0,-0.145402054968,0.0,0.0,0.0,1.0000000000000002,0.5,0.0,0.0,0.02,rejected,false,Psi sign change without root at a region boundary
binary,1.2,8.436,full_orders,1.0,-1.0,0.10299204376882828,0.07452303616703727,0.6286763331051264,0.5880318249246872,0.34336212220777446,0.0,0.0,0.0,numerical diagnostic,true,
binary,1.2,8.436,pooling,0.0,0.0,0.0,0.0,0.0,1.0000000000000002,0.5,0.0,0.0,0.0,analytical (pooling exists: e0 Delta_T/2 <= k),true,
binary,1.2,8.438,asymmetric_discontinuity,1.0,-0.152506858177,0.09762500000000068,0.06250000000000165,0.527375000000014,0.6094999999999976,0.41017227235437975,0.0,0.0,0.1735875420978845,rejected,false,Psi sign change without root at a region boundary
binary,1.2,8.438,full_orders,1.0,-1.0,0.10285178508096297,0.07443329927160498,0.6280681792538029,0.5885928596761484,0.3436446766018706,0.0,0.0,0.0,numerical diagnostic,true,
binary,1.2,8.438,pooling,0.0,0.0,0.0,0.0,0.0,1.0000000000000002,0.5,0.0,0.0,0.0,analytical (pooling exists: e0 Delta_T/2 <= k),true,
binary,1.2,8.440,asymmetric_discontinuity,1.0,-0.159636990506,0.09750000000000086,0.06250000000000186,0.5275000000000156,0.6099999999999968,0.4098360655737607,0.0,0.0,0.1715256093261117,rejected,false,Psi sign change without root at a region boundary
binary,1.2,8.440,full_orders,1.0,-1.0,0.10271095611124549,0.0743430820710124,0.6274556126793446,0.5891561755550183,0.34392862219438486,0.0,0.0,0.0,numerical diagnostic,true,
binary,1.2,8.440,pooling,0.0,0.0,0.0,0.0,0.0,1.0000000000000002,0.5,0.0,0.0,0.0,analytical (pooling exists: e0 Delta_T/2 <= k),true,
binary,1.2,8.442,asymmetric_discontinuity,1.0,-0.166792633202,0.09737500000000238,0.06250000000000543,0.5276250000000459,0.6104999999999906,0.40950040950038036,0.0,0.0,0.1694670192135957,rejected,false,Psi sign change without root at a region boundary
binary,1.2,8.442,full_orders,1.0,-1.0,0.10256955207726025,0.07425238026529467,0.6268385941996176,0.5897217916909592,0.34421396970386614,0.0,0.0,0.0,numerical diagnostic,true,
binary,1.2,8.442,pooling,0.0,0.0,0.0,0.0,0.0,1.0000000000000002,0.5,0.0,0.0,0.0,analytical (pooling exists: e0 Delta_T/2 <= k),true,
binary,1.2,8.444,asymmetric_discontinuity,1.0,-0.173973969463,0.0,0.0,0.0,1.0000000000000004,0.4999999999999999,0.0,0.0,0.02,rejected,false,Psi sign change without root at a region boundary
binary,1.2,8.444,full_orders,1.0,-1.0,0.10242756813817733,0.07416118950039946,0.6262170841413731,0.5902897274472909,0.34450072996833686,0.0,0.0,0.0,numerical diagnostic,true,
binary,1.2,8.444,pooling,0.0,0.0,0.0,0.0,0.0,1.0000000000000002,0.5,0.0,0.0,0.0,analytical (pooling exists: e0 Delta_T/2 <= k),true,
binary,1.2,8.446,asymmetric_discontinuity,1.0,-0.18118118447,0.09712500000000208,0.06250000000000461,0.527875000000039,0.6114999999999919,0.4088307440719296,0.0,0.0,0.16536009238146765,rejected,false,Psi sign change without root at a region boundary
binary,1.2,8.446,full_orders,1.0,-1.0,0.10228499939381977,0.07406950536730882,0.6255910423322902,0.5908600024247213,0.34478891394703975,0.0,0.0,0.0,numerical diagnostic,true,
binary,1.2,8.446,pooling,0.0,0.0,0.0,0.0,0.0,1.0000000000000002,0.5,0.0,0.0,0.0,analytical (pooling exists: e0 Delta_T/2 <= k),true,
binary,1.2,8.448,asymmetric_discontinuity,1.0,-0.18841446541,0.0,0.0,0.0,1.0,0.5,0.0,0.0,0.02,rejected,false,Psi sign change without root at a region boundary
binary,1.2,8.448,full_orders,1.0,-1.0,0.10214184088371231,0.07397732340114353,0.6249604280928606,0.591432636465151,0.3450785327222159,0.0,0.0,0.0,numerical diagnostic,true,
binary,1.2,8.448,pooling,0.0,0.0,0.0,0.0,0.0,1.0000000000000002,0.5,0.0,0.0,0.0,analytical (pooling exists: e0 Delta_T/2 <= k),true,
binary,1.2,8.45,asymmetric_discontinuity,1.0,-0.195674001511,0.0,0.0,0.0,1.0,0.5,0.0,0.0,0.02,rejected,false,Psi sign change without root at a region boundary
binary,1.2,8.45,full_orders,1.0,-1.0,0.10199808758611276,0.07388463908025045,0.6243252002281162,0.5920076496555492,0.34536959750091273,0.0,0.0,0.0,numerical diagnostic,true,
binary,1.2,8.45,pooling,0.0,0.0,0.0,0.0,0.0,1.0000000000000002,0.5,0.0,0.0,0.0,analytical (pooling exists: e0 Delta_T/2 <= k),true,
binary,1.2,8.452,asymmetric_discontinuity,1.0,-0.202959984068,0.0,0.0,0.0,1.0,0.5,0.0,0.0,0.02,rejected,false,Psi sign change without root at a region boundary
binary,1.2,8.452,full_orders,1.0,-1.0,0.1018537344170222,0.07379144782527028,0.6236853170191844,0.5925850623319115,0.34566211961682863,0.0,0.0,0.0,numerical diagnostic,true,
binary,1.2,8.452,pooling,0.0,0.0,0.0,0.0,0.0,1.0000000000000002,0.5,0.0,0.0,0.0,analytical (pooling exists: e0 Delta_T/2 <= k),true,
binary,1.2,8.454,asymmetric_discontinuity,1.0,-0.210272606474,0.0,0.0,0.0,1.0000000000000002,0.5,0.0,0.0,0.02,rejected,false,Psi sign change without root at a region boundary
binary,1.2,8.454,full_orders,1.0,-1.0,0.10170877622917726,0.0736977449981878,0.6230407362146797,0.5931648950832913,0.3459561105321882,0.0,0.0,0.0,numerical diagnostic,true,
binary,1.2,8.454,pooling,0.0,0.0,0.0,0.0,0.0,1.0000000000000002,0.5,0.0,0.0,0.0,analytical (pooling exists: e0 Delta_T/2 <= k),true,
binary,1.2,8.456,asymmetric_discontinuity,1.0,-0.217612064252,0.0,0.0,0.0,1.0000000000000002,0.4999999999999999,0.0,0.0,0.02,rejected,false,Psi sign change without root at a region boundary
binary,1.2,8.456,full_orders,1.0,-1.0,0.10156320781102117,0.07360352590136211,0.622391415021918,0.5937471687559155,0.346251581839654,0.0,0.0,0.0,numerical diagnostic,true,
binary,1.2,8.456,pooling,0.0,0.0,0.0,0.0,0.0,1.0000000000000002,0.5,0.0,0.0,0.0,analytical (pooling exists: e0 Delta_T/2 <= k),true,
binary,1.2,8.458,asymmetric_discontinuity,1.0,-0.224978555085,0.09637500000000013,0.06250000000000028,0.5286250000000023,0.6144999999999998,0.4068348250610236,0.0,0.0,0.1531255051143009,rejected,false,Psi sign change without root at a region boundary
binary,1.2,8.458,full_orders,1.0,-1.0,0.10141702388565405,0.07350878577653717,0.6217373100979514,0.5943319044573842,0.3465485452642732,0.0,0.0,0.0,numerical diagnostic,true,
binary,1.2,8.458,pooling,0.0,0.0,0.0,0.0,0.0,1.0000000000000002,0.5,0.0,0.0,0.0,analytical (pooling exists: e0 Delta_T/2 <= k),true,
binary,1.2,8.460,asymmetric_discontinuity,1.0,-0.232372278848,0.09625000000000258,0.06250000000000569,0.5287500000000482,0.6149999999999899,0.4065040650406202,0.0,0.0,0.15109960090339764,rejected,false,Psi sign change without root at a region boundary
binary,1.2,8.460,full_orders,1.0,-1.0,0.10127021910976315,0.07341351980383298,0.621078377540427,0.5949191235609477,0.34684701266545975,0.0,0.0,0.0,numerical diagnostic,true,
binary,1.2,8.460,pooling,0.0,0.0,0.0,0.0,0.0,1.0000000000000002,0.5,0.0,0.0,0.0,analytical (pooling exists: e0 Delta_T/2 <= k),true,
binary,1.2,8.462,asymmetric_discontinuity,1.0,-0.239793437641,0.09612500000000215,0.06250000000000462,0.5288750000000391,0.6154999999999915,0.4061738424045249,0.0,0.0,0.14907762898526464,rejected,false,Psi sign change without root at a region boundary
binary,1.2,8.462,full_orders,1.0,-1.0,0.10112278807253058,0.07331772310071547,0.6204145728782543,0.595508847709878,0.3471469960390132,0.0,0.0,0.0,numerical diagnostic,true,
binary,1.2,8.462,pooling,0.0,0.0,0.0,0.0,0.0,1.0000000000000002,0.5,0.0,0.0,0.0,analytical (pooling exists: e0 Delta_T/2 <= k),true,
binary,1.2,8.464,asymmetric_discontinuity,1.0,-0.247242235823,0.09600000000000236,0.06250000000000513,0.5290000000000434,0.6159999999999909,0.4058441558441287,0.0,0.0,0.14705965183302933,rejected,false,Psi sign change without root at a region boundary
binary,1.2,8.464,full_orders,1.0,-1.0,0.10097472529451851,0.07322139072094506,0.619745851062079,0.5961010988219263,0.3474485075191773,0.0,0.0,0.0,numerical diagnostic,true,
binary,1.2,8.464,pooling,0.0,0.0,0.0,0.0,0.0,1.0000000000000002,0.5,0.0,0.0,0.0,analytical (pooling exists: e0 Delta_T/2 <= k),true,
binary,1.2,8.466,asymmetric_discontinuity,1.0,-0.254718880044,0.0958750000000009,0.06250000000000185,0.5291250000000156,0.6164999999999965,0.40551500405514046,0.0,0.0,0.14504573258979436,rejected,false,Psi sign change without root at a region boundary
binary,1.2,8.466,full_orders,1.0,-1.0,0.10082602522653328,0.07312451765350475,0.6190721664545712,0.5966958990938672,0.3477515593807336,0.0,0.0,0.0,numerical diagnostic,true,
binary,1.2,8.466,pooling,0.0,0.0,0.0,0.0,0.0,1.0000000000000002,0.5,0.0,0.0,0.0,analytical (pooling exists: e0 Delta_T/2 <= k),true,
binary,1.2,8.468,asymmetric_discontinuity,1.0,-0.262223579281,0.09575000000000007,0.06250000000000021,0.5292500000000018,0.6169999999999999,0.405186385737438,0.0,0.0,0.14303593507654622,rejected,false,Psi sign change without root at a region boundary
binary,1.2,8.468,full_orders,1.0,-1.0,0.10067668224846406,0.07302709882150438,0.6183934728204991,0.597293271006144,0.3480561640411385,0.0,0.0,0.0,numerical diagnostic,true,
binary,1.2,8.468,pooling,0.0,0.0,0.0,0.0,0.0,1.0000000000000002,0.5,0.0,0.0,0.0,analytical (pooling exists: e0 Delta_T/2 <= k),true,
binary,1.2,8.470,asymmetric_discontinuity,1.0,-0.269756544872,0.0956250000000004,0.06250000000000092,0.5293750000000078,0.6174999999999987,0.4048582995951367,0.0,0.0,0.14103032380081468,rejected,false,Psi sign change without root at a region boundary
binary,1.2,8.470,full_orders,1.0,-1.0,0.10052669066810005,0.07292912908106393,0.6177097233166116,0.5978932373276001,0.3483623340626964,0.0,0.0,0.0,numerical diagnostic,true,
binary,1.2,8.470,pooling,0.0,0.0,0.0,0.0,0.0,1.0000000000000002,0.5,0.0,0.0,0.0,analytical (pooling exists: e0 Delta_T/2 <= k),true,
binary,1.2,8.472,asymmetric_discontinuity,1.0,-0.277317990552,0.09550000000000192,0.06250000000000394,0.5295000000000334,0.6179999999999926,0.4045307443365492,0.0,0.0,0.1390289639651432,rejected,false,Psi sign change without root at a region boundary
binary,1.2,8.472,full_orders,1.0,-1.0,0.10037604471992134,0.07283060322017222,0.617020870481299,0.598495821120315,0.3486700821547775,0.0,0.0,0.0,numerical diagnostic,true,
binary,1.2,8.472,pooling,0.0,0.0,0.0,0.0,0.0,1.0000000000000002,0.5,0.0,0.0,0.0,analytical (pooling exists: e0 Delta_T/2 <= k),true,
binary,1.2,8.474,asymmetric_discontinuity,1.0,-0.284908132489,0.09537500000000096,0.06250000000000219,0.5296250000000186,0.6184999999999965,0.40420371867420013,0.0,0.0,0.13703192147584536,rejected,false,Psi sign change without root at a region boundary
binary,1.2,8.474,full_orders,1.0,-1.0,0.10022473856386555,0.07273151595752221,0.6163268662240432,0.599101045744538,0.348979421176077,0.0,0.0,0.0,numerical diagnostic,true,
binary,1.2,8.474,pooling,0.0,0.0,0.0,0.0,0.0,1.0000000000000002,0.5,0.0,0.0,0.0,analytical (pooling exists: e0 Delta_T/2 <= k),true,
binary,1.2,8.476,asymmetric_discontinuity,1.0,-0.292527189322,0.0,0.0,0.0,1.0,0.5,0.0,0.0,0.02,rejected,false,Psi sign change without root at a region boundary
binary,1.2,8.476,full_orders,1.0,-1.0,0.1000727662840694,0.07263186194132233,0.6156276618146481,0.5997089348637227,0.34929036413691444,0.0,0.0,0.0,numerical diagnostic,true,
binary,1.2,8.476,pooling,0.0,0.0,0.0,0.0,0.0,1.0000000000000002,0.5,0.0,0.0,0.0,analytical (pooling exists: e0 Delta_T/2 <= k),true,
binary,1.2,8.478,asymmetric_discontinuity,1.0,-0.300175382199,0.09512499999999979,0.06249999999999989,0.5298749999999991,0.6195000000000008,0.40355125100887823,0.0,0.0,0.133051055732326,rejected,false,Psi sign change without root at a region boundary
binary,1.2,8.478,full_orders,1.0,-1.0,0.09992012188758334,0.07253163574808222,0.614923207872241,0.600319512449667,0.3496029242015815,0.0,0.0,0.0,numerical diagnostic,true,
binary,1.2,8.478,pooling,0.0,0.0,0.0,0.0,0.0,1.0000000000000002,0.5,0.0,0.0,0.0,analytical (pooling exists: e0 Delta_T/2 <= k),true,
binary,1.2,8.480,asymmetric_discontinuity,1.0,-0.307852934813,0.0,0.0,0.0,1.0000000000000002,0.4999999999999999,0.0,0.0,0.02,rejected,false,Psi sign change without root at a region boundary
binary,1.2,8.480,full_orders,1.0,-1.0,0.09976679930305885,0.0724308318813726,0.6142134543540397,0.600932802787765,0.3499171146907327,0.0,0.0,0.0,numerical diagnostic,true,
binary,1.2,8.480,pooling,0.0,0.0,0.0,0.0,0.0,1.0000000000000002,0.5,0.0,0.0,0.0,analytical (pooling exists: e0 Delta_T/2 <= k),true,
binary,1.2,8.482,asymmetric_discontinuity,1.0,-0.315560073445,0.0,0.0,0.0,1.0000000000000002,0.5,0.0,0.0,0.02,rejected,false,Psi sign change without root at a region boundary
binary,1.2,8.482,full_orders,1.0,-1.0,0.09961279237940995,0.07232944477055994,0.6134983505438893,0.6015488304823604,0.3502329490838207,0.0,0.0,0.0,numerical diagnostic,true,
binary,1.2,8.482,pooling,0.0,0.0,0.0,0.0,0.0,1.0000000000000002,0.5,0.0,0.0,0.0,analytical (pooling exists: e0 Delta_T/2 <= k),true,
binary,1.2,8.484,asymmetric_discontinuity,1.0,-0.323297027001,0.0,0.0,0.0,1.0000000000000002,0.5,0.0,0.0,0.02,rejected,false,Psi sign change without root at a region boundary
binary,1.2,8.484,full_orders,1.0,-1.0,0.09945809488444415,0.07222746876951266,0.6127778450405454,0.6021676204622237,0.3505504410215826,0.0,0.0,0.0,numerical diagnostic,true,
binary,1.2,8.484,pooling,0.0,0.0,0.0,0.0,0.0,1.0000000000000002,0.5,0.0,0.0,0.0,analytical (pooling exists: e0 Delta_T/2 <= k),true,
binary,1.2,8.486,asymmetric_discontinuity,1.0,-0.331064027054,0.09462500000000038,0.06250000000000085,0.5303750000000073,0.6214999999999988,0.40225261464199064,0.0,0.0,0.1251441124698031,rejected,false,Psi sign change without root at a region boundary
binary,1.2,8.486,full_orders,1.0,-1.0,0.09930270050346661,0.07212489815528114,0.6120518857457158,0.6027891979861338,0.35086960430857095,0.0,0.0,0.0,numerical diagnostic,true,
binary,1.2,8.486,pooling,0.0,0.0,0.0,0.0,0.0,1.0000000000000002,0.5,0.0,0.0,0.0,analytical (pooling exists: e0 Delta_T/2 <= k),true,
binary,1.2,8.488,asymmetric_discontinuity,1.0,-0.338861307885,0.0,0.0,0.0,1.0000000000000004,0.4999999999999999,0.0,0.0,0.02,rejected,false,Psi sign change without root at a region boundary
binary,1.2,8.488,full_orders,1.0,-1.0,0.09914660283785329,0.07202172712674844,0.6113204198518407,0.6034135886485872,0.35119045291573514,0.0,0.0,0.0,numerical diagnostic,true,
binary,1.2,8.488,pooling,0.0,0.0,0.0,0.0,0.0,1.0000000000000002,0.5,0.0,0.0,0.0,analytical (pooling exists: e0 Delta_T/2 <= k),true,
binary,1.2,8.490,asymmetric_discontinuity,1.0,-0.346689106527,0.0,0.0,0.0,1.0000000000000004,0.4999999999999998,0.0,0.0,0.02,rejected,false,Psi sign change without root at a region boundary
binary,1.2,8.490,full_orders,1.0,-1.0,0.09898979540359343,0.07191794980325186,0.6105833938296084,0.6040408183856265,0.351513000983056,0.0,0.0,0.0,numerical diagnostic,true,
binary,1.2,8.490,pooling,0.0,0.0,0.0,0.0,0.0,1.0000000000000002,0.5,0.0,0.0,0.0,analytical (pooling exists: e0 Delta_T/2 <= k),true,
binary,1.2,8.492,asymmetric_discontinuity,1.0,-0.354547662807,0.0,0.0,0.0,1.0000000000000002,0.4999999999999999,0.0,0.0,0.02,rejected,false,Psi sign change without root at a region boundary
binary,1.2,8.492,full_orders,1.0,-1.0,0.09883227162980245,0.07181356022317574,0.6098407534152085,0.6046709134807905,0.3518372628222274,0.0,0.0,0.0,numerical diagnostic,true,
binary,1.2,8.492,pooling,0.0,0.0,0.0,0.0,0.0,1.0000000000000002,0.5,0.0,0.0,0.0,analytical (pooling exists: e0 Delta_T/2 <= k),true,
binary,1.2,8.494,asymmetric_discontinuity,1.0,-0.362437219389,0.0,0.0,0.0,1.0000000000000002,0.4999999999999999,0.0,0.0,0.02,rejected,false,Psi sign change without root at a region boundary
binary,1.2,8.494,full_orders,1.0,-1.0,0.09867402485720125,0.0717085523425126,0.609092443597302,0.6053039005711952,0.3521632529193944,0.0,0.0,0.0,numerical diagnostic,true,
binary,1.2,8.494,pooling,0.0,0.0,0.0,0.0,0.0,1.0000000000000002,0.5,0.0,0.0,0.0,analytical (pooling exists: e0 Delta_T/2 <= k),true,
binary,1.2,8.496,asymmetric_discontinuity,1.0,-0.370358021822,0.09400000000000355,0.06250000000000722,0.5310000000000613,0.6239999999999861,0.4006410256409884,0.0,0.0,0.11536897962525179,rejected,false,Psi sign change without root at a region boundary
binary,1.2,8.496,full_orders,1.0,-1.0,0.09851504833656297,0.07160292003339311,0.6083384086037079,0.6059398066537485,0.3524909859379453,0.0,0.0,0.0,numerical diagnostic,true,
binary,1.2,8.496,pooling,0.0,0.0,0.0,0.0,0.0,1.0000000000000002,0.5,0.0,0.0,0.0,analytical (pooling exists: e0 Delta_T/2 <= k),true,
binary,1.2,8.498,asymmetric_discontinuity,1.0,-0.378310318581,0.09387500000000151,0.06250000000000293,0.5311250000000248,0.6244999999999943,0.40032025620494904,0.0,0.0,0.11342915454488164,rejected,false,Psi sign change without root at a region boundary
binary,1.2,8.498,full_orders,1.0,-1.0,0.09835533522712722,0.0714966570825847,0.6075785918878047,0.6065786590914913,0.35282047672135686,0.0,0.0,0.0,numerical diagnostic,true,
binary,1.2,8.498,pooling,0.0,0.0,0.0,0.0,0.0,1.0000000000000002,0.5,0.0,0.0,0.0,analytical (pooling exists: e0 Delta_T/2 <= k),true,
binary,1.2,8.5,asymmetric_discontinuity,1.0,-0.38629436112,0.09375000000000089,0.06250000000000173,0.5312500000000148,0.6249999999999967,0.39999999999999125,0.0,0.0,0.11149457182218481,rejected,false,Psi sign change without root at a region boundary
binary,1.2,8.5,full_orders,1.0,-1.0,0.09819487859497797,0.07138975718995587,0.6068129361146248,0.6072204856200883,0.35315174029609925,0.0,0.0,0.0,numerical diagnostic,true,
binary,1.2,8.5,pooling,0.0,0.0,0.0,0.0,0.0,1.0000000000000002,0.5,0.0,0.0,0.0,analytical (pooling exists: e0 Delta_T/2 <= k),true,
binary,1.2,8.502,asymmetric_discontinuity,1.0,-0.394310403915,0.09362500000000021,0.06250000000000047,0.531375000000004,0.6254999999999995,0.39968025579536115,0.0,0.0,0.1095653082038969,rejected,false,Psi sign change without root at a region boundary
binary,1.2,8.502,full_orders,1.0,-1.0,0.09803367141138766,0.07128221396690773,0.6060413831466496,0.6078653143544497,0.3534847918745972,0.0,0.0,0.0,numerical diagnostic,true,
binary,1.2,8.502,pooling,0.0,0.0,0.0,0.0,0.0,1.0000000000000002,0.5,0.0,0.0,0.0,analytical (pooling exists: e0 Delta_T/2 <= k),true,
binary,1.2,8.504,asymmetric_discontinuity,1.0,-0.402358704514,0.0,0.0,0.0,1.0000000000000002,0.4999999999999999,0.0,0.0,0.02,rejected,false,Psi sign change without root at a region boundary
binary,1.2,8.504,full_orders,1.0,-1.0,0.09787170655112436,0.07117402093477045,0.6052638740292878,0.6085131737955028,0.35381964685825107,0.0,0.0,0.0,numerical diagnostic,true,
binary,1.2,8.504,pooling,0.0,0.0,0.0,0.0,0.0,1.0000000000000002,0.5,0.0,0.0,0.0,analytical (pooling exists: e0 Delta_T/2 <= k),true,
binary,1.2,8.506,asymmetric_discontinuity,1.0,-0.410439523588,0.0,0.0,0.0,1.0000000000000004,0.4999999999999998,0.0,0.0,0.02,rejected,false,Psi sign change without root at a region boundary
binary,1.2,8.506,full_orders,1.0,-1.0,0.0977089767907206,0.07106517152316325,0.6044803489760265,0.6091640928371178,0.354156320840521,0.0,0.0,0.0,numerical diagnostic,true,
binary,1.2,8.506,pooling,0.0,0.0,0.0,0.0,0.0,1.0000000000000002,0.5,0.0,0.0,0.0,analytical (pooling exists: e0 Delta_T/2 <= k),true,
binary,1.2,8.508,asymmetric_discontinuity,1.0,-0.41855312498,0.09325000000000282,0.06250000000000541,0.531750000000046,0.6269999999999889,0.39872408293458195,0.0,0.0,0.10381021227514009,rejected,false,Psi sign change without root at a region boundary
binary,1.2,8.508,full_orders,1.0,-1.0,0.09754547480670635,0.07095565906831945,0.6036907473532618,0.6098181007731749,0.3544948296100687,0.0,0.0,0.0,numerical diagnostic,true,
binary,1.2,8.508,pooling,0.0,0.0,0.0,0.0,0.0,1.0000000000000002,0.5,0.0,0.0,0.0,analytical (pooling exists: e0 Delta_T/2 <= k),true,
binary,1.2,8.510,asymmetric_discontinuity,1.0,-0.426699775755,0.09312500000000061,0.06250000000000114,0.5318750000000096,0.6274999999999978,0.39840637450198635,0.0,0.0,0.10190300973056163,rejected,false,Psi sign change without root at a region boundary
binary,1.2,8.510,full_orders,1.0,-1.0,0.09738119317379978,0.07084547681137206,0.6028950076647762,0.6104752273048012,0.35483518915396994,0.0,0.0,0.0,numerical diagnostic,true,
binary,1.2,8.510,pooling,0.0,0.0,0.0,0.0,0.0,1.0000000000000002,0.5,0.0,0.0,0.0,analytical (pooling exists: e0 Delta_T/2 <= k),true,
binary,1.2,8.512,asymmetric_discontinuity,1.0,-0.434879746258,0.09300000000000014,0.0625000000000003,0.5320000000000026,0.6279999999999998,0.3980891719745206,0.0,0.0,0.10000152301480006,rejected,false,Psi sign change without root at a region boundary
binary,1.2,8.512,full_orders,1.0,-1.0,0.09721612436306035,0.07073461789660226,0.6020930675358785,0.611135502547759,0.35517741566098626,0.0,0.0,0.0,numerical diagnostic,true,
binary,1.2,8.512,pooling,0.0,0.0,0.0,0.0,0.0,1.0000000000000002,0.5,0.0,0.0,0.0,analytical (pooling exists: e0 Delta_T/2 <= k),true,
binary,1.2,8.514,asymmetric_discontinuity,1.0,-0.443093310163,0.0,0.0,0.0,1.0000000000000002,0.4999999999999999,0.0,0.0,0.02,rejected,false,Psi sign change without root at a region boundary
binary,1.2,8.514,full_orders,1.0,-1.0,0.09705026073999891,0.07062307536964758,0.6012848636971795,0.6117989570400046,0.3555215255249076,0.0,0.0,0.0,numerical diagnostic,true,
binary,1.2,8.514,pooling,0.0,0.0,0.0,0.0,0.0,1.0000000000000002,0.5,0.0,0.0,0.0,analytical (pooling exists: e0 Delta_T/2 <= k),true,
binary,1.2,8.516,asymmetric_discontinuity,1.0,-0.451340744531,0.0,0.0,0.0,1.0000000000000004,0.4999999999999998,0.0,0.0,0.02,rejected,false,Psi sign change without root at a region boundary
binary,1.2,8.516,full_orders,1.0,-1.0,0.09688359456264525,0.07051084217566907,0.6004703319679978,0.6124656217494192,0.3558675353479635,0.0,0.0,0.0,numerical diagnostic,true,
binary,1.2,8.516,pooling,0.0,0.0,0.0,0.0,0.0,1.0000000000000002,0.5,0.0,0.0,0.0,analytical (pooling exists: e0 Delta_T/2 <= k),true,
binary,1.2,8.518,asymmetric_discontinuity,1.0,-0.459622329863,0.0,0.0,0.0,1.0000000000000004,0.4999999999999999,0.0,0.0,0.02,rejected,false,Psi sign change without root at a region boundary
binary,1.2,8.518,full_orders,1.0,-1.0,0.09671611797957344,0.07039791115747772,0.5996494072393953,0.6131355280817066,0.35621546194430304,0.0,0.0,0.0,numerical diagnostic,true,
binary,1.2,8.518,pooling,0.0,0.0,0.0,0.0,0.0,1.0000000000000002,0.5,0.0,0.0,0.0,analytical (pooling exists: e0 Delta_T/2 <= k),true,
binary,1.2,8.520,asymmetric_discontinuity,1.0,-0.46793835016,0.0,0.0,0.0,1.0000000000000002,0.4999999999999999,0.0,0.0,0.02,rejected,false,Psi sign change without root at a region boundary
binary,1.2,8.520,full_orders,1.0,-1.0,0.09654782302788101,0.07028427505361722,0.5988220234568187,0.6138087078884763,0.3565653223435481,0.0,0.0,0.0,numerical diagnostic,true,
binary,1.2,8.520,pooling,0.0,0.0,0.0,0.0,0.0,1.0000000000000002,0.5,0.0,0.0,0.0,analytical (pooling exists: e0 Delta_T/2 <= k),true,
binary,1.2,8.522,asymmetric_discontinuity,1.0,-0.476289092981,0.0,0.0,0.0,1.0,0.5,0.0,0.0,0.02,rejected,false,Psi sign change without root at a region boundary
binary,1.2,8.522,full_orders,1.0,-1.0,0.096378701631122,0.07016992649640229,0.5979881136023403,0.6144851934755122,0.3569171337944225,0.0,0.0,0.0,numerical diagnostic,true,
binary,1.2,8.522,pooling,0.0,0.0,0.0,0.0,0.0,1.0000000000000002,0.5,0.0,0.0,0.0,analytical (pooling exists: e0 Delta_T/2 <= k),true,
binary,1.2,8.524,asymmetric_discontinuity,1.0,-0.484674849501,0.0,0.0,0.0,1.0000000000000002,0.5,0.0,0.0,0.02,rejected,false,Psi sign change without root at a region boundary
binary,1.2,8.524,full_orders,1.0,-1.0,0.09620874559719457,0.07005485800991317,0.5971476096764997,0.615165017611222,0.3572709137684526,0.0,0.0,0.0,numerical diagnostic,true,
binary,1.2,8.524,pooling,0.0,0.0,0.0,0.0,0.0,1.0000000000000002,0.5,0.0,0.0,0.0,analytical (pooling exists: e0 Delta_T/2 <= k),true,
binary,1.2,8.526,asymmetric_discontinuity,1.0,-0.493095914574,0.0,0.0,0.0,1.0,0.5000000000000001,0.0,0.0,0.02,rejected,false,Psi sign change without root at a region boundary
binary,1.2,8.526,full_orders,1.0,-1.0,0.09603794661617741,0.06993906200794177,0.5963004426797115,0.6158482135352907,0.3576266799637509,0.0,0.0,0.0,numerical diagnostic,true,
binary,1.2,8.526,pooling,0.0,0.0,0.0,0.0,0.0,1.0000000000000002,0.5,0.0,0.0,0.0,analytical (pooling exists: e0 Delta_T/2 <= k),true,
binary,1.2,8.528,asymmetric_discontinuity,1.0,-0.501552586793,0.0,0.0,0.0,1.0000000000000002,0.4999999999999999,0.0,0.0,0.02,rejected,false,Psi sign change without root at a region boundary
binary,1.2,8.528,full_orders,1.0,-1.0,0.09586629625811874,0.06982253079189159,0.5954465425932515,0.6165348149675254,0.35798445030887543,0.0,0.0,0.0,numerical diagnostic,true,
binary,1.2,8.528,pooling,0.0,0.0,0.0,0.0,0.0,1.0000000000000002,0.5,0.0,0.0,0.0,analytical (pooling exists: e0 Delta_T/2 <= k),true,
binary,1.2,8.530,asymmetric_discontinuity,1.0,-0.510045168556,0.0,0.0,0.0,1.0000000000000002,0.4999999999999999,0.0,0.0,0.02,rejected,false,Psi sign change without root at a region boundary
binary,1.2,8.530,full_orders,1.0,-1.0,0.09569378597077277,0.06970525654862778,0.5945858383597948,0.6172248561169092,0.35834424296677275,0.0,0.0,0.0,numerical diagnostic,true,
binary,1.2,8.530,pooling,0.0,0.0,0.0,0.0,0.0,1.0000000000000002,0.5,0.0,0.0,0.0,analytical (pooling exists: e0 Delta_T/2 <= k),true,
binary,1.2,8.532,asymmetric_discontinuity,1.0,-0.518573966129,0.09175000000000016,0.0625000000000003,0.5332500000000026,0.6329999999999997,0.3949447077409147,0.0,0.0,0.08131953714758547,rejected,false,Psi sign change without root at a region boundary
binary,1.2,8.532,full_orders,1.0,-1.0,0.095520407077283,0.06958723134827628,0.5937182578634932,0.6179183716908683,0.35870607633880564,0.0,0.0,0.0,numerical diagnostic,true,
binary,1.2,8.532,pooling,0.0,0.0,0.0,0.0,0.0,1.0000000000000002,0.5,0.0,0.0,0.0,analytical (pooling exists: e0 Delta_T/2 <= k),true,
binary,1.2,8.534,asymmetric_discontinuity,1.0,-0.527139289713,0.09162500000000001,0.06250000000000018,0.5333750000000016,0.6335000000000003,0.39463299131807306,0.0,0.0,0.07948654683601536,rejected,false,Psi sign change without root at a region boundary
binary,1.2,8.534,full_orders,1.0,-1.0,0.0953461507738132,0.06946844714197233,0.5928437279095918,0.6186153969047475,0.35906996906886424,0.0,0.0,0.0,numerical diagnostic,true,
binary,1.2,8.534,pooling,0.0,0.0,0.0,0.0,0.0,1.0000000000000002,0.5,0.0,0.0,0.0,analytical (pooling exists: e0 Delta_T/2 <= k),true,
binary,1.2,8.536,asymmetric_discontinuity,1.0,-0.535741453512,0.09150000000000204,0.06250000000000373,0.5335000000000318,0.6339999999999922,0.39432176656149565,0.0,0.0,0.07766032018610308,rejected,false,Psi sign change without root at a region boundary
binary,1.2,8.536,full_orders,1.0,-1.0,0.09517100812712136,0.06934889575955468,0.5919621742035587,0.6193159674915149,0.3594359400475676,0.0,0.0,0.0,numerical diagnostic,true,
binary,1.2,8.536,pooling,0.0,0.0,0.0,0.0,0.0,1.0000000000000002,0.5,0.0,0.0,0.0,analytical (pooling exists: e0 Delta_T/2 <= k),true,
binary,1.2,8.538,asymmetric_discontinuity,1.0,-0.544380775801,0.09137500000000169,0.06250000000000316,0.533625000000027,0.6344999999999934,0.39401103230888895,0.0,0.0,0.07584095112234579,rejected,false,Psi sign change without root at a region boundary
binary,1.2,8.538,full_orders,1.0,-1.0,0.09499497007207615,0.06922856890720473,0.591073521329714,0.6200201197116957,0.35980400841655635,0.0,0.0,0.0,numerical diagnostic,true,
binary,1.2,8.538,pooling,0.0,0.0,0.0,0.0,0.0,1.0000000000000002,0.5,0.0,0.0,0.0,analytical (pooling exists: e0 Delta_T/2 <= k),true,
binary,1.2,8.540,asymmetric_discontinuity,1.0,-0.553057578998,0.0912500000000001,0.06250000000000014,0.5337500000000012,0.6349999999999998,0.3937007874015742,0.0,0.0,0.07402853465088341,rejected,false,Psi sign change without root at a region boundary
binary,1.2,8.540,full_orders,1.0,-1.0,0.09481802740911666,0.06910745816503074,0.5901776927293624,0.6207278903635337,0.36017419357287417,0.0,0.0,0.0,numerical diagnostic,true,
binary,1.2,8.540,pooling,0.0,0.0,0.0,0.0,0.0,1.0000000000000002,0.5,0.0,0.0,0.0,analytical (pooling exists: e0 Delta_T/2 <= k),true,
binary,1.2,8.542,asymmetric_discontinuity,1.0,-0.561772189736,0.09112500000000086,0.06250000000000153,0.533875000000013,0.6354999999999967,0.393391030684493,0.0,0.0,0.07222316687450331,rejected,false,Psi sign change without root at a region boundary
binary,1.2,8.542,full_orders,1.0,-1.0,0.09464017080164892,0.06898555498459207,0.5892746106783854,0.6214393167934045,0.36054651517345043,0.0,0.0,0.0,numerical diagnostic,true,
binary,1.2,8.542,pooling,0.0,0.0,0.0,0.0,0.0,1.0000000000000002,0.5,0.0,0.0,0.0,analytical (pooling exists: e0 Delta_T/2 <= k),true,
binary,1.2,8.544,asymmetric_discontinuity,1.0,-0.570524938935,0.0,0.0,0.0,1.0000000000000004,0.4999999999999999,0.0,0.0,0.02,rejected,false,Psi sign change without root at a region boundary
binary,1.2,8.544,full_orders,1.0,-1.0,0.09446139077338285,0.06886285068636556,0.5883641962643075,0.6221544369064689,0.36092099313967485,0.0,0.0,0.0,numerical diagnostic,true,
binary,1.2,8.544,pooling,0.0,0.0,0.0,0.0,0.0,1.0000000000000002,0.5,0.0,0.0,0.0,analytical (pooling exists: e0 Delta_T/2 <= k),true,
binary,1.2,8.546,asymmetric_discontinuity,1.0,-0.579316161882,0.09087500000000368,0.06250000000000665,0.5341250000000568,0.6364999999999855,0.3927729772191347,0.0,0.0,0.06863396739379482,rejected,false,Psi sign change without root at a region boundary
binary,1.2,8.546,full_orders,1.0,-1.0,0.09428167770560375,0.06873933645714962,0.5874463693628006,0.6228732891775852,0.3612976476620761,0.0,0.0,0.0,numerical diagnostic,true,
binary,1.2,8.546,pooling,0.0,0.0,0.0,0.0,0.0,1.0000000000000002,0.5,0.0,0.0,0.0,analytical (pooling exists: e0 Delta_T/2 <= k),true,
binary,1.2,8.548,asymmetric_discontinuity,1.0,-0.5881461983,0.09075000000000161,0.06250000000000294,0.5342500000000252,0.6369999999999937,0.3924646781789495,0.0,0.0,0.06685033351720973,rejected,false,Psi sign change without root at a region boundary
binary,1.2,8.548,full_orders,1.0,-1.0,0.09410102183437791,0.06861500334740495,0.5865210486136175,0.6235959126624886,0.36167649920510353,0.0,0.0,0.0,numerical diagnostic,true,
binary,1.2,8.548,pooling,0.0,0.0,0.0,0.0,0.0,1.0000000000000002,0.5,0.0,0.0,0.0,analytical (pooling exists: e0 Delta_T/2 <= k),true,
binary,1.2,8.55,asymmetric_discontinuity,1.0,-0.597015392435,0.0,0.0,0.0,1.0000000000000002,0.4999999999999999,0.0,0.0,0.02,rejected,false,Psi sign change without root at a region boundary
binary,1.2,8.55,full_orders,1.0,-1.0,0.0939194132476923,0.06848984226853155,0.5855881513959448,0.6243223470092311,0.36205756851201065,0.0,0.0,0.0,numerical diagnostic,true,
binary,1.2,8.55,pooling,0.0,0.0,0.0,0.0,0.0,1.0000000000000002,0.5,0.0,0.0,0.0,analytical (pooling exists: e0 Delta_T/2 <= k),true,
binary,1.2,8.552,asymmetric_discontinuity,1.0,-0.605924093134,0.0,0.0,0.0,1.0000000000000002,0.5,0.0,0.0,0.02,rejected,false,Psi sign change without root at a region boundary
binary,1.2,8.552,full_orders,1.0,-1.0,0.09373684188252306,0.06836384399007793,0.5846475938031465,0.625052632469908,0.3624408766098509,0.0,0.0,0.0,numerical diagnostic,true,
binary,1.2,8.552,pooling,0.0,0.0,0.0,0.0,0.0,1.0000000000000002,0.5,0.0,0.0,0.0,analytical (pooling exists: e0 Delta_T/2 <= k),true,
binary,1.2,8.554,asymmetric_discontinuity,1.0,-0.614872653924,0.0,0.0,0.0,1.0,0.5,0.0,0.0,0.02,rejected,false,Psi sign change without root at a region boundary
binary,1.2,8.554,full_orders,1.0,-1.0,0.0935532975218322,0.06823699913688121,0.5836992906168819,0.6257868099126715,0.36282644481458537,0.0,0.0,0.0,numerical diagnostic,true,
binary,1.2,8.554,pooling,0.0,0.0,0.0,0.0,0.0,1.0000000000000002,0.5,0.0,0.0,0.0,analytical (pooling exists: e0 Delta_T/2 <= k),true,
binary,1.2,8.556,asymmetric_discontinuity,1.0,-0.6238614331,0.09025000000000166,0.06250000000000283,0.5347500000000242,0.6389999999999936,0.39123630672925097,0.0,0.0,0.05979126601233983,rejected,false,Psi sign change without root at a region boundary
binary,1.2,8.556,full_orders,1.0,-1.0,0.09336876979149289,0.06810929818613816,0.5827431552805981,0.6265249208340288,0.3632142947362994,0.0,0.0,0.0,numerical diagnostic,true,
binary,1.2,8.556,pooling,0.0,0.0,0.0,0.0,0.0,1.0000000000000002,0.5,0.0,0.0,0.0,analytical (pooling exists: e0 Delta_T/2 <= k),true,
binary,1.2,8.558,asymmetric_discontinuity,1.0,-0.632890793809,0.09012500000000111,0.06250000000000194,0.5348750000000166,0.6394999999999958,0.3909304143862299,0.0,0.0,0.058045884254724206,rejected,false,Psi sign change without root at a region boundary
binary,1.2,8.558,full_orders,1.0,-1.0,0.09318324815713595,0.0679807314644013,0.5817790998723463,0.6272670073714565,0.36360444828454336,0.0,0.0,0.0,numerical diagnostic,true,
binary,1.2,8.558,pooling,0.0,0.0,0.0,0.0,0.0,1.0000000000000002,0.5,0.0,0.0,0.0,analytical (pooling exists: e0 Delta_T/2 <= k),true,
binary,1.2,8.560,asymmetric_discontinuity,1.0,-0.64196110414,0.09000000000000292,0.06250000000000527,0.5350000000000452,0.6399999999999884,0.3906249999999743,0.0,0.0,0.056308468071963214,rejected,false,Psi sign change without root at a region boundary
binary,1.2,8.560,full_orders,1.0,-1.0,0.09299672192092104,0.06785128914450185,0.5808070350769359,0.6280131123163162,0.3639969276737882,0.0,0.0,0.0,numerical diagnostic,true,
binary,1.2,8.560,pooling,0.0,0.0,0.0,0.0,0.0,1.0000000000000002,0.5,0.0,0.0,0.0,analytical (pooling exists: e0 Delta_T/2 <= k),true,
binary,1.2,8.562,asymmetric_discontinuity,1.0,-0.651072737211,0.0,0.0,0.0,1.0,0.5,0.0,0.0,0.02,rejected,false,Psi sign change without root at a region boundary
binary,1.2,8.562,full_orders,1.0,-1.0,0.09280918021822562,0.06772096124239424,0.5798268701573794,0.6287632791270978,0.36439175542900915,0.0,0.0,0.0,numerical diagnostic,true,
binary,1.2,8.562,pooling,0.0,0.0,0.0,0.0,0.0,1.0000000000000002,0.5,0.0,0.0,0.0,analytical (pooling exists: e0 Delta_T/2 <= k),true,
binary,1.2,8.564,asymmetric_discontinuity,1.0,-0.660226071266,0.0,0.0,0.0,1.0000000000000002,0.4999999999999999,0.0,0.0,0.02,rejected,false,Psi sign change without root at a region boundary
binary,1.2,8.564,full_orders,1.0,-1.0,0.09262061201425162,0.06758973761392127,0.5788385129256218,0.6295175519429939,0.36478895439139447,0.0,0.0,0.0,numerical diagnostic,true,
binary,1.2,8.564,pooling,0.0,0.0,0.0,0.0,0.0,1.0000000000000002,0.5,0.0,0.0,0.0,analytical (pooling exists: e0 Delta_T/2 <= k),true,
binary,1.2,8.566,asymmetric_discontinuity,1.0,-0.669421489763,0.0,0.0,0.0,1.0,0.5000000000000001,0.0,0.0,0.02,rejected,false,Psi sign change without root at a region boundary
binary,1.2,8.566,full_orders,1.0,-1.0,0.09243100610054801,0.06745760795149829,0.5778418697125344,0.6302759755978082,0.36518854772418435,0.0,0.0,0.0,numerical diagnostic,true,
binary,1.2,8.566,pooling,0.0,0.0,0.0,0.0,0.0,1.0000000000000002,0.5,0.0,0.0,0.0,analytical (pooling exists: e0 Delta_T/2 <= k),true,
binary,1.2,8.568,asymmetric_discontinuity,1.0,-0.678659381476,0.0,0.0,0.0,1.0000000000000002,0.4999999999999999,0.0,0.0,0.02,rejected,false,Psi sign change without root at a region boundary
binary,1.2,8.568,full_orders,1.0,-1.0,0.09224035109144446,0.067324561780712,0.5768368453371404,0.6310385956342224,0.36559055891864495,0.0,0.0,0.0,numerical diagnostic,true,
binary,1.2,8.568,pooling,0.0,0.0,0.0,0.0,0.0,1.0000000000000002,0.5,0.0,0.0,0.0,analytical (pooling exists: e0 Delta_T/2 <= k),true,
binary,1.2,8.570,asymmetric_discontinuity,1.0,-0.687940140589,0.0,0.0,0.0,1.0000000000000002,0.5,0.0,0.0,0.02,rejected,false,Psi sign change without root at a region boundary
binary,1.2,8.570,full_orders,1.0,-1.0,0.09204863542039447,0.06719058845683241,0.5758233430750538,0.6318054583184224,0.3659950118001822,0.0,0.0,0.0,numerical diagnostic,true,
binary,1.2,8.570,pooling,0.0,0.0,0.0,0.0,0.0,1.0000000000000002,0.5,0.0,0.0,0.0,analytical (pooling exists: e0 Delta_T/2 <= k),true,
binary,1.2,8.572,asymmetric_discontinuity,1.0,-0.697264166801,0.08925000000000297,0.06250000000000507,0.5357500000000434,0.6429999999999884,0.38880248833590103,0.0,0.0,0.046057384030690096,rejected,false,Psi sign change without root at a region boundary
binary,1.2,8.572,full_orders,1.0,-1.0,0.09185584733622729,0.06705567716123642,0.5748012646261186,0.6325766106550912,0.36640193053459214,0.0,0.0,0.0,numerical diagnostic,true,
binary,1.2,8.572,pooling,0.0,0.0,0.0,0.0,0.0,1.0000000000000002,0.5,0.0,0.0,0.0,analytical (pooling exists: e0 Delta_T/2 <= k),true,
binary,1.2,8.574,asymmetric_discontinuity,1.0,-0.706631865425,0.0,0.0,0.0,1.0000000000000002,0.4999999999999999,0.0,0.0,0.02,rejected,false,Psi sign change without root at a region boundary
binary,1.2,8.574,full_orders,1.0,-1.0,0.09166197489930127,0.06691981689773734,0.5737705100812,0.6333521004027952,0.366811339634464,0.0,0.0,0.0,numerical diagnostic,true,
binary,1.2,8.574,pooling,0.0,0.0,0.0,0.0,0.0,1.0000000000000002,0.5,0.0,0.0,0.0,analytical (pooling exists: e0 Delta_T/2 <= k),true,
binary,1.2,8.576,asymmetric_discontinuity,1.0,-0.7160436475,0.0,0.0,0.0,1.0,0.5000000000000001,0.0,0.0,0.02,rejected,false,Psi sign change without root at a region boundary
binary,1.2,8.576,full_orders,1.0,-1.0,0.09146700597756087,0.06678299648882098,0.5727309778881288,0.6341319760897568,0.3672232639657261,0.0,0.0,0.0,numerical diagnostic,true,
binary,1.2,8.576,pooling,0.0,0.0,0.0,0.0,0.0,1.0000000000000002,0.5,0.0,0.0,0.0,analytical (pooling exists: e0 Delta_T/2 <= k),true,
binary,1.2,8.578,asymmetric_discontinuity,1.0,-0.725499929892,0.0,0.0,0.0,1.0000000000000002,0.5,0.0,0.0,0.02,rejected,false,Psi sign change without root at a region boundary
binary,1.2,8.578,full_orders,1.0,-1.0,0.09127092824249061,0.06664520457178297,0.5716825648167543,0.6349162870300379,0.3676377287543503,0.0,0.0,0.0,numerical diagnostic,true,
binary,1.2,8.578,pooling,0.0,0.0,0.0,0.0,0.0,1.0000000000000002,0.5,0.0,0.0,0.0,analytical (pooling exists: e0 Delta_T/2 <= k),true,
binary,1.2,8.580,asymmetric_discontinuity,1.0,-0.735001135409,0.0,0.0,0.0,1.0000000000000004,0.4999999999999999,0.0,0.0,0.02,rejected,false,Psi sign change without root at a region boundary
binary,1.2,8.580,full_orders,1.0,-1.0,0.09107372916496338,0.06650642959476442,0.5706251659230788,0.6357050833401467,0.3680547595932151,0.0,0.0,0.0,numerical diagnostic,true,
binary,1.2,8.580,pooling,0.0,0.0,0.0,0.0,0.0,1.0000000000000002,0.5,0.0,0.0,0.0,analytical (pooling exists: e0 Delta_T/2 <= k),true,
binary,1.2,8.582,asymmetric_discontinuity,1.0,-0.744547692915,0.08862500000000212,0.06250000000000369,0.5363750000000317,0.6454999999999916,0.3872966692486268,0.0,0.0,0.03775443186291322,rejected,false,Psi sign change without root at a region boundary
binary,1.2,8.582,full_orders,1.0,-1.0,0.09087539601098268,0.06636665981268504,0.569558674512463,0.6364984159560696,0.36847438244912656,0.0,0.0,0.0,numerical diagnostic,true,
binary,1.2,8.582,pooling,0.0,0.0,0.0,0.0,0.0,1.0000000000000002,0.5,0.0,0.0,0.0,analytical (pooling exists: e0 Delta_T/2 <= k),true,
binary,1.2,8.584,asymmetric_discontinuity,1.0,-0.754140037442,0.08850000000000235,0.06250000000000398,0.5365000000000342,0.6459999999999908,0.3869969040247488,0.0,0.0,0.03612140254551746,rejected,false,Psi sign change without root at a region boundary
binary,1.2,8.584,full_orders,1.0,-1.0,0.09067591583731131,0.06622588328306725,0.5684829821018492,0.637296336650755,0.3688966236700125,0.0,0.0,0.0,numerical diagnostic,true,
binary,1.2,8.584,pooling,0.0,0.0,0.0,0.0,0.0,1.0000000000000002,0.5,0.0,0.0,0.0,analytical (pooling exists: e0 Delta_T/2 <= k),true,
binary,1.2,8.586,asymmetric_discontinuity,1.0,-0.763778610314,0.08837500000000326,0.06250000000000555,0.5366250000000476,0.6464999999999872,0.38669760247483825,0.0,0.0,0.03449784753884383,rejected,false,Psi sign change without root at a region boundary
binary,1.2,8.586,full_orders,1.0,-1.0,0.09047527548698549,0.06608408786174998,0.5673979783809853,0.6380988980520583,0.36932150999228647,0.0,0.0,0.0,numerical diagnostic,true,
binary,1.2,8.586,pooling,0.0,0.0,0.0,0.0,0.0,1.0000000000000002,0.5,0.0,0.0,0.0,analytical (pooling exists: e0 Delta_T/2 <= k),true,
binary,1.2,8.588,asymmetric_discontinuity,1.0,-0.773463859265,0.0,0.0,0.0,1.0000000000000004,0.4999999999999999,0.0,0.0,0.02,rejected,false,Psi sign change without root at a region boundary
binary,1.2,8.588,full_orders,1.0,-1.0,0.09027346158471158,0.06594126119848898,0.5663035511726233,0.638906153661154,0.3697490685483869,0.0,0.0,0.0,numerical diagnostic,true,
binary,1.2,8.588,pooling,0.0,0.0,0.0,0.0,0.0,1.0000000000000002,0.5,0.0,0.0,0.0,analytical (pooling exists: e0 Delta_T/2 <= k),true,
binary,1.2,8.590,asymmetric_discontinuity,1.0,-0.783196238568,0.08812500000000403,0.06250000000000679,0.5368750000000583,0.6474999999999841,0.38610038610035385,0.0,0.0,0.031279666531175254,rejected,false,Psi sign change without root at a region boundary
binary,1.2,8.590,full_orders,1.0,-1.0,0.09007046053213817,0.06579739073243755,0.5651995863916386,0.6397181578714476,0.3701793268745037,0.0,0.0,0.0,numerical diagnostic,true,
binary,1.2,8.590,pooling,0.0,0.0,0.0,0.0,0.0,1.0000000000000002,0.5,0.0,0.0,0.0,analytical (pooling exists: e0 Delta_T/2 <= k),true,
binary,1.2,8.592,asymmetric_discontinuity,1.0,-0.792976209156,0.08800000000000041,0.06250000000000074,0.5370000000000064,0.6479999999999985,0.3858024691357991,0.0,0.0,0.029685297461282373,rejected,false,Psi sign change without root at a region boundary
binary,1.2,8.592,full_orders,1.0,-1.0,0.08986625850300442,0.0656524636875075,0.5640859680030645,0.6405349659879825,0.3706123129184863,0.0,0.0,0.0,numerical diagnostic,true,
binary,1.2,8.592,pooling,0.0,0.0,0.0,0.0,0.0,1.0000000000000002,0.5,0.0,0.0,0.0,analytical (pooling exists: e0 Delta_T/2 <= k),true,
binary,1.2,8.594,asymmetric_discontinuity,1.0,-0.802804238761,0.08787500000000184,0.06250000000000304,0.537125000000026,0.6484999999999926,0.38550501156513617,0.0,0.0,0.02810091661158054,rejected,false,Psi sign change without root at a region boundary
binary,1.2,8.594,full_orders,1.0,-1.0,0.08966084143815634,0.06550646706760317,0.5629625779789816,0.6413566342473749,0.3710480550479493,0.0,0.0,0.0,numerical diagnostic,true,
binary,1.2,8.594,pooling,0.0,0.0,0.0,0.0,0.0,1.0000000000000002,0.5,0.0,0.0,0.0,analytical (pooling exists: e0 Delta_T/2 <= k),true,
binary,1.2,8.596,asymmetric_discontinuity,1.0,-0.812680802042,0.08775000000000024,0.0625000000000004,0.5372500000000034,0.6489999999999992,0.3852080123266545,0.0,0.0,0.02652665644959476,rejected,false,Psi sign change without root at a region boundary
binary,1.2,8.596,full_orders,1.0,-1.0,0.0894541950404287,0.065359387651726,0.5618292962542367,0.6421832198382855,0.37148658205857665,0.0,0.0,0.0,numerical diagnostic,true,
binary,1.2,8.596,pooling,0.0,0.0,0.0,0.0,0.0,1.0000000000000002,0.5,0.0,0.0,0.0,analytical (pooling exists: e0 Delta_T/2 <= k),true,
binary,1.2,8.598,asymmetric_discontinuity,1.0,-0.822606380726,0.0,0.0,0.0,1.0000000000000002,0.4999999999999999,0.0,0.0,0.02,rejected,false,Psi sign change without root at a region boundary
binary,1.2,8.598,full_orders,1.0,-1.0,0.08924630476938987,0.06521121198894632,0.5606860006809605,0.6430147809224408,0.37192792318262635,0.0,0.0,0.0,numerical diagnostic,true,
binary,1.2,8.598,pooling,0.0,0.0,0.0,0.0,0.0,1.0000000000000002,0.5,0.0,0.0,0.0,analytical (pooling exists: e0 Delta_T/2 <= k),true,
binary,1.2,8.6,asymmetric_discontinuity,1.0,-0.832581463748,0.0,0.0,0.0,1.0000000000000002,0.5,0.0,0.0,0.02,rejected,false,Psi sign change without root at a region boundary
binary,1.2,8.6,full_orders,1.0,-1.0,0.08903715583594163,0.06506192639323599,0.5595325669818295,0.6438513766562337,0.37237210809765053,0.0,0.0,0.0,numerical diagnostic,true,
binary,1.2,8.6,pooling,0.0,0.0,0.0,0.0,0.0,1.0000000000000002,0.5,0.0,0.0,0.0,analytical (pooling exists: e0 Delta_T/2 <= k),true,
binary,1.2,8.602,asymmetric_discontinuity,1.0,-0.842606547395,0.0,0.0,0.0,1.0000000000000002,0.5,0.0,0.0,0.02,rejected,false,Psi sign change without root at a region boundary
binary,1.2,8.602,full_orders,1.0,-1.0,0.08882673319677133,0.06491151693815835,0.5583688687020381,0.644693067212915,0.372819166935431,0.0,0.0,0.0,numerical diagnostic,true,
binary,1.2,8.602,pooling,0.0,0.0,0.0,0.0,0.0,1.0000000000000002,0.5,0.0,0.0,0.0,analytical (pooling exists: e0 Delta_T/2 <= k),true,
binary,1.2,8.604,asymmetric_discontinuity,1.0,-0.852682135455,0.0,0.0,0.0,1.0000000000000002,0.5,0.0,0.0,0.02,rejected,false,Psi sign change without root at a region boundary
binary,1.2,8.604,full_orders,1.0,-1.0,0.08861502154865297,0.0647599694514121,0.5571947771599497,0.6455399138053884,0.37326913029113523,0.0,0.0,0.0,numerical diagnostic,true,
binary,1.2,8.604,pooling,0.0,0.0,0.0,0.0,0.0,1.0000000000000002,0.5,0.0,0.0,0.0,analytical (pooling exists: e0 Delta_T/2 <= k),true,
binary,1.2,8.606,asymmetric_discontinuity,1.0,-0.862808739368,0.0,0.0,0.0,1.0,0.5,0.0,0.0,0.02,rejected,false,Psi sign change without root at a region boundary
binary,1.2,8.606,full_orders,1.0,-1.0,0.08840200532258807,0.06460726950922122,0.5560101613963577,0.646391978709648,0.37372202923270836,0.0,0.0,0.0,numerical diagnostic,true,
binary,1.2,8.606,pooling,0.0,0.0,0.0,0.0,0.0,1.0000000000000002,0.5,0.0,0.0,0.0,analytical (pooling exists: e0 Delta_T/2 <= k),true,
binary,1.2,8.608,asymmetric_discontinuity,1.0,-0.872986878383,0.0,0.0,0.0,1.0000000000000002,0.5,0.0,0.0,0.02,rejected,false,Psi sign change without root at a region boundary
binary,1.2,8.608,full_orders,1.0,-1.0,0.08818766867778627,0.06445340243056956,0.5548148881223428,0.6472493252888553,0.37417789531049517,0.0,0.0,0.0,numerical diagnostic,true,
binary,1.2,8.608,pooling,0.0,0.0,0.0,0.0,0.0,1.0000000000000002,0.5,0.0,0.0,0.0,analytical (pooling exists: e0 Delta_T/2 <= k),true,
binary,1.2,8.610,asymmetric_discontinuity,1.0,-0.883217079717,0.08687500000000113,0.06250000000000178,0.5381250000000153,0.6524999999999956,0.3831417624520991,0.0,0.0,0.015801693797988903,rejected,false,Psi sign change without root at a region boundary
binary,1.2,8.610,full_orders,1.0,-1.0,0.08797199549547574,0.06429835327127162,0.5536088216656486,0.6481120180180973,0.37463676056711204,0.0,0.0,0.0,numerical diagnostic,true,
binary,1.2,8.610,pooling,0.0,0.0,0.0,0.0,0.0,1.0000000000000002,0.5,0.0,0.0,0.0,analytical (pooling exists: e0 Delta_T/2 <= k),true,
binary,1.2,8.612,asymmetric_discontinuity,1.0,-0.893499878718,0.0867500000000026,0.06250000000000426,0.5382500000000366,0.6529999999999898,0.38284839203673354,0.0,0.0,0.014313370829705296,rejected,false,Psi sign change without root at a region boundary
binary,1.2,8.612,full_orders,1.0,-1.0,0.08775496937253985,0.06414210681787555,0.5523918239155442,0.6489801225098408,0.3750986575475687,0.0,0.0,0.0,numerical diagnostic,true,
binary,1.2,8.612,pooling,0.0,0.0,0.0,0.0,0.0,1.0000000000000002,0.5,0.0,0.0,0.0,analytical (pooling exists: e0 Delta_T/2 <= k),true,
binary,1.2,8.614,asymmetric_discontinuity,1.0,-0.903835819035,0.08662500000000364,0.06250000000000601,0.5383750000000518,0.6534999999999856,0.3825554705432006,0.0,0.0,0.012836437937045642,rejected,false,Psi sign change without root at a region boundary
binary,1.2,8.614,full_orders,1.0,-1.0,0.08753657361497583,0.06398464758139388,0.551163754266127,0.649853705540097,0.3755636193096473,0.0,0.0,0.0,numerical diagnostic,true,
binary,1.2,8.614,pooling,0.0,0.0,0.0,0.0,0.0,1.0000000000000002,0.5,0.0,0.0,0.0,analytical (pooling exists: e0 Delta_T/2 <= k),true,
binary,1.2,8.616,asymmetric_discontinuity,1.0,-0.914225452789,0.08650000000000178,0.06250000000000284,0.5385000000000245,0.6539999999999931,0.38226299694188287,0.0,0.0,0.011371045242656808,rejected,false,Psi sign change without root at a region boundary
binary,1.2,8.616,full_orders,1.0,-1.0,0.0873167912311658,0.06382595979085351,0.5499244695579938,0.6507328350753371,0.3760316794345517,0.0,0.0,0.0,numerical diagnostic,true,
binary,1.2,8.616,pooling,0.0,0.0,0.0,0.0,0.0,1.0000000000000002,0.5,0.0,0.0,0.0,analytical (pooling exists: e0 Delta_T/2 <= k),true,
binary,1.2,8.618,asymmetric_discontinuity,1.0,-0.924669340751,0.0,0.0,0.0,1.0000000000000002,0.5,0.0,0.0,0.02,rejected,false,Psi sign change without root at a region boundary
binary,1.2,8.618,full_orders,1.0,-1.0,0.08709560492495613,0.06366602738666041,0.5486738240182395,0.6516175803001758,0.37650287203783156,0.0,0.0,0.0,numerical diagnostic,true,
binary,1.2,8.618,pooling,0.0,0.0,0.0,0.0,0.0,1.0000000000000002,0.5,0.0,0.0,0.0,analytical (pooling exists: e0 Delta_T/2 <= k),true,
binary,1.2,8.620,asymmetric_discontinuity,1.0,-0.935168052523,0.0,0.0,0.0,1.0000000000000002,0.5,0.0,0.0,0.02,rejected,false,Psi sign change without root at a region boundary
binary,1.2,8.620,full_orders,1.0,-1.0,0.08687299708853971,0.06350483401377363,0.5474116691987286,0.6525080116458415,0.376977231780589,0.0,0.0,0.0,numerical diagnostic,true,
binary,1.2,8.620,pooling,0.0,0.0,0.0,0.0,0.0,1.0000000000000002,0.5,0.0,0.0,0.0,analytical (pooling exists: e0 Delta_T/2 <= k),true,
binary,1.2,8.622,asymmetric_discontinuity,1.0,-0.945722166725,0.0,0.0,0.0,1.0000000000000002,0.5,0.0,0.0,0.02,rejected,false,Psi sign change without root at a region boundary
binary,1.2,8.622,full_orders,1.0,-1.0,0.08664894979513042,0.0633423630146791,0.5461378539125632,0.6534042008194787,0.37745479388098147,0.0,0.0,0.0,numerical diagnostic,true,
binary,1.2,8.622,pooling,0.0,0.0,0.0,0.0,0.0,1.0000000000000002,0.5,0.0,0.0,0.0,analytical (pooling exists: e0 Delta_T/2 <= k),true,
binary,1.2,8.624,asymmetric_discontinuity,1.0,-0.956332271184,0.0,0.0,0.0,1.0000000000000002,0.4999999999999999,0.0,0.0,0.02,rejected,false,Psi sign change without root at a region boundary
binary,1.2,8.624,full_orders,1.0,-1.0,0.08642344479142787,0.06317859742216009,0.5448522241687086,0.6543062208342888,0.3779355941260231,0.0,0.0,0.0,numerical diagnostic,true,
binary,1.2,8.624,pooling,0.0,0.0,0.0,0.0,0.0,1.0000000000000002,0.5,0.0,0.0,0.0,analytical (pooling exists: e0 Delta_T/2 <= k),true,
binary,1.2,8.626,asymmetric_discontinuity,1.0,-0.966998963135,0.0,0.0,0.0,1.0000000000000004,0.4999999999999998,0.0,0.0,0.02,rejected,false,Psi sign change without root at a region boundary
binary,1.2,8.626,full_orders,1.0,-1.0,0.08619646348986064,0.06301351995185397,0.5435546231046924,0.6552141460405577,0.37841966888370027,0.0,0.0,0.0,numerical diagnostic,true,
binary,1.2,8.626,pooling,0.0,0.0,0.0,0.0,0.0,1.0000000000000002,0.5,0.0,0.0,0.0,analytical (pooling exists: e0 Delta_T/2 <= k),true,
binary,1.2,8.628,asymmetric_discontinuity,1.0,-0.977722849418,0.0857500000000001,0.06250000000000024,0.539250000000002,0.6569999999999998,0.38051750380517396,0.0,0.0,0.00282968634054942,rejected,false,Psi sign change without root at a region boundary
binary,1.2,8.628,full_orders,1.0,-1.0,0.08596798696060193,0.06284711299458905,0.5422448909173143,0.6561280521575926,0.3789070551154107,0.0,0.0,0.0,numerical diagnostic,true,
binary,1.2,8.628,pooling,0.0,0.0,0.0,0.0,0.0,1.0000000000000002,0.5,0.0,0.0,0.0,analytical (pooling exists: e0 Delta_T/2 <= k),true,
binary,1.2,8.630,asymmetric_discontinuity,1.0,-0.988504546688,0.08562500000000253,0.0625000000000041,0.5393750000000354,0.6574999999999901,0.3802281368821102,0.0,0.0,0.0014494439703034434,rejected,false,Psi sign change without root at a region boundary
binary,1.2,8.630,full_orders,1.0,-1.0,0.0857379959233521,0.06267935860849545,0.5409228647913158,0.6570480163065919,0.3793977903887287,0.0,0.0,0.0,numerical diagnostic,true,
binary,1.2,8.630,pooling,0.0,0.0,0.0,0.0,0.0,1.0000000000000002,0.5,0.0,0.0,0.0,analytical (pooling exists: e0 Delta_T/2 <= k),true,
binary,1.2,8.632,full_orders,1.0,-1.0,0.08550647073887555,0.06251023851087895,0.539588378825907,0.6579741170444982,0.3798919128905186,0.0,0.0,0.0,numerical diagnostic,true,
binary,1.2,8.632,pooling,0.0,0.0,0.0,0.0,0.0,1.0000000000000002,0.5,0.0,0.0,0.0,analytical (pooling exists: e0 Delta_T/2 <= k),true,
binary,1.2,8.634,pooling,0.0,0.0,0.0,0.0,0.0,1.0000000000000002,0.5,0.0,0.0,0.0,analytical (pooling exists: e0 Delta_T/2 <= k),true,
binary,1.2,8.636,pooling,0.0,0.0,0.0,0.0,0.0,1.0000000000000002,0.5,0.0,0.0,0.0,analytical (pooling exists: e0 Delta_T/2 <= k),true,
binary,1.2,8.638,pooling,0.0,0.0,0.0,0.0,0.0,1.0000000000000002,0.5,0.0,0.0,0.0,analytical (pooling exists: e0 Delta_T/2 <= k),true,
binary,1.2,8.640,pooling,0.0,0.0,0.0,0.0,0.0,1.0000000000000002,0.5,0.0,0.0,0.0,analytical (pooling exists: e0 Delta_T/2 <= k),true,
binary,1.2,8.642,pooling,0.0,0.0,0.0,0.0,0.0,1.0000000000000002,0.5,0.0,0.0,0.0,analytical (pooling exists: e0 Delta_T/2 <= k),true,
binary,1.2,8.644,pooling,0.0,0.0,0.0,0.0,0.0,1.0000000000000002,0.5,0.0,0.0,0.0,analytical (pooling exists: e0 Delta_T/2 <= k),true,
binary,1.2,8.646,pooling,0.0,0.0,0.0,0.0,0.0,1.0000000000000002,0.5,0.0,0.0,0.0,analytical (pooling exists: e0 Delta_T/2 <= k),true,
binary,1.2,8.648,pooling,0.0,0.0,0.0,0.0,0.0,1.0000000000000002,0.5,0.0,0.0,0.0,analytical (pooling exists: e0 Delta_T/2 <= k),true,
binary,1.2,8.65,pooling,0.0,0.0,0.0,0.0,0.0,1.0000000000000002,0.5,0.0,0.0,0.0,analytical (pooling exists: e0 Delta_T/2 <= k),true,
binary,1.2,8.7,pooling,0.0,0.0,0.0,0.0,0.0,1.0000000000000002,0.5,0.0,0.0,0.0,analytical (pooling exists: e0 Delta_T/2 <= k),true,
binary,1.2,8.75,pooling,0.0,0.0,0.0,0.0,0.0,1.0000000000000002,0.5,0.0,0.0,0.0,analytical (pooling exists: e0 Delta_T/2 <= k),true,
binary,1.2,8.8,pooling,0.0,0.0,0.0,0.0,0.0,1.0000000000000002,0.5,0.0,0.0,0.0,analytical (pooling exists: e0 Delta_T/2 <= k),true,
binary,1.2,8.85,pooling,0.0,0.0,0.0,0.0,0.0,1.0000000000000002,0.5,0.0,0.0,0.0,analytical (pooling exists: e0 Delta_T/2 <= k),true,
binary,1.2,8.9,pooling,0.0,0.0,0.0,0.0,0.0,1.0000000000000002,0.5,0.0,0.0,0.0,analytical (pooling exists: e0 Delta_T/2 <= k),true,
binary,1.2,8.95,pooling,0.0,0.0,0.0,0.0,0.0,1.0000000000000002,0.5,0.0,0.0,0.0,analytical (pooling exists: e0 Delta_T/2 <= k),true,
binary,1.2,9,pooling,0.0,0.0,0.0,0.0,0.0,1.0000000000000002,0.5,0.0,0.0,0.0,analytical (pooling exists: e0 Delta_T/2 <= k),true,
binary,1.2,9.05,pooling,0.0,0.0,0.0,0.0,0.0,1.0000000000000002,0.5,0.0,0.0,0.0,analytical (pooling exists: e0 Delta_T/2 <= k),true,
binary,1.2,9.1,pooling,0.0,0.0,0.0,0.0,0.0,1.0000000000000002,0.5,0.0,0.0,0.0,analytical (pooling exists: e0 Delta_T/2 <= k),true,
binary,1.2,9.15,pooling,0.0,0.0,0.0,0.0,0.0,1.0000000000000002,0.5,0.0,0.0,0.0,analytical (pooling exists: e0 Delta_T/2 <= k),true,
binary,1.2,9.2,pooling,0.0,0.0,0.0,0.0,0.0,1.0000000000000002,0.5,0.0,0.0,0.0,analytical (pooling exists: e0 Delta_T/2 <= k),true,
binary,1.2,9.25,pooling,0.0,0.0,0.0,0.0,0.0,1.0000000000000002,0.5,0.0,0.0,0.0,analytical (pooling exists: e0 Delta_T/2 <= k),true,
binary,1.2,9.3,pooling,0.0,0.0,0.0,0.0,0.0,1.0000000000000002,0.5,0.0,0.0,0.0,analytical (pooling exists: e0 Delta_T/2 <= k),true,
binary,1.2,9.35,pooling,0.0,0.0,0.0,0.0,0.0,1.0000000000000002,0.5,0.0,0.0,0.0,analytical (pooling exists: e0 Delta_T/2 <= k),true,
binary,1.2,9.4,pooling,0.0,0.0,0.0,0.0,0.0,1.0000000000000002,0.5,0.0,0.0,0.0,analytical (pooling exists: e0 Delta_T/2 <= k),true,
binary,1.2,9.45,pooling,0.0,0.0,0.0,0.0,0.0,1.0000000000000002,0.5,0.0,0.0,0.0,analytical (pooling exists: e0 Delta_T/2 <= k),true,
binary,1.2,9.5,pooling,0.0,0.0,0.0,0.0,0.0,1.0000000000000002,0.5,0.0,0.0,0.0,analytical (pooling exists: e0 Delta_T/2 <= k),true,
binary,1.2,9.55,pooling,0.0,0.0,0.0,0.0,0.0,1.0000000000000002,0.5,0.0,0.0,0.0,analytical (pooling exists: e0 Delta_T/2 <= k),true,
binary,1.2,9.6,pooling,0.0,0.0,0.0,0.0,0.0,1.0000000000000002,0.5,0.0,0.0,0.0,analytical (pooling exists: e0 Delta_T/2 <= k),true,
binary,1.2,9.65,pooling,0.0,0.0,0.0,0.0,0.0,1.0000000000000002,0.5,0.0,0.0,0.0,analytical (pooling exists: e0 Delta_T/2 <= k),true,
binary,1.2,9.7,pooling,0.0,0.0,0.0,0.0,0.0,1.0000000000000002,0.5,0.0,0.0,0.0,analytical (pooling exists: e0 Delta_T/2 <= k),true,
binary,1.2,9.75,pooling,0.0,0.0,0.0,0.0,0.0,1.0000000000000002,0.5,0.0,0.0,0.0,analytical (pooling exists: e0 Delta_T/2 <= k),true,
binary,1.2,9.8,pooling,0.0,0.0,0.0,0.0,0.0,1.0000000000000002,0.5,0.0,0.0,0.0,analytical (pooling exists: e0 Delta_T/2 <= k),true,
binary,1.2,9.85,pooling,0.0,0.0,0.0,0.0,0.0,1.0000000000000002,0.5,0.0,0.0,0.0,analytical (pooling exists: e0 Delta_T/2 <= k),true,
binary,1.2,9.9,pooling,0.0,0.0,0.0,0.0,0.0,1.0000000000000002,0.5,0.0,0.0,0.0,analytical (pooling exists: e0 Delta_T/2 <= k),true,
binary,1.2,9.95,pooling,0.0,0.0,0.0,0.0,0.0,1.0000000000000002,0.5,0.0,0.0,0.0,analytical (pooling exists: e0 Delta_T/2 <= k),true,
binary,1.2,9.9999,pooling,0.0,0.0,0.0,0.0,0.0,1.0000000000000002,0.5,0.0,0.0,0.0,analytical (pooling exists: e0 Delta_T/2 <= k),true,
binary,1.2,10,pooling,0.0,0.0,0.0,0.0,0.0,1.0000000000000002,0.5,0.0,0.0,0.0,analytical (pooling exists: e0 Delta_T/2 <= k),true,
binary,3,0,full_orders,1.0,-1.0,0.5257331193055486,0.3262829587847098,0.6556329052777637,0.0,nan,2.220446049250313e-16,0.0,0.0,analytical (unique full orders: uniform derivative bound with entry floor),true,
binary,3,0,pooling,0.0,0.0,0.25000000000000006,0.12500000000000003,0.29166666666666674,0.0,nan,0.0,0.0,0.06333333333333332,rejected,false,epsilon_q=6.333e-02
binary,3,0.05,full_orders,1.0,-1.0,0.5257035734804476,0.3262622759684759,0.6791331126721851,0.0,nan,2.220446049250313e-16,0.0,0.0,analytical (unique full orders: uniform derivative bound with entry floor),true,
binary,3,0.05,pooling,0.0,0.0,0.25000000000000006,0.12500000000000003,0.3286458333333334,0.0,nan,0.0,0.0,0.06333333333333334,rejected,false,epsilon_q=6.333e-02
binary,3,0.1,full_orders,1.0,-1.0,0.5256149106613488,0.326200200911779,0.7022124763128152,0.0,nan,2.220446049250313e-16,0.0,0.0,analytical (unique full orders: uniform derivative bound with entry floor),true,
binary,3,0.1,pooling,0.0,0.0,0.25000000000000006,0.12500000000000003,0.36458333333333337,0.0,nan,0.0,0.0,0.06333333333333334,rejected,false,epsilon_q=6.333e-02
binary,3,0.15,full_orders,1.0,-1.0,0.5254670546930356,0.3260966536785648,0.7248784275245806,0.0,nan,2.220446049250313e-16,0.0,0.0,analytical (unique full orders: uniform derivative bound with entry floor),true,
binary,3,0.15,pooling,0.0,0.0,0.25000000000000006,0.12500000000000003,0.3994791666666667,0.0,nan,0.0,0.0,0.06333333333333332,rejected,false,epsilon_q=6.333e-02
binary,3,0.2,full_orders,1.0,-1.0,0.5252598782364604,0.3259515006676081,0.7471374542262261,0.0,nan,2.220446049250313e-16,0.0,0.0,analytical (unique full orders: uniform derivative bound with entry floor),true,
binary,3,0.2,pooling,0.0,0.0,0.25000000000000006,0.12500000000000003,0.43333333333333335,0.0,nan,0.0,0.0,0.06333333333333332,rejected,false,epsilon_q=6.333e-02
binary,3,0.25,full_orders,1.0,-1.0,0.5249932021449887,0.32576455404763527,0.7689951081833645,0.0,nan,2.220446049250313e-16,0.0,0.0,analytical (unique full orders: uniform derivative bound with entry floor),true,
binary,3,0.25,pooling,0.0,0.0,0.25000000000000006,0.12500000000000003,0.46614583333333337,0.0,nan,0.0,0.0,0.06333333333333334,rejected,false,epsilon_q=6.333e-02
binary,3,0.3,full_orders,1.0,-1.0,0.5246667945846344,0.3255355709601001,0.790456010174847,0.0,nan,2.220446049250313e-16,0.0,0.0,analytical (unique full orders: uniform derivative bound with entry floor),true,
binary,3,0.3,pooling,0.0,0.0,0.25000000000000006,0.12500000000000003,0.49791666666666673,0.0,nan,0.0,0.0,0.06333333333333331,rejected,false,epsilon_q=6.333e-02
binary,3,0.35,full_orders,1.0,-1.0,0.5242803698916851,0.325264252483117,0.8115238530922582,0.0,nan,2.220446049250313e-16,0.0,0.0,analytical (unique full orders: uniform derivative bound with entry floor),true,
binary,3,0.35,pooling,0.0,0.0,0.25000000000000006,0.12500000000000003,0.5286458333333334,0.0,nan,0.0,0.0,0.06333333333333334,rejected,false,epsilon_q=6.333e-02
binary,3,0.4,full_orders,1.0,-1.0,0.5238335871590487,0.32495024234803904,0.8322014029736711,0.0,nan,2.220446049250313e-16,0.0,0.0,analytical (unique full orders: uniform derivative bound with entry floor),true,
binary,3,0.4,pooling,0.0,0.0,0.25000000000000006,0.12500000000000003,0.5583333333333333,0.0,nan,0.0,0.0,0.06333333333333332,rejected,false,epsilon_q=6.333e-02
binary,3,0.45,full_orders,1.0,-1.0,0.5233260485405103,0.32459312539805496,0.8524904979539589,0.0,nan,2.220446049250313e-16,0.0,0.0,analytical (unique full orders: uniform derivative bound with entry floor),true,
binary,3,0.45,pooling,0.0,0.0,0.25000000000000006,0.12500000000000003,0.5869791666666667,0.0,nan,0.0,0.0,0.06333333333333332,rejected,false,epsilon_q=6.333e-02
binary,3,0.5,full_orders,1.0,-1.0,0.5227572972597381,0.3241924257758909,0.8723920450946406,0.0,nan,2.220446049250313e-16,0.0,0.0,analytical (unique full orders: uniform derivative bound with entry floor),true,
binary,3,0.5,pooling,0.0,0.0,0.25000000000000006,0.12500000000000003,0.6145833333333334,0.0,nan,0.0,0.0,0.06333333333333334,rejected,false,epsilon_q=6.333e-02
binary,3,0.55,full_orders,1.0,-1.0,0.5221268153083904,0.32374760482525844,0.891906015036277,0.0,nan,2.220446049250313e-16,0.0,0.0,analytical (unique full orders: uniform derivative bound with entry floor),true,
binary,3,0.55,pooling,0.0,0.0,0.25000000000000006,0.12500000000000003,0.6411458333333334,0.0,nan,0.0,0.0,0.06333333333333334,rejected,false,epsilon_q=6.333e-02
binary,3,0.6,full_orders,1.0,-1.0,0.5214340208149169,0.32325805868800456,0.9110314343955019,0.0,nan,2.220446049250313e-16,0.0,0.0,analytical (unique full orders: uniform derivative bound with entry floor),true,
binary,3,0.6,pooling,0.0,0.0,0.25000000000000006,0.12500000000000003,0.6666666666666667,0.0,nan,0.0,0.0,0.06333333333333334,rejected,false,epsilon_q=6.333e-02
binary,3,0.65,full_orders,1.0,-1.0,0.520678265062638,0.32272311557597944,0.9297663758066188,0.0,nan,4.440892098500626e-16,0.0,0.0,analytical (unique full orders: uniform derivative bound with entry floor),true,
binary,3,0.65,pooling,0.0,0.0,0.25000000000000006,0.12500000000000003,0.6911458333333333,0.0,nan,0.0,0.0,0.06333333333333331,rejected,false,epsilon_q=6.333e-02
binary,3,0.7,full_orders,1.0,-1.0,0.5198588291323545,0.3221420326933869,0.9481079454839987,0.0,nan,2.220446049250313e-16,0.0,0.0,analytical (unique full orders: uniform derivative bound with entry floor),true,
binary,3,0.7,pooling,0.0,0.0,0.25000000000000006,0.12500000000000003,0.7145833333333333,0.0,nan,0.0,0.0,0.06333333333333331,rejected,false,epsilon_q=6.333e-02
binary,3,0.75,full_orders,1.0,-1.0,0.5189749201410105,0.3215139927817601,0.9660522681559168,0.0,nan,2.220446049250313e-16,0.0,0.0,analytical (unique full orders: uniform derivative bound with entry floor),true,
binary,3,0.75,pooling,0.0,0.0,0.25000000000000006,0.12500000000000003,0.7369791666666667,0.0,nan,0.0,0.0,0.06333333333333332,rejected,false,epsilon_q=6.333e-02
binary,3,0.8,full_orders,1.0,-1.0,0.5180256670437758,0.320838100255647,0.9835944691925655,0.0,nan,4.440892098500626e-16,0.0,0.0,analytical (unique full orders: uniform derivative bound with entry floor),true,
binary,3,0.8,pooling,0.0,0.0,0.25000000000000006,0.12500000000000003,0.7583333333333335,0.0,nan,0.0,0.0,0.06333333333333332,rejected,false,epsilon_q=6.333e-02
binary,3,0.85,full_orders,1.0,-1.0,0.5170101159622232,0.32011337689253994,1.0007286537203428,0.0,nan,2.220446049250313e-16,0.0,0.0,analytical (unique full orders: uniform derivative bound with entry floor),true,
binary,3,0.85,pooling,0.0,0.0,0.25000000000000006,0.12500000000000003,0.7786458333333334,0.0,nan,0.0,0.0,0.06333333333333332,rejected,false,epsilon_q=6.333e-02
binary,3,0.9,full_orders,1.0,-1.0,0.5159272249959725,0.31933875703541964,1.017447882480584,0.0,nan,4.440892098500626e-16,0.0,0.0,analytical (unique full orders: uniform derivative bound with entry floor),true,
binary,3,0.9,pooling,0.0,0.0,0.25000000000000006,0.12500000000000003,0.7979166666666667,0.0,nan,0.0,0.0,0.06333333333333332,rejected,false,epsilon_q=6.333e-02
binary,3,0.95,full_orders,1.0,-1.0,0.514775858469159,0.31851308226044367,1.033744144153102,0.0,nan,2.220446049250313e-16,0.0,0.0,analytical (unique full orders: uniform derivative bound with entry floor),true,
binary,3,0.95,pooling,0.0,0.0,0.25000000000000006,0.12500000000000003,0.8161458333333333,0.0,nan,0.0,0.0,0.06333333333333332,rejected,false,epsilon_q=6.333e-02
binary,3,0.9999,full_orders,1.0,-1.0,0.5135572931580844,0.3176369045239567,1.0495770333031191,0.0,nan,2.220446049250313e-16,0.0,0.0,analytical (unique full orders: uniform derivative bound with entry floor),true,
binary,3,0.9999,pooling,0.0,0.0,0.25000000000000006,0.12500000000000003,0.8332999979166668,0.0,nan,0.0,0.0,0.06333333333333332,rejected,false,epsilon_q=6.333e-02
binary,3,1,full_orders,1.0,-1.0,0.5135547805562274,0.3176350954556446,1.0496083238225056,0.0,nan,1.1102230246251565e-16,0.0,0.0,analytical (unique full orders: uniform derivative bound with entry floor),true,
binary,3,1,pooling,0.0,0.0,0.25000000000000006,0.12500000000000003,0.8333333333333335,0.0,nan,0.0,0.0,0.06333333333333334,rejected,false,epsilon_q=6.333e-02
binary,3,1.0001,full_orders,1.0,-1.0,0.5135529712743607,0.3176337927700951,0.9843337910249308,0.0,nan,0.0,0.0,0.0,analytical (unique full orders: uniform derivative bound with entry floor),true,
binary,3,1.0001,pooling,0.0,0.0,0.25000000000000006,0.12500000000000003,0.7916999972916667,0.0,nan,0.0,0.0,0.10500000062499999,rejected,false,epsilon_q=1.050e-01
binary,3,1.01,full_orders,1.0,-1.0,0.513372798985137,0.3175040423733284,0.9874865842421138,0.0,nan,0.0,0.0,0.0,analytical (unique full orders: uniform derivative bound with entry floor),true,
binary,3,1.01,pooling,0.0,0.0,0.25000000000000006,0.12500000000000003,0.7949729166666667,0.0,nan,0.0,0.0,0.10500624999999998,rejected,false,epsilon_q=1.050e-01
binary,3,1.05,full_orders,1.0,-1.0,0.5126234128306207,0.31696382137325385,0.9998600261499704,0.0,nan,0.0,0.0,0.0,analytical (unique full orders: uniform derivative bound with entry floor),true,
binary,3,1.05,pooling,0.0,0.0,0.25000000000000006,0.12500000000000003,0.80765625,0.0,nan,0.0,0.0,0.10515625000000002,rejected,false,epsilon_q=1.052e-01
binary,3,1.1,full_orders,1.0,-1.0,0.5116375544805927,0.31625177673576454,1.01449970228611,0.0,nan,0.0,0.0,0.0,analytical (unique full orders: uniform derivative bound with entry floor),true,
binary,3,1.1,pooling,0.0,0.0,0.25000000000000006,0.12500000000000003,0.8222916666666666,0.0,nan,0.0,0.0,0.10562499999999998,rejected,false,epsilon_q=1.056e-01
binary,3,1.15,full_orders,1.0,-1.0,0.5105957256881297,0.31549764250297535,1.0282136576478005,0.0,nan,0.0,0.0,0.0,analytical (unique full orders: uniform derivative bound with entry floor),true,
binary,3,1.15,pooling,0.0,0.0,0.25000000000000006,0.12500000000000003,0.8355729166666667,0.0,nan,0.0,0.0,0.10640625,rejected,false,epsilon_q=1.064e-01
binary,3,1.1999,full_orders,1.0,-1.0,0.5094985860738722,0.31470163230410575,1.0409693691577167,0.0,nan,0.0,0.0,0.0,analytical (unique full orders: uniform derivative bound with entry floor),true,
binary,3,1.1999,pooling,0.0,0.0,0.25000000000000006,0.12500000000000003,0.8474774972916668,0.0,nan,0.0,0.0,0.10749750062499998,rejected,false,epsilon_q=1.075e-01
binary,3,1.2,full_orders,1.0,-1.0,0.5094963287026666,0.3146999925711226,1.040993992422545,0.0,nan,0.0,0.0,0.0,analytical (unique full orders: uniform derivative bound with entry floor),true,
binary,3,1.2,pooling,0.0,0.0,0.25000000000000006,0.12500000000000003,0.8475000000000001,0.0,nan,0.0,0.0,0.1075,rejected,false,epsilon_q=1.075e-01
binary,3,1.2001,full_orders,1.0,-1.0,0.5094940710943354,0.31469835265795226,1.041018611918323,0.0,nan,0.0,0.0,0.0,analytical (unique full orders: uniform derivative bound with entry floor),true,
binary,3,1.2001,pooling,0.0,0.0,0.25000000000000006,0.12500000000000003,0.8475224972916667,0.0,nan,0.0,0.0,0.10750250062500001,rejected,false,epsilon_q=1.075e-01
binary,3,1.25,full_orders,1.0,-1.0,0.5083376390103204,0.31385728551231157,1.052831992351238,0.0,nan,0.0,0.0,0.0,analytical (unique full orders: uniform derivative bound with entry floor),true,
binary,3,1.25,pooling,0.0,0.0,0.25000000000000006,0.12500000000000003,0.8580729166666665,0.0,nan,0.0,0.0,0.10890625000000002,rejected,false,epsilon_q=1.089e-01
binary,3,1.252,full_orders,1.0,-1.0,0.5082900322963886,0.31382261692165797,1.053285779320821,0.0,nan,0.0,0.0,0.0,analytical (unique full orders: uniform derivative bound with entry floor),true,
binary,3,1.252,pooling,0.0,0.0,0.25000000000000006,0.12500000000000003,0.8584676666666666,0.0,nan,0.0,0.0,0.108969,rejected,false,epsilon_q=1.090e-01
binary,3,1.254,full_orders,1.0,-1.0,0.5082423276321544,0.3137878734810756,1.0537380427038283,0.0,nan,0.0,0.0,0.0,analytical (unique full orders: uniform derivative bound with entry floor),true,
binary,3,1.254,pooling,0.0,0.0,0.25000000000000006,0.12500000000000003,0.8588602500000002,0.0,nan,0.0,0.0,0.10903224999999998,rejected,false,epsilon_q=1.090e-01
binary,3,1.256,full_orders,1.0,-1.0,0.5081945248934049,0.3137530550792864,1.054188781854791,0.0,nan,0.0,0.0,0.0,analytical (unique full orders: uniform derivative bound with entry floor),true,
binary,3,1.256,pooling,0.0,0.0,0.25000000000000006,0.12500000000000003,0.8592506666666666,0.0,nan,0.0,0.0,0.10909599999999998,rejected,false,epsilon_q=1.091e-01
binary,3,1.258,full_orders,1.0,-1.0,0.5081466239555474,0.31371816160466565,1.0546379961258587,0.0,nan,0.0,0.0,0.0,analytical (unique full orders: uniform derivative bound with entry floor),true,
binary,3,1.258,pooling,0.0,0.0,0.25000000000000006,0.12500000000000003,0.8596389166666667,0.0,nan,0.0,0.0,0.10916025,rejected,false,epsilon_q=1.092e-01
binary,3,1.260,full_orders,1.0,-1.0,0.5080986246936092,0.31368319294524094,1.0550856848667902,0.0,nan,0.0,0.0,0.0,analytical (unique full orders: uniform derivative bound with entry floor),true,
binary,3,1.260,pooling,0.0,0.0,0.25000000000000006,0.12500000000000003,0.8600250000000002,0.0,nan,0.0,0.0,0.10922499999999997,rejected,false,epsilon_q=1.092e-01
binary,3,1.262,full_orders,1.0,-1.0,0.5080505269822347,0.3136481489886906,1.0555318474249469,0.0,nan,0.0,0.0,0.0,analytical (unique full orders: uniform derivative bound with entry floor),true,
binary,3,1.262,pooling,0.0,0.0,0.25000000000000006,0.12500000000000003,0.8604089166666666,0.0,nan,0.0,0.0,0.10929024999999999,rejected,false,epsilon_q=1.093e-01
binary,3,1.264,full_orders,1.0,-1.0,0.5080023306956863,0.3136130296223432,1.0559764831452894,0.0,nan,0.0,0.0,0.0,analytical (unique full orders: uniform derivative bound with entry floor),true,
binary,3,1.264,pooling,0.0,0.0,0.25000000000000006,0.12500000000000003,0.8607906666666667,0.0,nan,0.0,0.0,0.109356,rejected,false,epsilon_q=1.094e-01
binary,3,1.266,full_orders,1.0,-1.0,0.507954035707842,0.3135778347331763,1.0564195913703667,0.0,nan,0.0,0.0,0.0,analytical (unique full orders: uniform derivative bound with entry floor),true,
binary,3,1.266,pooling,0.0,0.0,0.25000000000000006,0.12500000000000003,0.86117025,0.0,nan,0.0,0.0,0.10942225000000001,rejected,false,epsilon_q=1.094e-01
binary,3,1.268,full_orders,1.0,-1.0,0.5079056418921936,0.31354256420781434,1.056861171440312,0.0,nan,0.0,0.0,0.0,analytical (unique full orders: uniform derivative bound with entry floor),true,
binary,3,1.268,pooling,0.0,0.0,0.25000000000000006,0.12500000000000003,0.8615476666666666,0.0,nan,0.0,0.0,0.10948900000000002,rejected,false,epsilon_q=1.095e-01
binary,3,1.270,full_orders,1.0,-1.0,0.5078571491218471,0.3135072179325294,1.0573012226928369,0.0,nan,0.0,0.0,0.0,analytical (unique full orders: uniform derivative bound with entry floor),true,
binary,3,1.270,pooling,0.0,0.0,0.25000000000000006,0.12500000000000003,0.8619229166666668,0.0,nan,0.0,0.0,0.10955624999999998,rejected,false,epsilon_q=1.096e-01
binary,3,1.272,full_orders,1.0,-1.0,0.5078085572695202,0.313471795793238,1.0577397444632215,0.0,nan,0.0,0.0,0.0,analytical (unique full orders: uniform derivative bound with entry floor),true,
binary,3,1.272,pooling,0.0,0.0,0.25000000000000006,0.12500000000000003,0.8622960000000002,0.0,nan,0.0,0.0,0.10962400000000001,rejected,false,epsilon_q=1.096e-01
binary,3,1.274,full_orders,1.0,-1.0,0.5077598662075414,0.3134362976755013,1.0581767360843108,0.0,nan,0.0,0.0,0.0,analytical (unique full orders: uniform derivative bound with entry floor),true,
binary,3,1.274,pooling,0.0,0.0,0.25000000000000006,0.12500000000000003,0.8626669166666666,0.0,nan,0.0,0.0,0.10969225,rejected,false,epsilon_q=1.097e-01
binary,3,1.276,full_orders,1.0,-1.0,0.5077110758078494,0.3134007234645237,1.0586121968865072,0.0,nan,0.0,0.0,0.0,analytical (unique full orders: uniform derivative bound with entry floor),true,
binary,3,1.276,pooling,0.0,0.0,0.25000000000000006,0.12500000000000003,0.8630356666666666,0.0,nan,0.0,0.0,0.10976100000000001,rejected,false,epsilon_q=1.098e-01
binary,3,1.278,full_orders,1.0,-1.0,0.5076621859419903,0.31336507304515104,1.059046126197762,0.0,nan,0.0,0.0,0.0,analytical (unique full orders: uniform derivative bound with entry floor),true,
binary,3,1.278,pooling,0.0,0.0,0.25000000000000006,0.12500000000000003,0.8634022500000001,0.0,nan,0.0,0.0,0.10983024999999998,rejected,false,epsilon_q=1.098e-01
binary,3,1.280,full_orders,1.0,-1.0,0.5076131964811185,0.31332934630187037,1.0594785233435702,0.0,nan,0.0,0.0,0.0,analytical (unique full orders: uniform derivative bound with entry floor),true,
binary,3,1.280,pooling,0.0,0.0,0.25000000000000006,0.12500000000000003,0.8637666666666666,0.0,nan,0.0,0.0,0.10990000000000001,rejected,false,epsilon_q=1.099e-01
binary,3,1.282,full_orders,1.0,-1.0,0.5075641072959935,0.3132935431188081,1.0599093876469647,0.0,nan,0.0,0.0,0.0,analytical (unique full orders: uniform derivative bound with entry floor),true,
binary,3,1.282,pooling,0.0,0.0,0.25000000000000006,0.12500000000000003,0.8641289166666667,0.0,nan,0.0,0.0,0.10997025,rejected,false,epsilon_q=1.100e-01
binary,3,1.284,full_orders,1.0,-1.0,0.5075149182569803,0.3132576633797291,1.060338718428507,0.0,nan,0.0,0.0,0.0,analytical (unique full orders: uniform derivative bound with entry floor),true,
binary,3,1.284,pooling,0.0,0.0,0.25000000000000006,0.12500000000000003,0.8644890000000002,0.0,nan,0.0,0.0,0.11004100000000001,rejected,false,epsilon_q=1.100e-01
binary,3,1.286,full_orders,1.0,-1.0,0.5074656292340459,0.3132217069680353,1.0607665150062806,0.0,nan,0.0,0.0,0.0,analytical (unique full orders: uniform derivative bound with entry floor),true,
binary,3,1.286,pooling,0.0,0.0,0.25000000000000006,0.12500000000000003,0.8648469166666666,0.0,nan,0.0,0.0,0.11011225000000001,rejected,false,epsilon_q=1.101e-01
binary,3,1.288,full_orders,1.0,-1.0,0.507416240096761,0.3131856737667649,1.0611927766958869,0.0,nan,0.0,0.0,0.0,analytical (unique full orders: uniform derivative bound with entry floor),true,
binary,3,1.288,pooling,0.0,0.0,0.25000000000000006,0.12500000000000003,0.8652026666666668,0.0,nan,0.0,0.0,0.11018399999999999,rejected,false,epsilon_q=1.102e-01
binary,3,1.290,full_orders,1.0,-1.0,0.5073667507142965,0.31314956365859087,1.0616175028104347,0.0,nan,0.0,0.0,0.0,analytical (unique full orders: uniform derivative bound with entry floor),true,
binary,3,1.290,pooling,0.0,0.0,0.25000000000000006,0.12500000000000003,0.86555625,0.0,nan,0.0,0.0,0.11025624999999999,rejected,false,epsilon_q=1.103e-01
binary,3,1.292,full_orders,1.0,-1.0,0.5073171609554227,0.31311337652581983,1.0620406926605352,0.0,nan,0.0,0.0,0.0,analytical (unique full orders: uniform derivative bound with entry floor),true,
binary,3,1.292,pooling,0.0,0.0,0.25000000000000006,0.12500000000000003,0.8659076666666666,0.0,nan,0.0,0.0,0.110329,rejected,false,epsilon_q=1.103e-01
binary,3,1.294,full_orders,1.0,-1.0,0.5072674706885084,0.31307711225039064,1.0624623455542948,0.0,nan,0.0,0.0,0.0,analytical (unique full orders: uniform derivative bound with entry floor),true,
binary,3,1.294,pooling,0.0,0.0,0.25000000000000006,0.12500000000000003,0.8662569166666667,0.0,nan,0.0,0.0,0.11040225,rejected,false,epsilon_q=1.104e-01
binary,3,1.296,full_orders,1.0,-1.0,0.5072176797815195,0.31304077071387365,1.062882460797307,0.0,nan,0.0,0.0,0.0,analytical (unique full orders: uniform derivative bound with entry floor),true,
binary,3,1.296,pooling,0.0,0.0,0.25000000000000006,0.12500000000000003,0.8666040000000002,0.0,nan,0.0,0.0,0.11047599999999998,rejected,false,epsilon_q=1.105e-01
binary,3,1.298,full_orders,1.0,-1.0,0.5071677881020179,0.31300435179746927,1.063301037692647,0.0,nan,0.0,0.0,0.0,analytical (unique full orders: uniform derivative bound with entry floor),true,
binary,3,1.298,pooling,0.0,0.0,0.25000000000000006,0.12500000000000003,0.8669489166666666,0.0,nan,0.0,0.0,0.11055025000000003,rejected,false,epsilon_q=1.106e-01
binary,3,1.3,full_orders,1.0,-1.0,0.507117795517159,0.3129678553820061,1.063718075540863,0.0,nan,0.0,0.0,0.0,analytical (unique full orders: uniform derivative bound with entry floor),true,
binary,3,1.3,pooling,0.0,0.0,0.25000000000000006,0.12500000000000003,0.8672916666666667,0.0,nan,0.0,0.0,0.11062499999999999,rejected,false,epsilon_q=1.106e-01
binary,3,1.302,full_orders,1.0,-1.0,0.5070677018936924,0.31293128134794135,1.0641335736399702,0.0,nan,0.0,0.0,0.0,analytical (unique full orders: uniform derivative bound with entry floor),true,
binary,3,1.302,pooling,0.0,0.0,0.25000000000000006,0.12500000000000003,0.8676322500000002,0.0,nan,0.0,0.0,0.11070024999999999,rejected,false,epsilon_q=1.107e-01
binary,3,1.304,full_orders,1.0,-1.0,0.5070175070979589,0.3128946295753575,1.0645475312854422,0.0,nan,0.0,0.0,0.0,analytical (unique full orders: uniform derivative bound with entry floor),true,
binary,3,1.304,pooling,0.0,0.0,0.25000000000000006,0.12500000000000003,0.8679706666666666,0.0,nan,0.0,0.0,0.110776,rejected,false,epsilon_q=1.108e-01
binary,3,1.306,full_orders,1.0,-1.0,0.5069672109958905,0.31285789994396324,1.0649599477702063,0.0,nan,0.0,0.0,0.0,analytical (unique full orders: uniform derivative bound with entry floor),true,
binary,3,1.306,pooling,0.0,0.0,0.25000000000000006,0.12500000000000003,0.8683069166666667,0.0,nan,0.0,0.0,0.11085225,rejected,false,epsilon_q=1.109e-01
binary,3,1.308,full_orders,1.0,-1.0,0.5069168134530071,0.31282109233308997,1.0653708223846332,0.0,nan,0.0,0.0,0.0,analytical (unique full orders: uniform derivative bound with entry floor),true,
binary,3,1.308,pooling,0.0,0.0,0.25000000000000006,0.12500000000000003,0.8686410000000002,0.0,nan,0.0,0.0,0.11092899999999999,rejected,false,epsilon_q=1.109e-01
binary,3,1.310,full_orders,1.0,-1.0,0.5068663143344176,0.31278420662169254,1.0657801544165315,0.0,nan,0.0,0.0,0.0,analytical (unique full orders: uniform derivative bound with entry floor),true,
binary,3,1.310,pooling,0.0,0.0,0.25000000000000006,0.12500000000000003,0.8689729166666667,0.0,nan,0.0,0.0,0.11100625000000004,rejected,false,epsilon_q=1.110e-01
binary,3,1.312,full_orders,1.0,-1.0,0.5068157135048171,0.3127472426883468,1.0661879431511407,0.0,nan,0.0,0.0,0.0,analytical (unique full orders: uniform derivative bound with entry floor),true,
binary,3,1.312,pooling,0.0,0.0,0.25000000000000006,0.12500000000000003,0.8693026666666667,0.0,nan,0.0,0.0,0.11108399999999997,rejected,false,epsilon_q=1.111e-01
binary,3,1.314,full_orders,1.0,-1.0,0.5067650108284858,0.31271020041124886,1.0665941878711227,0.0,nan,0.0,0.0,0.0,analytical (unique full orders: uniform derivative bound with entry floor),true,
binary,3,1.314,pooling,0.0,0.0,0.25000000000000006,0.12500000000000003,0.8696302500000002,0.0,nan,0.0,0.0,0.11116224999999998,rejected,false,epsilon_q=1.112e-01
binary,3,1.316,full_orders,1.0,-1.0,0.506714206169288,0.31267307966821367,1.0669988878565548,0.0,nan,0.0,0.0,0.0,analytical (unique full orders: uniform derivative bound with entry floor),true,
binary,3,1.316,pooling,0.0,0.0,0.25000000000000006,0.12500000000000003,0.8699556666666667,0.0,nan,0.0,0.0,0.11124099999999999,rejected,false,epsilon_q=1.112e-01
binary,3,1.318,full_orders,1.0,-1.0,0.5066632993906699,0.31263588033667367,1.0674020423849233,0.0,nan,0.0,0.0,0.0,analytical (unique full orders: uniform derivative bound with entry floor),true,
binary,3,1.318,pooling,0.0,0.0,0.25000000000000006,0.12500000000000003,0.8702789166666667,0.0,nan,0.0,0.0,0.11132025000000002,rejected,false,epsilon_q=1.113e-01
binary,3,1.320,full_orders,1.0,-1.0,0.5066122903556594,0.3125986022936776,1.067803650731114,0.0,nan,0.0,0.0,0.0,analytical (unique full orders: uniform derivative bound with entry floor),true,
binary,3,1.320,pooling,0.0,0.0,0.25000000000000006,0.12500000000000003,0.8706,0.0,nan,0.0,0.0,0.11139999999999999,rejected,false,epsilon_q=1.114e-01
binary,3,1.322,full_orders,1.0,-1.0,0.506561178926864,0.31256124541588937,1.0682037121674064,0.0,nan,0.0,0.0,0.0,analytical (unique full orders: uniform derivative bound with entry floor),true,
binary,3,1.322,pooling,0.0,0.0,0.25000000000000006,0.12500000000000003,0.8709189166666667,0.0,nan,0.0,0.0,0.11148025000000002,rejected,false,epsilon_q=1.115e-01
binary,3,1.324,full_orders,1.0,-1.0,0.5065099649664697,0.3125238095795866,1.0686022259634667,0.0,nan,0.0,0.0,0.0,analytical (unique full orders: uniform derivative bound with entry floor),true,
binary,3,1.324,pooling,0.0,0.0,0.25000000000000006,0.12500000000000003,0.8712356666666667,0.0,nan,0.0,0.0,0.11156099999999998,rejected,false,epsilon_q=1.116e-01
binary,3,1.326,full_orders,1.0,-1.0,0.25000000000000006,0.12500000000000003,0.8715502500000001,0.0,nan,0.0,0.0,0.0,analytical (unique full orders: uniform derivative bound with entry floor),true,
binary,3,1.326,pooling,0.0,0.0,0.25000000000000006,0.12500000000000003,0.8715502500000001,0.0,nan,0.0,0.0,0.11164224999999996,rejected,false,epsilon_q=1.116e-01
binary,3,1.328,full_orders,1.0,-1.0,0.25000000000000006,0.12500000000000003,0.8718626666666667,0.0,nan,0.0,0.0,0.0,analytical (unique full orders: uniform derivative bound with entry floor),true,
binary,3,1.328,pooling,0.0,0.0,0.25000000000000006,0.12500000000000003,0.8718626666666667,0.0,nan,0.0,0.0,0.111724,rejected,false,epsilon_q=1.117e-01
binary,3,1.330,full_orders,1.0,-1.0,0.25000000000000006,0.12500000000000003,0.8721729166666667,0.0,nan,0.0,0.0,0.0,analytical (unique full orders: uniform derivative bound with entry floor),true,
binary,3,1.330,pooling,0.0,0.0,0.25000000000000006,0.12500000000000003,0.8721729166666667,0.0,nan,0.0,0.0,0.11180625000000001,rejected,false,epsilon_q=1.118e-01
binary,3,1.332,full_orders,1.0,-1.0,0.25000000000000006,0.12500000000000003,0.8724810000000002,0.0,nan,0.0,0.0,0.0,analytical (unique full orders: uniform derivative bound with entry floor),true,
binary,3,1.332,pooling,0.0,0.0,0.25000000000000006,0.12500000000000003,0.8724810000000002,0.0,nan,0.0,0.0,0.11188899999999997,rejected,false,epsilon_q=1.119e-01
binary,3,1.334,full_orders,1.0,-1.0,0.25000000000000006,0.12500000000000003,0.8727869166666666,0.0,nan,0.0,0.0,0.0,analytical (unique full orders: uniform derivative bound with entry floor),true,
binary,3,1.334,pooling,0.0,0.0,0.25000000000000006,0.12500000000000003,0.8727869166666666,0.0,nan,0.0,0.0,0.11197225000000001,rejected,false,epsilon_q=1.120e-01
binary,3,1.336,full_orders,1.0,-1.0,0.25000000000000006,0.12500000000000003,0.8730906666666668,0.0,nan,0.0,0.0,0.0,analytical (unique full orders: uniform derivative bound with entry floor),true,
binary,3,1.336,pooling,0.0,0.0,0.25000000000000006,0.12500000000000003,0.8730906666666668,0.0,nan,0.0,0.0,0.112056,rejected,false,epsilon_q=1.121e-01
binary,3,1.338,full_orders,1.0,-1.0,0.25000000000000006,0.12500000000000003,0.8733922500000001,0.0,nan,0.0,0.0,0.0,analytical (unique full orders: uniform derivative bound with entry floor),true,
binary,3,1.338,pooling,0.0,0.0,0.25000000000000006,0.12500000000000003,0.8733922500000001,0.0,nan,0.0,0.0,0.11214024999999996,rejected,false,epsilon_q=1.121e-01
binary,3,1.340,full_orders,1.0,-1.0,0.25000000000000006,0.12500000000000003,0.8736916666666666,0.0,nan,0.0,0.0,0.0,analytical (unique full orders: uniform derivative bound with entry floor),true,
binary,3,1.340,pooling,0.0,0.0,0.25000000000000006,0.12500000000000003,0.8736916666666666,0.0,nan,0.0,0.0,0.11222500000000003,rejected,false,epsilon_q=1.122e-01
binary,3,1.342,full_orders,1.0,-1.0,0.25000000000000006,0.12500000000000003,0.8739889166666668,0.0,nan,0.0,0.0,0.0,analytical (unique full orders: uniform derivative bound with entry floor),true,
binary,3,1.342,pooling,0.0,0.0,0.25000000000000006,0.12500000000000003,0.8739889166666668,0.0,nan,0.0,0.0,0.11231025000000001,rejected,false,epsilon_q=1.123e-01
binary,3,1.344,full_orders,1.0,-1.0,0.25000000000000006,0.12500000000000003,0.8742840000000001,0.0,nan,0.0,0.0,0.0,analytical (unique full orders: uniform derivative bound with entry floor),true,
binary,3,1.344,pooling,0.0,0.0,0.25000000000000006,0.12500000000000003,0.8742840000000001,0.0,nan,0.0,0.0,0.11239600000000001,rejected,false,epsilon_q=1.124e-01
binary,3,1.346,full_orders,1.0,-1.0,0.25000000000000006,0.12500000000000003,0.8745769166666666,0.0,nan,0.0,0.0,0.0,analytical (unique full orders: uniform derivative bound with entry floor),true,
binary,3,1.346,pooling,0.0,0.0,0.25000000000000006,0.12500000000000003,0.8745769166666666,0.0,nan,0.0,0.0,0.11248225000000002,rejected,false,epsilon_q=1.125e-01
binary,3,1.348,full_orders,1.0,-1.0,0.25000000000000006,0.12500000000000003,0.8748676666666667,0.0,nan,0.0,0.0,0.0,analytical (unique full orders: uniform derivative bound with entry floor),true,
binary,3,1.348,pooling,0.0,0.0,0.25000000000000006,0.12500000000000003,0.8748676666666667,0.0,nan,0.0,0.0,0.11256899999999999,rejected,false,epsilon_q=1.126e-01
binary,3,1.35,full_orders,1.0,-1.0,0.25000000000000006,0.12500000000000003,0.8751562500000002,0.0,nan,0.0,0.0,0.0,analytical (unique full orders: uniform derivative bound with entry floor),true,
binary,3,1.35,pooling,0.0,0.0,0.25000000000000006,0.12500000000000003,0.8751562500000002,0.0,nan,0.0,0.0,0.11265624999999997,rejected,false,epsilon_q=1.127e-01
binary,3,1.4,full_orders,1.0,-1.0,0.25000000000000006,0.12500000000000003,0.8816666666666668,0.0,nan,0.0,0.0,0.0,analytical (unique full orders: uniform derivative bound with entry floor),true,
binary,3,1.4,pooling,0.0,0.0,0.25000000000000006,0.12500000000000003,0.8816666666666668,0.0,nan,0.0,0.0,0.11499999999999998,rejected,false,epsilon_q=1.150e-01
binary,3,1.45,full_orders,1.0,-1.0,0.25000000000000006,0.12500000000000003,0.8868229166666666,0.0,nan,0.0,0.0,0.0,analytical (unique full orders: uniform derivative bound with entry floor),true,
binary,3,1.45,pooling,0.0,0.0,0.25000000000000006,0.12500000000000003,0.8868229166666666,0.0,nan,0.0,0.0,0.11765625,rejected,false,epsilon_q=1.177e-01
binary,3,1.5,full_orders,1.0,-1.0,0.25000000000000006,0.12500000000000003,0.890625,0.0,nan,0.0,0.0,0.0,analytical (unique full orders: uniform derivative bound with entry floor),true,
binary,3,1.5,pooling,0.0,0.0,0.25000000000000006,0.12500000000000003,0.890625,0.0,nan,0.0,0.0,0.120625,rejected,false,epsilon_q=1.206e-01
binary,3,1.55,full_orders,1.0,-1.0,0.25000000000000006,0.12500000000000003,0.8930729166666667,0.0,nan,0.0,0.0,0.0,analytical (unique full orders: uniform derivative bound with entry floor),true,
binary,3,1.55,pooling,0.0,0.0,0.25000000000000006,0.12500000000000003,0.8930729166666667,0.0,nan,0.0,0.0,0.12390625000000001,rejected,false,epsilon_q=1.239e-01
binary,3,1.6,full_orders,1.0,-1.0,0.25000000000000006,0.12500000000000003,0.8941666666666668,0.0,nan,0.0,0.0,0.0,analytical (unique full orders: uniform derivative bound with entry floor),true,
binary,3,1.6,pooling,0.0,0.0,0.25000000000000006,0.12500000000000003,0.8941666666666668,0.0,nan,0.0,0.0,0.12750000000000003,rejected,false,epsilon_q=1.275e-01
binary,3,1.65,full_orders,1.0,-1.0,0.25000000000000006,0.12500000000000003,0.89390625,0.0,nan,0.0,0.0,0.0,analytical (unique full orders: uniform derivative bound with entry floor),true,
binary,3,1.65,pooling,0.0,0.0,0.25000000000000006,0.12500000000000003,0.89390625,0.0,nan,0.0,0.0,0.13140624999999997,rejected,false,epsilon_q=1.314e-01
binary,3,1.7,full_orders,1.0,-1.0,0.25000000000000006,0.12500000000000003,0.8922916666666667,0.0,nan,0.0,0.0,0.0,analytical (unique full orders: uniform derivative bound with entry floor),true,
binary,3,1.7,pooling,0.0,0.0,0.25000000000000006,0.12500000000000003,0.8922916666666667,0.0,nan,0.0,0.0,0.13562500000000002,rejected,false,epsilon_q=1.356e-01
binary,3,1.75,full_orders,1.0,-1.0,0.25000000000000006,0.12500000000000003,0.8893229166666666,0.0,nan,0.0,0.0,0.0,analytical (unique full orders: uniform derivative bound with entry floor),true,
binary,3,1.75,pooling,0.0,0.0,0.25000000000000006,0.12500000000000003,0.8893229166666666,0.0,nan,0.0,0.0,0.14015625,rejected,false,epsilon_q=1.402e-01
binary,3,1.8,full_orders,1.0,-1.0,0.25000000000000006,0.12500000000000003,0.8850000000000001,0.0,nan,0.0,0.0,0.0,analytical (unique full orders: uniform derivative bound with entry floor),true,
binary,3,1.8,pooling,0.0,0.0,0.25000000000000006,0.12500000000000003,0.8850000000000001,0.0,nan,0.0,0.0,0.145,rejected,false,epsilon_q=1.450e-01
binary,3,1.85,full_orders,1.0,-1.0,0.25000000000000006,0.12500000000000003,0.8793229166666666,0.0,nan,0.0,0.0,0.0,analytical (unique full orders: uniform derivative bound with entry floor),true,
binary,3,1.85,pooling,0.0,0.0,0.25000000000000006,0.12500000000000003,0.8793229166666666,0.0,nan,0.0,0.0,0.15015625000000002,rejected,false,epsilon_q=1.502e-01
binary,3,1.9,full_orders,1.0,-1.0,0.25000000000000006,0.12500000000000003,0.8722916666666667,0.0,nan,0.0,0.0,0.0,analytical (unique full orders: uniform derivative bound with entry floor),true,
binary,3,1.9,pooling,0.0,0.0,0.25000000000000006,0.12500000000000003,0.8722916666666667,0.0,nan,0.0,0.0,0.15562499999999999,rejected,false,epsilon_q=1.556e-01
binary,3,1.95,full_orders,1.0,-1.0,0.25000000000000006,0.12500000000000003,0.86390625,0.0,nan,0.0,0.0,0.0,analytical (unique full orders: uniform derivative bound with entry floor),true,
binary,3,1.95,pooling,0.0,0.0,0.25000000000000006,0.12500000000000003,0.86390625,0.0,nan,0.0,0.0,0.16140625,rejected,false,epsilon_q=1.614e-01
binary,3,2,full_orders,1.0,-1.0,0.25000000000000006,0.12500000000000003,0.8541666666666667,0.0,nan,0.0,0.0,0.0,analytical (unique full orders: uniform derivative bound with entry floor),true,
binary,3,2,pooling,0.0,0.0,0.25000000000000006,0.12500000000000003,0.8541666666666667,0.0,nan,0.0,0.0,0.1675,rejected,false,epsilon_q=1.675e-01
binary,3,2.05,full_orders,1.0,-1.0,0.25000000000000006,0.12500000000000003,0.8430729166666668,0.0,nan,0.0,0.0,0.0,analytical (unique full orders: uniform derivative bound with entry floor),true,
binary,3,2.05,pooling,0.0,0.0,0.25000000000000006,0.12500000000000003,0.8430729166666668,0.0,nan,0.0,0.0,0.17390624999999996,rejected,false,epsilon_q=1.739e-01
binary,3,2.1,full_orders,1.0,-1.0,0.25000000000000006,0.12500000000000003,0.830625,0.0,nan,0.0,0.0,0.0,analytical (unique full orders: uniform derivative bound with entry floor),true,
binary,3,2.1,pooling,0.0,0.0,0.25000000000000006,0.12500000000000003,0.830625,0.0,nan,0.0,0.0,0.180625,rejected,false,epsilon_q=1.806e-01
binary,3,2.15,full_orders,1.0,-1.0,0.25000000000000006,0.12500000000000003,0.8168229166666667,0.0,nan,0.0,0.0,0.0,analytical (unique full orders: uniform derivative bound with entry floor),true,
binary,3,2.15,pooling,0.0,0.0,0.25000000000000006,0.12500000000000003,0.8168229166666667,0.0,nan,0.0,0.0,0.18765625000000005,rejected,false,epsilon_q=1.877e-01
binary,3,2.2,full_orders,1.0,-1.0,0.25000000000000006,0.12500000000000003,0.8016666666666666,0.0,nan,0.0,0.0,0.0,analytical (unique full orders: uniform derivative bound with entry floor),true,
binary,3,2.2,pooling,0.0,0.0,0.25000000000000006,0.12500000000000003,0.8016666666666666,0.0,nan,0.0,0.0,0.19500000000000003,rejected,false,epsilon_q=1.950e-01
binary,3,2.25,full_orders,1.0,-1.0,0.25000000000000006,0.12500000000000003,0.78515625,0.0,nan,0.0,0.0,0.0,analytical (unique full orders: uniform derivative bound with entry floor),true,
binary,3,2.25,pooling,0.0,0.0,0.25000000000000006,0.12500000000000003,0.78515625,0.0,nan,0.0,0.0,0.20265625,rejected,false,epsilon_q=2.027e-01
binary,3,2.3,full_orders,1.0,-1.0,0.25000000000000006,0.12500000000000003,0.7672916666666667,0.0,nan,0.0,0.0,0.0,analytical (unique full orders: uniform derivative bound with entry floor),true,
binary,3,2.3,pooling,0.0,0.0,0.25000000000000006,0.12500000000000003,0.7672916666666667,0.0,nan,0.0,0.0,0.21062499999999998,rejected,false,epsilon_q=2.106e-01
binary,3,2.35,full_orders,1.0,-1.0,0.25000000000000006,0.12500000000000003,0.7480729166666666,0.0,nan,0.0,0.0,0.0,analytical (unique full orders: uniform derivative bound with entry floor),true,
binary,3,2.35,pooling,0.0,0.0,0.25000000000000006,0.12500000000000003,0.7480729166666666,0.0,nan,0.0,0.0,0.21890625,rejected,false,epsilon_q=2.189e-01
binary,3,2.4,full_orders,1.0,-1.0,0.25000000000000006,0.12500000000000003,0.7275000000000001,0.0,nan,0.0,0.0,0.0,analytical (unique full orders: uniform derivative bound with entry floor),true,
binary,3,2.4,pooling,0.0,0.0,0.25000000000000006,0.12500000000000003,0.7275000000000001,0.0,nan,0.0,0.0,0.22749999999999998,rejected,false,epsilon_q=2.275e-01
binary,3,2.45,full_orders,1.0,-1.0,0.25000000000000006,0.12500000000000003,0.7055729166666667,0.0,nan,0.0,0.0,0.0,analytical (unique full orders: uniform derivative bound with entry floor),true,
binary,3,2.45,pooling,0.0,0.0,0.25000000000000006,0.12500000000000003,0.7055729166666667,0.0,nan,0.0,0.0,0.23640625000000018,rejected,false,epsilon_q=2.364e-01
binary,3,2.5,full_orders,1.0,-1.0,0.25000000000000006,0.12500000000000003,0.6822916666666667,0.0,nan,0.0,0.0,0.0,analytical (unique full orders: uniform derivative bound with entry floor),true,
binary,3,2.5,pooling,0.0,0.0,0.25000000000000006,0.12500000000000003,0.6822916666666667,0.0,nan,0.0,0.0,0.24562500000000007,rejected,false,epsilon_q=2.456e-01
binary,3,2.55,full_orders,1.0,-1.0,0.25000000000000006,0.12500000000000003,0.65765625,0.0,nan,0.0,0.0,0.0,analytical (unique full orders: uniform derivative bound with entry floor),true,
binary,3,2.55,pooling,0.0,0.0,0.25000000000000006,0.12500000000000003,0.65765625,0.0,nan,0.0,0.0,0.2551562500000001,rejected,false,epsilon_q=2.552e-01
binary,3,2.6,full_orders,1.0,-1.0,0.25000000000000006,0.12500000000000003,0.6316666666666667,0.0,nan,0.0,0.0,0.0,analytical (unique full orders: uniform derivative bound with entry floor),true,
binary,3,2.6,pooling,0.0,0.0,0.25000000000000006,0.12500000000000003,0.6316666666666667,0.0,nan,0.0,0.0,0.265,rejected,false,epsilon_q=2.650e-01
binary,3,2.65,full_orders,1.0,-1.0,0.25000000000000006,0.12500000000000003,0.6043229166666668,0.0,nan,0.0,0.0,0.0,analytical (unique full orders: uniform derivative bound with entry floor),true,
binary,3,2.65,pooling,0.0,0.0,0.25000000000000006,0.12500000000000003,0.6043229166666668,0.0,nan,0.0,0.0,0.27515625,rejected,false,epsilon_q=2.752e-01
binary,3,2.7,full_orders,1.0,-1.0,0.25000000000000006,0.12500000000000003,0.575625,0.0,nan,0.0,0.0,0.0,analytical (unique full orders: uniform derivative bound with entry floor),true,
binary,3,2.7,pooling,0.0,0.0,0.25000000000000006,0.12500000000000003,0.575625,0.0,nan,0.0,0.0,0.28562499999999996,rejected,false,epsilon_q=2.856e-01
binary,3,2.75,full_orders,1.0,-1.0,0.25000000000000006,0.12500000000000003,0.5455729166666669,0.0,nan,0.0,0.0,0.0,analytical (unique full orders: uniform derivative bound with entry floor),true,
binary,3,2.75,pooling,0.0,0.0,0.25000000000000006,0.12500000000000003,0.5455729166666669,0.0,nan,0.0,0.0,0.29640625,rejected,false,epsilon_q=2.964e-01
binary,3,2.8,full_orders,1.0,-1.0,0.25000000000000006,0.12500000000000003,0.5141666666666669,0.0,nan,0.0,0.0,0.0,analytical (unique full orders: uniform derivative bound with entry floor),true,
binary,3,2.8,pooling,0.0,0.0,0.25000000000000006,0.12500000000000003,0.5141666666666669,0.0,nan,0.0,0.0,0.3075,rejected,false,epsilon_q=3.075e-01
binary,3,2.85,full_orders,1.0,-1.0,0.25000000000000006,0.12500000000000003,0.4814062499999999,0.0,nan,0.0,0.0,0.0,analytical (unique full orders: uniform derivative bound with entry floor),true,
binary,3,2.85,pooling,0.0,0.0,0.25000000000000006,0.12500000000000003,0.4814062499999999,0.0,nan,0.0,0.0,0.31890625000000006,rejected,false,epsilon_q=3.189e-01
binary,3,2.9,full_orders,1.0,-1.0,0.25000000000000006,0.12500000000000003,0.44729166666666664,0.0,nan,0.0,0.0,0.0,analytical (unique full orders: uniform derivative bound with entry floor),true,
binary,3,2.9,pooling,0.0,0.0,0.25000000000000006,0.12500000000000003,0.44729166666666664,0.0,nan,0.0,0.0,0.33062499999999995,rejected,false,epsilon_q=3.306e-01
binary,3,2.95,full_orders,1.0,-1.0,0.25000000000000006,0.12500000000000003,0.4118229166666666,0.0,nan,0.0,0.0,0.0,analytical (unique full orders: uniform derivative bound with entry floor),true,
binary,3,2.95,pooling,0.0,0.0,0.25000000000000006,0.12500000000000003,0.4118229166666666,0.0,nan,0.0,0.0,0.34265625,rejected,false,epsilon_q=3.427e-01
binary,3,2.9999,full_orders,1.0,-1.0,0.25000000000000006,0.12500000000000003,0.37507499729166693,0.0,nan,0.0,0.0,0.0,analytical (unique full orders: uniform derivative bound with entry floor),true,
binary,3,2.9999,pooling,0.0,0.0,0.25000000000000006,0.12500000000000003,0.37507499729166693,0.0,nan,0.0,0.0,0.35497500062499987,rejected,false,epsilon_q=3.550e-01
binary,3,3,full_orders,1.0,-1.0,0.25000000000000006,0.12500000000000003,0.3750000000000001,0.0,nan,0.0,0.0,0.0,analytical (unique full orders: uniform derivative bound with entry floor),true,
binary,3,3,pooling,0.0,0.0,0.25000000000000006,0.12500000000000003,0.3750000000000001,0.0,nan,0.0,0.0,0.355,rejected,false,epsilon_q=3.550e-01
binary,3,3.0001,full_orders,1.0,-1.0,0.25000000000000006,0.12500000000000003,0.37501250000000014,0.0,nan,0.0,0.0,0.0,analytical (unique full orders: uniform derivative bound with entry floor),true,
binary,3,3.0001,pooling,0.0,0.0,0.25000000000000006,0.12500000000000003,0.37501250000000014,0.0,nan,0.0,0.0,0.35501250000000006,rejected,false,epsilon_q=3.550e-01
binary,3,3.05,full_orders,1.0,-1.0,0.25000000000000006,0.12500000000000003,0.3812500000000001,0.0,nan,0.0,0.0,0.0,analytical (unique full orders: uniform derivative bound with entry floor),true,
binary,3,3.05,pooling,0.0,0.0,0.25000000000000006,0.12500000000000003,0.3812500000000001,0.0,nan,0.0,0.0,0.36124999999999996,rejected,false,epsilon_q=3.612e-01
binary,3,3.1,full_orders,1.0,-1.0,0.25000000000000006,0.12500000000000003,0.3875000000000001,0.0,nan,0.0,0.0,0.0,analytical (unique full orders: uniform derivative bound with entry floor),true,
binary,3,3.1,pooling,0.0,0.0,0.25000000000000006,0.12500000000000003,0.3875000000000001,0.0,nan,0.0,0.0,0.36750000000000005,rejected,false,epsilon_q=3.675e-01
binary,3,3.15,full_orders,1.0,-1.0,0.25000000000000006,0.12500000000000003,0.3937500000000001,0.0,nan,0.0,0.0,0.0,analytical (unique full orders: uniform derivative bound with entry floor),true,
binary,3,3.15,pooling,0.0,0.0,0.25000000000000006,0.12500000000000003,0.3937500000000001,0.0,nan,0.0,0.0,0.37374999999999997,rejected,false,epsilon_q=3.737e-01
binary,3,3.2,full_orders,1.0,-1.0,0.25000000000000006,0.12500000000000003,0.40000000000000013,0.0,nan,0.0,0.0,0.0,analytical (unique full orders: uniform derivative bound with entry floor),true,
binary,3,3.2,pooling,0.0,0.0,0.25000000000000006,0.12500000000000003,0.40000000000000013,0.0,nan,0.0,0.0,0.38,rejected,false,epsilon_q=3.800e-01
binary,3,3.25,full_orders,1.0,-1.0,0.25000000000000006,0.12500000000000003,0.4062500000000001,0.0,nan,0.0,0.0,0.0,analytical (unique full orders: uniform derivative bound with entry floor),true,
binary,3,3.25,pooling,0.0,0.0,0.25000000000000006,0.12500000000000003,0.4062500000000001,0.0,nan,0.0,0.0,0.38625,rejected,false,epsilon_q=3.862e-01
binary,3,3.3,full_orders,1.0,-1.0,0.25000000000000006,0.12500000000000003,0.4125000000000001,0.0,nan,0.0,0.0,0.0,analytical (unique full orders: uniform derivative bound with entry floor),true,
binary,3,3.3,pooling,0.0,0.0,0.25000000000000006,0.12500000000000003,0.4125000000000001,0.0,nan,0.0,0.0,0.39249999999999996,rejected,false,epsilon_q=3.925e-01
binary,3,3.35,full_orders,1.0,-1.0,0.25000000000000006,0.12500000000000003,0.4187500000000001,0.0,nan,0.0,0.0,0.0,analytical (unique full orders: uniform derivative bound with entry floor),true,
binary,3,3.35,pooling,0.0,0.0,0.25000000000000006,0.12500000000000003,0.4187500000000001,0.0,nan,0.0,0.0,0.39875,rejected,false,epsilon_q=3.987e-01
binary,3,3.4,full_orders,1.0,-1.0,0.25000000000000006,0.12500000000000003,0.4250000000000001,0.0,nan,0.0,0.0,0.0,analytical (unique full orders: uniform derivative bound with entry floor),true,
binary,3,3.4,pooling,0.0,0.0,0.25000000000000006,0.12500000000000003,0.4250000000000001,0.0,nan,0.0,0.0,0.405,rejected,false,epsilon_q=4.050e-01
binary,3,3.45,full_orders,1.0,-1.0,0.25000000000000006,0.12500000000000003,0.43125000000000013,0.0,nan,0.0,0.0,0.0,analytical (unique full orders: uniform derivative bound with entry floor),true,
binary,3,3.45,pooling,0.0,0.0,0.25000000000000006,0.12500000000000003,0.43125000000000013,0.0,nan,0.0,0.0,0.41125,rejected,false,epsilon_q=4.113e-01
binary,3,3.5,full_orders,1.0,-1.0,0.25000000000000006,0.12500000000000003,0.4375000000000001,0.0,nan,0.0,0.0,0.0,analytical (unique full orders: uniform derivative bound with entry floor),true,
binary,3,3.5,pooling,0.0,0.0,0.25000000000000006,0.12500000000000003,0.4375000000000001,0.0,nan,0.0,0.0,0.4175,rejected,false,epsilon_q=4.175e-01
binary,3,3.55,full_orders,1.0,-1.0,0.25000000000000006,0.12500000000000003,0.4437500000000001,0.0,nan,0.0,0.0,0.0,analytical (unique full orders: uniform derivative bound with entry floor),true,
binary,3,3.55,pooling,0.0,0.0,0.25000000000000006,0.12500000000000003,0.4437500000000001,0.0,nan,0.0,0.0,0.42374999999999996,rejected,false,epsilon_q=4.237e-01
binary,3,3.6,full_orders,1.0,-1.0,0.25000000000000006,0.12500000000000003,0.4500000000000001,0.0,nan,0.0,0.0,0.0,analytical (unique full orders: uniform derivative bound with entry floor),true,
binary,3,3.6,pooling,0.0,0.0,0.25000000000000006,0.12500000000000003,0.4500000000000001,0.0,nan,0.0,0.0,0.43000000000000005,rejected,false,epsilon_q=4.300e-01
binary,3,3.65,full_orders,1.0,-1.0,0.25000000000000006,0.12500000000000003,0.4562500000000001,0.0,nan,0.0,0.0,0.0,analytical (unique full orders: uniform derivative bound with entry floor),true,
binary,3,3.65,pooling,0.0,0.0,0.25000000000000006,0.12500000000000003,0.4562500000000001,0.0,nan,0.0,0.0,0.43625,rejected,false,epsilon_q=4.363e-01
binary,3,3.7,full_orders,1.0,-1.0,0.25000000000000006,0.12500000000000003,0.46250000000000013,0.0,nan,0.0,0.0,0.0,analytical (unique full orders: uniform derivative bound with entry floor),true,
binary,3,3.7,pooling,0.0,0.0,0.25000000000000006,0.12500000000000003,0.46250000000000013,0.0,nan,0.0,0.0,0.4425,rejected,false,epsilon_q=4.425e-01
binary,3,3.75,full_orders,1.0,-1.0,0.25000000000000006,0.12500000000000003,0.4687500000000001,0.0,nan,0.0,0.0,0.0,analytical (unique full orders: uniform derivative bound with entry floor),true,
binary,3,3.75,pooling,0.0,0.0,0.25000000000000006,0.12500000000000003,0.4687500000000001,0.0,nan,0.0,0.0,0.44875,rejected,false,epsilon_q=4.487e-01
binary,3,3.8,full_orders,1.0,-1.0,0.25000000000000006,0.12500000000000003,0.4750000000000001,0.0,nan,0.0,0.0,0.0,analytical (unique full orders: uniform derivative bound with entry floor),true,
binary,3,3.8,pooling,0.0,0.0,0.25000000000000006,0.12500000000000003,0.4750000000000001,0.0,nan,0.0,0.0,0.45499999999999996,rejected,false,epsilon_q=4.550e-01
binary,3,3.85,full_orders,1.0,-1.0,0.25000000000000006,0.12500000000000003,0.4812500000000001,0.0,nan,0.0,0.0,0.0,analytical (unique full orders: uniform derivative bound with entry floor),true,
binary,3,3.85,pooling,0.0,0.0,0.25000000000000006,0.12500000000000003,0.4812500000000001,0.0,nan,0.0,0.0,0.46125000000000005,rejected,false,epsilon_q=4.613e-01
binary,3,3.9,full_orders,1.0,-1.0,0.25000000000000006,0.12500000000000003,0.4875000000000001,0.0,nan,0.0,0.0,0.0,analytical (unique full orders: uniform derivative bound with entry floor),true,
binary,3,3.9,pooling,0.0,0.0,0.25000000000000006,0.12500000000000003,0.4875000000000001,0.0,nan,0.0,0.0,0.46749999999999997,rejected,false,epsilon_q=4.675e-01
binary,3,3.95,full_orders,1.0,-1.0,0.25000000000000006,0.12500000000000003,0.49375000000000013,0.0,nan,0.0,0.0,0.0,analytical (unique full orders: uniform derivative bound with entry floor),true,
binary,3,3.95,pooling,0.0,0.0,0.25000000000000006,0.12500000000000003,0.49375000000000013,0.0,nan,0.0,0.0,0.47375,rejected,false,epsilon_q=4.738e-01
binary,3,4,full_orders,1.0,-1.0,0.25000000000000006,0.12500000000000003,0.5000000000000001,0.0,nan,0.0,0.0,0.0,analytical (unique full orders: uniform derivative bound with entry floor),true,
binary,3,4,pooling,0.0,0.0,0.25000000000000006,0.12500000000000003,0.5000000000000001,0.0,nan,0.0,0.0,0.48,rejected,false,epsilon_q=4.800e-01
binary,3,4.05,full_orders,1.0,-1.0,0.25000000000000006,0.12500000000000003,0.5062500000000001,0.0,nan,0.0,0.0,0.0,analytical (unique full orders: uniform derivative bound with entry floor),true,
binary,3,4.05,pooling,0.0,0.0,0.25000000000000006,0.12500000000000003,0.5062500000000001,0.0,nan,0.0,0.0,0.48624999999999996,rejected,false,epsilon_q=4.862e-01
binary,3,4.1,full_orders,1.0,-1.0,0.25000000000000006,0.12500000000000003,0.5125000000000001,0.0,nan,0.0,0.0,0.0,analytical (unique full orders: uniform derivative bound with entry floor),true,
binary,3,4.1,pooling,0.0,0.0,0.25000000000000006,0.12500000000000003,0.5125000000000001,0.0,nan,0.0,0.0,0.49249999999999994,rejected,false,epsilon_q=4.925e-01
binary,3,4.15,full_orders,1.0,-1.0,0.25000000000000006,0.12500000000000003,0.5187500000000002,0.0,nan,0.0,0.0,0.0,analytical (unique full orders: uniform derivative bound with entry floor),true,
binary,3,4.15,pooling,0.0,0.0,0.25000000000000006,0.12500000000000003,0.5187500000000002,0.0,nan,0.0,0.0,0.49875,rejected,false,epsilon_q=4.988e-01
binary,3,4.2,full_orders,1.0,-1.0,0.25000000000000006,0.12500000000000003,0.5250000000000001,0.0,nan,0.0,0.0,0.0,analytical (unique full orders: uniform derivative bound with entry floor),true,
binary,3,4.2,pooling,0.0,0.0,0.25000000000000006,0.12500000000000003,0.5250000000000001,0.0,nan,0.0,0.0,0.505,rejected,false,epsilon_q=5.050e-01
binary,3,4.25,full_orders,1.0,-1.0,0.25000000000000006,0.12500000000000003,0.5312500000000001,0.0,nan,0.0,0.0,0.0,analytical (unique full orders: uniform derivative bound with entry floor),true,
binary,3,4.25,pooling,0.0,0.0,0.25000000000000006,0.12500000000000003,0.5312500000000001,0.0,nan,0.0,0.0,0.51125,rejected,false,epsilon_q=5.112e-01
binary,3,4.3,full_orders,1.0,-1.0,0.25000000000000006,0.12500000000000003,0.5375000000000001,0.0,nan,0.0,0.0,0.0,analytical (unique full orders: uniform derivative bound with entry floor),true,
binary,3,4.3,pooling,0.0,0.0,0.25000000000000006,0.12500000000000003,0.5375000000000001,0.0,nan,0.0,0.0,0.5175,rejected,false,epsilon_q=5.175e-01
binary,3,4.35,full_orders,1.0,-1.0,0.25000000000000006,0.12500000000000003,0.5437500000000001,0.0,nan,0.0,0.0,0.0,analytical (unique full orders: uniform derivative bound with entry floor),true,
binary,3,4.35,pooling,0.0,0.0,0.25000000000000006,0.12500000000000003,0.5437500000000001,0.0,nan,0.0,0.0,0.5237499999999999,rejected,false,epsilon_q=5.237e-01
binary,3,4.4,full_orders,1.0,-1.0,0.25000000000000006,0.12500000000000003,0.5500000000000002,0.0,nan,0.0,0.0,0.0,analytical (unique full orders: uniform derivative bound with entry floor),true,
binary,3,4.4,pooling,0.0,0.0,0.25000000000000006,0.12500000000000003,0.5500000000000002,0.0,nan,0.0,0.0,0.53,rejected,false,epsilon_q=5.300e-01
binary,3,4.45,full_orders,1.0,-1.0,0.25000000000000006,0.12500000000000003,0.5562500000000001,0.0,nan,0.0,0.0,0.0,analytical (unique full orders: uniform derivative bound with entry floor),true,
binary,3,4.45,pooling,0.0,0.0,0.25000000000000006,0.12500000000000003,0.5562500000000001,0.0,nan,0.0,0.0,0.5362500000000001,rejected,false,epsilon_q=5.363e-01
binary,3,4.5,full_orders,1.0,-1.0,0.25000000000000006,0.12500000000000003,0.5625000000000001,0.0,nan,0.0,0.0,0.0,analytical (unique full orders: uniform derivative bound with entry floor),true,
binary,3,4.5,pooling,0.0,0.0,0.25000000000000006,0.12500000000000003,0.5625000000000001,0.0,nan,0.0,0.0,0.5425,rejected,false,epsilon_q=5.425e-01
binary,3,4.55,full_orders,1.0,-1.0,0.25000000000000006,0.12500000000000003,0.5687500000000001,0.0,nan,0.0,0.0,0.0,analytical (unique full orders: uniform derivative bound with entry floor),true,
binary,3,4.55,pooling,0.0,0.0,0.25000000000000006,0.12500000000000003,0.5687500000000001,0.0,nan,0.0,0.0,0.54875,rejected,false,epsilon_q=5.487e-01
binary,3,4.6,full_orders,1.0,-1.0,0.25000000000000006,0.12500000000000003,0.5750000000000001,0.0,nan,0.0,0.0,0.0,analytical (unique full orders: uniform derivative bound with entry floor),true,
binary,3,4.6,pooling,0.0,0.0,0.25000000000000006,0.12500000000000003,0.5750000000000001,0.0,nan,0.0,0.0,0.5549999999999999,rejected,false,epsilon_q=5.550e-01
binary,3,4.65,full_orders,1.0,-1.0,0.25000000000000006,0.12500000000000003,0.5812500000000002,0.0,nan,0.0,0.0,0.0,analytical (unique full orders: uniform derivative bound with entry floor),true,
binary,3,4.65,pooling,0.0,0.0,0.25000000000000006,0.12500000000000003,0.5812500000000002,0.0,nan,0.0,0.0,0.56125,rejected,false,epsilon_q=5.613e-01
binary,3,4.7,full_orders,1.0,-1.0,0.25000000000000006,0.12500000000000003,0.5875000000000001,0.0,nan,0.0,0.0,0.0,analytical (unique full orders: uniform derivative bound with entry floor),true,
binary,3,4.7,pooling,0.0,0.0,0.25000000000000006,0.12500000000000003,0.5875000000000001,0.0,nan,0.0,0.0,0.5675,rejected,false,epsilon_q=5.675e-01
binary,3,4.75,full_orders,1.0,-1.0,0.25000000000000006,0.12500000000000003,0.5937500000000001,0.0,nan,0.0,0.0,0.0,analytical (unique full orders: uniform derivative bound with entry floor),true,
binary,3,4.75,pooling,0.0,0.0,0.25000000000000006,0.12500000000000003,0.5937500000000001,0.0,nan,0.0,0.0,0.57375,rejected,false,epsilon_q=5.737e-01
binary,3,4.8,full_orders,1.0,-1.0,0.25000000000000006,0.12500000000000003,0.6000000000000001,0.0,nan,0.0,0.0,0.0,analytical (unique full orders: uniform derivative bound with entry floor),true,
binary,3,4.8,pooling,0.0,0.0,0.25000000000000006,0.12500000000000003,0.6000000000000001,0.0,nan,0.0,0.0,0.5800000000000001,rejected,false,epsilon_q=5.800e-01
binary,3,4.85,full_orders,1.0,-1.0,0.25000000000000006,0.12500000000000003,0.6062500000000001,0.0,nan,0.0,0.0,0.0,analytical (unique full orders: uniform derivative bound with entry floor),true,
binary,3,4.85,pooling,0.0,0.0,0.25000000000000006,0.12500000000000003,0.6062500000000001,0.0,nan,0.0,0.0,0.5862499999999999,rejected,false,epsilon_q=5.862e-01
binary,3,4.9,full_orders,1.0,-1.0,0.25000000000000006,0.12500000000000003,0.6125000000000002,0.0,nan,0.0,0.0,0.0,analytical (unique full orders: uniform derivative bound with entry floor),true,
binary,3,4.9,pooling,0.0,0.0,0.25000000000000006,0.12500000000000003,0.6125000000000002,0.0,nan,0.0,0.0,0.5925,rejected,false,epsilon_q=5.925e-01
binary,3,4.95,full_orders,1.0,-1.0,0.25000000000000006,0.12500000000000003,0.6187500000000001,0.0,nan,0.0,0.0,0.0,analytical (unique full orders: uniform derivative bound with entry floor),true,
binary,3,4.95,pooling,0.0,0.0,0.25000000000000006,0.12500000000000003,0.6187500000000001,0.0,nan,0.0,0.0,0.5987500000000001,rejected,false,epsilon_q=5.988e-01
binary,3,5,full_orders,1.0,-1.0,0.25000000000000006,0.12500000000000003,0.6250000000000001,0.0,nan,0.0,0.0,0.0,analytical (unique full orders: uniform derivative bound with entry floor),true,
binary,3,5,pooling,0.0,0.0,0.25000000000000006,0.12500000000000003,0.6250000000000001,0.0,nan,0.0,0.0,0.605,rejected,false,epsilon_q=6.050e-01
binary,3,5.05,full_orders,1.0,-1.0,0.25000000000000006,0.12500000000000003,0.6312500000000001,0.0,nan,0.0,0.0,0.0,analytical (unique full orders: uniform derivative bound with entry floor),true,
binary,3,5.05,pooling,0.0,0.0,0.25000000000000006,0.12500000000000003,0.6312500000000001,0.0,nan,0.0,0.0,0.61125,rejected,false,epsilon_q=6.112e-01
binary,3,5.1,full_orders,1.0,-1.0,0.25000000000000006,0.12500000000000003,0.6375000000000001,0.0,nan,0.0,0.0,0.0,analytical (unique full orders: uniform derivative bound with entry floor),true,
binary,3,5.1,pooling,0.0,0.0,0.25000000000000006,0.12500000000000003,0.6375000000000001,0.0,nan,0.0,0.0,0.6174999999999999,rejected,false,epsilon_q=6.175e-01
binary,3,5.15,full_orders,1.0,-1.0,0.25000000000000006,0.12500000000000003,0.6437500000000002,0.0,nan,0.0,0.0,0.0,analytical (unique full orders: uniform derivative bound with entry floor),true,
binary,3,5.15,pooling,0.0,0.0,0.25000000000000006,0.12500000000000003,0.6437500000000002,0.0,nan,0.0,0.0,0.62375,rejected,false,epsilon_q=6.238e-01
binary,3,5.2,full_orders,1.0,-1.0,0.25000000000000006,0.12500000000000003,0.6500000000000001,0.0,nan,0.0,0.0,0.0,analytical (unique full orders: uniform derivative bound with entry floor),true,
binary,3,5.2,pooling,0.0,0.0,0.25000000000000006,0.12500000000000003,0.6500000000000001,0.0,nan,0.0,0.0,0.63,rejected,false,epsilon_q=6.300e-01
binary,3,5.25,full_orders,1.0,-1.0,0.25000000000000006,0.12500000000000003,0.6562500000000001,0.0,nan,0.0,0.0,0.0,analytical (unique full orders: uniform derivative bound with entry floor),true,
binary,3,5.25,pooling,0.0,0.0,0.25000000000000006,0.12500000000000003,0.6562500000000001,0.0,nan,0.0,0.0,0.63625,rejected,false,epsilon_q=6.362e-01
binary,3,5.3,full_orders,1.0,-1.0,0.25000000000000006,0.12500000000000003,0.6625000000000001,0.0,nan,0.0,0.0,0.0,analytical (unique full orders: uniform derivative bound with entry floor),true,
binary,3,5.3,pooling,0.0,0.0,0.25000000000000006,0.12500000000000003,0.6625000000000001,0.0,nan,0.0,0.0,0.6425000000000001,rejected,false,epsilon_q=6.425e-01
binary,3,5.35,full_orders,1.0,-1.0,0.25000000000000006,0.12500000000000003,0.6687500000000001,0.0,nan,0.0,0.0,0.0,analytical (unique full orders: uniform derivative bound with entry floor),true,
binary,3,5.35,pooling,0.0,0.0,0.25000000000000006,0.12500000000000003,0.6687500000000001,0.0,nan,0.0,0.0,0.6487499999999999,rejected,false,epsilon_q=6.487e-01
binary,3,5.4,full_orders,1.0,-1.0,0.25000000000000006,0.12500000000000003,0.6750000000000002,0.0,nan,0.0,0.0,0.0,analytical (unique full orders: uniform derivative bound with entry floor),true,
binary,3,5.4,pooling,0.0,0.0,0.25000000000000006,0.12500000000000003,0.6750000000000002,0.0,nan,0.0,0.0,0.655,rejected,false,epsilon_q=6.550e-01
binary,3,5.45,full_orders,1.0,-1.0,0.25000000000000006,0.12500000000000003,0.6812500000000001,0.0,nan,0.0,0.0,0.0,analytical (unique full orders: uniform derivative bound with entry floor),true,
binary,3,5.45,pooling,0.0,0.0,0.25000000000000006,0.12500000000000003,0.6812500000000001,0.0,nan,0.0,0.0,0.66125,rejected,false,epsilon_q=6.613e-01
binary,3,5.5,full_orders,1.0,-1.0,0.25000000000000006,0.12500000000000003,0.6875000000000001,0.0,nan,0.0,0.0,0.0,analytical (unique full orders: uniform derivative bound with entry floor),true,
binary,3,5.5,pooling,0.0,0.0,0.25000000000000006,0.12500000000000003,0.6875000000000001,0.0,nan,0.0,0.0,0.6675,rejected,false,epsilon_q=6.675e-01
binary,3,5.55,full_orders,1.0,-1.0,0.25000000000000006,0.12500000000000003,0.6937500000000001,0.0,nan,0.0,0.0,0.0,analytical (unique full orders: uniform derivative bound with entry floor),true,
binary,3,5.55,pooling,0.0,0.0,0.25000000000000006,0.12500000000000003,0.6937500000000001,0.0,nan,0.0,0.0,0.67375,rejected,false,epsilon_q=6.737e-01
binary,3,5.6,full_orders,1.0,-1.0,0.25000000000000006,0.12500000000000003,0.7000000000000001,0.0,nan,0.0,0.0,0.0,analytical (unique full orders: uniform derivative bound with entry floor),true,
binary,3,5.6,pooling,0.0,0.0,0.25000000000000006,0.12500000000000003,0.7000000000000001,0.0,nan,0.0,0.0,0.6799999999999999,rejected,false,epsilon_q=6.800e-01
binary,3,5.65,full_orders,1.0,-1.0,0.25000000000000006,0.12500000000000003,0.7062500000000002,0.0,nan,0.0,0.0,0.0,analytical (unique full orders: uniform derivative bound with entry floor),true,
binary,3,5.65,pooling,0.0,0.0,0.25000000000000006,0.12500000000000003,0.7062500000000002,0.0,nan,0.0,0.0,0.68625,rejected,false,epsilon_q=6.863e-01
binary,3,5.7,full_orders,1.0,-1.0,0.25000000000000006,0.12500000000000003,0.7125000000000001,0.0,nan,0.0,0.0,0.0,analytical (unique full orders: uniform derivative bound with entry floor),true,
binary,3,5.7,pooling,0.0,0.0,0.25000000000000006,0.12500000000000003,0.7125000000000001,0.0,nan,0.0,0.0,0.6925000000000001,rejected,false,epsilon_q=6.925e-01
binary,3,5.75,full_orders,1.0,-1.0,0.25000000000000006,0.12500000000000003,0.7187500000000001,0.0,nan,0.0,0.0,0.0,analytical (unique full orders: uniform derivative bound with entry floor),true,
binary,3,5.75,pooling,0.0,0.0,0.25000000000000006,0.12500000000000003,0.7187500000000001,0.0,nan,0.0,0.0,0.69875,rejected,false,epsilon_q=6.987e-01
binary,3,5.8,full_orders,1.0,-1.0,0.25000000000000006,0.12500000000000003,0.7250000000000001,0.0,nan,0.0,0.0,0.0,analytical (unique full orders: uniform derivative bound with entry floor),true,
binary,3,5.8,pooling,0.0,0.0,0.25000000000000006,0.12500000000000003,0.7250000000000001,0.0,nan,0.0,0.0,0.7050000000000001,rejected,false,epsilon_q=7.050e-01
binary,3,5.85,full_orders,1.0,-1.0,0.25000000000000006,0.12500000000000003,0.7312500000000001,0.0,nan,0.0,0.0,0.0,analytical (unique full orders: uniform derivative bound with entry floor),true,
binary,3,5.85,pooling,0.0,0.0,0.25000000000000006,0.12500000000000003,0.7312500000000001,0.0,nan,0.0,0.0,0.7112499999999999,rejected,false,epsilon_q=7.112e-01
binary,3,5.9,full_orders,1.0,-1.0,0.25000000000000006,0.12500000000000003,0.7375000000000002,0.0,nan,0.0,0.0,0.0,analytical (unique full orders: uniform derivative bound with entry floor),true,
binary,3,5.9,pooling,0.0,0.0,0.25000000000000006,0.12500000000000003,0.7375000000000002,0.0,nan,0.0,0.0,0.7175,rejected,false,epsilon_q=7.175e-01
binary,3,5.95,full_orders,1.0,-1.0,0.25000000000000006,0.12500000000000003,0.7437500000000001,0.0,nan,0.0,0.0,0.0,analytical (unique full orders: uniform derivative bound with entry floor),true,
binary,3,5.95,pooling,0.0,0.0,0.25000000000000006,0.12500000000000003,0.7437500000000001,0.0,nan,0.0,0.0,0.72375,rejected,false,epsilon_q=7.238e-01
binary,3,6,full_orders,1.0,-1.0,0.25000000000000006,0.12500000000000003,0.7500000000000002,0.0,nan,0.0,0.0,0.0,analytical (unique full orders: uniform derivative bound with entry floor),true,
binary,3,6,pooling,0.0,0.0,0.25000000000000006,0.12500000000000003,0.7500000000000002,0.0,nan,0.0,0.0,0.73,rejected,false,epsilon_q=7.300e-01
binary,3,6.05,full_orders,1.0,-1.0,0.25000000000000006,0.12500000000000003,0.7562500000000002,0.0,nan,0.0,0.0,0.0,analytical (unique full orders: uniform derivative bound with entry floor),true,
binary,3,6.05,pooling,0.0,0.0,0.25000000000000006,0.12500000000000003,0.7562500000000002,0.0,nan,0.0,0.0,0.73625,rejected,false,epsilon_q=7.362e-01
binary,3,6.1,full_orders,1.0,-1.0,0.25000000000000006,0.12500000000000003,0.7625000000000002,0.0,nan,0.0,0.0,0.0,analytical (unique full orders: uniform derivative bound with entry floor),true,
binary,3,6.1,pooling,0.0,0.0,0.25000000000000006,0.12500000000000003,0.7625000000000002,0.0,nan,0.0,0.0,0.7424999999999999,rejected,false,epsilon_q=7.425e-01
binary,3,6.15,full_orders,1.0,-1.0,0.25000000000000006,0.12500000000000003,0.7687500000000003,0.0,nan,0.0,0.0,0.0,analytical (unique full orders: uniform derivative bound with entry floor),true,
binary,3,6.15,pooling,0.0,0.0,0.25000000000000006,0.12500000000000003,0.7687500000000003,0.0,nan,0.0,0.0,0.74875,rejected,false,epsilon_q=7.488e-01
binary,3,6.2,full_orders,1.0,-1.0,0.25000000000000006,0.12500000000000003,0.7750000000000002,0.0,nan,0.0,0.0,0.0,analytical (unique full orders: uniform derivative bound with entry floor),true,
binary,3,6.2,pooling,0.0,0.0,0.25000000000000006,0.12500000000000003,0.7750000000000002,0.0,nan,0.0,0.0,0.7550000000000001,rejected,false,epsilon_q=7.550e-01
binary,3,6.25,full_orders,1.0,-1.0,0.25000000000000006,0.12500000000000003,0.7812500000000002,0.0,nan,0.0,0.0,0.0,analytical (unique full orders: uniform derivative bound with entry floor),true,
binary,3,6.25,pooling,0.0,0.0,0.25000000000000006,0.12500000000000003,0.7812500000000002,0.0,nan,0.0,0.0,0.76125,rejected,false,epsilon_q=7.612e-01
binary,3,6.3,full_orders,1.0,-1.0,0.16421929798911594,0.10192982471228483,0.6421578956873945,0.34312280804353645,0.2689436522073229,0.0,0.0,0.0,numerical diagnostic,true,
binary,3,6.3,pooling,0.0,0.0,0.25000000000000006,0.12500000000000003,0.7875000000000002,0.0,nan,0.0,0.0,0.7675,rejected,false,epsilon_q=7.675e-01
binary,3,6.35,full_orders,1.0,-1.0,0.16342322231737821,0.10171319859552844,0.6458788110816055,0.3463071107304875,0.2689728357624686,0.0,0.0,0.0,numerical diagnostic,true,
binary,3,6.35,pooling,0.0,0.0,0.25000000000000006,0.12500000000000003,0.7937500000000002,0.0,nan,0.0,0.0,0.7737499999999999,rejected,false,epsilon_q=7.737e-01
binary,3,6.4,full_orders,1.0,-1.0,0.16261543469883694,0.10149035331322688,0.6495382612046521,0.3495382612046525,0.2690366039557358,0.0,0.0,0.0,numerical diagnostic,true,
binary,3,6.4,pooling,0.0,0.0,0.25000000000000006,0.12500000000000003,0.8000000000000003,0.0,nan,0.0,0.0,0.78,rejected,false,epsilon_q=7.800e-01
binary,3,6.45,full_orders,1.0,-1.0,0.1617954725137454,0.10126098547500305,0.6531333563137697,0.3528181099450187,0.2691360092450624,0.0,0.0,0.0,numerical diagnostic,true,
binary,3,6.45,pooling,0.0,0.0,0.25000000000000006,0.12500000000000003,0.8062500000000002,0.0,nan,0.0,0.0,0.7862500000000001,rejected,false,epsilon_q=7.863e-01
binary,3,6.5,full_orders,1.0,-1.0,0.16096284416405848,0.10102477055729442,0.6566610086224137,0.3561486233437663,0.26927218437751993,0.0,0.0,0.0,numerical diagnostic,true,
binary,3,6.5,pooling,0.0,0.0,0.25000000000000006,0.12500000000000003,0.8125000000000002,0.0,nan,0.0,0.0,0.7925,rejected,false,epsilon_q=7.925e-01
binary,3,6.55,full_orders,1.0,-1.0,0.16011702659026972,0.10078136097222788,0.6601179143680926,0.3595318936389216,0.2694463490584787,0.0,0.0,0.0,numerical diagnostic,true,
binary,3,6.55,pooling,0.0,0.0,0.25000000000000006,0.12500000000000003,0.8187500000000002,0.0,nan,0.0,0.0,0.7987500000000001,rejected,false,epsilon_q=7.988e-01
binary,3,6.6,full_orders,1.0,-1.0,0.15925746251712214,0.10053038391634143,0.6635005338478535,0.3629701499315118,0.2696598173516555,0.0,0.0,0.0,numerical diagnostic,true,
binary,3,6.6,pooling,0.0,0.0,0.25000000000000006,0.12500000000000003,0.8250000000000002,0.0,nan,0.0,0.0,0.8049999999999999,rejected,false,epsilon_q=8.050e-01
binary,3,6.65,full_orders,1.0,-1.0,0.15838355739203358,0.10027143896886409,0.6668050691429462,0.366465770431866,0.26991400590559156,0.0,0.0,0.0,numerical diagnostic,true,
binary,3,6.65,pooling,0.0,0.0,0.25000000000000006,0.12500000000000003,0.8312500000000003,0.0,nan,0.0,0.0,0.81125,rejected,false,epsilon_q=8.113e-01
binary,3,6.7,full_orders,1.0,-1.0,0.15749467597434305,0.1000040954043516,0.6700274392091558,0.3700212961026281,0.2702104431169352,0.0,0.0,0.0,numerical diagnostic,true,
binary,3,6.7,pooling,0.0,0.0,0.25000000000000006,0.12500000000000003,0.8375000000000002,0.0,nan,0.0,0.0,0.8175,rejected,false,epsilon_q=8.175e-01
binary,3,6.75,full_orders,1.0,-1.0,0.15659013852669967,0.0997278891786403,0.673163251955822,0.3736394458932015,0.27055077935838,0.0,0.0,0.0,numerical diagnostic,true,
binary,3,6.75,pooling,0.0,0.0,0.25000000000000006,0.12500000000000003,0.8437500000000002,0.0,nan,0.0,0.0,0.82375,rejected,false,epsilon_q=8.237e-01
binary,3,6.8,full_orders,1.0,-1.0,0.15566921655184981,0.09944231954012524,0.6762077728728516,0.3773231337926011,0.2709367984198161,0.0,0.0,0.0,numerical diagnostic,true,
binary,3,6.8,pooling,0.0,0.0,0.25000000000000006,0.12500000000000003,0.8500000000000002,0.0,nan,0.0,0.0,0.8300000000000001,rejected,false,epsilon_q=8.300e-01
binary,3,6.85,full_orders,1.0,-1.0,0.1547311280084503,0.09914684521004329,0.6791558896887965,0.38107548796619906,0.2713704303358383,0.0,0.0,0.0,numerical diagnostic,true,
binary,3,6.85,pooling,0.0,0.0,0.25000000000000006,0.12500000000000003,0.8562500000000002,0.0,nan,0.0,0.0,0.8362499999999999,rejected,false,epsilon_q=8.362e-01
binary,3,6.9,full_orders,1.0,-1.0,0.15377503192801092,0.0988408800654447,0.6820020724515684,0.3848998722879565,0.27185376580208204,0.0,0.0,0.0,numerical diagnostic,true,
binary,3,6.9,pooling,0.0,0.0,0.25000000000000006,0.12500000000000003,0.8625000000000003,0.0,nan,0.0,0.0,0.8425,rejected,false,epsilon_q=8.425e-01
binary,3,6.95,full_orders,1.0,-1.0,0.15280002234120207,0.09852378824647429,0.6847403283129964,0.3887999106351919,0.27238907241795324,0.0,0.0,0.0,numerical diagnostic,true,
binary,3,6.95,pooling,0.0,0.0,0.25000000000000006,0.12500000000000003,0.8687500000000002,0.0,nan,0.0,0.0,0.84875,rejected,false,epsilon_q=8.488e-01
binary,3,7,full_orders,1.0,-1.0,0.15180512140502214,0.09819487859497796,0.6873641501648456,0.39277951437991165,0.2729788130354999,0.0,0.0,0.0,numerical diagnostic,true,
binary,3,7,pooling,0.0,0.0,0.25000000000000006,0.12500000000000003,0.8750000000000002,0.0,nan,0.0,0.0,0.855,rejected,false,epsilon_q=8.550e-01
binary,3,7.05,full_orders,1.0,-1.0,0.15078927160200684,0.09785339831367713,0.6898664581114238,0.396842913591973,0.27362566654507114,0.0,0.0,0.0,numerical diagnostic,true,
binary,3,7.05,pooling,0.0,0.0,0.25000000000000006,0.12500000000000003,0.8812500000000002,0.0,nan,0.0,0.0,0.8612500000000001,rejected,false,epsilon_q=8.613e-01
binary,3,7.1,full_orders,1.0,-1.0,0.14975132685791037,0.09749852571343298,0.6922395325653742,0.4009946925683586,0.2743325514901054,0.0,0.0,0.0,numerical diagnostic,true,
binary,3,7.1,pooling,0.0,0.0,0.25000000000000006,0.12500000000000003,0.8875000000000002,0.0,nan,0.0,0.0,0.8674999999999999,rejected,false,epsilon_q=8.675e-01
binary,3,7.15,full_orders,1.0,-1.0,0.14869004239397454,0.09712936188944181,0.694474937509509,0.40523983042410217,0.27510265297851233,0.0,0.0,0.0,numerical diagnostic,true,
binary,3,7.15,pooling,0.0,0.0,0.25000000000000006,0.12500000000000003,0.8937500000000003,0.0,nan,0.0,0.0,0.87375,rejected,false,epsilon_q=8.738e-01
binary,3,7.2,full_orders,1.0,-1.0,0.1476040630925874,0.09674492113426585,0.6965634321667141,0.40958374762965066,0.2759394534500202,0.0,0.0,0.0,numerical diagnostic,true,
binary,3,7.2,pooling,0.0,0.0,0.25000000000000006,0.12500000000000003,0.9000000000000002,0.0,nan,0.0,0.0,0.8800000000000001,rejected,false,epsilon_q=8.800e-01
binary,3,7.25,full_orders,1.0,-1.0,0.14649191010895857,0.09634411985472198,0.6984948689467344,0.41403235956416584,0.2768467679718839,0.0,0.0,0.0,numerical diagnostic,true,
binary,3,7.25,pooling,0.0,0.0,0.25000000000000006,0.12500000000000003,0.9062500000000002,0.0,nan,0.0,0.0,0.88625,rejected,false,epsilon_q=8.862e-01
binary,3,7.3,full_orders,1.0,-1.0,0.14535196540396642,0.09592576370861954,0.7002580750729226,0.41859213838413456,0.2778287848750719,0.0,0.0,0.0,numerical diagnostic,true,
binary,3,7.3,pooling,0.0,0.0,0.25000000000000006,0.12500000000000003,0.9125000000000002,0.0,nan,0.0,0.0,0.8925000000000001,rejected,false,epsilon_q=8.925e-01
binary,3,7.35,full_orders,1.0,-1.0,0.14418245380138256,0.09548853261325772,0.7018407147074442,0.42327018479447,0.2788901127167499,0.0,0.0,0.0,numerical diagnostic,true,
binary,3,7.35,pooling,0.0,0.0,0.25000000000000006,0.12500000000000003,0.9187500000000002,0.0,nan,0.0,0.0,0.8987499999999999,rejected,false,epsilon_q=8.987e-01
binary,3,7.4,full_orders,1.0,-1.0,0.14298142208202927,0.09503096319661801,0.7032291276549733,0.42807431167188326,0.2800358347721005,0.0,0.0,0.0,numerical diagnostic,true,
binary,3,7.4,pooling,0.0,0.0,0.25000000000000006,0.12500000000000003,0.9250000000000003,0.0,nan,0.0,0.0,0.905,rejected,false,epsilon_q=9.050e-01
binary,3,7.45,full_orders,1.0,-1.0,0.1417467145124528,0.09455142815917682,0.7044081397858674,0.43301314195018903,0.2812715725318639,0.0,0.0,0.0,numerical diagnostic,true,
binary,3,7.45,pooling,0.0,0.0,0.25000000000000006,0.12500000000000003,0.9312500000000002,0.0,nan,0.0,0.0,0.9112500000000001,rejected,false,epsilon_q=9.113e-01
binary,3,7.5,full_orders,1.0,-1.0,0.14047594405885014,0.09404811188229983,0.7053608391172488,0.43809622376459967,0.2826035600282321,0.0,0.0,0.0,numerical diagnostic,true,
binary,3,7.5,pooling,0.0,0.0,0.25000000000000006,0.12500000000000003,0.9375000000000002,0.0,nan,0.0,0.0,0.9175,rejected,false,epsilon_q=9.175e-01
binary,3,7.55,full_orders,1.0,-1.0,0.13916645834801789,0.09351898144884935,0.7060683099388125,0.4433341666079287,0.28403873125340734,0.0,0.0,0.0,numerical diagnostic,true,
binary,3,7.55,pooling,0.0,0.0,0.25000000000000006,0.12500000000000003,0.9437500000000002,0.0,nan,0.0,0.0,0.9237500000000001,rejected,false,epsilon_q=9.238e-01
binary,3,7.6,full_orders,1.0,-1.0,0.1378152991919857,0.09296175202003591,0.7065093153522729,0.4487388032320574,0.285584823502737,0.0,0.0,0.0,numerical diagnostic,true,
binary,3,7.6,pooling,0.0,0.0,0.25000000000000006,0.12500000000000003,0.9500000000000002,0.0,nan,0.0,0.0,0.9299999999999999,rejected,false,epsilon_q=9.300e-01
binary,3,7.65,full_orders,1.0,-1.0,0.13641915417237405,0.09237384522178854,0.7066599159466824,0.45432338331050404,0.28725050020956894,0.0,0.0,0.0,numerical diagnostic,true,
binary,3,7.65,pooling,0.0,0.0,0.25000000000000006,0.12500000000000003,0.9562500000000003,0.0,nan,0.0,0.0,0.93625,rejected,false,epsilon_q=9.363e-01
binary,3,7.7,full_orders,1.0,-1.0,0.1349742983573103,0.09175233880896579,0.7064930088290365,0.46010280657075897,0.2890454977993803,0.0,0.0,0.0,numerical diagnostic,true,
binary,3,7.7,pooling,0.0,0.0,0.25000000000000006,0.12500000000000003,0.9625000000000002,0.0,nan,0.0,0.0,0.9425000000000001,rejected,false,epsilon_q=9.425e-01
binary,3,7.75,full_orders,1.0,-1.0,0.1334765236597203,0.091093905361119,0.7059777665486723,0.46609390536111905,0.29098080235665263,0.0,0.0,0.0,numerical diagnostic,true,
binary,3,7.75,pooling,0.0,0.0,0.25000000000000006,0.12500000000000003,0.9687500000000002,0.0,nan,0.0,0.0,0.94875,rejected,false,epsilon_q=9.487e-01
binary,3,7.8,full_orders,1.0,-1.0,0.1319210525863146,0.0903947370684272,0.7050789491337321,0.47231578965474175,0.2930688635827225,0.0,0.0,0.0,numerical diagnostic,true,
binary,3,7.8,pooling,0.0,0.0,0.25000000000000006,0.12500000000000003,0.9750000000000002,0.0,nan,0.0,0.0,0.955,rejected,false,epsilon_q=9.550e-01
binary,3,7.85,full_orders,1.0,-1.0,0.13030243209244255,0.08965045271705002,0.7037560538288427,0.47879027163023,0.29532385578836895,0.0,0.0,0.0,numerical diagnostic,true,
binary,3,7.85,pooling,0.0,0.0,0.25000000000000006,0.12500000000000003,0.9812500000000002,0.0,nan,0.0,0.0,0.9612499999999999,rejected,false,epsilon_q=9.612e-01
binary,3,7.9,full_orders,1.0,-1.0,0.1286144018329153,0.08885598167084724,0.7019622551996932,0.485542392668339,0.29776199874552917,0.0,0.0,0.0,numerical diagnostic,true,
binary,3,7.9,pooling,0.0,0.0,0.25000000000000006,0.12500000000000003,0.9875000000000003,0.0,nan,0.0,0.0,0.9675,rejected,false,epsilon_q=9.675e-01
binary,3,7.95,full_orders,1.0,-1.0,0.12684972910955966,0.08800541780880748,0.6996430715800195,0.4926010835617616,0.3004019554622375,0.0,0.0,0.0,numerical diagnostic,true,
binary,3,7.95,pooling,0.0,0.0,0.25000000000000006,0.12500000000000003,0.9937500000000002,0.0,nan,0.0,0.0,0.9737500000000001,rejected,false,epsilon_q=9.738e-01
binary,3,8,full_orders,1.0,-1.0,0.12500000000000003,0.08709183376796044,0.6967346701436835,0.5000000000000001,0.3032653298563167,0.0,0.0,0.0,numerical diagnostic,true,
binary,3,8,pooling,0.0,0.0,0.25000000000000006,0.12500000000000003,1.0000000000000002,0.0,nan,0.0,0.0,0.98,rejected,false,epsilon_q=9.800e-01
binary,3,8.002,full_orders,1.0,-1.0,0.1249241077372891,0.08705386864454248,0.696605056893629,0.5003035690508439,0.30338485433911616,0.0,0.0,0.0,numerical diagnostic,true,
binary,3,8.002,pooling,0.0,0.0,0.0,0.0,0.0,1.0000000000000002,0.5,0.0,0.0,0.0,analytical (pooling exists: e0 Delta_T/2 <= k),true,
binary,3,8.004,full_orders,1.0,-1.0,0.12484806315690274,0.08701578922567249,0.6964743769622825,0.5006077473723892,0.30350477773227164,0.0,0.0,0.0,numerical diagnostic,true,
binary,3,8.004,pooling,0.0,0.0,0.0,0.0,0.0,1.0000000000000002,0.5,0.0,0.0,0.0,analytical (pooling exists: e0 Delta_T/2 <= k),true,
binary,3,8.006,full_orders,1.0,-1.0,0.1247718655696203,0.08697759493671232,0.6963426250633189,0.500912537721519,0.30362510178913654,0.0,0.0,0.0,numerical diagnostic,true,
binary,3,8.006,pooling,0.0,0.0,0.0,0.0,0.0,1.0000000000000002,0.5,0.0,0.0,0.0,analytical (pooling exists: e0 Delta_T/2 <= k),true,
binary,3,8.008,full_orders,1.0,-1.0,0.12469551428159184,0.08693928519897104,0.69620979587336,0.5012179428736329,0.3037458282743471,0.0,0.0,0.0,numerical diagnostic,true,
binary,3,8.008,pooling,0.0,0.0,0.0,0.0,0.0,1.0000000000000002,0.5,0.0,0.0,0.0,analytical (pooling exists: e0 Delta_T/2 <= k),true,
binary,3,8.010,full_orders,1.0,-1.0,0.12461900859429671,0.08690085942966792,0.69607588403164,0.5015239656228133,0.30386695896391724,0.0,0.0,0.0,numerical diagnostic,true,
binary,3,8.010,pooling,0.0,0.0,0.0,0.0,0.0,1.0000000000000002,0.5,0.0,0.0,0.0,analytical (pooling exists: e0 Delta_T/2 <= k),true,
binary,3,8.012,full_orders,1.0,-1.0,0.12454234780450277,0.08686231704189544,0.6959408841396663,0.5018306087819892,0.30398849564533276,0.0,0.0,0.0,numerical diagnostic,true,
binary,3,8.012,pooling,0.0,0.0,0.0,0.0,0.0,1.0000000000000002,0.5,0.0,0.0,0.0,analytical (pooling exists: e0 Delta_T/2 <= k),true,
binary,3,8.014,full_orders,1.0,-1.0,0.12446553120422421,0.08682365744458141,0.6958047907608754,0.5021378751831034,0.30411044011764865,0.0,0.0,0.0,numerical diagnostic,true,
binary,3,8.014,pooling,0.0,0.0,0.0,0.0,0.0,1.0000000000000002,0.5,0.0,0.0,0.0,analytical (pooling exists: e0 Delta_T/2 <= k),true,
binary,3,8.016,full_orders,1.0,-1.0,0.12438855808067925,0.08678488004245097,0.6956675984202869,0.5024457676772832,0.30423279419158583,0.0,0.0,0.0,numerical diagnostic,true,
binary,3,8.016,pooling,0.0,0.0,0.0,0.0,0.0,1.0000000000000002,0.5,0.0,0.0,0.0,analytical (pooling exists: e0 Delta_T/2 <= k),true,
binary,3,8.018,full_orders,1.0,-1.0,0.12431142771624779,0.08674598423598819,0.6955293016041534,0.5027542891350091,0.3043555596896293,0.0,0.0,0.0,numerical diagnostic,true,
binary,3,8.018,pooling,0.0,0.0,0.0,0.0,0.0,1.0000000000000002,0.5,0.0,0.0,0.0,analytical (pooling exists: e0 Delta_T/2 <= k),true,
binary,3,8.020,full_orders,1.0,-1.0,0.12423413938842795,0.08670696942139704,0.6953898947596042,0.5030634424462884,0.30447873844612755,0.0,0.0,0.0,numerical diagnostic,true,
binary,3,8.020,pooling,0.0,0.0,0.0,0.0,0.0,1.0000000000000002,0.5,0.0,0.0,0.0,analytical (pooling exists: e0 Delta_T/2 <= k),true,
binary,3,8.022,full_orders,1.0,-1.0,0.12415669236979238,0.086667834990562,0.6952493722942884,0.5033732305208307,0.30460233230739314,0.0,0.0,0.0,numerical diagnostic,true,
binary,3,8.022,pooling,0.0,0.0,0.0,0.0,0.0,1.0000000000000002,0.5,0.0,0.0,0.0,analytical (pooling exists: e0 Delta_T/2 <= k),true,
binary,3,8.024,full_orders,1.0,-1.0,0.12407908592794425,0.08662858033100838,0.6951077285760112,0.5036836562882232,0.3047263431318037,0.0,0.0,0.0,numerical diagnostic,true,
binary,3,8.024,pooling,0.0,0.0,0.0,0.0,0.0,1.0000000000000002,0.5,0.0,0.0,0.0,analytical (pooling exists: e0 Delta_T/2 <= k),true,
binary,3,8.026,full_orders,1.0,-1.0,0.12400131932547245,0.08658920482586187,0.6949649579323673,0.5039947226981104,0.30485077278990463,0.0,0.0,0.0,numerical diagnostic,true,
binary,3,8.026,pooling,0.0,0.0,0.0,0.0,0.0,1.0000000000000002,0.5,0.0,0.0,0.0,analytical (pooling exists: e0 Delta_T/2 <= k),true,
binary,3,8.028,full_orders,1.0,-1.0,0.12392339181990664,0.08654970785380799,0.6948210546503706,0.5043064327203737,0.3049756231645124,0.0,0.0,0.0,numerical diagnostic,true,
binary,3,8.028,pooling,0.0,0.0,0.0,0.0,0.0,1.0000000000000002,0.5,0.0,0.0,0.0,analytical (pooling exists: e0 Delta_T/2 <= k),true,
binary,3,8.030,full_orders,1.0,-1.0,0.12384530266367158,0.08651008878905089,0.6946760129760786,0.5046187893453139,0.3051008961508189,0.0,0.0,0.0,numerical diagnostic,true,
binary,3,8.030,pooling,0.0,0.0,0.0,0.0,0.0,1.0000000000000002,0.5,0.0,0.0,0.0,analytical (pooling exists: e0 Delta_T/2 <= k),true,
binary,3,8.032,full_orders,1.0,-1.0,0.12376705110404072,0.08647034700127158,0.6945298271142134,0.5049317955838373,0.30522659365649807,0.0,0.0,0.0,numerical diagnostic,true,
binary,3,8.032,pooling,0.0,0.0,0.0,0.0,0.0,1.0000000000000002,0.5,0.0,0.0,0.0,analytical (pooling exists: e0 Delta_T/2 <= k),true,
binary,3,8.034,full_orders,1.0,-1.0,0.12368863638308994,0.08643048185558598,0.6943824912277778,0.5052454544676405,0.30535271760181126,0.0,0.0,0.0,numerical diagnostic,true,
binary,3,8.034,pooling,0.0,0.0,0.0,0.0,0.0,1.0000000000000002,0.5,0.0,0.0,0.0,analytical (pooling exists: e0 Delta_T/2 <= k),true,
binary,3,8.036,full_orders,1.0,-1.0,0.1236100577376501,0.08639049271250221,0.6942339994376677,0.5055597690493998,0.30547926991971686,0.0,0.0,0.0,numerical diagnostic,true,
binary,3,8.036,pooling,0.0,0.0,0.0,0.0,0.0,1.0000000000000002,0.5,0.0,0.0,0.0,analytical (pooling exists: e0 Delta_T/2 <= k),true,
binary,3,8.038,full_orders,1.0,-1.0,0.12353131439925934,0.08635037892787752,0.6940843458222795,0.5058747424029628,0.3056062525559779,0.0,0.0,0.0,numerical diagnostic,true,
binary,3,8.038,pooling,0.0,0.0,0.0,0.0,0.0,1.0000000000000002,0.5,0.0,0.0,0.0,analytical (pooling exists: e0 Delta_T/2 <= k),true,
binary,3,8.040,full_orders,1.0,-1.0,0.12345240559411505,0.08631013985287479,0.6939335244171133,0.50619037762354,0.3057336674692727,0.0,0.0,0.0,numerical diagnostic,true,
binary,3,8.040,pooling,0.0,0.0,0.0,0.0,0.0,1.0000000000000002,0.5,0.0,0.0,0.0,analytical (pooling exists: e0 Delta_T/2 <= k),true,
binary,3,8.042,full_orders,1.0,-1.0,0.1233733305430246,0.08626977483391828,0.6937815292143708,0.5065066778279018,0.3058615166313074,0.0,0.0,0.0,numerical diagnostic,true,
binary,3,8.042,pooling,0.0,0.0,0.0,0.0,0.0,1.0000000000000002,0.5,0.0,0.0,0.0,analytical (pooling exists: e0 Delta_T/2 <= k),true,
binary,3,8.044,full_orders,1.0,-1.0,0.12329408846135656,0.08622928321264921,0.6936283541625503,0.506823646154574,0.3059898020269268,0.0,0.0,0.0,numerical diagnostic,true,
binary,3,8.044,pooling,0.0,0.0,0.0,0.0,0.0,1.0000000000000002,0.5,0.0,0.0,0.0,analytical (pooling exists: e0 Delta_T/2 <= k),true,
binary,3,8.046,full_orders,1.0,-1.0,0.12321467855899054,0.0861886643258807,0.693473993166036,0.507141285764038,0.30611852565422903,0.0,0.0,0.0,numerical diagnostic,true,
binary,3,8.046,pooling,0.0,0.0,0.0,0.0,0.0,1.0000000000000002,0.5,0.0,0.0,0.0,analytical (pooling exists: e0 Delta_T/2 <= k),true,
binary,3,8.048,full_orders,1.0,-1.0,0.12313510004026645,0.08614791750555183,0.6933184400846811,0.5074595998389344,0.306247689524681,0.0,0.0,0.0,numerical diagnostic,true,
binary,3,8.048,pooling,0.0,0.0,0.0,0.0,0.0,1.0000000000000002,0.5,0.0,0.0,0.0,analytical (pooling exists: e0 Delta_T/2 <= k),true,
binary,3,8.05,full_orders,1.0,-1.0,0.12305535210393409,0.08610704207868194,0.6931616887333897,0.5077785915842639,0.30637729566323363,0.0,0.0,0.0,numerical diagnostic,true,
binary,3,8.05,pooling,0.0,0.0,0.0,0.0,0.0,1.0000000000000002,0.5,0.0,0.0,0.0,analytical (pooling exists: e0 Delta_T/2 <= k),true,
binary,3,8.1,full_orders,1.0,-1.0,0.12100412842621577,0.08504128426215733,0.6888344025234744,0.5159834862951371,0.30976739992013425,0.0,0.0,0.0,numerical diagnostic,true,
binary,3,8.1,pooling,0.0,0.0,0.0,0.0,0.0,1.0000000000000002,0.5,0.0,0.0,0.0,analytical (pooling exists: e0 Delta_T/2 <= k),true,
binary,3,8.15,full_orders,1.0,-1.0,0.11883242310816344,0.08388282072108966,0.6836449888768807,0.5246703075673463,0.3134706019065704,0.0,0.0,0.0,numerical diagnostic,true,
binary,3,8.15,pooling,0.0,0.0,0.0,0.0,0.0,1.0000000000000002,0.5,0.0,0.0,0.0,analytical (pooling exists: e0 Delta_T/2 <= k),true,
binary,3,8.2,full_orders,1.0,-1.0,0.1165234763402798,0.08261738170139875,0.6774625299514697,0.533906094638881,0.3175286345234002,0.0,0.0,0.0,numerical diagnostic,true,
binary,3,8.2,pooling,0.0,0.0,0.0,0.0,0.0,1.0000000000000002,0.5,0.0,0.0,0.0,analytical (pooling exists: e0 Delta_T/2 <= k),true,
binary,3,8.25,full_orders,1.0,-1.0,0.11405685501072346,0.08122742004289375,0.6701262153538735,0.5437725799571064,0.32199181474401767,0.0,0.0,0.0,numerical diagnostic,true,
binary,3,8.25,pooling,0.0,0.0,0.0,0.0,0.0,1.0000000000000002,0.5,0.0,0.0,0.0,analytical (pooling exists: e0 Delta_T/2 <= k),true,
binary,3,8.3,full_orders,1.0,-1.0,0.11140732255761868,0.07969107519206231,0.6614359240941172,0.5543707097695255,0.3269214914097789,0.0,0.0,0.0,numerical diagnostic,true,
binary,3,8.3,pooling,0.0,0.0,0.0,0.0,0.0,1.0000000000000002,0.5,0.0,0.0,0.0,analytical (pooling exists: e0 Delta_T/2 <= k),true,
binary,3,8.35,full_orders,1.0,-1.0,0.10854324731925886,0.07798070662645379,0.6511389003308891,0.5658270107229648,0.33239341694535973,0.0,0.0,0.0,numerical diagnostic,true,
binary,3,8.35,pooling,0.0,0.0,0.0,0.0,0.0,1.0000000000000002,0.5,0.0,0.0,0.0,analytical (pooling exists: e0 Delta_T/2 <= k),true,
binary,3,8.4,asymmetric_discontinuity,1.0,-0.021651247532,0.10000000000000012,0.06250000000000029,0.5250000000000025,0.5999999999999996,0.4166666666666651,0.0,0.0,0.213328729503676,rejected,false,Psi sign change without root at a region boundary
binary,3,8.4,full_orders,1.0,-1.0,0.1054243071330731,0.07606076783268277,0.6389104497945353,0.5783027714677078,0.3385024909571958,0.0,0.0,0.0,numerical diagnostic,true,
binary,3,8.4,pooling,0.0,0.0,0.0,0.0,0.0,1.0000000000000002,0.5,0.0,0.0,0.0,analytical (pooling exists: e0 Delta_T/2 <= k),true,
binary,3,8.402,asymmetric_discontinuity,1.0,-0.028329050063,0.0,0.0,0.0,1.0,0.5,0.0,0.0,0.02,rejected,false,Psi sign change without root at a region boundary
binary,3,8.402,full_orders,1.0,-1.0,0.10529355718160308,0.0759789979641866,0.6383755408950957,0.5788257712735879,0.3387617101287853,0.0,0.0,0.0,numerical diagnostic,true,
binary,3,8.402,pooling,0.0,0.0,0.0,0.0,0.0,1.0000000000000002,0.5,0.0,0.0,0.0,analytical (pooling exists: e0 Delta_T/2 <= k),true,
binary,3,8.404,asymmetric_discontinuity,1.0,-0.035029223834,0.0997500000000027,0.06250000000000666,0.525250000000056,0.6009999999999894,0.41597337770379,0.0,0.0,0.20910009949337982,rejected,false,Psi sign change without root at a region boundary
binary,3,8.404,full_orders,1.0,-1.0,0.10516231400615526,0.07589681684691905,0.6378368487815077,0.5793507439753791,0.33902214617794807,0.0,0.0,0.0,numerical diagnostic,true,
binary,3,8.404,pooling,0.0,0.0,0.0,0.0,0.0,1.0000000000000002,0.5,0.0,0.0,0.0,analytical (pooling exists: e0 Delta_T/2 <= k),true,
binary,3,8.406,asymmetric_discontinuity,1.0,-0.041751919239,0.09962500000000006,0.06250000000000022,0.5253750000000019,0.6014999999999998,0.4156275976724841,0.0,0.0,0.20698939867430965,rejected,false,Psi sign change without root at a region boundary
binary,3,8.406,full_orders,1.0,-1.0,0.10503057373497102,0.07581422102209613,0.6372943419117402,0.5798777050601162,0.33928380793881213,0.0,0.0,0.0,numerical diagnostic,true,
binary,3,8.406,pooling,0.0,0.0,0.0,0.0,0.0,1.0000000000000002,0.5,0.0,0.0,0.0,analytical (pooling exists: e0 Delta_T/2 <= k),true,
binary,3,8.408,asymmetric_discontinuity,1.0,-0.048497288196,0.0,0.0,0.0,1.0,0.5000000000000001,0.0,0.0,0.02,rejected,false,Psi sign change without root at a region boundary
binary,3,8.408,full_orders,1.0,-1.0,0.10489833245194868,0.07573120699007017,0.63674798837251,0.5804066701922055,0.3395467043382818,0.0,0.0,0.0,numerical diagnostic,true,
binary,3,8.408,pooling,0.0,0.0,0.0,0.0,0.0,1.0000000000000002,0.5,0.0,0.0,0.0,analytical (pooling exists: e0 Delta_T/2 <= k),true,
binary,3,8.410,asymmetric_discontinuity,1.0,-0.055265484165,0.09937500000000166,0.06250000000000401,0.5256250000000338,0.6024999999999935,0.4149377593360776,0.0,0.0,0.202775458612063,rejected,false,Psi sign change without root at a region boundary
binary,3,8.410,full_orders,1.0,-1.0,0.10476558619598,0.07564777120970727,0.6361977558736381,0.5809376552160803,0.33981084439731246,0.0,0.0,0.0,numerical diagnostic,true,
binary,3,8.410,pooling,0.0,0.0,0.0,0.0,0.0,1.0000000000000002,0.5,0.0,0.0,0.0,analytical (pooling exists: e0 Delta_T/2 <= k),true,
binary,3,8.412,asymmetric_discontinuity,1.0,-0.062056662167,0.0,0.0,0.0,1.0000000000000002,0.4999999999999999,0.0,0.0,0.02,rejected,false,Psi sign change without root at a region boundary
binary,3,8.412,full_orders,1.0,-1.0,0.10463233096027426,0.0755639100977531,0.6356436117422991,0.5814706761589032,0.34007623723220837,0.0,0.0,0.0,numerical diagnostic,true,
binary,3,8.412,pooling,0.0,0.0,0.0,0.0,0.0,1.0000000000000002,0.5,0.0,0.0,0.0,analytical (pooling exists: e0 Delta_T/2 <= k),true,
binary,3,8.414,asymmetric_discontinuity,1.0,-0.06887097881,0.0,0.0,0.0,1.0000000000000002,0.4999999999999999,0.0,0.0,0.02,rejected,false,Psi sign change without root at a region boundary
binary,3,8.414,full_orders,1.0,-1.0,0.10449856269166917,0.07547962002818631,0.6350855229171596,0.5820057492333236,0.34034289205594237,0.0,0.0,0.0,numerical diagnostic,true,
binary,3,8.414,pooling,0.0,0.0,0.0,0.0,0.0,1.0000000000000002,0.5,0.0,0.0,0.0,analytical (pooling exists: e0 Delta_T/2 <= k),true,
binary,3,8.416,asymmetric_discontinuity,1.0,-0.075708592308,0.09900000000000114,0.0625000000000028,0.5260000000000237,0.6039999999999955,0.4139072847681965,0.0,0.0,0.1964739165894092,rejected,false,Psi sign change without root at a region boundary
binary,3,8.416,full_orders,1.0,-1.0,0.10436427728992892,0.0753948973315599,0.6345234559424082,0.5825428908402845,0.3406108181795001,0.0,0.0,0.0,numerical diagnostic,true,
binary,3,8.416,pooling,0.0,0.0,0.0,0.0,0.0,1.0000000000000002,0.5,0.0,0.0,0.0,analytical (pooling exists: e0 Delta_T/2 <= k),true,
binary,3,8.418,asymmetric_discontinuity,1.0,-0.082569662501,0.0,0.0,0.0,1.0000000000000004,0.4999999999999999,0.0,0.0,0.02,rejected,false,Psi sign change without root at a region boundary
binary,3,8.418,full_orders,1.0,-1.0,0.10422947060703029,0.07530973829433067,0.6339573769616755,0.583082117571879,0.34088002501324416,0.0,0.0,0.0,numerical diagnostic,true,
binary,3,8.418,pooling,0.0,0.0,0.0,0.0,0.0,1.0000000000000002,0.5,0.0,0.0,0.0,analytical (pooling exists: e0 Delta_T/2 <= k),true,
binary,3,8.420,asymmetric_discontinuity,1.0,-0.089454350883,0.0,0.0,0.0,1.0,0.5,0.0,0.0,0.02,rejected,false,Psi sign change without root at a region boundary
binary,3,8.420,full_orders,1.0,-1.0,0.1040941384464335,0.07522413915817495,0.6333872517118331,0.5836234462142662,0.3411505220683052,0.0,0.0,0.0,numerical diagnostic,true,
binary,3,8.420,pooling,0.0,0.0,0.0,0.0,0.0,1.0000000000000002,0.5,0.0,0.0,0.0,analytical (pooling exists: e0 Delta_T/2 <= k),true,
binary,3,8.422,asymmetric_discontinuity,1.0,-0.09636282062,0.09862500000000313,0.06250000000000748,0.526375000000063,0.6054999999999876,0.4128819157720483,0.0,0.0,0.1901967856618707,rejected,false,Psi sign change without root at a region boundary
binary,3,8.422,full_orders,1.0,-1.0,0.10395827656234147,0.0751380961192926,0.6328130455166824,0.5841668937506344,0.3414223189579942,0.0,0.0,0.0,numerical diagnostic,true,
binary,3,8.422,pooling,0.0,0.0,0.0,0.0,0.0,1.0000000000000002,0.5,0.0,0.0,0.0,analytical (pooling exists: e0 Delta_T/2 <= k),true,
binary,3,8.424,asymmetric_discontinuity,1.0,-0.103295236572,0.0,0.0,0.0,1.0,0.5,0.0,0.0,0.02,rejected,false,Psi sign change without root at a region boundary
binary,3,8.424,full_orders,1.0,-1.0,0.10382188065894346,0.07505160532769668,0.6322347232805168,0.5847124773642265,0.34169542539924097,0.0,0.0,0.0,numerical diagnostic,true,
binary,3,8.424,pooling,0.0,0.0,0.0,0.0,0.0,1.0000000000000002,0.5,0.0,0.0,0.0,analytical (pooling exists: e0 Delta_T/2 <= k),true,
binary,3,8.426,asymmetric_discontinuity,1.0,-0.110251765325,0.0,0.0,0.0,1.0000000000000002,0.5,0.0,0.0,0.02,rejected,false,Psi sign change without root at a region boundary
binary,3,8.426,full_orders,1.0,-1.0,0.10368494638964462,0.07496466288648969,0.6316522494815622,0.5852602144414217,0.34196985121405915,0.0,0.0,0.0,numerical diagnostic,true,
binary,3,8.426,pooling,0.0,0.0,0.0,0.0,0.0,1.0000000000000002,0.5,0.0,0.0,0.0,analytical (pooling exists: e0 Delta_T/2 <= k),true,
binary,3,8.428,asymmetric_discontinuity,1.0,-0.117232575205,0.09825000000000209,0.062500000000005,0.5267500000000421,0.6069999999999919,0.4118616144975016,0.0,0.0,0.1839454193097529,rejected,false,Psi sign change without root at a region boundary
binary,3,8.428,full_orders,1.0,-1.0,0.10354746935628219,0.07487726485112665,0.6310655881652955,0.5858101225748715,0.34224560633103274,0.0,0.0,0.0,numerical diagnostic,true,
binary,3,8.428,pooling,0.0,0.0,0.0,0.0,0.0,1.0000000000000002,0.5,0.0,0.0,0.0,analytical (pooling exists: e0 Delta_T/2 <= k),true,
binary,3,8.430,asymmetric_discontinuity,1.0,-0.124237836307,0.0,0.0,0.0,1.0000000000000002,0.4999999999999999,0.0,0.0,0.02,rejected,false,Psi sign change without root at a region boundary
binary,3,8.430,full_orders,1.0,-1.0,0.10340944510832517,0.07478940722866313,0.6304747029376302,0.5863622195666995,0.3425227007868325,0.0,0.0,0.0,numerical diagnostic,true,
binary,3,8.430,pooling,0.0,0.0,0.0,0.0,0.0,1.0000000000000002,0.5,0.0,0.0,0.0,analytical (pooling exists: e0 Delta_T/2 <= k),true,
binary,3,8.432,asymmetric_discontinuity,1.0,-0.131267720522,0.09800000000000017,0.06250000000000043,0.5270000000000037,0.6079999999999995,0.4111842105263133,0.0,0.0,0.17979284306755627,rejected,false,Psi sign change without root at a region boundary
binary,3,8.432,full_orders,1.0,-1.0,0.10327086914205916,0.07470108597698881,0.6298795569579697,0.5869165234317636,0.3428011447277586,0.0,0.0,0.0,numerical diagnostic,true,
binary,3,8.432,pooling,0.0,0.0,0.0,0.0,0.0,1.0000000000000002,0.5,0.0,0.0,0.0,analytical (pooling exists: e0 Delta_T/2 <= k),true,
binary,3,8.434,asymmetric_discontinuity,1.0,-0.138322401558,0.09787500000000071,0.0625000000000015,0.5271250000000126,0.6084999999999974,0.4108463434675353,0.0,0.0,0.177721213722183,rejected,false,Psi sign change without root at a region boundary
binary,3,8.434,full_orders,1.0,-1.0,0.10313173689975641,0.07461229700404691,0.6292801129321316,0.5874730524009746,0.3430809484113082,0.0,0.0,0.0,numerical diagnostic,true,
binary,3,8.434,pooling,0.0,0.0,0.0,0.0,0.0,1.0000000000000002,0.5,0.0,0.0,0.0,analytical (pooling exists: e0 Delta_T/2 <= k),true,
binary,3,8.436,asymmetric_discontinuity,1.0,-0.145402054968,0.0,0.0,0.0,1.0000000000000002,0.5,0.0,0.0,0.02,rejected,false,Psi sign change without root at a region boundary
binary,3,8.436,full_orders,1.0,-1.0,0.10299204376882828,0.07452303616703727,0.6286763331051264,0.5880318249246872,0.34336212220777446,0.0,0.0,0.0,numerical diagnostic,true,
binary,3,8.436,pooling,0.0,0.0,0.0,0.0,0.0,1.0000000000000002,0.5,0.0,0.0,0.0,analytical (pooling exists: e0 Delta_T/2 <= k),true,
binary,3,8.438,asymmetric_discontinuity,1.0,-0.152506858177,0.09762500000000068,0.06250000000000165,0.527375000000014,0.6094999999999976,0.41017227235437975,0.0,0.0,0.1735875420978845,rejected,false,Psi sign change without root at a region boundary
binary,3,8.438,full_orders,1.0,-1.0,0.10285178508096297,0.07443329927160498,0.6280681792538029,0.5885928596761484,0.3436446766018706,0.0,0.0,0.0,numerical diagnostic,true,
binary,3,8.438,pooling,0.0,0.0,0.0,0.0,0.0,1.0000000000000002,0.5,0.0,0.0,0.0,analytical (pooling exists: e0 Delta_T/2 <= k),true,
binary,3,8.440,asymmetric_discontinuity,1.0,-0.159636990506,0.09750000000000086,0.06250000000000186,0.5275000000000156,0.6099999999999968,0.4098360655737607,0.0,0.0,0.1715256093261117,rejected,false,Psi sign change without root at a region boundary
binary,3,8.440,full_orders,1.0,-1.0,0.10271095611124549,0.0743430820710124,0.6274556126793446,0.5891561755550183,0.34392862219438486,0.0,0.0,0.0,numerical diagnostic,true,
binary,3,8.440,pooling,0.0,0.0,0.0,0.0,0.0,1.0000000000000002,0.5,0.0,0.0,0.0,analytical (pooling exists: e0 Delta_T/2 <= k),true,
binary,3,8.442,asymmetric_discontinuity,1.0,-0.166792633202,0.09737500000000238,0.06250000000000543,0.5276250000000459,0.6104999999999906,0.40950040950038036,0.0,0.0,0.1694670192135957,rejected,false,Psi sign change without root at a region boundary
binary,3,8.442,full_orders,1.0,-1.0,0.10256955207726025,0.07425238026529467,0.6268385941996176,0.5897217916909592,0.34421396970386614,0.0,0.0,0.0,numerical diagnostic,true,
binary,3,8.442,pooling,0.0,0.0,0.0,0.0,0.0,1.0000000000000002,0.5,0.0,0.0,0.0,analytical (pooling exists: e0 Delta_T/2 <= k),true,
binary,3,8.444,asymmetric_discontinuity,1.0,-0.173973969463,0.0,0.0,0.0,1.0000000000000004,0.4999999999999999,0.0,0.0,0.02,rejected,false,Psi sign change without root at a region boundary
binary,3,8.444,full_orders,1.0,-1.0,0.10242756813817733,0.07416118950039946,0.6262170841413731,0.5902897274472909,0.34450072996833686,0.0,0.0,0.0,numerical diagnostic,true,
binary,3,8.444,pooling,0.0,0.0,0.0,0.0,0.0,1.0000000000000002,0.5,0.0,0.0,0.0,analytical (pooling exists: e0 Delta_T/2 <= k),true,
binary,3,8.446,asymmetric_discontinuity,1.0,-0.18118118447,0.09712500000000208,0.06250000000000461,0.527875000000039,0.6114999999999919,0.4088307440719296,0.0,0.0,0.16536009238146765,rejected,false,Psi sign change without root at a region boundary
binary,3,8.446,full_orders,1.0,-1.0,0.10228499939381977,0.07406950536730882,0.6255910423322902,0.5908600024247213,0.34478891394703975,0.0,0.0,0.0,numerical diagnostic,true,
binary,3,8.446,pooling,0.0,0.0,0.0,0.0,0.0,1.0000000000000002,0.5,0.0,0.0,0.0,analytical (pooling exists: e0 Delta_T/2 <= k),true,
binary,3,8.448,asymmetric_discontinuity,1.0,-0.18841446541,0.0,0.0,0.0,1.0,0.5,0.0,0.0,0.02,rejected,false,Psi sign change without root at a region boundary
binary,3,8.448,full_orders,1.0,-1.0,0.10214184088371231,0.07397732340114353,0.6249604280928606,0.591432636465151,0.3450785327222159,0.0,0.0,0.0,numerical diagnostic,true,
binary,3,8.448,pooling,0.0,0.0,0.0,0.0,0.0,1.0000000000000002,0.5,0.0,0.0,0.0,analytical (pooling exists: e0 Delta_T/2 <= k),true,
binary,3,8.45,asymmetric_discontinuity,1.0,-0.195674001511,0.0,0.0,0.0,1.0,0.5,0.0,0.0,0.02,rejected,false,Psi sign change without root at a region boundary
binary,3,8.45,full_orders,1.0,-1.0,0.10199808758611276,0.07388463908025045,0.6243252002281162,0.5920076496555492,0.34536959750091273,0.0,0.0,0.0,numerical diagnostic,true,
binary,3,8.45,pooling,0.0,0.0,0.0,0.0,0.0,1.0000000000000002,0.5,0.0,0.0,0.0,analytical (pooling exists: e0 Delta_T/2 <= k),true,
binary,3,8.452,asymmetric_discontinuity,1.0,-0.202959984068,0.0,0.0,0.0,1.0,0.5,0.0,0.0,0.02,rejected,false,Psi sign change without root at a region boundary
binary,3,8.452,full_orders,1.0,-1.0,0.1018537344170222,0.07379144782527028,0.6236853170191844,0.5925850623319115,0.34566211961682863,0.0,0.0,0.0,numerical diagnostic,true,
binary,3,8.452,pooling,0.0,0.0,0.0,0.0,0.0,1.0000000000000002,0.5,0.0,0.0,0.0,analytical (pooling exists: e0 Delta_T/2 <= k),true,
binary,3,8.454,asymmetric_discontinuity,1.0,-0.210272606474,0.0,0.0,0.0,1.0000000000000002,0.5,0.0,0.0,0.02,rejected,false,Psi sign change without root at a region boundary
binary,3,8.454,full_orders,1.0,-1.0,0.10170877622917726,0.0736977449981878,0.6230407362146797,0.5931648950832913,0.3459561105321882,0.0,0.0,0.0,numerical diagnostic,true,
binary,3,8.454,pooling,0.0,0.0,0.0,0.0,0.0,1.0000000000000002,0.5,0.0,0.0,0.0,analytical (pooling exists: e0 Delta_T/2 <= k),true,
binary,3,8.456,asymmetric_discontinuity,1.0,-0.217612064252,0.0,0.0,0.0,1.0000000000000002,0.4999999999999999,0.0,0.0,0.02,rejected,false,Psi sign change without root at a region boundary
binary,3,8.456,full_orders,1.0,-1.0,0.10156320781102117,0.07360352590136211,0.622391415021918,0.5937471687559155,0.346251581839654,0.0,0.0,0.0,numerical diagnostic,true,
binary,3,8.456,pooling,0.0,0.0,0.0,0.0,0.0,1.0000000000000002,0.5,0.0,0.0,0.0,analytical (pooling exists: e0 Delta_T/2 <= k),true,
binary,3,8.458,asymmetric_discontinuity,1.0,-0.224978555085,0.09637500000000013,0.06250000000000028,0.5286250000000023,0.6144999999999998,0.4068348250610236,0.0,0.0,0.1531255051143009,rejected,false,Psi sign change without root at a region boundary
binary,3,8.458,full_orders,1.0,-1.0,0.10141702388565405,0.07350878577653717,0.6217373100979514,0.5943319044573842,0.3465485452642732,0.0,0.0,0.0,numerical diagnostic,true,
binary,3,8.458,pooling,0.0,0.0,0.0,0.0,0.0,1.0000000000000002,0.5,0.0,0.0,0.0,analytical (pooling exists: e0 Delta_T/2 <= k),true,
binary,3,8.460,asymmetric_discontinuity,1.0,-0.232372278848,0.09625000000000258,0.06250000000000569,0.5287500000000482,0.6149999999999899,0.4065040650406202,0.0,0.0,0.15109960090339764,rejected,false,Psi sign change without root at a region boundary
binary,3,8.460,full_orders,1.0,-1.0,0.10127021910976315,0.07341351980383298,0.621078377540427,0.5949191235609477,0.34684701266545975,0.0,0.0,0.0,numerical diagnostic,true,
binary,3,8.460,pooling,0.0,0.0,0.0,0.0,0.0,1.0000000000000002,0.5,0.0,0.0,0.0,analytical (pooling exists: e0 Delta_T/2 <= k),true,
binary,3,8.462,asymmetric_discontinuity,1.0,-0.239793437641,0.09612500000000215,0.06250000000000462,0.5288750000000391,0.6154999999999915,0.4061738424045249,0.0,0.0,0.14907762898526464,rejected,false,Psi sign change without root at a region boundary
binary,3,8.462,full_orders,1.0,-1.0,0.10112278807253058,0.07331772310071547,0.6204145728782543,0.595508847709878,0.3471469960390132,0.0,0.0,0.0,numerical diagnostic,true,
binary,3,8.462,pooling,0.0,0.0,0.0,0.0,0.0,1.0000000000000002,0.5,0.0,0.0,0.0,analytical (pooling exists: e0 Delta_T/2 <= k),true,
binary,3,8.464,asymmetric_discontinuity,1.0,-0.247242235823,0.09600000000000236,0.06250000000000513,0.5290000000000434,0.6159999999999909,0.4058441558441287,0.0,0.0,0.14705965183302933,rejected,false,Psi sign change without root at a region boundary
binary,3,8.464,full_orders,1.0,-1.0,0.10097472529451851,0.07322139072094506,0.619745851062079,0.5961010988219263,0.3474485075191773,0.0,0.0,0.0,numerical diagnostic,true,
binary,3,8.464,pooling,0.0,0.0,0.0,0.0,0.0,1.0000000000000002,0.5,0.0,0.0,0.0,analytical (pooling exists: e0 Delta_T/2 <= k),true,
binary,3,8.466,asymmetric_discontinuity,1.0,-0.254718880044,0.0958750000000009,0.06250000000000185,0.5291250000000156,0.6164999999999965,0.40551500405514046,0.0,0.0,0.14504573258979436,rejected,false,Psi sign change without root at a region boundary
binary,3,8.466,full_orders,1.0,-1.0,0.10082602522653328,0.07312451765350475,0.6190721664545712,0.5966958990938672,0.3477515593807336,0.0,0.0,0.0,numerical diagnostic,true,
binary,3,8.466,pooling,0.0,0.0,0.0,0.0,0.0,1.0000000000000002,0.5,0.0,0.0,0.0,analytical (pooling exists: e0 Delta_T/2 <= k),true,
binary,3,8.468,asymmetric_discontinuity,1.0,-0.262223579281,0.09575000000000007,0.06250000000000021,0.5292500000000018,0.6169999999999999,0.405186385737438,0.0,0.0,0.14303593507654622,rejected,false,Psi sign change without root at a region boundary
binary,3,8.468,full_orders,1.0,-1.0,0.10067668224846406,0.07302709882150438,0.6183934728204991,0.597293271006144,0.3480561640411385,0.0,0.0,0.0,numerical diagnostic,true,
binary,3,8.468,pooling,0.0,0.0,0.0,0.0,0.0,1.0000000000000002,0.5,0.0,0.0,0.0,analytical (pooling exists: e0 Delta_T/2 <= k),true,
binary,3,8.470,asymmetric_discontinuity,1.0,-0.269756544872,0.0956250000000004,0.06250000000000092,0.5293750000000078,0.6174999999999987,0.4048582995951367,0.0,0.0,0.14103032380081468,rejected,false,Psi sign change without root at a region boundary
binary,3,8.470,full_orders,1.0,-1.0,0.10052669066810005,0.07292912908106393,0.6177097233166116,0.5978932373276001,0.3483623340626964,0.0,0.0,0.0,numerical diagnostic,true,
binary,3,8.470,pooling,0.0,0.0,0.0,0.0,0.0,1.0000000000000002,0.5,0.0,0.0,0.0,analytical (pooling exists: e0 Delta_T/2 <= k),true,
binary,3,8.472,asymmetric_discontinuity,1.0,-0.277317990552,0.09550000000000192,0.06250000000000394,0.5295000000000334,0.6179999999999926,0.4045307443365492,0.0,0.0,0.1390289639651432,rejected,false,Psi sign change without root at a region boundary
binary,3,8.472,full_orders,1.0,-1.0,0.10037604471992134,0.07283060322017222,0.617020870481299,0.598495821120315,0.3486700821547775,0.0,0.0,0.0,numerical diagnostic,true,
binary,3,8.472,pooling,0.0,0.0,0.0,0.0,0.0,1.0000000000000002,0.5,0.0,0.0,0.0,analytical (pooling exists: e0 Delta_T/2 <= k),true,
binary,3,8.474,asymmetric_discontinuity,1.0,-0.284908132489,0.09537500000000096,0.06250000000000219,0.5296250000000186,0.6184999999999965,0.40420371867420013,0.0,0.0,0.13703192147584536,rejected,false,Psi sign change without root at a region boundary
binary,3,8.474,full_orders,1.0,-1.0,0.10022473856386555,0.07273151595752221,0.6163268662240432,0.599101045744538,0.348979421176077,0.0,0.0,0.0,numerical diagnostic,true,
binary,3,8.474,pooling,0.0,0.0,0.0,0.0,0.0,1.0000000000000002,0.5,0.0,0.0,0.0,analytical (pooling exists: e0 Delta_T/2 <= k),true,
binary,3,8.476,asymmetric_discontinuity,1.0,-0.292527189322,0.0,0.0,0.0,1.0,0.5,0.0,0.0,0.02,rejected,false,Psi sign change without root at a region boundary
binary,3,8.476,full_orders,1.0,-1.0,0.1000727662840694,0.07263186194132233,0.6156276618146481,0.5997089348637227,0.34929036413691444,0.0,0.0,0.0,numerical diagnostic,true,
binary,3,8.476,pooling,0.0,0.0,0.0,0.0,0.0,1.0000000000000002,0.5,0.0,0.0,0.0,analytical (pooling exists: e0 Delta_T/2 <= k),true,
binary,3,8.478,asymmetric_discontinuity,1.0,-0.300175382199,0.09512499999999979,0.06249999999999989,0.5298749999999991,0.6195000000000008,0.40355125100887823,0.0,0.0,0.133051055732326,rejected,false,Psi sign change without root at a region boundary
binary,3,8.478,full_orders,1.0,-1.0,0.09992012188758334,0.07253163574808222,0.614923207872241,0.600319512449667,0.3496029242015815,0.0,0.0,0.0,numerical diagnostic,true,
binary,3,8.478,pooling,0.0,0.0,0.0,0.0,0.0,1.0000000000000002,0.5,0.0,0.0,0.0,analytical (pooling exists: e0 Delta_T/2 <= k),true,
binary,3,8.480,asymmetric_discontinuity,1.0,-0.307852934813,0.0,0.0,0.0,1.0000000000000002,0.4999999999999999,0.0,0.0,0.02,rejected,false,Psi sign change without root at a region boundary
binary,3,8.480,full_orders,1.0,-1.0,0.09976679930305885,0.0724308318813726,0.6142134543540397,0.600932802787765,0.3499171146907327,0.0,0.0,0.0,numerical diagnostic,true,
binary,3,8.480,pooling,0.0,0.0,0.0,0.0,0.0,1.0000000000000002,0.5,0.0,0.0,0.0,analytical (pooling exists: e0 Delta_T/2 <= k),true,
binary,3,8.482,asymmetric_discontinuity,1.0,-0.315560073445,0.0,0.0,0.0,1.0000000000000002,0.5,0.0,0.0,0.02,rejected,false,Psi sign change without root at a region boundary
binary,3,8.482,full_orders,1.0,-1.0,0.09961279237940995,0.07232944477055994,0.6134983505438893,0.6015488304823604,0.3502329490838207,0.0,0.0,0.0,numerical diagnostic,true,
binary,3,8.482,pooling,0.0,0.0,0.0,0.0,0.0,1.0000000000000002,0.5,0.0,0.0,0.0,analytical (pooling exists: e0 Delta_T/2 <= k),true,
binary,3,8.484,asymmetric_discontinuity,1.0,-0.323297027001,0.0,0.0,0.0,1.0000000000000002,0.5,0.0,0.0,0.02,rejected,false,Psi sign change without root at a region boundary
binary,3,8.484,full_orders,1.0,-1.0,0.09945809488444415,0.07222746876951266,0.6127778450405454,0.6021676204622237,0.3505504410215826,0.0,0.0,0.0,numerical diagnostic,true,
binary,3,8.484,pooling,0.0,0.0,0.0,0.0,0.0,1.0000000000000002,0.5,0.0,0.0,0.0,analytical (pooling exists: e0 Delta_T/2 <= k),true,
binary,3,8.486,asymmetric_discontinuity,1.0,-0.331064027054,0.09462500000000038,0.06250000000000085,0.5303750000000073,0.6214999999999988,0.40225261464199064,0.0,0.0,0.1251441124698031,rejected,false,Psi sign change without root at a region boundary
binary,3,8.486,full_orders,1.0,-1.0,0.09930270050346661,0.07212489815528114,0.6120518857457158,0.6027891979861338,0.35086960430857095,0.0,0.0,0.0,numerical diagnostic,true,
binary,3,8.486,pooling,0.0,0.0,0.0,0.0,0.0,1.0000000000000002,0.5,0.0,0.0,0.0,analytical (pooling exists: e0 Delta_T/2 <= k),true,
binary,3,8.488,asymmetric_discontinuity,1.0,-0.338861307885,0.0,0.0,0.0,1.0000000000000004,0.4999999999999999,0.0,0.0,0.02,rejected,false,Psi sign change without root at a region boundary
binary,3,8.488,full_orders,1.0,-1.0,0.09914660283785329,0.07202172712674844,0.6113204198518407,0.6034135886485872,0.35119045291573514,0.0,0.0,0.0,numerical diagnostic,true,
binary,3,8.488,pooling,0.0,0.0,0.0,0.0,0.0,1.0000000000000002,0.5,0.0,0.0,0.0,analytical (pooling exists: e0 Delta_T/2 <= k),true,
binary,3,8.490,asymmetric_discontinuity,1.0,-0.346689106527,0.0,0.0,0.0,1.0000000000000004,0.4999999999999998,0.0,0.0,0.02,rejected,false,Psi sign change without root at a region boundary
binary,3,8.490,full_orders,1.0,-1.0,0.09898979540359343,0.07191794980325186,0.6105833938296084,0.6040408183856265,0.351513000983056,0.0,0.0,0.0,numerical diagnostic,true,
binary,3,8.490,pooling,0.0,0.0,0.0,0.0,0.0,1.0000000000000002,0.5,0.0,0.0,0.0,analytical (pooling exists: e0 Delta_T/2 <= k),true,
binary,3,8.492,asymmetric_discontinuity,1.0,-0.354547662807,0.0,0.0,0.0,1.0000000000000002,0.4999999999999999,0.0,0.0,0.02,rejected,false,Psi sign change without root at a region boundary
binary,3,8.492,full_orders,1.0,-1.0,0.09883227162980245,0.07181356022317574,0.6098407534152085,0.6046709134807905,0.3518372628222274,0.0,0.0,0.0,numerical diagnostic,true,
binary,3,8.492,pooling,0.0,0.0,0.0,0.0,0.0,1.0000000000000002,0.5,0.0,0.0,0.0,analytical (pooling exists: e0 Delta_T/2 <= k),true,
binary,3,8.494,asymmetric_discontinuity,1.0,-0.362437219389,0.0,0.0,0.0,1.0000000000000002,0.4999999999999999,0.0,0.0,0.02,rejected,false,Psi sign change without root at a region boundary
binary,3,8.494,full_orders,1.0,-1.0,0.09867402485720125,0.0717085523425126,0.609092443597302,0.6053039005711952,0.3521632529193944,0.0,0.0,0.0,numerical diagnostic,true,
binary,3,8.494,pooling,0.0,0.0,0.0,0.0,0.0,1.0000000000000002,0.5,0.0,0.0,0.0,analytical (pooling exists: e0 Delta_T/2 <= k),true,
binary,3,8.496,asymmetric_discontinuity,1.0,-0.370358021822,0.09400000000000355,0.06250000000000722,0.5310000000000613,0.6239999999999861,0.4006410256409884,0.0,0.0,0.11536897962525179,rejected,false,Psi sign change without root at a region boundary
binary,3,8.496,full_orders,1.0,-1.0,0.09851504833656297,0.07160292003339311,0.6083384086037079,0.6059398066537485,0.3524909859379453,0.0,0.0,0.0,numerical diagnostic,true,
binary,3,8.496,pooling,0.0,0.0,0.0,0.0,0.0,1.0000000000000002,0.5,0.0,0.0,0.0,analytical (pooling exists: e0 Delta_T/2 <= k),true,
binary,3,8.498,asymmetric_discontinuity,1.0,-0.378310318581,0.09387500000000151,0.06250000000000293,0.5311250000000248,0.6244999999999943,0.40032025620494904,0.0,0.0,0.11342915454488164,rejected,false,Psi sign change without root at a region boundary
binary,3,8.498,full_orders,1.0,-1.0,0.09835533522712722,0.0714966570825847,0.6075785918878047,0.6065786590914913,0.35282047672135686,0.0,0.0,0.0,numerical diagnostic,true,
binary,3,8.498,pooling,0.0,0.0,0.0,0.0,0.0,1.0000000000000002,0.5,0.0,0.0,0.0,analytical (pooling exists: e0 Delta_T/2 <= k),true,
binary,3,8.5,asymmetric_discontinuity,1.0,-0.38629436112,0.09375000000000089,0.06250000000000173,0.5312500000000148,0.6249999999999967,0.39999999999999125,0.0,0.0,0.11149457182218481,rejected,false,Psi sign change without root at a region boundary
binary,3,8.5,full_orders,1.0,-1.0,0.09819487859497797,0.07138975718995587,0.6068129361146248,0.6072204856200883,0.35315174029609925,0.0,0.0,0.0,numerical diagnostic,true,
binary,3,8.5,pooling,0.0,0.0,0.0,0.0,0.0,1.0000000000000002,0.5,0.0,0.0,0.0,analytical (pooling exists: e0 Delta_T/2 <= k),true,
binary,3,8.502,asymmetric_discontinuity,1.0,-0.394310403915,0.09362500000000021,0.06250000000000047,0.531375000000004,0.6254999999999995,0.39968025579536115,0.0,0.0,0.1095653082038969,rejected,false,Psi sign change without root at a region boundary
binary,3,8.502,full_orders,1.0,-1.0,0.09803367141138766,0.07128221396690773,0.6060413831466496,0.6078653143544497,0.3534847918745972,0.0,0.0,0.0,numerical diagnostic,true,
binary,3,8.502,pooling,0.0,0.0,0.0,0.0,0.0,1.0000000000000002,0.5,0.0,0.0,0.0,analytical (pooling exists: e0 Delta_T/2 <= k),true,
binary,3,8.504,asymmetric_discontinuity,1.0,-0.402358704514,0.0,0.0,0.0,1.0000000000000002,0.4999999999999999,0.0,0.0,0.02,rejected,false,Psi sign change without root at a region boundary
binary,3,8.504,full_orders,1.0,-1.0,0.09787170655112436,0.07117402093477045,0.6052638740292878,0.6085131737955028,0.35381964685825107,0.0,0.0,0.0,numerical diagnostic,true,
binary,3,8.504,pooling,0.0,0.0,0.0,0.0,0.0,1.0000000000000002,0.5,0.0,0.0,0.0,analytical (pooling exists: e0 Delta_T/2 <= k),true,
binary,3,8.506,asymmetric_discontinuity,1.0,-0.410439523588,0.0,0.0,0.0,1.0000000000000004,0.4999999999999998,0.0,0.0,0.02,rejected,false,Psi sign change without root at a region boundary
binary,3,8.506,full_orders,1.0,-1.0,0.0977089767907206,0.07106517152316325,0.6044803489760265,0.6091640928371178,0.354156320840521,0.0,0.0,0.0,numerical diagnostic,true,
binary,3,8.506,pooling,0.0,0.0,0.0,0.0,0.0,1.0000000000000002,0.5,0.0,0.0,0.0,analytical (pooling exists: e0 Delta_T/2 <= k),true,
binary,3,8.508,asymmetric_discontinuity,1.0,-0.41855312498,0.09325000000000282,0.06250000000000541,0.531750000000046,0.6269999999999889,0.39872408293458195,0.0,0.0,0.10381021227514009,rejected,false,Psi sign change without root at a region boundary
binary,3,8.508,full_orders,1.0,-1.0,0.09754547480670635,0.07095565906831945,0.6036907473532618,0.6098181007731749,0.3544948296100687,0.0,0.0,0.0,numerical diagnostic,true,
binary,3,8.508,pooling,0.0,0.0,0.0,0.0,0.0,1.0000000000000002,0.5,0.0,0.0,0.0,analytical (pooling exists: e0 Delta_T/2 <= k),true,
binary,3,8.510,asymmetric_discontinuity,1.0,-0.426699775755,0.09312500000000061,0.06250000000000114,0.5318750000000096,0.6274999999999978,0.39840637450198635,0.0,0.0,0.10190300973056163,rejected,false,Psi sign change without root at a region boundary
binary,3,8.510,full_orders,1.0,-1.0,0.09738119317379978,0.07084547681137206,0.6028950076647762,0.6104752273048012,0.35483518915396994,0.0,0.0,0.0,numerical diagnostic,true,
binary,3,8.510,pooling,0.0,0.0,0.0,0.0,0.0,1.0000000000000002,0.5,0.0,0.0,0.0,analytical (pooling exists: e0 Delta_T/2 <= k),true,
binary,3,8.512,asymmetric_discontinuity,1.0,-0.434879746258,0.09300000000000014,0.0625000000000003,0.5320000000000026,0.6279999999999998,0.3980891719745206,0.0,0.0,0.10000152301480006,rejected,false,Psi sign change without root at a region boundary
binary,3,8.512,full_orders,1.0,-1.0,0.09721612436306035,0.07073461789660226,0.6020930675358785,0.611135502547759,0.35517741566098626,0.0,0.0,0.0,numerical diagnostic,true,
binary,3,8.512,pooling,0.0,0.0,0.0,0.0,0.0,1.0000000000000002,0.5,0.0,0.0,0.0,analytical (pooling exists: e0 Delta_T/2 <= k),true,
binary,3,8.514,asymmetric_discontinuity,1.0,-0.443093310163,0.0,0.0,0.0,1.0000000000000002,0.4999999999999999,0.0,0.0,0.02,rejected,false,Psi sign change without root at a region boundary
binary,3,8.514,full_orders,1.0,-1.0,0.09705026073999891,0.07062307536964758,0.6012848636971795,0.6117989570400046,0.3555215255249076,0.0,0.0,0.0,numerical diagnostic,true,
binary,3,8.514,pooling,0.0,0.0,0.0,0.0,0.0,1.0000000000000002,0.5,0.0,0.0,0.0,analytical (pooling exists: e0 Delta_T/2 <= k),true,
binary,3,8.516,asymmetric_discontinuity,1.0,-0.451340744531,0.0,0.0,0.0,1.0000000000000004,0.4999999999999998,0.0,0.0,0.02,rejected,false,Psi sign change without root at a region boundary
binary,3,8.516,full_orders,1.0,-1.0,0.09688359456264525,0.07051084217566907,0.6004703319679978,0.6124656217494192,0.3558675353479635,0.0,0.0,0.0,numerical diagnostic,true,
binary,3,8.516,pooling,0.0,0.0,0.0,0.0,0.0,1.0000000000000002,0.5,0.0,0.0,0.0,analytical (pooling exists: e0 Delta_T/2 <= k),true,
binary,3,8.518,asymmetric_discontinuity,1.0,-0.459622329863,0.0,0.0,0.0,1.0000000000000004,0.4999999999999999,0.0,0.0,0.02,rejected,false,Psi sign change without root at a region boundary
binary,3,8.518,full_orders,1.0,-1.0,0.09671611797957344,0.07039791115747772,0.5996494072393953,0.6131355280817066,0.35621546194430304,0.0,0.0,0.0,numerical diagnostic,true,
binary,3,8.518,pooling,0.0,0.0,0.0,0.0,0.0,1.0000000000000002,0.5,0.0,0.0,0.0,analytical (pooling exists: e0 Delta_T/2 <= k),true,
binary,3,8.520,asymmetric_discontinuity,1.0,-0.46793835016,0.0,0.0,0.0,1.0000000000000002,0.4999999999999999,0.0,0.0,0.02,rejected,false,Psi sign change without root at a region boundary
binary,3,8.520,full_orders,1.0,-1.0,0.09654782302788101,0.07028427505361722,0.5988220234568187,0.6138087078884763,0.3565653223435481,0.0,0.0,0.0,numerical diagnostic,true,
binary,3,8.520,pooling,0.0,0.0,0.0,0.0,0.0,1.0000000000000002,0.5,0.0,0.0,0.0,analytical (pooling exists: e0 Delta_T/2 <= k),true,
binary,3,8.522,asymmetric_discontinuity,1.0,-0.476289092981,0.0,0.0,0.0,1.0,0.5,0.0,0.0,0.02,rejected,false,Psi sign change without root at a region boundary
binary,3,8.522,full_orders,1.0,-1.0,0.096378701631122,0.07016992649640229,0.5979881136023403,0.6144851934755122,0.3569171337944225,0.0,0.0,0.0,numerical diagnostic,true,
binary,3,8.522,pooling,0.0,0.0,0.0,0.0,0.0,1.0000000000000002,0.5,0.0,0.0,0.0,analytical (pooling exists: e0 Delta_T/2 <= k),true,
binary,3,8.524,asymmetric_discontinuity,1.0,-0.484674849501,0.0,0.0,0.0,1.0000000000000002,0.5,0.0,0.0,0.02,rejected,false,Psi sign change without root at a region boundary
binary,3,8.524,full_orders,1.0,-1.0,0.09620874559719457,0.07005485800991317,0.5971476096764997,0.615165017611222,0.3572709137684526,0.0,0.0,0.0,numerical diagnostic,true,
binary,3,8.524,pooling,0.0,0.0,0.0,0.0,0.0,1.0000000000000002,0.5,0.0,0.0,0.0,analytical (pooling exists: e0 Delta_T/2 <= k),true,
binary,3,8.526,asymmetric_discontinuity,1.0,-0.493095914574,0.0,0.0,0.0,1.0,0.5000000000000001,0.0,0.0,0.02,rejected,false,Psi sign change without root at a region boundary
binary,3,8.526,full_orders,1.0,-1.0,0.09603794661617741,0.06993906200794177,0.5963004426797115,0.6158482135352907,0.3576266799637509,0.0,0.0,0.0,numerical diagnostic,true,
binary,3,8.526,pooling,0.0,0.0,0.0,0.0,0.0,1.0000000000000002,0.5,0.0,0.0,0.0,analytical (pooling exists: e0 Delta_T/2 <= k),true,
binary,3,8.528,asymmetric_discontinuity,1.0,-0.501552586793,0.0,0.0,0.0,1.0000000000000002,0.4999999999999999,0.0,0.0,0.02,rejected,false,Psi sign change without root at a region boundary
binary,3,8.528,full_orders,1.0,-1.0,0.09586629625811874,0.06982253079189159,0.5954465425932515,0.6165348149675254,0.35798445030887543,0.0,0.0,0.0,numerical diagnostic,true,
binary,3,8.528,pooling,0.0,0.0,0.0,0.0,0.0,1.0000000000000002,0.5,0.0,0.0,0.0,analytical (pooling exists: e0 Delta_T/2 <= k),true,
binary,3,8.530,asymmetric_discontinuity,1.0,-0.510045168556,0.0,0.0,0.0,1.0000000000000002,0.4999999999999999,0.0,0.0,0.02,rejected,false,Psi sign change without root at a region boundary
binary,3,8.530,full_orders,1.0,-1.0,0.09569378597077277,0.06970525654862778,0.5945858383597948,0.6172248561169092,0.35834424296677275,0.0,0.0,0.0,numerical diagnostic,true,
binary,3,8.530,pooling,0.0,0.0,0.0,0.0,0.0,1.0000000000000002,0.5,0.0,0.0,0.0,analytical (pooling exists: e0 Delta_T/2 <= k),true,
binary,3,8.532,asymmetric_discontinuity,1.0,-0.518573966129,0.09175000000000016,0.0625000000000003,0.5332500000000026,0.6329999999999997,0.3949447077409147,0.0,0.0,0.08131953714758547,rejected,false,Psi sign change without root at a region boundary
binary,3,8.532,full_orders,1.0,-1.0,0.095520407077283,0.06958723134827628,0.5937182578634932,0.6179183716908683,0.35870607633880564,0.0,0.0,0.0,numerical diagnostic,true,
binary,3,8.532,pooling,0.0,0.0,0.0,0.0,0.0,1.0000000000000002,0.5,0.0,0.0,0.0,analytical (pooling exists: e0 Delta_T/2 <= k),true,
binary,3,8.534,asymmetric_discontinuity,1.0,-0.527139289713,0.09162500000000001,0.06250000000000018,0.5333750000000016,0.6335000000000003,0.39463299131807306,0.0,0.0,0.07948654683601536,rejected,false,Psi sign change without root at a region boundary
binary,3,8.534,full_orders,1.0,-1.0,0.0953461507738132,0.06946844714197233,0.5928437279095918,0.6186153969047475,0.35906996906886424,0.0,0.0,0.0,numerical diagnostic,true,
binary,3,8.534,pooling,0.0,0.0,0.0,0.0,0.0,1.0000000000000002,0.5,0.0,0.0,0.0,analytical (pooling exists: e0 Delta_T/2 <= k),true,
binary,3,8.536,asymmetric_discontinuity,1.0,-0.535741453512,0.09150000000000204,0.06250000000000373,0.5335000000000318,0.6339999999999922,0.39432176656149565,0.0,0.0,0.07766032018610308,rejected,false,Psi sign change without root at a region boundary
binary,3,8.536,full_orders,1.0,-1.0,0.09517100812712136,0.06934889575955468,0.5919621742035587,0.6193159674915149,0.3594359400475676,0.0,0.0,0.0,numerical diagnostic,true,
binary,3,8.536,pooling,0.0,0.0,0.0,0.0,0.0,1.0000000000000002,0.5,0.0,0.0,0.0,analytical (pooling exists: e0 Delta_T/2 <= k),true,
binary,3,8.538,asymmetric_discontinuity,1.0,-0.544380775801,0.09137500000000169,0.06250000000000316,0.533625000000027,0.6344999999999934,0.39401103230888895,0.0,0.0,0.07584095112234579,rejected,false,Psi sign change without root at a region boundary
binary,3,8.538,full_orders,1.0,-1.0,0.09499497007207615,0.06922856890720473,0.591073521329714,0.6200201197116957,0.35980400841655635,0.0,0.0,0.0,numerical diagnostic,true,
binary,3,8.538,pooling,0.0,0.0,0.0,0.0,0.0,1.0000000000000002,0.5,0.0,0.0,0.0,analytical (pooling exists: e0 Delta_T/2 <= k),true,
binary,3,8.540,asymmetric_discontinuity,1.0,-0.553057578998,0.0912500000000001,0.06250000000000014,0.5337500000000012,0.6349999999999998,0.3937007874015742,0.0,0.0,0.07402853465088341,rejected,false,Psi sign change without root at a region boundary
binary,3,8.540,full_orders,1.0,-1.0,0.09481802740911666,0.06910745816503074,0.5901776927293624,0.6207278903635337,0.36017419357287417,0.0,0.0,0.0,numerical diagnostic,true,
binary,3,8.540,pooling,0.0,0.0,0.0,0.0,0.0,1.0000000000000002,0.5,0.0,0.0,0.0,analytical (pooling exists: e0 Delta_T/2 <= k),true,
binary,3,8.542,asymmetric_discontinuity,1.0,-0.561772189736,0.09112500000000086,0.06250000000000153,0.533875000000013,0.6354999999999967,0.393391030684493,0.0,0.0,0.07222316687450331,rejected,false,Psi sign change without root at a region boundary
binary,3,8.542,full_orders,1.0,-1.0,0.09464017080164892,0.06898555498459207,0.5892746106783854,0.6214393167934045,0.36054651517345043,0.0,0.0,0.0,numerical diagnostic,true,
binary,3,8.542,pooling,0.0,0.0,0.0,0.0,0.0,1.0000000000000002,0.5,0.0,0.0,0.0,analytical (pooling exists: e0 Delta_T/2 <= k),true,
binary,3,8.544,asymmetric_discontinuity,1.0,-0.570524938935,0.0,0.0,0.0,1.0000000000000004,0.4999999999999999,0.0,0.0,0.02,rejected,false,Psi sign change without root at a region boundary
binary,3,8.544,full_orders,1.0,-1.0,0.09446139077338285,0.06886285068636556,0.5883641962643075,0.6221544369064689,0.36092099313967485,0.0,0.0,0.0,numerical diagnostic,true,
binary,3,8.544,pooling,0.0,0.0,0.0,0.0,0.0,1.0000000000000002,0.5,0.0,0.0,0.0,analytical (pooling exists: e0 Delta_T/2 <= k),true,
binary,3,8.546,asymmetric_discontinuity,1.0,-0.579316161882,0.09087500000000368,0.06250000000000665,0.5341250000000568,0.6364999999999855,0.3927729772191347,0.0,0.0,0.06863396739379482,rejected,false,Psi sign change without root at a region boundary
binary,3,8.546,full_orders,1.0,-1.0,0.09428167770560375,0.06873933645714962,0.5874463693628006,0.6228732891775852,0.3612976476620761,0.0,0.0,0.0,numerical diagnostic,true,
binary,3,8.546,pooling,0.0,0.0,0.0,0.0,0.0,1.0000000000000002,0.5,0.0,0.0,0.0,analytical (pooling exists: e0 Delta_T/2 <= k),true,
binary,3,8.548,asymmetric_discontinuity,1.0,-0.5881461983,0.09075000000000161,0.06250000000000294,0.5342500000000252,0.6369999999999937,0.3924646781789495,0.0,0.0,0.06685033351720973,rejected,false,Psi sign change without root at a region boundary
binary,3,8.548,full_orders,1.0,-1.0,0.09410102183437791,0.06861500334740495,0.5865210486136175,0.6235959126624886,0.36167649920510353,0.0,0.0,0.0,numerical diagnostic,true,
binary,3,8.548,pooling,0.0,0.0,0.0,0.0,0.0,1.0000000000000002,0.5,0.0,0.0,0.0,analytical (pooling exists: e0 Delta_T/2 <= k),true,
binary,3,8.55,asymmetric_discontinuity,1.0,-0.597015392435,0.0,0.0,0.0,1.0000000000000002,0.4999999999999999,0.0,0.0,0.02,rejected,false,Psi sign change without root at a region boundary
binary,3,8.55,full_orders,1.0,-1.0,0.0939194132476923,0.06848984226853155,0.5855881513959448,0.6243223470092311,0.36205756851201065,0.0,0.0,0.0,numerical diagnostic,true,
binary,3,8.55,pooling,0.0,0.0,0.0,0.0,0.0,1.0000000000000002,0.5,0.0,0.0,0.0,analytical (pooling exists: e0 Delta_T/2 <= k),true,
binary,3,8.552,asymmetric_discontinuity,1.0,-0.605924093134,0.0,0.0,0.0,1.0000000000000002,0.5,0.0,0.0,0.02,rejected,false,Psi sign change without root at a region boundary
binary,3,8.552,full_orders,1.0,-1.0,0.09373684188252306,0.06836384399007793,0.5846475938031465,0.625052632469908,0.3624408766098509,0.0,0.0,0.0,numerical diagnostic,true,
binary,3,8.552,pooling,0.0,0.0,0.0,0.0,0.0,1.0000000000000002,0.5,0.0,0.0,0.0,analytical (pooling exists: e0 Delta_T/2 <= k),true,
binary,3,8.554,asymmetric_discontinuity,1.0,-0.614872653924,0.0,0.0,0.0,1.0,0.5,0.0,0.0,0.02,rejected,false,Psi sign change without root at a region boundary
binary,3,8.554,full_orders,1.0,-1.0,0.0935532975218322,0.06823699913688121,0.5836992906168819,0.6257868099126715,0.36282644481458537,0.0,0.0,0.0,numerical diagnostic,true,
binary,3,8.554,pooling,0.0,0.0,0.0,0.0,0.0,1.0000000000000002,0.5,0.0,0.0,0.0,analytical (pooling exists: e0 Delta_T/2 <= k),true,
binary,3,8.556,asymmetric_discontinuity,1.0,-0.6238614331,0.09025000000000166,0.06250000000000283,0.5347500000000242,0.6389999999999936,0.39123630672925097,0.0,0.0,0.05979126601233983,rejected,false,Psi sign change without root at a region boundary
binary,3,8.556,full_orders,1.0,-1.0,0.09336876979149289,0.06810929818613816,0.5827431552805981,0.6265249208340288,0.3632142947362994,0.0,0.0,0.0,numerical diagnostic,true,
binary,3,8.556,pooling,0.0,0.0,0.0,0.0,0.0,1.0000000000000002,0.5,0.0,0.0,0.0,analytical (pooling exists: e0 Delta_T/2 <= k),true,
binary,3,8.558,asymmetric_discontinuity,1.0,-0.632890793809,0.09012500000000111,0.06250000000000194,0.5348750000000166,0.6394999999999958,0.3909304143862299,0.0,0.0,0.058045884254724206,rejected,false,Psi sign change without root at a region boundary
binary,3,8.558,full_orders,1.0,-1.0,0.09318324815713595,0.0679807314644013,0.5817790998723463,0.6272670073714565,0.36360444828454336,0.0,0.0,0.0,numerical diagnostic,true,
binary,3,8.558,pooling,0.0,0.0,0.0,0.0,0.0,1.0000000000000002,0.5,0.0,0.0,0.0,analytical (pooling exists: e0 Delta_T/2 <= k),true,
binary,3,8.560,asymmetric_discontinuity,1.0,-0.64196110414,0.09000000000000292,0.06250000000000527,0.5350000000000452,0.6399999999999884,0.3906249999999743,0.0,0.0,0.056308468071963214,rejected,false,Psi sign change without root at a region boundary
binary,3,8.560,full_orders,1.0,-1.0,0.09299672192092104,0.06785128914450185,0.5808070350769359,0.6280131123163162,0.3639969276737882,0.0,0.0,0.0,numerical diagnostic,true,
binary,3,8.560,pooling,0.0,0.0,0.0,0.0,0.0,1.0000000000000002,0.5,0.0,0.0,0.0,analytical (pooling exists: e0 Delta_T/2 <= k),true,
binary,3,8.562,asymmetric_discontinuity,1.0,-0.651072737211,0.0,0.0,0.0,1.0,0.5,0.0,0.0,0.02,rejected,false,Psi sign change without root at a region boundary
binary,3,8.562,full_orders,1.0,-1.0,0.09280918021822562,0.06772096124239424,0.5798268701573794,0.6287632791270978,0.36439175542900915,0.0,0.0,0.0,numerical diagnostic,true,
binary,3,8.562,pooling,0.0,0.0,0.0,0.0,0.0,1.0000000000000002,0.5,0.0,0.0,0.0,analytical (pooling exists: e0 Delta_T/2 <= k),true,
binary,3,8.564,asymmetric_discontinuity,1.0,-0.660226071266,0.0,0.0,0.0,1.0000000000000002,0.4999999999999999,0.0,0.0,0.02,rejected,false,Psi sign change without root at a region boundary
binary,3,8.564,full_orders,1.0,-1.0,0.09262061201425162,0.06758973761392127,0.5788385129256218,0.6295175519429939,0.36478895439139447,0.0,0.0,0.0,numerical diagnostic,true,
binary,3,8.564,pooling,0.0,0.0,0.0,0.0,0.0,1.0000000000000002,0.5,0.0,0.0,0.0,analytical (pooling exists: e0 Delta_T/2 <= k),true,
binary,3,8.566,asymmetric_discontinuity,1.0,-0.669421489763,0.0,0.0,0.0,1.0,0.5000000000000001,0.0,0.0,0.02,rejected,false,Psi sign change without root at a region boundary
binary,3,8.566,full_orders,1.0,-1.0,0.09243100610054801,0.06745760795149829,0.5778418697125344,0.6302759755978082,0.36518854772418435,0.0,0.0,0.0,numerical diagnostic,true,
binary,3,8.566,pooling,0.0,0.0,0.0,0.0,0.0,1.0000000000000002,0.5,0.0,0.0,0.0,analytical (pooling exists: e0 Delta_T/2 <= k),true,
binary,3,8.568,asymmetric_discontinuity,1.0,-0.678659381476,0.0,0.0,0.0,1.0000000000000002,0.4999999999999999,0.0,0.0,0.02,rejected,false,Psi sign change without root at a region boundary
binary,3,8.568,full_orders,1.0,-1.0,0.09224035109144446,0.067324561780712,0.5768368453371404,0.6310385956342224,0.36559055891864495,0.0,0.0,0.0,numerical diagnostic,true,
binary,3,8.568,pooling,0.0,0.0,0.0,0.0,0.0,1.0000000000000002,0.5,0.0,0.0,0.0,analytical (pooling exists: e0 Delta_T/2 <= k),true,
binary,3,8.570,asymmetric_discontinuity,1.0,-0.687940140589,0.0,0.0,0.0,1.0000000000000002,0.5,0.0,0.0,0.02,rejected,false,Psi sign change without root at a region boundary
binary,3,8.570,full_orders,1.0,-1.0,0.09204863542039447,0.06719058845683241,0.5758233430750538,0.6318054583184224,0.3659950118001822,0.0,0.0,0.0,numerical diagnostic,true,
binary,3,8.570,pooling,0.0,0.0,0.0,0.0,0.0,1.0000000000000002,0.5,0.0,0.0,0.0,analytical (pooling exists: e0 Delta_T/2 <= k),true,
binary,3,8.572,asymmetric_discontinuity,1.0,-0.697264166801,0.08925000000000297,0.06250000000000507,0.5357500000000434,0.6429999999999884,0.38880248833590103,0.0,0.0,0.046057384030690096,rejected,false,Psi sign change without root at a region boundary
binary,3,8.572,full_orders,1.0,-1.0,0.09185584733622729,0.06705567716123642,0.5748012646261186,0.6325766106550912,0.36640193053459214,0.0,0.0,0.0,numerical diagnostic,true,
binary,3,8.572,pooling,0.0,0.0,0.0,0.0,0.0,1.0000000000000002,0.5,0.0,0.0,0.0,analytical (pooling exists: e0 Delta_T/2 <= k),true,
binary,3,8.574,asymmetric_discontinuity,1.0,-0.706631865425,0.0,0.0,0.0,1.0000000000000002,0.4999999999999999,0.0,0.0,0.02,rejected,false,Psi sign change without root at a region boundary
binary,3,8.574,full_orders,1.0,-1.0,0.09166197489930127,0.06691981689773734,0.5737705100812,0.6333521004027952,0.366811339634464,0.0,0.0,0.0,numerical diagnostic,true,
binary,3,8.574,pooling,0.0,0.0,0.0,0.0,0.0,1.0000000000000002,0.5,0.0,0.0,0.0,analytical (pooling exists: e0 Delta_T/2 <= k),true,
binary,3,8.576,asymmetric_discontinuity,1.0,-0.7160436475,0.0,0.0,0.0,1.0,0.5000000000000001,0.0,0.0,0.02,rejected,false,Psi sign change without root at a region boundary
binary,3,8.576,full_orders,1.0,-1.0,0.09146700597756087,0.06678299648882098,0.5727309778881288,0.6341319760897568,0.3672232639657261,0.0,0.0,0.0,numerical diagnostic,true,
binary,3,8.576,pooling,0.0,0.0,0.0,0.0,0.0,1.0000000000000002,0.5,0.0,0.0,0.0,analytical (pooling exists: e0 Delta_T/2 <= k),true,
binary,3,8.578,asymmetric_discontinuity,1.0,-0.725499929892,0.0,0.0,0.0,1.0000000000000002,0.5,0.0,0.0,0.02,rejected,false,Psi sign change without root at a region boundary
binary,3,8.578,full_orders,1.0,-1.0,0.09127092824249061,0.06664520457178297,0.5716825648167543,0.6349162870300379,0.3676377287543503,0.0,0.0,0.0,numerical diagnostic,true,
binary,3,8.578,pooling,0.0,0.0,0.0,0.0,0.0,1.0000000000000002,0.5,0.0,0.0,0.0,analytical (pooling exists: e0 Delta_T/2 <= k),true,
binary,3,8.580,asymmetric_discontinuity,1.0,-0.735001135409,0.0,0.0,0.0,1.0000000000000004,0.4999999999999999,0.0,0.0,0.02,rejected,false,Psi sign change without root at a region boundary
binary,3,8.580,full_orders,1.0,-1.0,0.09107372916496338,0.06650642959476442,0.5706251659230788,0.6357050833401467,0.3680547595932151,0.0,0.0,0.0,numerical diagnostic,true,
binary,3,8.580,pooling,0.0,0.0,0.0,0.0,0.0,1.0000000000000002,0.5,0.0,0.0,0.0,analytical (pooling exists: e0 Delta_T/2 <= k),true,
binary,3,8.582,asymmetric_discontinuity,1.0,-0.744547692915,0.08862500000000212,0.06250000000000369,0.5363750000000317,0.6454999999999916,0.3872966692486268,0.0,0.0,0.03775443186291322,rejected,false,Psi sign change without root at a region boundary
binary,3,8.582,full_orders,1.0,-1.0,0.09087539601098268,0.06636665981268504,0.569558674512463,0.6364984159560696,0.36847438244912656,0.0,0.0,0.0,numerical diagnostic,true,
binary,3,8.582,pooling,0.0,0.0,0.0,0.0,0.0,1.0000000000000002,0.5,0.0,0.0,0.0,analytical (pooling exists: e0 Delta_T/2 <= k),true,
binary,3,8.584,asymmetric_discontinuity,1.0,-0.754140037442,0.08850000000000235,0.06250000000000398,0.5365000000000342,0.6459999999999908,0.3869969040247488,0.0,0.0,0.03612140254551746,rejected,false,Psi sign change without root at a region boundary
binary,3,8.584,full_orders,1.0,-1.0,0.09067591583731131,0.06622588328306725,0.5684829821018492,0.637296336650755,0.3688966236700125,0.0,0.0,0.0,numerical diagnostic,true,
binary,3,8.584,pooling,0.0,0.0,0.0,0.0,0.0,1.0000000000000002,0.5,0.0,0.0,0.0,analytical (pooling exists: e0 Delta_T/2 <= k),true,
binary,3,8.586,asymmetric_discontinuity,1.0,-0.763778610314,0.08837500000000326,0.06250000000000555,0.5366250000000476,0.6464999999999872,0.38669760247483825,0.0,0.0,0.03449784753884383,rejected,false,Psi sign change without root at a region boundary
binary,3,8.586,full_orders,1.0,-1.0,0.09047527548698549,0.06608408786174998,0.5673979783809853,0.6380988980520583,0.36932150999228647,0.0,0.0,0.0,numerical diagnostic,true,
binary,3,8.586,pooling,0.0,0.0,0.0,0.0,0.0,1.0000000000000002,0.5,0.0,0.0,0.0,analytical (pooling exists: e0 Delta_T/2 <= k),true,
binary,3,8.588,asymmetric_discontinuity,1.0,-0.773463859265,0.0,0.0,0.0,1.0000000000000004,0.4999999999999999,0.0,0.0,0.02,rejected,false,Psi sign change without root at a region boundary
binary,3,8.588,full_orders,1.0,-1.0,0.09027346158471158,0.06594126119848898,0.5663035511726233,0.638906153661154,0.3697490685483869,0.0,0.0,0.0,numerical diagnostic,true,
binary,3,8.588,pooling,0.0,0.0,0.0,0.0,0.0,1.0000000000000002,0.5,0.0,0.0,0.0,analytical (pooling exists: e0 Delta_T/2 <= k),true,
binary,3,8.590,asymmetric_discontinuity,1.0,-0.783196238568,0.08812500000000403,0.06250000000000679,0.5368750000000583,0.6474999999999841,0.38610038610035385,0.0,0.0,0.031279666531175254,rejected,false,Psi sign change without root at a region boundary
binary,3,8.590,full_orders,1.0,-1.0,0.09007046053213817,0.06579739073243755,0.5651995863916386,0.6397181578714476,0.3701793268745037,0.0,0.0,0.0,numerical diagnostic,true,
binary,3,8.590,pooling,0.0,0.0,0.0,0.0,0.0,1.0000000000000002,0.5,0.0,0.0,0.0,analytical (pooling exists: e0 Delta_T/2 <= k),true,
binary,3,8.592,asymmetric_discontinuity,1.0,-0.792976209156,0.08800000000000041,0.06250000000000074,0.5370000000000064,0.6479999999999985,0.3858024691357991,0.0,0.0,0.029685297461282373,rejected,false,Psi sign change without root at a region boundary
binary,3,8.592,full_orders,1.0,-1.0,0.08986625850300442,0.0656524636875075,0.5640859680030645,0.6405349659879825,0.3706123129184863,0.0,0.0,0.0,numerical diagnostic,true,
binary,3,8.592,pooling,0.0,0.0,0.0,0.0,0.0,1.0000000000000002,0.5,0.0,0.0,0.0,analytical (pooling exists: e0 Delta_T/2 <= k),true,
binary,3,8.594,asymmetric_discontinuity,1.0,-0.802804238761,0.08787500000000184,0.06250000000000304,0.537125000000026,0.6484999999999926,0.38550501156513617,0.0,0.0,0.02810091661158054,rejected,false,Psi sign change without root at a region boundary
binary,3,8.594,full_orders,1.0,-1.0,0.08966084143815634,0.06550646706760317,0.5629625779789816,0.6413566342473749,0.3710480550479493,0.0,0.0,0.0,numerical diagnostic,true,
binary,3,8.594,pooling,0.0,0.0,0.0,0.0,0.0,1.0000000000000002,0.5,0.0,0.0,0.0,analytical (pooling exists: e0 Delta_T/2 <= k),true,
binary,3,8.596,asymmetric_discontinuity,1.0,-0.812680802042,0.08775000000000024,0.0625000000000004,0.5372500000000034,0.6489999999999992,0.3852080123266545,0.0,0.0,0.02652665644959476,rejected,false,Psi sign change without root at a region boundary
binary,3,8.596,full_orders,1.0,-1.0,0.0894541950404287,0.065359387651726,0.5618292962542367,0.6421832198382855,0.37148658205857665,0.0,0.0,0.0,numerical diagnostic,true,
binary,3,8.596,pooling,0.0,0.0,0.0,0.0,0.0,1.0000000000000002,0.5,0.0,0.0,0.0,analytical (pooling exists: e0 Delta_T/2 <= k),true,
binary,3,8.598,asymmetric_discontinuity,1.0,-0.822606380726,0.0,0.0,0.0,1.0000000000000002,0.4999999999999999,0.0,0.0,0.02,rejected,false,Psi sign change without root at a region boundary
binary,3,8.598,full_orders,1.0,-1.0,0.08924630476938987,0.06521121198894632,0.5606860006809605,0.6430147809224408,0.37192792318262635,0.0,0.0,0.0,numerical diagnostic,true,
binary,3,8.598,pooling,0.0,0.0,0.0,0.0,0.0,1.0000000000000002,0.5,0.0,0.0,0.0,analytical (pooling exists: e0 Delta_T/2 <= k),true,
binary,3,8.6,asymmetric_discontinuity,1.0,-0.832581463748,0.0,0.0,0.0,1.0000000000000002,0.5,0.0,0.0,0.02,rejected,false,Psi sign change without root at a region boundary
binary,3,8.6,full_orders,1.0,-1.0,0.08903715583594163,0.06506192639323599,0.5595325669818295,0.6438513766562337,0.37237210809765053,0.0,0.0,0.0,numerical diagnostic,true,
binary,3,8.6,pooling,0.0,0.0,0.0,0.0,0.0,1.0000000000000002,0.5,0.0,0.0,0.0,analytical (pooling exists: e0 Delta_T/2 <= k),true,
binary,3,8.602,asymmetric_discontinuity,1.0,-0.842606547395,0.0,0.0,0.0,1.0000000000000002,0.5,0.0,0.0,0.02,rejected,false,Psi sign change without root at a region boundary
binary,3,8.602,full_orders,1.0,-1.0,0.08882673319677133,0.06491151693815835,0.5583688687020381,0.644693067212915,0.372819166935431,0.0,0.0,0.0,numerical diagnostic,true,
binary,3,8.602,pooling,0.0,0.0,0.0,0.0,0.0,1.0000000000000002,0.5,0.0,0.0,0.0,analytical (pooling exists: e0 Delta_T/2 <= k),true,
binary,3,8.604,asymmetric_discontinuity,1.0,-0.852682135455,0.0,0.0,0.0,1.0000000000000002,0.5,0.0,0.0,0.02,rejected,false,Psi sign change without root at a region boundary
binary,3,8.604,full_orders,1.0,-1.0,0.08861502154865297,0.0647599694514121,0.5571947771599497,0.6455399138053884,0.37326913029113523,0.0,0.0,0.0,numerical diagnostic,true,
binary,3,8.604,pooling,0.0,0.0,0.0,0.0,0.0,1.0000000000000002,0.5,0.0,0.0,0.0,analytical (pooling exists: e0 Delta_T/2 <= k),true,
binary,3,8.606,asymmetric_discontinuity,1.0,-0.862808739368,0.0,0.0,0.0,1.0,0.5,0.0,0.0,0.02,rejected,false,Psi sign change without root at a region boundary
binary,3,8.606,full_orders,1.0,-1.0,0.08840200532258807,0.06460726950922122,0.5560101613963577,0.646391978709648,0.37372202923270836,0.0,0.0,0.0,numerical diagnostic,true,
binary,3,8.606,pooling,0.0,0.0,0.0,0.0,0.0,1.0000000000000002,0.5,0.0,0.0,0.0,analytical (pooling exists: e0 Delta_T/2 <= k),true,
binary,3,8.608,asymmetric_discontinuity,1.0,-0.872986878383,0.0,0.0,0.0,1.0000000000000002,0.5,0.0,0.0,0.02,rejected,false,Psi sign change without root at a region boundary
binary,3,8.608,full_orders,1.0,-1.0,0.08818766867778627,0.06445340243056956,0.5548148881223428,0.6472493252888553,0.37417789531049517,0.0,0.0,0.0,numerical diagnostic,true,
binary,3,8.608,pooling,0.0,0.0,0.0,0.0,0.0,1.0000000000000002,0.5,0.0,0.0,0.0,analytical (pooling exists: e0 Delta_T/2 <= k),true,
binary,3,8.610,asymmetric_discontinuity,1.0,-0.883217079717,0.08687500000000113,0.06250000000000178,0.5381250000000153,0.6524999999999956,0.3831417624520991,0.0,0.0,0.015801693797988903,rejected,false,Psi sign change without root at a region boundary
binary,3,8.610,full_orders,1.0,-1.0,0.08797199549547574,0.06429835327127162,0.5536088216656486,0.6481120180180973,0.37463676056711204,0.0,0.0,0.0,numerical diagnostic,true,
binary,3,8.610,pooling,0.0,0.0,0.0,0.0,0.0,1.0000000000000002,0.5,0.0,0.0,0.0,analytical (pooling exists: e0 Delta_T/2 <= k),true,
binary,3,8.612,asymmetric_discontinuity,1.0,-0.893499878718,0.0867500000000026,0.06250000000000426,0.5382500000000366,0.6529999999999898,0.38284839203673354,0.0,0.0,0.014313370829705296,rejected,false,Psi sign change without root at a region boundary
binary,3,8.612,full_orders,1.0,-1.0,0.08775496937253985,0.06414210681787555,0.5523918239155442,0.6489801225098408,0.3750986575475687,0.0,0.0,0.0,numerical diagnostic,true,
binary,3,8.612,pooling,0.0,0.0,0.0,0.0,0.0,1.0000000000000002,0.5,0.0,0.0,0.0,analytical (pooling exists: e0 Delta_T/2 <= k),true,
binary,3,8.614,asymmetric_discontinuity,1.0,-0.903835819035,0.08662500000000364,0.06250000000000601,0.5383750000000518,0.6534999999999856,0.3825554705432006,0.0,0.0,0.012836437937045642,rejected,false,Psi sign change without root at a region boundary
binary,3,8.614,full_orders,1.0,-1.0,0.08753657361497583,0.06398464758139388,0.551163754266127,0.649853705540097,0.3755636193096473,0.0,0.0,0.0,numerical diagnostic,true,
binary,3,8.614,pooling,0.0,0.0,0.0,0.0,0.0,1.0000000000000002,0.5,0.0,0.0,0.0,analytical (pooling exists: e0 Delta_T/2 <= k),true,
binary,3,8.616,asymmetric_discontinuity,1.0,-0.914225452789,0.08650000000000178,0.06250000000000284,0.5385000000000245,0.6539999999999931,0.38226299694188287,0.0,0.0,0.011371045242656808,rejected,false,Psi sign change without root at a region boundary
binary,3,8.616,full_orders,1.0,-1.0,0.0873167912311658,0.06382595979085351,0.5499244695579938,0.6507328350753371,0.3760316794345517,0.0,0.0,0.0,numerical diagnostic,true,
binary,3,8.616,pooling,0.0,0.0,0.0,0.0,0.0,1.0000000000000002,0.5,0.0,0.0,0.0,analytical (pooling exists: e0 Delta_T/2 <= k),true,
binary,3,8.618,asymmetric_discontinuity,1.0,-0.924669340751,0.0,0.0,0.0,1.0000000000000002,0.5,0.0,0.0,0.02,rejected,false,Psi sign change without root at a region boundary
binary,3,8.618,full_orders,1.0,-1.0,0.08709560492495613,0.06366602738666041,0.5486738240182395,0.6516175803001758,0.37650287203783156,0.0,0.0,0.0,numerical diagnostic,true,
binary,3,8.618,pooling,0.0,0.0,0.0,0.0,0.0,1.0000000000000002,0.5,0.0,0.0,0.0,analytical (pooling exists: e0 Delta_T/2 <= k),true,
binary,3,8.620,asymmetric_discontinuity,1.0,-0.935168052523,0.0,0.0,0.0,1.0000000000000002,0.5,0.0,0.0,0.02,rejected,false,Psi sign change without root at a region boundary
binary,3,8.620,full_orders,1.0,-1.0,0.08687299708853971,0.06350483401377363,0.5474116691987286,0.6525080116458415,0.376977231780589,0.0,0.0,0.0,numerical diagnostic,true,
binary,3,8.620,pooling,0.0,0.0,0.0,0.0,0.0,1.0000000000000002,0.5,0.0,0.0,0.0,analytical (pooling exists: e0 Delta_T/2 <= k),true,
binary,3,8.622,asymmetric_discontinuity,1.0,-0.945722166725,0.0,0.0,0.0,1.0000000000000002,0.5,0.0,0.0,0.02,rejected,false,Psi sign change without root at a region boundary
binary,3,8.622,full_orders,1.0,-1.0,0.08664894979513042,0.0633423630146791,0.5461378539125632,0.6534042008194787,0.37745479388098147,0.0,0.0,0.0,numerical diagnostic,true,
binary,3,8.622,pooling,0.0,0.0,0.0,0.0,0.0,1.0000000000000002,0.5,0.0,0.0,0.0,analytical (pooling exists: e0 Delta_T/2 <= k),true,
binary,3,8.624,asymmetric_discontinuity,1.0,-0.956332271184,0.0,0.0,0.0,1.0000000000000002,0.4999999999999999,0.0,0.0,0.02,rejected,false,Psi sign change without root at a region boundary
binary,3,8.624,full_orders,1.0,-1.0,0.08642344479142787,0.06317859742216009,0.5448522241687086,0.6543062208342888,0.3779355941260231,0.0,0.0,0.0,numerical diagnostic,true,
binary,3,8.624,pooling,0.0,0.0,0.0,0.0,0.0,1.0000000000000002,0.5,0.0,0.0,0.0,analytical (pooling exists: e0 Delta_T/2 <= k),true,
binary,3,8.626,asymmetric_discontinuity,1.0,-0.966998963135,0.0,0.0,0.0,1.0000000000000004,0.4999999999999998,0.0,0.0,0.02,rejected,false,Psi sign change without root at a region boundary
binary,3,8.626,full_orders,1.0,-1.0,0.08619646348986064,0.06301351995185397,0.5435546231046924,0.6552141460405577,0.37841966888370027,0.0,0.0,0.0,numerical diagnostic,true,
binary,3,8.626,pooling,0.0,0.0,0.0,0.0,0.0,1.0000000000000002,0.5,0.0,0.0,0.0,analytical (pooling exists: e0 Delta_T/2 <= k),true,
binary,3,8.628,asymmetric_discontinuity,1.0,-0.977722849418,0.0857500000000001,0.06250000000000024,0.539250000000002,0.6569999999999998,0.38051750380517396,0.0,0.0,0.00282968634054942,rejected,false,Psi sign change without root at a region boundary
binary,3,8.628,full_orders,1.0,-1.0,0.08596798696060193,0.06284711299458905,0.5422448909173143,0.6561280521575926,0.3789070551154107,0.0,0.0,0.0,numerical diagnostic,true,
binary,3,8.628,pooling,0.0,0.0,0.0,0.0,0.0,1.0000000000000002,0.5,0.0,0.0,0.0,analytical (pooling exists: e0 Delta_T/2 <= k),true,
binary,3,8.630,asymmetric_discontinuity,1.0,-0.988504546688,0.08562500000000253,0.0625000000000041,0.5393750000000354,0.6574999999999901,0.3802281368821102,0.0,0.0,0.0014494439703034434,rejected,false,Psi sign change without root at a region boundary
binary,3,8.630,full_orders,1.0,-1.0,0.0857379959233521,0.06267935860849545,0.5409228647913158,0.6570480163065919,0.3793977903887287,0.0,0.0,0.0,numerical diagnostic,true,
binary,3,8.630,pooling,0.0,0.0,0.0,0.0,0.0,1.0000000000000002,0.5,0.0,0.0,0.0,analytical (pooling exists: e0 Delta_T/2 <= k),true,
binary,3,8.632,full_orders,1.0,-1.0,0.08550647073887555,0.06251023851087895,0.539588378825907,0.6579741170444982,0.3798919128905186,0.0,0.0,0.0,numerical diagnostic,true,
binary,3,8.632,pooling,0.0,0.0,0.0,0.0,0.0,1.0000000000000002,0.5,0.0,0.0,0.0,analytical (pooling exists: e0 Delta_T/2 <= k),true,
binary,3,8.634,pooling,0.0,0.0,0.0,0.0,0.0,1.0000000000000002,0.5,0.0,0.0,0.0,analytical (pooling exists: e0 Delta_T/2 <= k),true,
binary,3,8.636,pooling,0.0,0.0,0.0,0.0,0.0,1.0000000000000002,0.5,0.0,0.0,0.0,analytical (pooling exists: e0 Delta_T/2 <= k),true,
binary,3,8.638,pooling,0.0,0.0,0.0,0.0,0.0,1.0000000000000002,0.5,0.0,0.0,0.0,analytical (pooling exists: e0 Delta_T/2 <= k),true,
binary,3,8.640,pooling,0.0,0.0,0.0,0.0,0.0,1.0000000000000002,0.5,0.0,0.0,0.0,analytical (pooling exists: e0 Delta_T/2 <= k),true,
binary,3,8.642,pooling,0.0,0.0,0.0,0.0,0.0,1.0000000000000002,0.5,0.0,0.0,0.0,analytical (pooling exists: e0 Delta_T/2 <= k),true,
binary,3,8.644,pooling,0.0,0.0,0.0,0.0,0.0,1.0000000000000002,0.5,0.0,0.0,0.0,analytical (pooling exists: e0 Delta_T/2 <= k),true,
binary,3,8.646,pooling,0.0,0.0,0.0,0.0,0.0,1.0000000000000002,0.5,0.0,0.0,0.0,analytical (pooling exists: e0 Delta_T/2 <= k),true,
binary,3,8.648,pooling,0.0,0.0,0.0,0.0,0.0,1.0000000000000002,0.5,0.0,0.0,0.0,analytical (pooling exists: e0 Delta_T/2 <= k),true,
binary,3,8.65,pooling,0.0,0.0,0.0,0.0,0.0,1.0000000000000002,0.5,0.0,0.0,0.0,analytical (pooling exists: e0 Delta_T/2 <= k),true,
binary,3,8.7,pooling,0.0,0.0,0.0,0.0,0.0,1.0000000000000002,0.5,0.0,0.0,0.0,analytical (pooling exists: e0 Delta_T/2 <= k),true,
binary,3,8.75,pooling,0.0,0.0,0.0,0.0,0.0,1.0000000000000002,0.5,0.0,0.0,0.0,analytical (pooling exists: e0 Delta_T/2 <= k),true,
binary,3,8.8,pooling,0.0,0.0,0.0,0.0,0.0,1.0000000000000002,0.5,0.0,0.0,0.0,analytical (pooling exists: e0 Delta_T/2 <= k),true,
binary,3,8.85,pooling,0.0,0.0,0.0,0.0,0.0,1.0000000000000002,0.5,0.0,0.0,0.0,analytical (pooling exists: e0 Delta_T/2 <= k),true,
binary,3,8.9,pooling,0.0,0.0,0.0,0.0,0.0,1.0000000000000002,0.5,0.0,0.0,0.0,analytical (pooling exists: e0 Delta_T/2 <= k),true,
binary,3,8.95,pooling,0.0,0.0,0.0,0.0,0.0,1.0000000000000002,0.5,0.0,0.0,0.0,analytical (pooling exists: e0 Delta_T/2 <= k),true,
binary,3,9,pooling,0.0,0.0,0.0,0.0,0.0,1.0000000000000002,0.5,0.0,0.0,0.0,analytical (pooling exists: e0 Delta_T/2 <= k),true,
binary,3,9.05,pooling,0.0,0.0,0.0,0.0,0.0,1.0000000000000002,0.5,0.0,0.0,0.0,analytical (pooling exists: e0 Delta_T/2 <= k),true,
binary,3,9.1,pooling,0.0,0.0,0.0,0.0,0.0,1.0000000000000002,0.5,0.0,0.0,0.0,analytical (pooling exists: e0 Delta_T/2 <= k),true,
binary,3,9.15,pooling,0.0,0.0,0.0,0.0,0.0,1.0000000000000002,0.5,0.0,0.0,0.0,analytical (pooling exists: e0 Delta_T/2 <= k),true,
binary,3,9.2,pooling,0.0,0.0,0.0,0.0,0.0,1.0000000000000002,0.5,0.0,0.0,0.0,analytical (pooling exists: e0 Delta_T/2 <= k),true,
binary,3,9.25,pooling,0.0,0.0,0.0,0.0,0.0,1.0000000000000002,0.5,0.0,0.0,0.0,analytical (pooling exists: e0 Delta_T/2 <= k),true,
binary,3,9.3,pooling,0.0,0.0,0.0,0.0,0.0,1.0000000000000002,0.5,0.0,0.0,0.0,analytical (pooling exists: e0 Delta_T/2 <= k),true,
binary,3,9.35,pooling,0.0,0.0,0.0,0.0,0.0,1.0000000000000002,0.5,0.0,0.0,0.0,analytical (pooling exists: e0 Delta_T/2 <= k),true,
binary,3,9.4,pooling,0.0,0.0,0.0,0.0,0.0,1.0000000000000002,0.5,0.0,0.0,0.0,analytical (pooling exists: e0 Delta_T/2 <= k),true,
binary,3,9.45,pooling,0.0,0.0,0.0,0.0,0.0,1.0000000000000002,0.5,0.0,0.0,0.0,analytical (pooling exists: e0 Delta_T/2 <= k),true,
binary,3,9.5,pooling,0.0,0.0,0.0,0.0,0.0,1.0000000000000002,0.5,0.0,0.0,0.0,analytical (pooling exists: e0 Delta_T/2 <= k),true,
binary,3,9.55,pooling,0.0,0.0,0.0,0.0,0.0,1.0000000000000002,0.5,0.0,0.0,0.0,analytical (pooling exists: e0 Delta_T/2 <= k),true,
binary,3,9.6,pooling,0.0,0.0,0.0,0.0,0.0,1.0000000000000002,0.5,0.0,0.0,0.0,analytical (pooling exists: e0 Delta_T/2 <= k),true,
binary,3,9.65,pooling,0.0,0.0,0.0,0.0,0.0,1.0000000000000002,0.5,0.0,0.0,0.0,analytical (pooling exists: e0 Delta_T/2 <= k),true,
binary,3,9.7,pooling,0.0,0.0,0.0,0.0,0.0,1.0000000000000002,0.5,0.0,0.0,0.0,analytical (pooling exists: e0 Delta_T/2 <= k),true,
binary,3,9.75,pooling,0.0,0.0,0.0,0.0,0.0,1.0000000000000002,0.5,0.0,0.0,0.0,analytical (pooling exists: e0 Delta_T/2 <= k),true,
binary,3,9.8,pooling,0.0,0.0,0.0,0.0,0.0,1.0000000000000002,0.5,0.0,0.0,0.0,analytical (pooling exists: e0 Delta_T/2 <= k),true,
binary,3,9.85,pooling,0.0,0.0,0.0,0.0,0.0,1.0000000000000002,0.5,0.0,0.0,0.0,analytical (pooling exists: e0 Delta_T/2 <= k),true,
binary,3,9.9,pooling,0.0,0.0,0.0,0.0,0.0,1.0000000000000002,0.5,0.0,0.0,0.0,analytical (pooling exists: e0 Delta_T/2 <= k),true,
binary,3,9.95,pooling,0.0,0.0,0.0,0.0,0.0,1.0000000000000002,0.5,0.0,0.0,0.0,analytical (pooling exists: e0 Delta_T/2 <= k),true,
binary,3,9.9999,pooling,0.0,0.0,0.0,0.0,0.0,1.0000000000000002,0.5,0.0,0.0,0.0,analytical (pooling exists: e0 Delta_T/2 <= k),true,
binary,3,10,pooling,0.0,0.0,0.0,0.0,0.0,1.0000000000000002,0.5,0.0,0.0,0.0,analytical (pooling exists: e0 Delta_T/2 <= k),true,
uniform_classes,1.2,0,pooling,0.0,0.0,0.25000000000000006,0.12500000000000003,0.14787326388888883,0.0,nan,0.0,0.0,0.0,analytical (unique no trade: Delta_T < k),true,
uniform_classes,1.2,0.05,pooling,0.0,0.0,0.25000000000000006,0.12500000000000003,0.1840711805555555,0.0,nan,0.0,0.0,0.0,analytical (unique no trade: Delta_T < k),true,
uniform_classes,1.2,0.1,pooling,0.0,0.0,0.25000000000000006,0.12500000000000003,0.21766493055555552,0.0,nan,0.0,0.0,0.0,analytical (unique no trade: Delta_T < k),true,
uniform_classes,1.2,0.15,pooling,0.0,0.0,0.25000000000000006,0.12500000000000003,0.24865451388888887,0.0,nan,0.0,0.0,0.0,analytical (unique no trade: Delta_T < k),true,
uniform_classes,1.2,0.2,pooling,0.0,0.0,0.25000000000000006,0.12500000000000003,0.27703993055555554,0.0,nan,0.0,0.0,0.0,analytical (unique no trade: Delta_T < k),true,
uniform_classes,1.2,0.25,pooling,0.0,0.0,0.25000000000000006,0.12500000000000003,0.3028211805555555,0.0,nan,0.0,0.0,0.0,analytical (unique no trade: Delta_T < k),true,
uniform_classes,1.2,0.3,pooling,0.0,0.0,0.25000000000000006,0.12500000000000003,0.3259982638888888,0.0,nan,0.0,0.0,0.0,analytical (unique no trade: Delta_T < k),true,
uniform_classes,1.2,0.35,pooling,0.0,0.0,0.25000000000000006,0.12500000000000003,0.34657118055555547,0.0,nan,0.0,0.0,0.0,analytical (unique no trade: Delta_T < k),true,
uniform_classes,1.2,0.4,pooling,0.0,0.0,0.25000000000000006,0.12500000000000003,0.3645399305555555,0.0,nan,0.0,0.0,0.0,analytical (unique no trade: Delta_T < k),true,
uniform_classes,1.2,0.45,pooling,0.0,0.0,0.25000000000000006,0.12500000000000003,0.37990451388888885,0.0,nan,0.0,0.0,0.0,analytical (unique no trade: Delta_T < k),true,
uniform_classes,1.2,0.5,pooling,0.0,0.0,0.25000000000000006,0.12500000000000003,0.3926649305555555,0.0,nan,0.0,0.0,0.0,analytical (unique no trade: Delta_T < k),true,
uniform_classes,1.2,0.55,pooling,0.0,0.0,0.25000000000000006,0.12500000000000003,0.4028211805555555,0.0,nan,0.0,0.0,0.0,analytical (unique no trade: Delta_T < k),true,
uniform_classes,1.2,0.6,pooling,0.0,0.0,0.25000000000000006,0.12500000000000003,0.41037326388888884,0.0,nan,0.0,0.0,0.0,analytical (unique no trade: Delta_T < k),true,
uniform_classes,1.2,0.65,pooling,0.0,0.0,0.25000000000000006,0.12500000000000003,0.41532118055555545,0.0,nan,0.0,0.0,0.0,analytical (unique no trade: Delta_T < k),true,
uniform_classes,1.2,0.7,pooling,0.0,0.0,0.25000000000000006,0.12500000000000003,0.4176649305555555,0.0,nan,0.0,0.0,0.0,analytical (unique no trade: Delta_T < k),true,
uniform_classes,1.2,0.75,pooling,0.0,0.0,0.25000000000000006,0.12500000000000003,0.41740451388888883,0.0,nan,0.0,0.0,0.0,analytical (unique no trade: Delta_T < k),true,
uniform_classes,1.2,0.8,pooling,0.0,0.0,0.25000000000000006,0.12500000000000003,0.4145399305555555,0.0,nan,0.0,0.0,0.0,analytical (unique no trade: Delta_T < k),true,
uniform_classes,1.2,0.85,pooling,0.0,0.0,0.25000000000000006,0.12500000000000003,0.40907118055555547,0.0,nan,0.0,0.0,0.0,analytical (unique no trade: Delta_T < k),true,
uniform_classes,1.2,0.9,pooling,0.0,0.0,0.25000000000000006,0.12500000000000003,0.4009982638888888,0.0,nan,0.0,0.0,0.0,analytical (unique no trade: Delta_T < k),true,
uniform_classes,1.2,0.9499,pooling,0.0,0.0,0.25000000000000006,0.12500000000000003,0.39034513368055557,0.0,nan,0.0,0.0,0.0,analytical (unique no trade: Delta_T < k),true,
uniform_classes,1.2,0.95,pooling,0.0,0.0,0.25000000000000006,0.12500000000000003,0.39032118055555554,0.0,nan,0.0,0.0,0.0,analytical (unique no trade: Delta_T < k),true,
uniform_classes,1.2,0.9501,pooling,0.0,0.0,0.25000000000000006,0.12500000000000003,0.39020318810625004,0.0,nan,0.0,0.0,0.0,analytical (unique no trade: Delta_T < k),true,
uniform_classes,1.2,0.9521,asymmetric_tangency,1.0,-0.35833504801117994,0.5325697964772407,0.31250000001238615,0.6054002471429878,0.0,nan,2.220446049250313e-16,0.0,0.01211244175031263,open,false,local |Psi| minimum 1.303e-02 without sign change
uniform_classes,1.2,0.9521,full_orders,1.0,-1.0,0.5462689538293573,0.34028953098231096,0.6165627282631085,0.0,nan,2.220446049250313e-16,0.0,0.012727092836402436,rejected,false,epsilon_q=1.273e-02
uniform_classes,1.2,0.9521,pooling,0.0,0.0,0.25000000000000006,0.12500000000000003,0.3878333731618056,0.0,nan,0.0,0.0,0.0,analytical (pooling exists: e0 Delta_T/2 <= k),true,
uniform_classes,1.2,0.9541,asymmetric_tangency,1.0,-0.35990291858449674,0.5324952973916692,0.312500000196516,0.6022905342074867,0.0,nan,1.1102230246251565e-16,0.0,0.0084634028635171,open,false,local |Psi| minimum 9.812e-03 without sign change
uniform_classes,1.2,0.9541,full_orders,1.0,-1.0,0.5461746053655828,0.34022691753260415,0.613687822278851,0.0,nan,1.1102230246251565e-16,0.0,0.009360532754419533,rejected,false,epsilon_q=9.361e-03
uniform_classes,1.2,0.9541,pooling,0.0,0.0,0.25000000000000006,0.12500000000000003,0.3854445298840277,0.0,nan,0.0,0.0,0.0,analytical (pooling exists: e0 Delta_T/2 <= k),true,
uniform_classes,1.2,0.9561,asymmetric_tangency,1.0,-0.36146382080332184,0.5324211872131663,0.3125000002516879,0.5991553521813817,0.0,nan,1.1102230246251565e-16,0.0,0.004788385657787088,open,false,local |Psi| minimum 6.574e-03 without sign change
uniform_classes,1.2,0.9561,full_orders,1.0,-1.0,0.546080664036313,0.3401645578735187,0.6107878736184061,0.0,nan,1.1102230246251565e-16,0.0,0.005970446919917567,rejected,false,epsilon_q=5.970e-03
uniform_classes,1.2,0.9561,pooling,0.0,0.0,0.25000000000000006,0.12500000000000003,0.38303659160625003,0.0,nan,0.0,0.0,0.0,analytical (pooling exists: e0 Delta_T/2 <= k),true,
uniform_classes,1.2,0.9581,asymmetric_tangency,1.0,-0.3630177252654904,0.5323474667894603,0.31250000035919223,0.5959945940869208,0.0,nan,1.1102230246251565e-16,0.0,0.0010872754399283598,open,false,local |Psi| minimum 3.317e-03 without sign change
uniform_classes,1.2,0.9581,full_orders,1.0,-1.0,0.54598713199072,0.3401024536512734,0.6078627789609437,0.0,nan,1.1102230246251565e-16,0.0,0.0032949350302020775,rejected,false,epsilon_q=3.295e-03
uniform_classes,1.2,0.9581,pooling,0.0,0.0,0.25000000000000006,0.12500000000000003,0.3806094916618055,0.0,nan,0.0,0.0,0.0,analytical (pooling exists: e0 Delta_T/2 <= k),true,
uniform_classes,1.2,0.9601,asymmetric_tangency,1.0,-0.3645645943433186,0.5322741367837793,0.31250000031878805,0.5928081526505251,0.0,nan,1.1102230246251565e-16,0.0,5.620138692190996e-08,numerical diagnostic,true,local |Psi| minimum 4.103e-05 without sign change
uniform_classes,1.2,0.9601,full_orders,1.0,-1.0,0.5458940113838446,0.340040606516387,0.6049124349640778,0.0,nan,1.1102230246251565e-16,0.0,0.0016114855839823028,rejected,false,epsilon_q=1.611e-03
uniform_classes,1.2,0.9601,pooling,0.0,0.0,0.25000000000000006,0.12500000000000003,0.3781631633840278,0.0,nan,0.0,0.0,0.0,analytical (pooling exists: e0 Delta_T/2 <= k),true,
uniform_classes,1.2,0.9621,asymmetric,1.0,-0.647905260312,0.5385139167073415,0.3252548497395848,0.5953241192036409,0.0,nan,1.1102230246251565e-16,0.0,0.0,numerical diagnostic,true,
uniform_classes,1.2,0.9621,asymmetric_discontinuity,1.0,-0.36610439181,0.5322011978975945,0.312500000000024,0.5895959204841876,0.0,nan,1.1102230246251565e-16,0.0,0.0003600903637184863,rejected,false,Psi sign change without root at a region boundary
uniform_classes,1.2,0.9621,full_orders,1.0,-1.0,0.5458013043766914,0.3399790181237314,0.6019367382626867,0.0,nan,1.1102230246251565e-16,0.0,0.0006100123567875475,rejected,false,epsilon_q=6.100e-04
uniform_classes,1.2,0.9621,pooling,0.0,0.0,0.25000000000000006,0.12500000000000003,0.37569754010625006,0.0,nan,0.0,0.0,0.0,analytical (pooling exists: e0 Delta_T/2 <= k),true,
uniform_classes,1.2,0.9641,asymmetric,1.0,-0.86228553055,0.5429315971336178,0.3343103041387487,0.5963632115140517,0.0,nan,1.1102230246251565e-16,0.0,0.0,numerical diagnostic,true,
uniform_classes,1.2,0.9641,asymmetric_discontinuity,1.0,-0.36763709687,0.25,0.125,0.3732125551618055,0.0,nan,5.551115123125783e-17,0.0,0.005678051514475584,rejected,false,Psi sign change without root at a region boundary
uniform_classes,1.2,0.9641,full_orders,1.0,-1.0,0.5457090131363305,0.339917690132587,0.5989355854677256,0.0,nan,1.1102230246251565e-16,0.0,0.00011188213154850885,rejected,false,epsilon_q=1.119e-04
uniform_classes,1.2,0.9641,pooling,0.0,0.0,0.25000000000000006,0.12500000000000003,0.3732125551618055,0.0,nan,0.0,0.0,0.0,analytical (pooling exists: e0 Delta_T/2 <= k),true,
uniform_classes,1.2,0.9661,asymmetric_discontinuity,1.0,-0.369162669099,0.5320564972980096,0.3125000000000012,0.5830936546092459,0.0,nan,1.1102230246251565e-16,0.0,0.0028461395297863555,rejected,false,Psi sign change without root at a region boundary
uniform_classes,1.2,0.9661,full_orders,1.0,-1.0,0.5456171398359965,0.33985662420669827,0.5959088731650289,0.0,nan,1.1102230246251565e-16,0.0,0.0,numerical diagnostic,true,
uniform_classes,1.2,0.9661,pooling,0.0,0.0,0.25000000000000006,0.12500000000000003,0.3707081418840278,0.0,nan,0.0,0.0,0.0,analytical (pooling exists: e0 Delta_T/2 <= k),true,
uniform_classes,1.2,0.9681,asymmetric_discontinuity,1.0,-0.370681074778,0.5319847369805589,0.31250000000001843,0.5798034053915715,0.0,nan,2.220446049250313e-16,0.0,0.00457643867188566,rejected,false,Psi sign change without root at a region boundary
uniform_classes,1.2,0.9681,full_orders,1.0,-1.0,0.5455256866551894,0.33979582201432906,0.5928564979141022,0.0,nan,2.220446049250313e-16,0.0,0.0,numerical diagnostic,true,
uniform_classes,1.2,0.9681,pooling,0.0,0.0,0.25000000000000006,0.12500000000000003,0.36818423360625,0.0,nan,0.0,0.0,0.0,analytical (pooling exists: e0 Delta_T/2 <= k),true,
uniform_classes,1.2,0.9701,asymmetric,1.0,-0.14423390569,0.25000000000000006,0.125,0.36564076366180553,0.0,nan,5.551115123125783e-17,0.0,0.0004694296175868015,rejected,false,epsilon_q=4.694e-04
uniform_classes,1.2,0.9701,asymmetric_discontinuity,1.0,-0.372192280092,0.25,0.125,0.36564076366180553,0.0,nan,5.551115123125783e-17,0.0,0.0008246557350309689,rejected,false,Psi sign change without root at a region boundary
uniform_classes,1.2,0.9701,full_orders,1.0,-1.0,0.5454346557797756,0.3397352852283184,0.5897783562469047,0.0,nan,1.1102230246251565e-16,0.0,0.0,numerical diagnostic,true,
uniform_classes,1.2,0.9701,pooling,0.0,0.0,0.25000000000000006,0.12500000000000003,0.36564076366180553,0.0,nan,0.0,0.0,0.001781106129861116,rejected,false,epsilon_q=1.781e-03
uniform_classes,1.2,0.9701,pure,0.4456943199900081,-0.44569431432057427,0.25,0.125,0.36564076366180553,0.0,nan,5.551115123125783e-17,0.0,0.0,numerical diagnostic,true,
uniform_classes,1.2,0.9721,asymmetric_tangency,1.0,-0.37369624642954896,0.25000000000000006,0.12500000000000003,0.36307766538402775,0.0,nan,5.551115123125783e-17,0.0,0.00015335217676168932,open,false,local |Psi| minimum 5.760e-04 without sign change
uniform_classes,1.2,0.9721,full_orders,1.0,-1.0,0.5453440494020896,0.33967501552613744,0.5866743446666227,0.0,nan,1.1102230246251565e-16,0.0,0.0,analytical (candidate J test),true,
uniform_classes,1.2,0.9721,pooling,0.0,0.0,0.25000000000000006,0.12500000000000003,0.36307766538402775,0.0,nan,0.0,0.0,0.003821079407638917,rejected,false,epsilon_q=3.821e-03
uniform_classes,1.2,0.9721,pure,0.6552557419115659,-0.6552557458536663,0.25,0.12500000000000003,0.36307766538402775,0.0,nan,5.551115123125783e-17,0.0,0.0,numerical diagnostic,true,
uniform_classes,1.2,0.9741,asymmetric_tangency,1.0,-0.3751929532719486,0.25000000000000006,0.12500000000000003,0.3604948721062501,0.0,nan,5.551115123125783e-17,0.0,0.000553431581104929,open,false,local |Psi| minimum 2.342e-03 without sign change
uniform_classes,1.2,0.9741,full_orders,1.0,-1.0,0.5452538697210364,0.3396150145899455,0.5835443596464318,0.0,nan,1.1102230246251565e-16,0.0,0.0,analytical (candidate J test),true,
uniform_classes,1.2,0.9741,pooling,0.0,0.0,0.25000000000000006,0.12500000000000003,0.3604948721062501,0.0,nan,0.0,0.0,0.005876581018750011,rejected,false,epsilon_q=5.877e-03
uniform_classes,1.2,0.9761,asymmetric_tangency,1.0,-0.3766823461335477,0.25,0.125,0.3578923171618055,0.0,nan,5.551115123125783e-17,0.0,0.001562003481339537,open,false,local |Psi| minimum 4.119e-03 without sign change
uniform_classes,1.2,0.9761,full_orders,1.0,-1.0,0.545164118942195,0.33955528410664776,0.5803882976282488,0.0,nan,2.220446049250313e-16,0.0,0.0,analytical (candidate J test),true,
uniform_classes,1.2,0.9761,pooling,0.0,0.0,0.25000000000000006,0.12500000000000003,0.35789231716180553,0.0,nan,0.0,0.0,0.007947677629861167,rejected,false,epsilon_q=7.948e-03
uniform_classes,1.2,0.9781,asymmetric_tangency,1.0,-0.3781644129956931,0.2500000000000001,0.12500000000000003,0.3552699338840277,0.0,nan,5.551115123125783e-17,0.0,0.0025981081043716355,open,false,local |Psi| minimum 5.909e-03 without sign change
uniform_classes,1.2,0.9781,full_orders,1.0,-1.0,0.5450747992779211,0.3394958257679526,0.5772060550214752,0.0,nan,1.1102230246251565e-16,0.0,0.0,analytical (candidate J test),true,
uniform_classes,1.2,0.9781,pooling,0.0,0.0,0.25000000000000006,0.12500000000000003,0.3552699338840277,0.0,nan,0.0,0.0,0.010034435907638879,rejected,false,epsilon_q=1.003e-02
uniform_classes,1.2,0.9801,asymmetric_tangency,1.0,-0.37963910832145903,0.25,0.125,0.35262765560625,0.0,nan,5.551115123125783e-17,0.0,0.0036364642461786875,open,false,local |Psi| minimum 7.710e-03 without sign change
uniform_classes,1.2,0.9801,full_orders,1.0,-1.0,0.5449859129474528,0.33943664127042955,0.5739975282017263,0.0,nan,1.1102230246251565e-16,0.0,0.0,analytical (candidate J test),true,
uniform_classes,1.2,0.9801,pooling,0.0,0.0,0.25000000000000006,0.12500000000000003,0.35262765560625,0.0,nan,0.0,0.0,0.012136922518750027,rejected,false,epsilon_q=1.214e-02
uniform_classes,1.2,0.9821,asymmetric_tangency,1.0,-0.38110639321766765,0.25,0.125,0.3499654156618055,0.0,nan,5.551115123125783e-17,0.0,0.004677088719165018,open,false,local |Psi| minimum 9.524e-03 without sign change
uniform_classes,1.2,0.9821,full_orders,1.0,-1.0,0.544897462177014,0.3393777323155672,0.5707626135095536,0.0,nan,1.1102230246251565e-16,0.0,0.0,analytical (candidate J test),true,
uniform_classes,1.2,0.9821,pooling,0.0,0.0,0.25000000000000006,0.12500000000000003,0.3499654156618055,0.0,nan,0.0,0.0,0.014255204129861188,rejected,false,epsilon_q=1.426e-02
uniform_classes,1.2,0.9841,asymmetric_tangency,1.0,-0.3825662395409508,0.25000000000000006,0.12500000000000003,0.34728314738402777,0.0,nan,5.551115123125783e-17,0.0,0.005719998756689754,open,false,local |Psi| minimum 1.135e-02 without sign change
uniform_classes,1.2,0.9841,full_orders,1.0,-1.0,0.5448094491999214,0.3393191006098328,0.5675012072491545,0.0,nan,1.1102230246251565e-16,0.0,0.0,analytical (candidate J test),true,
uniform_classes,1.2,0.9841,pooling,0.0,0.0,0.25000000000000006,0.12500000000000003,0.34728314738402777,0.0,nan,0.0,0.0,0.016389347407638897,rejected,false,epsilon_q=1.639e-02
uniform_classes,1.2,0.9861,asymmetric_tangency,1.0,-0.3840186125041927,0.25000000000000006,0.12500000000000003,0.34458078410625,0.0,nan,5.551115123125783e-17,0.0,0.006765212184374022,open,false,local |Psi| minimum 1.319e-02 without sign change
uniform_classes,1.2,0.9861,full_orders,1.0,-1.0,0.5447218762566902,0.3392607478647304,0.5642132056870706,0.0,nan,2.220446049250313e-16,0.0,0.0,analytical (candidate J test),true,
uniform_classes,1.2,0.9861,pooling,0.0,0.0,0.25000000000000006,0.12500000000000003,0.34458078410625,0.0,nan,0.0,0.0,0.018539419018750076,rejected,false,epsilon_q=1.854e-02
uniform_classes,1.2,0.9881,asymmetric_tangency,1.0,-0.3854634719453726,0.25000000000000006,0.12500000000000003,0.34185825916180557,0.0,nan,5.551115123125783e-17,0.0,0.007812747470797177,open,false,local |Psi| minimum 1.504e-02 without sign change
uniform_classes,1.2,0.9881,full_orders,1.0,-1.0,0.5446347455951412,0.33920267579686125,0.5608985050508759,0.0,nan,1.1102230246251565e-16,0.0,0.0,analytical (candidate J test),true,
uniform_classes,1.2,0.9881,pooling,0.0,0.0,0.25000000000000006,0.12500000000000003,0.34185825916180557,0.0,nan,0.0,0.0,0.020705485629861135,rejected,false,epsilon_q=2.071e-02
uniform_classes,1.2,0.9901,asymmetric_tangency,1.0,-0.3869008004709322,0.25000000000000006,0.12500000000000003,0.3391155058840277,0.0,nan,5.551115123125783e-17,0.0,0.008862623244409595,open,false,local |Psi| minimum 1.690e-02 without sign change
uniform_classes,1.2,0.9901,full_orders,1.0,-1.0,0.5445480594705087,0.3391448861279829,0.5575570015278533,0.0,nan,1.1102230246251565e-16,0.0,0.0,analytical (candidate J test),true,
uniform_classes,1.2,0.9901,pooling,0.0,0.0,0.25000000000000006,0.12500000000000003,0.3391155058840277,0.0,nan,0.0,0.0,0.022887613907638885,rejected,false,epsilon_q=2.289e-02
uniform_classes,1.2,0.9921,asymmetric_tangency,1.0,-0.38833053231316894,0.25000000000000006,0.12500000000000003,0.33635245760625,0.0,nan,5.551115123125783e-17,0.0,0.009914859593798588,open,false,local |Psi| minimum 1.878e-02 without sign change
uniform_classes,1.2,0.9921,full_orders,1.0,-1.0,0.5444618201455487,0.3390873805850703,0.554188591263659,0.0,nan,1.1102230246251565e-16,0.0,0.0,analytical (candidate J test),true,
uniform_classes,1.2,0.9921,pooling,0.0,0.0,0.25000000000000006,0.12500000000000003,0.33635245760625,0.0,nan,0.0,0.0,0.025085870518749987,rejected,false,epsilon_q=2.509e-02
uniform_classes,1.2,0.9941,asymmetric_tangency,1.0,-0.3897526649343967,0.25,0.125,0.3335690476618055,0.0,nan,5.551115123125783e-17,0.0,0.010969475953222754,open,false,local |Psi| minimum 2.066e-02 without sign change
uniform_classes,1.2,0.9941,full_orders,1.0,-1.0,0.5443760298906479,0.33903016090037613,0.5507931703609769,0.0,nan,1.1102230246251565e-16,0.0,0.0,analytical (candidate J test),true,
uniform_classes,1.2,0.9941,pooling,0.0,0.0,0.25000000000000006,0.12500000000000003,0.3335690476618055,0.0,nan,0.0,0.0,0.02730032212986117,rejected,false,epsilon_q=2.730e-02
uniform_classes,1.2,0.9961,asymmetric_tangency,1.0,-0.39116714458556545,0.25000000000000006,0.12500000000000003,0.3307652093840277,0.0,nan,5.551115123125783e-17,0.0,0.012026493379664837,open,false,local |Psi| minimum 2.256e-02 without sign change
uniform_classes,1.2,0.9961,full_orders,1.0,-1.0,0.5442906909839349,0.3389732288114924,0.5473706348781591,0.0,nan,2.220446049250313e-16,0.0,0.0,analytical (candidate J test),true,
uniform_classes,1.2,0.9961,pooling,0.0,0.0,0.25000000000000006,0.12500000000000003,0.3307652093840277,0.0,nan,0.0,0.0,0.029531035407638923,rejected,false,epsilon_q=2.953e-02
uniform_classes,1.2,0.9981,asymmetric_tangency,1.0,-0.39257393394187357,0.25000000000000006,0.12500000000000003,0.32794087610625,0.0,nan,5.551115123125783e-17,0.0,0.013085933224127419,open,false,local |Psi| minimum 2.447e-02 without sign change
uniform_classes,1.2,0.9981,full_orders,1.0,-1.0,0.5442058057113889,0.3389165860614117,0.5439208808278564,0.0,nan,1.1102230246251565e-16,0.0,0.0,analytical (candidate J test),true,
uniform_classes,1.2,0.9981,pooling,0.0,0.0,0.25000000000000006,0.12500000000000003,0.32794087610625,0.0,nan,0.0,0.0,0.03177807701875003,rejected,false,epsilon_q=3.178e-02
uniform_classes,1.2,1,asymmetric_tangency,1.0,-0.39390323948959116,0.25,0.12500000000000003,0.3252387152777777,0.0,nan,5.551115123125783e-17,0.0,0.014094664470480942,open,false,local |Psi| minimum 2.630e-02 without sign change
uniform_classes,1.2,1,full_orders,1.0,-1.0,0.5441255869703772,0.33886304504135367,0.5406183085266221,0.0,nan,1.1102230246251565e-16,0.0,0.0,analytical (candidate J test),true,
uniform_classes,1.2,1,pooling,0.0,0.0,0.25000000000000006,0.12500000000000003,0.32523871527777776,0.0,nan,0.0,0.0,0.03392795138888892,rejected,false,epsilon_q=3.393e-02
uniform_classes,1.2,1.002,asymmetric_tangency,1.0,-0.3952949401401342,0.25,0.125,0.3223742249999999,0.0,nan,5.551115123125783e-17,0.0,0.015158891309930039,open,false,local |Psi| minimum 2.824e-02 without sign change
uniform_classes,1.2,1.002,full_orders,1.0,-1.0,0.544041592889763,0.3388069715359663,0.5371151789965452,0.0,nan,2.220446049250313e-16,0.0,0.0,analytical (candidate J test),true,
uniform_classes,1.2,1.002,pooling,0.0,0.0,0.25000000000000006,0.12500000000000003,0.322374225,0.0,nan,5.551115123125783e-17,0.0,0.03620702499999999,rejected,false,epsilon_q=3.621e-02
uniform_classes,1.2,1.004,asymmetric_tangency,1.0,-0.3966788565847455,0.2500000000000001,0.12500000000000003,0.3194890430555556,0.0,nan,5.551115123125783e-17,0.0,0.01622560659787669,open,false,local |Psi| minimum 3.019e-02 without sign change
uniform_classes,1.2,1.004,full_orders,1.0,-1.0,0.5439580592337755,0.33875119254327585,0.5335845238566851,0.0,nan,2.220446049250313e-16,0.0,0.0,analytical (candidate J test),true,
uniform_classes,1.2,1.004,pooling,0.0,0.0,0.25000000000000006,0.12500000000000003,0.3194890430555556,0.0,nan,0.0,0.0,0.03850262361111115,rejected,false,epsilon_q=3.850e-02
uniform_classes,1.2,1.006,asymmetric_tangency,1.0,-0.3980549420176564,0.25000000000000006,0.12500000000000003,0.3165831027777778,0.0,nan,5.551115123125783e-17,0.0,0.017294834422714803,open,false,local |Psi| minimum 3.215e-02 without sign change
uniform_classes,1.2,1.006,full_orders,1.0,-1.0,0.543874988320505,0.3386957098282199,0.5300262389255362,0.0,nan,1.1102230246251565e-16,0.0,0.0,analytical (candidate J test),true,
uniform_classes,1.2,1.006,pooling,0.0,0.0,0.25000000000000006,0.12500000000000003,0.3165831027777778,0.0,nan,0.0,0.0,0.04081481388888886,rejected,false,epsilon_q=4.081e-02
uniform_classes,1.2,1.008,asymmetric_tangency,1.0,-0.3994231682954989,0.25,0.125,0.3136563374999999,0.0,nan,5.551115123125783e-17,0.0,0.018366598903602253,open,false,local |Psi| minimum 3.413e-02 without sign change
uniform_classes,1.2,1.008,full_orders,1.0,-1.0,0.5437923824764516,0.33864052516144805,0.5264402199689253,0.0,nan,2.220446049250313e-16,0.0,0.0,analytical (candidate J test),true,
uniform_classes,1.2,1.008,pooling,0.0,0.0,0.25000000000000006,0.12500000000000003,0.3136563374999999,0.0,nan,0.0,0.0,0.043143662500000096,rejected,false,epsilon_q=4.314e-02
uniform_classes,1.2,1.010,asymmetric_tangency,1.0,-0.40078350063115703,0.25,0.125,0.3107086805555555,0.0,nan,5.551115123125783e-17,0.0,0.019440925010038423,open,false,local |Psi| minimum 3.611e-02 without sign change
uniform_classes,1.2,1.010,full_orders,1.0,-1.0,0.5437102440366424,0.33858564031938754,0.5228263626985676,0.0,nan,2.220446049250313e-16,0.0,0.0,analytical (candidate J test),true,
uniform_classes,1.2,1.010,pooling,0.0,0.0,0.25000000000000006,0.12500000000000003,0.31070868055555556,0.0,nan,0.0,0.0,0.04548923611111112,rejected,false,epsilon_q=4.549e-02
uniform_classes,1.2,1.012,asymmetric_tangency,1.0,-0.40213589602539096,0.25000000000000006,0.12500000000000003,0.30774006527777775,0.0,nan,5.551115123125783e-17,0.0,0.02051783870584562,open,false,local |Psi| minimum 3.811e-02 without sign change
uniform_classes,1.2,1.012,full_orders,1.0,-1.0,0.5436285753447464,0.3385310570843072,0.5191845627706071,0.0,nan,1.1102230246251565e-16,0.0,0.0,analytical (candidate J test),true,
uniform_classes,1.2,1.012,pooling,0.0,0.0,0.25000000000000006,0.12500000000000003,0.30774006527777775,0.0,nan,0.0,0.0,0.04785160138888887,rejected,false,epsilon_q=4.785e-02
uniform_classes,1.2,1.014,asymmetric_tangency,1.0,-0.4034803237971468,0.25,0.125,0.3047504249999998,0.0,nan,5.551115123125783e-17,0.0,0.02159736614163514,open,false,local |Psi| minimum 4.013e-02 without sign change
uniform_classes,1.2,1.014,full_orders,1.0,-1.0,0.5435473787531913,0.33847677724438285,0.5155147157841451,0.0,nan,1.1102230246251565e-16,0.0,0.0,analytical (candidate J test),true,
uniform_classes,1.2,1.014,pooling,0.0,0.0,0.25000000000000006,0.12500000000000003,0.3047504249999999,0.0,nan,0.0,0.0,0.050230825000000104,rejected,false,epsilon_q=5.023e-02
uniform_classes,1.2,1.016,asymmetric_tangency,1.0,-0.40481673840949856,0.2500000000000001,0.12500000000000003,0.30173969305555554,0.0,nan,1.1102230246251565e-16,0.0,0.022679534787021796,open,false,local |Psi| minimum 4.215e-02 without sign change
uniform_classes,1.2,1.016,full_orders,1.0,-1.0,0.5434666566232824,0.33842280259376367,0.5118167172797559,0.0,nan,2.220446049250313e-16,0.0,0.0,analytical (candidate J test),true,
uniform_classes,1.2,1.016,pooling,0.0,0.0,0.25000000000000006,0.12500000000000003,0.30173969305555554,0.0,nan,0.0,0.0,0.05262697361111117,rejected,false,epsilon_q=5.263e-02
uniform_classes,1.2,1.018,full_orders,1.0,-1.0,0.5433864113253205,0.3383691349326378,0.5080904627379856,0.0,nan,2.220446049250313e-16,0.0,0.0,analytical (unique full orders: uniform derivative bound with entry floor),true,
uniform_classes,1.2,1.018,pooling,0.0,0.0,0.25000000000000006,0.12500000000000003,0.29870780277777775,0.0,nan,0.0,0.0,0.05504011388888892,rejected,false,epsilon_q=5.504e-02
uniform_classes,1.2,1.020,full_orders,1.0,-1.0,0.5433066452387214,0.33831577606729957,0.5043358475778408,0.0,nan,2.220446049250313e-16,0.0,0.0,analytical (unique full orders: uniform derivative bound with entry floor),true,
uniform_classes,1.2,1.020,pooling,0.0,0.0,0.25000000000000006,0.12500000000000003,0.2956546875,0.0,nan,0.0,0.0,0.057470312499999995,rejected,false,epsilon_q=5.747e-02
uniform_classes,1.2,1.022,full_orders,1.0,-1.0,0.5432273607521373,0.3382627278102167,0.5005527671552601,0.0,nan,2.220446049250313e-16,0.0,0.0,analytical (unique full orders: uniform derivative bound with entry floor),true,
uniform_classes,1.2,1.022,pooling,0.0,0.0,0.25000000000000006,0.12500000000000003,0.29258028055555557,0.0,nan,0.0,0.0,0.0599176361111111,rejected,false,epsilon_q=5.992e-02
uniform_classes,1.2,1.024,full_orders,1.0,-1.0,0.5431485602635766,0.33820999198009793,0.49674111676157184,0.0,nan,1.1102230246251565e-16,0.0,0.0,analytical (unique full orders: uniform derivative bound with entry floor),true,
uniform_classes,1.2,1.024,pooling,0.0,0.0,0.25000000000000006,0.12500000000000003,0.28948451527777774,0.0,nan,0.0,0.0,0.062382151388888876,rejected,false,epsilon_q=6.238e-02
uniform_classes,1.2,1.026,full_orders,1.0,-1.0,0.5430702461805283,0.3381575704019617,0.4929007916219395,0.0,nan,2.220446049250313e-16,0.0,0.0,analytical (unique full orders: uniform derivative bound with entry floor),true,
uniform_classes,1.2,1.026,pooling,0.0,0.0,0.25000000000000006,0.12500000000000003,0.286367325,0.0,nan,0.0,0.0,0.06486392499999998,rejected,false,epsilon_q=6.486e-02
uniform_classes,1.2,1.028,full_orders,1.0,-1.0,0.5429924209200829,0.33810546490720467,0.4890316868937882,0.0,nan,1.1102230246251565e-16,0.0,0.0,analytical (unique full orders: uniform derivative bound with entry floor),true,
uniform_classes,1.2,1.028,pooling,0.0,0.0,0.25000000000000006,0.12500000000000003,0.2832286430555556,0.0,nan,0.0,0.0,0.06736302361111109,rejected,false,epsilon_q=6.736e-02
uniform_classes,1.2,1.030,full_orders,1.0,-1.0,0.5429150869090584,0.3380536773336711,0.4851336976652195,0.0,nan,1.1102230246251565e-16,0.0,0.0,analytical (unique full orders: uniform derivative bound with entry floor),true,
uniform_classes,1.2,1.030,pooling,0.0,0.0,0.25000000000000006,0.12500000000000003,0.2800684027777778,0.0,nan,0.0,0.0,0.06987951388888887,rejected,false,epsilon_q=6.988e-02
uniform_classes,1.2,1.032,full_orders,1.0,-1.0,0.542838246584124,0.3380022095257228,0.4812067189534097,0.0,nan,1.1102230246251565e-16,0.0,0.0,analytical (unique full orders: uniform derivative bound with entry floor),true,
uniform_classes,1.2,1.032,pooling,0.0,0.0,0.25000000000000006,0.12500000000000003,0.2768865375,0.0,nan,0.0,0.0,0.0724134625,rejected,false,epsilon_q=7.241e-02
uniform_classes,1.2,1.034,full_orders,1.0,-1.0,0.5427619023919279,0.3379510633343099,0.47725064570299197,0.0,nan,2.220446049250313e-16,0.0,0.0,analytical (unique full orders: uniform derivative bound with entry floor),true,
uniform_classes,1.2,1.034,pooling,0.0,0.0,0.25000000000000006,0.12500000000000003,0.27368298055555557,0.0,nan,0.0,0.0,0.07496493611111109,rejected,false,epsilon_q=7.496e-02
uniform_classes,1.2,1.036,full_orders,1.0,-1.0,0.5426860567892221,0.33790024061704116,0.47326537278442404,0.0,nan,1.1102230246251565e-16,0.0,0.0,analytical (unique full orders: uniform derivative bound with entry floor),true,
uniform_classes,1.2,1.036,pooling,0.0,0.0,0.25000000000000006,0.12500000000000003,0.2704576652777777,0.0,nan,0.0,0.0,0.0775340013888889,rejected,false,epsilon_q=7.753e-02
uniform_classes,1.2,1.038,full_orders,1.0,-1.0,0.5426107122429924,0.337849743238256,0.4692507949923387,0.0,nan,2.220446049250313e-16,0.0,0.0,analytical (unique full orders: uniform derivative bound with entry floor),true,
uniform_classes,1.2,1.038,pooling,0.0,0.0,0.25000000000000006,0.12500000000000003,0.26721052499999987,0.0,nan,0.0,0.0,0.08012072500000003,rejected,false,epsilon_q=8.012e-02
uniform_classes,1.2,1.040,full_orders,1.0,-1.0,0.5425358712305866,0.33779957306909647,0.4652068070438793,0.0,nan,1.1102230246251565e-16,0.0,0.0,analytical (unique full orders: uniform derivative bound with entry floor),true,
uniform_classes,1.2,1.040,pooling,0.0,0.0,0.25000000000000006,0.12500000000000003,0.2639414930555555,0.0,nan,0.0,0.0,0.08272517361111119,rejected,false,epsilon_q=8.273e-02
uniform_classes,1.2,1.042,full_orders,1.0,-1.0,0.5424615362398446,0.3377497319875799,0.4611333035770172,0.0,nan,2.220446049250313e-16,0.0,0.0,analytical (unique full orders: uniform derivative bound with entry floor),true,
uniform_classes,1.2,1.042,pooling,0.0,0.0,0.25000000000000006,0.12500000000000003,0.2606505027777777,0.0,nan,0.0,0.0,0.08534741388888901,rejected,false,epsilon_q=8.535e-02
uniform_classes,1.2,1.044,full_orders,1.0,-1.0,0.5423877097692297,0.33770022187867205,0.45703017914885435,0.0,nan,2.220446049250313e-16,0.0,0.0,analytical (unique full orders: uniform derivative bound with entry floor),true,
uniform_classes,1.2,1.044,pooling,0.0,0.0,0.25000000000000006,0.12500000000000003,0.25733748749999996,0.0,nan,0.0,0.0,0.0879875125,rejected,false,epsilon_q=8.799e-02
uniform_classes,1.2,1.046,full_orders,1.0,-1.0,0.5423143943279608,0.337651044634361,0.4528973282339068,0.0,nan,2.220446049250313e-16,0.0,0.0,analytical (unique full orders: uniform derivative bound with entry floor),true,
uniform_classes,1.2,1.046,pooling,0.0,0.0,0.25000000000000006,0.12500000000000003,0.2540023805555555,0.0,nan,0.0,0.0,0.09064553611111113,rejected,false,epsilon_q=9.065e-02
uniform_classes,1.2,1.048,full_orders,1.0,-1.0,0.5422415924361457,0.33760220215373177,0.4487346452223733,0.0,nan,1.1102230246251565e-16,0.0,0.0,analytical (unique full orders: uniform derivative bound with entry floor),true,
uniform_classes,1.2,1.048,pooling,0.0,0.0,0.25000000000000006,0.12500000000000003,0.25064511527777766,0.0,nan,0.0,0.0,0.09332155138888899,rejected,false,epsilon_q=9.332e-02
uniform_classes,1.2,1.0499,full_orders,1.0,-1.0,0.5421729086193616,0.33755611360815396,0.4447523681138304,0.0,nan,1.1102230246251565e-16,0.0,0.0,analytical (unique full orders: uniform derivative bound with entry floor),true,
uniform_classes,1.2,1.0499,pooling,0.0,0.0,0.25000000000000006,0.12500000000000003,0.24743512838680543,0.0,nan,0.0,0.0,0.0958804914048612,rejected,false,epsilon_q=9.588e-02
uniform_classes,1.2,1.05,full_orders,1.0,-1.0,0.5421693066249151,0.33755369634304067,0.44454202441838453,0.0,nan,0.0,0.0,0.0,analytical (unique full orders: uniform derivative bound with entry floor),true,
uniform_classes,1.2,1.05,pooling,0.0,0.0,0.25000000000000006,0.12500000000000003,0.24726562499999993,0.0,nan,0.0,0.0,0.09601562500000001,rejected,false,epsilon_q=9.602e-02
uniform_classes,1.2,1.0501,full_orders,1.0,-1.0,0.5421657050444454,0.33755127933208573,0.4445196290990411,0.0,nan,0.0,0.0,0.0,analytical (unique full orders: uniform derivative bound with entry floor),true,
uniform_classes,1.2,1.0501,pooling,0.0,0.0,0.25000000000000006,0.12500000000000003,0.2472109307291666,0.0,nan,0.0,0.0,0.0960359390625,rejected,false,epsilon_q=9.604e-02
uniform_classes,1.2,1.1,full_orders,1.0,-1.0,0.5403091180516092,0.3363021879118351,0.43217263192739963,0.0,nan,0.0,0.0,0.0,analytical (unique full orders: uniform derivative bound with entry floor),true,
uniform_classes,1.2,1.1,pooling,0.0,0.0,0.25000000000000006,0.12500000000000003,0.21822916666666664,0.0,nan,0.0,0.0,0.10656250000000002,rejected,false,epsilon_q=1.066e-01
uniform_classes,1.2,1.15,full_orders,1.0,-1.0,0.538325867609694,0.3349609908865575,0.4174205097384004,0.0,nan,0.0,0.0,0.0,analytical (unique full orders: uniform derivative bound with entry floor),true,
uniform_classes,1.2,1.15,pooling,0.0,0.0,0.25000000000000006,0.12500000000000003,0.18580729166666674,0.0,nan,0.0,0.0,0.11789062499999996,rejected,false,epsilon_q=1.179e-01
uniform_classes,1.2,1.1999,full_orders,1.0,-1.0,0.5362173625432222,0.33352735271507494,0.40026611362330544,0.0,nan,0.0,0.0,0.0,analytical (unique full orders: uniform derivative bound with entry floor),true,
uniform_classes,1.2,1.1999,pooling,0.0,0.0,0.25000000000000006,0.12500000000000003,0.15007499322916668,0.0,nan,0.0,0.0,0.1299750015625,rejected,false,epsilon_q=1.300e-01
uniform_classes,1.2,1.2,full_orders,1.0,-1.0,0.536213002741138,0.33352438013963365,0.4002292561675604,0.0,nan,0.0,0.0,0.0,analytical (unique full orders: uniform derivative bound with entry floor),true,
uniform_classes,1.2,1.2,pooling,0.0,0.0,0.25000000000000006,0.12500000000000003,0.15000000000000002,0.0,nan,0.0,0.0,0.13000000000000003,rejected,false,epsilon_q=1.300e-01
uniform_classes,1.2,1.2001,full_orders,1.0,-1.0,0.5362086425733625,0.3335214072810771,0.4002590408780206,0.0,nan,0.0,0.0,0.0,analytical (unique full orders: uniform derivative bound with entry floor),true,
uniform_classes,1.2,1.2001,pooling,0.0,0.0,0.25000000000000006,0.12500000000000003,0.15001250000000002,0.0,nan,0.0,0.0,0.1300125,rejected,false,epsilon_q=1.300e-01
uniform_classes,1.2,1.25,full_orders,1.0,-1.0,0.5340096323150143,0.3320177827354108,0.4150222284192635,0.0,nan,0.0,0.0,0.0,analytical (unique full orders: uniform derivative bound with entry floor),true,
uniform_classes,1.2,1.25,pooling,0.0,0.0,0.25000000000000006,0.12500000000000003,0.15625000000000003,0.0,nan,0.0,0.0,0.13625,rejected,false,epsilon_q=1.363e-01
uniform_classes,1.2,1.3,full_orders,1.0,-1.0,0.5317582397430771,0.3304695268055948,0.4296103848472734,0.0,nan,0.0,0.0,0.0,analytical (unique full orders: uniform derivative bound with entry floor),true,
uniform_classes,1.2,1.3,pooling,0.0,0.0,0.25000000000000006,0.12500000000000003,0.16250000000000006,0.0,nan,0.0,0.0,0.14250000000000004,rejected,false,epsilon_q=1.425e-01
uniform_classes,1.2,1.35,full_orders,1.0,-1.0,0.5294566915193426,0.3288776564525538,0.44398483621094764,0.0,nan,0.0,0.0,0.0,analytical (unique full orders: uniform derivative bound with entry floor),true,
uniform_classes,1.2,1.35,pooling,0.0,0.0,0.25000000000000006,0.12500000000000003,0.16875000000000004,0.0,nan,0.0,0.0,0.14875000000000002,rejected,false,epsilon_q=1.488e-01
uniform_classes,1.2,1.4,full_orders,1.0,-1.0,0.5271027146932978,0.32724008475287825,0.45813611865402953,0.0,nan,0.0,0.0,0.0,analytical (unique full orders: uniform derivative bound with entry floor),true,
uniform_classes,1.2,1.4,pooling,0.0,0.0,0.25000000000000006,0.12500000000000003,0.17500000000000002,0.0,nan,0.0,0.0,0.155,rejected,false,epsilon_q=1.550e-01
uniform_classes,1.2,1.45,full_orders,1.0,-1.0,0.5246938847947376,0.32555458225171713,0.47205414426498976,0.0,nan,0.0,0.0,0.0,analytical (unique full orders: uniform derivative bound with entry floor),true,
uniform_classes,1.2,1.45,pooling,0.0,0.0,0.25000000000000006,0.12500000000000003,0.18125,0.0,nan,0.0,0.0,0.16124999999999998,rejected,false,epsilon_q=1.612e-01
uniform_classes,1.2,1.5,full_orders,1.0,-1.0,0.5222276124486339,0.32381876419765804,0.4857281462964871,0.0,nan,0.0,0.0,0.0,analytical (unique full orders: uniform derivative bound with entry floor),true,
uniform_classes,1.2,1.5,pooling,0.0,0.0,0.25000000000000006,0.12500000000000003,0.18750000000000006,0.0,nan,0.0,0.0,0.1675,rejected,false,epsilon_q=1.675e-01
uniform_classes,1.2,1.55,full_orders,1.0,-1.0,0.5197011285082143,0.3220300763519112,0.4991466183454625,0.0,nan,0.0,0.0,0.0,analytical (unique full orders: uniform derivative bound with entry floor),true,
uniform_classes,1.2,1.55,pooling,0.0,0.0,0.25000000000000006,0.12500000000000003,0.1937500000000001,0.0,nan,0.0,0.0,0.17375000000000004,rejected,false,epsilon_q=1.738e-01
uniform_classes,1.2,1.6,full_orders,1.0,-1.0,0.5171114675078248,0.3201857791797079,0.5122972466875327,0.0,nan,0.0,0.0,0.0,analytical (unique full orders: uniform derivative bound with entry floor),true,
uniform_classes,1.2,1.6,pooling,0.0,0.0,0.25000000000000006,0.12500000000000003,0.20000000000000007,0.0,nan,0.0,0.0,0.18000000000000002,rejected,false,epsilon_q=1.800e-01
uniform_classes,1.2,1.65,full_orders,1.0,-1.0,0.5144554492058118,0.3182829302013342,0.5251668348322014,0.0,nan,0.0,0.0,0.0,analytical (unique full orders: uniform derivative bound with entry floor),true,
uniform_classes,1.2,1.65,pooling,0.0,0.0,0.25000000000000006,0.12500000000000003,0.20625000000000004,0.0,nan,0.0,0.0,0.18625,rejected,false,epsilon_q=1.862e-01
uniform_classes,1.2,1.7,full_orders,1.0,-1.0,0.5117296579505389,0.31631836424411686,0.5377412192149986,0.0,nan,0.0,0.0,0.0,analytical (unique full orders: uniform derivative bound with entry floor),true,
uniform_classes,1.2,1.7,pooling,0.0,0.0,0.25000000000000006,0.12500000000000003,0.21250000000000002,0.0,nan,0.0,0.0,0.19249999999999998,rejected,false,epsilon_q=1.925e-01
uniform_classes,1.2,1.75,full_orders,1.0,-1.0,0.5089304195586244,0.31428867129379895,0.5500051747641481,0.0,nan,0.0,0.0,0.0,analytical (unique full orders: uniform derivative bound with entry floor),true,
uniform_classes,1.2,1.75,pooling,0.0,0.0,0.25000000000000006,0.12500000000000003,0.21875000000000006,0.0,nan,0.0,0.0,0.19875,rejected,false,epsilon_q=1.988e-01
uniform_classes,1.2,1.8,full_orders,1.0,-1.0,0.25000000000000006,0.12500000000000003,0.2250000000000001,0.0,nan,0.0,0.0,0.0,analytical (unique full orders: uniform derivative bound with entry floor),true,
uniform_classes,1.2,1.8,pooling,0.0,0.0,0.25000000000000006,0.12500000000000003,0.2250000000000001,0.0,nan,0.0,0.0,0.20500000000000004,rejected,false,epsilon_q=2.050e-01
uniform_classes,1.2,1.85,full_orders,1.0,-1.0,0.25000000000000006,0.12500000000000003,0.23125000000000007,0.0,nan,0.0,0.0,0.0,analytical (unique full orders: uniform derivative bound with entry floor),true,
uniform_classes,1.2,1.85,pooling,0.0,0.0,0.25000000000000006,0.12500000000000003,0.23125000000000007,0.0,nan,0.0,0.0,0.21125000000000002,rejected,false,epsilon_q=2.113e-01
uniform_classes,1.2,1.9,full_orders,1.0,-1.0,0.25000000000000006,0.12500000000000003,0.23750000000000004,0.0,nan,0.0,0.0,0.0,analytical (unique full orders: uniform derivative bound with entry floor),true,
uniform_classes,1.2,1.9,pooling,0.0,0.0,0.25000000000000006,0.12500000000000003,0.23750000000000004,0.0,nan,0.0,0.0,0.2175,rejected,false,epsilon_q=2.175e-01
uniform_classes,1.2,1.95,full_orders,1.0,-1.0,0.25000000000000006,0.12500000000000003,0.24375000000000002,0.0,nan,0.0,0.0,0.0,analytical (unique full orders: uniform derivative bound with entry floor),true,
uniform_classes,1.2,1.95,pooling,0.0,0.0,0.25000000000000006,0.12500000000000003,0.24375000000000002,0.0,nan,0.0,0.0,0.22374999999999998,rejected,false,epsilon_q=2.237e-01
uniform_classes,1.2,2,full_orders,1.0,-1.0,0.25000000000000006,0.12500000000000003,0.25000000000000006,0.0,nan,0.0,0.0,0.0,analytical (unique full orders: uniform derivative bound with entry floor),true,
uniform_classes,1.2,2,pooling,0.0,0.0,0.25000000000000006,0.12500000000000003,0.25000000000000006,0.0,nan,0.0,0.0,0.23,rejected,false,epsilon_q=2.300e-01
uniform_classes,1.2,2.05,full_orders,1.0,-1.0,0.25000000000000006,0.12500000000000003,0.25625000000000003,0.0,nan,0.0,0.0,0.0,analytical (unique full orders: uniform derivative bound with entry floor),true,
uniform_classes,1.2,2.05,pooling,0.0,0.0,0.25000000000000006,0.12500000000000003,0.25625000000000003,0.0,nan,0.0,0.0,0.23625,rejected,false,epsilon_q=2.362e-01
uniform_classes,1.2,2.1,full_orders,1.0,-1.0,0.25000000000000006,0.12500000000000003,0.26250000000000007,0.0,nan,0.0,0.0,0.0,analytical (unique full orders: uniform derivative bound with entry floor),true,
uniform_classes,1.2,2.1,pooling,0.0,0.0,0.25000000000000006,0.12500000000000003,0.26250000000000007,0.0,nan,0.0,0.0,0.24250000000000002,rejected,false,epsilon_q=2.425e-01
uniform_classes,1.2,2.15,full_orders,1.0,-1.0,0.25000000000000006,0.12500000000000003,0.26875000000000004,0.0,nan,0.0,0.0,0.0,analytical (unique full orders: uniform derivative bound with entry floor),true,
uniform_classes,1.2,2.15,pooling,0.0,0.0,0.25000000000000006,0.12500000000000003,0.26875000000000004,0.0,nan,0.0,0.0,0.24875,rejected,false,epsilon_q=2.487e-01
uniform_classes,1.2,2.2,full_orders,1.0,-1.0,0.25000000000000006,0.12500000000000003,0.2750000000000001,0.0,nan,0.0,0.0,0.0,analytical (unique full orders: uniform derivative bound with entry floor),true,
uniform_classes,1.2,2.2,pooling,0.0,0.0,0.25000000000000006,0.12500000000000003,0.2750000000000001,0.0,nan,0.0,0.0,0.255,rejected,false,epsilon_q=2.550e-01
uniform_classes,1.2,2.25,full_orders,1.0,-1.0,0.25000000000000006,0.12500000000000003,0.28125000000000006,0.0,nan,0.0,0.0,0.0,analytical (unique full orders: uniform derivative bound with entry floor),true,
uniform_classes,1.2,2.25,pooling,0.0,0.0,0.25000000000000006,0.12500000000000003,0.28125000000000006,0.0,nan,0.0,0.0,0.26125,rejected,false,epsilon_q=2.612e-01
uniform_classes,1.2,2.3,full_orders,1.0,-1.0,0.25000000000000006,0.12500000000000003,0.28750000000000003,0.0,nan,0.0,0.0,0.0,analytical (unique full orders: uniform derivative bound with entry floor),true,
uniform_classes,1.2,2.3,pooling,0.0,0.0,0.25000000000000006,0.12500000000000003,0.28750000000000003,0.0,nan,0.0,0.0,0.26749999999999996,rejected,false,epsilon_q=2.675e-01
uniform_classes,1.2,2.35,full_orders,1.0,-1.0,0.25000000000000006,0.12500000000000003,0.29375000000000007,0.0,nan,0.0,0.0,0.0,analytical (unique full orders: uniform derivative bound with entry floor),true,
uniform_classes,1.2,2.35,pooling,0.0,0.0,0.25000000000000006,0.12500000000000003,0.29375000000000007,0.0,nan,0.0,0.0,0.27375,rejected,false,epsilon_q=2.737e-01
uniform_classes,1.2,2.4,full_orders,1.0,-1.0,0.25000000000000006,0.12500000000000003,0.30000000000000004,0.0,nan,0.0,0.0,0.0,analytical (unique full orders: uniform derivative bound with entry floor),true,
uniform_classes,1.2,2.4,pooling,0.0,0.0,0.25000000000000006,0.12500000000000003,0.30000000000000004,0.0,nan,0.0,0.0,0.28,rejected,false,epsilon_q=2.800e-01
uniform_classes,1.2,2.45,full_orders,1.0,-1.0,0.25000000000000006,0.12500000000000003,0.3062500000000001,0.0,nan,0.0,0.0,0.0,analytical (unique full orders: uniform derivative bound with entry floor),true,
uniform_classes,1.2,2.45,pooling,0.0,0.0,0.25000000000000006,0.12500000000000003,0.3062500000000001,0.0,nan,0.0,0.0,0.28625,rejected,false,epsilon_q=2.863e-01
uniform_classes,1.2,2.5,full_orders,1.0,-1.0,0.25000000000000006,0.12500000000000003,0.31250000000000006,0.0,nan,0.0,0.0,0.0,analytical (unique full orders: uniform derivative bound with entry floor),true,
uniform_classes,1.2,2.5,pooling,0.0,0.0,0.25000000000000006,0.12500000000000003,0.31250000000000006,0.0,nan,0.0,0.0,0.2925,rejected,false,epsilon_q=2.925e-01
uniform_classes,1.2,2.55,full_orders,1.0,-1.0,0.25000000000000006,0.12500000000000003,0.31875000000000003,0.0,nan,0.0,0.0,0.0,analytical (unique full orders: uniform derivative bound with entry floor),true,
uniform_classes,1.2,2.55,pooling,0.0,0.0,0.25000000000000006,0.12500000000000003,0.31875000000000003,0.0,nan,0.0,0.0,0.29874999999999996,rejected,false,epsilon_q=2.987e-01
uniform_classes,1.2,2.6,full_orders,1.0,-1.0,0.25000000000000006,0.12500000000000003,0.3250000000000001,0.0,nan,0.0,0.0,0.0,analytical (unique full orders: uniform derivative bound with entry floor),true,
uniform_classes,1.2,2.6,pooling,0.0,0.0,0.25000000000000006,0.12500000000000003,0.3250000000000001,0.0,nan,0.0,0.0,0.30500000000000005,rejected,false,epsilon_q=3.050e-01
uniform_classes,1.2,2.65,full_orders,1.0,-1.0,0.25000000000000006,0.12500000000000003,0.33125,0.0,nan,0.0,0.0,0.0,analytical (unique full orders: uniform derivative bound with entry floor),true,
uniform_classes,1.2,2.65,pooling,0.0,0.0,0.25000000000000006,0.12500000000000003,0.33125,0.0,nan,0.0,0.0,0.3112499999999999,rejected,false,epsilon_q=3.112e-01
uniform_classes,1.2,2.7,full_orders,1.0,-1.0,0.25000000000000006,0.12500000000000003,0.3375000000000001,0.0,nan,0.0,0.0,0.0,analytical (unique full orders: uniform derivative bound with entry floor),true,
uniform_classes,1.2,2.7,pooling,0.0,0.0,0.25000000000000006,0.12500000000000003,0.3375000000000001,0.0,nan,0.0,0.0,0.3175,rejected,false,epsilon_q=3.175e-01
uniform_classes,1.2,2.75,full_orders,1.0,-1.0,0.25000000000000006,0.12500000000000003,0.34375000000000006,0.0,nan,0.0,0.0,0.0,analytical (unique full orders: uniform derivative bound with entry floor),true,
uniform_classes,1.2,2.75,pooling,0.0,0.0,0.25000000000000006,0.12500000000000003,0.34375000000000006,0.0,nan,0.0,0.0,0.32375,rejected,false,epsilon_q=3.237e-01
uniform_classes,1.2,2.8,full_orders,1.0,-1.0,0.25000000000000006,0.12500000000000003,0.35000000000000003,0.0,nan,0.0,0.0,0.0,analytical (unique full orders: uniform derivative bound with entry floor),true,
uniform_classes,1.2,2.8,pooling,0.0,0.0,0.25000000000000006,0.12500000000000003,0.35000000000000003,0.0,nan,0.0,0.0,0.32999999999999996,rejected,false,epsilon_q=3.300e-01
uniform_classes,1.2,2.85,full_orders,1.0,-1.0,0.25000000000000006,0.12500000000000003,0.3562500000000001,0.0,nan,0.0,0.0,0.0,analytical (unique full orders: uniform derivative bound with entry floor),true,
uniform_classes,1.2,2.85,pooling,0.0,0.0,0.25000000000000006,0.12500000000000003,0.3562500000000001,0.0,nan,0.0,0.0,0.33625000000000005,rejected,false,epsilon_q=3.363e-01
uniform_classes,1.2,2.9,full_orders,1.0,-1.0,0.25000000000000006,0.12500000000000003,0.3625,0.0,nan,0.0,0.0,0.0,analytical (unique full orders: uniform derivative bound with entry floor),true,
uniform_classes,1.2,2.9,pooling,0.0,0.0,0.25000000000000006,0.12500000000000003,0.3625,0.0,nan,0.0,0.0,0.3424999999999999,rejected,false,epsilon_q=3.425e-01
uniform_classes,1.2,2.95,full_orders,1.0,-1.0,0.25000000000000006,0.12500000000000003,0.3687500000000001,0.0,nan,0.0,0.0,0.0,analytical (unique full orders: uniform derivative bound with entry floor),true,
uniform_classes,1.2,2.95,pooling,0.0,0.0,0.25000000000000006,0.12500000000000003,0.3687500000000001,0.0,nan,0.0,0.0,0.34875,rejected,false,epsilon_q=3.488e-01
uniform_classes,1.2,2.9999,full_orders,1.0,-1.0,0.25000000000000006,0.12500000000000003,0.37498750000000003,0.0,nan,0.0,0.0,0.0,analytical (unique full orders: uniform derivative bound with entry floor),true,
uniform_classes,1.2,2.9999,pooling,0.0,0.0,0.25000000000000006,0.12500000000000003,0.37498750000000003,0.0,nan,0.0,0.0,0.3549875,rejected,false,epsilon_q=3.550e-01
uniform_classes,1.2,3,full_orders,1.0,-1.0,0.25000000000000006,0.12500000000000003,0.3750000000000001,0.0,nan,0.0,0.0,0.0,analytical (unique full orders: uniform derivative bound with entry floor),true,
uniform_classes,1.2,3,pooling,0.0,0.0,0.25000000000000006,0.12500000000000003,0.3750000000000001,0.0,nan,0.0,0.0,0.355,rejected,false,epsilon_q=3.550e-01
uniform_classes,1.2,3.0001,full_orders,1.0,-1.0,0.25000000000000006,0.12500000000000003,0.37501250000000014,0.0,nan,0.0,0.0,0.0,analytical (unique full orders: uniform derivative bound with entry floor),true,
uniform_classes,1.2,3.0001,pooling,0.0,0.0,0.25000000000000006,0.12500000000000003,0.37501250000000014,0.0,nan,0.0,0.0,0.35501250000000006,rejected,false,epsilon_q=3.550e-01
uniform_classes,1.2,3.05,full_orders,1.0,-1.0,0.25000000000000006,0.12500000000000003,0.3812500000000001,0.0,nan,0.0,0.0,0.0,analytical (unique full orders: uniform derivative bound with entry floor),true,
uniform_classes,1.2,3.05,pooling,0.0,0.0,0.25000000000000006,0.12500000000000003,0.3812500000000001,0.0,nan,0.0,0.0,0.36124999999999996,rejected,false,epsilon_q=3.612e-01
uniform_classes,1.2,3.1,full_orders,1.0,-1.0,0.25000000000000006,0.12500000000000003,0.3875000000000002,0.0,nan,0.0,0.0,0.0,analytical (unique full orders: uniform derivative bound with entry floor),true,
uniform_classes,1.2,3.1,pooling,0.0,0.0,0.25000000000000006,0.12500000000000003,0.3875000000000002,0.0,nan,0.0,0.0,0.36750000000000005,rejected,false,epsilon_q=3.675e-01
uniform_classes,1.2,3.15,full_orders,1.0,-1.0,0.25000000000000006,0.12500000000000003,0.39375000000000004,0.0,nan,0.0,0.0,0.0,analytical (unique full orders: uniform derivative bound with entry floor),true,
uniform_classes,1.2,3.15,pooling,0.0,0.0,0.25000000000000006,0.12500000000000003,0.39375000000000004,0.0,nan,0.0,0.0,0.37374999999999997,rejected,false,epsilon_q=3.737e-01
uniform_classes,1.2,3.2,full_orders,1.0,-1.0,0.25000000000000006,0.12500000000000003,0.40000000000000013,0.0,nan,0.0,0.0,0.0,analytical (unique full orders: uniform derivative bound with entry floor),true,
uniform_classes,1.2,3.2,pooling,0.0,0.0,0.25000000000000006,0.12500000000000003,0.40000000000000013,0.0,nan,0.0,0.0,0.38,rejected,false,epsilon_q=3.800e-01
uniform_classes,1.2,3.25,full_orders,1.0,-1.0,0.25000000000000006,0.12500000000000003,0.4062500000000001,0.0,nan,0.0,0.0,0.0,analytical (unique full orders: uniform derivative bound with entry floor),true,
uniform_classes,1.2,3.25,pooling,0.0,0.0,0.25000000000000006,0.12500000000000003,0.4062500000000001,0.0,nan,0.0,0.0,0.38625,rejected,false,epsilon_q=3.862e-01
uniform_classes,1.2,3.3,full_orders,1.0,-1.0,0.25000000000000006,0.12500000000000003,0.4125000000000001,0.0,nan,0.0,0.0,0.0,analytical (unique full orders: uniform derivative bound with entry floor),true,
uniform_classes,1.2,3.3,pooling,0.0,0.0,0.25000000000000006,0.12500000000000003,0.4125000000000001,0.0,nan,0.0,0.0,0.39249999999999996,rejected,false,epsilon_q=3.925e-01
uniform_classes,1.2,3.35,full_orders,1.0,-1.0,0.25000000000000006,0.12500000000000003,0.4187500000000002,0.0,nan,0.0,0.0,0.0,analytical (unique full orders: uniform derivative bound with entry floor),true,
uniform_classes,1.2,3.35,pooling,0.0,0.0,0.25000000000000006,0.12500000000000003,0.4187500000000002,0.0,nan,0.0,0.0,0.39875000000000005,rejected,false,epsilon_q=3.988e-01
uniform_classes,1.2,3.4,full_orders,1.0,-1.0,0.25000000000000006,0.12500000000000003,0.42500000000000004,0.0,nan,0.0,0.0,0.0,analytical (unique full orders: uniform derivative bound with entry floor),true,
uniform_classes,1.2,3.4,pooling,0.0,0.0,0.25000000000000006,0.12500000000000003,0.42500000000000004,0.0,nan,0.0,0.0,0.4049999999999999,rejected,false,epsilon_q=4.050e-01
uniform_classes,1.2,3.45,full_orders,1.0,-1.0,0.25000000000000006,0.12500000000000003,0.43125000000000013,0.0,nan,0.0,0.0,0.0,analytical (unique full orders: uniform derivative bound with entry floor),true,
uniform_classes,1.2,3.45,pooling,0.0,0.0,0.25000000000000006,0.12500000000000003,0.43125000000000013,0.0,nan,0.0,0.0,0.41125,rejected,false,epsilon_q=4.113e-01
uniform_classes,1.2,3.5,full_orders,1.0,-1.0,0.25000000000000006,0.12500000000000003,0.4375000000000001,0.0,nan,0.0,0.0,0.0,analytical (unique full orders: uniform derivative bound with entry floor),true,
uniform_classes,1.2,3.5,pooling,0.0,0.0,0.25000000000000006,0.12500000000000003,0.4375000000000001,0.0,nan,0.0,0.0,0.4175,rejected,false,epsilon_q=4.175e-01
uniform_classes,1.2,3.55,full_orders,1.0,-1.0,0.25000000000000006,0.12500000000000003,0.4437500000000001,0.0,nan,0.0,0.0,0.0,analytical (unique full orders: uniform derivative bound with entry floor),true,
uniform_classes,1.2,3.55,pooling,0.0,0.0,0.25000000000000006,0.12500000000000003,0.4437500000000001,0.0,nan,0.0,0.0,0.42374999999999996,rejected,false,epsilon_q=4.237e-01
uniform_classes,1.2,3.6,full_orders,1.0,-1.0,0.25000000000000006,0.12500000000000003,0.4500000000000002,0.0,nan,0.0,0.0,0.0,analytical (unique full orders: uniform derivative bound with entry floor),true,
uniform_classes,1.2,3.6,pooling,0.0,0.0,0.25000000000000006,0.12500000000000003,0.4500000000000002,0.0,nan,0.0,0.0,0.43000000000000005,rejected,false,epsilon_q=4.300e-01
uniform_classes,1.2,3.65,full_orders,1.0,-1.0,0.25000000000000006,0.12500000000000003,0.45625000000000004,0.0,nan,0.0,0.0,0.0,analytical (unique full orders: uniform derivative bound with entry floor),true,
uniform_classes,1.2,3.65,pooling,0.0,0.0,0.25000000000000006,0.12500000000000003,0.45625000000000004,0.0,nan,0.0,0.0,0.4362499999999999,rejected,false,epsilon_q=4.362e-01
uniform_classes,1.2,3.7,full_orders,1.0,-1.0,0.25000000000000006,0.12500000000000003,0.46250000000000013,0.0,nan,0.0,0.0,0.0,analytical (unique full orders: uniform derivative bound with entry floor),true,
uniform_classes,1.2,3.7,pooling,0.0,0.0,0.25000000000000006,0.12500000000000003,0.46250000000000013,0.0,nan,0.0,0.0,0.4425,rejected,false,epsilon_q=4.425e-01
uniform_classes,1.2,3.75,full_orders,1.0,-1.0,0.25000000000000006,0.12500000000000003,0.4687500000000001,0.0,nan,0.0,0.0,0.0,analytical (unique full orders: uniform derivative bound with entry floor),true,
uniform_classes,1.2,3.75,pooling,0.0,0.0,0.25000000000000006,0.12500000000000003,0.4687500000000001,0.0,nan,0.0,0.0,0.44875,rejected,false,epsilon_q=4.487e-01
uniform_classes,1.2,3.8,full_orders,1.0,-1.0,0.25000000000000006,0.12500000000000003,0.4750000000000001,0.0,nan,0.0,0.0,0.0,analytical (unique full orders: uniform derivative bound with entry floor),true,
uniform_classes,1.2,3.8,pooling,0.0,0.0,0.25000000000000006,0.12500000000000003,0.4750000000000001,0.0,nan,0.0,0.0,0.45499999999999996,rejected,false,epsilon_q=4.550e-01
uniform_classes,1.2,3.85,full_orders,1.0,-1.0,0.25000000000000006,0.12500000000000003,0.4812500000000002,0.0,nan,0.0,0.0,0.0,analytical (unique full orders: uniform derivative bound with entry floor),true,
uniform_classes,1.2,3.85,pooling,0.0,0.0,0.25000000000000006,0.12500000000000003,0.4812500000000002,0.0,nan,0.0,0.0,0.46125000000000005,rejected,false,epsilon_q=4.613e-01
uniform_classes,1.2,3.9,full_orders,1.0,-1.0,0.25000000000000006,0.12500000000000003,0.48750000000000004,0.0,nan,0.0,0.0,0.0,analytical (unique full orders: uniform derivative bound with entry floor),true,
uniform_classes,1.2,3.9,pooling,0.0,0.0,0.25000000000000006,0.12500000000000003,0.48750000000000004,0.0,nan,0.0,0.0,0.4674999999999999,rejected,false,epsilon_q=4.675e-01
uniform_classes,1.2,3.95,full_orders,1.0,-1.0,0.25000000000000006,0.12500000000000003,0.49375000000000013,0.0,nan,0.0,0.0,0.0,analytical (unique full orders: uniform derivative bound with entry floor),true,
uniform_classes,1.2,3.95,pooling,0.0,0.0,0.25000000000000006,0.12500000000000003,0.49375000000000013,0.0,nan,0.0,0.0,0.47375,rejected,false,epsilon_q=4.738e-01
uniform_classes,1.2,4,full_orders,1.0,-1.0,0.25000000000000006,0.12500000000000003,0.5000000000000001,0.0,nan,0.0,0.0,0.0,analytical (unique full orders: uniform derivative bound with entry floor),true,
uniform_classes,1.2,4,pooling,0.0,0.0,0.25000000000000006,0.12500000000000003,0.5000000000000001,0.0,nan,0.0,0.0,0.48,rejected,false,epsilon_q=4.800e-01
uniform_classes,1.2,4.05,full_orders,1.0,-1.0,0.25000000000000006,0.12500000000000003,0.5062500000000001,0.0,nan,0.0,0.0,0.0,analytical (unique full orders: uniform derivative bound with entry floor),true,
uniform_classes,1.2,4.05,pooling,0.0,0.0,0.25000000000000006,0.12500000000000003,0.5062500000000001,0.0,nan,0.0,0.0,0.48624999999999996,rejected,false,epsilon_q=4.862e-01
uniform_classes,1.2,4.1,full_orders,1.0,-1.0,0.25000000000000006,0.12500000000000003,0.5125000000000001,0.0,nan,0.0,0.0,0.0,analytical (unique full orders: uniform derivative bound with entry floor),true,
uniform_classes,1.2,4.1,pooling,0.0,0.0,0.25000000000000006,0.12500000000000003,0.5125000000000001,0.0,nan,0.0,0.0,0.49249999999999994,rejected,false,epsilon_q=4.925e-01
uniform_classes,1.2,4.15,full_orders,1.0,-1.0,0.25000000000000006,0.12500000000000003,0.5187500000000002,0.0,nan,0.0,0.0,0.0,analytical (unique full orders: uniform derivative bound with entry floor),true,
uniform_classes,1.2,4.15,pooling,0.0,0.0,0.25000000000000006,0.12500000000000003,0.5187500000000002,0.0,nan,0.0,0.0,0.49875,rejected,false,epsilon_q=4.988e-01
uniform_classes,1.2,4.2,full_orders,1.0,-1.0,0.25000000000000006,0.12500000000000003,0.5250000000000001,0.0,nan,0.0,0.0,0.0,analytical (unique full orders: uniform derivative bound with entry floor),true,
uniform_classes,1.2,4.2,pooling,0.0,0.0,0.25000000000000006,0.12500000000000003,0.5250000000000001,0.0,nan,0.0,0.0,0.505,rejected,false,epsilon_q=5.050e-01
uniform_classes,1.2,4.25,full_orders,1.0,-1.0,0.25000000000000006,0.12500000000000003,0.5312500000000001,0.0,nan,0.0,0.0,0.0,analytical (unique full orders: uniform derivative bound with entry floor),true,
uniform_classes,1.2,4.25,pooling,0.0,0.0,0.25000000000000006,0.12500000000000003,0.5312500000000001,0.0,nan,0.0,0.0,0.51125,rejected,false,epsilon_q=5.112e-01
uniform_classes,1.2,4.3,full_orders,1.0,-1.0,0.25000000000000006,0.12500000000000003,0.5375000000000001,0.0,nan,0.0,0.0,0.0,analytical (unique full orders: uniform derivative bound with entry floor),true,
uniform_classes,1.2,4.3,pooling,0.0,0.0,0.25000000000000006,0.12500000000000003,0.5375000000000001,0.0,nan,0.0,0.0,0.5175,rejected,false,epsilon_q=5.175e-01
uniform_classes,1.2,4.35,full_orders,1.0,-1.0,0.25000000000000006,0.12500000000000003,0.5437500000000001,0.0,nan,0.0,0.0,0.0,analytical (unique full orders: uniform derivative bound with entry floor),true,
uniform_classes,1.2,4.35,pooling,0.0,0.0,0.25000000000000006,0.12500000000000003,0.5437500000000001,0.0,nan,0.0,0.0,0.5237499999999999,rejected,false,epsilon_q=5.237e-01
uniform_classes,1.2,4.4,full_orders,1.0,-1.0,0.25000000000000006,0.12500000000000003,0.5500000000000002,0.0,nan,0.0,0.0,0.0,analytical (unique full orders: uniform derivative bound with entry floor),true,
uniform_classes,1.2,4.4,pooling,0.0,0.0,0.25000000000000006,0.12500000000000003,0.5500000000000002,0.0,nan,0.0,0.0,0.53,rejected,false,epsilon_q=5.300e-01
uniform_classes,1.2,4.45,full_orders,1.0,-1.0,0.25000000000000006,0.12500000000000003,0.5562500000000001,0.0,nan,0.0,0.0,0.0,analytical (unique full orders: uniform derivative bound with entry floor),true,
uniform_classes,1.2,4.45,pooling,0.0,0.0,0.25000000000000006,0.12500000000000003,0.5562500000000001,0.0,nan,0.0,0.0,0.5362500000000001,rejected,false,epsilon_q=5.363e-01
uniform_classes,1.2,4.5,full_orders,1.0,-1.0,0.25000000000000006,0.12500000000000003,0.5625000000000001,0.0,nan,0.0,0.0,0.0,analytical (unique full orders: uniform derivative bound with entry floor),true,
uniform_classes,1.2,4.5,pooling,0.0,0.0,0.25000000000000006,0.12500000000000003,0.5625000000000001,0.0,nan,0.0,0.0,0.5425,rejected,false,epsilon_q=5.425e-01
uniform_classes,1.2,4.55,full_orders,1.0,-1.0,0.25000000000000006,0.12500000000000003,0.5687500000000001,0.0,nan,0.0,0.0,0.0,analytical (unique full orders: uniform derivative bound with entry floor),true,
uniform_classes,1.2,4.55,pooling,0.0,0.0,0.25000000000000006,0.12500000000000003,0.5687500000000001,0.0,nan,0.0,0.0,0.54875,rejected,false,epsilon_q=5.487e-01
uniform_classes,1.2,4.6,full_orders,1.0,-1.0,0.25000000000000006,0.12500000000000003,0.5750000000000001,0.0,nan,0.0,0.0,0.0,analytical (unique full orders: uniform derivative bound with entry floor),true,
uniform_classes,1.2,4.6,pooling,0.0,0.0,0.25000000000000006,0.12500000000000003,0.5750000000000001,0.0,nan,0.0,0.0,0.5549999999999999,rejected,false,epsilon_q=5.550e-01
uniform_classes,1.2,4.65,full_orders,1.0,-1.0,0.25000000000000006,0.12500000000000003,0.5812500000000002,0.0,nan,0.0,0.0,0.0,analytical (unique full orders: uniform derivative bound with entry floor),true,
uniform_classes,1.2,4.65,pooling,0.0,0.0,0.25000000000000006,0.12500000000000003,0.5812500000000002,0.0,nan,0.0,0.0,0.56125,rejected,false,epsilon_q=5.613e-01
uniform_classes,1.2,4.7,full_orders,1.0,-1.0,0.25000000000000006,0.12500000000000003,0.5875000000000001,0.0,nan,0.0,0.0,0.0,analytical (unique full orders: uniform derivative bound with entry floor),true,
uniform_classes,1.2,4.7,pooling,0.0,0.0,0.25000000000000006,0.12500000000000003,0.5875000000000001,0.0,nan,0.0,0.0,0.5675,rejected,false,epsilon_q=5.675e-01
uniform_classes,1.2,4.75,full_orders,1.0,-1.0,0.25000000000000006,0.12500000000000003,0.5937500000000001,0.0,nan,0.0,0.0,0.0,analytical (unique full orders: uniform derivative bound with entry floor),true,
uniform_classes,1.2,4.75,pooling,0.0,0.0,0.25000000000000006,0.12500000000000003,0.5937500000000001,0.0,nan,0.0,0.0,0.57375,rejected,false,epsilon_q=5.737e-01
uniform_classes,1.2,4.8,full_orders,1.0,-1.0,0.25000000000000006,0.12500000000000003,0.6000000000000001,0.0,nan,0.0,0.0,0.0,analytical (unique full orders: uniform derivative bound with entry floor),true,
uniform_classes,1.2,4.8,pooling,0.0,0.0,0.25000000000000006,0.12500000000000003,0.6000000000000001,0.0,nan,0.0,0.0,0.5800000000000001,rejected,false,epsilon_q=5.800e-01
uniform_classes,1.2,4.85,full_orders,1.0,-1.0,0.25000000000000006,0.12500000000000003,0.6062500000000001,0.0,nan,0.0,0.0,0.0,analytical (unique full orders: uniform derivative bound with entry floor),true,
uniform_classes,1.2,4.85,pooling,0.0,0.0,0.25000000000000006,0.12500000000000003,0.6062500000000001,0.0,nan,0.0,0.0,0.5862499999999999,rejected,false,epsilon_q=5.862e-01
uniform_classes,1.2,4.9,full_orders,1.0,-1.0,0.25000000000000006,0.12500000000000003,0.6125000000000002,0.0,nan,0.0,0.0,0.0,analytical (unique full orders: uniform derivative bound with entry floor),true,
uniform_classes,1.2,4.9,pooling,0.0,0.0,0.25000000000000006,0.12500000000000003,0.6125000000000002,0.0,nan,0.0,0.0,0.5925,rejected,false,epsilon_q=5.925e-01
uniform_classes,1.2,4.95,full_orders,1.0,-1.0,0.25000000000000006,0.12500000000000003,0.6187500000000001,0.0,nan,0.0,0.0,0.0,analytical (unique full orders: uniform derivative bound with entry floor),true,
uniform_classes,1.2,4.95,pooling,0.0,0.0,0.25000000000000006,0.12500000000000003,0.6187500000000001,0.0,nan,0.0,0.0,0.5987500000000001,rejected,false,epsilon_q=5.988e-01
uniform_classes,1.2,5,full_orders,1.0,-1.0,0.25000000000000006,0.12500000000000003,0.6250000000000001,0.0,nan,0.0,0.0,0.0,analytical (unique full orders: uniform derivative bound with entry floor),true,
uniform_classes,1.2,5,pooling,0.0,0.0,0.25000000000000006,0.12500000000000003,0.6250000000000001,0.0,nan,0.0,0.0,0.605,rejected,false,epsilon_q=6.050e-01
uniform_classes,1.2,5.05,full_orders,1.0,-1.0,0.25000000000000006,0.12500000000000003,0.63125,0.0,nan,0.0,0.0,0.0,analytical (unique full orders: uniform derivative bound with entry floor),true,
uniform_classes,1.2,5.05,pooling,0.0,0.0,0.25000000000000006,0.12500000000000003,0.63125,0.0,nan,0.0,0.0,0.6112499999999998,rejected,false,epsilon_q=6.112e-01
uniform_classes,1.2,5.1,full_orders,1.0,-1.0,0.25000000000000006,0.12500000000000003,0.6375000000000001,0.0,nan,0.0,0.0,0.0,analytical (unique full orders: uniform derivative bound with entry floor),true,
uniform_classes,1.2,5.1,pooling,0.0,0.0,0.25000000000000006,0.12500000000000003,0.6375000000000001,0.0,nan,0.0,0.0,0.6174999999999999,rejected,false,epsilon_q=6.175e-01
uniform_classes,1.2,5.15,full_orders,1.0,-1.0,0.25000000000000006,0.12500000000000003,0.6437500000000002,0.0,nan,0.0,0.0,0.0,analytical (unique full orders: uniform derivative bound with entry floor),true,
uniform_classes,1.2,5.15,pooling,0.0,0.0,0.25000000000000006,0.12500000000000003,0.6437500000000002,0.0,nan,0.0,0.0,0.62375,rejected,false,epsilon_q=6.238e-01
uniform_classes,1.2,5.2,full_orders,1.0,-1.0,0.25000000000000006,0.12500000000000003,0.6500000000000002,0.0,nan,0.0,0.0,0.0,analytical (unique full orders: uniform derivative bound with entry floor),true,
uniform_classes,1.2,5.2,pooling,0.0,0.0,0.25000000000000006,0.12500000000000003,0.6500000000000002,0.0,nan,0.0,0.0,0.6300000000000001,rejected,false,epsilon_q=6.300e-01
uniform_classes,1.2,5.25,full_orders,1.0,-1.0,0.25000000000000006,0.12500000000000003,0.6562500000000001,0.0,nan,0.0,0.0,0.0,analytical (unique full orders: uniform derivative bound with entry floor),true,
uniform_classes,1.2,5.25,pooling,0.0,0.0,0.25000000000000006,0.12500000000000003,0.6562500000000001,0.0,nan,0.0,0.0,0.63625,rejected,false,epsilon_q=6.362e-01
uniform_classes,1.2,5.3,full_orders,1.0,-1.0,0.25000000000000006,0.12500000000000003,0.6625,0.0,nan,0.0,0.0,0.0,analytical (unique full orders: uniform derivative bound with entry floor),true,
uniform_classes,1.2,5.3,pooling,0.0,0.0,0.25000000000000006,0.12500000000000003,0.6625,0.0,nan,0.0,0.0,0.6424999999999998,rejected,false,epsilon_q=6.425e-01
uniform_classes,1.2,5.35,full_orders,1.0,-1.0,0.25000000000000006,0.12500000000000003,0.6687500000000001,0.0,nan,0.0,0.0,0.0,analytical (unique full orders: uniform derivative bound with entry floor),true,
uniform_classes,1.2,5.35,pooling,0.0,0.0,0.25000000000000006,0.12500000000000003,0.6687500000000001,0.0,nan,0.0,0.0,0.6487499999999999,rejected,false,epsilon_q=6.487e-01
uniform_classes,1.2,5.4,full_orders,1.0,-1.0,0.25000000000000006,0.12500000000000003,0.6750000000000002,0.0,nan,0.0,0.0,0.0,analytical (unique full orders: uniform derivative bound with entry floor),true,
uniform_classes,1.2,5.4,pooling,0.0,0.0,0.25000000000000006,0.12500000000000003,0.6750000000000002,0.0,nan,0.0,0.0,0.655,rejected,false,epsilon_q=6.550e-01
uniform_classes,1.2,5.45,full_orders,1.0,-1.0,0.25000000000000006,0.12500000000000003,0.6812500000000002,0.0,nan,0.0,0.0,0.0,analytical (unique full orders: uniform derivative bound with entry floor),true,
uniform_classes,1.2,5.45,pooling,0.0,0.0,0.25000000000000006,0.12500000000000003,0.6812500000000002,0.0,nan,0.0,0.0,0.6612500000000001,rejected,false,epsilon_q=6.613e-01
uniform_classes,1.2,5.5,full_orders,1.0,-1.0,0.25000000000000006,0.12500000000000003,0.6875000000000001,0.0,nan,0.0,0.0,0.0,analytical (unique full orders: uniform derivative bound with entry floor),true,
uniform_classes,1.2,5.5,pooling,0.0,0.0,0.25000000000000006,0.12500000000000003,0.6875000000000001,0.0,nan,0.0,0.0,0.6675,rejected,false,epsilon_q=6.675e-01
uniform_classes,1.2,5.55,full_orders,1.0,-1.0,0.25000000000000006,0.12500000000000003,0.69375,0.0,nan,0.0,0.0,0.0,analytical (unique full orders: uniform derivative bound with entry floor),true,
uniform_classes,1.2,5.55,pooling,0.0,0.0,0.25000000000000006,0.12500000000000003,0.69375,0.0,nan,0.0,0.0,0.6737499999999998,rejected,false,epsilon_q=6.737e-01
uniform_classes,1.2,5.6,full_orders,1.0,-1.0,0.25000000000000006,0.12500000000000003,0.7000000000000001,0.0,nan,0.0,0.0,0.0,analytical (unique full orders: uniform derivative bound with entry floor),true,
uniform_classes,1.2,5.6,pooling,0.0,0.0,0.25000000000000006,0.12500000000000003,0.7000000000000001,0.0,nan,0.0,0.0,0.6799999999999999,rejected,false,epsilon_q=6.800e-01
uniform_classes,1.2,5.65,full_orders,1.0,-1.0,0.25000000000000006,0.12500000000000003,0.7062500000000002,0.0,nan,0.0,0.0,0.0,analytical (unique full orders: uniform derivative bound with entry floor),true,
uniform_classes,1.2,5.65,pooling,0.0,0.0,0.25000000000000006,0.12500000000000003,0.7062500000000002,0.0,nan,0.0,0.0,0.68625,rejected,false,epsilon_q=6.863e-01
uniform_classes,1.2,5.7,full_orders,1.0,-1.0,0.25000000000000006,0.12500000000000003,0.7125000000000002,0.0,nan,0.0,0.0,0.0,analytical (unique full orders: uniform derivative bound with entry floor),true,
uniform_classes,1.2,5.7,pooling,0.0,0.0,0.25000000000000006,0.12500000000000003,0.7125000000000002,0.0,nan,0.0,0.0,0.6925000000000001,rejected,false,epsilon_q=6.925e-01
uniform_classes,1.2,5.75,full_orders,1.0,-1.0,0.25000000000000006,0.12500000000000003,0.7187500000000001,0.0,nan,0.0,0.0,0.0,analytical (unique full orders: uniform derivative bound with entry floor),true,
uniform_classes,1.2,5.75,pooling,0.0,0.0,0.25000000000000006,0.12500000000000003,0.7187500000000001,0.0,nan,0.0,0.0,0.69875,rejected,false,epsilon_q=6.987e-01
uniform_classes,1.2,5.8,full_orders,1.0,-1.0,0.25000000000000006,0.12500000000000003,0.725,0.0,nan,0.0,0.0,0.0,analytical (unique full orders: uniform derivative bound with entry floor),true,
uniform_classes,1.2,5.8,pooling,0.0,0.0,0.25000000000000006,0.12500000000000003,0.725,0.0,nan,0.0,0.0,0.7049999999999998,rejected,false,epsilon_q=7.050e-01
uniform_classes,1.2,5.85,full_orders,1.0,-1.0,0.25000000000000006,0.12500000000000003,0.7312500000000001,0.0,nan,0.0,0.0,0.0,analytical (unique full orders: uniform derivative bound with entry floor),true,
uniform_classes,1.2,5.85,pooling,0.0,0.0,0.25000000000000006,0.12500000000000003,0.7312500000000001,0.0,nan,0.0,0.0,0.7112499999999999,rejected,false,epsilon_q=7.112e-01
uniform_classes,1.2,5.9,full_orders,1.0,-1.0,0.25000000000000006,0.12500000000000003,0.7375000000000002,0.0,nan,0.0,0.0,0.0,analytical (unique full orders: uniform derivative bound with entry floor),true,
uniform_classes,1.2,5.9,pooling,0.0,0.0,0.25000000000000006,0.12500000000000003,0.7375000000000002,0.0,nan,0.0,0.0,0.7175,rejected,false,epsilon_q=7.175e-01
uniform_classes,1.2,5.95,full_orders,1.0,-1.0,0.25000000000000006,0.12500000000000003,0.7437500000000002,0.0,nan,0.0,0.0,0.0,analytical (unique full orders: uniform derivative bound with entry floor),true,
uniform_classes,1.2,5.95,pooling,0.0,0.0,0.25000000000000006,0.12500000000000003,0.7437500000000002,0.0,nan,0.0,0.0,0.7237500000000001,rejected,false,epsilon_q=7.238e-01
uniform_classes,1.2,6,full_orders,1.0,-1.0,0.25000000000000006,0.12500000000000003,0.7500000000000002,0.0,nan,0.0,0.0,0.0,analytical (unique full orders: uniform derivative bound with entry floor),true,
uniform_classes,1.2,6,pooling,0.0,0.0,0.25000000000000006,0.12500000000000003,0.7500000000000002,0.0,nan,0.0,0.0,0.73,rejected,false,epsilon_q=7.300e-01
uniform_classes,1.2,6.05,full_orders,1.0,-1.0,0.25000000000000006,0.12500000000000003,0.7562500000000001,0.0,nan,0.0,0.0,0.0,analytical (unique full orders: uniform derivative bound with entry floor),true,
uniform_classes,1.2,6.05,pooling,0.0,0.0,0.25000000000000006,0.12500000000000003,0.7562500000000001,0.0,nan,0.0,0.0,0.7362499999999998,rejected,false,epsilon_q=7.362e-01
uniform_classes,1.2,6.1,full_orders,1.0,-1.0,0.25000000000000006,0.12500000000000003,0.7625000000000002,0.0,nan,0.0,0.0,0.0,analytical (unique full orders: uniform derivative bound with entry floor),true,
uniform_classes,1.2,6.1,pooling,0.0,0.0,0.25000000000000006,0.12500000000000003,0.7625000000000002,0.0,nan,0.0,0.0,0.7424999999999999,rejected,false,epsilon_q=7.425e-01
uniform_classes,1.2,6.15,full_orders,1.0,-1.0,0.25000000000000006,0.12500000000000003,0.7687500000000003,0.0,nan,0.0,0.0,0.0,analytical (unique full orders: uniform derivative bound with entry floor),true,
uniform_classes,1.2,6.15,pooling,0.0,0.0,0.25000000000000006,0.12500000000000003,0.7687500000000003,0.0,nan,0.0,0.0,0.74875,rejected,false,epsilon_q=7.488e-01
uniform_classes,1.2,6.2,full_orders,1.0,-1.0,0.25000000000000006,0.12500000000000003,0.7750000000000004,0.0,nan,0.0,0.0,0.0,analytical (unique full orders: uniform derivative bound with entry floor),true,
uniform_classes,1.2,6.2,pooling,0.0,0.0,0.25000000000000006,0.12500000000000003,0.7750000000000004,0.0,nan,0.0,0.0,0.7550000000000001,rejected,false,epsilon_q=7.550e-01
uniform_classes,1.2,6.202,full_orders,1.0,-1.0,0.25000000000000006,0.12500000000000003,0.7752500000000003,0.0,nan,0.0,0.0,0.0,analytical (unique full orders: uniform derivative bound with entry floor),true,
uniform_classes,1.2,6.202,pooling,0.0,0.0,0.25000000000000006,0.12500000000000003,0.7752500000000003,0.0,nan,0.0,0.0,0.7552500000000001,rejected,false,epsilon_q=7.553e-01
uniform_classes,1.2,6.204,full_orders,1.0,-1.0,0.25000000000000006,0.12500000000000003,0.7755000000000002,0.0,nan,0.0,0.0,0.0,analytical (unique full orders: uniform derivative bound with entry floor),true,
uniform_classes,1.2,6.204,pooling,0.0,0.0,0.25000000000000006,0.12500000000000003,0.7755000000000002,0.0,nan,0.0,0.0,0.7555000000000001,rejected,false,epsilon_q=7.555e-01
uniform_classes,1.2,6.206,full_orders,1.0,-1.0,0.25000000000000006,0.12500000000000003,0.7757500000000002,0.0,nan,0.0,0.0,0.0,analytical (unique full orders: uniform derivative bound with entry floor),true,
uniform_classes,1.2,6.206,pooling,0.0,0.0,0.25000000000000006,0.12500000000000003,0.7757500000000002,0.0,nan,0.0,0.0,0.7557499999999999,rejected,false,epsilon_q=7.557e-01
uniform_classes,1.2,6.208,full_orders,1.0,-1.0,0.25000000000000006,0.12500000000000003,0.7760000000000001,0.0,nan,0.0,0.0,0.0,analytical (unique full orders: uniform derivative bound with entry floor),true,
uniform_classes,1.2,6.208,pooling,0.0,0.0,0.25000000000000006,0.12500000000000003,0.7760000000000001,0.0,nan,0.0,0.0,0.756,rejected,false,epsilon_q=7.560e-01
uniform_classes,1.2,6.210,full_orders,1.0,-1.0,0.25000000000000006,0.12500000000000003,0.7762500000000001,0.0,nan,0.0,0.0,0.0,analytical (unique full orders: uniform derivative bound with entry floor),true,
uniform_classes,1.2,6.210,pooling,0.0,0.0,0.25000000000000006,0.12500000000000003,0.7762500000000001,0.0,nan,0.0,0.0,0.7562499999999999,rejected,false,epsilon_q=7.562e-01
uniform_classes,1.2,6.212,full_orders,1.0,-1.0,0.25000000000000006,0.12500000000000003,0.7765000000000003,0.0,nan,0.0,0.0,0.0,analytical (unique full orders: uniform derivative bound with entry floor),true,
uniform_classes,1.2,6.212,pooling,0.0,0.0,0.25000000000000006,0.12500000000000003,0.7765000000000003,0.0,nan,0.0,0.0,0.7565000000000001,rejected,false,epsilon_q=7.565e-01
uniform_classes,1.2,6.214,full_orders,1.0,-1.0,0.25000000000000006,0.12500000000000003,0.7767500000000003,0.0,nan,0.0,0.0,0.0,analytical (unique full orders: uniform derivative bound with entry floor),true,
uniform_classes,1.2,6.214,pooling,0.0,0.0,0.25000000000000006,0.12500000000000003,0.7767500000000003,0.0,nan,0.0,0.0,0.75675,rejected,false,epsilon_q=7.568e-01
uniform_classes,1.2,6.216,full_orders,1.0,-1.0,0.25000000000000006,0.12500000000000003,0.7770000000000002,0.0,nan,0.0,0.0,0.0,analytical (unique full orders: uniform derivative bound with entry floor),true,
uniform_classes,1.2,6.216,pooling,0.0,0.0,0.25000000000000006,0.12500000000000003,0.7770000000000002,0.0,nan,0.0,0.0,0.757,rejected,false,epsilon_q=7.570e-01
uniform_classes,1.2,6.218,full_orders,1.0,-1.0,0.25000000000000006,0.12500000000000003,0.7772500000000002,0.0,nan,0.0,0.0,0.0,analytical (unique full orders: uniform derivative bound with entry floor),true,
uniform_classes,1.2,6.218,pooling,0.0,0.0,0.25000000000000006,0.12500000000000003,0.7772500000000002,0.0,nan,0.0,0.0,0.75725,rejected,false,epsilon_q=7.572e-01
uniform_classes,1.2,6.220,full_orders,1.0,-1.0,0.25000000000000006,0.12500000000000003,0.7775000000000001,0.0,nan,0.0,0.0,0.0,analytical (unique full orders: uniform derivative bound with entry floor),true,
uniform_classes,1.2,6.220,pooling,0.0,0.0,0.25000000000000006,0.12500000000000003,0.7775000000000001,0.0,nan,0.0,0.0,0.7574999999999998,rejected,false,epsilon_q=7.575e-01
uniform_classes,1.2,6.222,full_orders,1.0,-1.0,0.25000000000000006,0.12500000000000003,0.7777500000000003,0.0,nan,0.0,0.0,0.0,analytical (unique full orders: uniform derivative bound with entry floor),true,
uniform_classes,1.2,6.222,pooling,0.0,0.0,0.25000000000000006,0.12500000000000003,0.7777500000000003,0.0,nan,0.0,0.0,0.7577500000000001,rejected,false,epsilon_q=7.578e-01
uniform_classes,1.2,6.224,full_orders,1.0,-1.0,0.25000000000000006,0.12500000000000003,0.7780000000000002,0.0,nan,0.0,0.0,0.0,analytical (unique full orders: uniform derivative bound with entry floor),true,
uniform_classes,1.2,6.224,pooling,0.0,0.0,0.25000000000000006,0.12500000000000003,0.7780000000000002,0.0,nan,0.0,0.0,0.758,rejected,false,epsilon_q=7.580e-01
uniform_classes,1.2,6.226,full_orders,1.0,-1.0,0.25000000000000006,0.12500000000000003,0.7782500000000002,0.0,nan,0.0,0.0,0.0,analytical (unique full orders: uniform derivative bound with entry floor),true,
uniform_classes,1.2,6.226,pooling,0.0,0.0,0.25000000000000006,0.12500000000000003,0.7782500000000002,0.0,nan,0.0,0.0,0.75825,rejected,false,epsilon_q=7.582e-01
uniform_classes,1.2,6.228,full_orders,1.0,-1.0,0.25000000000000006,0.12500000000000003,0.7785000000000002,0.0,nan,0.0,0.0,0.0,analytical (unique full orders: uniform derivative bound with entry floor),true,
uniform_classes,1.2,6.228,pooling,0.0,0.0,0.25000000000000006,0.12500000000000003,0.7785000000000002,0.0,nan,0.0,0.0,0.7585,rejected,false,epsilon_q=7.585e-01
uniform_classes,1.2,6.230,full_orders,1.0,-1.0,0.25000000000000006,0.12500000000000003,0.7787500000000003,0.0,nan,0.0,0.0,0.0,analytical (unique full orders: uniform derivative bound with entry floor),true,
uniform_classes,1.2,6.230,pooling,0.0,0.0,0.25000000000000006,0.12500000000000003,0.7787500000000003,0.0,nan,0.0,0.0,0.75875,rejected,false,epsilon_q=7.588e-01
uniform_classes,1.2,6.232,full_orders,1.0,-1.0,0.25000000000000006,0.12500000000000003,0.7790000000000002,0.0,nan,0.0,0.0,0.0,analytical (unique full orders: uniform derivative bound with entry floor),true,
uniform_classes,1.2,6.232,pooling,0.0,0.0,0.25000000000000006,0.12500000000000003,0.7790000000000002,0.0,nan,0.0,0.0,0.7590000000000001,rejected,false,epsilon_q=7.590e-01
uniform_classes,1.2,6.234,full_orders,1.0,-1.0,0.25000000000000006,0.12500000000000003,0.7792500000000002,0.0,nan,0.0,0.0,0.0,analytical (unique full orders: uniform derivative bound with entry floor),true,
uniform_classes,1.2,6.234,pooling,0.0,0.0,0.25000000000000006,0.12500000000000003,0.7792500000000002,0.0,nan,0.0,0.0,0.7592500000000001,rejected,false,epsilon_q=7.593e-01
uniform_classes,1.2,6.236,full_orders,1.0,-1.0,0.25000000000000006,0.12500000000000003,0.7795000000000002,0.0,nan,0.0,0.0,0.0,analytical (unique full orders: uniform derivative bound with entry floor),true,
uniform_classes,1.2,6.236,pooling,0.0,0.0,0.25000000000000006,0.12500000000000003,0.7795000000000002,0.0,nan,0.0,0.0,0.7595000000000001,rejected,false,epsilon_q=7.595e-01
uniform_classes,1.2,6.238,full_orders,1.0,-1.0,0.25000000000000006,0.12500000000000003,0.7797500000000003,0.0,nan,0.0,0.0,0.0,analytical (unique full orders: uniform derivative bound with entry floor),true,
uniform_classes,1.2,6.238,pooling,0.0,0.0,0.25000000000000006,0.12500000000000003,0.7797500000000003,0.0,nan,0.0,0.0,0.7597500000000001,rejected,false,epsilon_q=7.598e-01
uniform_classes,1.2,6.240,full_orders,1.0,-1.0,0.25000000000000006,0.12500000000000003,0.7800000000000002,0.0,nan,0.0,0.0,0.0,analytical (unique full orders: uniform derivative bound with entry floor),true,
uniform_classes,1.2,6.240,pooling,0.0,0.0,0.25000000000000006,0.12500000000000003,0.7800000000000002,0.0,nan,0.0,0.0,0.76,rejected,false,epsilon_q=7.600e-01
uniform_classes,1.2,6.242,full_orders,1.0,-1.0,0.25000000000000006,0.12500000000000003,0.7802500000000002,0.0,nan,0.0,0.0,0.0,analytical (unique full orders: uniform derivative bound with entry floor),true,
uniform_classes,1.2,6.242,pooling,0.0,0.0,0.25000000000000006,0.12500000000000003,0.7802500000000002,0.0,nan,0.0,0.0,0.76025,rejected,false,epsilon_q=7.602e-01
uniform_classes,1.2,6.244,full_orders,1.0,-1.0,0.25000000000000006,0.12500000000000003,0.7805000000000002,0.0,nan,0.0,0.0,0.0,analytical (unique full orders: uniform derivative bound with entry floor),true,
uniform_classes,1.2,6.244,pooling,0.0,0.0,0.25000000000000006,0.12500000000000003,0.7805000000000002,0.0,nan,0.0,0.0,0.7605,rejected,false,epsilon_q=7.605e-01
uniform_classes,1.2,6.246,full_orders,1.0,-1.0,0.25000000000000006,0.12500000000000003,0.7807500000000003,0.0,nan,0.0,0.0,0.0,analytical (unique full orders: uniform derivative bound with entry floor),true,
uniform_classes,1.2,6.246,pooling,0.0,0.0,0.25000000000000006,0.12500000000000003,0.7807500000000003,0.0,nan,0.0,0.0,0.7607500000000001,rejected,false,epsilon_q=7.608e-01
uniform_classes,1.2,6.248,full_orders,1.0,-1.0,0.25000000000000006,0.12500000000000003,0.7810000000000002,0.0,nan,0.0,0.0,0.0,analytical (unique full orders: uniform derivative bound with entry floor),true,
uniform_classes,1.2,6.248,pooling,0.0,0.0,0.25000000000000006,0.12500000000000003,0.7810000000000002,0.0,nan,0.0,0.0,0.7610000000000001,rejected,false,epsilon_q=7.610e-01
uniform_classes,1.2,6.25,full_orders,1.0,-1.0,0.25000000000000006,0.12500000000000003,0.7812500000000002,0.0,nan,0.0,0.0,0.0,analytical (unique full orders: uniform derivative bound with entry floor),true,
uniform_classes,1.2,6.25,pooling,0.0,0.0,0.25000000000000006,0.12500000000000003,0.7812500000000002,0.0,nan,0.0,0.0,0.76125,rejected,false,epsilon_q=7.612e-01
uniform_classes,1.2,6.252,full_orders,1.0,-1.0,0.25000000000000006,0.12500000000000003,0.7815000000000002,0.0,nan,0.0,0.0,0.0,analytical (unique full orders: uniform derivative bound with entry floor),true,
uniform_classes,1.2,6.252,pooling,0.0,0.0,0.25000000000000006,0.12500000000000003,0.7815000000000002,0.0,nan,0.0,0.0,0.7615000000000001,rejected,false,epsilon_q=7.615e-01
uniform_classes,1.2,6.254,full_orders,1.0,-1.0,0.25000000000000006,0.12500000000000003,0.7817500000000002,0.0,nan,0.0,0.0,0.0,analytical (unique full orders: uniform derivative bound with entry floor),true,
uniform_classes,1.2,6.254,pooling,0.0,0.0,0.25000000000000006,0.12500000000000003,0.7817500000000002,0.0,nan,0.0,0.0,0.7617499999999999,rejected,false,epsilon_q=7.617e-01
uniform_classes,1.2,6.256,full_orders,1.0,-1.0,0.25000000000000006,0.12500000000000003,0.7820000000000003,0.0,nan,0.0,0.0,0.0,analytical (unique full orders: uniform derivative bound with entry floor),true,
uniform_classes,1.2,6.256,pooling,0.0,0.0,0.25000000000000006,0.12500000000000003,0.7820000000000003,0.0,nan,0.0,0.0,0.762,rejected,false,epsilon_q=7.620e-01
uniform_classes,1.2,6.258,full_orders,1.0,-1.0,0.25000000000000006,0.12500000000000003,0.7822500000000002,0.0,nan,0.0,0.0,0.0,analytical (unique full orders: uniform derivative bound with entry floor),true,
uniform_classes,1.2,6.258,pooling,0.0,0.0,0.25000000000000006,0.12500000000000003,0.7822500000000002,0.0,nan,0.0,0.0,0.76225,rejected,false,epsilon_q=7.622e-01
uniform_classes,1.2,6.260,full_orders,1.0,-1.0,0.25000000000000006,0.12500000000000003,0.7825000000000002,0.0,nan,0.0,0.0,0.0,analytical (unique full orders: uniform derivative bound with entry floor),true,
uniform_classes,1.2,6.260,pooling,0.0,0.0,0.25000000000000006,0.12500000000000003,0.7825000000000002,0.0,nan,0.0,0.0,0.7625,rejected,false,epsilon_q=7.625e-01
uniform_classes,1.2,6.262,full_orders,1.0,-1.0,0.25000000000000006,0.12500000000000003,0.7827500000000002,0.0,nan,0.0,0.0,0.0,analytical (unique full orders: uniform derivative bound with entry floor),true,
uniform_classes,1.2,6.262,pooling,0.0,0.0,0.25000000000000006,0.12500000000000003,0.7827500000000002,0.0,nan,0.0,0.0,0.76275,rejected,false,epsilon_q=7.628e-01
uniform_classes,1.2,6.264,full_orders,1.0,-1.0,0.25000000000000006,0.12500000000000003,0.7830000000000003,0.0,nan,0.0,0.0,0.0,analytical (unique full orders: uniform derivative bound with entry floor),true,
uniform_classes,1.2,6.264,pooling,0.0,0.0,0.25000000000000006,0.12500000000000003,0.7830000000000003,0.0,nan,0.0,0.0,0.7630000000000001,rejected,false,epsilon_q=7.630e-01
uniform_classes,1.2,6.266,full_orders,1.0,-1.0,0.25000000000000006,0.12500000000000003,0.7832500000000002,0.0,nan,0.0,0.0,0.0,analytical (unique full orders: uniform derivative bound with entry floor),true,
uniform_classes,1.2,6.266,pooling,0.0,0.0,0.25000000000000006,0.12500000000000003,0.7832500000000002,0.0,nan,0.0,0.0,0.76325,rejected,false,epsilon_q=7.632e-01
uniform_classes,1.2,6.268,full_orders,1.0,-1.0,0.25000000000000006,0.12500000000000003,0.7835000000000002,0.0,nan,0.0,0.0,0.0,analytical (unique full orders: uniform derivative bound with entry floor),true,
uniform_classes,1.2,6.268,pooling,0.0,0.0,0.25000000000000006,0.12500000000000003,0.7835000000000002,0.0,nan,0.0,0.0,0.7635000000000001,rejected,false,epsilon_q=7.635e-01
uniform_classes,1.2,6.270,full_orders,1.0,-1.0,0.25000000000000006,0.12500000000000003,0.7837500000000002,0.0,nan,0.0,0.0,0.0,analytical (unique full orders: uniform derivative bound with entry floor),true,
uniform_classes,1.2,6.270,pooling,0.0,0.0,0.25000000000000006,0.12500000000000003,0.7837500000000002,0.0,nan,0.0,0.0,0.7637499999999999,rejected,false,epsilon_q=7.637e-01
uniform_classes,1.2,6.272,full_orders,1.0,-1.0,0.25000000000000006,0.12500000000000003,0.7840000000000003,0.0,nan,0.0,0.0,0.0,analytical (unique full orders: uniform derivative bound with entry floor),true,
uniform_classes,1.2,6.272,pooling,0.0,0.0,0.25000000000000006,0.12500000000000003,0.7840000000000003,0.0,nan,0.0,0.0,0.764,rejected,false,epsilon_q=7.640e-01
uniform_classes,1.2,6.274,full_orders,1.0,-1.0,0.25000000000000006,0.12500000000000003,0.7842500000000002,0.0,nan,0.0,0.0,0.0,analytical (unique full orders: uniform derivative bound with entry floor),true,
uniform_classes,1.2,6.274,pooling,0.0,0.0,0.25000000000000006,0.12500000000000003,0.7842500000000002,0.0,nan,0.0,0.0,0.7642500000000001,rejected,false,epsilon_q=7.643e-01
uniform_classes,1.2,6.276,full_orders,1.0,-1.0,0.25000000000000006,0.12500000000000003,0.7845000000000002,0.0,nan,0.0,0.0,0.0,analytical (unique full orders: uniform derivative bound with entry floor),true,
uniform_classes,1.2,6.276,pooling,0.0,0.0,0.25000000000000006,0.12500000000000003,0.7845000000000002,0.0,nan,0.0,0.0,0.7645,rejected,false,epsilon_q=7.645e-01
uniform_classes,1.2,6.278,full_orders,1.0,-1.0,0.25000000000000006,0.12500000000000003,0.7847500000000002,0.0,nan,0.0,0.0,0.0,analytical (unique full orders: uniform derivative bound with entry floor),true,
uniform_classes,1.2,6.278,pooling,0.0,0.0,0.25000000000000006,0.12500000000000003,0.7847500000000002,0.0,nan,0.0,0.0,0.7647499999999999,rejected,false,epsilon_q=7.647e-01
uniform_classes,1.2,6.280,full_orders,1.0,-1.0,0.25000000000000006,0.12500000000000003,0.7850000000000004,0.0,nan,0.0,0.0,0.0,analytical (unique full orders: uniform derivative bound with entry floor),true,
uniform_classes,1.2,6.280,pooling,0.0,0.0,0.25000000000000006,0.12500000000000003,0.7850000000000004,0.0,nan,0.0,0.0,0.7650000000000001,rejected,false,epsilon_q=7.650e-01
uniform_classes,1.2,6.282,full_orders,1.0,-1.0,0.1645031028679127,0.10200634291739666,0.6408038462070859,0.34198758852834954,0.26894142189838344,0.0,0.0,0.0,numerical diagnostic,true,
uniform_classes,1.2,6.282,pooling,0.0,0.0,0.25000000000000006,0.12500000000000003,0.7852500000000002,0.0,nan,0.0,0.0,0.76525,rejected,false,epsilon_q=7.652e-01
uniform_classes,1.2,6.284,full_orders,1.0,-1.0,0.16447164053695756,0.10199787847496652,0.6409546683366896,0.34211343785216997,0.26894145602047853,0.0,0.0,0.0,numerical diagnostic,true,
uniform_classes,1.2,6.284,pooling,0.0,0.0,0.25000000000000006,0.12500000000000003,0.7855000000000002,0.0,nan,0.0,0.0,0.7655000000000001,rejected,false,epsilon_q=7.655e-01
uniform_classes,1.2,6.286,full_orders,1.0,-1.0,0.16444016038218573,0.10198940467783801,0.6411053978048897,0.3422393584712573,0.2689415434267716,0.0,0.0,0.0,numerical diagnostic,true,
uniform_classes,1.2,6.286,pooling,0.0,0.0,0.25000000000000006,0.12500000000000003,0.7857500000000002,0.0,nan,0.0,0.0,0.7657499999999999,rejected,false,epsilon_q=7.657e-01
uniform_classes,1.2,6.288,full_orders,1.0,-1.0,0.16440866237699023,0.10198092150876747,0.6412560344471299,0.3423653504920394,0.2689416841762766,0.0,0.0,0.0,numerical diagnostic,true,
uniform_classes,1.2,6.288,pooling,0.0,0.0,0.25000000000000006,0.12500000000000003,0.7860000000000001,0.0,nan,0.0,0.0,0.7659999999999999,rejected,false,epsilon_q=7.660e-01
uniform_classes,1.2,6.290,full_orders,1.0,-1.0,0.16437714649470214,0.10197242895046664,0.6414065780984353,0.34249141402119165,0.26894187832817995,0.0,0.0,0.0,numerical diagnostic,true,
uniform_classes,1.2,6.290,pooling,0.0,0.0,0.25000000000000006,0.12500000000000003,0.7862500000000003,0.0,nan,0.0,0.0,0.7662500000000001,rejected,false,epsilon_q=7.663e-01
uniform_classes,1.2,6.292,full_orders,1.0,-1.0,0.16434561270859083,0.10196392698560265,0.6415570285934119,0.342617549165637,0.26894212594184086,0.0,0.0,0.0,numerical diagnostic,true,
uniform_classes,1.2,6.292,pooling,0.0,0.0,0.25000000000000006,0.12500000000000003,0.7865000000000003,0.0,nan,0.0,0.0,0.7665000000000002,rejected,false,epsilon_q=7.665e-01
uniform_classes,1.2,6.294,full_orders,1.0,-1.0,0.16431406099186316,0.10195541559679774,0.6417073857662451,0.3427437560325476,0.2689424270767919,0.0,0.0,0.0,numerical diagnostic,true,
uniform_classes,1.2,6.294,pooling,0.0,0.0,0.25000000000000006,0.12500000000000003,0.7867500000000003,0.0,nan,0.0,0.0,0.76675,rejected,false,epsilon_q=7.668e-01
uniform_classes,1.2,6.296,full_orders,1.0,-1.0,0.1642824913176639,0.10194689476662926,0.6418576494506978,0.34287003472934474,0.2689427817927395,0.0,0.0,0.0,numerical diagnostic,true,
uniform_classes,1.2,6.296,pooling,0.0,0.0,0.25000000000000006,0.12500000000000003,0.7870000000000003,0.0,nan,0.0,0.0,0.7670000000000001,rejected,false,epsilon_q=7.670e-01
uniform_classes,1.2,6.298,full_orders,1.0,-1.0,0.16425090365907505,0.10193836447762931,0.6420078194801093,0.34299638536370014,0.2689431901495645,0.0,0.0,0.0,numerical diagnostic,true,
uniform_classes,1.2,6.298,pooling,0.0,0.0,0.25000000000000006,0.12500000000000003,0.7872500000000001,0.0,nan,0.0,0.0,0.76725,rejected,false,epsilon_q=7.672e-01
uniform_classes,1.2,6.3,full_orders,1.0,-1.0,0.16421929798911594,0.10192982471228483,0.6421578956873943,0.34312280804353645,0.2689436522073229,0.0,0.0,0.0,numerical diagnostic,true,
uniform_classes,1.2,6.3,pooling,0.0,0.0,0.25000000000000006,0.12500000000000003,0.7875000000000001,0.0,nan,0.0,0.0,0.7675,rejected,false,epsilon_q=7.675e-01
uniform_classes,1.2,6.35,full_orders,1.0,-1.0,0.16342322231737821,0.10171319859552844,0.6458788110816055,0.3463071107304875,0.2689728357624686,0.0,0.0,0.0,numerical diagnostic,true,
uniform_classes,1.2,6.35,pooling,0.0,0.0,0.25000000000000006,0.12500000000000003,0.7937500000000002,0.0,nan,0.0,0.0,0.7737499999999999,rejected,false,epsilon_q=7.737e-01
uniform_classes,1.2,6.4,full_orders,1.0,-1.0,0.16261543469883694,0.10149035331322688,0.6495382612046521,0.3495382612046525,0.2690366039557358,0.0,0.0,0.0,numerical diagnostic,true,
uniform_classes,1.2,6.4,pooling,0.0,0.0,0.25000000000000006,0.12500000000000003,0.8000000000000003,0.0,nan,0.0,0.0,0.78,rejected,false,epsilon_q=7.800e-01
uniform_classes,1.2,6.45,full_orders,1.0,-1.0,0.16179547251374538,0.10126098547500303,0.6531333563137697,0.3528181099450187,0.2691360092450624,0.0,0.0,0.0,numerical diagnostic,true,
uniform_classes,1.2,6.45,pooling,0.0,0.0,0.25000000000000006,0.12500000000000003,0.8062500000000004,0.0,nan,0.0,0.0,0.7862500000000001,rejected,false,epsilon_q=7.863e-01
uniform_classes,1.2,6.5,full_orders,1.0,-1.0,0.16096284416405848,0.10102477055729442,0.6566610086224137,0.3561486233437663,0.26927218437751993,0.0,0.0,0.0,numerical diagnostic,true,
uniform_classes,1.2,6.5,pooling,0.0,0.0,0.25000000000000006,0.12500000000000003,0.8125000000000002,0.0,nan,0.0,0.0,0.7925,rejected,false,epsilon_q=7.925e-01
uniform_classes,1.2,6.55,full_orders,1.0,-1.0,0.16011702659026972,0.10078136097222788,0.6601179143680925,0.35953189363892146,0.26944634905847875,0.0,0.0,0.0,numerical diagnostic,true,
uniform_classes,1.2,6.55,pooling,0.0,0.0,0.25000000000000006,0.12500000000000003,0.8187500000000001,0.0,nan,0.0,0.0,0.7987499999999998,rejected,false,epsilon_q=7.987e-01
uniform_classes,1.2,6.6,full_orders,1.0,-1.0,0.15925746251712214,0.10053038391634143,0.6635005338478535,0.3629701499315118,0.2696598173516555,0.0,0.0,0.0,numerical diagnostic,true,
uniform_classes,1.2,6.6,pooling,0.0,0.0,0.25000000000000006,0.12500000000000003,0.8250000000000002,0.0,nan,0.0,0.0,0.8049999999999999,rejected,false,epsilon_q=8.050e-01
uniform_classes,1.2,6.65,full_orders,1.0,-1.0,0.15838355739203358,0.10027143896886409,0.6668050691429462,0.366465770431866,0.26991400590559156,0.0,0.0,0.0,numerical diagnostic,true,
uniform_classes,1.2,6.65,pooling,0.0,0.0,0.25000000000000006,0.12500000000000003,0.8312500000000003,0.0,nan,0.0,0.0,0.81125,rejected,false,epsilon_q=8.113e-01
uniform_classes,1.2,6.7,full_orders,1.0,-1.0,0.15749467597434302,0.10000409540435158,0.6700274392091558,0.3700212961026281,0.2702104431169352,0.0,0.0,0.0,numerical diagnostic,true,
uniform_classes,1.2,6.7,pooling,0.0,0.0,0.25000000000000006,0.12500000000000003,0.8375000000000004,0.0,nan,0.0,0.0,0.8175000000000001,rejected,false,epsilon_q=8.175e-01
uniform_classes,1.2,6.75,full_orders,1.0,-1.0,0.15659013852669967,0.0997278891786403,0.673163251955822,0.3736394458932015,0.27055077935838,0.0,0.0,0.0,numerical diagnostic,true,
uniform_classes,1.2,6.75,pooling,0.0,0.0,0.25000000000000006,0.12500000000000003,0.8437500000000002,0.0,nan,0.0,0.0,0.82375,rejected,false,epsilon_q=8.237e-01
uniform_classes,1.2,6.8,full_orders,1.0,-1.0,0.15566921655184984,0.09944231954012524,0.6762077728728515,0.37732313379260085,0.2709367984198162,0.0,0.0,0.0,numerical diagnostic,true,
uniform_classes,1.2,6.8,pooling,0.0,0.0,0.25000000000000006,0.12500000000000003,0.8500000000000001,0.0,nan,0.0,0.0,0.8299999999999998,rejected,false,epsilon_q=8.300e-01
uniform_classes,1.2,6.85,full_orders,1.0,-1.0,0.1547311280084503,0.09914684521004329,0.6791558896887965,0.38107548796619906,0.2713704303358383,0.0,0.0,0.0,numerical diagnostic,true,
uniform_classes,1.2,6.85,pooling,0.0,0.0,0.25000000000000006,0.12500000000000003,0.8562500000000002,0.0,nan,0.0,0.0,0.8362499999999999,rejected,false,epsilon_q=8.362e-01
uniform_classes,1.2,6.9,full_orders,1.0,-1.0,0.15377503192801092,0.0988408800654447,0.6820020724515684,0.3848998722879565,0.27185376580208204,0.0,0.0,0.0,numerical diagnostic,true,
uniform_classes,1.2,6.9,pooling,0.0,0.0,0.25000000000000006,0.12500000000000003,0.8625000000000003,0.0,nan,0.0,0.0,0.8425,rejected,false,epsilon_q=8.425e-01
uniform_classes,1.2,6.95,full_orders,1.0,-1.0,0.15280002234120205,0.09852378824647429,0.6847403283129964,0.38879991063519204,0.2723890724179531,0.0,0.0,0.0,numerical diagnostic,true,
uniform_classes,1.2,6.95,pooling,0.0,0.0,0.25000000000000006,0.12500000000000003,0.8687500000000004,0.0,nan,0.0,0.0,0.8487500000000001,rejected,false,epsilon_q=8.488e-01
uniform_classes,1.2,7,full_orders,1.0,-1.0,0.15180512140502214,0.09819487859497796,0.6873641501648456,0.39277951437991165,0.2729788130354999,0.0,0.0,0.0,numerical diagnostic,true,
uniform_classes,1.2,7,pooling,0.0,0.0,0.25000000000000006,0.12500000000000003,0.8750000000000002,0.0,nan,0.0,0.0,0.855,rejected,false,epsilon_q=8.550e-01
uniform_classes,1.2,7.05,full_orders,1.0,-1.0,0.15078927160200684,0.09785339831367713,0.6898664581114237,0.396842913591973,0.27362566654507114,0.0,0.0,0.0,numerical diagnostic,true,
uniform_classes,1.2,7.05,pooling,0.0,0.0,0.25000000000000006,0.12500000000000003,0.8812500000000001,0.0,nan,0.0,0.0,0.8612499999999998,rejected,false,epsilon_q=8.612e-01
uniform_classes,1.2,7.1,full_orders,1.0,-1.0,0.14975132685791037,0.09749852571343298,0.6922395325653742,0.4009946925683586,0.2743325514901054,0.0,0.0,0.0,numerical diagnostic,true,
uniform_classes,1.2,7.1,pooling,0.0,0.0,0.25000000000000006,0.12500000000000003,0.8875000000000002,0.0,nan,0.0,0.0,0.8674999999999999,rejected,false,epsilon_q=8.675e-01
uniform_classes,1.2,7.15,full_orders,1.0,-1.0,0.14869004239397454,0.09712936188944181,0.694474937509509,0.40523983042410217,0.27510265297851233,0.0,0.0,0.0,numerical diagnostic,true,
uniform_classes,1.2,7.15,pooling,0.0,0.0,0.25000000000000006,0.12500000000000003,0.8937500000000003,0.0,nan,0.0,0.0,0.87375,rejected,false,epsilon_q=8.738e-01
uniform_classes,1.2,7.2,full_orders,1.0,-1.0,0.1476040630925874,0.09674492113426585,0.6965634321667142,0.40958374762965066,0.27593945345002024,0.0,0.0,0.0,numerical diagnostic,true,
uniform_classes,1.2,7.2,pooling,0.0,0.0,0.25000000000000006,0.12500000000000003,0.9000000000000004,0.0,nan,0.0,0.0,0.8800000000000001,rejected,false,epsilon_q=8.800e-01
uniform_classes,1.2,7.25,full_orders,1.0,-1.0,0.14649191010895857,0.09634411985472198,0.6984948689467344,0.41403235956416584,0.2768467679718839,0.0,0.0,0.0,numerical diagnostic,true,
uniform_classes,1.2,7.25,pooling,0.0,0.0,0.25000000000000006,0.12500000000000003,0.9062500000000002,0.0,nan,0.0,0.0,0.88625,rejected,false,epsilon_q=8.862e-01
uniform_classes,1.2,7.3,full_orders,1.0,-1.0,0.14535196540396642,0.09592576370861954,0.7002580750729225,0.41859213838413456,0.2778287848750719,0.0,0.0,0.0,numerical diagnostic,true,
uniform_classes,1.2,7.3,pooling,0.0,0.0,0.25000000000000006,0.12500000000000003,0.9125000000000001,0.0,nan,0.0,0.0,0.8924999999999998,rejected,false,epsilon_q=8.925e-01
uniform_classes,1.2,7.35,full_orders,1.0,-1.0,0.14418245380138256,0.09548853261325772,0.7018407147074442,0.42327018479447,0.2788901127167499,0.0,0.0,0.0,numerical diagnostic,true,
uniform_classes,1.2,7.35,pooling,0.0,0.0,0.25000000000000006,0.12500000000000003,0.9187500000000002,0.0,nan,0.0,0.0,0.8987499999999999,rejected,false,epsilon_q=8.987e-01
uniform_classes,1.2,7.4,full_orders,1.0,-1.0,0.14298142208202927,0.09503096319661801,0.7032291276549733,0.42807431167188326,0.2800358347721005,0.0,0.0,0.0,numerical diagnostic,true,
uniform_classes,1.2,7.4,pooling,0.0,0.0,0.25000000000000006,0.12500000000000003,0.9250000000000003,0.0,nan,0.0,0.0,0.905,rejected,false,epsilon_q=9.050e-01
uniform_classes,1.2,7.45,full_orders,1.0,-1.0,0.1417467145124528,0.09455142815917682,0.7044081397858674,0.43301314195018914,0.28127157253186386,0.0,0.0,0.0,numerical diagnostic,true,
uniform_classes,1.2,7.45,pooling,0.0,0.0,0.25000000000000006,0.12500000000000003,0.9312500000000004,0.0,nan,0.0,0.0,0.9112500000000001,rejected,false,epsilon_q=9.113e-01
uniform_classes,1.2,7.5,full_orders,1.0,-1.0,0.14047594405885014,0.09404811188229983,0.7053608391172488,0.43809622376459967,0.2826035600282321,0.0,0.0,0.0,numerical diagnostic,true,
uniform_classes,1.2,7.5,pooling,0.0,0.0,0.25000000000000006,0.12500000000000003,0.9375000000000002,0.0,nan,0.0,0.0,0.9175,rejected,false,epsilon_q=9.175e-01
uniform_classes,1.2,7.55,full_orders,1.0,-1.0,0.13916645834801789,0.09351898144884936,0.7060683099388125,0.4433341666079287,0.2840387312534073,0.0,0.0,0.0,numerical diagnostic,true,
uniform_classes,1.2,7.55,pooling,0.0,0.0,0.25000000000000006,0.12500000000000003,0.9437500000000001,0.0,nan,0.0,0.0,0.9237499999999998,rejected,false,epsilon_q=9.237e-01
uniform_classes,1.2,7.6,full_orders,1.0,-1.0,0.1378152991919857,0.09296175202003591,0.7065093153522729,0.4487388032320574,0.285584823502737,0.0,0.0,0.0,numerical diagnostic,true,
uniform_classes,1.2,7.6,pooling,0.0,0.0,0.25000000000000006,0.12500000000000003,0.9500000000000002,0.0,nan,0.0,0.0,0.9299999999999999,rejected,false,epsilon_q=9.300e-01
uniform_classes,1.2,7.65,full_orders,1.0,-1.0,0.13641915417237405,0.09237384522178854,0.7066599159466824,0.45432338331050404,0.28725050020956894,0.0,0.0,0.0,numerical diagnostic,true,
uniform_classes,1.2,7.65,pooling,0.0,0.0,0.25000000000000006,0.12500000000000003,0.9562500000000003,0.0,nan,0.0,0.0,0.93625,rejected,false,epsilon_q=9.363e-01
uniform_classes,1.2,7.7,full_orders,1.0,-1.0,0.1349742983573103,0.09175233880896579,0.7064930088290367,0.46010280657075897,0.2890454977993804,0.0,0.0,0.0,numerical diagnostic,true,
uniform_classes,1.2,7.7,pooling,0.0,0.0,0.25000000000000006,0.12500000000000003,0.9625000000000004,0.0,nan,0.0,0.0,0.9425000000000001,rejected,false,epsilon_q=9.425e-01
uniform_classes,1.2,7.75,full_orders,1.0,-1.0,0.1334765236597203,0.091093905361119,0.7059777665486723,0.46609390536111905,0.29098080235665263,0.0,0.0,0.0,numerical diagnostic,true,
uniform_classes,1.2,7.75,pooling,0.0,0.0,0.25000000000000006,0.12500000000000003,0.9687500000000002,0.0,nan,0.0,0.0,0.94875,rejected,false,epsilon_q=9.487e-01
uniform_classes,1.2,7.8,full_orders,1.0,-1.0,0.1319210525863146,0.0903947370684272,0.705078949133732,0.47231578965474175,0.29306886358272244,0.0,0.0,0.0,numerical diagnostic,true,
uniform_classes,1.2,7.8,pooling,0.0,0.0,0.25000000000000006,0.12500000000000003,0.9750000000000001,0.0,nan,0.0,0.0,0.9549999999999998,rejected,false,epsilon_q=9.550e-01
uniform_classes,1.2,7.85,full_orders,1.0,-1.0,0.13030243209244255,0.08965045271705002,0.7037560538288427,0.47879027163023,0.29532385578836895,0.0,0.0,0.0,numerical diagnostic,true,
uniform_classes,1.2,7.85,pooling,0.0,0.0,0.25000000000000006,0.12500000000000003,0.9812500000000002,0.0,nan,0.0,0.0,0.9612499999999999,rejected,false,epsilon_q=9.612e-01
uniform_classes,1.2,7.9,full_orders,1.0,-1.0,0.1286144018329153,0.08885598167084724,0.7019622551996932,0.485542392668339,0.29776199874552917,0.0,0.0,0.0,numerical diagnostic,true,
uniform_classes,1.2,7.9,pooling,0.0,0.0,0.25000000000000006,0.12500000000000003,0.9875000000000003,0.0,nan,0.0,0.0,0.9675,rejected,false,epsilon_q=9.675e-01
uniform_classes,1.2,7.95,full_orders,1.0,-1.0,0.12684972910955966,0.08800541780880747,0.6996430715800195,0.4926010835617617,0.3004019554622376,0.0,0.0,0.0,numerical diagnostic,true,
uniform_classes,1.2,7.95,pooling,0.0,0.0,0.25000000000000006,0.12500000000000003,0.9937500000000004,0.0,nan,0.0,0.0,0.9737500000000001,rejected,false,epsilon_q=9.738e-01
uniform_classes,1.2,8,full_orders,1.0,-1.0,0.12500000000000003,0.08709183376796044,0.6967346701436835,0.5000000000000001,0.3032653298563167,0.0,0.0,0.0,numerical diagnostic,true,
uniform_classes,1.2,8,pooling,0.0,0.0,0.25000000000000006,0.12500000000000003,1.0000000000000002,0.0,nan,0.0,0.0,0.98,rejected,false,epsilon_q=9.800e-01
uniform_classes,1.2,8.002,full_orders,1.0,-1.0,0.12492410773728907,0.08705386864454247,0.6966050568936288,0.5003035690508439,0.3033848543391162,0.0,0.0,0.0,numerical diagnostic,true,
uniform_classes,1.2,8.002,pooling,0.0,0.0,0.0,0.0,0.0,1.0000000000000002,0.5,0.0,0.0,0.0,analytical (pooling exists: e0 Delta_T/2 <= k),true,
uniform_classes,1.2,8.004,full_orders,1.0,-1.0,0.12484806315690274,0.08701578922567249,0.6964743769622825,0.5006077473723892,0.30350477773227164,0.0,0.0,0.0,numerical diagnostic,true,
uniform_classes,1.2,8.004,pooling,0.0,0.0,0.0,0.0,0.0,1.0000000000000002,0.5,0.0,0.0,0.0,analytical (pooling exists: e0 Delta_T/2 <= k),true,
uniform_classes,1.2,8.006,full_orders,1.0,-1.0,0.1247718655696203,0.08697759493671232,0.6963426250633189,0.500912537721519,0.30362510178913654,0.0,0.0,0.0,numerical diagnostic,true,
uniform_classes,1.2,8.006,pooling,0.0,0.0,0.0,0.0,0.0,1.0000000000000002,0.5,0.0,0.0,0.0,analytical (pooling exists: e0 Delta_T/2 <= k),true,
uniform_classes,1.2,8.008,full_orders,1.0,-1.0,0.12469551428159184,0.08693928519897104,0.69620979587336,0.5012179428736329,0.3037458282743471,0.0,0.0,0.0,numerical diagnostic,true,
uniform_classes,1.2,8.008,pooling,0.0,0.0,0.0,0.0,0.0,1.0000000000000002,0.5,0.0,0.0,0.0,analytical (pooling exists: e0 Delta_T/2 <= k),true,
uniform_classes,1.2,8.010,full_orders,1.0,-1.0,0.12461900859429671,0.08690085942966792,0.69607588403164,0.5015239656228133,0.30386695896391724,0.0,0.0,0.0,numerical diagnostic,true,
uniform_classes,1.2,8.010,pooling,0.0,0.0,0.0,0.0,0.0,1.0000000000000002,0.5,0.0,0.0,0.0,analytical (pooling exists: e0 Delta_T/2 <= k),true,
uniform_classes,1.2,8.012,full_orders,1.0,-1.0,0.12454234780450275,0.08686231704189543,0.6959408841396661,0.5018306087819892,0.3039884956453328,0.0,0.0,0.0,numerical diagnostic,true,
uniform_classes,1.2,8.012,pooling,0.0,0.0,0.0,0.0,0.0,1.0000000000000002,0.5,0.0,0.0,0.0,analytical (pooling exists: e0 Delta_T/2 <= k),true,
uniform_classes,1.2,8.014,full_orders,1.0,-1.0,0.12446553120422421,0.08682365744458141,0.6958047907608754,0.5021378751831034,0.30411044011764865,0.0,0.0,0.0,numerical diagnostic,true,
uniform_classes,1.2,8.014,pooling,0.0,0.0,0.0,0.0,0.0,1.0000000000000002,0.5,0.0,0.0,0.0,analytical (pooling exists: e0 Delta_T/2 <= k),true,
uniform_classes,1.2,8.016,full_orders,1.0,-1.0,0.12438855808067924,0.08678488004245097,0.6956675984202869,0.5024457676772833,0.30423279419158583,0.0,0.0,0.0,numerical diagnostic,true,
uniform_classes,1.2,8.016,pooling,0.0,0.0,0.0,0.0,0.0,1.0000000000000002,0.5,0.0,0.0,0.0,analytical (pooling exists: e0 Delta_T/2 <= k),true,
uniform_classes,1.2,8.018,full_orders,1.0,-1.0,0.12431142771624779,0.08674598423598819,0.6955293016041534,0.5027542891350091,0.30435555968962935,0.0,0.0,0.0,numerical diagnostic,true,
uniform_classes,1.2,8.018,pooling,0.0,0.0,0.0,0.0,0.0,1.0000000000000002,0.5,0.0,0.0,0.0,analytical (pooling exists: e0 Delta_T/2 <= k),true,
uniform_classes,1.2,8.020,full_orders,1.0,-1.0,0.12423413938842795,0.08670696942139704,0.6953898947596042,0.5030634424462884,0.30447873844612755,0.0,0.0,0.0,numerical diagnostic,true,
uniform_classes,1.2,8.020,pooling,0.0,0.0,0.0,0.0,0.0,1.0000000000000002,0.5,0.0,0.0,0.0,analytical (pooling exists: e0 Delta_T/2 <= k),true,
uniform_classes,1.2,8.022,full_orders,1.0,-1.0,0.12415669236979236,0.086667834990562,0.6952493722942884,0.5033732305208307,0.30460233230739325,0.0,0.0,0.0,numerical diagnostic,true,
uniform_classes,1.2,8.022,pooling,0.0,0.0,0.0,0.0,0.0,1.0000000000000002,0.5,0.0,0.0,0.0,analytical (pooling exists: e0 Delta_T/2 <= k),true,
uniform_classes,1.2,8.024,full_orders,1.0,-1.0,0.12407908592794425,0.08662858033100838,0.6951077285760112,0.5036836562882232,0.3047263431318037,0.0,0.0,0.0,numerical diagnostic,true,
uniform_classes,1.2,8.024,pooling,0.0,0.0,0.0,0.0,0.0,1.0000000000000002,0.5,0.0,0.0,0.0,analytical (pooling exists: e0 Delta_T/2 <= k),true,
uniform_classes,1.2,8.026,full_orders,1.0,-1.0,0.12400131932547245,0.08658920482586187,0.6949649579323673,0.5039947226981104,0.3048507727899047,0.0,0.0,0.0,numerical diagnostic,true,
uniform_classes,1.2,8.026,pooling,0.0,0.0,0.0,0.0,0.0,1.0000000000000002,0.5,0.0,0.0,0.0,analytical (pooling exists: e0 Delta_T/2 <= k),true,
uniform_classes,1.2,8.028,full_orders,1.0,-1.0,0.12392339181990661,0.08654970785380797,0.6948210546503705,0.5043064327203737,0.3049756231645125,0.0,0.0,0.0,numerical diagnostic,true,
uniform_classes,1.2,8.028,pooling,0.0,0.0,0.0,0.0,0.0,1.0000000000000002,0.5,0.0,0.0,0.0,analytical (pooling exists: e0 Delta_T/2 <= k),true,
uniform_classes,1.2,8.030,full_orders,1.0,-1.0,0.12384530266367158,0.08651008878905089,0.6946760129760786,0.5046187893453139,0.3051008961508189,0.0,0.0,0.0,numerical diagnostic,true,
uniform_classes,1.2,8.030,pooling,0.0,0.0,0.0,0.0,0.0,1.0000000000000002,0.5,0.0,0.0,0.0,analytical (pooling exists: e0 Delta_T/2 <= k),true,
uniform_classes,1.2,8.032,full_orders,1.0,-1.0,0.1237670511040407,0.08647034700127157,0.6945298271142133,0.5049317955838374,0.305226593656498,0.0,0.0,0.0,numerical diagnostic,true,
uniform_classes,1.2,8.032,pooling,0.0,0.0,0.0,0.0,0.0,1.0000000000000002,0.5,0.0,0.0,0.0,analytical (pooling exists: e0 Delta_T/2 <= k),true,
uniform_classes,1.2,8.034,full_orders,1.0,-1.0,0.12368863638308994,0.08643048185558598,0.6943824912277778,0.5052454544676405,0.30535271760181126,0.0,0.0,0.0,numerical diagnostic,true,
uniform_classes,1.2,8.034,pooling,0.0,0.0,0.0,0.0,0.0,1.0000000000000002,0.5,0.0,0.0,0.0,analytical (pooling exists: e0 Delta_T/2 <= k),true,
uniform_classes,1.2,8.036,full_orders,1.0,-1.0,0.12361005773765008,0.0863904927125022,0.6942339994376676,0.5055597690493999,0.30547926991971686,0.0,0.0,0.0,numerical diagnostic,true,
uniform_classes,1.2,8.036,pooling,0.0,0.0,0.0,0.0,0.0,1.0000000000000002,0.5,0.0,0.0,0.0,analytical (pooling exists: e0 Delta_T/2 <= k),true,
uniform_classes,1.2,8.038,full_orders,1.0,-1.0,0.12353131439925935,0.08635037892787752,0.6940843458222795,0.5058747424029628,0.3056062525559778,0.0,0.0,0.0,numerical diagnostic,true,
uniform_classes,1.2,8.038,pooling,0.0,0.0,0.0,0.0,0.0,1.0000000000000002,0.5,0.0,0.0,0.0,analytical (pooling exists: e0 Delta_T/2 <= k),true,
uniform_classes,1.2,8.040,full_orders,1.0,-1.0,0.12345240559411505,0.08631013985287479,0.6939335244171133,0.50619037762354,0.3057336674692727,0.0,0.0,0.0,numerical diagnostic,true,
uniform_classes,1.2,8.040,pooling,0.0,0.0,0.0,0.0,0.0,1.0000000000000002,0.5,0.0,0.0,0.0,analytical (pooling exists: e0 Delta_T/2 <= k),true,
uniform_classes,1.2,8.042,full_orders,1.0,-1.0,0.12337333054302457,0.08626977483391825,0.6937815292143705,0.5065066778279019,0.30586151663130745,0.0,0.0,0.0,numerical diagnostic,true,
uniform_classes,1.2,8.042,pooling,0.0,0.0,0.0,0.0,0.0,1.0000000000000002,0.5,0.0,0.0,0.0,analytical (pooling exists: e0 Delta_T/2 <= k),true,
uniform_classes,1.2,8.044,full_orders,1.0,-1.0,0.1232940884613566,0.08622928321264924,0.6936283541625505,0.5068236461545739,0.3059898020269267,0.0,0.0,0.0,numerical diagnostic,true,
uniform_classes,1.2,8.044,pooling,0.0,0.0,0.0,0.0,0.0,1.0000000000000002,0.5,0.0,0.0,0.0,analytical (pooling exists: e0 Delta_T/2 <= k),true,
uniform_classes,1.2,8.046,full_orders,1.0,-1.0,0.12321467855899051,0.08618866432588068,0.6934739931660359,0.5071412857640382,0.30611852565422903,0.0,0.0,0.0,numerical diagnostic,true,
uniform_classes,1.2,8.046,pooling,0.0,0.0,0.0,0.0,0.0,1.0000000000000002,0.5,0.0,0.0,0.0,analytical (pooling exists: e0 Delta_T/2 <= k),true,
uniform_classes,1.2,8.048,full_orders,1.0,-1.0,0.12313510004026648,0.08614791750555184,0.6933184400846812,0.5074595998389343,0.30624768952468095,0.0,0.0,0.0,numerical diagnostic,true,
uniform_classes,1.2,8.048,pooling,0.0,0.0,0.0,0.0,0.0,1.0000000000000002,0.5,0.0,0.0,0.0,analytical (pooling exists: e0 Delta_T/2 <= k),true,
uniform_classes,1.2,8.05,full_orders,1.0,-1.0,0.12305535210393409,0.08610704207868194,0.6931616887333897,0.5077785915842639,0.30637729566323363,0.0,0.0,0.0,numerical diagnostic,true,
uniform_classes,1.2,8.05,pooling,0.0,0.0,0.0,0.0,0.0,1.0000000000000002,0.5,0.0,0.0,0.0,analytical (pooling exists: e0 Delta_T/2 <= k),true,
uniform_classes,1.2,8.1,full_orders,1.0,-1.0,0.12100412842621575,0.08504128426215732,0.6888344025234743,0.5159834862951372,0.3097673999201342,0.0,0.0,0.0,numerical diagnostic,true,
uniform_classes,1.2,8.1,pooling,0.0,0.0,0.0,0.0,0.0,1.0000000000000002,0.5,0.0,0.0,0.0,analytical (pooling exists: e0 Delta_T/2 <= k),true,
uniform_classes,1.2,8.15,full_orders,1.0,-1.0,0.11883242310816347,0.08388282072108967,0.6836449888768809,0.5246703075673463,0.31347060190657033,0.0,0.0,0.0,numerical diagnostic,true,
uniform_classes,1.2,8.15,pooling,0.0,0.0,0.0,0.0,0.0,1.0000000000000002,0.5,0.0,0.0,0.0,analytical (pooling exists: e0 Delta_T/2 <= k),true,
uniform_classes,1.2,8.2,full_orders,1.0,-1.0,0.1165234763402798,0.08261738170139875,0.6774625299514697,0.533906094638881,0.3175286345234002,0.0,0.0,0.0,numerical diagnostic,true,
uniform_classes,1.2,8.2,pooling,0.0,0.0,0.0,0.0,0.0,1.0000000000000002,0.5,0.0,0.0,0.0,analytical (pooling exists: e0 Delta_T/2 <= k),true,
uniform_classes,1.2,8.25,full_orders,1.0,-1.0,0.11405685501072346,0.08122742004289375,0.6701262153538735,0.5437725799571064,0.32199181474401767,0.0,0.0,0.0,numerical diagnostic,true,
uniform_classes,1.2,8.25,pooling,0.0,0.0,0.0,0.0,0.0,1.0000000000000002,0.5,0.0,0.0,0.0,analytical (pooling exists: e0 Delta_T/2 <= k),true,
uniform_classes,1.2,8.3,full_orders,1.0,-1.0,0.1114073225576187,0.07969107519206232,0.6614359240941173,0.5543707097695254,0.3269214914097788,0.0,0.0,0.0,numerical diagnostic,true,
uniform_classes,1.2,8.3,pooling,0.0,0.0,0.0,0.0,0.0,1.0000000000000002,0.5,0.0,0.0,0.0,analytical (pooling exists: e0 Delta_T/2 <= k),true,
uniform_classes,1.2,8.35,full_orders,1.0,-1.0,0.10854324731925886,0.07798070662645379,0.6511389003308891,0.5658270107229648,0.33239341694535973,0.0,0.0,0.0,numerical diagnostic,true,
uniform_classes,1.2,8.35,pooling,0.0,0.0,0.0,0.0,0.0,1.0000000000000002,0.5,0.0,0.0,0.0,analytical (pooling exists: e0 Delta_T/2 <= k),true,
uniform_classes,1.2,8.4,asymmetric_discontinuity,1.0,-0.021651247532,0.10000000000000009,0.06250000000000028,0.5250000000000024,0.5999999999999999,0.416666666666665,0.0,0.0,0.21332872950367593,rejected,false,Psi sign change without root at a region boundary
uniform_classes,1.2,8.4,full_orders,1.0,-1.0,0.10542430713307314,0.0760607678326828,0.6389104497945355,0.5783027714677077,0.33850249095719576,0.0,0.0,0.0,numerical diagnostic,true,
uniform_classes,1.2,8.4,pooling,0.0,0.0,0.0,0.0,0.0,1.0000000000000002,0.5,0.0,0.0,0.0,analytical (pooling exists: e0 Delta_T/2 <= k),true,
uniform_classes,1.2,8.402,asymmetric_discontinuity,1.0,-0.028329050063,0.0,0.0,0.0,1.0,0.5,0.0,0.0,0.02,rejected,false,Psi sign change without root at a region boundary
uniform_classes,1.2,8.402,full_orders,1.0,-1.0,0.10529355718160308,0.0759789979641866,0.6383755408950957,0.5788257712735879,0.3387617101287853,0.0,0.0,0.0,numerical diagnostic,true,
uniform_classes,1.2,8.402,pooling,0.0,0.0,0.0,0.0,0.0,1.0000000000000002,0.5,0.0,0.0,0.0,analytical (pooling exists: e0 Delta_T/2 <= k),true,
uniform_classes,1.2,8.404,asymmetric_discontinuity,1.0,-0.035029223834,0.09975000000000273,0.06250000000000668,0.5252500000000561,0.6009999999999892,0.41597337770379006,0.0,0.0,0.20910009949337988,rejected,false,Psi sign change without root at a region boundary
uniform_classes,1.2,8.404,full_orders,1.0,-1.0,0.1051623140061553,0.07589681684691908,0.6378368487815079,0.5793507439753791,0.3390221461779479,0.0,0.0,0.0,numerical diagnostic,true,
uniform_classes,1.2,8.404,pooling,0.0,0.0,0.0,0.0,0.0,1.0000000000000002,0.5,0.0,0.0,0.0,analytical (pooling exists: e0 Delta_T/2 <= k),true,
uniform_classes,1.2,8.406,asymmetric_discontinuity,1.0,-0.041751919239,0.09962500000000006,0.06250000000000022,0.5253750000000019,0.6014999999999998,0.4156275976724841,0.0,0.0,0.20698939867430965,rejected,false,Psi sign change without root at a region boundary
uniform_classes,1.2,8.406,full_orders,1.0,-1.0,0.10503057373497102,0.07581422102209613,0.6372943419117402,0.5798777050601162,0.33928380793881213,0.0,0.0,0.0,numerical diagnostic,true,
uniform_classes,1.2,8.406,pooling,0.0,0.0,0.0,0.0,0.0,1.0000000000000002,0.5,0.0,0.0,0.0,analytical (pooling exists: e0 Delta_T/2 <= k),true,
uniform_classes,1.2,8.408,asymmetric_discontinuity,1.0,-0.048497288196,0.0,0.0,0.0,1.0,0.5000000000000001,0.0,0.0,0.02,rejected,false,Psi sign change without root at a region boundary
uniform_classes,1.2,8.408,full_orders,1.0,-1.0,0.10489833245194868,0.07573120699007017,0.63674798837251,0.5804066701922055,0.3395467043382818,0.0,0.0,0.0,numerical diagnostic,true,
uniform_classes,1.2,8.408,pooling,0.0,0.0,0.0,0.0,0.0,1.0000000000000002,0.5,0.0,0.0,0.0,analytical (pooling exists: e0 Delta_T/2 <= k),true,
uniform_classes,1.2,8.410,asymmetric_discontinuity,1.0,-0.055265484165,0.09937500000000166,0.06250000000000401,0.5256250000000338,0.6024999999999935,0.4149377593360776,0.0,0.0,0.202775458612063,rejected,false,Psi sign change without root at a region boundary
uniform_classes,1.2,8.410,full_orders,1.0,-1.0,0.10476558619598,0.07564777120970727,0.6361977558736381,0.5809376552160803,0.33981084439731246,0.0,0.0,0.0,numerical diagnostic,true,
uniform_classes,1.2,8.410,pooling,0.0,0.0,0.0,0.0,0.0,1.0000000000000002,0.5,0.0,0.0,0.0,analytical (pooling exists: e0 Delta_T/2 <= k),true,
uniform_classes,1.2,8.412,asymmetric_discontinuity,1.0,-0.062056662167,0.0,0.0,0.0,1.0000000000000002,0.4999999999999999,0.0,0.0,0.02,rejected,false,Psi sign change without root at a region boundary
uniform_classes,1.2,8.412,full_orders,1.0,-1.0,0.10463233096027424,0.07556391009775308,0.635643611742299,0.5814706761589032,0.3400762372322085,0.0,0.0,0.0,numerical diagnostic,true,
uniform_classes,1.2,8.412,pooling,0.0,0.0,0.0,0.0,0.0,1.0000000000000002,0.5,0.0,0.0,0.0,analytical (pooling exists: e0 Delta_T/2 <= k),true,
uniform_classes,1.2,8.414,asymmetric_discontinuity,1.0,-0.06887097881,0.0,0.0,0.0,1.0000000000000002,0.4999999999999999,0.0,0.0,0.02,rejected,false,Psi sign change without root at a region boundary
uniform_classes,1.2,8.414,full_orders,1.0,-1.0,0.10449856269166917,0.07547962002818631,0.6350855229171596,0.5820057492333236,0.34034289205594237,0.0,0.0,0.0,numerical diagnostic,true,
uniform_classes,1.2,8.414,pooling,0.0,0.0,0.0,0.0,0.0,1.0000000000000002,0.5,0.0,0.0,0.0,analytical (pooling exists: e0 Delta_T/2 <= k),true,
uniform_classes,1.2,8.416,asymmetric_discontinuity,1.0,-0.075708592308,0.09900000000000114,0.0625000000000028,0.5260000000000237,0.6039999999999955,0.4139072847681965,0.0,0.0,0.1964739165894092,rejected,false,Psi sign change without root at a region boundary
uniform_classes,1.2,8.416,full_orders,1.0,-1.0,0.10436427728992892,0.0753948973315599,0.6345234559424082,0.5825428908402845,0.3406108181795001,0.0,0.0,0.0,numerical diagnostic,true,
uniform_classes,1.2,8.416,pooling,0.0,0.0,0.0,0.0,0.0,1.0000000000000002,0.5,0.0,0.0,0.0,analytical (pooling exists: e0 Delta_T/2 <= k),true,
uniform_classes,1.2,8.418,asymmetric_discontinuity,1.0,-0.082569662501,0.0,0.0,0.0,1.0000000000000004,0.4999999999999999,0.0,0.0,0.02,rejected,false,Psi sign change without root at a region boundary
uniform_classes,1.2,8.418,full_orders,1.0,-1.0,0.10422947060703032,0.07530973829433069,0.6339573769616756,0.583082117571879,0.340880025013244,0.0,0.0,0.0,numerical diagnostic,true,
uniform_classes,1.2,8.418,pooling,0.0,0.0,0.0,0.0,0.0,1.0000000000000002,0.5,0.0,0.0,0.0,analytical (pooling exists: e0 Delta_T/2 <= k),true,
uniform_classes,1.2,8.420,asymmetric_discontinuity,1.0,-0.089454350883,0.0,0.0,0.0,1.0,0.5,0.0,0.0,0.02,rejected,false,Psi sign change without root at a region boundary
uniform_classes,1.2,8.420,full_orders,1.0,-1.0,0.1040941384464335,0.07522413915817495,0.6333872517118331,0.5836234462142662,0.3411505220683052,0.0,0.0,0.0,numerical diagnostic,true,
uniform_classes,1.2,8.420,pooling,0.0,0.0,0.0,0.0,0.0,1.0000000000000002,0.5,0.0,0.0,0.0,analytical (pooling exists: e0 Delta_T/2 <= k),true,
uniform_classes,1.2,8.422,asymmetric_discontinuity,1.0,-0.09636282062,0.09862500000000313,0.06250000000000748,0.526375000000063,0.6054999999999876,0.4128819157720483,0.0,0.0,0.1901967856618707,rejected,false,Psi sign change without root at a region boundary
uniform_classes,1.2,8.422,full_orders,1.0,-1.0,0.10395827656234147,0.0751380961192926,0.6328130455166824,0.5841668937506344,0.3414223189579942,0.0,0.0,0.0,numerical diagnostic,true,
uniform_classes,1.2,8.422,pooling,0.0,0.0,0.0,0.0,0.0,1.0000000000000002,0.5,0.0,0.0,0.0,analytical (pooling exists: e0 Delta_T/2 <= k),true,
uniform_classes,1.2,8.424,asymmetric_discontinuity,1.0,-0.103295236572,0.0,0.0,0.0,1.0,0.5,0.0,0.0,0.02,rejected,false,Psi sign change without root at a region boundary
uniform_classes,1.2,8.424,full_orders,1.0,-1.0,0.10382188065894346,0.07505160532769668,0.6322347232805168,0.5847124773642265,0.34169542539924097,0.0,0.0,0.0,numerical diagnostic,true,
uniform_classes,1.2,8.424,pooling,0.0,0.0,0.0,0.0,0.0,1.0000000000000002,0.5,0.0,0.0,0.0,analytical (pooling exists: e0 Delta_T/2 <= k),true,
uniform_classes,1.2,8.426,asymmetric_discontinuity,1.0,-0.110251765325,0.0,0.0,0.0,1.0000000000000002,0.5,0.0,0.0,0.02,rejected,false,Psi sign change without root at a region boundary
uniform_classes,1.2,8.426,full_orders,1.0,-1.0,0.1036849463896446,0.07496466288648967,0.631652249481562,0.5852602144414218,0.3419698512140593,0.0,0.0,0.0,numerical diagnostic,true,
uniform_classes,1.2,8.426,pooling,0.0,0.0,0.0,0.0,0.0,1.0000000000000002,0.5,0.0,0.0,0.0,analytical (pooling exists: e0 Delta_T/2 <= k),true,
uniform_classes,1.2,8.428,asymmetric_discontinuity,1.0,-0.117232575205,0.09825000000000207,0.06250000000000498,0.526750000000042,0.6069999999999919,0.4118616144975017,0.0,0.0,0.1839454193097528,rejected,false,Psi sign change without root at a region boundary
uniform_classes,1.2,8.428,full_orders,1.0,-1.0,0.10354746935628216,0.07487726485112664,0.6310655881652953,0.5858101225748716,0.34224560633103285,0.0,0.0,0.0,numerical diagnostic,true,
uniform_classes,1.2,8.428,pooling,0.0,0.0,0.0,0.0,0.0,1.0000000000000002,0.5,0.0,0.0,0.0,analytical (pooling exists: e0 Delta_T/2 <= k),true,
uniform_classes,1.2,8.430,asymmetric_discontinuity,1.0,-0.124237836307,0.0,0.0,0.0,1.0000000000000002,0.4999999999999999,0.0,0.0,0.02,rejected,false,Psi sign change without root at a region boundary
uniform_classes,1.2,8.430,full_orders,1.0,-1.0,0.10340944510832517,0.07478940722866313,0.6304747029376302,0.5863622195666995,0.3425227007868325,0.0,0.0,0.0,numerical diagnostic,true,
uniform_classes,1.2,8.430,pooling,0.0,0.0,0.0,0.0,0.0,1.0000000000000002,0.5,0.0,0.0,0.0,analytical (pooling exists: e0 Delta_T/2 <= k),true,
uniform_classes,1.2,8.432,asymmetric_discontinuity,1.0,-0.131267720522,0.09800000000000014,0.06250000000000042,0.5270000000000036,0.6079999999999997,0.4111842105263133,0.0,0.0,0.1797928430675562,rejected,false,Psi sign change without root at a region boundary
uniform_classes,1.2,8.432,full_orders,1.0,-1.0,0.10327086914205916,0.07470108597698881,0.6298795569579697,0.5869165234317636,0.3428011447277586,0.0,0.0,0.0,numerical diagnostic,true,
uniform_classes,1.2,8.432,pooling,0.0,0.0,0.0,0.0,0.0,1.0000000000000002,0.5,0.0,0.0,0.0,analytical (pooling exists: e0 Delta_T/2 <= k),true,
uniform_classes,1.2,8.434,asymmetric_discontinuity,1.0,-0.138322401558,0.09787500000000071,0.0625000000000015,0.5271250000000126,0.6084999999999974,0.4108463434675353,0.0,0.0,0.177721213722183,rejected,false,Psi sign change without root at a region boundary
uniform_classes,1.2,8.434,full_orders,1.0,-1.0,0.10313173689975641,0.07461229700404691,0.6292801129321316,0.5874730524009746,0.3430809484113082,0.0,0.0,0.0,numerical diagnostic,true,
uniform_classes,1.2,8.434,pooling,0.0,0.0,0.0,0.0,0.0,1.0000000000000002,0.5,0.0,0.0,0.0,analytical (pooling exists: e0 Delta_T/2 <= k),true,
uniform_classes,1.2,8.436,asymmetric_discontinuity,1.0,-0.145402054968,0.0,0.0,0.0,1.0000000000000002,0.5,0.0,0.0,0.02,rejected,false,Psi sign change without root at a region boundary
uniform_classes,1.2,8.436,full_orders,1.0,-1.0,0.10299204376882826,0.07452303616703725,0.6286763331051262,0.5880318249246872,0.34336212220777457,0.0,0.0,0.0,numerical diagnostic,true,
uniform_classes,1.2,8.436,pooling,0.0,0.0,0.0,0.0,0.0,1.0000000000000002,0.5,0.0,0.0,0.0,analytical (pooling exists: e0 Delta_T/2 <= k),true,
uniform_classes,1.2,8.438,asymmetric_discontinuity,1.0,-0.152506858177,0.09762500000000068,0.06250000000000165,0.527375000000014,0.6094999999999976,0.41017227235437975,0.0,0.0,0.1735875420978845,rejected,false,Psi sign change without root at a region boundary
uniform_classes,1.2,8.438,full_orders,1.0,-1.0,0.10285178508096293,0.07443329927160496,0.6280681792538026,0.5885928596761485,0.3436446766018707,0.0,0.0,0.0,numerical diagnostic,true,
uniform_classes,1.2,8.438,pooling,0.0,0.0,0.0,0.0,0.0,1.0000000000000002,0.5,0.0,0.0,0.0,analytical (pooling exists: e0 Delta_T/2 <= k),true,
uniform_classes,1.2,8.440,asymmetric_discontinuity,1.0,-0.159636990506,0.09750000000000084,0.06250000000000183,0.5275000000000154,0.6099999999999969,0.40983606557376073,0.0,0.0,0.17152560932611163,rejected,false,Psi sign change without root at a region boundary
uniform_classes,1.2,8.440,full_orders,1.0,-1.0,0.10271095611124549,0.0743430820710124,0.6274556126793446,0.5891561755550183,0.34392862219438486,0.0,0.0,0.0,numerical diagnostic,true,
uniform_classes,1.2,8.440,pooling,0.0,0.0,0.0,0.0,0.0,1.0000000000000002,0.5,0.0,0.0,0.0,analytical (pooling exists: e0 Delta_T/2 <= k),true,
uniform_classes,1.2,8.442,asymmetric_discontinuity,1.0,-0.166792633202,0.09737500000000236,0.06250000000000541,0.5276250000000458,0.6104999999999906,0.4095004095003804,0.0,0.0,0.16946701921359564,rejected,false,Psi sign change without root at a region boundary
uniform_classes,1.2,8.442,full_orders,1.0,-1.0,0.10256955207726022,0.07425238026529465,0.6268385941996175,0.5897217916909594,0.34421396970386614,0.0,0.0,0.0,numerical diagnostic,true,
uniform_classes,1.2,8.442,pooling,0.0,0.0,0.0,0.0,0.0,1.0000000000000002,0.5,0.0,0.0,0.0,analytical (pooling exists: e0 Delta_T/2 <= k),true,
uniform_classes,1.2,8.444,asymmetric_discontinuity,1.0,-0.173973969463,0.0,0.0,0.0,1.0000000000000004,0.4999999999999999,0.0,0.0,0.02,rejected,false,Psi sign change without root at a region boundary
uniform_classes,1.2,8.444,full_orders,1.0,-1.0,0.10242756813817737,0.07416118950039949,0.6262170841413733,0.5902897274472907,0.3445007299683368,0.0,0.0,0.0,numerical diagnostic,true,
uniform_classes,1.2,8.444,pooling,0.0,0.0,0.0,0.0,0.0,1.0000000000000002,0.5,0.0,0.0,0.0,analytical (pooling exists: e0 Delta_T/2 <= k),true,
uniform_classes,1.2,8.446,asymmetric_discontinuity,1.0,-0.18118118447,0.09712500000000206,0.0625000000000046,0.5278750000000387,0.611499999999992,0.40883074407192965,0.0,0.0,0.16536009238146762,rejected,false,Psi sign change without root at a region boundary
uniform_classes,1.2,8.446,full_orders,1.0,-1.0,0.10228499939381976,0.07406950536730882,0.6255910423322902,0.5908600024247213,0.34478891394703975,0.0,0.0,0.0,numerical diagnostic,true,
uniform_classes,1.2,8.446,pooling,0.0,0.0,0.0,0.0,0.0,1.0000000000000002,0.5,0.0,0.0,0.0,analytical (pooling exists: e0 Delta_T/2 <= k),true,
uniform_classes,1.2,8.448,asymmetric_discontinuity,1.0,-0.18841446541,0.0,0.0,0.0,1.0,0.5,0.0,0.0,0.02,rejected,false,Psi sign change without root at a region boundary
uniform_classes,1.2,8.448,full_orders,1.0,-1.0,0.10214184088371227,0.0739773234011435,0.6249604280928603,0.5914326364651512,0.345078532722216,0.0,0.0,0.0,numerical diagnostic,true,
uniform_classes,1.2,8.448,pooling,0.0,0.0,0.0,0.0,0.0,1.0000000000000002,0.5,0.0,0.0,0.0,analytical (pooling exists: e0 Delta_T/2 <= k),true,
uniform_classes,1.2,8.45,asymmetric_discontinuity,1.0,-0.195674001511,0.0,0.0,0.0,1.0,0.5,0.0,0.0,0.02,rejected,false,Psi sign change without root at a region boundary
uniform_classes,1.2,8.45,full_orders,1.0,-1.0,0.10199808758611274,0.07388463908025043,0.6243252002281161,0.5920076496555493,0.3453695975009127,0.0,0.0,0.0,numerical diagnostic,true,
uniform_classes,1.2,8.45,pooling,0.0,0.0,0.0,0.0,0.0,1.0000000000000002,0.5,0.0,0.0,0.0,analytical (pooling exists: e0 Delta_T/2 <= k),true,
uniform_classes,1.2,8.452,asymmetric_discontinuity,1.0,-0.202959984068,0.0,0.0,0.0,1.0,0.5,0.0,0.0,0.02,rejected,false,Psi sign change without root at a region boundary
uniform_classes,1.2,8.452,full_orders,1.0,-1.0,0.10185373441702214,0.07379144782527025,0.6236853170191842,0.5925850623319117,0.34566211961682874,0.0,0.0,0.0,numerical diagnostic,true,
uniform_classes,1.2,8.452,pooling,0.0,0.0,0.0,0.0,0.0,1.0000000000000002,0.5,0.0,0.0,0.0,analytical (pooling exists: e0 Delta_T/2 <= k),true,
uniform_classes,1.2,8.454,asymmetric_discontinuity,1.0,-0.210272606474,0.0,0.0,0.0,1.0000000000000002,0.5,0.0,0.0,0.02,rejected,false,Psi sign change without root at a region boundary
uniform_classes,1.2,8.454,full_orders,1.0,-1.0,0.10170877622917729,0.07369774499818783,0.62304073621468,0.5931648950832911,0.34595611053218817,0.0,0.0,0.0,numerical diagnostic,true,
uniform_classes,1.2,8.454,pooling,0.0,0.0,0.0,0.0,0.0,1.0000000000000002,0.5,0.0,0.0,0.0,analytical (pooling exists: e0 Delta_T/2 <= k),true,
uniform_classes,1.2,8.456,asymmetric_discontinuity,1.0,-0.217612064252,0.0,0.0,0.0,1.0000000000000002,0.4999999999999999,0.0,0.0,0.02,rejected,false,Psi sign change without root at a region boundary
uniform_classes,1.2,8.456,full_orders,1.0,-1.0,0.10156320781102113,0.07360352590136209,0.6223914150219177,0.5937471687559157,0.34625158183965404,0.0,0.0,0.0,numerical diagnostic,true,
uniform_classes,1.2,8.456,pooling,0.0,0.0,0.0,0.0,0.0,1.0000000000000002,0.5,0.0,0.0,0.0,analytical (pooling exists: e0 Delta_T/2 <= k),true,
uniform_classes,1.2,8.458,asymmetric_discontinuity,1.0,-0.224978555085,0.09637500000000014,0.06250000000000029,0.5286250000000025,0.6144999999999997,0.4068348250610236,0.0,0.0,0.1531255051143009,rejected,false,Psi sign change without root at a region boundary
uniform_classes,1.2,8.458,full_orders,1.0,-1.0,0.10141702388565407,0.07350878577653719,0.6217373100979515,0.5943319044573839,0.3465485452642732,0.0,0.0,0.0,numerical diagnostic,true,
uniform_classes,1.2,8.458,pooling,0.0,0.0,0.0,0.0,0.0,1.0000000000000002,0.5,0.0,0.0,0.0,analytical (pooling exists: e0 Delta_T/2 <= k),true,
uniform_classes,1.2,8.460,asymmetric_discontinuity,1.0,-0.232372278848,0.09625000000000261,0.0625000000000057,0.5287500000000483,0.6149999999999897,0.4065040650406203,0.0,0.0,0.15109960090339764,rejected,false,Psi sign change without root at a region boundary
uniform_classes,1.2,8.460,full_orders,1.0,-1.0,0.10127021910976317,0.073413519803833,0.6210783775404272,0.5949191235609477,0.34684701266545964,0.0,0.0,0.0,numerical diagnostic,true,
uniform_classes,1.2,8.460,pooling,0.0,0.0,0.0,0.0,0.0,1.0000000000000002,0.5,0.0,0.0,0.0,analytical (pooling exists: e0 Delta_T/2 <= k),true,
uniform_classes,1.2,8.462,asymmetric_discontinuity,1.0,-0.239793437641,0.09612500000000215,0.06250000000000462,0.5288750000000391,0.6154999999999916,0.40617384240452487,0.0,0.0,0.14907762898526467,rejected,false,Psi sign change without root at a region boundary
uniform_classes,1.2,8.462,full_orders,1.0,-1.0,0.10112278807253056,0.07331772310071545,0.6204145728782541,0.5955088477098781,0.34714699603901317,0.0,0.0,0.0,numerical diagnostic,true,
uniform_classes,1.2,8.462,pooling,0.0,0.0,0.0,0.0,0.0,1.0000000000000002,0.5,0.0,0.0,0.0,analytical (pooling exists: e0 Delta_T/2 <= k),true,
uniform_classes,1.2,8.464,asymmetric_discontinuity,1.0,-0.247242235823,0.09600000000000242,0.06250000000000518,0.5290000000000439,0.6159999999999907,0.4058441558441286,0.0,0.0,0.14705965183302944,rejected,false,Psi sign change without root at a region boundary
uniform_classes,1.2,8.464,full_orders,1.0,-1.0,0.10097472529451855,0.07322139072094509,0.6197458510620792,0.596101098821926,0.3474485075191772,0.0,0.0,0.0,numerical diagnostic,true,
uniform_classes,1.2,8.464,pooling,0.0,0.0,0.0,0.0,0.0,1.0000000000000002,0.5,0.0,0.0,0.0,analytical (pooling exists: e0 Delta_T/2 <= k),true,
uniform_classes,1.2,8.466,asymmetric_discontinuity,1.0,-0.254718880044,0.09587500000000088,0.06250000000000183,0.5291250000000155,0.6164999999999966,0.40551500405514046,0.0,0.0,0.14504573258979436,rejected,false,Psi sign change without root at a region boundary
uniform_classes,1.2,8.466,full_orders,1.0,-1.0,0.10082602522653324,0.07312451765350472,0.619072166454571,0.5966958990938673,0.34775155938073365,0.0,0.0,0.0,numerical diagnostic,true,
uniform_classes,1.2,8.466,pooling,0.0,0.0,0.0,0.0,0.0,1.0000000000000002,0.5,0.0,0.0,0.0,analytical (pooling exists: e0 Delta_T/2 <= k),true,
uniform_classes,1.2,8.468,asymmetric_discontinuity,1.0,-0.262223579281,0.09575000000000017,0.06250000000000028,0.5292500000000023,0.6169999999999995,0.4051863857374379,0.0,0.0,0.14303593507654633,rejected,false,Psi sign change without root at a region boundary
uniform_classes,1.2,8.468,full_orders,1.0,-1.0,0.1006766822484641,0.0730270988215044,0.6183934728204993,0.5972932710061438,0.3480561640411384,0.0,0.0,0.0,numerical diagnostic,true,
uniform_classes,1.2,8.468,pooling,0.0,0.0,0.0,0.0,0.0,1.0000000000000002,0.5,0.0,0.0,0.0,analytical (pooling exists: e0 Delta_T/2 <= k),true,
uniform_classes,1.2,8.470,asymmetric_discontinuity,1.0,-0.269756544872,0.09562500000000043,0.06250000000000094,0.529375000000008,0.6174999999999986,0.4048582995951367,0.0,0.0,0.14103032380081476,rejected,false,Psi sign change without root at a region boundary
uniform_classes,1.2,8.470,full_orders,1.0,-1.0,0.10052669066810005,0.07292912908106393,0.6177097233166116,0.5978932373276001,0.3483623340626964,0.0,0.0,0.0,numerical diagnostic,true,
uniform_classes,1.2,8.470,pooling,0.0,0.0,0.0,0.0,0.0,1.0000000000000002,0.5,0.0,0.0,0.0,analytical (pooling exists: e0 Delta_T/2 <= k),true,
uniform_classes,1.2,8.472,asymmetric_discontinuity,1.0,-0.277317990552,0.09550000000000194,0.06250000000000396,0.5295000000000335,0.6179999999999924,0.4045307443365492,0.0,0.0,0.13902896396514317,rejected,false,Psi sign change without root at a region boundary
uniform_classes,1.2,8.472,full_orders,1.0,-1.0,0.10037604471992137,0.07283060322017225,0.6170208704812993,0.5984958211203149,0.34867008215477746,0.0,0.0,0.0,numerical diagnostic,true,
uniform_classes,1.2,8.472,pooling,0.0,0.0,0.0,0.0,0.0,1.0000000000000002,0.5,0.0,0.0,0.0,analytical (pooling exists: e0 Delta_T/2 <= k),true,
uniform_classes,1.2,8.474,asymmetric_discontinuity,1.0,-0.284908132489,0.09537500000000108,0.06250000000000228,0.5296250000000193,0.6184999999999959,0.4042037186741999,0.0,0.0,0.13703192147584564,rejected,false,Psi sign change without root at a region boundary
uniform_classes,1.2,8.474,full_orders,1.0,-1.0,0.10022473856386556,0.07273151595752222,0.6163268662240433,0.599101045744538,0.34897942117607694,0.0,0.0,0.0,numerical diagnostic,true,
uniform_classes,1.2,8.474,pooling,0.0,0.0,0.0,0.0,0.0,1.0000000000000002,0.5,0.0,0.0,0.0,analytical (pooling exists: e0 Delta_T/2 <= k),true,
uniform_classes,1.2,8.476,asymmetric_discontinuity,1.0,-0.292527189322,0.0,0.0,0.0,1.0,0.5,0.0,0.0,0.02,rejected,false,Psi sign change without root at a region boundary
uniform_classes,1.2,8.476,full_orders,1.0,-1.0,0.1000727662840694,0.07263186194132233,0.6156276618146481,0.5997089348637227,0.34929036413691444,0.0,0.0,0.0,numerical diagnostic,true,
uniform_classes,1.2,8.476,pooling,0.0,0.0,0.0,0.0,0.0,1.0000000000000002,0.5,0.0,0.0,0.0,analytical (pooling exists: e0 Delta_T/2 <= k),true,
uniform_classes,1.2,8.478,asymmetric_discontinuity,1.0,-0.300175382199,0.095125,0.06250000000000004,0.5298750000000003,0.6195000000000003,0.40355125100887784,0.0,0.0,0.13305105573232623,rejected,false,Psi sign change without root at a region boundary
uniform_classes,1.2,8.478,full_orders,1.0,-1.0,0.09992012188758337,0.07253163574808223,0.6149232078722412,0.6003195124496667,0.34960292420158146,0.0,0.0,0.0,numerical diagnostic,true,
uniform_classes,1.2,8.478,pooling,0.0,0.0,0.0,0.0,0.0,1.0000000000000002,0.5,0.0,0.0,0.0,analytical (pooling exists: e0 Delta_T/2 <= k),true,
uniform_classes,1.2,8.480,asymmetric_discontinuity,1.0,-0.307852934813,0.0,0.0,0.0,1.0000000000000002,0.4999999999999999,0.0,0.0,0.02,rejected,false,Psi sign change without root at a region boundary
uniform_classes,1.2,8.480,full_orders,1.0,-1.0,0.09976679930305887,0.07243083188137261,0.6142134543540398,0.6009328027877647,0.34991711469073267,0.0,0.0,0.0,numerical diagnostic,true,
uniform_classes,1.2,8.480,pooling,0.0,0.0,0.0,0.0,0.0,1.0000000000000002,0.5,0.0,0.0,0.0,analytical (pooling exists: e0 Delta_T/2 <= k),true,
uniform_classes,1.2,8.482,asymmetric_discontinuity,1.0,-0.315560073445,0.0,0.0,0.0,1.0000000000000002,0.5,0.0,0.0,0.02,rejected,false,Psi sign change without root at a region boundary
uniform_classes,1.2,8.482,full_orders,1.0,-1.0,0.09961279237940998,0.07232944477055996,0.6134983505438895,0.6015488304823604,0.3502329490838206,0.0,0.0,0.0,numerical diagnostic,true,
uniform_classes,1.2,8.482,pooling,0.0,0.0,0.0,0.0,0.0,1.0000000000000002,0.5,0.0,0.0,0.0,analytical (pooling exists: e0 Delta_T/2 <= k),true,
uniform_classes,1.2,8.484,asymmetric_discontinuity,1.0,-0.323297027001,0.0,0.0,0.0,1.0000000000000002,0.5,0.0,0.0,0.02,rejected,false,Psi sign change without root at a region boundary
uniform_classes,1.2,8.484,full_orders,1.0,-1.0,0.09945809488444418,0.07222746876951268,0.6127778450405456,0.6021676204622235,0.35055044102158267,0.0,0.0,0.0,numerical diagnostic,true,
uniform_classes,1.2,8.484,pooling,0.0,0.0,0.0,0.0,0.0,1.0000000000000002,0.5,0.0,0.0,0.0,analytical (pooling exists: e0 Delta_T/2 <= k),true,
uniform_classes,1.2,8.486,asymmetric_discontinuity,1.0,-0.331064027054,0.09462500000000038,0.06250000000000085,0.5303750000000073,0.6214999999999988,0.40225261464199064,0.0,0.0,0.1251441124698031,rejected,false,Psi sign change without root at a region boundary
uniform_classes,1.2,8.486,full_orders,1.0,-1.0,0.09930270050346661,0.07212489815528114,0.6120518857457158,0.6027891979861338,0.35086960430857095,0.0,0.0,0.0,numerical diagnostic,true,
uniform_classes,1.2,8.486,pooling,0.0,0.0,0.0,0.0,0.0,1.0000000000000002,0.5,0.0,0.0,0.0,analytical (pooling exists: e0 Delta_T/2 <= k),true,
uniform_classes,1.2,8.488,asymmetric_discontinuity,1.0,-0.338861307885,0.0,0.0,0.0,1.0000000000000004,0.4999999999999999,0.0,0.0,0.02,rejected,false,Psi sign change without root at a region boundary
uniform_classes,1.2,8.488,full_orders,1.0,-1.0,0.09914660283785331,0.07202172712674845,0.6113204198518408,0.603413588648587,0.3511904529157351,0.0,0.0,0.0,numerical diagnostic,true,
uniform_classes,1.2,8.488,pooling,0.0,0.0,0.0,0.0,0.0,1.0000000000000002,0.5,0.0,0.0,0.0,analytical (pooling exists: e0 Delta_T/2 <= k),true,
uniform_classes,1.2,8.490,asymmetric_discontinuity,1.0,-0.346689106527,0.0,0.0,0.0,1.0000000000000004,0.4999999999999998,0.0,0.0,0.02,rejected,false,Psi sign change without root at a region boundary
uniform_classes,1.2,8.490,full_orders,1.0,-1.0,0.09898979540359343,0.07191794980325186,0.6105833938296084,0.6040408183856265,0.351513000983056,0.0,0.0,0.0,numerical diagnostic,true,
uniform_classes,1.2,8.490,pooling,0.0,0.0,0.0,0.0,0.0,1.0000000000000002,0.5,0.0,0.0,0.0,analytical (pooling exists: e0 Delta_T/2 <= k),true,
uniform_classes,1.2,8.492,asymmetric_discontinuity,1.0,-0.354547662807,0.0,0.0,0.0,1.0000000000000002,0.4999999999999999,0.0,0.0,0.02,rejected,false,Psi sign change without root at a region boundary
uniform_classes,1.2,8.492,full_orders,1.0,-1.0,0.09883227162980245,0.07181356022317574,0.6098407534152085,0.6046709134807906,0.35183726282222744,0.0,0.0,0.0,numerical diagnostic,true,
uniform_classes,1.2,8.492,pooling,0.0,0.0,0.0,0.0,0.0,1.0000000000000002,0.5,0.0,0.0,0.0,analytical (pooling exists: e0 Delta_T/2 <= k),true,
uniform_classes,1.2,8.494,asymmetric_discontinuity,1.0,-0.362437219389,0.0,0.0,0.0,1.0000000000000002,0.4999999999999999,0.0,0.0,0.02,rejected,false,Psi sign change without root at a region boundary
uniform_classes,1.2,8.494,full_orders,1.0,-1.0,0.09867402485720125,0.0717085523425126,0.609092443597302,0.6053039005711952,0.3521632529193944,0.0,0.0,0.0,numerical diagnostic,true,
uniform_classes,1.2,8.494,pooling,0.0,0.0,0.0,0.0,0.0,1.0000000000000002,0.5,0.0,0.0,0.0,analytical (pooling exists: e0 Delta_T/2 <= k),true,
uniform_classes,1.2,8.496,asymmetric_discontinuity,1.0,-0.370358021822,0.09400000000000355,0.06250000000000722,0.5310000000000613,0.6239999999999861,0.4006410256409884,0.0,0.0,0.11536897962525179,rejected,false,Psi sign change without root at a region boundary
uniform_classes,1.2,8.496,full_orders,1.0,-1.0,0.09851504833656297,0.07160292003339311,0.6083384086037079,0.6059398066537485,0.3524909859379453,0.0,0.0,0.0,numerical diagnostic,true,
uniform_classes,1.2,8.496,pooling,0.0,0.0,0.0,0.0,0.0,1.0000000000000002,0.5,0.0,0.0,0.0,analytical (pooling exists: e0 Delta_T/2 <= k),true,
uniform_classes,1.2,8.498,asymmetric_discontinuity,1.0,-0.378310318581,0.09387500000000154,0.06250000000000296,0.531125000000025,0.6244999999999942,0.40032025620494904,0.0,0.0,0.11342915454488167,rejected,false,Psi sign change without root at a region boundary
uniform_classes,1.2,8.498,full_orders,1.0,-1.0,0.09835533522712725,0.07149665708258472,0.6075785918878049,0.6065786590914912,0.3528204767213567,0.0,0.0,0.0,numerical diagnostic,true,
uniform_classes,1.2,8.498,pooling,0.0,0.0,0.0,0.0,0.0,1.0000000000000002,0.5,0.0,0.0,0.0,analytical (pooling exists: e0 Delta_T/2 <= k),true,
uniform_classes,1.2,8.5,asymmetric_discontinuity,1.0,-0.38629436112,0.09375000000000089,0.06250000000000173,0.5312500000000148,0.6249999999999967,0.39999999999999125,0.0,0.0,0.11149457182218481,rejected,false,Psi sign change without root at a region boundary
uniform_classes,1.2,8.5,full_orders,1.0,-1.0,0.09819487859497797,0.07138975718995587,0.6068129361146248,0.6072204856200883,0.35315174029609925,0.0,0.0,0.0,numerical diagnostic,true,
uniform_classes,1.2,8.5,pooling,0.0,0.0,0.0,0.0,0.0,1.0000000000000002,0.5,0.0,0.0,0.0,analytical (pooling exists: e0 Delta_T/2 <= k),true,
uniform_classes,1.2,8.502,asymmetric_discontinuity,1.0,-0.394310403915,0.09362500000000018,0.06250000000000046,0.5313750000000039,0.6254999999999996,0.39968025579536115,0.0,0.0,0.10956530820389687,rejected,false,Psi sign change without root at a region boundary
uniform_classes,1.2,8.502,full_orders,1.0,-1.0,0.09803367141138766,0.07128221396690773,0.6060413831466496,0.6078653143544497,0.3534847918745972,0.0,0.0,0.0,numerical diagnostic,true,
uniform_classes,1.2,8.502,pooling,0.0,0.0,0.0,0.0,0.0,1.0000000000000002,0.5,0.0,0.0,0.0,analytical (pooling exists: e0 Delta_T/2 <= k),true,
uniform_classes,1.2,8.504,asymmetric_discontinuity,1.0,-0.402358704514,0.0,0.0,0.0,1.0000000000000002,0.4999999999999999,0.0,0.0,0.02,rejected,false,Psi sign change without root at a region boundary
uniform_classes,1.2,8.504,full_orders,1.0,-1.0,0.09787170655112436,0.07117402093477045,0.6052638740292878,0.6085131737955028,0.35381964685825107,0.0,0.0,0.0,numerical diagnostic,true,
uniform_classes,1.2,8.504,pooling,0.0,0.0,0.0,0.0,0.0,1.0000000000000002,0.5,0.0,0.0,0.0,analytical (pooling exists: e0 Delta_T/2 <= k),true,
uniform_classes,1.2,8.506,asymmetric_discontinuity,1.0,-0.410439523588,0.0,0.0,0.0,1.0000000000000004,0.4999999999999998,0.0,0.0,0.02,rejected,false,Psi sign change without root at a region boundary
uniform_classes,1.2,8.506,full_orders,1.0,-1.0,0.09770897679072059,0.07106517152316323,0.6044803489760264,0.6091640928371179,0.354156320840521,0.0,0.0,0.0,numerical diagnostic,true,
uniform_classes,1.2,8.506,pooling,0.0,0.0,0.0,0.0,0.0,1.0000000000000002,0.5,0.0,0.0,0.0,analytical (pooling exists: e0 Delta_T/2 <= k),true,
uniform_classes,1.2,8.508,asymmetric_discontinuity,1.0,-0.41855312498,0.09325000000000283,0.06250000000000543,0.5317500000000461,0.6269999999999889,0.3987240829345819,0.0,0.0,0.10381021227514009,rejected,false,Psi sign change without root at a region boundary
uniform_classes,1.2,8.508,full_orders,1.0,-1.0,0.09754547480670635,0.07095565906831945,0.6036907473532618,0.6098181007731749,0.3544948296100687,0.0,0.0,0.0,numerical diagnostic,true,
uniform_classes,1.2,8.508,pooling,0.0,0.0,0.0,0.0,0.0,1.0000000000000002,0.5,0.0,0.0,0.0,analytical (pooling exists: e0 Delta_T/2 <= k),true,
uniform_classes,1.2,8.510,asymmetric_discontinuity,1.0,-0.426699775755,0.09312500000000061,0.06250000000000114,0.5318750000000096,0.6274999999999978,0.39840637450198635,0.0,0.0,0.10190300973056163,rejected,false,Psi sign change without root at a region boundary
uniform_classes,1.2,8.510,full_orders,1.0,-1.0,0.09738119317379978,0.07084547681137206,0.6028950076647762,0.6104752273048012,0.35483518915396994,0.0,0.0,0.0,numerical diagnostic,true,
uniform_classes,1.2,8.510,pooling,0.0,0.0,0.0,0.0,0.0,1.0000000000000002,0.5,0.0,0.0,0.0,analytical (pooling exists: e0 Delta_T/2 <= k),true,
uniform_classes,1.2,8.512,asymmetric_discontinuity,1.0,-0.434879746258,0.09300000000000012,0.06250000000000029,0.5320000000000025,0.6279999999999998,0.39808917197452076,0.0,0.0,0.10000152301480003,rejected,false,Psi sign change without root at a region boundary
uniform_classes,1.2,8.512,full_orders,1.0,-1.0,0.09721612436306035,0.07073461789660226,0.6020930675358785,0.6111355025477588,0.3551774156609863,0.0,0.0,0.0,numerical diagnostic,true,
uniform_classes,1.2,8.512,pooling,0.0,0.0,0.0,0.0,0.0,1.0000000000000002,0.5,0.0,0.0,0.0,analytical (pooling exists: e0 Delta_T/2 <= k),true,
uniform_classes,1.2,8.514,asymmetric_discontinuity,1.0,-0.443093310163,0.0,0.0,0.0,1.0000000000000002,0.4999999999999999,0.0,0.0,0.02,rejected,false,Psi sign change without root at a region boundary
uniform_classes,1.2,8.514,full_orders,1.0,-1.0,0.09705026073999891,0.07062307536964758,0.6012848636971795,0.6117989570400046,0.3555215255249076,0.0,0.0,0.0,numerical diagnostic,true,
uniform_classes,1.2,8.514,pooling,0.0,0.0,0.0,0.0,0.0,1.0000000000000002,0.5,0.0,0.0,0.0,analytical (pooling exists: e0 Delta_T/2 <= k),true,
uniform_classes,1.2,8.516,asymmetric_discontinuity,1.0,-0.451340744531,0.0,0.0,0.0,1.0000000000000004,0.4999999999999998,0.0,0.0,0.02,rejected,false,Psi sign change without root at a region boundary
uniform_classes,1.2,8.516,full_orders,1.0,-1.0,0.09688359456264523,0.07051084217566904,0.6004703319679975,0.6124656217494194,0.35586753534796356,0.0,0.0,0.0,numerical diagnostic,true,
uniform_classes,1.2,8.516,pooling,0.0,0.0,0.0,0.0,0.0,1.0000000000000002,0.5,0.0,0.0,0.0,analytical (pooling exists: e0 Delta_T/2 <= k),true,
uniform_classes,1.2,8.518,asymmetric_discontinuity,1.0,-0.459622329863,0.0,0.0,0.0,1.0000000000000004,0.4999999999999999,0.0,0.0,0.02,rejected,false,Psi sign change without root at a region boundary
uniform_classes,1.2,8.518,full_orders,1.0,-1.0,0.0967161179795734,0.07039791115747769,0.599649407239395,0.6131355280817067,0.35621546194430315,0.0,0.0,0.0,numerical diagnostic,true,
uniform_classes,1.2,8.518,pooling,0.0,0.0,0.0,0.0,0.0,1.0000000000000002,0.5,0.0,0.0,0.0,analytical (pooling exists: e0 Delta_T/2 <= k),true,
uniform_classes,1.2,8.520,asymmetric_discontinuity,1.0,-0.46793835016,0.0,0.0,0.0,1.0000000000000002,0.4999999999999999,0.0,0.0,0.02,rejected,false,Psi sign change without root at a region boundary
uniform_classes,1.2,8.520,full_orders,1.0,-1.0,0.09654782302788098,0.0702842750536172,0.5988220234568186,0.6138087078884763,0.3565653223435482,0.0,0.0,0.0,numerical diagnostic,true,
uniform_classes,1.2,8.520,pooling,0.0,0.0,0.0,0.0,0.0,1.0000000000000002,0.5,0.0,0.0,0.0,analytical (pooling exists: e0 Delta_T/2 <= k),true,
uniform_classes,1.2,8.522,asymmetric_discontinuity,1.0,-0.476289092981,0.0,0.0,0.0,1.0,0.5,0.0,0.0,0.02,rejected,false,Psi sign change without root at a region boundary
uniform_classes,1.2,8.522,full_orders,1.0,-1.0,0.09637870163112197,0.07016992649640226,0.59798811360234,0.6144851934755124,0.3569171337944226,0.0,0.0,0.0,numerical diagnostic,true,
uniform_classes,1.2,8.522,pooling,0.0,0.0,0.0,0.0,0.0,1.0000000000000002,0.5,0.0,0.0,0.0,analytical (pooling exists: e0 Delta_T/2 <= k),true,
uniform_classes,1.2,8.524,asymmetric_discontinuity,1.0,-0.484674849501,0.0,0.0,0.0,1.0000000000000002,0.5,0.0,0.0,0.02,rejected,false,Psi sign change without root at a region boundary
uniform_classes,1.2,8.524,full_orders,1.0,-1.0,0.09620874559719457,0.07005485800991317,0.5971476096764997,0.615165017611222,0.3572709137684526,0.0,0.0,0.0,numerical diagnostic,true,
uniform_classes,1.2,8.524,pooling,0.0,0.0,0.0,0.0,0.0,1.0000000000000002,0.5,0.0,0.0,0.0,analytical (pooling exists: e0 Delta_T/2 <= k),true,
uniform_classes,1.2,8.526,asymmetric_discontinuity,1.0,-0.493095914574,0.0,0.0,0.0,1.0,0.5000000000000001,0.0,0.0,0.02,rejected,false,Psi sign change without root at a region boundary
uniform_classes,1.2,8.526,full_orders,1.0,-1.0,0.09603794661617737,0.06993906200794174,0.5963004426797113,0.6158482135352907,0.357626679963751,0.0,0.0,0.0,numerical diagnostic,true,
uniform_classes,1.2,8.526,pooling,0.0,0.0,0.0,0.0,0.0,1.0000000000000002,0.5,0.0,0.0,0.0,analytical (pooling exists: e0 Delta_T/2 <= k),true,
uniform_classes,1.2,8.528,asymmetric_discontinuity,1.0,-0.501552586793,0.0,0.0,0.0,1.0000000000000002,0.4999999999999999,0.0,0.0,0.02,rejected,false,Psi sign change without root at a region boundary
uniform_classes,1.2,8.528,full_orders,1.0,-1.0,0.09586629625811872,0.06982253079189157,0.5954465425932514,0.6165348149675254,0.3579844503088755,0.0,0.0,0.0,numerical diagnostic,true,
uniform_classes,1.2,8.528,pooling,0.0,0.0,0.0,0.0,0.0,1.0000000000000002,0.5,0.0,0.0,0.0,analytical (pooling exists: e0 Delta_T/2 <= k),true,
uniform_classes,1.2,8.530,asymmetric_discontinuity,1.0,-0.510045168556,0.0,0.0,0.0,1.0000000000000002,0.4999999999999999,0.0,0.0,0.02,rejected,false,Psi sign change without root at a region boundary
uniform_classes,1.2,8.530,full_orders,1.0,-1.0,0.09569378597077277,0.06970525654862778,0.5945858383597948,0.6172248561169092,0.35834424296677275,0.0,0.0,0.0,numerical diagnostic,true,
uniform_classes,1.2,8.530,pooling,0.0,0.0,0.0,0.0,0.0,1.0000000000000002,0.5,0.0,0.0,0.0,analytical (pooling exists: e0 Delta_T/2 <= k),true,
uniform_classes,1.2,8.532,asymmetric_discontinuity,1.0,-0.518573966129,0.09175000000000014,0.06250000000000028,0.5332500000000023,0.6329999999999998,0.3949447077409147,0.0,0.0,0.08131953714758541,rejected,false,Psi sign change without root at a region boundary
uniform_classes,1.2,8.532,full_orders,1.0,-1.0,0.09552040707728296,0.06958723134827625,0.593718257863493,0.6179183716908684,0.35870607633880564,0.0,0.0,0.0,numerical diagnostic,true,
uniform_classes,1.2,8.532,pooling,0.0,0.0,0.0,0.0,0.0,1.0000000000000002,0.5,0.0,0.0,0.0,analytical (pooling exists: e0 Delta_T/2 <= k),true,
uniform_classes,1.2,8.534,asymmetric_discontinuity,1.0,-0.527139289713,0.09162500000000016,0.06250000000000029,0.5333750000000025,0.6334999999999996,0.39463299131807283,0.0,0.0,0.07948654683601555,rejected,false,Psi sign change without root at a region boundary
uniform_classes,1.2,8.534,full_orders,1.0,-1.0,0.09534615077381325,0.06946844714197237,0.5928437279095923,0.6186153969047472,0.3590699690688641,0.0,0.0,0.0,numerical diagnostic,true,
uniform_classes,1.2,8.534,pooling,0.0,0.0,0.0,0.0,0.0,1.0000000000000002,0.5,0.0,0.0,0.0,analytical (pooling exists: e0 Delta_T/2 <= k),true,
uniform_classes,1.2,8.536,asymmetric_discontinuity,1.0,-0.535741453512,0.0915000000000019,0.06250000000000364,0.5335000000000311,0.6339999999999927,0.394321766561496,0.0,0.0,0.07766032018610297,rejected,false,Psi sign change without root at a region boundary
uniform_classes,1.2,8.536,full_orders,1.0,-1.0,0.09517100812712131,0.06934889575955465,0.5919621742035585,0.619315967491515,0.35943594004756774,0.0,0.0,0.0,numerical diagnostic,true,
uniform_classes,1.2,8.536,pooling,0.0,0.0,0.0,0.0,0.0,1.0000000000000002,0.5,0.0,0.0,0.0,analytical (pooling exists: e0 Delta_T/2 <= k),true,
uniform_classes,1.2,8.538,asymmetric_discontinuity,1.0,-0.544380775801,0.09137500000000169,0.06250000000000316,0.533625000000027,0.6344999999999934,0.39401103230888895,0.0,0.0,0.07584095112234579,rejected,false,Psi sign change without root at a region boundary
uniform_classes,1.2,8.538,full_orders,1.0,-1.0,0.09499497007207619,0.06922856890720476,0.5910735213297142,0.6200201197116955,0.3598040084165563,0.0,0.0,0.0,numerical diagnostic,true,
uniform_classes,1.2,8.538,pooling,0.0,0.0,0.0,0.0,0.0,1.0000000000000002,0.5,0.0,0.0,0.0,analytical (pooling exists: e0 Delta_T/2 <= k),true,
uniform_classes,1.2,8.540,asymmetric_discontinuity,1.0,-0.553057578998,0.09124999999999997,0.06250000000000006,0.5337500000000004,0.6350000000000002,0.39370078740157444,0.0,0.0,0.07402853465088327,rejected,false,Psi sign change without root at a region boundary
uniform_classes,1.2,8.540,full_orders,1.0,-1.0,0.09481802740911663,0.06910745816503072,0.5901776927293623,0.6207278903635337,0.3601741935728742,0.0,0.0,0.0,numerical diagnostic,true,
uniform_classes,1.2,8.540,pooling,0.0,0.0,0.0,0.0,0.0,1.0000000000000002,0.5,0.0,0.0,0.0,analytical (pooling exists: e0 Delta_T/2 <= k),true,
uniform_classes,1.2,8.542,asymmetric_discontinuity,1.0,-0.561772189736,0.09112500000000082,0.0625000000000015,0.5338750000000128,0.635499999999997,0.393391030684493,0.0,0.0,0.07222316687450331,rejected,false,Psi sign change without root at a region boundary
uniform_classes,1.2,8.542,full_orders,1.0,-1.0,0.09464017080164888,0.06898555498459204,0.5892746106783852,0.6214393167934047,0.36054651517345054,0.0,0.0,0.0,numerical diagnostic,true,
uniform_classes,1.2,8.542,pooling,0.0,0.0,0.0,0.0,0.0,1.0000000000000002,0.5,0.0,0.0,0.0,analytical (pooling exists: e0 Delta_T/2 <= k),true,
uniform_classes,1.2,8.544,asymmetric_discontinuity,1.0,-0.570524938935,0.0,0.0,0.0,1.0000000000000004,0.4999999999999999,0.0,0.0,0.02,rejected,false,Psi sign change without root at a region boundary
uniform_classes,1.2,8.544,full_orders,1.0,-1.0,0.09446139077338292,0.0688628506863656,0.5883641962643078,0.6221544369064687,0.3609209931396747,0.0,0.0,0.0,numerical diagnostic,true,
uniform_classes,1.2,8.544,pooling,0.0,0.0,0.0,0.0,0.0,1.0000000000000002,0.5,0.0,0.0,0.0,analytical (pooling exists: e0 Delta_T/2 <= k),true,
uniform_classes,1.2,8.546,asymmetric_discontinuity,1.0,-0.579316161882,0.09087500000000365,0.06250000000000662,0.5341250000000566,0.6364999999999857,0.39277297721913484,0.0,0.0,0.06863396739379471,rejected,false,Psi sign change without root at a region boundary
uniform_classes,1.2,8.546,full_orders,1.0,-1.0,0.0942816777056037,0.0687393364571496,0.5874463693628004,0.6228732891775856,0.3612976476620763,0.0,0.0,0.0,numerical diagnostic,true,
uniform_classes,1.2,8.546,pooling,0.0,0.0,0.0,0.0,0.0,1.0000000000000002,0.5,0.0,0.0,0.0,analytical (pooling exists: e0 Delta_T/2 <= k),true,
uniform_classes,1.2,8.548,asymmetric_discontinuity,1.0,-0.5881461983,0.09075000000000166,0.06250000000000298,0.5342500000000255,0.6369999999999935,0.39246467817894937,0.0,0.0,0.06685033351720976,rejected,false,Psi sign change without root at a region boundary
uniform_classes,1.2,8.548,full_orders,1.0,-1.0,0.09410102183437796,0.06861500334740499,0.5865210486136179,0.6235959126624884,0.3616764992051034,0.0,0.0,0.0,numerical diagnostic,true,
uniform_classes,1.2,8.548,pooling,0.0,0.0,0.0,0.0,0.0,1.0000000000000002,0.5,0.0,0.0,0.0,analytical (pooling exists: e0 Delta_T/2 <= k),true,
uniform_classes,1.2,8.55,asymmetric_discontinuity,1.0,-0.597015392435,0.0,0.0,0.0,1.0000000000000002,0.4999999999999999,0.0,0.0,0.02,rejected,false,Psi sign change without root at a region boundary
uniform_classes,1.2,8.55,full_orders,1.0,-1.0,0.09391941324769232,0.06848984226853157,0.585588151395945,0.624322347009231,0.3620575685120106,0.0,0.0,0.0,numerical diagnostic,true,
uniform_classes,1.2,8.55,pooling,0.0,0.0,0.0,0.0,0.0,1.0000000000000002,0.5,0.0,0.0,0.0,analytical (pooling exists: e0 Delta_T/2 <= k),true,
uniform_classes,1.2,8.552,asymmetric_discontinuity,1.0,-0.605924093134,0.0,0.0,0.0,1.0000000000000002,0.5,0.0,0.0,0.02,rejected,false,Psi sign change without root at a region boundary
uniform_classes,1.2,8.552,full_orders,1.0,-1.0,0.0937368418825231,0.06836384399007796,0.5846475938031467,0.6250526324699079,0.3624408766098508,0.0,0.0,0.0,numerical diagnostic,true,
uniform_classes,1.2,8.552,pooling,0.0,0.0,0.0,0.0,0.0,1.0000000000000002,0.5,0.0,0.0,0.0,analytical (pooling exists: e0 Delta_T/2 <= k),true,
uniform_classes,1.2,8.554,asymmetric_discontinuity,1.0,-0.614872653924,0.0,0.0,0.0,1.0,0.5,0.0,0.0,0.02,rejected,false,Psi sign change without root at a region boundary
uniform_classes,1.2,8.554,full_orders,1.0,-1.0,0.09355329752183222,0.06823699913688122,0.583699290616882,0.6257868099126714,0.36282644481458537,0.0,0.0,0.0,numerical diagnostic,true,
uniform_classes,1.2,8.554,pooling,0.0,0.0,0.0,0.0,0.0,1.0000000000000002,0.5,0.0,0.0,0.0,analytical (pooling exists: e0 Delta_T/2 <= k),true,
uniform_classes,1.2,8.556,asymmetric_discontinuity,1.0,-0.6238614331,0.09025000000000158,0.06250000000000278,0.5347500000000237,0.6389999999999939,0.391236306729251,0.0,0.0,0.05979126601233978,rejected,false,Psi sign change without root at a region boundary
uniform_classes,1.2,8.556,full_orders,1.0,-1.0,0.09336876979149285,0.06810929818613813,0.5827431552805978,0.6265249208340289,0.36321429473629946,0.0,0.0,0.0,numerical diagnostic,true,
uniform_classes,1.2,8.556,pooling,0.0,0.0,0.0,0.0,0.0,1.0000000000000002,0.5,0.0,0.0,0.0,analytical (pooling exists: e0 Delta_T/2 <= k),true,
uniform_classes,1.2,8.558,asymmetric_discontinuity,1.0,-0.632890793809,0.09012500000000104,0.06250000000000189,0.5348750000000161,0.6394999999999962,0.39093041438623,0.0,0.0,0.05804588425472418,rejected,false,Psi sign change without root at a region boundary
uniform_classes,1.2,8.558,full_orders,1.0,-1.0,0.093183248157136,0.06798073146440133,0.5817790998723466,0.6272670073714564,0.3636044482845432,0.0,0.0,0.0,numerical diagnostic,true,
uniform_classes,1.2,8.558,pooling,0.0,0.0,0.0,0.0,0.0,1.0000000000000002,0.5,0.0,0.0,0.0,analytical (pooling exists: e0 Delta_T/2 <= k),true,
uniform_classes,1.2,8.560,asymmetric_discontinuity,1.0,-0.64196110414,0.09000000000000297,0.0625000000000053,0.5350000000000454,0.6399999999999882,0.3906249999999742,0.0,0.0,0.05630846807196327,rejected,false,Psi sign change without root at a region boundary
uniform_classes,1.2,8.560,full_orders,1.0,-1.0,0.09299672192092105,0.06785128914450186,0.580807035076936,0.6280131123163161,0.36399692767378816,0.0,0.0,0.0,numerical diagnostic,true,
uniform_classes,1.2,8.560,pooling,0.0,0.0,0.0,0.0,0.0,1.0000000000000002,0.5,0.0,0.0,0.0,analytical (pooling exists: e0 Delta_T/2 <= k),true,
uniform_classes,1.2,8.562,asymmetric_discontinuity,1.0,-0.651072737211,0.0,0.0,0.0,1.0,0.5,0.0,0.0,0.02,rejected,false,Psi sign change without root at a region boundary
uniform_classes,1.2,8.562,full_orders,1.0,-1.0,0.09280918021822564,0.06772096124239425,0.5798268701573795,0.6287632791270977,0.36439175542900903,0.0,0.0,0.0,numerical diagnostic,true,
uniform_classes,1.2,8.562,pooling,0.0,0.0,0.0,0.0,0.0,1.0000000000000002,0.5,0.0,0.0,0.0,analytical (pooling exists: e0 Delta_T/2 <= k),true,
uniform_classes,1.2,8.564,asymmetric_discontinuity,1.0,-0.660226071266,0.0,0.0,0.0,1.0000000000000002,0.4999999999999999,0.0,0.0,0.02,rejected,false,Psi sign change without root at a region boundary
uniform_classes,1.2,8.564,full_orders,1.0,-1.0,0.09262061201425163,0.06758973761392129,0.5788385129256219,0.6295175519429937,0.36478895439139447,0.0,0.0,0.0,numerical diagnostic,true,
uniform_classes,1.2,8.564,pooling,0.0,0.0,0.0,0.0,0.0,1.0000000000000002,0.5,0.0,0.0,0.0,analytical (pooling exists: e0 Delta_T/2 <= k),true,
uniform_classes,1.2,8.566,asymmetric_discontinuity,1.0,-0.669421489763,0.0,0.0,0.0,1.0,0.5000000000000001,0.0,0.0,0.02,rejected,false,Psi sign change without root at a region boundary
uniform_classes,1.2,8.566,full_orders,1.0,-1.0,0.09243100610054801,0.06745760795149829,0.5778418697125344,0.6302759755978082,0.36518854772418435,0.0,0.0,0.0,numerical diagnostic,true,
uniform_classes,1.2,8.566,pooling,0.0,0.0,0.0,0.0,0.0,1.0000000000000002,0.5,0.0,0.0,0.0,analytical (pooling exists: e0 Delta_T/2 <= k),true,
uniform_classes,1.2,8.568,asymmetric_discontinuity,1.0,-0.678659381476,0.0,0.0,0.0,1.0000000000000002,0.4999999999999999,0.0,0.0,0.02,rejected,false,Psi sign change without root at a region boundary
uniform_classes,1.2,8.568,full_orders,1.0,-1.0,0.09224035109144448,0.06732456178071201,0.5768368453371405,0.6310385956342224,0.3655905589186449,0.0,0.0,0.0,numerical diagnostic,true,
uniform_classes,1.2,8.568,pooling,0.0,0.0,0.0,0.0,0.0,1.0000000000000002,0.5,0.0,0.0,0.0,analytical (pooling exists: e0 Delta_T/2 <= k),true,
uniform_classes,1.2,8.570,asymmetric_discontinuity,1.0,-0.687940140589,0.0,0.0,0.0,1.0000000000000002,0.5,0.0,0.0,0.02,rejected,false,Psi sign change without root at a region boundary
uniform_classes,1.2,8.570,full_orders,1.0,-1.0,0.09204863542039447,0.06719058845683241,0.5758233430750538,0.6318054583184224,0.3659950118001822,0.0,0.0,0.0,numerical diagnostic,true,
uniform_classes,1.2,8.570,pooling,0.0,0.0,0.0,0.0,0.0,1.0000000000000002,0.5,0.0,0.0,0.0,analytical (pooling exists: e0 Delta_T/2 <= k),true,
uniform_classes,1.2,8.572,asymmetric_discontinuity,1.0,-0.697264166801,0.08925000000000301,0.0625000000000051,0.5357500000000436,0.6429999999999881,0.38880248833590103,0.0,0.0,0.046057384030690124,rejected,false,Psi sign change without root at a region boundary
uniform_classes,1.2,8.572,full_orders,1.0,-1.0,0.09185584733622736,0.06705567716123648,0.574801264626119,0.6325766106550909,0.366401930534592,0.0,0.0,0.0,numerical diagnostic,true,
uniform_classes,1.2,8.572,pooling,0.0,0.0,0.0,0.0,0.0,1.0000000000000002,0.5,0.0,0.0,0.0,analytical (pooling exists: e0 Delta_T/2 <= k),true,
uniform_classes,1.2,8.574,asymmetric_discontinuity,1.0,-0.706631865425,0.0,0.0,0.0,1.0000000000000002,0.4999999999999999,0.0,0.0,0.02,rejected,false,Psi sign change without root at a region boundary
uniform_classes,1.2,8.574,full_orders,1.0,-1.0,0.09166197489930128,0.06691981689773735,0.5737705100812001,0.6333521004027952,0.36681133963446383,0.0,0.0,0.0,numerical diagnostic,true,
uniform_classes,1.2,8.574,pooling,0.0,0.0,0.0,0.0,0.0,1.0000000000000002,0.5,0.0,0.0,0.0,analytical (pooling exists: e0 Delta_T/2 <= k),true,
uniform_classes,1.2,8.576,asymmetric_discontinuity,1.0,-0.7160436475,0.0,0.0,0.0,1.0,0.5000000000000001,0.0,0.0,0.02,rejected,false,Psi sign change without root at a region boundary
uniform_classes,1.2,8.576,full_orders,1.0,-1.0,0.09146700597756087,0.06678299648882098,0.5727309778881288,0.6341319760897568,0.3672232639657261,0.0,0.0,0.0,numerical diagnostic,true,
uniform_classes,1.2,8.576,pooling,0.0,0.0,0.0,0.0,0.0,1.0000000000000002,0.5,0.0,0.0,0.0,analytical (pooling exists: e0 Delta_T/2 <= k),true,
uniform_classes,1.2,8.578,asymmetric_discontinuity,1.0,-0.725499929892,0.0,0.0,0.0,1.0000000000000002,0.5,0.0,0.0,0.02,rejected,false,Psi sign change without root at a region boundary
uniform_classes,1.2,8.578,full_orders,1.0,-1.0,0.09127092824249064,0.066645204571783,0.5716825648167545,0.6349162870300378,0.3676377287543502,0.0,0.0,0.0,numerical diagnostic,true,
uniform_classes,1.2,8.578,pooling,0.0,0.0,0.0,0.0,0.0,1.0000000000000002,0.5,0.0,0.0,0.0,analytical (pooling exists: e0 Delta_T/2 <= k),true,
uniform_classes,1.2,8.580,asymmetric_discontinuity,1.0,-0.735001135409,0.0,0.0,0.0,1.0000000000000004,0.4999999999999999,0.0,0.0,0.02,rejected,false,Psi sign change without root at a region boundary
uniform_classes,1.2,8.580,full_orders,1.0,-1.0,0.09107372916496338,0.06650642959476442,0.5706251659230788,0.6357050833401467,0.3680547595932151,0.0,0.0,0.0,numerical diagnostic,true,
uniform_classes,1.2,8.580,pooling,0.0,0.0,0.0,0.0,0.0,1.0000000000000002,0.5,0.0,0.0,0.0,analytical (pooling exists: e0 Delta_T/2 <= k),true,
uniform_classes,1.2,8.582,asymmetric_discontinuity,1.0,-0.744547692915,0.0886250000000019,0.06250000000000354,0.5363750000000305,0.6454999999999925,0.3872966692486272,0.0,0.0,0.037754431862913135,rejected,false,Psi sign change without root at a region boundary
uniform_classes,1.2,8.582,full_orders,1.0,-1.0,0.09087539601098264,0.06636665981268501,0.5695586745124628,0.6364984159560697,0.36847438244912667,0.0,0.0,0.0,numerical diagnostic,true,
uniform_classes,1.2,8.582,pooling,0.0,0.0,0.0,0.0,0.0,1.0000000000000002,0.5,0.0,0.0,0.0,analytical (pooling exists: e0 Delta_T/2 <= k),true,
uniform_classes,1.2,8.584,asymmetric_discontinuity,1.0,-0.754140037442,0.08850000000000235,0.06250000000000398,0.5365000000000342,0.6459999999999908,0.3869969040247488,0.0,0.0,0.03612140254551746,rejected,false,Psi sign change without root at a region boundary
uniform_classes,1.2,8.584,full_orders,1.0,-1.0,0.09067591583731131,0.06622588328306725,0.5684829821018492,0.637296336650755,0.3688966236700125,0.0,0.0,0.0,numerical diagnostic,true,
uniform_classes,1.2,8.584,pooling,0.0,0.0,0.0,0.0,0.0,1.0000000000000002,0.5,0.0,0.0,0.0,analytical (pooling exists: e0 Delta_T/2 <= k),true,
uniform_classes,1.2,8.586,asymmetric_discontinuity,1.0,-0.763778610314,0.08837500000000326,0.06250000000000555,0.5366250000000476,0.6464999999999872,0.38669760247483825,0.0,0.0,0.03449784753884383,rejected,false,Psi sign change without root at a region boundary
uniform_classes,1.2,8.586,full_orders,1.0,-1.0,0.09047527548698549,0.06608408786174998,0.5673979783809853,0.6380988980520583,0.36932150999228647,0.0,0.0,0.0,numerical diagnostic,true,
uniform_classes,1.2,8.586,pooling,0.0,0.0,0.0,0.0,0.0,1.0000000000000002,0.5,0.0,0.0,0.0,analytical (pooling exists: e0 Delta_T/2 <= k),true,
uniform_classes,1.2,8.588,asymmetric_discontinuity,1.0,-0.773463859265,0.0,0.0,0.0,1.0000000000000004,0.4999999999999999,0.0,0.0,0.02,rejected,false,Psi sign change without root at a region boundary
uniform_classes,1.2,8.588,full_orders,1.0,-1.0,0.0902734615847116,0.06594126119848899,0.5663035511726234,0.6389061536611539,0.3697490685483869,0.0,0.0,0.0,numerical diagnostic,true,
uniform_classes,1.2,8.588,pooling,0.0,0.0,0.0,0.0,0.0,1.0000000000000002,0.5,0.0,0.0,0.0,analytical (pooling exists: e0 Delta_T/2 <= k),true,
uniform_classes,1.2,8.590,asymmetric_discontinuity,1.0,-0.783196238568,0.08812500000000403,0.06250000000000679,0.5368750000000583,0.6474999999999841,0.38610038610035385,0.0,0.0,0.031279666531175254,rejected,false,Psi sign change without root at a region boundary
uniform_classes,1.2,8.590,full_orders,1.0,-1.0,0.09007046053213817,0.06579739073243755,0.5651995863916386,0.6397181578714476,0.3701793268745037,0.0,0.0,0.0,numerical diagnostic,true,
uniform_classes,1.2,8.590,pooling,0.0,0.0,0.0,0.0,0.0,1.0000000000000002,0.5,0.0,0.0,0.0,analytical (pooling exists: e0 Delta_T/2 <= k),true,
uniform_classes,1.2,8.592,asymmetric_discontinuity,1.0,-0.792976209156,0.08800000000000038,0.06250000000000072,0.5370000000000063,0.6479999999999986,0.38580246913579896,0.0,0.0,0.029685297461282345,rejected,false,Psi sign change without root at a region boundary
uniform_classes,1.2,8.592,full_orders,1.0,-1.0,0.08986625850300436,0.06565246368750746,0.5640859680030641,0.6405349659879828,0.37061231291848634,0.0,0.0,0.0,numerical diagnostic,true,
uniform_classes,1.2,8.592,pooling,0.0,0.0,0.0,0.0,0.0,1.0000000000000002,0.5,0.0,0.0,0.0,analytical (pooling exists: e0 Delta_T/2 <= k),true,
uniform_classes,1.2,8.594,asymmetric_discontinuity,1.0,-0.802804238761,0.08787500000000184,0.06250000000000304,0.537125000000026,0.6484999999999926,0.38550501156513617,0.0,0.0,0.02810091661158054,rejected,false,Psi sign change without root at a region boundary
uniform_classes,1.2,8.594,full_orders,1.0,-1.0,0.08966084143815634,0.06550646706760317,0.5629625779789816,0.6413566342473749,0.3710480550479493,0.0,0.0,0.0,numerical diagnostic,true,
uniform_classes,1.2,8.594,pooling,0.0,0.0,0.0,0.0,0.0,1.0000000000000002,0.5,0.0,0.0,0.0,analytical (pooling exists: e0 Delta_T/2 <= k),true,
uniform_classes,1.2,8.596,asymmetric_discontinuity,1.0,-0.812680802042,0.08775000000000022,0.06250000000000039,0.5372500000000033,0.6489999999999992,0.38520801232665464,0.0,0.0,0.02652665644959476,rejected,false,Psi sign change without root at a region boundary
uniform_classes,1.2,8.596,full_orders,1.0,-1.0,0.0894541950404287,0.065359387651726,0.5618292962542367,0.6421832198382855,0.37148658205857665,0.0,0.0,0.0,numerical diagnostic,true,
uniform_classes,1.2,8.596,pooling,0.0,0.0,0.0,0.0,0.0,1.0000000000000002,0.5,0.0,0.0,0.0,analytical (pooling exists: e0 Delta_T/2 <= k),true,
uniform_classes,1.2,8.598,asymmetric_discontinuity,1.0,-0.822606380726,0.0,0.0,0.0,1.0000000000000002,0.4999999999999999,0.0,0.0,0.02,rejected,false,Psi sign change without root at a region boundary
uniform_classes,1.2,8.598,full_orders,1.0,-1.0,0.08924630476938983,0.06521121198894629,0.5606860006809603,0.6430147809224409,0.37192792318262646,0.0,0.0,0.0,numerical diagnostic,true,
uniform_classes,1.2,8.598,pooling,0.0,0.0,0.0,0.0,0.0,1.0000000000000002,0.5,0.0,0.0,0.0,analytical (pooling exists: e0 Delta_T/2 <= k),true,
uniform_classes,1.2,8.6,asymmetric_discontinuity,1.0,-0.832581463748,0.0,0.0,0.0,1.0000000000000002,0.5,0.0,0.0,0.02,rejected,false,Psi sign change without root at a region boundary
uniform_classes,1.2,8.6,full_orders,1.0,-1.0,0.08903715583594161,0.06506192639323598,0.5595325669818294,0.6438513766562338,0.3723721080976506,0.0,0.0,0.0,numerical diagnostic,true,
uniform_classes,1.2,8.6,pooling,0.0,0.0,0.0,0.0,0.0,1.0000000000000002,0.5,0.0,0.0,0.0,analytical (pooling exists: e0 Delta_T/2 <= k),true,
uniform_classes,1.2,8.602,asymmetric_discontinuity,1.0,-0.842606547395,0.0,0.0,0.0,1.0000000000000002,0.5,0.0,0.0,0.02,rejected,false,Psi sign change without root at a region boundary
uniform_classes,1.2,8.602,full_orders,1.0,-1.0,0.08882673319677128,0.06491151693815832,0.5583688687020378,0.6446930672129151,0.3728191669354311,0.0,0.0,0.0,numerical diagnostic,true,
uniform_classes,1.2,8.602,pooling,0.0,0.0,0.0,0.0,0.0,1.0000000000000002,0.5,0.0,0.0,0.0,analytical (pooling exists: e0 Delta_T/2 <= k),true,
uniform_classes,1.2,8.604,asymmetric_discontinuity,1.0,-0.852682135455,0.0,0.0,0.0,1.0000000000000002,0.5,0.0,0.0,0.02,rejected,false,Psi sign change without root at a region boundary
uniform_classes,1.2,8.604,full_orders,1.0,-1.0,0.08861502154865297,0.0647599694514121,0.5571947771599497,0.6455399138053884,0.37326913029113523,0.0,0.0,0.0,numerical diagnostic,true,
uniform_classes,1.2,8.604,pooling,0.0,0.0,0.0,0.0,0.0,1.0000000000000002,0.5,0.0,0.0,0.0,analytical (pooling exists: e0 Delta_T/2 <= k),true,
uniform_classes,1.2,8.606,asymmetric_discontinuity,1.0,-0.862808739368,0.0,0.0,0.0,1.0,0.5,0.0,0.0,0.02,rejected,false,Psi sign change without root at a region boundary
uniform_classes,1.2,8.606,full_orders,1.0,-1.0,0.08840200532258807,0.06460726950922122,0.5560101613963577,0.646391978709648,0.37372202923270836,0.0,0.0,0.0,numerical diagnostic,true,
uniform_classes,1.2,8.606,pooling,0.0,0.0,0.0,0.0,0.0,1.0000000000000002,0.5,0.0,0.0,0.0,analytical (pooling exists: e0 Delta_T/2 <= k),true,
uniform_classes,1.2,8.608,asymmetric_discontinuity,1.0,-0.872986878383,0.0,0.0,0.0,1.0000000000000002,0.5,0.0,0.0,0.02,rejected,false,Psi sign change without root at a region boundary
uniform_classes,1.2,8.608,full_orders,1.0,-1.0,0.08818766867778623,0.06445340243056953,0.5548148881223426,0.6472493252888554,0.37417789531049533,0.0,0.0,0.0,numerical diagnostic,true,
uniform_classes,1.2,8.608,pooling,0.0,0.0,0.0,0.0,0.0,1.0000000000000002,0.5,0.0,0.0,0.0,analytical (pooling exists: e0 Delta_T/2 <= k),true,
uniform_classes,1.2,8.610,asymmetric_discontinuity,1.0,-0.883217079717,0.08687500000000109,0.06250000000000175,0.5381250000000151,0.6524999999999959,0.3831417624520992,0.0,0.0,0.015801693797988847,rejected,false,Psi sign change without root at a region boundary
uniform_classes,1.2,8.610,full_orders,1.0,-1.0,0.0879719954954757,0.06429835327127159,0.5536088216656484,0.6481120180180975,0.3746367605671121,0.0,0.0,0.0,numerical diagnostic,true,
uniform_classes,1.2,8.610,pooling,0.0,0.0,0.0,0.0,0.0,1.0000000000000002,0.5,0.0,0.0,0.0,analytical (pooling exists: e0 Delta_T/2 <= k),true,
uniform_classes,1.2,8.612,asymmetric_discontinuity,1.0,-0.893499878718,0.08675000000000255,0.06250000000000422,0.5382500000000363,0.6529999999999899,0.3828483920367337,0.0,0.0,0.014313370829705241,rejected,false,Psi sign change without root at a region boundary
uniform_classes,1.2,8.612,full_orders,1.0,-1.0,0.08775496937253977,0.0641421068178755,0.5523918239155438,0.6489801225098412,0.3750986575475689,0.0,0.0,0.0,numerical diagnostic,true,
uniform_classes,1.2,8.612,pooling,0.0,0.0,0.0,0.0,0.0,1.0000000000000002,0.5,0.0,0.0,0.0,analytical (pooling exists: e0 Delta_T/2 <= k),true,
uniform_classes,1.2,8.614,asymmetric_discontinuity,1.0,-0.903835819035,0.08662500000000371,0.06250000000000605,0.5383750000000521,0.6534999999999854,0.3825554705432004,0.0,0.0,0.012836437937045642,rejected,false,Psi sign change without root at a region boundary
uniform_classes,1.2,8.614,full_orders,1.0,-1.0,0.08753657361497587,0.06398464758139391,0.5511637542661272,0.6498537055400968,0.37556361930964727,0.0,0.0,0.0,numerical diagnostic,true,
uniform_classes,1.2,8.614,pooling,0.0,0.0,0.0,0.0,0.0,1.0000000000000002,0.5,0.0,0.0,0.0,analytical (pooling exists: e0 Delta_T/2 <= k),true,
uniform_classes,1.2,8.616,asymmetric_discontinuity,1.0,-0.914225452789,0.08650000000000173,0.0625000000000028,0.5385000000000242,0.6539999999999933,0.38226299694188304,0.0,0.0,0.011371045242656752,rejected,false,Psi sign change without root at a region boundary
uniform_classes,1.2,8.616,full_orders,1.0,-1.0,0.08731679123116576,0.06382595979085348,0.5499244695579936,0.6507328350753373,0.3760316794345517,0.0,0.0,0.0,numerical diagnostic,true,
uniform_classes,1.2,8.616,pooling,0.0,0.0,0.0,0.0,0.0,1.0000000000000002,0.5,0.0,0.0,0.0,analytical (pooling exists: e0 Delta_T/2 <= k),true,
uniform_classes,1.2,8.618,asymmetric_discontinuity,1.0,-0.924669340751,0.0,0.0,0.0,1.0000000000000002,0.5,0.0,0.0,0.02,rejected,false,Psi sign change without root at a region boundary
uniform_classes,1.2,8.618,full_orders,1.0,-1.0,0.08709560492495608,0.06366602738666037,0.548673824018239,0.651617580300176,0.37650287203783167,0.0,0.0,0.0,numerical diagnostic,true,
uniform_classes,1.2,8.618,pooling,0.0,0.0,0.0,0.0,0.0,1.0000000000000002,0.5,0.0,0.0,0.0,analytical (pooling exists: e0 Delta_T/2 <= k),true,
uniform_classes,1.2,8.620,asymmetric_discontinuity,1.0,-0.935168052523,0.0,0.0,0.0,1.0000000000000002,0.5,0.0,0.0,0.02,rejected,false,Psi sign change without root at a region boundary
uniform_classes,1.2,8.620,full_orders,1.0,-1.0,0.08687299708853971,0.06350483401377363,0.5474116691987286,0.6525080116458415,0.376977231780589,0.0,0.0,0.0,numerical diagnostic,true,
uniform_classes,1.2,8.620,pooling,0.0,0.0,0.0,0.0,0.0,1.0000000000000002,0.5,0.0,0.0,0.0,analytical (pooling exists: e0 Delta_T/2 <= k),true,
uniform_classes,1.2,8.622,asymmetric_discontinuity,1.0,-0.945722166725,0.0,0.0,0.0,1.0000000000000002,0.5,0.0,0.0,0.02,rejected,false,Psi sign change without root at a region boundary
uniform_classes,1.2,8.622,full_orders,1.0,-1.0,0.08664894979513038,0.06334236301467908,0.546137853912563,0.6534042008194788,0.3774547938809816,0.0,0.0,0.0,numerical diagnostic,true,
uniform_classes,1.2,8.622,pooling,0.0,0.0,0.0,0.0,0.0,1.0000000000000002,0.5,0.0,0.0,0.0,analytical (pooling exists: e0 Delta_T/2 <= k),true,
uniform_classes,1.2,8.624,asymmetric_discontinuity,1.0,-0.956332271184,0.0,0.0,0.0,1.0000000000000002,0.4999999999999999,0.0,0.0,0.02,rejected,false,Psi sign change without root at a region boundary
uniform_classes,1.2,8.624,full_orders,1.0,-1.0,0.08642344479142794,0.06317859742216014,0.5448522241687092,0.6543062208342885,0.37793559412602296,0.0,0.0,0.0,numerical diagnostic,true,
uniform_classes,1.2,8.624,pooling,0.0,0.0,0.0,0.0,0.0,1.0000000000000002,0.5,0.0,0.0,0.0,analytical (pooling exists: e0 Delta_T/2 <= k),true,
uniform_classes,1.2,8.626,asymmetric_discontinuity,1.0,-0.966998963135,0.0,0.0,0.0,1.0000000000000004,0.4999999999999998,0.0,0.0,0.02,rejected,false,Psi sign change without root at a region boundary
uniform_classes,1.2,8.626,full_orders,1.0,-1.0,0.08619646348986056,0.0630135199518539,0.5435546231046917,0.655214146040558,0.3784196688837005,0.0,0.0,0.0,numerical diagnostic,true,
uniform_classes,1.2,8.626,pooling,0.0,0.0,0.0,0.0,0.0,1.0000000000000002,0.5,0.0,0.0,0.0,analytical (pooling exists: e0 Delta_T/2 <= k),true,
uniform_classes,1.2,8.628,asymmetric_discontinuity,1.0,-0.977722849418,0.08575000000000026,0.06250000000000035,0.539250000000003,0.6569999999999993,0.3805175038051736,0.0,0.0,0.0028296863405493644,rejected,false,Psi sign change without root at a region boundary
uniform_classes,1.2,8.628,full_orders,1.0,-1.0,0.08596798696060198,0.06284711299458909,0.5422448909173146,0.6561280521575924,0.37890705511541056,0.0,0.0,0.0,numerical diagnostic,true,
uniform_classes,1.2,8.628,pooling,0.0,0.0,0.0,0.0,0.0,1.0000000000000002,0.5,0.0,0.0,0.0,analytical (pooling exists: e0 Delta_T/2 <= k),true,
uniform_classes,1.2,8.630,asymmetric_discontinuity,1.0,-0.988504546688,0.08562500000000259,0.06250000000000414,0.5393750000000357,0.6574999999999899,0.38022813688211005,0.0,0.0,0.0014494439703034434,rejected,false,Psi sign change without root at a region boundary
uniform_classes,1.2,8.630,full_orders,1.0,-1.0,0.08573799592335216,0.0626793586084955,0.5409228647913161,0.6570480163065917,0.37939779038872856,0.0,0.0,0.0,numerical diagnostic,true,
uniform_classes,1.2,8.630,pooling,0.0,0.0,0.0,0.0,0.0,1.0000000000000002,0.5,0.0,0.0,0.0,analytical (pooling exists: e0 Delta_T/2 <= k),true,
uniform_classes,1.2,8.632,full_orders,1.0,-1.0,0.08550647073887555,0.06251023851087895,0.539588378825907,0.6579741170444982,0.3798919128905186,0.0,0.0,0.0,numerical diagnostic,true,
uniform_classes,1.2,8.632,pooling,0.0,0.0,0.0,0.0,0.0,1.0000000000000002,0.5,0.0,0.0,0.0,analytical (pooling exists: e0 Delta_T/2 <= k),true,
uniform_classes,1.2,8.634,pooling,0.0,0.0,0.0,0.0,0.0,1.0000000000000002,0.5,0.0,0.0,0.0,analytical (pooling exists: e0 Delta_T/2 <= k),true,
uniform_classes,1.2,8.636,pooling,0.0,0.0,0.0,0.0,0.0,1.0000000000000002,0.5,0.0,0.0,0.0,analytical (pooling exists: e0 Delta_T/2 <= k),true,
uniform_classes,1.2,8.638,pooling,0.0,0.0,0.0,0.0,0.0,1.0000000000000002,0.5,0.0,0.0,0.0,analytical (pooling exists: e0 Delta_T/2 <= k),true,
uniform_classes,1.2,8.640,pooling,0.0,0.0,0.0,0.0,0.0,1.0000000000000002,0.5,0.0,0.0,0.0,analytical (pooling exists: e0 Delta_T/2 <= k),true,
uniform_classes,1.2,8.642,pooling,0.0,0.0,0.0,0.0,0.0,1.0000000000000002,0.5,0.0,0.0,0.0,analytical (pooling exists: e0 Delta_T/2 <= k),true,
uniform_classes,1.2,8.644,pooling,0.0,0.0,0.0,0.0,0.0,1.0000000000000002,0.5,0.0,0.0,0.0,analytical (pooling exists: e0 Delta_T/2 <= k),true,
uniform_classes,1.2,8.646,pooling,0.0,0.0,0.0,0.0,0.0,1.0000000000000002,0.5,0.0,0.0,0.0,analytical (pooling exists: e0 Delta_T/2 <= k),true,
uniform_classes,1.2,8.648,pooling,0.0,0.0,0.0,0.0,0.0,1.0000000000000002,0.5,0.0,0.0,0.0,analytical (pooling exists: e0 Delta_T/2 <= k),true,
uniform_classes,1.2,8.65,pooling,0.0,0.0,0.0,0.0,0.0,1.0000000000000002,0.5,0.0,0.0,0.0,analytical (pooling exists: e0 Delta_T/2 <= k),true,
uniform_classes,1.2,8.7,pooling,0.0,0.0,0.0,0.0,0.0,1.0000000000000002,0.5,0.0,0.0,0.0,analytical (pooling exists: e0 Delta_T/2 <= k),true,
uniform_classes,1.2,8.75,pooling,0.0,0.0,0.0,0.0,0.0,1.0000000000000002,0.5,0.0,0.0,0.0,analytical (pooling exists: e0 Delta_T/2 <= k),true,
uniform_classes,1.2,8.8,pooling,0.0,0.0,0.0,0.0,0.0,1.0000000000000002,0.5,0.0,0.0,0.0,analytical (pooling exists: e0 Delta_T/2 <= k),true,
uniform_classes,1.2,8.85,pooling,0.0,0.0,0.0,0.0,0.0,1.0000000000000002,0.5,0.0,0.0,0.0,analytical (pooling exists: e0 Delta_T/2 <= k),true,
uniform_classes,1.2,8.9,pooling,0.0,0.0,0.0,0.0,0.0,1.0000000000000002,0.5,0.0,0.0,0.0,analytical (pooling exists: e0 Delta_T/2 <= k),true,
uniform_classes,1.2,8.95,pooling,0.0,0.0,0.0,0.0,0.0,1.0000000000000002,0.5,0.0,0.0,0.0,analytical (pooling exists: e0 Delta_T/2 <= k),true,
uniform_classes,1.2,9,pooling,0.0,0.0,0.0,0.0,0.0,1.0000000000000002,0.5,0.0,0.0,0.0,analytical (pooling exists: e0 Delta_T/2 <= k),true,
uniform_classes,1.2,9.05,pooling,0.0,0.0,0.0,0.0,0.0,1.0000000000000002,0.5,0.0,0.0,0.0,analytical (pooling exists: e0 Delta_T/2 <= k),true,
uniform_classes,1.2,9.1,pooling,0.0,0.0,0.0,0.0,0.0,1.0000000000000002,0.5,0.0,0.0,0.0,analytical (pooling exists: e0 Delta_T/2 <= k),true,
uniform_classes,1.2,9.15,pooling,0.0,0.0,0.0,0.0,0.0,1.0000000000000002,0.5,0.0,0.0,0.0,analytical (pooling exists: e0 Delta_T/2 <= k),true,
uniform_classes,1.2,9.2,pooling,0.0,0.0,0.0,0.0,0.0,1.0000000000000002,0.5,0.0,0.0,0.0,analytical (pooling exists: e0 Delta_T/2 <= k),true,
uniform_classes,1.2,9.25,pooling,0.0,0.0,0.0,0.0,0.0,1.0000000000000002,0.5,0.0,0.0,0.0,analytical (pooling exists: e0 Delta_T/2 <= k),true,
uniform_classes,1.2,9.3,pooling,0.0,0.0,0.0,0.0,0.0,1.0000000000000002,0.5,0.0,0.0,0.0,analytical (pooling exists: e0 Delta_T/2 <= k),true,
uniform_classes,1.2,9.35,pooling,0.0,0.0,0.0,0.0,0.0,1.0000000000000002,0.5,0.0,0.0,0.0,analytical (pooling exists: e0 Delta_T/2 <= k),true,
uniform_classes,1.2,9.4,pooling,0.0,0.0,0.0,0.0,0.0,1.0000000000000002,0.5,0.0,0.0,0.0,analytical (pooling exists: e0 Delta_T/2 <= k),true,
uniform_classes,1.2,9.45,pooling,0.0,0.0,0.0,0.0,0.0,1.0000000000000002,0.5,0.0,0.0,0.0,analytical (pooling exists: e0 Delta_T/2 <= k),true,
uniform_classes,1.2,9.5,pooling,0.0,0.0,0.0,0.0,0.0,1.0000000000000002,0.5,0.0,0.0,0.0,analytical (pooling exists: e0 Delta_T/2 <= k),true,
uniform_classes,1.2,9.55,pooling,0.0,0.0,0.0,0.0,0.0,1.0000000000000002,0.5,0.0,0.0,0.0,analytical (pooling exists: e0 Delta_T/2 <= k),true,
uniform_classes,1.2,9.6,pooling,0.0,0.0,0.0,0.0,0.0,1.0000000000000002,0.5,0.0,0.0,0.0,analytical (pooling exists: e0 Delta_T/2 <= k),true,
uniform_classes,1.2,9.65,pooling,0.0,0.0,0.0,0.0,0.0,1.0000000000000002,0.5,0.0,0.0,0.0,analytical (pooling exists: e0 Delta_T/2 <= k),true,
uniform_classes,1.2,9.7,pooling,0.0,0.0,0.0,0.0,0.0,1.0000000000000002,0.5,0.0,0.0,0.0,analytical (pooling exists: e0 Delta_T/2 <= k),true,
uniform_classes,1.2,9.75,pooling,0.0,0.0,0.0,0.0,0.0,1.0000000000000002,0.5,0.0,0.0,0.0,analytical (pooling exists: e0 Delta_T/2 <= k),true,
uniform_classes,1.2,9.8,pooling,0.0,0.0,0.0,0.0,0.0,1.0000000000000002,0.5,0.0,0.0,0.0,analytical (pooling exists: e0 Delta_T/2 <= k),true,
uniform_classes,1.2,9.85,pooling,0.0,0.0,0.0,0.0,0.0,1.0000000000000002,0.5,0.0,0.0,0.0,analytical (pooling exists: e0 Delta_T/2 <= k),true,
uniform_classes,1.2,9.9,pooling,0.0,0.0,0.0,0.0,0.0,1.0000000000000002,0.5,0.0,0.0,0.0,analytical (pooling exists: e0 Delta_T/2 <= k),true,
uniform_classes,1.2,9.9499,pooling,0.0,0.0,0.0,0.0,0.0,1.0000000000000002,0.5,0.0,0.0,0.0,analytical (pooling exists: e0 Delta_T/2 <= k),true,
uniform_classes,1.2,9.95,pooling,0.0,0.0,0.0,0.0,0.0,1.0000000000000002,0.5,0.0,0.0,0.0,analytical (pooling exists: e0 Delta_T/2 <= k),true,
uniform_classes,1.2,9.9501,pooling,0.0,0.0,0.0,0.0,0.0,1.0000000000000002,0.5,0.0,0.0,0.0,analytical (pooling exists: e0 Delta_T/2 <= k),true,
uniform_classes,1.2,10,pooling,0.0,0.0,0.0,0.0,0.0,1.0000000000000002,0.5,0.0,0.0,0.0,analytical (pooling exists: e0 Delta_T/2 <= k),true,
uniform_classes,1.2,10.0499,pooling,0.0,0.0,0.0,0.0,0.0,1.0000000000000002,0.5,0.0,0.0,0.0,analytical (unique no trade: Delta_T < k),true,
uniform_classes,1.2,10.05,pooling,0.0,0.0,0.0,0.0,0.0,1.0000000000000002,0.5,0.0,0.0,0.0,analytical (unique no trade: Delta_T < k),true,
uniform_classes,3,0,full_orders,1.0,-1.0,0.5257360737051351,0.3262850268570343,0.6556090444580176,0.0,nan,2.220446049250313e-16,0.0,0.0,analytical (unique full orders: uniform derivative bound with entry floor),true,
uniform_classes,3,0,pooling,0.0,0.0,0.25000000000000006,0.12500000000000003,0.29164930555555557,0.0,nan,0.0,0.0,0.06335069444444451,rejected,false,epsilon_q=6.335e-02
uniform_classes,3,0.05,full_orders,1.0,-1.0,0.5257065278097204,0.3262643441392986,0.6791091090669545,0.0,nan,2.220446049250313e-16,0.0,0.0,analytical (unique full orders: uniform derivative bound with entry floor),true,
uniform_classes,3,0.05,pooling,0.0,0.0,0.25000000000000006,0.12500000000000003,0.32862847222222225,0.0,nan,0.0,0.0,0.06335069444444448,rejected,false,epsilon_q=6.335e-02
uniform_classes,3,0.1,full_orders,1.0,-1.0,0.5256178647800713,0.326202269378328,0.7021883398043655,0.0,nan,2.220446049250313e-16,0.0,0.0,analytical (unique full orders: uniform derivative bound with entry floor),true,
uniform_classes,3,0.1,pooling,0.0,0.0,0.25000000000000006,0.12500000000000003,0.3645659722222222,0.0,nan,0.0,0.0,0.06335069444444451,rejected,false,epsilon_q=6.335e-02
uniform_classes,3,0.15,full_orders,1.0,-1.0,0.5254700084621486,0.3260987226387666,0.724854168013814,0.0,nan,2.220446049250313e-16,0.0,0.0,analytical (unique full orders: uniform derivative bound with entry floor),true,
uniform_classes,3,0.15,pooling,0.0,0.0,0.25000000000000006,0.12500000000000003,0.39946180555555544,0.0,nan,0.0,0.0,0.06335069444444451,rejected,false,epsilon_q=6.335e-02
uniform_classes,3,0.2,full_orders,1.0,-1.0,0.525262831518866,0.3259535703205543,0.7471130816308621,0.0,nan,2.220446049250313e-16,0.0,0.0,analytical (unique full orders: uniform derivative bound with entry floor),true,
uniform_classes,3,0.2,pooling,0.0,0.0,0.25000000000000006,0.12500000000000003,0.4333159722222222,0.0,nan,0.0,0.0,0.06335069444444451,rejected,false,epsilon_q=6.335e-02
uniform_classes,3,0.25,full_orders,1.0,-1.0,0.5249961548063373,0.32576662459405503,0.768970632436013,0.0,nan,2.220446049250313e-16,0.0,0.0,analytical (unique full orders: uniform derivative bound with entry floor),true,
uniform_classes,3,0.25,pooling,0.0,0.0,0.25000000000000006,0.12500000000000003,0.4661284722222222,0.0,nan,0.0,0.0,0.06335069444444451,rejected,false,epsilon_q=6.335e-02
uniform_classes,3,0.3,full_orders,1.0,-1.0,0.5246697464941159,0.32553764260283863,0.7904314412210045,0.0,nan,2.220446049250313e-16,0.0,0.0,analytical (unique full orders: uniform derivative bound with entry floor),true,
uniform_classes,3,0.3,pooling,0.0,0.0,0.25000000000000006,0.12500000000000003,0.4978993055555555,0.0,nan,0.0,0.0,0.06335069444444451,rejected,false,epsilon_q=6.335e-02
uniform_classes,3,0.35,full_orders,1.0,-1.0,0.5242833209228204,0.3252663254276206,0.8114992008882584,0.0,nan,2.220446049250313e-16,0.0,0.0,analytical (unique full orders: uniform derivative bound with entry floor),true,
uniform_classes,3,0.35,pooling,0.0,0.0,0.25000000000000006,0.12500000000000003,0.5286284722222222,0.0,nan,0.0,0.0,0.06335069444444448,rejected,false,epsilon_q=6.335e-02
uniform_classes,3,0.4,full_orders,1.0,-1.0,0.5238365371904892,0.32495231680285147,0.8321766774846315,0.0,nan,2.220446049250313e-16,0.0,0.0,analytical (unique full orders: uniform derivative bound with entry floor),true,
uniform_classes,3,0.4,pooling,0.0,0.0,0.25000000000000006,0.12500000000000003,0.5583159722222222,0.0,nan,0.0,0.0,0.06335069444444451,rejected,false,epsilon_q=6.335e-02
uniform_classes,3,0.45,full_orders,1.0,-1.0,0.5233289974568391,0.32459520157532334,0.8524657091517474,0.0,nan,2.220446049250313e-16,0.0,0.0,analytical (unique full orders: uniform derivative bound with entry floor),true,
uniform_classes,3,0.45,pooling,0.0,0.0,0.25000000000000006,0.12500000000000003,0.5869618055555555,0.0,nan,0.0,0.0,0.06335069444444451,rejected,false,epsilon_q=6.335e-02
uniform_classes,3,0.5,full_orders,1.0,-1.0,0.5227602449522809,0.32419450389188703,0.8723672029559061,0.0,nan,2.220446049250313e-16,0.0,0.0,analytical (unique full orders: uniform derivative bound with entry floor),true,
uniform_classes,3,0.5,pooling,0.0,0.0,0.25000000000000006,0.12500000000000003,0.6145659722222222,0.0,nan,0.0,0.0,0.06335069444444451,rejected,false,epsilon_q=6.335e-02
uniform_classes,3,0.55,full_orders,1.0,-1.0,0.5221297616760338,0.3237496851009155,0.8918811295405734,0.0,nan,2.220446049250313e-16,0.0,0.0,analytical (unique full orders: uniform derivative bound with entry floor),true,
uniform_classes,3,0.55,pooling,0.0,0.0,0.25000000000000006,0.12500000000000003,0.6411284722222222,0.0,nan,0.0,0.0,0.06335069444444454,rejected,false,epsilon_q=6.335e-02
uniform_classes,3,0.6,full_orders,1.0,-1.0,0.5214369657649336,0.3232601413494706,0.9110065155235396,0.0,nan,2.220446049250313e-16,0.0,0.0,analytical (unique full orders: uniform derivative bound with entry floor),true,
uniform_classes,3,0.6,pooling,0.0,0.0,0.25000000000000006,0.12500000000000003,0.6666493055555556,0.0,nan,0.0,0.0,0.06335069444444454,rejected,false,epsilon_q=6.335e-02
uniform_classes,3,0.65,full_orders,1.0,-1.0,0.5206812085115267,0.32272520085519313,0.9297414335386829,0.0,nan,4.440892098500626e-16,0.0,0.0,analytical (unique full orders: uniform derivative bound with entry floor),true,
uniform_classes,3,0.65,pooling,0.0,0.0,0.25000000000000006,0.12500000000000003,0.6911284722222222,0.0,nan,0.0,0.0,0.06335069444444451,rejected,false,epsilon_q=6.335e-02
uniform_classes,3,0.7,full_orders,1.0,-1.0,0.5198617710066904,0.32214412082867605,0.9480829897985681,0.0,nan,2.220446049250313e-16,0.0,0.0,analytical (unique full orders: uniform derivative bound with entry floor),true,
uniform_classes,3,0.7,pooling,0.0,0.0,0.25000000000000006,0.12500000000000003,0.7145659722222222,0.0,nan,0.0,0.0,0.06335069444444451,rejected,false,epsilon_q=6.335e-02
uniform_classes,3,0.75,full_orders,1.0,-1.0,0.5189778603783123,0.32151608401846593,0.9660273090285202,0.0,nan,2.220446049250313e-16,0.0,0.0,analytical (unique full orders: uniform derivative bound with entry floor),true,
uniform_classes,3,0.75,pooling,0.0,0.0,0.25000000000000006,0.12500000000000003,0.7369618055555556,0.0,nan,0.0,0.0,0.06335069444444451,rejected,false,epsilon_q=6.335e-02
uniform_classes,3,0.8,full_orders,1.0,-1.0,0.5180286055933898,0.32084019484677884,0.9835695165949132,0.0,nan,4.440892098500626e-16,0.0,0.0,analytical (unique full orders: uniform derivative bound with entry floor),true,
uniform_classes,3,0.8,pooling,0.0,0.0,0.25000000000000006,0.12500000000000003,0.7583159722222224,0.0,nan,0.0,0.0,0.06335069444444451,rejected,false,epsilon_q=6.335e-02
uniform_classes,3,0.85,full_orders,1.0,-1.0,0.517013052786228,0.32011547509946164,1.0007037176197722,0.0,nan,2.220446049250313e-16,0.0,0.0,analytical (unique full orders: uniform derivative bound with entry floor),true,
uniform_classes,3,0.85,pooling,0.0,0.0,0.25000000000000006,0.12500000000000003,0.7786284722222222,0.0,nan,0.0,0.0,0.06335069444444451,rejected,false,epsilon_q=6.335e-02
uniform_classes,3,0.9,full_orders,1.0,-1.0,0.5159301600701075,0.3193408591285736,1.0174229728398603,0.0,nan,2.220446049250313e-16,0.0,0.0,analytical (unique full orders: uniform derivative bound with entry floor),true,
uniform_classes,3,0.9,pooling,0.0,0.0,0.25000000000000006,0.12500000000000003,0.7978993055555555,0.0,nan,0.0,0.0,0.06335069444444454,rejected,false,epsilon_q=6.335e-02
uniform_classes,3,0.9499,full_orders,1.0,-1.0,0.5147811636630202,0.3185168916323511,1.0336871063168724,0.0,nan,4.440892098500626e-16,0.0,0.0,analytical (unique full orders: uniform derivative bound with entry floor),true,
uniform_classes,3,0.9499,pooling,0.0,0.0,0.25000000000000006,0.12500000000000003,0.8160930534722222,0.0,nan,0.0,0.0,0.06335069444444448,rejected,false,epsilon_q=6.335e-02
uniform_classes,3,0.95,full_orders,1.0,-1.0,0.5147787917837803,0.31851518852011534,1.0337192709306133,0.0,nan,2.220446049250313e-16,0.0,0.0,analytical (unique full orders: uniform derivative bound with entry floor),true,
uniform_classes,3,0.95,pooling,0.0,0.0,0.25000000000000006,0.12500000000000003,0.8161284722222222,0.0,nan,0.0,0.0,0.06335069444444451,rejected,false,epsilon_q=6.335e-02
uniform_classes,3,0.9501,full_orders,1.0,-1.0,0.5147764199601547,0.31851348543880065,1.0336923859304024,0.0,nan,2.220446049250313e-16,0.0,0.0,analytical (unique full orders: uniform derivative bound with entry floor),true,
uniform_classes,3,0.9501,pooling,0.0,0.0,0.25000000000000006,0.12500000000000003,0.8161262789925,0.0,nan,0.0,0.0,0.06338830225750006,rejected,false,epsilon_q=6.339e-02
uniform_classes,3,1,full_orders,1.0,-1.0,0.5136442169927091,0.3176994833222759,1.0186428711080968,0.0,nan,2.220446049250313e-16,0.0,0.0,analytical (unique full orders: uniform derivative bound with entry floor),true,
uniform_classes,3,1,pooling,0.0,0.0,0.25000000000000006,0.12500000000000003,0.8135329861111111,0.0,nan,0.0,0.0,0.08313368055555559,rejected,false,epsilon_q=8.313e-02
uniform_classes,3,1.0499,full_orders,1.0,-1.0,0.5126253298432437,0.31696520445475457,0.9999017221454884,0.0,nan,2.220446049250313e-16,0.0,0.0,analytical (unique full orders: uniform derivative bound with entry floor),true,
uniform_classes,3,1.0499,pooling,0.0,0.0,0.25000000000000006,0.12500000000000003,0.8076715551047222,0.0,nan,0.0,0.0,0.10510969281194447,rejected,false,epsilon_q=1.051e-01
uniform_classes,3,1.05,full_orders,1.0,-1.0,0.5126234128306207,0.31696382137325385,0.9998600261499704,0.0,nan,0.0,0.0,0.0,analytical (unique full orders: uniform derivative bound with entry floor),true,
uniform_classes,3,1.05,pooling,0.0,0.0,0.25000000000000006,0.12500000000000003,0.80765625,0.0,nan,0.0,0.0,0.10515625000000002,rejected,false,epsilon_q=1.052e-01
uniform_classes,3,1.0501,full_orders,1.0,-1.0,0.51262149597002,0.3169624383956127,0.999890224507278,0.0,nan,0.0,0.0,0.0,analytical (unique full orders: uniform derivative bound with entry floor),true,
uniform_classes,3,1.0501,pooling,0.0,0.0,0.25000000000000006,0.12500000000000003,0.8076868722916666,0.0,nan,0.0,0.0,0.105156875625,rejected,false,epsilon_q=1.052e-01
uniform_classes,3,1.1,full_orders,1.0,-1.0,0.5116375544805927,0.31625177673576454,1.01449970228611,0.0,nan,0.0,0.0,0.0,analytical (unique full orders: uniform derivative bound with entry floor),true,
uniform_classes,3,1.1,pooling,0.0,0.0,0.25000000000000006,0.12500000000000003,0.8222916666666666,0.0,nan,0.0,0.0,0.10562499999999998,rejected,false,epsilon_q=1.056e-01
uniform_classes,3,1.15,full_orders,1.0,-1.0,0.5105957256881297,0.31549764250297535,1.0282136576478005,0.0,nan,0.0,0.0,0.0,analytical (unique full orders: uniform derivative bound with entry floor),true,
uniform_classes,3,1.15,pooling,0.0,0.0,0.25000000000000006,0.12500000000000003,0.8355729166666667,0.0,nan,0.0,0.0,0.10640625,rejected,false,epsilon_q=1.064e-01
uniform_classes,3,1.1999,full_orders,1.0,-1.0,0.5094985860738722,0.31470163230410575,1.0409693691577167,0.0,nan,0.0,0.0,0.0,analytical (unique full orders: uniform derivative bound with entry floor),true,
uniform_classes,3,1.1999,pooling,0.0,0.0,0.25000000000000006,0.12500000000000003,0.8474774972916668,0.0,nan,0.0,0.0,0.10749750062499998,rejected,false,epsilon_q=1.075e-01
uniform_classes,3,1.2,full_orders,1.0,-1.0,0.5094963287026666,0.3146999925711226,1.0409939924225449,0.0,nan,0.0,0.0,0.0,analytical (unique full orders: uniform derivative bound with entry floor),true,
uniform_classes,3,1.2,pooling,0.0,0.0,0.25000000000000006,0.12500000000000003,0.8475,0.0,nan,0.0,0.0,0.10749999999999994,rejected,false,epsilon_q=1.075e-01
uniform_classes,3,1.2001,full_orders,1.0,-1.0,0.5094940710943354,0.31469835265795226,1.041018611918323,0.0,nan,0.0,0.0,0.0,analytical (unique full orders: uniform derivative bound with entry floor),true,
uniform_classes,3,1.2001,pooling,0.0,0.0,0.25000000000000006,0.12500000000000003,0.8475224972916667,0.0,nan,0.0,0.0,0.10750250062500001,rejected,false,epsilon_q=1.075e-01
uniform_classes,3,1.25,full_orders,1.0,-1.0,0.5083376390103203,0.3138572855123115,1.052831992351238,0.0,nan,0.0,0.0,0.0,analytical (unique full orders: uniform derivative bound with entry floor),true,
uniform_classes,3,1.25,pooling,0.0,0.0,0.25000000000000006,0.12500000000000003,0.8580729166666665,0.0,nan,0.0,0.0,0.10890625000000002,rejected,false,epsilon_q=1.089e-01
uniform_classes,3,1.252,full_orders,1.0,-1.0,0.5082900322963886,0.31382261692165797,1.0532857793208212,0.0,nan,0.0,0.0,0.0,analytical (unique full orders: uniform derivative bound with entry floor),true,
uniform_classes,3,1.252,pooling,0.0,0.0,0.25000000000000006,0.12500000000000003,0.8584676666666667,0.0,nan,0.0,0.0,0.10896900000000005,rejected,false,epsilon_q=1.090e-01
uniform_classes,3,1.254,full_orders,1.0,-1.0,0.5082423276321544,0.3137878734810756,1.0537380427038283,0.0,nan,0.0,0.0,0.0,analytical (unique full orders: uniform derivative bound with entry floor),true,
uniform_classes,3,1.254,pooling,0.0,0.0,0.25000000000000006,0.12500000000000003,0.8588602500000002,0.0,nan,0.0,0.0,0.10903224999999998,rejected,false,epsilon_q=1.090e-01
uniform_classes,3,1.256,full_orders,1.0,-1.0,0.5081945248934049,0.3137530550792864,1.054188781854791,0.0,nan,0.0,0.0,0.0,analytical (unique full orders: uniform derivative bound with entry floor),true,
uniform_classes,3,1.256,pooling,0.0,0.0,0.25000000000000006,0.12500000000000003,0.8592506666666666,0.0,nan,0.0,0.0,0.10909599999999998,rejected,false,epsilon_q=1.091e-01
uniform_classes,3,1.258,full_orders,1.0,-1.0,0.5081466239555474,0.31371816160466565,1.0546379961258587,0.0,nan,0.0,0.0,0.0,analytical (unique full orders: uniform derivative bound with entry floor),true,
uniform_classes,3,1.258,pooling,0.0,0.0,0.25000000000000006,0.12500000000000003,0.8596389166666667,0.0,nan,0.0,0.0,0.10916025,rejected,false,epsilon_q=1.092e-01
uniform_classes,3,1.260,full_orders,1.0,-1.0,0.5080986246936092,0.31368319294524094,1.0550856848667902,0.0,nan,0.0,0.0,0.0,analytical (unique full orders: uniform derivative bound with entry floor),true,
uniform_classes,3,1.260,pooling,0.0,0.0,0.25000000000000006,0.12500000000000003,0.8600250000000002,0.0,nan,0.0,0.0,0.10922499999999997,rejected,false,epsilon_q=1.092e-01
uniform_classes,3,1.262,full_orders,1.0,-1.0,0.5080505269822347,0.3136481489886906,1.0555318474249469,0.0,nan,0.0,0.0,0.0,analytical (unique full orders: uniform derivative bound with entry floor),true,
uniform_classes,3,1.262,pooling,0.0,0.0,0.25000000000000006,0.12500000000000003,0.8604089166666666,0.0,nan,0.0,0.0,0.10929024999999999,rejected,false,epsilon_q=1.093e-01
uniform_classes,3,1.264,full_orders,1.0,-1.0,0.5080023306956863,0.3136130296223432,1.0559764831452894,0.0,nan,2.220446049250313e-16,0.0,0.0,analytical (unique full orders: uniform derivative bound with entry floor),true,
uniform_classes,3,1.264,pooling,0.0,0.0,0.25000000000000006,0.12500000000000003,0.8607906666666667,0.0,nan,0.0,0.0,0.10935600000000002,rejected,false,epsilon_q=1.094e-01
uniform_classes,3,1.266,full_orders,1.0,-1.0,0.507954035707842,0.3135778347331762,1.0564195913703665,0.0,nan,0.0,0.0,0.0,analytical (unique full orders: uniform derivative bound with entry floor),true,
uniform_classes,3,1.266,pooling,0.0,0.0,0.25000000000000006,0.12500000000000003,0.86117025,0.0,nan,0.0,0.0,0.10942224999999996,rejected,false,epsilon_q=1.094e-01
uniform_classes,3,1.268,full_orders,1.0,-1.0,0.5079056418921936,0.31354256420781434,1.056861171440312,0.0,nan,0.0,0.0,0.0,analytical (unique full orders: uniform derivative bound with entry floor),true,
uniform_classes,3,1.268,pooling,0.0,0.0,0.25000000000000006,0.12500000000000003,0.8615476666666666,0.0,nan,0.0,0.0,0.10948900000000002,rejected,false,epsilon_q=1.095e-01
uniform_classes,3,1.270,full_orders,1.0,-1.0,0.5078571491218471,0.3135072179325294,1.0573012226928369,0.0,nan,0.0,0.0,0.0,analytical (unique full orders: uniform derivative bound with entry floor),true,
uniform_classes,3,1.270,pooling,0.0,0.0,0.25000000000000006,0.12500000000000003,0.8619229166666668,0.0,nan,0.0,0.0,0.10955624999999998,rejected,false,epsilon_q=1.096e-01
uniform_classes,3,1.272,full_orders,1.0,-1.0,0.5078085572695202,0.313471795793238,1.0577397444632215,0.0,nan,0.0,0.0,0.0,analytical (unique full orders: uniform derivative bound with entry floor),true,
uniform_classes,3,1.272,pooling,0.0,0.0,0.25000000000000006,0.12500000000000003,0.8622960000000002,0.0,nan,0.0,0.0,0.10962400000000001,rejected,false,epsilon_q=1.096e-01
uniform_classes,3,1.274,full_orders,1.0,-1.0,0.5077598662075414,0.3134362976755013,1.0581767360843108,0.0,nan,2.220446049250313e-16,0.0,0.0,analytical (unique full orders: uniform derivative bound with entry floor),true,
uniform_classes,3,1.274,pooling,0.0,0.0,0.25000000000000006,0.12500000000000003,0.8626669166666665,0.0,nan,0.0,0.0,0.10969225,rejected,false,epsilon_q=1.097e-01
uniform_classes,3,1.276,full_orders,1.0,-1.0,0.5077110758078494,0.3134007234645237,1.0586121968865072,0.0,nan,0.0,0.0,0.0,analytical (unique full orders: uniform derivative bound with entry floor),true,
uniform_classes,3,1.276,pooling,0.0,0.0,0.25000000000000006,0.12500000000000003,0.8630356666666666,0.0,nan,0.0,0.0,0.10976100000000001,rejected,false,epsilon_q=1.098e-01
uniform_classes,3,1.278,full_orders,1.0,-1.0,0.5076621859419903,0.31336507304515104,1.059046126197762,0.0,nan,0.0,0.0,0.0,analytical (unique full orders: uniform derivative bound with entry floor),true,
uniform_classes,3,1.278,pooling,0.0,0.0,0.25000000000000006,0.12500000000000003,0.8634022500000001,0.0,nan,0.0,0.0,0.10983025,rejected,false,epsilon_q=1.098e-01
uniform_classes,3,1.280,full_orders,1.0,-1.0,0.5076131964811185,0.31332934630187037,1.0594785233435702,0.0,nan,0.0,0.0,0.0,analytical (unique full orders: uniform derivative bound with entry floor),true,
uniform_classes,3,1.280,pooling,0.0,0.0,0.25000000000000006,0.12500000000000003,0.8637666666666666,0.0,nan,0.0,0.0,0.10990000000000001,rejected,false,epsilon_q=1.099e-01
uniform_classes,3,1.282,full_orders,1.0,-1.0,0.5075641072959935,0.3132935431188081,1.0599093876469647,0.0,nan,0.0,0.0,0.0,analytical (unique full orders: uniform derivative bound with entry floor),true,
uniform_classes,3,1.282,pooling,0.0,0.0,0.25000000000000006,0.12500000000000003,0.8641289166666666,0.0,nan,0.0,0.0,0.10997024999999998,rejected,false,epsilon_q=1.100e-01
uniform_classes,3,1.284,full_orders,1.0,-1.0,0.5075149182569801,0.31325766337972905,1.060338718428507,0.0,nan,0.0,0.0,0.0,analytical (unique full orders: uniform derivative bound with entry floor),true,
uniform_classes,3,1.284,pooling,0.0,0.0,0.25000000000000006,0.12500000000000003,0.8644890000000002,0.0,nan,0.0,0.0,0.11004100000000001,rejected,false,epsilon_q=1.100e-01
uniform_classes,3,1.286,full_orders,1.0,-1.0,0.5074656292340459,0.3132217069680353,1.0607665150062806,0.0,nan,0.0,0.0,0.0,analytical (unique full orders: uniform derivative bound with entry floor),true,
uniform_classes,3,1.286,pooling,0.0,0.0,0.25000000000000006,0.12500000000000003,0.8648469166666666,0.0,nan,0.0,0.0,0.11011225000000001,rejected,false,epsilon_q=1.101e-01
uniform_classes,3,1.288,full_orders,1.0,-1.0,0.507416240096761,0.3131856737667649,1.0611927766958869,0.0,nan,0.0,0.0,0.0,analytical (unique full orders: uniform derivative bound with entry floor),true,
uniform_classes,3,1.288,pooling,0.0,0.0,0.25000000000000006,0.12500000000000003,0.8652026666666668,0.0,nan,0.0,0.0,0.11018399999999999,rejected,false,epsilon_q=1.102e-01
uniform_classes,3,1.290,full_orders,1.0,-1.0,0.5073667507142965,0.31314956365859087,1.0616175028104347,0.0,nan,0.0,0.0,0.0,analytical (unique full orders: uniform derivative bound with entry floor),true,
uniform_classes,3,1.290,pooling,0.0,0.0,0.25000000000000006,0.12500000000000003,0.86555625,0.0,nan,0.0,0.0,0.11025624999999999,rejected,false,epsilon_q=1.103e-01
uniform_classes,3,1.292,full_orders,1.0,-1.0,0.5073171609554227,0.31311337652581983,1.0620406926605352,0.0,nan,0.0,0.0,0.0,analytical (unique full orders: uniform derivative bound with entry floor),true,
uniform_classes,3,1.292,pooling,0.0,0.0,0.25000000000000006,0.12500000000000003,0.8659076666666666,0.0,nan,0.0,0.0,0.110329,rejected,false,epsilon_q=1.103e-01
uniform_classes,3,1.294,full_orders,1.0,-1.0,0.5072674706885083,0.3130771122503906,1.0624623455542945,0.0,nan,2.220446049250313e-16,0.0,0.0,analytical (unique full orders: uniform derivative bound with entry floor),true,
uniform_classes,3,1.294,pooling,0.0,0.0,0.25000000000000006,0.12500000000000003,0.8662569166666667,0.0,nan,0.0,0.0,0.11040225,rejected,false,epsilon_q=1.104e-01
uniform_classes,3,1.296,full_orders,1.0,-1.0,0.5072176797815195,0.31304077071387365,1.062882460797307,0.0,nan,0.0,0.0,0.0,analytical (unique full orders: uniform derivative bound with entry floor),true,
uniform_classes,3,1.296,pooling,0.0,0.0,0.25000000000000006,0.12500000000000003,0.8666040000000002,0.0,nan,0.0,0.0,0.11047599999999998,rejected,false,epsilon_q=1.105e-01
uniform_classes,3,1.298,full_orders,1.0,-1.0,0.5071677881020179,0.31300435179746927,1.063301037692647,0.0,nan,0.0,0.0,0.0,analytical (unique full orders: uniform derivative bound with entry floor),true,
uniform_classes,3,1.298,pooling,0.0,0.0,0.25000000000000006,0.12500000000000003,0.8669489166666666,0.0,nan,0.0,0.0,0.11055025000000003,rejected,false,epsilon_q=1.106e-01
uniform_classes,3,1.3,full_orders,1.0,-1.0,0.507117795517159,0.3129678553820061,1.063718075540863,0.0,nan,1.1102230246251565e-16,0.0,0.0,analytical (unique full orders: uniform derivative bound with entry floor),true,
uniform_classes,3,1.3,pooling,0.0,0.0,0.25000000000000006,0.12500000000000003,0.8672916666666668,0.0,nan,0.0,0.0,0.11062499999999996,rejected,false,epsilon_q=1.106e-01
uniform_classes,3,1.302,full_orders,1.0,-1.0,0.5070677018936924,0.31293128134794135,1.0641335736399702,0.0,nan,0.0,0.0,0.0,analytical (unique full orders: uniform derivative bound with entry floor),true,
uniform_classes,3,1.302,pooling,0.0,0.0,0.25000000000000006,0.12500000000000003,0.8676322500000002,0.0,nan,0.0,0.0,0.11070024999999999,rejected,false,epsilon_q=1.107e-01
uniform_classes,3,1.304,full_orders,1.0,-1.0,0.5070175070979589,0.3128946295753575,1.0645475312854424,0.0,nan,0.0,0.0,0.0,analytical (unique full orders: uniform derivative bound with entry floor),true,
uniform_classes,3,1.304,pooling,0.0,0.0,0.25000000000000006,0.12500000000000003,0.8679706666666667,0.0,nan,0.0,0.0,0.11077600000000005,rejected,false,epsilon_q=1.108e-01
uniform_classes,3,1.306,full_orders,1.0,-1.0,0.5069672109958905,0.31285789994396324,1.0649599477702063,0.0,nan,0.0,0.0,0.0,analytical (unique full orders: uniform derivative bound with entry floor),true,
uniform_classes,3,1.306,pooling,0.0,0.0,0.25000000000000006,0.12500000000000003,0.8683069166666667,0.0,nan,0.0,0.0,0.11085225,rejected,false,epsilon_q=1.109e-01
uniform_classes,3,1.308,full_orders,1.0,-1.0,0.5069168134530071,0.31282109233308997,1.0653708223846332,0.0,nan,0.0,0.0,0.0,analytical (unique full orders: uniform derivative bound with entry floor),true,
uniform_classes,3,1.308,pooling,0.0,0.0,0.25000000000000006,0.12500000000000003,0.8686410000000002,0.0,nan,0.0,0.0,0.11092899999999999,rejected,false,epsilon_q=1.109e-01
uniform_classes,3,1.310,full_orders,1.0,-1.0,0.5068663143344176,0.31278420662169254,1.0657801544165315,0.0,nan,0.0,0.0,0.0,analytical (unique full orders: uniform derivative bound with entry floor),true,
uniform_classes,3,1.310,pooling,0.0,0.0,0.25000000000000006,0.12500000000000003,0.8689729166666667,0.0,nan,0.0,0.0,0.11100625000000004,rejected,false,epsilon_q=1.110e-01
uniform_classes,3,1.312,full_orders,1.0,-1.0,0.5068157135048171,0.3127472426883468,1.0661879431511407,0.0,nan,0.0,0.0,0.0,analytical (unique full orders: uniform derivative bound with entry floor),true,
uniform_classes,3,1.312,pooling,0.0,0.0,0.25000000000000006,0.12500000000000003,0.8693026666666667,0.0,nan,0.0,0.0,0.11108399999999997,rejected,false,epsilon_q=1.111e-01
uniform_classes,3,1.314,full_orders,1.0,-1.0,0.5067650108284858,0.31271020041124886,1.0665941878711227,0.0,nan,0.0,0.0,0.0,analytical (unique full orders: uniform derivative bound with entry floor),true,
uniform_classes,3,1.314,pooling,0.0,0.0,0.25000000000000006,0.12500000000000003,0.8696302500000002,0.0,nan,0.0,0.0,0.11116224999999998,rejected,false,epsilon_q=1.112e-01
uniform_classes,3,1.316,full_orders,1.0,-1.0,0.506714206169288,0.31267307966821367,1.0669988878565548,0.0,nan,0.0,0.0,0.0,analytical (unique full orders: uniform derivative bound with entry floor),true,
uniform_classes,3,1.316,pooling,0.0,0.0,0.25000000000000006,0.12500000000000003,0.8699556666666667,0.0,nan,0.0,0.0,0.11124100000000005,rejected,false,epsilon_q=1.112e-01
uniform_classes,3,1.318,full_orders,1.0,-1.0,0.5066632993906699,0.31263588033667367,1.0674020423849233,0.0,nan,0.0,0.0,0.0,analytical (unique full orders: uniform derivative bound with entry floor),true,
uniform_classes,3,1.318,pooling,0.0,0.0,0.25000000000000006,0.12500000000000003,0.8702789166666667,0.0,nan,0.0,0.0,0.11132025000000002,rejected,false,epsilon_q=1.113e-01
uniform_classes,3,1.320,full_orders,1.0,-1.0,0.5066122903556594,0.3125986022936776,1.067803650731114,0.0,nan,0.0,0.0,0.0,analytical (unique full orders: uniform derivative bound with entry floor),true,
uniform_classes,3,1.320,pooling,0.0,0.0,0.25000000000000006,0.12500000000000003,0.8706,0.0,nan,0.0,0.0,0.11139999999999996,rejected,false,epsilon_q=1.114e-01
uniform_classes,3,1.322,full_orders,1.0,-1.0,0.506561178926864,0.31256124541588937,1.0682037121674064,0.0,nan,0.0,0.0,0.0,analytical (unique full orders: uniform derivative bound with entry floor),true,
uniform_classes,3,1.322,pooling,0.0,0.0,0.25000000000000006,0.12500000000000003,0.8709189166666667,0.0,nan,0.0,0.0,0.11148025000000002,rejected,false,epsilon_q=1.115e-01
uniform_classes,3,1.324,full_orders,1.0,-1.0,0.5065099649664697,0.3125238095795866,1.0686022259634667,0.0,nan,0.0,0.0,0.0,analytical (unique full orders: uniform derivative bound with entry floor),true,
uniform_classes,3,1.324,pooling,0.0,0.0,0.25000000000000006,0.12500000000000003,0.8712356666666667,0.0,nan,0.0,0.0,0.11156099999999998,rejected,false,epsilon_q=1.116e-01
uniform_classes,3,1.326,full_orders,1.0,-1.0,0.25000000000000006,0.12500000000000003,0.8715502500000001,0.0,nan,0.0,0.0,0.0,analytical (unique full orders: uniform derivative bound with entry floor),true,
uniform_classes,3,1.326,pooling,0.0,0.0,0.25000000000000006,0.12500000000000003,0.8715502500000001,0.0,nan,0.0,0.0,0.11164224999999996,rejected,false,epsilon_q=1.116e-01
uniform_classes,3,1.328,full_orders,1.0,-1.0,0.25000000000000006,0.12500000000000003,0.8718626666666667,0.0,nan,1.1102230246251565e-16,0.0,0.0,analytical (unique full orders: uniform derivative bound with entry floor),true,
uniform_classes,3,1.328,pooling,0.0,0.0,0.25000000000000006,0.12500000000000003,0.8718626666666667,0.0,nan,0.0,0.0,0.111724,rejected,false,epsilon_q=1.117e-01
uniform_classes,3,1.330,full_orders,1.0,-1.0,0.25000000000000006,0.12500000000000003,0.8721729166666667,0.0,nan,0.0,0.0,0.0,analytical (unique full orders: uniform derivative bound with entry floor),true,
uniform_classes,3,1.330,pooling,0.0,0.0,0.25000000000000006,0.12500000000000003,0.8721729166666667,0.0,nan,0.0,0.0,0.11180625000000001,rejected,false,epsilon_q=1.118e-01
uniform_classes,3,1.332,full_orders,1.0,-1.0,0.25000000000000006,0.12500000000000003,0.8724810000000002,0.0,nan,0.0,0.0,0.0,analytical (unique full orders: uniform derivative bound with entry floor),true,
uniform_classes,3,1.332,pooling,0.0,0.0,0.25000000000000006,0.12500000000000003,0.8724810000000002,0.0,nan,0.0,0.0,0.11188899999999997,rejected,false,epsilon_q=1.119e-01
uniform_classes,3,1.334,full_orders,1.0,-1.0,0.25000000000000006,0.12500000000000003,0.8727869166666666,0.0,nan,1.1102230246251565e-16,0.0,0.0,analytical (unique full orders: uniform derivative bound with entry floor),true,
uniform_classes,3,1.334,pooling,0.0,0.0,0.25000000000000006,0.12500000000000003,0.8727869166666666,0.0,nan,0.0,0.0,0.11197225000000001,rejected,false,epsilon_q=1.120e-01
uniform_classes,3,1.336,full_orders,1.0,-1.0,0.25000000000000006,0.12500000000000003,0.8730906666666668,0.0,nan,0.0,0.0,0.0,analytical (unique full orders: uniform derivative bound with entry floor),true,
uniform_classes,3,1.336,pooling,0.0,0.0,0.25000000000000006,0.12500000000000003,0.8730906666666668,0.0,nan,0.0,0.0,0.112056,rejected,false,epsilon_q=1.121e-01
uniform_classes,3,1.338,full_orders,1.0,-1.0,0.25000000000000006,0.12500000000000003,0.8733922500000002,0.0,nan,1.1102230246251565e-16,0.0,0.0,analytical (unique full orders: uniform derivative bound with entry floor),true,
uniform_classes,3,1.338,pooling,0.0,0.0,0.25000000000000006,0.12500000000000003,0.8733922500000002,0.0,nan,0.0,0.0,0.11214024999999993,rejected,false,epsilon_q=1.121e-01
uniform_classes,3,1.340,full_orders,1.0,-1.0,0.25000000000000006,0.12500000000000003,0.8736916666666666,0.0,nan,0.0,0.0,0.0,analytical (unique full orders: uniform derivative bound with entry floor),true,
uniform_classes,3,1.340,pooling,0.0,0.0,0.25000000000000006,0.12500000000000003,0.8736916666666666,0.0,nan,0.0,0.0,0.11222500000000003,rejected,false,epsilon_q=1.122e-01
uniform_classes,3,1.342,full_orders,1.0,-1.0,0.25000000000000006,0.12500000000000003,0.8739889166666668,0.0,nan,0.0,0.0,0.0,analytical (unique full orders: uniform derivative bound with entry floor),true,
uniform_classes,3,1.342,pooling,0.0,0.0,0.25000000000000006,0.12500000000000003,0.8739889166666668,0.0,nan,0.0,0.0,0.11231025000000001,rejected,false,epsilon_q=1.123e-01
uniform_classes,3,1.344,full_orders,1.0,-1.0,0.25000000000000006,0.12500000000000003,0.8742840000000002,0.0,nan,1.1102230246251565e-16,0.0,0.0,analytical (unique full orders: uniform derivative bound with entry floor),true,
uniform_classes,3,1.344,pooling,0.0,0.0,0.25000000000000006,0.12500000000000003,0.8742840000000002,0.0,nan,0.0,0.0,0.11239599999999995,rejected,false,epsilon_q=1.124e-01
uniform_classes,3,1.346,full_orders,1.0,-1.0,0.25000000000000006,0.12500000000000003,0.8745769166666666,0.0,nan,0.0,0.0,0.0,analytical (unique full orders: uniform derivative bound with entry floor),true,
uniform_classes,3,1.346,pooling,0.0,0.0,0.25000000000000006,0.12500000000000003,0.8745769166666666,0.0,nan,0.0,0.0,0.11248225000000002,rejected,false,epsilon_q=1.125e-01
uniform_classes,3,1.348,full_orders,1.0,-1.0,0.25000000000000006,0.12500000000000003,0.8748676666666667,0.0,nan,0.0,0.0,0.0,analytical (unique full orders: uniform derivative bound with entry floor),true,
uniform_classes,3,1.348,pooling,0.0,0.0,0.25000000000000006,0.12500000000000003,0.8748676666666667,0.0,nan,0.0,0.0,0.11256899999999999,rejected,false,epsilon_q=1.126e-01
uniform_classes,3,1.35,full_orders,1.0,-1.0,0.25000000000000006,0.12500000000000003,0.8751562500000002,0.0,nan,0.0,0.0,0.0,analytical (unique full orders: uniform derivative bound with entry floor),true,
uniform_classes,3,1.35,pooling,0.0,0.0,0.25000000000000006,0.12500000000000003,0.8751562500000002,0.0,nan,0.0,0.0,0.11265624999999997,rejected,false,epsilon_q=1.127e-01
uniform_classes,3,1.4,full_orders,1.0,-1.0,0.25000000000000006,0.12500000000000003,0.8816666666666668,0.0,nan,0.0,0.0,0.0,analytical (unique full orders: uniform derivative bound with entry floor),true,
uniform_classes,3,1.4,pooling,0.0,0.0,0.25000000000000006,0.12500000000000003,0.8816666666666668,0.0,nan,0.0,0.0,0.11499999999999998,rejected,false,epsilon_q=1.150e-01
uniform_classes,3,1.45,full_orders,1.0,-1.0,0.25000000000000006,0.12500000000000003,0.8868229166666666,0.0,nan,0.0,0.0,0.0,analytical (unique full orders: uniform derivative bound with entry floor),true,
uniform_classes,3,1.45,pooling,0.0,0.0,0.25000000000000006,0.12500000000000003,0.8868229166666666,0.0,nan,0.0,0.0,0.11765625,rejected,false,epsilon_q=1.177e-01
uniform_classes,3,1.5,full_orders,1.0,-1.0,0.25000000000000006,0.12500000000000003,0.890625,0.0,nan,0.0,0.0,0.0,analytical (unique full orders: uniform derivative bound with entry floor),true,
uniform_classes,3,1.5,pooling,0.0,0.0,0.25000000000000006,0.12500000000000003,0.890625,0.0,nan,0.0,0.0,0.120625,rejected,false,epsilon_q=1.206e-01
uniform_classes,3,1.55,full_orders,1.0,-1.0,0.25000000000000006,0.12500000000000003,0.8930729166666667,0.0,nan,0.0,0.0,0.0,analytical (unique full orders: uniform derivative bound with entry floor),true,
uniform_classes,3,1.55,pooling,0.0,0.0,0.25000000000000006,0.12500000000000003,0.8930729166666667,0.0,nan,0.0,0.0,0.12390625000000001,rejected,false,epsilon_q=1.239e-01
uniform_classes,3,1.6,full_orders,1.0,-1.0,0.25000000000000006,0.12500000000000003,0.8941666666666668,0.0,nan,1.1102230246251565e-16,0.0,0.0,analytical (unique full orders: uniform derivative bound with entry floor),true,
uniform_classes,3,1.6,pooling,0.0,0.0,0.25000000000000006,0.12500000000000003,0.8941666666666668,0.0,nan,0.0,0.0,0.12749999999999997,rejected,false,epsilon_q=1.275e-01
uniform_classes,3,1.65,full_orders,1.0,-1.0,0.25000000000000006,0.12500000000000003,0.89390625,0.0,nan,0.0,0.0,0.0,analytical (unique full orders: uniform derivative bound with entry floor),true,
uniform_classes,3,1.65,pooling,0.0,0.0,0.25000000000000006,0.12500000000000003,0.89390625,0.0,nan,0.0,0.0,0.13140624999999997,rejected,false,epsilon_q=1.314e-01
uniform_classes,3,1.7,full_orders,1.0,-1.0,0.25000000000000006,0.12500000000000003,0.8922916666666667,0.0,nan,1.1102230246251565e-16,0.0,0.0,analytical (unique full orders: uniform derivative bound with entry floor),true,
uniform_classes,3,1.7,pooling,0.0,0.0,0.25000000000000006,0.12500000000000003,0.8922916666666667,0.0,nan,0.0,0.0,0.135625,rejected,false,epsilon_q=1.356e-01
uniform_classes,3,1.75,full_orders,1.0,-1.0,0.25000000000000006,0.12500000000000003,0.8893229166666666,0.0,nan,0.0,0.0,0.0,analytical (unique full orders: uniform derivative bound with entry floor),true,
uniform_classes,3,1.75,pooling,0.0,0.0,0.25000000000000006,0.12500000000000003,0.8893229166666666,0.0,nan,0.0,0.0,0.14015625,rejected,false,epsilon_q=1.402e-01
uniform_classes,3,1.8,full_orders,1.0,-1.0,0.25000000000000006,0.12500000000000003,0.8850000000000001,0.0,nan,0.0,0.0,0.0,analytical (unique full orders: uniform derivative bound with entry floor),true,
uniform_classes,3,1.8,pooling,0.0,0.0,0.25000000000000006,0.12500000000000003,0.8850000000000001,0.0,nan,0.0,0.0,0.145,rejected,false,epsilon_q=1.450e-01
uniform_classes,3,1.85,full_orders,1.0,-1.0,0.25000000000000006,0.12500000000000003,0.8793229166666666,0.0,nan,0.0,0.0,0.0,analytical (unique full orders: uniform derivative bound with entry floor),true,
uniform_classes,3,1.85,pooling,0.0,0.0,0.25000000000000006,0.12500000000000003,0.8793229166666666,0.0,nan,0.0,0.0,0.15015625000000002,rejected,false,epsilon_q=1.502e-01
uniform_classes,3,1.9,full_orders,1.0,-1.0,0.25000000000000006,0.12500000000000003,0.8722916666666667,0.0,nan,0.0,0.0,0.0,analytical (unique full orders: uniform derivative bound with entry floor),true,
uniform_classes,3,1.9,pooling,0.0,0.0,0.25000000000000006,0.12500000000000003,0.8722916666666667,0.0,nan,0.0,0.0,0.15562499999999999,rejected,false,epsilon_q=1.556e-01
uniform_classes,3,1.95,full_orders,1.0,-1.0,0.25000000000000006,0.12500000000000003,0.86390625,0.0,nan,0.0,0.0,0.0,analytical (unique full orders: uniform derivative bound with entry floor),true,
uniform_classes,3,1.95,pooling,0.0,0.0,0.25000000000000006,0.12500000000000003,0.86390625,0.0,nan,0.0,0.0,0.16140625,rejected,false,epsilon_q=1.614e-01
uniform_classes,3,2,full_orders,1.0,-1.0,0.25000000000000006,0.12500000000000003,0.8541666666666667,0.0,nan,0.0,0.0,0.0,analytical (unique full orders: uniform derivative bound with entry floor),true,
uniform_classes,3,2,pooling,0.0,0.0,0.25000000000000006,0.12500000000000003,0.8541666666666667,0.0,nan,0.0,0.0,0.1675,rejected,false,epsilon_q=1.675e-01
uniform_classes,3,2.05,full_orders,1.0,-1.0,0.25000000000000006,0.12500000000000003,0.8430729166666668,0.0,nan,0.0,0.0,0.0,analytical (unique full orders: uniform derivative bound with entry floor),true,
uniform_classes,3,2.05,pooling,0.0,0.0,0.25000000000000006,0.12500000000000003,0.8430729166666668,0.0,nan,0.0,0.0,0.17390624999999996,rejected,false,epsilon_q=1.739e-01
uniform_classes,3,2.1,full_orders,1.0,-1.0,0.25000000000000006,0.12500000000000003,0.830625,0.0,nan,0.0,0.0,0.0,analytical (unique full orders: uniform derivative bound with entry floor),true,
uniform_classes,3,2.1,pooling,0.0,0.0,0.25000000000000006,0.12500000000000003,0.830625,0.0,nan,0.0,0.0,0.180625,rejected,false,epsilon_q=1.806e-01
uniform_classes,3,2.15,full_orders,1.0,-1.0,0.25000000000000006,0.12500000000000003,0.8168229166666667,0.0,nan,0.0,0.0,0.0,analytical (unique full orders: uniform derivative bound with entry floor),true,
uniform_classes,3,2.15,pooling,0.0,0.0,0.25000000000000006,0.12500000000000003,0.8168229166666667,0.0,nan,0.0,0.0,0.18765625000000005,rejected,false,epsilon_q=1.877e-01
uniform_classes,3,2.2,full_orders,1.0,-1.0,0.25000000000000006,0.12500000000000003,0.8016666666666666,0.0,nan,0.0,0.0,0.0,analytical (unique full orders: uniform derivative bound with entry floor),true,
uniform_classes,3,2.2,pooling,0.0,0.0,0.25000000000000006,0.12500000000000003,0.8016666666666666,0.0,nan,0.0,0.0,0.19500000000000003,rejected,false,epsilon_q=1.950e-01
uniform_classes,3,2.25,full_orders,1.0,-1.0,0.25000000000000006,0.12500000000000003,0.78515625,0.0,nan,0.0,0.0,0.0,analytical (unique full orders: uniform derivative bound with entry floor),true,
uniform_classes,3,2.25,pooling,0.0,0.0,0.25000000000000006,0.12500000000000003,0.78515625,0.0,nan,0.0,0.0,0.20265625,rejected,false,epsilon_q=2.027e-01
uniform_classes,3,2.3,full_orders,1.0,-1.0,0.25000000000000006,0.12500000000000003,0.7672916666666667,0.0,nan,0.0,0.0,0.0,analytical (unique full orders: uniform derivative bound with entry floor),true,
uniform_classes,3,2.3,pooling,0.0,0.0,0.25000000000000006,0.12500000000000003,0.7672916666666667,0.0,nan,0.0,0.0,0.21062499999999998,rejected,false,epsilon_q=2.106e-01
uniform_classes,3,2.35,full_orders,1.0,-1.0,0.25000000000000006,0.12500000000000003,0.7480729166666666,0.0,nan,0.0,0.0,0.0,analytical (unique full orders: uniform derivative bound with entry floor),true,
uniform_classes,3,2.35,pooling,0.0,0.0,0.25000000000000006,0.12500000000000003,0.7480729166666666,0.0,nan,0.0,0.0,0.21890625,rejected,false,epsilon_q=2.189e-01
uniform_classes,3,2.4,full_orders,1.0,-1.0,0.25000000000000006,0.12500000000000003,0.7275000000000001,0.0,nan,0.0,0.0,0.0,analytical (unique full orders: uniform derivative bound with entry floor),true,
uniform_classes,3,2.4,pooling,0.0,0.0,0.25000000000000006,0.12500000000000003,0.7275000000000001,0.0,nan,0.0,0.0,0.22749999999999998,rejected,false,epsilon_q=2.275e-01
uniform_classes,3,2.45,full_orders,1.0,-1.0,0.25000000000000006,0.12500000000000003,0.7055729166666667,0.0,nan,0.0,0.0,0.0,analytical (unique full orders: uniform derivative bound with entry floor),true,
uniform_classes,3,2.45,pooling,0.0,0.0,0.25000000000000006,0.12500000000000003,0.7055729166666667,0.0,nan,0.0,0.0,0.23640625000000018,rejected,false,epsilon_q=2.364e-01
uniform_classes,3,2.5,full_orders,1.0,-1.0,0.25000000000000006,0.12500000000000003,0.6822916666666667,0.0,nan,0.0,0.0,0.0,analytical (unique full orders: uniform derivative bound with entry floor),true,
uniform_classes,3,2.5,pooling,0.0,0.0,0.25000000000000006,0.12500000000000003,0.6822916666666667,0.0,nan,0.0,0.0,0.24562500000000007,rejected,false,epsilon_q=2.456e-01
uniform_classes,3,2.55,full_orders,1.0,-1.0,0.25000000000000006,0.12500000000000003,0.65765625,0.0,nan,0.0,0.0,0.0,analytical (unique full orders: uniform derivative bound with entry floor),true,
uniform_classes,3,2.55,pooling,0.0,0.0,0.25000000000000006,0.12500000000000003,0.65765625,0.0,nan,0.0,0.0,0.2551562500000001,rejected,false,epsilon_q=2.552e-01
uniform_classes,3,2.6,full_orders,1.0,-1.0,0.25000000000000006,0.12500000000000003,0.6316666666666667,0.0,nan,0.0,0.0,0.0,analytical (unique full orders: uniform derivative bound with entry floor),true,
uniform_classes,3,2.6,pooling,0.0,0.0,0.25000000000000006,0.12500000000000003,0.6316666666666667,0.0,nan,0.0,0.0,0.265,rejected,false,epsilon_q=2.650e-01
uniform_classes,3,2.65,full_orders,1.0,-1.0,0.25000000000000006,0.12500000000000003,0.6043229166666668,0.0,nan,0.0,0.0,0.0,analytical (unique full orders: uniform derivative bound with entry floor),true,
uniform_classes,3,2.65,pooling,0.0,0.0,0.25000000000000006,0.12500000000000003,0.6043229166666668,0.0,nan,0.0,0.0,0.27515625,rejected,false,epsilon_q=2.752e-01
uniform_classes,3,2.7,full_orders,1.0,-1.0,0.25000000000000006,0.12500000000000003,0.575625,0.0,nan,0.0,0.0,0.0,analytical (unique full orders: uniform derivative bound with entry floor),true,
uniform_classes,3,2.7,pooling,0.0,0.0,0.25000000000000006,0.12500000000000003,0.575625,0.0,nan,0.0,0.0,0.28562499999999996,rejected,false,epsilon_q=2.856e-01
uniform_classes,3,2.75,full_orders,1.0,-1.0,0.25000000000000006,0.12500000000000003,0.5455729166666669,0.0,nan,0.0,0.0,0.0,analytical (unique full orders: uniform derivative bound with entry floor),true,
uniform_classes,3,2.75,pooling,0.0,0.0,0.25000000000000006,0.12500000000000003,0.5455729166666669,0.0,nan,0.0,0.0,0.29640625,rejected,false,epsilon_q=2.964e-01
uniform_classes,3,2.8,full_orders,1.0,-1.0,0.25000000000000006,0.12500000000000003,0.5141666666666669,0.0,nan,0.0,0.0,0.0,analytical (unique full orders: uniform derivative bound with entry floor),true,
uniform_classes,3,2.8,pooling,0.0,0.0,0.25000000000000006,0.12500000000000003,0.5141666666666669,0.0,nan,0.0,0.0,0.3075,rejected,false,epsilon_q=3.075e-01
uniform_classes,3,2.85,full_orders,1.0,-1.0,0.25000000000000006,0.12500000000000003,0.4814062499999999,0.0,nan,0.0,0.0,0.0,analytical (unique full orders: uniform derivative bound with entry floor),true,
uniform_classes,3,2.85,pooling,0.0,0.0,0.25000000000000006,0.12500000000000003,0.4814062499999999,0.0,nan,0.0,0.0,0.31890625000000006,rejected,false,epsilon_q=3.189e-01
uniform_classes,3,2.9,full_orders,1.0,-1.0,0.25000000000000006,0.12500000000000003,0.4472916666666666,0.0,nan,0.0,0.0,0.0,analytical (unique full orders: uniform derivative bound with entry floor),true,
uniform_classes,3,2.9,pooling,0.0,0.0,0.25000000000000006,0.12500000000000003,0.4472916666666666,0.0,nan,0.0,0.0,0.33062499999999995,rejected,false,epsilon_q=3.306e-01
uniform_classes,3,2.95,full_orders,1.0,-1.0,0.25000000000000006,0.12500000000000003,0.4118229166666666,0.0,nan,0.0,0.0,0.0,analytical (unique full orders: uniform derivative bound with entry floor),true,
uniform_classes,3,2.95,pooling,0.0,0.0,0.25000000000000006,0.12500000000000003,0.4118229166666666,0.0,nan,0.0,0.0,0.3426562500000001,rejected,false,epsilon_q=3.427e-01
uniform_classes,3,2.9999,full_orders,1.0,-1.0,0.25000000000000006,0.12500000000000003,0.37507499729166693,0.0,nan,0.0,0.0,0.0,analytical (unique full orders: uniform derivative bound with entry floor),true,
uniform_classes,3,2.9999,pooling,0.0,0.0,0.25000000000000006,0.12500000000000003,0.37507499729166693,0.0,nan,0.0,0.0,0.35497500062499987,rejected,false,epsilon_q=3.550e-01
uniform_classes,3,3,full_orders,1.0,-1.0,0.25000000000000006,0.12500000000000003,0.3750000000000001,0.0,nan,0.0,0.0,0.0,analytical (unique full orders: uniform derivative bound with entry floor),true,
uniform_classes,3,3,pooling,0.0,0.0,0.25000000000000006,0.12500000000000003,0.3750000000000001,0.0,nan,0.0,0.0,0.355,rejected,false,epsilon_q=3.550e-01
uniform_classes,3,3.0001,full_orders,1.0,-1.0,0.25000000000000006,0.12500000000000003,0.37501250000000014,0.0,nan,0.0,0.0,0.0,analytical (unique full orders: uniform derivative bound with entry floor),true,
uniform_classes,3,3.0001,pooling,0.0,0.0,0.25000000000000006,0.12500000000000003,0.37501250000000014,0.0,nan,0.0,0.0,0.35501250000000006,rejected,false,epsilon_q=3.550e-01
uniform_classes,3,3.05,full_orders,1.0,-1.0,0.25000000000000006,0.12500000000000003,0.3812500000000001,0.0,nan,0.0,0.0,0.0,analytical (unique full orders: uniform derivative bound with entry floor),true,
uniform_classes,3,3.05,pooling,0.0,0.0,0.25000000000000006,0.12500000000000003,0.3812500000000001,0.0,nan,0.0,0.0,0.36124999999999996,rejected,false,epsilon_q=3.612e-01
uniform_classes,3,3.1,full_orders,1.0,-1.0,0.25000000000000006,0.12500000000000003,0.3875000000000002,0.0,nan,0.0,0.0,0.0,analytical (unique full orders: uniform derivative bound with entry floor),true,
uniform_classes,3,3.1,pooling,0.0,0.0,0.25000000000000006,0.12500000000000003,0.3875000000000002,0.0,nan,0.0,0.0,0.36750000000000005,rejected,false,epsilon_q=3.675e-01
uniform_classes,3,3.15,full_orders,1.0,-1.0,0.25000000000000006,0.12500000000000003,0.39375000000000004,0.0,nan,0.0,0.0,0.0,analytical (unique full orders: uniform derivative bound with entry floor),true,
uniform_classes,3,3.15,pooling,0.0,0.0,0.25000000000000006,0.12500000000000003,0.39375000000000004,0.0,nan,0.0,0.0,0.37374999999999997,rejected,false,epsilon_q=3.737e-01
uniform_classes,3,3.2,full_orders,1.0,-1.0,0.25000000000000006,0.12500000000000003,0.40000000000000013,0.0,nan,0.0,0.0,0.0,analytical (unique full orders: uniform derivative bound with entry floor),true,
uniform_classes,3,3.2,pooling,0.0,0.0,0.25000000000000006,0.12500000000000003,0.40000000000000013,0.0,nan,0.0,0.0,0.38,rejected,false,epsilon_q=3.800e-01
uniform_classes,3,3.25,full_orders,1.0,-1.0,0.25000000000000006,0.12500000000000003,0.4062500000000001,0.0,nan,0.0,0.0,0.0,analytical (unique full orders: uniform derivative bound with entry floor),true,
uniform_classes,3,3.25,pooling,0.0,0.0,0.25000000000000006,0.12500000000000003,0.4062500000000001,0.0,nan,0.0,0.0,0.38625,rejected,false,epsilon_q=3.862e-01
uniform_classes,3,3.3,full_orders,1.0,-1.0,0.25000000000000006,0.12500000000000003,0.4125000000000001,0.0,nan,0.0,0.0,0.0,analytical (unique full orders: uniform derivative bound with entry floor),true,
uniform_classes,3,3.3,pooling,0.0,0.0,0.25000000000000006,0.12500000000000003,0.4125000000000001,0.0,nan,0.0,0.0,0.39249999999999996,rejected,false,epsilon_q=3.925e-01
uniform_classes,3,3.35,full_orders,1.0,-1.0,0.25000000000000006,0.12500000000000003,0.4187500000000002,0.0,nan,0.0,0.0,0.0,analytical (unique full orders: uniform derivative bound with entry floor),true,
uniform_classes,3,3.35,pooling,0.0,0.0,0.25000000000000006,0.12500000000000003,0.4187500000000002,0.0,nan,0.0,0.0,0.39875000000000005,rejected,false,epsilon_q=3.988e-01
uniform_classes,3,3.4,full_orders,1.0,-1.0,0.25000000000000006,0.12500000000000003,0.42500000000000004,0.0,nan,0.0,0.0,0.0,analytical (unique full orders: uniform derivative bound with entry floor),true,
uniform_classes,3,3.4,pooling,0.0,0.0,0.25000000000000006,0.12500000000000003,0.42500000000000004,0.0,nan,0.0,0.0,0.4049999999999999,rejected,false,epsilon_q=4.050e-01
uniform_classes,3,3.45,full_orders,1.0,-1.0,0.25000000000000006,0.12500000000000003,0.43125000000000013,0.0,nan,0.0,0.0,0.0,analytical (unique full orders: uniform derivative bound with entry floor),true,
uniform_classes,3,3.45,pooling,0.0,0.0,0.25000000000000006,0.12500000000000003,0.43125000000000013,0.0,nan,0.0,0.0,0.41125,rejected,false,epsilon_q=4.113e-01
uniform_classes,3,3.5,full_orders,1.0,-1.0,0.25000000000000006,0.12500000000000003,0.4375000000000001,0.0,nan,0.0,0.0,0.0,analytical (unique full orders: uniform derivative bound with entry floor),true,
uniform_classes,3,3.5,pooling,0.0,0.0,0.25000000000000006,0.12500000000000003,0.4375000000000001,0.0,nan,0.0,0.0,0.4175,rejected,false,epsilon_q=4.175e-01
uniform_classes,3,3.55,full_orders,1.0,-1.0,0.25000000000000006,0.12500000000000003,0.4437500000000001,0.0,nan,0.0,0.0,0.0,analytical (unique full orders: uniform derivative bound with entry floor),true,
uniform_classes,3,3.55,pooling,0.0,0.0,0.25000000000000006,0.12500000000000003,0.4437500000000001,0.0,nan,0.0,0.0,0.42374999999999996,rejected,false,epsilon_q=4.237e-01
uniform_classes,3,3.6,full_orders,1.0,-1.0,0.25000000000000006,0.12500000000000003,0.4500000000000002,0.0,nan,0.0,0.0,0.0,analytical (unique full orders: uniform derivative bound with entry floor),true,
uniform_classes,3,3.6,pooling,0.0,0.0,0.25000000000000006,0.12500000000000003,0.4500000000000002,0.0,nan,0.0,0.0,0.43000000000000005,rejected,false,epsilon_q=4.300e-01
uniform_classes,3,3.65,full_orders,1.0,-1.0,0.25000000000000006,0.12500000000000003,0.45625000000000004,0.0,nan,0.0,0.0,0.0,analytical (unique full orders: uniform derivative bound with entry floor),true,
uniform_classes,3,3.65,pooling,0.0,0.0,0.25000000000000006,0.12500000000000003,0.45625000000000004,0.0,nan,0.0,0.0,0.4362499999999999,rejected,false,epsilon_q=4.362e-01
uniform_classes,3,3.7,full_orders,1.0,-1.0,0.25000000000000006,0.12500000000000003,0.46250000000000013,0.0,nan,0.0,0.0,0.0,analytical (unique full orders: uniform derivative bound with entry floor),true,
uniform_classes,3,3.7,pooling,0.0,0.0,0.25000000000000006,0.12500000000000003,0.46250000000000013,0.0,nan,0.0,0.0,0.4425,rejected,false,epsilon_q=4.425e-01
uniform_classes,3,3.75,full_orders,1.0,-1.0,0.25000000000000006,0.12500000000000003,0.4687500000000001,0.0,nan,0.0,0.0,0.0,analytical (unique full orders: uniform derivative bound with entry floor),true,
uniform_classes,3,3.75,pooling,0.0,0.0,0.25000000000000006,0.12500000000000003,0.4687500000000001,0.0,nan,0.0,0.0,0.44875,rejected,false,epsilon_q=4.487e-01
uniform_classes,3,3.8,full_orders,1.0,-1.0,0.25000000000000006,0.12500000000000003,0.4750000000000001,0.0,nan,0.0,0.0,0.0,analytical (unique full orders: uniform derivative bound with entry floor),true,
uniform_classes,3,3.8,pooling,0.0,0.0,0.25000000000000006,0.12500000000000003,0.4750000000000001,0.0,nan,0.0,0.0,0.45499999999999996,rejected,false,epsilon_q=4.550e-01
uniform_classes,3,3.85,full_orders,1.0,-1.0,0.25000000000000006,0.12500000000000003,0.4812500000000002,0.0,nan,0.0,0.0,0.0,analytical (unique full orders: uniform derivative bound with entry floor),true,
uniform_classes,3,3.85,pooling,0.0,0.0,0.25000000000000006,0.12500000000000003,0.4812500000000002,0.0,nan,0.0,0.0,0.46125000000000005,rejected,false,epsilon_q=4.613e-01
uniform_classes,3,3.9,full_orders,1.0,-1.0,0.25000000000000006,0.12500000000000003,0.48750000000000004,0.0,nan,0.0,0.0,0.0,analytical (unique full orders: uniform derivative bound with entry floor),true,
uniform_classes,3,3.9,pooling,0.0,0.0,0.25000000000000006,0.12500000000000003,0.48750000000000004,0.0,nan,0.0,0.0,0.4674999999999999,rejected,false,epsilon_q=4.675e-01
uniform_classes,3,3.95,full_orders,1.0,-1.0,0.25000000000000006,0.12500000000000003,0.49375000000000013,0.0,nan,0.0,0.0,0.0,analytical (unique full orders: uniform derivative bound with entry floor),true,
uniform_classes,3,3.95,pooling,0.0,0.0,0.25000000000000006,0.12500000000000003,0.49375000000000013,0.0,nan,0.0,0.0,0.47375,rejected,false,epsilon_q=4.738e-01
uniform_classes,3,4,full_orders,1.0,-1.0,0.25000000000000006,0.12500000000000003,0.5000000000000001,0.0,nan,0.0,0.0,0.0,analytical (unique full orders: uniform derivative bound with entry floor),true,
uniform_classes,3,4,pooling,0.0,0.0,0.25000000000000006,0.12500000000000003,0.5000000000000001,0.0,nan,0.0,0.0,0.48,rejected,false,epsilon_q=4.800e-01
uniform_classes,3,4.05,full_orders,1.0,-1.0,0.25000000000000006,0.12500000000000003,0.5062500000000001,0.0,nan,0.0,0.0,0.0,analytical (unique full orders: uniform derivative bound with entry floor),true,
uniform_classes,3,4.05,pooling,0.0,0.0,0.25000000000000006,0.12500000000000003,0.5062500000000001,0.0,nan,0.0,0.0,0.48624999999999996,rejected,false,epsilon_q=4.862e-01
uniform_classes,3,4.1,full_orders,1.0,-1.0,0.25000000000000006,0.12500000000000003,0.5125000000000001,0.0,nan,0.0,0.0,0.0,analytical (unique full orders: uniform derivative bound with entry floor),true,
uniform_classes,3,4.1,pooling,0.0,0.0,0.25000000000000006,0.12500000000000003,0.5125000000000001,0.0,nan,0.0,0.0,0.49249999999999994,rejected,false,epsilon_q=4.925e-01
uniform_classes,3,4.15,full_orders,1.0,-1.0,0.25000000000000006,0.12500000000000003,0.5187500000000002,0.0,nan,0.0,0.0,0.0,analytical (unique full orders: uniform derivative bound with entry floor),true,
uniform_classes,3,4.15,pooling,0.0,0.0,0.25000000000000006,0.12500000000000003,0.5187500000000002,0.0,nan,0.0,0.0,0.49875,rejected,false,epsilon_q=4.988e-01
uniform_classes,3,4.2,full_orders,1.0,-1.0,0.25000000000000006,0.12500000000000003,0.5250000000000001,0.0,nan,0.0,0.0,0.0,analytical (unique full orders: uniform derivative bound with entry floor),true,
uniform_classes,3,4.2,pooling,0.0,0.0,0.25000000000000006,0.12500000000000003,0.5250000000000001,0.0,nan,0.0,0.0,0.505,rejected,false,epsilon_q=5.050e-01
uniform_classes,3,4.25,full_orders,1.0,-1.0,0.25000000000000006,0.12500000000000003,0.5312500000000001,0.0,nan,0.0,0.0,0.0,analytical (unique full orders: uniform derivative bound with entry floor),true,
uniform_classes,3,4.25,pooling,0.0,0.0,0.25000000000000006,0.12500000000000003,0.5312500000000001,0.0,nan,0.0,0.0,0.51125,rejected,false,epsilon_q=5.112e-01
uniform_classes,3,4.3,full_orders,1.0,-1.0,0.25000000000000006,0.12500000000000003,0.5375000000000001,0.0,nan,0.0,0.0,0.0,analytical (unique full orders: uniform derivative bound with entry floor),true,
uniform_classes,3,4.3,pooling,0.0,0.0,0.25000000000000006,0.12500000000000003,0.5375000000000001,0.0,nan,0.0,0.0,0.5175,rejected,false,epsilon_q=5.175e-01
uniform_classes,3,4.35,full_orders,1.0,-1.0,0.25000000000000006,0.12500000000000003,0.5437500000000001,0.0,nan,0.0,0.0,0.0,analytical (unique full orders: uniform derivative bound with entry floor),true,
uniform_classes,3,4.35,pooling,0.0,0.0,0.25000000000000006,0.12500000000000003,0.5437500000000001,0.0,nan,0.0,0.0,0.5237499999999999,rejected,false,epsilon_q=5.237e-01
uniform_classes,3,4.4,full_orders,1.0,-1.0,0.25000000000000006,0.12500000000000003,0.5500000000000002,0.0,nan,0.0,0.0,0.0,analytical (unique full orders: uniform derivative bound with entry floor),true,
uniform_classes,3,4.4,pooling,0.0,0.0,0.25000000000000006,0.12500000000000003,0.5500000000000002,0.0,nan,0.0,0.0,0.53,rejected,false,epsilon_q=5.300e-01
uniform_classes,3,4.45,full_orders,1.0,-1.0,0.25000000000000006,0.12500000000000003,0.5562500000000001,0.0,nan,0.0,0.0,0.0,analytical (unique full orders: uniform derivative bound with entry floor),true,
uniform_classes,3,4.45,pooling,0.0,0.0,0.25000000000000006,0.12500000000000003,0.5562500000000001,0.0,nan,0.0,0.0,0.5362500000000001,rejected,false,epsilon_q=5.363e-01
uniform_classes,3,4.5,full_orders,1.0,-1.0,0.25000000000000006,0.12500000000000003,0.5625000000000001,0.0,nan,0.0,0.0,0.0,analytical (unique full orders: uniform derivative bound with entry floor),true,
uniform_classes,3,4.5,pooling,0.0,0.0,0.25000000000000006,0.12500000000000003,0.5625000000000001,0.0,nan,0.0,0.0,0.5425,rejected,false,epsilon_q=5.425e-01
uniform_classes,3,4.55,full_orders,1.0,-1.0,0.25000000000000006,0.12500000000000003,0.5687500000000001,0.0,nan,0.0,0.0,0.0,analytical (unique full orders: uniform derivative bound with entry floor),true,
uniform_classes,3,4.55,pooling,0.0,0.0,0.25000000000000006,0.12500000000000003,0.5687500000000001,0.0,nan,0.0,0.0,0.54875,rejected,false,epsilon_q=5.487e-01
uniform_classes,3,4.6,full_orders,1.0,-1.0,0.25000000000000006,0.12500000000000003,0.5750000000000001,0.0,nan,0.0,0.0,0.0,analytical (unique full orders: uniform derivative bound with entry floor),true,
uniform_classes,3,4.6,pooling,0.0,0.0,0.25000000000000006,0.12500000000000003,0.5750000000000001,0.0,nan,0.0,0.0,0.5549999999999999,rejected,false,epsilon_q=5.550e-01
uniform_classes,3,4.65,full_orders,1.0,-1.0,0.25000000000000006,0.12500000000000003,0.5812500000000002,0.0,nan,0.0,0.0,0.0,analytical (unique full orders: uniform derivative bound with entry floor),true,
uniform_classes,3,4.65,pooling,0.0,0.0,0.25000000000000006,0.12500000000000003,0.5812500000000002,0.0,nan,0.0,0.0,0.56125,rejected,false,epsilon_q=5.613e-01
uniform_classes,3,4.7,full_orders,1.0,-1.0,0.25000000000000006,0.12500000000000003,0.5875000000000001,0.0,nan,0.0,0.0,0.0,analytical (unique full orders: uniform derivative bound with entry floor),true,
uniform_classes,3,4.7,pooling,0.0,0.0,0.25000000000000006,0.12500000000000003,0.5875000000000001,0.0,nan,0.0,0.0,0.5675,rejected,false,epsilon_q=5.675e-01
uniform_classes,3,4.75,full_orders,1.0,-1.0,0.25000000000000006,0.12500000000000003,0.5937500000000001,0.0,nan,0.0,0.0,0.0,analytical (unique full orders: uniform derivative bound with entry floor),true,
uniform_classes,3,4.75,pooling,0.0,0.0,0.25000000000000006,0.12500000000000003,0.5937500000000001,0.0,nan,0.0,0.0,0.57375,rejected,false,epsilon_q=5.737e-01
uniform_classes,3,4.8,full_orders,1.0,-1.0,0.25000000000000006,0.12500000000000003,0.6000000000000001,0.0,nan,0.0,0.0,0.0,analytical (unique full orders: uniform derivative bound with entry floor),true,
uniform_classes,3,4.8,pooling,0.0,0.0,0.25000000000000006,0.12500000000000003,0.6000000000000001,0.0,nan,0.0,0.0,0.5800000000000001,rejected,false,epsilon_q=5.800e-01
uniform_classes,3,4.85,full_orders,1.0,-1.0,0.25000000000000006,0.12500000000000003,0.6062500000000001,0.0,nan,0.0,0.0,0.0,analytical (unique full orders: uniform derivative bound with entry floor),true,
uniform_classes,3,4.85,pooling,0.0,0.0,0.25000000000000006,0.12500000000000003,0.6062500000000001,0.0,nan,0.0,0.0,0.5862499999999999,rejected,false,epsilon_q=5.862e-01
uniform_classes,3,4.9,full_orders,1.0,-1.0,0.25000000000000006,0.12500000000000003,0.6125000000000002,0.0,nan,0.0,0.0,0.0,analytical (unique full orders: uniform derivative bound with entry floor),true,
uniform_classes,3,4.9,pooling,0.0,0.0,0.25000000000000006,0.12500000000000003,0.6125000000000002,0.0,nan,0.0,0.0,0.5925,rejected,false,epsilon_q=5.925e-01
uniform_classes,3,4.95,full_orders,1.0,-1.0,0.25000000000000006,0.12500000000000003,0.6187500000000001,0.0,nan,0.0,0.0,0.0,analytical (unique full orders: uniform derivative bound with entry floor),true,
uniform_classes,3,4.95,pooling,0.0,0.0,0.25000000000000006,0.12500000000000003,0.6187500000000001,0.0,nan,0.0,0.0,0.5987500000000001,rejected,false,epsilon_q=5.988e-01
uniform_classes,3,5,full_orders,1.0,-1.0,0.25000000000000006,0.12500000000000003,0.6250000000000001,0.0,nan,0.0,0.0,0.0,analytical (unique full orders: uniform derivative bound with entry floor),true,
uniform_classes,3,5,pooling,0.0,0.0,0.25000000000000006,0.12500000000000003,0.6250000000000001,0.0,nan,0.0,0.0,0.605,rejected,false,epsilon_q=6.050e-01
uniform_classes,3,5.05,full_orders,1.0,-1.0,0.25000000000000006,0.12500000000000003,0.63125,0.0,nan,0.0,0.0,0.0,analytical (unique full orders: uniform derivative bound with entry floor),true,
uniform_classes,3,5.05,pooling,0.0,0.0,0.25000000000000006,0.12500000000000003,0.63125,0.0,nan,0.0,0.0,0.6112499999999998,rejected,false,epsilon_q=6.112e-01
uniform_classes,3,5.1,full_orders,1.0,-1.0,0.25000000000000006,0.12500000000000003,0.6375000000000001,0.0,nan,0.0,0.0,0.0,analytical (unique full orders: uniform derivative bound with entry floor),true,
uniform_classes,3,5.1,pooling,0.0,0.0,0.25000000000000006,0.12500000000000003,0.6375000000000001,0.0,nan,0.0,0.0,0.6174999999999999,rejected,false,epsilon_q=6.175e-01
uniform_classes,3,5.15,full_orders,1.0,-1.0,0.25000000000000006,0.12500000000000003,0.6437500000000002,0.0,nan,0.0,0.0,0.0,analytical (unique full orders: uniform derivative bound with entry floor),true,
uniform_classes,3,5.15,pooling,0.0,0.0,0.25000000000000006,0.12500000000000003,0.6437500000000002,0.0,nan,0.0,0.0,0.62375,rejected,false,epsilon_q=6.238e-01
uniform_classes,3,5.2,full_orders,1.0,-1.0,0.25000000000000006,0.12500000000000003,0.6500000000000002,0.0,nan,0.0,0.0,0.0,analytical (unique full orders: uniform derivative bound with entry floor),true,
uniform_classes,3,5.2,pooling,0.0,0.0,0.25000000000000006,0.12500000000000003,0.6500000000000002,0.0,nan,0.0,0.0,0.6300000000000001,rejected,false,epsilon_q=6.300e-01
uniform_classes,3,5.25,full_orders,1.0,-1.0,0.25000000000000006,0.12500000000000003,0.6562500000000001,0.0,nan,0.0,0.0,0.0,analytical (unique full orders: uniform derivative bound with entry floor),true,
uniform_classes,3,5.25,pooling,0.0,0.0,0.25000000000000006,0.12500000000000003,0.6562500000000001,0.0,nan,0.0,0.0,0.63625,rejected,false,epsilon_q=6.362e-01
uniform_classes,3,5.3,full_orders,1.0,-1.0,0.25000000000000006,0.12500000000000003,0.6625,0.0,nan,0.0,0.0,0.0,analytical (unique full orders: uniform derivative bound with entry floor),true,
uniform_classes,3,5.3,pooling,0.0,0.0,0.25000000000000006,0.12500000000000003,0.6625,0.0,nan,0.0,0.0,0.6424999999999998,rejected,false,epsilon_q=6.425e-01
uniform_classes,3,5.35,full_orders,1.0,-1.0,0.25000000000000006,0.12500000000000003,0.6687500000000001,0.0,nan,0.0,0.0,0.0,analytical (unique full orders: uniform derivative bound with entry floor),true,
uniform_classes,3,5.35,pooling,0.0,0.0,0.25000000000000006,0.12500000000000003,0.6687500000000001,0.0,nan,0.0,0.0,0.6487499999999999,rejected,false,epsilon_q=6.487e-01
uniform_classes,3,5.4,full_orders,1.0,-1.0,0.25000000000000006,0.12500000000000003,0.6750000000000002,0.0,nan,0.0,0.0,0.0,analytical (unique full orders: uniform derivative bound with entry floor),true,
uniform_classes,3,5.4,pooling,0.0,0.0,0.25000000000000006,0.12500000000000003,0.6750000000000002,0.0,nan,0.0,0.0,0.655,rejected,false,epsilon_q=6.550e-01
uniform_classes,3,5.45,full_orders,1.0,-1.0,0.25000000000000006,0.12500000000000003,0.6812500000000002,0.0,nan,0.0,0.0,0.0,analytical (unique full orders: uniform derivative bound with entry floor),true,
uniform_classes,3,5.45,pooling,0.0,0.0,0.25000000000000006,0.12500000000000003,0.6812500000000002,0.0,nan,0.0,0.0,0.6612500000000001,rejected,false,epsilon_q=6.613e-01
uniform_classes,3,5.5,full_orders,1.0,-1.0,0.25000000000000006,0.12500000000000003,0.6875000000000001,0.0,nan,0.0,0.0,0.0,analytical (unique full orders: uniform derivative bound with entry floor),true,
uniform_classes,3,5.5,pooling,0.0,0.0,0.25000000000000006,0.12500000000000003,0.6875000000000001,0.0,nan,0.0,0.0,0.6675,rejected,false,epsilon_q=6.675e-01
uniform_classes,3,5.55,full_orders,1.0,-1.0,0.25000000000000006,0.12500000000000003,0.69375,0.0,nan,0.0,0.0,0.0,analytical (unique full orders: uniform derivative bound with entry floor),true,
uniform_classes,3,5.55,pooling,0.0,0.0,0.25000000000000006,0.12500000000000003,0.69375,0.0,nan,0.0,0.0,0.6737499999999998,rejected,false,epsilon_q=6.737e-01
uniform_classes,3,5.6,full_orders,1.0,-1.0,0.25000000000000006,0.12500000000000003,0.7000000000000001,0.0,nan,0.0,0.0,0.0,analytical (unique full orders: uniform derivative bound with entry floor),true,
uniform_classes,3,5.6,pooling,0.0,0.0,0.25000000000000006,0.12500000000000003,0.7000000000000001,0.0,nan,0.0,0.0,0.6799999999999999,rejected,false,epsilon_q=6.800e-01
uniform_classes,3,5.65,full_orders,1.0,-1.0,0.25000000000000006,0.12500000000000003,0.7062500000000002,0.0,nan,0.0,0.0,0.0,analytical (unique full orders: uniform derivative bound with entry floor),true,
uniform_classes,3,5.65,pooling,0.0,0.0,0.25000000000000006,0.12500000000000003,0.7062500000000002,0.0,nan,0.0,0.0,0.68625,rejected,false,epsilon_q=6.863e-01
uniform_classes,3,5.7,full_orders,1.0,-1.0,0.25000000000000006,0.12500000000000003,0.7125000000000002,0.0,nan,0.0,0.0,0.0,analytical (unique full orders: uniform derivative bound with entry floor),true,
uniform_classes,3,5.7,pooling,0.0,0.0,0.25000000000000006,0.12500000000000003,0.7125000000000002,0.0,nan,0.0,0.0,0.6925000000000001,rejected,false,epsilon_q=6.925e-01
uniform_classes,3,5.75,full_orders,1.0,-1.0,0.25000000000000006,0.12500000000000003,0.7187500000000001,0.0,nan,0.0,0.0,0.0,analytical (unique full orders: uniform derivative bound with entry floor),true,
uniform_classes,3,5.75,pooling,0.0,0.0,0.25000000000000006,0.12500000000000003,0.7187500000000001,0.0,nan,0.0,0.0,0.69875,rejected,false,epsilon_q=6.987e-01
uniform_classes,3,5.8,full_orders,1.0,-1.0,0.25000000000000006,0.12500000000000003,0.725,0.0,nan,0.0,0.0,0.0,analytical (unique full orders: uniform derivative bound with entry floor),true,
uniform_classes,3,5.8,pooling,0.0,0.0,0.25000000000000006,0.12500000000000003,0.725,0.0,nan,0.0,0.0,0.7049999999999998,rejected,false,epsilon_q=7.050e-01
uniform_classes,3,5.85,full_orders,1.0,-1.0,0.25000000000000006,0.12500000000000003,0.7312500000000001,0.0,nan,0.0,0.0,0.0,analytical (unique full orders: uniform derivative bound with entry floor),true,
uniform_classes,3,5.85,pooling,0.0,0.0,0.25000000000000006,0.12500000000000003,0.7312500000000001,0.0,nan,0.0,0.0,0.7112499999999999,rejected,false,epsilon_q=7.112e-01
uniform_classes,3,5.9,full_orders,1.0,-1.0,0.25000000000000006,0.12500000000000003,0.7375000000000002,0.0,nan,0.0,0.0,0.0,analytical (unique full orders: uniform derivative bound with entry floor),true,
uniform_classes,3,5.9,pooling,0.0,0.0,0.25000000000000006,0.12500000000000003,0.7375000000000002,0.0,nan,0.0,0.0,0.7175,rejected,false,epsilon_q=7.175e-01
uniform_classes,3,5.95,full_orders,1.0,-1.0,0.25000000000000006,0.12500000000000003,0.7437500000000002,0.0,nan,0.0,0.0,0.0,analytical (unique full orders: uniform derivative bound with entry floor),true,
uniform_classes,3,5.95,pooling,0.0,0.0,0.25000000000000006,0.12500000000000003,0.7437500000000002,0.0,nan,0.0,0.0,0.7237500000000001,rejected,false,epsilon_q=7.238e-01
uniform_classes,3,6,full_orders,1.0,-1.0,0.25000000000000006,0.12500000000000003,0.7500000000000002,0.0,nan,0.0,0.0,0.0,analytical (unique full orders: uniform derivative bound with entry floor),true,
uniform_classes,3,6,pooling,0.0,0.0,0.25000000000000006,0.12500000000000003,0.7500000000000002,0.0,nan,0.0,0.0,0.73,rejected,false,epsilon_q=7.300e-01
uniform_classes,3,6.05,full_orders,1.0,-1.0,0.25000000000000006,0.12500000000000003,0.7562500000000001,0.0,nan,0.0,0.0,0.0,analytical (unique full orders: uniform derivative bound with entry floor),true,
uniform_classes,3,6.05,pooling,0.0,0.0,0.25000000000000006,0.12500000000000003,0.7562500000000001,0.0,nan,0.0,0.0,0.7362499999999998,rejected,false,epsilon_q=7.362e-01
uniform_classes,3,6.1,full_orders,1.0,-1.0,0.25000000000000006,0.12500000000000003,0.7625000000000002,0.0,nan,0.0,0.0,0.0,analytical (unique full orders: uniform derivative bound with entry floor),true,
uniform_classes,3,6.1,pooling,0.0,0.0,0.25000000000000006,0.12500000000000003,0.7625000000000002,0.0,nan,0.0,0.0,0.7424999999999999,rejected,false,epsilon_q=7.425e-01
uniform_classes,3,6.15,full_orders,1.0,-1.0,0.25000000000000006,0.12500000000000003,0.7687500000000003,0.0,nan,0.0,0.0,0.0,analytical (unique full orders: uniform derivative bound with entry floor),true,
uniform_classes,3,6.15,pooling,0.0,0.0,0.25000000000000006,0.12500000000000003,0.7687500000000003,0.0,nan,0.0,0.0,0.74875,rejected,false,epsilon_q=7.488e-01
uniform_classes,3,6.2,full_orders,1.0,-1.0,0.25000000000000006,0.12500000000000003,0.7750000000000004,0.0,nan,0.0,0.0,0.0,analytical (unique full orders: uniform derivative bound with entry floor),true,
uniform_classes,3,6.2,pooling,0.0,0.0,0.25000000000000006,0.12500000000000003,0.7750000000000004,0.0,nan,0.0,0.0,0.7550000000000001,rejected,false,epsilon_q=7.550e-01
uniform_classes,3,6.25,full_orders,1.0,-1.0,0.25000000000000006,0.12500000000000003,0.7812500000000002,0.0,nan,0.0,0.0,0.0,analytical (unique full orders: uniform derivative bound with entry floor),true,
uniform_classes,3,6.25,pooling,0.0,0.0,0.25000000000000006,0.12500000000000003,0.7812500000000002,0.0,nan,0.0,0.0,0.76125,rejected,false,epsilon_q=7.612e-01
uniform_classes,3,6.3,full_orders,1.0,-1.0,0.16421929798911594,0.10192982471228483,0.6421578956873943,0.34312280804353645,0.2689436522073229,0.0,0.0,0.0,numerical diagnostic,true,
uniform_classes,3,6.3,pooling,0.0,0.0,0.25000000000000006,0.12500000000000003,0.7875000000000001,0.0,nan,0.0,0.0,0.7675,rejected,false,epsilon_q=7.675e-01
uniform_classes,3,6.35,full_orders,1.0,-1.0,0.16342322231737821,0.10171319859552844,0.6458788110816055,0.3463071107304875,0.2689728357624686,0.0,0.0,0.0,numerical diagnostic,true,
uniform_classes,3,6.35,pooling,0.0,0.0,0.25000000000000006,0.12500000000000003,0.7937500000000002,0.0,nan,0.0,0.0,0.7737499999999999,rejected,false,epsilon_q=7.737e-01
uniform_classes,3,6.4,full_orders,1.0,-1.0,0.16261543469883694,0.10149035331322688,0.6495382612046521,0.3495382612046525,0.2690366039557358,0.0,0.0,0.0,numerical diagnostic,true,
uniform_classes,3,6.4,pooling,0.0,0.0,0.25000000000000006,0.12500000000000003,0.8000000000000003,0.0,nan,0.0,0.0,0.78,rejected,false,epsilon_q=7.800e-01
uniform_classes,3,6.45,full_orders,1.0,-1.0,0.16179547251374538,0.10126098547500303,0.6531333563137697,0.3528181099450187,0.2691360092450624,0.0,0.0,0.0,numerical diagnostic,true,
uniform_classes,3,6.45,pooling,0.0,0.0,0.25000000000000006,0.12500000000000003,0.8062500000000004,0.0,nan,0.0,0.0,0.7862500000000001,rejected,false,epsilon_q=7.863e-01
uniform_classes,3,6.5,full_orders,1.0,-1.0,0.16096284416405848,0.10102477055729442,0.6566610086224137,0.3561486233437663,0.26927218437751993,0.0,0.0,0.0,numerical diagnostic,true,
uniform_classes,3,6.5,pooling,0.0,0.0,0.25000000000000006,0.12500000000000003,0.8125000000000002,0.0,nan,0.0,0.0,0.7925,rejected,false,epsilon_q=7.925e-01
uniform_classes,3,6.55,full_orders,1.0,-1.0,0.16011702659026972,0.10078136097222788,0.6601179143680925,0.35953189363892146,0.26944634905847875,0.0,0.0,0.0,numerical diagnostic,true,
uniform_classes,3,6.55,pooling,0.0,0.0,0.25000000000000006,0.12500000000000003,0.8187500000000001,0.0,nan,0.0,0.0,0.7987499999999998,rejected,false,epsilon_q=7.987e-01
uniform_classes,3,6.6,full_orders,1.0,-1.0,0.15925746251712214,0.10053038391634143,0.6635005338478535,0.3629701499315118,0.2696598173516555,0.0,0.0,0.0,numerical diagnostic,true,
uniform_classes,3,6.6,pooling,0.0,0.0,0.25000000000000006,0.12500000000000003,0.8250000000000002,0.0,nan,0.0,0.0,0.8049999999999999,rejected,false,epsilon_q=8.050e-01
uniform_classes,3,6.65,full_orders,1.0,-1.0,0.15838355739203358,0.10027143896886409,0.6668050691429462,0.366465770431866,0.26991400590559156,0.0,0.0,0.0,numerical diagnostic,true,
uniform_classes,3,6.65,pooling,0.0,0.0,0.25000000000000006,0.12500000000000003,0.8312500000000003,0.0,nan,0.0,0.0,0.81125,rejected,false,epsilon_q=8.113e-01
uniform_classes,3,6.7,full_orders,1.0,-1.0,0.15749467597434302,0.10000409540435158,0.6700274392091558,0.3700212961026281,0.2702104431169352,0.0,0.0,0.0,numerical diagnostic,true,
uniform_classes,3,6.7,pooling,0.0,0.0,0.25000000000000006,0.12500000000000003,0.8375000000000004,0.0,nan,0.0,0.0,0.8175000000000001,rejected,false,epsilon_q=8.175e-01
uniform_classes,3,6.75,full_orders,1.0,-1.0,0.15659013852669967,0.0997278891786403,0.673163251955822,0.3736394458932015,0.27055077935838,0.0,0.0,0.0,numerical diagnostic,true,
uniform_classes,3,6.75,pooling,0.0,0.0,0.25000000000000006,0.12500000000000003,0.8437500000000002,0.0,nan,0.0,0.0,0.82375,rejected,false,epsilon_q=8.237e-01
uniform_classes,3,6.8,full_orders,1.0,-1.0,0.15566921655184984,0.09944231954012524,0.6762077728728515,0.37732313379260085,0.2709367984198162,0.0,0.0,0.0,numerical diagnostic,true,
uniform_classes,3,6.8,pooling,0.0,0.0,0.25000000000000006,0.12500000000000003,0.8500000000000001,0.0,nan,0.0,0.0,0.8299999999999998,rejected,false,epsilon_q=8.300e-01
uniform_classes,3,6.85,full_orders,1.0,-1.0,0.1547311280084503,0.09914684521004329,0.6791558896887965,0.38107548796619906,0.2713704303358383,0.0,0.0,0.0,numerical diagnostic,true,
uniform_classes,3,6.85,pooling,0.0,0.0,0.25000000000000006,0.12500000000000003,0.8562500000000002,0.0,nan,0.0,0.0,0.8362499999999999,rejected,false,epsilon_q=8.362e-01
uniform_classes,3,6.9,full_orders,1.0,-1.0,0.15377503192801092,0.0988408800654447,0.6820020724515684,0.3848998722879565,0.27185376580208204,0.0,0.0,0.0,numerical diagnostic,true,
uniform_classes,3,6.9,pooling,0.0,0.0,0.25000000000000006,0.12500000000000003,0.8625000000000003,0.0,nan,0.0,0.0,0.8425,rejected,false,epsilon_q=8.425e-01
uniform_classes,3,6.95,full_orders,1.0,-1.0,0.15280002234120205,0.09852378824647429,0.6847403283129964,0.38879991063519204,0.2723890724179531,0.0,0.0,0.0,numerical diagnostic,true,
uniform_classes,3,6.95,pooling,0.0,0.0,0.25000000000000006,0.12500000000000003,0.8687500000000004,0.0,nan,0.0,0.0,0.8487500000000001,rejected,false,epsilon_q=8.488e-01
uniform_classes,3,7,full_orders,1.0,-1.0,0.15180512140502214,0.09819487859497796,0.6873641501648456,0.39277951437991165,0.2729788130354999,0.0,0.0,0.0,numerical diagnostic,true,
uniform_classes,3,7,pooling,0.0,0.0,0.25000000000000006,0.12500000000000003,0.8750000000000002,0.0,nan,0.0,0.0,0.855,rejected,false,epsilon_q=8.550e-01
uniform_classes,3,7.05,full_orders,1.0,-1.0,0.15078927160200684,0.09785339831367713,0.6898664581114237,0.396842913591973,0.27362566654507114,0.0,0.0,0.0,numerical diagnostic,true,
uniform_classes,3,7.05,pooling,0.0,0.0,0.25000000000000006,0.12500000000000003,0.8812500000000001,0.0,nan,0.0,0.0,0.8612499999999998,rejected,false,epsilon_q=8.612e-01
uniform_classes,3,7.1,full_orders,1.0,-1.0,0.14975132685791037,0.09749852571343298,0.6922395325653742,0.4009946925683586,0.2743325514901054,0.0,0.0,0.0,numerical diagnostic,true,
uniform_classes,3,7.1,pooling,0.0,0.0,0.25000000000000006,0.12500000000000003,0.8875000000000002,0.0,nan,0.0,0.0,0.8674999999999999,rejected,false,epsilon_q=8.675e-01
uniform_classes,3,7.15,full_orders,1.0,-1.0,0.14869004239397454,0.09712936188944181,0.694474937509509,0.40523983042410217,0.27510265297851233,0.0,0.0,0.0,numerical diagnostic,true,
uniform_classes,3,7.15,pooling,0.0,0.0,0.25000000000000006,0.12500000000000003,0.8937500000000003,0.0,nan,0.0,0.0,0.87375,rejected,false,epsilon_q=8.738e-01
uniform_classes,3,7.2,full_orders,1.0,-1.0,0.1476040630925874,0.09674492113426585,0.6965634321667142,0.40958374762965066,0.27593945345002024,0.0,0.0,0.0,numerical diagnostic,true,
uniform_classes,3,7.2,pooling,0.0,0.0,0.25000000000000006,0.12500000000000003,0.9000000000000004,0.0,nan,0.0,0.0,0.8800000000000001,rejected,false,epsilon_q=8.800e-01
uniform_classes,3,7.25,full_orders,1.0,-1.0,0.14649191010895857,0.09634411985472198,0.6984948689467344,0.41403235956416584,0.2768467679718839,0.0,0.0,0.0,numerical diagnostic,true,
uniform_classes,3,7.25,pooling,0.0,0.0,0.25000000000000006,0.12500000000000003,0.9062500000000002,0.0,nan,0.0,0.0,0.88625,rejected,false,epsilon_q=8.862e-01
uniform_classes,3,7.3,full_orders,1.0,-1.0,0.14535196540396642,0.09592576370861954,0.7002580750729225,0.41859213838413456,0.2778287848750719,0.0,0.0,0.0,numerical diagnostic,true,
uniform_classes,3,7.3,pooling,0.0,0.0,0.25000000000000006,0.12500000000000003,0.9125000000000001,0.0,nan,0.0,0.0,0.8924999999999998,rejected,false,epsilon_q=8.925e-01
uniform_classes,3,7.35,full_orders,1.0,-1.0,0.14418245380138256,0.09548853261325772,0.7018407147074442,0.42327018479447,0.2788901127167499,0.0,0.0,0.0,numerical diagnostic,true,
uniform_classes,3,7.35,pooling,0.0,0.0,0.25000000000000006,0.12500000000000003,0.9187500000000002,0.0,nan,0.0,0.0,0.8987499999999999,rejected,false,epsilon_q=8.987e-01
uniform_classes,3,7.4,full_orders,1.0,-1.0,0.14298142208202927,0.09503096319661801,0.7032291276549733,0.42807431167188326,0.2800358347721005,0.0,0.0,0.0,numerical diagnostic,true,
uniform_classes,3,7.4,pooling,0.0,0.0,0.25000000000000006,0.12500000000000003,0.9250000000000003,0.0,nan,0.0,0.0,0.905,rejected,false,epsilon_q=9.050e-01
uniform_classes,3,7.45,full_orders,1.0,-1.0,0.1417467145124528,0.09455142815917682,0.7044081397858674,0.43301314195018914,0.28127157253186386,0.0,0.0,0.0,numerical diagnostic,true,
uniform_classes,3,7.45,pooling,0.0,0.0,0.25000000000000006,0.12500000000000003,0.9312500000000004,0.0,nan,0.0,0.0,0.9112500000000001,rejected,false,epsilon_q=9.113e-01
uniform_classes,3,7.5,full_orders,1.0,-1.0,0.14047594405885014,0.09404811188229983,0.7053608391172488,0.43809622376459967,0.2826035600282321,0.0,0.0,0.0,numerical diagnostic,true,
uniform_classes,3,7.5,pooling,0.0,0.0,0.25000000000000006,0.12500000000000003,0.9375000000000002,0.0,nan,0.0,0.0,0.9175,rejected,false,epsilon_q=9.175e-01
uniform_classes,3,7.55,full_orders,1.0,-1.0,0.13916645834801789,0.09351898144884936,0.7060683099388125,0.4433341666079287,0.2840387312534073,0.0,0.0,0.0,numerical diagnostic,true,
uniform_classes,3,7.55,pooling,0.0,0.0,0.25000000000000006,0.12500000000000003,0.9437500000000001,0.0,nan,0.0,0.0,0.9237499999999998,rejected,false,epsilon_q=9.237e-01
uniform_classes,3,7.6,full_orders,1.0,-1.0,0.1378152991919857,0.09296175202003591,0.7065093153522729,0.4487388032320574,0.285584823502737,0.0,0.0,0.0,numerical diagnostic,true,
uniform_classes,3,7.6,pooling,0.0,0.0,0.25000000000000006,0.12500000000000003,0.9500000000000002,0.0,nan,0.0,0.0,0.9299999999999999,rejected,false,epsilon_q=9.300e-01
uniform_classes,3,7.65,full_orders,1.0,-1.0,0.13641915417237405,0.09237384522178854,0.7066599159466824,0.45432338331050404,0.28725050020956894,0.0,0.0,0.0,numerical diagnostic,true,
uniform_classes,3,7.65,pooling,0.0,0.0,0.25000000000000006,0.12500000000000003,0.9562500000000003,0.0,nan,0.0,0.0,0.93625,rejected,false,epsilon_q=9.363e-01
uniform_classes,3,7.7,full_orders,1.0,-1.0,0.1349742983573103,0.09175233880896579,0.7064930088290367,0.46010280657075897,0.2890454977993804,0.0,0.0,0.0,numerical diagnostic,true,
uniform_classes,3,7.7,pooling,0.0,0.0,0.25000000000000006,0.12500000000000003,0.9625000000000004,0.0,nan,0.0,0.0,0.9425000000000001,rejected,false,epsilon_q=9.425e-01
uniform_classes,3,7.75,full_orders,1.0,-1.0,0.1334765236597203,0.091093905361119,0.7059777665486723,0.46609390536111905,0.29098080235665263,0.0,0.0,0.0,numerical diagnostic,true,
uniform_classes,3,7.75,pooling,0.0,0.0,0.25000000000000006,0.12500000000000003,0.9687500000000002,0.0,nan,0.0,0.0,0.94875,rejected,false,epsilon_q=9.487e-01
uniform_classes,3,7.8,full_orders,1.0,-1.0,0.1319210525863146,0.0903947370684272,0.705078949133732,0.47231578965474175,0.29306886358272244,0.0,0.0,0.0,numerical diagnostic,true,
uniform_classes,3,7.8,pooling,0.0,0.0,0.25000000000000006,0.12500000000000003,0.9750000000000001,0.0,nan,0.0,0.0,0.9549999999999998,rejected,false,epsilon_q=9.550e-01
uniform_classes,3,7.85,full_orders,1.0,-1.0,0.13030243209244255,0.08965045271705002,0.7037560538288427,0.47879027163023,0.29532385578836895,0.0,0.0,0.0,numerical diagnostic,true,
uniform_classes,3,7.85,pooling,0.0,0.0,0.25000000000000006,0.12500000000000003,0.9812500000000002,0.0,nan,0.0,0.0,0.9612499999999999,rejected,false,epsilon_q=9.612e-01
uniform_classes,3,7.9,full_orders,1.0,-1.0,0.1286144018329153,0.08885598167084724,0.7019622551996932,0.485542392668339,0.29776199874552917,0.0,0.0,0.0,numerical diagnostic,true,
uniform_classes,3,7.9,pooling,0.0,0.0,0.25000000000000006,0.12500000000000003,0.9875000000000003,0.0,nan,0.0,0.0,0.9675,rejected,false,epsilon_q=9.675e-01
uniform_classes,3,7.95,full_orders,1.0,-1.0,0.12684972910955966,0.08800541780880747,0.6996430715800195,0.4926010835617617,0.3004019554622376,0.0,0.0,0.0,numerical diagnostic,true,
uniform_classes,3,7.95,pooling,0.0,0.0,0.25000000000000006,0.12500000000000003,0.9937500000000004,0.0,nan,0.0,0.0,0.9737500000000001,rejected,false,epsilon_q=9.738e-01
uniform_classes,3,8,full_orders,1.0,-1.0,0.12500000000000003,0.08709183376796044,0.6967346701436835,0.5000000000000001,0.3032653298563167,0.0,0.0,0.0,numerical diagnostic,true,
uniform_classes,3,8,pooling,0.0,0.0,0.25000000000000006,0.12500000000000003,1.0000000000000002,0.0,nan,0.0,0.0,0.98,rejected,false,epsilon_q=9.800e-01
uniform_classes,3,8.002,full_orders,1.0,-1.0,0.12492410773728907,0.08705386864454247,0.6966050568936288,0.5003035690508439,0.3033848543391162,0.0,0.0,0.0,numerical diagnostic,true,
uniform_classes,3,8.002,pooling,0.0,0.0,0.0,0.0,0.0,1.0000000000000002,0.5,0.0,0.0,0.0,analytical (pooling exists: e0 Delta_T/2 <= k),true,
uniform_classes,3,8.004,full_orders,1.0,-1.0,0.12484806315690274,0.08701578922567249,0.6964743769622825,0.5006077473723892,0.30350477773227164,0.0,0.0,0.0,numerical diagnostic,true,
uniform_classes,3,8.004,pooling,0.0,0.0,0.0,0.0,0.0,1.0000000000000002,0.5,0.0,0.0,0.0,analytical (pooling exists: e0 Delta_T/2 <= k),true,
uniform_classes,3,8.006,full_orders,1.0,-1.0,0.1247718655696203,0.08697759493671232,0.6963426250633189,0.500912537721519,0.30362510178913654,0.0,0.0,0.0,numerical diagnostic,true,
uniform_classes,3,8.006,pooling,0.0,0.0,0.0,0.0,0.0,1.0000000000000002,0.5,0.0,0.0,0.0,analytical (pooling exists: e0 Delta_T/2 <= k),true,
uniform_classes,3,8.008,full_orders,1.0,-1.0,0.12469551428159184,0.08693928519897104,0.69620979587336,0.5012179428736329,0.3037458282743471,0.0,0.0,0.0,numerical diagnostic,true,
uniform_classes,3,8.008,pooling,0.0,0.0,0.0,0.0,0.0,1.0000000000000002,0.5,0.0,0.0,0.0,analytical (pooling exists: e0 Delta_T/2 <= k),true,
uniform_classes,3,8.010,full_orders,1.0,-1.0,0.12461900859429671,0.08690085942966792,0.69607588403164,0.5015239656228133,0.30386695896391724,0.0,0.0,0.0,numerical diagnostic,true,
uniform_classes,3,8.010,pooling,0.0,0.0,0.0,0.0,0.0,1.0000000000000002,0.5,0.0,0.0,0.0,analytical (pooling exists: e0 Delta_T/2 <= k),true,
uniform_classes,3,8.012,full_orders,1.0,-1.0,0.12454234780450275,0.08686231704189543,0.6959408841396661,0.5018306087819892,0.3039884956453328,0.0,0.0,0.0,numerical diagnostic,true,
uniform_classes,3,8.012,pooling,0.0,0.0,0.0,0.0,0.0,1.0000000000000002,0.5,0.0,0.0,0.0,analytical (pooling exists: e0 Delta_T/2 <= k),true,
uniform_classes,3,8.014,full_orders,1.0,-1.0,0.12446553120422421,0.08682365744458141,0.6958047907608754,0.5021378751831034,0.30411044011764865,0.0,0.0,0.0,numerical diagnostic,true,
uniform_classes,3,8.014,pooling,0.0,0.0,0.0,0.0,0.0,1.0000000000000002,0.5,0.0,0.0,0.0,analytical (pooling exists: e0 Delta_T/2 <= k),true,
uniform_classes,3,8.016,full_orders,1.0,-1.0,0.12438855808067924,0.08678488004245097,0.6956675984202869,0.5024457676772833,0.30423279419158583,0.0,0.0,0.0,numerical diagnostic,true,
uniform_classes,3,8.016,pooling,0.0,0.0,0.0,0.0,0.0,1.0000000000000002,0.5,0.0,0.0,0.0,analytical (pooling exists: e0 Delta_T/2 <= k),true,
uniform_classes,3,8.018,full_orders,1.0,-1.0,0.12431142771624779,0.08674598423598819,0.6955293016041534,0.5027542891350091,0.30435555968962935,0.0,0.0,0.0,numerical diagnostic,true,
uniform_classes,3,8.018,pooling,0.0,0.0,0.0,0.0,0.0,1.0000000000000002,0.5,0.0,0.0,0.0,analytical (pooling exists: e0 Delta_T/2 <= k),true,
uniform_classes,3,8.020,full_orders,1.0,-1.0,0.12423413938842795,0.08670696942139704,0.6953898947596042,0.5030634424462884,0.30447873844612755,0.0,0.0,0.0,numerical diagnostic,true,
uniform_classes,3,8.020,pooling,0.0,0.0,0.0,0.0,0.0,1.0000000000000002,0.5,0.0,0.0,0.0,analytical (pooling exists: e0 Delta_T/2 <= k),true,
uniform_classes,3,8.022,full_orders,1.0,-1.0,0.12415669236979236,0.086667834990562,0.6952493722942884,0.5033732305208307,0.30460233230739325,0.0,0.0,0.0,numerical diagnostic,true,
uniform_classes,3,8.022,pooling,0.0,0.0,0.0,0.0,0.0,1.0000000000000002,0.5,0.0,0.0,0.0,analytical (pooling exists: e0 Delta_T/2 <= k),true,
uniform_classes,3,8.024,full_orders,1.0,-1.0,0.12407908592794425,0.08662858033100838,0.6951077285760112,0.5036836562882232,0.3047263431318037,0.0,0.0,0.0,numerical diagnostic,true,
uniform_classes,3,8.024,pooling,0.0,0.0,0.0,0.0,0.0,1.0000000000000002,0.5,0.0,0.0,0.0,analytical (pooling exists: e0 Delta_T/2 <= k),true,
uniform_classes,3,8.026,full_orders,1.0,-1.0,0.12400131932547245,0.08658920482586187,0.6949649579323673,0.5039947226981104,0.3048507727899047,0.0,0.0,0.0,numerical diagnostic,true,
uniform_classes,3,8.026,pooling,0.0,0.0,0.0,0.0,0.0,1.0000000000000002,0.5,0.0,0.0,0.0,analytical (pooling exists: e0 Delta_T/2 <= k),true,
uniform_classes,3,8.028,full_orders,1.0,-1.0,0.12392339181990661,0.08654970785380797,0.6948210546503705,0.5043064327203737,0.3049756231645125,0.0,0.0,0.0,numerical diagnostic,true,
uniform_classes,3,8.028,pooling,0.0,0.0,0.0,0.0,0.0,1.0000000000000002,0.5,0.0,0.0,0.0,analytical (pooling exists: e0 Delta_T/2 <= k),true,
uniform_classes,3,8.030,full_orders,1.0,-1.0,0.12384530266367158,0.08651008878905089,0.6946760129760786,0.5046187893453139,0.3051008961508189,0.0,0.0,0.0,numerical diagnostic,true,
uniform_classes,3,8.030,pooling,0.0,0.0,0.0,0.0,0.0,1.0000000000000002,0.5,0.0,0.0,0.0,analytical (pooling exists: e0 Delta_T/2 <= k),true,
uniform_classes,3,8.032,full_orders,1.0,-1.0,0.1237670511040407,0.08647034700127157,0.6945298271142133,0.5049317955838374,0.305226593656498,0.0,0.0,0.0,numerical diagnostic,true,
uniform_classes,3,8.032,pooling,0.0,0.0,0.0,0.0,0.0,1.0000000000000002,0.5,0.0,0.0,0.0,analytical (pooling exists: e0 Delta_T/2 <= k),true,
uniform_classes,3,8.034,full_orders,1.0,-1.0,0.12368863638308994,0.08643048185558598,0.6943824912277778,0.5052454544676405,0.30535271760181126,0.0,0.0,0.0,numerical diagnostic,true,
uniform_classes,3,8.034,pooling,0.0,0.0,0.0,0.0,0.0,1.0000000000000002,0.5,0.0,0.0,0.0,analytical (pooling exists: e0 Delta_T/2 <= k),true,
uniform_classes,3,8.036,full_orders,1.0,-1.0,0.12361005773765008,0.0863904927125022,0.6942339994376676,0.5055597690493999,0.30547926991971686,0.0,0.0,0.0,numerical diagnostic,true,
uniform_classes,3,8.036,pooling,0.0,0.0,0.0,0.0,0.0,1.0000000000000002,0.5,0.0,0.0,0.0,analytical (pooling exists: e0 Delta_T/2 <= k),true,
uniform_classes,3,8.038,full_orders,1.0,-1.0,0.12353131439925935,0.08635037892787752,0.6940843458222795,0.5058747424029628,0.3056062525559778,0.0,0.0,0.0,numerical diagnostic,true,
uniform_classes,3,8.038,pooling,0.0,0.0,0.0,0.0,0.0,1.0000000000000002,0.5,0.0,0.0,0.0,analytical (pooling exists: e0 Delta_T/2 <= k),true,
uniform_classes,3,8.040,full_orders,1.0,-1.0,0.12345240559411505,0.08631013985287479,0.6939335244171133,0.50619037762354,0.3057336674692727,0.0,0.0,0.0,numerical diagnostic,true,
uniform_classes,3,8.040,pooling,0.0,0.0,0.0,0.0,0.0,1.0000000000000002,0.5,0.0,0.0,0.0,analytical (pooling exists: e0 Delta_T/2 <= k),true,
uniform_classes,3,8.042,full_orders,1.0,-1.0,0.12337333054302457,0.08626977483391825,0.6937815292143705,0.5065066778279019,0.30586151663130745,0.0,0.0,0.0,numerical diagnostic,true,
uniform_classes,3,8.042,pooling,0.0,0.0,0.0,0.0,0.0,1.0000000000000002,0.5,0.0,0.0,0.0,analytical (pooling exists: e0 Delta_T/2 <= k),true,
uniform_classes,3,8.044,full_orders,1.0,-1.0,0.1232940884613566,0.08622928321264924,0.6936283541625505,0.5068236461545739,0.3059898020269267,0.0,0.0,0.0,numerical diagnostic,true,
uniform_classes,3,8.044,pooling,0.0,0.0,0.0,0.0,0.0,1.0000000000000002,0.5,0.0,0.0,0.0,analytical (pooling exists: e0 Delta_T/2 <= k),true,
uniform_classes,3,8.046,full_orders,1.0,-1.0,0.12321467855899051,0.08618866432588068,0.6934739931660359,0.5071412857640382,0.30611852565422903,0.0,0.0,0.0,numerical diagnostic,true,
uniform_classes,3,8.046,pooling,0.0,0.0,0.0,0.0,0.0,1.0000000000000002,0.5,0.0,0.0,0.0,analytical (pooling exists: e0 Delta_T/2 <= k),true,
uniform_classes,3,8.048,full_orders,1.0,-1.0,0.12313510004026648,0.08614791750555184,0.6933184400846812,0.5074595998389343,0.30624768952468095,0.0,0.0,0.0,numerical diagnostic,true,
uniform_classes,3,8.048,pooling,0.0,0.0,0.0,0.0,0.0,1.0000000000000002,0.5,0.0,0.0,0.0,analytical (pooling exists: e0 Delta_T/2 <= k),true,
uniform_classes,3,8.05,full_orders,1.0,-1.0,0.12305535210393409,0.08610704207868194,0.6931616887333897,0.5077785915842639,0.30637729566323363,0.0,0.0,0.0,numerical diagnostic,true,
uniform_classes,3,8.05,pooling,0.0,0.0,0.0,0.0,0.0,1.0000000000000002,0.5,0.0,0.0,0.0,analytical (pooling exists: e0 Delta_T/2 <= k),true,
uniform_classes,3,8.1,full_orders,1.0,-1.0,0.12100412842621575,0.08504128426215732,0.6888344025234743,0.5159834862951372,0.3097673999201342,0.0,0.0,0.0,numerical diagnostic,true,
uniform_classes,3,8.1,pooling,0.0,0.0,0.0,0.0,0.0,1.0000000000000002,0.5,0.0,0.0,0.0,analytical (pooling exists: e0 Delta_T/2 <= k),true,
uniform_classes,3,8.15,full_orders,1.0,-1.0,0.11883242310816347,0.08388282072108967,0.6836449888768809,0.5246703075673463,0.31347060190657033,0.0,0.0,0.0,numerical diagnostic,true,
uniform_classes,3,8.15,pooling,0.0,0.0,0.0,0.0,0.0,1.0000000000000002,0.5,0.0,0.0,0.0,analytical (pooling exists: e0 Delta_T/2 <= k),true,
uniform_classes,3,8.2,full_orders,1.0,-1.0,0.1165234763402798,0.08261738170139875,0.6774625299514697,0.533906094638881,0.3175286345234002,0.0,0.0,0.0,numerical diagnostic,true,
uniform_classes,3,8.2,pooling,0.0,0.0,0.0,0.0,0.0,1.0000000000000002,0.5,0.0,0.0,0.0,analytical (pooling exists: e0 Delta_T/2 <= k),true,
uniform_classes,3,8.25,full_orders,1.0,-1.0,0.11405685501072346,0.08122742004289375,0.6701262153538735,0.5437725799571064,0.32199181474401767,0.0,0.0,0.0,numerical diagnostic,true,
uniform_classes,3,8.25,pooling,0.0,0.0,0.0,0.0,0.0,1.0000000000000002,0.5,0.0,0.0,0.0,analytical (pooling exists: e0 Delta_T/2 <= k),true,
uniform_classes,3,8.3,full_orders,1.0,-1.0,0.1114073225576187,0.07969107519206232,0.6614359240941173,0.5543707097695254,0.3269214914097788,0.0,0.0,0.0,numerical diagnostic,true,
uniform_classes,3,8.3,pooling,0.0,0.0,0.0,0.0,0.0,1.0000000000000002,0.5,0.0,0.0,0.0,analytical (pooling exists: e0 Delta_T/2 <= k),true,
uniform_classes,3,8.35,full_orders,1.0,-1.0,0.10854324731925886,0.07798070662645379,0.6511389003308891,0.5658270107229648,0.33239341694535973,0.0,0.0,0.0,numerical diagnostic,true,
uniform_classes,3,8.35,pooling,0.0,0.0,0.0,0.0,0.0,1.0000000000000002,0.5,0.0,0.0,0.0,analytical (pooling exists: e0 Delta_T/2 <= k),true,
uniform_classes,3,8.4,asymmetric_discontinuity,1.0,-0.021651247532,0.10000000000000009,0.06250000000000028,0.5250000000000024,0.5999999999999999,0.416666666666665,0.0,0.0,0.21332872950367593,rejected,false,Psi sign change without root at a region boundary
uniform_classes,3,8.4,full_orders,1.0,-1.0,0.10542430713307314,0.0760607678326828,0.6389104497945355,0.5783027714677077,0.33850249095719576,0.0,0.0,0.0,numerical diagnostic,true,
uniform_classes,3,8.4,pooling,0.0,0.0,0.0,0.0,0.0,1.0000000000000002,0.5,0.0,0.0,0.0,analytical (pooling exists: e0 Delta_T/2 <= k),true,
uniform_classes,3,8.402,asymmetric_discontinuity,1.0,-0.028329050063,0.0,0.0,0.0,1.0,0.5,0.0,0.0,0.02,rejected,false,Psi sign change without root at a region boundary
uniform_classes,3,8.402,full_orders,1.0,-1.0,0.10529355718160308,0.0759789979641866,0.6383755408950957,0.5788257712735879,0.3387617101287853,0.0,0.0,0.0,numerical diagnostic,true,
uniform_classes,3,8.402,pooling,0.0,0.0,0.0,0.0,0.0,1.0000000000000002,0.5,0.0,0.0,0.0,analytical (pooling exists: e0 Delta_T/2 <= k),true,
uniform_classes,3,8.404,asymmetric_discontinuity,1.0,-0.035029223834,0.09975000000000273,0.06250000000000668,0.5252500000000561,0.6009999999999892,0.41597337770379006,0.0,0.0,0.20910009949337988,rejected,false,Psi sign change without root at a region boundary
uniform_classes,3,8.404,full_orders,1.0,-1.0,0.1051623140061553,0.07589681684691908,0.6378368487815079,0.5793507439753791,0.3390221461779479,0.0,0.0,0.0,numerical diagnostic,true,
uniform_classes,3,8.404,pooling,0.0,0.0,0.0,0.0,0.0,1.0000000000000002,0.5,0.0,0.0,0.0,analytical (pooling exists: e0 Delta_T/2 <= k),true,
uniform_classes,3,8.406,asymmetric_discontinuity,1.0,-0.041751919239,0.09962500000000006,0.06250000000000022,0.5253750000000019,0.6014999999999998,0.4156275976724841,0.0,0.0,0.20698939867430965,rejected,false,Psi sign change without root at a region boundary
uniform_classes,3,8.406,full_orders,1.0,-1.0,0.10503057373497102,0.07581422102209613,0.6372943419117402,0.5798777050601162,0.33928380793881213,0.0,0.0,0.0,numerical diagnostic,true,
uniform_classes,3,8.406,pooling,0.0,0.0,0.0,0.0,0.0,1.0000000000000002,0.5,0.0,0.0,0.0,analytical (pooling exists: e0 Delta_T/2 <= k),true,
uniform_classes,3,8.408,asymmetric_discontinuity,1.0,-0.048497288196,0.0,0.0,0.0,1.0,0.5000000000000001,0.0,0.0,0.02,rejected,false,Psi sign change without root at a region boundary
uniform_classes,3,8.408,full_orders,1.0,-1.0,0.10489833245194868,0.07573120699007017,0.63674798837251,0.5804066701922055,0.3395467043382818,0.0,0.0,0.0,numerical diagnostic,true,
uniform_classes,3,8.408,pooling,0.0,0.0,0.0,0.0,0.0,1.0000000000000002,0.5,0.0,0.0,0.0,analytical (pooling exists: e0 Delta_T/2 <= k),true,
uniform_classes,3,8.410,asymmetric_discontinuity,1.0,-0.055265484165,0.09937500000000166,0.06250000000000401,0.5256250000000338,0.6024999999999935,0.4149377593360776,0.0,0.0,0.202775458612063,rejected,false,Psi sign change without root at a region boundary
uniform_classes,3,8.410,full_orders,1.0,-1.0,0.10476558619598,0.07564777120970727,0.6361977558736381,0.5809376552160803,0.33981084439731246,0.0,0.0,0.0,numerical diagnostic,true,
uniform_classes,3,8.410,pooling,0.0,0.0,0.0,0.0,0.0,1.0000000000000002,0.5,0.0,0.0,0.0,analytical (pooling exists: e0 Delta_T/2 <= k),true,
uniform_classes,3,8.412,asymmetric_discontinuity,1.0,-0.062056662167,0.0,0.0,0.0,1.0000000000000002,0.4999999999999999,0.0,0.0,0.02,rejected,false,Psi sign change without root at a region boundary
uniform_classes,3,8.412,full_orders,1.0,-1.0,0.10463233096027424,0.07556391009775308,0.635643611742299,0.5814706761589032,0.3400762372322085,0.0,0.0,0.0,numerical diagnostic,true,
uniform_classes,3,8.412,pooling,0.0,0.0,0.0,0.0,0.0,1.0000000000000002,0.5,0.0,0.0,0.0,analytical (pooling exists: e0 Delta_T/2 <= k),true,
uniform_classes,3,8.414,asymmetric_discontinuity,1.0,-0.06887097881,0.0,0.0,0.0,1.0000000000000002,0.4999999999999999,0.0,0.0,0.02,rejected,false,Psi sign change without root at a region boundary
uniform_classes,3,8.414,full_orders,1.0,-1.0,0.10449856269166917,0.07547962002818631,0.6350855229171596,0.5820057492333236,0.34034289205594237,0.0,0.0,0.0,numerical diagnostic,true,
uniform_classes,3,8.414,pooling,0.0,0.0,0.0,0.0,0.0,1.0000000000000002,0.5,0.0,0.0,0.0,analytical (pooling exists: e0 Delta_T/2 <= k),true,
uniform_classes,3,8.416,asymmetric_discontinuity,1.0,-0.075708592308,0.09900000000000114,0.0625000000000028,0.5260000000000237,0.6039999999999955,0.4139072847681965,0.0,0.0,0.1964739165894092,rejected,false,Psi sign change without root at a region boundary
uniform_classes,3,8.416,full_orders,1.0,-1.0,0.10436427728992892,0.0753948973315599,0.6345234559424082,0.5825428908402845,0.3406108181795001,0.0,0.0,0.0,numerical diagnostic,true,
uniform_classes,3,8.416,pooling,0.0,0.0,0.0,0.0,0.0,1.0000000000000002,0.5,0.0,0.0,0.0,analytical (pooling exists: e0 Delta_T/2 <= k),true,
uniform_classes,3,8.418,asymmetric_discontinuity,1.0,-0.082569662501,0.0,0.0,0.0,1.0000000000000004,0.4999999999999999,0.0,0.0,0.02,rejected,false,Psi sign change without root at a region boundary
uniform_classes,3,8.418,full_orders,1.0,-1.0,0.10422947060703032,0.07530973829433069,0.6339573769616756,0.583082117571879,0.340880025013244,0.0,0.0,0.0,numerical diagnostic,true,
uniform_classes,3,8.418,pooling,0.0,0.0,0.0,0.0,0.0,1.0000000000000002,0.5,0.0,0.0,0.0,analytical (pooling exists: e0 Delta_T/2 <= k),true,
uniform_classes,3,8.420,asymmetric_discontinuity,1.0,-0.089454350883,0.0,0.0,0.0,1.0,0.5,0.0,0.0,0.02,rejected,false,Psi sign change without root at a region boundary
uniform_classes,3,8.420,full_orders,1.0,-1.0,0.1040941384464335,0.07522413915817495,0.6333872517118331,0.5836234462142662,0.3411505220683052,0.0,0.0,0.0,numerical diagnostic,true,
uniform_classes,3,8.420,pooling,0.0,0.0,0.0,0.0,0.0,1.0000000000000002,0.5,0.0,0.0,0.0,analytical (pooling exists: e0 Delta_T/2 <= k),true,
uniform_classes,3,8.422,asymmetric_discontinuity,1.0,-0.09636282062,0.09862500000000313,0.06250000000000748,0.526375000000063,0.6054999999999876,0.4128819157720483,0.0,0.0,0.1901967856618707,rejected,false,Psi sign change without root at a region boundary
uniform_classes,3,8.422,full_orders,1.0,-1.0,0.10395827656234147,0.0751380961192926,0.6328130455166824,0.5841668937506344,0.3414223189579942,0.0,0.0,0.0,numerical diagnostic,true,
uniform_classes,3,8.422,pooling,0.0,0.0,0.0,0.0,0.0,1.0000000000000002,0.5,0.0,0.0,0.0,analytical (pooling exists: e0 Delta_T/2 <= k),true,
uniform_classes,3,8.424,asymmetric_discontinuity,1.0,-0.103295236572,0.0,0.0,0.0,1.0,0.5,0.0,0.0,0.02,rejected,false,Psi sign change without root at a region boundary
uniform_classes,3,8.424,full_orders,1.0,-1.0,0.10382188065894346,0.07505160532769668,0.6322347232805168,0.5847124773642265,0.34169542539924097,0.0,0.0,0.0,numerical diagnostic,true,
uniform_classes,3,8.424,pooling,0.0,0.0,0.0,0.0,0.0,1.0000000000000002,0.5,0.0,0.0,0.0,analytical (pooling exists: e0 Delta_T/2 <= k),true,
uniform_classes,3,8.426,asymmetric_discontinuity,1.0,-0.110251765325,0.0,0.0,0.0,1.0000000000000002,0.5,0.0,0.0,0.02,rejected,false,Psi sign change without root at a region boundary
uniform_classes,3,8.426,full_orders,1.0,-1.0,0.1036849463896446,0.07496466288648967,0.631652249481562,0.5852602144414218,0.3419698512140593,0.0,0.0,0.0,numerical diagnostic,true,
uniform_classes,3,8.426,pooling,0.0,0.0,0.0,0.0,0.0,1.0000000000000002,0.5,0.0,0.0,0.0,analytical (pooling exists: e0 Delta_T/2 <= k),true,
uniform_classes,3,8.428,asymmetric_discontinuity,1.0,-0.117232575205,0.09825000000000207,0.06250000000000498,0.526750000000042,0.6069999999999919,0.4118616144975017,0.0,0.0,0.1839454193097528,rejected,false,Psi sign change without root at a region boundary
uniform_classes,3,8.428,full_orders,1.0,-1.0,0.10354746935628216,0.07487726485112664,0.6310655881652953,0.5858101225748716,0.34224560633103285,0.0,0.0,0.0,numerical diagnostic,true,
uniform_classes,3,8.428,pooling,0.0,0.0,0.0,0.0,0.0,1.0000000000000002,0.5,0.0,0.0,0.0,analytical (pooling exists: e0 Delta_T/2 <= k),true,
uniform_classes,3,8.430,asymmetric_discontinuity,1.0,-0.124237836307,0.0,0.0,0.0,1.0000000000000002,0.4999999999999999,0.0,0.0,0.02,rejected,false,Psi sign change without root at a region boundary
uniform_classes,3,8.430,full_orders,1.0,-1.0,0.10340944510832517,0.07478940722866313,0.6304747029376302,0.5863622195666995,0.3425227007868325,0.0,0.0,0.0,numerical diagnostic,true,
uniform_classes,3,8.430,pooling,0.0,0.0,0.0,0.0,0.0,1.0000000000000002,0.5,0.0,0.0,0.0,analytical (pooling exists: e0 Delta_T/2 <= k),true,
uniform_classes,3,8.432,asymmetric_discontinuity,1.0,-0.131267720522,0.09800000000000014,0.06250000000000042,0.5270000000000036,0.6079999999999997,0.4111842105263133,0.0,0.0,0.1797928430675562,rejected,false,Psi sign change without root at a region boundary
uniform_classes,3,8.432,full_orders,1.0,-1.0,0.10327086914205916,0.07470108597698881,0.6298795569579697,0.5869165234317636,0.3428011447277586,0.0,0.0,0.0,numerical diagnostic,true,
uniform_classes,3,8.432,pooling,0.0,0.0,0.0,0.0,0.0,1.0000000000000002,0.5,0.0,0.0,0.0,analytical (pooling exists: e0 Delta_T/2 <= k),true,
uniform_classes,3,8.434,asymmetric_discontinuity,1.0,-0.138322401558,0.09787500000000071,0.0625000000000015,0.5271250000000126,0.6084999999999974,0.4108463434675353,0.0,0.0,0.177721213722183,rejected,false,Psi sign change without root at a region boundary
uniform_classes,3,8.434,full_orders,1.0,-1.0,0.10313173689975641,0.07461229700404691,0.6292801129321316,0.5874730524009746,0.3430809484113082,0.0,0.0,0.0,numerical diagnostic,true,
uniform_classes,3,8.434,pooling,0.0,0.0,0.0,0.0,0.0,1.0000000000000002,0.5,0.0,0.0,0.0,analytical (pooling exists: e0 Delta_T/2 <= k),true,
uniform_classes,3,8.436,asymmetric_discontinuity,1.0,-0.145402054968,0.0,0.0,0.0,1.0000000000000002,0.5,0.0,0.0,0.02,rejected,false,Psi sign change without root at a region boundary
uniform_classes,3,8.436,full_orders,1.0,-1.0,0.10299204376882826,0.07452303616703725,0.6286763331051262,0.5880318249246872,0.34336212220777457,0.0,0.0,0.0,numerical diagnostic,true,
uniform_classes,3,8.436,pooling,0.0,0.0,0.0,0.0,0.0,1.0000000000000002,0.5,0.0,0.0,0.0,analytical (pooling exists: e0 Delta_T/2 <= k),true,
uniform_classes,3,8.438,asymmetric_discontinuity,1.0,-0.152506858177,0.09762500000000068,0.06250000000000165,0.527375000000014,0.6094999999999976,0.41017227235437975,0.0,0.0,0.1735875420978845,rejected,false,Psi sign change without root at a region boundary
uniform_classes,3,8.438,full_orders,1.0,-1.0,0.10285178508096293,0.07443329927160496,0.6280681792538026,0.5885928596761485,0.3436446766018707,0.0,0.0,0.0,numerical diagnostic,true,
uniform_classes,3,8.438,pooling,0.0,0.0,0.0,0.0,0.0,1.0000000000000002,0.5,0.0,0.0,0.0,analytical (pooling exists: e0 Delta_T/2 <= k),true,
uniform_classes,3,8.440,asymmetric_discontinuity,1.0,-0.159636990506,0.09750000000000084,0.06250000000000183,0.5275000000000154,0.6099999999999969,0.40983606557376073,0.0,0.0,0.17152560932611163,rejected,false,Psi sign change without root at a region boundary
uniform_classes,3,8.440,full_orders,1.0,-1.0,0.10271095611124549,0.0743430820710124,0.6274556126793446,0.5891561755550183,0.34392862219438486,0.0,0.0,0.0,numerical diagnostic,true,
uniform_classes,3,8.440,pooling,0.0,0.0,0.0,0.0,0.0,1.0000000000000002,0.5,0.0,0.0,0.0,analytical (pooling exists: e0 Delta_T/2 <= k),true,
uniform_classes,3,8.442,asymmetric_discontinuity,1.0,-0.166792633202,0.09737500000000236,0.06250000000000541,0.5276250000000458,0.6104999999999906,0.4095004095003804,0.0,0.0,0.16946701921359564,rejected,false,Psi sign change without root at a region boundary
uniform_classes,3,8.442,full_orders,1.0,-1.0,0.10256955207726022,0.07425238026529465,0.6268385941996175,0.5897217916909594,0.34421396970386614,0.0,0.0,0.0,numerical diagnostic,true,
uniform_classes,3,8.442,pooling,0.0,0.0,0.0,0.0,0.0,1.0000000000000002,0.5,0.0,0.0,0.0,analytical (pooling exists: e0 Delta_T/2 <= k),true,
uniform_classes,3,8.444,asymmetric_discontinuity,1.0,-0.173973969463,0.0,0.0,0.0,1.0000000000000004,0.4999999999999999,0.0,0.0,0.02,rejected,false,Psi sign change without root at a region boundary
uniform_classes,3,8.444,full_orders,1.0,-1.0,0.10242756813817737,0.07416118950039949,0.6262170841413733,0.5902897274472907,0.3445007299683368,0.0,0.0,0.0,numerical diagnostic,true,
uniform_classes,3,8.444,pooling,0.0,0.0,0.0,0.0,0.0,1.0000000000000002,0.5,0.0,0.0,0.0,analytical (pooling exists: e0 Delta_T/2 <= k),true,
uniform_classes,3,8.446,asymmetric_discontinuity,1.0,-0.18118118447,0.09712500000000206,0.0625000000000046,0.5278750000000387,0.611499999999992,0.40883074407192965,0.0,0.0,0.16536009238146762,rejected,false,Psi sign change without root at a region boundary
uniform_classes,3,8.446,full_orders,1.0,-1.0,0.10228499939381976,0.07406950536730882,0.6255910423322902,0.5908600024247213,0.34478891394703975,0.0,0.0,0.0,numerical diagnostic,true,
uniform_classes,3,8.446,pooling,0.0,0.0,0.0,0.0,0.0,1.0000000000000002,0.5,0.0,0.0,0.0,analytical (pooling exists: e0 Delta_T/2 <= k),true,
uniform_classes,3,8.448,asymmetric_discontinuity,1.0,-0.18841446541,0.0,0.0,0.0,1.0,0.5,0.0,0.0,0.02,rejected,false,Psi sign change without root at a region boundary
uniform_classes,3,8.448,full_orders,1.0,-1.0,0.10214184088371227,0.0739773234011435,0.6249604280928603,0.5914326364651512,0.345078532722216,0.0,0.0,0.0,numerical diagnostic,true,
uniform_classes,3,8.448,pooling,0.0,0.0,0.0,0.0,0.0,1.0000000000000002,0.5,0.0,0.0,0.0,analytical (pooling exists: e0 Delta_T/2 <= k),true,
uniform_classes,3,8.45,asymmetric_discontinuity,1.0,-0.195674001511,0.0,0.0,0.0,1.0,0.5,0.0,0.0,0.02,rejected,false,Psi sign change without root at a region boundary
uniform_classes,3,8.45,full_orders,1.0,-1.0,0.10199808758611274,0.07388463908025043,0.6243252002281161,0.5920076496555493,0.3453695975009127,0.0,0.0,0.0,numerical diagnostic,true,
uniform_classes,3,8.45,pooling,0.0,0.0,0.0,0.0,0.0,1.0000000000000002,0.5,0.0,0.0,0.0,analytical (pooling exists: e0 Delta_T/2 <= k),true,
uniform_classes,3,8.452,asymmetric_discontinuity,1.0,-0.202959984068,0.0,0.0,0.0,1.0,0.5,0.0,0.0,0.02,rejected,false,Psi sign change without root at a region boundary
uniform_classes,3,8.452,full_orders,1.0,-1.0,0.10185373441702214,0.07379144782527025,0.6236853170191842,0.5925850623319117,0.34566211961682874,0.0,0.0,0.0,numerical diagnostic,true,
uniform_classes,3,8.452,pooling,0.0,0.0,0.0,0.0,0.0,1.0000000000000002,0.5,0.0,0.0,0.0,analytical (pooling exists: e0 Delta_T/2 <= k),true,
uniform_classes,3,8.454,asymmetric_discontinuity,1.0,-0.210272606474,0.0,0.0,0.0,1.0000000000000002,0.5,0.0,0.0,0.02,rejected,false,Psi sign change without root at a region boundary
uniform_classes,3,8.454,full_orders,1.0,-1.0,0.10170877622917729,0.07369774499818783,0.62304073621468,0.5931648950832911,0.34595611053218817,0.0,0.0,0.0,numerical diagnostic,true,
uniform_classes,3,8.454,pooling,0.0,0.0,0.0,0.0,0.0,1.0000000000000002,0.5,0.0,0.0,0.0,analytical (pooling exists: e0 Delta_T/2 <= k),true,
uniform_classes,3,8.456,asymmetric_discontinuity,1.0,-0.217612064252,0.0,0.0,0.0,1.0000000000000002,0.4999999999999999,0.0,0.0,0.02,rejected,false,Psi sign change without root at a region boundary
uniform_classes,3,8.456,full_orders,1.0,-1.0,0.10156320781102113,0.07360352590136209,0.6223914150219177,0.5937471687559157,0.34625158183965404,0.0,0.0,0.0,numerical diagnostic,true,
uniform_classes,3,8.456,pooling,0.0,0.0,0.0,0.0,0.0,1.0000000000000002,0.5,0.0,0.0,0.0,analytical (pooling exists: e0 Delta_T/2 <= k),true,
uniform_classes,3,8.458,asymmetric_discontinuity,1.0,-0.224978555085,0.09637500000000014,0.06250000000000029,0.5286250000000025,0.6144999999999997,0.4068348250610236,0.0,0.0,0.1531255051143009,rejected,false,Psi sign change without root at a region boundary
uniform_classes,3,8.458,full_orders,1.0,-1.0,0.10141702388565407,0.07350878577653719,0.6217373100979515,0.5943319044573839,0.3465485452642732,0.0,0.0,0.0,numerical diagnostic,true,
uniform_classes,3,8.458,pooling,0.0,0.0,0.0,0.0,0.0,1.0000000000000002,0.5,0.0,0.0,0.0,analytical (pooling exists: e0 Delta_T/2 <= k),true,
uniform_classes,3,8.460,asymmetric_discontinuity,1.0,-0.232372278848,0.09625000000000261,0.0625000000000057,0.5287500000000483,0.6149999999999897,0.4065040650406203,0.0,0.0,0.15109960090339764,rejected,false,Psi sign change without root at a region boundary
uniform_classes,3,8.460,full_orders,1.0,-1.0,0.10127021910976317,0.073413519803833,0.6210783775404272,0.5949191235609477,0.34684701266545964,0.0,0.0,0.0,numerical diagnostic,true,
uniform_classes,3,8.460,pooling,0.0,0.0,0.0,0.0,0.0,1.0000000000000002,0.5,0.0,0.0,0.0,analytical (pooling exists: e0 Delta_T/2 <= k),true,
uniform_classes,3,8.462,asymmetric_discontinuity,1.0,-0.239793437641,0.09612500000000215,0.06250000000000462,0.5288750000000391,0.6154999999999916,0.40617384240452487,0.0,0.0,0.14907762898526467,rejected,false,Psi sign change without root at a region boundary
uniform_classes,3,8.462,full_orders,1.0,-1.0,0.10112278807253056,0.07331772310071545,0.6204145728782541,0.5955088477098781,0.34714699603901317,0.0,0.0,0.0,numerical diagnostic,true,
uniform_classes,3,8.462,pooling,0.0,0.0,0.0,0.0,0.0,1.0000000000000002,0.5,0.0,0.0,0.0,analytical (pooling exists: e0 Delta_T/2 <= k),true,
uniform_classes,3,8.464,asymmetric_discontinuity,1.0,-0.247242235823,0.09600000000000242,0.06250000000000518,0.5290000000000439,0.6159999999999907,0.4058441558441286,0.0,0.0,0.14705965183302944,rejected,false,Psi sign change without root at a region boundary
uniform_classes,3,8.464,full_orders,1.0,-1.0,0.10097472529451855,0.07322139072094509,0.6197458510620792,0.596101098821926,0.3474485075191772,0.0,0.0,0.0,numerical diagnostic,true,
uniform_classes,3,8.464,pooling,0.0,0.0,0.0,0.0,0.0,1.0000000000000002,0.5,0.0,0.0,0.0,analytical (pooling exists: e0 Delta_T/2 <= k),true,
uniform_classes,3,8.466,asymmetric_discontinuity,1.0,-0.254718880044,0.09587500000000088,0.06250000000000183,0.5291250000000155,0.6164999999999966,0.40551500405514046,0.0,0.0,0.14504573258979436,rejected,false,Psi sign change without root at a region boundary
uniform_classes,3,8.466,full_orders,1.0,-1.0,0.10082602522653324,0.07312451765350472,0.619072166454571,0.5966958990938673,0.34775155938073365,0.0,0.0,0.0,numerical diagnostic,true,
uniform_classes,3,8.466,pooling,0.0,0.0,0.0,0.0,0.0,1.0000000000000002,0.5,0.0,0.0,0.0,analytical (pooling exists: e0 Delta_T/2 <= k),true,
uniform_classes,3,8.468,asymmetric_discontinuity,1.0,-0.262223579281,0.09575000000000017,0.06250000000000028,0.5292500000000023,0.6169999999999995,0.4051863857374379,0.0,0.0,0.14303593507654633,rejected,false,Psi sign change without root at a region boundary
uniform_classes,3,8.468,full_orders,1.0,-1.0,0.1006766822484641,0.0730270988215044,0.6183934728204993,0.5972932710061438,0.3480561640411384,0.0,0.0,0.0,numerical diagnostic,true,
uniform_classes,3,8.468,pooling,0.0,0.0,0.0,0.0,0.0,1.0000000000000002,0.5,0.0,0.0,0.0,analytical (pooling exists: e0 Delta_T/2 <= k),true,
uniform_classes,3,8.470,asymmetric_discontinuity,1.0,-0.269756544872,0.09562500000000043,0.06250000000000094,0.529375000000008,0.6174999999999986,0.4048582995951367,0.0,0.0,0.14103032380081476,rejected,false,Psi sign change without root at a region boundary
uniform_classes,3,8.470,full_orders,1.0,-1.0,0.10052669066810005,0.07292912908106393,0.6177097233166116,0.5978932373276001,0.3483623340626964,0.0,0.0,0.0,numerical diagnostic,true,
uniform_classes,3,8.470,pooling,0.0,0.0,0.0,0.0,0.0,1.0000000000000002,0.5,0.0,0.0,0.0,analytical (pooling exists: e0 Delta_T/2 <= k),true,
uniform_classes,3,8.472,asymmetric_discontinuity,1.0,-0.277317990552,0.09550000000000194,0.06250000000000396,0.5295000000000335,0.6179999999999924,0.4045307443365492,0.0,0.0,0.13902896396514317,rejected,false,Psi sign change without root at a region boundary
uniform_classes,3,8.472,full_orders,1.0,-1.0,0.10037604471992137,0.07283060322017225,0.6170208704812993,0.5984958211203149,0.34867008215477746,0.0,0.0,0.0,numerical diagnostic,true,
uniform_classes,3,8.472,pooling,0.0,0.0,0.0,0.0,0.0,1.0000000000000002,0.5,0.0,0.0,0.0,analytical (pooling exists: e0 Delta_T/2 <= k),true,
uniform_classes,3,8.474,asymmetric_discontinuity,1.0,-0.284908132489,0.09537500000000108,0.06250000000000228,0.5296250000000193,0.6184999999999959,0.4042037186741999,0.0,0.0,0.13703192147584564,rejected,false,Psi sign change without root at a region boundary
uniform_classes,3,8.474,full_orders,1.0,-1.0,0.10022473856386556,0.07273151595752222,0.6163268662240433,0.599101045744538,0.34897942117607694,0.0,0.0,0.0,numerical diagnostic,true,
uniform_classes,3,8.474,pooling,0.0,0.0,0.0,0.0,0.0,1.0000000000000002,0.5,0.0,0.0,0.0,analytical (pooling exists: e0 Delta_T/2 <= k),true,
uniform_classes,3,8.476,asymmetric_discontinuity,1.0,-0.292527189322,0.0,0.0,0.0,1.0,0.5,0.0,0.0,0.02,rejected,false,Psi sign change without root at a region boundary
uniform_classes,3,8.476,full_orders,1.0,-1.0,0.1000727662840694,0.07263186194132233,0.6156276618146481,0.5997089348637227,0.34929036413691444,0.0,0.0,0.0,numerical diagnostic,true,
uniform_classes,3,8.476,pooling,0.0,0.0,0.0,0.0,0.0,1.0000000000000002,0.5,0.0,0.0,0.0,analytical (pooling exists: e0 Delta_T/2 <= k),true,
uniform_classes,3,8.478,asymmetric_discontinuity,1.0,-0.300175382199,0.095125,0.06250000000000004,0.5298750000000003,0.6195000000000003,0.40355125100887784,0.0,0.0,0.13305105573232623,rejected,false,Psi sign change without root at a region boundary
uniform_classes,3,8.478,full_orders,1.0,-1.0,0.09992012188758337,0.07253163574808223,0.6149232078722412,0.6003195124496667,0.34960292420158146,0.0,0.0,0.0,numerical diagnostic,true,
uniform_classes,3,8.478,pooling,0.0,0.0,0.0,0.0,0.0,1.0000000000000002,0.5,0.0,0.0,0.0,analytical (pooling exists: e0 Delta_T/2 <= k),true,
uniform_classes,3,8.480,asymmetric_discontinuity,1.0,-0.307852934813,0.0,0.0,0.0,1.0000000000000002,0.4999999999999999,0.0,0.0,0.02,rejected,false,Psi sign change without root at a region boundary
uniform_classes,3,8.480,full_orders,1.0,-1.0,0.09976679930305887,0.07243083188137261,0.6142134543540398,0.6009328027877647,0.34991711469073267,0.0,0.0,0.0,numerical diagnostic,true,
uniform_classes,3,8.480,pooling,0.0,0.0,0.0,0.0,0.0,1.0000000000000002,0.5,0.0,0.0,0.0,analytical (pooling exists: e0 Delta_T/2 <= k),true,
uniform_classes,3,8.482,asymmetric_discontinuity,1.0,-0.315560073445,0.0,0.0,0.0,1.0000000000000002,0.5,0.0,0.0,0.02,rejected,false,Psi sign change without root at a region boundary
uniform_classes,3,8.482,full_orders,1.0,-1.0,0.09961279237940998,0.07232944477055996,0.6134983505438895,0.6015488304823604,0.3502329490838206,0.0,0.0,0.0,numerical diagnostic,true,
uniform_classes,3,8.482,pooling,0.0,0.0,0.0,0.0,0.0,1.0000000000000002,0.5,0.0,0.0,0.0,analytical (pooling exists: e0 Delta_T/2 <= k),true,
uniform_classes,3,8.484,asymmetric_discontinuity,1.0,-0.323297027001,0.0,0.0,0.0,1.0000000000000002,0.5,0.0,0.0,0.02,rejected,false,Psi sign change without root at a region boundary
uniform_classes,3,8.484,full_orders,1.0,-1.0,0.09945809488444418,0.07222746876951268,0.6127778450405456,0.6021676204622235,0.35055044102158267,0.0,0.0,0.0,numerical diagnostic,true,
uniform_classes,3,8.484,pooling,0.0,0.0,0.0,0.0,0.0,1.0000000000000002,0.5,0.0,0.0,0.0,analytical (pooling exists: e0 Delta_T/2 <= k),true,
uniform_classes,3,8.486,asymmetric_discontinuity,1.0,-0.331064027054,0.09462500000000038,0.06250000000000085,0.5303750000000073,0.6214999999999988,0.40225261464199064,0.0,0.0,0.1251441124698031,rejected,false,Psi sign change without root at a region boundary
uniform_classes,3,8.486,full_orders,1.0,-1.0,0.09930270050346661,0.07212489815528114,0.6120518857457158,0.6027891979861338,0.35086960430857095,0.0,0.0,0.0,numerical diagnostic,true,
uniform_classes,3,8.486,pooling,0.0,0.0,0.0,0.0,0.0,1.0000000000000002,0.5,0.0,0.0,0.0,analytical (pooling exists: e0 Delta_T/2 <= k),true,
uniform_classes,3,8.488,asymmetric_discontinuity,1.0,-0.338861307885,0.0,0.0,0.0,1.0000000000000004,0.4999999999999999,0.0,0.0,0.02,rejected,false,Psi sign change without root at a region boundary
uniform_classes,3,8.488,full_orders,1.0,-1.0,0.09914660283785331,0.07202172712674845,0.6113204198518408,0.603413588648587,0.3511904529157351,0.0,0.0,0.0,numerical diagnostic,true,
uniform_classes,3,8.488,pooling,0.0,0.0,0.0,0.0,0.0,1.0000000000000002,0.5,0.0,0.0,0.0,analytical (pooling exists: e0 Delta_T/2 <= k),true,
uniform_classes,3,8.490,asymmetric_discontinuity,1.0,-0.346689106527,0.0,0.0,0.0,1.0000000000000004,0.4999999999999998,0.0,0.0,0.02,rejected,false,Psi sign change without root at a region boundary
uniform_classes,3,8.490,full_orders,1.0,-1.0,0.09898979540359343,0.07191794980325186,0.6105833938296084,0.6040408183856265,0.351513000983056,0.0,0.0,0.0,numerical diagnostic,true,
uniform_classes,3,8.490,pooling,0.0,0.0,0.0,0.0,0.0,1.0000000000000002,0.5,0.0,0.0,0.0,analytical (pooling exists: e0 Delta_T/2 <= k),true,
uniform_classes,3,8.492,asymmetric_discontinuity,1.0,-0.354547662807,0.0,0.0,0.0,1.0000000000000002,0.4999999999999999,0.0,0.0,0.02,rejected,false,Psi sign change without root at a region boundary
uniform_classes,3,8.492,full_orders,1.0,-1.0,0.09883227162980245,0.07181356022317574,0.6098407534152085,0.6046709134807906,0.35183726282222744,0.0,0.0,0.0,numerical diagnostic,true,
uniform_classes,3,8.492,pooling,0.0,0.0,0.0,0.0,0.0,1.0000000000000002,0.5,0.0,0.0,0.0,analytical (pooling exists: e0 Delta_T/2 <= k),true,
uniform_classes,3,8.494,asymmetric_discontinuity,1.0,-0.362437219389,0.0,0.0,0.0,1.0000000000000002,0.4999999999999999,0.0,0.0,0.02,rejected,false,Psi sign change without root at a region boundary
uniform_classes,3,8.494,full_orders,1.0,-1.0,0.09867402485720125,0.0717085523425126,0.609092443597302,0.6053039005711952,0.3521632529193944,0.0,0.0,0.0,numerical diagnostic,true,
uniform_classes,3,8.494,pooling,0.0,0.0,0.0,0.0,0.0,1.0000000000000002,0.5,0.0,0.0,0.0,analytical (pooling exists: e0 Delta_T/2 <= k),true,
uniform_classes,3,8.496,asymmetric_discontinuity,1.0,-0.370358021822,0.09400000000000355,0.06250000000000722,0.5310000000000613,0.6239999999999861,0.4006410256409884,0.0,0.0,0.11536897962525179,rejected,false,Psi sign change without root at a region boundary
uniform_classes,3,8.496,full_orders,1.0,-1.0,0.09851504833656297,0.07160292003339311,0.6083384086037079,0.6059398066537485,0.3524909859379453,0.0,0.0,0.0,numerical diagnostic,true,
uniform_classes,3,8.496,pooling,0.0,0.0,0.0,0.0,0.0,1.0000000000000002,0.5,0.0,0.0,0.0,analytical (pooling exists: e0 Delta_T/2 <= k),true,
uniform_classes,3,8.498,asymmetric_discontinuity,1.0,-0.378310318581,0.09387500000000154,0.06250000000000296,0.531125000000025,0.6244999999999942,0.40032025620494904,0.0,0.0,0.11342915454488167,rejected,false,Psi sign change without root at a region boundary
uniform_classes,3,8.498,full_orders,1.0,-1.0,0.09835533522712725,0.07149665708258472,0.6075785918878049,0.6065786590914912,0.3528204767213567,0.0,0.0,0.0,numerical diagnostic,true,
uniform_classes,3,8.498,pooling,0.0,0.0,0.0,0.0,0.0,1.0000000000000002,0.5,0.0,0.0,0.0,analytical (pooling exists: e0 Delta_T/2 <= k),true,
uniform_classes,3,8.5,asymmetric_discontinuity,1.0,-0.38629436112,0.09375000000000089,0.06250000000000173,0.5312500000000148,0.6249999999999967,0.39999999999999125,0.0,0.0,0.11149457182218481,rejected,false,Psi sign change without root at a region boundary
uniform_classes,3,8.5,full_orders,1.0,-1.0,0.09819487859497797,0.07138975718995587,0.6068129361146248,0.6072204856200883,0.35315174029609925,0.0,0.0,0.0,numerical diagnostic,true,
uniform_classes,3,8.5,pooling,0.0,0.0,0.0,0.0,0.0,1.0000000000000002,0.5,0.0,0.0,0.0,analytical (pooling exists: e0 Delta_T/2 <= k),true,
uniform_classes,3,8.502,asymmetric_discontinuity,1.0,-0.394310403915,0.09362500000000018,0.06250000000000046,0.5313750000000039,0.6254999999999996,0.39968025579536115,0.0,0.0,0.10956530820389687,rejected,false,Psi sign change without root at a region boundary
uniform_classes,3,8.502,full_orders,1.0,-1.0,0.09803367141138766,0.07128221396690773,0.6060413831466496,0.6078653143544497,0.3534847918745972,0.0,0.0,0.0,numerical diagnostic,true,
uniform_classes,3,8.502,pooling,0.0,0.0,0.0,0.0,0.0,1.0000000000000002,0.5,0.0,0.0,0.0,analytical (pooling exists: e0 Delta_T/2 <= k),true,
uniform_classes,3,8.504,asymmetric_discontinuity,1.0,-0.402358704514,0.0,0.0,0.0,1.0000000000000002,0.4999999999999999,0.0,0.0,0.02,rejected,false,Psi sign change without root at a region boundary
uniform_classes,3,8.504,full_orders,1.0,-1.0,0.09787170655112436,0.07117402093477045,0.6052638740292878,0.6085131737955028,0.35381964685825107,0.0,0.0,0.0,numerical diagnostic,true,
uniform_classes,3,8.504,pooling,0.0,0.0,0.0,0.0,0.0,1.0000000000000002,0.5,0.0,0.0,0.0,analytical (pooling exists: e0 Delta_T/2 <= k),true,
uniform_classes,3,8.506,asymmetric_discontinuity,1.0,-0.410439523588,0.0,0.0,0.0,1.0000000000000004,0.4999999999999998,0.0,0.0,0.02,rejected,false,Psi sign change without root at a region boundary
uniform_classes,3,8.506,full_orders,1.0,-1.0,0.09770897679072059,0.07106517152316323,0.6044803489760264,0.6091640928371179,0.354156320840521,0.0,0.0,0.0,numerical diagnostic,true,
uniform_classes,3,8.506,pooling,0.0,0.0,0.0,0.0,0.0,1.0000000000000002,0.5,0.0,0.0,0.0,analytical (pooling exists: e0 Delta_T/2 <= k),true,
uniform_classes,3,8.508,asymmetric_discontinuity,1.0,-0.41855312498,0.09325000000000283,0.06250000000000543,0.5317500000000461,0.6269999999999889,0.3987240829345819,0.0,0.0,0.10381021227514009,rejected,false,Psi sign change without root at a region boundary
uniform_classes,3,8.508,full_orders,1.0,-1.0,0.09754547480670635,0.07095565906831945,0.6036907473532618,0.6098181007731749,0.3544948296100687,0.0,0.0,0.0,numerical diagnostic,true,
uniform_classes,3,8.508,pooling,0.0,0.0,0.0,0.0,0.0,1.0000000000000002,0.5,0.0,0.0,0.0,analytical (pooling exists: e0 Delta_T/2 <= k),true,
uniform_classes,3,8.510,asymmetric_discontinuity,1.0,-0.426699775755,0.09312500000000061,0.06250000000000114,0.5318750000000096,0.6274999999999978,0.39840637450198635,0.0,0.0,0.10190300973056163,rejected,false,Psi sign change without root at a region boundary
uniform_classes,3,8.510,full_orders,1.0,-1.0,0.09738119317379978,0.07084547681137206,0.6028950076647762,0.6104752273048012,0.35483518915396994,0.0,0.0,0.0,numerical diagnostic,true,
uniform_classes,3,8.510,pooling,0.0,0.0,0.0,0.0,0.0,1.0000000000000002,0.5,0.0,0.0,0.0,analytical (pooling exists: e0 Delta_T/2 <= k),true,
uniform_classes,3,8.512,asymmetric_discontinuity,1.0,-0.434879746258,0.09300000000000012,0.06250000000000029,0.5320000000000025,0.6279999999999998,0.39808917197452076,0.0,0.0,0.10000152301480003,rejected,false,Psi sign change without root at a region boundary
uniform_classes,3,8.512,full_orders,1.0,-1.0,0.09721612436306035,0.07073461789660226,0.6020930675358785,0.6111355025477588,0.3551774156609863,0.0,0.0,0.0,numerical diagnostic,true,
uniform_classes,3,8.512,pooling,0.0,0.0,0.0,0.0,0.0,1.0000000000000002,0.5,0.0,0.0,0.0,analytical (pooling exists: e0 Delta_T/2 <= k),true,
uniform_classes,3,8.514,asymmetric_discontinuity,1.0,-0.443093310163,0.0,0.0,0.0,1.0000000000000002,0.4999999999999999,0.0,0.0,0.02,rejected,false,Psi sign change without root at a region boundary
uniform_classes,3,8.514,full_orders,1.0,-1.0,0.09705026073999891,0.07062307536964758,0.6012848636971795,0.6117989570400046,0.3555215255249076,0.0,0.0,0.0,numerical diagnostic,true,
uniform_classes,3,8.514,pooling,0.0,0.0,0.0,0.0,0.0,1.0000000000000002,0.5,0.0,0.0,0.0,analytical (pooling exists: e0 Delta_T/2 <= k),true,
uniform_classes,3,8.516,asymmetric_discontinuity,1.0,-0.451340744531,0.0,0.0,0.0,1.0000000000000004,0.4999999999999998,0.0,0.0,0.02,rejected,false,Psi sign change without root at a region boundary
uniform_classes,3,8.516,full_orders,1.0,-1.0,0.09688359456264523,0.07051084217566904,0.6004703319679975,0.6124656217494194,0.35586753534796356,0.0,0.0,0.0,numerical diagnostic,true,
uniform_classes,3,8.516,pooling,0.0,0.0,0.0,0.0,0.0,1.0000000000000002,0.5,0.0,0.0,0.0,analytical (pooling exists: e0 Delta_T/2 <= k),true,
uniform_classes,3,8.518,asymmetric_discontinuity,1.0,-0.459622329863,0.0,0.0,0.0,1.0000000000000004,0.4999999999999999,0.0,0.0,0.02,rejected,false,Psi sign change without root at a region boundary
uniform_classes,3,8.518,full_orders,1.0,-1.0,0.0967161179795734,0.07039791115747769,0.599649407239395,0.6131355280817067,0.35621546194430315,0.0,0.0,0.0,numerical diagnostic,true,
uniform_classes,3,8.518,pooling,0.0,0.0,0.0,0.0,0.0,1.0000000000000002,0.5,0.0,0.0,0.0,analytical (pooling exists: e0 Delta_T/2 <= k),true,
uniform_classes,3,8.520,asymmetric_discontinuity,1.0,-0.46793835016,0.0,0.0,0.0,1.0000000000000002,0.4999999999999999,0.0,0.0,0.02,rejected,false,Psi sign change without root at a region boundary
uniform_classes,3,8.520,full_orders,1.0,-1.0,0.09654782302788098,0.0702842750536172,0.5988220234568186,0.6138087078884763,0.3565653223435482,0.0,0.0,0.0,numerical diagnostic,true,
uniform_classes,3,8.520,pooling,0.0,0.0,0.0,0.0,0.0,1.0000000000000002,0.5,0.0,0.0,0.0,analytical (pooling exists: e0 Delta_T/2 <= k),true,
uniform_classes,3,8.522,asymmetric_discontinuity,1.0,-0.476289092981,0.0,0.0,0.0,1.0,0.5,0.0,0.0,0.02,rejected,false,Psi sign change without root at a region boundary
uniform_classes,3,8.522,full_orders,1.0,-1.0,0.09637870163112197,0.07016992649640226,0.59798811360234,0.6144851934755124,0.3569171337944226,0.0,0.0,0.0,numerical diagnostic,true,
uniform_classes,3,8.522,pooling,0.0,0.0,0.0,0.0,0.0,1.0000000000000002,0.5,0.0,0.0,0.0,analytical (pooling exists: e0 Delta_T/2 <= k),true,
uniform_classes,3,8.524,asymmetric_discontinuity,1.0,-0.484674849501,0.0,0.0,0.0,1.0000000000000002,0.5,0.0,0.0,0.02,rejected,false,Psi sign change without root at a region boundary
uniform_classes,3,8.524,full_orders,1.0,-1.0,0.09620874559719457,0.07005485800991317,0.5971476096764997,0.615165017611222,0.3572709137684526,0.0,0.0,0.0,numerical diagnostic,true,
uniform_classes,3,8.524,pooling,0.0,0.0,0.0,0.0,0.0,1.0000000000000002,0.5,0.0,0.0,0.0,analytical (pooling exists: e0 Delta_T/2 <= k),true,
uniform_classes,3,8.526,asymmetric_discontinuity,1.0,-0.493095914574,0.0,0.0,0.0,1.0,0.5000000000000001,0.0,0.0,0.02,rejected,false,Psi sign change without root at a region boundary
uniform_classes,3,8.526,full_orders,1.0,-1.0,0.09603794661617737,0.06993906200794174,0.5963004426797113,0.6158482135352907,0.357626679963751,0.0,0.0,0.0,numerical diagnostic,true,
uniform_classes,3,8.526,pooling,0.0,0.0,0.0,0.0,0.0,1.0000000000000002,0.5,0.0,0.0,0.0,analytical (pooling exists: e0 Delta_T/2 <= k),true,
uniform_classes,3,8.528,asymmetric_discontinuity,1.0,-0.501552586793,0.0,0.0,0.0,1.0000000000000002,0.4999999999999999,0.0,0.0,0.02,rejected,false,Psi sign change without root at a region boundary
uniform_classes,3,8.528,full_orders,1.0,-1.0,0.09586629625811872,0.06982253079189157,0.5954465425932514,0.6165348149675254,0.3579844503088755,0.0,0.0,0.0,numerical diagnostic,true,
uniform_classes,3,8.528,pooling,0.0,0.0,0.0,0.0,0.0,1.0000000000000002,0.5,0.0,0.0,0.0,analytical (pooling exists: e0 Delta_T/2 <= k),true,
uniform_classes,3,8.530,asymmetric_discontinuity,1.0,-0.510045168556,0.0,0.0,0.0,1.0000000000000002,0.4999999999999999,0.0,0.0,0.02,rejected,false,Psi sign change without root at a region boundary
uniform_classes,3,8.530,full_orders,1.0,-1.0,0.09569378597077277,0.06970525654862778,0.5945858383597948,0.6172248561169092,0.35834424296677275,0.0,0.0,0.0,numerical diagnostic,true,
uniform_classes,3,8.530,pooling,0.0,0.0,0.0,0.0,0.0,1.0000000000000002,0.5,0.0,0.0,0.0,analytical (pooling exists: e0 Delta_T/2 <= k),true,
uniform_classes,3,8.532,asymmetric_discontinuity,1.0,-0.518573966129,0.09175000000000014,0.06250000000000028,0.5332500000000023,0.6329999999999998,0.3949447077409147,0.0,0.0,0.08131953714758541,rejected,false,Psi sign change without root at a region boundary
uniform_classes,3,8.532,full_orders,1.0,-1.0,0.09552040707728296,0.06958723134827625,0.593718257863493,0.6179183716908684,0.35870607633880564,0.0,0.0,0.0,numerical diagnostic,true,
uniform_classes,3,8.532,pooling,0.0,0.0,0.0,0.0,0.0,1.0000000000000002,0.5,0.0,0.0,0.0,analytical (pooling exists: e0 Delta_T/2 <= k),true,
uniform_classes,3,8.534,asymmetric_discontinuity,1.0,-0.527139289713,0.09162500000000016,0.06250000000000029,0.5333750000000025,0.6334999999999996,0.39463299131807283,0.0,0.0,0.07948654683601555,rejected,false,Psi sign change without root at a region boundary
uniform_classes,3,8.534,full_orders,1.0,-1.0,0.09534615077381325,0.06946844714197237,0.5928437279095923,0.6186153969047472,0.3590699690688641,0.0,0.0,0.0,numerical diagnostic,true,
uniform_classes,3,8.534,pooling,0.0,0.0,0.0,0.0,0.0,1.0000000000000002,0.5,0.0,0.0,0.0,analytical (pooling exists: e0 Delta_T/2 <= k),true,
uniform_classes,3,8.536,asymmetric_discontinuity,1.0,-0.535741453512,0.0915000000000019,0.06250000000000364,0.5335000000000311,0.6339999999999927,0.394321766561496,0.0,0.0,0.07766032018610297,rejected,false,Psi sign change without root at a region boundary
uniform_classes,3,8.536,full_orders,1.0,-1.0,0.09517100812712131,0.06934889575955465,0.5919621742035585,0.619315967491515,0.35943594004756774,0.0,0.0,0.0,numerical diagnostic,true,
uniform_classes,3,8.536,pooling,0.0,0.0,0.0,0.0,0.0,1.0000000000000002,0.5,0.0,0.0,0.0,analytical (pooling exists: e0 Delta_T/2 <= k),true,
uniform_classes,3,8.538,asymmetric_discontinuity,1.0,-0.544380775801,0.09137500000000169,0.06250000000000316,0.533625000000027,0.6344999999999934,0.39401103230888895,0.0,0.0,0.07584095112234579,rejected,false,Psi sign change without root at a region boundary
uniform_classes,3,8.538,full_orders,1.0,-1.0,0.09499497007207619,0.06922856890720476,0.5910735213297142,0.6200201197116955,0.3598040084165563,0.0,0.0,0.0,numerical diagnostic,true,
uniform_classes,3,8.538,pooling,0.0,0.0,0.0,0.0,0.0,1.0000000000000002,0.5,0.0,0.0,0.0,analytical (pooling exists: e0 Delta_T/2 <= k),true,
uniform_classes,3,8.540,asymmetric_discontinuity,1.0,-0.553057578998,0.09124999999999997,0.06250000000000006,0.5337500000000004,0.6350000000000002,0.39370078740157444,0.0,0.0,0.07402853465088327,rejected,false,Psi sign change without root at a region boundary
uniform_classes,3,8.540,full_orders,1.0,-1.0,0.09481802740911663,0.06910745816503072,0.5901776927293623,0.6207278903635337,0.3601741935728742,0.0,0.0,0.0,numerical diagnostic,true,
uniform_classes,3,8.540,pooling,0.0,0.0,0.0,0.0,0.0,1.0000000000000002,0.5,0.0,0.0,0.0,analytical (pooling exists: e0 Delta_T/2 <= k),true,
uniform_classes,3,8.542,asymmetric_discontinuity,1.0,-0.561772189736,0.09112500000000082,0.0625000000000015,0.5338750000000128,0.635499999999997,0.393391030684493,0.0,0.0,0.07222316687450331,rejected,false,Psi sign change without root at a region boundary
uniform_classes,3,8.542,full_orders,1.0,-1.0,0.09464017080164888,0.06898555498459204,0.5892746106783852,0.6214393167934047,0.36054651517345054,0.0,0.0,0.0,numerical diagnostic,true,
uniform_classes,3,8.542,pooling,0.0,0.0,0.0,0.0,0.0,1.0000000000000002,0.5,0.0,0.0,0.0,analytical (pooling exists: e0 Delta_T/2 <= k),true,
uniform_classes,3,8.544,asymmetric_discontinuity,1.0,-0.570524938935,0.0,0.0,0.0,1.0000000000000004,0.4999999999999999,0.0,0.0,0.02,rejected,false,Psi sign change without root at a region boundary
uniform_classes,3,8.544,full_orders,1.0,-1.0,0.09446139077338292,0.0688628506863656,0.5883641962643078,0.6221544369064687,0.3609209931396747,0.0,0.0,0.0,numerical diagnostic,true,
uniform_classes,3,8.544,pooling,0.0,0.0,0.0,0.0,0.0,1.0000000000000002,0.5,0.0,0.0,0.0,analytical (pooling exists: e0 Delta_T/2 <= k),true,
uniform_classes,3,8.546,asymmetric_discontinuity,1.0,-0.579316161882,0.09087500000000365,0.06250000000000662,0.5341250000000566,0.6364999999999857,0.39277297721913484,0.0,0.0,0.06863396739379471,rejected,false,Psi sign change without root at a region boundary
uniform_classes,3,8.546,full_orders,1.0,-1.0,0.0942816777056037,0.0687393364571496,0.5874463693628004,0.6228732891775856,0.3612976476620763,0.0,0.0,0.0,numerical diagnostic,true,
uniform_classes,3,8.546,pooling,0.0,0.0,0.0,0.0,0.0,1.0000000000000002,0.5,0.0,0.0,0.0,analytical (pooling exists: e0 Delta_T/2 <= k),true,
uniform_classes,3,8.548,asymmetric_discontinuity,1.0,-0.5881461983,0.09075000000000166,0.06250000000000298,0.5342500000000255,0.6369999999999935,0.39246467817894937,0.0,0.0,0.06685033351720976,rejected,false,Psi sign change without root at a region boundary
uniform_classes,3,8.548,full_orders,1.0,-1.0,0.09410102183437796,0.06861500334740499,0.5865210486136179,0.6235959126624884,0.3616764992051034,0.0,0.0,0.0,numerical diagnostic,true,
uniform_classes,3,8.548,pooling,0.0,0.0,0.0,0.0,0.0,1.0000000000000002,0.5,0.0,0.0,0.0,analytical (pooling exists: e0 Delta_T/2 <= k),true,
uniform_classes,3,8.55,asymmetric_discontinuity,1.0,-0.597015392435,0.0,0.0,0.0,1.0000000000000002,0.4999999999999999,0.0,0.0,0.02,rejected,false,Psi sign change without root at a region boundary
uniform_classes,3,8.55,full_orders,1.0,-1.0,0.09391941324769232,0.06848984226853157,0.585588151395945,0.624322347009231,0.3620575685120106,0.0,0.0,0.0,numerical diagnostic,true,
uniform_classes,3,8.55,pooling,0.0,0.0,0.0,0.0,0.0,1.0000000000000002,0.5,0.0,0.0,0.0,analytical (pooling exists: e0 Delta_T/2 <= k),true,
uniform_classes,3,8.552,asymmetric_discontinuity,1.0,-0.605924093134,0.0,0.0,0.0,1.0000000000000002,0.5,0.0,0.0,0.02,rejected,false,Psi sign change without root at a region boundary
uniform_classes,3,8.552,full_orders,1.0,-1.0,0.0937368418825231,0.06836384399007796,0.5846475938031467,0.6250526324699079,0.3624408766098508,0.0,0.0,0.0,numerical diagnostic,true,
uniform_classes,3,8.552,pooling,0.0,0.0,0.0,0.0,0.0,1.0000000000000002,0.5,0.0,0.0,0.0,analytical (pooling exists: e0 Delta_T/2 <= k),true,
uniform_classes,3,8.554,asymmetric_discontinuity,1.0,-0.614872653924,0.0,0.0,0.0,1.0,0.5,0.0,0.0,0.02,rejected,false,Psi sign change without root at a region boundary
uniform_classes,3,8.554,full_orders,1.0,-1.0,0.09355329752183222,0.06823699913688122,0.583699290616882,0.6257868099126714,0.36282644481458537,0.0,0.0,0.0,numerical diagnostic,true,
uniform_classes,3,8.554,pooling,0.0,0.0,0.0,0.0,0.0,1.0000000000000002,0.5,0.0,0.0,0.0,analytical (pooling exists: e0 Delta_T/2 <= k),true,
uniform_classes,3,8.556,asymmetric_discontinuity,1.0,-0.6238614331,0.09025000000000158,0.06250000000000278,0.5347500000000237,0.6389999999999939,0.391236306729251,0.0,0.0,0.05979126601233978,rejected,false,Psi sign change without root at a region boundary
uniform_classes,3,8.556,full_orders,1.0,-1.0,0.09336876979149285,0.06810929818613813,0.5827431552805978,0.6265249208340289,0.36321429473629946,0.0,0.0,0.0,numerical diagnostic,true,
uniform_classes,3,8.556,pooling,0.0,0.0,0.0,0.0,0.0,1.0000000000000002,0.5,0.0,0.0,0.0,analytical (pooling exists: e0 Delta_T/2 <= k),true,
uniform_classes,3,8.558,asymmetric_discontinuity,1.0,-0.632890793809,0.09012500000000104,0.06250000000000189,0.5348750000000161,0.6394999999999962,0.39093041438623,0.0,0.0,0.05804588425472418,rejected,false,Psi sign change without root at a region boundary
uniform_classes,3,8.558,full_orders,1.0,-1.0,0.093183248157136,0.06798073146440133,0.5817790998723466,0.6272670073714564,0.3636044482845432,0.0,0.0,0.0,numerical diagnostic,true,
uniform_classes,3,8.558,pooling,0.0,0.0,0.0,0.0,0.0,1.0000000000000002,0.5,0.0,0.0,0.0,analytical (pooling exists: e0 Delta_T/2 <= k),true,
uniform_classes,3,8.560,asymmetric_discontinuity,1.0,-0.64196110414,0.09000000000000297,0.0625000000000053,0.5350000000000454,0.6399999999999882,0.3906249999999742,0.0,0.0,0.05630846807196327,rejected,false,Psi sign change without root at a region boundary
uniform_classes,3,8.560,full_orders,1.0,-1.0,0.09299672192092105,0.06785128914450186,0.580807035076936,0.6280131123163161,0.36399692767378816,0.0,0.0,0.0,numerical diagnostic,true,
uniform_classes,3,8.560,pooling,0.0,0.0,0.0,0.0,0.0,1.0000000000000002,0.5,0.0,0.0,0.0,analytical (pooling exists: e0 Delta_T/2 <= k),true,
uniform_classes,3,8.562,asymmetric_discontinuity,1.0,-0.651072737211,0.0,0.0,0.0,1.0,0.5,0.0,0.0,0.02,rejected,false,Psi sign change without root at a region boundary
uniform_classes,3,8.562,full_orders,1.0,-1.0,0.09280918021822564,0.06772096124239425,0.5798268701573795,0.6287632791270977,0.36439175542900903,0.0,0.0,0.0,numerical diagnostic,true,
uniform_classes,3,8.562,pooling,0.0,0.0,0.0,0.0,0.0,1.0000000000000002,0.5,0.0,0.0,0.0,analytical (pooling exists: e0 Delta_T/2 <= k),true,
uniform_classes,3,8.564,asymmetric_discontinuity,1.0,-0.660226071266,0.0,0.0,0.0,1.0000000000000002,0.4999999999999999,0.0,0.0,0.02,rejected,false,Psi sign change without root at a region boundary
uniform_classes,3,8.564,full_orders,1.0,-1.0,0.09262061201425163,0.06758973761392129,0.5788385129256219,0.6295175519429937,0.36478895439139447,0.0,0.0,0.0,numerical diagnostic,true,
uniform_classes,3,8.564,pooling,0.0,0.0,0.0,0.0,0.0,1.0000000000000002,0.5,0.0,0.0,0.0,analytical (pooling exists: e0 Delta_T/2 <= k),true,
uniform_classes,3,8.566,asymmetric_discontinuity,1.0,-0.669421489763,0.0,0.0,0.0,1.0,0.5000000000000001,0.0,0.0,0.02,rejected,false,Psi sign change without root at a region boundary
uniform_classes,3,8.566,full_orders,1.0,-1.0,0.09243100610054801,0.06745760795149829,0.5778418697125344,0.6302759755978082,0.36518854772418435,0.0,0.0,0.0,numerical diagnostic,true,
uniform_classes,3,8.566,pooling,0.0,0.0,0.0,0.0,0.0,1.0000000000000002,0.5,0.0,0.0,0.0,analytical (pooling exists: e0 Delta_T/2 <= k),true,
uniform_classes,3,8.568,asymmetric_discontinuity,1.0,-0.678659381476,0.0,0.0,0.0,1.0000000000000002,0.4999999999999999,0.0,0.0,0.02,rejected,false,Psi sign change without root at a region boundary
uniform_classes,3,8.568,full_orders,1.0,-1.0,0.09224035109144448,0.06732456178071201,0.5768368453371405,0.6310385956342224,0.3655905589186449,0.0,0.0,0.0,numerical diagnostic,true,
uniform_classes,3,8.568,pooling,0.0,0.0,0.0,0.0,0.0,1.0000000000000002,0.5,0.0,0.0,0.0,analytical (pooling exists: e0 Delta_T/2 <= k),true,
uniform_classes,3,8.570,asymmetric_discontinuity,1.0,-0.687940140589,0.0,0.0,0.0,1.0000000000000002,0.5,0.0,0.0,0.02,rejected,false,Psi sign change without root at a region boundary
uniform_classes,3,8.570,full_orders,1.0,-1.0,0.09204863542039447,0.06719058845683241,0.5758233430750538,0.6318054583184224,0.3659950118001822,0.0,0.0,0.0,numerical diagnostic,true,
uniform_classes,3,8.570,pooling,0.0,0.0,0.0,0.0,0.0,1.0000000000000002,0.5,0.0,0.0,0.0,analytical (pooling exists: e0 Delta_T/2 <= k),true,
uniform_classes,3,8.572,asymmetric_discontinuity,1.0,-0.697264166801,0.08925000000000301,0.0625000000000051,0.5357500000000436,0.6429999999999881,0.38880248833590103,0.0,0.0,0.046057384030690124,rejected,false,Psi sign change without root at a region boundary
uniform_classes,3,8.572,full_orders,1.0,-1.0,0.09185584733622736,0.06705567716123648,0.574801264626119,0.6325766106550909,0.366401930534592,0.0,0.0,0.0,numerical diagnostic,true,
uniform_classes,3,8.572,pooling,0.0,0.0,0.0,0.0,0.0,1.0000000000000002,0.5,0.0,0.0,0.0,analytical (pooling exists: e0 Delta_T/2 <= k),true,
uniform_classes,3,8.574,asymmetric_discontinuity,1.0,-0.706631865425,0.0,0.0,0.0,1.0000000000000002,0.4999999999999999,0.0,0.0,0.02,rejected,false,Psi sign change without root at a region boundary
uniform_classes,3,8.574,full_orders,1.0,-1.0,0.09166197489930128,0.06691981689773735,0.5737705100812001,0.6333521004027952,0.36681133963446383,0.0,0.0,0.0,numerical diagnostic,true,
uniform_classes,3,8.574,pooling,0.0,0.0,0.0,0.0,0.0,1.0000000000000002,0.5,0.0,0.0,0.0,analytical (pooling exists: e0 Delta_T/2 <= k),true,
uniform_classes,3,8.576,asymmetric_discontinuity,1.0,-0.7160436475,0.0,0.0,0.0,1.0,0.5000000000000001,0.0,0.0,0.02,rejected,false,Psi sign change without root at a region boundary
uniform_classes,3,8.576,full_orders,1.0,-1.0,0.09146700597756087,0.06678299648882098,0.5727309778881288,0.6341319760897568,0.3672232639657261,0.0,0.0,0.0,numerical diagnostic,true,
uniform_classes,3,8.576,pooling,0.0,0.0,0.0,0.0,0.0,1.0000000000000002,0.5,0.0,0.0,0.0,analytical (pooling exists: e0 Delta_T/2 <= k),true,
uniform_classes,3,8.578,asymmetric_discontinuity,1.0,-0.725499929892,0.0,0.0,0.0,1.0000000000000002,0.5,0.0,0.0,0.02,rejected,false,Psi sign change without root at a region boundary
uniform_classes,3,8.578,full_orders,1.0,-1.0,0.09127092824249064,0.066645204571783,0.5716825648167545,0.6349162870300378,0.3676377287543502,0.0,0.0,0.0,numerical diagnostic,true,
uniform_classes,3,8.578,pooling,0.0,0.0,0.0,0.0,0.0,1.0000000000000002,0.5,0.0,0.0,0.0,analytical (pooling exists: e0 Delta_T/2 <= k),true,
uniform_classes,3,8.580,asymmetric_discontinuity,1.0,-0.735001135409,0.0,0.0,0.0,1.0000000000000004,0.4999999999999999,0.0,0.0,0.02,rejected,false,Psi sign change without root at a region boundary
uniform_classes,3,8.580,full_orders,1.0,-1.0,0.09107372916496338,0.06650642959476442,0.5706251659230788,0.6357050833401467,0.3680547595932151,0.0,0.0,0.0,numerical diagnostic,true,
uniform_classes,3,8.580,pooling,0.0,0.0,0.0,0.0,0.0,1.0000000000000002,0.5,0.0,0.0,0.0,analytical (pooling exists: e0 Delta_T/2 <= k),true,
uniform_classes,3,8.582,asymmetric_discontinuity,1.0,-0.744547692915,0.0886250000000019,0.06250000000000354,0.5363750000000305,0.6454999999999925,0.3872966692486272,0.0,0.0,0.037754431862913135,rejected,false,Psi sign change without root at a region boundary
uniform_classes,3,8.582,full_orders,1.0,-1.0,0.09087539601098264,0.06636665981268501,0.5695586745124628,0.6364984159560697,0.36847438244912667,0.0,0.0,0.0,numerical diagnostic,true,
uniform_classes,3,8.582,pooling,0.0,0.0,0.0,0.0,0.0,1.0000000000000002,0.5,0.0,0.0,0.0,analytical (pooling exists: e0 Delta_T/2 <= k),true,
uniform_classes,3,8.584,asymmetric_discontinuity,1.0,-0.754140037442,0.08850000000000235,0.06250000000000398,0.5365000000000342,0.6459999999999908,0.3869969040247488,0.0,0.0,0.03612140254551746,rejected,false,Psi sign change without root at a region boundary
uniform_classes,3,8.584,full_orders,1.0,-1.0,0.09067591583731131,0.06622588328306725,0.5684829821018492,0.637296336650755,0.3688966236700125,0.0,0.0,0.0,numerical diagnostic,true,
uniform_classes,3,8.584,pooling,0.0,0.0,0.0,0.0,0.0,1.0000000000000002,0.5,0.0,0.0,0.0,analytical (pooling exists: e0 Delta_T/2 <= k),true,
uniform_classes,3,8.586,asymmetric_discontinuity,1.0,-0.763778610314,0.08837500000000326,0.06250000000000555,0.5366250000000476,0.6464999999999872,0.38669760247483825,0.0,0.0,0.03449784753884383,rejected,false,Psi sign change without root at a region boundary
uniform_classes,3,8.586,full_orders,1.0,-1.0,0.09047527548698549,0.06608408786174998,0.5673979783809853,0.6380988980520583,0.36932150999228647,0.0,0.0,0.0,numerical diagnostic,true,
uniform_classes,3,8.586,pooling,0.0,0.0,0.0,0.0,0.0,1.0000000000000002,0.5,0.0,0.0,0.0,analytical (pooling exists: e0 Delta_T/2 <= k),true,
uniform_classes,3,8.588,asymmetric_discontinuity,1.0,-0.773463859265,0.0,0.0,0.0,1.0000000000000004,0.4999999999999999,0.0,0.0,0.02,rejected,false,Psi sign change without root at a region boundary
uniform_classes,3,8.588,full_orders,1.0,-1.0,0.0902734615847116,0.06594126119848899,0.5663035511726234,0.6389061536611539,0.3697490685483869,0.0,0.0,0.0,numerical diagnostic,true,
uniform_classes,3,8.588,pooling,0.0,0.0,0.0,0.0,0.0,1.0000000000000002,0.5,0.0,0.0,0.0,analytical (pooling exists: e0 Delta_T/2 <= k),true,
uniform_classes,3,8.590,asymmetric_discontinuity,1.0,-0.783196238568,0.08812500000000403,0.06250000000000679,0.5368750000000583,0.6474999999999841,0.38610038610035385,0.0,0.0,0.031279666531175254,rejected,false,Psi sign change without root at a region boundary
uniform_classes,3,8.590,full_orders,1.0,-1.0,0.09007046053213817,0.06579739073243755,0.5651995863916386,0.6397181578714476,0.3701793268745037,0.0,0.0,0.0,numerical diagnostic,true,
uniform_classes,3,8.590,pooling,0.0,0.0,0.0,0.0,0.0,1.0000000000000002,0.5,0.0,0.0,0.0,analytical (pooling exists: e0 Delta_T/2 <= k),true,
uniform_classes,3,8.592,asymmetric_discontinuity,1.0,-0.792976209156,0.08800000000000038,0.06250000000000072,0.5370000000000063,0.6479999999999986,0.38580246913579896,0.0,0.0,0.029685297461282345,rejected,false,Psi sign change without root at a region boundary
uniform_classes,3,8.592,full_orders,1.0,-1.0,0.08986625850300436,0.06565246368750746,0.5640859680030641,0.6405349659879828,0.37061231291848634,0.0,0.0,0.0,numerical diagnostic,true,
uniform_classes,3,8.592,pooling,0.0,0.0,0.0,0.0,0.0,1.0000000000000002,0.5,0.0,0.0,0.0,analytical (pooling exists: e0 Delta_T/2 <= k),true,
uniform_classes,3,8.594,asymmetric_discontinuity,1.0,-0.802804238761,0.08787500000000184,0.06250000000000304,0.537125000000026,0.6484999999999926,0.38550501156513617,0.0,0.0,0.02810091661158054,rejected,false,Psi sign change without root at a region boundary
uniform_classes,3,8.594,full_orders,1.0,-1.0,0.08966084143815634,0.06550646706760317,0.5629625779789816,0.6413566342473749,0.3710480550479493,0.0,0.0,0.0,numerical diagnostic,true,
uniform_classes,3,8.594,pooling,0.0,0.0,0.0,0.0,0.0,1.0000000000000002,0.5,0.0,0.0,0.0,analytical (pooling exists: e0 Delta_T/2 <= k),true,
uniform_classes,3,8.596,asymmetric_discontinuity,1.0,-0.812680802042,0.08775000000000022,0.06250000000000039,0.5372500000000033,0.6489999999999992,0.38520801232665464,0.0,0.0,0.02652665644959476,rejected,false,Psi sign change without root at a region boundary
uniform_classes,3,8.596,full_orders,1.0,-1.0,0.0894541950404287,0.065359387651726,0.5618292962542367,0.6421832198382855,0.37148658205857665,0.0,0.0,0.0,numerical diagnostic,true,
uniform_classes,3,8.596,pooling,0.0,0.0,0.0,0.0,0.0,1.0000000000000002,0.5,0.0,0.0,0.0,analytical (pooling exists: e0 Delta_T/2 <= k),true,
uniform_classes,3,8.598,asymmetric_discontinuity,1.0,-0.822606380726,0.0,0.0,0.0,1.0000000000000002,0.4999999999999999,0.0,0.0,0.02,rejected,false,Psi sign change without root at a region boundary
uniform_classes,3,8.598,full_orders,1.0,-1.0,0.08924630476938983,0.06521121198894629,0.5606860006809603,0.6430147809224409,0.37192792318262646,0.0,0.0,0.0,numerical diagnostic,true,
uniform_classes,3,8.598,pooling,0.0,0.0,0.0,0.0,0.0,1.0000000000000002,0.5,0.0,0.0,0.0,analytical (pooling exists: e0 Delta_T/2 <= k),true,
uniform_classes,3,8.6,asymmetric_discontinuity,1.0,-0.832581463748,0.0,0.0,0.0,1.0000000000000002,0.5,0.0,0.0,0.02,rejected,false,Psi sign change without root at a region boundary
uniform_classes,3,8.6,full_orders,1.0,-1.0,0.08903715583594161,0.06506192639323598,0.5595325669818294,0.6438513766562338,0.3723721080976506,0.0,0.0,0.0,numerical diagnostic,true,
uniform_classes,3,8.6,pooling,0.0,0.0,0.0,0.0,0.0,1.0000000000000002,0.5,0.0,0.0,0.0,analytical (pooling exists: e0 Delta_T/2 <= k),true,
uniform_classes,3,8.602,asymmetric_discontinuity,1.0,-0.842606547395,0.0,0.0,0.0,1.0000000000000002,0.5,0.0,0.0,0.02,rejected,false,Psi sign change without root at a region boundary
uniform_classes,3,8.602,full_orders,1.0,-1.0,0.08882673319677128,0.06491151693815832,0.5583688687020378,0.6446930672129151,0.3728191669354311,0.0,0.0,0.0,numerical diagnostic,true,
uniform_classes,3,8.602,pooling,0.0,0.0,0.0,0.0,0.0,1.0000000000000002,0.5,0.0,0.0,0.0,analytical (pooling exists: e0 Delta_T/2 <= k),true,
uniform_classes,3,8.604,asymmetric_discontinuity,1.0,-0.852682135455,0.0,0.0,0.0,1.0000000000000002,0.5,0.0,0.0,0.02,rejected,false,Psi sign change without root at a region boundary
uniform_classes,3,8.604,full_orders,1.0,-1.0,0.08861502154865297,0.0647599694514121,0.5571947771599497,0.6455399138053884,0.37326913029113523,0.0,0.0,0.0,numerical diagnostic,true,
uniform_classes,3,8.604,pooling,0.0,0.0,0.0,0.0,0.0,1.0000000000000002,0.5,0.0,0.0,0.0,analytical (pooling exists: e0 Delta_T/2 <= k),true,
uniform_classes,3,8.606,asymmetric_discontinuity,1.0,-0.862808739368,0.0,0.0,0.0,1.0,0.5,0.0,0.0,0.02,rejected,false,Psi sign change without root at a region boundary
uniform_classes,3,8.606,full_orders,1.0,-1.0,0.08840200532258807,0.06460726950922122,0.5560101613963577,0.646391978709648,0.37372202923270836,0.0,0.0,0.0,numerical diagnostic,true,
uniform_classes,3,8.606,pooling,0.0,0.0,0.0,0.0,0.0,1.0000000000000002,0.5,0.0,0.0,0.0,analytical (pooling exists: e0 Delta_T/2 <= k),true,
uniform_classes,3,8.608,asymmetric_discontinuity,1.0,-0.872986878383,0.0,0.0,0.0,1.0000000000000002,0.5,0.0,0.0,0.02,rejected,false,Psi sign change without root at a region boundary
uniform_classes,3,8.608,full_orders,1.0,-1.0,0.08818766867778623,0.06445340243056953,0.5548148881223426,0.6472493252888554,0.37417789531049533,0.0,0.0,0.0,numerical diagnostic,true,
uniform_classes,3,8.608,pooling,0.0,0.0,0.0,0.0,0.0,1.0000000000000002,0.5,0.0,0.0,0.0,analytical (pooling exists: e0 Delta_T/2 <= k),true,
uniform_classes,3,8.610,asymmetric_discontinuity,1.0,-0.883217079717,0.08687500000000109,0.06250000000000175,0.5381250000000151,0.6524999999999959,0.3831417624520992,0.0,0.0,0.015801693797988847,rejected,false,Psi sign change without root at a region boundary
uniform_classes,3,8.610,full_orders,1.0,-1.0,0.0879719954954757,0.06429835327127159,0.5536088216656484,0.6481120180180975,0.3746367605671121,0.0,0.0,0.0,numerical diagnostic,true,
uniform_classes,3,8.610,pooling,0.0,0.0,0.0,0.0,0.0,1.0000000000000002,0.5,0.0,0.0,0.0,analytical (pooling exists: e0 Delta_T/2 <= k),true,
uniform_classes,3,8.612,asymmetric_discontinuity,1.0,-0.893499878718,0.08675000000000255,0.06250000000000422,0.5382500000000363,0.6529999999999899,0.3828483920367337,0.0,0.0,0.014313370829705241,rejected,false,Psi sign change without root at a region boundary
uniform_classes,3,8.612,full_orders,1.0,-1.0,0.08775496937253977,0.0641421068178755,0.5523918239155438,0.6489801225098412,0.3750986575475689,0.0,0.0,0.0,numerical diagnostic,true,
uniform_classes,3,8.612,pooling,0.0,0.0,0.0,0.0,0.0,1.0000000000000002,0.5,0.0,0.0,0.0,analytical (pooling exists: e0 Delta_T/2 <= k),true,
uniform_classes,3,8.614,asymmetric_discontinuity,1.0,-0.903835819035,0.08662500000000371,0.06250000000000605,0.5383750000000521,0.6534999999999854,0.3825554705432004,0.0,0.0,0.012836437937045642,rejected,false,Psi sign change without root at a region boundary
uniform_classes,3,8.614,full_orders,1.0,-1.0,0.08753657361497587,0.06398464758139391,0.5511637542661272,0.6498537055400968,0.37556361930964727,0.0,0.0,0.0,numerical diagnostic,true,
uniform_classes,3,8.614,pooling,0.0,0.0,0.0,0.0,0.0,1.0000000000000002,0.5,0.0,0.0,0.0,analytical (pooling exists: e0 Delta_T/2 <= k),true,
uniform_classes,3,8.616,asymmetric_discontinuity,1.0,-0.914225452789,0.08650000000000173,0.0625000000000028,0.5385000000000242,0.6539999999999933,0.38226299694188304,0.0,0.0,0.011371045242656752,rejected,false,Psi sign change without root at a region boundary
uniform_classes,3,8.616,full_orders,1.0,-1.0,0.08731679123116576,0.06382595979085348,0.5499244695579936,0.6507328350753373,0.3760316794345517,0.0,0.0,0.0,numerical diagnostic,true,
uniform_classes,3,8.616,pooling,0.0,0.0,0.0,0.0,0.0,1.0000000000000002,0.5,0.0,0.0,0.0,analytical (pooling exists: e0 Delta_T/2 <= k),true,
uniform_classes,3,8.618,asymmetric_discontinuity,1.0,-0.924669340751,0.0,0.0,0.0,1.0000000000000002,0.5,0.0,0.0,0.02,rejected,false,Psi sign change without root at a region boundary
uniform_classes,3,8.618,full_orders,1.0,-1.0,0.08709560492495608,0.06366602738666037,0.548673824018239,0.651617580300176,0.37650287203783167,0.0,0.0,0.0,numerical diagnostic,true,
uniform_classes,3,8.618,pooling,0.0,0.0,0.0,0.0,0.0,1.0000000000000002,0.5,0.0,0.0,0.0,analytical (pooling exists: e0 Delta_T/2 <= k),true,
uniform_classes,3,8.620,asymmetric_discontinuity,1.0,-0.935168052523,0.0,0.0,0.0,1.0000000000000002,0.5,0.0,0.0,0.02,rejected,false,Psi sign change without root at a region boundary
uniform_classes,3,8.620,full_orders,1.0,-1.0,0.08687299708853971,0.06350483401377363,0.5474116691987286,0.6525080116458415,0.376977231780589,0.0,0.0,0.0,numerical diagnostic,true,
uniform_classes,3,8.620,pooling,0.0,0.0,0.0,0.0,0.0,1.0000000000000002,0.5,0.0,0.0,0.0,analytical (pooling exists: e0 Delta_T/2 <= k),true,
uniform_classes,3,8.622,asymmetric_discontinuity,1.0,-0.945722166725,0.0,0.0,0.0,1.0000000000000002,0.5,0.0,0.0,0.02,rejected,false,Psi sign change without root at a region boundary
uniform_classes,3,8.622,full_orders,1.0,-1.0,0.08664894979513038,0.06334236301467908,0.546137853912563,0.6534042008194788,0.3774547938809816,0.0,0.0,0.0,numerical diagnostic,true,
uniform_classes,3,8.622,pooling,0.0,0.0,0.0,0.0,0.0,1.0000000000000002,0.5,0.0,0.0,0.0,analytical (pooling exists: e0 Delta_T/2 <= k),true,
uniform_classes,3,8.624,asymmetric_discontinuity,1.0,-0.956332271184,0.0,0.0,0.0,1.0000000000000002,0.4999999999999999,0.0,0.0,0.02,rejected,false,Psi sign change without root at a region boundary
uniform_classes,3,8.624,full_orders,1.0,-1.0,0.08642344479142794,0.06317859742216014,0.5448522241687092,0.6543062208342885,0.37793559412602296,0.0,0.0,0.0,numerical diagnostic,true,
uniform_classes,3,8.624,pooling,0.0,0.0,0.0,0.0,0.0,1.0000000000000002,0.5,0.0,0.0,0.0,analytical (pooling exists: e0 Delta_T/2 <= k),true,
uniform_classes,3,8.626,asymmetric_discontinuity,1.0,-0.966998963135,0.0,0.0,0.0,1.0000000000000004,0.4999999999999998,0.0,0.0,0.02,rejected,false,Psi sign change without root at a region boundary
uniform_classes,3,8.626,full_orders,1.0,-1.0,0.08619646348986056,0.0630135199518539,0.5435546231046917,0.655214146040558,0.3784196688837005,0.0,0.0,0.0,numerical diagnostic,true,
uniform_classes,3,8.626,pooling,0.0,0.0,0.0,0.0,0.0,1.0000000000000002,0.5,0.0,0.0,0.0,analytical (pooling exists: e0 Delta_T/2 <= k),true,
uniform_classes,3,8.628,asymmetric_discontinuity,1.0,-0.977722849418,0.08575000000000026,0.06250000000000035,0.539250000000003,0.6569999999999993,0.3805175038051736,0.0,0.0,0.0028296863405493644,rejected,false,Psi sign change without root at a region boundary
uniform_classes,3,8.628,full_orders,1.0,-1.0,0.08596798696060198,0.06284711299458909,0.5422448909173146,0.6561280521575924,0.37890705511541056,0.0,0.0,0.0,numerical diagnostic,true,
uniform_classes,3,8.628,pooling,0.0,0.0,0.0,0.0,0.0,1.0000000000000002,0.5,0.0,0.0,0.0,analytical (pooling exists: e0 Delta_T/2 <= k),true,
uniform_classes,3,8.630,asymmetric_discontinuity,1.0,-0.988504546688,0.08562500000000259,0.06250000000000414,0.5393750000000357,0.6574999999999899,0.38022813688211005,0.0,0.0,0.0014494439703034434,rejected,false,Psi sign change without root at a region boundary
uniform_classes,3,8.630,full_orders,1.0,-1.0,0.08573799592335216,0.0626793586084955,0.5409228647913161,0.6570480163065917,0.37939779038872856,0.0,0.0,0.0,numerical diagnostic,true,
uniform_classes,3,8.630,pooling,0.0,0.0,0.0,0.0,0.0,1.0000000000000002,0.5,0.0,0.0,0.0,analytical (pooling exists: e0 Delta_T/2 <= k),true,
uniform_classes,3,8.632,full_orders,1.0,-1.0,0.08550647073887555,0.06251023851087895,0.539588378825907,0.6579741170444982,0.3798919128905186,0.0,0.0,0.0,numerical diagnostic,true,
uniform_classes,3,8.632,pooling,0.0,0.0,0.0,0.0,0.0,1.0000000000000002,0.5,0.0,0.0,0.0,analytical (pooling exists: e0 Delta_T/2 <= k),true,
uniform_classes,3,8.634,pooling,0.0,0.0,0.0,0.0,0.0,1.0000000000000002,0.5,0.0,0.0,0.0,analytical (pooling exists: e0 Delta_T/2 <= k),true,
uniform_classes,3,8.636,pooling,0.0,0.0,0.0,0.0,0.0,1.0000000000000002,0.5,0.0,0.0,0.0,analytical (pooling exists: e0 Delta_T/2 <= k),true,
uniform_classes,3,8.638,pooling,0.0,0.0,0.0,0.0,0.0,1.0000000000000002,0.5,0.0,0.0,0.0,analytical (pooling exists: e0 Delta_T/2 <= k),true,
uniform_classes,3,8.640,pooling,0.0,0.0,0.0,0.0,0.0,1.0000000000000002,0.5,0.0,0.0,0.0,analytical (pooling exists: e0 Delta_T/2 <= k),true,
uniform_classes,3,8.642,pooling,0.0,0.0,0.0,0.0,0.0,1.0000000000000002,0.5,0.0,0.0,0.0,analytical (pooling exists: e0 Delta_T/2 <= k),true,
uniform_classes,3,8.644,pooling,0.0,0.0,0.0,0.0,0.0,1.0000000000000002,0.5,0.0,0.0,0.0,analytical (pooling exists: e0 Delta_T/2 <= k),true,
uniform_classes,3,8.646,pooling,0.0,0.0,0.0,0.0,0.0,1.0000000000000002,0.5,0.0,0.0,0.0,analytical (pooling exists: e0 Delta_T/2 <= k),true,
uniform_classes,3,8.648,pooling,0.0,0.0,0.0,0.0,0.0,1.0000000000000002,0.5,0.0,0.0,0.0,analytical (pooling exists: e0 Delta_T/2 <= k),true,
uniform_classes,3,8.65,pooling,0.0,0.0,0.0,0.0,0.0,1.0000000000000002,0.5,0.0,0.0,0.0,analytical (pooling exists: e0 Delta_T/2 <= k),true,
uniform_classes,3,8.7,pooling,0.0,0.0,0.0,0.0,0.0,1.0000000000000002,0.5,0.0,0.0,0.0,analytical (pooling exists: e0 Delta_T/2 <= k),true,
uniform_classes,3,8.75,pooling,0.0,0.0,0.0,0.0,0.0,1.0000000000000002,0.5,0.0,0.0,0.0,analytical (pooling exists: e0 Delta_T/2 <= k),true,
uniform_classes,3,8.8,pooling,0.0,0.0,0.0,0.0,0.0,1.0000000000000002,0.5,0.0,0.0,0.0,analytical (pooling exists: e0 Delta_T/2 <= k),true,
uniform_classes,3,8.85,pooling,0.0,0.0,0.0,0.0,0.0,1.0000000000000002,0.5,0.0,0.0,0.0,analytical (pooling exists: e0 Delta_T/2 <= k),true,
uniform_classes,3,8.9,pooling,0.0,0.0,0.0,0.0,0.0,1.0000000000000002,0.5,0.0,0.0,0.0,analytical (pooling exists: e0 Delta_T/2 <= k),true,
uniform_classes,3,8.95,pooling,0.0,0.0,0.0,0.0,0.0,1.0000000000000002,0.5,0.0,0.0,0.0,analytical (pooling exists: e0 Delta_T/2 <= k),true,
uniform_classes,3,9,pooling,0.0,0.0,0.0,0.0,0.0,1.0000000000000002,0.5,0.0,0.0,0.0,analytical (pooling exists: e0 Delta_T/2 <= k),true,
uniform_classes,3,9.05,pooling,0.0,0.0,0.0,0.0,0.0,1.0000000000000002,0.5,0.0,0.0,0.0,analytical (pooling exists: e0 Delta_T/2 <= k),true,
uniform_classes,3,9.1,pooling,0.0,0.0,0.0,0.0,0.0,1.0000000000000002,0.5,0.0,0.0,0.0,analytical (pooling exists: e0 Delta_T/2 <= k),true,
uniform_classes,3,9.15,pooling,0.0,0.0,0.0,0.0,0.0,1.0000000000000002,0.5,0.0,0.0,0.0,analytical (pooling exists: e0 Delta_T/2 <= k),true,
uniform_classes,3,9.2,pooling,0.0,0.0,0.0,0.0,0.0,1.0000000000000002,0.5,0.0,0.0,0.0,analytical (pooling exists: e0 Delta_T/2 <= k),true,
uniform_classes,3,9.25,pooling,0.0,0.0,0.0,0.0,0.0,1.0000000000000002,0.5,0.0,0.0,0.0,analytical (pooling exists: e0 Delta_T/2 <= k),true,
uniform_classes,3,9.3,pooling,0.0,0.0,0.0,0.0,0.0,1.0000000000000002,0.5,0.0,0.0,0.0,analytical (pooling exists: e0 Delta_T/2 <= k),true,
uniform_classes,3,9.35,pooling,0.0,0.0,0.0,0.0,0.0,1.0000000000000002,0.5,0.0,0.0,0.0,analytical (pooling exists: e0 Delta_T/2 <= k),true,
uniform_classes,3,9.4,pooling,0.0,0.0,0.0,0.0,0.0,1.0000000000000002,0.5,0.0,0.0,0.0,analytical (pooling exists: e0 Delta_T/2 <= k),true,
uniform_classes,3,9.45,pooling,0.0,0.0,0.0,0.0,0.0,1.0000000000000002,0.5,0.0,0.0,0.0,analytical (pooling exists: e0 Delta_T/2 <= k),true,
uniform_classes,3,9.5,pooling,0.0,0.0,0.0,0.0,0.0,1.0000000000000002,0.5,0.0,0.0,0.0,analytical (pooling exists: e0 Delta_T/2 <= k),true,
uniform_classes,3,9.55,pooling,0.0,0.0,0.0,0.0,0.0,1.0000000000000002,0.5,0.0,0.0,0.0,analytical (pooling exists: e0 Delta_T/2 <= k),true,
uniform_classes,3,9.6,pooling,0.0,0.0,0.0,0.0,0.0,1.0000000000000002,0.5,0.0,0.0,0.0,analytical (pooling exists: e0 Delta_T/2 <= k),true,
uniform_classes,3,9.65,pooling,0.0,0.0,0.0,0.0,0.0,1.0000000000000002,0.5,0.0,0.0,0.0,analytical (pooling exists: e0 Delta_T/2 <= k),true,
uniform_classes,3,9.7,pooling,0.0,0.0,0.0,0.0,0.0,1.0000000000000002,0.5,0.0,0.0,0.0,analytical (pooling exists: e0 Delta_T/2 <= k),true,
uniform_classes,3,9.75,pooling,0.0,0.0,0.0,0.0,0.0,1.0000000000000002,0.5,0.0,0.0,0.0,analytical (pooling exists: e0 Delta_T/2 <= k),true,
uniform_classes,3,9.8,pooling,0.0,0.0,0.0,0.0,0.0,1.0000000000000002,0.5,0.0,0.0,0.0,analytical (pooling exists: e0 Delta_T/2 <= k),true,
uniform_classes,3,9.85,pooling,0.0,0.0,0.0,0.0,0.0,1.0000000000000002,0.5,0.0,0.0,0.0,analytical (pooling exists: e0 Delta_T/2 <= k),true,
uniform_classes,3,9.9,pooling,0.0,0.0,0.0,0.0,0.0,1.0000000000000002,0.5,0.0,0.0,0.0,analytical (pooling exists: e0 Delta_T/2 <= k),true,
uniform_classes,3,9.9499,pooling,0.0,0.0,0.0,0.0,0.0,1.0000000000000002,0.5,0.0,0.0,0.0,analytical (pooling exists: e0 Delta_T/2 <= k),true,
uniform_classes,3,9.95,pooling,0.0,0.0,0.0,0.0,0.0,1.0000000000000002,0.5,0.0,0.0,0.0,analytical (pooling exists: e0 Delta_T/2 <= k),true,
uniform_classes,3,9.9501,pooling,0.0,0.0,0.0,0.0,0.0,1.0000000000000002,0.5,0.0,0.0,0.0,analytical (pooling exists: e0 Delta_T/2 <= k),true,
uniform_classes,3,10,pooling,0.0,0.0,0.0,0.0,0.0,1.0000000000000002,0.5,0.0,0.0,0.0,analytical (pooling exists: e0 Delta_T/2 <= k),true,
uniform_classes,3,10.0499,pooling,0.0,0.0,0.0,0.0,0.0,1.0000000000000002,0.5,0.0,0.0,0.0,analytical (unique no trade: Delta_T < k),true,
uniform_classes,3,10.05,pooling,0.0,0.0,0.0,0.0,0.0,1.0000000000000002,0.5,0.0,0.0,0.0,analytical (unique no trade: Delta_T < k),true,
