law,r,branch,qH,qL,E,O_H,U_H,U_L,pool_prob,exists,regime,status,starts_to_live,starts_to_zero
fork_point_6,1.2,no_trade,0,0,0,0,0,0,1,True,III price-gated entry,analytical,,
fork_point_6,1.25,no_trade,0,0,0,0,0,0,1,True,III price-gated entry,analytical,,
fork_point_6,1.3,no_trade,0,0,0,0,0,0,1,True,III price-gated entry,analytical,,
fork_point_6,1.35,no_trade,0,0,0,0,0,0,1,True,III price-gated entry,analytical,,
fork_point_6,1.4,no_trade,0,0,0,0,0,0,1,True,III price-gated entry,analytical,,
fork_point_6,1.45,no_trade,0,0,0,0,0,0,1,True,III price-gated entry,analytical,,
fork_point_6,1.5,no_trade,0,0,0,0,0,0,1,True,III price-gated entry,analytical,,
fork_point_6,1.55,no_trade,0,0,0,0,0,0,1,True,III price-gated entry,analytical,,
fork_point_6,1.6,no_trade,0,0,0,0,0,0,1,True,III price-gated entry,analytical,,
fork_point_6,1.65,no_trade,0,0,0,0,0,0,1,True,III price-gated entry,analytical,,
fork_point_6,1.7,no_trade,0,0,0,0,0,0,1,True,III price-gated entry,analytical,,
fork_point_6,1.7,live,1,-0.386,0.3866784228,0.2576915783,0.004776451907,0.001843710436,0.6133212698,True,III price-gated entry,numerical diagnostic,2,3
fork_point_6,1.75,no_trade,0,0,0,0,0,0,1,True,III price-gated entry,analytical,,
fork_point_6,1.75,live,1,-0.527,0.3890790804,0.2650879004,0.007151859289,0.003769029845,0.6109206098,True,III price-gated entry,numerical diagnostic,2,3
fork_point_6,1.8,no_trade,0,0,0,0,0,0,1,True,III price-gated entry,analytical,,
fork_point_6,1.8,live,1,-0.646,0.3908487682,0.2710024254,0.009540864568,0.006163398511,0.6091509193,True,III price-gated entry,numerical diagnostic,2,3
fork_point_6,1.85,no_trade,0,0,0,0,0,0,1,True,III price-gated entry,analytical,,
fork_point_6,1.85,live,1,-0.7485,0.3920365064,0.2757612297,0.01193203585,0.00893113485,0.6079631626,True,III price-gated entry,numerical diagnostic,2,3
fork_point_6,1.9,no_trade,0,0,0,0,0,0,1,True,III price-gated entry,analytical,,
fork_point_6,1.9,live,1,-0.836,0.3930808252,0.2797614158,0.01436673557,0.01201059094,0.6069188568,True,III price-gated entry,numerical diagnostic,2,3
fork_point_6,1.95,no_trade,0,0,0,0,0,0,1,True,III price-gated entry,analytical,,
fork_point_6,1.95,live,1,-0.913,0.3935639532,0.2829318325,0.01678645205,0.01532603072,0.606435726,True,III price-gated entry,numerical diagnostic,2,3
fork_point_6,2,no_trade,0,0,0,0,0,0,1,True,III price-gated entry,analytical,,
fork_point_6,2,live,1,-0.981,0.3940685255,0.2857354541,0.01924450283,0.01887885727,0.6059311512,True,III price-gated entry,numerical diagnostic,2,3
fork_point_6,2.05,no_trade,0,0,0,0,0,0,1,True,III price-gated entry,analytical,,
fork_point_6,2.05,live,1,-1,0.3930442344,0.2857354541,0.02192175257,0.02192175257,0.6069554416,True,III price-gated entry,numerical diagnostic,2,3
fork_point_6,2.1,no_trade,0,0,0,0,0,0,1,True,III price-gated entry,analytical,,
fork_point_6,2.1,live,1,-1,0.3915960669,0.2847690915,0.02472865024,0.02472865024,0.608403609,True,III price-gated entry,numerical diagnostic,2,3
fork_point_6,2.15,no_trade,0,0,0,0,0,0,1,True,III price-gated entry,analytical,,
fork_point_6,2.15,live,1,-1,0.3901457043,0.2837983705,0.02755292614,0.02755292614,0.6098539717,True,III price-gated entry,numerical diagnostic,2,3
fork_point_6,2.2,no_trade,0,0,0,0,0,0,1,True,III price-gated entry,analytical,,
fork_point_6,2.2,live,1,-1,0.3886931171,0.2828232713,0.03039128453,0.03039128453,0.6113065589,True,III price-gated entry,numerical diagnostic,2,3
fork_point_6,2.25,no_trade,0,0,0,0,0,0,1,True,III price-gated entry,analytical,,
fork_point_6,2.25,live,1,-1,0.3872382759,0.2818437744,0.03324073019,0.03324073019,0.6127614001,True,III price-gated entry,numerical diagnostic,2,3
fork_point_6,2.3,no_trade,0,0,0,0,0,0,1,True,III price-gated entry,analytical,,
fork_point_6,2.3,live,1,-1,0.3857811513,0.2808598597,0.03609853583,0.03609853583,0.6142185246,True,III price-gated entry,numerical diagnostic,2,3
fork_point_6,2.35,no_trade,0,0,0,0,0,0,1,True,III price-gated entry,analytical,,
fork_point_6,2.35,live,1,-1,0.3843217138,0.2798715075,0.03896221368,0.03896221368,0.6156779622,True,III price-gated entry,numerical diagnostic,2,3
fork_point_6,2.4,no_trade,0,0,0,0,0,0,1,True,III price-gated entry,analytical,,
fork_point_6,2.4,live,1,-1,0.3828599338,0.2788786976,0.04182949063,0.04182949063,0.6171397422,True,III price-gated entry,numerical diagnostic,1,4
fork_point_6,2.45,no_trade,0,0,0,0,0,0,1,True,III price-gated entry,analytical,,
fork_point_6,2.45,live,1,-1,0.3813957817,0.2778814101,0.04469828645,0.04469828645,0.6186038943,True,III price-gated entry,numerical diagnostic,1,4
fork_point_6,2.5,no_trade,0,0,0,0,0,0,1,True,III price-gated entry,analytical,,
fork_point_6,2.5,live,1,-1,0.3797661279,0.2767680366,0.04753497592,0.04753497592,0.6202335481,True,III price-gated entry,numerical diagnostic,1,4
fork_point_6,2.55,no_trade,0,0,0,0,0,0,1,True,III price-gated entry,analytical,,
fork_point_6,2.55,live,1,-1,0.3782968707,0.2757612297,0.0503998159,0.0503998159,0.6217028053,True,III price-gated entry,numerical diagnostic,1,4
fork_point_6,2.6,no_trade,0,0,0,0,0,0,1,True,III price-gated entry,analytical,,
fork_point_6,2.6,live,1,-1,0.3766614709,0.2746372287,0.05322632675,0.05322632675,0.6233382051,True,III price-gated entry,numerical diagnostic,1,4
fork_point_6,2.65,no_trade,0,0,0,0,0,0,1,True,III price-gated entry,analytical,,
fork_point_6,2.65,live,1,-1,0.3751869758,0.2736208116,0.05608074604,0.05608074604,0.6248127001,True,III price-gated entry,numerical diagnostic,1,4
fork_point_6,2.7,no_trade,0,0,0,0,0,0,1,True,III price-gated entry,analytical,,
fork_point_6,2.7,live,1,-1,0.3735456824,0.2724860817,0.05889111496,0.05889111496,0.6264539936,True,III price-gated entry,numerical diagnostic,1,4
fork_point_6,2.75,no_trade,0,0,0,0,0,0,1,True,III price-gated entry,analytical,,
fork_point_6,2.75,live,1,-1,0.3719012276,0.2713456641,0.06169074684,0.06169074684,0.6280984483,True,III price-gated entry,numerical diagnostic,1,4
fork_point_6,2.8,no_trade,0,0,0,0,0,0,1,True,III price-gated entry,analytical,,
fork_point_6,2.8,live,1,-1,0.3704184814,0.2703144015,0.06451880903,0.06451880903,0.6295811946,True,III price-gated entry,numerical diagnostic,1,4
fork_point_6,2.85,no_trade,0,0,0,0,0,0,1,True,III price-gated entry,analytical,,
fork_point_6,2.85,live,1,-1,0.3687679067,0.2691630982,0.06729500142,0.06729500142,0.6312317693,True,III price-gated entry,numerical diagnostic,1,4
fork_point_6,2.9,no_trade,0,0,0,0,0,0,1,True,III price-gated entry,analytical,,
fork_point_6,2.9,live,1,-1,0.3671140512,0.268006024,0.07005722339,0.07005722339,0.6328856248,True,III price-gated entry,numerical diagnostic,1,4
fork_point_6,2.95,no_trade,0,0,0,0,0,0,1,True,III price-gated entry,analytical,,
fork_point_6,2.95,live,1,-1,0.3652909715,0.2667265424,0.07275989721,0.07275989721,0.6347087045,True,III price-gated entry,numerical diagnostic,1,4
fork_point_6,3,no_trade,0,0,0,0,0,0,1,True,III price-gated entry,analytical,,
fork_point_6,3,live,1,-1,0.3636300916,0.2655572549,0.0754900528,0.0754900528,0.6363695843,True,III price-gated entry,numerical diagnostic,1,4
fork_point_6,3.05,no_trade,0,0,0,0,0,0,1,True,III price-gated entry,analytical,,
fork_point_6,3.05,live,1,-1,0.3619658025,0.2643821063,0.07820368905,0.07820368905,0.6380338735,True,III price-gated entry,numerical diagnostic,1,4
fork_point_6,3.1,no_trade,0,0,0,0,0,0,1,True,III price-gated entry,analytical,,
fork_point_6,3.1,live,1,-1,0.3602980626,0.2632010673,0.08090008112,0.08090008112,0.6397016134,True,III price-gated entry,numerical diagnostic,1,4
fork_point_6,3.15,no_trade,0,0,0,0,0,0,1,True,III price-gated entry,analytical,,
fork_point_6,3.15,live,1,-1,0.3584595131,0.2618950857,0.08352814431,0.08352814431,0.6415401629,True,III price-gated entry,numerical diagnostic,1,4
fork_point_6,3.2,no_trade,0,0,0,0,0,0,1,True,III price-gated entry,analytical,,
fork_point_6,3.2,live,1,-1,0.3567843905,0.2607015804,0.08618664914,0.08618664914,0.6432152855,True,III price-gated entry,numerical diagnostic,1,4
fork_point_6,3.25,no_trade,0,0,0,0,0,0,1,True,III price-gated entry,analytical,,
fork_point_6,3.25,live,1,-1,0.3549376187,0.2593818137,0.08877277187,0.08877277187,0.6450620573,True,III price-gated entry,numerical diagnostic,1,4
fork_point_6,3.3,no_trade,0,0,0,0,0,0,1,True,III price-gated entry,analytical,,
fork_point_6,3.3,live,1,-1,0.3530864587,0.2580547683,0.0913364039,0.0913364039,0.6469132173,True,III price-gated entry,numerical diagnostic,1,4
fork_point_6,3.35,no_trade,0,0,0,0,0,0,1,True,III price-gated entry,analytical,,
fork_point_6,3.35,live,1,-1,0.3512308546,0.256720404,0.09387706353,0.09387706353,0.6487688214,True,III price-gated entry,numerical diagnostic,1,4
fork_point_6,3.4,no_trade,0,0,0,0,0,0,1,True,III price-gated entry,analytical,,
fork_point_6,3.4,live,1,-1,0.3493707502,0.2553786805,0.09639430703,0.09639430703,0.6506289258,True,III price-gated entry,numerical diagnostic,1,4
fork_point_6,3.45,no_trade,0,0,0,0,0,0,1,True,III price-gated entry,analytical,,
fork_point_6,3.45,live,1,-1,0.3475060893,0.2540295572,0.09888772603,0.09888772603,0.6524935867,True,III price-gated entry,numerical diagnostic,1,4
fork_point_6,3.5,no_trade,0,0,0,0,0,0,1,True,III price-gated entry,analytical,,
fork_point_6,3.5,live,1,-1,0.3456368154,0.2526729932,0.101356945,0.101356945,0.6543628606,True,III price-gated entry,numerical diagnostic,1,4
fork_point_6,3.51,no_trade,0,0,0,0,0,0,1,True,III price-gated entry,analytical,,
fork_point_6,3.51,live,1,-1,0.3451262054,0.2523017245,0.1017993721,0.1017993721,0.6548734705,True,III price-gated entry,numerical diagnostic,1,4
fork_point_6,3.52,no_trade,0,0,0,0,0,0,1,True,III price-gated entry,analytical,,
fork_point_6,3.52,live,1,-1,0.3447856053,0.2520539025,0.1023012482,0.1023012482,0.6552140707,True,III price-gated entry,numerical diagnostic,1,4
fork_point_6,3.53,no_trade,0,0,0,0,0,0,1,True,III price-gated entry,analytical,,
fork_point_6,3.53,live,1,-1,0.3444448499,0.2518058325,0.1028022499,0.1028022499,0.6555548261,True,III price-gated entry,numerical diagnostic,1,4
fork_point_6,3.54,no_trade,0,0,0,0,0,0,1,True,III price-gated entry,analytical,,
fork_point_6,3.54,live,1,-1,0.3441039389,0.2515575143,0.1033023743,0.1033023743,0.6558957371,True,III price-gated entry,numerical diagnostic,1,4
fork_point_6,3.55,no_trade,0,0,0,0,0,0,1,True,III price-gated entry,analytical,,
fork_point_6,3.55,live,1,-1,0.3435922801,0.2511845711,0.1037399001,0.1037399001,0.6564073959,True,III price-gated entry,numerical diagnostic,1,4
fork_point_6,3.56,no_trade,0,0,0,0,0,0,1,True,III price-gated entry,analytical,,
fork_point_6,3.56,live,1,-1,0.3432509787,0.2509356313,0.1042379806,0.1042379806,0.6567486972,True,III price-gated entry,numerical diagnostic,1,4
fork_point_6,3.57,no_trade,0,0,0,0,0,0,1,True,III price-gated entry,analytical,,
fork_point_6,3.57,live,1,-1,0.3429095207,0.2506864425,0.1047351765,0.1047351765,0.6570901553,True,III price-gated entry,numerical diagnostic,1,4
fork_point_6,3.58,no_trade,0,0,0,0,0,0,1,True,III price-gated entry,analytical,,
fork_point_6,3.58,live,1,-1,0.3423970389,0.2503121917,0.1051689357,0.1051689357,0.6576026371,True,III price-gated entry,numerical diagnostic,1,4
fork_point_6,3.59,no_trade,0,0,0,0,0,0,1,True,III price-gated entry,analytical,,
fork_point_6,3.59,live,1,-1,0.3420551875,0.2500623792,0.1056640737,0.1056640737,0.6579444885,True,III price-gated entry,numerical diagnostic,1,4
fork_point_6,3.5926,no_trade,0,0,0,0,0,0,1,True,III price-gated entry,analytical,,
fork_point_6,3.5926,live,1,-1,0.3420551875,0.2500623792,0.1058253718,0.1058253718,0.6579444885,True,III price-gated entry,numerical diagnostic,1,4
fork_point_6,3.5927,no_trade,0,0,0,0,0,0,1,True,IV no entry,analytical,,
fork_point_6,3.6,no_trade,0,0,0,0,0,0,1,True,IV no entry,analytical,,
fork_point_6,3.61,no_trade,0,0,0,0,0,0,1,True,IV no entry,analytical,,
fork_point_6,3.62,no_trade,0,0,0,0,0,0,1,True,IV no entry,analytical,,
fork_point_6,3.63,no_trade,0,0,0,0,0,0,1,True,IV no entry,analytical,,
fork_point_6,3.64,no_trade,0,0,0,0,0,0,1,True,IV no entry,analytical,,
fork_point_6,3.65,no_trade,0,0,0,0,0,0,1,True,IV no entry,analytical,,
fork_point_6,3.66,no_trade,0,0,0,0,0,0,1,True,IV no entry,analytical,,
fork_point_6,3.67,no_trade,0,0,0,0,0,0,1,True,IV no entry,analytical,,
fork_point_6,3.68,no_trade,0,0,0,0,0,0,1,True,IV no entry,analytical,,
fork_point_6,3.69,no_trade,0,0,0,0,0,0,1,True,IV no entry,analytical,,
fork_point_6,3.7,no_trade,0,0,0,0,0,0,1,True,IV no entry,analytical,,
fork_point_6,3.71,no_trade,0,0,0,0,0,0,1,True,IV no entry,analytical,,
fork_point_6,3.72,no_trade,0,0,0,0,0,0,1,True,IV no entry,analytical,,
fork_point_6,3.73,no_trade,0,0,0,0,0,0,1,True,IV no entry,analytical,,
fork_point_6,3.74,no_trade,0,0,0,0,0,0,1,True,IV no entry,analytical,,
fork_point_6,3.75,no_trade,0,0,0,0,0,0,1,True,IV no entry,analytical,,
fork_point_6,3.76,no_trade,0,0,0,0,0,0,1,True,IV no entry,analytical,,
fork_point_6,3.77,no_trade,0,0,0,0,0,0,1,True,IV no entry,analytical,,
fork_point_6,3.78,no_trade,0,0,0,0,0,0,1,True,IV no entry,analytical,,
fork_point_6,3.79,no_trade,0,0,0,0,0,0,1,True,IV no entry,analytical,,
fork_point_6,3.8,no_trade,0,0,0,0,0,0,1,True,IV no entry,analytical,,
fork_point_6,3.81,no_trade,0,0,0,0,0,0,1,True,IV no entry,analytical,,
fork_point_6,3.82,no_trade,0,0,0,0,0,0,1,True,IV no entry,analytical,,
fork_point_6,3.83,no_trade,0,0,0,0,0,0,1,True,IV no entry,analytical,,
fork_point_6,3.84,no_trade,0,0,0,0,0,0,1,True,IV no entry,analytical,,
fork_point_6,3.85,no_trade,0,0,0,0,0,0,1,True,IV no entry,analytical,,
fork_point_6,3.86,no_trade,0,0,0,0,0,0,1,True,IV no entry,analytical,,
fork_point_6,3.87,no_trade,0,0,0,0,0,0,1,True,IV no entry,analytical,,
fork_point_6,3.88,no_trade,0,0,0,0,0,0,1,True,IV no entry,analytical,,
fork_point_6,3.89,no_trade,0,0,0,0,0,0,1,True,IV no entry,analytical,,
fork_point_6,3.9,no_trade,0,0,0,0,0,0,1,True,IV no entry,analytical,,
fork_point_6,3.91,no_trade,0,0,0,0,0,0,1,True,IV no entry,analytical,,
fork_point_6,3.92,no_trade,0,0,0,0,0,0,1,True,IV no entry,analytical,,
fork_point_6,3.93,no_trade,0,0,0,0,0,0,1,True,IV no entry,analytical,,
fork_point_6,3.94,no_trade,0,0,0,0,0,0,1,True,IV no entry,analytical,,
fork_point_6,3.95,no_trade,0,0,0,0,0,0,1,True,IV no entry,analytical,,
fork_point_6,3.96,no_trade,0,0,0,0,0,0,1,True,IV no entry,analytical,,
fork_point_6,3.97,no_trade,0,0,0,0,0,0,1,True,IV no entry,analytical,,
fork_point_6,3.98,no_trade,0,0,0,0,0,0,1,True,IV no entry,analytical,,
fork_point_6,3.99,no_trade,0,0,0,0,0,0,1,True,IV no entry,analytical,,
fork_point_6,4,no_trade,0,0,0,0,0,0,1,True,IV no entry,analytical,,
fork_point_6,4.05,no_trade,0,0,0,0,0,0,1,True,IV no entry,analytical,,
fork_point_6,4.1,no_trade,0,0,0,0,0,0,1,True,IV no entry,analytical,,
fork_point_6,4.15,no_trade,0,0,0,0,0,0,1,True,IV no entry,analytical,,
fork_point_6,4.2,no_trade,0,0,0,0,0,0,1,True,IV no entry,analytical,,
fork_point_6,4.25,no_trade,0,0,0,0,0,0,1,True,IV no entry,analytical,,
fork_point_6,4.3,no_trade,0,0,0,0,0,0,1,True,IV no entry,analytical,,
fork_point_6,4.35,no_trade,0,0,0,0,0,0,1,True,IV no entry,analytical,,
fork_point_6,4.4,no_trade,0,0,0,0,0,0,1,True,IV no entry,analytical,,
fork_point_6,4.45,no_trade,0,0,0,0,0,0,1,True,IV no entry,analytical,,
fork_point_6,4.5,no_trade,0,0,0,0,0,0,1,True,IV no entry,analytical,,
fork_point_6,4.55,no_trade,0,0,0,0,0,0,1,True,IV no entry,analytical,,
fork_point_6,4.6,no_trade,0,0,0,0,0,0,1,True,IV no entry,analytical,,
fork_point_6,4.65,no_trade,0,0,0,0,0,0,1,True,IV no entry,analytical,,
fork_point_6,4.7,no_trade,0,0,0,0,0,0,1,True,IV no entry,analytical,,
fork_point_6,4.75,no_trade,0,0,0,0,0,0,1,True,IV no entry,analytical,,
fork_point_6,4.8,no_trade,0,0,0,0,0,0,1,True,IV no entry,analytical,,
fork_point_6,4.85,no_trade,0,0,0,0,0,0,1,True,IV no entry,analytical,,
fork_point_6,4.9,no_trade,0,0,0,0,0,0,1,True,IV no entry,analytical,,
fork_point_6,4.95,no_trade,0,0,0,0,0,0,1,True,IV no entry,analytical,,
fork_point_6,5,no_trade,0,0,0,0,0,0,1,True,IV no entry,analytical,,
noise_eps_0.1,1.2,no_trade,0,0,0,0,0,0,1,True,III price-gated entry,analytical,,
noise_eps_0.1,1.25,no_trade,0,0,0,0,0,0,1,True,III price-gated entry,analytical,,
noise_eps_0.1,1.3,no_trade,0,0,0,0,0,0,1,True,III price-gated entry,analytical,,
noise_eps_0.1,1.35,no_trade,0,0,0,0,0,0,1,True,III price-gated entry,analytical,,
noise_eps_0.1,1.4,no_trade,0,0,0,0,0,0,1,True,III price-gated entry,analytical,,
noise_eps_0.1,1.45,no_trade,0,0,0,0,0,0,1,True,III price-gated entry,analytical,,
noise_eps_0.1,1.5,no_trade,0,0,0,0,0,0,1,True,III price-gated entry,analytical,,
noise_eps_0.1,1.55,no_trade,0,0,0,0,0,0,1,True,III price-gated entry,analytical,,
noise_eps_0.1,1.6,no_trade,0,0,0,0,0,0,1,True,III price-gated entry,analytical,,
noise_eps_0.1,1.65,no_trade,0,0,0,0,0,0,1,True,III price-gated entry,analytical,,
noise_eps_0.1,1.7,no_trade,0,0,0,0,0,0,1,True,III price-gated entry,analytical,,
noise_eps_0.1,1.7,live,1,-0.3855,0.3866257614,0.2576187536,0.004776563314,0.001841365157,0.6042245731,True,III price-gated entry,numerical diagnostic,2,3
noise_eps_0.1,1.75,no_trade,0,0,0,0,0,0,1,True,III price-gated entry,analytical,,
noise_eps_0.1,1.75,live,1,-0.527,0.3890300515,0.265038874,0.007149978783,0.003768038819,0.6019817591,True,III price-gated entry,numerical diagnostic,2,3
noise_eps_0.1,1.8,no_trade,0,0,0,0,0,0,1,True,III price-gated entry,analytical,,
noise_eps_0.1,1.8,live,1,-0.646,0.3907838396,0.2709432296,0.009537502947,0.006161226904,0.6004630259,True,III price-gated entry,numerical diagnostic,2,3
noise_eps_0.1,1.85,no_trade,0,0,0,0,0,0,1,True,III price-gated entry,analytical,,
noise_eps_0.1,1.85,live,1,-0.748,0.3920643291,0.2757441231,0.01193955631,0.008930788123,0.5994533738,True,III price-gated entry,numerical diagnostic,2,3
noise_eps_0.1,1.9,no_trade,0,0,0,0,0,0,1,True,III price-gated entry,analytical,,
noise_eps_0.1,1.9,live,1,-0.836,0.3929670144,0.2796702001,0.01435805002,0.01200332982,0.5986124538,True,III price-gated entry,numerical diagnostic,2,3
noise_eps_0.1,1.95,no_trade,0,0,0,0,0,0,1,True,III price-gated entry,analytical,,
noise_eps_0.1,1.95,live,1,-0.913,0.3935800052,0.2829265766,0.01679050144,0.01532972781,0.5981130716,True,III price-gated entry,numerical diagnostic,2,3
noise_eps_0.1,2,no_trade,0,0,0,0,0,0,1,True,III price-gated entry,analytical,,
noise_eps_0.1,2,live,1,-0.9805,0.3939476678,0.2856214296,0.01923770517,0.01886256992,0.5978706897,True,III price-gated entry,numerical diagnostic,2,3
noise_eps_0.1,2.05,no_trade,0,0,0,0,0,0,1,True,III price-gated entry,analytical,,
noise_eps_0.1,2.05,live,1,-1,0.3930469748,0.2857214645,0.02192490913,0.02192490913,0.5987892106,True,III price-gated entry,numerical diagnostic,2,3
noise_eps_0.1,2.1,no_trade,0,0,0,0,0,0,1,True,III price-gated entry,analytical,,
noise_eps_0.1,2.1,live,1,-1,0.3916201686,0.2847692414,0.02473482282,0.02473482282,0.600065805,True,III price-gated entry,numerical diagnostic,2,3
noise_eps_0.1,2.15,no_trade,0,0,0,0,0,0,1,True,III price-gated entry,analytical,,
noise_eps_0.1,2.15,live,1,-1,0.3901824857,0.2838069217,0.02756129868,0.02756129868,0.6015038884,True,III price-gated entry,numerical diagnostic,2,3
noise_eps_0.1,2.2,no_trade,0,0,0,0,0,0,1,True,III price-gated entry,analytical,,
noise_eps_0.1,2.2,live,1,-1,0.3887333068,0.2828340408,0.03040074363,0.03040074363,0.6029440272,True,III price-gated entry,numerical diagnostic,2,3
noise_eps_0.1,2.25,no_trade,0,0,0,0,0,0,1,True,III price-gated entry,analytical,,
noise_eps_0.1,2.25,live,1,-1,0.387272227,0.2818502657,0.03324987665,0.03324987665,0.6042258998,True,III price-gated entry,numerical diagnostic,2,3
noise_eps_0.1,2.3,no_trade,0,0,0,0,0,0,1,True,III price-gated entry,analytical,,
noise_eps_0.1,2.3,live,1,-1,0.3857988202,0.2808552504,0.03610566572,0.03610566572,0.6056700008,True,III price-gated entry,numerical diagnostic,2,3
noise_eps_0.1,2.35,no_trade,0,0,0,0,0,0,1,True,III price-gated entry,analytical,,
noise_eps_0.1,2.35,live,1,-1,0.3843128029,0.2798487486,0.03896532569,0.03896532569,0.6071162416,True,III price-gated entry,numerical diagnostic,2,3
noise_eps_0.1,2.4,no_trade,0,0,0,0,0,0,1,True,III price-gated entry,analytical,,
noise_eps_0.1,2.4,live,1,-1,0.3828131705,0.2788300085,0.0418261521,0.0418261521,0.6085646515,True,III price-gated entry,numerical diagnostic,2,3
noise_eps_0.1,2.45,no_trade,0,0,0,0,0,0,1,True,III price-gated entry,analytical,,
noise_eps_0.1,2.45,live,1,-1,0.3813000658,0.2777990667,0.04468580981,0.04468580981,0.6100152599,True,III price-gated entry,numerical diagnostic,1,4
noise_eps_0.1,2.5,no_trade,0,0,0,0,0,0,1,True,III price-gated entry,analytical,,
noise_eps_0.1,2.5,live,1,-1,0.3797727647,0.2767553582,0.04754197771,0.04754197771,0.6114680961,True,III price-gated entry,numerical diagnostic,1,4
noise_eps_0.1,2.55,no_trade,0,0,0,0,0,0,1,True,III price-gated entry,analytical,,
noise_eps_0.1,2.55,live,1,-1,0.3782307141,0.2756984321,0.050392503,0.050392503,0.6129231895,True,III price-gated entry,numerical diagnostic,1,4
noise_eps_0.1,2.6,no_trade,0,0,0,0,0,0,1,True,III price-gated entry,analytical,,
noise_eps_0.1,2.6,live,1,-1,0.3766736159,0.2746280122,0.05323541118,0.05323541118,0.6143805696,True,III price-gated entry,numerical diagnostic,1,4
noise_eps_0.1,2.65,no_trade,0,0,0,0,0,0,1,True,III price-gated entry,analytical,,
noise_eps_0.1,2.65,live,1,-1,0.3751011518,0.2735438004,0.05606884683,0.05606884683,0.6160025987,True,III price-gated entry,numerical diagnostic,1,4
noise_eps_0.1,2.7,no_trade,0,0,0,0,0,0,1,True,III price-gated entry,analytical,,
noise_eps_0.1,2.7,live,1,-1,0.3735127498,0.2724453242,0.0588910051,0.0588910051,0.6174649033,True,III price-gated entry,numerical diagnostic,1,4
noise_eps_0.1,2.75,no_trade,0,0,0,0,0,0,1,True,III price-gated entry,analytical,,
noise_eps_0.1,2.75,live,1,-1,0.3719076957,0.2713320101,0.06170013765,0.06170013765,0.6189295865,True,III price-gated entry,numerical diagnostic,1,4
noise_eps_0.1,2.8,no_trade,0,0,0,0,0,0,1,True,III price-gated entry,analytical,,
noise_eps_0.1,2.8,live,1,-1,0.3702860335,0.2702037988,0.06449476273,0.06449476273,0.6205598382,True,III price-gated entry,numerical diagnostic,1,4
noise_eps_0.1,2.85,no_trade,0,0,0,0,0,0,1,True,III price-gated entry,analytical,,
noise_eps_0.1,2.85,live,1,-1,0.3686466367,0.2690598243,0.06727319339,0.06727319339,0.6220296406,True,III price-gated entry,numerical diagnostic,1,4
noise_eps_0.1,2.9,no_trade,0,0,0,0,0,0,1,True,III price-gated entry,analytical,,
noise_eps_0.1,2.9,live,1,-1,0.3669895262,0.2679000012,0.07003409797,0.07003409797,0.6236656538,True,III price-gated entry,numerical diagnostic,1,4
noise_eps_0.1,2.95,no_trade,0,0,0,0,0,0,1,True,III price-gated entry,analytical,,
noise_eps_0.1,2.95,live,1,-1,0.3653141104,0.2667238331,0.07277605209,0.07277605209,0.6253047587,True,III price-gated entry,numerical diagnostic,1,4
noise_eps_0.1,3,no_trade,0,0,0,0,0,0,1,True,III price-gated entry,analytical,,
noise_eps_0.1,3,live,1,-1,0.3636193995,0.2655305196,0.07549758571,0.07549758571,0.6269469962,True,III price-gated entry,numerical diagnostic,1,4
noise_eps_0.1,3.05,no_trade,0,0,0,0,0,0,1,True,III price-gated entry,analytical,,
noise_eps_0.1,3.05,live,1,-1,0.3619053986,0.2643199681,0.078197544,0.078197544,0.6285924074,True,III price-gated entry,numerical diagnostic,1,4
noise_eps_0.1,3.1,no_trade,0,0,0,0,0,0,1,True,III price-gated entry,analytical,,
noise_eps_0.1,3.1,live,1,-1,0.3601715048,0.263091649,0.08087466298,0.08087466298,0.6302410334,True,III price-gated entry,numerical diagnostic,1,4
noise_eps_0.1,3.15,no_trade,0,0,0,0,0,0,1,True,III price-gated entry,analytical,,
noise_eps_0.1,3.15,live,1,-1,0.3584170764,0.2618450004,0.08352770926,0.08352770926,0.6318929154,True,III price-gated entry,numerical diagnostic,1,4
noise_eps_0.1,3.2,no_trade,0,0,0,0,0,0,1,True,III price-gated entry,analytical,,
noise_eps_0.1,3.2,live,1,-1,0.3566414694,0.2605794545,0.08615548607,0.08615548607,0.6335480948,True,III price-gated entry,numerical diagnostic,1,4
noise_eps_0.1,3.25,no_trade,0,0,0,0,0,0,1,True,III price-gated entry,analytical,,
noise_eps_0.1,3.25,live,1,-1,0.3548440375,0.2592944378,0.08875683008,0.08875683008,0.6352066129,True,III price-gated entry,numerical diagnostic,1,4
noise_eps_0.1,3.3,no_trade,0,0,0,0,0,0,1,True,III price-gated entry,analytical,,
noise_eps_0.1,3.3,live,1,-1,0.3530241317,0.2579893703,0.0913306085,0.0913306085,0.6368685112,True,III price-gated entry,numerical diagnostic,1,4
noise_eps_0.1,3.35,no_trade,0,0,0,0,0,0,1,True,III price-gated entry,analytical,,
noise_eps_0.1,3.35,live,1,-1,0.3322178395,0.242800411,0.08772941579,0.08772941579,0.638700553,True,III price-gated entry,numerical diagnostic,1,4
noise_eps_0.1,3.4,no_trade,0,0,0,0,0,0,1,True,III price-gated entry,analytical,,
noise_eps_0.1,3.4,live,1,-1,0.2992294081,0.2187019968,0.07970842196,0.07970842196,0.6405367905,True,III price-gated entry,numerical diagnostic,1,4
noise_eps_0.1,3.45,no_trade,0,0,0,0,0,0,1,True,III price-gated entry,analytical,,
noise_eps_0.1,3.45,live,1,-1,0.2664019009,0.1947179063,0.07115930296,0.07115930296,0.642209785,True,III price-gated entry,numerical diagnostic,1,4
noise_eps_0.1,3.5,no_trade,0,0,0,0,0,0,1,True,III price-gated entry,analytical,,
noise_eps_0.1,3.5,live,1,-1,0.2337372723,0.1708498788,0.0620843377,0.0620843377,0.6440541868,True,III price-gated entry,numerical diagnostic,1,4
noise_eps_0.1,3.51,no_trade,0,0,0,0,0,0,1,True,III price-gated entry,analytical,,
noise_eps_0.1,3.51,live,1,-1,0.2272240712,0.1660903598,0.06020646148,0.06020646148,0.6443899991,True,III price-gated entry,numerical diagnostic,1,4
noise_eps_0.1,3.52,no_trade,0,0,0,0,0,0,1,True,III price-gated entry,analytical,,
noise_eps_0.1,3.52,live,1,-1,0.2207174577,0.1613355519,0.05830766353,0.05830766353,0.6447259559,True,III price-gated entry,numerical diagnostic,1,4
noise_eps_0.1,3.53,no_trade,0,0,0,0,0,0,1,True,III price-gated entry,analytical,,
noise_eps_0.1,3.53,live,1,-1,0.2142175203,0.1565855214,0.05638799188,0.05638799188,0.6452301624,True,III price-gated entry,numerical diagnostic,1,4
noise_eps_0.1,3.54,no_trade,0,0,0,0,0,0,1,True,III price-gated entry,analytical,,
noise_eps_0.1,3.54,live,1,-1,0.2077243859,0.1518403621,0.05444750955,0.05444750955,0.6455664816,True,III price-gated entry,numerical diagnostic,1,4
noise_eps_0.1,3.55,no_trade,0,0,0,0,0,0,1,True,III price-gated entry,analytical,,
noise_eps_0.1,3.55,live,1,-1,0.2012378932,0.1470999615,0.05248617337,0.05248617337,0.6459029463,True,III price-gated entry,numerical diagnostic,1,4
noise_eps_0.1,3.56,no_trade,0,0,0,0,0,0,1,True,III price-gated entry,analytical,,
noise_eps_0.1,3.56,live,1,-1,0.1947580586,0.1423643342,0.05050400567,0.05050400567,0.646239557,True,III price-gated entry,numerical diagnostic,1,4
noise_eps_0.1,3.57,no_trade,0,0,0,0,0,0,1,True,III price-gated entry,analytical,,
noise_eps_0.1,3.57,live,1,-1,0.1882848985,0.1376334948,0.04850102912,0.04850102912,0.6465763138,True,III price-gated entry,numerical diagnostic,1,4
noise_eps_0.1,3.58,no_trade,0,0,0,0,0,0,1,True,III price-gated entry,analytical,,
noise_eps_0.1,3.58,live,1,-1,0.1818184592,0.1329074796,0.04647727806,0.04647727806,0.6470817241,True,III price-gated entry,numerical diagnostic,1,4
noise_eps_0.1,3.59,no_trade,0,0,0,0,0,0,1,True,III price-gated entry,analytical,,
noise_eps_0.1,3.59,live,1,-1,0.1753589824,0.128186465,0.04443286095,0.04443286095,0.647418848,True,III price-gated entry,numerical diagnostic,1,4
noise_eps_0.1,3.5926,no_trade,0,0,0,0,0,0,1,True,III price-gated entry,analytical,,
noise_eps_0.1,3.5926,live,1,-1,0.1736805883,0.12695977,0.043897903,0.043897903,0.647418848,True,III price-gated entry,numerical diagnostic,1,4
noise_eps_0.1,3.5927,no_trade,0,0,0,0,0,0,1,True,III price-gated entry,analytical,,
noise_eps_0.1,3.5927,live,1,-1,0.1736160348,0.1269125895,0.0438772963,0.0438772963,0.647418848,True,III price-gated entry,numerical diagnostic,1,4
noise_eps_0.1,3.6,no_trade,0,0,0,0,0,0,1,True,III price-gated entry,analytical,,
noise_eps_0.1,3.6,live,1,-1,0.1689062348,0.1234702866,0.04236770786,0.04236770786,0.6477561194,True,III price-gated entry,numerical diagnostic,1,4
noise_eps_0.1,3.61,no_trade,0,0,0,0,0,0,1,True,III price-gated entry,analytical,,
noise_eps_0.1,3.61,live,1,-1,0.162460233,0.1187589592,0.04028184272,0.04028184272,0.6480935385,True,III price-gated entry,numerical diagnostic,1,4
noise_eps_0.1,3.62,no_trade,0,0,0,0,0,0,1,True,III price-gated entry,analytical,,
noise_eps_0.1,3.62,live,1,-1,0.1560209935,0.1140524975,0.03817528976,0.03817528976,0.6484311057,True,III price-gated entry,numerical diagnostic,1,4
noise_eps_0.1,3.63,no_trade,0,0,0,0,0,0,1,True,III price-gated entry,analytical,,
noise_eps_0.1,3.63,live,1,-1,0.1495886788,0.1093510216,0.03604812952,0.03604812952,0.648937735,True,III price-gated entry,numerical diagnostic,1,4
noise_eps_0.1,3.64,no_trade,0,0,0,0,0,0,1,True,III price-gated entry,analytical,,
noise_eps_0.1,3.64,live,1,-1,0.1431633292,0.1046545638,0.03390039666,0.03390039666,0.6492756739,True,III price-gated entry,numerical diagnostic,1,4
noise_eps_0.1,3.65,no_trade,0,0,0,0,0,0,1,True,III price-gated entry,analytical,,
noise_eps_0.1,3.65,live,1,-1,0.1367447975,0.09996302083,0.03173205361,0.03173205361,0.6496137621,True,III price-gated entry,numerical diagnostic,1,4
noise_eps_0.1,3.66,no_trade,0,0,0,0,0,0,1,True,III price-gated entry,analytical,,
noise_eps_0.1,3.66,live,1,-1,0.1303331002,0.09527640775,0.0295431258,0.0295431258,0.6499519999,True,III price-gated entry,numerical diagnostic,1,4
noise_eps_0.1,3.67,no_trade,0,0,0,0,0,0,1,True,III price-gated entry,analytical,,
noise_eps_0.1,3.67,live,1,-1,0.1239283345,0.09059479764,0.02733367026,0.02733367026,0.6504596379,True,III price-gated entry,numerical diagnostic,1,4
noise_eps_0.1,3.68,no_trade,0,0,0,0,0,0,1,True,III price-gated entry,analytical,,
noise_eps_0.1,3.68,live,1,-1,0.1175306968,0.08591833546,0.02510378366,0.02510378366,0.6507982513,True,III price-gated entry,numerical diagnostic,1,4
noise_eps_0.1,3.69,no_trade,0,0,0,0,0,0,1,True,III price-gated entry,analytical,,
noise_eps_0.1,3.69,live,1,-1,0.1111399496,0.08124685288,0.02285339357,0.02285339357,0.6511370154,True,III price-gated entry,numerical diagnostic,1,4
noise_eps_0.1,3.7,no_trade,0,0,0,0,0,0,1,True,III price-gated entry,analytical,,
noise_eps_0.1,3.7,live,1,-1,0.1047561098,0.07658036506,0.02058252657,0.02058252657,0.6514759307,True,III price-gated entry,numerical diagnostic,1,4
noise_eps_0.1,3.71,no_trade,0,0,0,0,0,0,1,True,III price-gated entry,analytical,,
noise_eps_0.1,3.72,no_trade,0,0,0,0,0,0,1,True,III price-gated entry,analytical,,
noise_eps_0.1,3.73,no_trade,0,0,0,0,0,0,1,True,III price-gated entry,analytical,,
noise_eps_0.1,3.74,no_trade,0,0,0,0,0,0,1,True,III price-gated entry,analytical,,
noise_eps_0.1,3.75,no_trade,0,0,0,0,0,0,1,True,III price-gated entry,analytical,,
noise_eps_0.1,3.76,no_trade,0,0,0,0,0,0,1,True,III price-gated entry,analytical,,
noise_eps_0.1,3.77,no_trade,0,0,0,0,0,0,1,True,III price-gated entry,analytical,,
noise_eps_0.1,3.78,no_trade,0,0,0,0,0,0,1,True,III price-gated entry,analytical,,
noise_eps_0.1,3.79,no_trade,0,0,0,0,0,0,1,True,III price-gated entry,analytical,,
noise_eps_0.1,3.8,no_trade,0,0,0,0,0,0,1,True,III price-gated entry,analytical,,
noise_eps_0.1,3.81,no_trade,0,0,0,0,0,0,1,True,III price-gated entry,analytical,,
noise_eps_0.1,3.82,no_trade,0,0,0,0,0,0,1,True,III price-gated entry,analytical,,
noise_eps_0.1,3.83,no_trade,0,0,0,0,0,0,1,True,III price-gated entry,analytical,,
noise_eps_0.1,3.84,no_trade,0,0,0,0,0,0,1,True,III price-gated entry,analytical,,
noise_eps_0.1,3.85,no_trade,0,0,0,0,0,0,1,True,III price-gated entry,analytical,,
noise_eps_0.1,3.86,no_trade,0,0,0,0,0,0,1,True,III price-gated entry,analytical,,
noise_eps_0.1,3.87,no_trade,0,0,0,0,0,0,1,True,IV no entry,analytical,,
noise_eps_0.1,3.88,no_trade,0,0,0,0,0,0,1,True,IV no entry,analytical,,
noise_eps_0.1,3.89,no_trade,0,0,0,0,0,0,1,True,IV no entry,analytical,,
noise_eps_0.1,3.9,no_trade,0,0,0,0,0,0,1,True,IV no entry,analytical,,
noise_eps_0.1,3.91,no_trade,0,0,0,0,0,0,1,True,IV no entry,analytical,,
noise_eps_0.1,3.92,no_trade,0,0,0,0,0,0,1,True,IV no entry,analytical,,
noise_eps_0.1,3.93,no_trade,0,0,0,0,0,0,1,True,IV no entry,analytical,,
noise_eps_0.1,3.94,no_trade,0,0,0,0,0,0,1,True,IV no entry,analytical,,
noise_eps_0.1,3.95,no_trade,0,0,0,0,0,0,1,True,IV no entry,analytical,,
noise_eps_0.1,3.96,no_trade,0,0,0,0,0,0,1,True,IV no entry,analytical,,
noise_eps_0.1,3.97,no_trade,0,0,0,0,0,0,1,True,IV no entry,analytical,,
noise_eps_0.1,3.98,no_trade,0,0,0,0,0,0,1,True,IV no entry,analytical,,
noise_eps_0.1,3.99,no_trade,0,0,0,0,0,0,1,True,IV no entry,analytical,,
noise_eps_0.1,4,no_trade,0,0,0,0,0,0,1,True,IV no entry,analytical,,
noise_eps_0.1,4.05,no_trade,0,0,0,0,0,0,1,True,IV no entry,analytical,,
noise_eps_0.1,4.1,no_trade,0,0,0,0,0,0,1,True,IV no entry,analytical,,
noise_eps_0.1,4.15,no_trade,0,0,0,0,0,0,1,True,IV no entry,analytical,,
noise_eps_0.1,4.2,no_trade,0,0,0,0,0,0,1,True,IV no entry,analytical,,
noise_eps_0.1,4.25,no_trade,0,0,0,0,0,0,1,True,IV no entry,analytical,,
noise_eps_0.1,4.3,no_trade,0,0,0,0,0,0,1,True,IV no entry,analytical,,
noise_eps_0.1,4.35,no_trade,0,0,0,0,0,0,1,True,IV no entry,analytical,,
noise_eps_0.1,4.4,no_trade,0,0,0,0,0,0,1,True,IV no entry,analytical,,
noise_eps_0.1,4.45,no_trade,0,0,0,0,0,0,1,True,IV no entry,analytical,,
noise_eps_0.1,4.5,no_trade,0,0,0,0,0,0,1,True,IV no entry,analytical,,
noise_eps_0.1,4.55,no_trade,0,0,0,0,0,0,1,True,IV no entry,analytical,,
noise_eps_0.1,4.6,no_trade,0,0,0,0,0,0,1,True,IV no entry,analytical,,
noise_eps_0.1,4.65,no_trade,0,0,0,0,0,0,1,True,IV no entry,analytical,,
noise_eps_0.1,4.7,no_trade,0,0,0,0,0,0,1,True,IV no entry,analytical,,
noise_eps_0.1,4.75,no_trade,0,0,0,0,0,0,1,True,IV no entry,analytical,,
noise_eps_0.1,4.8,no_trade,0,0,0,0,0,0,1,True,IV no entry,analytical,,
noise_eps_0.1,4.85,no_trade,0,0,0,0,0,0,1,True,IV no entry,analytical,,
noise_eps_0.1,4.9,no_trade,0,0,0,0,0,0,1,True,IV no entry,analytical,,
noise_eps_0.1,4.95,no_trade,0,0,0,0,0,0,1,True,IV no entry,analytical,,
noise_eps_0.1,5,no_trade,0,0,0,0,0,0,1,True,IV no entry,analytical,,
noise_eps_0.5,1.2,no_trade,0,0,0,0,0,0,1,True,III price-gated entry,analytical,,
noise_eps_0.5,1.25,no_trade,0,0,0,0,0,0,1,True,III price-gated entry,analytical,,
noise_eps_0.5,1.3,no_trade,0,0,0,0,0,0,1,True,III price-gated entry,analytical,,
noise_eps_0.5,1.35,no_trade,0,0,0,0,0,0,1,True,III price-gated entry,analytical,,
noise_eps_0.5,1.4,no_trade,0,0,0,0,0,0,1,True,III price-gated entry,analytical,,
noise_eps_0.5,1.45,no_trade,0,0,0,0,0,0,1,True,III price-gated entry,analytical,,
noise_eps_0.5,1.5,no_trade,0,0,0,0,0,0,1,True,III price-gated entry,analytical,,
noise_eps_0.5,1.55,no_trade,0,0,0,0,0,0,1,True,III price-gated entry,analytical,,
noise_eps_0.5,1.6,no_trade,0,0,0,0,0,0,1,True,III price-gated entry,analytical,,
noise_eps_0.5,1.65,no_trade,0,0,0,0,0,0,1,True,III price-gated entry,analytical,,
noise_eps_0.5,1.7,no_trade,0,0,0,0,0,0,1,True,III price-gated entry,analytical,,
noise_eps_0.5,1.75,no_trade,0,0,0,0,0,0,1,True,III price-gated entry,analytical,,
noise_eps_0.5,1.8,no_trade,0,0,0,0,0,0,1,True,III price-gated entry,analytical,,
noise_eps_0.5,1.85,no_trade,0,0,0,0,0,0,1,True,III price-gated entry,analytical,,
noise_eps_0.5,1.9,no_trade,0,0,0,0,0,0,1,True,III price-gated entry,analytical,,
noise_eps_0.5,1.95,no_trade,0,0,0,0,0,0,1,True,III price-gated entry,analytical,,
noise_eps_0.5,1.95,live,1,-0.912,0.3927111178,0.2819290349,0.01676636486,0.01529092475,0.5667704657,True,III price-gated entry,numerical diagnostic,1,4
noise_eps_0.5,2,no_trade,0,0,0,0,0,0,1,True,III price-gated entry,analytical,,
noise_eps_0.5,2,live,1,-0.98,0.3930864586,0.2846491209,0.01920899575,0.01882481583,0.566892582,True,III price-gated entry,numerical diagnostic,2,3
noise_eps_0.5,2.05,no_trade,0,0,0,0,0,0,1,True,III price-gated entry,analytical,,
noise_eps_0.5,2.05,live,1,-1,0.3921831724,0.2847622443,0.02189070331,0.02189070331,0.5678014214,True,III price-gated entry,numerical diagnostic,2,3
noise_eps_0.5,2.1,no_trade,0,0,0,0,0,0,1,True,III price-gated entry,analytical,,
noise_eps_0.5,2.1,live,1,-1,0.3907355964,0.2837909516,0.02469741151,0.02469741151,0.5688894715,True,III price-gated entry,numerical diagnostic,2,3
noise_eps_0.5,2.15,no_trade,0,0,0,0,0,0,1,True,III price-gated entry,analytical,,
noise_eps_0.5,2.15,live,1,-1,0.3892765141,0.2828089639,0.02752052004,0.02752052004,0.5701339915,True,III price-gated entry,numerical diagnostic,2,3
noise_eps_0.5,2.2,no_trade,0,0,0,0,0,0,1,True,III price-gated entry,analytical,,
noise_eps_0.5,2.2,live,1,-1,0.3878053074,0.2818158016,0.03035643673,0.03035643673,0.5713796336,True,III price-gated entry,numerical diagnostic,2,3
noise_eps_0.5,2.25,no_trade,0,0,0,0,0,0,1,True,III price-gated entry,analytical,,
noise_eps_0.5,2.25,live,1,-1,0.383709874,0.2789018316,0.03284528669,0.03284528669,0.5726264178,True,III price-gated entry,numerical diagnostic,2,3
noise_eps_0.5,2.3,no_trade,0,0,0,0,0,0,1,True,III price-gated entry,analytical,,
noise_eps_0.5,2.3,live,1,-1,0.3759630892,0.2733161594,0.03477356187,0.03477356187,0.573874364,True,III price-gated entry,numerical diagnostic,2,3
noise_eps_0.5,2.35,no_trade,0,0,0,0,0,0,1,True,III price-gated entry,analytical,,
noise_eps_0.5,2.35,live,1,-1,0.3682387118,0.2677445464,0.03661057878,0.03661057878,0.5749672859,True,III price-gated entry,numerical diagnostic,2,3
noise_eps_0.5,2.4,no_trade,0,0,0,0,0,0,1,True,III price-gated entry,analytical,,
noise_eps_0.5,2.4,live,1,-1,0.3605366766,0.2621869764,0.03835321361,0.03835321361,0.5762174647,True,III price-gated entry,numerical diagnostic,2,3
noise_eps_0.5,2.45,no_trade,0,0,0,0,0,0,1,True,III price-gated entry,analytical,,
noise_eps_0.5,2.45,live,1,-1,0.3528569342,0.256643445,0.03999865961,0.03999865961,0.5774688631,True,III price-gated entry,numerical diagnostic,2,3
noise_eps_0.5,2.5,no_trade,0,0,0,0,0,0,1,True,III price-gated entry,analytical,,
noise_eps_0.5,2.5,live,1,-1,0.3451994742,0.2511139731,0.0415444006,0.0415444006,0.5787215009,True,III price-gated entry,numerical diagnostic,2,3
noise_eps_0.5,2.55,no_trade,0,0,0,0,0,0,1,True,III price-gated entry,analytical,,
noise_eps_0.5,2.55,live,1,-1,0.3375643153,0.2455986016,0.04298818274,0.04298818274,0.580132225,True,III price-gated entry,numerical diagnostic,2,3
noise_eps_0.5,2.6,no_trade,0,0,0,0,0,0,1,True,III price-gated entry,analytical,,
noise_eps_0.5,2.6,live,1,-1,0.3299515079,0.2400973924,0.04432799142,0.04432799142,0.5813875634,True,III price-gated entry,numerical diagnostic,2,3
noise_eps_0.5,2.65,no_trade,0,0,0,0,0,0,1,True,III price-gated entry,analytical,,
noise_eps_0.5,2.65,live,1,-1,0.3223610799,0.2346103947,0.04556201788,0.04556201788,0.582644204,True,III price-gated entry,numerical diagnostic,2,3
noise_eps_0.5,2.7,no_trade,0,0,0,0,0,0,1,True,III price-gated entry,analytical,,
noise_eps_0.5,2.7,live,1,-1,0.3147930912,0.2291376794,0.04668865212,0.04668865212,0.5839021668,True,III price-gated entry,numerical diagnostic,2,3
noise_eps_0.5,2.75,no_trade,0,0,0,0,0,0,1,True,III price-gated entry,analytical,,
noise_eps_0.5,2.75,live,1,-1,0.3072476158,0.2236793271,0.04770646223,0.04770646223,0.5851614722,True,III price-gated entry,numerical diagnostic,2,3
noise_eps_0.5,2.8,no_trade,0,0,0,0,0,0,1,True,III price-gated entry,analytical,,
noise_eps_0.5,2.8,live,1,-1,0.2997248019,0.2182354671,0.04861419553,0.04861419553,0.5865798204,True,III price-gated entry,numerical diagnostic,2,3
noise_eps_0.5,2.85,no_trade,0,0,0,0,0,0,1,True,III price-gated entry,analytical,,
noise_eps_0.5,2.85,live,1,-1,0.2922247458,0.2128061971,0.04941073343,0.04941073343,0.5878420453,True,III price-gated entry,numerical diagnostic,2,3
noise_eps_0.5,2.9,no_trade,0,0,0,0,0,0,1,True,III price-gated entry,analytical,,
noise_eps_0.5,2.9,live,1,-1,0.2847475288,0.207391606,0.05009508666,0.05009508666,0.5892637293,True,III price-gated entry,numerical diagnostic,2,3
noise_eps_0.5,2.95,no_trade,0,0,0,0,0,0,1,True,III price-gated entry,analytical,,
noise_eps_0.5,2.95,live,1,-1,0.2772933965,0.2019918897,0.05066643671,0.05066643671,0.5905289651,True,III price-gated entry,numerical diagnostic,2,3
noise_eps_0.5,3,no_trade,0,0,0,0,0,0,1,True,III price-gated entry,analytical,,
noise_eps_0.5,3,live,1,-1,0.2698623939,0.1966071164,0.05112402189,0.05112402189,0.5919540877,True,III price-gated entry,numerical diagnostic,2,3
noise_eps_0.5,3.05,no_trade,0,0,0,0,0,0,1,True,III price-gated entry,analytical,,
noise_eps_0.5,3.05,live,1,-1,0.2624547697,0.1912374865,0.05146724586,0.05146724586,0.5932224256,True,III price-gated entry,numerical diagnostic,2,3
noise_eps_0.5,3.1,no_trade,0,0,0,0,0,0,1,True,III price-gated entry,analytical,,
noise_eps_0.5,3.1,live,1,-1,0.2550706756,0.1858831397,0.05169558178,0.05169558178,0.5946510897,True,III price-gated entry,numerical diagnostic,2,3
noise_eps_0.5,3.15,no_trade,0,0,0,0,0,0,1,True,III price-gated entry,analytical,,
noise_eps_0.5,3.15,live,1,-1,0.2477102817,0.1805442282,0.05180859844,0.05180859844,0.5960816705,True,III price-gated entry,numerical diagnostic,2,3
noise_eps_0.5,3.2,no_trade,0,0,0,0,0,0,1,True,III price-gated entry,analytical,,
noise_eps_0.5,3.2,live,1,-1,0.2403738058,0.175220937,0.05180596453,0.05180596453,0.5975141969,True,III price-gated entry,numerical diagnostic,2,3
noise_eps_0.5,3.25,no_trade,0,0,0,0,0,0,1,True,III price-gated entry,analytical,,
noise_eps_0.5,3.25,live,1,-1,0.2330614844,0.1699134646,0.05168743451,0.05168743451,0.5987892106,True,III price-gated entry,numerical diagnostic,1,4
noise_eps_0.5,3.3,no_trade,0,0,0,0,0,0,1,True,III price-gated entry,analytical,,
noise_eps_0.5,3.3,live,1,-1,0.2257735356,0.1646219988,0.05145283024,0.05145283024,0.6002254914,True,III price-gated entry,numerical diagnostic,1,4
noise_eps_0.5,3.35,no_trade,0,0,0,0,0,0,1,True,III price-gated entry,analytical,,
noise_eps_0.5,3.35,live,1,-1,0.2185101793,0.1593467303,0.05110204268,0.05110204268,0.6016638017,True,III price-gated entry,numerical diagnostic,1,4
noise_eps_0.5,3.4,no_trade,0,0,0,0,0,0,1,True,III price-gated entry,analytical,,
noise_eps_0.5,3.4,live,1,-1,0.211271686,0.1540878842,0.05063504562,0.05063504562,0.6032643401,True,III price-gated entry,numerical diagnostic,1,4
noise_eps_0.5,3.45,no_trade,0,0,0,0,0,0,1,True,III price-gated entry,analytical,,
noise_eps_0.5,3.45,live,1,-1,0.2040583094,0.1488456764,0.05005186762,0.05005186762,0.6047070308,True,III price-gated entry,numerical diagnostic,1,4
noise_eps_0.5,3.5,no_trade,0,0,0,0,0,0,1,True,III price-gated entry,analytical,,
noise_eps_0.5,3.5,live,1,-1,0.1968702976,0.1436203205,0.04935259167,0.04935259167,0.6061518418,True,III price-gated entry,numerical diagnostic,1,4
noise_eps_0.5,3.51,no_trade,0,0,0,0,0,0,1,True,III price-gated entry,analytical,,
noise_eps_0.5,3.51,live,1,-1,0.1954357625,0.1425772915,0.04919881643,0.04919881643,0.6064732018,True,III price-gated entry,numerical diagnostic,1,4
noise_eps_0.5,3.52,no_trade,0,0,0,0,0,0,1,True,III price-gated entry,analytical,,
noise_eps_0.5,3.52,live,1,-1,0.1940022505,0.1415349447,0.04904040255,0.04904040255,0.6067946683,True,III price-gated entry,numerical diagnostic,1,4
noise_eps_0.5,3.53,no_trade,0,0,0,0,0,0,1,True,III price-gated entry,analytical,,
noise_eps_0.5,3.53,live,1,-1,0.1925697645,0.1404932822,0.04887735171,0.04887735171,0.6071162416,True,III price-gated entry,numerical diagnostic,1,4
noise_eps_0.5,3.54,no_trade,0,0,0,0,0,0,1,True,III price-gated entry,analytical,,
noise_eps_0.5,3.54,live,1,-1,0.191138307,0.1394523064,0.04870966566,0.04870966566,0.607437922,True,III price-gated entry,numerical diagnostic,1,4
noise_eps_0.5,3.55,no_trade,0,0,0,0,0,0,1,True,III price-gated entry,analytical,,
noise_eps_0.5,3.55,live,1,-1,0.1897079119,0.13841204,0.04853735889,0.04853735889,0.6075988024,True,III price-gated entry,numerical diagnostic,1,4
noise_eps_0.5,3.56,no_trade,0,0,0,0,0,0,1,True,III price-gated entry,analytical,,
noise_eps_0.5,3.56,live,1,-1,0.1882785546,0.1373724673,0.04836042237,0.04836042237,0.6079206441,True,III price-gated entry,numerical diagnostic,1,4
noise_eps_0.5,3.57,no_trade,0,0,0,0,0,0,1,True,III price-gated entry,analytical,,
noise_eps_0.5,3.57,live,1,-1,0.1868502331,0.1363335872,0.04817885615,0.04817885615,0.6082425937,True,III price-gated entry,numerical diagnostic,1,4
noise_eps_0.5,3.58,no_trade,0,0,0,0,0,0,1,True,III price-gated entry,analytical,,
noise_eps_0.5,3.58,live,1,-1,0.18542295,0.135295402,0.0479926623,0.0479926623,0.6085646515,True,III price-gated entry,numerical diagnostic,1,4
noise_eps_0.5,3.59,no_trade,0,0,0,0,0,0,1,True,III price-gated entry,analytical,,
noise_eps_0.5,3.59,live,1,-1,0.1839967081,0.1342579138,0.04780184299,0.04780184299,0.6088868179,True,III price-gated entry,numerical diagnostic,1,4
noise_eps_0.5,3.5926,no_trade,0,0,0,0,0,0,1,True,III price-gated entry,analytical,,
noise_eps_0.5,3.5926,live,1,-1,0.1836260323,0.1339882654,0.04775146277,0.04775146277,0.6088868179,True,III price-gated entry,numerical diagnostic,1,4
noise_eps_0.5,3.5927,no_trade,0,0,0,0,0,0,1,True,III price-gated entry,analytical,,
noise_eps_0.5,3.5927,live,1,-1,0.1836117756,0.1339778944,0.04774951826,0.04774951826,0.6088868179,True,III price-gated entry,numerical diagnostic,1,4
noise_eps_0.5,3.6,no_trade,0,0,0,0,0,0,1,True,III price-gated entry,analytical,,
noise_eps_0.5,3.6,live,1,-1,0.1825715101,0.1332211249,0.04760640047,0.04760640047,0.6092090932,True,III price-gated entry,numerical diagnostic,1,4
noise_eps_0.5,3.61,no_trade,0,0,0,0,0,0,1,True,III price-gated entry,analytical,,
noise_eps_0.5,3.61,live,1,-1,0.1811473587,0.1321850376,0.04740633707,0.04740633707,0.6095314777,True,III price-gated entry,numerical diagnostic,1,4
noise_eps_0.5,3.62,no_trade,0,0,0,0,0,0,1,True,III price-gated entry,analytical,,
noise_eps_0.5,3.62,live,1,-1,0.1797242568,0.1311496542,0.04720165519,0.04720165519,0.6098539717,True,III price-gated entry,numerical diagnostic,1,4
noise_eps_0.5,3.63,no_trade,0,0,0,0,0,0,1,True,III price-gated entry,analytical,,
noise_eps_0.5,3.63,live,1,-1,0.1783022071,0.1301149769,0.0469923573,0.0469923573,0.6101765756,True,III price-gated entry,numerical diagnostic,1,4
noise_eps_0.5,3.64,no_trade,0,0,0,0,0,0,1,True,III price-gated entry,analytical,,
noise_eps_0.5,3.64,live,1,-1,0.1768812356,0.1290810236,0.04677845581,0.04677845581,0.6103379188,True,III price-gated entry,numerical diagnostic,1,4
noise_eps_0.5,3.65,no_trade,0,0,0,0,0,0,1,True,III price-gated entry,analytical,,
noise_eps_0.5,3.65,live,1,-1,0.1754613248,0.1280477831,0.04655994485,0.04655994485,0.6106606881,True,III price-gated entry,numerical diagnostic,1,4
noise_eps_0.5,3.66,no_trade,0,0,0,0,0,0,1,True,III price-gated entry,analytical,,
noise_eps_0.5,3.66,live,1,-1,0.1740424736,0.1270152549,0.04633682546,0.04633682546,0.610983568,True,III price-gated entry,numerical diagnostic,1,4
noise_eps_0.5,3.67,no_trade,0,0,0,0,0,0,1,True,III price-gated entry,analytical,,
noise_eps_0.5,3.67,live,1,-1,0.1726246848,0.1259834414,0.04610910042,0.04610910042,0.6113065589,True,III price-gated entry,numerical diagnostic,1,4
noise_eps_0.5,3.68,no_trade,0,0,0,0,0,0,1,True,III price-gated entry,analytical,,
noise_eps_0.5,3.68,live,1,-1,0.1712079611,0.1249523449,0.04587677259,0.04587677259,0.6116296611,True,III price-gated entry,numerical diagnostic,1,4
noise_eps_0.5,3.69,no_trade,0,0,0,0,0,0,1,True,III price-gated entry,analytical,,
noise_eps_0.5,3.69,live,1,-1,0.1697923053,0.1239219677,0.04563984489,0.04563984489,0.6119528749,True,III price-gated entry,numerical diagnostic,1,4
noise_eps_0.5,3.7,no_trade,0,0,0,0,0,0,1,True,III price-gated entry,analytical,,
noise_eps_0.5,3.7,live,1,-1,0.1683777204,0.1228923122,0.04539832031,0.04539832031,0.6122762007,True,III price-gated entry,numerical diagnostic,1,4
noise_eps_0.5,3.71,no_trade,0,0,0,0,0,0,1,True,III price-gated entry,analytical,,
noise_eps_0.5,3.71,live,1,-1,0.1669642091,0.1218633807,0.04515220193,0.04515220193,0.6125996388,True,III price-gated entry,numerical diagnostic,1,4
noise_eps_0.5,3.72,no_trade,0,0,0,0,0,0,1,True,III price-gated entry,analytical,,
noise_eps_0.5,3.72,live,1,-1,0.1655517742,0.1208351756,0.0449014929,0.0449014929,0.6129231895,True,III price-gated entry,numerical diagnostic,1,4
noise_eps_0.5,3.73,no_trade,0,0,0,0,0,0,1,True,III price-gated entry,analytical,,
noise_eps_0.5,3.73,live,1,-1,0.1641404187,0.1198076992,0.04464619641,0.04464619641,0.6132468531,True,III price-gated entry,numerical diagnostic,1,4
noise_eps_0.5,3.74,no_trade,0,0,0,0,0,0,1,True,III price-gated entry,analytical,,
noise_eps_0.5,3.74,live,1,-1,0.1627301454,0.1187809539,0.04438631576,0.04438631576,0.6135706299,True,III price-gated entry,numerical diagnostic,1,4
noise_eps_0.5,3.75,no_trade,0,0,0,0,0,0,1,True,III price-gated entry,analytical,,
noise_eps_0.5,3.75,live,1,-1,0.1613209571,0.117754942,0.04412185428,0.04412185428,0.6138945203,True,III price-gated entry,numerical diagnostic,1,4
noise_eps_0.5,3.76,no_trade,0,0,0,0,0,0,1,True,III price-gated entry,analytical,,
noise_eps_0.5,3.76,live,1,-1,0.1599128567,0.1167296661,0.0438528154,0.0438528154,0.6142185246,True,III price-gated entry,numerical diagnostic,1,4
noise_eps_0.5,3.77,no_trade,0,0,0,0,0,0,1,True,III price-gated entry,analytical,,
noise_eps_0.5,3.77,live,1,-1,0.1585058489,0.1157051296,0.04357920343,0.04357920343,0.6143805696,True,III price-gated entry,numerical diagnostic,1,4
noise_eps_0.5,3.78,no_trade,0,0,0,0,0,0,1,True,III price-gated entry,analytical,,
noise_eps_0.5,3.78,live,1,-1,0.1570999463,0.1146813416,0.04330102619,0.04330102619,0.6147047454,True,III price-gated entry,numerical diagnostic,1,4
noise_eps_0.5,3.79,no_trade,0,0,0,0,0,0,1,True,III price-gated entry,analytical,,
noise_eps_0.5,3.79,live,1,-1,0.1556951391,0.1136582959,0.04301828178,0.04301828178,0.6150290358,True,III price-gated entry,numerical diagnostic,1,4
noise_eps_0.5,3.8,no_trade,0,0,0,0,0,0,1,True,III price-gated entry,analytical,,
noise_eps_0.5,3.8,live,1,-1,0.1542914304,0.1126359951,0.04273097389,0.04273097389,0.6153534413,True,III price-gated entry,numerical diagnostic,1,4
noise_eps_0.5,3.81,no_trade,0,0,0,0,0,0,1,True,III price-gated entry,analytical,,
noise_eps_0.5,3.81,live,1,-1,0.1528888231,0.1116144415,0.04243910625,0.04243910625,0.6156779622,True,III price-gated entry,numerical diagnostic,1,4
noise_eps_0.5,3.82,no_trade,0,0,0,0,0,0,1,True,III price-gated entry,analytical,,
noise_eps_0.5,3.82,live,1,-1,0.15148732,0.1105936376,0.04214268266,0.04214268266,0.6160025987,True,III price-gated entry,numerical diagnostic,1,4
noise_eps_0.5,3.83,no_trade,0,0,0,0,0,0,1,True,III price-gated entry,analytical,,
noise_eps_0.5,3.83,live,1,-1,0.1500869241,0.1095735858,0.041841707,0.041841707,0.6163273512,True,III price-gated entry,numerical diagnostic,1,4
noise_eps_0.5,3.84,no_trade,0,0,0,0,0,0,1,True,III price-gated entry,analytical,,
noise_eps_0.5,3.84,live,1,-1,0.1486876384,0.1085542886,0.04153618319,0.04153618319,0.6166522201,True,III price-gated entry,numerical diagnostic,1,4
noise_eps_0.5,3.85,no_trade,0,0,0,0,0,0,1,True,III price-gated entry,analytical,,
noise_eps_0.5,3.85,live,1,-1,0.1472894657,0.1075357485,0.04122611524,0.04122611524,0.6169772056,True,III price-gated entry,numerical diagnostic,1,4
noise_eps_0.5,3.86,no_trade,0,0,0,0,0,0,1,True,III price-gated entry,analytical,,
noise_eps_0.5,3.86,live,1,-1,0.145892409,0.1065179678,0.04091150719,0.04091150719,0.617302308,True,III price-gated entry,numerical diagnostic,1,4
noise_eps_0.5,3.87,no_trade,0,0,0,0,0,0,1,True,III price-gated entry,analytical,,
noise_eps_0.5,3.87,live,1,-1,0.1444964712,0.1055009492,0.04059236316,0.04059236316,0.6176275278,True,III price-gated entry,numerical diagnostic,1,4
noise_eps_0.5,3.88,no_trade,0,0,0,0,0,0,1,True,III price-gated entry,analytical,,
noise_eps_0.5,3.88,live,1,-1,0.1431016553,0.104484695,0.04026868733,0.04026868733,0.6179528652,True,III price-gated entry,numerical diagnostic,1,4
noise_eps_0.5,3.89,no_trade,0,0,0,0,0,0,1,True,III price-gated entry,analytical,,
noise_eps_0.5,3.89,live,1,-1,0.1417079644,0.1034692078,0.03994048394,0.03994048394,0.6182783206,True,III price-gated entry,numerical diagnostic,1,4
noise_eps_0.5,3.9,no_trade,0,0,0,0,0,0,1,True,III price-gated entry,analytical,,
noise_eps_0.5,3.9,live,1,-1,0.1403154012,0.1024544901,0.03960775728,0.03960775728,0.6186038943,True,III price-gated entry,numerical diagnostic,1,4
noise_eps_0.5,3.91,no_trade,0,0,0,0,0,0,1,True,III price-gated entry,analytical,,
noise_eps_0.5,3.91,live,1,-1,0.1389239689,0.1014405444,0.0392705117,0.0392705117,0.6189295865,True,III price-gated entry,numerical diagnostic,1,4
noise_eps_0.5,3.92,no_trade,0,0,0,0,0,0,1,True,III price-gated entry,analytical,,
noise_eps_0.5,3.92,live,1,-1,0.1375336704,0.1004273732,0.03892875162,0.03892875162,0.6192553977,True,III price-gated entry,numerical diagnostic,1,4
noise_eps_0.5,3.93,no_trade,0,0,0,0,0,0,1,True,III price-gated entry,analytical,,
noise_eps_0.5,3.93,live,1,-1,0.1361445087,0.09941497896,0.03858248152,0.03858248152,0.6195813281,True,III price-gated entry,numerical diagnostic,1,4
noise_eps_0.5,3.94,no_trade,0,0,0,0,0,0,1,True,III price-gated entry,analytical,,
noise_eps_0.5,3.94,live,1,-1,0.1347564868,0.09840336432,0.03823170591,0.03823170591,0.6199073781,True,III price-gated entry,numerical diagnostic,1,4
noise_eps_0.5,3.95,no_trade,0,0,0,0,0,0,1,True,III price-gated entry,analytical,,
noise_eps_0.5,3.95,live,1,-1,0.1333696078,0.09739253179,0.03787642939,0.03787642939,0.6202335481,True,III price-gated entry,numerical diagnostic,1,4
noise_eps_0.5,3.96,no_trade,0,0,0,0,0,0,1,True,III price-gated entry,analytical,,
noise_eps_0.5,3.96,live,1,-1,0.1319838745,0.09638248391,0.03751665659,0.03751665659,0.6205598382,True,III price-gated entry,numerical diagnostic,1,4
noise_eps_0.5,3.97,no_trade,0,0,0,0,0,0,1,True,III price-gated entry,analytical,,
noise_eps_0.5,3.97,live,1,-1,0.1305992901,0.09537322325,0.03715239221,0.03715239221,0.6208862489,True,III price-gated entry,numerical diagnostic,1,4
noise_eps_0.5,3.98,no_trade,0,0,0,0,0,0,1,True,III price-gated entry,analytical,,
noise_eps_0.5,3.98,live,1,-1,0.1292158576,0.09436475236,0.036783641,0.036783641,0.6212127805,True,III price-gated entry,numerical diagnostic,1,4
noise_eps_0.5,3.99,no_trade,0,0,0,0,0,0,1,True,III price-gated entry,analytical,,
noise_eps_0.5,3.99,live,1,-1,0.12783358,0.09335707383,0.03641040777,0.03641040777,0.6215394333,True,III price-gated entry,numerical diagnostic,1,4
noise_eps_0.5,4,no_trade,0,0,0,0,0,0,1,True,III price-gated entry,analytical,,
noise_eps_0.5,4,live,1,-1,0.1264524603,0.09235019022,0.03603269738,0.03603269738,0.6218662077,True,III price-gated entry,numerical diagnostic,1,4
noise_eps_0.5,4.05,no_trade,0,0,0,0,0,0,1,True,III price-gated entry,analytical,,
noise_eps_0.5,4.05,live,1,-1,0.1195643595,0.08732780195,0.03407717245,0.03407717245,0.6236656538,True,III price-gated entry,numerical diagnostic,1,4
noise_eps_0.5,4.1,no_trade,0,0,0,0,0,0,1,True,III price-gated entry,analytical,,
noise_eps_0.5,4.1,live,1,-1,0.1127057374,0.08232572722,0.03201051321,0.03201051321,0.6253047587,True,III price-gated entry,numerical diagnostic,1,4
noise_eps_0.5,4.15,no_trade,0,0,0,0,0,0,1,True,III price-gated entry,analytical,,
noise_eps_0.5,4.15,live,1,-1,0.105876938,0.077344268,0.02983336503,0.02983336503,0.6269469962,True,III price-gated entry,numerical diagnostic,1,4
noise_eps_0.5,4.2,no_trade,0,0,0,0,0,0,1,True,III price-gated entry,analytical,,
noise_eps_0.5,4.2,live,1,-1,0.09907845886,0.07238383448,0.02754647943,0.02754647943,0.6287571246,True,III price-gated entry,numerical diagnostic,1,4
noise_eps_0.5,4.25,no_trade,0,0,0,0,0,0,1,True,III price-gated entry,analytical,,
noise_eps_0.5,4.25,live,1,-1,0.09231066817,0.06744474959,0.02515057062,0.02515057062,0.630571148,True,III price-gated entry,numerical diagnostic,1,4
noise_eps_0.5,4.3,no_trade,0,0,0,0,0,0,1,True,III price-gated entry,analytical,,
noise_eps_0.5,4.3,live,1,-1,0.08557410644,0.06252745866,0.02264646955,0.02264646955,0.6322236862,True,III price-gated entry,numerical diagnostic,1,4
noise_eps_0.5,4.35,no_trade,0,0,0,0,0,0,1,True,III price-gated entry,analytical,,
noise_eps_0.5,4.35,live,1,-1,0.07886918936,0.05763232265,0.02003496892,0.02003496892,0.6340452978,True,III price-gated entry,numerical diagnostic,1,4
noise_eps_0.5,4.4,no_trade,0,0,0,0,0,0,1,True,III price-gated entry,analytical,,
noise_eps_0.5,4.45,no_trade,0,0,0,0,0,0,1,True,III price-gated entry,analytical,,
noise_eps_0.5,4.5,no_trade,0,0,0,0,0,0,1,True,III price-gated entry,analytical,,
noise_eps_0.5,4.55,no_trade,0,0,0,0,0,0,1,True,III price-gated entry,analytical,,
noise_eps_0.5,4.6,no_trade,0,0,0,0,0,0,1,True,III price-gated entry,analytical,,
noise_eps_0.5,4.65,no_trade,0,0,0,0,0,0,1,True,III price-gated entry,analytical,,
noise_eps_0.5,4.7,no_trade,0,0,0,0,0,0,1,True,III price-gated entry,analytical,,
noise_eps_0.5,4.75,no_trade,0,0,0,0,0,0,1,True,III price-gated entry,analytical,,
noise_eps_0.5,4.8,no_trade,0,0,0,0,0,0,1,True,III price-gated entry,analytical,,
noise_eps_0.5,4.85,no_trade,0,0,0,0,0,0,1,True,III price-gated entry,analytical,,
noise_eps_0.5,4.9,no_trade,0,0,0,0,0,0,1,True,III price-gated entry,analytical,,
noise_eps_0.5,4.95,no_trade,0,0,0,0,0,0,1,True,III price-gated entry,analytical,,
noise_eps_0.5,5,no_trade,0,0,0,0,0,0,1,True,IV no entry,analytical,,
uniform_3_9,1.2,no_trade,0,0,0.3006944444,0.1503472222,0,0,0,True,II prior entry,analytical,,
uniform_3_9,1.25,no_trade,0,0,0.2979166667,0.1489583333,0,0,0,True,II prior entry,analytical,,
uniform_3_9,1.3,no_trade,0,0,0.2951923077,0.1475961538,0,0,0,True,II prior entry,analytical,,
uniform_3_9,1.35,no_trade,0,0,0.2925154321,0.146257716,0,0,0,True,II prior entry,analytical,,
uniform_3_9,1.4,no_trade,0,0,0.2898809524,0.1449404762,0,0,0,True,II prior entry,analytical,,
uniform_3_9,1.45,no_trade,0,0,0.2872844828,0.1436422414,0,0,0,True,II prior entry,analytical,,
uniform_3_9,1.5,no_trade,0,0,0.2847222222,0.1423611111,0,0,0,True,II prior entry,analytical,,
uniform_3_9,1.55,no_trade,0,0,0.2821908602,0.1410954301,0,0,0,True,II prior entry,analytical,,
uniform_3_9,1.6,no_trade,0,0,0.2796875,0.13984375,0,0,0,True,II prior entry,analytical,,
uniform_3_9,1.65,no_trade,0,0,0.277209596,0.138604798,0,0,0,True,II prior entry,analytical,,
uniform_3_9,1.7,no_trade,0,0,0.274754902,0.137377451,0,0,0,True,II prior entry,analytical,,
uniform_3_9,1.75,no_trade,0,0,0.2723214286,0.1361607143,0,0,0,False,II prior entry,analytical,,
uniform_3_9,1.75,live,1,-0.0735,0.2723213386,0.1580109476,0.0005847175437,4.297673946e-05,0,True,II prior entry,numerical diagnostic,3,0
uniform_3_9,1.8,no_trade,0,0,0.2699074074,0.1349537037,0,0,0,False,II prior entry,analytical,,
uniform_3_9,1.8,live,1,-0.2295,0.2699073186,0.1627027697,0.002180652495,0.0005004597475,0,True,II prior entry,numerical diagnostic,5,0
uniform_3_9,1.85,no_trade,0,0,0.2675112613,0.1337556306,0,0,0,False,II prior entry,analytical,,
uniform_3_9,1.85,live,1,-0.348,0.2675111666,0.1662736089,0.003803400448,0.001323583356,0,True,II prior entry,numerical diagnostic,5,0
uniform_3_9,1.9,no_trade,0,0,0.2651315789,0.1325657895,0,0,0,False,II prior entry,analytical,,
uniform_3_9,1.9,live,1,-0.4425,0.265131493,0.1690316304,0.005442956005,0.002408508032,0,True,II prior entry,numerical diagnostic,5,0
uniform_3_9,1.95,no_trade,0,0,0.262767094,0.131383547,0,0,0,False,II prior entry,analytical,,
uniform_3_9,1.95,live,1,-0.5305,0.2642122111,0.1720875399,0.00719940414,0.003819288566,0.3684996862,True,II prior entry,numerical diagnostic,5,0
uniform_3_9,2,no_trade,0,0,0.2604166667,0.1302083333,0,0,0,False,II prior entry,analytical,,
uniform_3_9,2,live,1,-0.6415,0.2688775289,0.1779601721,0.009417352275,0.006041237529,0.3732533625,True,II prior entry,numerical diagnostic,5,0
uniform_3_9,2.05,no_trade,0,0,0.2580792683,0.1290396341,0,0,0,False,II prior entry,analytical,,
uniform_3_9,2.05,live,1,-0.7345,0.2723708965,0.1826402503,0.01159216328,0.008514445733,0.377119813,True,II prior entry,numerical diagnostic,5,0
uniform_3_9,2.1,no_trade,0,0,0.2557539683,0.1278769841,0,0,0,False,II prior entry,analytical,,
uniform_3_9,2.1,live,1,-0.815,0.2750650151,0.1864890398,0.01373814777,0.01119659215,0.380459329,True,II prior entry,numerical diagnostic,5,0
uniform_3_9,2.15,no_trade,0,0,0.2534399225,0.1267199612,0,0,0,False,II prior entry,analytical,,
uniform_3_9,2.15,live,1,-0.8855,0.2771371219,0.1896752946,0.01586135279,0.01404523254,0.3834226348,True,II prior entry,numerical diagnostic,5,0
uniform_3_9,2.2,no_trade,0,0,0.2511363636,0.1255681818,0,0,0,False,II prior entry,analytical,,
uniform_3_9,2.2,live,1,-0.9465,0.2786442147,0.1922427549,0.01796472681,0.01700361392,0.38608877,True,II prior entry,numerical diagnostic,5,0
uniform_3_9,2.25,no_trade,0,0,0.2488425926,0.1244212963,0,0,0,False,II prior entry,analytical,,
uniform_3_9,2.25,live,1,-1,0.2797140366,0.1943234577,0.02005163349,0.02005163349,0.3885315799,True,II prior entry,numerical diagnostic,5,0
uniform_3_9,2.3,no_trade,0,0,0.246557971,0.1232789855,0,0,0,False,II prior entry,analytical,,
uniform_3_9,2.3,live,1,-1,0.2780204135,0.193198804,0.02211616201,0.02211616201,0.3893389879,True,II prior entry,numerical diagnostic,5,0
uniform_3_9,2.35,no_trade,0,0,0.2442819149,0.1221409574,0,0,0,False,II prior entry,analytical,,
uniform_3_9,2.35,live,1,-1,0.2763304509,0.192075718,0.02417599845,0.02417599845,0.3901457043,True,II prior entry,numerical diagnostic,5,0
uniform_3_9,2.4,no_trade,0,0,0.2420138889,0.1210069444,0,0,0,False,II prior entry,analytical,,
uniform_3_9,2.4,live,1,-1,0.2746439984,0.1909541292,0.02622932375,0.02622932375,0.3911128581,True,II prior entry,numerical diagnostic,5,0
uniform_3_9,2.45,no_trade,0,0,0.2397534014,0.1198767007,0,0,0,False,II prior entry,analytical,,
uniform_3_9,2.45,live,1,-1,0.2729608908,0.1898339639,0.02827446693,0.02827446693,0.3919180706,True,II prior entry,numerical diagnostic,5,0
uniform_3_9,2.5,no_trade,0,0,0.2375,0.11875,0,0,0,False,II prior entry,analytical,,
uniform_3_9,2.5,live,1,-1,0.2712809884,0.1887151587,0.0303098966,0.0303098966,0.3927226076,True,II prior entry,numerical diagnostic,5,0
uniform_3_9,2.55,no_trade,0,0,0.235253268,0.117626634,0,0,0,False,II prior entry,analytical,,
uniform_3_9,2.55,live,1,-1,0.2696041703,0.1875976577,0.03233420688,0.03233420688,0.3936871674,True,II prior entry,numerical diagnostic,5,0
uniform_3_9,2.6,no_trade,0,0,0.2330128205,0.1165064103,0,0,0,False,II prior entry,analytical,,
uniform_3_9,2.6,live,1,-1,0.2679303215,0.1864814081,0.0343461032,0.0343461032,0.394490236,True,II prior entry,numerical diagnostic,5,0
uniform_3_9,2.65,no_trade,0,0,0.2307783019,0.1153891509,0,0,0,False,II prior entry,analytical,,
uniform_3_9,2.65,live,1,-1,0.2662593279,0.185366359,0.03634439054,0.03634439054,0.3952926452,True,II prior entry,numerical diagnostic,5,0
uniform_3_9,2.7,no_trade,0,0,0.2285493827,0.1142746914,0,0,0,False,II prior entry,analytical,,
uniform_3_9,2.7,live,1,-1,0.2645910916,0.1842524654,0.03832796741,0.03832796741,0.3960943999,True,II prior entry,numerical diagnostic,5,0
uniform_3_9,2.75,no_trade,0,0,0.2263257576,0.1131628788,0,0,0,False,II prior entry,analytical,,
uniform_3_9,2.75,live,1,-1,0.2629255222,0.1831396863,0.04029581596,0.04029581596,0.3968955052,True,II prior entry,numerical diagnostic,5,0
uniform_3_9,2.8,no_trade,0,0,0.2241071429,0.1120535714,0,0,0,False,II prior entry,analytical,,
uniform_3_9,2.8,live,1,-1,0.2612625457,0.1820279868,0.04224699686,0.04224699686,0.3978559814,True,II prior entry,numerical diagnostic,5,0
uniform_3_9,2.85,no_trade,0,0,0.2218932749,0.1109466374,0,0,0,False,II prior entry,analytical,,
uniform_3_9,2.85,live,1,-1,0.2596020767,0.1809173289,0.04418063583,0.04418063583,0.3986556756,True,II prior entry,numerical diagnostic,5,0
uniform_3_9,2.9,no_trade,0,0,0.219683908,0.109841954,0,0,0,False,II prior entry,analytical,,
uniform_3_9,2.9,live,1,-1,0.2579440437,0.1798076802,0.04609592395,0.04609592395,0.3994547365,True,II prior entry,numerical diagnostic,5,0
uniform_3_9,2.95,no_trade,0,0,0.2174788136,0.1087394068,0,0,0,False,II prior entry,analytical,,
uniform_3_9,2.95,live,1,-1,0.2562883813,0.1786990109,0.0479921106,0.0479921106,0.4002531689,True,II prior entry,numerical diagnostic,5,0
uniform_3_9,3,no_trade,0,0,0.2152777778,0.1076388889,0,0,0,False,II prior entry,analytical,,
uniform_3_9,3,live,1,-1,0.2546350292,0.1775912935,0.04986849842,0.04986849842,0.4010509779,True,II prior entry,numerical diagnostic,5,0
uniform_3_9,3.05,no_trade,0,0,0.2130806011,0.1065403005,0,0,0,False,II prior entry,analytical,,
uniform_3_9,3.05,live,1,-1,0.2529839358,0.1764845042,0.05172444031,0.05172444031,0.4020075328,True,II prior entry,numerical diagnostic,5,0
uniform_3_9,3.1,no_trade,0,0,0.2108870968,0.1054435484,0,0,0,False,II prior entry,analytical,,
uniform_3_9,3.1,live,1,-1,0.2513350497,0.1753786195,0.05355933301,0.05355933301,0.4028039879,True,II prior entry,numerical diagnostic,5,0
uniform_3_9,3.15,no_trade,0,0,0.2086970899,0.104348545,0,0,0,False,II prior entry,analytical,,
uniform_3_9,3.15,live,1,-1,0.2496883186,0.1742736162,0.05537261313,0.05537261313,0.4035998354,True,II prior entry,numerical diagnostic,5,0
uniform_3_9,3.2,no_trade,0,0,0.2065104167,0.1032552083,0,0,0,False,II prior entry,analytical,,
uniform_3_9,3.2,live,1,-1,0.2480436983,0.1731694743,0.05716375685,0.05716375685,0.4043950805,True,II prior entry,numerical diagnostic,5,0
uniform_3_9,3.25,no_trade,0,0,0.2043269231,0.1021634615,0,0,0,False,II prior entry,analytical,,
uniform_3_9,3.25,live,1,-1,0.2464011479,0.1720661753,0.05893227564,0.05893227564,0.405189728,True,II prior entry,numerical diagnostic,5,0
uniform_3_9,3.3,no_trade,0,0,0.2021464646,0.1010732323,0,0,0,False,II prior entry,analytical,,
uniform_3_9,3.3,live,1,-1,0.2447606297,0.1709637022,0.06067771372,0.06067771372,0.4061425233,True,II prior entry,numerical diagnostic,5,0
uniform_3_9,3.35,no_trade,0,0,0.1999689055,0.09998445274,0,0,0,False,II prior entry,analytical,,
uniform_3_9,3.35,live,1,-1,0.2431221179,0.1698620425,0.06239964886,0.06239964886,0.4069358738,True,II prior entry,numerical diagnostic,5,0
uniform_3_9,3.4,no_trade,0,0,0.1977941176,0.09889705882,0,0,0,False,II prior entry,analytical,,
uniform_3_9,3.4,live,1,-1,0.2414855707,0.1687611783,0.06409768017,0.06409768017,0.4077286426,True,II prior entry,numerical diagnostic,5,0
uniform_3_9,3.45,no_trade,0,0,0.1956219807,0.09781099034,0,0,0,False,II prior entry,analytical,,
uniform_3_9,3.45,live,1,-1,0.2398509582,0.1676610962,0.06577143604,0.06577143604,0.4085208347,True,II prior entry,numerical diagnostic,5,0
uniform_3_9,3.5,no_trade,0,0,0.193452381,0.09672619048,0,0,0,False,II prior entry,analytical,,
uniform_3_9,3.5,live,1,-1,0.2382182525,0.1665617839,0.06742056906,0.06742056906,0.409312455,True,II prior entry,numerical diagnostic,5,0
uniform_3_9,3.51,no_trade,0,0,0.1930187559,0.09650937797,0,0,0,False,II prior entry,analytical,,
uniform_3_9,3.51,live,1,-1,0.2378919379,0.1663420127,0.06774741195,0.06774741195,0.4094707109,True,II prior entry,numerical diagnostic,5,0
uniform_3_9,3.52,no_trade,0,0,0.1925852273,0.09629261364,0,0,0,False,II prior entry,analytical,,
uniform_3_9,3.52,live,1,-1,0.2375656984,0.1661222719,0.06807325436,0.06807325436,0.4096289442,True,II prior entry,numerical diagnostic,5,0
uniform_3_9,3.53,no_trade,0,0,0.1921517941,0.09607589707,0,0,0,False,II prior entry,analytical,,
uniform_3_9,3.53,live,1,-1,0.2372395337,0.1659025611,0.06839809384,0.06839809384,0.4097871548,True,II prior entry,numerical diagnostic,5,0
uniform_3_9,3.54,no_trade,0,0,0.1917184557,0.09585922787,0,0,0,False,II prior entry,analytical,,
uniform_3_9,3.54,live,1,-1,0.2369134449,0.1656828809,0.06872192849,0.06872192849,0.4101035086,True,II prior entry,numerical diagnostic,5,0
uniform_3_9,3.55,no_trade,0,0,0.1912852113,0.09564260563,0,0,0,False,II prior entry,analytical,,
uniform_3_9,3.55,live,1,-1,0.2365874316,0.1654632311,0.0690447558,0.0690447558,0.4102616517,True,II prior entry,numerical diagnostic,5,0
uniform_3_9,3.56,no_trade,0,0,0.1908520599,0.09542602996,0,0,0,False,II prior entry,analytical,,
uniform_3_9,3.56,live,1,-1,0.2362614926,0.1652436112,0.06936657301,0.06936657301,0.4104197724,True,II prior entry,numerical diagnostic,5,0
uniform_3_9,3.57,no_trade,0,0,0.1904190009,0.09520950047,0,0,0,False,II prior entry,analytical,,
uniform_3_9,3.57,live,1,-1,0.2359356278,0.1650240211,0.06968737776,0.06968737776,0.4105778707,True,II prior entry,numerical diagnostic,5,0
uniform_3_9,3.58,no_trade,0,0,0.1899860335,0.09499301676,0,0,0,False,II prior entry,analytical,,
uniform_3_9,3.58,live,1,-1,0.2356098369,0.1648044607,0.07000716776,0.07000716776,0.4107359466,True,II prior entry,numerical diagnostic,5,0
uniform_3_9,3.59,no_trade,0,0,0.1895531569,0.09477657846,0,0,0,False,II prior entry,analytical,,
uniform_3_9,3.59,live,1,-1,0.2352841198,0.1645849301,0.07032594074,0.07032594074,0.4108940003,True,II prior entry,numerical diagnostic,5,0
uniform_3_9,3.5926,no_trade,0,0,0.1894406238,0.09472031189,0,0,0,False,II prior entry,analytical,,
uniform_3_9,3.5926,live,1,-1,0.2351994466,0.1645278574,0.07040865535,0.07040865535,0.4108940003,True,II prior entry,numerical diagnostic,5,0
uniform_3_9,3.5927,no_trade,0,0,0.1894362957,0.09471814785,0,0,0,False,II prior entry,analytical,,
uniform_3_9,3.5927,live,1,-1,0.2351961899,0.1645256623,0.07041183527,0.07041183527,0.4108940003,True,II prior entry,numerical diagnostic,5,0
uniform_3_9,3.6,no_trade,0,0,0.1891203704,0.09456018519,0,0,0,False,II prior entry,analytical,,
uniform_3_9,3.6,live,1,-1,0.2349584763,0.1643654291,0.07064369444,0.07064369444,0.4110520316,True,II prior entry,numerical diagnostic,5,0
uniform_3_9,3.61,no_trade,0,0,0.1886876731,0.09434383657,0,0,0,False,II prior entry,analytical,,
uniform_3_9,3.61,live,1,-1,0.2346329062,0.1641459575,0.07096042667,0.07096042667,0.4112100407,True,II prior entry,numerical diagnostic,5,0
uniform_3_9,3.62,no_trade,0,0,0.1882550645,0.09412753223,0,0,0,False,II prior entry,analytical,,
uniform_3_9,3.62,live,1,-1,0.2343074093,0.1639265155,0.07127613522,0.07127613522,0.4113680277,True,II prior entry,numerical diagnostic,5,0
uniform_3_9,3.63,no_trade,0,0,0.1878225436,0.09391127181,0,0,0,False,II prior entry,analytical,,
uniform_3_9,3.63,live,1,-1,0.2339819856,0.1637071028,0.07159081796,0.07159081796,0.4115259924,True,II prior entry,numerical diagnostic,5,0
uniform_3_9,3.64,no_trade,0,0,0.1873901099,0.09369505495,0,0,0,False,II prior entry,analytical,,
uniform_3_9,3.64,live,1,-1,0.2336566348,0.1634877195,0.07190447274,0.07190447274,0.4116839351,True,II prior entry,numerical diagnostic,5,0
uniform_3_9,3.65,no_trade,0,0,0.1869577626,0.09347888128,0,0,0,False,II prior entry,analytical,,
uniform_3_9,3.65,live,1,-1,0.2333313568,0.1632683653,0.07221709746,0.07221709746,0.4118418556,True,II prior entry,numerical diagnostic,5,0
uniform_3_9,3.66,no_trade,0,0,0.1865255009,0.09326275046,0,0,0,False,II prior entry,analytical,,
uniform_3_9,3.66,live,1,-1,0.2330061514,0.1630490404,0.07252869007,0.07252869007,0.4119997542,True,II prior entry,numerical diagnostic,5,0
uniform_3_9,3.67,no_trade,0,0,0.1860933243,0.09304666213,0,0,0,False,II prior entry,analytical,,
uniform_3_9,3.67,live,1,-1,0.2326810185,0.1628297446,0.07283924851,0.07283924851,0.4121576307,True,II prior entry,numerical diagnostic,5,0
uniform_3_9,3.68,no_trade,0,0,0.1856612319,0.09283061594,0,0,0,False,II prior entry,analytical,,
uniform_3_9,3.68,live,1,-1,0.2323559579,0.1626104778,0.07314877077,0.07314877077,0.4123154852,True,II prior entry,numerical diagnostic,5,0
uniform_3_9,3.69,no_trade,0,0,0.1852292231,0.09261461156,0,0,0,False,II prior entry,analytical,,
uniform_3_9,3.69,live,1,-1,0.2320309695,0.16239124,0.07345725484,0.07345725484,0.4124733179,True,II prior entry,numerical diagnostic,5,0
uniform_3_9,3.7,no_trade,0,0,0.1847972973,0.09239864865,0,0,0,False,II prior entry,analytical,,
uniform_3_9,3.7,live,1,-1,0.231706053,0.1621720311,0.07376469878,0.07376469878,0.4126311286,True,II prior entry,numerical diagnostic,5,0
uniform_3_9,3.71,no_trade,0,0,0.1843654537,0.09218272686,0,0,0,False,II prior entry,analytical,,
uniform_3_9,3.71,live,1,-1,0.2313812085,0.1619528511,0.07407110064,0.07407110064,0.4127889176,True,II prior entry,numerical diagnostic,5,0
uniform_3_9,3.72,no_trade,0,0,0.1839336918,0.09196684588,0,0,0,False,II prior entry,analytical,,
uniform_3_9,3.72,live,1,-1,0.2310564357,0.1617336999,0.07437645851,0.07437645851,0.4129466847,True,II prior entry,numerical diagnostic,5,0
uniform_3_9,3.73,no_trade,0,0,0.1835020107,0.09175100536,0,0,0,False,II prior entry,analytical,,
uniform_3_9,3.73,live,1,-1,0.2307317345,0.1615145774,0.0746807705,0.0746807705,0.41310443,True,II prior entry,numerical diagnostic,5,0
uniform_3_9,3.74,no_trade,0,0,0.18307041,0.09153520499,0,0,0,False,II prior entry,analytical,,
uniform_3_9,3.74,live,1,-1,0.2304071071,0.1612954844,0.07498403585,0.07498403585,0.4134198556,True,II prior entry,numerical diagnostic,5,0
uniform_3_9,3.75,no_trade,0,0,0.1826388889,0.09131944444,0,0,0,False,II prior entry,analytical,,
uniform_3_9,3.75,live,1,-1,0.2300825514,0.1610764202,0.07528625179,0.07528625179,0.4135775359,True,II prior entry,numerical diagnostic,5,0
uniform_3_9,3.76,no_trade,0,0,0.1822074468,0.0911037234,0,0,0,False,II prior entry,analytical,,
uniform_3_9,3.76,live,1,-1,0.2297580669,0.1608573845,0.07558741636,0.07558741636,0.4137351946,True,II prior entry,numerical diagnostic,5,0
uniform_3_9,3.77,no_trade,0,0,0.1817760831,0.09088804156,0,0,0,False,II prior entry,analytical,,
uniform_3_9,3.77,live,1,-1,0.2294336535,0.1606383774,0.07588752776,0.07588752776,0.4138928317,True,II prior entry,numerical diagnostic,5,0
uniform_3_9,3.78,no_trade,0,0,0.1813447972,0.09067239859,0,0,0,False,II prior entry,analytical,,
uniform_3_9,3.78,live,1,-1,0.2291093111,0.1604193987,0.07618658423,0.07618658423,0.4140504473,True,II prior entry,numerical diagnostic,5,0
uniform_3_9,3.79,no_trade,0,0,0.1809135884,0.0904567942,0,0,0,False,II prior entry,analytical,,
uniform_3_9,3.79,live,1,-1,0.2287850394,0.1602004484,0.07648458403,0.07648458403,0.4142080414,True,II prior entry,numerical diagnostic,5,0
uniform_3_9,3.8,no_trade,0,0,0.1804824561,0.09024122807,0,0,0,False,II prior entry,analytical,,
uniform_3_9,3.8,live,1,-1,0.2284608385,0.1599815264,0.07678152544,0.07678152544,0.4143656141,True,II prior entry,numerical diagnostic,5,0
uniform_3_9,3.81,no_trade,0,0,0.1800513998,0.09002569991,0,0,0,False,II prior entry,analytical,,
uniform_3_9,3.81,live,1,-1,0.2281367082,0.1597626328,0.07707740676,0.07707740676,0.4145231654,True,II prior entry,numerical diagnostic,5,0
uniform_3_9,3.82,no_trade,0,0,0.1796204188,0.08981020942,0,0,0,False,II prior entry,analytical,,
uniform_3_9,3.82,live,1,-1,0.2278126483,0.1595437674,0.07737222631,0.07737222631,0.4146806953,True,II prior entry,numerical diagnostic,5,0
uniform_3_9,3.83,no_trade,0,0,0.1791895126,0.08959475631,0,0,0,False,II prior entry,analytical,,
uniform_3_9,3.83,live,1,-1,0.2274886587,0.1593249302,0.07766598245,0.07766598245,0.4148382038,True,II prior entry,numerical diagnostic,5,0
uniform_3_9,3.84,no_trade,0,0,0.1787586806,0.08937934028,0,0,0,False,II prior entry,analytical,,
uniform_3_9,3.84,live,1,-1,0.2271647394,0.1591061212,0.07795867353,0.07795867353,0.4149956911,True,II prior entry,numerical diagnostic,5,0
uniform_3_9,3.85,no_trade,0,0,0.1783279221,0.08916396104,0,0,0,False,II prior entry,analytical,,
uniform_3_9,3.85,live,1,-1,0.2268408902,0.1588873402,0.07825029796,0.07825029796,0.4151531571,True,II prior entry,numerical diagnostic,5,0
uniform_3_9,3.86,no_trade,0,0,0.1778972366,0.08894861831,0,0,0,False,II prior entry,analytical,,
uniform_3_9,3.86,live,1,-1,0.2265171111,0.1586685873,0.07854085414,0.07854085414,0.4153106019,True,II prior entry,numerical diagnostic,5,0
uniform_3_9,3.87,no_trade,0,0,0.1774666236,0.0887333118,0,0,0,False,II prior entry,analytical,,
uniform_3_9,3.87,live,1,-1,0.2261934018,0.1584498624,0.07883034051,0.07883034051,0.4154680255,True,II prior entry,numerical diagnostic,5,0
uniform_3_9,3.88,no_trade,0,0,0.1770360825,0.08851804124,0,0,0,False,II prior entry,analytical,,
uniform_3_9,3.88,live,1,-1,0.2258697622,0.1582311655,0.07911875552,0.07911875552,0.415625428,True,II prior entry,numerical diagnostic,5,0
uniform_3_9,3.89,no_trade,0,0,0.1766056127,0.08830280634,0,0,0,False,II prior entry,analytical,,
uniform_3_9,3.89,live,1,-1,0.2255461924,0.1580124965,0.07940609765,0.07940609765,0.4157828094,True,II prior entry,numerical diagnostic,5,0
uniform_3_9,3.9,no_trade,0,0,0.1761752137,0.08808760684,0,0,0,False,II prior entry,analytical,,
uniform_3_9,3.9,live,1,-1,0.2252226929,0.1577938556,0.07969236575,0.07969236575,0.4160975091,True,II prior entry,numerical diagnostic,5,0
uniform_3_9,3.91,no_trade,0,0,0.1757448849,0.08787244246,0,0,0,False,II prior entry,analytical,,
uniform_3_9,3.91,live,1,-1,0.2248992652,0.1575752435,0.0799775592,0.0799775592,0.4162548275,True,II prior entry,numerical diagnostic,5,0
uniform_3_9,3.92,no_trade,0,0,0.1753146259,0.08765731293,0,0,0,False,II prior entry,analytical,,
uniform_3_9,3.92,live,1,-1,0.224575907,0.1573566591,0.08026167534,0.08026167534,0.4164121249,True,II prior entry,numerical diagnostic,5,0
uniform_3_9,3.93,no_trade,0,0,0.174884436,0.08744221798,0,0,0,False,II prior entry,analytical,,
uniform_3_9,3.93,live,1,-1,0.224252618,0.1571381026,0.08054471272,0.08054471272,0.4165694015,True,II prior entry,numerical diagnostic,5,0
uniform_3_9,3.94,no_trade,0,0,0.1744543147,0.08722715736,0,0,0,False,II prior entry,analytical,,
uniform_3_9,3.94,live,1,-1,0.2239293983,0.1569195737,0.08082666992,0.08082666992,0.4167266571,True,II prior entry,numerical diagnostic,5,0
uniform_3_9,3.95,no_trade,0,0,0.1740242616,0.0870121308,0,0,0,False,II prior entry,analytical,,
uniform_3_9,3.95,live,1,-1,0.2236062477,0.1567010725,0.08110754552,0.08110754552,0.416883892,True,II prior entry,numerical diagnostic,5,0
uniform_3_9,3.96,no_trade,0,0,0.1735942761,0.08679713805,0,0,0,False,II prior entry,analytical,,
uniform_3_9,3.96,live,1,-1,0.223283166,0.156482599,0.08138733816,0.08138733816,0.417041106,True,II prior entry,numerical diagnostic,5,0
uniform_3_9,3.97,no_trade,0,0,0.1731643577,0.08658217884,0,0,0,False,II prior entry,analytical,,
uniform_3_9,3.97,live,1,-1,0.2229601533,0.1562641531,0.08166604644,0.08166604644,0.4171982994,True,II prior entry,numerical diagnostic,5,0
uniform_3_9,3.98,no_trade,0,0,0.1727345059,0.08636725293,0,0,0,False,II prior entry,analytical,,
uniform_3_9,3.98,live,1,-1,0.2226372095,0.1560457347,0.08194366903,0.08194366903,0.417355472,True,II prior entry,numerical diagnostic,5,0
uniform_3_9,3.99,no_trade,0,0,0.1723047201,0.08615236007,0,0,0,False,II prior entry,analytical,,
uniform_3_9,3.99,live,1,-1,0.2223143344,0.1558273439,0.08222020459,0.08222020459,0.417512624,True,II prior entry,numerical diagnostic,5,0
uniform_3_9,4,no_trade,0,0,0.171875,0.0859375,0,0,0,False,II prior entry,analytical,,
uniform_3_9,4,live,1,-1,0.2219915279,0.1556089806,0.0824956518,0.0824956518,0.4176697553,True,II prior entry,numerical diagnostic,5,0
uniform_3_9,4.05,no_trade,0,0,0.1697273663,0.08486368313,0,0,0,False,II prior entry,analytical,,
uniform_3_9,4.05,live,1,-1,0.2203785254,0.1545175764,0.08385651942,0.08385651942,0.4186121126,True,II prior entry,numerical diagnostic,5,0
uniform_3_9,4.1,no_trade,0,0,0.1675813008,0.08379065041,0,0,0,False,II prior entry,analytical,,
uniform_3_9,4.1,live,1,-1,0.2187672426,0.1534268606,0.08518999962,0.08518999962,0.4193968504,True,II prior entry,numerical diagnostic,5,0
uniform_3_9,4.15,no_trade,0,0,0.165436747,0.08271837349,0,0,0,False,II prior entry,analytical,,
uniform_3_9,4.15,live,1,-1,0.2171576559,0.1523368243,0.08649593942,0.08649593942,0.4201810844,True,II prior entry,numerical diagnostic,5,0
uniform_3_9,4.2,no_trade,0,0,0.1632936508,0.0816468254,0,0,0,False,II prior entry,analytical,,
uniform_3_9,4.2,live,1,-1,0.2155497691,0.1512474691,0.08777421022,0.08777421022,0.4211215072,True,II prior entry,numerical diagnostic,5,0
uniform_3_9,4.25,no_trade,0,0,0.1611519608,0.08057598039,0,0,0,False,II prior entry,analytical,,
uniform_3_9,4.25,live,1,-1,0.2139435714,0.1501587908,0.08902468392,0.08902468392,0.4219046502,True,II prior entry,numerical diagnostic,5,0
uniform_3_9,4.3,no_trade,0,0,0.1590116279,0.07950581395,0,0,0,False,II prior entry,analytical,,
uniform_3_9,4.3,live,1,-1,0.2123390552,0.149070787,0.09024724274,0.09024724274,0.4228437779,True,II prior entry,numerical diagnostic,5,0
uniform_3_9,4.35,no_trade,0,0,0.1568726054,0.07843630268,0,0,0,False,II prior entry,analytical,,
uniform_3_9,4.35,live,1,-1,0.2107362236,0.147983459,0.09144178281,0.09144178281,0.4236258536,True,II prior entry,numerical diagnostic,5,0
uniform_3_9,4.4,no_trade,0,0,0.1547348485,0.07736742424,0,0,0,False,II prior entry,analytical,,
uniform_3_9,4.4,live,1,-1,0.2091350619,0.1468968018,0.09260819733,0.09260819733,0.4245637147,True,II prior entry,numerical diagnostic,5,0
uniform_3_9,4.45,no_trade,0,0,0.1525983146,0.0762991573,0,0,0,False,II prior entry,analytical,,
uniform_3_9,4.45,live,1,-1,0.2075355795,0.1458108194,0.09374640097,0.09374640097,0.4253447466,True,II prior entry,numerical diagnostic,5,0
uniform_3_9,4.5,no_trade,0,0,0.150462963,0.07523148148,0,0,0,False,II prior entry,analytical,,
uniform_3_9,4.5,live,1,-1,0.2059377622,0.1447255071,0.09485630059,0.09485630059,0.4262813695,True,II prior entry,numerical diagnostic,5,0
uniform_3_9,4.55,no_trade,0,0,0.1483287546,0.07416437729,0,0,0,False,II prior entry,analytical,,
uniform_3_9,4.55,live,1,-1,0.2043416176,0.1436408684,0.09593782319,0.09593782319,0.4270613813,True,II prior entry,numerical diagnostic,5,0
uniform_3_9,4.6,no_trade,0,0,0.1461956522,0.07309782609,0,0,0,False,II prior entry,analytical,,
uniform_3_9,4.6,live,1,-1,0.2027471396,0.1425569017,0.09699089293,0.09699089293,0.4279967943,True,II prior entry,numerical diagnostic,5,0
uniform_3_9,4.65,no_trade,0,0,0.1440636201,0.07203181004,0,0,0,False,II prior entry,analytical,,
uniform_3_9,4.65,live,1,-1,0.2011543262,0.1414736071,0.09801544241,0.09801544241,0.4287758097,True,II prior entry,numerical diagnostic,5,0
uniform_3_9,4.7,no_trade,0,0,0.1419326241,0.07096631206,0,0,0,False,II prior entry,analytical,,
uniform_3_9,4.7,live,1,-1,0.1995631872,0.1403909894,0.09901141762,0.09901141762,0.429710041,True,II prior entry,numerical diagnostic,5,0
uniform_3_9,4.75,no_trade,0,0,0.1398026316,0.06990131579,0,0,0,False,II prior entry,analytical,,
uniform_3_9,4.75,live,1,-1,0.1979737109,0.1393090449,0.0999787551,0.0999787551,0.4306436397,True,II prior entry,numerical diagnostic,5,0
uniform_3_9,4.8,no_trade,0,0,0.1376736111,0.06883680556,0,0,0,False,II prior entry,analytical,,
uniform_3_9,4.8,live,1,-1,0.196385907,0.1382277785,0.1009174111,0.1009174111,0.4314211614,True,II prior entry,numerical diagnostic,5,0
uniform_3_9,4.85,no_trade,0,0,0.1355455326,0.06777276632,0,0,0,False,II prior entry,analytical,,
uniform_3_9,4.85,live,1,-1,0.1947997783,0.1371471925,0.1018273422,0.1018273422,0.4323536222,True,II prior entry,numerical diagnostic,5,0
uniform_3_9,4.9,no_trade,0,0,0.1334183673,0.06670918367,0,0,0,False,II prior entry,analytical,,
uniform_3_9,4.9,live,1,-1,0.1932153206,0.1360672863,0.1027085038,0.1027085038,0.4332854741,True,II prior entry,numerical diagnostic,5,0
uniform_3_9,4.95,no_trade,0,0,0.1312920875,0.06564604377,0,0,0,False,II prior entry,analytical,,
uniform_3_9,4.95,live,1,-1,0.1916325377,0.1349880628,0.1035608621,0.1035608621,0.4342167256,True,II prior entry,numerical diagnostic,5,0
uniform_3_9,5,no_trade,0,0,0.1291666667,0.06458333333,0,0,0,False,II prior entry,analytical,,
uniform_3_9,5,live,1,-1,0.190051444,0.1339095289,0.1043843948,0.1043843948,0.4349923159,True,II prior entry,numerical diagnostic,5,0
uniform_0_12,1.2,no_trade,0,0,0.4003472222,0.2001736111,0,0,0,True,I floor,analytical,,
uniform_0_12,1.25,no_trade,0,0,0.3989583333,0.1994791667,0,0,0,True,I floor,analytical,,
uniform_0_12,1.3,no_trade,0,0,0.3975961538,0.1987980769,0,0,0,True,I floor,analytical,,
uniform_0_12,1.35,no_trade,0,0,0.396257716,0.198128858,0,0,0,True,I floor,analytical,,
uniform_0_12,1.4,no_trade,0,0,0.3949404762,0.1974702381,0,0,0,True,I floor,analytical,,
uniform_0_12,1.45,no_trade,0,0,0.3936422414,0.1968211207,0,0,0,True,I floor,analytical,,
uniform_0_12,1.5,no_trade,0,0,0.3923611111,0.1961805556,0,0,0,True,I floor,analytical,,
uniform_0_12,1.55,no_trade,0,0,0.3910954301,0.1955477151,0,0,0,True,I floor,analytical,,
uniform_0_12,1.6,no_trade,0,0,0.38984375,0.194921875,0,0,0,False,I floor,analytical,,
uniform_0_12,1.6,live,1,-0.1205,0.3898436238,0.2067808289,0.0005241983013,6.316589531e-05,0,True,I floor,numerical diagnostic,2,0
uniform_0_12,1.65,no_trade,0,0,0.388604798,0.194302399,0,0,0,False,I floor,analytical,,
uniform_0_12,1.65,live,1,-0.428,0.3886046724,0.2123962492,0.002441330614,0.001044889503,0,True,I floor,numerical diagnostic,5,0
uniform_0_12,1.7,no_trade,0,0,0.387377451,0.1936887255,0,0,0,False,I floor,analytical,,
uniform_0_12,1.7,live,1,-0.6465,0.3873773254,0.2166605955,0.004438365152,0.002869403071,0,True,I floor,numerical diagnostic,5,0
uniform_0_12,1.75,no_trade,0,0,0.3861607143,0.1930803571,0,0,0,False,I floor,analytical,,
uniform_0_12,1.75,live,1,-0.8165,0.386160589,0.2200295077,0.006489644346,0.005298794677,0,True,I floor,numerical diagnostic,5,0
uniform_0_12,1.8,no_trade,0,0,0.3849537037,0.1924768519,0,0,0,False,I floor,analytical,,
uniform_0_12,1.8,live,1,-0.955,0.384953579,0.2227474792,0.008582477949,0.008196266441,0,True,I floor,numerical diagnostic,5,0
uniform_0_12,1.85,no_trade,0,0,0.3837556306,0.1918778153,0,0,0,False,I floor,analytical,,
uniform_0_12,1.85,live,1,-1,0.3837555063,0.2231989733,0.01107030744,0.01107030744,0,True,I floor,numerical diagnostic,5,0
uniform_0_12,1.9,no_trade,0,0,0.3825657895,0.1912828947,0,0,0,False,I floor,analytical,,
uniform_0_12,1.9,live,1,-1,0.3825656655,0.222540421,0.01381132699,0.01381132699,0,True,I floor,numerical diagnostic,5,0
uniform_0_12,1.95,no_trade,0,0,0.381383547,0.1906917735,0,0,0,False,I floor,analytical,,
uniform_0_12,1.95,live,1,-1,0.3813834234,0.2218843705,0.01659310144,0.01659310144,0,True,I floor,numerical diagnostic,5,0
uniform_0_12,2,no_trade,0,0,0.3802083333,0.1901041667,0,0,0,False,I floor,analytical,,
uniform_0_12,2,live,1,-1,0.3802082101,0.2212306342,0.01941089546,0.01941089546,0,True,I floor,numerical diagnostic,5,0
uniform_0_12,2.05,no_trade,0,0,0.3790396341,0.1895198171,0,0,0,False,I floor,analytical,,
uniform_0_12,2.05,live,1,-1,0.3790395113,0.2205790428,0.02226044133,0.02226044133,0,True,I floor,numerical diagnostic,5,0
uniform_0_12,2.1,no_trade,0,0,0.3778769841,0.1889384921,0,0,0,False,I floor,analytical,,
uniform_0_12,2.1,live,1,-1,0.3778768617,0.2199294431,0.02513788263,0.02513788263,0,True,I floor,numerical diagnostic,5,0
uniform_0_12,2.15,no_trade,0,0,0.3767199612,0.1883599806,0,0,0,False,I floor,analytical,,
uniform_0_12,2.15,live,1,-1,0.3767198392,0.2192816961,0.02803972585,0.02803972585,0,True,I floor,numerical diagnostic,5,0
uniform_0_12,2.2,no_trade,0,0,0.3755681818,0.1877840909,0,0,0,False,I floor,analytical,,
uniform_0_12,2.2,live,1,-1,0.3755680601,0.2186356756,0.03096279868,0.03096279868,0,True,I floor,numerical diagnostic,5,0
uniform_0_12,2.25,no_trade,0,0,0.3744212963,0.1872106481,0,0,0,False,I floor,analytical,,
uniform_0_12,2.25,live,1,-1,0.374421175,0.2179912663,0.03390421393,0.03390421393,0,True,I floor,numerical diagnostic,5,0
uniform_0_12,2.3,no_trade,0,0,0.3732789855,0.1866394928,0,0,0,False,I floor,analytical,,
uniform_0_12,2.3,live,1,-1,0.3732788646,0.2173483633,0.03686133823,0.03686133823,0,True,I floor,numerical diagnostic,5,0
uniform_0_12,2.35,no_trade,0,0,0.3721409574,0.1860704787,0,0,0,False,I floor,analytical,,
uniform_0_12,2.35,live,1,-1,0.3721408369,0.2167068703,0.03983176469,0.03983176469,0,True,I floor,numerical diagnostic,5,0
uniform_0_12,2.4,no_trade,0,0,0.3710069444,0.1855034722,0,0,0,False,I floor,analytical,,
uniform_0_12,2.4,live,1,-1,0.3710068242,0.2160666993,0.04281328913,0.04281328913,0,True,I floor,numerical diagnostic,5,0
uniform_0_12,2.45,no_trade,0,0,0.3698767007,0.1849383503,0,0,0,False,I floor,analytical,,
uniform_0_12,2.45,live,1,-1,0.3698765808,0.2154277693,0.04580388913,0.04580388913,0,True,I floor,numerical diagnostic,5,0
uniform_0_12,2.5,no_trade,0,0,0.36875,0.184375,0,0,0,False,I floor,analytical,,
uniform_0_12,2.5,live,1,-1,0.3687498805,0.2147900059,0.04880170571,0.04880170571,0,True,I floor,numerical diagnostic,5,0
uniform_0_12,2.55,no_trade,0,0,0.367626634,0.183813317,0,0,0,False,I floor,analytical,,
uniform_0_12,2.55,live,1,-1,0.3676265149,0.2141533404,0.05180502712,0.05180502712,0,True,I floor,numerical diagnostic,5,0
uniform_0_12,2.6,no_trade,0,0,0.3665064103,0.1832532051,0,0,0,False,I floor,analytical,,
uniform_0_12,2.6,live,1,-1,0.3665062915,0.2135177095,0.05481227457,0.05481227457,0,True,I floor,numerical diagnostic,5,0
uniform_0_12,2.65,no_trade,0,0,0.3653891509,0.1826945755,0,0,0,False,I floor,analytical,,
uniform_0_12,2.65,live,1,-1,0.3653890325,0.2128830546,0.05782198956,0.05782198956,0,True,I floor,numerical diagnostic,5,0
uniform_0_12,2.7,no_trade,0,0,0.3642746914,0.1821373457,0,0,0,False,I floor,analytical,,
uniform_0_12,2.7,live,1,-1,0.3642745733,0.2122493215,0.06083282263,0.06083282263,0,True,I floor,numerical diagnostic,5,0
uniform_0_12,2.75,no_trade,0,0,0.3631628788,0.1815814394,0,0,0,False,I floor,analytical,,
uniform_0_12,2.75,live,1,-1,0.3631627611,0.21161646,0.06384352337,0.06384352337,0,True,I floor,numerical diagnostic,5,0
uniform_0_12,2.8,no_trade,0,0,0.3620535714,0.1810267857,0,0,0,False,I floor,analytical,,
uniform_0_12,2.8,live,1,-1,0.3620534541,0.2109844233,0.06685293151,0.06685293151,0,True,I floor,numerical diagnostic,5,0
uniform_0_12,2.85,no_trade,0,0,0.3609466374,0.1804733187,0,0,0,False,I floor,analytical,,
uniform_0_12,2.85,live,1,-1,0.3609465205,0.210353168,0.06985996889,0.06985996889,0,True,I floor,numerical diagnostic,5,0
uniform_0_12,2.9,no_trade,0,0,0.359841954,0.179920977,0,0,0,False,I floor,analytical,,
uniform_0_12,2.9,live,1,-1,0.3598418374,0.2097226537,0.0728636324,0.0728636324,0,True,I floor,numerical diagnostic,5,0
uniform_0_12,2.95,no_trade,0,0,0.3587394068,0.1793697034,0,0,0,False,I floor,analytical,,
uniform_0_12,2.95,live,1,-1,0.3587392905,0.2090928428,0.07586298747,0.07586298747,0,True,I floor,numerical diagnostic,5,0
uniform_0_12,3,no_trade,0,0,0.3576388889,0.1788194444,0,0,0,False,I floor,analytical,,
uniform_0_12,3,live,1,-1,0.357638773,0.2084637,0.07885716242,0.07885716242,0,True,I floor,numerical diagnostic,5,0
uniform_0_12,3.05,no_trade,0,0,0.3565403005,0.1782701503,0,0,0,False,I floor,analytical,,
uniform_0_12,3.05,live,1,-1,0.356540185,0.2078351925,0.08184534316,0.08184534316,0,True,I floor,numerical diagnostic,5,0
uniform_0_12,3.1,no_trade,0,0,0.3554435484,0.1777217742,0,0,0,False,I floor,analytical,,
uniform_0_12,3.1,live,1,-1,0.3554434332,0.2072072896,0.08482676857,0.08482676857,0,True,I floor,numerical diagnostic,5,0
uniform_0_12,3.15,no_trade,0,0,0.354348545,0.1771742725,0,0,0,False,I floor,analytical,,
uniform_0_12,3.15,live,1,-1,0.3543484302,0.2065799624,0.08780072625,0.08780072625,0,True,I floor,numerical diagnostic,5,0
uniform_0_12,3.2,no_trade,0,0,0.3532552083,0.1766276042,0,0,0,False,I floor,analytical,,
uniform_0_12,3.2,live,1,-1,0.3532550939,0.205953184,0.09076654866,0.09076654866,0,True,I floor,numerical diagnostic,5,0
uniform_0_12,3.25,no_trade,0,0,0.3521634615,0.1760817308,0,0,0,False,I floor,analytical,,
uniform_0_12,3.25,live,1,-1,0.3521633474,0.2053269291,0.09372360969,0.09372360969,0,True,I floor,numerical diagnostic,5,0
uniform_0_12,3.3,no_trade,0,0,0.3510732323,0.1755366162,0,0,0,False,I floor,analytical,,
uniform_0_12,3.3,live,1,-1,0.3510731186,0.2047011739,0.09667132145,0.09667132145,0,True,I floor,numerical diagnostic,5,0
uniform_0_12,3.35,no_trade,0,0,0.3499844527,0.1749922264,0,0,0,False,I floor,analytical,,
uniform_0_12,3.35,live,1,-1,0.3499843393,0.2040758959,0.09960913141,0.09960913141,0,True,I floor,numerical diagnostic,5,0
uniform_0_12,3.4,no_trade,0,0,0.3488970588,0.1744485294,0,0,0,False,I floor,analytical,,
uniform_0_12,3.4,live,1,-1,0.3488969458,0.2034510742,0.1025365198,0.1025365198,0,True,I floor,numerical diagnostic,5,0
uniform_0_12,3.45,no_trade,0,0,0.3478109903,0.1739054952,0,0,0,False,I floor,analytical,,
uniform_0_12,3.45,live,1,-1,0.3478108776,0.2028266888,0.1054529972,0.1054529972,0,True,I floor,numerical diagnostic,5,0
uniform_0_12,3.5,no_trade,0,0,0.3467261905,0.1733630952,0,0,0,False,I floor,analytical,,
uniform_0_12,3.5,live,1,-1,0.3467260781,0.2022027212,0.1083581023,0.1083581023,0,True,I floor,numerical diagnostic,5,0
uniform_0_12,3.51,no_trade,0,0,0.346509378,0.173254689,0,0,0,False,I floor,analytical,,
uniform_0_12,3.51,live,1,-1,0.3465092657,0.2020779762,0.10893772,0.10893772,0,True,I floor,numerical diagnostic,5,0
uniform_0_12,3.52,no_trade,0,0,0.3462926136,0.1731463068,0,0,0,False,I floor,analytical,,
uniform_0_12,3.52,live,1,-1,0.3462925014,0.2019532471,0.1095168619,0.1095168619,0,True,I floor,numerical diagnostic,5,0
uniform_0_12,3.53,no_trade,0,0,0.3460758971,0.1730379485,0,0,0,False,I floor,analytical,,
uniform_0_12,3.53,live,1,-1,0.3460757849,0.2018285337,0.1100955247,0.1100955247,0,True,I floor,numerical diagnostic,5,0
uniform_0_12,3.54,no_trade,0,0,0.3458592279,0.1729296139,0,0,0,False,I floor,analytical,,
uniform_0_12,3.54,live,1,-1,0.3458591158,0.2017038359,0.1106737052,0.1106737052,0,True,I floor,numerical diagnostic,5,0
uniform_0_12,3.55,no_trade,0,0,0.3456426056,0.1728213028,0,0,0,False,I floor,analytical,,
uniform_0_12,3.55,live,1,-1,0.3456424936,0.2015791536,0.1112514002,0.1112514002,0,True,I floor,numerical diagnostic,5,0
uniform_0_12,3.56,no_trade,0,0,0.34542603,0.172713015,0,0,0,False,I floor,analytical,,
uniform_0_12,3.56,live,1,-1,0.345425918,0.2014544866,0.1118286063,0.1118286063,0,True,I floor,numerical diagnostic,5,0
uniform_0_12,3.57,no_trade,0,0,0.3452095005,0.1726047502,0,0,0,False,I floor,analytical,,
uniform_0_12,3.57,live,1,-1,0.3452093886,0.2013298348,0.1124053205,0.1124053205,0,True,I floor,numerical diagnostic,5,0
uniform_0_12,3.58,no_trade,0,0,0.3449930168,0.1724965084,0,0,0,False,I floor,analytical,,
uniform_0_12,3.58,live,1,-1,0.344992905,0.201205198,0.1129815395,0.1129815395,0,True,I floor,numerical diagnostic,5,0
uniform_0_12,3.59,no_trade,0,0,0.3447765785,0.1723882892,0,0,0,False,I floor,analytical,,
uniform_0_12,3.59,live,1,-1,0.3447764667,0.2010805763,0.1135572604,0.1135572604,0,True,I floor,numerical diagnostic,5,0
uniform_0_12,3.5926,no_trade,0,0,0.3447203119,0.1723601559,0,0,0,False,I floor,analytical,,
uniform_0_12,3.5926,live,1,-1,0.3447202002,0.2010481771,0.1137068658,0.1137068658,0,True,I floor,numerical diagnostic,5,0
uniform_0_12,3.5927,no_trade,0,0,0.3447181479,0.1723590739,0,0,0,False,I floor,analytical,,
uniform_0_12,3.5927,live,1,-1,0.3447180362,0.2010469309,0.1137126192,0.1137126192,0,True,I floor,numerical diagnostic,5,0
uniform_0_12,3.6,no_trade,0,0,0.3445601852,0.1722800926,0,0,0,False,I floor,analytical,,
uniform_0_12,3.6,live,1,-1,0.3445600735,0.2009559693,0.1141324799,0.1141324799,0,True,I floor,numerical diagnostic,5,0
uniform_0_12,3.61,no_trade,0,0,0.3443438366,0.1721719183,0,0,0,False,I floor,analytical,,
uniform_0_12,3.61,live,1,-1,0.344343725,0.2008313771,0.1147071952,0.1147071952,0,True,I floor,numerical diagnostic,5,0
uniform_0_12,3.62,no_trade,0,0,0.3441275322,0.1720637661,0,0,0,False,I floor,analytical,,
uniform_0_12,3.62,live,1,-1,0.3441274207,0.2007067994,0.1152814031,0.1152814031,0,True,I floor,numerical diagnostic,5,0
uniform_0_12,3.63,no_trade,0,0,0.3439112718,0.1719556359,0,0,0,False,I floor,analytical,,
uniform_0_12,3.63,live,1,-1,0.3439111604,0.2005822362,0.1158551008,0.1158551008,0,True,I floor,numerical diagnostic,5,0
uniform_0_12,3.64,no_trade,0,0,0.3436950549,0.1718475275,0,0,0,False,I floor,analytical,,
uniform_0_12,3.64,live,1,-1,0.3436949436,0.2004576874,0.1164282852,0.1164282852,0,True,I floor,numerical diagnostic,5,0
uniform_0_12,3.65,no_trade,0,0,0.3434788813,0.1717394406,0,0,0,False,I floor,analytical,,
uniform_0_12,3.65,live,1,-1,0.34347877,0.2003331527,0.1170009536,0.1170009536,0,True,I floor,numerical diagnostic,5,0
uniform_0_12,3.66,no_trade,0,0,0.3432627505,0.1716313752,0,0,0,False,I floor,analytical,,
uniform_0_12,3.66,live,1,-1,0.3432626392,0.2002086322,0.1175731029,0.1175731029,0,True,I floor,numerical diagnostic,5,0
uniform_0_12,3.67,no_trade,0,0,0.3430466621,0.1715233311,0,0,0,False,I floor,analytical,,
uniform_0_12,3.67,live,1,-1,0.343046551,0.2000841256,0.1181447304,0.1181447304,0,True,I floor,numerical diagnostic,5,0
uniform_0_12,3.68,no_trade,0,0,0.3428306159,0.171415308,0,0,0,False,I floor,analytical,,
uniform_0_12,3.68,live,1,-1,0.3428305049,0.199959633,0.1187158333,0.1187158333,0,True,I floor,numerical diagnostic,5,0
uniform_0_12,3.69,no_trade,0,0,0.3426146116,0.1713073058,0,0,0,False,I floor,analytical,,
uniform_0_12,3.69,live,1,-1,0.3426145005,0.1998351541,0.1192864088,0.1192864088,0,True,I floor,numerical diagnostic,5,0
uniform_0_12,3.7,no_trade,0,0,0.3423986486,0.1711993243,0,0,0,False,I floor,analytical,,
uniform_0_12,3.7,live,1,-1,0.3423985377,0.1997106888,0.1198564541,0.1198564541,0,True,I floor,numerical diagnostic,5,0
uniform_0_12,3.71,no_trade,0,0,0.3421827269,0.1710913634,0,0,0,False,I floor,analytical,,
uniform_0_12,3.71,live,1,-1,0.342182616,0.1995862371,0.1204259666,0.1204259666,0,True,I floor,numerical diagnostic,5,0
uniform_0_12,3.72,no_trade,0,0,0.3419668459,0.1709834229,0,0,0,False,I floor,analytical,,
uniform_0_12,3.72,live,1,-1,0.3419667351,0.1994617988,0.1209949435,0.1209949435,0,True,I floor,numerical diagnostic,5,0
uniform_0_12,3.73,no_trade,0,0,0.3417510054,0.1708755027,0,0,0,False,I floor,analytical,,
uniform_0_12,3.73,live,1,-1,0.3417508946,0.1993373739,0.1215633821,0.1215633821,0,True,I floor,numerical diagnostic,5,0
uniform_0_12,3.74,no_trade,0,0,0.341535205,0.1707676025,0,0,0,False,I floor,analytical,,
uniform_0_12,3.74,live,1,-1,0.3415350943,0.1992129622,0.12213128,0.12213128,0,True,I floor,numerical diagnostic,5,0
uniform_0_12,3.75,no_trade,0,0,0.3413194444,0.1706597222,0,0,0,False,I floor,analytical,,
uniform_0_12,3.75,live,1,-1,0.3413193338,0.1990885635,0.1226986343,0.1226986343,0,True,I floor,numerical diagnostic,5,0
uniform_0_12,3.76,no_trade,0,0,0.3411037234,0.1705518617,0,0,0,False,I floor,analytical,,
uniform_0_12,3.76,live,1,-1,0.3411036129,0.1989641779,0.1232654427,0.1232654427,0,True,I floor,numerical diagnostic,5,0
uniform_0_12,3.77,no_trade,0,0,0.3408880416,0.1704440208,0,0,0,False,I floor,analytical,,
uniform_0_12,3.77,live,1,-1,0.3408879311,0.1988398052,0.1238317025,0.1238317025,0,True,I floor,numerical diagnostic,5,0
uniform_0_12,3.78,no_trade,0,0,0.3406723986,0.1703361993,0,0,0,False,I floor,analytical,,
uniform_0_12,3.78,live,1,-1,0.3406722882,0.1987154453,0.1243974112,0.1243974112,0,True,I floor,numerical diagnostic,5,0
uniform_0_12,3.79,no_trade,0,0,0.3404567942,0.1702283971,0,0,0,False,I floor,analytical,,
uniform_0_12,3.79,live,1,-1,0.3404566839,0.1985910981,0.1249625663,0.1249625663,0,True,I floor,numerical diagnostic,5,0
uniform_0_12,3.8,no_trade,0,0,0.3402412281,0.170120614,0,0,0,False,I floor,analytical,,
uniform_0_12,3.8,live,1,-1,0.3402411178,0.1984667635,0.1255271654,0.1255271654,0,True,I floor,numerical diagnostic,5,0
uniform_0_12,3.81,no_trade,0,0,0.3400256999,0.17001285,0,0,0,False,I floor,analytical,,
uniform_0_12,3.81,live,1,-1,0.3400255897,0.1983424414,0.126091206,0.126091206,0,True,I floor,numerical diagnostic,5,0
uniform_0_12,3.82,no_trade,0,0,0.3398102094,0.1699051047,0,0,0,False,I floor,analytical,,
uniform_0_12,3.82,live,1,-1,0.3398100993,0.1982181317,0.1266546857,0.1266546857,0,True,I floor,numerical diagnostic,5,0
uniform_0_12,3.83,no_trade,0,0,0.3395947563,0.1697973782,0,0,0,False,I floor,analytical,,
uniform_0_12,3.83,live,1,-1,0.3395946463,0.1980938343,0.1272176021,0.1272176021,0,True,I floor,numerical diagnostic,5,0
uniform_0_12,3.84,no_trade,0,0,0.3393793403,0.1696896701,0,0,0,False,I floor,analytical,,
uniform_0_12,3.84,live,1,-1,0.3393792303,0.1979695491,0.1277799529,0.1277799529,0,True,I floor,numerical diagnostic,5,0
uniform_0_12,3.85,no_trade,0,0,0.339163961,0.1695819805,0,0,0,False,I floor,analytical,,
uniform_0_12,3.85,live,1,-1,0.3391638511,0.197845276,0.1283417356,0.1283417356,0,True,I floor,numerical diagnostic,5,0
uniform_0_12,3.86,no_trade,0,0,0.3389486183,0.1694743092,0,0,0,False,I floor,analytical,,
uniform_0_12,3.86,live,1,-1,0.3389485085,0.197721015,0.1289029481,0.1289029481,0,True,I floor,numerical diagnostic,5,0
uniform_0_12,3.87,no_trade,0,0,0.3387333118,0.1693666559,0,0,0,False,I floor,analytical,,
uniform_0_12,3.87,live,1,-1,0.338733202,0.1975967658,0.129463588,0.129463588,0,True,I floor,numerical diagnostic,5,0
uniform_0_12,3.88,no_trade,0,0,0.3385180412,0.1692590206,0,0,0,False,I floor,analytical,,
uniform_0_12,3.88,live,1,-1,0.3385179315,0.1974725285,0.130023653,0.130023653,0,True,I floor,numerical diagnostic,5,0
uniform_0_12,3.89,no_trade,0,0,0.3383028063,0.1691514032,0,0,0,False,I floor,analytical,,
uniform_0_12,3.89,live,1,-1,0.3383026967,0.197348303,0.1305831409,0.1305831409,0,True,I floor,numerical diagnostic,5,0
uniform_0_12,3.9,no_trade,0,0,0.3380876068,0.1690438034,0,0,0,False,I floor,analytical,,
uniform_0_12,3.9,live,1,-1,0.3380874973,0.1972240891,0.1311420495,0.1311420495,0,True,I floor,numerical diagnostic,5,0
uniform_0_12,3.91,no_trade,0,0,0.3378724425,0.1689362212,0,0,0,False,I floor,analytical,,
uniform_0_12,3.91,live,1,-1,0.337872333,0.1970998868,0.1317003765,0.1317003765,0,True,I floor,numerical diagnostic,5,0
uniform_0_12,3.92,no_trade,0,0,0.3376573129,0.1688286565,0,0,0,False,I floor,analytical,,
uniform_0_12,3.92,live,1,-1,0.3376572035,0.1969756959,0.1322581199,0.1322581199,0,True,I floor,numerical diagnostic,5,0
uniform_0_12,3.93,no_trade,0,0,0.337442218,0.168721109,0,0,0,False,I floor,analytical,,
uniform_0_12,3.93,live,1,-1,0.3374421086,0.1968515164,0.1328152774,0.1328152774,0,True,I floor,numerical diagnostic,5,0
uniform_0_12,3.94,no_trade,0,0,0.3372271574,0.1686135787,0,0,0,False,I floor,analytical,,
uniform_0_12,3.94,live,1,-1,0.3372270481,0.1967273483,0.133371847,0.133371847,0,True,I floor,numerical diagnostic,5,0
uniform_0_12,3.95,no_trade,0,0,0.3370121308,0.1685060654,0,0,0,False,I floor,analytical,,
uniform_0_12,3.95,live,1,-1,0.3370120216,0.1966031913,0.1339278264,0.1339278264,0,True,I floor,numerical diagnostic,5,0
uniform_0_12,3.96,no_trade,0,0,0.336797138,0.168398569,0,0,0,False,I floor,analytical,,
uniform_0_12,3.96,live,1,-1,0.3367970289,0.1964790455,0.1344832137,0.1344832137,0,True,I floor,numerical diagnostic,5,0
uniform_0_12,3.97,no_trade,0,0,0.3365821788,0.1682910894,0,0,0,False,I floor,analytical,,
uniform_0_12,3.97,live,1,-1,0.3365820698,0.1963549107,0.1350380067,0.1350380067,0,True,I floor,numerical diagnostic,5,0
uniform_0_12,3.98,no_trade,0,0,0.3363672529,0.1681836265,0,0,0,False,I floor,analytical,,
uniform_0_12,3.98,live,1,-1,0.3363671439,0.1962307869,0.1355922035,0.1355922035,0,True,I floor,numerical diagnostic,5,0
uniform_0_12,3.99,no_trade,0,0,0.3361523601,0.16807618,0,0,0,False,I floor,analytical,,
uniform_0_12,3.99,live,1,-1,0.3361522511,0.1961066739,0.1361458019,0.1361458019,0,True,I floor,numerical diagnostic,5,0
uniform_0_12,4,no_trade,0,0,0.3359375,0.16796875,0,0,0,False,I floor,analytical,,
uniform_0_12,4,live,1,-1,0.3359373911,0.1959825718,0.1366988001,0.1366988001,0,True,I floor,numerical diagnostic,5,0
uniform_0_12,4.05,no_trade,0,0,0.3348636831,0.1674318416,0,0,0,False,I floor,analytical,,
uniform_0_12,4.05,live,1,-1,0.3348635746,0.1953622203,0.1394547173,0.1394547173,0,True,I floor,numerical diagnostic,5,0
uniform_0_12,4.1,no_trade,0,0,0.3337906504,0.1668953252,0,0,0,False,I floor,analytical,,
uniform_0_12,4.1,live,1,-1,0.3337905423,0.194742127,0.1421953374,0.1421953374,0,True,I floor,numerical diagnostic,5,0
uniform_0_12,4.15,no_trade,0,0,0.3327183735,0.1663591867,0,0,0,False,I floor,analytical,,
uniform_0_12,4.15,live,1,-1,0.3327182657,0.1941222825,0.1449204313,0.1449204313,0,True,I floor,numerical diagnostic,5,0
uniform_0_12,4.2,no_trade,0,0,0.3316468254,0.1658234127,0,0,0,False,I floor,analytical,,
uniform_0_12,4.2,live,1,-1,0.3316467179,0.1935026779,0.147629781,0.147629781,0,True,I floor,numerical diagnostic,5,0
uniform_0_12,4.25,no_trade,0,0,0.3305759804,0.1652879902,0,0,0,False,I floor,analytical,,
uniform_0_12,4.25,live,1,-1,0.3305758733,0.1928833049,0.1503231786,0.1503231786,0,True,I floor,numerical diagnostic,5,0
uniform_0_12,4.3,no_trade,0,0,0.329505814,0.164752907,0,0,0,False,I floor,analytical,,
uniform_0_12,4.3,live,1,-1,0.3295057072,0.1922641553,0.1530004261,0.1530004261,0,True,I floor,numerical diagnostic,5,0
uniform_0_12,4.35,no_trade,0,0,0.3284363027,0.1642181513,0,0,0,False,I floor,analytical,,
uniform_0_12,4.35,live,1,-1,0.3284361963,0.1916452214,0.1556613348,0.1556613348,0,True,I floor,numerical diagnostic,5,0
uniform_0_12,4.4,no_trade,0,0,0.3273674242,0.1636837121,0,0,0,False,I floor,analytical,,
uniform_0_12,4.4,live,1,-1,0.3273673182,0.1910264959,0.1583057242,0.1583057242,0,True,I floor,numerical diagnostic,5,0
uniform_0_12,4.45,no_trade,0,0,0.3262991573,0.1631495787,0,0,0,False,I floor,analytical,,
uniform_0_12,4.45,live,1,-1,0.3262990516,0.1904079716,0.1609334225,0.1609334225,0,True,I floor,numerical diagnostic,5,0
uniform_0_12,4.5,no_trade,0,0,0.3252314815,0.1626157407,0,0,0,False,I floor,analytical,,
uniform_0_12,4.5,live,1,-1,0.3252313761,0.1897896421,0.163544265,0.163544265,0,True,I floor,numerical diagnostic,5,0
uniform_0_12,4.55,no_trade,0,0,0.3241643773,0.1620821886,0,0,0,False,I floor,analytical,,
uniform_0_12,4.55,live,1,-1,0.3241642723,0.1891715007,0.1661380948,0.1661380948,0,True,I floor,numerical diagnostic,5,0
uniform_0_12,4.6,no_trade,0,0,0.3230978261,0.161548913,0,0,0,False,I floor,analytical,,
uniform_0_12,4.6,live,1,-1,0.3230977214,0.1885535414,0.1687147615,0.1687147615,0,True,I floor,numerical diagnostic,5,0
uniform_0_12,4.65,no_trade,0,0,0.32203181,0.161015905,0,0,0,False,I floor,analytical,,
uniform_0_12,4.65,live,1,-1,0.3220317057,0.1879357583,0.1712741215,0.1712741215,0,True,I floor,numerical diagnostic,5,0
uniform_0_12,4.7,no_trade,0,0,0.3209663121,0.160483156,0,0,0,False,I floor,analytical,,
uniform_0_12,4.7,live,1,-1,0.3209662081,0.1873181457,0.173816037,0.173816037,0,True,I floor,numerical diagnostic,5,0
uniform_0_12,4.75,no_trade,0,0,0.3199013158,0.1599506579,0,0,0,False,I floor,analytical,,
uniform_0_12,4.75,live,1,-1,0.3199012121,0.1867006984,0.1763403763,0.1763403763,0,True,I floor,numerical diagnostic,5,0
uniform_0_12,4.8,no_trade,0,0,0.3188368056,0.1594184028,0,0,0,False,I floor,analytical,,
uniform_0_12,4.8,live,1,-1,0.3188367022,0.1860834111,0.1788470132,0.1788470132,0,True,I floor,numerical diagnostic,5,0
uniform_0_12,4.85,no_trade,0,0,0.3177727663,0.1588863832,0,0,0,False,I floor,analytical,,
uniform_0_12,4.85,live,1,-1,0.3177726634,0.1854662788,0.1813358265,0.1813358265,0,True,I floor,numerical diagnostic,5,0
uniform_0_12,4.9,no_trade,0,0,0.3167091837,0.1583545918,0,0,0,False,I floor,analytical,,
uniform_0_12,4.9,live,1,-1,0.3167090811,0.1848492969,0.1838067003,0.1838067003,0,True,I floor,numerical diagnostic,5,0
uniform_0_12,4.95,no_trade,0,0,0.3156460438,0.1578230219,0,0,0,False,I floor,analytical,,
uniform_0_12,4.95,live,1,-1,0.3156459415,0.1842324608,0.1862595232,0.1862595232,0,True,I floor,numerical diagnostic,5,0
uniform_0_12,5,no_trade,0,0,0.3145833333,0.1572916667,0,0,0,False,I floor,analytical,,
uniform_0_12,5,live,1,-1,0.3145832314,0.1836157661,0.1886941883,0.1886941883,0,True,I floor,numerical diagnostic,5,0
