r,branch,state,support_index,q,weight,U(q),support_gap,off_support_gain_mesh,accepted,status,init_id,mesh_spacing,iterations,stop_reason,final_gap,gap_to_best_tested,simplex_residual,residual_monotone,quadrature_error,search_domain,outcome,candidate_id,continuation_id,parameter_set_id
1.2,mixed_mesh_0.025,H,0,0.0,1.0,0.0,0.0,0.0,true,converged-pure (budget_exhausted; support solve pruned_to_pure),S1_uniform_v0.5,0.025,120,budget_exhausted,0.00313544227324802,0.0,0.0,true,1.0625181290357943e-19,"H mixes over the correctly signed mesh {0, m, ..., 1} at spacing 0.025; L plays a pure order -v with v in [0, 1] (OA.60 restriction, residual monotonicity checked)",converged-pure,c2:r=1.2:pooling#8,"ps[h=10|ell=1|p=0.5|rho=0.25|c_L=1|c_H=6|b=2|k=0.02|r=1.2|noise=Laplace|cost=atoms|cost_halfwidth=0|prior_H=0.5|value_law=binary|eps_V=0]|inst[reserve_auction:uniform_incumbent[0,r];sale_to_highest_admissible_at_max(p,min(R,v));bid_equal_reserve_is_admissible=yes]|info[public_price_feedback;investor_observes=fundamental_state;buyer_observes=price_only]|tie[entry_at_indifference=yes;bid_equal_reserve_is_admissible=yes;upper_plateau_enters_at_tau=M;lower_plateau_enters_at_B(m)=c_L]|qH=(0.000000:1.000000)|qL=(-0.000000:1.000000)|price[constant_price:P(x)=t_0+H_C(B(mu_X(x)))[w_L+Delta_T mu_X(x)]+0.0]|atoms[positive_entry_plateau@0.39270833:mH=1.00000000:mL=1.00000000:mu=0.50000000:preimage=(('-inf', 'inf'),)]|prep[cost_threshold_at_price_information:nonatom_price:B(mu_P)>=1.0/c_L=prepare;nonatom_price:B(mu_P)<1.0/c_L=stay_out;nonatom_price:B(mu_P)>=6.0/c_H=prepare;nonatom_price:B(mu_P)<6.0/c_H=stay_out;price_atom[0]/c_L=prepare;price_atom[0]/c_H=stay_out]|posterior[mu_P=pooled Bayes posterior on each atom; invert P(mu) on nonatom positive-entry prices]",h=10|ell=1|p=0.5|rho=0.25|c_L=1|c_H=6|b=2|k=0.02|r=1.2|noise=Laplace|cost=atoms|cost_halfwidth=0|prior_H=0.5|value_law=binary|eps_V=0
1.2,mixed_mesh_0.025,L,0,-0.0,1.0,0.0,0.0,0.0,true,converged-pure (budget_exhausted; support solve pruned_to_pure),S1_uniform_v0.5,0.025,120,budget_exhausted,0.00313544227324802,0.0,0.0,true,1.0625181290357943e-19,"H mixes over the correctly signed mesh {0, m, ..., 1} at spacing 0.025; L plays a pure order -v with v in [0, 1] (OA.60 restriction, residual monotonicity checked)",converged-pure,c2:r=1.2:pooling#8,"ps[h=10|ell=1|p=0.5|rho=0.25|c_L=1|c_H=6|b=2|k=0.02|r=1.2|noise=Laplace|cost=atoms|cost_halfwidth=0|prior_H=0.5|value_law=binary|eps_V=0]|inst[reserve_auction:uniform_incumbent[0,r];sale_to_highest_admissible_at_max(p,min(R,v));bid_equal_reserve_is_admissible=yes]|info[public_price_feedback;investor_observes=fundamental_state;buyer_observes=price_only]|tie[entry_at_indifference=yes;bid_equal_reserve_is_admissible=yes;upper_plateau_enters_at_tau=M;lower_plateau_enters_at_B(m)=c_L]|qH=(0.000000:1.000000)|qL=(-0.000000:1.000000)|price[constant_price:P(x)=t_0+H_C(B(mu_X(x)))[w_L+Delta_T mu_X(x)]+0.0]|atoms[positive_entry_plateau@0.39270833:mH=1.00000000:mL=1.00000000:mu=0.50000000:preimage=(('-inf', 'inf'),)]|prep[cost_threshold_at_price_information:nonatom_price:B(mu_P)>=1.0/c_L=prepare;nonatom_price:B(mu_P)<1.0/c_L=stay_out;nonatom_price:B(mu_P)>=6.0/c_H=prepare;nonatom_price:B(mu_P)<6.0/c_H=stay_out;price_atom[0]/c_L=prepare;price_atom[0]/c_H=stay_out]|posterior[mu_P=pooled Bayes posterior on each atom; invert P(mu) on nonatom positive-entry prices]",h=10|ell=1|p=0.5|rho=0.25|c_L=1|c_H=6|b=2|k=0.02|r=1.2|noise=Laplace|cost=atoms|cost_halfwidth=0|prior_H=0.5|value_law=binary|eps_V=0
1.2,mixed_mesh_0.025,H,0,0.0,1.0,0.0,0.0,0.0,true,converged-pure (stalled; support solve pruned_to_pure),S2_mass_near_1_v0.9,0.025,26,stalled,0.01801463857956852,0.0,0.0,true,1.0625181290357943e-19,"H mixes over the correctly signed mesh {0, m, ..., 1} at spacing 0.025; L plays a pure order -v with v in [0, 1] (OA.60 restriction, residual monotonicity checked)",converged-pure,c2:r=1.2:pooling#9,"ps[h=10|ell=1|p=0.5|rho=0.25|c_L=1|c_H=6|b=2|k=0.02|r=1.2|noise=Laplace|cost=atoms|cost_halfwidth=0|prior_H=0.5|value_law=binary|eps_V=0]|inst[reserve_auction:uniform_incumbent[0,r];sale_to_highest_admissible_at_max(p,min(R,v));bid_equal_reserve_is_admissible=yes]|info[public_price_feedback;investor_observes=fundamental_state;buyer_observes=price_only]|tie[entry_at_indifference=yes;bid_equal_reserve_is_admissible=yes;upper_plateau_enters_at_tau=M;lower_plateau_enters_at_B(m)=c_L]|qH=(0.000000:1.000000)|qL=(-0.000000:1.000000)|price[constant_price:P(x)=t_0+H_C(B(mu_X(x)))[w_L+Delta_T mu_X(x)]+0.0]|atoms[positive_entry_plateau@0.39270833:mH=1.00000000:mL=1.00000000:mu=0.50000000:preimage=(('-inf', 'inf'),)]|prep[cost_threshold_at_price_information:nonatom_price:B(mu_P)>=1.0/c_L=prepare;nonatom_price:B(mu_P)<1.0/c_L=stay_out;nonatom_price:B(mu_P)>=6.0/c_H=prepare;nonatom_price:B(mu_P)<6.0/c_H=stay_out;price_atom[0]/c_L=prepare;price_atom[0]/c_H=stay_out]|posterior[mu_P=pooled Bayes posterior on each atom; invert P(mu) on nonatom positive-entry prices]",h=10|ell=1|p=0.5|rho=0.25|c_L=1|c_H=6|b=2|k=0.02|r=1.2|noise=Laplace|cost=atoms|cost_halfwidth=0|prior_H=0.5|value_law=binary|eps_V=0
1.2,mixed_mesh_0.025,L,0,-0.0,1.0,0.0,0.0,0.0,true,converged-pure (stalled; support solve pruned_to_pure),S2_mass_near_1_v0.9,0.025,26,stalled,0.01801463857956852,0.0,0.0,true,1.0625181290357943e-19,"H mixes over the correctly signed mesh {0, m, ..., 1} at spacing 0.025; L plays a pure order -v with v in [0, 1] (OA.60 restriction, residual monotonicity checked)",converged-pure,c2:r=1.2:pooling#9,"ps[h=10|ell=1|p=0.5|rho=0.25|c_L=1|c_H=6|b=2|k=0.02|r=1.2|noise=Laplace|cost=atoms|cost_halfwidth=0|prior_H=0.5|value_law=binary|eps_V=0]|inst[reserve_auction:uniform_incumbent[0,r];sale_to_highest_admissible_at_max(p,min(R,v));bid_equal_reserve_is_admissible=yes]|info[public_price_feedback;investor_observes=fundamental_state;buyer_observes=price_only]|tie[entry_at_indifference=yes;bid_equal_reserve_is_admissible=yes;upper_plateau_enters_at_tau=M;lower_plateau_enters_at_B(m)=c_L]|qH=(0.000000:1.000000)|qL=(-0.000000:1.000000)|price[constant_price:P(x)=t_0+H_C(B(mu_X(x)))[w_L+Delta_T mu_X(x)]+0.0]|atoms[positive_entry_plateau@0.39270833:mH=1.00000000:mL=1.00000000:mu=0.50000000:preimage=(('-inf', 'inf'),)]|prep[cost_threshold_at_price_information:nonatom_price:B(mu_P)>=1.0/c_L=prepare;nonatom_price:B(mu_P)<1.0/c_L=stay_out;nonatom_price:B(mu_P)>=6.0/c_H=prepare;nonatom_price:B(mu_P)<6.0/c_H=stay_out;price_atom[0]/c_L=prepare;price_atom[0]/c_H=stay_out]|posterior[mu_P=pooled Bayes posterior on each atom; invert P(mu) on nonatom positive-entry prices]",h=10|ell=1|p=0.5|rho=0.25|c_L=1|c_H=6|b=2|k=0.02|r=1.2|noise=Laplace|cost=atoms|cost_halfwidth=0|prior_H=0.5|value_law=binary|eps_V=0
1.2,mixed_mesh_0.025,H,0,0.0,1.0,0.0,0.0,0.0,true,converged-pure (budget_exhausted; support solve pruned_to_pure),S3_mass_near_0_v0.1,0.025,120,budget_exhausted,0.002687510932853877,0.0,0.0,true,1.0625181290357943e-19,"H mixes over the correctly signed mesh {0, m, ..., 1} at spacing 0.025; L plays a pure order -v with v in [0, 1] (OA.60 restriction, residual monotonicity checked)",converged-pure,c2:r=1.2:pooling#10,"ps[h=10|ell=1|p=0.5|rho=0.25|c_L=1|c_H=6|b=2|k=0.02|r=1.2|noise=Laplace|cost=atoms|cost_halfwidth=0|prior_H=0.5|value_law=binary|eps_V=0]|inst[reserve_auction:uniform_incumbent[0,r];sale_to_highest_admissible_at_max(p,min(R,v));bid_equal_reserve_is_admissible=yes]|info[public_price_feedback;investor_observes=fundamental_state;buyer_observes=price_only]|tie[entry_at_indifference=yes;bid_equal_reserve_is_admissible=yes;upper_plateau_enters_at_tau=M;lower_plateau_enters_at_B(m)=c_L]|qH=(0.000000:1.000000)|qL=(-0.000000:1.000000)|price[constant_price:P(x)=t_0+H_C(B(mu_X(x)))[w_L+Delta_T mu_X(x)]+0.0]|atoms[positive_entry_plateau@0.39270833:mH=1.00000000:mL=1.00000000:mu=0.50000000:preimage=(('-inf', 'inf'),)]|prep[cost_threshold_at_price_information:nonatom_price:B(mu_P)>=1.0/c_L=prepare;nonatom_price:B(mu_P)<1.0/c_L=stay_out;nonatom_price:B(mu_P)>=6.0/c_H=prepare;nonatom_price:B(mu_P)<6.0/c_H=stay_out;price_atom[0]/c_L=prepare;price_atom[0]/c_H=stay_out]|posterior[mu_P=pooled Bayes posterior on each atom; invert P(mu) on nonatom positive-entry prices]",h=10|ell=1|p=0.5|rho=0.25|c_L=1|c_H=6|b=2|k=0.02|r=1.2|noise=Laplace|cost=atoms|cost_halfwidth=0|prior_H=0.5|value_law=binary|eps_V=0
1.2,mixed_mesh_0.025,L,0,-0.0,1.0,0.0,0.0,0.0,true,converged-pure (budget_exhausted; support solve pruned_to_pure),S3_mass_near_0_v0.1,0.025,120,budget_exhausted,0.002687510932853877,0.0,0.0,true,1.0625181290357943e-19,"H mixes over the correctly signed mesh {0, m, ..., 1} at spacing 0.025; L plays a pure order -v with v in [0, 1] (OA.60 restriction, residual monotonicity checked)",converged-pure,c2:r=1.2:pooling#10,"ps[h=10|ell=1|p=0.5|rho=0.25|c_L=1|c_H=6|b=2|k=0.02|r=1.2|noise=Laplace|cost=atoms|cost_halfwidth=0|prior_H=0.5|value_law=binary|eps_V=0]|inst[reserve_auction:uniform_incumbent[0,r];sale_to_highest_admissible_at_max(p,min(R,v));bid_equal_reserve_is_admissible=yes]|info[public_price_feedback;investor_observes=fundamental_state;buyer_observes=price_only]|tie[entry_at_indifference=yes;bid_equal_reserve_is_admissible=yes;upper_plateau_enters_at_tau=M;lower_plateau_enters_at_B(m)=c_L]|qH=(0.000000:1.000000)|qL=(-0.000000:1.000000)|price[constant_price:P(x)=t_0+H_C(B(mu_X(x)))[w_L+Delta_T mu_X(x)]+0.0]|atoms[positive_entry_plateau@0.39270833:mH=1.00000000:mL=1.00000000:mu=0.50000000:preimage=(('-inf', 'inf'),)]|prep[cost_threshold_at_price_information:nonatom_price:B(mu_P)>=1.0/c_L=prepare;nonatom_price:B(mu_P)<1.0/c_L=stay_out;nonatom_price:B(mu_P)>=6.0/c_H=prepare;nonatom_price:B(mu_P)<6.0/c_H=stay_out;price_atom[0]/c_L=prepare;price_atom[0]/c_H=stay_out]|posterior[mu_P=pooled Bayes posterior on each atom; invert P(mu) on nonatom positive-entry prices]",h=10|ell=1|p=0.5|rho=0.25|c_L=1|c_H=6|b=2|k=0.02|r=1.2|noise=Laplace|cost=atoms|cost_halfwidth=0|prior_H=0.5|value_law=binary|eps_V=0
1.2,mixed_mesh_0.05,H,0,0.0,1.0,0.0,0.0,0.0,true,converged-pure (budget_exhausted; support solve pruned_to_pure),S1_uniform_v0.5,0.05,120,budget_exhausted,0.0026875040566260227,0.0,0.0,true,1.0625181290357943e-19,"H mixes over the correctly signed mesh {0, m, ..., 1} at spacing 0.05; L plays a pure order -v with v in [0, 1] (OA.60 restriction, residual monotonicity checked)",converged-pure,c2:r=1.2:pooling#5,"ps[h=10|ell=1|p=0.5|rho=0.25|c_L=1|c_H=6|b=2|k=0.02|r=1.2|noise=Laplace|cost=atoms|cost_halfwidth=0|prior_H=0.5|value_law=binary|eps_V=0]|inst[reserve_auction:uniform_incumbent[0,r];sale_to_highest_admissible_at_max(p,min(R,v));bid_equal_reserve_is_admissible=yes]|info[public_price_feedback;investor_observes=fundamental_state;buyer_observes=price_only]|tie[entry_at_indifference=yes;bid_equal_reserve_is_admissible=yes;upper_plateau_enters_at_tau=M;lower_plateau_enters_at_B(m)=c_L]|qH=(0.000000:1.000000)|qL=(-0.000000:1.000000)|price[constant_price:P(x)=t_0+H_C(B(mu_X(x)))[w_L+Delta_T mu_X(x)]+0.0]|atoms[positive_entry_plateau@0.39270833:mH=1.00000000:mL=1.00000000:mu=0.50000000:preimage=(('-inf', 'inf'),)]|prep[cost_threshold_at_price_information:nonatom_price:B(mu_P)>=1.0/c_L=prepare;nonatom_price:B(mu_P)<1.0/c_L=stay_out;nonatom_price:B(mu_P)>=6.0/c_H=prepare;nonatom_price:B(mu_P)<6.0/c_H=stay_out;price_atom[0]/c_L=prepare;price_atom[0]/c_H=stay_out]|posterior[mu_P=pooled Bayes posterior on each atom; invert P(mu) on nonatom positive-entry prices]",h=10|ell=1|p=0.5|rho=0.25|c_L=1|c_H=6|b=2|k=0.02|r=1.2|noise=Laplace|cost=atoms|cost_halfwidth=0|prior_H=0.5|value_law=binary|eps_V=0
1.2,mixed_mesh_0.05,L,0,-0.0,1.0,0.0,0.0,0.0,true,converged-pure (budget_exhausted; support solve pruned_to_pure),S1_uniform_v0.5,0.05,120,budget_exhausted,0.0026875040566260227,0.0,0.0,true,1.0625181290357943e-19,"H mixes over the correctly signed mesh {0, m, ..., 1} at spacing 0.05; L plays a pure order -v with v in [0, 1] (OA.60 restriction, residual monotonicity checked)",converged-pure,c2:r=1.2:pooling#5,"ps[h=10|ell=1|p=0.5|rho=0.25|c_L=1|c_H=6|b=2|k=0.02|r=1.2|noise=Laplace|cost=atoms|cost_halfwidth=0|prior_H=0.5|value_law=binary|eps_V=0]|inst[reserve_auction:uniform_incumbent[0,r];sale_to_highest_admissible_at_max(p,min(R,v));bid_equal_reserve_is_admissible=yes]|info[public_price_feedback;investor_observes=fundamental_state;buyer_observes=price_only]|tie[entry_at_indifference=yes;bid_equal_reserve_is_admissible=yes;upper_plateau_enters_at_tau=M;lower_plateau_enters_at_B(m)=c_L]|qH=(0.000000:1.000000)|qL=(-0.000000:1.000000)|price[constant_price:P(x)=t_0+H_C(B(mu_X(x)))[w_L+Delta_T mu_X(x)]+0.0]|atoms[positive_entry_plateau@0.39270833:mH=1.00000000:mL=1.00000000:mu=0.50000000:preimage=(('-inf', 'inf'),)]|prep[cost_threshold_at_price_information:nonatom_price:B(mu_P)>=1.0/c_L=prepare;nonatom_price:B(mu_P)<1.0/c_L=stay_out;nonatom_price:B(mu_P)>=6.0/c_H=prepare;nonatom_price:B(mu_P)<6.0/c_H=stay_out;price_atom[0]/c_L=prepare;price_atom[0]/c_H=stay_out]|posterior[mu_P=pooled Bayes posterior on each atom; invert P(mu) on nonatom positive-entry prices]",h=10|ell=1|p=0.5|rho=0.25|c_L=1|c_H=6|b=2|k=0.02|r=1.2|noise=Laplace|cost=atoms|cost_halfwidth=0|prior_H=0.5|value_law=binary|eps_V=0
1.2,mixed_mesh_0.05,H,0,0.0,1.0,0.0,0.0,0.0,true,converged-pure (stalled; support solve pruned_to_pure),S2_mass_near_1_v0.9,0.05,26,stalled,0.018015181496255497,0.0,0.0,true,1.0625181290357943e-19,"H mixes over the correctly signed mesh {0, m, ..., 1} at spacing 0.05; L plays a pure order -v with v in [0, 1] (OA.60 restriction, residual monotonicity checked)",converged-pure,c2:r=1.2:pooling#6,"ps[h=10|ell=1|p=0.5|rho=0.25|c_L=1|c_H=6|b=2|k=0.02|r=1.2|noise=Laplace|cost=atoms|cost_halfwidth=0|prior_H=0.5|value_law=binary|eps_V=0]|inst[reserve_auction:uniform_incumbent[0,r];sale_to_highest_admissible_at_max(p,min(R,v));bid_equal_reserve_is_admissible=yes]|info[public_price_feedback;investor_observes=fundamental_state;buyer_observes=price_only]|tie[entry_at_indifference=yes;bid_equal_reserve_is_admissible=yes;upper_plateau_enters_at_tau=M;lower_plateau_enters_at_B(m)=c_L]|qH=(0.000000:1.000000)|qL=(-0.000000:1.000000)|price[constant_price:P(x)=t_0+H_C(B(mu_X(x)))[w_L+Delta_T mu_X(x)]+0.0]|atoms[positive_entry_plateau@0.39270833:mH=1.00000000:mL=1.00000000:mu=0.50000000:preimage=(('-inf', 'inf'),)]|prep[cost_threshold_at_price_information:nonatom_price:B(mu_P)>=1.0/c_L=prepare;nonatom_price:B(mu_P)<1.0/c_L=stay_out;nonatom_price:B(mu_P)>=6.0/c_H=prepare;nonatom_price:B(mu_P)<6.0/c_H=stay_out;price_atom[0]/c_L=prepare;price_atom[0]/c_H=stay_out]|posterior[mu_P=pooled Bayes posterior on each atom; invert P(mu) on nonatom positive-entry prices]",h=10|ell=1|p=0.5|rho=0.25|c_L=1|c_H=6|b=2|k=0.02|r=1.2|noise=Laplace|cost=atoms|cost_halfwidth=0|prior_H=0.5|value_law=binary|eps_V=0
1.2,mixed_mesh_0.05,L,0,-0.0,1.0,0.0,0.0,0.0,true,converged-pure (stalled; support solve pruned_to_pure),S2_mass_near_1_v0.9,0.05,26,stalled,0.018015181496255497,0.0,0.0,true,1.0625181290357943e-19,"H mixes over the correctly signed mesh {0, m, ..., 1} at spacing 0.05; L plays a pure order -v with v in [0, 1] (OA.60 restriction, residual monotonicity checked)",converged-pure,c2:r=1.2:pooling#6,"ps[h=10|ell=1|p=0.5|rho=0.25|c_L=1|c_H=6|b=2|k=0.02|r=1.2|noise=Laplace|cost=atoms|cost_halfwidth=0|prior_H=0.5|value_law=binary|eps_V=0]|inst[reserve_auction:uniform_incumbent[0,r];sale_to_highest_admissible_at_max(p,min(R,v));bid_equal_reserve_is_admissible=yes]|info[public_price_feedback;investor_observes=fundamental_state;buyer_observes=price_only]|tie[entry_at_indifference=yes;bid_equal_reserve_is_admissible=yes;upper_plateau_enters_at_tau=M;lower_plateau_enters_at_B(m)=c_L]|qH=(0.000000:1.000000)|qL=(-0.000000:1.000000)|price[constant_price:P(x)=t_0+H_C(B(mu_X(x)))[w_L+Delta_T mu_X(x)]+0.0]|atoms[positive_entry_plateau@0.39270833:mH=1.00000000:mL=1.00000000:mu=0.50000000:preimage=(('-inf', 'inf'),)]|prep[cost_threshold_at_price_information:nonatom_price:B(mu_P)>=1.0/c_L=prepare;nonatom_price:B(mu_P)<1.0/c_L=stay_out;nonatom_price:B(mu_P)>=6.0/c_H=prepare;nonatom_price:B(mu_P)<6.0/c_H=stay_out;price_atom[0]/c_L=prepare;price_atom[0]/c_H=stay_out]|posterior[mu_P=pooled Bayes posterior on each atom; invert P(mu) on nonatom positive-entry prices]",h=10|ell=1|p=0.5|rho=0.25|c_L=1|c_H=6|b=2|k=0.02|r=1.2|noise=Laplace|cost=atoms|cost_halfwidth=0|prior_H=0.5|value_law=binary|eps_V=0
1.2,mixed_mesh_0.05,H,0,0.0,1.0,0.0,0.0,0.0,true,converged-pure (stalled; support solve pruned_to_pure),S3_mass_near_0_v0.1,0.05,111,stalled,0.002687502048206324,0.0,0.0,true,1.0625181290357943e-19,"H mixes over the correctly signed mesh {0, m, ..., 1} at spacing 0.05; L plays a pure order -v with v in [0, 1] (OA.60 restriction, residual monotonicity checked)",converged-pure,c2:r=1.2:pooling#7,"ps[h=10|ell=1|p=0.5|rho=0.25|c_L=1|c_H=6|b=2|k=0.02|r=1.2|noise=Laplace|cost=atoms|cost_halfwidth=0|prior_H=0.5|value_law=binary|eps_V=0]|inst[reserve_auction:uniform_incumbent[0,r];sale_to_highest_admissible_at_max(p,min(R,v));bid_equal_reserve_is_admissible=yes]|info[public_price_feedback;investor_observes=fundamental_state;buyer_observes=price_only]|tie[entry_at_indifference=yes;bid_equal_reserve_is_admissible=yes;upper_plateau_enters_at_tau=M;lower_plateau_enters_at_B(m)=c_L]|qH=(0.000000:1.000000)|qL=(-0.000000:1.000000)|price[constant_price:P(x)=t_0+H_C(B(mu_X(x)))[w_L+Delta_T mu_X(x)]+0.0]|atoms[positive_entry_plateau@0.39270833:mH=1.00000000:mL=1.00000000:mu=0.50000000:preimage=(('-inf', 'inf'),)]|prep[cost_threshold_at_price_information:nonatom_price:B(mu_P)>=1.0/c_L=prepare;nonatom_price:B(mu_P)<1.0/c_L=stay_out;nonatom_price:B(mu_P)>=6.0/c_H=prepare;nonatom_price:B(mu_P)<6.0/c_H=stay_out;price_atom[0]/c_L=prepare;price_atom[0]/c_H=stay_out]|posterior[mu_P=pooled Bayes posterior on each atom; invert P(mu) on nonatom positive-entry prices]",h=10|ell=1|p=0.5|rho=0.25|c_L=1|c_H=6|b=2|k=0.02|r=1.2|noise=Laplace|cost=atoms|cost_halfwidth=0|prior_H=0.5|value_law=binary|eps_V=0
1.2,mixed_mesh_0.05,L,0,-0.0,1.0,0.0,0.0,0.0,true,converged-pure (stalled; support solve pruned_to_pure),S3_mass_near_0_v0.1,0.05,111,stalled,0.002687502048206324,0.0,0.0,true,1.0625181290357943e-19,"H mixes over the correctly signed mesh {0, m, ..., 1} at spacing 0.05; L plays a pure order -v with v in [0, 1] (OA.60 restriction, residual monotonicity checked)",converged-pure,c2:r=1.2:pooling#7,"ps[h=10|ell=1|p=0.5|rho=0.25|c_L=1|c_H=6|b=2|k=0.02|r=1.2|noise=Laplace|cost=atoms|cost_halfwidth=0|prior_H=0.5|value_law=binary|eps_V=0]|inst[reserve_auction:uniform_incumbent[0,r];sale_to_highest_admissible_at_max(p,min(R,v));bid_equal_reserve_is_admissible=yes]|info[public_price_feedback;investor_observes=fundamental_state;buyer_observes=price_only]|tie[entry_at_indifference=yes;bid_equal_reserve_is_admissible=yes;upper_plateau_enters_at_tau=M;lower_plateau_enters_at_B(m)=c_L]|qH=(0.000000:1.000000)|qL=(-0.000000:1.000000)|price[constant_price:P(x)=t_0+H_C(B(mu_X(x)))[w_L+Delta_T mu_X(x)]+0.0]|atoms[positive_entry_plateau@0.39270833:mH=1.00000000:mL=1.00000000:mu=0.50000000:preimage=(('-inf', 'inf'),)]|prep[cost_threshold_at_price_information:nonatom_price:B(mu_P)>=1.0/c_L=prepare;nonatom_price:B(mu_P)<1.0/c_L=stay_out;nonatom_price:B(mu_P)>=6.0/c_H=prepare;nonatom_price:B(mu_P)<6.0/c_H=stay_out;price_atom[0]/c_L=prepare;price_atom[0]/c_H=stay_out]|posterior[mu_P=pooled Bayes posterior on each atom; invert P(mu) on nonatom positive-entry prices]",h=10|ell=1|p=0.5|rho=0.25|c_L=1|c_H=6|b=2|k=0.02|r=1.2|noise=Laplace|cost=atoms|cost_halfwidth=0|prior_H=0.5|value_law=binary|eps_V=0
1.51,mixed_mesh_0.025,H,0,0.0,1.0,0.0,0.0,0.0,true,converged-pure (stalled; support solve pruned_to_pure),S1_uniform_v0.5,0.025,34,stalled,0.009307519992628048,0.0,0.0,true,8.456776945386935e-19,"H mixes over the correctly signed mesh {0, m, ..., 1} at spacing 0.025; L plays a pure order -v with v in [0, 1] (OA.60 restriction, residual monotonicity checked)",converged-pure,c2:r=1.51:pooling#11,"ps[h=10|ell=1|p=0.5|rho=0.25|c_L=1|c_H=6|b=2|k=0.02|r=1.51|noise=Laplace|cost=atoms|cost_halfwidth=0|prior_H=0.5|value_law=binary|eps_V=0]|inst[reserve_auction:uniform_incumbent[0,r];sale_to_highest_admissible_at_max(p,min(R,v));bid_equal_reserve_is_admissible=yes]|info[public_price_feedback;investor_observes=fundamental_state;buyer_observes=price_only]|tie[entry_at_indifference=yes;bid_equal_reserve_is_admissible=yes;upper_plateau_enters_at_tau=M;lower_plateau_enters_at_B(m)=c_L]|qH=(0.000000:1.000000)|qL=(-0.000000:1.000000)|price[constant_price:P(x)=t_0+H_C(B(mu_X(x)))[w_L+Delta_T mu_X(x)]+0.0]|atoms[positive_entry_plateau@0.44950745:mH=1.00000000:mL=1.00000000:mu=0.50000000:preimage=(('-inf', 'inf'),)]|prep[cost_threshold_at_price_information:nonatom_price:B(mu_P)>=1.0/c_L=prepare;nonatom_price:B(mu_P)<1.0/c_L=stay_out;nonatom_price:B(mu_P)>=6.0/c_H=prepare;nonatom_price:B(mu_P)<6.0/c_H=stay_out;price_atom[0]/c_L=prepare;price_atom[0]/c_H=stay_out]|posterior[mu_P=pooled Bayes posterior on each atom; invert P(mu) on nonatom positive-entry prices]",h=10|ell=1|p=0.5|rho=0.25|c_L=1|c_H=6|b=2|k=0.02|r=1.51|noise=Laplace|cost=atoms|cost_halfwidth=0|prior_H=0.5|value_law=binary|eps_V=0
1.51,mixed_mesh_0.025,L,0,-0.0,1.0,0.0,0.0,0.0,true,converged-pure (stalled; support solve pruned_to_pure),S1_uniform_v0.5,0.025,34,stalled,0.009307519992628048,0.0,0.0,true,8.456776945386935e-19,"H mixes over the correctly signed mesh {0, m, ..., 1} at spacing 0.025; L plays a pure order -v with v in [0, 1] (OA.60 restriction, residual monotonicity checked)",converged-pure,c2:r=1.51:pooling#11,"ps[h=10|ell=1|p=0.5|rho=0.25|c_L=1|c_H=6|b=2|k=0.02|r=1.51|noise=Laplace|cost=atoms|cost_halfwidth=0|prior_H=0.5|value_law=binary|eps_V=0]|inst[reserve_auction:uniform_incumbent[0,r];sale_to_highest_admissible_at_max(p,min(R,v));bid_equal_reserve_is_admissible=yes]|info[public_price_feedback;investor_observes=fundamental_state;buyer_observes=price_only]|tie[entry_at_indifference=yes;bid_equal_reserve_is_admissible=yes;upper_plateau_enters_at_tau=M;lower_plateau_enters_at_B(m)=c_L]|qH=(0.000000:1.000000)|qL=(-0.000000:1.000000)|price[constant_price:P(x)=t_0+H_C(B(mu_X(x)))[w_L+Delta_T mu_X(x)]+0.0]|atoms[positive_entry_plateau@0.44950745:mH=1.00000000:mL=1.00000000:mu=0.50000000:preimage=(('-inf', 'inf'),)]|prep[cost_threshold_at_price_information:nonatom_price:B(mu_P)>=1.0/c_L=prepare;nonatom_price:B(mu_P)<1.0/c_L=stay_out;nonatom_price:B(mu_P)>=6.0/c_H=prepare;nonatom_price:B(mu_P)<6.0/c_H=stay_out;price_atom[0]/c_L=prepare;price_atom[0]/c_H=stay_out]|posterior[mu_P=pooled Bayes posterior on each atom; invert P(mu) on nonatom positive-entry prices]",h=10|ell=1|p=0.5|rho=0.25|c_L=1|c_H=6|b=2|k=0.02|r=1.51|noise=Laplace|cost=atoms|cost_halfwidth=0|prior_H=0.5|value_law=binary|eps_V=0
1.51,mixed_mesh_0.025,H,0,0.0,1.0,0.0,0.0,0.0,true,converged-pure (stalled; support solve pruned_to_pure),S2_mass_near_1_v0.9,0.025,31,stalled,0.009794532167109132,0.0,0.0,true,8.456776945386935e-19,"H mixes over the correctly signed mesh {0, m, ..., 1} at spacing 0.025; L plays a pure order -v with v in [0, 1] (OA.60 restriction, residual monotonicity checked)",converged-pure,c2:r=1.51:pooling#12,"ps[h=10|ell=1|p=0.5|rho=0.25|c_L=1|c_H=6|b=2|k=0.02|r=1.51|noise=Laplace|cost=atoms|cost_halfwidth=0|prior_H=0.5|value_law=binary|eps_V=0]|inst[reserve_auction:uniform_incumbent[0,r];sale_to_highest_admissible_at_max(p,min(R,v));bid_equal_reserve_is_admissible=yes]|info[public_price_feedback;investor_observes=fundamental_state;buyer_observes=price_only]|tie[entry_at_indifference=yes;bid_equal_reserve_is_admissible=yes;upper_plateau_enters_at_tau=M;lower_plateau_enters_at_B(m)=c_L]|qH=(0.000000:1.000000)|qL=(-0.000000:1.000000)|price[constant_price:P(x)=t_0+H_C(B(mu_X(x)))[w_L+Delta_T mu_X(x)]+0.0]|atoms[positive_entry_plateau@0.44950745:mH=1.00000000:mL=1.00000000:mu=0.50000000:preimage=(('-inf', 'inf'),)]|prep[cost_threshold_at_price_information:nonatom_price:B(mu_P)>=1.0/c_L=prepare;nonatom_price:B(mu_P)<1.0/c_L=stay_out;nonatom_price:B(mu_P)>=6.0/c_H=prepare;nonatom_price:B(mu_P)<6.0/c_H=stay_out;price_atom[0]/c_L=prepare;price_atom[0]/c_H=stay_out]|posterior[mu_P=pooled Bayes posterior on each atom; invert P(mu) on nonatom positive-entry prices]",h=10|ell=1|p=0.5|rho=0.25|c_L=1|c_H=6|b=2|k=0.02|r=1.51|noise=Laplace|cost=atoms|cost_halfwidth=0|prior_H=0.5|value_law=binary|eps_V=0
1.51,mixed_mesh_0.025,L,0,-0.0,1.0,0.0,0.0,0.0,true,converged-pure (stalled; support solve pruned_to_pure),S2_mass_near_1_v0.9,0.025,31,stalled,0.009794532167109132,0.0,0.0,true,8.456776945386935e-19,"H mixes over the correctly signed mesh {0, m, ..., 1} at spacing 0.025; L plays a pure order -v with v in [0, 1] (OA.60 restriction, residual monotonicity checked)",converged-pure,c2:r=1.51:pooling#12,"ps[h=10|ell=1|p=0.5|rho=0.25|c_L=1|c_H=6|b=2|k=0.02|r=1.51|noise=Laplace|cost=atoms|cost_halfwidth=0|prior_H=0.5|value_law=binary|eps_V=0]|inst[reserve_auction:uniform_incumbent[0,r];sale_to_highest_admissible_at_max(p,min(R,v));bid_equal_reserve_is_admissible=yes]|info[public_price_feedback;investor_observes=fundamental_state;buyer_observes=price_only]|tie[entry_at_indifference=yes;bid_equal_reserve_is_admissible=yes;upper_plateau_enters_at_tau=M;lower_plateau_enters_at_B(m)=c_L]|qH=(0.000000:1.000000)|qL=(-0.000000:1.000000)|price[constant_price:P(x)=t_0+H_C(B(mu_X(x)))[w_L+Delta_T mu_X(x)]+0.0]|atoms[positive_entry_plateau@0.44950745:mH=1.00000000:mL=1.00000000:mu=0.50000000:preimage=(('-inf', 'inf'),)]|prep[cost_threshold_at_price_information:nonatom_price:B(mu_P)>=1.0/c_L=prepare;nonatom_price:B(mu_P)<1.0/c_L=stay_out;nonatom_price:B(mu_P)>=6.0/c_H=prepare;nonatom_price:B(mu_P)<6.0/c_H=stay_out;price_atom[0]/c_L=prepare;price_atom[0]/c_H=stay_out]|posterior[mu_P=pooled Bayes posterior on each atom; invert P(mu) on nonatom positive-entry prices]",h=10|ell=1|p=0.5|rho=0.25|c_L=1|c_H=6|b=2|k=0.02|r=1.51|noise=Laplace|cost=atoms|cost_halfwidth=0|prior_H=0.5|value_law=binary|eps_V=0
1.51,mixed_mesh_0.025,H,0,0.0,1.0,0.0,0.0,0.0,true,converged-pure (budget_exhausted; support solve pruned_to_pure),S3_mass_near_0_v0.1,0.025,120,budget_exhausted,0.0020781164116407394,0.0,0.0,true,8.456776945386935e-19,"H mixes over the correctly signed mesh {0, m, ..., 1} at spacing 0.025; L plays a pure order -v with v in [0, 1] (OA.60 restriction, residual monotonicity checked)",converged-pure,c2:r=1.51:pooling#13,"ps[h=10|ell=1|p=0.5|rho=0.25|c_L=1|c_H=6|b=2|k=0.02|r=1.51|noise=Laplace|cost=atoms|cost_halfwidth=0|prior_H=0.5|value_law=binary|eps_V=0]|inst[reserve_auction:uniform_incumbent[0,r];sale_to_highest_admissible_at_max(p,min(R,v));bid_equal_reserve_is_admissible=yes]|info[public_price_feedback;investor_observes=fundamental_state;buyer_observes=price_only]|tie[entry_at_indifference=yes;bid_equal_reserve_is_admissible=yes;upper_plateau_enters_at_tau=M;lower_plateau_enters_at_B(m)=c_L]|qH=(0.000000:1.000000)|qL=(-0.000000:1.000000)|price[constant_price:P(x)=t_0+H_C(B(mu_X(x)))[w_L+Delta_T mu_X(x)]+0.0]|atoms[positive_entry_plateau@0.44950745:mH=1.00000000:mL=1.00000000:mu=0.50000000:preimage=(('-inf', 'inf'),)]|prep[cost_threshold_at_price_information:nonatom_price:B(mu_P)>=1.0/c_L=prepare;nonatom_price:B(mu_P)<1.0/c_L=stay_out;nonatom_price:B(mu_P)>=6.0/c_H=prepare;nonatom_price:B(mu_P)<6.0/c_H=stay_out;price_atom[0]/c_L=prepare;price_atom[0]/c_H=stay_out]|posterior[mu_P=pooled Bayes posterior on each atom; invert P(mu) on nonatom positive-entry prices]",h=10|ell=1|p=0.5|rho=0.25|c_L=1|c_H=6|b=2|k=0.02|r=1.51|noise=Laplace|cost=atoms|cost_halfwidth=0|prior_H=0.5|value_law=binary|eps_V=0
1.51,mixed_mesh_0.025,L,0,-0.0,1.0,0.0,0.0,0.0,true,converged-pure (budget_exhausted; support solve pruned_to_pure),S3_mass_near_0_v0.1,0.025,120,budget_exhausted,0.0020781164116407394,0.0,0.0,true,8.456776945386935e-19,"H mixes over the correctly signed mesh {0, m, ..., 1} at spacing 0.025; L plays a pure order -v with v in [0, 1] (OA.60 restriction, residual monotonicity checked)",converged-pure,c2:r=1.51:pooling#13,"ps[h=10|ell=1|p=0.5|rho=0.25|c_L=1|c_H=6|b=2|k=0.02|r=1.51|noise=Laplace|cost=atoms|cost_halfwidth=0|prior_H=0.5|value_law=binary|eps_V=0]|inst[reserve_auction:uniform_incumbent[0,r];sale_to_highest_admissible_at_max(p,min(R,v));bid_equal_reserve_is_admissible=yes]|info[public_price_feedback;investor_observes=fundamental_state;buyer_observes=price_only]|tie[entry_at_indifference=yes;bid_equal_reserve_is_admissible=yes;upper_plateau_enters_at_tau=M;lower_plateau_enters_at_B(m)=c_L]|qH=(0.000000:1.000000)|qL=(-0.000000:1.000000)|price[constant_price:P(x)=t_0+H_C(B(mu_X(x)))[w_L+Delta_T mu_X(x)]+0.0]|atoms[positive_entry_plateau@0.44950745:mH=1.00000000:mL=1.00000000:mu=0.50000000:preimage=(('-inf', 'inf'),)]|prep[cost_threshold_at_price_information:nonatom_price:B(mu_P)>=1.0/c_L=prepare;nonatom_price:B(mu_P)<1.0/c_L=stay_out;nonatom_price:B(mu_P)>=6.0/c_H=prepare;nonatom_price:B(mu_P)<6.0/c_H=stay_out;price_atom[0]/c_L=prepare;price_atom[0]/c_H=stay_out]|posterior[mu_P=pooled Bayes posterior on each atom; invert P(mu) on nonatom positive-entry prices]",h=10|ell=1|p=0.5|rho=0.25|c_L=1|c_H=6|b=2|k=0.02|r=1.51|noise=Laplace|cost=atoms|cost_halfwidth=0|prior_H=0.5|value_law=binary|eps_V=0
1.51,mixed_mesh_0.05,H,0,0.0,1.0,0.0,0.0,0.0,true,converged-pure (stalled; support solve pruned_to_pure),S1_uniform_v0.5,0.05,35,stalled,0.009294503093584245,0.0,0.0,true,8.456776945386935e-19,"H mixes over the correctly signed mesh {0, m, ..., 1} at spacing 0.05; L plays a pure order -v with v in [0, 1] (OA.60 restriction, residual monotonicity checked)",converged-pure,c2:r=1.51:pooling#8,"ps[h=10|ell=1|p=0.5|rho=0.25|c_L=1|c_H=6|b=2|k=0.02|r=1.51|noise=Laplace|cost=atoms|cost_halfwidth=0|prior_H=0.5|value_law=binary|eps_V=0]|inst[reserve_auction:uniform_incumbent[0,r];sale_to_highest_admissible_at_max(p,min(R,v));bid_equal_reserve_is_admissible=yes]|info[public_price_feedback;investor_observes=fundamental_state;buyer_observes=price_only]|tie[entry_at_indifference=yes;bid_equal_reserve_is_admissible=yes;upper_plateau_enters_at_tau=M;lower_plateau_enters_at_B(m)=c_L]|qH=(0.000000:1.000000)|qL=(-0.000000:1.000000)|price[constant_price:P(x)=t_0+H_C(B(mu_X(x)))[w_L+Delta_T mu_X(x)]+0.0]|atoms[positive_entry_plateau@0.44950745:mH=1.00000000:mL=1.00000000:mu=0.50000000:preimage=(('-inf', 'inf'),)]|prep[cost_threshold_at_price_information:nonatom_price:B(mu_P)>=1.0/c_L=prepare;nonatom_price:B(mu_P)<1.0/c_L=stay_out;nonatom_price:B(mu_P)>=6.0/c_H=prepare;nonatom_price:B(mu_P)<6.0/c_H=stay_out;price_atom[0]/c_L=prepare;price_atom[0]/c_H=stay_out]|posterior[mu_P=pooled Bayes posterior on each atom; invert P(mu) on nonatom positive-entry prices]",h=10|ell=1|p=0.5|rho=0.25|c_L=1|c_H=6|b=2|k=0.02|r=1.51|noise=Laplace|cost=atoms|cost_halfwidth=0|prior_H=0.5|value_law=binary|eps_V=0
1.51,mixed_mesh_0.05,L,0,-0.0,1.0,0.0,0.0,0.0,true,converged-pure (stalled; support solve pruned_to_pure),S1_uniform_v0.5,0.05,35,stalled,0.009294503093584245,0.0,0.0,true,8.456776945386935e-19,"H mixes over the correctly signed mesh {0, m, ..., 1} at spacing 0.05; L plays a pure order -v with v in [0, 1] (OA.60 restriction, residual monotonicity checked)",converged-pure,c2:r=1.51:pooling#8,"ps[h=10|ell=1|p=0.5|rho=0.25|c_L=1|c_H=6|b=2|k=0.02|r=1.51|noise=Laplace|cost=atoms|cost_halfwidth=0|prior_H=0.5|value_law=binary|eps_V=0]|inst[reserve_auction:uniform_incumbent[0,r];sale_to_highest_admissible_at_max(p,min(R,v));bid_equal_reserve_is_admissible=yes]|info[public_price_feedback;investor_observes=fundamental_state;buyer_observes=price_only]|tie[entry_at_indifference=yes;bid_equal_reserve_is_admissible=yes;upper_plateau_enters_at_tau=M;lower_plateau_enters_at_B(m)=c_L]|qH=(0.000000:1.000000)|qL=(-0.000000:1.000000)|price[constant_price:P(x)=t_0+H_C(B(mu_X(x)))[w_L+Delta_T mu_X(x)]+0.0]|atoms[positive_entry_plateau@0.44950745:mH=1.00000000:mL=1.00000000:mu=0.50000000:preimage=(('-inf', 'inf'),)]|prep[cost_threshold_at_price_information:nonatom_price:B(mu_P)>=1.0/c_L=prepare;nonatom_price:B(mu_P)<1.0/c_L=stay_out;nonatom_price:B(mu_P)>=6.0/c_H=prepare;nonatom_price:B(mu_P)<6.0/c_H=stay_out;price_atom[0]/c_L=prepare;price_atom[0]/c_H=stay_out]|posterior[mu_P=pooled Bayes posterior on each atom; invert P(mu) on nonatom positive-entry prices]",h=10|ell=1|p=0.5|rho=0.25|c_L=1|c_H=6|b=2|k=0.02|r=1.51|noise=Laplace|cost=atoms|cost_halfwidth=0|prior_H=0.5|value_law=binary|eps_V=0
1.51,mixed_mesh_0.05,H,0,0.0,1.0,0.0,0.0,0.0,true,converged-pure (stalled; support solve pruned_to_pure),S2_mass_near_1_v0.9,0.05,32,stalled,0.00979528882983707,0.0,0.0,true,8.456776945386935e-19,"H mixes over the correctly signed mesh {0, m, ..., 1} at spacing 0.05; L plays a pure order -v with v in [0, 1] (OA.60 restriction, residual monotonicity checked)",converged-pure,c2:r=1.51:pooling#9,"ps[h=10|ell=1|p=0.5|rho=0.25|c_L=1|c_H=6|b=2|k=0.02|r=1.51|noise=Laplace|cost=atoms|cost_halfwidth=0|prior_H=0.5|value_law=binary|eps_V=0]|inst[reserve_auction:uniform_incumbent[0,r];sale_to_highest_admissible_at_max(p,min(R,v));bid_equal_reserve_is_admissible=yes]|info[public_price_feedback;investor_observes=fundamental_state;buyer_observes=price_only]|tie[entry_at_indifference=yes;bid_equal_reserve_is_admissible=yes;upper_plateau_enters_at_tau=M;lower_plateau_enters_at_B(m)=c_L]|qH=(0.000000:1.000000)|qL=(-0.000000:1.000000)|price[constant_price:P(x)=t_0+H_C(B(mu_X(x)))[w_L+Delta_T mu_X(x)]+0.0]|atoms[positive_entry_plateau@0.44950745:mH=1.00000000:mL=1.00000000:mu=0.50000000:preimage=(('-inf', 'inf'),)]|prep[cost_threshold_at_price_information:nonatom_price:B(mu_P)>=1.0/c_L=prepare;nonatom_price:B(mu_P)<1.0/c_L=stay_out;nonatom_price:B(mu_P)>=6.0/c_H=prepare;nonatom_price:B(mu_P)<6.0/c_H=stay_out;price_atom[0]/c_L=prepare;price_atom[0]/c_H=stay_out]|posterior[mu_P=pooled Bayes posterior on each atom; invert P(mu) on nonatom positive-entry prices]",h=10|ell=1|p=0.5|rho=0.25|c_L=1|c_H=6|b=2|k=0.02|r=1.51|noise=Laplace|cost=atoms|cost_halfwidth=0|prior_H=0.5|value_law=binary|eps_V=0
1.51,mixed_mesh_0.05,L,0,-0.0,1.0,0.0,0.0,0.0,true,converged-pure (stalled; support solve pruned_to_pure),S2_mass_near_1_v0.9,0.05,32,stalled,0.00979528882983707,0.0,0.0,true,8.456776945386935e-19,"H mixes over the correctly signed mesh {0, m, ..., 1} at spacing 0.05; L plays a pure order -v with v in [0, 1] (OA.60 restriction, residual monotonicity checked)",converged-pure,c2:r=1.51:pooling#9,"ps[h=10|ell=1|p=0.5|rho=0.25|c_L=1|c_H=6|b=2|k=0.02|r=1.51|noise=Laplace|cost=atoms|cost_halfwidth=0|prior_H=0.5|value_law=binary|eps_V=0]|inst[reserve_auction:uniform_incumbent[0,r];sale_to_highest_admissible_at_max(p,min(R,v));bid_equal_reserve_is_admissible=yes]|info[public_price_feedback;investor_observes=fundamental_state;buyer_observes=price_only]|tie[entry_at_indifference=yes;bid_equal_reserve_is_admissible=yes;upper_plateau_enters_at_tau=M;lower_plateau_enters_at_B(m)=c_L]|qH=(0.000000:1.000000)|qL=(-0.000000:1.000000)|price[constant_price:P(x)=t_0+H_C(B(mu_X(x)))[w_L+Delta_T mu_X(x)]+0.0]|atoms[positive_entry_plateau@0.44950745:mH=1.00000000:mL=1.00000000:mu=0.50000000:preimage=(('-inf', 'inf'),)]|prep[cost_threshold_at_price_information:nonatom_price:B(mu_P)>=1.0/c_L=prepare;nonatom_price:B(mu_P)<1.0/c_L=stay_out;nonatom_price:B(mu_P)>=6.0/c_H=prepare;nonatom_price:B(mu_P)<6.0/c_H=stay_out;price_atom[0]/c_L=prepare;price_atom[0]/c_H=stay_out]|posterior[mu_P=pooled Bayes posterior on each atom; invert P(mu) on nonatom positive-entry prices]",h=10|ell=1|p=0.5|rho=0.25|c_L=1|c_H=6|b=2|k=0.02|r=1.51|noise=Laplace|cost=atoms|cost_halfwidth=0|prior_H=0.5|value_law=binary|eps_V=0
1.51,mixed_mesh_0.05,H,0,0.0,1.0,0.0,0.0,0.0,true,converged-pure (stalled; support solve pruned_to_pure),S3_mass_near_0_v0.1,0.05,117,stalled,0.0023087474872608748,0.0,0.0,true,8.456776945386935e-19,"H mixes over the correctly signed mesh {0, m, ..., 1} at spacing 0.05; L plays a pure order -v with v in [0, 1] (OA.60 restriction, residual monotonicity checked)",converged-pure,c2:r=1.51:pooling#10,"ps[h=10|ell=1|p=0.5|rho=0.25|c_L=1|c_H=6|b=2|k=0.02|r=1.51|noise=Laplace|cost=atoms|cost_halfwidth=0|prior_H=0.5|value_law=binary|eps_V=0]|inst[reserve_auction:uniform_incumbent[0,r];sale_to_highest_admissible_at_max(p,min(R,v));bid_equal_reserve_is_admissible=yes]|info[public_price_feedback;investor_observes=fundamental_state;buyer_observes=price_only]|tie[entry_at_indifference=yes;bid_equal_reserve_is_admissible=yes;upper_plateau_enters_at_tau=M;lower_plateau_enters_at_B(m)=c_L]|qH=(0.000000:1.000000)|qL=(-0.000000:1.000000)|price[constant_price:P(x)=t_0+H_C(B(mu_X(x)))[w_L+Delta_T mu_X(x)]+0.0]|atoms[positive_entry_plateau@0.44950745:mH=1.00000000:mL=1.00000000:mu=0.50000000:preimage=(('-inf', 'inf'),)]|prep[cost_threshold_at_price_information:nonatom_price:B(mu_P)>=1.0/c_L=prepare;nonatom_price:B(mu_P)<1.0/c_L=stay_out;nonatom_price:B(mu_P)>=6.0/c_H=prepare;nonatom_price:B(mu_P)<6.0/c_H=stay_out;price_atom[0]/c_L=prepare;price_atom[0]/c_H=stay_out]|posterior[mu_P=pooled Bayes posterior on each atom; invert P(mu) on nonatom positive-entry prices]",h=10|ell=1|p=0.5|rho=0.25|c_L=1|c_H=6|b=2|k=0.02|r=1.51|noise=Laplace|cost=atoms|cost_halfwidth=0|prior_H=0.5|value_law=binary|eps_V=0
1.51,mixed_mesh_0.05,L,0,-0.0,1.0,0.0,0.0,0.0,true,converged-pure (stalled; support solve pruned_to_pure),S3_mass_near_0_v0.1,0.05,117,stalled,0.0023087474872608748,0.0,0.0,true,8.456776945386935e-19,"H mixes over the correctly signed mesh {0, m, ..., 1} at spacing 0.05; L plays a pure order -v with v in [0, 1] (OA.60 restriction, residual monotonicity checked)",converged-pure,c2:r=1.51:pooling#10,"ps[h=10|ell=1|p=0.5|rho=0.25|c_L=1|c_H=6|b=2|k=0.02|r=1.51|noise=Laplace|cost=atoms|cost_halfwidth=0|prior_H=0.5|value_law=binary|eps_V=0]|inst[reserve_auction:uniform_incumbent[0,r];sale_to_highest_admissible_at_max(p,min(R,v));bid_equal_reserve_is_admissible=yes]|info[public_price_feedback;investor_observes=fundamental_state;buyer_observes=price_only]|tie[entry_at_indifference=yes;bid_equal_reserve_is_admissible=yes;upper_plateau_enters_at_tau=M;lower_plateau_enters_at_B(m)=c_L]|qH=(0.000000:1.000000)|qL=(-0.000000:1.000000)|price[constant_price:P(x)=t_0+H_C(B(mu_X(x)))[w_L+Delta_T mu_X(x)]+0.0]|atoms[positive_entry_plateau@0.44950745:mH=1.00000000:mL=1.00000000:mu=0.50000000:preimage=(('-inf', 'inf'),)]|prep[cost_threshold_at_price_information:nonatom_price:B(mu_P)>=1.0/c_L=prepare;nonatom_price:B(mu_P)<1.0/c_L=stay_out;nonatom_price:B(mu_P)>=6.0/c_H=prepare;nonatom_price:B(mu_P)<6.0/c_H=stay_out;price_atom[0]/c_L=prepare;price_atom[0]/c_H=stay_out]|posterior[mu_P=pooled Bayes posterior on each atom; invert P(mu) on nonatom positive-entry prices]",h=10|ell=1|p=0.5|rho=0.25|c_L=1|c_H=6|b=2|k=0.02|r=1.51|noise=Laplace|cost=atoms|cost_halfwidth=0|prior_H=0.5|value_law=binary|eps_V=0
1.55,mixed_mesh_0.025,H,0,0.0,1.0,0.0,0.0,0.0,true,converged-pure (stalled; support solve pruned_to_pure),S1_uniform_v0.5,0.025,39,stalled,0.00788782925605704,0.0,0.0,true,8.673617379884035e-19,"H mixes over the correctly signed mesh {0, m, ..., 1} at spacing 0.025; L plays a pure order -v with v in [0, 1] (OA.60 restriction, residual monotonicity checked)",converged-pure,c2:r=1.55:pooling#10,"ps[h=10|ell=1|p=0.5|rho=0.25|c_L=1|c_H=6|b=2|k=0.02|r=1.55|noise=Laplace|cost=atoms|cost_halfwidth=0|prior_H=0.5|value_law=binary|eps_V=0]|inst[reserve_auction:uniform_incumbent[0,r];sale_to_highest_admissible_at_max(p,min(R,v));bid_equal_reserve_is_admissible=yes]|info[public_price_feedback;investor_observes=fundamental_state;buyer_observes=price_only]|tie[entry_at_indifference=yes;bid_equal_reserve_is_admissible=yes;upper_plateau_enters_at_tau=M;lower_plateau_enters_at_B(m)=c_L]|qH=(0.000000:1.000000)|qL=(-0.000000:1.000000)|price[constant_price:P(x)=t_0+H_C(B(mu_X(x)))[w_L+Delta_T mu_X(x)]+0.0]|atoms[positive_entry_plateau@0.45574597:mH=1.00000000:mL=1.00000000:mu=0.50000000:preimage=(('-inf', 'inf'),)]|prep[cost_threshold_at_price_information:nonatom_price:B(mu_P)>=1.0/c_L=prepare;nonatom_price:B(mu_P)<1.0/c_L=stay_out;nonatom_price:B(mu_P)>=6.0/c_H=prepare;nonatom_price:B(mu_P)<6.0/c_H=stay_out;price_atom[0]/c_L=prepare;price_atom[0]/c_H=stay_out]|posterior[mu_P=pooled Bayes posterior on each atom; invert P(mu) on nonatom positive-entry prices]",h=10|ell=1|p=0.5|rho=0.25|c_L=1|c_H=6|b=2|k=0.02|r=1.55|noise=Laplace|cost=atoms|cost_halfwidth=0|prior_H=0.5|value_law=binary|eps_V=0
1.55,mixed_mesh_0.025,L,0,-0.0,1.0,0.0,0.0,0.0,true,converged-pure (stalled; support solve pruned_to_pure),S1_uniform_v0.5,0.025,39,stalled,0.00788782925605704,0.0,0.0,true,8.673617379884035e-19,"H mixes over the correctly signed mesh {0, m, ..., 1} at spacing 0.025; L plays a pure order -v with v in [0, 1] (OA.60 restriction, residual monotonicity checked)",converged-pure,c2:r=1.55:pooling#10,"ps[h=10|ell=1|p=0.5|rho=0.25|c_L=1|c_H=6|b=2|k=0.02|r=1.55|noise=Laplace|cost=atoms|cost_halfwidth=0|prior_H=0.5|value_law=binary|eps_V=0]|inst[reserve_auction:uniform_incumbent[0,r];sale_to_highest_admissible_at_max(p,min(R,v));bid_equal_reserve_is_admissible=yes]|info[public_price_feedback;investor_observes=fundamental_state;buyer_observes=price_only]|tie[entry_at_indifference=yes;bid_equal_reserve_is_admissible=yes;upper_plateau_enters_at_tau=M;lower_plateau_enters_at_B(m)=c_L]|qH=(0.000000:1.000000)|qL=(-0.000000:1.000000)|price[constant_price:P(x)=t_0+H_C(B(mu_X(x)))[w_L+Delta_T mu_X(x)]+0.0]|atoms[positive_entry_plateau@0.45574597:mH=1.00000000:mL=1.00000000:mu=0.50000000:preimage=(('-inf', 'inf'),)]|prep[cost_threshold_at_price_information:nonatom_price:B(mu_P)>=1.0/c_L=prepare;nonatom_price:B(mu_P)<1.0/c_L=stay_out;nonatom_price:B(mu_P)>=6.0/c_H=prepare;nonatom_price:B(mu_P)<6.0/c_H=stay_out;price_atom[0]/c_L=prepare;price_atom[0]/c_H=stay_out]|posterior[mu_P=pooled Bayes posterior on each atom; invert P(mu) on nonatom positive-entry prices]",h=10|ell=1|p=0.5|rho=0.25|c_L=1|c_H=6|b=2|k=0.02|r=1.55|noise=Laplace|cost=atoms|cost_halfwidth=0|prior_H=0.5|value_law=binary|eps_V=0
1.55,mixed_mesh_0.025,H,0,1.0,1.0,0.003607846468585984,0.0,0.0,true,converged-pure (budget_exhausted; support solve pruned_to_pure),S2_mass_near_1_v0.9,0.025,120,budget_exhausted,0.0019674985520793317,0.0,0.0,true,1.734723475976807e-18,"H mixes over the correctly signed mesh {0, m, ..., 1} at spacing 0.025; L plays a pure order -v with v in [0, 1] (OA.60 restriction, residual monotonicity checked)",converged-pure,c2:r=1.55:asymmetric#11,"ps[h=10|ell=1|p=0.5|rho=0.25|c_L=1|c_H=6|b=2|k=0.02|r=1.55|noise=Laplace|cost=atoms|cost_halfwidth=0|prior_H=0.5|value_law=binary|eps_V=0]|inst[reserve_auction:uniform_incumbent[0,r];sale_to_highest_admissible_at_max(p,min(R,v));bid_equal_reserve_is_admissible=yes]|info[public_price_feedback;investor_observes=fundamental_state;buyer_observes=price_only]|tie[entry_at_indifference=yes;bid_equal_reserve_is_admissible=yes;upper_plateau_enters_at_tau=M;lower_plateau_enters_at_B(m)=c_L]|qH=(1.000000:1.000000)|qL=(-0.460316:1.000000)|price[benchmark_inversion:P(x)=t_0+H_C(B(mu_X(x)))[w_L+Delta_T mu_X(x)]+0.0]|atoms[positive_entry_plateau@0.45148072:mH=0.24091639:mL=0.50000000:mu=0.32516002:preimage=(('-inf', '-0.460316'),);positive_entry_plateau@0.82391584:mH=0.50000000:mL=0.24091639:mu=0.67483998:preimage=(('1.000000', 'inf'),)]|prep[cost_threshold_at_price_information:nonatom_price:B(mu_P)>=1.0/c_L=prepare;nonatom_price:B(mu_P)<1.0/c_L=stay_out;nonatom_price:B(mu_P)>=6.0/c_H=prepare;nonatom_price:B(mu_P)<6.0/c_H=stay_out;price_atom[0]/c_L=prepare;price_atom[0]/c_H=stay_out;price_atom[1]/c_L=prepare;price_atom[1]/c_H=prepare]|posterior[mu_P=pooled Bayes posterior on each atom; invert P(mu) on nonatom positive-entry prices]",h=10|ell=1|p=0.5|rho=0.25|c_L=1|c_H=6|b=2|k=0.02|r=1.55|noise=Laplace|cost=atoms|cost_halfwidth=0|prior_H=0.5|value_law=binary|eps_V=0
1.55,mixed_mesh_0.025,L,0,-0.46031628748396625,1.0,0.0016607504922316382,0.0,-6.935806477759154e-10,true,converged-pure (budget_exhausted; support solve pruned_to_pure),S2_mass_near_1_v0.9,0.025,120,budget_exhausted,0.0019674985520793317,-6.935806477759154e-10,0.0,true,1.734723475976807e-18,"H mixes over the correctly signed mesh {0, m, ..., 1} at spacing 0.025; L plays a pure order -v with v in [0, 1] (OA.60 restriction, residual monotonicity checked)",converged-pure,c2:r=1.55:asymmetric#11,"ps[h=10|ell=1|p=0.5|rho=0.25|c_L=1|c_H=6|b=2|k=0.02|r=1.55|noise=Laplace|cost=atoms|cost_halfwidth=0|prior_H=0.5|value_law=binary|eps_V=0]|inst[reserve_auction:uniform_incumbent[0,r];sale_to_highest_admissible_at_max(p,min(R,v));bid_equal_reserve_is_admissible=yes]|info[public_price_feedback;investor_observes=fundamental_state;buyer_observes=price_only]|tie[entry_at_indifference=yes;bid_equal_reserve_is_admissible=yes;upper_plateau_enters_at_tau=M;lower_plateau_enters_at_B(m)=c_L]|qH=(1.000000:1.000000)|qL=(-0.460316:1.000000)|price[benchmark_inversion:P(x)=t_0+H_C(B(mu_X(x)))[w_L+Delta_T mu_X(x)]+0.0]|atoms[positive_entry_plateau@0.45148072:mH=0.24091639:mL=0.50000000:mu=0.32516002:preimage=(('-inf', '-0.460316'),);positive_entry_plateau@0.82391584:mH=0.50000000:mL=0.24091639:mu=0.67483998:preimage=(('1.000000', 'inf'),)]|prep[cost_threshold_at_price_information:nonatom_price:B(mu_P)>=1.0/c_L=prepare;nonatom_price:B(mu_P)<1.0/c_L=stay_out;nonatom_price:B(mu_P)>=6.0/c_H=prepare;nonatom_price:B(mu_P)<6.0/c_H=stay_out;price_atom[0]/c_L=prepare;price_atom[0]/c_H=stay_out;price_atom[1]/c_L=prepare;price_atom[1]/c_H=prepare]|posterior[mu_P=pooled Bayes posterior on each atom; invert P(mu) on nonatom positive-entry prices]",h=10|ell=1|p=0.5|rho=0.25|c_L=1|c_H=6|b=2|k=0.02|r=1.55|noise=Laplace|cost=atoms|cost_halfwidth=0|prior_H=0.5|value_law=binary|eps_V=0
1.55,mixed_mesh_0.025,H,0,0.0,1.0,0.0,0.0,0.0,true,converged-pure (budget_exhausted; support solve pruned_to_pure),S3_mass_near_0_v0.1,0.025,120,budget_exhausted,0.0021465088099678,0.0,0.0,true,8.673617379884035e-19,"H mixes over the correctly signed mesh {0, m, ..., 1} at spacing 0.025; L plays a pure order -v with v in [0, 1] (OA.60 restriction, residual monotonicity checked)",converged-pure,c2:r=1.55:pooling#12,"ps[h=10|ell=1|p=0.5|rho=0.25|c_L=1|c_H=6|b=2|k=0.02|r=1.55|noise=Laplace|cost=atoms|cost_halfwidth=0|prior_H=0.5|value_law=binary|eps_V=0]|inst[reserve_auction:uniform_incumbent[0,r];sale_to_highest_admissible_at_max(p,min(R,v));bid_equal_reserve_is_admissible=yes]|info[public_price_feedback;investor_observes=fundamental_state;buyer_observes=price_only]|tie[entry_at_indifference=yes;bid_equal_reserve_is_admissible=yes;upper_plateau_enters_at_tau=M;lower_plateau_enters_at_B(m)=c_L]|qH=(0.000000:1.000000)|qL=(-0.000000:1.000000)|price[constant_price:P(x)=t_0+H_C(B(mu_X(x)))[w_L+Delta_T mu_X(x)]+0.0]|atoms[positive_entry_plateau@0.45574597:mH=1.00000000:mL=1.00000000:mu=0.50000000:preimage=(('-inf', 'inf'),)]|prep[cost_threshold_at_price_information:nonatom_price:B(mu_P)>=1.0/c_L=prepare;nonatom_price:B(mu_P)<1.0/c_L=stay_out;nonatom_price:B(mu_P)>=6.0/c_H=prepare;nonatom_price:B(mu_P)<6.0/c_H=stay_out;price_atom[0]/c_L=prepare;price_atom[0]/c_H=stay_out]|posterior[mu_P=pooled Bayes posterior on each atom; invert P(mu) on nonatom positive-entry prices]",h=10|ell=1|p=0.5|rho=0.25|c_L=1|c_H=6|b=2|k=0.02|r=1.55|noise=Laplace|cost=atoms|cost_halfwidth=0|prior_H=0.5|value_law=binary|eps_V=0
1.55,mixed_mesh_0.025,L,0,-0.0,1.0,0.0,0.0,0.0,true,converged-pure (budget_exhausted; support solve pruned_to_pure),S3_mass_near_0_v0.1,0.025,120,budget_exhausted,0.0021465088099678,0.0,0.0,true,8.673617379884035e-19,"H mixes over the correctly signed mesh {0, m, ..., 1} at spacing 0.025; L plays a pure order -v with v in [0, 1] (OA.60 restriction, residual monotonicity checked)",converged-pure,c2:r=1.55:pooling#12,"ps[h=10|ell=1|p=0.5|rho=0.25|c_L=1|c_H=6|b=2|k=0.02|r=1.55|noise=Laplace|cost=atoms|cost_halfwidth=0|prior_H=0.5|value_law=binary|eps_V=0]|inst[reserve_auction:uniform_incumbent[0,r];sale_to_highest_admissible_at_max(p,min(R,v));bid_equal_reserve_is_admissible=yes]|info[public_price_feedback;investor_observes=fundamental_state;buyer_observes=price_only]|tie[entry_at_indifference=yes;bid_equal_reserve_is_admissible=yes;upper_plateau_enters_at_tau=M;lower_plateau_enters_at_B(m)=c_L]|qH=(0.000000:1.000000)|qL=(-0.000000:1.000000)|price[constant_price:P(x)=t_0+H_C(B(mu_X(x)))[w_L+Delta_T mu_X(x)]+0.0]|atoms[positive_entry_plateau@0.45574597:mH=1.00000000:mL=1.00000000:mu=0.50000000:preimage=(('-inf', 'inf'),)]|prep[cost_threshold_at_price_information:nonatom_price:B(mu_P)>=1.0/c_L=prepare;nonatom_price:B(mu_P)<1.0/c_L=stay_out;nonatom_price:B(mu_P)>=6.0/c_H=prepare;nonatom_price:B(mu_P)<6.0/c_H=stay_out;price_atom[0]/c_L=prepare;price_atom[0]/c_H=stay_out]|posterior[mu_P=pooled Bayes posterior on each atom; invert P(mu) on nonatom positive-entry prices]",h=10|ell=1|p=0.5|rho=0.25|c_L=1|c_H=6|b=2|k=0.02|r=1.55|noise=Laplace|cost=atoms|cost_halfwidth=0|prior_H=0.5|value_law=binary|eps_V=0
1.55,mixed_mesh_0.05,H,0,0.0,1.0,0.0,0.0,0.0,true,converged-pure (stalled; support solve pruned_to_pure),S1_uniform_v0.5,0.05,39,stalled,0.007875792999099726,0.0,0.0,true,8.673617379884035e-19,"H mixes over the correctly signed mesh {0, m, ..., 1} at spacing 0.05; L plays a pure order -v with v in [0, 1] (OA.60 restriction, residual monotonicity checked)",converged-pure,c2:r=1.55:pooling#7,"ps[h=10|ell=1|p=0.5|rho=0.25|c_L=1|c_H=6|b=2|k=0.02|r=1.55|noise=Laplace|cost=atoms|cost_halfwidth=0|prior_H=0.5|value_law=binary|eps_V=0]|inst[reserve_auction:uniform_incumbent[0,r];sale_to_highest_admissible_at_max(p,min(R,v));bid_equal_reserve_is_admissible=yes]|info[public_price_feedback;investor_observes=fundamental_state;buyer_observes=price_only]|tie[entry_at_indifference=yes;bid_equal_reserve_is_admissible=yes;upper_plateau_enters_at_tau=M;lower_plateau_enters_at_B(m)=c_L]|qH=(0.000000:1.000000)|qL=(-0.000000:1.000000)|price[constant_price:P(x)=t_0+H_C(B(mu_X(x)))[w_L+Delta_T mu_X(x)]+0.0]|atoms[positive_entry_plateau@0.45574597:mH=1.00000000:mL=1.00000000:mu=0.50000000:preimage=(('-inf', 'inf'),)]|prep[cost_threshold_at_price_information:nonatom_price:B(mu_P)>=1.0/c_L=prepare;nonatom_price:B(mu_P)<1.0/c_L=stay_out;nonatom_price:B(mu_P)>=6.0/c_H=prepare;nonatom_price:B(mu_P)<6.0/c_H=stay_out;price_atom[0]/c_L=prepare;price_atom[0]/c_H=stay_out]|posterior[mu_P=pooled Bayes posterior on each atom; invert P(mu) on nonatom positive-entry prices]",h=10|ell=1|p=0.5|rho=0.25|c_L=1|c_H=6|b=2|k=0.02|r=1.55|noise=Laplace|cost=atoms|cost_halfwidth=0|prior_H=0.5|value_law=binary|eps_V=0
1.55,mixed_mesh_0.05,L,0,-0.0,1.0,0.0,0.0,0.0,true,converged-pure (stalled; support solve pruned_to_pure),S1_uniform_v0.5,0.05,39,stalled,0.007875792999099726,0.0,0.0,true,8.673617379884035e-19,"H mixes over the correctly signed mesh {0, m, ..., 1} at spacing 0.05; L plays a pure order -v with v in [0, 1] (OA.60 restriction, residual monotonicity checked)",converged-pure,c2:r=1.55:pooling#7,"ps[h=10|ell=1|p=0.5|rho=0.25|c_L=1|c_H=6|b=2|k=0.02|r=1.55|noise=Laplace|cost=atoms|cost_halfwidth=0|prior_H=0.5|value_law=binary|eps_V=0]|inst[reserve_auction:uniform_incumbent[0,r];sale_to_highest_admissible_at_max(p,min(R,v));bid_equal_reserve_is_admissible=yes]|info[public_price_feedback;investor_observes=fundamental_state;buyer_observes=price_only]|tie[entry_at_indifference=yes;bid_equal_reserve_is_admissible=yes;upper_plateau_enters_at_tau=M;lower_plateau_enters_at_B(m)=c_L]|qH=(0.000000:1.000000)|qL=(-0.000000:1.000000)|price[constant_price:P(x)=t_0+H_C(B(mu_X(x)))[w_L+Delta_T mu_X(x)]+0.0]|atoms[positive_entry_plateau@0.45574597:mH=1.00000000:mL=1.00000000:mu=0.50000000:preimage=(('-inf', 'inf'),)]|prep[cost_threshold_at_price_information:nonatom_price:B(mu_P)>=1.0/c_L=prepare;nonatom_price:B(mu_P)<1.0/c_L=stay_out;nonatom_price:B(mu_P)>=6.0/c_H=prepare;nonatom_price:B(mu_P)<6.0/c_H=stay_out;price_atom[0]/c_L=prepare;price_atom[0]/c_H=stay_out]|posterior[mu_P=pooled Bayes posterior on each atom; invert P(mu) on nonatom positive-entry prices]",h=10|ell=1|p=0.5|rho=0.25|c_L=1|c_H=6|b=2|k=0.02|r=1.55|noise=Laplace|cost=atoms|cost_halfwidth=0|prior_H=0.5|value_law=binary|eps_V=0
1.55,mixed_mesh_0.05,H,0,1.0,1.0,0.0036078464433265574,0.0,0.0,true,converged-pure (budget_exhausted; support solve pruned_to_pure),S2_mass_near_1_v0.9,0.05,120,budget_exhausted,0.001955784002800061,0.0,0.0,true,2.1857515797307773e-18,"H mixes over the correctly signed mesh {0, m, ..., 1} at spacing 0.05; L plays a pure order -v with v in [0, 1] (OA.60 restriction, residual monotonicity checked)",converged-pure,c2:r=1.55:asymmetric#8,"ps[h=10|ell=1|p=0.5|rho=0.25|c_L=1|c_H=6|b=2|k=0.02|r=1.55|noise=Laplace|cost=atoms|cost_halfwidth=0|prior_H=0.5|value_law=binary|eps_V=0]|inst[reserve_auction:uniform_incumbent[0,r];sale_to_highest_admissible_at_max(p,min(R,v));bid_equal_reserve_is_admissible=yes]|info[public_price_feedback;investor_observes=fundamental_state;buyer_observes=price_only]|tie[entry_at_indifference=yes;bid_equal_reserve_is_admissible=yes;upper_plateau_enters_at_tau=M;lower_plateau_enters_at_B(m)=c_L]|qH=(1.000000:1.000000)|qL=(-0.460316:1.000000)|price[benchmark_inversion:P(x)=t_0+H_C(B(mu_X(x)))[w_L+Delta_T mu_X(x)]+0.0]|atoms[positive_entry_plateau@0.45148072:mH=0.24091639:mL=0.50000000:mu=0.32516002:preimage=(('-inf', '-0.460316'),);positive_entry_plateau@0.82391584:mH=0.50000000:mL=0.24091639:mu=0.67483998:preimage=(('1.000000', 'inf'),)]|prep[cost_threshold_at_price_information:nonatom_price:B(mu_P)>=1.0/c_L=prepare;nonatom_price:B(mu_P)<1.0/c_L=stay_out;nonatom_price:B(mu_P)>=6.0/c_H=prepare;nonatom_price:B(mu_P)<6.0/c_H=stay_out;price_atom[0]/c_L=prepare;price_atom[0]/c_H=stay_out;price_atom[1]/c_L=prepare;price_atom[1]/c_H=prepare]|posterior[mu_P=pooled Bayes posterior on each atom; invert P(mu) on nonatom positive-entry prices]",h=10|ell=1|p=0.5|rho=0.25|c_L=1|c_H=6|b=2|k=0.02|r=1.55|noise=Laplace|cost=atoms|cost_halfwidth=0|prior_H=0.5|value_law=binary|eps_V=0
1.55,mixed_mesh_0.05,L,0,-0.4603162969166387,1.0,0.0016607505146359475,0.0,-6.935906536609249e-10,true,converged-pure (budget_exhausted; support solve pruned_to_pure),S2_mass_near_1_v0.9,0.05,120,budget_exhausted,0.001955784002800061,-6.935906536609249e-10,0.0,true,2.1857515797307773e-18,"H mixes over the correctly signed mesh {0, m, ..., 1} at spacing 0.05; L plays a pure order -v with v in [0, 1] (OA.60 restriction, residual monotonicity checked)",converged-pure,c2:r=1.55:asymmetric#8,"ps[h=10|ell=1|p=0.5|rho=0.25|c_L=1|c_H=6|b=2|k=0.02|r=1.55|noise=Laplace|cost=atoms|cost_halfwidth=0|prior_H=0.5|value_law=binary|eps_V=0]|inst[reserve_auction:uniform_incumbent[0,r];sale_to_highest_admissible_at_max(p,min(R,v));bid_equal_reserve_is_admissible=yes]|info[public_price_feedback;investor_observes=fundamental_state;buyer_observes=price_only]|tie[entry_at_indifference=yes;bid_equal_reserve_is_admissible=yes;upper_plateau_enters_at_tau=M;lower_plateau_enters_at_B(m)=c_L]|qH=(1.000000:1.000000)|qL=(-0.460316:1.000000)|price[benchmark_inversion:P(x)=t_0+H_C(B(mu_X(x)))[w_L+Delta_T mu_X(x)]+0.0]|atoms[positive_entry_plateau@0.45148072:mH=0.24091639:mL=0.50000000:mu=0.32516002:preimage=(('-inf', '-0.460316'),);positive_entry_plateau@0.82391584:mH=0.50000000:mL=0.24091639:mu=0.67483998:preimage=(('1.000000', 'inf'),)]|prep[cost_threshold_at_price_information:nonatom_price:B(mu_P)>=1.0/c_L=prepare;nonatom_price:B(mu_P)<1.0/c_L=stay_out;nonatom_price:B(mu_P)>=6.0/c_H=prepare;nonatom_price:B(mu_P)<6.0/c_H=stay_out;price_atom[0]/c_L=prepare;price_atom[0]/c_H=stay_out;price_atom[1]/c_L=prepare;price_atom[1]/c_H=prepare]|posterior[mu_P=pooled Bayes posterior on each atom; invert P(mu) on nonatom positive-entry prices]",h=10|ell=1|p=0.5|rho=0.25|c_L=1|c_H=6|b=2|k=0.02|r=1.55|noise=Laplace|cost=atoms|cost_halfwidth=0|prior_H=0.5|value_law=binary|eps_V=0
1.55,mixed_mesh_0.05,H,0,0.0,1.0,0.0,0.0,0.0,true,converged-pure (budget_exhausted; support solve pruned_to_pure),S3_mass_near_0_v0.1,0.05,120,budget_exhausted,0.001950879224196519,0.0,0.0,true,8.673617379884035e-19,"H mixes over the correctly signed mesh {0, m, ..., 1} at spacing 0.05; L plays a pure order -v with v in [0, 1] (OA.60 restriction, residual monotonicity checked)",converged-pure,c2:r=1.55:pooling#9,"ps[h=10|ell=1|p=0.5|rho=0.25|c_L=1|c_H=6|b=2|k=0.02|r=1.55|noise=Laplace|cost=atoms|cost_halfwidth=0|prior_H=0.5|value_law=binary|eps_V=0]|inst[reserve_auction:uniform_incumbent[0,r];sale_to_highest_admissible_at_max(p,min(R,v));bid_equal_reserve_is_admissible=yes]|info[public_price_feedback;investor_observes=fundamental_state;buyer_observes=price_only]|tie[entry_at_indifference=yes;bid_equal_reserve_is_admissible=yes;upper_plateau_enters_at_tau=M;lower_plateau_enters_at_B(m)=c_L]|qH=(0.000000:1.000000)|qL=(-0.000000:1.000000)|price[constant_price:P(x)=t_0+H_C(B(mu_X(x)))[w_L+Delta_T mu_X(x)]+0.0]|atoms[positive_entry_plateau@0.45574597:mH=1.00000000:mL=1.00000000:mu=0.50000000:preimage=(('-inf', 'inf'),)]|prep[cost_threshold_at_price_information:nonatom_price:B(mu_P)>=1.0/c_L=prepare;nonatom_price:B(mu_P)<1.0/c_L=stay_out;nonatom_price:B(mu_P)>=6.0/c_H=prepare;nonatom_price:B(mu_P)<6.0/c_H=stay_out;price_atom[0]/c_L=prepare;price_atom[0]/c_H=stay_out]|posterior[mu_P=pooled Bayes posterior on each atom; invert P(mu) on nonatom positive-entry prices]",h=10|ell=1|p=0.5|rho=0.25|c_L=1|c_H=6|b=2|k=0.02|r=1.55|noise=Laplace|cost=atoms|cost_halfwidth=0|prior_H=0.5|value_law=binary|eps_V=0
1.55,mixed_mesh_0.05,L,0,-0.0,1.0,0.0,0.0,0.0,true,converged-pure (budget_exhausted; support solve pruned_to_pure),S3_mass_near_0_v0.1,0.05,120,budget_exhausted,0.001950879224196519,0.0,0.0,true,8.673617379884035e-19,"H mixes over the correctly signed mesh {0, m, ..., 1} at spacing 0.05; L plays a pure order -v with v in [0, 1] (OA.60 restriction, residual monotonicity checked)",converged-pure,c2:r=1.55:pooling#9,"ps[h=10|ell=1|p=0.5|rho=0.25|c_L=1|c_H=6|b=2|k=0.02|r=1.55|noise=Laplace|cost=atoms|cost_halfwidth=0|prior_H=0.5|value_law=binary|eps_V=0]|inst[reserve_auction:uniform_incumbent[0,r];sale_to_highest_admissible_at_max(p,min(R,v));bid_equal_reserve_is_admissible=yes]|info[public_price_feedback;investor_observes=fundamental_state;buyer_observes=price_only]|tie[entry_at_indifference=yes;bid_equal_reserve_is_admissible=yes;upper_plateau_enters_at_tau=M;lower_plateau_enters_at_B(m)=c_L]|qH=(0.000000:1.000000)|qL=(-0.000000:1.000000)|price[constant_price:P(x)=t_0+H_C(B(mu_X(x)))[w_L+Delta_T mu_X(x)]+0.0]|atoms[positive_entry_plateau@0.45574597:mH=1.00000000:mL=1.00000000:mu=0.50000000:preimage=(('-inf', 'inf'),)]|prep[cost_threshold_at_price_information:nonatom_price:B(mu_P)>=1.0/c_L=prepare;nonatom_price:B(mu_P)<1.0/c_L=stay_out;nonatom_price:B(mu_P)>=6.0/c_H=prepare;nonatom_price:B(mu_P)<6.0/c_H=stay_out;price_atom[0]/c_L=prepare;price_atom[0]/c_H=stay_out]|posterior[mu_P=pooled Bayes posterior on each atom; invert P(mu) on nonatom positive-entry prices]",h=10|ell=1|p=0.5|rho=0.25|c_L=1|c_H=6|b=2|k=0.02|r=1.55|noise=Laplace|cost=atoms|cost_halfwidth=0|prior_H=0.5|value_law=binary|eps_V=0
1.6,mixed_mesh_0.025,H,0,0.0,1.0,0.0,0.0,0.0,true,converged-pure (stalled; support solve pruned_to_pure),S1_uniform_v0.5,0.025,48,stalled,0.0060423608714385,0.0,0.0,true,8.673617379884035e-19,"H mixes over the correctly signed mesh {0, m, ..., 1} at spacing 0.025; L plays a pure order -v with v in [0, 1] (OA.60 restriction, residual monotonicity checked)",converged-pure,c2:r=1.6:pooling#10,"ps[h=10|ell=1|p=0.5|rho=0.25|c_L=1|c_H=6|b=2|k=0.02|r=1.6|noise=Laplace|cost=atoms|cost_halfwidth=0|prior_H=0.5|value_law=binary|eps_V=0]|inst[reserve_auction:uniform_incumbent[0,r];sale_to_highest_admissible_at_max(p,min(R,v));bid_equal_reserve_is_admissible=yes]|info[public_price_feedback;investor_observes=fundamental_state;buyer_observes=price_only]|tie[entry_at_indifference=yes;bid_equal_reserve_is_admissible=yes;upper_plateau_enters_at_tau=M;lower_plateau_enters_at_B(m)=c_L]|qH=(0.000000:1.000000)|qL=(-0.000000:1.000000)|price[constant_price:P(x)=t_0+H_C(B(mu_X(x)))[w_L+Delta_T mu_X(x)]+0.0]|atoms[positive_entry_plateau@0.46328125:mH=1.00000000:mL=1.00000000:mu=0.50000000:preimage=(('-inf', 'inf'),)]|prep[cost_threshold_at_price_information:nonatom_price:B(mu_P)>=1.0/c_L=prepare;nonatom_price:B(mu_P)<1.0/c_L=stay_out;nonatom_price:B(mu_P)>=6.0/c_H=prepare;nonatom_price:B(mu_P)<6.0/c_H=stay_out;price_atom[0]/c_L=prepare;price_atom[0]/c_H=stay_out]|posterior[mu_P=pooled Bayes posterior on each atom; invert P(mu) on nonatom positive-entry prices]",h=10|ell=1|p=0.5|rho=0.25|c_L=1|c_H=6|b=2|k=0.02|r=1.6|noise=Laplace|cost=atoms|cost_halfwidth=0|prior_H=0.5|value_law=binary|eps_V=0
1.6,mixed_mesh_0.025,L,0,-0.0,1.0,0.0,0.0,0.0,true,converged-pure (stalled; support solve pruned_to_pure),S1_uniform_v0.5,0.025,48,stalled,0.0060423608714385,0.0,0.0,true,8.673617379884035e-19,"H mixes over the correctly signed mesh {0, m, ..., 1} at spacing 0.025; L plays a pure order -v with v in [0, 1] (OA.60 restriction, residual monotonicity checked)",converged-pure,c2:r=1.6:pooling#10,"ps[h=10|ell=1|p=0.5|rho=0.25|c_L=1|c_H=6|b=2|k=0.02|r=1.6|noise=Laplace|cost=atoms|cost_halfwidth=0|prior_H=0.5|value_law=binary|eps_V=0]|inst[reserve_auction:uniform_incumbent[0,r];sale_to_highest_admissible_at_max(p,min(R,v));bid_equal_reserve_is_admissible=yes]|info[public_price_feedback;investor_observes=fundamental_state;buyer_observes=price_only]|tie[entry_at_indifference=yes;bid_equal_reserve_is_admissible=yes;upper_plateau_enters_at_tau=M;lower_plateau_enters_at_B(m)=c_L]|qH=(0.000000:1.000000)|qL=(-0.000000:1.000000)|price[constant_price:P(x)=t_0+H_C(B(mu_X(x)))[w_L+Delta_T mu_X(x)]+0.0]|atoms[positive_entry_plateau@0.46328125:mH=1.00000000:mL=1.00000000:mu=0.50000000:preimage=(('-inf', 'inf'),)]|prep[cost_threshold_at_price_information:nonatom_price:B(mu_P)>=1.0/c_L=prepare;nonatom_price:B(mu_P)<1.0/c_L=stay_out;nonatom_price:B(mu_P)>=6.0/c_H=prepare;nonatom_price:B(mu_P)<6.0/c_H=stay_out;price_atom[0]/c_L=prepare;price_atom[0]/c_H=stay_out]|posterior[mu_P=pooled Bayes posterior on each atom; invert P(mu) on nonatom positive-entry prices]",h=10|ell=1|p=0.5|rho=0.25|c_L=1|c_H=6|b=2|k=0.02|r=1.6|noise=Laplace|cost=atoms|cost_halfwidth=0|prior_H=0.5|value_law=binary|eps_V=0
1.6,mixed_mesh_0.025,H,0,1.0,1.0,0.006349633758455025,0.0,0.0,true,converged-pure (budget_exhausted; support solve pruned_to_pure),S2_mass_near_1_v0.9,0.025,120,budget_exhausted,0.002114988303946753,0.0,0.0,true,3.874917290742024e-18,"H mixes over the correctly signed mesh {0, m, ..., 1} at spacing 0.025; L plays a pure order -v with v in [0, 1] (OA.60 restriction, residual monotonicity checked)",converged-pure,c2:r=1.6:asymmetric#11,"ps[h=10|ell=1|p=0.5|rho=0.25|c_L=1|c_H=6|b=2|k=0.02|r=1.6|noise=Laplace|cost=atoms|cost_halfwidth=0|prior_H=0.5|value_law=binary|eps_V=0]|inst[reserve_auction:uniform_incumbent[0,r];sale_to_highest_admissible_at_max(p,min(R,v));bid_equal_reserve_is_admissible=yes]|info[public_price_feedback;investor_observes=fundamental_state;buyer_observes=price_only]|tie[entry_at_indifference=yes;bid_equal_reserve_is_admissible=yes;upper_plateau_enters_at_tau=M;lower_plateau_enters_at_B(m)=c_L]|qH=(1.000000:1.000000)|qL=(-0.707475:1.000000)|price[benchmark_inversion:P(x)=t_0+H_C(B(mu_X(x)))[w_L+Delta_T mu_X(x)]+0.0]|atoms[positive_entry_plateau@0.45761826:mH=0.21291017:mL=0.50000000:mu=0.29864937:preimage=(('-inf', '-0.707475'),);positive_entry_plateau@0.84452695:mH=0.50000000:mL=0.21291017:mu=0.70135063:preimage=(('1.000000', 'inf'),)]|prep[cost_threshold_at_price_information:nonatom_price:B(mu_P)>=1.0/c_L=prepare;nonatom_price:B(mu_P)<1.0/c_L=stay_out;nonatom_price:B(mu_P)>=6.0/c_H=prepare;nonatom_price:B(mu_P)<6.0/c_H=stay_out;price_atom[0]/c_L=prepare;price_atom[0]/c_H=stay_out;price_atom[1]/c_L=prepare;price_atom[1]/c_H=prepare]|posterior[mu_P=pooled Bayes posterior on each atom; invert P(mu) on nonatom positive-entry prices]",h=10|ell=1|p=0.5|rho=0.25|c_L=1|c_H=6|b=2|k=0.02|r=1.6|noise=Laplace|cost=atoms|cost_halfwidth=0|prior_H=0.5|value_law=binary|eps_V=0
1.6,mixed_mesh_0.025,L,0,-0.707475473069382,1.0,0.004492210147080291,0.0,-4.472092834939545e-12,true,converged-pure (budget_exhausted; support solve pruned_to_pure),S2_mass_near_1_v0.9,0.025,120,budget_exhausted,0.002114988303946753,-4.472092834939545e-12,0.0,true,3.874917290742024e-18,"H mixes over the correctly signed mesh {0, m, ..., 1} at spacing 0.025; L plays a pure order -v with v in [0, 1] (OA.60 restriction, residual monotonicity checked)",converged-pure,c2:r=1.6:asymmetric#11,"ps[h=10|ell=1|p=0.5|rho=0.25|c_L=1|c_H=6|b=2|k=0.02|r=1.6|noise=Laplace|cost=atoms|cost_halfwidth=0|prior_H=0.5|value_law=binary|eps_V=0]|inst[reserve_auction:uniform_incumbent[0,r];sale_to_highest_admissible_at_max(p,min(R,v));bid_equal_reserve_is_admissible=yes]|info[public_price_feedback;investor_observes=fundamental_state;buyer_observes=price_only]|tie[entry_at_indifference=yes;bid_equal_reserve_is_admissible=yes;upper_plateau_enters_at_tau=M;lower_plateau_enters_at_B(m)=c_L]|qH=(1.000000:1.000000)|qL=(-0.707475:1.000000)|price[benchmark_inversion:P(x)=t_0+H_C(B(mu_X(x)))[w_L+Delta_T mu_X(x)]+0.0]|atoms[positive_entry_plateau@0.45761826:mH=0.21291017:mL=0.50000000:mu=0.29864937:preimage=(('-inf', '-0.707475'),);positive_entry_plateau@0.84452695:mH=0.50000000:mL=0.21291017:mu=0.70135063:preimage=(('1.000000', 'inf'),)]|prep[cost_threshold_at_price_information:nonatom_price:B(mu_P)>=1.0/c_L=prepare;nonatom_price:B(mu_P)<1.0/c_L=stay_out;nonatom_price:B(mu_P)>=6.0/c_H=prepare;nonatom_price:B(mu_P)<6.0/c_H=stay_out;price_atom[0]/c_L=prepare;price_atom[0]/c_H=stay_out;price_atom[1]/c_L=prepare;price_atom[1]/c_H=prepare]|posterior[mu_P=pooled Bayes posterior on each atom; invert P(mu) on nonatom positive-entry prices]",h=10|ell=1|p=0.5|rho=0.25|c_L=1|c_H=6|b=2|k=0.02|r=1.6|noise=Laplace|cost=atoms|cost_halfwidth=0|prior_H=0.5|value_law=binary|eps_V=0
1.6,mixed_mesh_0.025,H,0,0.0,1.0,0.0,0.0,0.0,true,converged-pure (budget_exhausted; support solve pruned_to_pure),S3_mass_near_0_v0.1,0.025,120,budget_exhausted,0.0019315026174468305,0.0,0.0,true,8.673617379884035e-19,"H mixes over the correctly signed mesh {0, m, ..., 1} at spacing 0.025; L plays a pure order -v with v in [0, 1] (OA.60 restriction, residual monotonicity checked)",converged-pure,c2:r=1.6:pooling#12,"ps[h=10|ell=1|p=0.5|rho=0.25|c_L=1|c_H=6|b=2|k=0.02|r=1.6|noise=Laplace|cost=atoms|cost_halfwidth=0|prior_H=0.5|value_law=binary|eps_V=0]|inst[reserve_auction:uniform_incumbent[0,r];sale_to_highest_admissible_at_max(p,min(R,v));bid_equal_reserve_is_admissible=yes]|info[public_price_feedback;investor_observes=fundamental_state;buyer_observes=price_only]|tie[entry_at_indifference=yes;bid_equal_reserve_is_admissible=yes;upper_plateau_enters_at_tau=M;lower_plateau_enters_at_B(m)=c_L]|qH=(0.000000:1.000000)|qL=(-0.000000:1.000000)|price[constant_price:P(x)=t_0+H_C(B(mu_X(x)))[w_L+Delta_T mu_X(x)]+0.0]|atoms[positive_entry_plateau@0.46328125:mH=1.00000000:mL=1.00000000:mu=0.50000000:preimage=(('-inf', 'inf'),)]|prep[cost_threshold_at_price_information:nonatom_price:B(mu_P)>=1.0/c_L=prepare;nonatom_price:B(mu_P)<1.0/c_L=stay_out;nonatom_price:B(mu_P)>=6.0/c_H=prepare;nonatom_price:B(mu_P)<6.0/c_H=stay_out;price_atom[0]/c_L=prepare;price_atom[0]/c_H=stay_out]|posterior[mu_P=pooled Bayes posterior on each atom; invert P(mu) on nonatom positive-entry prices]",h=10|ell=1|p=0.5|rho=0.25|c_L=1|c_H=6|b=2|k=0.02|r=1.6|noise=Laplace|cost=atoms|cost_halfwidth=0|prior_H=0.5|value_law=binary|eps_V=0
1.6,mixed_mesh_0.025,L,0,-0.0,1.0,0.0,0.0,0.0,true,converged-pure (budget_exhausted; support solve pruned_to_pure),S3_mass_near_0_v0.1,0.025,120,budget_exhausted,0.0019315026174468305,0.0,0.0,true,8.673617379884035e-19,"H mixes over the correctly signed mesh {0, m, ..., 1} at spacing 0.025; L plays a pure order -v with v in [0, 1] (OA.60 restriction, residual monotonicity checked)",converged-pure,c2:r=1.6:pooling#12,"ps[h=10|ell=1|p=0.5|rho=0.25|c_L=1|c_H=6|b=2|k=0.02|r=1.6|noise=Laplace|cost=atoms|cost_halfwidth=0|prior_H=0.5|value_law=binary|eps_V=0]|inst[reserve_auction:uniform_incumbent[0,r];sale_to_highest_admissible_at_max(p,min(R,v));bid_equal_reserve_is_admissible=yes]|info[public_price_feedback;investor_observes=fundamental_state;buyer_observes=price_only]|tie[entry_at_indifference=yes;bid_equal_reserve_is_admissible=yes;upper_plateau_enters_at_tau=M;lower_plateau_enters_at_B(m)=c_L]|qH=(0.000000:1.000000)|qL=(-0.000000:1.000000)|price[constant_price:P(x)=t_0+H_C(B(mu_X(x)))[w_L+Delta_T mu_X(x)]+0.0]|atoms[positive_entry_plateau@0.46328125:mH=1.00000000:mL=1.00000000:mu=0.50000000:preimage=(('-inf', 'inf'),)]|prep[cost_threshold_at_price_information:nonatom_price:B(mu_P)>=1.0/c_L=prepare;nonatom_price:B(mu_P)<1.0/c_L=stay_out;nonatom_price:B(mu_P)>=6.0/c_H=prepare;nonatom_price:B(mu_P)<6.0/c_H=stay_out;price_atom[0]/c_L=prepare;price_atom[0]/c_H=stay_out]|posterior[mu_P=pooled Bayes posterior on each atom; invert P(mu) on nonatom positive-entry prices]",h=10|ell=1|p=0.5|rho=0.25|c_L=1|c_H=6|b=2|k=0.02|r=1.6|noise=Laplace|cost=atoms|cost_halfwidth=0|prior_H=0.5|value_law=binary|eps_V=0
1.6,mixed_mesh_0.05,H,0,0.0,1.0,0.0,0.0,0.0,true,converged-pure (stalled; support solve pruned_to_pure),S1_uniform_v0.5,0.05,48,stalled,0.006028479226409448,0.0,0.0,true,8.673617379884035e-19,"H mixes over the correctly signed mesh {0, m, ..., 1} at spacing 0.05; L plays a pure order -v with v in [0, 1] (OA.60 restriction, residual monotonicity checked)",converged-pure,c2:r=1.6:pooling#7,"ps[h=10|ell=1|p=0.5|rho=0.25|c_L=1|c_H=6|b=2|k=0.02|r=1.6|noise=Laplace|cost=atoms|cost_halfwidth=0|prior_H=0.5|value_law=binary|eps_V=0]|inst[reserve_auction:uniform_incumbent[0,r];sale_to_highest_admissible_at_max(p,min(R,v));bid_equal_reserve_is_admissible=yes]|info[public_price_feedback;investor_observes=fundamental_state;buyer_observes=price_only]|tie[entry_at_indifference=yes;bid_equal_reserve_is_admissible=yes;upper_plateau_enters_at_tau=M;lower_plateau_enters_at_B(m)=c_L]|qH=(0.000000:1.000000)|qL=(-0.000000:1.000000)|price[constant_price:P(x)=t_0+H_C(B(mu_X(x)))[w_L+Delta_T mu_X(x)]+0.0]|atoms[positive_entry_plateau@0.46328125:mH=1.00000000:mL=1.00000000:mu=0.50000000:preimage=(('-inf', 'inf'),)]|prep[cost_threshold_at_price_information:nonatom_price:B(mu_P)>=1.0/c_L=prepare;nonatom_price:B(mu_P)<1.0/c_L=stay_out;nonatom_price:B(mu_P)>=6.0/c_H=prepare;nonatom_price:B(mu_P)<6.0/c_H=stay_out;price_atom[0]/c_L=prepare;price_atom[0]/c_H=stay_out]|posterior[mu_P=pooled Bayes posterior on each atom; invert P(mu) on nonatom positive-entry prices]",h=10|ell=1|p=0.5|rho=0.25|c_L=1|c_H=6|b=2|k=0.02|r=1.6|noise=Laplace|cost=atoms|cost_halfwidth=0|prior_H=0.5|value_law=binary|eps_V=0
1.6,mixed_mesh_0.05,L,0,-0.0,1.0,0.0,0.0,0.0,true,converged-pure (stalled; support solve pruned_to_pure),S1_uniform_v0.5,0.05,48,stalled,0.006028479226409448,0.0,0.0,true,8.673617379884035e-19,"H mixes over the correctly signed mesh {0, m, ..., 1} at spacing 0.05; L plays a pure order -v with v in [0, 1] (OA.60 restriction, residual monotonicity checked)",converged-pure,c2:r=1.6:pooling#7,"ps[h=10|ell=1|p=0.5|rho=0.25|c_L=1|c_H=6|b=2|k=0.02|r=1.6|noise=Laplace|cost=atoms|cost_halfwidth=0|prior_H=0.5|value_law=binary|eps_V=0]|inst[reserve_auction:uniform_incumbent[0,r];sale_to_highest_admissible_at_max(p,min(R,v));bid_equal_reserve_is_admissible=yes]|info[public_price_feedback;investor_observes=fundamental_state;buyer_observes=price_only]|tie[entry_at_indifference=yes;bid_equal_reserve_is_admissible=yes;upper_plateau_enters_at_tau=M;lower_plateau_enters_at_B(m)=c_L]|qH=(0.000000:1.000000)|qL=(-0.000000:1.000000)|price[constant_price:P(x)=t_0+H_C(B(mu_X(x)))[w_L+Delta_T mu_X(x)]+0.0]|atoms[positive_entry_plateau@0.46328125:mH=1.00000000:mL=1.00000000:mu=0.50000000:preimage=(('-inf', 'inf'),)]|prep[cost_threshold_at_price_information:nonatom_price:B(mu_P)>=1.0/c_L=prepare;nonatom_price:B(mu_P)<1.0/c_L=stay_out;nonatom_price:B(mu_P)>=6.0/c_H=prepare;nonatom_price:B(mu_P)<6.0/c_H=stay_out;price_atom[0]/c_L=prepare;price_atom[0]/c_H=stay_out]|posterior[mu_P=pooled Bayes posterior on each atom; invert P(mu) on nonatom positive-entry prices]",h=10|ell=1|p=0.5|rho=0.25|c_L=1|c_H=6|b=2|k=0.02|r=1.6|noise=Laplace|cost=atoms|cost_halfwidth=0|prior_H=0.5|value_law=binary|eps_V=0
1.6,mixed_mesh_0.05,H,0,1.0,1.0,0.006349633896212403,0.0,0.0,true,converged-pure (budget_exhausted; support solve pruned_to_pure),S2_mass_near_1_v0.9,0.05,120,budget_exhausted,0.0018886448812273846,0.0,0.0,true,3.614708734729807e-18,"H mixes over the correctly signed mesh {0, m, ..., 1} at spacing 0.05; L plays a pure order -v with v in [0, 1] (OA.60 restriction, residual monotonicity checked)",converged-pure,c2:r=1.6:asymmetric#8,"ps[h=10|ell=1|p=0.5|rho=0.25|c_L=1|c_H=6|b=2|k=0.02|r=1.6|noise=Laplace|cost=atoms|cost_halfwidth=0|prior_H=0.5|value_law=binary|eps_V=0]|inst[reserve_auction:uniform_incumbent[0,r];sale_to_highest_admissible_at_max(p,min(R,v));bid_equal_reserve_is_admissible=yes]|info[public_price_feedback;investor_observes=fundamental_state;buyer_observes=price_only]|tie[entry_at_indifference=yes;bid_equal_reserve_is_admissible=yes;upper_plateau_enters_at_tau=M;lower_plateau_enters_at_B(m)=c_L]|qH=(1.000000:1.000000)|qL=(-0.707475:1.000000)|price[benchmark_inversion:P(x)=t_0+H_C(B(mu_X(x)))[w_L+Delta_T mu_X(x)]+0.0]|atoms[positive_entry_plateau@0.45761826:mH=0.21291018:mL=0.50000000:mu=0.29864937:preimage=(('-inf', '-0.707475'),);positive_entry_plateau@0.84452695:mH=0.50000000:mL=0.21291018:mu=0.70135063:preimage=(('1.000000', 'inf'),)]|prep[cost_threshold_at_price_information:nonatom_price:B(mu_P)>=1.0/c_L=prepare;nonatom_price:B(mu_P)<1.0/c_L=stay_out;nonatom_price:B(mu_P)>=6.0/c_H=prepare;nonatom_price:B(mu_P)<6.0/c_H=stay_out;price_atom[0]/c_L=prepare;price_atom[0]/c_H=stay_out;price_atom[1]/c_L=prepare;price_atom[1]/c_H=prepare]|posterior[mu_P=pooled Bayes posterior on each atom; invert P(mu) on nonatom positive-entry prices]",h=10|ell=1|p=0.5|rho=0.25|c_L=1|c_H=6|b=2|k=0.02|r=1.6|noise=Laplace|cost=atoms|cost_halfwidth=0|prior_H=0.5|value_law=binary|eps_V=0
1.6,mixed_mesh_0.05,L,0,-0.7074754331602018,1.0,0.004492209991131568,0.0,-4.4746012450858075e-12,true,converged-pure (budget_exhausted; support solve pruned_to_pure),S2_mass_near_1_v0.9,0.05,120,budget_exhausted,0.0018886448812273846,-4.4746012450858075e-12,0.0,true,3.614708734729807e-18,"H mixes over the correctly signed mesh {0, m, ..., 1} at spacing 0.05; L plays a pure order -v with v in [0, 1] (OA.60 restriction, residual monotonicity checked)",converged-pure,c2:r=1.6:asymmetric#8,"ps[h=10|ell=1|p=0.5|rho=0.25|c_L=1|c_H=6|b=2|k=0.02|r=1.6|noise=Laplace|cost=atoms|cost_halfwidth=0|prior_H=0.5|value_law=binary|eps_V=0]|inst[reserve_auction:uniform_incumbent[0,r];sale_to_highest_admissible_at_max(p,min(R,v));bid_equal_reserve_is_admissible=yes]|info[public_price_feedback;investor_observes=fundamental_state;buyer_observes=price_only]|tie[entry_at_indifference=yes;bid_equal_reserve_is_admissible=yes;upper_plateau_enters_at_tau=M;lower_plateau_enters_at_B(m)=c_L]|qH=(1.000000:1.000000)|qL=(-0.707475:1.000000)|price[benchmark_inversion:P(x)=t_0+H_C(B(mu_X(x)))[w_L+Delta_T mu_X(x)]+0.0]|atoms[positive_entry_plateau@0.45761826:mH=0.21291018:mL=0.50000000:mu=0.29864937:preimage=(('-inf', '-0.707475'),);positive_entry_plateau@0.84452695:mH=0.50000000:mL=0.21291018:mu=0.70135063:preimage=(('1.000000', 'inf'),)]|prep[cost_threshold_at_price_information:nonatom_price:B(mu_P)>=1.0/c_L=prepare;nonatom_price:B(mu_P)<1.0/c_L=stay_out;nonatom_price:B(mu_P)>=6.0/c_H=prepare;nonatom_price:B(mu_P)<6.0/c_H=stay_out;price_atom[0]/c_L=prepare;price_atom[0]/c_H=stay_out;price_atom[1]/c_L=prepare;price_atom[1]/c_H=prepare]|posterior[mu_P=pooled Bayes posterior on each atom; invert P(mu) on nonatom positive-entry prices]",h=10|ell=1|p=0.5|rho=0.25|c_L=1|c_H=6|b=2|k=0.02|r=1.6|noise=Laplace|cost=atoms|cost_halfwidth=0|prior_H=0.5|value_law=binary|eps_V=0
1.6,mixed_mesh_0.05,H,0,0.0,1.0,0.0,0.0,0.0,true,converged-pure (budget_exhausted; support solve pruned_to_pure),S3_mass_near_0_v0.1,0.05,120,budget_exhausted,0.0017819750665118523,0.0,0.0,true,8.673617379884035e-19,"H mixes over the correctly signed mesh {0, m, ..., 1} at spacing 0.05; L plays a pure order -v with v in [0, 1] (OA.60 restriction, residual monotonicity checked)",converged-pure,c2:r=1.6:pooling#9,"ps[h=10|ell=1|p=0.5|rho=0.25|c_L=1|c_H=6|b=2|k=0.02|r=1.6|noise=Laplace|cost=atoms|cost_halfwidth=0|prior_H=0.5|value_law=binary|eps_V=0]|inst[reserve_auction:uniform_incumbent[0,r];sale_to_highest_admissible_at_max(p,min(R,v));bid_equal_reserve_is_admissible=yes]|info[public_price_feedback;investor_observes=fundamental_state;buyer_observes=price_only]|tie[entry_at_indifference=yes;bid_equal_reserve_is_admissible=yes;upper_plateau_enters_at_tau=M;lower_plateau_enters_at_B(m)=c_L]|qH=(0.000000:1.000000)|qL=(-0.000000:1.000000)|price[constant_price:P(x)=t_0+H_C(B(mu_X(x)))[w_L+Delta_T mu_X(x)]+0.0]|atoms[positive_entry_plateau@0.46328125:mH=1.00000000:mL=1.00000000:mu=0.50000000:preimage=(('-inf', 'inf'),)]|prep[cost_threshold_at_price_information:nonatom_price:B(mu_P)>=1.0/c_L=prepare;nonatom_price:B(mu_P)<1.0/c_L=stay_out;nonatom_price:B(mu_P)>=6.0/c_H=prepare;nonatom_price:B(mu_P)<6.0/c_H=stay_out;price_atom[0]/c_L=prepare;price_atom[0]/c_H=stay_out]|posterior[mu_P=pooled Bayes posterior on each atom; invert P(mu) on nonatom positive-entry prices]",h=10|ell=1|p=0.5|rho=0.25|c_L=1|c_H=6|b=2|k=0.02|r=1.6|noise=Laplace|cost=atoms|cost_halfwidth=0|prior_H=0.5|value_law=binary|eps_V=0
1.6,mixed_mesh_0.05,L,0,-0.0,1.0,0.0,0.0,0.0,true,converged-pure (budget_exhausted; support solve pruned_to_pure),S3_mass_near_0_v0.1,0.05,120,budget_exhausted,0.0017819750665118523,0.0,0.0,true,8.673617379884035e-19,"H mixes over the correctly signed mesh {0, m, ..., 1} at spacing 0.05; L plays a pure order -v with v in [0, 1] (OA.60 restriction, residual monotonicity checked)",converged-pure,c2:r=1.6:pooling#9,"ps[h=10|ell=1|p=0.5|rho=0.25|c_L=1|c_H=6|b=2|k=0.02|r=1.6|noise=Laplace|cost=atoms|cost_halfwidth=0|prior_H=0.5|value_law=binary|eps_V=0]|inst[reserve_auction:uniform_incumbent[0,r];sale_to_highest_admissible_at_max(p,min(R,v));bid_equal_reserve_is_admissible=yes]|info[public_price_feedback;investor_observes=fundamental_state;buyer_observes=price_only]|tie[entry_at_indifference=yes;bid_equal_reserve_is_admissible=yes;upper_plateau_enters_at_tau=M;lower_plateau_enters_at_B(m)=c_L]|qH=(0.000000:1.000000)|qL=(-0.000000:1.000000)|price[constant_price:P(x)=t_0+H_C(B(mu_X(x)))[w_L+Delta_T mu_X(x)]+0.0]|atoms[positive_entry_plateau@0.46328125:mH=1.00000000:mL=1.00000000:mu=0.50000000:preimage=(('-inf', 'inf'),)]|prep[cost_threshold_at_price_information:nonatom_price:B(mu_P)>=1.0/c_L=prepare;nonatom_price:B(mu_P)<1.0/c_L=stay_out;nonatom_price:B(mu_P)>=6.0/c_H=prepare;nonatom_price:B(mu_P)<6.0/c_H=stay_out;price_atom[0]/c_L=prepare;price_atom[0]/c_H=stay_out]|posterior[mu_P=pooled Bayes posterior on each atom; invert P(mu) on nonatom positive-entry prices]",h=10|ell=1|p=0.5|rho=0.25|c_L=1|c_H=6|b=2|k=0.02|r=1.6|noise=Laplace|cost=atoms|cost_halfwidth=0|prior_H=0.5|value_law=binary|eps_V=0
1.65,mixed_mesh_0.025,H,0,0.0,1.0,0.0,0.0,0.0,true,converged-pure (stalled; support solve pruned_to_pure),S1_uniform_v0.5,0.025,65,stalled,0.004126170474625934,0.0,0.0,true,8.673617379884035e-19,"H mixes over the correctly signed mesh {0, m, ..., 1} at spacing 0.025; L plays a pure order -v with v in [0, 1] (OA.60 restriction, residual monotonicity checked)",converged-pure,c2:r=1.65:pooling#10,"ps[h=10|ell=1|p=0.5|rho=0.25|c_L=1|c_H=6|b=2|k=0.02|r=1.65|noise=Laplace|cost=atoms|cost_halfwidth=0|prior_H=0.5|value_law=binary|eps_V=0]|inst[reserve_auction:uniform_incumbent[0,r];sale_to_highest_admissible_at_max(p,min(R,v));bid_equal_reserve_is_admissible=yes]|info[public_price_feedback;investor_observes=fundamental_state;buyer_observes=price_only]|tie[entry_at_indifference=yes;bid_equal_reserve_is_admissible=yes;upper_plateau_enters_at_tau=M;lower_plateau_enters_at_B(m)=c_L]|qH=(0.000000:1.000000)|qL=(-0.000000:1.000000)|price[constant_price:P(x)=t_0+H_C(B(mu_X(x)))[w_L+Delta_T mu_X(x)]+0.0]|atoms[positive_entry_plateau@0.47054924:mH=1.00000000:mL=1.00000000:mu=0.50000000:preimage=(('-inf', 'inf'),)]|prep[cost_threshold_at_price_information:nonatom_price:B(mu_P)>=1.0/c_L=prepare;nonatom_price:B(mu_P)<1.0/c_L=stay_out;nonatom_price:B(mu_P)>=6.0/c_H=prepare;nonatom_price:B(mu_P)<6.0/c_H=stay_out;price_atom[0]/c_L=prepare;price_atom[0]/c_H=stay_out]|posterior[mu_P=pooled Bayes posterior on each atom; invert P(mu) on nonatom positive-entry prices]",h=10|ell=1|p=0.5|rho=0.25|c_L=1|c_H=6|b=2|k=0.02|r=1.65|noise=Laplace|cost=atoms|cost_halfwidth=0|prior_H=0.5|value_law=binary|eps_V=0
1.65,mixed_mesh_0.025,L,0,-0.0,1.0,0.0,0.0,0.0,true,converged-pure (stalled; support solve pruned_to_pure),S1_uniform_v0.5,0.025,65,stalled,0.004126170474625934,0.0,0.0,true,8.673617379884035e-19,"H mixes over the correctly signed mesh {0, m, ..., 1} at spacing 0.025; L plays a pure order -v with v in [0, 1] (OA.60 restriction, residual monotonicity checked)",converged-pure,c2:r=1.65:pooling#10,"ps[h=10|ell=1|p=0.5|rho=0.25|c_L=1|c_H=6|b=2|k=0.02|r=1.65|noise=Laplace|cost=atoms|cost_halfwidth=0|prior_H=0.5|value_law=binary|eps_V=0]|inst[reserve_auction:uniform_incumbent[0,r];sale_to_highest_admissible_at_max(p,min(R,v));bid_equal_reserve_is_admissible=yes]|info[public_price_feedback;investor_observes=fundamental_state;buyer_observes=price_only]|tie[entry_at_indifference=yes;bid_equal_reserve_is_admissible=yes;upper_plateau_enters_at_tau=M;lower_plateau_enters_at_B(m)=c_L]|qH=(0.000000:1.000000)|qL=(-0.000000:1.000000)|price[constant_price:P(x)=t_0+H_C(B(mu_X(x)))[w_L+Delta_T mu_X(x)]+0.0]|atoms[positive_entry_plateau@0.47054924:mH=1.00000000:mL=1.00000000:mu=0.50000000:preimage=(('-inf', 'inf'),)]|prep[cost_threshold_at_price_information:nonatom_price:B(mu_P)>=1.0/c_L=prepare;nonatom_price:B(mu_P)<1.0/c_L=stay_out;nonatom_price:B(mu_P)>=6.0/c_H=prepare;nonatom_price:B(mu_P)<6.0/c_H=stay_out;price_atom[0]/c_L=prepare;price_atom[0]/c_H=stay_out]|posterior[mu_P=pooled Bayes posterior on each atom; invert P(mu) on nonatom positive-entry prices]",h=10|ell=1|p=0.5|rho=0.25|c_L=1|c_H=6|b=2|k=0.02|r=1.65|noise=Laplace|cost=atoms|cost_halfwidth=0|prior_H=0.5|value_law=binary|eps_V=0
1.65,mixed_mesh_0.025,H,0,1.0,1.0,0.009130197967326944,0.0,0.0,true,converged-pure (budget_exhausted; support solve pruned_to_pure),S2_mass_near_1_v0.9,0.025,120,budget_exhausted,0.0023883829867920384,0.0,0.0,true,3.486794186713382e-18,"H mixes over the correctly signed mesh {0, m, ..., 1} at spacing 0.025; L plays a pure order -v with v in [0, 1] (OA.60 restriction, residual monotonicity checked)",converged-pure,c2:r=1.65:asymmetric#11,"ps[h=10|ell=1|p=0.5|rho=0.25|c_L=1|c_H=6|b=2|k=0.02|r=1.65|noise=Laplace|cost=atoms|cost_halfwidth=0|prior_H=0.5|value_law=binary|eps_V=0]|inst[reserve_auction:uniform_incumbent[0,r];sale_to_highest_admissible_at_max(p,min(R,v));bid_equal_reserve_is_admissible=yes]|info[public_price_feedback;investor_observes=fundamental_state;buyer_observes=price_only]|tie[entry_at_indifference=yes;bid_equal_reserve_is_admissible=yes;upper_plateau_enters_at_tau=M;lower_plateau_enters_at_B(m)=c_L]|qH=(1.000000:1.000000)|qL=(-0.903332:1.000000)|price[benchmark_inversion:P(x)=t_0+H_C(B(mu_X(x)))[w_L+Delta_T mu_X(x)]+0.0]|atoms[positive_entry_plateau@0.46346116:mH=0.19304862:mL=0.50000000:mu=0.27854989:preimage=(('-inf', '-0.903332'),);positive_entry_plateau@0.86509475:mH=0.50000000:mL=0.19304862:mu=0.72145011:preimage=(('1.000000', 'inf'),)]|prep[cost_threshold_at_price_information:nonatom_price:B(mu_P)>=1.0/c_L=prepare;nonatom_price:B(mu_P)<1.0/c_L=stay_out;nonatom_price:B(mu_P)>=6.0/c_H=prepare;nonatom_price:B(mu_P)<6.0/c_H=stay_out;price_atom[0]/c_L=prepare;price_atom[0]/c_H=stay_out;price_atom[1]/c_L=prepare;price_atom[1]/c_H=prepare]|posterior[mu_P=pooled Bayes posterior on each atom; invert P(mu) on nonatom positive-entry prices]",h=10|ell=1|p=0.5|rho=0.25|c_L=1|c_H=6|b=2|k=0.02|r=1.65|noise=Laplace|cost=atoms|cost_halfwidth=0|prior_H=0.5|value_law=binary|eps_V=0
1.65,mixed_mesh_0.025,L,0,-0.9033320884143943,1.0,0.008247600797462305,0.0,-5.4178636889334886e-09,true,converged-pure (budget_exhausted; support solve pruned_to_pure),S2_mass_near_1_v0.9,0.025,120,budget_exhausted,0.0023883829867920384,-5.4178636889334886e-09,0.0,true,3.486794186713382e-18,"H mixes over the correctly signed mesh {0, m, ..., 1} at spacing 0.025; L plays a pure order -v with v in [0, 1] (OA.60 restriction, residual monotonicity checked)",converged-pure,c2:r=1.65:asymmetric#11,"ps[h=10|ell=1|p=0.5|rho=0.25|c_L=1|c_H=6|b=2|k=0.02|r=1.65|noise=Laplace|cost=atoms|cost_halfwidth=0|prior_H=0.5|value_law=binary|eps_V=0]|inst[reserve_auction:uniform_incumbent[0,r];sale_to_highest_admissible_at_max(p,min(R,v));bid_equal_reserve_is_admissible=yes]|info[public_price_feedback;investor_observes=fundamental_state;buyer_observes=price_only]|tie[entry_at_indifference=yes;bid_equal_reserve_is_admissible=yes;upper_plateau_enters_at_tau=M;lower_plateau_enters_at_B(m)=c_L]|qH=(1.000000:1.000000)|qL=(-0.903332:1.000000)|price[benchmark_inversion:P(x)=t_0+H_C(B(mu_X(x)))[w_L+Delta_T mu_X(x)]+0.0]|atoms[positive_entry_plateau@0.46346116:mH=0.19304862:mL=0.50000000:mu=0.27854989:preimage=(('-inf', '-0.903332'),);positive_entry_plateau@0.86509475:mH=0.50000000:mL=0.19304862:mu=0.72145011:preimage=(('1.000000', 'inf'),)]|prep[cost_threshold_at_price_information:nonatom_price:B(mu_P)>=1.0/c_L=prepare;nonatom_price:B(mu_P)<1.0/c_L=stay_out;nonatom_price:B(mu_P)>=6.0/c_H=prepare;nonatom_price:B(mu_P)<6.0/c_H=stay_out;price_atom[0]/c_L=prepare;price_atom[0]/c_H=stay_out;price_atom[1]/c_L=prepare;price_atom[1]/c_H=prepare]|posterior[mu_P=pooled Bayes posterior on each atom; invert P(mu) on nonatom positive-entry prices]",h=10|ell=1|p=0.5|rho=0.25|c_L=1|c_H=6|b=2|k=0.02|r=1.65|noise=Laplace|cost=atoms|cost_halfwidth=0|prior_H=0.5|value_law=binary|eps_V=0
1.65,mixed_mesh_0.025,H,0,0.0,1.0,0.0,0.0,0.0,true,converged-pure (budget_exhausted; support solve pruned_to_pure),S3_mass_near_0_v0.1,0.025,120,budget_exhausted,0.0016028333799005864,0.0,0.0,true,8.673617379884035e-19,"H mixes over the correctly signed mesh {0, m, ..., 1} at spacing 0.025; L plays a pure order -v with v in [0, 1] (OA.60 restriction, residual monotonicity checked)",converged-pure,c2:r=1.65:pooling#12,"ps[h=10|ell=1|p=0.5|rho=0.25|c_L=1|c_H=6|b=2|k=0.02|r=1.65|noise=Laplace|cost=atoms|cost_halfwidth=0|prior_H=0.5|value_law=binary|eps_V=0]|inst[reserve_auction:uniform_incumbent[0,r];sale_to_highest_admissible_at_max(p,min(R,v));bid_equal_reserve_is_admissible=yes]|info[public_price_feedback;investor_observes=fundamental_state;buyer_observes=price_only]|tie[entry_at_indifference=yes;bid_equal_reserve_is_admissible=yes;upper_plateau_enters_at_tau=M;lower_plateau_enters_at_B(m)=c_L]|qH=(0.000000:1.000000)|qL=(-0.000000:1.000000)|price[constant_price:P(x)=t_0+H_C(B(mu_X(x)))[w_L+Delta_T mu_X(x)]+0.0]|atoms[positive_entry_plateau@0.47054924:mH=1.00000000:mL=1.00000000:mu=0.50000000:preimage=(('-inf', 'inf'),)]|prep[cost_threshold_at_price_information:nonatom_price:B(mu_P)>=1.0/c_L=prepare;nonatom_price:B(mu_P)<1.0/c_L=stay_out;nonatom_price:B(mu_P)>=6.0/c_H=prepare;nonatom_price:B(mu_P)<6.0/c_H=stay_out;price_atom[0]/c_L=prepare;price_atom[0]/c_H=stay_out]|posterior[mu_P=pooled Bayes posterior on each atom; invert P(mu) on nonatom positive-entry prices]",h=10|ell=1|p=0.5|rho=0.25|c_L=1|c_H=6|b=2|k=0.02|r=1.65|noise=Laplace|cost=atoms|cost_halfwidth=0|prior_H=0.5|value_law=binary|eps_V=0
1.65,mixed_mesh_0.025,L,0,-0.0,1.0,0.0,0.0,0.0,true,converged-pure (budget_exhausted; support solve pruned_to_pure),S3_mass_near_0_v0.1,0.025,120,budget_exhausted,0.0016028333799005864,0.0,0.0,true,8.673617379884035e-19,"H mixes over the correctly signed mesh {0, m, ..., 1} at spacing 0.025; L plays a pure order -v with v in [0, 1] (OA.60 restriction, residual monotonicity checked)",converged-pure,c2:r=1.65:pooling#12,"ps[h=10|ell=1|p=0.5|rho=0.25|c_L=1|c_H=6|b=2|k=0.02|r=1.65|noise=Laplace|cost=atoms|cost_halfwidth=0|prior_H=0.5|value_law=binary|eps_V=0]|inst[reserve_auction:uniform_incumbent[0,r];sale_to_highest_admissible_at_max(p,min(R,v));bid_equal_reserve_is_admissible=yes]|info[public_price_feedback;investor_observes=fundamental_state;buyer_observes=price_only]|tie[entry_at_indifference=yes;bid_equal_reserve_is_admissible=yes;upper_plateau_enters_at_tau=M;lower_plateau_enters_at_B(m)=c_L]|qH=(0.000000:1.000000)|qL=(-0.000000:1.000000)|price[constant_price:P(x)=t_0+H_C(B(mu_X(x)))[w_L+Delta_T mu_X(x)]+0.0]|atoms[positive_entry_plateau@0.47054924:mH=1.00000000:mL=1.00000000:mu=0.50000000:preimage=(('-inf', 'inf'),)]|prep[cost_threshold_at_price_information:nonatom_price:B(mu_P)>=1.0/c_L=prepare;nonatom_price:B(mu_P)<1.0/c_L=stay_out;nonatom_price:B(mu_P)>=6.0/c_H=prepare;nonatom_price:B(mu_P)<6.0/c_H=stay_out;price_atom[0]/c_L=prepare;price_atom[0]/c_H=stay_out]|posterior[mu_P=pooled Bayes posterior on each atom; invert P(mu) on nonatom positive-entry prices]",h=10|ell=1|p=0.5|rho=0.25|c_L=1|c_H=6|b=2|k=0.02|r=1.65|noise=Laplace|cost=atoms|cost_halfwidth=0|prior_H=0.5|value_law=binary|eps_V=0
1.65,mixed_mesh_0.05,H,0,0.0,1.0,0.0,0.0,0.0,true,converged-pure (stalled; support solve pruned_to_pure),S1_uniform_v0.5,0.05,65,stalled,0.004110447379581401,0.0,0.0,true,8.673617379884035e-19,"H mixes over the correctly signed mesh {0, m, ..., 1} at spacing 0.05; L plays a pure order -v with v in [0, 1] (OA.60 restriction, residual monotonicity checked)",converged-pure,c2:r=1.65:pooling#7,"ps[h=10|ell=1|p=0.5|rho=0.25|c_L=1|c_H=6|b=2|k=0.02|r=1.65|noise=Laplace|cost=atoms|cost_halfwidth=0|prior_H=0.5|value_law=binary|eps_V=0]|inst[reserve_auction:uniform_incumbent[0,r];sale_to_highest_admissible_at_max(p,min(R,v));bid_equal_reserve_is_admissible=yes]|info[public_price_feedback;investor_observes=fundamental_state;buyer_observes=price_only]|tie[entry_at_indifference=yes;bid_equal_reserve_is_admissible=yes;upper_plateau_enters_at_tau=M;lower_plateau_enters_at_B(m)=c_L]|qH=(0.000000:1.000000)|qL=(-0.000000:1.000000)|price[constant_price:P(x)=t_0+H_C(B(mu_X(x)))[w_L+Delta_T mu_X(x)]+0.0]|atoms[positive_entry_plateau@0.47054924:mH=1.00000000:mL=1.00000000:mu=0.50000000:preimage=(('-inf', 'inf'),)]|prep[cost_threshold_at_price_information:nonatom_price:B(mu_P)>=1.0/c_L=prepare;nonatom_price:B(mu_P)<1.0/c_L=stay_out;nonatom_price:B(mu_P)>=6.0/c_H=prepare;nonatom_price:B(mu_P)<6.0/c_H=stay_out;price_atom[0]/c_L=prepare;price_atom[0]/c_H=stay_out]|posterior[mu_P=pooled Bayes posterior on each atom; invert P(mu) on nonatom positive-entry prices]",h=10|ell=1|p=0.5|rho=0.25|c_L=1|c_H=6|b=2|k=0.02|r=1.65|noise=Laplace|cost=atoms|cost_halfwidth=0|prior_H=0.5|value_law=binary|eps_V=0
1.65,mixed_mesh_0.05,L,0,-0.0,1.0,0.0,0.0,0.0,true,converged-pure (stalled; support solve pruned_to_pure),S1_uniform_v0.5,0.05,65,stalled,0.004110447379581401,0.0,0.0,true,8.673617379884035e-19,"H mixes over the correctly signed mesh {0, m, ..., 1} at spacing 0.05; L plays a pure order -v with v in [0, 1] (OA.60 restriction, residual monotonicity checked)",converged-pure,c2:r=1.65:pooling#7,"ps[h=10|ell=1|p=0.5|rho=0.25|c_L=1|c_H=6|b=2|k=0.02|r=1.65|noise=Laplace|cost=atoms|cost_halfwidth=0|prior_H=0.5|value_law=binary|eps_V=0]|inst[reserve_auction:uniform_incumbent[0,r];sale_to_highest_admissible_at_max(p,min(R,v));bid_equal_reserve_is_admissible=yes]|info[public_price_feedback;investor_observes=fundamental_state;buyer_observes=price_only]|tie[entry_at_indifference=yes;bid_equal_reserve_is_admissible=yes;upper_plateau_enters_at_tau=M;lower_plateau_enters_at_B(m)=c_L]|qH=(0.000000:1.000000)|qL=(-0.000000:1.000000)|price[constant_price:P(x)=t_0+H_C(B(mu_X(x)))[w_L+Delta_T mu_X(x)]+0.0]|atoms[positive_entry_plateau@0.47054924:mH=1.00000000:mL=1.00000000:mu=0.50000000:preimage=(('-inf', 'inf'),)]|prep[cost_threshold_at_price_information:nonatom_price:B(mu_P)>=1.0/c_L=prepare;nonatom_price:B(mu_P)<1.0/c_L=stay_out;nonatom_price:B(mu_P)>=6.0/c_H=prepare;nonatom_price:B(mu_P)<6.0/c_H=stay_out;price_atom[0]/c_L=prepare;price_atom[0]/c_H=stay_out]|posterior[mu_P=pooled Bayes posterior on each atom; invert P(mu) on nonatom positive-entry prices]",h=10|ell=1|p=0.5|rho=0.25|c_L=1|c_H=6|b=2|k=0.02|r=1.65|noise=Laplace|cost=atoms|cost_halfwidth=0|prior_H=0.5|value_law=binary|eps_V=0
1.65,mixed_mesh_0.05,H,0,1.0,1.0,0.009130198042247583,0.0,3.469446951953614e-18,true,converged-pure (budget_exhausted; support solve pruned_to_pure),S2_mass_near_1_v0.9,0.05,120,budget_exhausted,0.002384093775464932,3.469446951953614e-18,0.0,true,4.9468520169792485e-18,"H mixes over the correctly signed mesh {0, m, ..., 1} at spacing 0.05; L plays a pure order -v with v in [0, 1] (OA.60 restriction, residual monotonicity checked)",converged-pure,c2:r=1.65:asymmetric#8,"ps[h=10|ell=1|p=0.5|rho=0.25|c_L=1|c_H=6|b=2|k=0.02|r=1.65|noise=Laplace|cost=atoms|cost_halfwidth=0|prior_H=0.5|value_law=binary|eps_V=0]|inst[reserve_auction:uniform_incumbent[0,r];sale_to_highest_admissible_at_max(p,min(R,v));bid_equal_reserve_is_admissible=yes]|info[public_price_feedback;investor_observes=fundamental_state;buyer_observes=price_only]|tie[entry_at_indifference=yes;bid_equal_reserve_is_admissible=yes;upper_plateau_enters_at_tau=M;lower_plateau_enters_at_B(m)=c_L]|qH=(1.000000:1.000000)|qL=(-0.903332:1.000000)|price[benchmark_inversion:P(x)=t_0+H_C(B(mu_X(x)))[w_L+Delta_T mu_X(x)]+0.0]|atoms[positive_entry_plateau@0.46346116:mH=0.19304862:mL=0.50000000:mu=0.27854989:preimage=(('-inf', '-0.903332'),);positive_entry_plateau@0.86509475:mH=0.50000000:mL=0.19304862:mu=0.72145011:preimage=(('1.000000', 'inf'),)]|prep[cost_threshold_at_price_information:nonatom_price:B(mu_P)>=1.0/c_L=prepare;nonatom_price:B(mu_P)<1.0/c_L=stay_out;nonatom_price:B(mu_P)>=6.0/c_H=prepare;nonatom_price:B(mu_P)<6.0/c_H=stay_out;price_atom[0]/c_L=prepare;price_atom[0]/c_H=stay_out;price_atom[1]/c_L=prepare;price_atom[1]/c_H=prepare]|posterior[mu_P=pooled Bayes posterior on each atom; invert P(mu) on nonatom positive-entry prices]",h=10|ell=1|p=0.5|rho=0.25|c_L=1|c_H=6|b=2|k=0.02|r=1.65|noise=Laplace|cost=atoms|cost_halfwidth=0|prior_H=0.5|value_law=binary|eps_V=0
1.65,mixed_mesh_0.05,L,0,-0.9033320704831304,1.0,0.008247600701424534,0.0,-5.41783682500574e-09,true,converged-pure (budget_exhausted; support solve pruned_to_pure),S2_mass_near_1_v0.9,0.05,120,budget_exhausted,0.002384093775464932,-5.41783682500574e-09,0.0,true,4.9468520169792485e-18,"H mixes over the correctly signed mesh {0, m, ..., 1} at spacing 0.05; L plays a pure order -v with v in [0, 1] (OA.60 restriction, residual monotonicity checked)",converged-pure,c2:r=1.65:asymmetric#8,"ps[h=10|ell=1|p=0.5|rho=0.25|c_L=1|c_H=6|b=2|k=0.02|r=1.65|noise=Laplace|cost=atoms|cost_halfwidth=0|prior_H=0.5|value_law=binary|eps_V=0]|inst[reserve_auction:uniform_incumbent[0,r];sale_to_highest_admissible_at_max(p,min(R,v));bid_equal_reserve_is_admissible=yes]|info[public_price_feedback;investor_observes=fundamental_state;buyer_observes=price_only]|tie[entry_at_indifference=yes;bid_equal_reserve_is_admissible=yes;upper_plateau_enters_at_tau=M;lower_plateau_enters_at_B(m)=c_L]|qH=(1.000000:1.000000)|qL=(-0.903332:1.000000)|price[benchmark_inversion:P(x)=t_0+H_C(B(mu_X(x)))[w_L+Delta_T mu_X(x)]+0.0]|atoms[positive_entry_plateau@0.46346116:mH=0.19304862:mL=0.50000000:mu=0.27854989:preimage=(('-inf', '-0.903332'),);positive_entry_plateau@0.86509475:mH=0.50000000:mL=0.19304862:mu=0.72145011:preimage=(('1.000000', 'inf'),)]|prep[cost_threshold_at_price_information:nonatom_price:B(mu_P)>=1.0/c_L=prepare;nonatom_price:B(mu_P)<1.0/c_L=stay_out;nonatom_price:B(mu_P)>=6.0/c_H=prepare;nonatom_price:B(mu_P)<6.0/c_H=stay_out;price_atom[0]/c_L=prepare;price_atom[0]/c_H=stay_out;price_atom[1]/c_L=prepare;price_atom[1]/c_H=prepare]|posterior[mu_P=pooled Bayes posterior on each atom; invert P(mu) on nonatom positive-entry prices]",h=10|ell=1|p=0.5|rho=0.25|c_L=1|c_H=6|b=2|k=0.02|r=1.65|noise=Laplace|cost=atoms|cost_halfwidth=0|prior_H=0.5|value_law=binary|eps_V=0
1.65,mixed_mesh_0.05,H,0,0.0,1.0,0.0,0.0,0.0,true,converged-pure (budget_exhausted; support solve pruned_to_pure),S3_mass_near_0_v0.1,0.05,120,budget_exhausted,0.001600894182196607,0.0,0.0,true,8.673617379884035e-19,"H mixes over the correctly signed mesh {0, m, ..., 1} at spacing 0.05; L plays a pure order -v with v in [0, 1] (OA.60 restriction, residual monotonicity checked)",converged-pure,c2:r=1.65:pooling#9,"ps[h=10|ell=1|p=0.5|rho=0.25|c_L=1|c_H=6|b=2|k=0.02|r=1.65|noise=Laplace|cost=atoms|cost_halfwidth=0|prior_H=0.5|value_law=binary|eps_V=0]|inst[reserve_auction:uniform_incumbent[0,r];sale_to_highest_admissible_at_max(p,min(R,v));bid_equal_reserve_is_admissible=yes]|info[public_price_feedback;investor_observes=fundamental_state;buyer_observes=price_only]|tie[entry_at_indifference=yes;bid_equal_reserve_is_admissible=yes;upper_plateau_enters_at_tau=M;lower_plateau_enters_at_B(m)=c_L]|qH=(0.000000:1.000000)|qL=(-0.000000:1.000000)|price[constant_price:P(x)=t_0+H_C(B(mu_X(x)))[w_L+Delta_T mu_X(x)]+0.0]|atoms[positive_entry_plateau@0.47054924:mH=1.00000000:mL=1.00000000:mu=0.50000000:preimage=(('-inf', 'inf'),)]|prep[cost_threshold_at_price_information:nonatom_price:B(mu_P)>=1.0/c_L=prepare;nonatom_price:B(mu_P)<1.0/c_L=stay_out;nonatom_price:B(mu_P)>=6.0/c_H=prepare;nonatom_price:B(mu_P)<6.0/c_H=stay_out;price_atom[0]/c_L=prepare;price_atom[0]/c_H=stay_out]|posterior[mu_P=pooled Bayes posterior on each atom; invert P(mu) on nonatom positive-entry prices]",h=10|ell=1|p=0.5|rho=0.25|c_L=1|c_H=6|b=2|k=0.02|r=1.65|noise=Laplace|cost=atoms|cost_halfwidth=0|prior_H=0.5|value_law=binary|eps_V=0
1.65,mixed_mesh_0.05,L,0,-0.0,1.0,0.0,0.0,0.0,true,converged-pure (budget_exhausted; support solve pruned_to_pure),S3_mass_near_0_v0.1,0.05,120,budget_exhausted,0.001600894182196607,0.0,0.0,true,8.673617379884035e-19,"H mixes over the correctly signed mesh {0, m, ..., 1} at spacing 0.05; L plays a pure order -v with v in [0, 1] (OA.60 restriction, residual monotonicity checked)",converged-pure,c2:r=1.65:pooling#9,"ps[h=10|ell=1|p=0.5|rho=0.25|c_L=1|c_H=6|b=2|k=0.02|r=1.65|noise=Laplace|cost=atoms|cost_halfwidth=0|prior_H=0.5|value_law=binary|eps_V=0]|inst[reserve_auction:uniform_incumbent[0,r];sale_to_highest_admissible_at_max(p,min(R,v));bid_equal_reserve_is_admissible=yes]|info[public_price_feedback;investor_observes=fundamental_state;buyer_observes=price_only]|tie[entry_at_indifference=yes;bid_equal_reserve_is_admissible=yes;upper_plateau_enters_at_tau=M;lower_plateau_enters_at_B(m)=c_L]|qH=(0.000000:1.000000)|qL=(-0.000000:1.000000)|price[constant_price:P(x)=t_0+H_C(B(mu_X(x)))[w_L+Delta_T mu_X(x)]+0.0]|atoms[positive_entry_plateau@0.47054924:mH=1.00000000:mL=1.00000000:mu=0.50000000:preimage=(('-inf', 'inf'),)]|prep[cost_threshold_at_price_information:nonatom_price:B(mu_P)>=1.0/c_L=prepare;nonatom_price:B(mu_P)<1.0/c_L=stay_out;nonatom_price:B(mu_P)>=6.0/c_H=prepare;nonatom_price:B(mu_P)<6.0/c_H=stay_out;price_atom[0]/c_L=prepare;price_atom[0]/c_H=stay_out]|posterior[mu_P=pooled Bayes posterior on each atom; invert P(mu) on nonatom positive-entry prices]",h=10|ell=1|p=0.5|rho=0.25|c_L=1|c_H=6|b=2|k=0.02|r=1.65|noise=Laplace|cost=atoms|cost_halfwidth=0|prior_H=0.5|value_law=binary|eps_V=0
1.8,mixed_mesh_0.025,H,0,0.4988987052778532,1.0,0.0005320738289030114,0.0,-2.2691240657291e-09,true,converged-pure (budget_exhausted; support solve pruned_to_pure),S1_uniform_v0.5,0.025,120,budget_exhausted,0.0005311778175935093,-2.2691240657291e-09,0.0,true,1.734723475976807e-18,"H mixes over the correctly signed mesh {0, m, ..., 1} at spacing 0.025; L plays a pure order -v with v in [0, 1] (OA.60 restriction, residual monotonicity checked)",converged-pure,c2:r=1.8:symmetric_interior#9,"ps[h=10|ell=1|p=0.5|rho=0.25|c_L=1|c_H=6|b=2|k=0.02|r=1.8|noise=Laplace|cost=atoms|cost_halfwidth=0|prior_H=0.5|value_law=binary|eps_V=0]|inst[reserve_auction:uniform_incumbent[0,r];sale_to_highest_admissible_at_max(p,min(R,v));bid_equal_reserve_is_admissible=yes]|info[public_price_feedback;investor_observes=fundamental_state;buyer_observes=price_only]|tie[entry_at_indifference=yes;bid_equal_reserve_is_admissible=yes;upper_plateau_enters_at_tau=M;lower_plateau_enters_at_B(m)=c_L]|qH=(0.498899:1.000000)|qL=(-0.498898:1.000000)|price[benchmark_inversion:P(x)=t_0+H_C(B(mu_X(x)))[w_L+Delta_T mu_X(x)]+0.0]|atoms[positive_entry_plateau@0.48554109:mH=0.30359955:mL=0.50000000:mu=0.37779955:preimage=(('-inf', '-0.498898'),);positive_entry_plateau@0.49640335:mH=0.50000000:mL=0.30359955:mu=0.62220045:preimage=(('0.498899', 'inf'),)]|prep[cost_threshold_at_price_information:nonatom_price:B(mu_P)>=1.0/c_L=prepare;nonatom_price:B(mu_P)<1.0/c_L=stay_out;nonatom_price:B(mu_P)>=6.0/c_H=prepare;nonatom_price:B(mu_P)<6.0/c_H=stay_out;price_atom[0]/c_L=prepare;price_atom[0]/c_H=stay_out;price_atom[1]/c_L=prepare;price_atom[1]/c_H=stay_out]|posterior[mu_P=pooled Bayes posterior on each atom; invert P(mu) on nonatom positive-entry prices]",h=10|ell=1|p=0.5|rho=0.25|c_L=1|c_H=6|b=2|k=0.02|r=1.8|noise=Laplace|cost=atoms|cost_halfwidth=0|prior_H=0.5|value_law=binary|eps_V=0
1.8,mixed_mesh_0.025,L,0,-0.4988983461608738,1.0,0.0005320734459059364,0.0,-2.2697583222652806e-09,true,converged-pure (budget_exhausted; support solve pruned_to_pure),S1_uniform_v0.5,0.025,120,budget_exhausted,0.0005311778175935093,-2.2697583222652806e-09,0.0,true,1.734723475976807e-18,"H mixes over the correctly signed mesh {0, m, ..., 1} at spacing 0.025; L plays a pure order -v with v in [0, 1] (OA.60 restriction, residual monotonicity checked)",converged-pure,c2:r=1.8:symmetric_interior#9,"ps[h=10|ell=1|p=0.5|rho=0.25|c_L=1|c_H=6|b=2|k=0.02|r=1.8|noise=Laplace|cost=atoms|cost_halfwidth=0|prior_H=0.5|value_law=binary|eps_V=0]|inst[reserve_auction:uniform_incumbent[0,r];sale_to_highest_admissible_at_max(p,min(R,v));bid_equal_reserve_is_admissible=yes]|info[public_price_feedback;investor_observes=fundamental_state;buyer_observes=price_only]|tie[entry_at_indifference=yes;bid_equal_reserve_is_admissible=yes;upper_plateau_enters_at_tau=M;lower_plateau_enters_at_B(m)=c_L]|qH=(0.498899:1.000000)|qL=(-0.498898:1.000000)|price[benchmark_inversion:P(x)=t_0+H_C(B(mu_X(x)))[w_L+Delta_T mu_X(x)]+0.0]|atoms[positive_entry_plateau@0.48554109:mH=0.30359955:mL=0.50000000:mu=0.37779955:preimage=(('-inf', '-0.498898'),);positive_entry_plateau@0.49640335:mH=0.50000000:mL=0.30359955:mu=0.62220045:preimage=(('0.498899', 'inf'),)]|prep[cost_threshold_at_price_information:nonatom_price:B(mu_P)>=1.0/c_L=prepare;nonatom_price:B(mu_P)<1.0/c_L=stay_out;nonatom_price:B(mu_P)>=6.0/c_H=prepare;nonatom_price:B(mu_P)<6.0/c_H=stay_out;price_atom[0]/c_L=prepare;price_atom[0]/c_H=stay_out;price_atom[1]/c_L=prepare;price_atom[1]/c_H=stay_out]|posterior[mu_P=pooled Bayes posterior on each atom; invert P(mu) on nonatom positive-entry prices]",h=10|ell=1|p=0.5|rho=0.25|c_L=1|c_H=6|b=2|k=0.02|r=1.8|noise=Laplace|cost=atoms|cost_halfwidth=0|prior_H=0.5|value_law=binary|eps_V=0
1.8,mixed_mesh_0.025,H,0,1.0,1.0,0.019633658372657365,0.0,0.0,true,converged-pure (budget_exhausted; support solve pruned_to_pure),S2_mass_near_1_v0.9,0.025,120,budget_exhausted,0.002343284819551924,0.0,0.0,true,9.211381657436847e-18,"H mixes over the correctly signed mesh {0, m, ..., 1} at spacing 0.025; L plays a pure order -v with v in [0, 1] (OA.60 restriction, residual monotonicity checked)",converged-pure,c2:r=1.8:full_orders#10,"ps[h=10|ell=1|p=0.5|rho=0.25|c_L=1|c_H=6|b=2|k=0.02|r=1.8|noise=Laplace|cost=atoms|cost_halfwidth=0|prior_H=0.5|value_law=binary|eps_V=0]|inst[reserve_auction:uniform_incumbent[0,r];sale_to_highest_admissible_at_max(p,min(R,v));bid_equal_reserve_is_admissible=yes]|info[public_price_feedback;investor_observes=fundamental_state;buyer_observes=price_only]|tie[entry_at_indifference=yes;bid_equal_reserve_is_admissible=yes;upper_plateau_enters_at_tau=M;lower_plateau_enters_at_B(m)=c_L]|qH=(1.000000:1.000000)|qL=(-1.000000:1.000000)|price[benchmark_inversion:P(x)=t_0+H_C(B(mu_X(x)))[w_L+Delta_T mu_X(x)]+0.0]|atoms[positive_entry_plateau@0.48070295:mH=0.18393972:mL=0.50000000:mu=0.26894142:preimage=(('-inf', '-1.000000'),);positive_entry_plateau@0.92163264:mH=0.50000000:mL=0.18393972:mu=0.73105858:preimage=(('1.000000', 'inf'),)]|prep[cost_threshold_at_price_information:nonatom_price:B(mu_P)>=1.0/c_L=prepare;nonatom_price:B(mu_P)<1.0/c_L=stay_out;nonatom_price:B(mu_P)>=6.0/c_H=prepare;nonatom_price:B(mu_P)<6.0/c_H=stay_out;price_atom[0]/c_L=prepare;price_atom[0]/c_H=stay_out;price_atom[1]/c_L=prepare;price_atom[1]/c_H=prepare]|posterior[mu_P=pooled Bayes posterior on each atom; invert P(mu) on nonatom positive-entry prices]",h=10|ell=1|p=0.5|rho=0.25|c_L=1|c_H=6|b=2|k=0.02|r=1.8|noise=Laplace|cost=atoms|cost_halfwidth=0|prior_H=0.5|value_law=binary|eps_V=0
1.8,mixed_mesh_0.025,L,0,-1.0,1.0,0.019633658372657365,0.0,0.0,true,converged-pure (budget_exhausted; support solve pruned_to_pure),S2_mass_near_1_v0.9,0.025,120,budget_exhausted,0.002343284819551924,0.0,0.0,true,9.211381657436847e-18,"H mixes over the correctly signed mesh {0, m, ..., 1} at spacing 0.025; L plays a pure order -v with v in [0, 1] (OA.60 restriction, residual monotonicity checked)",converged-pure,c2:r=1.8:full_orders#10,"ps[h=10|ell=1|p=0.5|rho=0.25|c_L=1|c_H=6|b=2|k=0.02|r=1.8|noise=Laplace|cost=atoms|cost_halfwidth=0|prior_H=0.5|value_law=binary|eps_V=0]|inst[reserve_auction:uniform_incumbent[0,r];sale_to_highest_admissible_at_max(p,min(R,v));bid_equal_reserve_is_admissible=yes]|info[public_price_feedback;investor_observes=fundamental_state;buyer_observes=price_only]|tie[entry_at_indifference=yes;bid_equal_reserve_is_admissible=yes;upper_plateau_enters_at_tau=M;lower_plateau_enters_at_B(m)=c_L]|qH=(1.000000:1.000000)|qL=(-1.000000:1.000000)|price[benchmark_inversion:P(x)=t_0+H_C(B(mu_X(x)))[w_L+Delta_T mu_X(x)]+0.0]|atoms[positive_entry_plateau@0.48070295:mH=0.18393972:mL=0.50000000:mu=0.26894142:preimage=(('-inf', '-1.000000'),);positive_entry_plateau@0.92163264:mH=0.50000000:mL=0.18393972:mu=0.73105858:preimage=(('1.000000', 'inf'),)]|prep[cost_threshold_at_price_information:nonatom_price:B(mu_P)>=1.0/c_L=prepare;nonatom_price:B(mu_P)<1.0/c_L=stay_out;nonatom_price:B(mu_P)>=6.0/c_H=prepare;nonatom_price:B(mu_P)<6.0/c_H=stay_out;price_atom[0]/c_L=prepare;price_atom[0]/c_H=stay_out;price_atom[1]/c_L=prepare;price_atom[1]/c_H=prepare]|posterior[mu_P=pooled Bayes posterior on each atom; invert P(mu) on nonatom positive-entry prices]",h=10|ell=1|p=0.5|rho=0.25|c_L=1|c_H=6|b=2|k=0.02|r=1.8|noise=Laplace|cost=atoms|cost_halfwidth=0|prior_H=0.5|value_law=binary|eps_V=0
1.8,mixed_mesh_0.025,H,0,0.35,1.0,0.00041783913264181564,0.0,3.189988332457684e-05,false,unresolved (budget_exhausted; support solve pure_polish_unresolved),S3_mass_near_0_v0.1,0.025,120,budget_exhausted,0.0003382660760141362,3.189988332457684e-05,0.0,true,n/a,"H mixes over the correctly signed mesh {0, m, ..., 1} at spacing 0.025; L plays a pure order -v with v in [0, 1] (OA.60 restriction, residual monotonicity checked)",unresolved,n/a,n/a,n/a
1.8,mixed_mesh_0.025,L,0,-0.5856534928172188,1.0,0.0006991684213354162,0.0,2.42861286636753e-17,false,unresolved (budget_exhausted; support solve pure_polish_unresolved),S3_mass_near_0_v0.1,0.025,120,budget_exhausted,0.0003382660760141362,2.42861286636753e-17,0.0,true,n/a,"H mixes over the correctly signed mesh {0, m, ..., 1} at spacing 0.025; L plays a pure order -v with v in [0, 1] (OA.60 restriction, residual monotonicity checked)",unresolved,n/a,n/a,n/a
1.8,mixed_mesh_0.05,H,0,0.4988986647650979,1.0,0.000532073790000932,0.0,-2.269182567543604e-09,true,converged-pure (budget_exhausted; support solve pruned_to_pure),S1_uniform_v0.5,0.05,120,budget_exhausted,0.0005312679380990778,-2.269182567543604e-09,0.0,true,2.1467203015212985e-18,"H mixes over the correctly signed mesh {0, m, ..., 1} at spacing 0.05; L plays a pure order -v with v in [0, 1] (OA.60 restriction, residual monotonicity checked)",converged-pure,c2:r=1.8:symmetric_interior#7,"ps[h=10|ell=1|p=0.5|rho=0.25|c_L=1|c_H=6|b=2|k=0.02|r=1.8|noise=Laplace|cost=atoms|cost_halfwidth=0|prior_H=0.5|value_law=binary|eps_V=0]|inst[reserve_auction:uniform_incumbent[0,r];sale_to_highest_admissible_at_max(p,min(R,v));bid_equal_reserve_is_admissible=yes]|info[public_price_feedback;investor_observes=fundamental_state;buyer_observes=price_only]|tie[entry_at_indifference=yes;bid_equal_reserve_is_admissible=yes;upper_plateau_enters_at_tau=M;lower_plateau_enters_at_B(m)=c_L]|qH=(0.498899:1.000000)|qL=(-0.498898:1.000000)|price[benchmark_inversion:P(x)=t_0+H_C(B(mu_X(x)))[w_L+Delta_T mu_X(x)]+0.0]|atoms[positive_entry_plateau@0.48554109:mH=0.30359955:mL=0.50000000:mu=0.37779955:preimage=(('-inf', '-0.498898'),);positive_entry_plateau@0.49640335:mH=0.50000000:mL=0.30359955:mu=0.62220045:preimage=(('0.498899', 'inf'),)]|prep[cost_threshold_at_price_information:nonatom_price:B(mu_P)>=1.0/c_L=prepare;nonatom_price:B(mu_P)<1.0/c_L=stay_out;nonatom_price:B(mu_P)>=6.0/c_H=prepare;nonatom_price:B(mu_P)<6.0/c_H=stay_out;price_atom[0]/c_L=prepare;price_atom[0]/c_H=stay_out;price_atom[1]/c_L=prepare;price_atom[1]/c_H=stay_out]|posterior[mu_P=pooled Bayes posterior on each atom; invert P(mu) on nonatom positive-entry prices]",h=10|ell=1|p=0.5|rho=0.25|c_L=1|c_H=6|b=2|k=0.02|r=1.8|noise=Laplace|cost=atoms|cost_halfwidth=0|prior_H=0.5|value_law=binary|eps_V=0
1.8,mixed_mesh_0.05,L,0,-0.4988983825547014,1.0,0.0005320734890244747,0.0,-2.269680993496892e-09,true,converged-pure (budget_exhausted; support solve pruned_to_pure),S1_uniform_v0.5,0.05,120,budget_exhausted,0.0005312679380990778,-2.269680993496892e-09,0.0,true,2.1467203015212985e-18,"H mixes over the correctly signed mesh {0, m, ..., 1} at spacing 0.05; L plays a pure order -v with v in [0, 1] (OA.60 restriction, residual monotonicity checked)",converged-pure,c2:r=1.8:symmetric_interior#7,"ps[h=10|ell=1|p=0.5|rho=0.25|c_L=1|c_H=6|b=2|k=0.02|r=1.8|noise=Laplace|cost=atoms|cost_halfwidth=0|prior_H=0.5|value_law=binary|eps_V=0]|inst[reserve_auction:uniform_incumbent[0,r];sale_to_highest_admissible_at_max(p,min(R,v));bid_equal_reserve_is_admissible=yes]|info[public_price_feedback;investor_observes=fundamental_state;buyer_observes=price_only]|tie[entry_at_indifference=yes;bid_equal_reserve_is_admissible=yes;upper_plateau_enters_at_tau=M;lower_plateau_enters_at_B(m)=c_L]|qH=(0.498899:1.000000)|qL=(-0.498898:1.000000)|price[benchmark_inversion:P(x)=t_0+H_C(B(mu_X(x)))[w_L+Delta_T mu_X(x)]+0.0]|atoms[positive_entry_plateau@0.48554109:mH=0.30359955:mL=0.50000000:mu=0.37779955:preimage=(('-inf', '-0.498898'),);positive_entry_plateau@0.49640335:mH=0.50000000:mL=0.30359955:mu=0.62220045:preimage=(('0.498899', 'inf'),)]|prep[cost_threshold_at_price_information:nonatom_price:B(mu_P)>=1.0/c_L=prepare;nonatom_price:B(mu_P)<1.0/c_L=stay_out;nonatom_price:B(mu_P)>=6.0/c_H=prepare;nonatom_price:B(mu_P)<6.0/c_H=stay_out;price_atom[0]/c_L=prepare;price_atom[0]/c_H=stay_out;price_atom[1]/c_L=prepare;price_atom[1]/c_H=stay_out]|posterior[mu_P=pooled Bayes posterior on each atom; invert P(mu) on nonatom positive-entry prices]",h=10|ell=1|p=0.5|rho=0.25|c_L=1|c_H=6|b=2|k=0.02|r=1.8|noise=Laplace|cost=atoms|cost_halfwidth=0|prior_H=0.5|value_law=binary|eps_V=0
1.8,mixed_mesh_0.05,H,0,1.0,1.0,0.019633658372657365,0.0,0.0,true,converged-pure (stalled; support solve pruned_to_pure),S2_mass_near_1_v0.9,0.05,92,stalled,0.003491186158599339,0.0,0.0,true,9.211381657436847e-18,"H mixes over the correctly signed mesh {0, m, ..., 1} at spacing 0.05; L plays a pure order -v with v in [0, 1] (OA.60 restriction, residual monotonicity checked)",converged-pure,c2:r=1.8:full_orders#8,"ps[h=10|ell=1|p=0.5|rho=0.25|c_L=1|c_H=6|b=2|k=0.02|r=1.8|noise=Laplace|cost=atoms|cost_halfwidth=0|prior_H=0.5|value_law=binary|eps_V=0]|inst[reserve_auction:uniform_incumbent[0,r];sale_to_highest_admissible_at_max(p,min(R,v));bid_equal_reserve_is_admissible=yes]|info[public_price_feedback;investor_observes=fundamental_state;buyer_observes=price_only]|tie[entry_at_indifference=yes;bid_equal_reserve_is_admissible=yes;upper_plateau_enters_at_tau=M;lower_plateau_enters_at_B(m)=c_L]|qH=(1.000000:1.000000)|qL=(-1.000000:1.000000)|price[benchmark_inversion:P(x)=t_0+H_C(B(mu_X(x)))[w_L+Delta_T mu_X(x)]+0.0]|atoms[positive_entry_plateau@0.48070295:mH=0.18393972:mL=0.50000000:mu=0.26894142:preimage=(('-inf', '-1.000000'),);positive_entry_plateau@0.92163264:mH=0.50000000:mL=0.18393972:mu=0.73105858:preimage=(('1.000000', 'inf'),)]|prep[cost_threshold_at_price_information:nonatom_price:B(mu_P)>=1.0/c_L=prepare;nonatom_price:B(mu_P)<1.0/c_L=stay_out;nonatom_price:B(mu_P)>=6.0/c_H=prepare;nonatom_price:B(mu_P)<6.0/c_H=stay_out;price_atom[0]/c_L=prepare;price_atom[0]/c_H=stay_out;price_atom[1]/c_L=prepare;price_atom[1]/c_H=prepare]|posterior[mu_P=pooled Bayes posterior on each atom; invert P(mu) on nonatom positive-entry prices]",h=10|ell=1|p=0.5|rho=0.25|c_L=1|c_H=6|b=2|k=0.02|r=1.8|noise=Laplace|cost=atoms|cost_halfwidth=0|prior_H=0.5|value_law=binary|eps_V=0
1.8,mixed_mesh_0.05,L,0,-1.0,1.0,0.019633658372657365,0.0,0.0,true,converged-pure (stalled; support solve pruned_to_pure),S2_mass_near_1_v0.9,0.05,92,stalled,0.003491186158599339,0.0,0.0,true,9.211381657436847e-18,"H mixes over the correctly signed mesh {0, m, ..., 1} at spacing 0.05; L plays a pure order -v with v in [0, 1] (OA.60 restriction, residual monotonicity checked)",converged-pure,c2:r=1.8:full_orders#8,"ps[h=10|ell=1|p=0.5|rho=0.25|c_L=1|c_H=6|b=2|k=0.02|r=1.8|noise=Laplace|cost=atoms|cost_halfwidth=0|prior_H=0.5|value_law=binary|eps_V=0]|inst[reserve_auction:uniform_incumbent[0,r];sale_to_highest_admissible_at_max(p,min(R,v));bid_equal_reserve_is_admissible=yes]|info[public_price_feedback;investor_observes=fundamental_state;buyer_observes=price_only]|tie[entry_at_indifference=yes;bid_equal_reserve_is_admissible=yes;upper_plateau_enters_at_tau=M;lower_plateau_enters_at_B(m)=c_L]|qH=(1.000000:1.000000)|qL=(-1.000000:1.000000)|price[benchmark_inversion:P(x)=t_0+H_C(B(mu_X(x)))[w_L+Delta_T mu_X(x)]+0.0]|atoms[positive_entry_plateau@0.48070295:mH=0.18393972:mL=0.50000000:mu=0.26894142:preimage=(('-inf', '-1.000000'),);positive_entry_plateau@0.92163264:mH=0.50000000:mL=0.18393972:mu=0.73105858:preimage=(('1.000000', 'inf'),)]|prep[cost_threshold_at_price_information:nonatom_price:B(mu_P)>=1.0/c_L=prepare;nonatom_price:B(mu_P)<1.0/c_L=stay_out;nonatom_price:B(mu_P)>=6.0/c_H=prepare;nonatom_price:B(mu_P)<6.0/c_H=stay_out;price_atom[0]/c_L=prepare;price_atom[0]/c_H=stay_out;price_atom[1]/c_L=prepare;price_atom[1]/c_H=prepare]|posterior[mu_P=pooled Bayes posterior on each atom; invert P(mu) on nonatom positive-entry prices]",h=10|ell=1|p=0.5|rho=0.25|c_L=1|c_H=6|b=2|k=0.02|r=1.8|noise=Laplace|cost=atoms|cost_halfwidth=0|prior_H=0.5|value_law=binary|eps_V=0
1.8,mixed_mesh_0.05,H,0,0.35,1.0,0.00041783917059583144,0.0,3.178251034431558e-05,false,unresolved (budget_exhausted; support solve pure_polish_unresolved),S3_mass_near_0_v0.1,0.05,120,budget_exhausted,0.0003347629170840725,3.178251034431558e-05,0.0,true,n/a,"H mixes over the correctly signed mesh {0, m, ..., 1} at spacing 0.05; L plays a pure order -v with v in [0, 1] (OA.60 restriction, residual monotonicity checked)",unresolved,n/a,n/a,n/a
1.8,mixed_mesh_0.05,L,0,-0.5856534386602861,1.0,0.0006991684201897441,0.0,3.469446951953614e-18,false,unresolved (budget_exhausted; support solve pure_polish_unresolved),S3_mass_near_0_v0.1,0.05,120,budget_exhausted,0.0003347629170840725,3.469446951953614e-18,0.0,true,n/a,"H mixes over the correctly signed mesh {0, m, ..., 1} at spacing 0.05; L plays a pure order -v with v in [0, 1] (OA.60 restriction, residual monotonicity checked)",unresolved,n/a,n/a,n/a
2.5,mixed_mesh_0.025,H,0,1.0,1.0,0.07730387038859111,0.0,1.3877787807814457e-17,true,converged-pure (stalled; support solve pruned_to_pure),S1_uniform_v0.5,0.025,88,stalled,0.004436099734450222,1.3877787807814457e-17,0.0,true,2.2516710718178957e-17,"H mixes over the correctly signed mesh {0, m, ..., 1} at spacing 0.025; L plays a pure order -v with v in [0, 1] (OA.60 restriction, residual monotonicity checked)",converged-pure,c2:r=2.5:full_orders#8,"ps[h=10|ell=1|p=0.5|rho=0.25|c_L=1|c_H=6|b=2|k=0.02|r=2.5|noise=Laplace|cost=atoms|cost_halfwidth=0|prior_H=0.5|value_law=binary|eps_V=0]|inst[reserve_auction:uniform_incumbent[0,r];sale_to_highest_admissible_at_max(p,min(R,v));bid_equal_reserve_is_admissible=yes]|info[public_price_feedback;investor_observes=fundamental_state;buyer_observes=price_only]|tie[entry_at_indifference=yes;bid_equal_reserve_is_admissible=yes;upper_plateau_enters_at_tau=M;lower_plateau_enters_at_B(m)=c_L]|qH=(1.000000:1.000000)|qL=(-1.000000:1.000000)|price[benchmark_inversion:P(x)=t_0+H_C(B(mu_X(x)))[w_L+Delta_T mu_X(x)]+0.0]|atoms[positive_entry_plateau@0.54275591:mH=0.18393972:mL=0.50000000:mu=0.26894142:preimage=(('-inf', '-1.000000'),);positive_entry_plateau@1.17897636:mH=0.50000000:mL=0.18393972:mu=0.73105858:preimage=(('1.000000', 'inf'),)]|prep[cost_threshold_at_price_information:nonatom_price:B(mu_P)>=1.0/c_L=prepare;nonatom_price:B(mu_P)<1.0/c_L=stay_out;nonatom_price:B(mu_P)>=6.0/c_H=prepare;nonatom_price:B(mu_P)<6.0/c_H=stay_out;price_atom[0]/c_L=prepare;price_atom[0]/c_H=stay_out;price_atom[1]/c_L=prepare;price_atom[1]/c_H=prepare]|posterior[mu_P=pooled Bayes posterior on each atom; invert P(mu) on nonatom positive-entry prices]",h=10|ell=1|p=0.5|rho=0.25|c_L=1|c_H=6|b=2|k=0.02|r=2.5|noise=Laplace|cost=atoms|cost_halfwidth=0|prior_H=0.5|value_law=binary|eps_V=0
2.5,mixed_mesh_0.025,L,0,-1.0,1.0,0.07730387038859114,0.0,0.0,true,converged-pure (stalled; support solve pruned_to_pure),S1_uniform_v0.5,0.025,88,stalled,0.004436099734450222,0.0,0.0,true,2.2516710718178957e-17,"H mixes over the correctly signed mesh {0, m, ..., 1} at spacing 0.025; L plays a pure order -v with v in [0, 1] (OA.60 restriction, residual monotonicity checked)",converged-pure,c2:r=2.5:full_orders#8,"ps[h=10|ell=1|p=0.5|rho=0.25|c_L=1|c_H=6|b=2|k=0.02|r=2.5|noise=Laplace|cost=atoms|cost_halfwidth=0|prior_H=0.5|value_law=binary|eps_V=0]|inst[reserve_auction:uniform_incumbent[0,r];sale_to_highest_admissible_at_max(p,min(R,v));bid_equal_reserve_is_admissible=yes]|info[public_price_feedback;investor_observes=fundamental_state;buyer_observes=price_only]|tie[entry_at_indifference=yes;bid_equal_reserve_is_admissible=yes;upper_plateau_enters_at_tau=M;lower_plateau_enters_at_B(m)=c_L]|qH=(1.000000:1.000000)|qL=(-1.000000:1.000000)|price[benchmark_inversion:P(x)=t_0+H_C(B(mu_X(x)))[w_L+Delta_T mu_X(x)]+0.0]|atoms[positive_entry_plateau@0.54275591:mH=0.18393972:mL=0.50000000:mu=0.26894142:preimage=(('-inf', '-1.000000'),);positive_entry_plateau@1.17897636:mH=0.50000000:mL=0.18393972:mu=0.73105858:preimage=(('1.000000', 'inf'),)]|prep[cost_threshold_at_price_information:nonatom_price:B(mu_P)>=1.0/c_L=prepare;nonatom_price:B(mu_P)<1.0/c_L=stay_out;nonatom_price:B(mu_P)>=6.0/c_H=prepare;nonatom_price:B(mu_P)<6.0/c_H=stay_out;price_atom[0]/c_L=prepare;price_atom[0]/c_H=stay_out;price_atom[1]/c_L=prepare;price_atom[1]/c_H=prepare]|posterior[mu_P=pooled Bayes posterior on each atom; invert P(mu) on nonatom positive-entry prices]",h=10|ell=1|p=0.5|rho=0.25|c_L=1|c_H=6|b=2|k=0.02|r=2.5|noise=Laplace|cost=atoms|cost_halfwidth=0|prior_H=0.5|value_law=binary|eps_V=0
2.5,mixed_mesh_0.025,H,0,1.0,1.0,0.07730387038859111,0.0,1.3877787807814457e-17,true,converged-pure (stalled; support solve pruned_to_pure),S2_mass_near_1_v0.9,0.025,81,stalled,0.004436100085968106,1.3877787807814457e-17,0.0,true,2.2516710718178957e-17,"H mixes over the correctly signed mesh {0, m, ..., 1} at spacing 0.025; L plays a pure order -v with v in [0, 1] (OA.60 restriction, residual monotonicity checked)",converged-pure,c2:r=2.5:full_orders#9,"ps[h=10|ell=1|p=0.5|rho=0.25|c_L=1|c_H=6|b=2|k=0.02|r=2.5|noise=Laplace|cost=atoms|cost_halfwidth=0|prior_H=0.5|value_law=binary|eps_V=0]|inst[reserve_auction:uniform_incumbent[0,r];sale_to_highest_admissible_at_max(p,min(R,v));bid_equal_reserve_is_admissible=yes]|info[public_price_feedback;investor_observes=fundamental_state;buyer_observes=price_only]|tie[entry_at_indifference=yes;bid_equal_reserve_is_admissible=yes;upper_plateau_enters_at_tau=M;lower_plateau_enters_at_B(m)=c_L]|qH=(1.000000:1.000000)|qL=(-1.000000:1.000000)|price[benchmark_inversion:P(x)=t_0+H_C(B(mu_X(x)))[w_L+Delta_T mu_X(x)]+0.0]|atoms[positive_entry_plateau@0.54275591:mH=0.18393972:mL=0.50000000:mu=0.26894142:preimage=(('-inf', '-1.000000'),);positive_entry_plateau@1.17897636:mH=0.50000000:mL=0.18393972:mu=0.73105858:preimage=(('1.000000', 'inf'),)]|prep[cost_threshold_at_price_information:nonatom_price:B(mu_P)>=1.0/c_L=prepare;nonatom_price:B(mu_P)<1.0/c_L=stay_out;nonatom_price:B(mu_P)>=6.0/c_H=prepare;nonatom_price:B(mu_P)<6.0/c_H=stay_out;price_atom[0]/c_L=prepare;price_atom[0]/c_H=stay_out;price_atom[1]/c_L=prepare;price_atom[1]/c_H=prepare]|posterior[mu_P=pooled Bayes posterior on each atom; invert P(mu) on nonatom positive-entry prices]",h=10|ell=1|p=0.5|rho=0.25|c_L=1|c_H=6|b=2|k=0.02|r=2.5|noise=Laplace|cost=atoms|cost_halfwidth=0|prior_H=0.5|value_law=binary|eps_V=0
2.5,mixed_mesh_0.025,L,0,-1.0,1.0,0.07730387038859114,0.0,0.0,true,converged-pure (stalled; support solve pruned_to_pure),S2_mass_near_1_v0.9,0.025,81,stalled,0.004436100085968106,0.0,0.0,true,2.2516710718178957e-17,"H mixes over the correctly signed mesh {0, m, ..., 1} at spacing 0.025; L plays a pure order -v with v in [0, 1] (OA.60 restriction, residual monotonicity checked)",converged-pure,c2:r=2.5:full_orders#9,"ps[h=10|ell=1|p=0.5|rho=0.25|c_L=1|c_H=6|b=2|k=0.02|r=2.5|noise=Laplace|cost=atoms|cost_halfwidth=0|prior_H=0.5|value_law=binary|eps_V=0]|inst[reserve_auction:uniform_incumbent[0,r];sale_to_highest_admissible_at_max(p,min(R,v));bid_equal_reserve_is_admissible=yes]|info[public_price_feedback;investor_observes=fundamental_state;buyer_observes=price_only]|tie[entry_at_indifference=yes;bid_equal_reserve_is_admissible=yes;upper_plateau_enters_at_tau=M;lower_plateau_enters_at_B(m)=c_L]|qH=(1.000000:1.000000)|qL=(-1.000000:1.000000)|price[benchmark_inversion:P(x)=t_0+H_C(B(mu_X(x)))[w_L+Delta_T mu_X(x)]+0.0]|atoms[positive_entry_plateau@0.54275591:mH=0.18393972:mL=0.50000000:mu=0.26894142:preimage=(('-inf', '-1.000000'),);positive_entry_plateau@1.17897636:mH=0.50000000:mL=0.18393972:mu=0.73105858:preimage=(('1.000000', 'inf'),)]|prep[cost_threshold_at_price_information:nonatom_price:B(mu_P)>=1.0/c_L=prepare;nonatom_price:B(mu_P)<1.0/c_L=stay_out;nonatom_price:B(mu_P)>=6.0/c_H=prepare;nonatom_price:B(mu_P)<6.0/c_H=stay_out;price_atom[0]/c_L=prepare;price_atom[0]/c_H=stay_out;price_atom[1]/c_L=prepare;price_atom[1]/c_H=prepare]|posterior[mu_P=pooled Bayes posterior on each atom; invert P(mu) on nonatom positive-entry prices]",h=10|ell=1|p=0.5|rho=0.25|c_L=1|c_H=6|b=2|k=0.02|r=2.5|noise=Laplace|cost=atoms|cost_halfwidth=0|prior_H=0.5|value_law=binary|eps_V=0
2.5,mixed_mesh_0.025,H,0,1.0,1.0,0.07730387038859111,0.0,1.3877787807814457e-17,true,converged-pure (stalled; support solve pruned_to_pure),S3_mass_near_0_v0.1,0.025,26,stalled,0.05165602989094303,1.3877787807814457e-17,0.0,true,2.2516710718178957e-17,"H mixes over the correctly signed mesh {0, m, ..., 1} at spacing 0.025; L plays a pure order -v with v in [0, 1] (OA.60 restriction, residual monotonicity checked)",converged-pure,c2:r=2.5:full_orders#10,"ps[h=10|ell=1|p=0.5|rho=0.25|c_L=1|c_H=6|b=2|k=0.02|r=2.5|noise=Laplace|cost=atoms|cost_halfwidth=0|prior_H=0.5|value_law=binary|eps_V=0]|inst[reserve_auction:uniform_incumbent[0,r];sale_to_highest_admissible_at_max(p,min(R,v));bid_equal_reserve_is_admissible=yes]|info[public_price_feedback;investor_observes=fundamental_state;buyer_observes=price_only]|tie[entry_at_indifference=yes;bid_equal_reserve_is_admissible=yes;upper_plateau_enters_at_tau=M;lower_plateau_enters_at_B(m)=c_L]|qH=(1.000000:1.000000)|qL=(-1.000000:1.000000)|price[benchmark_inversion:P(x)=t_0+H_C(B(mu_X(x)))[w_L+Delta_T mu_X(x)]+0.0]|atoms[positive_entry_plateau@0.54275591:mH=0.18393972:mL=0.50000000:mu=0.26894142:preimage=(('-inf', '-1.000000'),);positive_entry_plateau@1.17897636:mH=0.50000000:mL=0.18393972:mu=0.73105858:preimage=(('1.000000', 'inf'),)]|prep[cost_threshold_at_price_information:nonatom_price:B(mu_P)>=1.0/c_L=prepare;nonatom_price:B(mu_P)<1.0/c_L=stay_out;nonatom_price:B(mu_P)>=6.0/c_H=prepare;nonatom_price:B(mu_P)<6.0/c_H=stay_out;price_atom[0]/c_L=prepare;price_atom[0]/c_H=stay_out;price_atom[1]/c_L=prepare;price_atom[1]/c_H=prepare]|posterior[mu_P=pooled Bayes posterior on each atom; invert P(mu) on nonatom positive-entry prices]",h=10|ell=1|p=0.5|rho=0.25|c_L=1|c_H=6|b=2|k=0.02|r=2.5|noise=Laplace|cost=atoms|cost_halfwidth=0|prior_H=0.5|value_law=binary|eps_V=0
2.5,mixed_mesh_0.025,L,0,-1.0,1.0,0.07730387038859114,0.0,0.0,true,converged-pure (stalled; support solve pruned_to_pure),S3_mass_near_0_v0.1,0.025,26,stalled,0.05165602989094303,0.0,0.0,true,2.2516710718178957e-17,"H mixes over the correctly signed mesh {0, m, ..., 1} at spacing 0.025; L plays a pure order -v with v in [0, 1] (OA.60 restriction, residual monotonicity checked)",converged-pure,c2:r=2.5:full_orders#10,"ps[h=10|ell=1|p=0.5|rho=0.25|c_L=1|c_H=6|b=2|k=0.02|r=2.5|noise=Laplace|cost=atoms|cost_halfwidth=0|prior_H=0.5|value_law=binary|eps_V=0]|inst[reserve_auction:uniform_incumbent[0,r];sale_to_highest_admissible_at_max(p,min(R,v));bid_equal_reserve_is_admissible=yes]|info[public_price_feedback;investor_observes=fundamental_state;buyer_observes=price_only]|tie[entry_at_indifference=yes;bid_equal_reserve_is_admissible=yes;upper_plateau_enters_at_tau=M;lower_plateau_enters_at_B(m)=c_L]|qH=(1.000000:1.000000)|qL=(-1.000000:1.000000)|price[benchmark_inversion:P(x)=t_0+H_C(B(mu_X(x)))[w_L+Delta_T mu_X(x)]+0.0]|atoms[positive_entry_plateau@0.54275591:mH=0.18393972:mL=0.50000000:mu=0.26894142:preimage=(('-inf', '-1.000000'),);positive_entry_plateau@1.17897636:mH=0.50000000:mL=0.18393972:mu=0.73105858:preimage=(('1.000000', 'inf'),)]|prep[cost_threshold_at_price_information:nonatom_price:B(mu_P)>=1.0/c_L=prepare;nonatom_price:B(mu_P)<1.0/c_L=stay_out;nonatom_price:B(mu_P)>=6.0/c_H=prepare;nonatom_price:B(mu_P)<6.0/c_H=stay_out;price_atom[0]/c_L=prepare;price_atom[0]/c_H=stay_out;price_atom[1]/c_L=prepare;price_atom[1]/c_H=prepare]|posterior[mu_P=pooled Bayes posterior on each atom; invert P(mu) on nonatom positive-entry prices]",h=10|ell=1|p=0.5|rho=0.25|c_L=1|c_H=6|b=2|k=0.02|r=2.5|noise=Laplace|cost=atoms|cost_halfwidth=0|prior_H=0.5|value_law=binary|eps_V=0
2.5,mixed_mesh_0.05,H,0,1.0,1.0,0.07730387038859111,0.0,1.3877787807814457e-17,true,converged-pure (stalled; support solve pruned_to_pure),S1_uniform_v0.5,0.05,73,stalled,0.004436079492305303,1.3877787807814457e-17,0.0,true,2.2516710718178957e-17,"H mixes over the correctly signed mesh {0, m, ..., 1} at spacing 0.05; L plays a pure order -v with v in [0, 1] (OA.60 restriction, residual monotonicity checked)",converged-pure,c2:r=2.5:full_orders#5,"ps[h=10|ell=1|p=0.5|rho=0.25|c_L=1|c_H=6|b=2|k=0.02|r=2.5|noise=Laplace|cost=atoms|cost_halfwidth=0|prior_H=0.5|value_law=binary|eps_V=0]|inst[reserve_auction:uniform_incumbent[0,r];sale_to_highest_admissible_at_max(p,min(R,v));bid_equal_reserve_is_admissible=yes]|info[public_price_feedback;investor_observes=fundamental_state;buyer_observes=price_only]|tie[entry_at_indifference=yes;bid_equal_reserve_is_admissible=yes;upper_plateau_enters_at_tau=M;lower_plateau_enters_at_B(m)=c_L]|qH=(1.000000:1.000000)|qL=(-1.000000:1.000000)|price[benchmark_inversion:P(x)=t_0+H_C(B(mu_X(x)))[w_L+Delta_T mu_X(x)]+0.0]|atoms[positive_entry_plateau@0.54275591:mH=0.18393972:mL=0.50000000:mu=0.26894142:preimage=(('-inf', '-1.000000'),);positive_entry_plateau@1.17897636:mH=0.50000000:mL=0.18393972:mu=0.73105858:preimage=(('1.000000', 'inf'),)]|prep[cost_threshold_at_price_information:nonatom_price:B(mu_P)>=1.0/c_L=prepare;nonatom_price:B(mu_P)<1.0/c_L=stay_out;nonatom_price:B(mu_P)>=6.0/c_H=prepare;nonatom_price:B(mu_P)<6.0/c_H=stay_out;price_atom[0]/c_L=prepare;price_atom[0]/c_H=stay_out;price_atom[1]/c_L=prepare;price_atom[1]/c_H=prepare]|posterior[mu_P=pooled Bayes posterior on each atom; invert P(mu) on nonatom positive-entry prices]",h=10|ell=1|p=0.5|rho=0.25|c_L=1|c_H=6|b=2|k=0.02|r=2.5|noise=Laplace|cost=atoms|cost_halfwidth=0|prior_H=0.5|value_law=binary|eps_V=0
2.5,mixed_mesh_0.05,L,0,-1.0,1.0,0.07730387038859114,0.0,0.0,true,converged-pure (stalled; support solve pruned_to_pure),S1_uniform_v0.5,0.05,73,stalled,0.004436079492305303,0.0,0.0,true,2.2516710718178957e-17,"H mixes over the correctly signed mesh {0, m, ..., 1} at spacing 0.05; L plays a pure order -v with v in [0, 1] (OA.60 restriction, residual monotonicity checked)",converged-pure,c2:r=2.5:full_orders#5,"ps[h=10|ell=1|p=0.5|rho=0.25|c_L=1|c_H=6|b=2|k=0.02|r=2.5|noise=Laplace|cost=atoms|cost_halfwidth=0|prior_H=0.5|value_law=binary|eps_V=0]|inst[reserve_auction:uniform_incumbent[0,r];sale_to_highest_admissible_at_max(p,min(R,v));bid_equal_reserve_is_admissible=yes]|info[public_price_feedback;investor_observes=fundamental_state;buyer_observes=price_only]|tie[entry_at_indifference=yes;bid_equal_reserve_is_admissible=yes;upper_plateau_enters_at_tau=M;lower_plateau_enters_at_B(m)=c_L]|qH=(1.000000:1.000000)|qL=(-1.000000:1.000000)|price[benchmark_inversion:P(x)=t_0+H_C(B(mu_X(x)))[w_L+Delta_T mu_X(x)]+0.0]|atoms[positive_entry_plateau@0.54275591:mH=0.18393972:mL=0.50000000:mu=0.26894142:preimage=(('-inf', '-1.000000'),);positive_entry_plateau@1.17897636:mH=0.50000000:mL=0.18393972:mu=0.73105858:preimage=(('1.000000', 'inf'),)]|prep[cost_threshold_at_price_information:nonatom_price:B(mu_P)>=1.0/c_L=prepare;nonatom_price:B(mu_P)<1.0/c_L=stay_out;nonatom_price:B(mu_P)>=6.0/c_H=prepare;nonatom_price:B(mu_P)<6.0/c_H=stay_out;price_atom[0]/c_L=prepare;price_atom[0]/c_H=stay_out;price_atom[1]/c_L=prepare;price_atom[1]/c_H=prepare]|posterior[mu_P=pooled Bayes posterior on each atom; invert P(mu) on nonatom positive-entry prices]",h=10|ell=1|p=0.5|rho=0.25|c_L=1|c_H=6|b=2|k=0.02|r=2.5|noise=Laplace|cost=atoms|cost_halfwidth=0|prior_H=0.5|value_law=binary|eps_V=0
2.5,mixed_mesh_0.05,H,0,1.0,1.0,0.07730387038859111,0.0,1.3877787807814457e-17,true,converged-pure (stalled; support solve pruned_to_pure),S2_mass_near_1_v0.9,0.05,66,stalled,0.004436079500809792,1.3877787807814457e-17,0.0,true,2.2516710718178957e-17,"H mixes over the correctly signed mesh {0, m, ..., 1} at spacing 0.05; L plays a pure order -v with v in [0, 1] (OA.60 restriction, residual monotonicity checked)",converged-pure,c2:r=2.5:full_orders#6,"ps[h=10|ell=1|p=0.5|rho=0.25|c_L=1|c_H=6|b=2|k=0.02|r=2.5|noise=Laplace|cost=atoms|cost_halfwidth=0|prior_H=0.5|value_law=binary|eps_V=0]|inst[reserve_auction:uniform_incumbent[0,r];sale_to_highest_admissible_at_max(p,min(R,v));bid_equal_reserve_is_admissible=yes]|info[public_price_feedback;investor_observes=fundamental_state;buyer_observes=price_only]|tie[entry_at_indifference=yes;bid_equal_reserve_is_admissible=yes;upper_plateau_enters_at_tau=M;lower_plateau_enters_at_B(m)=c_L]|qH=(1.000000:1.000000)|qL=(-1.000000:1.000000)|price[benchmark_inversion:P(x)=t_0+H_C(B(mu_X(x)))[w_L+Delta_T mu_X(x)]+0.0]|atoms[positive_entry_plateau@0.54275591:mH=0.18393972:mL=0.50000000:mu=0.26894142:preimage=(('-inf', '-1.000000'),);positive_entry_plateau@1.17897636:mH=0.50000000:mL=0.18393972:mu=0.73105858:preimage=(('1.000000', 'inf'),)]|prep[cost_threshold_at_price_information:nonatom_price:B(mu_P)>=1.0/c_L=prepare;nonatom_price:B(mu_P)<1.0/c_L=stay_out;nonatom_price:B(mu_P)>=6.0/c_H=prepare;nonatom_price:B(mu_P)<6.0/c_H=stay_out;price_atom[0]/c_L=prepare;price_atom[0]/c_H=stay_out;price_atom[1]/c_L=prepare;price_atom[1]/c_H=prepare]|posterior[mu_P=pooled Bayes posterior on each atom; invert P(mu) on nonatom positive-entry prices]",h=10|ell=1|p=0.5|rho=0.25|c_L=1|c_H=6|b=2|k=0.02|r=2.5|noise=Laplace|cost=atoms|cost_halfwidth=0|prior_H=0.5|value_law=binary|eps_V=0
2.5,mixed_mesh_0.05,L,0,-1.0,1.0,0.07730387038859114,0.0,0.0,true,converged-pure (stalled; support solve pruned_to_pure),S2_mass_near_1_v0.9,0.05,66,stalled,0.004436079500809792,0.0,0.0,true,2.2516710718178957e-17,"H mixes over the correctly signed mesh {0, m, ..., 1} at spacing 0.05; L plays a pure order -v with v in [0, 1] (OA.60 restriction, residual monotonicity checked)",converged-pure,c2:r=2.5:full_orders#6,"ps[h=10|ell=1|p=0.5|rho=0.25|c_L=1|c_H=6|b=2|k=0.02|r=2.5|noise=Laplace|cost=atoms|cost_halfwidth=0|prior_H=0.5|value_law=binary|eps_V=0]|inst[reserve_auction:uniform_incumbent[0,r];sale_to_highest_admissible_at_max(p,min(R,v));bid_equal_reserve_is_admissible=yes]|info[public_price_feedback;investor_observes=fundamental_state;buyer_observes=price_only]|tie[entry_at_indifference=yes;bid_equal_reserve_is_admissible=yes;upper_plateau_enters_at_tau=M;lower_plateau_enters_at_B(m)=c_L]|qH=(1.000000:1.000000)|qL=(-1.000000:1.000000)|price[benchmark_inversion:P(x)=t_0+H_C(B(mu_X(x)))[w_L+Delta_T mu_X(x)]+0.0]|atoms[positive_entry_plateau@0.54275591:mH=0.18393972:mL=0.50000000:mu=0.26894142:preimage=(('-inf', '-1.000000'),);positive_entry_plateau@1.17897636:mH=0.50000000:mL=0.18393972:mu=0.73105858:preimage=(('1.000000', 'inf'),)]|prep[cost_threshold_at_price_information:nonatom_price:B(mu_P)>=1.0/c_L=prepare;nonatom_price:B(mu_P)<1.0/c_L=stay_out;nonatom_price:B(mu_P)>=6.0/c_H=prepare;nonatom_price:B(mu_P)<6.0/c_H=stay_out;price_atom[0]/c_L=prepare;price_atom[0]/c_H=stay_out;price_atom[1]/c_L=prepare;price_atom[1]/c_H=prepare]|posterior[mu_P=pooled Bayes posterior on each atom; invert P(mu) on nonatom positive-entry prices]",h=10|ell=1|p=0.5|rho=0.25|c_L=1|c_H=6|b=2|k=0.02|r=2.5|noise=Laplace|cost=atoms|cost_halfwidth=0|prior_H=0.5|value_law=binary|eps_V=0
2.5,mixed_mesh_0.05,H,0,1.0,1.0,0.07730387038859111,0.0,1.3877787807814457e-17,true,converged-pure (stalled; support solve pruned_to_pure),S3_mass_near_0_v0.1,0.05,26,stalled,0.05332011902027234,1.3877787807814457e-17,0.0,true,2.2516710718178957e-17,"H mixes over the correctly signed mesh {0, m, ..., 1} at spacing 0.05; L plays a pure order -v with v in [0, 1] (OA.60 restriction, residual monotonicity checked)",converged-pure,c2:r=2.5:full_orders#7,"ps[h=10|ell=1|p=0.5|rho=0.25|c_L=1|c_H=6|b=2|k=0.02|r=2.5|noise=Laplace|cost=atoms|cost_halfwidth=0|prior_H=0.5|value_law=binary|eps_V=0]|inst[reserve_auction:uniform_incumbent[0,r];sale_to_highest_admissible_at_max(p,min(R,v));bid_equal_reserve_is_admissible=yes]|info[public_price_feedback;investor_observes=fundamental_state;buyer_observes=price_only]|tie[entry_at_indifference=yes;bid_equal_reserve_is_admissible=yes;upper_plateau_enters_at_tau=M;lower_plateau_enters_at_B(m)=c_L]|qH=(1.000000:1.000000)|qL=(-1.000000:1.000000)|price[benchmark_inversion:P(x)=t_0+H_C(B(mu_X(x)))[w_L+Delta_T mu_X(x)]+0.0]|atoms[positive_entry_plateau@0.54275591:mH=0.18393972:mL=0.50000000:mu=0.26894142:preimage=(('-inf', '-1.000000'),);positive_entry_plateau@1.17897636:mH=0.50000000:mL=0.18393972:mu=0.73105858:preimage=(('1.000000', 'inf'),)]|prep[cost_threshold_at_price_information:nonatom_price:B(mu_P)>=1.0/c_L=prepare;nonatom_price:B(mu_P)<1.0/c_L=stay_out;nonatom_price:B(mu_P)>=6.0/c_H=prepare;nonatom_price:B(mu_P)<6.0/c_H=stay_out;price_atom[0]/c_L=prepare;price_atom[0]/c_H=stay_out;price_atom[1]/c_L=prepare;price_atom[1]/c_H=prepare]|posterior[mu_P=pooled Bayes posterior on each atom; invert P(mu) on nonatom positive-entry prices]",h=10|ell=1|p=0.5|rho=0.25|c_L=1|c_H=6|b=2|k=0.02|r=2.5|noise=Laplace|cost=atoms|cost_halfwidth=0|prior_H=0.5|value_law=binary|eps_V=0
2.5,mixed_mesh_0.05,L,0,-1.0,1.0,0.07730387038859114,0.0,0.0,true,converged-pure (stalled; support solve pruned_to_pure),S3_mass_near_0_v0.1,0.05,26,stalled,0.05332011902027234,0.0,0.0,true,2.2516710718178957e-17,"H mixes over the correctly signed mesh {0, m, ..., 1} at spacing 0.05; L plays a pure order -v with v in [0, 1] (OA.60 restriction, residual monotonicity checked)",converged-pure,c2:r=2.5:full_orders#7,"ps[h=10|ell=1|p=0.5|rho=0.25|c_L=1|c_H=6|b=2|k=0.02|r=2.5|noise=Laplace|cost=atoms|cost_halfwidth=0|prior_H=0.5|value_law=binary|eps_V=0]|inst[reserve_auction:uniform_incumbent[0,r];sale_to_highest_admissible_at_max(p,min(R,v));bid_equal_reserve_is_admissible=yes]|info[public_price_feedback;investor_observes=fundamental_state;buyer_observes=price_only]|tie[entry_at_indifference=yes;bid_equal_reserve_is_admissible=yes;upper_plateau_enters_at_tau=M;lower_plateau_enters_at_B(m)=c_L]|qH=(1.000000:1.000000)|qL=(-1.000000:1.000000)|price[benchmark_inversion:P(x)=t_0+H_C(B(mu_X(x)))[w_L+Delta_T mu_X(x)]+0.0]|atoms[positive_entry_plateau@0.54275591:mH=0.18393972:mL=0.50000000:mu=0.26894142:preimage=(('-inf', '-1.000000'),);positive_entry_plateau@1.17897636:mH=0.50000000:mL=0.18393972:mu=0.73105858:preimage=(('1.000000', 'inf'),)]|prep[cost_threshold_at_price_information:nonatom_price:B(mu_P)>=1.0/c_L=prepare;nonatom_price:B(mu_P)<1.0/c_L=stay_out;nonatom_price:B(mu_P)>=6.0/c_H=prepare;nonatom_price:B(mu_P)<6.0/c_H=stay_out;price_atom[0]/c_L=prepare;price_atom[0]/c_H=stay_out;price_atom[1]/c_L=prepare;price_atom[1]/c_H=prepare]|posterior[mu_P=pooled Bayes posterior on each atom; invert P(mu) on nonatom positive-entry prices]",h=10|ell=1|p=0.5|rho=0.25|c_L=1|c_H=6|b=2|k=0.02|r=2.5|noise=Laplace|cost=atoms|cost_halfwidth=0|prior_H=0.5|value_law=binary|eps_V=0
3,mixed_mesh_0.025,H,0,1.0,1.0,0.12073122728303941,0.0,0.0,true,converged-pure (stalled; support solve pruned_to_pure),S1_uniform_v0.5,0.025,86,stalled,0.0034913013325827136,0.0,0.0,true,2.67841304690819e-17,"H mixes over the correctly signed mesh {0, m, ..., 1} at spacing 0.025; L plays a pure order -v with v in [0, 1] (OA.60 restriction, residual monotonicity checked)",converged-pure,c2:r=3:full_orders#8,"ps[h=10|ell=1|p=0.5|rho=0.25|c_L=1|c_H=6|b=2|k=0.02|r=3|noise=Laplace|cost=atoms|cost_halfwidth=0|prior_H=0.5|value_law=binary|eps_V=0]|inst[reserve_auction:uniform_incumbent[0,r];sale_to_highest_admissible_at_max(p,min(R,v));bid_equal_reserve_is_admissible=yes]|info[public_price_feedback;investor_observes=fundamental_state;buyer_observes=price_only]|tie[entry_at_indifference=yes;bid_equal_reserve_is_admissible=yes;upper_plateau_enters_at_tau=M;lower_plateau_enters_at_B(m)=c_L]|qH=(1.000000:1.000000)|qL=(-1.000000:1.000000)|price[benchmark_inversion:P(x)=t_0+H_C(B(mu_X(x)))[w_L+Delta_T mu_X(x)]+0.0]|atoms[positive_entry_plateau@0.57607357:mH=0.18393972:mL=0.50000000:mu=0.26894142:preimage=(('-inf', '-1.000000'),);positive_entry_plateau@1.36237239:mH=0.50000000:mL=0.18393972:mu=0.73105858:preimage=(('1.000000', 'inf'),)]|prep[cost_threshold_at_price_information:nonatom_price:B(mu_P)>=1.0/c_L=prepare;nonatom_price:B(mu_P)<1.0/c_L=stay_out;nonatom_price:B(mu_P)>=6.0/c_H=prepare;nonatom_price:B(mu_P)<6.0/c_H=stay_out;price_atom[0]/c_L=prepare;price_atom[0]/c_H=stay_out;price_atom[1]/c_L=prepare;price_atom[1]/c_H=prepare]|posterior[mu_P=pooled Bayes posterior on each atom; invert P(mu) on nonatom positive-entry prices]",h=10|ell=1|p=0.5|rho=0.25|c_L=1|c_H=6|b=2|k=0.02|r=3|noise=Laplace|cost=atoms|cost_halfwidth=0|prior_H=0.5|value_law=binary|eps_V=0
3,mixed_mesh_0.025,L,0,-1.0,1.0,0.12073122728303944,0.0,0.0,true,converged-pure (stalled; support solve pruned_to_pure),S1_uniform_v0.5,0.025,86,stalled,0.0034913013325827136,0.0,0.0,true,2.67841304690819e-17,"H mixes over the correctly signed mesh {0, m, ..., 1} at spacing 0.025; L plays a pure order -v with v in [0, 1] (OA.60 restriction, residual monotonicity checked)",converged-pure,c2:r=3:full_orders#8,"ps[h=10|ell=1|p=0.5|rho=0.25|c_L=1|c_H=6|b=2|k=0.02|r=3|noise=Laplace|cost=atoms|cost_halfwidth=0|prior_H=0.5|value_law=binary|eps_V=0]|inst[reserve_auction:uniform_incumbent[0,r];sale_to_highest_admissible_at_max(p,min(R,v));bid_equal_reserve_is_admissible=yes]|info[public_price_feedback;investor_observes=fundamental_state;buyer_observes=price_only]|tie[entry_at_indifference=yes;bid_equal_reserve_is_admissible=yes;upper_plateau_enters_at_tau=M;lower_plateau_enters_at_B(m)=c_L]|qH=(1.000000:1.000000)|qL=(-1.000000:1.000000)|price[benchmark_inversion:P(x)=t_0+H_C(B(mu_X(x)))[w_L+Delta_T mu_X(x)]+0.0]|atoms[positive_entry_plateau@0.57607357:mH=0.18393972:mL=0.50000000:mu=0.26894142:preimage=(('-inf', '-1.000000'),);positive_entry_plateau@1.36237239:mH=0.50000000:mL=0.18393972:mu=0.73105858:preimage=(('1.000000', 'inf'),)]|prep[cost_threshold_at_price_information:nonatom_price:B(mu_P)>=1.0/c_L=prepare;nonatom_price:B(mu_P)<1.0/c_L=stay_out;nonatom_price:B(mu_P)>=6.0/c_H=prepare;nonatom_price:B(mu_P)<6.0/c_H=stay_out;price_atom[0]/c_L=prepare;price_atom[0]/c_H=stay_out;price_atom[1]/c_L=prepare;price_atom[1]/c_H=prepare]|posterior[mu_P=pooled Bayes posterior on each atom; invert P(mu) on nonatom positive-entry prices]",h=10|ell=1|p=0.5|rho=0.25|c_L=1|c_H=6|b=2|k=0.02|r=3|noise=Laplace|cost=atoms|cost_halfwidth=0|prior_H=0.5|value_law=binary|eps_V=0
3,mixed_mesh_0.025,H,0,1.0,1.0,0.12073122728303941,0.0,0.0,true,converged-pure (stalled; support solve pruned_to_pure),S2_mass_near_1_v0.9,0.025,81,stalled,0.003491301310289102,0.0,0.0,true,2.67841304690819e-17,"H mixes over the correctly signed mesh {0, m, ..., 1} at spacing 0.025; L plays a pure order -v with v in [0, 1] (OA.60 restriction, residual monotonicity checked)",converged-pure,c2:r=3:full_orders#9,"ps[h=10|ell=1|p=0.5|rho=0.25|c_L=1|c_H=6|b=2|k=0.02|r=3|noise=Laplace|cost=atoms|cost_halfwidth=0|prior_H=0.5|value_law=binary|eps_V=0]|inst[reserve_auction:uniform_incumbent[0,r];sale_to_highest_admissible_at_max(p,min(R,v));bid_equal_reserve_is_admissible=yes]|info[public_price_feedback;investor_observes=fundamental_state;buyer_observes=price_only]|tie[entry_at_indifference=yes;bid_equal_reserve_is_admissible=yes;upper_plateau_enters_at_tau=M;lower_plateau_enters_at_B(m)=c_L]|qH=(1.000000:1.000000)|qL=(-1.000000:1.000000)|price[benchmark_inversion:P(x)=t_0+H_C(B(mu_X(x)))[w_L+Delta_T mu_X(x)]+0.0]|atoms[positive_entry_plateau@0.57607357:mH=0.18393972:mL=0.50000000:mu=0.26894142:preimage=(('-inf', '-1.000000'),);positive_entry_plateau@1.36237239:mH=0.50000000:mL=0.18393972:mu=0.73105858:preimage=(('1.000000', 'inf'),)]|prep[cost_threshold_at_price_information:nonatom_price:B(mu_P)>=1.0/c_L=prepare;nonatom_price:B(mu_P)<1.0/c_L=stay_out;nonatom_price:B(mu_P)>=6.0/c_H=prepare;nonatom_price:B(mu_P)<6.0/c_H=stay_out;price_atom[0]/c_L=prepare;price_atom[0]/c_H=stay_out;price_atom[1]/c_L=prepare;price_atom[1]/c_H=prepare]|posterior[mu_P=pooled Bayes posterior on each atom; invert P(mu) on nonatom positive-entry prices]",h=10|ell=1|p=0.5|rho=0.25|c_L=1|c_H=6|b=2|k=0.02|r=3|noise=Laplace|cost=atoms|cost_halfwidth=0|prior_H=0.5|value_law=binary|eps_V=0
3,mixed_mesh_0.025,L,0,-1.0,1.0,0.12073122728303944,0.0,0.0,true,converged-pure (stalled; support solve pruned_to_pure),S2_mass_near_1_v0.9,0.025,81,stalled,0.003491301310289102,0.0,0.0,true,2.67841304690819e-17,"H mixes over the correctly signed mesh {0, m, ..., 1} at spacing 0.025; L plays a pure order -v with v in [0, 1] (OA.60 restriction, residual monotonicity checked)",converged-pure,c2:r=3:full_orders#9,"ps[h=10|ell=1|p=0.5|rho=0.25|c_L=1|c_H=6|b=2|k=0.02|r=3|noise=Laplace|cost=atoms|cost_halfwidth=0|prior_H=0.5|value_law=binary|eps_V=0]|inst[reserve_auction:uniform_incumbent[0,r];sale_to_highest_admissible_at_max(p,min(R,v));bid_equal_reserve_is_admissible=yes]|info[public_price_feedback;investor_observes=fundamental_state;buyer_observes=price_only]|tie[entry_at_indifference=yes;bid_equal_reserve_is_admissible=yes;upper_plateau_enters_at_tau=M;lower_plateau_enters_at_B(m)=c_L]|qH=(1.000000:1.000000)|qL=(-1.000000:1.000000)|price[benchmark_inversion:P(x)=t_0+H_C(B(mu_X(x)))[w_L+Delta_T mu_X(x)]+0.0]|atoms[positive_entry_plateau@0.57607357:mH=0.18393972:mL=0.50000000:mu=0.26894142:preimage=(('-inf', '-1.000000'),);positive_entry_plateau@1.36237239:mH=0.50000000:mL=0.18393972:mu=0.73105858:preimage=(('1.000000', 'inf'),)]|prep[cost_threshold_at_price_information:nonatom_price:B(mu_P)>=1.0/c_L=prepare;nonatom_price:B(mu_P)<1.0/c_L=stay_out;nonatom_price:B(mu_P)>=6.0/c_H=prepare;nonatom_price:B(mu_P)<6.0/c_H=stay_out;price_atom[0]/c_L=prepare;price_atom[0]/c_H=stay_out;price_atom[1]/c_L=prepare;price_atom[1]/c_H=prepare]|posterior[mu_P=pooled Bayes posterior on each atom; invert P(mu) on nonatom positive-entry prices]",h=10|ell=1|p=0.5|rho=0.25|c_L=1|c_H=6|b=2|k=0.02|r=3|noise=Laplace|cost=atoms|cost_halfwidth=0|prior_H=0.5|value_law=binary|eps_V=0
3,mixed_mesh_0.025,H,0,1.0,1.0,0.12073122728303941,0.0,0.0,true,converged-pure (stalled; support solve pruned_to_pure),S3_mass_near_0_v0.1,0.025,96,stalled,0.0034913013119552416,0.0,0.0,true,2.67841304690819e-17,"H mixes over the correctly signed mesh {0, m, ..., 1} at spacing 0.025; L plays a pure order -v with v in [0, 1] (OA.60 restriction, residual monotonicity checked)",converged-pure,c2:r=3:full_orders#10,"ps[h=10|ell=1|p=0.5|rho=0.25|c_L=1|c_H=6|b=2|k=0.02|r=3|noise=Laplace|cost=atoms|cost_halfwidth=0|prior_H=0.5|value_law=binary|eps_V=0]|inst[reserve_auction:uniform_incumbent[0,r];sale_to_highest_admissible_at_max(p,min(R,v));bid_equal_reserve_is_admissible=yes]|info[public_price_feedback;investor_observes=fundamental_state;buyer_observes=price_only]|tie[entry_at_indifference=yes;bid_equal_reserve_is_admissible=yes;upper_plateau_enters_at_tau=M;lower_plateau_enters_at_B(m)=c_L]|qH=(1.000000:1.000000)|qL=(-1.000000:1.000000)|price[benchmark_inversion:P(x)=t_0+H_C(B(mu_X(x)))[w_L+Delta_T mu_X(x)]+0.0]|atoms[positive_entry_plateau@0.57607357:mH=0.18393972:mL=0.50000000:mu=0.26894142:preimage=(('-inf', '-1.000000'),);positive_entry_plateau@1.36237239:mH=0.50000000:mL=0.18393972:mu=0.73105858:preimage=(('1.000000', 'inf'),)]|prep[cost_threshold_at_price_information:nonatom_price:B(mu_P)>=1.0/c_L=prepare;nonatom_price:B(mu_P)<1.0/c_L=stay_out;nonatom_price:B(mu_P)>=6.0/c_H=prepare;nonatom_price:B(mu_P)<6.0/c_H=stay_out;price_atom[0]/c_L=prepare;price_atom[0]/c_H=stay_out;price_atom[1]/c_L=prepare;price_atom[1]/c_H=prepare]|posterior[mu_P=pooled Bayes posterior on each atom; invert P(mu) on nonatom positive-entry prices]",h=10|ell=1|p=0.5|rho=0.25|c_L=1|c_H=6|b=2|k=0.02|r=3|noise=Laplace|cost=atoms|cost_halfwidth=0|prior_H=0.5|value_law=binary|eps_V=0
3,mixed_mesh_0.025,L,0,-1.0,1.0,0.12073122728303944,0.0,0.0,true,converged-pure (stalled; support solve pruned_to_pure),S3_mass_near_0_v0.1,0.025,96,stalled,0.0034913013119552416,0.0,0.0,true,2.67841304690819e-17,"H mixes over the correctly signed mesh {0, m, ..., 1} at spacing 0.025; L plays a pure order -v with v in [0, 1] (OA.60 restriction, residual monotonicity checked)",converged-pure,c2:r=3:full_orders#10,"ps[h=10|ell=1|p=0.5|rho=0.25|c_L=1|c_H=6|b=2|k=0.02|r=3|noise=Laplace|cost=atoms|cost_halfwidth=0|prior_H=0.5|value_law=binary|eps_V=0]|inst[reserve_auction:uniform_incumbent[0,r];sale_to_highest_admissible_at_max(p,min(R,v));bid_equal_reserve_is_admissible=yes]|info[public_price_feedback;investor_observes=fundamental_state;buyer_observes=price_only]|tie[entry_at_indifference=yes;bid_equal_reserve_is_admissible=yes;upper_plateau_enters_at_tau=M;lower_plateau_enters_at_B(m)=c_L]|qH=(1.000000:1.000000)|qL=(-1.000000:1.000000)|price[benchmark_inversion:P(x)=t_0+H_C(B(mu_X(x)))[w_L+Delta_T mu_X(x)]+0.0]|atoms[positive_entry_plateau@0.57607357:mH=0.18393972:mL=0.50000000:mu=0.26894142:preimage=(('-inf', '-1.000000'),);positive_entry_plateau@1.36237239:mH=0.50000000:mL=0.18393972:mu=0.73105858:preimage=(('1.000000', 'inf'),)]|prep[cost_threshold_at_price_information:nonatom_price:B(mu_P)>=1.0/c_L=prepare;nonatom_price:B(mu_P)<1.0/c_L=stay_out;nonatom_price:B(mu_P)>=6.0/c_H=prepare;nonatom_price:B(mu_P)<6.0/c_H=stay_out;price_atom[0]/c_L=prepare;price_atom[0]/c_H=stay_out;price_atom[1]/c_L=prepare;price_atom[1]/c_H=prepare]|posterior[mu_P=pooled Bayes posterior on each atom; invert P(mu) on nonatom positive-entry prices]",h=10|ell=1|p=0.5|rho=0.25|c_L=1|c_H=6|b=2|k=0.02|r=3|noise=Laplace|cost=atoms|cost_halfwidth=0|prior_H=0.5|value_law=binary|eps_V=0
3,mixed_mesh_0.05,H,0,1.0,1.0,0.12073122728303941,0.0,0.0,true,converged-pure (stalled; support solve pruned_to_pure),S1_uniform_v0.5,0.05,57,stalled,0.006964630631689311,0.0,0.0,true,2.67841304690819e-17,"H mixes over the correctly signed mesh {0, m, ..., 1} at spacing 0.05; L plays a pure order -v with v in [0, 1] (OA.60 restriction, residual monotonicity checked)",converged-pure,c2:r=3:full_orders#5,"ps[h=10|ell=1|p=0.5|rho=0.25|c_L=1|c_H=6|b=2|k=0.02|r=3|noise=Laplace|cost=atoms|cost_halfwidth=0|prior_H=0.5|value_law=binary|eps_V=0]|inst[reserve_auction:uniform_incumbent[0,r];sale_to_highest_admissible_at_max(p,min(R,v));bid_equal_reserve_is_admissible=yes]|info[public_price_feedback;investor_observes=fundamental_state;buyer_observes=price_only]|tie[entry_at_indifference=yes;bid_equal_reserve_is_admissible=yes;upper_plateau_enters_at_tau=M;lower_plateau_enters_at_B(m)=c_L]|qH=(1.000000:1.000000)|qL=(-1.000000:1.000000)|price[benchmark_inversion:P(x)=t_0+H_C(B(mu_X(x)))[w_L+Delta_T mu_X(x)]+0.0]|atoms[positive_entry_plateau@0.57607357:mH=0.18393972:mL=0.50000000:mu=0.26894142:preimage=(('-inf', '-1.000000'),);positive_entry_plateau@1.36237239:mH=0.50000000:mL=0.18393972:mu=0.73105858:preimage=(('1.000000', 'inf'),)]|prep[cost_threshold_at_price_information:nonatom_price:B(mu_P)>=1.0/c_L=prepare;nonatom_price:B(mu_P)<1.0/c_L=stay_out;nonatom_price:B(mu_P)>=6.0/c_H=prepare;nonatom_price:B(mu_P)<6.0/c_H=stay_out;price_atom[0]/c_L=prepare;price_atom[0]/c_H=stay_out;price_atom[1]/c_L=prepare;price_atom[1]/c_H=prepare]|posterior[mu_P=pooled Bayes posterior on each atom; invert P(mu) on nonatom positive-entry prices]",h=10|ell=1|p=0.5|rho=0.25|c_L=1|c_H=6|b=2|k=0.02|r=3|noise=Laplace|cost=atoms|cost_halfwidth=0|prior_H=0.5|value_law=binary|eps_V=0
3,mixed_mesh_0.05,L,0,-1.0,1.0,0.12073122728303944,0.0,0.0,true,converged-pure (stalled; support solve pruned_to_pure),S1_uniform_v0.5,0.05,57,stalled,0.006964630631689311,0.0,0.0,true,2.67841304690819e-17,"H mixes over the correctly signed mesh {0, m, ..., 1} at spacing 0.05; L plays a pure order -v with v in [0, 1] (OA.60 restriction, residual monotonicity checked)",converged-pure,c2:r=3:full_orders#5,"ps[h=10|ell=1|p=0.5|rho=0.25|c_L=1|c_H=6|b=2|k=0.02|r=3|noise=Laplace|cost=atoms|cost_halfwidth=0|prior_H=0.5|value_law=binary|eps_V=0]|inst[reserve_auction:uniform_incumbent[0,r];sale_to_highest_admissible_at_max(p,min(R,v));bid_equal_reserve_is_admissible=yes]|info[public_price_feedback;investor_observes=fundamental_state;buyer_observes=price_only]|tie[entry_at_indifference=yes;bid_equal_reserve_is_admissible=yes;upper_plateau_enters_at_tau=M;lower_plateau_enters_at_B(m)=c_L]|qH=(1.000000:1.000000)|qL=(-1.000000:1.000000)|price[benchmark_inversion:P(x)=t_0+H_C(B(mu_X(x)))[w_L+Delta_T mu_X(x)]+0.0]|atoms[positive_entry_plateau@0.57607357:mH=0.18393972:mL=0.50000000:mu=0.26894142:preimage=(('-inf', '-1.000000'),);positive_entry_plateau@1.36237239:mH=0.50000000:mL=0.18393972:mu=0.73105858:preimage=(('1.000000', 'inf'),)]|prep[cost_threshold_at_price_information:nonatom_price:B(mu_P)>=1.0/c_L=prepare;nonatom_price:B(mu_P)<1.0/c_L=stay_out;nonatom_price:B(mu_P)>=6.0/c_H=prepare;nonatom_price:B(mu_P)<6.0/c_H=stay_out;price_atom[0]/c_L=prepare;price_atom[0]/c_H=stay_out;price_atom[1]/c_L=prepare;price_atom[1]/c_H=prepare]|posterior[mu_P=pooled Bayes posterior on each atom; invert P(mu) on nonatom positive-entry prices]",h=10|ell=1|p=0.5|rho=0.25|c_L=1|c_H=6|b=2|k=0.02|r=3|noise=Laplace|cost=atoms|cost_halfwidth=0|prior_H=0.5|value_law=binary|eps_V=0
3,mixed_mesh_0.05,H,0,1.0,1.0,0.12073122728303941,0.0,0.0,true,converged-pure (stalled; support solve pruned_to_pure),S2_mass_near_1_v0.9,0.05,52,stalled,0.006964630626238033,0.0,0.0,true,2.67841304690819e-17,"H mixes over the correctly signed mesh {0, m, ..., 1} at spacing 0.05; L plays a pure order -v with v in [0, 1] (OA.60 restriction, residual monotonicity checked)",converged-pure,c2:r=3:full_orders#6,"ps[h=10|ell=1|p=0.5|rho=0.25|c_L=1|c_H=6|b=2|k=0.02|r=3|noise=Laplace|cost=atoms|cost_halfwidth=0|prior_H=0.5|value_law=binary|eps_V=0]|inst[reserve_auction:uniform_incumbent[0,r];sale_to_highest_admissible_at_max(p,min(R,v));bid_equal_reserve_is_admissible=yes]|info[public_price_feedback;investor_observes=fundamental_state;buyer_observes=price_only]|tie[entry_at_indifference=yes;bid_equal_reserve_is_admissible=yes;upper_plateau_enters_at_tau=M;lower_plateau_enters_at_B(m)=c_L]|qH=(1.000000:1.000000)|qL=(-1.000000:1.000000)|price[benchmark_inversion:P(x)=t_0+H_C(B(mu_X(x)))[w_L+Delta_T mu_X(x)]+0.0]|atoms[positive_entry_plateau@0.57607357:mH=0.18393972:mL=0.50000000:mu=0.26894142:preimage=(('-inf', '-1.000000'),);positive_entry_plateau@1.36237239:mH=0.50000000:mL=0.18393972:mu=0.73105858:preimage=(('1.000000', 'inf'),)]|prep[cost_threshold_at_price_information:nonatom_price:B(mu_P)>=1.0/c_L=prepare;nonatom_price:B(mu_P)<1.0/c_L=stay_out;nonatom_price:B(mu_P)>=6.0/c_H=prepare;nonatom_price:B(mu_P)<6.0/c_H=stay_out;price_atom[0]/c_L=prepare;price_atom[0]/c_H=stay_out;price_atom[1]/c_L=prepare;price_atom[1]/c_H=prepare]|posterior[mu_P=pooled Bayes posterior on each atom; invert P(mu) on nonatom positive-entry prices]",h=10|ell=1|p=0.5|rho=0.25|c_L=1|c_H=6|b=2|k=0.02|r=3|noise=Laplace|cost=atoms|cost_halfwidth=0|prior_H=0.5|value_law=binary|eps_V=0
3,mixed_mesh_0.05,L,0,-1.0,1.0,0.12073122728303944,0.0,0.0,true,converged-pure (stalled; support solve pruned_to_pure),S2_mass_near_1_v0.9,0.05,52,stalled,0.006964630626238033,0.0,0.0,true,2.67841304690819e-17,"H mixes over the correctly signed mesh {0, m, ..., 1} at spacing 0.05; L plays a pure order -v with v in [0, 1] (OA.60 restriction, residual monotonicity checked)",converged-pure,c2:r=3:full_orders#6,"ps[h=10|ell=1|p=0.5|rho=0.25|c_L=1|c_H=6|b=2|k=0.02|r=3|noise=Laplace|cost=atoms|cost_halfwidth=0|prior_H=0.5|value_law=binary|eps_V=0]|inst[reserve_auction:uniform_incumbent[0,r];sale_to_highest_admissible_at_max(p,min(R,v));bid_equal_reserve_is_admissible=yes]|info[public_price_feedback;investor_observes=fundamental_state;buyer_observes=price_only]|tie[entry_at_indifference=yes;bid_equal_reserve_is_admissible=yes;upper_plateau_enters_at_tau=M;lower_plateau_enters_at_B(m)=c_L]|qH=(1.000000:1.000000)|qL=(-1.000000:1.000000)|price[benchmark_inversion:P(x)=t_0+H_C(B(mu_X(x)))[w_L+Delta_T mu_X(x)]+0.0]|atoms[positive_entry_plateau@0.57607357:mH=0.18393972:mL=0.50000000:mu=0.26894142:preimage=(('-inf', '-1.000000'),);positive_entry_plateau@1.36237239:mH=0.50000000:mL=0.18393972:mu=0.73105858:preimage=(('1.000000', 'inf'),)]|prep[cost_threshold_at_price_information:nonatom_price:B(mu_P)>=1.0/c_L=prepare;nonatom_price:B(mu_P)<1.0/c_L=stay_out;nonatom_price:B(mu_P)>=6.0/c_H=prepare;nonatom_price:B(mu_P)<6.0/c_H=stay_out;price_atom[0]/c_L=prepare;price_atom[0]/c_H=stay_out;price_atom[1]/c_L=prepare;price_atom[1]/c_H=prepare]|posterior[mu_P=pooled Bayes posterior on each atom; invert P(mu) on nonatom positive-entry prices]",h=10|ell=1|p=0.5|rho=0.25|c_L=1|c_H=6|b=2|k=0.02|r=3|noise=Laplace|cost=atoms|cost_halfwidth=0|prior_H=0.5|value_law=binary|eps_V=0
3,mixed_mesh_0.05,H,0,1.0,1.0,0.12073122728303941,0.0,0.0,true,converged-pure (stalled; support solve pruned_to_pure),S3_mass_near_0_v0.1,0.05,67,stalled,0.0069646306266457625,0.0,0.0,true,2.67841304690819e-17,"H mixes over the correctly signed mesh {0, m, ..., 1} at spacing 0.05; L plays a pure order -v with v in [0, 1] (OA.60 restriction, residual monotonicity checked)",converged-pure,c2:r=3:full_orders#7,"ps[h=10|ell=1|p=0.5|rho=0.25|c_L=1|c_H=6|b=2|k=0.02|r=3|noise=Laplace|cost=atoms|cost_halfwidth=0|prior_H=0.5|value_law=binary|eps_V=0]|inst[reserve_auction:uniform_incumbent[0,r];sale_to_highest_admissible_at_max(p,min(R,v));bid_equal_reserve_is_admissible=yes]|info[public_price_feedback;investor_observes=fundamental_state;buyer_observes=price_only]|tie[entry_at_indifference=yes;bid_equal_reserve_is_admissible=yes;upper_plateau_enters_at_tau=M;lower_plateau_enters_at_B(m)=c_L]|qH=(1.000000:1.000000)|qL=(-1.000000:1.000000)|price[benchmark_inversion:P(x)=t_0+H_C(B(mu_X(x)))[w_L+Delta_T mu_X(x)]+0.0]|atoms[positive_entry_plateau@0.57607357:mH=0.18393972:mL=0.50000000:mu=0.26894142:preimage=(('-inf', '-1.000000'),);positive_entry_plateau@1.36237239:mH=0.50000000:mL=0.18393972:mu=0.73105858:preimage=(('1.000000', 'inf'),)]|prep[cost_threshold_at_price_information:nonatom_price:B(mu_P)>=1.0/c_L=prepare;nonatom_price:B(mu_P)<1.0/c_L=stay_out;nonatom_price:B(mu_P)>=6.0/c_H=prepare;nonatom_price:B(mu_P)<6.0/c_H=stay_out;price_atom[0]/c_L=prepare;price_atom[0]/c_H=stay_out;price_atom[1]/c_L=prepare;price_atom[1]/c_H=prepare]|posterior[mu_P=pooled Bayes posterior on each atom; invert P(mu) on nonatom positive-entry prices]",h=10|ell=1|p=0.5|rho=0.25|c_L=1|c_H=6|b=2|k=0.02|r=3|noise=Laplace|cost=atoms|cost_halfwidth=0|prior_H=0.5|value_law=binary|eps_V=0
3,mixed_mesh_0.05,L,0,-1.0,1.0,0.12073122728303944,0.0,0.0,true,converged-pure (stalled; support solve pruned_to_pure),S3_mass_near_0_v0.1,0.05,67,stalled,0.0069646306266457625,0.0,0.0,true,2.67841304690819e-17,"H mixes over the correctly signed mesh {0, m, ..., 1} at spacing 0.05; L plays a pure order -v with v in [0, 1] (OA.60 restriction, residual monotonicity checked)",converged-pure,c2:r=3:full_orders#7,"ps[h=10|ell=1|p=0.5|rho=0.25|c_L=1|c_H=6|b=2|k=0.02|r=3|noise=Laplace|cost=atoms|cost_halfwidth=0|prior_H=0.5|value_law=binary|eps_V=0]|inst[reserve_auction:uniform_incumbent[0,r];sale_to_highest_admissible_at_max(p,min(R,v));bid_equal_reserve_is_admissible=yes]|info[public_price_feedback;investor_observes=fundamental_state;buyer_observes=price_only]|tie[entry_at_indifference=yes;bid_equal_reserve_is_admissible=yes;upper_plateau_enters_at_tau=M;lower_plateau_enters_at_B(m)=c_L]|qH=(1.000000:1.000000)|qL=(-1.000000:1.000000)|price[benchmark_inversion:P(x)=t_0+H_C(B(mu_X(x)))[w_L+Delta_T mu_X(x)]+0.0]|atoms[positive_entry_plateau@0.57607357:mH=0.18393972:mL=0.50000000:mu=0.26894142:preimage=(('-inf', '-1.000000'),);positive_entry_plateau@1.36237239:mH=0.50000000:mL=0.18393972:mu=0.73105858:preimage=(('1.000000', 'inf'),)]|prep[cost_threshold_at_price_information:nonatom_price:B(mu_P)>=1.0/c_L=prepare;nonatom_price:B(mu_P)<1.0/c_L=stay_out;nonatom_price:B(mu_P)>=6.0/c_H=prepare;nonatom_price:B(mu_P)<6.0/c_H=stay_out;price_atom[0]/c_L=prepare;price_atom[0]/c_H=stay_out;price_atom[1]/c_L=prepare;price_atom[1]/c_H=prepare]|posterior[mu_P=pooled Bayes posterior on each atom; invert P(mu) on nonatom positive-entry prices]",h=10|ell=1|p=0.5|rho=0.25|c_L=1|c_H=6|b=2|k=0.02|r=3|noise=Laplace|cost=atoms|cost_halfwidth=0|prior_H=0.5|value_law=binary|eps_V=0
3.592658518794662,mixed_mesh_0.025,H,0,1.0,1.0,0.17131868322177596,0.0,2.7755575615628914e-17,true,converged-pure (stalled; support solve pruned_to_pure),S1_uniform_v0.5,0.025,114,stalled,0.0030293640843420677,2.7755575615628914e-17,0.0,true,4.794775687599895e-17,"H mixes over the correctly signed mesh {0, m, ..., 1} at spacing 0.025; L plays a pure order -v with v in [0, 1] (OA.60 restriction, residual monotonicity checked)",converged-pure,c2:r=3.592658518794662:full_orders#7,"ps[h=10|ell=1|p=0.5|rho=0.25|c_L=1|c_H=6|b=2|k=0.02|r=3.592658518794662|noise=Laplace|cost=atoms|cost_halfwidth=0|prior_H=0.5|value_law=binary|eps_V=0]|inst[reserve_auction:uniform_incumbent[0,r];sale_to_highest_admissible_at_max(p,min(R,v));bid_equal_reserve_is_admissible=yes]|info[public_price_feedback;investor_observes=fundamental_state;buyer_observes=price_only]|tie[entry_at_indifference=yes;bid_equal_reserve_is_admissible=yes;upper_plateau_enters_at_tau=M;lower_plateau_enters_at_B(m)=c_L]|qH=(1.000000:1.000000)|qL=(-1.000000:1.000000)|price[benchmark_inversion:P(x)=t_0+H_C(B(mu_X(x)))[w_L+Delta_T mu_X(x)]+0.0]|atoms[positive_entry_plateau@0.60961416:mH=0.18393972:mL=0.50000000:mu=0.26894142:preimage=(('-inf', '-1.000000'),);positive_entry_plateau@1.57952721:mH=0.50000000:mL=0.18393972:mu=0.73105858:preimage=(('1.000000', 'inf'),)]|prep[cost_threshold_at_price_information:nonatom_price:B(mu_P)>=1.0/c_L=prepare;nonatom_price:B(mu_P)<1.0/c_L=stay_out;nonatom_price:B(mu_P)>=6.0/c_H=prepare;nonatom_price:B(mu_P)<6.0/c_H=stay_out;price_atom[0]/c_L=prepare;price_atom[0]/c_H=stay_out;price_atom[1]/c_L=prepare;price_atom[1]/c_H=prepare]|posterior[mu_P=pooled Bayes posterior on each atom; invert P(mu) on nonatom positive-entry prices]",h=10|ell=1|p=0.5|rho=0.25|c_L=1|c_H=6|b=2|k=0.02|r=3.592658518794662|noise=Laplace|cost=atoms|cost_halfwidth=0|prior_H=0.5|value_law=binary|eps_V=0
3.592658518794662,mixed_mesh_0.025,L,0,-1.0,1.0,0.17131868322177599,0.0,0.0,true,converged-pure (stalled; support solve pruned_to_pure),S1_uniform_v0.5,0.025,114,stalled,0.0030293640843420677,0.0,0.0,true,4.794775687599895e-17,"H mixes over the correctly signed mesh {0, m, ..., 1} at spacing 0.025; L plays a pure order -v with v in [0, 1] (OA.60 restriction, residual monotonicity checked)",converged-pure,c2:r=3.592658518794662:full_orders#7,"ps[h=10|ell=1|p=0.5|rho=0.25|c_L=1|c_H=6|b=2|k=0.02|r=3.592658518794662|noise=Laplace|cost=atoms|cost_halfwidth=0|prior_H=0.5|value_law=binary|eps_V=0]|inst[reserve_auction:uniform_incumbent[0,r];sale_to_highest_admissible_at_max(p,min(R,v));bid_equal_reserve_is_admissible=yes]|info[public_price_feedback;investor_observes=fundamental_state;buyer_observes=price_only]|tie[entry_at_indifference=yes;bid_equal_reserve_is_admissible=yes;upper_plateau_enters_at_tau=M;lower_plateau_enters_at_B(m)=c_L]|qH=(1.000000:1.000000)|qL=(-1.000000:1.000000)|price[benchmark_inversion:P(x)=t_0+H_C(B(mu_X(x)))[w_L+Delta_T mu_X(x)]+0.0]|atoms[positive_entry_plateau@0.60961416:mH=0.18393972:mL=0.50000000:mu=0.26894142:preimage=(('-inf', '-1.000000'),);positive_entry_plateau@1.57952721:mH=0.50000000:mL=0.18393972:mu=0.73105858:preimage=(('1.000000', 'inf'),)]|prep[cost_threshold_at_price_information:nonatom_price:B(mu_P)>=1.0/c_L=prepare;nonatom_price:B(mu_P)<1.0/c_L=stay_out;nonatom_price:B(mu_P)>=6.0/c_H=prepare;nonatom_price:B(mu_P)<6.0/c_H=stay_out;price_atom[0]/c_L=prepare;price_atom[0]/c_H=stay_out;price_atom[1]/c_L=prepare;price_atom[1]/c_H=prepare]|posterior[mu_P=pooled Bayes posterior on each atom; invert P(mu) on nonatom positive-entry prices]",h=10|ell=1|p=0.5|rho=0.25|c_L=1|c_H=6|b=2|k=0.02|r=3.592658518794662|noise=Laplace|cost=atoms|cost_halfwidth=0|prior_H=0.5|value_law=binary|eps_V=0
3.592658518794662,mixed_mesh_0.025,H,0,1.0,1.0,0.17131868322177596,0.0,2.7755575615628914e-17,true,converged-pure (stalled; support solve pruned_to_pure),S2_mass_near_1_v0.9,0.025,106,stalled,0.0030293642561352585,2.7755575615628914e-17,0.0,true,4.794775687599895e-17,"H mixes over the correctly signed mesh {0, m, ..., 1} at spacing 0.025; L plays a pure order -v with v in [0, 1] (OA.60 restriction, residual monotonicity checked)",converged-pure,c2:r=3.592658518794662:full_orders#8,"ps[h=10|ell=1|p=0.5|rho=0.25|c_L=1|c_H=6|b=2|k=0.02|r=3.592658518794662|noise=Laplace|cost=atoms|cost_halfwidth=0|prior_H=0.5|value_law=binary|eps_V=0]|inst[reserve_auction:uniform_incumbent[0,r];sale_to_highest_admissible_at_max(p,min(R,v));bid_equal_reserve_is_admissible=yes]|info[public_price_feedback;investor_observes=fundamental_state;buyer_observes=price_only]|tie[entry_at_indifference=yes;bid_equal_reserve_is_admissible=yes;upper_plateau_enters_at_tau=M;lower_plateau_enters_at_B(m)=c_L]|qH=(1.000000:1.000000)|qL=(-1.000000:1.000000)|price[benchmark_inversion:P(x)=t_0+H_C(B(mu_X(x)))[w_L+Delta_T mu_X(x)]+0.0]|atoms[positive_entry_plateau@0.60961416:mH=0.18393972:mL=0.50000000:mu=0.26894142:preimage=(('-inf', '-1.000000'),);positive_entry_plateau@1.57952721:mH=0.50000000:mL=0.18393972:mu=0.73105858:preimage=(('1.000000', 'inf'),)]|prep[cost_threshold_at_price_information:nonatom_price:B(mu_P)>=1.0/c_L=prepare;nonatom_price:B(mu_P)<1.0/c_L=stay_out;nonatom_price:B(mu_P)>=6.0/c_H=prepare;nonatom_price:B(mu_P)<6.0/c_H=stay_out;price_atom[0]/c_L=prepare;price_atom[0]/c_H=stay_out;price_atom[1]/c_L=prepare;price_atom[1]/c_H=prepare]|posterior[mu_P=pooled Bayes posterior on each atom; invert P(mu) on nonatom positive-entry prices]",h=10|ell=1|p=0.5|rho=0.25|c_L=1|c_H=6|b=2|k=0.02|r=3.592658518794662|noise=Laplace|cost=atoms|cost_halfwidth=0|prior_H=0.5|value_law=binary|eps_V=0
3.592658518794662,mixed_mesh_0.025,L,0,-1.0,1.0,0.17131868322177599,0.0,0.0,true,converged-pure (stalled; support solve pruned_to_pure),S2_mass_near_1_v0.9,0.025,106,stalled,0.0030293642561352585,0.0,0.0,true,4.794775687599895e-17,"H mixes over the correctly signed mesh {0, m, ..., 1} at spacing 0.025; L plays a pure order -v with v in [0, 1] (OA.60 restriction, residual monotonicity checked)",converged-pure,c2:r=3.592658518794662:full_orders#8,"ps[h=10|ell=1|p=0.5|rho=0.25|c_L=1|c_H=6|b=2|k=0.02|r=3.592658518794662|noise=Laplace|cost=atoms|cost_halfwidth=0|prior_H=0.5|value_law=binary|eps_V=0]|inst[reserve_auction:uniform_incumbent[0,r];sale_to_highest_admissible_at_max(p,min(R,v));bid_equal_reserve_is_admissible=yes]|info[public_price_feedback;investor_observes=fundamental_state;buyer_observes=price_only]|tie[entry_at_indifference=yes;bid_equal_reserve_is_admissible=yes;upper_plateau_enters_at_tau=M;lower_plateau_enters_at_B(m)=c_L]|qH=(1.000000:1.000000)|qL=(-1.000000:1.000000)|price[benchmark_inversion:P(x)=t_0+H_C(B(mu_X(x)))[w_L+Delta_T mu_X(x)]+0.0]|atoms[positive_entry_plateau@0.60961416:mH=0.18393972:mL=0.50000000:mu=0.26894142:preimage=(('-inf', '-1.000000'),);positive_entry_plateau@1.57952721:mH=0.50000000:mL=0.18393972:mu=0.73105858:preimage=(('1.000000', 'inf'),)]|prep[cost_threshold_at_price_information:nonatom_price:B(mu_P)>=1.0/c_L=prepare;nonatom_price:B(mu_P)<1.0/c_L=stay_out;nonatom_price:B(mu_P)>=6.0/c_H=prepare;nonatom_price:B(mu_P)<6.0/c_H=stay_out;price_atom[0]/c_L=prepare;price_atom[0]/c_H=stay_out;price_atom[1]/c_L=prepare;price_atom[1]/c_H=prepare]|posterior[mu_P=pooled Bayes posterior on each atom; invert P(mu) on nonatom positive-entry prices]",h=10|ell=1|p=0.5|rho=0.25|c_L=1|c_H=6|b=2|k=0.02|r=3.592658518794662|noise=Laplace|cost=atoms|cost_halfwidth=0|prior_H=0.5|value_law=binary|eps_V=0
3.592658518794662,mixed_mesh_0.025,H,0,1.0,1.0,0.17131868322177596,0.0,2.7755575615628914e-17,true,converged-pure (budget_exhausted; support solve pruned_to_pure),S3_mass_near_0_v0.1,0.025,120,budget_exhausted,0.0030293646727515278,2.7755575615628914e-17,0.0,true,4.794775687599895e-17,"H mixes over the correctly signed mesh {0, m, ..., 1} at spacing 0.025; L plays a pure order -v with v in [0, 1] (OA.60 restriction, residual monotonicity checked)",converged-pure,c2:r=3.592658518794662:full_orders#9,"ps[h=10|ell=1|p=0.5|rho=0.25|c_L=1|c_H=6|b=2|k=0.02|r=3.592658518794662|noise=Laplace|cost=atoms|cost_halfwidth=0|prior_H=0.5|value_law=binary|eps_V=0]|inst[reserve_auction:uniform_incumbent[0,r];sale_to_highest_admissible_at_max(p,min(R,v));bid_equal_reserve_is_admissible=yes]|info[public_price_feedback;investor_observes=fundamental_state;buyer_observes=price_only]|tie[entry_at_indifference=yes;bid_equal_reserve_is_admissible=yes;upper_plateau_enters_at_tau=M;lower_plateau_enters_at_B(m)=c_L]|qH=(1.000000:1.000000)|qL=(-1.000000:1.000000)|price[benchmark_inversion:P(x)=t_0+H_C(B(mu_X(x)))[w_L+Delta_T mu_X(x)]+0.0]|atoms[positive_entry_plateau@0.60961416:mH=0.18393972:mL=0.50000000:mu=0.26894142:preimage=(('-inf', '-1.000000'),);positive_entry_plateau@1.57952721:mH=0.50000000:mL=0.18393972:mu=0.73105858:preimage=(('1.000000', 'inf'),)]|prep[cost_threshold_at_price_information:nonatom_price:B(mu_P)>=1.0/c_L=prepare;nonatom_price:B(mu_P)<1.0/c_L=stay_out;nonatom_price:B(mu_P)>=6.0/c_H=prepare;nonatom_price:B(mu_P)<6.0/c_H=stay_out;price_atom[0]/c_L=prepare;price_atom[0]/c_H=stay_out;price_atom[1]/c_L=prepare;price_atom[1]/c_H=prepare]|posterior[mu_P=pooled Bayes posterior on each atom; invert P(mu) on nonatom positive-entry prices]",h=10|ell=1|p=0.5|rho=0.25|c_L=1|c_H=6|b=2|k=0.02|r=3.592658518794662|noise=Laplace|cost=atoms|cost_halfwidth=0|prior_H=0.5|value_law=binary|eps_V=0
3.592658518794662,mixed_mesh_0.025,L,0,-1.0,1.0,0.17131868322177599,0.0,0.0,true,converged-pure (budget_exhausted; support solve pruned_to_pure),S3_mass_near_0_v0.1,0.025,120,budget_exhausted,0.0030293646727515278,0.0,0.0,true,4.794775687599895e-17,"H mixes over the correctly signed mesh {0, m, ..., 1} at spacing 0.025; L plays a pure order -v with v in [0, 1] (OA.60 restriction, residual monotonicity checked)",converged-pure,c2:r=3.592658518794662:full_orders#9,"ps[h=10|ell=1|p=0.5|rho=0.25|c_L=1|c_H=6|b=2|k=0.02|r=3.592658518794662|noise=Laplace|cost=atoms|cost_halfwidth=0|prior_H=0.5|value_law=binary|eps_V=0]|inst[reserve_auction:uniform_incumbent[0,r];sale_to_highest_admissible_at_max(p,min(R,v));bid_equal_reserve_is_admissible=yes]|info[public_price_feedback;investor_observes=fundamental_state;buyer_observes=price_only]|tie[entry_at_indifference=yes;bid_equal_reserve_is_admissible=yes;upper_plateau_enters_at_tau=M;lower_plateau_enters_at_B(m)=c_L]|qH=(1.000000:1.000000)|qL=(-1.000000:1.000000)|price[benchmark_inversion:P(x)=t_0+H_C(B(mu_X(x)))[w_L+Delta_T mu_X(x)]+0.0]|atoms[positive_entry_plateau@0.60961416:mH=0.18393972:mL=0.50000000:mu=0.26894142:preimage=(('-inf', '-1.000000'),);positive_entry_plateau@1.57952721:mH=0.50000000:mL=0.18393972:mu=0.73105858:preimage=(('1.000000', 'inf'),)]|prep[cost_threshold_at_price_information:nonatom_price:B(mu_P)>=1.0/c_L=prepare;nonatom_price:B(mu_P)<1.0/c_L=stay_out;nonatom_price:B(mu_P)>=6.0/c_H=prepare;nonatom_price:B(mu_P)<6.0/c_H=stay_out;price_atom[0]/c_L=prepare;price_atom[0]/c_H=stay_out;price_atom[1]/c_L=prepare;price_atom[1]/c_H=prepare]|posterior[mu_P=pooled Bayes posterior on each atom; invert P(mu) on nonatom positive-entry prices]",h=10|ell=1|p=0.5|rho=0.25|c_L=1|c_H=6|b=2|k=0.02|r=3.592658518794662|noise=Laplace|cost=atoms|cost_halfwidth=0|prior_H=0.5|value_law=binary|eps_V=0
3.592658518794662,mixed_mesh_0.05,H,0,1.0,1.0,0.17131868322177596,0.0,2.7755575615628914e-17,true,converged-pure (stalled; support solve pruned_to_pure),S1_uniform_v0.5,0.05,92,stalled,0.003029350949407511,2.7755575615628914e-17,0.0,true,4.794775687599895e-17,"H mixes over the correctly signed mesh {0, m, ..., 1} at spacing 0.05; L plays a pure order -v with v in [0, 1] (OA.60 restriction, residual monotonicity checked)",converged-pure,c2:r=3.592658518794662:full_orders#4,"ps[h=10|ell=1|p=0.5|rho=0.25|c_L=1|c_H=6|b=2|k=0.02|r=3.592658518794662|noise=Laplace|cost=atoms|cost_halfwidth=0|prior_H=0.5|value_law=binary|eps_V=0]|inst[reserve_auction:uniform_incumbent[0,r];sale_to_highest_admissible_at_max(p,min(R,v));bid_equal_reserve_is_admissible=yes]|info[public_price_feedback;investor_observes=fundamental_state;buyer_observes=price_only]|tie[entry_at_indifference=yes;bid_equal_reserve_is_admissible=yes;upper_plateau_enters_at_tau=M;lower_plateau_enters_at_B(m)=c_L]|qH=(1.000000:1.000000)|qL=(-1.000000:1.000000)|price[benchmark_inversion:P(x)=t_0+H_C(B(mu_X(x)))[w_L+Delta_T mu_X(x)]+0.0]|atoms[positive_entry_plateau@0.60961416:mH=0.18393972:mL=0.50000000:mu=0.26894142:preimage=(('-inf', '-1.000000'),);positive_entry_plateau@1.57952721:mH=0.50000000:mL=0.18393972:mu=0.73105858:preimage=(('1.000000', 'inf'),)]|prep[cost_threshold_at_price_information:nonatom_price:B(mu_P)>=1.0/c_L=prepare;nonatom_price:B(mu_P)<1.0/c_L=stay_out;nonatom_price:B(mu_P)>=6.0/c_H=prepare;nonatom_price:B(mu_P)<6.0/c_H=stay_out;price_atom[0]/c_L=prepare;price_atom[0]/c_H=stay_out;price_atom[1]/c_L=prepare;price_atom[1]/c_H=prepare]|posterior[mu_P=pooled Bayes posterior on each atom; invert P(mu) on nonatom positive-entry prices]",h=10|ell=1|p=0.5|rho=0.25|c_L=1|c_H=6|b=2|k=0.02|r=3.592658518794662|noise=Laplace|cost=atoms|cost_halfwidth=0|prior_H=0.5|value_law=binary|eps_V=0
3.592658518794662,mixed_mesh_0.05,L,0,-1.0,1.0,0.17131868322177599,0.0,0.0,true,converged-pure (stalled; support solve pruned_to_pure),S1_uniform_v0.5,0.05,92,stalled,0.003029350949407511,0.0,0.0,true,4.794775687599895e-17,"H mixes over the correctly signed mesh {0, m, ..., 1} at spacing 0.05; L plays a pure order -v with v in [0, 1] (OA.60 restriction, residual monotonicity checked)",converged-pure,c2:r=3.592658518794662:full_orders#4,"ps[h=10|ell=1|p=0.5|rho=0.25|c_L=1|c_H=6|b=2|k=0.02|r=3.592658518794662|noise=Laplace|cost=atoms|cost_halfwidth=0|prior_H=0.5|value_law=binary|eps_V=0]|inst[reserve_auction:uniform_incumbent[0,r];sale_to_highest_admissible_at_max(p,min(R,v));bid_equal_reserve_is_admissible=yes]|info[public_price_feedback;investor_observes=fundamental_state;buyer_observes=price_only]|tie[entry_at_indifference=yes;bid_equal_reserve_is_admissible=yes;upper_plateau_enters_at_tau=M;lower_plateau_enters_at_B(m)=c_L]|qH=(1.000000:1.000000)|qL=(-1.000000:1.000000)|price[benchmark_inversion:P(x)=t_0+H_C(B(mu_X(x)))[w_L+Delta_T mu_X(x)]+0.0]|atoms[positive_entry_plateau@0.60961416:mH=0.18393972:mL=0.50000000:mu=0.26894142:preimage=(('-inf', '-1.000000'),);positive_entry_plateau@1.57952721:mH=0.50000000:mL=0.18393972:mu=0.73105858:preimage=(('1.000000', 'inf'),)]|prep[cost_threshold_at_price_information:nonatom_price:B(mu_P)>=1.0/c_L=prepare;nonatom_price:B(mu_P)<1.0/c_L=stay_out;nonatom_price:B(mu_P)>=6.0/c_H=prepare;nonatom_price:B(mu_P)<6.0/c_H=stay_out;price_atom[0]/c_L=prepare;price_atom[0]/c_H=stay_out;price_atom[1]/c_L=prepare;price_atom[1]/c_H=prepare]|posterior[mu_P=pooled Bayes posterior on each atom; invert P(mu) on nonatom positive-entry prices]",h=10|ell=1|p=0.5|rho=0.25|c_L=1|c_H=6|b=2|k=0.02|r=3.592658518794662|noise=Laplace|cost=atoms|cost_halfwidth=0|prior_H=0.5|value_law=binary|eps_V=0
3.592658518794662,mixed_mesh_0.05,H,0,1.0,1.0,0.17131868322177596,0.0,2.7755575615628914e-17,true,converged-pure (stalled; support solve pruned_to_pure),S2_mass_near_1_v0.9,0.05,84,stalled,0.0030293509604260027,2.7755575615628914e-17,0.0,true,4.794775687599895e-17,"H mixes over the correctly signed mesh {0, m, ..., 1} at spacing 0.05; L plays a pure order -v with v in [0, 1] (OA.60 restriction, residual monotonicity checked)",converged-pure,c2:r=3.592658518794662:full_orders#5,"ps[h=10|ell=1|p=0.5|rho=0.25|c_L=1|c_H=6|b=2|k=0.02|r=3.592658518794662|noise=Laplace|cost=atoms|cost_halfwidth=0|prior_H=0.5|value_law=binary|eps_V=0]|inst[reserve_auction:uniform_incumbent[0,r];sale_to_highest_admissible_at_max(p,min(R,v));bid_equal_reserve_is_admissible=yes]|info[public_price_feedback;investor_observes=fundamental_state;buyer_observes=price_only]|tie[entry_at_indifference=yes;bid_equal_reserve_is_admissible=yes;upper_plateau_enters_at_tau=M;lower_plateau_enters_at_B(m)=c_L]|qH=(1.000000:1.000000)|qL=(-1.000000:1.000000)|price[benchmark_inversion:P(x)=t_0+H_C(B(mu_X(x)))[w_L+Delta_T mu_X(x)]+0.0]|atoms[positive_entry_plateau@0.60961416:mH=0.18393972:mL=0.50000000:mu=0.26894142:preimage=(('-inf', '-1.000000'),);positive_entry_plateau@1.57952721:mH=0.50000000:mL=0.18393972:mu=0.73105858:preimage=(('1.000000', 'inf'),)]|prep[cost_threshold_at_price_information:nonatom_price:B(mu_P)>=1.0/c_L=prepare;nonatom_price:B(mu_P)<1.0/c_L=stay_out;nonatom_price:B(mu_P)>=6.0/c_H=prepare;nonatom_price:B(mu_P)<6.0/c_H=stay_out;price_atom[0]/c_L=prepare;price_atom[0]/c_H=stay_out;price_atom[1]/c_L=prepare;price_atom[1]/c_H=prepare]|posterior[mu_P=pooled Bayes posterior on each atom; invert P(mu) on nonatom positive-entry prices]",h=10|ell=1|p=0.5|rho=0.25|c_L=1|c_H=6|b=2|k=0.02|r=3.592658518794662|noise=Laplace|cost=atoms|cost_halfwidth=0|prior_H=0.5|value_law=binary|eps_V=0
3.592658518794662,mixed_mesh_0.05,L,0,-1.0,1.0,0.17131868322177599,0.0,0.0,true,converged-pure (stalled; support solve pruned_to_pure),S2_mass_near_1_v0.9,0.05,84,stalled,0.0030293509604260027,0.0,0.0,true,4.794775687599895e-17,"H mixes over the correctly signed mesh {0, m, ..., 1} at spacing 0.05; L plays a pure order -v with v in [0, 1] (OA.60 restriction, residual monotonicity checked)",converged-pure,c2:r=3.592658518794662:full_orders#5,"ps[h=10|ell=1|p=0.5|rho=0.25|c_L=1|c_H=6|b=2|k=0.02|r=3.592658518794662|noise=Laplace|cost=atoms|cost_halfwidth=0|prior_H=0.5|value_law=binary|eps_V=0]|inst[reserve_auction:uniform_incumbent[0,r];sale_to_highest_admissible_at_max(p,min(R,v));bid_equal_reserve_is_admissible=yes]|info[public_price_feedback;investor_observes=fundamental_state;buyer_observes=price_only]|tie[entry_at_indifference=yes;bid_equal_reserve_is_admissible=yes;upper_plateau_enters_at_tau=M;lower_plateau_enters_at_B(m)=c_L]|qH=(1.000000:1.000000)|qL=(-1.000000:1.000000)|price[benchmark_inversion:P(x)=t_0+H_C(B(mu_X(x)))[w_L+Delta_T mu_X(x)]+0.0]|atoms[positive_entry_plateau@0.60961416:mH=0.18393972:mL=0.50000000:mu=0.26894142:preimage=(('-inf', '-1.000000'),);positive_entry_plateau@1.57952721:mH=0.50000000:mL=0.18393972:mu=0.73105858:preimage=(('1.000000', 'inf'),)]|prep[cost_threshold_at_price_information:nonatom_price:B(mu_P)>=1.0/c_L=prepare;nonatom_price:B(mu_P)<1.0/c_L=stay_out;nonatom_price:B(mu_P)>=6.0/c_H=prepare;nonatom_price:B(mu_P)<6.0/c_H=stay_out;price_atom[0]/c_L=prepare;price_atom[0]/c_H=stay_out;price_atom[1]/c_L=prepare;price_atom[1]/c_H=prepare]|posterior[mu_P=pooled Bayes posterior on each atom; invert P(mu) on nonatom positive-entry prices]",h=10|ell=1|p=0.5|rho=0.25|c_L=1|c_H=6|b=2|k=0.02|r=3.592658518794662|noise=Laplace|cost=atoms|cost_halfwidth=0|prior_H=0.5|value_law=binary|eps_V=0
3.592658518794662,mixed_mesh_0.05,H,0,1.0,1.0,0.17131868322177596,0.0,2.7755575615628914e-17,true,converged-pure (stalled; support solve pruned_to_pure),S3_mass_near_0_v0.1,0.05,98,stalled,0.003029350982212353,2.7755575615628914e-17,0.0,true,4.794775687599895e-17,"H mixes over the correctly signed mesh {0, m, ..., 1} at spacing 0.05; L plays a pure order -v with v in [0, 1] (OA.60 restriction, residual monotonicity checked)",converged-pure,c2:r=3.592658518794662:full_orders#6,"ps[h=10|ell=1|p=0.5|rho=0.25|c_L=1|c_H=6|b=2|k=0.02|r=3.592658518794662|noise=Laplace|cost=atoms|cost_halfwidth=0|prior_H=0.5|value_law=binary|eps_V=0]|inst[reserve_auction:uniform_incumbent[0,r];sale_to_highest_admissible_at_max(p,min(R,v));bid_equal_reserve_is_admissible=yes]|info[public_price_feedback;investor_observes=fundamental_state;buyer_observes=price_only]|tie[entry_at_indifference=yes;bid_equal_reserve_is_admissible=yes;upper_plateau_enters_at_tau=M;lower_plateau_enters_at_B(m)=c_L]|qH=(1.000000:1.000000)|qL=(-1.000000:1.000000)|price[benchmark_inversion:P(x)=t_0+H_C(B(mu_X(x)))[w_L+Delta_T mu_X(x)]+0.0]|atoms[positive_entry_plateau@0.60961416:mH=0.18393972:mL=0.50000000:mu=0.26894142:preimage=(('-inf', '-1.000000'),);positive_entry_plateau@1.57952721:mH=0.50000000:mL=0.18393972:mu=0.73105858:preimage=(('1.000000', 'inf'),)]|prep[cost_threshold_at_price_information:nonatom_price:B(mu_P)>=1.0/c_L=prepare;nonatom_price:B(mu_P)<1.0/c_L=stay_out;nonatom_price:B(mu_P)>=6.0/c_H=prepare;nonatom_price:B(mu_P)<6.0/c_H=stay_out;price_atom[0]/c_L=prepare;price_atom[0]/c_H=stay_out;price_atom[1]/c_L=prepare;price_atom[1]/c_H=prepare]|posterior[mu_P=pooled Bayes posterior on each atom; invert P(mu) on nonatom positive-entry prices]",h=10|ell=1|p=0.5|rho=0.25|c_L=1|c_H=6|b=2|k=0.02|r=3.592658518794662|noise=Laplace|cost=atoms|cost_halfwidth=0|prior_H=0.5|value_law=binary|eps_V=0
3.592658518794662,mixed_mesh_0.05,L,0,-1.0,1.0,0.17131868322177599,0.0,0.0,true,converged-pure (stalled; support solve pruned_to_pure),S3_mass_near_0_v0.1,0.05,98,stalled,0.003029350982212353,0.0,0.0,true,4.794775687599895e-17,"H mixes over the correctly signed mesh {0, m, ..., 1} at spacing 0.05; L plays a pure order -v with v in [0, 1] (OA.60 restriction, residual monotonicity checked)",converged-pure,c2:r=3.592658518794662:full_orders#6,"ps[h=10|ell=1|p=0.5|rho=0.25|c_L=1|c_H=6|b=2|k=0.02|r=3.592658518794662|noise=Laplace|cost=atoms|cost_halfwidth=0|prior_H=0.5|value_law=binary|eps_V=0]|inst[reserve_auction:uniform_incumbent[0,r];sale_to_highest_admissible_at_max(p,min(R,v));bid_equal_reserve_is_admissible=yes]|info[public_price_feedback;investor_observes=fundamental_state;buyer_observes=price_only]|tie[entry_at_indifference=yes;bid_equal_reserve_is_admissible=yes;upper_plateau_enters_at_tau=M;lower_plateau_enters_at_B(m)=c_L]|qH=(1.000000:1.000000)|qL=(-1.000000:1.000000)|price[benchmark_inversion:P(x)=t_0+H_C(B(mu_X(x)))[w_L+Delta_T mu_X(x)]+0.0]|atoms[positive_entry_plateau@0.60961416:mH=0.18393972:mL=0.50000000:mu=0.26894142:preimage=(('-inf', '-1.000000'),);positive_entry_plateau@1.57952721:mH=0.50000000:mL=0.18393972:mu=0.73105858:preimage=(('1.000000', 'inf'),)]|prep[cost_threshold_at_price_information:nonatom_price:B(mu_P)>=1.0/c_L=prepare;nonatom_price:B(mu_P)<1.0/c_L=stay_out;nonatom_price:B(mu_P)>=6.0/c_H=prepare;nonatom_price:B(mu_P)<6.0/c_H=stay_out;price_atom[0]/c_L=prepare;price_atom[0]/c_H=stay_out;price_atom[1]/c_L=prepare;price_atom[1]/c_H=prepare]|posterior[mu_P=pooled Bayes posterior on each atom; invert P(mu) on nonatom positive-entry prices]",h=10|ell=1|p=0.5|rho=0.25|c_L=1|c_H=6|b=2|k=0.02|r=3.592658518794662|noise=Laplace|cost=atoms|cost_halfwidth=0|prior_H=0.5|value_law=binary|eps_V=0
3.6,mixed_mesh_0.025,H,0,1.0,1.0,0.07732154830075973,0.0,2.7755575615628914e-17,true,converged-pure (stalled; support solve pruned_to_pure),S1_uniform_v0.5,0.025,114,stalled,0.003043951702421499,2.7755575615628914e-17,0.0,true,5.488665077990618e-17,"H mixes over the correctly signed mesh {0, m, ..., 1} at spacing 0.025; L plays a pure order -v with v in [0, 1] (OA.60 restriction, residual monotonicity checked)",converged-pure,c2:r=3.6:full_orders#7,"ps[h=10|ell=1|p=0.5|rho=0.25|c_L=1|c_H=6|b=2|k=0.02|r=3.6|noise=Laplace|cost=atoms|cost_halfwidth=0|prior_H=0.5|value_law=binary|eps_V=0]|inst[reserve_auction:uniform_incumbent[0,r];sale_to_highest_admissible_at_max(p,min(R,v));bid_equal_reserve_is_admissible=yes]|info[public_price_feedback;investor_observes=fundamental_state;buyer_observes=price_only]|tie[entry_at_indifference=yes;bid_equal_reserve_is_admissible=yes;upper_plateau_enters_at_tau=M;lower_plateau_enters_at_B(m)=c_L]|qH=(1.000000:1.000000)|qL=(-1.000000:1.000000)|price[benchmark_inversion:P(x)=t_0+H_C(B(mu_X(x)))[w_L+Delta_T mu_X(x)]+0.0]|atoms[positive_entry_plateau@0.61000153:mH=0.18393972:mL=0.50000000:mu=0.26894142:preimage=(('-inf', '-1.000000'),);positive_entry_plateau@0.71847069:mH=0.50000000:mL=0.18393972:mu=0.73105858:preimage=(('1.000000', 'inf'),)]|prep[cost_threshold_at_price_information:nonatom_price:B(mu_P)>=1.0/c_L=prepare;nonatom_price:B(mu_P)<1.0/c_L=stay_out;nonatom_price:B(mu_P)>=6.0/c_H=prepare;nonatom_price:B(mu_P)<6.0/c_H=stay_out;price_atom[0]/c_L=prepare;price_atom[0]/c_H=stay_out;price_atom[1]/c_L=prepare;price_atom[1]/c_H=stay_out]|posterior[mu_P=pooled Bayes posterior on each atom; invert P(mu) on nonatom positive-entry prices]",h=10|ell=1|p=0.5|rho=0.25|c_L=1|c_H=6|b=2|k=0.02|r=3.6|noise=Laplace|cost=atoms|cost_halfwidth=0|prior_H=0.5|value_law=binary|eps_V=0
3.6,mixed_mesh_0.025,L,0,-1.0,1.0,0.07732154830075975,0.0,0.0,true,converged-pure (stalled; support solve pruned_to_pure),S1_uniform_v0.5,0.025,114,stalled,0.003043951702421499,0.0,0.0,true,5.488665077990618e-17,"H mixes over the correctly signed mesh {0, m, ..., 1} at spacing 0.025; L plays a pure order -v with v in [0, 1] (OA.60 restriction, residual monotonicity checked)",converged-pure,c2:r=3.6:full_orders#7,"ps[h=10|ell=1|p=0.5|rho=0.25|c_L=1|c_H=6|b=2|k=0.02|r=3.6|noise=Laplace|cost=atoms|cost_halfwidth=0|prior_H=0.5|value_law=binary|eps_V=0]|inst[reserve_auction:uniform_incumbent[0,r];sale_to_highest_admissible_at_max(p,min(R,v));bid_equal_reserve_is_admissible=yes]|info[public_price_feedback;investor_observes=fundamental_state;buyer_observes=price_only]|tie[entry_at_indifference=yes;bid_equal_reserve_is_admissible=yes;upper_plateau_enters_at_tau=M;lower_plateau_enters_at_B(m)=c_L]|qH=(1.000000:1.000000)|qL=(-1.000000:1.000000)|price[benchmark_inversion:P(x)=t_0+H_C(B(mu_X(x)))[w_L+Delta_T mu_X(x)]+0.0]|atoms[positive_entry_plateau@0.61000153:mH=0.18393972:mL=0.50000000:mu=0.26894142:preimage=(('-inf', '-1.000000'),);positive_entry_plateau@0.71847069:mH=0.50000000:mL=0.18393972:mu=0.73105858:preimage=(('1.000000', 'inf'),)]|prep[cost_threshold_at_price_information:nonatom_price:B(mu_P)>=1.0/c_L=prepare;nonatom_price:B(mu_P)<1.0/c_L=stay_out;nonatom_price:B(mu_P)>=6.0/c_H=prepare;nonatom_price:B(mu_P)<6.0/c_H=stay_out;price_atom[0]/c_L=prepare;price_atom[0]/c_H=stay_out;price_atom[1]/c_L=prepare;price_atom[1]/c_H=stay_out]|posterior[mu_P=pooled Bayes posterior on each atom; invert P(mu) on nonatom positive-entry prices]",h=10|ell=1|p=0.5|rho=0.25|c_L=1|c_H=6|b=2|k=0.02|r=3.6|noise=Laplace|cost=atoms|cost_halfwidth=0|prior_H=0.5|value_law=binary|eps_V=0
3.6,mixed_mesh_0.025,H,0,1.0,1.0,0.07732154830075973,0.0,2.7755575615628914e-17,true,converged-pure (stalled; support solve pruned_to_pure),S2_mass_near_1_v0.9,0.025,106,stalled,0.003043951901008854,2.7755575615628914e-17,0.0,true,5.488665077990618e-17,"H mixes over the correctly signed mesh {0, m, ..., 1} at spacing 0.025; L plays a pure order -v with v in [0, 1] (OA.60 restriction, residual monotonicity checked)",converged-pure,c2:r=3.6:full_orders#8,"ps[h=10|ell=1|p=0.5|rho=0.25|c_L=1|c_H=6|b=2|k=0.02|r=3.6|noise=Laplace|cost=atoms|cost_halfwidth=0|prior_H=0.5|value_law=binary|eps_V=0]|inst[reserve_auction:uniform_incumbent[0,r];sale_to_highest_admissible_at_max(p,min(R,v));bid_equal_reserve_is_admissible=yes]|info[public_price_feedback;investor_observes=fundamental_state;buyer_observes=price_only]|tie[entry_at_indifference=yes;bid_equal_reserve_is_admissible=yes;upper_plateau_enters_at_tau=M;lower_plateau_enters_at_B(m)=c_L]|qH=(1.000000:1.000000)|qL=(-1.000000:1.000000)|price[benchmark_inversion:P(x)=t_0+H_C(B(mu_X(x)))[w_L+Delta_T mu_X(x)]+0.0]|atoms[positive_entry_plateau@0.61000153:mH=0.18393972:mL=0.50000000:mu=0.26894142:preimage=(('-inf', '-1.000000'),);positive_entry_plateau@0.71847069:mH=0.50000000:mL=0.18393972:mu=0.73105858:preimage=(('1.000000', 'inf'),)]|prep[cost_threshold_at_price_information:nonatom_price:B(mu_P)>=1.0/c_L=prepare;nonatom_price:B(mu_P)<1.0/c_L=stay_out;nonatom_price:B(mu_P)>=6.0/c_H=prepare;nonatom_price:B(mu_P)<6.0/c_H=stay_out;price_atom[0]/c_L=prepare;price_atom[0]/c_H=stay_out;price_atom[1]/c_L=prepare;price_atom[1]/c_H=stay_out]|posterior[mu_P=pooled Bayes posterior on each atom; invert P(mu) on nonatom positive-entry prices]",h=10|ell=1|p=0.5|rho=0.25|c_L=1|c_H=6|b=2|k=0.02|r=3.6|noise=Laplace|cost=atoms|cost_halfwidth=0|prior_H=0.5|value_law=binary|eps_V=0
3.6,mixed_mesh_0.025,L,0,-1.0,1.0,0.07732154830075975,0.0,0.0,true,converged-pure (stalled; support solve pruned_to_pure),S2_mass_near_1_v0.9,0.025,106,stalled,0.003043951901008854,0.0,0.0,true,5.488665077990618e-17,"H mixes over the correctly signed mesh {0, m, ..., 1} at spacing 0.025; L plays a pure order -v with v in [0, 1] (OA.60 restriction, residual monotonicity checked)",converged-pure,c2:r=3.6:full_orders#8,"ps[h=10|ell=1|p=0.5|rho=0.25|c_L=1|c_H=6|b=2|k=0.02|r=3.6|noise=Laplace|cost=atoms|cost_halfwidth=0|prior_H=0.5|value_law=binary|eps_V=0]|inst[reserve_auction:uniform_incumbent[0,r];sale_to_highest_admissible_at_max(p,min(R,v));bid_equal_reserve_is_admissible=yes]|info[public_price_feedback;investor_observes=fundamental_state;buyer_observes=price_only]|tie[entry_at_indifference=yes;bid_equal_reserve_is_admissible=yes;upper_plateau_enters_at_tau=M;lower_plateau_enters_at_B(m)=c_L]|qH=(1.000000:1.000000)|qL=(-1.000000:1.000000)|price[benchmark_inversion:P(x)=t_0+H_C(B(mu_X(x)))[w_L+Delta_T mu_X(x)]+0.0]|atoms[positive_entry_plateau@0.61000153:mH=0.18393972:mL=0.50000000:mu=0.26894142:preimage=(('-inf', '-1.000000'),);positive_entry_plateau@0.71847069:mH=0.50000000:mL=0.18393972:mu=0.73105858:preimage=(('1.000000', 'inf'),)]|prep[cost_threshold_at_price_information:nonatom_price:B(mu_P)>=1.0/c_L=prepare;nonatom_price:B(mu_P)<1.0/c_L=stay_out;nonatom_price:B(mu_P)>=6.0/c_H=prepare;nonatom_price:B(mu_P)<6.0/c_H=stay_out;price_atom[0]/c_L=prepare;price_atom[0]/c_H=stay_out;price_atom[1]/c_L=prepare;price_atom[1]/c_H=stay_out]|posterior[mu_P=pooled Bayes posterior on each atom; invert P(mu) on nonatom positive-entry prices]",h=10|ell=1|p=0.5|rho=0.25|c_L=1|c_H=6|b=2|k=0.02|r=3.6|noise=Laplace|cost=atoms|cost_halfwidth=0|prior_H=0.5|value_law=binary|eps_V=0
3.6,mixed_mesh_0.025,H,0,1.0,1.0,0.07732154830075973,0.0,2.7755575615628914e-17,true,converged-pure (stalled; support solve pruned_to_pure),S3_mass_near_0_v0.1,0.025,120,stalled,0.0030439522499536714,2.7755575615628914e-17,0.0,true,5.488665077990618e-17,"H mixes over the correctly signed mesh {0, m, ..., 1} at spacing 0.025; L plays a pure order -v with v in [0, 1] (OA.60 restriction, residual monotonicity checked)",converged-pure,c2:r=3.6:full_orders#9,"ps[h=10|ell=1|p=0.5|rho=0.25|c_L=1|c_H=6|b=2|k=0.02|r=3.6|noise=Laplace|cost=atoms|cost_halfwidth=0|prior_H=0.5|value_law=binary|eps_V=0]|inst[reserve_auction:uniform_incumbent[0,r];sale_to_highest_admissible_at_max(p,min(R,v));bid_equal_reserve_is_admissible=yes]|info[public_price_feedback;investor_observes=fundamental_state;buyer_observes=price_only]|tie[entry_at_indifference=yes;bid_equal_reserve_is_admissible=yes;upper_plateau_enters_at_tau=M;lower_plateau_enters_at_B(m)=c_L]|qH=(1.000000:1.000000)|qL=(-1.000000:1.000000)|price[benchmark_inversion:P(x)=t_0+H_C(B(mu_X(x)))[w_L+Delta_T mu_X(x)]+0.0]|atoms[positive_entry_plateau@0.61000153:mH=0.18393972:mL=0.50000000:mu=0.26894142:preimage=(('-inf', '-1.000000'),);positive_entry_plateau@0.71847069:mH=0.50000000:mL=0.18393972:mu=0.73105858:preimage=(('1.000000', 'inf'),)]|prep[cost_threshold_at_price_information:nonatom_price:B(mu_P)>=1.0/c_L=prepare;nonatom_price:B(mu_P)<1.0/c_L=stay_out;nonatom_price:B(mu_P)>=6.0/c_H=prepare;nonatom_price:B(mu_P)<6.0/c_H=stay_out;price_atom[0]/c_L=prepare;price_atom[0]/c_H=stay_out;price_atom[1]/c_L=prepare;price_atom[1]/c_H=stay_out]|posterior[mu_P=pooled Bayes posterior on each atom; invert P(mu) on nonatom positive-entry prices]",h=10|ell=1|p=0.5|rho=0.25|c_L=1|c_H=6|b=2|k=0.02|r=3.6|noise=Laplace|cost=atoms|cost_halfwidth=0|prior_H=0.5|value_law=binary|eps_V=0
3.6,mixed_mesh_0.025,L,0,-1.0,1.0,0.07732154830075975,0.0,0.0,true,converged-pure (stalled; support solve pruned_to_pure),S3_mass_near_0_v0.1,0.025,120,stalled,0.0030439522499536714,0.0,0.0,true,5.488665077990618e-17,"H mixes over the correctly signed mesh {0, m, ..., 1} at spacing 0.025; L plays a pure order -v with v in [0, 1] (OA.60 restriction, residual monotonicity checked)",converged-pure,c2:r=3.6:full_orders#9,"ps[h=10|ell=1|p=0.5|rho=0.25|c_L=1|c_H=6|b=2|k=0.02|r=3.6|noise=Laplace|cost=atoms|cost_halfwidth=0|prior_H=0.5|value_law=binary|eps_V=0]|inst[reserve_auction:uniform_incumbent[0,r];sale_to_highest_admissible_at_max(p,min(R,v));bid_equal_reserve_is_admissible=yes]|info[public_price_feedback;investor_observes=fundamental_state;buyer_observes=price_only]|tie[entry_at_indifference=yes;bid_equal_reserve_is_admissible=yes;upper_plateau_enters_at_tau=M;lower_plateau_enters_at_B(m)=c_L]|qH=(1.000000:1.000000)|qL=(-1.000000:1.000000)|price[benchmark_inversion:P(x)=t_0+H_C(B(mu_X(x)))[w_L+Delta_T mu_X(x)]+0.0]|atoms[positive_entry_plateau@0.61000153:mH=0.18393972:mL=0.50000000:mu=0.26894142:preimage=(('-inf', '-1.000000'),);positive_entry_plateau@0.71847069:mH=0.50000000:mL=0.18393972:mu=0.73105858:preimage=(('1.000000', 'inf'),)]|prep[cost_threshold_at_price_information:nonatom_price:B(mu_P)>=1.0/c_L=prepare;nonatom_price:B(mu_P)<1.0/c_L=stay_out;nonatom_price:B(mu_P)>=6.0/c_H=prepare;nonatom_price:B(mu_P)<6.0/c_H=stay_out;price_atom[0]/c_L=prepare;price_atom[0]/c_H=stay_out;price_atom[1]/c_L=prepare;price_atom[1]/c_H=stay_out]|posterior[mu_P=pooled Bayes posterior on each atom; invert P(mu) on nonatom positive-entry prices]",h=10|ell=1|p=0.5|rho=0.25|c_L=1|c_H=6|b=2|k=0.02|r=3.6|noise=Laplace|cost=atoms|cost_halfwidth=0|prior_H=0.5|value_law=binary|eps_V=0
3.6,mixed_mesh_0.05,H,0,1.0,1.0,0.07732154830075973,0.0,2.7755575615628914e-17,true,converged-pure (stalled; support solve pruned_to_pure),S1_uniform_v0.5,0.05,91,stalled,0.0030439389869787586,2.7755575615628914e-17,0.0,true,5.488665077990618e-17,"H mixes over the correctly signed mesh {0, m, ..., 1} at spacing 0.05; L plays a pure order -v with v in [0, 1] (OA.60 restriction, residual monotonicity checked)",converged-pure,c2:r=3.6:full_orders#4,"ps[h=10|ell=1|p=0.5|rho=0.25|c_L=1|c_H=6|b=2|k=0.02|r=3.6|noise=Laplace|cost=atoms|cost_halfwidth=0|prior_H=0.5|value_law=binary|eps_V=0]|inst[reserve_auction:uniform_incumbent[0,r];sale_to_highest_admissible_at_max(p,min(R,v));bid_equal_reserve_is_admissible=yes]|info[public_price_feedback;investor_observes=fundamental_state;buyer_observes=price_only]|tie[entry_at_indifference=yes;bid_equal_reserve_is_admissible=yes;upper_plateau_enters_at_tau=M;lower_plateau_enters_at_B(m)=c_L]|qH=(1.000000:1.000000)|qL=(-1.000000:1.000000)|price[benchmark_inversion:P(x)=t_0+H_C(B(mu_X(x)))[w_L+Delta_T mu_X(x)]+0.0]|atoms[positive_entry_plateau@0.61000153:mH=0.18393972:mL=0.50000000:mu=0.26894142:preimage=(('-inf', '-1.000000'),);positive_entry_plateau@0.71847069:mH=0.50000000:mL=0.18393972:mu=0.73105858:preimage=(('1.000000', 'inf'),)]|prep[cost_threshold_at_price_information:nonatom_price:B(mu_P)>=1.0/c_L=prepare;nonatom_price:B(mu_P)<1.0/c_L=stay_out;nonatom_price:B(mu_P)>=6.0/c_H=prepare;nonatom_price:B(mu_P)<6.0/c_H=stay_out;price_atom[0]/c_L=prepare;price_atom[0]/c_H=stay_out;price_atom[1]/c_L=prepare;price_atom[1]/c_H=stay_out]|posterior[mu_P=pooled Bayes posterior on each atom; invert P(mu) on nonatom positive-entry prices]",h=10|ell=1|p=0.5|rho=0.25|c_L=1|c_H=6|b=2|k=0.02|r=3.6|noise=Laplace|cost=atoms|cost_halfwidth=0|prior_H=0.5|value_law=binary|eps_V=0
3.6,mixed_mesh_0.05,L,0,-1.0,1.0,0.07732154830075975,0.0,0.0,true,converged-pure (stalled; support solve pruned_to_pure),S1_uniform_v0.5,0.05,91,stalled,0.0030439389869787586,0.0,0.0,true,5.488665077990618e-17,"H mixes over the correctly signed mesh {0, m, ..., 1} at spacing 0.05; L plays a pure order -v with v in [0, 1] (OA.60 restriction, residual monotonicity checked)",converged-pure,c2:r=3.6:full_orders#4,"ps[h=10|ell=1|p=0.5|rho=0.25|c_L=1|c_H=6|b=2|k=0.02|r=3.6|noise=Laplace|cost=atoms|cost_halfwidth=0|prior_H=0.5|value_law=binary|eps_V=0]|inst[reserve_auction:uniform_incumbent[0,r];sale_to_highest_admissible_at_max(p,min(R,v));bid_equal_reserve_is_admissible=yes]|info[public_price_feedback;investor_observes=fundamental_state;buyer_observes=price_only]|tie[entry_at_indifference=yes;bid_equal_reserve_is_admissible=yes;upper_plateau_enters_at_tau=M;lower_plateau_enters_at_B(m)=c_L]|qH=(1.000000:1.000000)|qL=(-1.000000:1.000000)|price[benchmark_inversion:P(x)=t_0+H_C(B(mu_X(x)))[w_L+Delta_T mu_X(x)]+0.0]|atoms[positive_entry_plateau@0.61000153:mH=0.18393972:mL=0.50000000:mu=0.26894142:preimage=(('-inf', '-1.000000'),);positive_entry_plateau@0.71847069:mH=0.50000000:mL=0.18393972:mu=0.73105858:preimage=(('1.000000', 'inf'),)]|prep[cost_threshold_at_price_information:nonatom_price:B(mu_P)>=1.0/c_L=prepare;nonatom_price:B(mu_P)<1.0/c_L=stay_out;nonatom_price:B(mu_P)>=6.0/c_H=prepare;nonatom_price:B(mu_P)<6.0/c_H=stay_out;price_atom[0]/c_L=prepare;price_atom[0]/c_H=stay_out;price_atom[1]/c_L=prepare;price_atom[1]/c_H=stay_out]|posterior[mu_P=pooled Bayes posterior on each atom; invert P(mu) on nonatom positive-entry prices]",h=10|ell=1|p=0.5|rho=0.25|c_L=1|c_H=6|b=2|k=0.02|r=3.6|noise=Laplace|cost=atoms|cost_halfwidth=0|prior_H=0.5|value_law=binary|eps_V=0
3.6,mixed_mesh_0.05,H,0,1.0,1.0,0.07732154830075973,0.0,2.7755575615628914e-17,true,converged-pure (stalled; support solve pruned_to_pure),S2_mass_near_1_v0.9,0.05,84,stalled,0.003043938951790018,2.7755575615628914e-17,0.0,true,5.488665077990618e-17,"H mixes over the correctly signed mesh {0, m, ..., 1} at spacing 0.05; L plays a pure order -v with v in [0, 1] (OA.60 restriction, residual monotonicity checked)",converged-pure,c2:r=3.6:full_orders#5,"ps[h=10|ell=1|p=0.5|rho=0.25|c_L=1|c_H=6|b=2|k=0.02|r=3.6|noise=Laplace|cost=atoms|cost_halfwidth=0|prior_H=0.5|value_law=binary|eps_V=0]|inst[reserve_auction:uniform_incumbent[0,r];sale_to_highest_admissible_at_max(p,min(R,v));bid_equal_reserve_is_admissible=yes]|info[public_price_feedback;investor_observes=fundamental_state;buyer_observes=price_only]|tie[entry_at_indifference=yes;bid_equal_reserve_is_admissible=yes;upper_plateau_enters_at_tau=M;lower_plateau_enters_at_B(m)=c_L]|qH=(1.000000:1.000000)|qL=(-1.000000:1.000000)|price[benchmark_inversion:P(x)=t_0+H_C(B(mu_X(x)))[w_L+Delta_T mu_X(x)]+0.0]|atoms[positive_entry_plateau@0.61000153:mH=0.18393972:mL=0.50000000:mu=0.26894142:preimage=(('-inf', '-1.000000'),);positive_entry_plateau@0.71847069:mH=0.50000000:mL=0.18393972:mu=0.73105858:preimage=(('1.000000', 'inf'),)]|prep[cost_threshold_at_price_information:nonatom_price:B(mu_P)>=1.0/c_L=prepare;nonatom_price:B(mu_P)<1.0/c_L=stay_out;nonatom_price:B(mu_P)>=6.0/c_H=prepare;nonatom_price:B(mu_P)<6.0/c_H=stay_out;price_atom[0]/c_L=prepare;price_atom[0]/c_H=stay_out;price_atom[1]/c_L=prepare;price_atom[1]/c_H=stay_out]|posterior[mu_P=pooled Bayes posterior on each atom; invert P(mu) on nonatom positive-entry prices]",h=10|ell=1|p=0.5|rho=0.25|c_L=1|c_H=6|b=2|k=0.02|r=3.6|noise=Laplace|cost=atoms|cost_halfwidth=0|prior_H=0.5|value_law=binary|eps_V=0
3.6,mixed_mesh_0.05,L,0,-1.0,1.0,0.07732154830075975,0.0,0.0,true,converged-pure (stalled; support solve pruned_to_pure),S2_mass_near_1_v0.9,0.05,84,stalled,0.003043938951790018,0.0,0.0,true,5.488665077990618e-17,"H mixes over the correctly signed mesh {0, m, ..., 1} at spacing 0.05; L plays a pure order -v with v in [0, 1] (OA.60 restriction, residual monotonicity checked)",converged-pure,c2:r=3.6:full_orders#5,"ps[h=10|ell=1|p=0.5|rho=0.25|c_L=1|c_H=6|b=2|k=0.02|r=3.6|noise=Laplace|cost=atoms|cost_halfwidth=0|prior_H=0.5|value_law=binary|eps_V=0]|inst[reserve_auction:uniform_incumbent[0,r];sale_to_highest_admissible_at_max(p,min(R,v));bid_equal_reserve_is_admissible=yes]|info[public_price_feedback;investor_observes=fundamental_state;buyer_observes=price_only]|tie[entry_at_indifference=yes;bid_equal_reserve_is_admissible=yes;upper_plateau_enters_at_tau=M;lower_plateau_enters_at_B(m)=c_L]|qH=(1.000000:1.000000)|qL=(-1.000000:1.000000)|price[benchmark_inversion:P(x)=t_0+H_C(B(mu_X(x)))[w_L+Delta_T mu_X(x)]+0.0]|atoms[positive_entry_plateau@0.61000153:mH=0.18393972:mL=0.50000000:mu=0.26894142:preimage=(('-inf', '-1.000000'),);positive_entry_plateau@0.71847069:mH=0.50000000:mL=0.18393972:mu=0.73105858:preimage=(('1.000000', 'inf'),)]|prep[cost_threshold_at_price_information:nonatom_price:B(mu_P)>=1.0/c_L=prepare;nonatom_price:B(mu_P)<1.0/c_L=stay_out;nonatom_price:B(mu_P)>=6.0/c_H=prepare;nonatom_price:B(mu_P)<6.0/c_H=stay_out;price_atom[0]/c_L=prepare;price_atom[0]/c_H=stay_out;price_atom[1]/c_L=prepare;price_atom[1]/c_H=stay_out]|posterior[mu_P=pooled Bayes posterior on each atom; invert P(mu) on nonatom positive-entry prices]",h=10|ell=1|p=0.5|rho=0.25|c_L=1|c_H=6|b=2|k=0.02|r=3.6|noise=Laplace|cost=atoms|cost_halfwidth=0|prior_H=0.5|value_law=binary|eps_V=0
3.6,mixed_mesh_0.05,H,0,1.0,1.0,0.07732154830075973,0.0,2.7755575615628914e-17,true,converged-pure (stalled; support solve pruned_to_pure),S3_mass_near_0_v0.1,0.05,98,stalled,0.0030439389693212165,2.7755575615628914e-17,0.0,true,5.488665077990618e-17,"H mixes over the correctly signed mesh {0, m, ..., 1} at spacing 0.05; L plays a pure order -v with v in [0, 1] (OA.60 restriction, residual monotonicity checked)",converged-pure,c2:r=3.6:full_orders#6,"ps[h=10|ell=1|p=0.5|rho=0.25|c_L=1|c_H=6|b=2|k=0.02|r=3.6|noise=Laplace|cost=atoms|cost_halfwidth=0|prior_H=0.5|value_law=binary|eps_V=0]|inst[reserve_auction:uniform_incumbent[0,r];sale_to_highest_admissible_at_max(p,min(R,v));bid_equal_reserve_is_admissible=yes]|info[public_price_feedback;investor_observes=fundamental_state;buyer_observes=price_only]|tie[entry_at_indifference=yes;bid_equal_reserve_is_admissible=yes;upper_plateau_enters_at_tau=M;lower_plateau_enters_at_B(m)=c_L]|qH=(1.000000:1.000000)|qL=(-1.000000:1.000000)|price[benchmark_inversion:P(x)=t_0+H_C(B(mu_X(x)))[w_L+Delta_T mu_X(x)]+0.0]|atoms[positive_entry_plateau@0.61000153:mH=0.18393972:mL=0.50000000:mu=0.26894142:preimage=(('-inf', '-1.000000'),);positive_entry_plateau@0.71847069:mH=0.50000000:mL=0.18393972:mu=0.73105858:preimage=(('1.000000', 'inf'),)]|prep[cost_threshold_at_price_information:nonatom_price:B(mu_P)>=1.0/c_L=prepare;nonatom_price:B(mu_P)<1.0/c_L=stay_out;nonatom_price:B(mu_P)>=6.0/c_H=prepare;nonatom_price:B(mu_P)<6.0/c_H=stay_out;price_atom[0]/c_L=prepare;price_atom[0]/c_H=stay_out;price_atom[1]/c_L=prepare;price_atom[1]/c_H=stay_out]|posterior[mu_P=pooled Bayes posterior on each atom; invert P(mu) on nonatom positive-entry prices]",h=10|ell=1|p=0.5|rho=0.25|c_L=1|c_H=6|b=2|k=0.02|r=3.6|noise=Laplace|cost=atoms|cost_halfwidth=0|prior_H=0.5|value_law=binary|eps_V=0
3.6,mixed_mesh_0.05,L,0,-1.0,1.0,0.07732154830075975,0.0,0.0,true,converged-pure (stalled; support solve pruned_to_pure),S3_mass_near_0_v0.1,0.05,98,stalled,0.0030439389693212165,0.0,0.0,true,5.488665077990618e-17,"H mixes over the correctly signed mesh {0, m, ..., 1} at spacing 0.05; L plays a pure order -v with v in [0, 1] (OA.60 restriction, residual monotonicity checked)",converged-pure,c2:r=3.6:full_orders#6,"ps[h=10|ell=1|p=0.5|rho=0.25|c_L=1|c_H=6|b=2|k=0.02|r=3.6|noise=Laplace|cost=atoms|cost_halfwidth=0|prior_H=0.5|value_law=binary|eps_V=0]|inst[reserve_auction:uniform_incumbent[0,r];sale_to_highest_admissible_at_max(p,min(R,v));bid_equal_reserve_is_admissible=yes]|info[public_price_feedback;investor_observes=fundamental_state;buyer_observes=price_only]|tie[entry_at_indifference=yes;bid_equal_reserve_is_admissible=yes;upper_plateau_enters_at_tau=M;lower_plateau_enters_at_B(m)=c_L]|qH=(1.000000:1.000000)|qL=(-1.000000:1.000000)|price[benchmark_inversion:P(x)=t_0+H_C(B(mu_X(x)))[w_L+Delta_T mu_X(x)]+0.0]|atoms[positive_entry_plateau@0.61000153:mH=0.18393972:mL=0.50000000:mu=0.26894142:preimage=(('-inf', '-1.000000'),);positive_entry_plateau@0.71847069:mH=0.50000000:mL=0.18393972:mu=0.73105858:preimage=(('1.000000', 'inf'),)]|prep[cost_threshold_at_price_information:nonatom_price:B(mu_P)>=1.0/c_L=prepare;nonatom_price:B(mu_P)<1.0/c_L=stay_out;nonatom_price:B(mu_P)>=6.0/c_H=prepare;nonatom_price:B(mu_P)<6.0/c_H=stay_out;price_atom[0]/c_L=prepare;price_atom[0]/c_H=stay_out;price_atom[1]/c_L=prepare;price_atom[1]/c_H=stay_out]|posterior[mu_P=pooled Bayes posterior on each atom; invert P(mu) on nonatom positive-entry prices]",h=10|ell=1|p=0.5|rho=0.25|c_L=1|c_H=6|b=2|k=0.02|r=3.6|noise=Laplace|cost=atoms|cost_halfwidth=0|prior_H=0.5|value_law=binary|eps_V=0
