r,branch,q_H,q_L,v,e_H,e_L,E,O_H,R_T,tau,x_star,pooling_exists,pooling_unique_bound,full_unique_bound,existence_status,uniqueness_status,accepted,multiplicity_found,epsilon_P,epsilon_e,epsilon_q,tail_bound,unresolved_reason,candidate_id,continuation_id,parameter_set_id,search_path,duplicate_of,n_distinct_accepted,result_status,quadrature_error,quadrature_target,quadrature_error_refined,quadrature_target_refined,quadrature_refinement,tail_truncation_bound,tail_truncation_formula,between_grid_spacing,between_grid_lipschitz_bound,between_grid_closed,between_grid_coverage,residual_approximation_error,posterior_inversion_error,entry_independent_error,deviation_argmax_H,deviation_gain_H,deviation_argmax_L,deviation_gain_L,error_budget_breaches
1.2,asymmetric_tangency,1.0,-0.09122348094069108,0.09122348094069108,0.6250000001160514,0.46730769224044233,0.5461538461782469,0.3125000000580257,0.5130608974465232,0.6331168831168831,0.9999999993810604,0.017916666666666674,0.003333333333333393,-0.019439705372145847,no candidate,not established,false,true,5.551115123125783e-17,0.0,0.01575092193040456,0.0,"local |Psi| minimum 1.588e-02 exceeds the numerical resolution 1.0e-08: resolved non-root, no candidate formed",c2:r=1.2:asymmetric_tangency#3,"ps[h=10|ell=1|p=0.5|rho=0.25|c_L=1|c_H=6|b=2|k=0.02|r=1.2|noise=Laplace|cost=atoms|cost_halfwidth=0|prior_H=0.5|value_law=binary|eps_V=0]|inst[reserve_auction:uniform_incumbent[0,r];sale_to_highest_admissible_at_max(p,min(R,v));bid_equal_reserve_is_admissible=yes]|info[public_price_feedback;investor_observes=fundamental_state;buyer_observes=price_only]|tie[entry_at_indifference=yes;bid_equal_reserve_is_admissible=yes;upper_plateau_enters_at_tau=M;lower_plateau_enters_at_B(m)=c_L]|qH=(1.000000:1.000000)|qL=(-0.091223:1.000000)|price[benchmark_inversion]|atoms[none]|prep[cost_threshold_at_price_information:zero_entry_pool/c_L=stay_out;zero_entry_pool/c_H=stay_out;positive_entry_price/c_L=prepare;positive_entry_price/c_H=prepare]",h=10|ell=1|p=0.5|rho=0.25|c_L=1|c_H=6|b=2|k=0.02|r=1.2|noise=Laplace|cost=atoms|cost_halfwidth=0|prior_H=0.5|value_law=binary|eps_V=0,"asymmetric: |Psi| minimisation on [0.08122,0.1012] without sign change (41-point sub-mesh)",,2,no candidate,2.710505431213761e-19,1e-11,3.220080452281948e-19,1e-12,Gauss-Legendre order 48 -> 64 and order intervals 400 -> 800; refined estimate checked against target/10,0.0,exterior tails integrated analytically against the constant Laplace residual; truncation bound 0,0.0025,5.62499999999999e-05,false,"finite grid over [-1, 1] at spacing 0.0025; Lipschitz bound 5.625e-05 on unscanned gains (not enclosed within the deviation acceptance: numerical diagnostic)",6.288372600415926e-17,1.3711254354120683e-14,2.220446049250313e-16,0.0,0.01575092193040456,0.0,0.0014368539265165732,
1.2,full_orders,1.0,-1.0,1.0,0.7012127158693509,0.42314340054750466,0.5621780582084277,0.35060635793467543,0.5200389206730806,0.6331168831168831,0.5456117398514061,0.017916666666666674,0.003333333333333393,-0.019439705372145847,rejected,not established,false,true,1.1102230246251565e-16,0.0,0.01619177794332649,0.0,epsilon_q=1.619e-02,c2:r=1.2:full_orders#2,"ps[h=10|ell=1|p=0.5|rho=0.25|c_L=1|c_H=6|b=2|k=0.02|r=1.2|noise=Laplace|cost=atoms|cost_halfwidth=0|prior_H=0.5|value_law=binary|eps_V=0]|inst[reserve_auction:uniform_incumbent[0,r];sale_to_highest_admissible_at_max(p,min(R,v));bid_equal_reserve_is_admissible=yes]|info[public_price_feedback;investor_observes=fundamental_state;buyer_observes=price_only]|tie[entry_at_indifference=yes;bid_equal_reserve_is_admissible=yes;upper_plateau_enters_at_tau=M;lower_plateau_enters_at_B(m)=c_L]|qH=(1.000000:1.000000)|qL=(-1.000000:1.000000)|price[benchmark_inversion]|atoms[none]|prep[cost_threshold_at_price_information:zero_entry_pool/c_L=stay_out;zero_entry_pool/c_H=stay_out;positive_entry_price/c_L=prepare;positive_entry_price/c_H=prepare]",h=10|ell=1|p=0.5|rho=0.25|c_L=1|c_H=6|b=2|k=0.02|r=1.2|noise=Laplace|cost=atoms|cost_halfwidth=0|prior_H=0.5|value_law=binary|eps_V=0,"full_orders: declared profile (1,-1)",,2,rejected,6.440160904563896e-19,1e-11,6.440160904563897e-19,1e-12,Gauss-Legendre order 48 -> 64 and order intervals 400 -> 800; refined estimate checked against target/10,0.0,exterior tails integrated analytically against the constant Laplace residual; truncation bound 0,0.0025,5.62499999999999e-05,false,"finite grid over [-1, 1] at spacing 0.0025; Lipschitz bound 5.625e-05 on unscanned gains (not enclosed within the deviation acceptance: numerical diagnostic)",8.153200337090993e-17,1.509903313490213e-14,1.1102230246251565e-16,0.0,0.01619177794332649,0.0,0.01619177794332649,
1.2,pooling,0.0,0.0,-0.0,0.25000000000000006,0.25000000000000006,0.25000000000000006,0.12500000000000003,0.3927083333333333,0.6331168831168831,inf,0.017916666666666674,0.003333333333333393,-0.019439705372145847,analytical,analytical (Delta_T < k),true,true,0.0,0.0,0.0,0.0,,c2:r=1.2:pooling#1,"ps[h=10|ell=1|p=0.5|rho=0.25|c_L=1|c_H=6|b=2|k=0.02|r=1.2|noise=Laplace|cost=atoms|cost_halfwidth=0|prior_H=0.5|value_law=binary|eps_V=0]|inst[reserve_auction:uniform_incumbent[0,r];sale_to_highest_admissible_at_max(p,min(R,v));bid_equal_reserve_is_admissible=yes]|info[public_price_feedback;investor_observes=fundamental_state;buyer_observes=price_only]|tie[entry_at_indifference=yes;bid_equal_reserve_is_admissible=yes;upper_plateau_enters_at_tau=M;lower_plateau_enters_at_B(m)=c_L]|qH=(0.000000:1.000000)|qL=(0.000000:1.000000)|price[constant_price]|atoms[none]|prep[cost_threshold_at_price_information:zero_entry_pool/c_L=stay_out;zero_entry_pool/c_H=stay_out;positive_entry_price/c_L=prepare;positive_entry_price/c_H=stay_out]",h=10|ell=1|p=0.5|rho=0.25|c_L=1|c_H=6|b=2|k=0.02|r=1.2|noise=Laplace|cost=atoms|cost_halfwidth=0|prior_H=0.5|value_law=binary|eps_V=0,"pooling: declared profile (0,0)",,2,analytical,1.0625181290357943e-19,1e-11,1.0842021724855044e-19,1e-12,Gauss-Legendre order 48 -> 64 and order intervals 400 -> 800; refined estimate checked against target/10,0.0,exterior tails integrated analytically against the constant Laplace residual; truncation bound 0,0.0025,5.62499999999999e-05,true,analytical cover closes between-grid deviations,0.0,1.509903313490213e-14,5.551115123125783e-17,0.0,0.0,0.0,0.0,
1.2,pooling,0.0,-7.52316384526264e-38,7.52316384526264e-38,0.25000000000000006,0.25000000000000006,0.25000000000000006,0.12500000000000003,0.3927083333333333,0.6331168831168831,inf,0.017916666666666674,0.003333333333333393,-0.019439705372145847,numerical diagnostic,not established,true,true,0.0,0.0,1.3479001889428903e-39,0.0,,c2:r=1.2:pooling#10,"ps[h=10|ell=1|p=0.5|rho=0.25|c_L=1|c_H=6|b=2|k=0.02|r=1.2|noise=Laplace|cost=atoms|cost_halfwidth=0|prior_H=0.5|value_law=binary|eps_V=0]|inst[reserve_auction:uniform_incumbent[0,r];sale_to_highest_admissible_at_max(p,min(R,v));bid_equal_reserve_is_admissible=yes]|info[public_price_feedback;investor_observes=fundamental_state;buyer_observes=price_only]|tie[entry_at_indifference=yes;bid_equal_reserve_is_admissible=yes;upper_plateau_enters_at_tau=M;lower_plateau_enters_at_B(m)=c_L]|qH=(0.000000:1.000000)|qL=(-0.000000:1.000000)|price[benchmark_inversion]|atoms[none]|prep[cost_threshold_at_price_information:zero_entry_pool/c_L=stay_out;zero_entry_pool/c_H=stay_out;positive_entry_price/c_L=prepare;positive_entry_price/c_H=stay_out]",h=10|ell=1|p=0.5|rho=0.25|c_L=1|c_H=6|b=2|k=0.02|r=1.2|noise=Laplace|cost=atoms|cost_halfwidth=0|prior_H=0.5|value_law=binary|eps_V=0,"mixed: mesh 0.025, start S3_mass_near_0_v0.1",c2:r=1.2:symmetric_interior#4,2,numerical diagnostic,1.0625181290357943e-19,1e-11,1.0842021724855044e-19,1e-12,Gauss-Legendre order 48 -> 64 and order intervals 400 -> 800; refined estimate checked against target/10,0.0,exterior tails integrated analytically against the constant Laplace residual; truncation bound 0,0.0025,5.62499999999999e-05,false,"finite grid over [-1, 1] at spacing 0.0025; Lipschitz bound 5.625e-05 on unscanned gains (not enclosed within the deviation acceptance: numerical diagnostic)",0.0,1.509903313490213e-14,5.551115123125783e-17,0.0,0.0,0.0,1.3479001889428903e-39,
1.2,pooling,0.0,-3.76158192263132e-37,3.76158192263132e-37,0.25000000000000006,0.25000000000000006,0.25000000000000006,0.12500000000000003,0.3927083333333333,0.6331168831168831,inf,0.017916666666666674,0.003333333333333393,-0.019439705372145847,numerical diagnostic,not established,true,true,0.0,0.0,6.739500944714451e-39,0.0,,c2:r=1.2:pooling#5,"ps[h=10|ell=1|p=0.5|rho=0.25|c_L=1|c_H=6|b=2|k=0.02|r=1.2|noise=Laplace|cost=atoms|cost_halfwidth=0|prior_H=0.5|value_law=binary|eps_V=0]|inst[reserve_auction:uniform_incumbent[0,r];sale_to_highest_admissible_at_max(p,min(R,v));bid_equal_reserve_is_admissible=yes]|info[public_price_feedback;investor_observes=fundamental_state;buyer_observes=price_only]|tie[entry_at_indifference=yes;bid_equal_reserve_is_admissible=yes;upper_plateau_enters_at_tau=M;lower_plateau_enters_at_B(m)=c_L]|qH=(0.000000:1.000000)|qL=(-0.000000:1.000000)|price[benchmark_inversion]|atoms[none]|prep[cost_threshold_at_price_information:zero_entry_pool/c_L=stay_out;zero_entry_pool/c_H=stay_out;positive_entry_price/c_L=prepare;positive_entry_price/c_H=stay_out]",h=10|ell=1|p=0.5|rho=0.25|c_L=1|c_H=6|b=2|k=0.02|r=1.2|noise=Laplace|cost=atoms|cost_halfwidth=0|prior_H=0.5|value_law=binary|eps_V=0,"mixed: mesh 0.05, start S1_uniform_v0.5",c2:r=1.2:symmetric_interior#4,2,numerical diagnostic,1.0625181290357943e-19,1e-11,1.0842021724855044e-19,1e-12,Gauss-Legendre order 48 -> 64 and order intervals 400 -> 800; refined estimate checked against target/10,0.0,exterior tails integrated analytically against the constant Laplace residual; truncation bound 0,0.0025,5.62499999999999e-05,false,"finite grid over [-1, 1] at spacing 0.0025; Lipschitz bound 5.625e-05 on unscanned gains (not enclosed within the deviation acceptance: numerical diagnostic)",0.0,1.509903313490213e-14,5.551115123125783e-17,0.0,0.0,0.0,6.739500944714451e-39,
1.2,pooling,0.0,-2.6822090148925782e-08,2.6822090148925782e-08,0.25000000000000006,0.25000000000000006,0.25000000000000006,0.12500000000000003,0.3927083333333333,0.6331168831168831,inf,0.017916666666666674,0.003333333333333393,-0.019439705372145847,numerical diagnostic,not established,true,true,5.551115123125783e-17,0.0,4.805624485015871e-10,0.0,,c2:r=1.2:pooling#6,"ps[h=10|ell=1|p=0.5|rho=0.25|c_L=1|c_H=6|b=2|k=0.02|r=1.2|noise=Laplace|cost=atoms|cost_halfwidth=0|prior_H=0.5|value_law=binary|eps_V=0]|inst[reserve_auction:uniform_incumbent[0,r];sale_to_highest_admissible_at_max(p,min(R,v));bid_equal_reserve_is_admissible=yes]|info[public_price_feedback;investor_observes=fundamental_state;buyer_observes=price_only]|tie[entry_at_indifference=yes;bid_equal_reserve_is_admissible=yes;upper_plateau_enters_at_tau=M;lower_plateau_enters_at_B(m)=c_L]|qH=(0.000000:1.000000)|qL=(-0.000000:1.000000)|price[benchmark_inversion]|atoms[none]|prep[cost_threshold_at_price_information:zero_entry_pool/c_L=stay_out;zero_entry_pool/c_H=stay_out;positive_entry_price/c_L=prepare;positive_entry_price/c_H=stay_out]",h=10|ell=1|p=0.5|rho=0.25|c_L=1|c_H=6|b=2|k=0.02|r=1.2|noise=Laplace|cost=atoms|cost_halfwidth=0|prior_H=0.5|value_law=binary|eps_V=0,"mixed: mesh 0.05, start S2_mass_near_1_v0.9",c2:r=1.2:symmetric_interior#4,2,numerical diagnostic,1.0842021724855044e-19,1e-11,1.0842021724855044e-19,1e-12,Gauss-Legendre order 48 -> 64 and order intervals 400 -> 800; refined estimate checked against target/10,0.0,exterior tails integrated analytically against the constant Laplace residual; truncation bound 0,0.0025,5.62499999999999e-05,false,"finite grid over [-1, 1] at spacing 0.0025; Lipschitz bound 5.625e-05 on unscanned gains (not enclosed within the deviation acceptance: numerical diagnostic)",4.2934406030425976e-17,1.2101430968414206e-14,5.551115123125783e-17,0.0,0.0,0.0,4.805624485015871e-10,
1.2,pooling,0.0,-7.703719777548944e-35,7.703719777548944e-35,0.25000000000000006,0.25000000000000006,0.25000000000000006,0.12500000000000003,0.3927083333333333,0.6331168831168831,inf,0.017916666666666674,0.003333333333333393,-0.019439705372145847,numerical diagnostic,not established,true,true,0.0,0.0,1.3802497934775197e-36,0.0,,c2:r=1.2:pooling#7,"ps[h=10|ell=1|p=0.5|rho=0.25|c_L=1|c_H=6|b=2|k=0.02|r=1.2|noise=Laplace|cost=atoms|cost_halfwidth=0|prior_H=0.5|value_law=binary|eps_V=0]|inst[reserve_auction:uniform_incumbent[0,r];sale_to_highest_admissible_at_max(p,min(R,v));bid_equal_reserve_is_admissible=yes]|info[public_price_feedback;investor_observes=fundamental_state;buyer_observes=price_only]|tie[entry_at_indifference=yes;bid_equal_reserve_is_admissible=yes;upper_plateau_enters_at_tau=M;lower_plateau_enters_at_B(m)=c_L]|qH=(0.000000:1.000000)|qL=(-0.000000:1.000000)|price[benchmark_inversion]|atoms[none]|prep[cost_threshold_at_price_information:zero_entry_pool/c_L=stay_out;zero_entry_pool/c_H=stay_out;positive_entry_price/c_L=prepare;positive_entry_price/c_H=stay_out]",h=10|ell=1|p=0.5|rho=0.25|c_L=1|c_H=6|b=2|k=0.02|r=1.2|noise=Laplace|cost=atoms|cost_halfwidth=0|prior_H=0.5|value_law=binary|eps_V=0,"mixed: mesh 0.05, start S3_mass_near_0_v0.1",c2:r=1.2:symmetric_interior#4,2,numerical diagnostic,1.0625181290357943e-19,1e-11,1.0842021724855044e-19,1e-12,Gauss-Legendre order 48 -> 64 and order intervals 400 -> 800; refined estimate checked against target/10,0.0,exterior tails integrated analytically against the constant Laplace residual; truncation bound 0,0.0025,5.62499999999999e-05,false,"finite grid over [-1, 1] at spacing 0.0025; Lipschitz bound 5.625e-05 on unscanned gains (not enclosed within the deviation acceptance: numerical diagnostic)",0.0,1.509903313490213e-14,5.551115123125783e-17,0.0,0.0,0.0,1.3802497934775197e-36,
1.2,pooling,0.0,-3.76158192263132e-37,3.76158192263132e-37,0.25000000000000006,0.25000000000000006,0.25000000000000006,0.12500000000000003,0.3927083333333333,0.6331168831168831,inf,0.017916666666666674,0.003333333333333393,-0.019439705372145847,numerical diagnostic,not established,true,true,0.0,0.0,6.739500944714451e-39,0.0,,c2:r=1.2:pooling#8,"ps[h=10|ell=1|p=0.5|rho=0.25|c_L=1|c_H=6|b=2|k=0.02|r=1.2|noise=Laplace|cost=atoms|cost_halfwidth=0|prior_H=0.5|value_law=binary|eps_V=0]|inst[reserve_auction:uniform_incumbent[0,r];sale_to_highest_admissible_at_max(p,min(R,v));bid_equal_reserve_is_admissible=yes]|info[public_price_feedback;investor_observes=fundamental_state;buyer_observes=price_only]|tie[entry_at_indifference=yes;bid_equal_reserve_is_admissible=yes;upper_plateau_enters_at_tau=M;lower_plateau_enters_at_B(m)=c_L]|qH=(0.000000:1.000000)|qL=(-0.000000:1.000000)|price[benchmark_inversion]|atoms[none]|prep[cost_threshold_at_price_information:zero_entry_pool/c_L=stay_out;zero_entry_pool/c_H=stay_out;positive_entry_price/c_L=prepare;positive_entry_price/c_H=stay_out]",h=10|ell=1|p=0.5|rho=0.25|c_L=1|c_H=6|b=2|k=0.02|r=1.2|noise=Laplace|cost=atoms|cost_halfwidth=0|prior_H=0.5|value_law=binary|eps_V=0,"mixed: mesh 0.025, start S1_uniform_v0.5",c2:r=1.2:symmetric_interior#4,2,numerical diagnostic,1.0625181290357943e-19,1e-11,1.0842021724855044e-19,1e-12,Gauss-Legendre order 48 -> 64 and order intervals 400 -> 800; refined estimate checked against target/10,0.0,exterior tails integrated analytically against the constant Laplace residual; truncation bound 0,0.0025,5.62499999999999e-05,false,"finite grid over [-1, 1] at spacing 0.0025; Lipschitz bound 5.625e-05 on unscanned gains (not enclosed within the deviation acceptance: numerical diagnostic)",0.0,1.509903313490213e-14,5.551115123125783e-17,0.0,0.0,0.0,6.739500944714451e-39,
1.2,pooling,0.0,-2.6822090148925782e-08,2.6822090148925782e-08,0.25000000000000006,0.25000000000000006,0.25000000000000006,0.12500000000000003,0.3927083333333333,0.6331168831168831,inf,0.017916666666666674,0.003333333333333393,-0.019439705372145847,numerical diagnostic,not established,true,true,5.551115123125783e-17,0.0,4.805624485015871e-10,0.0,,c2:r=1.2:pooling#9,"ps[h=10|ell=1|p=0.5|rho=0.25|c_L=1|c_H=6|b=2|k=0.02|r=1.2|noise=Laplace|cost=atoms|cost_halfwidth=0|prior_H=0.5|value_law=binary|eps_V=0]|inst[reserve_auction:uniform_incumbent[0,r];sale_to_highest_admissible_at_max(p,min(R,v));bid_equal_reserve_is_admissible=yes]|info[public_price_feedback;investor_observes=fundamental_state;buyer_observes=price_only]|tie[entry_at_indifference=yes;bid_equal_reserve_is_admissible=yes;upper_plateau_enters_at_tau=M;lower_plateau_enters_at_B(m)=c_L]|qH=(0.000000:1.000000)|qL=(-0.000000:1.000000)|price[benchmark_inversion]|atoms[none]|prep[cost_threshold_at_price_information:zero_entry_pool/c_L=stay_out;zero_entry_pool/c_H=stay_out;positive_entry_price/c_L=prepare;positive_entry_price/c_H=stay_out]",h=10|ell=1|p=0.5|rho=0.25|c_L=1|c_H=6|b=2|k=0.02|r=1.2|noise=Laplace|cost=atoms|cost_halfwidth=0|prior_H=0.5|value_law=binary|eps_V=0,"mixed: mesh 0.025, start S2_mass_near_1_v0.9",c2:r=1.2:symmetric_interior#4,2,numerical diagnostic,1.0842021724855044e-19,1e-11,1.0842021724855044e-19,1e-12,Gauss-Legendre order 48 -> 64 and order intervals 400 -> 800; refined estimate checked against target/10,0.0,exterior tails integrated analytically against the constant Laplace residual; truncation bound 0,0.0025,5.62499999999999e-05,false,"finite grid over [-1, 1] at spacing 0.0025; Lipschitz bound 5.625e-05 on unscanned gains (not enclosed within the deviation acceptance: numerical diagnostic)",4.2934406030425976e-17,1.2101430968414206e-14,5.551115123125783e-17,0.0,0.0,0.0,4.805624485015871e-10,
1.2,symmetric_interior,9.5367431640625e-08,-9.5367431640625e-08,9.5367431640625e-08,0.25000000000000006,0.25000000000000006,0.25000000000000006,0.12500000000000003,0.3927083333333333,0.6331168831168831,inf,0.017916666666666674,0.003333333333333393,-0.019439705372145847,numerical diagnostic,not established,true,true,0.0,0.0,1.7086664835611992e-09,0.0,,c2:r=1.2:symmetric_interior#4,"ps[h=10|ell=1|p=0.5|rho=0.25|c_L=1|c_H=6|b=2|k=0.02|r=1.2|noise=Laplace|cost=atoms|cost_halfwidth=0|prior_H=0.5|value_law=binary|eps_V=0]|inst[reserve_auction:uniform_incumbent[0,r];sale_to_highest_admissible_at_max(p,min(R,v));bid_equal_reserve_is_admissible=yes]|info[public_price_feedback;investor_observes=fundamental_state;buyer_observes=price_only]|tie[entry_at_indifference=yes;bid_equal_reserve_is_admissible=yes;upper_plateau_enters_at_tau=M;lower_plateau_enters_at_B(m)=c_L]|qH=(0.000000:1.000000)|qL=(-0.000000:1.000000)|price[benchmark_inversion]|atoms[none]|prep[cost_threshold_at_price_information:zero_entry_pool/c_L=stay_out;zero_entry_pool/c_H=stay_out;positive_entry_price/c_L=prepare;positive_entry_price/c_H=stay_out]",h=10|ell=1|p=0.5|rho=0.25|c_L=1|c_H=6|b=2|k=0.02|r=1.2|noise=Laplace|cost=atoms|cost_halfwidth=0|prior_H=0.5|value_law=binary|eps_V=0,"pure: damped best-response fixed point from init (u,v)=(0.2,0.2)",,2,numerical diagnostic,1.0787811616230892e-19,1e-11,1.4352126258276865e-19,1e-12,Gauss-Legendre order 48 -> 64 and order intervals 400 -> 800; refined estimate checked against target/10,0.0,exterior tails integrated analytically against the constant Laplace residual; truncation bound 0,0.0025,5.62499999999999e-05,false,"finite grid over [-1, 1] at spacing 0.0025; Lipschitz bound 5.625e-05 on unscanned gains (not enclosed within the deviation acceptance: numerical diagnostic)",4.119968255444917e-17,1.149080830487037e-14,5.551115123125783e-17,0.0,1.7086664835611992e-09,0.0,1.7086664835611992e-09,
1.51,asymmetric,1.0,-0.206753361324,0.206753361324,0.625966773585429,0.4556407546883428,0.5408037641368859,0.3129833867927145,0.5870263979196229,0.6452475677844272,0.9948372163573868,0.009234271523178805,-0.06612582781456956,-0.017104649681360277,numerical diagnostic,not established,true,true,5.551115123125783e-17,0.0,0.0,0.0,,c2:r=1.51:asymmetric#4,"ps[h=10|ell=1|p=0.5|rho=0.25|c_L=1|c_H=6|b=2|k=0.02|r=1.51|noise=Laplace|cost=atoms|cost_halfwidth=0|prior_H=0.5|value_law=binary|eps_V=0]|inst[reserve_auction:uniform_incumbent[0,r];sale_to_highest_admissible_at_max(p,min(R,v));bid_equal_reserve_is_admissible=yes]|info[public_price_feedback;investor_observes=fundamental_state;buyer_observes=price_only]|tie[entry_at_indifference=yes;bid_equal_reserve_is_admissible=yes;upper_plateau_enters_at_tau=M;lower_plateau_enters_at_B(m)=c_L]|qH=(1.000000:1.000000)|qL=(-0.206753:1.000000)|price[benchmark_inversion]|atoms[none]|prep[cost_threshold_at_price_information:zero_entry_pool/c_L=stay_out;zero_entry_pool/c_H=stay_out;positive_entry_price/c_L=prepare;positive_entry_price/c_H=prepare]",h=10|ell=1|p=0.5|rho=0.25|c_L=1|c_H=6|b=2|k=0.02|r=1.51|noise=Laplace|cost=atoms|cost_halfwidth=0|prior_H=0.5|value_law=binary|eps_V=0,"asymmetric: Psi sign change on mesh 0.01, Brent",,3,numerical diagnostic,1.7257674739905768e-18,1e-11,2.07407875596477e-18,1e-12,Gauss-Legendre order 48 -> 64 and order intervals 400 -> 800; refined estimate checked against target/10,0.0,exterior tails integrated analytically against the constant Laplace residual; truncation bound 0,0.0025,0.00018648592715231793,false,"finite grid over [-1, 1] at spacing 0.0025; Lipschitz bound 1.865e-04 on unscanned gains (not enclosed within the deviation acceptance: numerical diagnostic)",7.632783294297951e-17,2.6645352591003757e-15,3.3306690738754696e-16,1.0,0.0,-0.20750000000000002,-3.651058334136481e-09,
1.51,asymmetric,1.0,-0.20675336132374683,0.20675336132374683,0.6259667735854053,0.45564075468835574,0.5408037641368806,0.31298338679270266,0.5870263979196196,0.6452475677844272,0.9948372163575133,0.009234271523178805,-0.06612582781456956,-0.017104649681360277,numerical diagnostic,not established,true,true,1.1102230246251565e-16,0.0,0.0,0.0,,c2:r=1.51:asymmetric#5,"ps[h=10|ell=1|p=0.5|rho=0.25|c_L=1|c_H=6|b=2|k=0.02|r=1.51|noise=Laplace|cost=atoms|cost_halfwidth=0|prior_H=0.5|value_law=binary|eps_V=0]|inst[reserve_auction:uniform_incumbent[0,r];sale_to_highest_admissible_at_max(p,min(R,v));bid_equal_reserve_is_admissible=yes]|info[public_price_feedback;investor_observes=fundamental_state;buyer_observes=price_only]|tie[entry_at_indifference=yes;bid_equal_reserve_is_admissible=yes;upper_plateau_enters_at_tau=M;lower_plateau_enters_at_B(m)=c_L]|qH=(1.000000:1.000000)|qL=(-0.206753:1.000000)|price[benchmark_inversion]|atoms[none]|prep[cost_threshold_at_price_information:zero_entry_pool/c_L=stay_out;zero_entry_pool/c_H=stay_out;positive_entry_price/c_L=prepare;positive_entry_price/c_H=prepare]",h=10|ell=1|p=0.5|rho=0.25|c_L=1|c_H=6|b=2|k=0.02|r=1.51|noise=Laplace|cost=atoms|cost_halfwidth=0|prior_H=0.5|value_law=binary|eps_V=0,"asymmetric: Psi sign change on the 41-point sub-mesh of the tangency bracket [0.1968,0.2168], Brent",c2:r=1.51:asymmetric#4,3,numerical diagnostic,1.5699247457590105e-18,1e-11,1.6794291651800464e-18,1e-12,Gauss-Legendre order 48 -> 64 and order intervals 400 -> 800; refined estimate checked against target/10,0.0,exterior tails integrated analytically against the constant Laplace residual; truncation bound 0,0.0025,0.00018648592715231793,false,"finite grid over [-1, 1] at spacing 0.0025; Lipschitz bound 1.865e-04 on unscanned gains (not enclosed within the deviation acceptance: numerical diagnostic)",8.326672684688674e-17,2.9976021664879227e-15,1.1102230246251565e-16,1.0,0.0,-0.20750000000000002,-3.6510583332691193e-09,
1.51,asymmetric,0.9999999999970897,-0.20675346533291017,0.20675346533291017,0.6259667833108536,0.4556407493413749,0.5408037663261143,0.3129833916554268,0.5870263992518148,0.6452475677844272,0.9948371643514763,0.009234271523178805,-0.06612582781456956,-0.017104649681360277,numerical diagnostic,not established,true,true,1.1102230246251565e-16,0.0,1.728825416158486e-14,0.0,,c2:r=1.51:asymmetric#7,"ps[h=10|ell=1|p=0.5|rho=0.25|c_L=1|c_H=6|b=2|k=0.02|r=1.51|noise=Laplace|cost=atoms|cost_halfwidth=0|prior_H=0.5|value_law=binary|eps_V=0]|inst[reserve_auction:uniform_incumbent[0,r];sale_to_highest_admissible_at_max(p,min(R,v));bid_equal_reserve_is_admissible=yes]|info[public_price_feedback;investor_observes=fundamental_state;buyer_observes=price_only]|tie[entry_at_indifference=yes;bid_equal_reserve_is_admissible=yes;upper_plateau_enters_at_tau=M;lower_plateau_enters_at_B(m)=c_L]|qH=(1.000000:1.000000)|qL=(-0.206753:1.000000)|price[benchmark_inversion]|atoms[none]|prep[cost_threshold_at_price_information:zero_entry_pool/c_L=stay_out;zero_entry_pool/c_H=stay_out;positive_entry_price/c_L=prepare;positive_entry_price/c_H=prepare]",h=10|ell=1|p=0.5|rho=0.25|c_L=1|c_H=6|b=2|k=0.02|r=1.51|noise=Laplace|cost=atoms|cost_halfwidth=0|prior_H=0.5|value_law=binary|eps_V=0,"pure: damped best-response fixed point from init (u,v)=(0.6,0.6)",c2:r=1.51:asymmetric#4,3,numerical diagnostic,1.6479873021779667e-18,1e-11,2.6020852139614243e-18,1e-12,Gauss-Legendre order 48 -> 64 and order intervals 400 -> 800; refined estimate checked against target/10,0.0,exterior tails integrated analytically against the constant Laplace residual; truncation bound 0,0.0025,0.00018648592715231793,false,"finite grid over [-1, 1] at spacing 0.0025; Lipschitz bound 1.865e-04 on unscanned gains (not enclosed within the deviation acceptance: numerical diagnostic)",8.326672684688674e-17,2.9976021664879227e-15,1.6653345369377348e-16,1.0,1.7284784714632906e-14,-0.20750000000000002,-3.650736017310474e-09,
1.51,asymmetric_discontinuity,1.0,-0.196427794039,0.196427794039,0.6250000000000213,0.4561722797927345,0.5405861398963779,0.31250000000001066,0.5868939689633903,0.6452475677844272,0.9999999999998864,0.009234271523178805,-0.06612582781456956,-0.017104649681360277,no candidate,not established,false,true,5.551115123125783e-17,0.0,3.186984115369565e-07,0.0,Psi sign change without root: |Psi|=9.229e-05 at the tau = M_v boundary; no candidate formed,c2:r=1.51:asymmetric_discontinuity#3,"ps[h=10|ell=1|p=0.5|rho=0.25|c_L=1|c_H=6|b=2|k=0.02|r=1.51|noise=Laplace|cost=atoms|cost_halfwidth=0|prior_H=0.5|value_law=binary|eps_V=0]|inst[reserve_auction:uniform_incumbent[0,r];sale_to_highest_admissible_at_max(p,min(R,v));bid_equal_reserve_is_admissible=yes]|info[public_price_feedback;investor_observes=fundamental_state;buyer_observes=price_only]|tie[entry_at_indifference=yes;bid_equal_reserve_is_admissible=yes;upper_plateau_enters_at_tau=M;lower_plateau_enters_at_B(m)=c_L]|qH=(1.000000:1.000000)|qL=(-0.196428:1.000000)|price[benchmark_inversion]|atoms[none]|prep[cost_threshold_at_price_information:zero_entry_pool/c_L=stay_out;zero_entry_pool/c_H=stay_out;positive_entry_price/c_L=prepare;positive_entry_price/c_H=prepare]",h=10|ell=1|p=0.5|rho=0.25|c_L=1|c_H=6|b=2|k=0.02|r=1.51|noise=Laplace|cost=atoms|cost_halfwidth=0|prior_H=0.5|value_law=binary|eps_V=0,"asymmetric: Psi sign change on mesh 0.01, Brent",,3,no candidate,7.016334893393712e-18,1e-11,2.5630539357557325e-18,1e-12,Gauss-Legendre order 48 -> 64 and order intervals 400 -> 800; refined estimate checked against target/10,0.0,exterior tails integrated analytically against the constant Laplace residual; truncation bound 0,0.0025,0.00018648592715231793,false,"finite grid over [-1, 1] at spacing 0.0025; Lipschitz bound 1.865e-04 on unscanned gains (not enclosed within the deviation acceptance: numerical diagnostic)",5.0306980803327406e-17,3.164135620181696e-15,5.551115123125783e-17,1.0,0.0,-0.2025,3.186984115369565e-07,
1.51,full_orders,1.0,-1.0,1.0,0.6932500334697721,0.41864890646902864,0.5559494699694003,0.34662501673488605,0.5962428804682742,0.6452475677844272,0.598213897019387,0.009234271523178805,-0.06612582781456956,-0.017104649681360277,rejected,not established,false,true,2.220446049250313e-16,0.0,0.002243369113579764,0.0,epsilon_q=2.243e-03,c2:r=1.51:full_orders#2,"ps[h=10|ell=1|p=0.5|rho=0.25|c_L=1|c_H=6|b=2|k=0.02|r=1.51|noise=Laplace|cost=atoms|cost_halfwidth=0|prior_H=0.5|value_law=binary|eps_V=0]|inst[reserve_auction:uniform_incumbent[0,r];sale_to_highest_admissible_at_max(p,min(R,v));bid_equal_reserve_is_admissible=yes]|info[public_price_feedback;investor_observes=fundamental_state;buyer_observes=price_only]|tie[entry_at_indifference=yes;bid_equal_reserve_is_admissible=yes;upper_plateau_enters_at_tau=M;lower_plateau_enters_at_B(m)=c_L]|qH=(1.000000:1.000000)|qL=(-1.000000:1.000000)|price[benchmark_inversion]|atoms[none]|prep[cost_threshold_at_price_information:zero_entry_pool/c_L=stay_out;zero_entry_pool/c_H=stay_out;positive_entry_price/c_L=prepare;positive_entry_price/c_H=prepare]",h=10|ell=1|p=0.5|rho=0.25|c_L=1|c_H=6|b=2|k=0.02|r=1.51|noise=Laplace|cost=atoms|cost_halfwidth=0|prior_H=0.5|value_law=binary|eps_V=0,"full_orders: declared profile (1,-1)",,3,rejected,3.382710778154774e-18,1e-11,2.7755575615628915e-18,1e-12,Gauss-Legendre order 48 -> 64 and order intervals 400 -> 800; refined estimate checked against target/10,0.0,exterior tails integrated analytically against the constant Laplace residual; truncation bound 0,0.0025,0.00018648592715231793,false,"finite grid over [-1, 1] at spacing 0.0025; Lipschitz bound 1.865e-04 on unscanned gains (not enclosed within the deviation acceptance: numerical diagnostic)",8.673617379884035e-17,3.1086244689504383e-15,1.1102230246251565e-16,0.0,0.0005682411511018191,-0.43499999999999994,0.002243369113579764,
1.51,pooling,0.0,0.0,-0.0,0.25000000000000006,0.25000000000000006,0.25000000000000006,0.12500000000000003,0.4495074503311258,0.6452475677844272,inf,0.009234271523178805,-0.06612582781456956,-0.017104649681360277,analytical,not established,true,true,0.0,0.0,0.0,0.0,,c2:r=1.51:pooling#1,"ps[h=10|ell=1|p=0.5|rho=0.25|c_L=1|c_H=6|b=2|k=0.02|r=1.51|noise=Laplace|cost=atoms|cost_halfwidth=0|prior_H=0.5|value_law=binary|eps_V=0]|inst[reserve_auction:uniform_incumbent[0,r];sale_to_highest_admissible_at_max(p,min(R,v));bid_equal_reserve_is_admissible=yes]|info[public_price_feedback;investor_observes=fundamental_state;buyer_observes=price_only]|tie[entry_at_indifference=yes;bid_equal_reserve_is_admissible=yes;upper_plateau_enters_at_tau=M;lower_plateau_enters_at_B(m)=c_L]|qH=(0.000000:1.000000)|qL=(0.000000:1.000000)|price[constant_price]|atoms[none]|prep[cost_threshold_at_price_information:zero_entry_pool/c_L=stay_out;zero_entry_pool/c_H=stay_out;positive_entry_price/c_L=prepare;positive_entry_price/c_H=stay_out]",h=10|ell=1|p=0.5|rho=0.25|c_L=1|c_H=6|b=2|k=0.02|r=1.51|noise=Laplace|cost=atoms|cost_halfwidth=0|prior_H=0.5|value_law=binary|eps_V=0,"pooling: declared profile (0,0)",,3,analytical,8.456776945386935e-19,1e-11,8.391724815037805e-19,1e-12,Gauss-Legendre order 48 -> 64 and order intervals 400 -> 800; refined estimate checked against target/10,0.0,exterior tails integrated analytically against the constant Laplace residual; truncation bound 0,0.0025,0.00018648592715231793,true,analytical cover closes between-grid deviations,2.7755575615628914e-17,2.220446049250313e-15,5.551115123125783e-17,0.0,0.0,0.0,0.0,
1.51,pooling,0.0,-1.2037062152420225e-36,1.2037062152420225e-36,0.25000000000000006,0.25000000000000006,0.25000000000000006,0.12500000000000003,0.4495074503311258,0.6452475677844272,inf,0.009234271523178805,-0.06612582781456956,-0.017104649681360277,numerical diagnostic,not established,true,true,0.0,0.0,1.1115350025682744e-38,0.0,,c2:r=1.51:pooling#10,"ps[h=10|ell=1|p=0.5|rho=0.25|c_L=1|c_H=6|b=2|k=0.02|r=1.51|noise=Laplace|cost=atoms|cost_halfwidth=0|prior_H=0.5|value_law=binary|eps_V=0]|inst[reserve_auction:uniform_incumbent[0,r];sale_to_highest_admissible_at_max(p,min(R,v));bid_equal_reserve_is_admissible=yes]|info[public_price_feedback;investor_observes=fundamental_state;buyer_observes=price_only]|tie[entry_at_indifference=yes;bid_equal_reserve_is_admissible=yes;upper_plateau_enters_at_tau=M;lower_plateau_enters_at_B(m)=c_L]|qH=(0.000000:1.000000)|qL=(-0.000000:1.000000)|price[benchmark_inversion]|atoms[none]|prep[cost_threshold_at_price_information:zero_entry_pool/c_L=stay_out;zero_entry_pool/c_H=stay_out;positive_entry_price/c_L=prepare;positive_entry_price/c_H=stay_out]",h=10|ell=1|p=0.5|rho=0.25|c_L=1|c_H=6|b=2|k=0.02|r=1.51|noise=Laplace|cost=atoms|cost_halfwidth=0|prior_H=0.5|value_law=binary|eps_V=0,"mixed: mesh 0.05, start S3_mass_near_0_v0.1",c2:r=1.51:symmetric_interior#6,3,numerical diagnostic,8.456776945386935e-19,1e-11,8.391724815037805e-19,1e-12,Gauss-Legendre order 48 -> 64 and order intervals 400 -> 800; refined estimate checked against target/10,0.0,exterior tails integrated analytically against the constant Laplace residual; truncation bound 0,0.0025,0.00018648592715231793,false,"finite grid over [-1, 1] at spacing 0.0025; Lipschitz bound 1.865e-04 on unscanned gains (not enclosed within the deviation acceptance: numerical diagnostic)",2.7755575615628914e-17,2.220446049250313e-15,5.551115123125783e-17,0.0,0.0,0.0,1.1115350025682744e-38,
1.51,pooling,0.0,-5.820766091346741e-11,5.820766091346741e-11,0.25000000000000006,0.25,0.25,0.12500000000000003,0.4495074503311258,0.6452475677844272,inf,0.009234271523178805,-0.06612582781456956,-0.017104649681360277,numerical diagnostic,not established,true,true,5.551115123125783e-17,0.0,5.3750534560408e-13,0.0,,c2:r=1.51:pooling#11,"ps[h=10|ell=1|p=0.5|rho=0.25|c_L=1|c_H=6|b=2|k=0.02|r=1.51|noise=Laplace|cost=atoms|cost_halfwidth=0|prior_H=0.5|value_law=binary|eps_V=0]|inst[reserve_auction:uniform_incumbent[0,r];sale_to_highest_admissible_at_max(p,min(R,v));bid_equal_reserve_is_admissible=yes]|info[public_price_feedback;investor_observes=fundamental_state;buyer_observes=price_only]|tie[entry_at_indifference=yes;bid_equal_reserve_is_admissible=yes;upper_plateau_enters_at_tau=M;lower_plateau_enters_at_B(m)=c_L]|qH=(0.000000:1.000000)|qL=(-0.000000:1.000000)|price[benchmark_inversion]|atoms[none]|prep[cost_threshold_at_price_information:zero_entry_pool/c_L=stay_out;zero_entry_pool/c_H=stay_out;positive_entry_price/c_L=prepare;positive_entry_price/c_H=stay_out]",h=10|ell=1|p=0.5|rho=0.25|c_L=1|c_H=6|b=2|k=0.02|r=1.51|noise=Laplace|cost=atoms|cost_halfwidth=0|prior_H=0.5|value_law=binary|eps_V=0,"mixed: mesh 0.025, start S1_uniform_v0.5",c2:r=1.51:symmetric_interior#6,3,numerical diagnostic,8.630249292984615e-19,1e-11,8.565197162635485e-19,1e-12,Gauss-Legendre order 48 -> 64 and order intervals 400 -> 800; refined estimate checked against target/10,0.0,exterior tails integrated analytically against the constant Laplace residual; truncation bound 0,0.0025,0.00018648592715231793,false,"finite grid over [-1, 1] at spacing 0.0025; Lipschitz bound 1.865e-04 on unscanned gains (not enclosed within the deviation acceptance: numerical diagnostic)",3.9898639947466563e-17,2.886579864025407e-15,5.551115123125783e-17,0.0,0.0,0.0,5.3750534560408e-13,
1.51,pooling,0.0,-5.461363869295981e-08,5.461363869295981e-08,0.25,0.25000000000000006,0.25,0.125,0.4495074503311258,0.6452475677844272,inf,0.009234271523178805,-0.06612582781456956,-0.017104649681360277,numerical diagnostic,not established,true,true,0.0,0.0,5.043171685595751e-10,0.0,,c2:r=1.51:pooling#12,"ps[h=10|ell=1|p=0.5|rho=0.25|c_L=1|c_H=6|b=2|k=0.02|r=1.51|noise=Laplace|cost=atoms|cost_halfwidth=0|prior_H=0.5|value_law=binary|eps_V=0]|inst[reserve_auction:uniform_incumbent[0,r];sale_to_highest_admissible_at_max(p,min(R,v));bid_equal_reserve_is_admissible=yes]|info[public_price_feedback;investor_observes=fundamental_state;buyer_observes=price_only]|tie[entry_at_indifference=yes;bid_equal_reserve_is_admissible=yes;upper_plateau_enters_at_tau=M;lower_plateau_enters_at_B(m)=c_L]|qH=(0.000000:1.000000)|qL=(-0.000000:1.000000)|price[benchmark_inversion]|atoms[none]|prep[cost_threshold_at_price_information:zero_entry_pool/c_L=stay_out;zero_entry_pool/c_H=stay_out;positive_entry_price/c_L=prepare;positive_entry_price/c_H=stay_out]",h=10|ell=1|p=0.5|rho=0.25|c_L=1|c_H=6|b=2|k=0.02|r=1.51|noise=Laplace|cost=atoms|cost_halfwidth=0|prior_H=0.5|value_law=binary|eps_V=0,"mixed: mesh 0.025, start S2_mass_near_1_v0.9",c2:r=1.51:symmetric_interior#6,3,numerical diagnostic,8.586881206085195e-19,1e-11,8.586881206085195e-19,1e-12,Gauss-Legendre order 48 -> 64 and order intervals 400 -> 800; refined estimate checked against target/10,0.0,exterior tails integrated analytically against the constant Laplace residual; truncation bound 0,0.0025,0.00018648592715231793,false,"finite grid over [-1, 1] at spacing 0.0025; Lipschitz bound 1.865e-04 on unscanned gains (not enclosed within the deviation acceptance: numerical diagnostic)",2.0816681711721685e-17,8.881784197001252e-16,5.551115123125783e-17,0.0,0.0,0.0,5.043171685595751e-10,
1.51,pooling,0.0,-7.52316384526264e-38,7.52316384526264e-38,0.25000000000000006,0.25000000000000006,0.25000000000000006,0.12500000000000003,0.4495074503311258,0.6452475677844272,inf,0.009234271523178805,-0.06612582781456956,-0.017104649681360277,numerical diagnostic,not established,true,true,0.0,0.0,6.947093766051715e-40,0.0,,c2:r=1.51:pooling#13,"ps[h=10|ell=1|p=0.5|rho=0.25|c_L=1|c_H=6|b=2|k=0.02|r=1.51|noise=Laplace|cost=atoms|cost_halfwidth=0|prior_H=0.5|value_law=binary|eps_V=0]|inst[reserve_auction:uniform_incumbent[0,r];sale_to_highest_admissible_at_max(p,min(R,v));bid_equal_reserve_is_admissible=yes]|info[public_price_feedback;investor_observes=fundamental_state;buyer_observes=price_only]|tie[entry_at_indifference=yes;bid_equal_reserve_is_admissible=yes;upper_plateau_enters_at_tau=M;lower_plateau_enters_at_B(m)=c_L]|qH=(0.000000:1.000000)|qL=(-0.000000:1.000000)|price[benchmark_inversion]|atoms[none]|prep[cost_threshold_at_price_information:zero_entry_pool/c_L=stay_out;zero_entry_pool/c_H=stay_out;positive_entry_price/c_L=prepare;positive_entry_price/c_H=stay_out]",h=10|ell=1|p=0.5|rho=0.25|c_L=1|c_H=6|b=2|k=0.02|r=1.51|noise=Laplace|cost=atoms|cost_halfwidth=0|prior_H=0.5|value_law=binary|eps_V=0,"mixed: mesh 0.025, start S3_mass_near_0_v0.1",c2:r=1.51:symmetric_interior#6,3,numerical diagnostic,8.456776945386935e-19,1e-11,8.391724815037805e-19,1e-12,Gauss-Legendre order 48 -> 64 and order intervals 400 -> 800; refined estimate checked against target/10,0.0,exterior tails integrated analytically against the constant Laplace residual; truncation bound 0,0.0025,0.00018648592715231793,false,"finite grid over [-1, 1] at spacing 0.0025; Lipschitz bound 1.865e-04 on unscanned gains (not enclosed within the deviation acceptance: numerical diagnostic)",2.7755575615628914e-17,2.220446049250313e-15,5.551115123125783e-17,0.0,0.0,0.0,6.947093766051715e-40,
1.51,pooling,0.0,-2.9103830456733704e-11,2.9103830456733704e-11,0.25000000000000006,0.25,0.25,0.12500000000000003,0.4495074503311258,0.6452475677844272,inf,0.009234271523178805,-0.06612582781456956,-0.017104649681360277,numerical diagnostic,not established,true,true,5.551115123125783e-17,0.0,2.6875267280204e-13,0.0,,c2:r=1.51:pooling#8,"ps[h=10|ell=1|p=0.5|rho=0.25|c_L=1|c_H=6|b=2|k=0.02|r=1.51|noise=Laplace|cost=atoms|cost_halfwidth=0|prior_H=0.5|value_law=binary|eps_V=0]|inst[reserve_auction:uniform_incumbent[0,r];sale_to_highest_admissible_at_max(p,min(R,v));bid_equal_reserve_is_admissible=yes]|info[public_price_feedback;investor_observes=fundamental_state;buyer_observes=price_only]|tie[entry_at_indifference=yes;bid_equal_reserve_is_admissible=yes;upper_plateau_enters_at_tau=M;lower_plateau_enters_at_B(m)=c_L]|qH=(0.000000:1.000000)|qL=(-0.000000:1.000000)|price[benchmark_inversion]|atoms[none]|prep[cost_threshold_at_price_information:zero_entry_pool/c_L=stay_out;zero_entry_pool/c_H=stay_out;positive_entry_price/c_L=prepare;positive_entry_price/c_H=stay_out]",h=10|ell=1|p=0.5|rho=0.25|c_L=1|c_H=6|b=2|k=0.02|r=1.51|noise=Laplace|cost=atoms|cost_halfwidth=0|prior_H=0.5|value_law=binary|eps_V=0,"mixed: mesh 0.05, start S1_uniform_v0.5",c2:r=1.51:symmetric_interior#6,3,numerical diagnostic,8.673617379884035e-19,1e-11,8.456776945386934e-19,1e-12,Gauss-Legendre order 48 -> 64 and order intervals 400 -> 800; refined estimate checked against target/10,0.0,exterior tails integrated analytically against the constant Laplace residual; truncation bound 0,0.0025,0.00018648592715231793,false,"finite grid over [-1, 1] at spacing 0.0025; Lipschitz bound 1.865e-04 on unscanned gains (not enclosed within the deviation acceptance: numerical diagnostic)",3.2959746043559335e-17,1.8318679906315083e-15,5.551115123125783e-17,0.0,0.0,0.0,2.6875267280204e-13,
1.51,pooling,0.0,-5.209143465284658e-08,5.209143465284658e-08,0.25000000000000006,0.25000000000000006,0.25000000000000006,0.12500000000000003,0.4495074503311258,0.6452475677844272,inf,0.009234271523178805,-0.06612582781456956,-0.017104649681360277,numerical diagnostic,not established,true,true,5.551115123125783e-17,0.0,4.810264516163109e-10,0.0,,c2:r=1.51:pooling#9,"ps[h=10|ell=1|p=0.5|rho=0.25|c_L=1|c_H=6|b=2|k=0.02|r=1.51|noise=Laplace|cost=atoms|cost_halfwidth=0|prior_H=0.5|value_law=binary|eps_V=0]|inst[reserve_auction:uniform_incumbent[0,r];sale_to_highest_admissible_at_max(p,min(R,v));bid_equal_reserve_is_admissible=yes]|info[public_price_feedback;investor_observes=fundamental_state;buyer_observes=price_only]|tie[entry_at_indifference=yes;bid_equal_reserve_is_admissible=yes;upper_plateau_enters_at_tau=M;lower_plateau_enters_at_B(m)=c_L]|qH=(0.000000:1.000000)|qL=(-0.000000:1.000000)|price[benchmark_inversion]|atoms[none]|prep[cost_threshold_at_price_information:zero_entry_pool/c_L=stay_out;zero_entry_pool/c_H=stay_out;positive_entry_price/c_L=prepare;positive_entry_price/c_H=stay_out]",h=10|ell=1|p=0.5|rho=0.25|c_L=1|c_H=6|b=2|k=0.02|r=1.51|noise=Laplace|cost=atoms|cost_halfwidth=0|prior_H=0.5|value_law=binary|eps_V=0,"mixed: mesh 0.05, start S2_mass_near_1_v0.9",c2:r=1.51:symmetric_interior#6,3,numerical diagnostic,8.543513119185776e-19,1e-11,8.630249292984616e-19,1e-12,Gauss-Legendre order 48 -> 64 and order intervals 400 -> 800; refined estimate checked against target/10,0.0,exterior tails integrated analytically against the constant Laplace residual; truncation bound 0,0.0025,0.00018648592715231793,false,"finite grid over [-1, 1] at spacing 0.0025; Lipschitz bound 1.865e-04 on unscanned gains (not enclosed within the deviation acceptance: numerical diagnostic)",3.2959746043559335e-17,1.887379141862766e-15,5.551115123125783e-17,0.0,0.0,0.0,4.810264516163109e-10,
1.51,symmetric_interior,9.5367431640625e-08,-9.5367431640625e-08,9.5367431640625e-08,0.25000000000000006,0.25000000000000006,0.25000000000000006,0.12500000000000003,0.4495074503311258,0.6452475677844272,inf,0.009234271523178805,-0.06612582781456956,-0.017104649681360277,numerical diagnostic,not established,true,true,5.551115123125783e-17,0.0,8.80648758237727e-10,0.0,,c2:r=1.51:symmetric_interior#6,"ps[h=10|ell=1|p=0.5|rho=0.25|c_L=1|c_H=6|b=2|k=0.02|r=1.51|noise=Laplace|cost=atoms|cost_halfwidth=0|prior_H=0.5|value_law=binary|eps_V=0]|inst[reserve_auction:uniform_incumbent[0,r];sale_to_highest_admissible_at_max(p,min(R,v));bid_equal_reserve_is_admissible=yes]|info[public_price_feedback;investor_observes=fundamental_state;buyer_observes=price_only]|tie[entry_at_indifference=yes;bid_equal_reserve_is_admissible=yes;upper_plateau_enters_at_tau=M;lower_plateau_enters_at_B(m)=c_L]|qH=(0.000000:1.000000)|qL=(-0.000000:1.000000)|price[benchmark_inversion]|atoms[none]|prep[cost_threshold_at_price_information:zero_entry_pool/c_L=stay_out;zero_entry_pool/c_H=stay_out;positive_entry_price/c_L=prepare;positive_entry_price/c_H=stay_out]",h=10|ell=1|p=0.5|rho=0.25|c_L=1|c_H=6|b=2|k=0.02|r=1.51|noise=Laplace|cost=atoms|cost_halfwidth=0|prior_H=0.5|value_law=binary|eps_V=0,"pure: damped best-response fixed point from init (u,v)=(0.2,0.2)",,3,numerical diagnostic,8.586881206085195e-19,1e-11,8.586881206085195e-19,1e-12,Gauss-Legendre order 48 -> 64 and order intervals 400 -> 800; refined estimate checked against target/10,0.0,exterior tails integrated analytically against the constant Laplace residual; truncation bound 0,0.0025,0.00018648592715231793,false,"finite grid over [-1, 1] at spacing 0.0025; Lipschitz bound 1.865e-04 on unscanned gains (not enclosed within the deviation acceptance: numerical diagnostic)",5.0306980803327406e-17,3.2751579226442118e-15,5.551115123125783e-17,0.0,8.806487582377268e-10,0.0,8.80648758237727e-10,
1.55,asymmetric,1.0,-0.46031628748396625,0.46031628748396625,0.6477492474184289,0.4423565384195445,0.5450528929189866,0.32387462370921444,0.5988841401505549,0.6467977171845276,0.8748345226090498,0.0078024193548387015,-0.07758064516129039,-0.016719565324015178,numerical diagnostic,not established,true,true,1.1102230246251565e-16,0.0,0.0,0.0,,c2:r=1.55:asymmetric#11,"ps[h=10|ell=1|p=0.5|rho=0.25|c_L=1|c_H=6|b=2|k=0.02|r=1.55|noise=Laplace|cost=atoms|cost_halfwidth=0|prior_H=0.5|value_law=binary|eps_V=0]|inst[reserve_auction:uniform_incumbent[0,r];sale_to_highest_admissible_at_max(p,min(R,v));bid_equal_reserve_is_admissible=yes]|info[public_price_feedback;investor_observes=fundamental_state;buyer_observes=price_only]|tie[entry_at_indifference=yes;bid_equal_reserve_is_admissible=yes;upper_plateau_enters_at_tau=M;lower_plateau_enters_at_B(m)=c_L]|qH=(1.000000:1.000000)|qL=(-0.460316:1.000000)|price[benchmark_inversion]|atoms[none]|prep[cost_threshold_at_price_information:zero_entry_pool/c_L=stay_out;zero_entry_pool/c_H=stay_out;positive_entry_price/c_L=prepare;positive_entry_price/c_H=prepare]",h=10|ell=1|p=0.5|rho=0.25|c_L=1|c_H=6|b=2|k=0.02|r=1.55|noise=Laplace|cost=atoms|cost_halfwidth=0|prior_H=0.5|value_law=binary|eps_V=0,"mixed: mesh 0.025, start S2_mass_near_1_v0.9",c2:r=1.55:asymmetric#4,3,numerical diagnostic,1.734723475976807e-18,1e-11,2.164067536281067e-18,1e-12,Gauss-Legendre order 48 -> 64 and order intervals 400 -> 800; refined estimate checked against target/10,0.0,exterior tails integrated analytically against the constant Laplace residual; truncation bound 0,0.0025,0.00020796370967741948,false,"finite grid over [-1, 1] at spacing 0.0025; Lipschitz bound 2.080e-04 on unscanned gains (not enclosed within the deviation acceptance: numerical diagnostic)",7.632783294297951e-17,2.7755575615628914e-15,3.3306690738754696e-16,1.0,0.0,-0.45999999999999996,-6.935806477759154e-10,
1.55,asymmetric,1.0,-0.460316190847,0.460316190847,0.6477492389083177,0.44235654306673267,0.5450528909875252,0.32387461945415885,0.5988841389253761,0.6467977171845276,0.8748345709275329,0.0078024193548387015,-0.07758064516129039,-0.016719565324015178,computer-assisted,not established,true,true,1.1102230246251565e-16,0.0,0.0,0.0,,c2:r=1.55:asymmetric#4,"ps[h=10|ell=1|p=0.5|rho=0.25|c_L=1|c_H=6|b=2|k=0.02|r=1.55|noise=Laplace|cost=atoms|cost_halfwidth=0|prior_H=0.5|value_law=binary|eps_V=0]|inst[reserve_auction:uniform_incumbent[0,r];sale_to_highest_admissible_at_max(p,min(R,v));bid_equal_reserve_is_admissible=yes]|info[public_price_feedback;investor_observes=fundamental_state;buyer_observes=price_only]|tie[entry_at_indifference=yes;bid_equal_reserve_is_admissible=yes;upper_plateau_enters_at_tau=M;lower_plateau_enters_at_B(m)=c_L]|qH=(1.000000:1.000000)|qL=(-0.460316:1.000000)|price[benchmark_inversion]|atoms[none]|prep[cost_threshold_at_price_information:zero_entry_pool/c_L=stay_out;zero_entry_pool/c_H=stay_out;positive_entry_price/c_L=prepare;positive_entry_price/c_H=prepare]",h=10|ell=1|p=0.5|rho=0.25|c_L=1|c_H=6|b=2|k=0.02|r=1.55|noise=Laplace|cost=atoms|cost_halfwidth=0|prior_H=0.5|value_law=binary|eps_V=0,"asymmetric: Psi sign change on mesh 0.01, Brent (certified bracket)",,3,computer-assisted,2.250803710079907e-18,1e-11,2.458970527197124e-18,1e-12,Gauss-Legendre order 48 -> 64 and order intervals 400 -> 800; refined estimate checked against target/10,0.0,exterior tails integrated analytically against the constant Laplace residual; truncation bound 0,0.0025,0.00020796370967741948,false,"finite grid over [-1, 1] at spacing 0.0025; Lipschitz bound 2.080e-04 on unscanned gains (not enclosed within the deviation acceptance: numerical diagnostic)",6.938893903907228e-17,1.609823385706477e-15,2.220446049250313e-16,1.0,0.0,-0.45999999999999996,-6.934780874545687e-10,
1.55,asymmetric,0.999999999976717,-0.460316265416271,0.460316265416271,0.6477492454730379,0.4423565394818806,0.5450528924774592,0.32387462273651896,0.598884139870482,0.6467977171845276,0.8748345336312557,0.0078024193548387015,-0.07758064516129039,-0.016719565324015178,numerical diagnostic,not established,true,true,1.1102230246251565e-16,0.0,1.7854814848838885e-13,0.0,,c2:r=1.55:asymmetric#6,"ps[h=10|ell=1|p=0.5|rho=0.25|c_L=1|c_H=6|b=2|k=0.02|r=1.55|noise=Laplace|cost=atoms|cost_halfwidth=0|prior_H=0.5|value_law=binary|eps_V=0]|inst[reserve_auction:uniform_incumbent[0,r];sale_to_highest_admissible_at_max(p,min(R,v));bid_equal_reserve_is_admissible=yes]|info[public_price_feedback;investor_observes=fundamental_state;buyer_observes=price_only]|tie[entry_at_indifference=yes;bid_equal_reserve_is_admissible=yes;upper_plateau_enters_at_tau=M;lower_plateau_enters_at_B(m)=c_L]|qH=(1.000000:1.000000)|qL=(-0.460316:1.000000)|price[benchmark_inversion]|atoms[none]|prep[cost_threshold_at_price_information:zero_entry_pool/c_L=stay_out;zero_entry_pool/c_H=stay_out;positive_entry_price/c_L=prepare;positive_entry_price/c_H=prepare]",h=10|ell=1|p=0.5|rho=0.25|c_L=1|c_H=6|b=2|k=0.02|r=1.55|noise=Laplace|cost=atoms|cost_halfwidth=0|prior_H=0.5|value_law=binary|eps_V=0,"pure: damped best-response fixed point from init (u,v)=(0.6,0.95)",c2:r=1.55:asymmetric#4,3,numerical diagnostic,2.5284966244967576e-18,1e-11,1.9256802165948172e-18,1e-12,Gauss-Legendre order 48 -> 64 and order intervals 400 -> 800; refined estimate checked against target/10,0.0,exterior tails integrated analytically against the constant Laplace residual; truncation bound 0,0.0025,0.00020796370967741948,false,"finite grid over [-1, 1] at spacing 0.0025; Lipschitz bound 2.080e-04 on unscanned gains (not enclosed within the deviation acceptance: numerical diagnostic)",7.632783294297951e-17,2.942091015256665e-15,3.3306690738754696e-16,1.0,1.7854814848838885e-13,-0.45999999999999996,-6.935572550298419e-10,
1.55,asymmetric,1.0,-0.4603162969166387,0.4603162969166387,0.6477492482490954,0.4423565379659354,0.5450528931075154,0.3238746241245477,0.5988841402701438,0.6467977171845276,0.8748345178927134,0.0078024193548387015,-0.07758064516129039,-0.016719565324015178,numerical diagnostic,not established,true,true,1.1102230246251565e-16,0.0,0.0,0.0,,c2:r=1.55:asymmetric#8,"ps[h=10|ell=1|p=0.5|rho=0.25|c_L=1|c_H=6|b=2|k=0.02|r=1.55|noise=Laplace|cost=atoms|cost_halfwidth=0|prior_H=0.5|value_law=binary|eps_V=0]|inst[reserve_auction:uniform_incumbent[0,r];sale_to_highest_admissible_at_max(p,min(R,v));bid_equal_reserve_is_admissible=yes]|info[public_price_feedback;investor_observes=fundamental_state;buyer_observes=price_only]|tie[entry_at_indifference=yes;bid_equal_reserve_is_admissible=yes;upper_plateau_enters_at_tau=M;lower_plateau_enters_at_B(m)=c_L]|qH=(1.000000:1.000000)|qL=(-0.460316:1.000000)|price[benchmark_inversion]|atoms[none]|prep[cost_threshold_at_price_information:zero_entry_pool/c_L=stay_out;zero_entry_pool/c_H=stay_out;positive_entry_price/c_L=prepare;positive_entry_price/c_H=prepare]",h=10|ell=1|p=0.5|rho=0.25|c_L=1|c_H=6|b=2|k=0.02|r=1.55|noise=Laplace|cost=atoms|cost_halfwidth=0|prior_H=0.5|value_law=binary|eps_V=0,"mixed: mesh 0.05, start S2_mass_near_1_v0.9",c2:r=1.55:asymmetric#4,3,numerical diagnostic,2.1857515797307773e-18,1e-11,3.4586049302287594e-18,1e-12,Gauss-Legendre order 48 -> 64 and order intervals 400 -> 800; refined estimate checked against target/10,0.0,exterior tails integrated analytically against the constant Laplace residual; truncation bound 0,0.0025,0.00020796370967741948,false,"finite grid over [-1, 1] at spacing 0.0025; Lipschitz bound 2.080e-04 on unscanned gains (not enclosed within the deviation acceptance: numerical diagnostic)",7.632783294297951e-17,1.9984014443252818e-15,2.220446049250313e-16,1.0,0.0,-0.45999999999999996,-6.935906536609249e-10,
1.55,asymmetric_discontinuity,1.0,-0.209985332702,0.209985332702,0.25000000000000006,0.25000000000000006,0.25000000000000006,0.12500000000000003,0.45574596774193554,0.6467977171845276,inf,0.0078024193548387015,-0.07758064516129039,-0.016719565324015178,no candidate,not established,false,true,5.551115123125783e-17,0.0,0.00869762981441504,0.0,Psi sign change without root: |Psi|=8.980e-03 at the tau = M_v boundary; no candidate formed,c2:r=1.55:asymmetric_discontinuity#3,"ps[h=10|ell=1|p=0.5|rho=0.25|c_L=1|c_H=6|b=2|k=0.02|r=1.55|noise=Laplace|cost=atoms|cost_halfwidth=0|prior_H=0.5|value_law=binary|eps_V=0]|inst[reserve_auction:uniform_incumbent[0,r];sale_to_highest_admissible_at_max(p,min(R,v));bid_equal_reserve_is_admissible=yes]|info[public_price_feedback;investor_observes=fundamental_state;buyer_observes=price_only]|tie[entry_at_indifference=yes;bid_equal_reserve_is_admissible=yes;upper_plateau_enters_at_tau=M;lower_plateau_enters_at_B(m)=c_L]|qH=(1.000000:1.000000)|qL=(-0.209985:1.000000)|price[benchmark_inversion]|atoms[none]|prep[cost_threshold_at_price_information:zero_entry_pool/c_L=stay_out;zero_entry_pool/c_H=stay_out;positive_entry_price/c_L=prepare;positive_entry_price/c_H=stay_out]",h=10|ell=1|p=0.5|rho=0.25|c_L=1|c_H=6|b=2|k=0.02|r=1.55|noise=Laplace|cost=atoms|cost_halfwidth=0|prior_H=0.5|value_law=binary|eps_V=0,"asymmetric: Psi sign change on mesh 0.01, Brent",,3,no candidate,2.263814136149733e-18,1e-11,2.5847379792054426e-18,1e-12,Gauss-Legendre order 48 -> 64 and order intervals 400 -> 800; refined estimate checked against target/10,0.0,exterior tails integrated analytically against the constant Laplace residual; truncation bound 0,0.0025,0.00020796370967741948,false,"finite grid over [-1, 1] at spacing 0.0025; Lipschitz bound 2.080e-04 on unscanned gains (not enclosed within the deviation acceptance: numerical diagnostic)",6.245004513516506e-17,2.3869795029440866e-15,5.551115123125783e-17,0.0,0.00869762981441504,0.0,0.0018263746902987769,
1.55,full_orders,1.0,-1.0,1.0,0.6922085758838026,0.4180782580712964,0.5551434169775495,0.3461042879419013,0.605284835217174,0.6467977171845276,0.6049926663510328,0.0078024193548387015,-0.07758064516129039,-0.016719565324015178,rejected,not established,false,true,1.1102230246251565e-16,0.0,0.001249549144089656,0.0,epsilon_q=1.250e-03,c2:r=1.55:full_orders#2,"ps[h=10|ell=1|p=0.5|rho=0.25|c_L=1|c_H=6|b=2|k=0.02|r=1.55|noise=Laplace|cost=atoms|cost_halfwidth=0|prior_H=0.5|value_law=binary|eps_V=0]|inst[reserve_auction:uniform_incumbent[0,r];sale_to_highest_admissible_at_max(p,min(R,v));bid_equal_reserve_is_admissible=yes]|info[public_price_feedback;investor_observes=fundamental_state;buyer_observes=price_only]|tie[entry_at_indifference=yes;bid_equal_reserve_is_admissible=yes;upper_plateau_enters_at_tau=M;lower_plateau_enters_at_B(m)=c_L]|qH=(1.000000:1.000000)|qL=(-1.000000:1.000000)|price[benchmark_inversion]|atoms[none]|prep[cost_threshold_at_price_information:zero_entry_pool/c_L=stay_out;zero_entry_pool/c_H=stay_out;positive_entry_price/c_L=prepare;positive_entry_price/c_H=prepare]",h=10|ell=1|p=0.5|rho=0.25|c_L=1|c_H=6|b=2|k=0.02|r=1.55|noise=Laplace|cost=atoms|cost_halfwidth=0|prior_H=0.5|value_law=binary|eps_V=0,"full_orders: declared profile (1,-1)",,3,rejected,4.163336342344337e-18,1e-11,2.801578413702544e-18,1e-12,Gauss-Legendre order 48 -> 64 and order intervals 400 -> 800; refined estimate checked against target/10,0.0,exterior tails integrated analytically against the constant Laplace residual; truncation bound 0,0.0025,0.00020796370967741948,false,"finite grid over [-1, 1] at spacing 0.0025; Lipschitz bound 2.080e-04 on unscanned gains (not enclosed within the deviation acceptance: numerical diagnostic)",7.632783294297951e-17,2.7200464103316335e-15,4.440892098500626e-16,1.0,0.0,-0.5874999999999999,0.001249549144089656,
1.55,pooling,0.0,0.0,-0.0,0.25000000000000006,0.25000000000000006,0.25000000000000006,0.12500000000000003,0.45574596774193554,0.6467977171845276,inf,0.0078024193548387015,-0.07758064516129039,-0.016719565324015178,analytical,not established,true,true,0.0,0.0,0.0,0.0,,c2:r=1.55:pooling#1,"ps[h=10|ell=1|p=0.5|rho=0.25|c_L=1|c_H=6|b=2|k=0.02|r=1.55|noise=Laplace|cost=atoms|cost_halfwidth=0|prior_H=0.5|value_law=binary|eps_V=0]|inst[reserve_auction:uniform_incumbent[0,r];sale_to_highest_admissible_at_max(p,min(R,v));bid_equal_reserve_is_admissible=yes]|info[public_price_feedback;investor_observes=fundamental_state;buyer_observes=price_only]|tie[entry_at_indifference=yes;bid_equal_reserve_is_admissible=yes;upper_plateau_enters_at_tau=M;lower_plateau_enters_at_B(m)=c_L]|qH=(0.000000:1.000000)|qL=(0.000000:1.000000)|price[constant_price]|atoms[none]|prep[cost_threshold_at_price_information:zero_entry_pool/c_L=stay_out;zero_entry_pool/c_H=stay_out;positive_entry_price/c_L=prepare;positive_entry_price/c_H=stay_out]",h=10|ell=1|p=0.5|rho=0.25|c_L=1|c_H=6|b=2|k=0.02|r=1.55|noise=Laplace|cost=atoms|cost_halfwidth=0|prior_H=0.5|value_law=binary|eps_V=0,"pooling: declared profile (0,0)",,3,analytical,8.673617379884035e-19,1e-11,8.391724815037805e-19,1e-12,Gauss-Legendre order 48 -> 64 and order intervals 400 -> 800; refined estimate checked against target/10,0.0,exterior tails integrated analytically against the constant Laplace residual; truncation bound 0,0.0025,0.00020796370967741948,true,analytical cover closes between-grid deviations,0.0,2.6645352591003757e-15,5.551115123125783e-17,0.0,0.0,0.0,0.0,
1.55,pooling,0.0,-1.8189894035458565e-12,1.8189894035458565e-12,0.25000000000000006,0.25,0.25,0.12500000000000003,0.45574596774193554,0.6467977171845276,inf,0.0078024193548387015,-0.07758064516129039,-0.016719565324015178,numerical diagnostic,not established,true,true,5.551115123125783e-17,0.0,1.4192518128472696e-14,0.0,,c2:r=1.55:pooling#10,"ps[h=10|ell=1|p=0.5|rho=0.25|c_L=1|c_H=6|b=2|k=0.02|r=1.55|noise=Laplace|cost=atoms|cost_halfwidth=0|prior_H=0.5|value_law=binary|eps_V=0]|inst[reserve_auction:uniform_incumbent[0,r];sale_to_highest_admissible_at_max(p,min(R,v));bid_equal_reserve_is_admissible=yes]|info[public_price_feedback;investor_observes=fundamental_state;buyer_observes=price_only]|tie[entry_at_indifference=yes;bid_equal_reserve_is_admissible=yes;upper_plateau_enters_at_tau=M;lower_plateau_enters_at_B(m)=c_L]|qH=(0.000000:1.000000)|qL=(-0.000000:1.000000)|price[benchmark_inversion]|atoms[none]|prep[cost_threshold_at_price_information:zero_entry_pool/c_L=stay_out;zero_entry_pool/c_H=stay_out;positive_entry_price/c_L=prepare;positive_entry_price/c_H=stay_out]",h=10|ell=1|p=0.5|rho=0.25|c_L=1|c_H=6|b=2|k=0.02|r=1.55|noise=Laplace|cost=atoms|cost_halfwidth=0|prior_H=0.5|value_law=binary|eps_V=0,"mixed: mesh 0.025, start S1_uniform_v0.5",c2:r=1.55:symmetric_interior#5,3,numerical diagnostic,1.242495689668388e-18,1e-11,8.565197162635485e-19,1e-12,Gauss-Legendre order 48 -> 64 and order intervals 400 -> 800; refined estimate checked against target/10,0.0,exterior tails integrated analytically against the constant Laplace residual; truncation bound 0,0.0025,0.00020796370967741948,false,"finite grid over [-1, 1] at spacing 0.0025; Lipschitz bound 2.080e-04 on unscanned gains (not enclosed within the deviation acceptance: numerical diagnostic)",6.938893903907228e-18,2.7755575615628914e-15,5.551115123125783e-17,0.0,0.0,0.0,1.4192518128472696e-14,
1.55,pooling,0.0,-7.52316384526264e-38,7.52316384526264e-38,0.25000000000000006,0.25000000000000006,0.25000000000000006,0.12500000000000003,0.45574596774193554,0.6467977171845276,inf,0.0078024193548387015,-0.07758064516129039,-0.016719565324015178,numerical diagnostic,not established,true,true,0.0,0.0,5.869887919589997e-40,0.0,,c2:r=1.55:pooling#12,"ps[h=10|ell=1|p=0.5|rho=0.25|c_L=1|c_H=6|b=2|k=0.02|r=1.55|noise=Laplace|cost=atoms|cost_halfwidth=0|prior_H=0.5|value_law=binary|eps_V=0]|inst[reserve_auction:uniform_incumbent[0,r];sale_to_highest_admissible_at_max(p,min(R,v));bid_equal_reserve_is_admissible=yes]|info[public_price_feedback;investor_observes=fundamental_state;buyer_observes=price_only]|tie[entry_at_indifference=yes;bid_equal_reserve_is_admissible=yes;upper_plateau_enters_at_tau=M;lower_plateau_enters_at_B(m)=c_L]|qH=(0.000000:1.000000)|qL=(-0.000000:1.000000)|price[benchmark_inversion]|atoms[none]|prep[cost_threshold_at_price_information:zero_entry_pool/c_L=stay_out;zero_entry_pool/c_H=stay_out;positive_entry_price/c_L=prepare;positive_entry_price/c_H=stay_out]",h=10|ell=1|p=0.5|rho=0.25|c_L=1|c_H=6|b=2|k=0.02|r=1.55|noise=Laplace|cost=atoms|cost_halfwidth=0|prior_H=0.5|value_law=binary|eps_V=0,"mixed: mesh 0.025, start S3_mass_near_0_v0.1",c2:r=1.55:symmetric_interior#5,3,numerical diagnostic,8.673617379884035e-19,1e-11,8.391724815037805e-19,1e-12,Gauss-Legendre order 48 -> 64 and order intervals 400 -> 800; refined estimate checked against target/10,0.0,exterior tails integrated analytically against the constant Laplace residual; truncation bound 0,0.0025,0.00020796370967741948,false,"finite grid over [-1, 1] at spacing 0.0025; Lipschitz bound 2.080e-04 on unscanned gains (not enclosed within the deviation acceptance: numerical diagnostic)",0.0,2.6645352591003757e-15,5.551115123125783e-17,0.0,0.0,0.0,5.869887919589997e-40,
1.55,pooling,0.0,-1.8189894035458565e-12,1.8189894035458565e-12,0.25000000000000006,0.25,0.25,0.12500000000000003,0.45574596774193554,0.6467977171845276,inf,0.0078024193548387015,-0.07758064516129039,-0.016719565324015178,numerical diagnostic,not established,true,true,5.551115123125783e-17,0.0,1.4192518128472696e-14,0.0,,c2:r=1.55:pooling#7,"ps[h=10|ell=1|p=0.5|rho=0.25|c_L=1|c_H=6|b=2|k=0.02|r=1.55|noise=Laplace|cost=atoms|cost_halfwidth=0|prior_H=0.5|value_law=binary|eps_V=0]|inst[reserve_auction:uniform_incumbent[0,r];sale_to_highest_admissible_at_max(p,min(R,v));bid_equal_reserve_is_admissible=yes]|info[public_price_feedback;investor_observes=fundamental_state;buyer_observes=price_only]|tie[entry_at_indifference=yes;bid_equal_reserve_is_admissible=yes;upper_plateau_enters_at_tau=M;lower_plateau_enters_at_B(m)=c_L]|qH=(0.000000:1.000000)|qL=(-0.000000:1.000000)|price[benchmark_inversion]|atoms[none]|prep[cost_threshold_at_price_information:zero_entry_pool/c_L=stay_out;zero_entry_pool/c_H=stay_out;positive_entry_price/c_L=prepare;positive_entry_price/c_H=stay_out]",h=10|ell=1|p=0.5|rho=0.25|c_L=1|c_H=6|b=2|k=0.02|r=1.55|noise=Laplace|cost=atoms|cost_halfwidth=0|prior_H=0.5|value_law=binary|eps_V=0,"mixed: mesh 0.05, start S1_uniform_v0.5",c2:r=1.55:symmetric_interior#5,3,numerical diagnostic,1.242495689668388e-18,1e-11,8.565197162635485e-19,1e-12,Gauss-Legendre order 48 -> 64 and order intervals 400 -> 800; refined estimate checked against target/10,0.0,exterior tails integrated analytically against the constant Laplace residual; truncation bound 0,0.0025,0.00020796370967741948,false,"finite grid over [-1, 1] at spacing 0.0025; Lipschitz bound 2.080e-04 on unscanned gains (not enclosed within the deviation acceptance: numerical diagnostic)",6.938893903907228e-18,2.7755575615628914e-15,5.551115123125783e-17,0.0,0.0,0.0,1.4192518128472696e-14,
1.55,pooling,0.0,-7.52316384526264e-38,7.52316384526264e-38,0.25000000000000006,0.25000000000000006,0.25000000000000006,0.12500000000000003,0.45574596774193554,0.6467977171845276,inf,0.0078024193548387015,-0.07758064516129039,-0.016719565324015178,numerical diagnostic,not established,true,true,0.0,0.0,5.869887919589997e-40,0.0,,c2:r=1.55:pooling#9,"ps[h=10|ell=1|p=0.5|rho=0.25|c_L=1|c_H=6|b=2|k=0.02|r=1.55|noise=Laplace|cost=atoms|cost_halfwidth=0|prior_H=0.5|value_law=binary|eps_V=0]|inst[reserve_auction:uniform_incumbent[0,r];sale_to_highest_admissible_at_max(p,min(R,v));bid_equal_reserve_is_admissible=yes]|info[public_price_feedback;investor_observes=fundamental_state;buyer_observes=price_only]|tie[entry_at_indifference=yes;bid_equal_reserve_is_admissible=yes;upper_plateau_enters_at_tau=M;lower_plateau_enters_at_B(m)=c_L]|qH=(0.000000:1.000000)|qL=(-0.000000:1.000000)|price[benchmark_inversion]|atoms[none]|prep[cost_threshold_at_price_information:zero_entry_pool/c_L=stay_out;zero_entry_pool/c_H=stay_out;positive_entry_price/c_L=prepare;positive_entry_price/c_H=stay_out]",h=10|ell=1|p=0.5|rho=0.25|c_L=1|c_H=6|b=2|k=0.02|r=1.55|noise=Laplace|cost=atoms|cost_halfwidth=0|prior_H=0.5|value_law=binary|eps_V=0,"mixed: mesh 0.05, start S3_mass_near_0_v0.1",c2:r=1.55:symmetric_interior#5,3,numerical diagnostic,8.673617379884035e-19,1e-11,8.391724815037805e-19,1e-12,Gauss-Legendre order 48 -> 64 and order intervals 400 -> 800; refined estimate checked against target/10,0.0,exterior tails integrated analytically against the constant Laplace residual; truncation bound 0,0.0025,0.00020796370967741948,false,"finite grid over [-1, 1] at spacing 0.0025; Lipschitz bound 2.080e-04 on unscanned gains (not enclosed within the deviation acceptance: numerical diagnostic)",0.0,2.6645352591003757e-15,5.551115123125783e-17,0.0,0.0,0.0,5.869887919589997e-40,
1.55,symmetric_interior,9.5367431640625e-08,-9.5367431640625e-08,9.5367431640625e-08,0.25000000000000006,0.25000000000000006,0.25000000000000006,0.12500000000000003,0.45574596774193554,0.6467977171845276,inf,0.0078024193548387015,-0.07758064516129039,-0.016719565324015178,numerical diagnostic,not established,true,true,5.551115123125783e-17,0.0,7.440966944540718e-10,0.0,,c2:r=1.55:symmetric_interior#5,"ps[h=10|ell=1|p=0.5|rho=0.25|c_L=1|c_H=6|b=2|k=0.02|r=1.55|noise=Laplace|cost=atoms|cost_halfwidth=0|prior_H=0.5|value_law=binary|eps_V=0]|inst[reserve_auction:uniform_incumbent[0,r];sale_to_highest_admissible_at_max(p,min(R,v));bid_equal_reserve_is_admissible=yes]|info[public_price_feedback;investor_observes=fundamental_state;buyer_observes=price_only]|tie[entry_at_indifference=yes;bid_equal_reserve_is_admissible=yes;upper_plateau_enters_at_tau=M;lower_plateau_enters_at_B(m)=c_L]|qH=(0.000000:1.000000)|qL=(-0.000000:1.000000)|price[benchmark_inversion]|atoms[none]|prep[cost_threshold_at_price_information:zero_entry_pool/c_L=stay_out;zero_entry_pool/c_H=stay_out;positive_entry_price/c_L=prepare;positive_entry_price/c_H=stay_out]",h=10|ell=1|p=0.5|rho=0.25|c_L=1|c_H=6|b=2|k=0.02|r=1.55|noise=Laplace|cost=atoms|cost_halfwidth=0|prior_H=0.5|value_law=binary|eps_V=0,"pure: damped best-response fixed point from init (u,v)=(0.2,0.2)",,3,numerical diagnostic,8.630249292984615e-19,1e-11,8.651933336434424e-19,1e-12,Gauss-Legendre order 48 -> 64 and order intervals 400 -> 800; refined estimate checked against target/10,0.0,exterior tails integrated analytically against the constant Laplace residual; truncation bound 0,0.0025,0.00020796370967741948,false,"finite grid over [-1, 1] at spacing 0.0025; Lipschitz bound 2.080e-04 on unscanned gains (not enclosed within the deviation acceptance: numerical diagnostic)",4.683753385137379e-17,2.831068712794149e-15,5.551115123125783e-17,0.0,7.440966944540716e-10,0.0,7.440966944540718e-10,
1.6,asymmetric,1.0,-0.707475473069382,0.707475473069382,0.6674477313741818,0.4300648869144676,0.5487563091443247,0.3337238656870909,0.6128005028100597,0.6487341772151899,0.7597420412913833,0.005937499999999995,-0.09250000000000004,-0.016218011261984442,numerical diagnostic,not established,true,true,1.1102230246251565e-16,0.0,0.0,0.0,,c2:r=1.6:asymmetric#11,"ps[h=10|ell=1|p=0.5|rho=0.25|c_L=1|c_H=6|b=2|k=0.02|r=1.6|noise=Laplace|cost=atoms|cost_halfwidth=0|prior_H=0.5|value_law=binary|eps_V=0]|inst[reserve_auction:uniform_incumbent[0,r];sale_to_highest_admissible_at_max(p,min(R,v));bid_equal_reserve_is_admissible=yes]|info[public_price_feedback;investor_observes=fundamental_state;buyer_observes=price_only]|tie[entry_at_indifference=yes;bid_equal_reserve_is_admissible=yes;upper_plateau_enters_at_tau=M;lower_plateau_enters_at_B(m)=c_L]|qH=(1.000000:1.000000)|qL=(-0.707475:1.000000)|price[benchmark_inversion]|atoms[none]|prep[cost_threshold_at_price_information:zero_entry_pool/c_L=stay_out;zero_entry_pool/c_H=stay_out;positive_entry_price/c_L=prepare;positive_entry_price/c_H=prepare]",h=10|ell=1|p=0.5|rho=0.25|c_L=1|c_H=6|b=2|k=0.02|r=1.6|noise=Laplace|cost=atoms|cost_halfwidth=0|prior_H=0.5|value_law=binary|eps_V=0,"mixed: mesh 0.025, start S2_mass_near_1_v0.9",c2:r=1.6:asymmetric#4,3,numerical diagnostic,3.874917290742024e-18,1e-11,3.553993447686315e-18,1e-12,Gauss-Legendre order 48 -> 64 and order intervals 400 -> 800; refined estimate checked against target/10,0.0,exterior tails integrated analytically against the constant Laplace residual; truncation bound 0,0.0025,0.00023593750000000006,false,"finite grid over [-1, 1] at spacing 0.0025; Lipschitz bound 2.359e-04 on unscanned gains (not enclosed within the deviation acceptance: numerical diagnostic)",7.632783294297951e-17,2.1094237467877974e-15,2.220446049250313e-16,1.0,0.0,-0.7075,-4.472092834939545e-12,
1.6,asymmetric,1.0,-0.707475380096,0.707475380096,0.6674477236445544,0.430064891099778,0.5487563073721662,0.3337238618222772,0.6128005016276388,0.6487341772151899,0.7597420877780742,0.005937499999999995,-0.09250000000000004,-0.016218011261984442,computer-assisted,not established,true,true,1.1102230246251565e-16,0.0,0.0,0.0,,c2:r=1.6:asymmetric#4,"ps[h=10|ell=1|p=0.5|rho=0.25|c_L=1|c_H=6|b=2|k=0.02|r=1.6|noise=Laplace|cost=atoms|cost_halfwidth=0|prior_H=0.5|value_law=binary|eps_V=0]|inst[reserve_auction:uniform_incumbent[0,r];sale_to_highest_admissible_at_max(p,min(R,v));bid_equal_reserve_is_admissible=yes]|info[public_price_feedback;investor_observes=fundamental_state;buyer_observes=price_only]|tie[entry_at_indifference=yes;bid_equal_reserve_is_admissible=yes;upper_plateau_enters_at_tau=M;lower_plateau_enters_at_B(m)=c_L]|qH=(1.000000:1.000000)|qL=(-0.707475:1.000000)|price[benchmark_inversion]|atoms[none]|prep[cost_threshold_at_price_information:zero_entry_pool/c_L=stay_out;zero_entry_pool/c_H=stay_out;positive_entry_price/c_L=prepare;positive_entry_price/c_H=prepare]",h=10|ell=1|p=0.5|rho=0.25|c_L=1|c_H=6|b=2|k=0.02|r=1.6|noise=Laplace|cost=atoms|cost_halfwidth=0|prior_H=0.5|value_law=binary|eps_V=0,"asymmetric: Psi sign change on mesh 0.01, Brent (certified bracket)",,3,computer-assisted,3.642919299551295e-18,1e-11,3.527972514905109e-18,1e-12,Gauss-Legendre order 48 -> 64 and order intervals 400 -> 800; refined estimate checked against target/10,0.0,exterior tails integrated analytically against the constant Laplace residual; truncation bound 0,0.0025,0.00023593750000000006,false,"finite grid over [-1, 1] at spacing 0.0025; Lipschitz bound 2.359e-04 on unscanned gains (not enclosed within the deviation acceptance: numerical diagnostic)",7.632783294297951e-17,1.887379141862766e-15,2.220446049250313e-16,1.0,0.0,-0.7075,-4.477914566924923e-12,
1.6,asymmetric,0.999999999627471,-0.7074754683265754,0.7074754683265754,0.6674477309489026,0.4300648871447407,0.5487563090468217,0.3337238654744513,0.6128005027450036,0.6487341772151899,0.7597420434765219,0.005937499999999995,-0.09250000000000004,-0.016218011261984442,numerical diagnostic,not established,true,true,1.1102230246251565e-16,0.0,3.71554523259654e-12,0.0,,c2:r=1.6:asymmetric#6,"ps[h=10|ell=1|p=0.5|rho=0.25|c_L=1|c_H=6|b=2|k=0.02|r=1.6|noise=Laplace|cost=atoms|cost_halfwidth=0|prior_H=0.5|value_law=binary|eps_V=0]|inst[reserve_auction:uniform_incumbent[0,r];sale_to_highest_admissible_at_max(p,min(R,v));bid_equal_reserve_is_admissible=yes]|info[public_price_feedback;investor_observes=fundamental_state;buyer_observes=price_only]|tie[entry_at_indifference=yes;bid_equal_reserve_is_admissible=yes;upper_plateau_enters_at_tau=M;lower_plateau_enters_at_B(m)=c_L]|qH=(1.000000:1.000000)|qL=(-0.707475:1.000000)|price[benchmark_inversion]|atoms[none]|prep[cost_threshold_at_price_information:zero_entry_pool/c_L=stay_out;zero_entry_pool/c_H=stay_out;positive_entry_price/c_L=prepare;positive_entry_price/c_H=prepare]",h=10|ell=1|p=0.5|rho=0.25|c_L=1|c_H=6|b=2|k=0.02|r=1.6|noise=Laplace|cost=atoms|cost_halfwidth=0|prior_H=0.5|value_law=binary|eps_V=0,"pure: damped best-response fixed point from init (u,v)=(0.6,0.95)",c2:r=1.6:asymmetric#4,3,numerical diagnostic,3.382710778154774e-18,1e-11,3.241743217896761e-18,1e-12,Gauss-Legendre order 48 -> 64 and order intervals 400 -> 800; refined estimate checked against target/10,0.0,exterior tails integrated analytically against the constant Laplace residual; truncation bound 0,0.0025,0.00023593750000000006,false,"finite grid over [-1, 1] at spacing 0.0025; Lipschitz bound 2.359e-04 on unscanned gains (not enclosed within the deviation acceptance: numerical diagnostic)",7.632783294297951e-17,2.55351295663786e-15,2.220446049250313e-16,1.0,3.71554523259654e-12,-0.7075,-4.4723617170783214e-12,
1.6,asymmetric,1.0,-0.707475486623026,0.707475486623026,0.6674477325010056,0.4300648863043338,0.5487563094026697,0.3337238662505028,0.6128005029824328,0.6487341772151899,0.759742034514561,0.005937499999999995,-0.09250000000000004,-0.016218011261984442,numerical diagnostic,not established,true,true,1.1102230246251565e-16,0.0,0.0,0.0,,c2:r=1.6:asymmetric#8,"ps[h=10|ell=1|p=0.5|rho=0.25|c_L=1|c_H=6|b=2|k=0.02|r=1.6|noise=Laplace|cost=atoms|cost_halfwidth=0|prior_H=0.5|value_law=binary|eps_V=0]|inst[reserve_auction:uniform_incumbent[0,r];sale_to_highest_admissible_at_max(p,min(R,v));bid_equal_reserve_is_admissible=yes]|info[public_price_feedback;investor_observes=fundamental_state;buyer_observes=price_only]|tie[entry_at_indifference=yes;bid_equal_reserve_is_admissible=yes;upper_plateau_enters_at_tau=M;lower_plateau_enters_at_B(m)=c_L]|qH=(1.000000:1.000000)|qL=(-0.707475:1.000000)|price[benchmark_inversion]|atoms[none]|prep[cost_threshold_at_price_information:zero_entry_pool/c_L=stay_out;zero_entry_pool/c_H=stay_out;positive_entry_price/c_L=prepare;positive_entry_price/c_H=prepare]",h=10|ell=1|p=0.5|rho=0.25|c_L=1|c_H=6|b=2|k=0.02|r=1.6|noise=Laplace|cost=atoms|cost_halfwidth=0|prior_H=0.5|value_law=binary|eps_V=0,"mixed: mesh 0.05, start S2_mass_near_1_v0.9",c2:r=1.6:asymmetric#4,3,numerical diagnostic,3.3653635433950057e-18,1e-11,4.323798263872192e-18,1e-12,Gauss-Legendre order 48 -> 64 and order intervals 400 -> 800; refined estimate checked against target/10,0.0,exterior tails integrated analytically against the constant Laplace residual; truncation bound 0,0.0025,0.00023593750000000006,false,"finite grid over [-1, 1] at spacing 0.0025; Lipschitz bound 2.359e-04 on unscanned gains (not enclosed within the deviation acceptance: numerical diagnostic)",7.632783294297951e-17,2.4424906541753444e-15,3.3306690738754696e-16,1.0,0.0,-0.7075,-4.4712393509893644e-12,
1.6,asymmetric_discontinuity,1.0,-0.226959555652,0.226959555652,0.25,0.25000000000000006,0.25,0.125,0.46328125000000003,0.6487341772151899,inf,0.005937499999999995,-0.09250000000000004,-0.016218011261984442,no candidate,not established,false,true,5.551115123125783e-17,0.0,0.006995207254990549,0.0,Psi sign change without root: |Psi|=7.350e-03 at the tau = M_v boundary; no candidate formed,c2:r=1.6:asymmetric_discontinuity#3,"ps[h=10|ell=1|p=0.5|rho=0.25|c_L=1|c_H=6|b=2|k=0.02|r=1.6|noise=Laplace|cost=atoms|cost_halfwidth=0|prior_H=0.5|value_law=binary|eps_V=0]|inst[reserve_auction:uniform_incumbent[0,r];sale_to_highest_admissible_at_max(p,min(R,v));bid_equal_reserve_is_admissible=yes]|info[public_price_feedback;investor_observes=fundamental_state;buyer_observes=price_only]|tie[entry_at_indifference=yes;bid_equal_reserve_is_admissible=yes;upper_plateau_enters_at_tau=M;lower_plateau_enters_at_B(m)=c_L]|qH=(1.000000:1.000000)|qL=(-0.226960:1.000000)|price[benchmark_inversion]|atoms[none]|prep[cost_threshold_at_price_information:zero_entry_pool/c_L=stay_out;zero_entry_pool/c_H=stay_out;positive_entry_price/c_L=prepare;positive_entry_price/c_H=stay_out]",h=10|ell=1|p=0.5|rho=0.25|c_L=1|c_H=6|b=2|k=0.02|r=1.6|noise=Laplace|cost=atoms|cost_halfwidth=0|prior_H=0.5|value_law=binary|eps_V=0,"asymmetric: Psi sign change on mesh 0.01, Brent",,3,no candidate,1.6653345369377347e-18,1e-11,2.2985086056692693e-18,1e-12,Gauss-Legendre order 48 -> 64 and order intervals 400 -> 800; refined estimate checked against target/10,0.0,exterior tails integrated analytically against the constant Laplace residual; truncation bound 0,0.0025,0.00023593750000000006,false,"finite grid over [-1, 1] at spacing 0.0025; Lipschitz bound 2.359e-04 on unscanned gains (not enclosed within the deviation acceptance: numerical diagnostic)",3.8163916471489756e-17,2.4424906541753444e-15,5.551115123125783e-17,0.0,0.006995207254990549,0.0,0.001587629130286301,
1.6,full_orders,1.0,-1.0,1.0,0.6908996705779286,0.41736651983341455,0.5541330952056716,0.3454498352889643,0.6163880060099012,0.6487341772151899,0.613479777826074,0.005937499999999995,-0.09250000000000004,-0.016218011261984442,rejected,not established,false,true,1.1102230246251565e-16,0.0,0.0004456677705928589,0.0,epsilon_q=4.457e-04,c2:r=1.6:full_orders#2,"ps[h=10|ell=1|p=0.5|rho=0.25|c_L=1|c_H=6|b=2|k=0.02|r=1.6|noise=Laplace|cost=atoms|cost_halfwidth=0|prior_H=0.5|value_law=binary|eps_V=0]|inst[reserve_auction:uniform_incumbent[0,r];sale_to_highest_admissible_at_max(p,min(R,v));bid_equal_reserve_is_admissible=yes]|info[public_price_feedback;investor_observes=fundamental_state;buyer_observes=price_only]|tie[entry_at_indifference=yes;bid_equal_reserve_is_admissible=yes;upper_plateau_enters_at_tau=M;lower_plateau_enters_at_B(m)=c_L]|qH=(1.000000:1.000000)|qL=(-1.000000:1.000000)|price[benchmark_inversion]|atoms[none]|prep[cost_threshold_at_price_information:zero_entry_pool/c_L=stay_out;zero_entry_pool/c_H=stay_out;positive_entry_price/c_L=prepare;positive_entry_price/c_H=prepare]",h=10|ell=1|p=0.5|rho=0.25|c_L=1|c_H=6|b=2|k=0.02|r=1.6|noise=Laplace|cost=atoms|cost_halfwidth=0|prior_H=0.5|value_law=binary|eps_V=0,"full_orders: declared profile (1,-1)",,3,rejected,4.250072516143178e-18,1e-11,5.082739784612045e-18,1e-12,Gauss-Legendre order 48 -> 64 and order intervals 400 -> 800; refined estimate checked against target/10,0.0,exterior tails integrated analytically against the constant Laplace residual; truncation bound 0,0.0025,0.00023593750000000006,false,"finite grid over [-1, 1] at spacing 0.0025; Lipschitz bound 2.359e-04 on unscanned gains (not enclosed within the deviation acceptance: numerical diagnostic)",7.632783294297951e-17,1.887379141862766e-15,1.1102230246251565e-16,1.0,0.0,-0.76,0.00044566777059285197,
1.6,pooling,0.0,0.0,-0.0,0.25000000000000006,0.25000000000000006,0.25000000000000006,0.12500000000000003,0.46328125000000003,0.6487341772151899,inf,0.005937499999999995,-0.09250000000000004,-0.016218011261984442,analytical,not established,true,true,0.0,0.0,0.0,0.0,,c2:r=1.6:pooling#1,"ps[h=10|ell=1|p=0.5|rho=0.25|c_L=1|c_H=6|b=2|k=0.02|r=1.6|noise=Laplace|cost=atoms|cost_halfwidth=0|prior_H=0.5|value_law=binary|eps_V=0]|inst[reserve_auction:uniform_incumbent[0,r];sale_to_highest_admissible_at_max(p,min(R,v));bid_equal_reserve_is_admissible=yes]|info[public_price_feedback;investor_observes=fundamental_state;buyer_observes=price_only]|tie[entry_at_indifference=yes;bid_equal_reserve_is_admissible=yes;upper_plateau_enters_at_tau=M;lower_plateau_enters_at_B(m)=c_L]|qH=(0.000000:1.000000)|qL=(0.000000:1.000000)|price[constant_price]|atoms[none]|prep[cost_threshold_at_price_information:zero_entry_pool/c_L=stay_out;zero_entry_pool/c_H=stay_out;positive_entry_price/c_L=prepare;positive_entry_price/c_H=stay_out]",h=10|ell=1|p=0.5|rho=0.25|c_L=1|c_H=6|b=2|k=0.02|r=1.6|noise=Laplace|cost=atoms|cost_halfwidth=0|prior_H=0.5|value_law=binary|eps_V=0,"pooling: declared profile (0,0)",,3,analytical,8.673617379884035e-19,1e-11,8.673617379884035e-19,1e-12,Gauss-Legendre order 48 -> 64 and order intervals 400 -> 800; refined estimate checked against target/10,0.0,exterior tails integrated analytically against the constant Laplace residual; truncation bound 0,0.0025,0.00023593750000000006,true,analytical cover closes between-grid deviations,2.7755575615628914e-17,2.220446049250313e-16,5.551115123125783e-17,0.0,0.0,0.0,0.0,
1.6,pooling,0.0,-3.552713678800501e-15,3.552713678800501e-15,0.2500000000000001,0.25000000000000006,0.2500000000000001,0.12500000000000006,0.46328125000000003,0.6487341772151899,inf,0.005937499999999995,-0.09250000000000004,-0.016218011261984442,numerical diagnostic,not established,true,true,5.551115123125783e-17,0.0,2.1094237467877956e-17,0.0,,c2:r=1.6:pooling#10,"ps[h=10|ell=1|p=0.5|rho=0.25|c_L=1|c_H=6|b=2|k=0.02|r=1.6|noise=Laplace|cost=atoms|cost_halfwidth=0|prior_H=0.5|value_law=binary|eps_V=0]|inst[reserve_auction:uniform_incumbent[0,r];sale_to_highest_admissible_at_max(p,min(R,v));bid_equal_reserve_is_admissible=yes]|info[public_price_feedback;investor_observes=fundamental_state;buyer_observes=price_only]|tie[entry_at_indifference=yes;bid_equal_reserve_is_admissible=yes;upper_plateau_enters_at_tau=M;lower_plateau_enters_at_B(m)=c_L]|qH=(0.000000:1.000000)|qL=(-0.000000:1.000000)|price[benchmark_inversion]|atoms[none]|prep[cost_threshold_at_price_information:zero_entry_pool/c_L=stay_out;zero_entry_pool/c_H=stay_out;positive_entry_price/c_L=prepare;positive_entry_price/c_H=stay_out]",h=10|ell=1|p=0.5|rho=0.25|c_L=1|c_H=6|b=2|k=0.02|r=1.6|noise=Laplace|cost=atoms|cost_halfwidth=0|prior_H=0.5|value_law=binary|eps_V=0,"mixed: mesh 0.025, start S1_uniform_v0.5",c2:r=1.6:symmetric_interior#5,3,numerical diagnostic,1.1579279202145187e-18,1e-11,8.565197162635485e-19,1e-12,Gauss-Legendre order 48 -> 64 and order intervals 400 -> 800; refined estimate checked against target/10,0.0,exterior tails integrated analytically against the constant Laplace residual; truncation bound 0,0.0025,0.00023593750000000006,false,"finite grid over [-1, 1] at spacing 0.0025; Lipschitz bound 2.359e-04 on unscanned gains (not enclosed within the deviation acceptance: numerical diagnostic)",2.7755575615628914e-17,1.4432899320127035e-15,1.1102230246251565e-16,0.0,0.0,0.0,2.1094237467877956e-17,
1.6,pooling,0.0,-7.52316384526264e-38,7.52316384526264e-38,0.25000000000000006,0.25000000000000006,0.25000000000000006,0.12500000000000003,0.46328125000000003,0.6487341772151899,inf,0.005937499999999995,-0.09250000000000004,-0.016218011261984442,numerical diagnostic,not established,true,true,0.0,0.0,4.466878533124688e-40,0.0,,c2:r=1.6:pooling#12,"ps[h=10|ell=1|p=0.5|rho=0.25|c_L=1|c_H=6|b=2|k=0.02|r=1.6|noise=Laplace|cost=atoms|cost_halfwidth=0|prior_H=0.5|value_law=binary|eps_V=0]|inst[reserve_auction:uniform_incumbent[0,r];sale_to_highest_admissible_at_max(p,min(R,v));bid_equal_reserve_is_admissible=yes]|info[public_price_feedback;investor_observes=fundamental_state;buyer_observes=price_only]|tie[entry_at_indifference=yes;bid_equal_reserve_is_admissible=yes;upper_plateau_enters_at_tau=M;lower_plateau_enters_at_B(m)=c_L]|qH=(0.000000:1.000000)|qL=(-0.000000:1.000000)|price[benchmark_inversion]|atoms[none]|prep[cost_threshold_at_price_information:zero_entry_pool/c_L=stay_out;zero_entry_pool/c_H=stay_out;positive_entry_price/c_L=prepare;positive_entry_price/c_H=stay_out]",h=10|ell=1|p=0.5|rho=0.25|c_L=1|c_H=6|b=2|k=0.02|r=1.6|noise=Laplace|cost=atoms|cost_halfwidth=0|prior_H=0.5|value_law=binary|eps_V=0,"mixed: mesh 0.025, start S3_mass_near_0_v0.1",c2:r=1.6:symmetric_interior#5,3,numerical diagnostic,8.673617379884035e-19,1e-11,8.673617379884035e-19,1e-12,Gauss-Legendre order 48 -> 64 and order intervals 400 -> 800; refined estimate checked against target/10,0.0,exterior tails integrated analytically against the constant Laplace residual; truncation bound 0,0.0025,0.00023593750000000006,false,"finite grid over [-1, 1] at spacing 0.0025; Lipschitz bound 2.359e-04 on unscanned gains (not enclosed within the deviation acceptance: numerical diagnostic)",2.7755575615628914e-17,2.220446049250313e-16,5.551115123125783e-17,0.0,0.0,0.0,4.466878533124688e-40,
1.6,pooling,0.0,-3.552713678800501e-15,3.552713678800501e-15,0.2500000000000001,0.25000000000000006,0.2500000000000001,0.12500000000000006,0.46328125000000003,0.6487341772151899,inf,0.005937499999999995,-0.09250000000000004,-0.016218011261984442,numerical diagnostic,not established,true,true,5.551115123125783e-17,0.0,2.1094237467877956e-17,0.0,,c2:r=1.6:pooling#7,"ps[h=10|ell=1|p=0.5|rho=0.25|c_L=1|c_H=6|b=2|k=0.02|r=1.6|noise=Laplace|cost=atoms|cost_halfwidth=0|prior_H=0.5|value_law=binary|eps_V=0]|inst[reserve_auction:uniform_incumbent[0,r];sale_to_highest_admissible_at_max(p,min(R,v));bid_equal_reserve_is_admissible=yes]|info[public_price_feedback;investor_observes=fundamental_state;buyer_observes=price_only]|tie[entry_at_indifference=yes;bid_equal_reserve_is_admissible=yes;upper_plateau_enters_at_tau=M;lower_plateau_enters_at_B(m)=c_L]|qH=(0.000000:1.000000)|qL=(-0.000000:1.000000)|price[benchmark_inversion]|atoms[none]|prep[cost_threshold_at_price_information:zero_entry_pool/c_L=stay_out;zero_entry_pool/c_H=stay_out;positive_entry_price/c_L=prepare;positive_entry_price/c_H=stay_out]",h=10|ell=1|p=0.5|rho=0.25|c_L=1|c_H=6|b=2|k=0.02|r=1.6|noise=Laplace|cost=atoms|cost_halfwidth=0|prior_H=0.5|value_law=binary|eps_V=0,"mixed: mesh 0.05, start S1_uniform_v0.5",c2:r=1.6:symmetric_interior#5,3,numerical diagnostic,1.1579279202145187e-18,1e-11,8.565197162635485e-19,1e-12,Gauss-Legendre order 48 -> 64 and order intervals 400 -> 800; refined estimate checked against target/10,0.0,exterior tails integrated analytically against the constant Laplace residual; truncation bound 0,0.0025,0.00023593750000000006,false,"finite grid over [-1, 1] at spacing 0.0025; Lipschitz bound 2.359e-04 on unscanned gains (not enclosed within the deviation acceptance: numerical diagnostic)",2.7755575615628914e-17,1.4432899320127035e-15,1.1102230246251565e-16,0.0,0.0,0.0,2.1094237467877956e-17,
1.6,pooling,0.0,-7.52316384526264e-38,7.52316384526264e-38,0.25000000000000006,0.25000000000000006,0.25000000000000006,0.12500000000000003,0.46328125000000003,0.6487341772151899,inf,0.005937499999999995,-0.09250000000000004,-0.016218011261984442,numerical diagnostic,not established,true,true,0.0,0.0,4.466878533124688e-40,0.0,,c2:r=1.6:pooling#9,"ps[h=10|ell=1|p=0.5|rho=0.25|c_L=1|c_H=6|b=2|k=0.02|r=1.6|noise=Laplace|cost=atoms|cost_halfwidth=0|prior_H=0.5|value_law=binary|eps_V=0]|inst[reserve_auction:uniform_incumbent[0,r];sale_to_highest_admissible_at_max(p,min(R,v));bid_equal_reserve_is_admissible=yes]|info[public_price_feedback;investor_observes=fundamental_state;buyer_observes=price_only]|tie[entry_at_indifference=yes;bid_equal_reserve_is_admissible=yes;upper_plateau_enters_at_tau=M;lower_plateau_enters_at_B(m)=c_L]|qH=(0.000000:1.000000)|qL=(-0.000000:1.000000)|price[benchmark_inversion]|atoms[none]|prep[cost_threshold_at_price_information:zero_entry_pool/c_L=stay_out;zero_entry_pool/c_H=stay_out;positive_entry_price/c_L=prepare;positive_entry_price/c_H=stay_out]",h=10|ell=1|p=0.5|rho=0.25|c_L=1|c_H=6|b=2|k=0.02|r=1.6|noise=Laplace|cost=atoms|cost_halfwidth=0|prior_H=0.5|value_law=binary|eps_V=0,"mixed: mesh 0.05, start S3_mass_near_0_v0.1",c2:r=1.6:symmetric_interior#5,3,numerical diagnostic,8.673617379884035e-19,1e-11,8.673617379884035e-19,1e-12,Gauss-Legendre order 48 -> 64 and order intervals 400 -> 800; refined estimate checked against target/10,0.0,exterior tails integrated analytically against the constant Laplace residual; truncation bound 0,0.0025,0.00023593750000000006,false,"finite grid over [-1, 1] at spacing 0.0025; Lipschitz bound 2.359e-04 on unscanned gains (not enclosed within the deviation acceptance: numerical diagnostic)",2.7755575615628914e-17,2.220446049250313e-16,5.551115123125783e-17,0.0,0.0,0.0,4.466878533124688e-40,
1.6,symmetric_interior,9.5367431640625e-08,-9.5367431640625e-08,9.5367431640625e-08,0.25000000000000006,0.25000000000000006,0.25000000000000006,0.12500000000000003,0.46328125000000003,0.6487341772151899,inf,0.005937499999999995,-0.09250000000000004,-0.016218011261984442,numerical diagnostic,not established,true,true,5.551115123125783e-17,0.0,5.662441253662135e-10,0.0,,c2:r=1.6:symmetric_interior#5,"ps[h=10|ell=1|p=0.5|rho=0.25|c_L=1|c_H=6|b=2|k=0.02|r=1.6|noise=Laplace|cost=atoms|cost_halfwidth=0|prior_H=0.5|value_law=binary|eps_V=0]|inst[reserve_auction:uniform_incumbent[0,r];sale_to_highest_admissible_at_max(p,min(R,v));bid_equal_reserve_is_admissible=yes]|info[public_price_feedback;investor_observes=fundamental_state;buyer_observes=price_only]|tie[entry_at_indifference=yes;bid_equal_reserve_is_admissible=yes;upper_plateau_enters_at_tau=M;lower_plateau_enters_at_B(m)=c_L]|qH=(0.000000:1.000000)|qL=(-0.000000:1.000000)|price[benchmark_inversion]|atoms[none]|prep[cost_threshold_at_price_information:zero_entry_pool/c_L=stay_out;zero_entry_pool/c_H=stay_out;positive_entry_price/c_L=prepare;positive_entry_price/c_H=stay_out]",h=10|ell=1|p=0.5|rho=0.25|c_L=1|c_H=6|b=2|k=0.02|r=1.6|noise=Laplace|cost=atoms|cost_halfwidth=0|prior_H=0.5|value_law=binary|eps_V=0,"pure: damped best-response fixed point from init (u,v)=(0.2,0.2)",,3,numerical diagnostic,8.673617379884035e-19,1e-11,1.0636023312082897e-18,1e-12,Gauss-Legendre order 48 -> 64 and order intervals 400 -> 800; refined estimate checked against target/10,0.0,exterior tails integrated analytically against the constant Laplace residual; truncation bound 0,0.0025,0.00023593750000000006,false,"finite grid over [-1, 1] at spacing 0.0025; Lipschitz bound 2.359e-04 on unscanned gains (not enclosed within the deviation acceptance: numerical diagnostic)",2.7755575615628914e-17,1.4432899320127035e-15,5.551115123125783e-17,0.0,5.662441253662133e-10,0.0,5.662441253662135e-10,
1.65,asymmetric,1.0,-0.9033320884143943,0.9033320884143943,0.6819888423092539,0.4207327619570663,0.5513608021331602,0.34099442115462697,0.6260531108861376,0.6506703099649901,0.6703208865440957,0.003996212121212119,-0.10803030303030305,-0.015695918540574887,numerical diagnostic,not established,true,true,1.1102230246251565e-16,0.0,0.0,0.0,,c2:r=1.65:asymmetric#11,"ps[h=10|ell=1|p=0.5|rho=0.25|c_L=1|c_H=6|b=2|k=0.02|r=1.65|noise=Laplace|cost=atoms|cost_halfwidth=0|prior_H=0.5|value_law=binary|eps_V=0]|inst[reserve_auction:uniform_incumbent[0,r];sale_to_highest_admissible_at_max(p,min(R,v));bid_equal_reserve_is_admissible=yes]|info[public_price_feedback;investor_observes=fundamental_state;buyer_observes=price_only]|tie[entry_at_indifference=yes;bid_equal_reserve_is_admissible=yes;upper_plateau_enters_at_tau=M;lower_plateau_enters_at_B(m)=c_L]|qH=(1.000000:1.000000)|qL=(-0.903332:1.000000)|price[benchmark_inversion]|atoms[none]|prep[cost_threshold_at_price_information:zero_entry_pool/c_L=stay_out;zero_entry_pool/c_H=stay_out;positive_entry_price/c_L=prepare;positive_entry_price/c_H=prepare]",h=10|ell=1|p=0.5|rho=0.25|c_L=1|c_H=6|b=2|k=0.02|r=1.65|noise=Laplace|cost=atoms|cost_halfwidth=0|prior_H=0.5|value_law=binary|eps_V=0,"mixed: mesh 0.025, start S2_mass_near_1_v0.9",c2:r=1.65:asymmetric#4,3,numerical diagnostic,3.486794186713382e-18,1e-11,4.2587461335230615e-18,1e-12,Gauss-Legendre order 48 -> 64 and order intervals 400 -> 800; refined estimate checked against target/10,0.0,exterior tails integrated analytically against the constant Laplace residual; truncation bound 0,0.0025,0.0002650568181818182,false,"finite grid over [-1, 1] at spacing 0.0025; Lipschitz bound 2.651e-04 on unscanned gains (not enclosed within the deviation acceptance: numerical diagnostic)",6.591949208711867e-17,1.3322676295501878e-15,3.3306690738754696e-16,1.0,0.0,-0.9025,-5.4178636889334886e-09,
1.65,asymmetric,1.0,-0.903331992461,0.903331992461,0.6819888346806913,0.4207327660526633,0.5513608003666772,0.34099441734034563,0.626053109648377,0.6506703099649901,0.6703209345207931,0.003996212121212119,-0.10803030303030305,-0.015695918540574887,computer-assisted,not established,true,true,1.1102230246251565e-16,0.0,0.0,0.0,,c2:r=1.65:asymmetric#4,"ps[h=10|ell=1|p=0.5|rho=0.25|c_L=1|c_H=6|b=2|k=0.02|r=1.65|noise=Laplace|cost=atoms|cost_halfwidth=0|prior_H=0.5|value_law=binary|eps_V=0]|inst[reserve_auction:uniform_incumbent[0,r];sale_to_highest_admissible_at_max(p,min(R,v));bid_equal_reserve_is_admissible=yes]|info[public_price_feedback;investor_observes=fundamental_state;buyer_observes=price_only]|tie[entry_at_indifference=yes;bid_equal_reserve_is_admissible=yes;upper_plateau_enters_at_tau=M;lower_plateau_enters_at_B(m)=c_L]|qH=(1.000000:1.000000)|qL=(-0.903332:1.000000)|price[benchmark_inversion]|atoms[none]|prep[cost_threshold_at_price_information:zero_entry_pool/c_L=stay_out;zero_entry_pool/c_H=stay_out;positive_entry_price/c_L=prepare;positive_entry_price/c_H=prepare]",h=10|ell=1|p=0.5|rho=0.25|c_L=1|c_H=6|b=2|k=0.02|r=1.65|noise=Laplace|cost=atoms|cost_halfwidth=0|prior_H=0.5|value_law=binary|eps_V=0,"asymmetric: Psi sign change on mesh 0.01, Brent (certified bracket)",,3,computer-assisted,5.8315609220540094e-18,1e-11,4.2182680893955786e-18,1e-12,Gauss-Legendre order 48 -> 64 and order intervals 400 -> 800; refined estimate checked against target/10,0.0,exterior tails integrated analytically against the constant Laplace residual; truncation bound 0,0.0025,0.0002650568181818182,false,"finite grid over [-1, 1] at spacing 0.0025; Lipschitz bound 2.651e-04 on unscanned gains (not enclosed within the deviation acceptance: numerical diagnostic)",6.591949208711867e-17,2.220446049250313e-15,2.220446049250313e-16,1.0,0.0,-0.9025,-5.417719883826777e-09,
1.65,asymmetric,0.9999999985098839,-0.9033320541582257,0.9033320541582257,0.6819888394673244,0.42073276348283173,0.551360801475078,0.3409944197336622,0.6260531104250247,0.6506703099649901,0.6703209029271221,0.003996212121212119,-0.10803030303030305,-0.015695918540574887,numerical diagnostic,not established,true,true,1.1102230246251565e-16,0.0,1.8472244567302454e-11,0.0,,c2:r=1.65:asymmetric#6,"ps[h=10|ell=1|p=0.5|rho=0.25|c_L=1|c_H=6|b=2|k=0.02|r=1.65|noise=Laplace|cost=atoms|cost_halfwidth=0|prior_H=0.5|value_law=binary|eps_V=0]|inst[reserve_auction:uniform_incumbent[0,r];sale_to_highest_admissible_at_max(p,min(R,v));bid_equal_reserve_is_admissible=yes]|info[public_price_feedback;investor_observes=fundamental_state;buyer_observes=price_only]|tie[entry_at_indifference=yes;bid_equal_reserve_is_admissible=yes;upper_plateau_enters_at_tau=M;lower_plateau_enters_at_B(m)=c_L]|qH=(1.000000:1.000000)|qL=(-0.903332:1.000000)|price[benchmark_inversion]|atoms[none]|prep[cost_threshold_at_price_information:zero_entry_pool/c_L=stay_out;zero_entry_pool/c_H=stay_out;positive_entry_price/c_L=prepare;positive_entry_price/c_H=prepare]",h=10|ell=1|p=0.5|rho=0.25|c_L=1|c_H=6|b=2|k=0.02|r=1.65|noise=Laplace|cost=atoms|cost_halfwidth=0|prior_H=0.5|value_law=binary|eps_V=0,"pure: damped best-response fixed point from init (u,v)=(0.6,0.95)",c2:r=1.65:asymmetric#4,3,numerical diagnostic,3.469446951953614e-18,1e-11,4.3368086873570785e-18,1e-12,Gauss-Legendre order 48 -> 64 and order intervals 400 -> 800; refined estimate checked against target/10,0.0,exterior tails integrated analytically against the constant Laplace residual; truncation bound 0,0.0025,0.0002650568181818182,false,"finite grid over [-1, 1] at spacing 0.0025; Lipschitz bound 2.651e-04 on unscanned gains (not enclosed within the deviation acceptance: numerical diagnostic)",6.245004513516506e-17,2.1649348980190553e-15,2.220446049250313e-16,1.0,1.8472244567302454e-11,-0.9025,-5.41781700752475e-09,
1.65,asymmetric,1.0,-0.9033320704831304,0.9033320704831304,0.6819888408836684,0.4207327627224298,0.5513608018030491,0.3409944204418342,0.6260531106548315,0.6506703099649901,0.6703208955097276,0.003996212121212119,-0.10803030303030305,-0.015695918540574887,numerical diagnostic,not established,true,true,1.1102230246251565e-16,0.0,0.0,0.0,,c2:r=1.65:asymmetric#8,"ps[h=10|ell=1|p=0.5|rho=0.25|c_L=1|c_H=6|b=2|k=0.02|r=1.65|noise=Laplace|cost=atoms|cost_halfwidth=0|prior_H=0.5|value_law=binary|eps_V=0]|inst[reserve_auction:uniform_incumbent[0,r];sale_to_highest_admissible_at_max(p,min(R,v));bid_equal_reserve_is_admissible=yes]|info[public_price_feedback;investor_observes=fundamental_state;buyer_observes=price_only]|tie[entry_at_indifference=yes;bid_equal_reserve_is_admissible=yes;upper_plateau_enters_at_tau=M;lower_plateau_enters_at_B(m)=c_L]|qH=(1.000000:1.000000)|qL=(-0.903332:1.000000)|price[benchmark_inversion]|atoms[none]|prep[cost_threshold_at_price_information:zero_entry_pool/c_L=stay_out;zero_entry_pool/c_H=stay_out;positive_entry_price/c_L=prepare;positive_entry_price/c_H=prepare]",h=10|ell=1|p=0.5|rho=0.25|c_L=1|c_H=6|b=2|k=0.02|r=1.65|noise=Laplace|cost=atoms|cost_halfwidth=0|prior_H=0.5|value_law=binary|eps_V=0,"mixed: mesh 0.05, start S2_mass_near_1_v0.9",c2:r=1.65:asymmetric#4,3,numerical diagnostic,4.9468520169792485e-18,1e-11,4.241398898763294e-18,1e-12,Gauss-Legendre order 48 -> 64 and order intervals 400 -> 800; refined estimate checked against target/10,0.0,exterior tails integrated analytically against the constant Laplace residual; truncation bound 0,0.0025,0.0002650568181818182,false,"finite grid over [-1, 1] at spacing 0.0025; Lipschitz bound 2.651e-04 on unscanned gains (not enclosed within the deviation acceptance: numerical diagnostic)",6.591949208711867e-17,1.3322676295501878e-15,3.3306690738754696e-16,1.0,0.0,-0.9025,-5.41783682500574e-09,
1.65,asymmetric_discontinuity,1.0,-0.243973861503,0.243973861503,0.625000000000039,0.45132874015745966,0.5381643700787493,0.3125000000000195,0.6168064751849265,0.6506703099649901,0.9999999999997932,0.003996212121212119,-0.10803030303030305,-0.015695918540574887,no candidate,not established,false,true,1.1102230246251565e-16,0.0,0.0024719881817161764,0.0,Psi sign change without root: |Psi|=9.059e-03 at the tau = M_v boundary; no candidate formed,c2:r=1.65:asymmetric_discontinuity#3,"ps[h=10|ell=1|p=0.5|rho=0.25|c_L=1|c_H=6|b=2|k=0.02|r=1.65|noise=Laplace|cost=atoms|cost_halfwidth=0|prior_H=0.5|value_law=binary|eps_V=0]|inst[reserve_auction:uniform_incumbent[0,r];sale_to_highest_admissible_at_max(p,min(R,v));bid_equal_reserve_is_admissible=yes]|info[public_price_feedback;investor_observes=fundamental_state;buyer_observes=price_only]|tie[entry_at_indifference=yes;bid_equal_reserve_is_admissible=yes;upper_plateau_enters_at_tau=M;lower_plateau_enters_at_B(m)=c_L]|qH=(1.000000:1.000000)|qL=(-0.243974:1.000000)|price[benchmark_inversion]|atoms[none]|prep[cost_threshold_at_price_information:zero_entry_pool/c_L=stay_out;zero_entry_pool/c_H=stay_out;positive_entry_price/c_L=prepare;positive_entry_price/c_H=prepare]",h=10|ell=1|p=0.5|rho=0.25|c_L=1|c_H=6|b=2|k=0.02|r=1.65|noise=Laplace|cost=atoms|cost_halfwidth=0|prior_H=0.5|value_law=binary|eps_V=0,"asymmetric: Psi sign change on mesh 0.01, Brent",,3,no candidate,2.931682674400804e-18,1e-11,2.168404344971009e-18,1e-12,Gauss-Legendre order 48 -> 64 and order intervals 400 -> 800; refined estimate checked against target/10,0.0,exterior tails integrated analytically against the constant Laplace residual; truncation bound 0,0.0025,0.0002650568181818182,false,"finite grid over [-1, 1] at spacing 0.0025; Lipschitz bound 2.651e-04 on unscanned gains (not enclosed within the deviation acceptance: numerical diagnostic)",6.591949208711867e-17,1.9984014443252818e-15,1.1102230246251565e-16,1.0,0.0,-0.835,0.0024719881817161764,
1.65,full_orders,1.0,-1.0,1.0,0.6895820884605472,0.41665612547347813,0.5531191069670127,0.3447910442302736,0.6272851411942753,0.6506703099649901,0.6219869307512932,0.003996212121212119,-0.10803030303030305,-0.015695918540574887,rejected,not established,false,true,1.1102230246251565e-16,0.0,5.756468173856791e-05,0.0,epsilon_q=5.756e-05,c2:r=1.65:full_orders#2,"ps[h=10|ell=1|p=0.5|rho=0.25|c_L=1|c_H=6|b=2|k=0.02|r=1.65|noise=Laplace|cost=atoms|cost_halfwidth=0|prior_H=0.5|value_law=binary|eps_V=0]|inst[reserve_auction:uniform_incumbent[0,r];sale_to_highest_admissible_at_max(p,min(R,v));bid_equal_reserve_is_admissible=yes]|info[public_price_feedback;investor_observes=fundamental_state;buyer_observes=price_only]|tie[entry_at_indifference=yes;bid_equal_reserve_is_admissible=yes;upper_plateau_enters_at_tau=M;lower_plateau_enters_at_B(m)=c_L]|qH=(1.000000:1.000000)|qL=(-1.000000:1.000000)|price[benchmark_inversion]|atoms[none]|prep[cost_threshold_at_price_information:zero_entry_pool/c_L=stay_out;zero_entry_pool/c_H=stay_out;positive_entry_price/c_L=prepare;positive_entry_price/c_H=prepare]",h=10|ell=1|p=0.5|rho=0.25|c_L=1|c_H=6|b=2|k=0.02|r=1.65|noise=Laplace|cost=atoms|cost_halfwidth=0|prior_H=0.5|value_law=binary|eps_V=0,"full_orders: declared profile (1,-1)",,3,rejected,4.839878497975292e-18,1e-11,5.178149575790769e-18,1e-12,Gauss-Legendre order 48 -> 64 and order intervals 400 -> 800; refined estimate checked against target/10,0.0,exterior tails integrated analytically against the constant Laplace residual; truncation bound 0,0.0025,0.0002650568181818182,false,"finite grid over [-1, 1] at spacing 0.0025; Lipschitz bound 2.651e-04 on unscanned gains (not enclosed within the deviation acceptance: numerical diagnostic)",6.591949208711867e-17,1.887379141862766e-15,2.220446049250313e-16,1.0,0.0,-0.915,5.756468173856444e-05,
1.65,pooling,0.0,0.0,-0.0,0.25000000000000006,0.25000000000000006,0.25000000000000006,0.12500000000000003,0.47054924242424245,0.6506703099649901,inf,0.003996212121212119,-0.10803030303030305,-0.015695918540574887,analytical,not established,true,true,0.0,0.0,0.0,0.0,,c2:r=1.65:pooling#1,"ps[h=10|ell=1|p=0.5|rho=0.25|c_L=1|c_H=6|b=2|k=0.02|r=1.65|noise=Laplace|cost=atoms|cost_halfwidth=0|prior_H=0.5|value_law=binary|eps_V=0]|inst[reserve_auction:uniform_incumbent[0,r];sale_to_highest_admissible_at_max(p,min(R,v));bid_equal_reserve_is_admissible=yes]|info[public_price_feedback;investor_observes=fundamental_state;buyer_observes=price_only]|tie[entry_at_indifference=yes;bid_equal_reserve_is_admissible=yes;upper_plateau_enters_at_tau=M;lower_plateau_enters_at_B(m)=c_L]|qH=(0.000000:1.000000)|qL=(0.000000:1.000000)|price[constant_price]|atoms[none]|prep[cost_threshold_at_price_information:zero_entry_pool/c_L=stay_out;zero_entry_pool/c_H=stay_out;positive_entry_price/c_L=prepare;positive_entry_price/c_H=stay_out]",h=10|ell=1|p=0.5|rho=0.25|c_L=1|c_H=6|b=2|k=0.02|r=1.65|noise=Laplace|cost=atoms|cost_halfwidth=0|prior_H=0.5|value_law=binary|eps_V=0,"pooling: declared profile (0,0)",,3,analytical,8.673617379884035e-19,1e-11,8.608565249534906e-19,1e-12,Gauss-Legendre order 48 -> 64 and order intervals 400 -> 800; refined estimate checked against target/10,0.0,exterior tails integrated analytically against the constant Laplace residual; truncation bound 0,0.0025,0.0002650568181818182,true,analytical cover closes between-grid deviations,1.3877787807814457e-17,1.5543122344752192e-15,5.551115123125783e-17,0.0,0.0,0.0,0.0,
1.65,pooling,0.0,-2.710505431213761e-20,2.710505431213761e-20,0.25000000000000006,0.25000000000000006,0.25000000000000006,0.12500000000000003,0.47054924242424245,0.6506703099649901,inf,0.003996212121212119,-0.10803030303030305,-0.015695918540574887,numerical diagnostic,not established,true,true,0.0,0.0,1.0831754658827714e-22,0.0,,c2:r=1.65:pooling#10,"ps[h=10|ell=1|p=0.5|rho=0.25|c_L=1|c_H=6|b=2|k=0.02|r=1.65|noise=Laplace|cost=atoms|cost_halfwidth=0|prior_H=0.5|value_law=binary|eps_V=0]|inst[reserve_auction:uniform_incumbent[0,r];sale_to_highest_admissible_at_max(p,min(R,v));bid_equal_reserve_is_admissible=yes]|info[public_price_feedback;investor_observes=fundamental_state;buyer_observes=price_only]|tie[entry_at_indifference=yes;bid_equal_reserve_is_admissible=yes;upper_plateau_enters_at_tau=M;lower_plateau_enters_at_B(m)=c_L]|qH=(0.000000:1.000000)|qL=(-0.000000:1.000000)|price[benchmark_inversion]|atoms[none]|prep[cost_threshold_at_price_information:zero_entry_pool/c_L=stay_out;zero_entry_pool/c_H=stay_out;positive_entry_price/c_L=prepare;positive_entry_price/c_H=stay_out]",h=10|ell=1|p=0.5|rho=0.25|c_L=1|c_H=6|b=2|k=0.02|r=1.65|noise=Laplace|cost=atoms|cost_halfwidth=0|prior_H=0.5|value_law=binary|eps_V=0,"mixed: mesh 0.025, start S1_uniform_v0.5",c2:r=1.65:symmetric_interior#5,3,numerical diagnostic,8.673617379884035e-19,1e-11,8.608565249534906e-19,1e-12,Gauss-Legendre order 48 -> 64 and order intervals 400 -> 800; refined estimate checked against target/10,0.0,exterior tails integrated analytically against the constant Laplace residual; truncation bound 0,0.0025,0.0002650568181818182,false,"finite grid over [-1, 1] at spacing 0.0025; Lipschitz bound 2.651e-04 on unscanned gains (not enclosed within the deviation acceptance: numerical diagnostic)",1.3877787807814457e-17,1.5543122344752192e-15,5.551115123125783e-17,0.0,0.0,0.0,1.0831754658827714e-22,
1.65,pooling,0.0,-7.52316384526264e-38,7.52316384526264e-38,0.25000000000000006,0.25000000000000006,0.25000000000000006,0.12500000000000003,0.47054924242424245,0.6506703099649901,inf,0.003996212121212119,-0.10803030303030305,-0.015695918540574887,numerical diagnostic,not established,true,true,0.0,0.0,3.006415854830333e-40,0.0,,c2:r=1.65:pooling#12,"ps[h=10|ell=1|p=0.5|rho=0.25|c_L=1|c_H=6|b=2|k=0.02|r=1.65|noise=Laplace|cost=atoms|cost_halfwidth=0|prior_H=0.5|value_law=binary|eps_V=0]|inst[reserve_auction:uniform_incumbent[0,r];sale_to_highest_admissible_at_max(p,min(R,v));bid_equal_reserve_is_admissible=yes]|info[public_price_feedback;investor_observes=fundamental_state;buyer_observes=price_only]|tie[entry_at_indifference=yes;bid_equal_reserve_is_admissible=yes;upper_plateau_enters_at_tau=M;lower_plateau_enters_at_B(m)=c_L]|qH=(0.000000:1.000000)|qL=(-0.000000:1.000000)|price[benchmark_inversion]|atoms[none]|prep[cost_threshold_at_price_information:zero_entry_pool/c_L=stay_out;zero_entry_pool/c_H=stay_out;positive_entry_price/c_L=prepare;positive_entry_price/c_H=stay_out]",h=10|ell=1|p=0.5|rho=0.25|c_L=1|c_H=6|b=2|k=0.02|r=1.65|noise=Laplace|cost=atoms|cost_halfwidth=0|prior_H=0.5|value_law=binary|eps_V=0,"mixed: mesh 0.025, start S3_mass_near_0_v0.1",c2:r=1.65:symmetric_interior#5,3,numerical diagnostic,8.673617379884035e-19,1e-11,8.608565249534906e-19,1e-12,Gauss-Legendre order 48 -> 64 and order intervals 400 -> 800; refined estimate checked against target/10,0.0,exterior tails integrated analytically against the constant Laplace residual; truncation bound 0,0.0025,0.0002650568181818182,false,"finite grid over [-1, 1] at spacing 0.0025; Lipschitz bound 2.651e-04 on unscanned gains (not enclosed within the deviation acceptance: numerical diagnostic)",1.3877787807814457e-17,1.5543122344752192e-15,5.551115123125783e-17,0.0,0.0,0.0,3.006415854830333e-40,
1.65,pooling,0.0,-2.710505431213761e-20,2.710505431213761e-20,0.25000000000000006,0.25000000000000006,0.25000000000000006,0.12500000000000003,0.47054924242424245,0.6506703099649901,inf,0.003996212121212119,-0.10803030303030305,-0.015695918540574887,numerical diagnostic,not established,true,true,0.0,0.0,1.0831754658827714e-22,0.0,,c2:r=1.65:pooling#7,"ps[h=10|ell=1|p=0.5|rho=0.25|c_L=1|c_H=6|b=2|k=0.02|r=1.65|noise=Laplace|cost=atoms|cost_halfwidth=0|prior_H=0.5|value_law=binary|eps_V=0]|inst[reserve_auction:uniform_incumbent[0,r];sale_to_highest_admissible_at_max(p,min(R,v));bid_equal_reserve_is_admissible=yes]|info[public_price_feedback;investor_observes=fundamental_state;buyer_observes=price_only]|tie[entry_at_indifference=yes;bid_equal_reserve_is_admissible=yes;upper_plateau_enters_at_tau=M;lower_plateau_enters_at_B(m)=c_L]|qH=(0.000000:1.000000)|qL=(-0.000000:1.000000)|price[benchmark_inversion]|atoms[none]|prep[cost_threshold_at_price_information:zero_entry_pool/c_L=stay_out;zero_entry_pool/c_H=stay_out;positive_entry_price/c_L=prepare;positive_entry_price/c_H=stay_out]",h=10|ell=1|p=0.5|rho=0.25|c_L=1|c_H=6|b=2|k=0.02|r=1.65|noise=Laplace|cost=atoms|cost_halfwidth=0|prior_H=0.5|value_law=binary|eps_V=0,"mixed: mesh 0.05, start S1_uniform_v0.5",c2:r=1.65:symmetric_interior#5,3,numerical diagnostic,8.673617379884035e-19,1e-11,8.608565249534906e-19,1e-12,Gauss-Legendre order 48 -> 64 and order intervals 400 -> 800; refined estimate checked against target/10,0.0,exterior tails integrated analytically against the constant Laplace residual; truncation bound 0,0.0025,0.0002650568181818182,false,"finite grid over [-1, 1] at spacing 0.0025; Lipschitz bound 2.651e-04 on unscanned gains (not enclosed within the deviation acceptance: numerical diagnostic)",1.3877787807814457e-17,1.5543122344752192e-15,5.551115123125783e-17,0.0,0.0,0.0,1.0831754658827714e-22,
1.65,pooling,0.0,-7.52316384526264e-38,7.52316384526264e-38,0.25000000000000006,0.25000000000000006,0.25000000000000006,0.12500000000000003,0.47054924242424245,0.6506703099649901,inf,0.003996212121212119,-0.10803030303030305,-0.015695918540574887,numerical diagnostic,not established,true,true,0.0,0.0,3.006415854830333e-40,0.0,,c2:r=1.65:pooling#9,"ps[h=10|ell=1|p=0.5|rho=0.25|c_L=1|c_H=6|b=2|k=0.02|r=1.65|noise=Laplace|cost=atoms|cost_halfwidth=0|prior_H=0.5|value_law=binary|eps_V=0]|inst[reserve_auction:uniform_incumbent[0,r];sale_to_highest_admissible_at_max(p,min(R,v));bid_equal_reserve_is_admissible=yes]|info[public_price_feedback;investor_observes=fundamental_state;buyer_observes=price_only]|tie[entry_at_indifference=yes;bid_equal_reserve_is_admissible=yes;upper_plateau_enters_at_tau=M;lower_plateau_enters_at_B(m)=c_L]|qH=(0.000000:1.000000)|qL=(-0.000000:1.000000)|price[benchmark_inversion]|atoms[none]|prep[cost_threshold_at_price_information:zero_entry_pool/c_L=stay_out;zero_entry_pool/c_H=stay_out;positive_entry_price/c_L=prepare;positive_entry_price/c_H=stay_out]",h=10|ell=1|p=0.5|rho=0.25|c_L=1|c_H=6|b=2|k=0.02|r=1.65|noise=Laplace|cost=atoms|cost_halfwidth=0|prior_H=0.5|value_law=binary|eps_V=0,"mixed: mesh 0.05, start S3_mass_near_0_v0.1",c2:r=1.65:symmetric_interior#5,3,numerical diagnostic,8.673617379884035e-19,1e-11,8.608565249534906e-19,1e-12,Gauss-Legendre order 48 -> 64 and order intervals 400 -> 800; refined estimate checked against target/10,0.0,exterior tails integrated analytically against the constant Laplace residual; truncation bound 0,0.0025,0.0002650568181818182,false,"finite grid over [-1, 1] at spacing 0.0025; Lipschitz bound 2.651e-04 on unscanned gains (not enclosed within the deviation acceptance: numerical diagnostic)",1.3877787807814457e-17,1.5543122344752192e-15,5.551115123125783e-17,0.0,0.0,0.0,3.006415854830333e-40,
1.65,symmetric_interior,9.5367431640625e-08,-9.5367431640625e-08,9.5367431640625e-08,0.25000000000000006,0.25000000000000006,0.25000000000000006,0.12500000000000003,0.47054924242424245,0.6506703099649901,inf,0.003996212121212119,-0.10803030303030305,-0.015695918540574887,numerical diagnostic,not established,true,true,5.551115123125783e-17,0.0,3.8110848629113703e-10,0.0,,c2:r=1.65:symmetric_interior#5,"ps[h=10|ell=1|p=0.5|rho=0.25|c_L=1|c_H=6|b=2|k=0.02|r=1.65|noise=Laplace|cost=atoms|cost_halfwidth=0|prior_H=0.5|value_law=binary|eps_V=0]|inst[reserve_auction:uniform_incumbent[0,r];sale_to_highest_admissible_at_max(p,min(R,v));bid_equal_reserve_is_admissible=yes]|info[public_price_feedback;investor_observes=fundamental_state;buyer_observes=price_only]|tie[entry_at_indifference=yes;bid_equal_reserve_is_admissible=yes;upper_plateau_enters_at_tau=M;lower_plateau_enters_at_B(m)=c_L]|qH=(0.000000:1.000000)|qL=(-0.000000:1.000000)|price[benchmark_inversion]|atoms[none]|prep[cost_threshold_at_price_information:zero_entry_pool/c_L=stay_out;zero_entry_pool/c_H=stay_out;positive_entry_price/c_L=prepare;positive_entry_price/c_H=stay_out]",h=10|ell=1|p=0.5|rho=0.25|c_L=1|c_H=6|b=2|k=0.02|r=1.65|noise=Laplace|cost=atoms|cost_halfwidth=0|prior_H=0.5|value_law=binary|eps_V=0,"pure: damped best-response fixed point from init (u,v)=(0.2,0.2)",,3,numerical diagnostic,8.673617379884035e-19,1e-11,1.1741909528018013e-18,1e-12,Gauss-Legendre order 48 -> 64 and order intervals 400 -> 800; refined estimate checked against target/10,0.0,exterior tails integrated analytically against the constant Laplace residual; truncation bound 0,0.0025,0.0002650568181818182,false,"finite grid over [-1, 1] at spacing 0.0025; Lipschitz bound 2.651e-04 on unscanned gains (not enclosed within the deviation acceptance: numerical diagnostic)",6.245004513516506e-17,1.1657341758564144e-15,5.551115123125783e-17,0.0,3.8110848629113703e-10,0.0,3.8110848629113703e-10,
1.8,asymmetric,1.0,-0.225083416108,0.225083416108,0.25,0.25000000000000006,0.25,0.125,0.49097222222222225,0.656486146095718,inf,-0.0022222222222222122,-0.1577777777777777,-0.014023523969555668,rejected,not established,false,true,5.551115123125783e-17,0.0,0.00041700835040956244,0.0,epsilon_q=4.170e-04,c2:r=1.8:asymmetric#3,"ps[h=10|ell=1|p=0.5|rho=0.25|c_L=1|c_H=6|b=2|k=0.02|r=1.8|noise=Laplace|cost=atoms|cost_halfwidth=0|prior_H=0.5|value_law=binary|eps_V=0]|inst[reserve_auction:uniform_incumbent[0,r];sale_to_highest_admissible_at_max(p,min(R,v));bid_equal_reserve_is_admissible=yes]|info[public_price_feedback;investor_observes=fundamental_state;buyer_observes=price_only]|tie[entry_at_indifference=yes;bid_equal_reserve_is_admissible=yes;upper_plateau_enters_at_tau=M;lower_plateau_enters_at_B(m)=c_L]|qH=(1.000000:1.000000)|qL=(-0.225083:1.000000)|price[benchmark_inversion]|atoms[none]|prep[cost_threshold_at_price_information:zero_entry_pool/c_L=stay_out;zero_entry_pool/c_H=stay_out;positive_entry_price/c_L=prepare;positive_entry_price/c_H=stay_out]",h=10|ell=1|p=0.5|rho=0.25|c_L=1|c_H=6|b=2|k=0.02|r=1.8|noise=Laplace|cost=atoms|cost_halfwidth=0|prior_H=0.5|value_law=binary|eps_V=0,"asymmetric: Psi sign change on mesh 0.01, Brent",,3,rejected,5.204170427930421e-18,1e-11,2.7408630920433553e-18,1e-12,Gauss-Legendre order 48 -> 64 and order intervals 400 -> 800; refined estimate checked against target/10,0.0,exterior tails integrated analytically against the constant Laplace residual; truncation bound 0,0.0025,0.0003583333333333332,false,"finite grid over [-1, 1] at spacing 0.0025; Lipschitz bound 3.583e-04 on unscanned gains (not enclosed within the deviation acceptance: numerical diagnostic)",1.0755285551056204e-16,1.6653345369377348e-15,5.551115123125783e-17,0.5875000000000001,0.00041700835040956244,-0.22499999999999998,-1.6200318864179053e-11,
1.8,asymmetric,0.9999999046325684,-0.9999999880790711,0.9999999880790711,0.685569480830923,0.41452935079782405,0.5500494158143735,0.3427847404154615,0.6588774523272707,0.656486146095718,0.6476741066765804,-0.0022222222222222122,-0.1577777777777777,-0.014023523969555668,numerical diagnostic,not established,true,true,2.220446049250313e-16,0.0,2.262376244677178e-09,0.0,,c2:r=1.8:asymmetric#6,"ps[h=10|ell=1|p=0.5|rho=0.25|c_L=1|c_H=6|b=2|k=0.02|r=1.8|noise=Laplace|cost=atoms|cost_halfwidth=0|prior_H=0.5|value_law=binary|eps_V=0]|inst[reserve_auction:uniform_incumbent[0,r];sale_to_highest_admissible_at_max(p,min(R,v));bid_equal_reserve_is_admissible=yes]|info[public_price_feedback;investor_observes=fundamental_state;buyer_observes=price_only]|tie[entry_at_indifference=yes;bid_equal_reserve_is_admissible=yes;upper_plateau_enters_at_tau=M;lower_plateau_enters_at_B(m)=c_L]|qH=(1.000000:1.000000)|qL=(-1.000000:1.000000)|price[benchmark_inversion]|atoms[none]|prep[cost_threshold_at_price_information:zero_entry_pool/c_L=stay_out;zero_entry_pool/c_H=stay_out;positive_entry_price/c_L=prepare;positive_entry_price/c_H=prepare]",h=10|ell=1|p=0.5|rho=0.25|c_L=1|c_H=6|b=2|k=0.02|r=1.8|noise=Laplace|cost=atoms|cost_halfwidth=0|prior_H=0.5|value_law=binary|eps_V=0,"pure: damped best-response fixed point from init (u,v)=(0.6,0.95)",c2:r=1.8:full_orders#2,3,numerical diagnostic,6.6613381477509405e-18,1e-11,7.23379687414377e-18,1e-12,Gauss-Legendre order 48 -> 64 and order intervals 400 -> 800; refined estimate checked against target/10,0.0,exterior tails integrated analytically against the constant Laplace residual; truncation bound 0,0.0025,0.0003583333333333332,false,"finite grid over [-1, 1] at spacing 0.0025; Lipschitz bound 3.583e-04 on unscanned gains (not enclosed within the deviation acceptance: numerical diagnostic)",2.0816681711721685e-16,1.7763568394002505e-15,2.220446049250313e-16,1.0,2.262376244677178e-09,-1.0,6.906158284136765e-11,
1.8,asymmetric_discontinuity,1.0,-0.2953482968,0.2953482968,0.6250000000000318,0.4462230215827173,0.5356115107913746,0.3125000000000159,0.6472771782574003,0.656486146095718,0.9999999999998306,-0.0022222222222222122,-0.1577777777777777,-0.014023523969555668,no candidate,not established,false,true,5.551115123125783e-17,0.0,0.008088049271380269,0.0,Psi sign change without root: |Psi|=1.915e-02 at the tau = M_v boundary; no candidate formed,c2:r=1.8:asymmetric_discontinuity#4,"ps[h=10|ell=1|p=0.5|rho=0.25|c_L=1|c_H=6|b=2|k=0.02|r=1.8|noise=Laplace|cost=atoms|cost_halfwidth=0|prior_H=0.5|value_law=binary|eps_V=0]|inst[reserve_auction:uniform_incumbent[0,r];sale_to_highest_admissible_at_max(p,min(R,v));bid_equal_reserve_is_admissible=yes]|info[public_price_feedback;investor_observes=fundamental_state;buyer_observes=price_only]|tie[entry_at_indifference=yes;bid_equal_reserve_is_admissible=yes;upper_plateau_enters_at_tau=M;lower_plateau_enters_at_B(m)=c_L]|qH=(1.000000:1.000000)|qL=(-0.295348:1.000000)|price[benchmark_inversion]|atoms[none]|prep[cost_threshold_at_price_information:zero_entry_pool/c_L=stay_out;zero_entry_pool/c_H=stay_out;positive_entry_price/c_L=prepare;positive_entry_price/c_H=prepare]",h=10|ell=1|p=0.5|rho=0.25|c_L=1|c_H=6|b=2|k=0.02|r=1.8|noise=Laplace|cost=atoms|cost_halfwidth=0|prior_H=0.5|value_law=binary|eps_V=0,"asymmetric: Psi sign change on mesh 0.01, Brent",,3,no candidate,6.58387978996755e-18,1e-11,6.071532165918825e-18,1e-12,Gauss-Legendre order 48 -> 64 and order intervals 400 -> 800; refined estimate checked against target/10,0.0,exterior tails integrated analytically against the constant Laplace residual; truncation bound 0,0.0025,0.0003583333333333332,false,"finite grid over [-1, 1] at spacing 0.0025; Lipschitz bound 3.583e-04 on unscanned gains (not enclosed within the deviation acceptance: numerical diagnostic)",1.8041124150158794e-16,1.3322676295501878e-15,1.6653345369377348e-16,1.0,0.0,-1.0,0.008088049271380269,
1.8,full_orders,1.0,-1.0,1.0,0.6855694892646067,0.4145293463848031,0.5500494178247048,0.34278474463230335,0.6588774539424909,0.656486146095718,0.6476741483998314,-0.0022222222222222122,-0.1577777777777777,-0.014023523969555668,numerical diagnostic,not established,true,true,2.220446049250313e-16,0.0,0.0,0.0,,c2:r=1.8:full_orders#10,"ps[h=10|ell=1|p=0.5|rho=0.25|c_L=1|c_H=6|b=2|k=0.02|r=1.8|noise=Laplace|cost=atoms|cost_halfwidth=0|prior_H=0.5|value_law=binary|eps_V=0]|inst[reserve_auction:uniform_incumbent[0,r];sale_to_highest_admissible_at_max(p,min(R,v));bid_equal_reserve_is_admissible=yes]|info[public_price_feedback;investor_observes=fundamental_state;buyer_observes=price_only]|tie[entry_at_indifference=yes;bid_equal_reserve_is_admissible=yes;upper_plateau_enters_at_tau=M;lower_plateau_enters_at_B(m)=c_L]|qH=(1.000000:1.000000)|qL=(-1.000000:1.000000)|price[benchmark_inversion]|atoms[none]|prep[cost_threshold_at_price_information:zero_entry_pool/c_L=stay_out;zero_entry_pool/c_H=stay_out;positive_entry_price/c_L=prepare;positive_entry_price/c_H=prepare]",h=10|ell=1|p=0.5|rho=0.25|c_L=1|c_H=6|b=2|k=0.02|r=1.8|noise=Laplace|cost=atoms|cost_halfwidth=0|prior_H=0.5|value_law=binary|eps_V=0,"mixed: mesh 0.025, start S2_mass_near_1_v0.9",c2:r=1.8:full_orders#2,3,numerical diagnostic,9.211381657436847e-18,1e-11,6.483528991463317e-18,1e-12,Gauss-Legendre order 48 -> 64 and order intervals 400 -> 800; refined estimate checked against target/10,0.0,exterior tails integrated analytically against the constant Laplace residual; truncation bound 0,0.0025,0.0003583333333333332,false,"finite grid over [-1, 1] at spacing 0.0025; Lipschitz bound 3.583e-04 on unscanned gains (not enclosed within the deviation acceptance: numerical diagnostic)",2.0816681711721685e-16,1.5543122344752192e-15,2.220446049250313e-16,1.0,0.0,-1.0,0.0,
1.8,full_orders,1.0,-1.0,1.0,0.6855694892646067,0.4145293463848031,0.5500494178247048,0.34278474463230335,0.6588774539424909,0.656486146095718,0.6476741483998314,-0.0022222222222222122,-0.1577777777777777,-0.014023523969555668,numerical diagnostic,not established,true,true,2.220446049250313e-16,0.0,0.0,0.0,,c2:r=1.8:full_orders#2,"ps[h=10|ell=1|p=0.5|rho=0.25|c_L=1|c_H=6|b=2|k=0.02|r=1.8|noise=Laplace|cost=atoms|cost_halfwidth=0|prior_H=0.5|value_law=binary|eps_V=0]|inst[reserve_auction:uniform_incumbent[0,r];sale_to_highest_admissible_at_max(p,min(R,v));bid_equal_reserve_is_admissible=yes]|info[public_price_feedback;investor_observes=fundamental_state;buyer_observes=price_only]|tie[entry_at_indifference=yes;bid_equal_reserve_is_admissible=yes;upper_plateau_enters_at_tau=M;lower_plateau_enters_at_B(m)=c_L]|qH=(1.000000:1.000000)|qL=(-1.000000:1.000000)|price[benchmark_inversion]|atoms[none]|prep[cost_threshold_at_price_information:zero_entry_pool/c_L=stay_out;zero_entry_pool/c_H=stay_out;positive_entry_price/c_L=prepare;positive_entry_price/c_H=prepare]",h=10|ell=1|p=0.5|rho=0.25|c_L=1|c_H=6|b=2|k=0.02|r=1.8|noise=Laplace|cost=atoms|cost_halfwidth=0|prior_H=0.5|value_law=binary|eps_V=0,"full_orders: declared profile (1,-1)",,3,numerical diagnostic,9.211381657436847e-18,1e-11,6.483528991463317e-18,1e-12,Gauss-Legendre order 48 -> 64 and order intervals 400 -> 800; refined estimate checked against target/10,0.0,exterior tails integrated analytically against the constant Laplace residual; truncation bound 0,0.0025,0.0003583333333333332,false,"finite grid over [-1, 1] at spacing 0.0025; Lipschitz bound 3.583e-04 on unscanned gains (not enclosed within the deviation acceptance: numerical diagnostic)",2.0816681711721685e-16,1.5543122344752192e-15,2.220446049250313e-16,1.0,0.0,-1.0,0.0,
1.8,full_orders,1.0,-1.0,1.0,0.6855694892646067,0.4145293463848031,0.5500494178247048,0.34278474463230335,0.6588774539424909,0.656486146095718,0.6476741483998314,-0.0022222222222222122,-0.1577777777777777,-0.014023523969555668,numerical diagnostic,not established,true,true,2.220446049250313e-16,0.0,0.0,0.0,,c2:r=1.8:full_orders#8,"ps[h=10|ell=1|p=0.5|rho=0.25|c_L=1|c_H=6|b=2|k=0.02|r=1.8|noise=Laplace|cost=atoms|cost_halfwidth=0|prior_H=0.5|value_law=binary|eps_V=0]|inst[reserve_auction:uniform_incumbent[0,r];sale_to_highest_admissible_at_max(p,min(R,v));bid_equal_reserve_is_admissible=yes]|info[public_price_feedback;investor_observes=fundamental_state;buyer_observes=price_only]|tie[entry_at_indifference=yes;bid_equal_reserve_is_admissible=yes;upper_plateau_enters_at_tau=M;lower_plateau_enters_at_B(m)=c_L]|qH=(1.000000:1.000000)|qL=(-1.000000:1.000000)|price[benchmark_inversion]|atoms[none]|prep[cost_threshold_at_price_information:zero_entry_pool/c_L=stay_out;zero_entry_pool/c_H=stay_out;positive_entry_price/c_L=prepare;positive_entry_price/c_H=prepare]",h=10|ell=1|p=0.5|rho=0.25|c_L=1|c_H=6|b=2|k=0.02|r=1.8|noise=Laplace|cost=atoms|cost_halfwidth=0|prior_H=0.5|value_law=binary|eps_V=0,"mixed: mesh 0.05, start S2_mass_near_1_v0.9",c2:r=1.8:full_orders#2,3,numerical diagnostic,9.211381657436847e-18,1e-11,6.483528991463317e-18,1e-12,Gauss-Legendre order 48 -> 64 and order intervals 400 -> 800; refined estimate checked against target/10,0.0,exterior tails integrated analytically against the constant Laplace residual; truncation bound 0,0.0025,0.0003583333333333332,false,"finite grid over [-1, 1] at spacing 0.0025; Lipschitz bound 3.583e-04 on unscanned gains (not enclosed within the deviation acceptance: numerical diagnostic)",2.0816681711721685e-16,1.5543122344752192e-15,2.220446049250313e-16,1.0,0.0,-1.0,0.0,
1.8,mixed_search,n/a,n/a,n/a,n/a,n/a,n/a,n/a,n/a,0.656486146095718,n/a,-0.0022222222222222122,-0.1577777777777777,-0.014023523969555668,open,not established,false,true,n/a,n/a,n/a,n/a,"mixed search unresolved on 2 of 6 attempts: mesh 0.05 S3_mass_near_0_v0.1: replicator budget_exhausted after 120 of 120 iterations (gap 3.348e-04, v residual 2.222e-04); support solve pruned_to_pure (residual 4.563e-08); best tested mesh gain 3.178e-05 at q = 0.5; mesh 0.025 S3_mass_near_0_v0.1: replicator budget_exhausted after 120 of 120 iterations (gap 3.383e-04, v residual 2.230e-04); support solve pruned_to_pure (residual 8.542e-08); best tested mesh gain 3.190e-05 at q = 0.475",n/a,n/a,h=10|ell=1|p=0.5|rho=0.25|c_L=1|c_H=6|b=2|k=0.02|r=1.8|noise=Laplace|cost=atoms|cost_halfwidth=0|prior_H=0.5|value_law=binary|eps_V=0,"mixed: 6 attempts (2 meshes x 3 starts), budget 120 iterations each",,3,open,n/a,n/a,n/a,n/a,n/a,n/a,n/a,n/a,n/a,n/a,n/a,n/a,n/a,n/a,n/a,n/a,n/a,n/a,n/a
1.8,pooling,0.0,0.0,-0.0,0.25000000000000006,0.25000000000000006,0.25000000000000006,0.12500000000000003,0.49097222222222225,0.656486146095718,inf,-0.0022222222222222122,-0.1577777777777777,-0.014023523969555668,rejected,not established,false,true,0.0,0.0,0.0022222222222222122,0.0,epsilon_q=2.222e-03,c2:r=1.8:pooling#1,"ps[h=10|ell=1|p=0.5|rho=0.25|c_L=1|c_H=6|b=2|k=0.02|r=1.8|noise=Laplace|cost=atoms|cost_halfwidth=0|prior_H=0.5|value_law=binary|eps_V=0]|inst[reserve_auction:uniform_incumbent[0,r];sale_to_highest_admissible_at_max(p,min(R,v));bid_equal_reserve_is_admissible=yes]|info[public_price_feedback;investor_observes=fundamental_state;buyer_observes=price_only]|tie[entry_at_indifference=yes;bid_equal_reserve_is_admissible=yes;upper_plateau_enters_at_tau=M;lower_plateau_enters_at_B(m)=c_L]|qH=(0.000000:1.000000)|qL=(0.000000:1.000000)|price[constant_price]|atoms[none]|prep[cost_threshold_at_price_information:zero_entry_pool/c_L=stay_out;zero_entry_pool/c_H=stay_out;positive_entry_price/c_L=prepare;positive_entry_price/c_H=stay_out]",h=10|ell=1|p=0.5|rho=0.25|c_L=1|c_H=6|b=2|k=0.02|r=1.8|noise=Laplace|cost=atoms|cost_halfwidth=0|prior_H=0.5|value_law=binary|eps_V=0,"pooling: declared profile (0,0)",,3,rejected,8.586881206085195e-19,1e-11,1.7217130499069811e-18,1e-12,Gauss-Legendre order 48 -> 64 and order intervals 400 -> 800; refined estimate checked against target/10,0.0,exterior tails integrated analytically against the constant Laplace residual; truncation bound 0,0.0025,0.0003583333333333332,false,"finite grid over [-1, 1] at spacing 0.0025; Lipschitz bound 3.583e-04 on unscanned gains (not enclosed within the deviation acceptance: numerical diagnostic)",4.163336342344337e-17,1.5543122344752192e-15,5.551115123125783e-17,1.0,0.0022222222222222122,-1.0,0.0022222222222222122,
1.8,pure,0.5,-0.4982668627536658,0.4982668627536658,0.25,0.25000000000000006,0.25,0.125,0.49097222222222225,0.656486146095718,inf,-0.0022222222222222122,-0.1577777777777777,-0.014023523969555668,numerical diagnostic,not established,true,true,5.551115123125783e-17,0.0,0.0,0.0,,c2:r=1.8:pure#7,"ps[h=10|ell=1|p=0.5|rho=0.25|c_L=1|c_H=6|b=2|k=0.02|r=1.8|noise=Laplace|cost=atoms|cost_halfwidth=0|prior_H=0.5|value_law=binary|eps_V=0]|inst[reserve_auction:uniform_incumbent[0,r];sale_to_highest_admissible_at_max(p,min(R,v));bid_equal_reserve_is_admissible=yes]|info[public_price_feedback;investor_observes=fundamental_state;buyer_observes=price_only]|tie[entry_at_indifference=yes;bid_equal_reserve_is_admissible=yes;upper_plateau_enters_at_tau=M;lower_plateau_enters_at_B(m)=c_L]|qH=(0.500000:1.000000)|qL=(-0.498267:1.000000)|price[benchmark_inversion]|atoms[none]|prep[cost_threshold_at_price_information:zero_entry_pool/c_L=stay_out;zero_entry_pool/c_H=stay_out;positive_entry_price/c_L=prepare;positive_entry_price/c_H=stay_out]",h=10|ell=1|p=0.5|rho=0.25|c_L=1|c_H=6|b=2|k=0.02|r=1.8|noise=Laplace|cost=atoms|cost_halfwidth=0|prior_H=0.5|value_law=binary|eps_V=0,"mixed: mesh 0.05, start S1_uniform_v0.5",,3,numerical diagnostic,1.734723475976807e-18,1e-11,1.734723475976807e-18,1e-12,Gauss-Legendre order 48 -> 64 and order intervals 400 -> 800; refined estimate checked against target/10,0.0,exterior tails integrated analytically against the constant Laplace residual; truncation bound 0,0.0025,0.0003583333333333332,false,"finite grid over [-1, 1] at spacing 0.0025; Lipschitz bound 3.583e-04 on unscanned gains (not enclosed within the deviation acceptance: numerical diagnostic)",1.1102230246251565e-16,1.5543122344752192e-15,5.551115123125783e-17,0.5,0.0,-0.49749999999999994,-1.101087407015533e-09,
1.8,pure,0.5,-0.49826685528251513,0.49826685528251513,0.25000000000000006,0.25000000000000006,0.25000000000000006,0.12500000000000003,0.49097222222222225,0.656486146095718,inf,-0.0022222222222222122,-0.1577777777777777,-0.014023523969555668,numerical diagnostic,not established,true,true,5.551115123125783e-17,0.0,0.0,0.0,,c2:r=1.8:pure#9,"ps[h=10|ell=1|p=0.5|rho=0.25|c_L=1|c_H=6|b=2|k=0.02|r=1.8|noise=Laplace|cost=atoms|cost_halfwidth=0|prior_H=0.5|value_law=binary|eps_V=0]|inst[reserve_auction:uniform_incumbent[0,r];sale_to_highest_admissible_at_max(p,min(R,v));bid_equal_reserve_is_admissible=yes]|info[public_price_feedback;investor_observes=fundamental_state;buyer_observes=price_only]|tie[entry_at_indifference=yes;bid_equal_reserve_is_admissible=yes;upper_plateau_enters_at_tau=M;lower_plateau_enters_at_B(m)=c_L]|qH=(0.500000:1.000000)|qL=(-0.498267:1.000000)|price[benchmark_inversion]|atoms[none]|prep[cost_threshold_at_price_information:zero_entry_pool/c_L=stay_out;zero_entry_pool/c_H=stay_out;positive_entry_price/c_L=prepare;positive_entry_price/c_H=stay_out]",h=10|ell=1|p=0.5|rho=0.25|c_L=1|c_H=6|b=2|k=0.02|r=1.8|noise=Laplace|cost=atoms|cost_halfwidth=0|prior_H=0.5|value_law=binary|eps_V=0,"mixed: mesh 0.025, start S1_uniform_v0.5",c2:r=1.8:pure#7,3,numerical diagnostic,2.5500435096859064e-18,1e-11,2.5990786871365244e-18,1e-12,Gauss-Legendre order 48 -> 64 and order intervals 400 -> 800; refined estimate checked against target/10,0.0,exterior tails integrated analytically against the constant Laplace residual; truncation bound 0,0.0025,0.0003583333333333332,false,"finite grid over [-1, 1] at spacing 0.0025; Lipschitz bound 3.583e-04 on unscanned gains (not enclosed within the deviation acceptance: numerical diagnostic)",1.1102230246251565e-16,1.7208456881689926e-15,5.551115123125783e-17,0.5,0.0,-0.49749999999999994,-1.1010946685680034e-09,
1.8,pure_search,n/a,n/a,n/a,n/a,n/a,n/a,n/a,n/a,0.656486146095718,n/a,-0.0022222222222222122,-0.1577777777777777,-0.014023523969555668,open,not established,false,true,n/a,n/a,n/a,n/a,"3 of 9 best-response iterations did not converge (40 iterations, damping 0.5, tol 1e-7): (0.2,0.6)->(0.4989,0.4989); (0.2,0.95)->(0.4989,0.4989); (0.95,0.2)->(0.4989,0.4989)",n/a,n/a,h=10|ell=1|p=0.5|rho=0.25|c_L=1|c_H=6|b=2|k=0.02|r=1.8|noise=Laplace|cost=atoms|cost_halfwidth=0|prior_H=0.5|value_law=binary|eps_V=0,pure: damped best-response fixed points from the 9 declared initialisations,,3,open,n/a,n/a,n/a,n/a,n/a,n/a,n/a,n/a,n/a,n/a,n/a,n/a,n/a,n/a,n/a,n/a,n/a,n/a,n/a
1.8,symmetric_interior,0.4988985143702639,-0.49889851983475764,0.49889851983475764,0.25,0.25000000000000006,0.25,0.125,0.49097222222222225,0.656486146095718,inf,-0.0022222222222222122,-0.1577777777777777,-0.014023523969555668,numerical diagnostic,not established,true,true,5.551115123125783e-17,0.0,0.0,0.0,,c2:r=1.8:symmetric_interior#5,"ps[h=10|ell=1|p=0.5|rho=0.25|c_L=1|c_H=6|b=2|k=0.02|r=1.8|noise=Laplace|cost=atoms|cost_halfwidth=0|prior_H=0.5|value_law=binary|eps_V=0]|inst[reserve_auction:uniform_incumbent[0,r];sale_to_highest_admissible_at_max(p,min(R,v));bid_equal_reserve_is_admissible=yes]|info[public_price_feedback;investor_observes=fundamental_state;buyer_observes=price_only]|tie[entry_at_indifference=yes;bid_equal_reserve_is_admissible=yes;upper_plateau_enters_at_tau=M;lower_plateau_enters_at_B(m)=c_L]|qH=(0.498899:1.000000)|qL=(-0.498899:1.000000)|price[benchmark_inversion]|atoms[none]|prep[cost_threshold_at_price_information:zero_entry_pool/c_L=stay_out;zero_entry_pool/c_H=stay_out;positive_entry_price/c_L=prepare;positive_entry_price/c_H=stay_out]",h=10|ell=1|p=0.5|rho=0.25|c_L=1|c_H=6|b=2|k=0.02|r=1.8|noise=Laplace|cost=atoms|cost_halfwidth=0|prior_H=0.5|value_law=binary|eps_V=0,"pure: damped best-response fixed point from init (u,v)=(0.2,0.2)",,3,numerical diagnostic,2.3939183968479936e-18,1e-11,2.5404145058158453e-18,1e-12,Gauss-Legendre order 48 -> 64 and order intervals 400 -> 800; refined estimate checked against target/10,0.0,exterior tails integrated analytically against the constant Laplace residual; truncation bound 0,0.0025,0.0003583333333333332,false,"finite grid over [-1, 1] at spacing 0.0025; Lipschitz bound 3.583e-04 on unscanned gains (not enclosed within the deviation acceptance: numerical diagnostic)",1.1102230246251565e-16,1.7208456881689926e-15,5.551115123125783e-17,0.5,-2.2694066365708254e-09,-0.5,-2.269396984569405e-09,
2.5,asymmetric,0.9999999046325684,-0.9999999046325684,0.9999999046325684,0.6652041249933112,0.4045211730800104,0.5348626490366608,0.3326020624966556,0.7903591201899924,0.6842105263157895,0.7731898882334819,-0.036250000000000004,-0.43000000000000005,-0.004872045047937774,numerical diagnostic,not established,true,false,2.220446049250313e-16,0.0,8.503318812969063e-09,0.0,,c2:r=2.5:asymmetric#4,"ps[h=10|ell=1|p=0.5|rho=0.25|c_L=1|c_H=6|b=2|k=0.02|r=2.5|noise=Laplace|cost=atoms|cost_halfwidth=0|prior_H=0.5|value_law=binary|eps_V=0]|inst[reserve_auction:uniform_incumbent[0,r];sale_to_highest_admissible_at_max(p,min(R,v));bid_equal_reserve_is_admissible=yes]|info[public_price_feedback;investor_observes=fundamental_state;buyer_observes=price_only]|tie[entry_at_indifference=yes;bid_equal_reserve_is_admissible=yes;upper_plateau_enters_at_tau=M;lower_plateau_enters_at_B(m)=c_L]|qH=(1.000000:1.000000)|qL=(-1.000000:1.000000)|price[benchmark_inversion]|atoms[none]|prep[cost_threshold_at_price_information:zero_entry_pool/c_L=stay_out;zero_entry_pool/c_H=stay_out;positive_entry_price/c_L=prepare;positive_entry_price/c_H=prepare]",h=10|ell=1|p=0.5|rho=0.25|c_L=1|c_H=6|b=2|k=0.02|r=2.5|noise=Laplace|cost=atoms|cost_halfwidth=0|prior_H=0.5|value_law=binary|eps_V=0,"pure: damped best-response fixed point from init (u,v)=(0.2,0.2)",c2:r=2.5:full_orders#2,1,numerical diagnostic,2.0816681049977194e-17,1e-11,1.9845235903430182e-17,1e-12,Gauss-Legendre order 48 -> 64 and order intervals 400 -> 800; refined estimate checked against target/10,0.0,exterior tails integrated analytically against the constant Laplace residual; truncation bound 0,0.0025,0.0008687500000000001,false,"finite grid over [-1, 1] at spacing 0.0025; Lipschitz bound 8.688e-04 on unscanned gains (not enclosed within the deviation acceptance: numerical diagnostic)",1.942890293094024e-16,8.881784197001252e-16,2.220446049250313e-16,1.0,8.503318812969063e-09,-1.0,4.175175982723545e-09,
2.5,asymmetric_tangency,1.0,-0.5463797732541317,0.5463797732541317,0.25,0.25000000000000006,0.25,0.125,0.5687500000000001,0.6842105263157895,inf,-0.036250000000000004,-0.43000000000000005,-0.004872045047937774,no candidate,not established,false,false,1.1102230246251565e-16,0.0,0.010657698030782436,0.0,"local |Psi| minimum 2.601e-02 exceeds the numerical resolution 1.0e-08: resolved non-root, no candidate formed",c2:r=2.5:asymmetric_tangency#3,"ps[h=10|ell=1|p=0.5|rho=0.25|c_L=1|c_H=6|b=2|k=0.02|r=2.5|noise=Laplace|cost=atoms|cost_halfwidth=0|prior_H=0.5|value_law=binary|eps_V=0]|inst[reserve_auction:uniform_incumbent[0,r];sale_to_highest_admissible_at_max(p,min(R,v));bid_equal_reserve_is_admissible=yes]|info[public_price_feedback;investor_observes=fundamental_state;buyer_observes=price_only]|tie[entry_at_indifference=yes;bid_equal_reserve_is_admissible=yes;upper_plateau_enters_at_tau=M;lower_plateau_enters_at_B(m)=c_L]|qH=(1.000000:1.000000)|qL=(-0.546380:1.000000)|price[benchmark_inversion]|atoms[none]|prep[cost_threshold_at_price_information:zero_entry_pool/c_L=stay_out;zero_entry_pool/c_H=stay_out;positive_entry_price/c_L=prepare;positive_entry_price/c_H=stay_out]",h=10|ell=1|p=0.5|rho=0.25|c_L=1|c_H=6|b=2|k=0.02|r=2.5|noise=Laplace|cost=atoms|cost_halfwidth=0|prior_H=0.5|value_law=binary|eps_V=0,"asymmetric: |Psi| minimisation on [0.5364,0.5564] without sign change (41-point sub-mesh)",,1,no candidate,1.5565256629622896e-17,1e-11,1.0643429007959696e-17,1e-12,Gauss-Legendre order 48 -> 64 and order intervals 400 -> 800; refined estimate checked against target/10,0.0,exterior tails integrated analytically against the constant Laplace residual; truncation bound 0,0.0025,0.0008687500000000001,false,"finite grid over [-1, 1] at spacing 0.0025; Lipschitz bound 8.688e-04 on unscanned gains (not enclosed within the deviation acceptance: numerical diagnostic)",1.249000902703301e-16,1.2212453270876722e-15,5.551115123125783e-17,1.0,0.0,-1.0,0.010657698030782436,
2.5,full_orders,1.0,-0.9999999731779099,0.9999999731779099,0.665204138712641,0.404521166748012,0.5348626527303264,0.3326020693563205,0.7903591249389912,0.6842105263157895,0.7731899016445271,-0.036250000000000004,-0.43000000000000005,-0.004872045047937774,numerical diagnostic,not established,true,false,2.220446049250313e-16,0.0,1.1742681826909518e-09,0.0,,c2:r=2.5:full_orders#10,"ps[h=10|ell=1|p=0.5|rho=0.25|c_L=1|c_H=6|b=2|k=0.02|r=2.5|noise=Laplace|cost=atoms|cost_halfwidth=0|prior_H=0.5|value_law=binary|eps_V=0]|inst[reserve_auction:uniform_incumbent[0,r];sale_to_highest_admissible_at_max(p,min(R,v));bid_equal_reserve_is_admissible=yes]|info[public_price_feedback;investor_observes=fundamental_state;buyer_observes=price_only]|tie[entry_at_indifference=yes;bid_equal_reserve_is_admissible=yes;upper_plateau_enters_at_tau=M;lower_plateau_enters_at_B(m)=c_L]|qH=(1.000000:1.000000)|qL=(-1.000000:1.000000)|price[benchmark_inversion]|atoms[none]|prep[cost_threshold_at_price_information:zero_entry_pool/c_L=stay_out;zero_entry_pool/c_H=stay_out;positive_entry_price/c_L=prepare;positive_entry_price/c_H=prepare]",h=10|ell=1|p=0.5|rho=0.25|c_L=1|c_H=6|b=2|k=0.02|r=2.5|noise=Laplace|cost=atoms|cost_halfwidth=0|prior_H=0.5|value_law=binary|eps_V=0,"mixed: mesh 0.025, start S3_mass_near_0_v0.1",c2:r=2.5:full_orders#2,1,numerical diagnostic,2.3488155678610328e-17,1e-11,1.755540157688529e-17,1e-12,Gauss-Legendre order 48 -> 64 and order intervals 400 -> 800; refined estimate checked against target/10,0.0,exterior tails integrated analytically against the constant Laplace residual; truncation bound 0,0.0025,0.0008687500000000001,false,"finite grid over [-1, 1] at spacing 0.0025; Lipschitz bound 8.688e-04 on unscanned gains (not enclosed within the deviation acceptance: numerical diagnostic)",1.8041124150158794e-16,1.2212453270876722e-15,3.3306690738754696e-16,1.0,0.0,-1.0,1.1742681826909518e-09,
2.5,full_orders,1.0,-1.0,1.0,0.6652041409576224,0.4045211657118669,0.5348626533347447,0.3326020704788112,0.7903591257161001,0.6842105263157895,0.7731898882334813,-0.036250000000000004,-0.43000000000000005,-0.004872045047937774,"analytical (candidate J test, OA.22)",not established,true,false,2.220446049250313e-16,0.0,0.0,0.0,,c2:r=2.5:full_orders#2,"ps[h=10|ell=1|p=0.5|rho=0.25|c_L=1|c_H=6|b=2|k=0.02|r=2.5|noise=Laplace|cost=atoms|cost_halfwidth=0|prior_H=0.5|value_law=binary|eps_V=0]|inst[reserve_auction:uniform_incumbent[0,r];sale_to_highest_admissible_at_max(p,min(R,v));bid_equal_reserve_is_admissible=yes]|info[public_price_feedback;investor_observes=fundamental_state;buyer_observes=price_only]|tie[entry_at_indifference=yes;bid_equal_reserve_is_admissible=yes;upper_plateau_enters_at_tau=M;lower_plateau_enters_at_B(m)=c_L]|qH=(1.000000:1.000000)|qL=(-1.000000:1.000000)|price[benchmark_inversion]|atoms[none]|prep[cost_threshold_at_price_information:zero_entry_pool/c_L=stay_out;zero_entry_pool/c_H=stay_out;positive_entry_price/c_L=prepare;positive_entry_price/c_H=prepare]",h=10|ell=1|p=0.5|rho=0.25|c_L=1|c_H=6|b=2|k=0.02|r=2.5|noise=Laplace|cost=atoms|cost_halfwidth=0|prior_H=0.5|value_law=binary|eps_V=0,"full_orders: declared profile (1,-1)",,1,analytical,2.2516710718178957e-17,1e-11,1.6965595595053175e-17,1e-12,Gauss-Legendre order 48 -> 64 and order intervals 400 -> 800; refined estimate checked against target/10,0.0,exterior tails integrated analytically against the constant Laplace residual; truncation bound 0,0.0025,0.0008687500000000001,true,analytical cover closes between-grid deviations,1.8041124150158794e-16,1.3322676295501878e-15,4.440892098500626e-16,1.0,0.0,-1.0,0.0,
2.5,full_orders,1.0,-1.0,1.0,0.6652041409576224,0.4045211657118669,0.5348626533347447,0.3326020704788112,0.7903591257161001,0.6842105263157895,0.7731898882334813,-0.036250000000000004,-0.43000000000000005,-0.004872045047937774,numerical diagnostic,not established,true,false,2.220446049250313e-16,0.0,0.0,0.0,,c2:r=2.5:full_orders#5,"ps[h=10|ell=1|p=0.5|rho=0.25|c_L=1|c_H=6|b=2|k=0.02|r=2.5|noise=Laplace|cost=atoms|cost_halfwidth=0|prior_H=0.5|value_law=binary|eps_V=0]|inst[reserve_auction:uniform_incumbent[0,r];sale_to_highest_admissible_at_max(p,min(R,v));bid_equal_reserve_is_admissible=yes]|info[public_price_feedback;investor_observes=fundamental_state;buyer_observes=price_only]|tie[entry_at_indifference=yes;bid_equal_reserve_is_admissible=yes;upper_plateau_enters_at_tau=M;lower_plateau_enters_at_B(m)=c_L]|qH=(1.000000:1.000000)|qL=(-1.000000:1.000000)|price[benchmark_inversion]|atoms[none]|prep[cost_threshold_at_price_information:zero_entry_pool/c_L=stay_out;zero_entry_pool/c_H=stay_out;positive_entry_price/c_L=prepare;positive_entry_price/c_H=prepare]",h=10|ell=1|p=0.5|rho=0.25|c_L=1|c_H=6|b=2|k=0.02|r=2.5|noise=Laplace|cost=atoms|cost_halfwidth=0|prior_H=0.5|value_law=binary|eps_V=0,"mixed: mesh 0.05, start S1_uniform_v0.5",c2:r=2.5:full_orders#2,1,numerical diagnostic,2.2516710718178957e-17,1e-11,1.6965595595053175e-17,1e-12,Gauss-Legendre order 48 -> 64 and order intervals 400 -> 800; refined estimate checked against target/10,0.0,exterior tails integrated analytically against the constant Laplace residual; truncation bound 0,0.0025,0.0008687500000000001,false,"finite grid over [-1, 1] at spacing 0.0025; Lipschitz bound 8.688e-04 on unscanned gains (not enclosed within the deviation acceptance: numerical diagnostic)",1.8041124150158794e-16,1.3322676295501878e-15,4.440892098500626e-16,1.0,0.0,-1.0,0.0,
2.5,full_orders,1.0,-1.0,1.0,0.6652041409576224,0.4045211657118669,0.5348626533347447,0.3326020704788112,0.7903591257161001,0.6842105263157895,0.7731898882334813,-0.036250000000000004,-0.43000000000000005,-0.004872045047937774,numerical diagnostic,not established,true,false,2.220446049250313e-16,0.0,0.0,0.0,,c2:r=2.5:full_orders#6,"ps[h=10|ell=1|p=0.5|rho=0.25|c_L=1|c_H=6|b=2|k=0.02|r=2.5|noise=Laplace|cost=atoms|cost_halfwidth=0|prior_H=0.5|value_law=binary|eps_V=0]|inst[reserve_auction:uniform_incumbent[0,r];sale_to_highest_admissible_at_max(p,min(R,v));bid_equal_reserve_is_admissible=yes]|info[public_price_feedback;investor_observes=fundamental_state;buyer_observes=price_only]|tie[entry_at_indifference=yes;bid_equal_reserve_is_admissible=yes;upper_plateau_enters_at_tau=M;lower_plateau_enters_at_B(m)=c_L]|qH=(1.000000:1.000000)|qL=(-1.000000:1.000000)|price[benchmark_inversion]|atoms[none]|prep[cost_threshold_at_price_information:zero_entry_pool/c_L=stay_out;zero_entry_pool/c_H=stay_out;positive_entry_price/c_L=prepare;positive_entry_price/c_H=prepare]",h=10|ell=1|p=0.5|rho=0.25|c_L=1|c_H=6|b=2|k=0.02|r=2.5|noise=Laplace|cost=atoms|cost_halfwidth=0|prior_H=0.5|value_law=binary|eps_V=0,"mixed: mesh 0.05, start S2_mass_near_1_v0.9",c2:r=2.5:full_orders#2,1,numerical diagnostic,2.2516710718178957e-17,1e-11,1.6965595595053175e-17,1e-12,Gauss-Legendre order 48 -> 64 and order intervals 400 -> 800; refined estimate checked against target/10,0.0,exterior tails integrated analytically against the constant Laplace residual; truncation bound 0,0.0025,0.0008687500000000001,false,"finite grid over [-1, 1] at spacing 0.0025; Lipschitz bound 8.688e-04 on unscanned gains (not enclosed within the deviation acceptance: numerical diagnostic)",1.8041124150158794e-16,1.3322676295501878e-15,4.440892098500626e-16,1.0,0.0,-1.0,0.0,
2.5,full_orders,1.0,-0.9999999731779099,0.9999999731779099,0.665204138712641,0.404521166748012,0.5348626527303264,0.3326020693563205,0.7903591249389912,0.6842105263157895,0.7731899016445271,-0.036250000000000004,-0.43000000000000005,-0.004872045047937774,numerical diagnostic,not established,true,false,2.220446049250313e-16,0.0,1.1742681826909518e-09,0.0,,c2:r=2.5:full_orders#7,"ps[h=10|ell=1|p=0.5|rho=0.25|c_L=1|c_H=6|b=2|k=0.02|r=2.5|noise=Laplace|cost=atoms|cost_halfwidth=0|prior_H=0.5|value_law=binary|eps_V=0]|inst[reserve_auction:uniform_incumbent[0,r];sale_to_highest_admissible_at_max(p,min(R,v));bid_equal_reserve_is_admissible=yes]|info[public_price_feedback;investor_observes=fundamental_state;buyer_observes=price_only]|tie[entry_at_indifference=yes;bid_equal_reserve_is_admissible=yes;upper_plateau_enters_at_tau=M;lower_plateau_enters_at_B(m)=c_L]|qH=(1.000000:1.000000)|qL=(-1.000000:1.000000)|price[benchmark_inversion]|atoms[none]|prep[cost_threshold_at_price_information:zero_entry_pool/c_L=stay_out;zero_entry_pool/c_H=stay_out;positive_entry_price/c_L=prepare;positive_entry_price/c_H=prepare]",h=10|ell=1|p=0.5|rho=0.25|c_L=1|c_H=6|b=2|k=0.02|r=2.5|noise=Laplace|cost=atoms|cost_halfwidth=0|prior_H=0.5|value_law=binary|eps_V=0,"mixed: mesh 0.05, start S3_mass_near_0_v0.1",c2:r=2.5:full_orders#2,1,numerical diagnostic,2.3488155678610328e-17,1e-11,1.755540157688529e-17,1e-12,Gauss-Legendre order 48 -> 64 and order intervals 400 -> 800; refined estimate checked against target/10,0.0,exterior tails integrated analytically against the constant Laplace residual; truncation bound 0,0.0025,0.0008687500000000001,false,"finite grid over [-1, 1] at spacing 0.0025; Lipschitz bound 8.688e-04 on unscanned gains (not enclosed within the deviation acceptance: numerical diagnostic)",1.8041124150158794e-16,1.2212453270876722e-15,3.3306690738754696e-16,1.0,0.0,-1.0,1.1742681826909518e-09,
2.5,full_orders,1.0,-1.0,1.0,0.6652041409576224,0.4045211657118669,0.5348626533347447,0.3326020704788112,0.7903591257161001,0.6842105263157895,0.7731898882334813,-0.036250000000000004,-0.43000000000000005,-0.004872045047937774,numerical diagnostic,not established,true,false,2.220446049250313e-16,0.0,0.0,0.0,,c2:r=2.5:full_orders#8,"ps[h=10|ell=1|p=0.5|rho=0.25|c_L=1|c_H=6|b=2|k=0.02|r=2.5|noise=Laplace|cost=atoms|cost_halfwidth=0|prior_H=0.5|value_law=binary|eps_V=0]|inst[reserve_auction:uniform_incumbent[0,r];sale_to_highest_admissible_at_max(p,min(R,v));bid_equal_reserve_is_admissible=yes]|info[public_price_feedback;investor_observes=fundamental_state;buyer_observes=price_only]|tie[entry_at_indifference=yes;bid_equal_reserve_is_admissible=yes;upper_plateau_enters_at_tau=M;lower_plateau_enters_at_B(m)=c_L]|qH=(1.000000:1.000000)|qL=(-1.000000:1.000000)|price[benchmark_inversion]|atoms[none]|prep[cost_threshold_at_price_information:zero_entry_pool/c_L=stay_out;zero_entry_pool/c_H=stay_out;positive_entry_price/c_L=prepare;positive_entry_price/c_H=prepare]",h=10|ell=1|p=0.5|rho=0.25|c_L=1|c_H=6|b=2|k=0.02|r=2.5|noise=Laplace|cost=atoms|cost_halfwidth=0|prior_H=0.5|value_law=binary|eps_V=0,"mixed: mesh 0.025, start S1_uniform_v0.5",c2:r=2.5:full_orders#2,1,numerical diagnostic,2.2516710718178957e-17,1e-11,1.6965595595053175e-17,1e-12,Gauss-Legendre order 48 -> 64 and order intervals 400 -> 800; refined estimate checked against target/10,0.0,exterior tails integrated analytically against the constant Laplace residual; truncation bound 0,0.0025,0.0008687500000000001,false,"finite grid over [-1, 1] at spacing 0.0025; Lipschitz bound 8.688e-04 on unscanned gains (not enclosed within the deviation acceptance: numerical diagnostic)",1.8041124150158794e-16,1.3322676295501878e-15,4.440892098500626e-16,1.0,0.0,-1.0,0.0,
2.5,full_orders,1.0,-1.0,1.0,0.6652041409576224,0.4045211657118669,0.5348626533347447,0.3326020704788112,0.7903591257161001,0.6842105263157895,0.7731898882334813,-0.036250000000000004,-0.43000000000000005,-0.004872045047937774,numerical diagnostic,not established,true,false,2.220446049250313e-16,0.0,0.0,0.0,,c2:r=2.5:full_orders#9,"ps[h=10|ell=1|p=0.5|rho=0.25|c_L=1|c_H=6|b=2|k=0.02|r=2.5|noise=Laplace|cost=atoms|cost_halfwidth=0|prior_H=0.5|value_law=binary|eps_V=0]|inst[reserve_auction:uniform_incumbent[0,r];sale_to_highest_admissible_at_max(p,min(R,v));bid_equal_reserve_is_admissible=yes]|info[public_price_feedback;investor_observes=fundamental_state;buyer_observes=price_only]|tie[entry_at_indifference=yes;bid_equal_reserve_is_admissible=yes;upper_plateau_enters_at_tau=M;lower_plateau_enters_at_B(m)=c_L]|qH=(1.000000:1.000000)|qL=(-1.000000:1.000000)|price[benchmark_inversion]|atoms[none]|prep[cost_threshold_at_price_information:zero_entry_pool/c_L=stay_out;zero_entry_pool/c_H=stay_out;positive_entry_price/c_L=prepare;positive_entry_price/c_H=prepare]",h=10|ell=1|p=0.5|rho=0.25|c_L=1|c_H=6|b=2|k=0.02|r=2.5|noise=Laplace|cost=atoms|cost_halfwidth=0|prior_H=0.5|value_law=binary|eps_V=0,"mixed: mesh 0.025, start S2_mass_near_1_v0.9",c2:r=2.5:full_orders#2,1,numerical diagnostic,2.2516710718178957e-17,1e-11,1.6965595595053175e-17,1e-12,Gauss-Legendre order 48 -> 64 and order intervals 400 -> 800; refined estimate checked against target/10,0.0,exterior tails integrated analytically against the constant Laplace residual; truncation bound 0,0.0025,0.0008687500000000001,false,"finite grid over [-1, 1] at spacing 0.0025; Lipschitz bound 8.688e-04 on unscanned gains (not enclosed within the deviation acceptance: numerical diagnostic)",1.8041124150158794e-16,1.3322676295501878e-15,4.440892098500626e-16,1.0,0.0,-1.0,0.0,
2.5,pooling,0.0,0.0,-0.0,0.25000000000000006,0.25000000000000006,0.25000000000000006,0.12500000000000003,0.5687500000000001,0.6842105263157895,inf,-0.036250000000000004,-0.43000000000000005,-0.004872045047937774,rejected,not established,false,false,0.0,0.0,0.036250000000000004,0.0,epsilon_q=3.625e-02,c2:r=2.5:pooling#1,"ps[h=10|ell=1|p=0.5|rho=0.25|c_L=1|c_H=6|b=2|k=0.02|r=2.5|noise=Laplace|cost=atoms|cost_halfwidth=0|prior_H=0.5|value_law=binary|eps_V=0]|inst[reserve_auction:uniform_incumbent[0,r];sale_to_highest_admissible_at_max(p,min(R,v));bid_equal_reserve_is_admissible=yes]|info[public_price_feedback;investor_observes=fundamental_state;buyer_observes=price_only]|tie[entry_at_indifference=yes;bid_equal_reserve_is_admissible=yes;upper_plateau_enters_at_tau=M;lower_plateau_enters_at_B(m)=c_L]|qH=(0.000000:1.000000)|qL=(0.000000:1.000000)|price[constant_price]|atoms[none]|prep[cost_threshold_at_price_information:zero_entry_pool/c_L=stay_out;zero_entry_pool/c_H=stay_out;positive_entry_price/c_L=prepare;positive_entry_price/c_H=stay_out]",h=10|ell=1|p=0.5|rho=0.25|c_L=1|c_H=6|b=2|k=0.02|r=2.5|noise=Laplace|cost=atoms|cost_halfwidth=0|prior_H=0.5|value_law=binary|eps_V=0,"pooling: declared profile (0,0)",,1,rejected,3.452099717193846e-18,1e-11,3.469446951953614e-18,1e-12,Gauss-Legendre order 48 -> 64 and order intervals 400 -> 800; refined estimate checked against target/10,0.0,exterior tails integrated analytically against the constant Laplace residual; truncation bound 0,0.0025,0.0008687500000000001,false,"finite grid over [-1, 1] at spacing 0.0025; Lipschitz bound 8.688e-04 on unscanned gains (not enclosed within the deviation acceptance: numerical diagnostic)",1.249000902703301e-16,1.3322676295501878e-15,5.551115123125783e-17,1.0,0.036250000000000004,-1.0,0.036250000000000004,
3,asymmetric,0.9999999046325684,-0.9999999046325684,0.9999999046325684,0.6483848347854644,0.3971297499833874,0.5227572923844259,0.3241924173927322,0.8723920372713501,0.705,0.8712224464724487,-0.06333333333333334,-0.6466666666666667,0.0024117851141662594,numerical diagnostic,not established,true,false,2.220446049250313e-16,0.0,1.3352657479703822e-08,0.0,,c2:r=3:asymmetric#4,"ps[h=10|ell=1|p=0.5|rho=0.25|c_L=1|c_H=6|b=2|k=0.02|r=3|noise=Laplace|cost=atoms|cost_halfwidth=0|prior_H=0.5|value_law=binary|eps_V=0]|inst[reserve_auction:uniform_incumbent[0,r];sale_to_highest_admissible_at_max(p,min(R,v));bid_equal_reserve_is_admissible=yes]|info[public_price_feedback;investor_observes=fundamental_state;buyer_observes=price_only]|tie[entry_at_indifference=yes;bid_equal_reserve_is_admissible=yes;upper_plateau_enters_at_tau=M;lower_plateau_enters_at_B(m)=c_L]|qH=(1.000000:1.000000)|qL=(-1.000000:1.000000)|price[benchmark_inversion]|atoms[none]|prep[cost_threshold_at_price_information:zero_entry_pool/c_L=stay_out;zero_entry_pool/c_H=stay_out;positive_entry_price/c_L=prepare;positive_entry_price/c_H=prepare]",h=10|ell=1|p=0.5|rho=0.25|c_L=1|c_H=6|b=2|k=0.02|r=3|noise=Laplace|cost=atoms|cost_halfwidth=0|prior_H=0.5|value_law=binary|eps_V=0,"pure: damped best-response fixed point from init (u,v)=(0.2,0.2)",c2:r=3:full_orders#2,1,numerical diagnostic,3.4278135223557223e-17,1e-11,2.4216738732019494e-17,1e-12,Gauss-Legendre order 48 -> 64 and order intervals 400 -> 800; refined estimate checked against target/10,0.0,exterior tails integrated analytically against the constant Laplace residual; truncation bound 0,0.0025,0.001275,false,"finite grid over [-1, 1] at spacing 0.0025; Lipschitz bound 1.275e-03 on unscanned gains (not enclosed within the deviation acceptance: numerical diagnostic)",1.1102230246251565e-16,6.661338147750939e-16,2.220446049250313e-16,1.0,1.3352657451948247e-08,-1.0,6.940594043935988e-09,
3,asymmetric_tangency,1.0,-0.7424448911052512,0.7424448911052512,0.25000000000000006,0.25000000000000006,0.25000000000000006,0.12500000000000003,0.6145833333333334,0.705,inf,-0.06333333333333334,-0.6466666666666667,0.0024117851141662594,no candidate,not established,false,false,1.1102230246251565e-16,0.0,0.010625613982498457,0.0,"local |Psi| minimum 4.349e-02 exceeds the numerical resolution 1.0e-08: resolved non-root, no candidate formed",c2:r=3:asymmetric_tangency#3,"ps[h=10|ell=1|p=0.5|rho=0.25|c_L=1|c_H=6|b=2|k=0.02|r=3|noise=Laplace|cost=atoms|cost_halfwidth=0|prior_H=0.5|value_law=binary|eps_V=0]|inst[reserve_auction:uniform_incumbent[0,r];sale_to_highest_admissible_at_max(p,min(R,v));bid_equal_reserve_is_admissible=yes]|info[public_price_feedback;investor_observes=fundamental_state;buyer_observes=price_only]|tie[entry_at_indifference=yes;bid_equal_reserve_is_admissible=yes;upper_plateau_enters_at_tau=M;lower_plateau_enters_at_B(m)=c_L]|qH=(1.000000:1.000000)|qL=(-0.742445:1.000000)|price[benchmark_inversion]|atoms[none]|prep[cost_threshold_at_price_information:zero_entry_pool/c_L=stay_out;zero_entry_pool/c_H=stay_out;positive_entry_price/c_L=prepare;positive_entry_price/c_H=stay_out]",h=10|ell=1|p=0.5|rho=0.25|c_L=1|c_H=6|b=2|k=0.02|r=3|noise=Laplace|cost=atoms|cost_halfwidth=0|prior_H=0.5|value_law=binary|eps_V=0,"asymmetric: |Psi| minimisation on [0.7324,0.7524] without sign change (41-point sub-mesh)",,1,no candidate,2.074729277268261e-17,1e-11,1.9949319973733282e-17,1e-12,Gauss-Legendre order 48 -> 64 and order intervals 400 -> 800; refined estimate checked against target/10,0.0,exterior tails integrated analytically against the constant Laplace residual; truncation bound 0,0.0025,0.001275,false,"finite grid over [-1, 1] at spacing 0.0025; Lipschitz bound 1.275e-03 on unscanned gains (not enclosed within the deviation acceptance: numerical diagnostic)",1.0408340855860843e-16,6.661338147750939e-16,5.551115123125783e-17,1.0,0.0,-1.0,0.010625613982498457,
3,full_orders,1.0,-1.0,1.0,0.6483848515517818,0.39712974296769443,0.5227572972597381,0.3241924257758909,0.8723920450946406,0.705,0.8712224464724482,-0.06333333333333334,-0.6466666666666667,0.0024117851141662594,numerical diagnostic,not established,true,false,2.220446049250313e-16,0.0,0.0,0.0,,c2:r=3:full_orders#10,"ps[h=10|ell=1|p=0.5|rho=0.25|c_L=1|c_H=6|b=2|k=0.02|r=3|noise=Laplace|cost=atoms|cost_halfwidth=0|prior_H=0.5|value_law=binary|eps_V=0]|inst[reserve_auction:uniform_incumbent[0,r];sale_to_highest_admissible_at_max(p,min(R,v));bid_equal_reserve_is_admissible=yes]|info[public_price_feedback;investor_observes=fundamental_state;buyer_observes=price_only]|tie[entry_at_indifference=yes;bid_equal_reserve_is_admissible=yes;upper_plateau_enters_at_tau=M;lower_plateau_enters_at_B(m)=c_L]|qH=(1.000000:1.000000)|qL=(-1.000000:1.000000)|price[benchmark_inversion]|atoms[none]|prep[cost_threshold_at_price_information:zero_entry_pool/c_L=stay_out;zero_entry_pool/c_H=stay_out;positive_entry_price/c_L=prepare;positive_entry_price/c_H=prepare]",h=10|ell=1|p=0.5|rho=0.25|c_L=1|c_H=6|b=2|k=0.02|r=3|noise=Laplace|cost=atoms|cost_halfwidth=0|prior_H=0.5|value_law=binary|eps_V=0,"mixed: mesh 0.025, start S3_mass_near_0_v0.1",c2:r=3:full_orders#2,1,numerical diagnostic,2.67841304690819e-17,1e-11,2.057382042508493e-17,1e-12,Gauss-Legendre order 48 -> 64 and order intervals 400 -> 800; refined estimate checked against target/10,0.0,exterior tails integrated analytically against the constant Laplace residual; truncation bound 0,0.0025,0.001275,false,"finite grid over [-1, 1] at spacing 0.0025; Lipschitz bound 1.275e-03 on unscanned gains (not enclosed within the deviation acceptance: numerical diagnostic)",1.1102230246251565e-16,8.326672684688674e-16,4.440892098500626e-16,1.0,0.0,-1.0,0.0,
3,full_orders,1.0,-1.0,1.0,0.6483848515517818,0.39712974296769443,0.5227572972597381,0.3241924257758909,0.8723920450946406,0.705,0.8712224464724482,-0.06333333333333334,-0.6466666666666667,0.0024117851141662594,analytical (uniform derivative bound),analytical ((1-1/b) rho m Delta_T > k),true,false,2.220446049250313e-16,0.0,0.0,0.0,,c2:r=3:full_orders#2,"ps[h=10|ell=1|p=0.5|rho=0.25|c_L=1|c_H=6|b=2|k=0.02|r=3|noise=Laplace|cost=atoms|cost_halfwidth=0|prior_H=0.5|value_law=binary|eps_V=0]|inst[reserve_auction:uniform_incumbent[0,r];sale_to_highest_admissible_at_max(p,min(R,v));bid_equal_reserve_is_admissible=yes]|info[public_price_feedback;investor_observes=fundamental_state;buyer_observes=price_only]|tie[entry_at_indifference=yes;bid_equal_reserve_is_admissible=yes;upper_plateau_enters_at_tau=M;lower_plateau_enters_at_B(m)=c_L]|qH=(1.000000:1.000000)|qL=(-1.000000:1.000000)|price[benchmark_inversion]|atoms[none]|prep[cost_threshold_at_price_information:zero_entry_pool/c_L=stay_out;zero_entry_pool/c_H=stay_out;positive_entry_price/c_L=prepare;positive_entry_price/c_H=prepare]",h=10|ell=1|p=0.5|rho=0.25|c_L=1|c_H=6|b=2|k=0.02|r=3|noise=Laplace|cost=atoms|cost_halfwidth=0|prior_H=0.5|value_law=binary|eps_V=0,"full_orders: declared profile (1,-1)",,1,analytical,2.67841304690819e-17,1e-11,2.057382042508493e-17,1e-12,Gauss-Legendre order 48 -> 64 and order intervals 400 -> 800; refined estimate checked against target/10,0.0,exterior tails integrated analytically against the constant Laplace residual; truncation bound 0,0.0025,0.001275,true,analytical cover closes between-grid deviations,1.1102230246251565e-16,8.326672684688674e-16,4.440892098500626e-16,1.0,0.0,-1.0,0.0,
3,full_orders,1.0,-1.0,1.0,0.6483848515517818,0.39712974296769443,0.5227572972597381,0.3241924257758909,0.8723920450946406,0.705,0.8712224464724482,-0.06333333333333334,-0.6466666666666667,0.0024117851141662594,numerical diagnostic,not established,true,false,2.220446049250313e-16,0.0,0.0,0.0,,c2:r=3:full_orders#5,"ps[h=10|ell=1|p=0.5|rho=0.25|c_L=1|c_H=6|b=2|k=0.02|r=3|noise=Laplace|cost=atoms|cost_halfwidth=0|prior_H=0.5|value_law=binary|eps_V=0]|inst[reserve_auction:uniform_incumbent[0,r];sale_to_highest_admissible_at_max(p,min(R,v));bid_equal_reserve_is_admissible=yes]|info[public_price_feedback;investor_observes=fundamental_state;buyer_observes=price_only]|tie[entry_at_indifference=yes;bid_equal_reserve_is_admissible=yes;upper_plateau_enters_at_tau=M;lower_plateau_enters_at_B(m)=c_L]|qH=(1.000000:1.000000)|qL=(-1.000000:1.000000)|price[benchmark_inversion]|atoms[none]|prep[cost_threshold_at_price_information:zero_entry_pool/c_L=stay_out;zero_entry_pool/c_H=stay_out;positive_entry_price/c_L=prepare;positive_entry_price/c_H=prepare]",h=10|ell=1|p=0.5|rho=0.25|c_L=1|c_H=6|b=2|k=0.02|r=3|noise=Laplace|cost=atoms|cost_halfwidth=0|prior_H=0.5|value_law=binary|eps_V=0,"mixed: mesh 0.05, start S1_uniform_v0.5",c2:r=3:full_orders#2,1,numerical diagnostic,2.67841304690819e-17,1e-11,2.057382042508493e-17,1e-12,Gauss-Legendre order 48 -> 64 and order intervals 400 -> 800; refined estimate checked against target/10,0.0,exterior tails integrated analytically against the constant Laplace residual; truncation bound 0,0.0025,0.001275,false,"finite grid over [-1, 1] at spacing 0.0025; Lipschitz bound 1.275e-03 on unscanned gains (not enclosed within the deviation acceptance: numerical diagnostic)",1.1102230246251565e-16,8.326672684688674e-16,4.440892098500626e-16,1.0,0.0,-1.0,0.0,
3,full_orders,1.0,-1.0,1.0,0.6483848515517818,0.39712974296769443,0.5227572972597381,0.3241924257758909,0.8723920450946406,0.705,0.8712224464724482,-0.06333333333333334,-0.6466666666666667,0.0024117851141662594,numerical diagnostic,not established,true,false,2.220446049250313e-16,0.0,0.0,0.0,,c2:r=3:full_orders#6,"ps[h=10|ell=1|p=0.5|rho=0.25|c_L=1|c_H=6|b=2|k=0.02|r=3|noise=Laplace|cost=atoms|cost_halfwidth=0|prior_H=0.5|value_law=binary|eps_V=0]|inst[reserve_auction:uniform_incumbent[0,r];sale_to_highest_admissible_at_max(p,min(R,v));bid_equal_reserve_is_admissible=yes]|info[public_price_feedback;investor_observes=fundamental_state;buyer_observes=price_only]|tie[entry_at_indifference=yes;bid_equal_reserve_is_admissible=yes;upper_plateau_enters_at_tau=M;lower_plateau_enters_at_B(m)=c_L]|qH=(1.000000:1.000000)|qL=(-1.000000:1.000000)|price[benchmark_inversion]|atoms[none]|prep[cost_threshold_at_price_information:zero_entry_pool/c_L=stay_out;zero_entry_pool/c_H=stay_out;positive_entry_price/c_L=prepare;positive_entry_price/c_H=prepare]",h=10|ell=1|p=0.5|rho=0.25|c_L=1|c_H=6|b=2|k=0.02|r=3|noise=Laplace|cost=atoms|cost_halfwidth=0|prior_H=0.5|value_law=binary|eps_V=0,"mixed: mesh 0.05, start S2_mass_near_1_v0.9",c2:r=3:full_orders#2,1,numerical diagnostic,2.67841304690819e-17,1e-11,2.057382042508493e-17,1e-12,Gauss-Legendre order 48 -> 64 and order intervals 400 -> 800; refined estimate checked against target/10,0.0,exterior tails integrated analytically against the constant Laplace residual; truncation bound 0,0.0025,0.001275,false,"finite grid over [-1, 1] at spacing 0.0025; Lipschitz bound 1.275e-03 on unscanned gains (not enclosed within the deviation acceptance: numerical diagnostic)",1.1102230246251565e-16,8.326672684688674e-16,4.440892098500626e-16,1.0,0.0,-1.0,0.0,
3,full_orders,1.0,-1.0,1.0,0.6483848515517818,0.39712974296769443,0.5227572972597381,0.3241924257758909,0.8723920450946406,0.705,0.8712224464724482,-0.06333333333333334,-0.6466666666666667,0.0024117851141662594,numerical diagnostic,not established,true,false,2.220446049250313e-16,0.0,0.0,0.0,,c2:r=3:full_orders#7,"ps[h=10|ell=1|p=0.5|rho=0.25|c_L=1|c_H=6|b=2|k=0.02|r=3|noise=Laplace|cost=atoms|cost_halfwidth=0|prior_H=0.5|value_law=binary|eps_V=0]|inst[reserve_auction:uniform_incumbent[0,r];sale_to_highest_admissible_at_max(p,min(R,v));bid_equal_reserve_is_admissible=yes]|info[public_price_feedback;investor_observes=fundamental_state;buyer_observes=price_only]|tie[entry_at_indifference=yes;bid_equal_reserve_is_admissible=yes;upper_plateau_enters_at_tau=M;lower_plateau_enters_at_B(m)=c_L]|qH=(1.000000:1.000000)|qL=(-1.000000:1.000000)|price[benchmark_inversion]|atoms[none]|prep[cost_threshold_at_price_information:zero_entry_pool/c_L=stay_out;zero_entry_pool/c_H=stay_out;positive_entry_price/c_L=prepare;positive_entry_price/c_H=prepare]",h=10|ell=1|p=0.5|rho=0.25|c_L=1|c_H=6|b=2|k=0.02|r=3|noise=Laplace|cost=atoms|cost_halfwidth=0|prior_H=0.5|value_law=binary|eps_V=0,"mixed: mesh 0.05, start S3_mass_near_0_v0.1",c2:r=3:full_orders#2,1,numerical diagnostic,2.67841304690819e-17,1e-11,2.057382042508493e-17,1e-12,Gauss-Legendre order 48 -> 64 and order intervals 400 -> 800; refined estimate checked against target/10,0.0,exterior tails integrated analytically against the constant Laplace residual; truncation bound 0,0.0025,0.001275,false,"finite grid over [-1, 1] at spacing 0.0025; Lipschitz bound 1.275e-03 on unscanned gains (not enclosed within the deviation acceptance: numerical diagnostic)",1.1102230246251565e-16,8.326672684688674e-16,4.440892098500626e-16,1.0,0.0,-1.0,0.0,
3,full_orders,1.0,-1.0,1.0,0.6483848515517818,0.39712974296769443,0.5227572972597381,0.3241924257758909,0.8723920450946406,0.705,0.8712224464724482,-0.06333333333333334,-0.6466666666666667,0.0024117851141662594,numerical diagnostic,not established,true,false,2.220446049250313e-16,0.0,0.0,0.0,,c2:r=3:full_orders#8,"ps[h=10|ell=1|p=0.5|rho=0.25|c_L=1|c_H=6|b=2|k=0.02|r=3|noise=Laplace|cost=atoms|cost_halfwidth=0|prior_H=0.5|value_law=binary|eps_V=0]|inst[reserve_auction:uniform_incumbent[0,r];sale_to_highest_admissible_at_max(p,min(R,v));bid_equal_reserve_is_admissible=yes]|info[public_price_feedback;investor_observes=fundamental_state;buyer_observes=price_only]|tie[entry_at_indifference=yes;bid_equal_reserve_is_admissible=yes;upper_plateau_enters_at_tau=M;lower_plateau_enters_at_B(m)=c_L]|qH=(1.000000:1.000000)|qL=(-1.000000:1.000000)|price[benchmark_inversion]|atoms[none]|prep[cost_threshold_at_price_information:zero_entry_pool/c_L=stay_out;zero_entry_pool/c_H=stay_out;positive_entry_price/c_L=prepare;positive_entry_price/c_H=prepare]",h=10|ell=1|p=0.5|rho=0.25|c_L=1|c_H=6|b=2|k=0.02|r=3|noise=Laplace|cost=atoms|cost_halfwidth=0|prior_H=0.5|value_law=binary|eps_V=0,"mixed: mesh 0.025, start S1_uniform_v0.5",c2:r=3:full_orders#2,1,numerical diagnostic,2.67841304690819e-17,1e-11,2.057382042508493e-17,1e-12,Gauss-Legendre order 48 -> 64 and order intervals 400 -> 800; refined estimate checked against target/10,0.0,exterior tails integrated analytically against the constant Laplace residual; truncation bound 0,0.0025,0.001275,false,"finite grid over [-1, 1] at spacing 0.0025; Lipschitz bound 1.275e-03 on unscanned gains (not enclosed within the deviation acceptance: numerical diagnostic)",1.1102230246251565e-16,8.326672684688674e-16,4.440892098500626e-16,1.0,0.0,-1.0,0.0,
3,full_orders,1.0,-1.0,1.0,0.6483848515517818,0.39712974296769443,0.5227572972597381,0.3241924257758909,0.8723920450946406,0.705,0.8712224464724482,-0.06333333333333334,-0.6466666666666667,0.0024117851141662594,numerical diagnostic,not established,true,false,2.220446049250313e-16,0.0,0.0,0.0,,c2:r=3:full_orders#9,"ps[h=10|ell=1|p=0.5|rho=0.25|c_L=1|c_H=6|b=2|k=0.02|r=3|noise=Laplace|cost=atoms|cost_halfwidth=0|prior_H=0.5|value_law=binary|eps_V=0]|inst[reserve_auction:uniform_incumbent[0,r];sale_to_highest_admissible_at_max(p,min(R,v));bid_equal_reserve_is_admissible=yes]|info[public_price_feedback;investor_observes=fundamental_state;buyer_observes=price_only]|tie[entry_at_indifference=yes;bid_equal_reserve_is_admissible=yes;upper_plateau_enters_at_tau=M;lower_plateau_enters_at_B(m)=c_L]|qH=(1.000000:1.000000)|qL=(-1.000000:1.000000)|price[benchmark_inversion]|atoms[none]|prep[cost_threshold_at_price_information:zero_entry_pool/c_L=stay_out;zero_entry_pool/c_H=stay_out;positive_entry_price/c_L=prepare;positive_entry_price/c_H=prepare]",h=10|ell=1|p=0.5|rho=0.25|c_L=1|c_H=6|b=2|k=0.02|r=3|noise=Laplace|cost=atoms|cost_halfwidth=0|prior_H=0.5|value_law=binary|eps_V=0,"mixed: mesh 0.025, start S2_mass_near_1_v0.9",c2:r=3:full_orders#2,1,numerical diagnostic,2.67841304690819e-17,1e-11,2.057382042508493e-17,1e-12,Gauss-Legendre order 48 -> 64 and order intervals 400 -> 800; refined estimate checked against target/10,0.0,exterior tails integrated analytically against the constant Laplace residual; truncation bound 0,0.0025,0.001275,false,"finite grid over [-1, 1] at spacing 0.0025; Lipschitz bound 1.275e-03 on unscanned gains (not enclosed within the deviation acceptance: numerical diagnostic)",1.1102230246251565e-16,8.326672684688674e-16,4.440892098500626e-16,1.0,0.0,-1.0,0.0,
3,pooling,0.0,0.0,-0.0,0.25000000000000006,0.25000000000000006,0.25000000000000006,0.12500000000000003,0.6145833333333334,0.705,inf,-0.06333333333333334,-0.6466666666666667,0.0024117851141662594,rejected,not established,false,false,0.0,0.0,0.06333333333333334,0.0,epsilon_q=6.333e-02,c2:r=3:pooling#1,"ps[h=10|ell=1|p=0.5|rho=0.25|c_L=1|c_H=6|b=2|k=0.02|r=3|noise=Laplace|cost=atoms|cost_halfwidth=0|prior_H=0.5|value_law=binary|eps_V=0]|inst[reserve_auction:uniform_incumbent[0,r];sale_to_highest_admissible_at_max(p,min(R,v));bid_equal_reserve_is_admissible=yes]|info[public_price_feedback;investor_observes=fundamental_state;buyer_observes=price_only]|tie[entry_at_indifference=yes;bid_equal_reserve_is_admissible=yes;upper_plateau_enters_at_tau=M;lower_plateau_enters_at_B(m)=c_L]|qH=(0.000000:1.000000)|qL=(0.000000:1.000000)|price[constant_price]|atoms[none]|prep[cost_threshold_at_price_information:zero_entry_pool/c_L=stay_out;zero_entry_pool/c_H=stay_out;positive_entry_price/c_L=prepare;positive_entry_price/c_H=stay_out]",h=10|ell=1|p=0.5|rho=0.25|c_L=1|c_H=6|b=2|k=0.02|r=3|noise=Laplace|cost=atoms|cost_halfwidth=0|prior_H=0.5|value_law=binary|eps_V=0,"pooling: declared profile (0,0)",,1,rejected,6.800116025829084e-18,1e-11,6.800116025829084e-18,1e-12,Gauss-Legendre order 48 -> 64 and order intervals 400 -> 800; refined estimate checked against target/10,0.0,exterior tails integrated analytically against the constant Laplace residual; truncation bound 0,0.0025,0.001275,false,"finite grid over [-1, 1] at spacing 0.0025; Lipschitz bound 1.275e-03 on unscanned gains (not enclosed within the deviation acceptance: numerical diagnostic)",2.7755575615628914e-17,2.220446049250313e-16,5.551115123125783e-17,1.0,0.06333333333333334,-1.0,0.06333333333333334,
3.592658518794662,asymmetric,0.9999999046325684,-0.9999999046325684,0.9999999046325684,0.25000000000000006,0.25000000000000006,0.25000000000000006,0.12500000000000003,0.6636530994988632,0.7310585786300048,inf,-0.09693774540346731,-0.9155019632277385,0.011449403460611112,numerical diagnostic,not established,true,true,1.1102230246251565e-16,0.0,5.715813058970731e-09,0.0,,c2:r=3.592658518794662:asymmetric#3,"ps[h=10|ell=1|p=0.5|rho=0.25|c_L=1|c_H=6|b=2|k=0.02|r=3.592658518794662|noise=Laplace|cost=atoms|cost_halfwidth=0|prior_H=0.5|value_law=binary|eps_V=0]|inst[reserve_auction:uniform_incumbent[0,r];sale_to_highest_admissible_at_max(p,min(R,v));bid_equal_reserve_is_admissible=yes]|info[public_price_feedback;investor_observes=fundamental_state;buyer_observes=price_only]|tie[entry_at_indifference=yes;bid_equal_reserve_is_admissible=yes;upper_plateau_enters_at_tau=M;lower_plateau_enters_at_B(m)=c_L]|qH=(1.000000:1.000000)|qL=(-1.000000:1.000000)|price[benchmark_inversion]|atoms[none]|prep[cost_threshold_at_price_information:zero_entry_pool/c_L=stay_out;zero_entry_pool/c_H=stay_out;positive_entry_price/c_L=prepare;positive_entry_price/c_H=stay_out]",h=10|ell=1|p=0.5|rho=0.25|c_L=1|c_H=6|b=2|k=0.02|r=3.592658518794662|noise=Laplace|cost=atoms|cost_halfwidth=0|prior_H=0.5|value_law=binary|eps_V=0,"pure: damped best-response fixed point from init (u,v)=(0.2,0.2)",,2,numerical diagnostic,4.822531130866626e-17,1e-11,2.997602100313474e-17,1e-12,Gauss-Legendre order 48 -> 64 and order intervals 400 -> 800; refined estimate checked against target/10,0.0,exterior tails integrated analytically against the constant Laplace residual; truncation bound 0,0.0025,0.0017790661810520097,false,"finite grid over [-1, 1] at spacing 0.0025; Lipschitz bound 1.779e-03 on unscanned gains (not enclosed within the deviation acceptance: numerical diagnostic)",1.1102230246251565e-16,6.661338147750939e-16,5.551115123125783e-17,1.0,5.715813058970731e-09,-1.0,5.715813058970731e-09,
3.592658518794662,full_orders,1.0,-1.0,1.0,0.6250000000000001,0.387954790439291,0.5064773952196455,0.31250000000000006,0.9583747520728625,0.7310585786300048,1.0000000009999779,-0.09693774540346731,-0.9155019632277385,0.011449403460611112,analytical (uniform derivative bound) (tau = M treated symbolically; tie rule admits the upper plateau),analytical ((1-1/b) rho m Delta_T > k),true,true,1.1102230246251565e-16,0.0,0.0,0.0,,c2:r=3.592658518794662:full_orders#2,"ps[h=10|ell=1|p=0.5|rho=0.25|c_L=1|c_H=6|b=2|k=0.02|r=3.592658518794662|noise=Laplace|cost=atoms|cost_halfwidth=0|prior_H=0.5|value_law=binary|eps_V=0]|inst[reserve_auction:uniform_incumbent[0,r];sale_to_highest_admissible_at_max(p,min(R,v));bid_equal_reserve_is_admissible=yes]|info[public_price_feedback;investor_observes=fundamental_state;buyer_observes=price_only]|tie[entry_at_indifference=yes;bid_equal_reserve_is_admissible=yes;upper_plateau_enters_at_tau=M;lower_plateau_enters_at_B(m)=c_L]|qH=(1.000000:1.000000)|qL=(-1.000000:1.000000)|price[benchmark_inversion]|atoms[none]|prep[cost_threshold_at_price_information:zero_entry_pool/c_L=stay_out;zero_entry_pool/c_H=stay_out;positive_entry_price/c_L=prepare;positive_entry_price/c_H=prepare]",h=10|ell=1|p=0.5|rho=0.25|c_L=1|c_H=6|b=2|k=0.02|r=3.592658518794662|noise=Laplace|cost=atoms|cost_halfwidth=0|prior_H=0.5|value_law=binary|eps_V=0,"full_orders: declared profile (1,-1)",,2,analytical,4.794775687599895e-17,1e-11,4.163336342344337e-17,1e-12,Gauss-Legendre order 48 -> 64 and order intervals 400 -> 800; refined estimate checked against target/10,0.0,exterior tails integrated analytically against the constant Laplace residual; truncation bound 0,0.0025,0.0017790661810520097,true,analytical cover closes between-grid deviations,1.1102230246251565e-16,6.661338147750939e-16,1.1102230246251565e-16,1.0,0.0,-1.0,0.0,
3.592658518794662,full_orders,1.0,-1.0,1.0,0.6249336223510876,0.3879303714669028,0.5064319969089952,0.3124668111755438,0.9583225842585119,0.7310585786300048,1.0000000009999779,-0.09693774540346731,-0.9155019632277385,0.011449403460611112,rejected,not established,false,true,1.1102230246251565e-16,0.0,0.0,0.0,entry_independent_error=6.638e-05,c2:r=3.592658518794662:full_orders#4,"ps[h=10|ell=1|p=0.5|rho=0.25|c_L=1|c_H=6|b=2|k=0.02|r=3.592658518794662|noise=Laplace|cost=atoms|cost_halfwidth=0|prior_H=0.5|value_law=binary|eps_V=0]|inst[reserve_auction:uniform_incumbent[0,r];sale_to_highest_admissible_at_max(p,min(R,v));bid_equal_reserve_is_admissible=yes]|info[public_price_feedback;investor_observes=fundamental_state;buyer_observes=price_only]|tie[entry_at_indifference=yes;bid_equal_reserve_is_admissible=yes;upper_plateau_enters_at_tau=M;lower_plateau_enters_at_B(m)=c_L]|qH=(1.000000:1.000000)|qL=(-1.000000:1.000000)|price[benchmark_inversion]|atoms[none]|prep[cost_threshold_at_price_information:zero_entry_pool/c_L=stay_out;zero_entry_pool/c_H=stay_out;positive_entry_price/c_L=prepare;positive_entry_price/c_H=prepare]",h=10|ell=1|p=0.5|rho=0.25|c_L=1|c_H=6|b=2|k=0.02|r=3.592658518794662|noise=Laplace|cost=atoms|cost_halfwidth=0|prior_H=0.5|value_law=binary|eps_V=0,"mixed: mesh 0.05, start S1_uniform_v0.5",c2:r=3.592658518794662:full_orders#2,2,rejected,4.794775687599895e-17,1e-11,4.163336342344337e-17,1e-12,Gauss-Legendre order 48 -> 64 and order intervals 400 -> 800; refined estimate checked against target/10,0.0,exterior tails integrated analytically against the constant Laplace residual; truncation bound 0,0.0025,0.0017790661810520097,false,"finite grid over [-1, 1] at spacing 0.0025; Lipschitz bound 1.779e-03 on unscanned gains (not enclosed within the deviation acceptance: numerical diagnostic)",1.1102230246251565e-16,6.661338147750939e-16,6.637764891259668e-05,1.0,0.0,-1.0,0.0,entry_independent_error=6.638e-05
3.592658518794662,full_orders,1.0,-1.0,1.0,0.6249336223510876,0.3879303714669028,0.5064319969089952,0.3124668111755438,0.9583225842585119,0.7310585786300048,1.0000000009999779,-0.09693774540346731,-0.9155019632277385,0.011449403460611112,rejected,not established,false,true,1.1102230246251565e-16,0.0,0.0,0.0,entry_independent_error=6.638e-05,c2:r=3.592658518794662:full_orders#5,"ps[h=10|ell=1|p=0.5|rho=0.25|c_L=1|c_H=6|b=2|k=0.02|r=3.592658518794662|noise=Laplace|cost=atoms|cost_halfwidth=0|prior_H=0.5|value_law=binary|eps_V=0]|inst[reserve_auction:uniform_incumbent[0,r];sale_to_highest_admissible_at_max(p,min(R,v));bid_equal_reserve_is_admissible=yes]|info[public_price_feedback;investor_observes=fundamental_state;buyer_observes=price_only]|tie[entry_at_indifference=yes;bid_equal_reserve_is_admissible=yes;upper_plateau_enters_at_tau=M;lower_plateau_enters_at_B(m)=c_L]|qH=(1.000000:1.000000)|qL=(-1.000000:1.000000)|price[benchmark_inversion]|atoms[none]|prep[cost_threshold_at_price_information:zero_entry_pool/c_L=stay_out;zero_entry_pool/c_H=stay_out;positive_entry_price/c_L=prepare;positive_entry_price/c_H=prepare]",h=10|ell=1|p=0.5|rho=0.25|c_L=1|c_H=6|b=2|k=0.02|r=3.592658518794662|noise=Laplace|cost=atoms|cost_halfwidth=0|prior_H=0.5|value_law=binary|eps_V=0,"mixed: mesh 0.05, start S2_mass_near_1_v0.9",c2:r=3.592658518794662:full_orders#2,2,rejected,4.794775687599895e-17,1e-11,4.163336342344337e-17,1e-12,Gauss-Legendre order 48 -> 64 and order intervals 400 -> 800; refined estimate checked against target/10,0.0,exterior tails integrated analytically against the constant Laplace residual; truncation bound 0,0.0025,0.0017790661810520097,false,"finite grid over [-1, 1] at spacing 0.0025; Lipschitz bound 1.779e-03 on unscanned gains (not enclosed within the deviation acceptance: numerical diagnostic)",1.1102230246251565e-16,6.661338147750939e-16,6.637764891259668e-05,1.0,0.0,-1.0,0.0,entry_independent_error=6.638e-05
3.592658518794662,full_orders,1.0,-1.0,1.0,0.6249336223510876,0.3879303714669028,0.5064319969089952,0.3124668111755438,0.9583225842585119,0.7310585786300048,1.0000000009999779,-0.09693774540346731,-0.9155019632277385,0.011449403460611112,rejected,not established,false,true,1.1102230246251565e-16,0.0,0.0,0.0,entry_independent_error=6.638e-05,c2:r=3.592658518794662:full_orders#6,"ps[h=10|ell=1|p=0.5|rho=0.25|c_L=1|c_H=6|b=2|k=0.02|r=3.592658518794662|noise=Laplace|cost=atoms|cost_halfwidth=0|prior_H=0.5|value_law=binary|eps_V=0]|inst[reserve_auction:uniform_incumbent[0,r];sale_to_highest_admissible_at_max(p,min(R,v));bid_equal_reserve_is_admissible=yes]|info[public_price_feedback;investor_observes=fundamental_state;buyer_observes=price_only]|tie[entry_at_indifference=yes;bid_equal_reserve_is_admissible=yes;upper_plateau_enters_at_tau=M;lower_plateau_enters_at_B(m)=c_L]|qH=(1.000000:1.000000)|qL=(-1.000000:1.000000)|price[benchmark_inversion]|atoms[none]|prep[cost_threshold_at_price_information:zero_entry_pool/c_L=stay_out;zero_entry_pool/c_H=stay_out;positive_entry_price/c_L=prepare;positive_entry_price/c_H=prepare]",h=10|ell=1|p=0.5|rho=0.25|c_L=1|c_H=6|b=2|k=0.02|r=3.592658518794662|noise=Laplace|cost=atoms|cost_halfwidth=0|prior_H=0.5|value_law=binary|eps_V=0,"mixed: mesh 0.05, start S3_mass_near_0_v0.1",c2:r=3.592658518794662:full_orders#2,2,rejected,4.794775687599895e-17,1e-11,4.163336342344337e-17,1e-12,Gauss-Legendre order 48 -> 64 and order intervals 400 -> 800; refined estimate checked against target/10,0.0,exterior tails integrated analytically against the constant Laplace residual; truncation bound 0,0.0025,0.0017790661810520097,false,"finite grid over [-1, 1] at spacing 0.0025; Lipschitz bound 1.779e-03 on unscanned gains (not enclosed within the deviation acceptance: numerical diagnostic)",1.1102230246251565e-16,6.661338147750939e-16,6.637764891259668e-05,1.0,0.0,-1.0,0.0,entry_independent_error=6.638e-05
3.592658518794662,full_orders,1.0,-1.0,1.0,0.6249336223510876,0.3879303714669028,0.5064319969089952,0.3124668111755438,0.9583225842585119,0.7310585786300048,1.0000000009999779,-0.09693774540346731,-0.9155019632277385,0.011449403460611112,rejected,not established,false,true,1.1102230246251565e-16,0.0,0.0,0.0,entry_independent_error=6.638e-05,c2:r=3.592658518794662:full_orders#7,"ps[h=10|ell=1|p=0.5|rho=0.25|c_L=1|c_H=6|b=2|k=0.02|r=3.592658518794662|noise=Laplace|cost=atoms|cost_halfwidth=0|prior_H=0.5|value_law=binary|eps_V=0]|inst[reserve_auction:uniform_incumbent[0,r];sale_to_highest_admissible_at_max(p,min(R,v));bid_equal_reserve_is_admissible=yes]|info[public_price_feedback;investor_observes=fundamental_state;buyer_observes=price_only]|tie[entry_at_indifference=yes;bid_equal_reserve_is_admissible=yes;upper_plateau_enters_at_tau=M;lower_plateau_enters_at_B(m)=c_L]|qH=(1.000000:1.000000)|qL=(-1.000000:1.000000)|price[benchmark_inversion]|atoms[none]|prep[cost_threshold_at_price_information:zero_entry_pool/c_L=stay_out;zero_entry_pool/c_H=stay_out;positive_entry_price/c_L=prepare;positive_entry_price/c_H=prepare]",h=10|ell=1|p=0.5|rho=0.25|c_L=1|c_H=6|b=2|k=0.02|r=3.592658518794662|noise=Laplace|cost=atoms|cost_halfwidth=0|prior_H=0.5|value_law=binary|eps_V=0,"mixed: mesh 0.025, start S1_uniform_v0.5",c2:r=3.592658518794662:full_orders#2,2,rejected,4.794775687599895e-17,1e-11,4.163336342344337e-17,1e-12,Gauss-Legendre order 48 -> 64 and order intervals 400 -> 800; refined estimate checked against target/10,0.0,exterior tails integrated analytically against the constant Laplace residual; truncation bound 0,0.0025,0.0017790661810520097,false,"finite grid over [-1, 1] at spacing 0.0025; Lipschitz bound 1.779e-03 on unscanned gains (not enclosed within the deviation acceptance: numerical diagnostic)",1.1102230246251565e-16,6.661338147750939e-16,6.637764891259668e-05,1.0,0.0,-1.0,0.0,entry_independent_error=6.638e-05
3.592658518794662,full_orders,1.0,-1.0,1.0,0.6249336223510876,0.3879303714669028,0.5064319969089952,0.3124668111755438,0.9583225842585119,0.7310585786300048,1.0000000009999779,-0.09693774540346731,-0.9155019632277385,0.011449403460611112,rejected,not established,false,true,1.1102230246251565e-16,0.0,0.0,0.0,entry_independent_error=6.638e-05,c2:r=3.592658518794662:full_orders#8,"ps[h=10|ell=1|p=0.5|rho=0.25|c_L=1|c_H=6|b=2|k=0.02|r=3.592658518794662|noise=Laplace|cost=atoms|cost_halfwidth=0|prior_H=0.5|value_law=binary|eps_V=0]|inst[reserve_auction:uniform_incumbent[0,r];sale_to_highest_admissible_at_max(p,min(R,v));bid_equal_reserve_is_admissible=yes]|info[public_price_feedback;investor_observes=fundamental_state;buyer_observes=price_only]|tie[entry_at_indifference=yes;bid_equal_reserve_is_admissible=yes;upper_plateau_enters_at_tau=M;lower_plateau_enters_at_B(m)=c_L]|qH=(1.000000:1.000000)|qL=(-1.000000:1.000000)|price[benchmark_inversion]|atoms[none]|prep[cost_threshold_at_price_information:zero_entry_pool/c_L=stay_out;zero_entry_pool/c_H=stay_out;positive_entry_price/c_L=prepare;positive_entry_price/c_H=prepare]",h=10|ell=1|p=0.5|rho=0.25|c_L=1|c_H=6|b=2|k=0.02|r=3.592658518794662|noise=Laplace|cost=atoms|cost_halfwidth=0|prior_H=0.5|value_law=binary|eps_V=0,"mixed: mesh 0.025, start S2_mass_near_1_v0.9",c2:r=3.592658518794662:full_orders#2,2,rejected,4.794775687599895e-17,1e-11,4.163336342344337e-17,1e-12,Gauss-Legendre order 48 -> 64 and order intervals 400 -> 800; refined estimate checked against target/10,0.0,exterior tails integrated analytically against the constant Laplace residual; truncation bound 0,0.0025,0.0017790661810520097,false,"finite grid over [-1, 1] at spacing 0.0025; Lipschitz bound 1.779e-03 on unscanned gains (not enclosed within the deviation acceptance: numerical diagnostic)",1.1102230246251565e-16,6.661338147750939e-16,6.637764891259668e-05,1.0,0.0,-1.0,0.0,entry_independent_error=6.638e-05
3.592658518794662,full_orders,1.0,-1.0,1.0,0.6249336223510876,0.3879303714669028,0.5064319969089952,0.3124668111755438,0.9583225842585119,0.7310585786300048,1.0000000009999779,-0.09693774540346731,-0.9155019632277385,0.011449403460611112,rejected,not established,false,true,1.1102230246251565e-16,0.0,0.0,0.0,entry_independent_error=6.638e-05,c2:r=3.592658518794662:full_orders#9,"ps[h=10|ell=1|p=0.5|rho=0.25|c_L=1|c_H=6|b=2|k=0.02|r=3.592658518794662|noise=Laplace|cost=atoms|cost_halfwidth=0|prior_H=0.5|value_law=binary|eps_V=0]|inst[reserve_auction:uniform_incumbent[0,r];sale_to_highest_admissible_at_max(p,min(R,v));bid_equal_reserve_is_admissible=yes]|info[public_price_feedback;investor_observes=fundamental_state;buyer_observes=price_only]|tie[entry_at_indifference=yes;bid_equal_reserve_is_admissible=yes;upper_plateau_enters_at_tau=M;lower_plateau_enters_at_B(m)=c_L]|qH=(1.000000:1.000000)|qL=(-1.000000:1.000000)|price[benchmark_inversion]|atoms[none]|prep[cost_threshold_at_price_information:zero_entry_pool/c_L=stay_out;zero_entry_pool/c_H=stay_out;positive_entry_price/c_L=prepare;positive_entry_price/c_H=prepare]",h=10|ell=1|p=0.5|rho=0.25|c_L=1|c_H=6|b=2|k=0.02|r=3.592658518794662|noise=Laplace|cost=atoms|cost_halfwidth=0|prior_H=0.5|value_law=binary|eps_V=0,"mixed: mesh 0.025, start S3_mass_near_0_v0.1",c2:r=3.592658518794662:full_orders#2,2,rejected,4.794775687599895e-17,1e-11,4.163336342344337e-17,1e-12,Gauss-Legendre order 48 -> 64 and order intervals 400 -> 800; refined estimate checked against target/10,0.0,exterior tails integrated analytically against the constant Laplace residual; truncation bound 0,0.0025,0.0017790661810520097,false,"finite grid over [-1, 1] at spacing 0.0025; Lipschitz bound 1.779e-03 on unscanned gains (not enclosed within the deviation acceptance: numerical diagnostic)",1.1102230246251565e-16,6.661338147750939e-16,6.637764891259668e-05,1.0,0.0,-1.0,0.0,entry_independent_error=6.638e-05
3.592658518794662,pooling,0.0,0.0,-0.0,0.25000000000000006,0.25000000000000006,0.25000000000000006,0.12500000000000003,0.6636530994988632,0.7310585786300048,inf,-0.09693774540346731,-0.9155019632277385,0.011449403460611112,rejected,not established,false,true,0.0,0.0,0.09693774540346731,0.0,epsilon_q=9.694e-02,c2:r=3.592658518794662:pooling#1,"ps[h=10|ell=1|p=0.5|rho=0.25|c_L=1|c_H=6|b=2|k=0.02|r=3.592658518794662|noise=Laplace|cost=atoms|cost_halfwidth=0|prior_H=0.5|value_law=binary|eps_V=0]|inst[reserve_auction:uniform_incumbent[0,r];sale_to_highest_admissible_at_max(p,min(R,v));bid_equal_reserve_is_admissible=yes]|info[public_price_feedback;investor_observes=fundamental_state;buyer_observes=price_only]|tie[entry_at_indifference=yes;bid_equal_reserve_is_admissible=yes;upper_plateau_enters_at_tau=M;lower_plateau_enters_at_B(m)=c_L]|qH=(0.000000:1.000000)|qL=(0.000000:1.000000)|price[constant_price]|atoms[none]|prep[cost_threshold_at_price_information:zero_entry_pool/c_L=stay_out;zero_entry_pool/c_H=stay_out;positive_entry_price/c_L=prepare;positive_entry_price/c_H=stay_out]",h=10|ell=1|p=0.5|rho=0.25|c_L=1|c_H=6|b=2|k=0.02|r=3.592658518794662|noise=Laplace|cost=atoms|cost_halfwidth=0|prior_H=0.5|value_law=binary|eps_V=0,"pooling: declared profile (0,0)",,2,rejected,6.522560269672794e-18,1e-11,6.904199434387692e-18,1e-12,Gauss-Legendre order 48 -> 64 and order intervals 400 -> 800; refined estimate checked against target/10,0.0,exterior tails integrated analytically against the constant Laplace residual; truncation bound 0,0.0025,0.0017790661810520097,false,"finite grid over [-1, 1] at spacing 0.0025; Lipschitz bound 1.779e-03 on unscanned gains (not enclosed within the deviation acceptance: numerical diagnostic)",6.938893903907228e-17,0.0,5.551115123125783e-17,1.0,0.09693774540346731,-1.0,0.09693774540346731,
3.6,asymmetric,0.9999999046325684,-0.9999999046325684,0.9999999046325684,0.25000000000000006,0.25000000000000006,0.25000000000000006,0.12500000000000003,0.6642361111111112,0.731392143349414,inf,-0.09736111111111112,-0.918888888888889,0.011563264035784154,numerical diagnostic,not established,true,false,1.1102230246251565e-16,0.0,5.743412245795554e-09,0.0,,c2:r=3.6:asymmetric#3,"ps[h=10|ell=1|p=0.5|rho=0.25|c_L=1|c_H=6|b=2|k=0.02|r=3.6|noise=Laplace|cost=atoms|cost_halfwidth=0|prior_H=0.5|value_law=binary|eps_V=0]|inst[reserve_auction:uniform_incumbent[0,r];sale_to_highest_admissible_at_max(p,min(R,v));bid_equal_reserve_is_admissible=yes]|info[public_price_feedback;investor_observes=fundamental_state;buyer_observes=price_only]|tie[entry_at_indifference=yes;bid_equal_reserve_is_admissible=yes;upper_plateau_enters_at_tau=M;lower_plateau_enters_at_B(m)=c_L]|qH=(1.000000:1.000000)|qL=(-1.000000:1.000000)|price[benchmark_inversion]|atoms[none]|prep[cost_threshold_at_price_information:zero_entry_pool/c_L=stay_out;zero_entry_pool/c_H=stay_out;positive_entry_price/c_L=prepare;positive_entry_price/c_H=stay_out]",h=10|ell=1|p=0.5|rho=0.25|c_L=1|c_H=6|b=2|k=0.02|r=3.6|noise=Laplace|cost=atoms|cost_halfwidth=0|prior_H=0.5|value_law=binary|eps_V=0,"pure: damped best-response fixed point from init (u,v)=(0.2,0.2)",c2:r=3.6:full_orders#2,1,numerical diagnostic,4.794775621425446e-17,1e-11,3.240463386950227e-17,1e-12,Gauss-Legendre order 48 -> 64 and order intervals 400 -> 800; refined estimate checked against target/10,0.0,exterior tails integrated analytically against the constant Laplace residual; truncation bound 0,0.0025,0.001785416666666667,false,"finite grid over [-1, 1] at spacing 0.0025; Lipschitz bound 1.785e-03 on unscanned gains (not enclosed within the deviation acceptance: numerical diagnostic)",9.71445146547012e-17,6.106226635438361e-16,5.551115123125783e-17,1.0,5.743412218039978e-09,-1.0,5.743412218039978e-09,
3.6,full_orders,1.0,-1.0,1.0,0.25000000000000006,0.25000000000000006,0.25000000000000006,0.12500000000000003,0.6642361111111112,0.731392143349414,inf,-0.09736111111111112,-0.918888888888889,0.011563264035784154,analytical (uniform derivative bound),analytical ((1-1/b) rho m Delta_T > k),true,false,1.1102230246251565e-16,0.0,0.0,0.0,,c2:r=3.6:full_orders#2,"ps[h=10|ell=1|p=0.5|rho=0.25|c_L=1|c_H=6|b=2|k=0.02|r=3.6|noise=Laplace|cost=atoms|cost_halfwidth=0|prior_H=0.5|value_law=binary|eps_V=0]|inst[reserve_auction:uniform_incumbent[0,r];sale_to_highest_admissible_at_max(p,min(R,v));bid_equal_reserve_is_admissible=yes]|info[public_price_feedback;investor_observes=fundamental_state;buyer_observes=price_only]|tie[entry_at_indifference=yes;bid_equal_reserve_is_admissible=yes;upper_plateau_enters_at_tau=M;lower_plateau_enters_at_B(m)=c_L]|qH=(1.000000:1.000000)|qL=(-1.000000:1.000000)|price[benchmark_inversion]|atoms[none]|prep[cost_threshold_at_price_information:zero_entry_pool/c_L=stay_out;zero_entry_pool/c_H=stay_out;positive_entry_price/c_L=prepare;positive_entry_price/c_H=stay_out]",h=10|ell=1|p=0.5|rho=0.25|c_L=1|c_H=6|b=2|k=0.02|r=3.6|noise=Laplace|cost=atoms|cost_halfwidth=0|prior_H=0.5|value_law=binary|eps_V=0,"full_orders: declared profile (1,-1)",,1,analytical,5.488665077990618e-17,1e-11,3.459038611097753e-17,1e-12,Gauss-Legendre order 48 -> 64 and order intervals 400 -> 800; refined estimate checked against target/10,0.0,exterior tails integrated analytically against the constant Laplace residual; truncation bound 0,0.0025,0.001785416666666667,true,analytical cover closes between-grid deviations,9.71445146547012e-17,6.661338147750939e-16,5.551115123125783e-17,1.0,0.0,-1.0,0.0,
3.6,full_orders,1.0,-1.0,1.0,0.25000000000000006,0.25000000000000006,0.25000000000000006,0.12500000000000003,0.6642361111111112,0.731392143349414,inf,-0.09736111111111112,-0.918888888888889,0.011563264035784154,numerical diagnostic,not established,true,false,1.1102230246251565e-16,0.0,0.0,0.0,,c2:r=3.6:full_orders#4,"ps[h=10|ell=1|p=0.5|rho=0.25|c_L=1|c_H=6|b=2|k=0.02|r=3.6|noise=Laplace|cost=atoms|cost_halfwidth=0|prior_H=0.5|value_law=binary|eps_V=0]|inst[reserve_auction:uniform_incumbent[0,r];sale_to_highest_admissible_at_max(p,min(R,v));bid_equal_reserve_is_admissible=yes]|info[public_price_feedback;investor_observes=fundamental_state;buyer_observes=price_only]|tie[entry_at_indifference=yes;bid_equal_reserve_is_admissible=yes;upper_plateau_enters_at_tau=M;lower_plateau_enters_at_B(m)=c_L]|qH=(1.000000:1.000000)|qL=(-1.000000:1.000000)|price[benchmark_inversion]|atoms[none]|prep[cost_threshold_at_price_information:zero_entry_pool/c_L=stay_out;zero_entry_pool/c_H=stay_out;positive_entry_price/c_L=prepare;positive_entry_price/c_H=stay_out]",h=10|ell=1|p=0.5|rho=0.25|c_L=1|c_H=6|b=2|k=0.02|r=3.6|noise=Laplace|cost=atoms|cost_halfwidth=0|prior_H=0.5|value_law=binary|eps_V=0,"mixed: mesh 0.05, start S1_uniform_v0.5",c2:r=3.6:full_orders#2,1,numerical diagnostic,5.488665077990618e-17,1e-11,3.459038611097753e-17,1e-12,Gauss-Legendre order 48 -> 64 and order intervals 400 -> 800; refined estimate checked against target/10,0.0,exterior tails integrated analytically against the constant Laplace residual; truncation bound 0,0.0025,0.001785416666666667,false,"finite grid over [-1, 1] at spacing 0.0025; Lipschitz bound 1.785e-03 on unscanned gains (not enclosed within the deviation acceptance: numerical diagnostic)",9.71445146547012e-17,6.661338147750939e-16,5.551115123125783e-17,1.0,0.0,-1.0,0.0,
3.6,full_orders,1.0,-1.0,1.0,0.25000000000000006,0.25000000000000006,0.25000000000000006,0.12500000000000003,0.6642361111111112,0.731392143349414,inf,-0.09736111111111112,-0.918888888888889,0.011563264035784154,numerical diagnostic,not established,true,false,1.1102230246251565e-16,0.0,0.0,0.0,,c2:r=3.6:full_orders#5,"ps[h=10|ell=1|p=0.5|rho=0.25|c_L=1|c_H=6|b=2|k=0.02|r=3.6|noise=Laplace|cost=atoms|cost_halfwidth=0|prior_H=0.5|value_law=binary|eps_V=0]|inst[reserve_auction:uniform_incumbent[0,r];sale_to_highest_admissible_at_max(p,min(R,v));bid_equal_reserve_is_admissible=yes]|info[public_price_feedback;investor_observes=fundamental_state;buyer_observes=price_only]|tie[entry_at_indifference=yes;bid_equal_reserve_is_admissible=yes;upper_plateau_enters_at_tau=M;lower_plateau_enters_at_B(m)=c_L]|qH=(1.000000:1.000000)|qL=(-1.000000:1.000000)|price[benchmark_inversion]|atoms[none]|prep[cost_threshold_at_price_information:zero_entry_pool/c_L=stay_out;zero_entry_pool/c_H=stay_out;positive_entry_price/c_L=prepare;positive_entry_price/c_H=stay_out]",h=10|ell=1|p=0.5|rho=0.25|c_L=1|c_H=6|b=2|k=0.02|r=3.6|noise=Laplace|cost=atoms|cost_halfwidth=0|prior_H=0.5|value_law=binary|eps_V=0,"mixed: mesh 0.05, start S2_mass_near_1_v0.9",c2:r=3.6:full_orders#2,1,numerical diagnostic,5.488665077990618e-17,1e-11,3.459038611097753e-17,1e-12,Gauss-Legendre order 48 -> 64 and order intervals 400 -> 800; refined estimate checked against target/10,0.0,exterior tails integrated analytically against the constant Laplace residual; truncation bound 0,0.0025,0.001785416666666667,false,"finite grid over [-1, 1] at spacing 0.0025; Lipschitz bound 1.785e-03 on unscanned gains (not enclosed within the deviation acceptance: numerical diagnostic)",9.71445146547012e-17,6.661338147750939e-16,5.551115123125783e-17,1.0,0.0,-1.0,0.0,
3.6,full_orders,1.0,-1.0,1.0,0.25000000000000006,0.25000000000000006,0.25000000000000006,0.12500000000000003,0.6642361111111112,0.731392143349414,inf,-0.09736111111111112,-0.918888888888889,0.011563264035784154,numerical diagnostic,not established,true,false,1.1102230246251565e-16,0.0,0.0,0.0,,c2:r=3.6:full_orders#6,"ps[h=10|ell=1|p=0.5|rho=0.25|c_L=1|c_H=6|b=2|k=0.02|r=3.6|noise=Laplace|cost=atoms|cost_halfwidth=0|prior_H=0.5|value_law=binary|eps_V=0]|inst[reserve_auction:uniform_incumbent[0,r];sale_to_highest_admissible_at_max(p,min(R,v));bid_equal_reserve_is_admissible=yes]|info[public_price_feedback;investor_observes=fundamental_state;buyer_observes=price_only]|tie[entry_at_indifference=yes;bid_equal_reserve_is_admissible=yes;upper_plateau_enters_at_tau=M;lower_plateau_enters_at_B(m)=c_L]|qH=(1.000000:1.000000)|qL=(-1.000000:1.000000)|price[benchmark_inversion]|atoms[none]|prep[cost_threshold_at_price_information:zero_entry_pool/c_L=stay_out;zero_entry_pool/c_H=stay_out;positive_entry_price/c_L=prepare;positive_entry_price/c_H=stay_out]",h=10|ell=1|p=0.5|rho=0.25|c_L=1|c_H=6|b=2|k=0.02|r=3.6|noise=Laplace|cost=atoms|cost_halfwidth=0|prior_H=0.5|value_law=binary|eps_V=0,"mixed: mesh 0.05, start S3_mass_near_0_v0.1",c2:r=3.6:full_orders#2,1,numerical diagnostic,5.488665077990618e-17,1e-11,3.459038611097753e-17,1e-12,Gauss-Legendre order 48 -> 64 and order intervals 400 -> 800; refined estimate checked against target/10,0.0,exterior tails integrated analytically against the constant Laplace residual; truncation bound 0,0.0025,0.001785416666666667,false,"finite grid over [-1, 1] at spacing 0.0025; Lipschitz bound 1.785e-03 on unscanned gains (not enclosed within the deviation acceptance: numerical diagnostic)",9.71445146547012e-17,6.661338147750939e-16,5.551115123125783e-17,1.0,0.0,-1.0,0.0,
3.6,full_orders,1.0,-1.0,1.0,0.25000000000000006,0.25000000000000006,0.25000000000000006,0.12500000000000003,0.6642361111111112,0.731392143349414,inf,-0.09736111111111112,-0.918888888888889,0.011563264035784154,numerical diagnostic,not established,true,false,1.1102230246251565e-16,0.0,0.0,0.0,,c2:r=3.6:full_orders#7,"ps[h=10|ell=1|p=0.5|rho=0.25|c_L=1|c_H=6|b=2|k=0.02|r=3.6|noise=Laplace|cost=atoms|cost_halfwidth=0|prior_H=0.5|value_law=binary|eps_V=0]|inst[reserve_auction:uniform_incumbent[0,r];sale_to_highest_admissible_at_max(p,min(R,v));bid_equal_reserve_is_admissible=yes]|info[public_price_feedback;investor_observes=fundamental_state;buyer_observes=price_only]|tie[entry_at_indifference=yes;bid_equal_reserve_is_admissible=yes;upper_plateau_enters_at_tau=M;lower_plateau_enters_at_B(m)=c_L]|qH=(1.000000:1.000000)|qL=(-1.000000:1.000000)|price[benchmark_inversion]|atoms[none]|prep[cost_threshold_at_price_information:zero_entry_pool/c_L=stay_out;zero_entry_pool/c_H=stay_out;positive_entry_price/c_L=prepare;positive_entry_price/c_H=stay_out]",h=10|ell=1|p=0.5|rho=0.25|c_L=1|c_H=6|b=2|k=0.02|r=3.6|noise=Laplace|cost=atoms|cost_halfwidth=0|prior_H=0.5|value_law=binary|eps_V=0,"mixed: mesh 0.025, start S1_uniform_v0.5",c2:r=3.6:full_orders#2,1,numerical diagnostic,5.488665077990618e-17,1e-11,3.459038611097753e-17,1e-12,Gauss-Legendre order 48 -> 64 and order intervals 400 -> 800; refined estimate checked against target/10,0.0,exterior tails integrated analytically against the constant Laplace residual; truncation bound 0,0.0025,0.001785416666666667,false,"finite grid over [-1, 1] at spacing 0.0025; Lipschitz bound 1.785e-03 on unscanned gains (not enclosed within the deviation acceptance: numerical diagnostic)",9.71445146547012e-17,6.661338147750939e-16,5.551115123125783e-17,1.0,0.0,-1.0,0.0,
3.6,full_orders,1.0,-1.0,1.0,0.25000000000000006,0.25000000000000006,0.25000000000000006,0.12500000000000003,0.6642361111111112,0.731392143349414,inf,-0.09736111111111112,-0.918888888888889,0.011563264035784154,numerical diagnostic,not established,true,false,1.1102230246251565e-16,0.0,0.0,0.0,,c2:r=3.6:full_orders#8,"ps[h=10|ell=1|p=0.5|rho=0.25|c_L=1|c_H=6|b=2|k=0.02|r=3.6|noise=Laplace|cost=atoms|cost_halfwidth=0|prior_H=0.5|value_law=binary|eps_V=0]|inst[reserve_auction:uniform_incumbent[0,r];sale_to_highest_admissible_at_max(p,min(R,v));bid_equal_reserve_is_admissible=yes]|info[public_price_feedback;investor_observes=fundamental_state;buyer_observes=price_only]|tie[entry_at_indifference=yes;bid_equal_reserve_is_admissible=yes;upper_plateau_enters_at_tau=M;lower_plateau_enters_at_B(m)=c_L]|qH=(1.000000:1.000000)|qL=(-1.000000:1.000000)|price[benchmark_inversion]|atoms[none]|prep[cost_threshold_at_price_information:zero_entry_pool/c_L=stay_out;zero_entry_pool/c_H=stay_out;positive_entry_price/c_L=prepare;positive_entry_price/c_H=stay_out]",h=10|ell=1|p=0.5|rho=0.25|c_L=1|c_H=6|b=2|k=0.02|r=3.6|noise=Laplace|cost=atoms|cost_halfwidth=0|prior_H=0.5|value_law=binary|eps_V=0,"mixed: mesh 0.025, start S2_mass_near_1_v0.9",c2:r=3.6:full_orders#2,1,numerical diagnostic,5.488665077990618e-17,1e-11,3.459038611097753e-17,1e-12,Gauss-Legendre order 48 -> 64 and order intervals 400 -> 800; refined estimate checked against target/10,0.0,exterior tails integrated analytically against the constant Laplace residual; truncation bound 0,0.0025,0.001785416666666667,false,"finite grid over [-1, 1] at spacing 0.0025; Lipschitz bound 1.785e-03 on unscanned gains (not enclosed within the deviation acceptance: numerical diagnostic)",9.71445146547012e-17,6.661338147750939e-16,5.551115123125783e-17,1.0,0.0,-1.0,0.0,
3.6,full_orders,1.0,-1.0,1.0,0.25000000000000006,0.25000000000000006,0.25000000000000006,0.12500000000000003,0.6642361111111112,0.731392143349414,inf,-0.09736111111111112,-0.918888888888889,0.011563264035784154,numerical diagnostic,not established,true,false,1.1102230246251565e-16,0.0,0.0,0.0,,c2:r=3.6:full_orders#9,"ps[h=10|ell=1|p=0.5|rho=0.25|c_L=1|c_H=6|b=2|k=0.02|r=3.6|noise=Laplace|cost=atoms|cost_halfwidth=0|prior_H=0.5|value_law=binary|eps_V=0]|inst[reserve_auction:uniform_incumbent[0,r];sale_to_highest_admissible_at_max(p,min(R,v));bid_equal_reserve_is_admissible=yes]|info[public_price_feedback;investor_observes=fundamental_state;buyer_observes=price_only]|tie[entry_at_indifference=yes;bid_equal_reserve_is_admissible=yes;upper_plateau_enters_at_tau=M;lower_plateau_enters_at_B(m)=c_L]|qH=(1.000000:1.000000)|qL=(-1.000000:1.000000)|price[benchmark_inversion]|atoms[none]|prep[cost_threshold_at_price_information:zero_entry_pool/c_L=stay_out;zero_entry_pool/c_H=stay_out;positive_entry_price/c_L=prepare;positive_entry_price/c_H=stay_out]",h=10|ell=1|p=0.5|rho=0.25|c_L=1|c_H=6|b=2|k=0.02|r=3.6|noise=Laplace|cost=atoms|cost_halfwidth=0|prior_H=0.5|value_law=binary|eps_V=0,"mixed: mesh 0.025, start S3_mass_near_0_v0.1",c2:r=3.6:full_orders#2,1,numerical diagnostic,5.488665077990618e-17,1e-11,3.459038611097753e-17,1e-12,Gauss-Legendre order 48 -> 64 and order intervals 400 -> 800; refined estimate checked against target/10,0.0,exterior tails integrated analytically against the constant Laplace residual; truncation bound 0,0.0025,0.001785416666666667,false,"finite grid over [-1, 1] at spacing 0.0025; Lipschitz bound 1.785e-03 on unscanned gains (not enclosed within the deviation acceptance: numerical diagnostic)",9.71445146547012e-17,6.661338147750939e-16,5.551115123125783e-17,1.0,0.0,-1.0,0.0,
3.6,pooling,0.0,0.0,-0.0,0.25000000000000006,0.25000000000000006,0.25000000000000006,0.12500000000000003,0.6642361111111112,0.731392143349414,inf,-0.09736111111111112,-0.918888888888889,0.011563264035784154,rejected,not established,false,false,0.0,0.0,0.09736111111111112,0.0,epsilon_q=9.736e-02,c2:r=3.6:pooling#1,"ps[h=10|ell=1|p=0.5|rho=0.25|c_L=1|c_H=6|b=2|k=0.02|r=3.6|noise=Laplace|cost=atoms|cost_halfwidth=0|prior_H=0.5|value_law=binary|eps_V=0]|inst[reserve_auction:uniform_incumbent[0,r];sale_to_highest_admissible_at_max(p,min(R,v));bid_equal_reserve_is_admissible=yes]|info[public_price_feedback;investor_observes=fundamental_state;buyer_observes=price_only]|tie[entry_at_indifference=yes;bid_equal_reserve_is_admissible=yes;upper_plateau_enters_at_tau=M;lower_plateau_enters_at_B(m)=c_L]|qH=(0.000000:1.000000)|qL=(0.000000:1.000000)|price[constant_price]|atoms[none]|prep[cost_threshold_at_price_information:zero_entry_pool/c_L=stay_out;zero_entry_pool/c_H=stay_out;positive_entry_price/c_L=prepare;positive_entry_price/c_H=stay_out]",h=10|ell=1|p=0.5|rho=0.25|c_L=1|c_H=6|b=2|k=0.02|r=3.6|noise=Laplace|cost=atoms|cost_halfwidth=0|prior_H=0.5|value_law=binary|eps_V=0,"pooling: declared profile (0,0)",,1,rejected,6.904199434387693e-18,1e-11,6.886852199627924e-18,1e-12,Gauss-Legendre order 48 -> 64 and order intervals 400 -> 800; refined estimate checked against target/10,0.0,exterior tails integrated analytically against the constant Laplace residual; truncation bound 0,0.0025,0.001785416666666667,false,"finite grid over [-1, 1] at spacing 0.0025; Lipschitz bound 1.785e-03 on unscanned gains (not enclosed within the deviation acceptance: numerical diagnostic)",1.3877787807814457e-17,0.0,5.551115123125783e-17,1.0,0.09736111111111112,-1.0,0.09736111111111112,
