rho,c_L,tau_L,z0,x_bar,pool_cap,pool_cap_H,K_force,E0,infE,eH0,infeH,budget,E_island_end,E_mid_end,E_plateau_frac,simple_lowerE
0.1,2.37,0.2694,-0.9976688504,-0.9010861301,0.3586962277,0.1932655275,0.004273340188,0.3930719223,0.3914391339,0.5596463978,0.5587317518,0.0001569114628,0.8712224465,-0.9010861301,0,0.3911149367
0.1,2.38,0.2706,-0.9915805626,-0.8079367936,0.3741310303,0.2024797136,0.004097043231,0.3929679506,0.3898956537,0.5595902531,0.5573386615,0.000568377743,0.8712224465,-0.8079367936,0,0.3887180755
0.1,2.39,0.2718,-0.985509234,-0.7444632067,0.3844901196,0.209008829,0.003986659024,0.392864413,0.3888190107,0.5595340945,0.5559355291,0.0009810890731,0.8745501296,-0.7759696865,0,0.3868214711
0.1,2.4,0.273,-0.9794546823,-0.6922908572,0.3929172277,0.2145328063,0.003901154994,0.3927613044,0.3877657031,0.5594779209,0.5545223257,0.001395040275,0.8803335999,-0.7704159507,0,0.3851107
0.1,2.41,0.2742,-0.9734167277,-0.6466063283,0.4002363572,0.2194896183,0.003829814502,0.3926586194,0.3867072261,0.5594217318,0.5530990221,0.001810226235,0.8861427052,-0.7648723968,0,0.3835033113
0.1,2.42,0.2754,-0.9673951922,-0.6052771373,0.4068127647,0.2240724708,0.003767902922,0.3925563529,0.3856435776,0.5593655262,0.5516655888,0.002226641898,0.8919773015,-0.759338948,0,0.3819627277
0.1,2.43,0.2766,-0.9613899003,-0.5671351857,0.4128466369,0.2283867595,0.003712833939,0.3924545,0.3845747555,0.5593093035,0.5502219963,0.002644282271,0.897837245,-0.7538155283,0,0.3804688782
0.1,2.44,0.2778,-0.9554006785,-0.531458125,0.4184618404,0.2324973985,0.003663012626,0.3923530557,0.3835007574,0.5592530629,0.5487682145,0.003063142424,0.9037223918,-0.7483020624,0,0.3790093232
0.1,2.45,0.279,-0.9494273555,-0.4977622385,0.4237413713,0.2364476852,0.003617373966,0.392252015,0.3824215808,0.5591968035,0.5473042135,0.003483217482,0.9096325985,-0.7427984758,0,0.3775757094
0.1,2.46,0.2802,-0.9434697617,-0.4657047454,0.4287440798,0.2402681823,0.003575165413,0.3921513732,0.3813372229,0.5591405246,0.5458299629,0.00390450263,0.9155677215,-0.7373046944,0,0.3761620974
0.1,2.47,0.2814,-0.93752773,-0.4350322095,0.4335135043,0.2439814002,0.003535832194,0.3920511254,0.3802476808,0.5590842256,0.5443454321,0.004326993111,0.9215276178,-0.7318206451,0,0.3747640781
0.1,2.48,0.2826,-0.9316010948,-0.4055509569,0.4380829378,0.2476044764,0.00349895162,0.391951267,0.3791529515,0.5590279055,0.5428505903,0.004750684224,0.9275121443,-0.7263462552,0,0.3733782664
0.1,2.49,0.2838,-0.9256896928,-0.3771090107,0.4424785226,0.2511508094,0.00346419301,0.3918517934,0.3780530316,0.5589715637,0.5413454065,0.005175571324,0.9335211583,-0.7208814527,0,0.3720019914
0.1,2.5,0.285,-0.9197933624,-0.3495844951,0.4467212369,0.254631105,0.003431291996,0.3917526999,0.3769479176,0.5589151995,0.5398298493,0.005601649823,0.9395545173,-0.7154261663,0,0.3706330977
0.1,2.51,0.2862,-0.9139119439,-0.3228778835,0.4508282236,0.2580540752,0.003400033371,0.3916539822,0.3758376058,0.5588588119,0.5383038873,0.006028915185,0.9456120791,-0.7099803252,0,0.3692698129
0.1,2.52,0.2874,-0.9080452795,-0.2969066395,0.4548137086,0.2614269197,0.003370239234,0.3915556356,0.3747220924,0.5588024004,0.5367674888,0.006457362928,0.9516937019,-0.7045438594,0,0.3679106554
0.1,2.53,0.2886,-0.9021932132,-0.2716014054,0.4586896547,0.2647556687,0.003341760576,0.3914576559,0.3736013732,0.5587459642,0.5352206215,0.006886988624,0.9577992441,-0.6991166992,0,0.3665543691
0.1,2.54,0.2898,-0.8963555906,-0.2469032245,0.4624662377,0.2680454314,0.003314471155,0.3913600387,0.372475444,0.5586895025,0.5336632534,0.007317787897,0.9639285643,-0.6936987756,0,0.3651998759
0.1,2.55,0.291,-0.8905322594,-0.2227614742,0.4661522011,0.271300581,0.003288262935,0.3912627798,0.3713443002,0.5586330146,0.5320953518,0.007749756422,0.9700815218,-0.6882900202,0,0.36384624
0.1,2.56,0.2922,-0.8847230686,-0.1991322989,0.4697551249,0.274524895,0.003263042644,0.3911658749,0.370207937,0.5585764997,0.530516884,0.008182889926,0.976257976,-0.6828903652,0,0.3624926412
0.1,2.57,0.2934,-0.8789278692,-0.1759774029,0.4732816329,0.2777216622,0.003238729117,0.3910693199,0.3690663497,0.5585199572,0.5289278169,0.008617184186,0.9824577867,-0.6774997432,0,0.3611383539
0.1,2.58,0.2946,-0.8731465138,-0.153263107,0.4767375545,0.2808937671,0.003215251222,0.3909731107,0.3679195328,0.5584633862,0.5273281172,0.009052635026,0.9886808142,-0.6721180873,0,0.3597827315
0.1,2.59,0.2958,-0.8673788564,-0.1309596013,0.4801280533,0.2840437563,0.003192546227,0.3908772432,0.3667674812,0.5584067861,0.5257176102,0.009489238323,0.9949269192,-0.6667453313,0,0.3584251926
0.1,2.6,0.297,-0.861624753,-0.1090403471,0.4834577292,0.2871738912,0.003170558483,0.3907817134,0.3656101332,0.5583501561,0.5240949377,0.00992699,1,-0.6614861044,0.0006031258698,0.3570652117
0.1,2.61,0.2982,-0.8558840608,-0.08748159271,0.4867307026,0.2902861911,0.003149238371,0.3906865174,0.3644454557,0.5582934956,0.5224596941,0.01036588603,1,-0.6566797309,0.003784119453,0.3557023103
0.1,2.62,0.2994,-0.8501566388,-0.0662619774,0.4899506816,0.2933824681,0.003128541428,0.3905916513,0.3632723815,0.5582368037,0.5208117877,0.01080592242,1,-0.65188067,0.006990179813,0.35433605
0.1,2.63,0.3006,-0.8444423473,-0.04536220534,0.4931210182,0.2964643561,0.003108427644,0.3904971113,0.3620908447,0.5581800797,0.5191511254,0.01124709525,1,-0.64708885,0.01022149408,0.3529660275
0.1,2.64,0.3018,-0.8387410483,-0.02476477454,0.4962447553,0.2995333343,0.003088860867,0.3904028935,0.3609007787,0.558123323,0.5174776129,0.01168940062,1,-0.6423041994,0.01347825172,0.3515918691
0.1,2.65,0.303,-0.8330526053,-0.004453749835,0.4993246655,0.3025907473,0.003069808305,0.3903089942,0.3597021161,0.5580665327,0.515791155,0.0121328347,1,-0.6375266477,0.01676064457,0.3502132274
0.1,2.66,0.3042,-0.8273768829,0.01558542828,0.5023632839,0.305637822,0.003051240116,0.3902154097,0.3584947887,0.5580097083,0.5140916549,0.01257739367,1,-0.6327561246,0.02006886686,0.3488297779
0.1,2.67,0.3054,-0.8217137475,0.03536610593,0.5053629364,0.3086756815,0.003033129054,0.3901221363,0.3572787274,0.5579528489,0.5123790148,0.01302307378,1,-0.6279925604,0.02340311527,0.3474412158
0.1,2.68,0.3066,-0.8160630668,0.0549005542,0.5083257628,0.3117053578,0.003015450164,0.3900291705,0.3560538623,0.5578959539,0.5106531356,0.01346987132,1,-0.6232358861,0.02676358892,0.3460472542
0.1,2.69,0.3078,-0.8104247098,0.07420008784,0.5112537383,0.3147278013,0.002998180532,0.3899365086,0.3548201228,0.5578390225,0.508913917,0.01391778263,1,-0.6184860329,0.03015048942,0.3446476216
0.1,2.7,0.309,-0.8047985469,0.09327516761,0.51414869,0.3177438904,0.002981299058,0.3898441472,0.3535774373,0.557782054,0.5071612573,0.01436680408,1,-0.6137429328,0.03356402094,0.3432420603
0.1,2.71,0.3102,-0.7991844498,0.1121354889,0.517012313,0.320754439,0.002964786266,0.3897520827,0.3523257334,0.5577250477,0.5053950535,0.01481693207,1,-0.6090065181,0.03700439019,0.3418303246
0.1,2.72,0.3114,-0.7935822915,0.1307900589,0.5198461835,0.3237602031,0.002948624138,0.3896603118,0.3510649378,0.557668003,0.5036152015,0.01526816308,1,-0.6042767217,0.04047180646,0.3404121801
0.1,2.73,0.3126,-0.7879919464,0.149247264,0.5226517702,0.3267618867,0.002932795969,0.3895688309,0.3497949763,0.557610919,0.5018215956,0.01572049359,1,-0.5995534769,0.04396648169,0.3389874017
0.1,2.74,0.3138,-0.7824132901,0.1675149289,0.5254304445,0.329760147,0.002917286238,0.3894776369,0.3485157738,0.5575537951,0.5000141288,0.01617392015,1,-0.5948367176,0.0474886305,0.3375557733
0.1,2.75,0.315,-0.7768461994,0.1856003685,0.52818349,0.3327555987,0.002902080497,0.3893867262,0.3472272545,0.5574966305,0.498192693,0.01662843933,1,-0.5901263779,0.05103847017,0.3361170862
0.1,2.76,0.3162,-0.7712905524,0.2035104342,0.5309121098,0.3357488182,0.00288716527,0.3892960958,0.3459293413,0.5574394246,0.4963571784,0.01708404776,1,-0.5854223928,0.05461622075,0.3346711389
0.1,2.77,0.3174,-0.7657462284,0.2212515547,0.5336174338,0.338740347,0.002872527972,0.3892057422,0.3446219565,0.5573821767,0.494507474,0.01754074209,1,-0.5807246974,0.05822210506,0.333217736
0.1,2.78,0.3186,-0.7602131078,0.2388297717,0.5363005252,0.3417306946,0.002858156822,0.3891156624,0.3433050212,0.557324886,0.4926434672,0.01799851901,1,-0.5760332273,0.06185634873,0.3317566879
0.1,2.79,0.3198,-0.7546910722,0.2562507732,0.5389623856,0.3447203419,0.002844040782,0.3890258532,0.3419784558,0.5572675518,0.4907650441,0.01845737527,1,-0.5713479187,0.06551918025,0.3302878096
0.1,2.8,0.321,-0.7491800044,0.2735199214,0.5416039606,0.3477097427,0.00283016949,0.3889363114,0.3406421794,0.5572101735,0.4888720893,0.01891730763,1,-0.5666687081,0.06921083098,0.3288109209
0.1,2.81,0.3222,-0.7436797884,0.2906422794,0.5442261437,0.350699327,0.002816533205,0.3888470339,0.3392961104,0.5571527503,0.4869644859,0.0193783129,1,-0.5619955324,0.07293153523,0.3273258456
0.1,2.82,0.3234,-0.7381903092,0.3076226345,0.5468297807,0.3536895022,0.002803122761,0.3887580178,0.3379401661,0.5570952815,0.4850421156,0.01984038793,1,-0.5573283292,0.0766815303,0.3258324109
0.1,2.83,0.3246,-0.7327114529,0.3244655189,0.5494156732,0.3566806551,0.002789929519,0.3886692599,0.3365742627,0.5570377664,0.4831048584,0.0203035296,1,-0.5526670362,0.08046105646,0.3243304474
0.1,2.84,0.3258,-0.7272431066,0.3411752287,0.5519845822,0.3596731537,0.002776945325,0.3885807572,0.3351983155,0.5569802044,0.481152593,0.02076773483,1,-0.5480115916,0.08427035709,0.3228197886
0.1,2.85,0.327,-0.7217851587,0.3577558418,0.5545372304,0.3626673487,0.002764162478,0.3884925069,0.3338122386,0.5569225946,0.4791851962,0.02123300058,1,-0.5433619341,0.08810967863,0.3213002704
0.1,2.86,0.3282,-0.7163374985,0.3742112326,0.5570743057,0.3656635743,0.002751573693,0.388404506,0.3324159452,0.5568649365,0.4772025436,0.02169932383,1,-0.5387180027,0.09197927069,0.319771731
0.1,2.87,0.3294,-0.7109000163,0.390545087,0.5595964632,0.36866215,0.002739172074,0.3883167516,0.3310093473,0.5568072292,0.4752045089,0.02216670161,1,-0.534079737,0.09587938605,0.3182340107
0.1,2.88,0.3306,-0.7054726034,0.406760915,0.5621043276,0.3716633814,0.002726951083,0.3882292408,0.3295923559,0.5567494721,0.4731909643,0.02263513098,1,-0.5294470766,0.09981028074,0.3166869514
0.1,2.89,0.3318,-0.7000551522,0.4228620624,0.564598495,0.3746675613,0.002714904518,0.3881419709,0.3281648808,0.5566916646,0.4711617803,0.02310460903,1,-0.5248199619,0.1037722141,0.3151303967
0.1,2.9,0.333,-0.6946475559,0.4388517221,0.5670795354,0.3776749706,0.002703026488,0.3880549389,0.3267268307,0.5566338058,0.4691168257,0.02357513289,1,-0.5201983334,0.1077654487,0.3135641914
0.1,2.91,0.3342,-0.689249709,0.4547329435,0.5695479935,0.3806858789,0.002691311395,0.3879681423,0.3252781132,0.5565758951,0.4670559678,0.02404669971,1,-0.5155821322,0.1117902506,0.3119881814
0.1,2.92,0.3354,-0.6838615065,0.470508642,0.5720043913,0.3837005457,0.002679753911,0.3878815781,0.3238186346,0.5565179318,0.4649790719,0.0245193067,1,-0.5109712995,0.1158468893,0.3104022136
0.1,2.93,0.3366,-0.6784828448,0.486181607,0.5744492287,0.3867192208,0.002668348965,0.3877952438,0.3223483003,0.5564599152,0.4628860017,0.02499295108,1,-0.5063657771,0.1199356377,0.3088061358
0.1,2.94,0.3378,-0.6731136207,0.5017545101,0.5768829853,0.3897421449,0.002657091722,0.3877091366,0.3208670142,0.5564018445,0.4607766191,0.0254676301,1,-0.5017655071,0.1240567721,0.3071997962
0.1,2.95,0.339,-0.6677537325,0.5172299117,0.5793061216,0.3927695505,0.002645977572,0.3876232539,0.3193746791,0.5563437191,0.4586507841,0.02594334107,1,-0.4971704319,0.1282105728,0.3055830436
0.1,2.96,0.3402,-0.6624030788,0.5326102679,0.58171908,0.395801662,0.002635002113,0.387537593,0.3178711967,0.5562855383,0.4565083551,0.02642008128,1,-0.4925804942,0.1323973233,0.3039557271
0.1,2.97,0.3414,-0.6570615596,0.5478979364,0.584122286,0.3988386968,0.002624161142,0.3874521514,0.3163564672,0.5562273014,0.4543491885,0.02689784812,1,-0.4879956371,0.136617311,0.3023176961
0.1,2.98,0.3426,-0.6517290753,0.5630951821,0.5865161489,0.4018808652,0.00261345064,0.3873669265,0.3148303898,0.5561690076,0.4521731387,0.02737663895,1,-0.4834158043,0.140870827,0.3006688001
0.1,2.99,0.3438,-0.6464055276,0.5782041827,0.5889010631,0.404928371,0.002602866765,0.3872819157,0.3132928621,0.5561106562,0.4499800584,0.02785645119,1,-0.4788409393,0.1451581662,0.2990088883
0.1,3,0.345,-0.6410908186,0.5932270329,0.5912774089,0.4079814121,0.002592405835,0.3871971166,0.3117437807,0.5560522466,0.4477697983,0.02833728228,1,-0.4742709864,0.1494796274,0.2973378101
0.1,3.01,0.3462,-0.6357848515,0.6081657494,0.5936455528,0.4110401808,0.002582064327,0.3871125266,0.3101830407,0.5559937781,0.4455422071,0.02881912971,1,-0.46970589,0.1538355132,0.2956554145
0.1,3.02,0.3474,-0.6304875304,0.6230222749,0.5960058488,0.4141048638,0.002571838863,0.3870281433,0.3086105358,0.5559352498,0.4432971314,0.02930199098,1,-0.4651455949,0.1582261304,0.2939615502
0.1,3.03,0.3486,-0.6251987598,0.637798482,0.5983586389,0.417175643,0.002561726204,0.3869439642,0.3070261586,0.5558766612,0.441034416,0.02978586362,1,-0.4605900461,0.1626517895,0.2922560655
0.1,3.04,0.3498,-0.6199184453,0.6524961768,0.6007042534,0.4202526957,0.002551723242,0.3868599869,0.3054297999,0.5558180115,0.4387539035,0.03027074519,1,-0.4560391891,0.1671128055,0.2905388081
0.1,3.05,0.351,-0.6146464932,0.6671171024,0.6030430122,0.4233361946,0.00254182699,0.386776209,0.3038213494,0.5557593,0.4364554344,0.0307566333,1,-0.4514929695,0.1716094972,0.2888096251
0.1,3.06,0.3522,-0.6093828107,0.6816629422,0.6053752247,0.4264263083,0.002532034583,0.3866926282,0.3022006953,0.555700526,0.4341388472,0.03124352555,1,-0.4469513334,0.1761421879,0.2870683629
0.1,3.07,0.3534,-0.6041273054,0.6961353224,0.6077011905,0.4295232014,0.002522343265,0.386609242,0.3005677243,0.5556416888,0.431803978,0.0317314196,1,-0.4424142271,0.1807112049,0.2853148673
0.1,3.08,0.3546,-0.598879886,0.7105358154,0.6100212001,0.4326270351,0.002512750384,0.3865260482,0.2989223215,0.5555827876,0.429450661,0.03222031313,1,-0.4378815971,0.1853168802,0.2835489831
0.1,3.09,0.3558,-0.5936404617,0.7248659419,0.6123355353,0.4357379669,0.002503253391,0.3864430445,0.2972643708,0.5555238218,0.4270787279,0.03271020385,1,-0.4333533904,0.18995955,0.2817705541
0.1,3.1,0.357,-0.5884089425,0.7391271735,0.6146444692,0.438856151,0.00249384983,0.3863602286,0.2955937543,0.5554647907,0.4246880084,0.03320108947,1,-0.428829554,0.1946395551,0.2799794232
0.1,3.11,0.3582,-0.583185239,0.7533209353,0.6169482673,0.4419817387,0.002484537337,0.3862775982,0.2939103527,0.5554056934,0.4222783298,0.03369296778,1,-0.4243100356,0.1993572407,0.2781754323
0.1,3.12,0.3594,-0.5779692628,0.7674486077,0.6192471873,0.4451148783,0.002475313633,0.386195151,0.292214045,0.5553465294,0.419849517,0.03418583655,1,-0.4197947828,0.2041129568,0.276358422
0.1,3.13,0.3606,-0.5727609259,0.7815115284,0.6215414799,0.4482557153,0.002466176522,0.386112885,0.2905047086,0.5552872979,0.4174013927,0.03467969359,1,-0.4152837435,0.2089070582,0.2745282317
0.1,3.14,0.3618,-0.5675601409,0.7955109946,0.6238313886,0.4514043928,0.002457123885,0.3860307977,0.2887822195,0.5552279981,0.4149337769,0.03517453675,1,-0.4107768661,0.2137399042,0.2726846998
0.1,3.15,0.363,-0.5623668213,0.8094482648,0.6261171505,0.4545610513,0.002448153678,0.3859488872,0.2870464517,0.5551686294,0.4124464876,0.0356703639,1,-0.4062740992,0.2186118593,0.270827663
0.1,3.16,0.3642,-0.5571808812,0.8233245601,0.6283989966,0.4577258291,0.002439263928,0.3858671512,0.2852972778,0.555109191,0.4099393399,0.03616717292,1,-0.4017753914,0.2235232926,0.2689569567
0.1,3.17,0.3654,-0.5520022352,0.8371410664,0.6306771517,0.4608988624,0.00243045273,0.3857855876,0.2835345685,0.5550496822,0.4074121466,0.03666496174,1,-0.3972806919,0.2284745784,0.267072415
0.1,3.18,0.3666,-0.5468307987,0.8508989352,0.6329518349,0.4640802853,0.002421718242,0.3857041942,0.2817581929,0.5549901023,0.4048647179,0.0371637283,1,-0.3927899499,0.2334660962,0.2651738703
0.1,3.19,0.3678,-0.5416664876,0.8645992858,0.63522326,0.46727023,0.002413058686,0.385622969,0.2799680183,0.5549304506,0.4022968614,0.03766347057,1,-0.388303115,0.2384982306,0.2632611534
0.1,3.2,0.369,-0.5365092185,0.8782432063,0.6374916354,0.4704688269,0.002404472341,0.3855419099,0.2781639101,0.5548707262,0.399708382,0.03816418654,1,-0.3838201371,0.2435713713,0.2613340935
0.1,3.21,0.3702,-0.5313589085,0.8918317545,0.6397571645,0.4736762046,0.002395957544,0.3854610148,0.276345732,0.5548109286,0.3970990821,0.03866587424,1,-0.3793409661,0.2486859137,0.2593925181
0.1,3.22,0.3714,-0.5262154754,0.9053659599,0.6420200462,0.4768924903,0.002387512686,0.3853802817,0.2745133457,0.5547510569,0.394468761,0.0391685317,1,-0.3748655523,0.2538422583,0.2574362529
0.1,3.23,0.3726,-0.5210788376,0.9188468243,0.6442804746,0.4801178096,0.002379136208,0.3852997085,0.2726666113,0.5546911105,0.3918172157,0.039672157,1,-0.3703938462,0.2590408114,0.2554651217
0.1,3.24,0.3738,-0.5159489139,0.932275323,0.6465386393,0.4833522867,0.002370826601,0.3852192932,0.2708053866,0.5546310886,0.38914424,0.04017674822,1,-0.3659257986,0.2642819848,0.2534789465
0.1,3.25,0.375,-0.5108256238,0.9456524061,0.648794726,0.4865960445,0.002362582406,0.3851390339,0.2689295278,0.5545709904,0.3864496249,0.0406823035,1,-0.3614613605,0.2695661961,0.2514775473
0.1,3.26,0.3762,-0.5057088873,0.958978999,0.6510489162,0.4898492046,0.002354402207,0.3850589285,0.2670388888,0.5545108153,0.3837331587,0.04118882096,1,-0.357000483,0.2748938685,0.249460742
0.1,3.27,0.3774,-0.5005986251,0.9722560039,0.6533013876,0.4931118874,0.00234628463,0.3849789751,0.2651333218,0.5544505624,0.3809946265,0.04169629877,1,-0.3525431175,0.2802654314,0.2474283466
0.1,3.28,0.3786,-0.4954947582,0.9854843002,0.6555523143,0.4963842124,0.002338228348,0.3848991717,0.2632126768,0.5543902311,0.3782338105,0.04220473512,1,-0.3480892157,0.2856813201,0.2453801748
0.1,3.29,0.3798,-0.4903972083,0.9986647457,0.6578018665,0.4996662978,0.00233023207,0.3848195165,0.2612768015,0.5543298206,0.3754504897,0.04271412822,1,-0.3436387294,0.291141976,0.2433160381
0.1,3.3,0.381,-0.4853058976,1.011888683,0.6600568954,0.5029633543,0.002322189456,0.3847400074,0.2593255419,0.5542693301,0.3726444402,0.0432244763,1,-0.3391916106,0.2966478467,0.2412350775
0.1,3.31,0.3822,-0.4802207487,1.025291353,0.6623273521,0.5062830279,0.002313944845,0.3846606426,0.2573587416,0.554208759,0.3698154348,0.04373577762,1,-0.3347478117,0.3021993861,0.2391361211
0.1,3.32,0.3834,-0.4751416848,1.03887791,0.6646134824,0.5096256183,0.002305494792,0.3845814203,0.2553762419,0.5541481064,0.3669632431,0.04424803047,1,-0.330307285,0.3077970547,0.237018965
0.1,3.33,0.3846,-0.4700686297,1.052652483,0.6669154493,0.5129913636,0.002296837161,0.3845023385,0.2533778822,0.5540873716,0.3640876313,0.04476123313,1,-0.3258699832,0.3134413193,0.2348834108
0.1,3.34,0.3858,-0.4650015075,1.066619337,0.6692334179,0.5163805052,0.002287969789,0.3844233954,0.2513634993,0.5540265539,0.3611883625,0.04527538395,1,-0.3214358592,0.3191326536,0.2327292572
0.1,3.35,0.387,-0.4599402429,1.080782875,0.6715675556,0.519793288,0.002278890481,0.3843445891,0.2493329278,0.5539656524,0.3582651962,0.04579048126,1,-0.3170048661,0.3248715379,0.2305562995
0.1,3.36,0.3882,-0.454884761,1.095147641,0.6739180322,0.5232299602,0.002269597012,0.3842659179,0.2472860001,0.5539046665,0.3553178885,0.04630652343,1,-0.3125769569,0.3306584594,0.2283643301
0.1,3.37,0.3894,-0.4498349874,1.109718335,0.6762850198,0.5266907735,0.002260087124,0.3841873799,0.245222546,0.5538435953,0.3523461922,0.04682350886,1,-0.3081520852,0.3364939124,0.2261531382
0.1,3.38,0.3906,-0.4447908481,1.124499812,0.6786686931,0.5301759831,0.00225035853,0.3841089732,0.243142393,0.5537824382,0.3493498562,0.04734143595,1,-0.3037302046,0.3423783983,0.2239225097
0.1,3.39,0.3918,-0.4397522697,1.139497091,0.6810692291,0.533685848,0.002240408909,0.3840306962,0.2410453661,0.5537211943,0.346328626,0.04786030314,1,-0.2993112689,0.3483124256,0.2216722271
0.1,3.4,0.393,-0.4347191792,1.154715364,0.6834868074,0.5372206306,0.002230235907,0.3839525471,0.2389312877,0.5536598629,0.3432822432,0.04838010889,1,-0.2948952319,0.3542965105,0.2194020696
0.1,3.41,0.3942,-0.4296915039,1.170160003,0.6859216101,0.5407805974,0.002219837136,0.383874524,0.2367999776,0.5535984431,0.3402104458,0.04890085167,1,-0.2904820479,0.3603311765,0.2171118129
0.1,3.42,0.3954,-0.4246691716,1.185836566,0.6883738219,0.5443660184,0.002209210176,0.3837966253,0.2346512533,0.5535369343,0.337112968,0.04942252998,1,-0.2860716711,0.3664169547,0.2148012292
0.1,3.43,0.3966,-0.4196521106,1.201750811,0.6908436303,0.5479771675,0.002198352571,0.3837188492,0.2324849292,0.5534753357,0.3339895399,0.04994514233,1,-0.281664056,0.372554384,0.2124700873
0.1,3.44,0.3978,-0.4146402496,1.217908699,0.6933312252,0.5516143228,0.002187261828,0.383641194,0.2303008174,0.5534136464,0.3308398878,0.05046868727,1,-0.2772591573,0.3787440115,0.2101181519
0.1,3.45,0.399,-0.4096335176,1.234316409,0.6958367996,0.5552777661,0.00217593542,0.3835636579,0.228098727,0.5533518657,0.3276637339,0.05099316336,1,-0.2728569296,0.384986392,0.2077451845
0.1,3.46,0.4002,-0.4046318442,1.250980345,0.6983605491,0.5589677835,0.002164370783,0.3834862393,0.2258784643,0.5532899928,0.3244607964,0.05151856918,1,-0.2684573281,0.3912820886,0.2053509424
0.1,3.47,0.4014,-0.3996351591,1.267907147,0.7009026721,0.5626846651,0.002152565315,0.3834089365,0.2236398329,0.5532280269,0.3212307891,0.05204490332,1,-0.2640603078,0.397631673,0.2029351793
0.1,3.48,0.4026,-0.3946433926,1.285103707,0.70346337,0.5664287055,0.002140516377,0.3833317479,0.2213826334,0.5531659672,0.3179734216,0.0525721644,1,-0.2596658239,0.4040357252,0.2004976447
0.1,3.49,0.4038,-0.3896564754,1.302577175,0.7060428472,0.5702002034,0.002128221291,0.3832546717,0.2191066634,0.553103813,0.3146883994,0.05310035108,1,-0.2552738319,0.4104948337,0.1980380843
0.1,3.5,0.405,-0.3846743384,1.320334978,0.708641311,0.5739994619,0.002115677338,0.3831777062,0.2168117175,0.5530415634,0.3113754232,0.053629462,1,-0.2508842873,0.4170095962,0.1955562396
0.1,3.51,0.4062,-0.3796969132,1.338384831,0.7112589718,0.5778267887,0.002102881762,0.38310085,0.2144975874,0.5529792176,0.3080341896,0.05415949585,1,-0.2464971458,0.4235806191,0.1930518479
0.1,3.52,0.4074,-0.3747241313,1.356734751,0.7138960432,0.581682496,0.002089831762,0.3830241012,0.2121640613,0.5529167748,0.3046643902,0.05469045133,1,-0.2421123632,0.4302085182,0.1905246423
0.1,3.53,0.4086,-0.369755925,1.375393075,0.7165527418,0.5855669006,0.0020765245,0.3829474584,0.2098109247,0.5528542343,0.3012657123,0.05522232716,1,-0.2377298957,0.4368939183,0.1879743515
0.1,3.54,0.4098,-0.3647922267,1.394368478,0.7192292876,0.5894803241,0.002062957091,0.3828709198,0.2074379596,0.5527915952,0.2978378382,0.05575512208,1,-0.2333496992,0.443637454,0.1854006997
0.1,3.55,0.411,-0.3598329692,1.413669988,0.7219259037,0.5934230929,0.00204912661,0.382794484,0.2050449445,0.5527288566,0.2943804454,0.05628883484,1,-0.2289717299,0.4504397694,0.1828034066
0.1,3.56,0.4122,-0.3548780855,1.433307006,0.724642817,0.5973955383,0.002035030086,0.3827181492,0.2026316549,0.5526660179,0.2908932067,0.05682346422,1,-0.2245959444,0.4573015185,0.1801821875
0.1,3.57,0.4134,-0.3499275093,1.453289329,0.7273802572,0.6013979967,0.002020664505,0.382641914,0.2001978626,0.5526030781,0.2873757896,0.05735900902,1,-0.2202222991,0.4642233653,0.1775367525
0.1,3.58,0.4146,-0.3449811743,1.473627171,0.730138458,0.6054308094,0.002006026806,0.3825657767,0.1977433362,0.5525400364,0.2838278565,0.05789546805,1,-0.2158507505,0.4712059841,0.1748668074
0.1,3.59,0.4158,-0.3400390145,1.494331184,0.7329176565,0.6094943231,0.001991113881,0.3824897358,0.1952678404,0.5524768921,0.2802490646,0.05843284015,1,-0.2114812556,0.4782500595,0.1721720528
0.1,3.6,0.417,-0.3351009646,1.515412487,0.7357180932,0.6135888897,0.001975922576,0.3824137897,0.1927711365,0.5524136442,0.2766390661,0.05897112417,1,-0.2071137711,0.4853562869,0.1694521843
0.1,3.61,0.4182,-0.3301669591,1.536882692,0.7385400127,0.6177148666,0.001960449687,0.3823379369,0.190252982,0.552350292,0.2729975072,0.05951031899,1,-0.202748254,0.4925253724,0.1667068925
0.1,3.62,0.4194,-0.3252369331,1.558753932,0.741383663,0.6218726165,0.001944691962,0.3822621758,0.1877131307,0.5522868345,0.2693240291,0.06005042348,1,-0.1983846614,0.4997580332,0.1639358626
0.1,3.63,0.4206,-0.3203108221,1.581038897,0.7442492962,0.6260625079,0.001928646097,0.382186505,0.1851513325,0.552223271,0.2656182671,0.06059143657,1,-0.1940229506,0.5070549976,0.1611387747
0.1,3.64,0.4218,-0.3153885615,1.60375086,0.747137168,0.630284915,0.001912308739,0.3821109229,0.1825673334,0.5521596007,0.2618798508,0.06113335717,1,-0.1896630788,0.5144170055,0.1583153031
0.1,3.65,0.423,-0.3104700875,1.62690372,0.7500475385,0.6345402176,0.001895676481,0.382035428,0.1799608755,0.5520958226,0.2581084041,0.06167618423,1,-0.1853050035,0.5218448084,0.155465117
0.1,3.66,0.4242,-0.305555336,1.650512039,0.7529806716,0.6388288018,0.001878745864,0.3819600187,0.1773316965,0.5520319359,0.2543035447,0.06221991672,1,-0.1809486822,0.5293391699,0.1525878796
0.1,3.67,0.4254,-0.3006442438,1.674591084,0.7559368354,0.6431510595,0.001861513373,0.3818846937,0.1746795305,0.5519679398,0.2504648843,0.06276455361,1,-0.1765940726,0.5369008654,0.1496832483
0.1,3.68,0.4266,-0.2957367474,1.699156876,0.7589163021,0.6475073889,0.00184397544,0.3818094514,0.1720041069,0.5519038334,0.2465920286,0.0633100939,1,-0.1722411323,0.544530683,0.1467508747
0.1,3.69,0.4278,-0.290832784,1.724226234,0.7619193484,0.6518981945,0.001826128437,0.3817342903,0.169305151,0.5518396157,0.2426845767,0.06385653661,1,-0.1678898192,0.5522294232,0.1437904043
0.1,3.7,0.429,-0.2859322907,1.749816834,0.7649462554,0.6563238871,0.001807968682,0.381659209,0.1665823835,0.5517752861,0.2387421214,0.06440388077,1,-0.1635400912,0.5599978996,0.1408014765
0.1,3.71,0.4302,-0.2810352052,1.775947265,0.7679973085,0.6607848842,0.001789492432,0.381584206,0.163835521,0.5517108435,0.2347642489,0.06495212544,1,-0.1591919064,0.5678369387,0.1377837242
0.1,3.72,0.4314,-0.2761414653,1.802637094,0.7710727979,0.66528161,0.001770695885,0.3815092798,0.1610642751,0.5516462872,0.2307505388,0.06550126968,1,-0.1548452227,0.5757473806,0.134736774
0.1,3.73,0.4326,-0.2712510089,1.829906933,0.7741730182,0.6698144954,0.001751575178,0.3814344291,0.158268353,0.5515816161,0.2267005636,0.06605131258,1,-0.1504999985,0.583730079,0.1316602459
0.1,3.74,0.4338,-0.2663637743,1.857778517,0.7772982691,0.6743839782,0.001732126384,0.3813596523,0.155447457,0.5515168295,0.2226138891,0.06660225325,1,-0.1461561919,0.5917859013,0.1285537531
0.1,3.75,0.435,-0.2614797001,1.886274784,0.7804488547,0.6789905036,0.001712345515,0.381284948,0.1526012847,0.5514519264,0.2184900738,0.0671540908,1,-0.1418137613,0.5999157295,0.1254169019
0.1,3.76,0.4362,-0.2565987249,1.915419966,0.7836250846,0.6836345238,0.001692228516,0.3812103148,0.1497295284,0.551386906,0.2143286691,0.06770682437,1,-0.1374726651,0.60812046,0.1222492916
0.1,3.77,0.4374,-0.2517207878,1.945239687,0.786827273,0.6883164985,0.001671771266,0.3811357513,0.1468318758,0.5513217673,0.2101292188,0.06826045313,1,-0.1331328619,0.6164010037,0.1190505144
0.1,3.78,0.4386,-0.2468458279,1.975761073,0.7900557396,0.6930368947,0.001650969576,0.381061256,0.143908009,0.5512565095,0.2058912593,0.06881497623,1,-0.1287943101,0.6247582871,0.1158201549
0.1,3.79,0.4398,-0.2419737847,2.007012866,0.793310809,0.6977961876,0.001629819191,0.3809868276,0.1409576052,0.5511911316,0.2016143192,0.06937039288,1,-0.1244569685,0.6331932517,0.1125577905
0.1,3.8,0.441,-0.2371045977,2.039025561,0.7965928114,0.7025948597,0.001608315781,0.3809124646,0.137980336,0.5511256326,0.1972979192,0.06992670227,1,-0.1201207957,0.6417068551,0.1092629906
0.1,3.81,0.4422,-0.2322382068,2.071831544,0.7999020826,0.7074334019,0.001586454948,0.3808381656,0.1349758675,0.5510600118,0.1929415721,0.07048390363,1,-0.1157857506,0.6503000705,0.1059353168
0.1,3.82,0.4434,-0.2273745519,2.105465254,0.8032389638,0.7123123131,0.001564232217,0.3807639293,0.1319438603,0.5509942682,0.1885447823,0.0710419962,1,-0.111451792,0.658973888,0.1025743229
0.1,3.83,0.4446,-0.2225135733,2.139963362,0.806603802,0.7172321007,0.001537514802,0.3806897543,0.1288839692,0.5509284008,0.1841070459,0.07160097924,1,-0.1071188787,0.6677293142,0.09917955424
0.1,3.84,0.4458,-0.2176552115,2.175364961,0.8099969499,0.7221932806,0.001510539012,0.3806156392,0.1257958432,0.5508624087,0.1796278507,0.07216085202,1,-0.1027869698,0.6765673727,0.09575054775
0.1,3.85,0.447,-0.2127994069,2.211711785,0.8134187665,0.7271963772,0.001483335305,0.3805415825,0.1226791253,0.5507962909,0.1751066752,0.07272161383,1,-0.09845602421,0.6854891047,0.09228683182
0.1,3.86,0.4482,-0.2079461004,2.249048455,0.8168696164,0.7322419242,0.00145590078,0.380467583,0.1195334525,0.5507300466,0.1705429896,0.07328326397,1,-0.09412600108,0.6944955691,0.088787926
0.1,3.87,0.4494,-0.203095233,2.287422747,0.8203498709,0.737330464,0.001428232486,0.3803936393,0.1163584554,0.5506636747,0.1659362546,0.07384580178,1,-0.0897968595,0.7035878433,0.08525334083
0.1,3.88,0.4506,-0.1982467457,2.326885893,0.8238599074,0.7424625486,0.001400327423,0.38031975,0.1131537584,0.5505971744,0.1612859217,0.07440922657,1,-0.08546855866,0.7127670229,0.08168257761
0.1,3.89,0.4518,-0.1934005798,2.367492926,0.8274001098,0.7476387392,0.001372182539,0.3802459138,0.1099189794,0.5505305445,0.1565914328,0.07497353772,1,-0.08114105778,0.7220342227,0.07807512822
0.1,3.9,0.453,-0.1885566769,2.409303061,0.8309708687,0.752859607,0.001343794728,0.3801721293,0.1066537296,0.5504637843,0.1518522204,0.0755387346,1,-0.07681431613,0.731390577,0.07443047485
0.1,3.91,0.4542,-0.1837149786,2.452380129,0.8345725813,0.7581257329,0.001315160833,0.3800983951,0.1033576133,0.5503968927,0.1470677067,0.07610481658,1,-0.07248829301,0.7408372396,0.07074808979
0.1,3.92,0.4554,-0.1788754266,2.496793067,0.838205652,0.7634377078,0.001286277639,0.38002471,0.1000302282,0.5503298687,0.1422373041,0.07667178308,1,-0.06816294778,0.7503753848,0.06702743521
0.1,3.93,0.4566,-0.1740379629,2.542616475,0.841870492,0.7687961333,0.001257141876,0.3799510725,0.09667116466,0.5502627114,0.1373604144,0.07723963351,1,-0.06383823983,0.7600062076,0.0632679629
0.1,3.94,0.4578,-0.1692025295,2.589931253,0.8455675199,0.7742016212,0.001227750217,0.3798774814,0.09328000591,0.5501954197,0.1324364289,0.07780836732,1,-0.05951412858,0.769730924,0.05946911401
0.1,3.95,0.459,-0.1643690688,2.638825331,0.8492971616,0.7796547944,0.001198099275,0.3798039354,0.08985632776,0.5501279926,0.1274647281,0.07837798394,1,-0.05519057349,0.7795507717,0.05563031882
0.1,3.96,0.4602,-0.159537523,2.689394497,0.8530598506,0.7851562865,0.001168185605,0.379730433,0.08639969849,0.5500604293,0.1224446815,0.07894848285,1,-0.05086753405,0.7894670105,0.05175099645
0.1,3.97,0.4614,-0.1547078346,2.74174337,0.8568560281,0.7907067427,0.0011380057,0.379656973,0.08290967865,0.5499927286,0.1173756473,0.07951986354,1,-0.04654496978,0.7994809229,0.04783055462
0.1,3.98,0.4626,-0.1498799464,2.795986509,0.8606861431,0.7963068196,0.001107555988,0.3795835541,0.07938582088,0.5499248895,0.1122569719,0.0800921255,1,-0.04222284022,0.8095938141,0.04386838931
0.1,3.99,0.4638,-0.145053801,2.852249713,0.8645506528,0.8019571856,0.001076832835,0.3795101749,0.07582766977,0.5498569111,0.1070879902,0.08066526824,1,-0.03790110495,0.8198070134,0.03986388455
0.1,4,0.465,-0.1402293413,2.91067154,0.8684500226,0.807658521,0.001045832542,0.3794368342,0.07223476164,0.5497887922,0.101868025,0.08123929131,1,-0.03357972356,0.8301218739,0.03581641205
0.1,4.01,0.4662,-0.1354065104,2.971405084,0.8723847263,0.8134115188,0.001014551342,0.3793635306,0.06860662439,0.5497205319,0.09659638648,0.08181419423,1,-0.02925865565,0.8405397734,0.03172533093
0.1,4.02,0.4674,-0.1305852513,3.034620083,0.8763552464,0.8192168843,0.0009829853993,0.3792902629,0.06494277726,0.5496521291,0.09127237249,0.08238997659,1,-0.02493786087,0.8510621152,0.02758998742
0.1,4.03,0.4686,-0.1257655073,3.100505415,0.880362074,0.8250753358,0.0009511308079,0.3792170297,0.06124273069,0.5495835829,0.08589526781,0.08296663795,1,-0.02061729884,0.8616903281,0.02340971448
0.1,4.04,0.4698,-0.1209472216,3.169272083,0.8844057096,0.8309876048,0.0009189835907,0.3791438297,0.05750598605,0.549514892,0.08046434403,0.08354417791,1,-0.01629692923,0.8724258675,0.01918383152
0.1,4.05,0.471,-0.1161303378,3.241156809,0.8884866627,0.8369544363,0.0008865396968,0.3790706616,0.0537320355,0.5494460555,0.07497885924,0.08412259607,1,-0.01197671171,0.8832702158,0.01491164402
0.1,4.06,0.4722,-0.1113147994,3.31642638,0.8926054522,0.842976589,0.0008537950002,0.3789975243,0.04992036174,0.5493770723,0.06943805768,0.08470189206,1,-0.007656605953,0.8942248831,0.01073945478
0.1,4.07,0.4734,-0.10650055,3.395382961,0.8967626068,0.8490548361,0.0008207452982,0.3789244162,0.04607043779,0.5493079414,0.06384116944,0.08528206553,1,-0.003336571643,0.9052914077,0.01032373932
0.1,4.08,0.4746,-0.1016875332,3.478370634,0.900958665,0.8551899648,0.0007873863093,0.3788513363,0.04218172676,0.5492386616,0.05818741013,0.08586311612,1,0.0009834315313,0.9164713569,0.0099041335
0.1,4.09,0.4758,-0.09687569302,3.565783517,0.9051941755,0.8613827774,0.0007537136714,0.3787782831,0.03825368163,0.5491692319,0.05247598053,0.08644504351,1,0.005303443883,0.9277663275,0.009480582447
0.1,4.1,0.477,-0.09206497318,3.658075951,0.9094696974,0.8676340913,0.0007197229403,0.3787052555,0.03428574502,0.5490996512,0.04670606624,0.08702784739,1,0.009623505722,0.9391779469,0.009053030259
0.1,4.11,0.4782,-0.08725531768,3.755775423,0.9137858003,0.8739447394,0.0006854095871,0.3786322521,0.03027734891,0.5490299183,0.04087683733,0.08761152745,1,0.01394365736,0.9507078734,0.008621419972
0.1,4.12,0.4794,-0.08244667056,3.859499146,0.9181430647,0.8803155704,0.0006507689967,0.3785592717,0.02622791443,0.5489600323,0.03498744796,0.08819608341,1,0.01826393913,0.962357797,0.008185693535
0.1,4.13,0.4806,-0.07763897593,3.969975625,0.9225420822,0.8867474494,0.0006157964655,0.3784863129,0.02213685154,0.5488899919,0.02903703601,0.088781515,1,0.02258439134,0.9741294406,0.007745791782
0.1,4.14,0.4818,-0.07283217795,4.088073117,0.9269834559,0.8932412581,0.0005804871994,0.3784133745,0.01800355884,0.548819796,0.02302472268,0.08936782198,1,0.02690505434,0.9860245599,0.00730165441
0.1,4.15,0.483,-0.06802622086,4.21483781,0.9314678005,0.8997978953,0.0005448363114,0.3783404553,0.01382742322,0.5487494435,0.01694961209,0.0899550041,1,0.03122596847,0.9980449453,0.006853219951
0.1,4.16,0.4842,-0.06322104894,4.351546006,0.9359957426,0.9064182772,0.0005088388195,0.378267554,0.01102809419,0.5486789334,0.01383960642,0.09054306114,1,0.1715379693,1,0.006400425737
0.1,4.17,0.4854,-0.05841660656,4.499776956,0.9405679212,0.9131033379,0.0004724896445,0.3781946692,0.009498300983,0.5486082643,0.01214095059,0.09113199289,1,0.2717990641,1,0.005943207879
0.1,4.18,0.4866,-0.05361283809,4.661517003,0.9451849877,0.91985403,0.0004357836074,0.3781217998,0.008298317982,0.5485374353,0.01075592306,0.09172179918,1,0.3499849998,1,0.005481501232
0.1,4.19,0.4878,-0.04880968798,4.839312724,0.9498476063,0.9266713247,0.0003987154268,0.3780489445,0.007268674276,0.548466445,0.009531318624,0.0923124798,1,0.4166573578,1,0.005015239367
0.1,4.2,0.489,-0.04400710073,5.036503622,0.9545564546,0.9335562126,0.0003612797169,0.377976102,0.006347191563,0.5483952924,0.008407553349,0.09290403462,1,0.4759436132,1,0.004544354537
0.1,4.21,0.4902,-0.03920502085,5.257589783,0.9593122236,0.940509704,0.0003234709843,0.377903271,0.005501910958,0.5483239763,0.007354073504,0.09349646347,1,0.5299698346,1,0.004068777644
0.1,4.22,0.4914,-0.0344033929,5.508840889,0.9641156179,0.9475328293,0.0002852836258,0.3778304503,0.004713833906,0.5482524955,0.006352755963,0.09408976623,1,0.5800025429,1,0.003588438206
0.1,4.23,0.4926,-0.02960216148,5.799365894,0.9689673568,0.9546266399,0.0002467119252,0.3777576386,0.003970581366,0.5481808488,0.005391816762,0.09468394279,1,0.6268686448,1,0.003103264325
0.1,4.24,0.4938,-0.0248012712,6.14313726,0.9738681736,0.9617922082,0.0002077500508,0.3776848346,0.003263557519,0.548109035,0.004463089406,0.09527899304,1,0.6711434571,1,0.002613182645
0.1,4.25,0.495,-0.02000066671,6.563218805,0.9788188168,0.9690306286,0.0001683920523,0.3776120372,0.002586506907,0.5480370529,0.003560641838,0.09587491689,1,0.7132464499,1,0.00211811832
0.1,4.26,0.4962,-0.01520029266,7.101899599,0.9838200503,0.9763430179,0.0001286318578,0.377539245,0.001934709934,0.5479649013,0.002680006138,0.09647171429,1,0.7534946808,1,0.001617994975
0.1,4.27,0.4974,-0.01040009374,7.850633731,0.9888726534,0.9837305156,8.846327045e-05,0.3774664568,0.001304502204,0.547892579,0.001817718793,0.09706938516,1,0.7921347511,1,0.001112734664
0.1,4.28,0.4986,-0.005600014635,9.078414285,0.9939774217,0.9911942849,4.787996577e-05,0.3773936713,0.0006929713926,0.5478200846,0.0009710310727,0.09766792947,1,0.8293629773,1,0.0006022578337
0.2,2.37,0.2694,-0.9976688504,-0.9010861301,0.3586962277,0.1932655275,0.008546680375,0.4224674482,0.4192018715,0.5881129934,0.5862907362,0.0001569114628,0.8712224465,-0.9010861301,0,0.4189136962
0.2,2.38,0.2706,-0.9915805626,-0.8079367936,0.3741310303,0.2024797136,0.008194086461,0.4222595048,0.416114911,0.5880007042,0.5844478989,0.000568377743,0.8712224465,-0.8079367936,0,0.4150681749
0.2,2.39,0.2718,-0.985509234,-0.7444632067,0.3844901196,0.209008829,0.007973318049,0.4220524298,0.4140430932,0.5878883869,0.5829846469,0.0009810890731,0.8712224465,-0.7444632067,0,0.4122312943
0.2,2.4,0.273,-0.9794546823,-0.6922908572,0.3929172277,0.2145328063,0.007802309988,0.4218462124,0.4123576715,0.5877760398,0.5815113979,0.001395040275,0.8712224465,-0.6922908572,0,0.4097742636
0.2,2.41,0.2742,-0.9734167277,-0.6466063283,0.4002363572,0.2194896183,0.007659629004,0.4216408424,0.4108938456,0.5876636615,0.580028021,0.001810226235,0.8712224465,-0.6466063283,0,0.407532237
0.2,2.42,0.2754,-0.9673951922,-0.6052771373,0.4068127647,0.2240724708,0.007535805845,0.4214363095,0.4095785641,0.5875512504,0.578534486,0.002226641898,0.8712224465,-0.6052771373,0,0.4054321174
0.2,2.43,0.2766,-0.9613899003,-0.5671351857,0.4128466369,0.2283867595,0.007425667877,0.4212326037,0.4083717897,0.587438805,0.5770307624,0.002644282271,0.8712224465,-0.5671351857,0,0.4034338209
0.2,2.44,0.2778,-0.9554006785,-0.531458125,0.4184618404,0.2324973985,0.007326025251,0.421029715,0.4072120184,0.5873263236,0.5755168194,0.003063142424,0.8769003255,-0.5603093022,0,0.4015125272
0.2,2.45,0.279,-0.9494273555,-0.4977622385,0.4237413713,0.2364476852,0.007234747932,0.4208276337,0.4060473766,0.5872138049,0.5739926261,0.003483217482,0.8829052758,-0.555087918,0,0.3996515893
0.2,2.46,0.2802,-0.9434697617,-0.4657047454,0.4287440798,0.2402681823,0.007150330826,0.42062635,0.4048777475,0.5871012472,0.5724581514,0.00390450263,0.8889344232,-0.5498722641,0,0.3978391888
0.2,2.47,0.2814,-0.93752773,-0.4350322095,0.4335135043,0.2439814002,0.007071664388,0.4204258544,0.4037031265,0.5869886491,0.5709133638,0.004326993111,0.8949876372,-0.544662326,0,0.396066569
0.2,2.48,0.2826,-0.9316010948,-0.4055509569,0.4380829378,0.2476044764,0.00699790324,0.4202261377,0.402523509,0.586876009,0.5693582317,0.004750684224,0.9010647875,-0.5394580892,0,0.3943270215
0.2,2.49,0.2838,-0.9256896928,-0.3771090107,0.4424785226,0.2511508094,0.006928386019,0.4200271904,0.4013388902,0.5867633254,0.5677927233,0.005175571324,0.907165744,-0.5342595392,0,0.3926152676
0.2,2.5,0.285,-0.9197933624,-0.3495844951,0.4467212369,0.254631105,0.006862583993,0.4198290035,0.400149265,0.5866505969,0.5662168064,0.005601649823,0.9132903763,-0.5290666617,0,0.3909270605
0.2,2.51,0.2862,-0.9139119439,-0.3228778835,0.4508282236,0.2580540752,0.006800066742,0.419631568,0.3989546281,0.5865378218,0.5646304487,0.006028915185,0.9194385546,-0.5238794423,0,0.38925892
0.2,2.52,0.2874,-0.9080452795,-0.2969066395,0.4548137086,0.2614269197,0.006740478468,0.4194348749,0.3977549742,0.5864249988,0.5630336177,0.006457362928,0.9256101487,-0.5186978668,0,0.3876079483
0.2,2.53,0.2886,-0.9021932132,-0.2716014054,0.4586896547,0.2647556687,0.006683521153,0.4192389155,0.3965502977,0.5863121263,0.5614262805,0.006886988624,0.9318050289,-0.513521921,0,0.3859716998
0.2,2.54,0.2898,-0.8963555906,-0.2469032245,0.4624662377,0.2680454314,0.006628942309,0.4190436811,0.3953405927,0.5861992029,0.5598084041,0.007317787897,0.9380230656,-0.5083515907,0,0.3843480855
0.2,2.55,0.291,-0.8905322594,-0.2227614742,0.4661522011,0.271300581,0.00657652587,0.4188491633,0.3941258532,0.5860862271,0.558179955,0.007749756422,0.9442641291,-0.5031868617,0,0.3827353021
0.2,2.56,0.2922,-0.8847230686,-0.1991322989,0.4697551249,0.274524895,0.006526085288,0.4186553535,0.3929060731,0.5859731974,0.5565408998,0.008182889926,0.9505280904,-0.4980277199,0,0.3811317783
0.2,2.57,0.2934,-0.8789278692,-0.1759774029,0.4732816329,0.2777216622,0.006477458234,0.4184622435,0.3916812459,0.5858601123,0.5548912046,0.008617184186,0.9568148202,-0.4928741511,0,0.3795361332
0.2,2.58,0.2946,-0.8731465138,-0.153263107,0.4767375545,0.2808937671,0.006430502444,0.418269825,0.390451365,0.5857469704,0.5532308352,0.009052635026,0.9631241898,-0.4877261414,0,0.3779471441
0.2,2.59,0.2958,-0.8673788564,-0.1309596013,0.4801280533,0.2840437563,0.006385092454,0.41807809,0.3892164236,0.5856337702,0.5515597573,0.009489238323,0.9694560705,-0.4825836764,0,0.3763637208
0.2,2.6,0.297,-0.861624753,-0.1090403471,0.4834577292,0.2871738912,0.006341116967,0.4178870305,0.3879764146,0.5855205102,0.5498777855,0.00992699,0.9758103341,-0.477446742,0,0.374784885
0.2,2.61,0.2982,-0.8558840608,-0.08748159271,0.4867307026,0.2902861911,0.006298476741,0.4176966385,0.3867313307,0.5854071891,0.5481835339,0.01036588603,0.9821868526,-0.4723153242,0,0.3732097533
0.2,2.62,0.2994,-0.8501566388,-0.0662619774,0.4899506816,0.2933824681,0.006257082856,0.4175069063,0.3854811645,0.5852938052,0.5464766005,0.01080592242,0.9885854983,-0.4671894086,0,0.3716375243
0.2,2.63,0.3006,-0.8444423473,-0.04536220534,0.4931210182,0.2964643561,0.006216855289,0.4173178263,0.3842259082,0.5851803573,0.5447568916,0.01124709525,0.9950061438,-0.4620689811,0,0.3700674669
0.2,2.64,0.3018,-0.8387410483,-0.02476477454,0.4962447553,0.2995333343,0.006177721733,0.4171293907,0.3829654691,0.5850668438,0.5430243123,0.01168940062,1,-0.457193916,0.0007465315979,0.3684989108
0.2,2.65,0.303,-0.8330526053,-0.004453749835,0.4993246655,0.3025907473,0.00613961661,0.4169415921,0.3816975608,0.5849532634,0.5412787665,0.0121328347,1,-0.4531515621,0.004086385053,0.3669312393
0.2,2.66,0.3042,-0.8273768829,0.01558542828,0.5023632839,0.305637822,0.006102480232,0.4167544231,0.3804211102,0.5848396145,0.5395201569,0.01257739367,1,-0.4491128453,0.007451714189,0.3653638821
0.2,2.67,0.3054,-0.8217137475,0.03536610593,0.5053629364,0.3086756815,0.006066258107,0.4165678763,0.3791360471,0.5847258957,0.537748385,0.01302307378,1,-0.4450777277,0.01084271932,0.36379631
0.2,2.68,0.3066,-0.8160630668,0.0549005542,0.5083257628,0.3117053578,0.006030900328,0.4163819447,0.3778423003,0.5846121057,0.535963351,0.01346987132,1,-0.4410461717,0.01425960319,0.3622280301
0.2,2.69,0.3078,-0.8104247098,0.07420008784,0.5112537383,0.3147278013,0.005996361064,0.4161966209,0.3765397978,0.5844982429,0.5341649538,0.01391778263,1,-0.4370181399,0.01770257099,0.3606585816
0.2,2.7,0.309,-0.8047985469,0.09327516761,0.51414869,0.3177438904,0.005962598115,0.4160118981,0.3752284668,0.5843843059,0.5323530911,0.01436680408,1,-0.4329935951,0.02117183039,0.3590875325
0.2,2.71,0.3102,-0.7991844498,0.1121354889,0.517012313,0.320754439,0.005929572531,0.4158277691,0.3739082336,0.5842702934,0.5305276593,0.01481693207,1,-0.4289725001,0.02466759158,0.357514476
0.2,2.72,0.3114,-0.7935822915,0.1307900589,0.5198461835,0.3237602031,0.005897248276,0.4156442272,0.3725790236,0.5841562039,0.5286885534,0.01526816308,1,-0.4249548181,0.02819006731,0.3559390286
0.2,2.73,0.3126,-0.7879919464,0.149247264,0.5226517702,0.3267618867,0.005865591939,0.4154612655,0.3712407615,0.5840420359,0.5268356673,0.01572049359,1,-0.4209405123,0.03173947293,0.3543608271
0.2,2.74,0.3138,-0.7824132901,0.1675149289,0.5254304445,0.329760147,0.005834572476,0.4152788774,0.369893371,0.5839277881,0.5249688932,0.01617392015,1,-0.4169295461,0.0353160264,0.3527795268
0.2,2.75,0.315,-0.7768461994,0.1856003685,0.52818349,0.3327555987,0.005804160993,0.4150970561,0.3685367748,0.583813459,0.5230881223,0.01662843933,1,-0.4129218833,0.03891994833,0.3511947999
0.2,2.76,0.3162,-0.7712905524,0.2035104342,0.5309121098,0.3357488182,0.005774330541,0.4149157952,0.3671708949,0.5836990472,0.5211932441,0.01708404776,1,-0.4089174875,0.04255146207,0.3496063335
0.2,2.77,0.3174,-0.7657462284,0.2212515547,0.5336174338,0.338740347,0.005745055944,0.4147350881,0.3657956521,0.5835845513,0.519284147,0.01754074209,1,-0.4049163227,0.04621079368,0.3480138283
0.2,2.78,0.3186,-0.7602131078,0.2388297717,0.5363005252,0.3417306946,0.005716313645,0.4145549285,0.3644109666,0.5834699699,0.5173607177,0.01799851901,1,-0.400918353,0.04989817199,0.3464169975
0.2,2.79,0.3198,-0.7546910722,0.2562507732,0.5389623856,0.3447203419,0.005688081565,0.4143753101,0.3630167573,0.5833553016,0.5154228417,0.01845737527,1,-0.3969235426,0.05361382866,0.3448155657
0.2,2.8,0.321,-0.7491800044,0.2735199214,0.5416039606,0.3477097427,0.005660338979,0.4141962265,0.3616129424,0.5832405449,0.5134704029,0.01891730763,1,-0.3929318561,0.05735799821,0.3432092674
0.2,2.81,0.3222,-0.7436797884,0.2906422794,0.5442261437,0.350699327,0.00563306641,0.4140176715,0.3601994389,0.5831256985,0.5115032837,0.0193783129,1,-0.3889432578,0.06113091806,0.3415978468
0.2,2.82,0.3234,-0.7381903092,0.3076226345,0.5468297807,0.3536895022,0.005606245523,0.4138396392,0.3587761631,0.5830107609,0.5095213651,0.01984038793,1,-0.3849577127,0.06493282854,0.3399810563
0.2,2.83,0.3246,-0.7327114529,0.3244655189,0.5494156732,0.3566806551,0.005579859038,0.4136621234,0.3573430299,0.5828957308,0.5075245266,0.0203035296,1,-0.3809751855,0.06876397298,0.3383586562
0.2,2.84,0.3258,-0.7272431066,0.3411752287,0.5519845822,0.3596731537,0.00555389065,0.4134851181,0.3558999536,0.5827806067,0.5055126461,0.02076773483,1,-0.3769956413,0.07262459775,0.3367304141
0.2,2.85,0.327,-0.7217851587,0.3577558418,0.5545372304,0.3626673487,0.005528324956,0.4133086175,0.354446847,0.5826653871,0.5034855998,0.02123300058,1,-0.3730190453,0.07651495227,0.3350961036
0.2,2.86,0.3282,-0.7163374985,0.3742112326,0.5570743057,0.3656635743,0.005503147387,0.4131326156,0.3529836223,0.5825500708,0.5014432626,0.02169932383,1,-0.3690453627,0.08043528906,0.3334555047
0.2,2.87,0.3294,-0.7109000163,0.390545087,0.5595964632,0.36866215,0.005478344148,0.4129571068,0.3515101903,0.5824346563,0.4993855076,0.02216670161,1,-0.365074559,0.08438586382,0.3318084025
0.2,2.88,0.3306,-0.7054726034,0.406760915,0.5621043276,0.3716633814,0.005453902166,0.4127820853,0.3500264608,0.5823191422,0.4973122063,0.02263513098,1,-0.3611065999,0.08836693544,0.3301545871
0.2,2.89,0.3318,-0.7000551522,0.4228620624,0.564598495,0.3746675613,0.005429809035,0.4126075454,0.3485323427,0.5822035271,0.4952232286,0.02310460903,1,-0.3571414511,0.09237876608,0.3284938532
0.2,2.9,0.333,-0.6946475559,0.4388517221,0.5670795354,0.3776749706,0.005406052976,0.4124334815,0.3470277434,0.5820878095,0.4931184426,0.02357513289,1,-0.3531790784,0.09642162118,0.3268259995
0.2,2.91,0.3342,-0.689249709,0.4547329435,0.5695479935,0.3806858789,0.00538262279,0.4122598882,0.3455125694,0.5819719882,0.4909977149,0.02404669971,1,-0.3492194479,0.1004957695,0.3251508286
0.2,2.92,0.3354,-0.6838615065,0.470508642,0.5720043913,0.3837005457,0.005359507823,0.4120867599,0.3439867261,0.5818560615,0.4888609103,0.0245193067,1,-0.3452625257,0.1046014833,0.3234681464
0.2,2.93,0.3366,-0.6784828448,0.486181607,0.5744492287,0.3867192208,0.00533669793,0.4119140912,0.3424501175,0.5817400283,0.4867078917,0.02499295108,1,-0.3413082781,0.1087390382,0.3217777619
0.2,2.94,0.3378,-0.6731136207,0.5017545101,0.5768829853,0.3897421449,0.005314183444,0.4117418768,0.3409026468,0.581623887,0.4845385204,0.0254676301,1,-0.3373566714,0.1129087134,0.3200794871
0.2,2.95,0.339,-0.6677537325,0.5172299117,0.5793061216,0.3927695505,0.005291955143,0.4115701114,0.3393442155,0.5815076362,0.4823526559,0.02594334107,1,-0.3334076723,0.1171107914,0.3183731363
0.2,2.96,0.3402,-0.6624030788,0.5326102679,0.58171908,0.395801662,0.005270004226,0.4113987897,0.3377747242,0.5813912746,0.4801501557,0.02642008128,1,-0.3294612474,0.1213455587,0.3166585263
0.2,2.97,0.3414,-0.6570615596,0.5478979364,0.584122286,0.3988386968,0.005248322284,0.4112279065,0.3361940721,0.5812748007,0.4779308756,0.02689784812,1,-0.3255173635,0.1256133052,0.3149354759
0.2,2.98,0.3426,-0.6517290753,0.5630951821,0.5865161489,0.4018808652,0.005226901281,0.4110574566,0.3346021574,0.5811582131,0.4756946696,0.02737663895,1,-0.3215759874,0.1299143245,0.3132038057
0.2,2.99,0.3438,-0.6464055276,0.5782041827,0.5889010631,0.404928371,0.005205733529,0.4108874351,0.3329988766,0.5810415104,0.4734413894,0.02785645119,1,-0.3176370863,0.1342489142,0.3114633381
0.2,3,0.345,-0.6410908186,0.5932270329,0.5912774089,0.4079814121,0.00518481167,0.4107178368,0.3313841253,0.5809246912,0.4711708853,0.02833728228,1,-0.3137006271,0.1386173755,0.3097138969
0.2,3.01,0.3462,-0.6357848515,0.6081657494,0.5936455528,0.4110401808,0.005164128654,0.4105486568,0.3297577975,0.5808077541,0.4688830052,0.02881912971,1,-0.3097665773,0.1430200136,0.307955307
0.2,3.02,0.3474,-0.6304875304,0.6230222749,0.5960058488,0.4141048638,0.005143677727,0.4103798902,0.3281197859,0.5806906976,0.4665775953,0.02930199098,1,-0.3058349041,0.1474571376,0.3061873948
0.2,3.03,0.3486,-0.6251987598,0.637798482,0.5983586389,0.417175643,0.005123452409,0.410211532,0.326469982,0.5805735204,0.4642544995,0.02978586362,1,-0.3019055751,0.1519290606,0.3044099872
0.2,3.04,0.3498,-0.6199184453,0.6524961768,0.6007042534,0.4202526957,0.005103446483,0.4100435774,0.3248082758,0.580456221,0.4619135598,0.03027074519,1,-0.2979785579,0.1564360999,0.3026229124
0.2,3.05,0.351,-0.6146464932,0.6671171024,0.6030430122,0.4233361946,0.005083653981,0.4098760217,0.3231345558,0.580338798,0.4595546161,0.0307566333,1,-0.2940538201,0.1609785769,0.3008259987
0.2,3.06,0.3522,-0.6093828107,0.6816629422,0.6053752247,0.4264263083,0.005064069167,0.40970886,0.3214487092,0.58022125,0.4571775062,0.03124352555,1,-0.2901313295,0.165556817,0.2990190754
0.2,3.07,0.3534,-0.6041273054,0.6961353224,0.6077011905,0.4295232014,0.00504468653,0.4095420877,0.3197506218,0.5801035755,0.4547820657,0.0317314196,1,-0.2862110542,0.1701711501,0.297201972
0.2,3.08,0.3546,-0.598879886,0.7105358154,0.6100212001,0.4326270351,0.005025500768,0.4093757001,0.3180401777,0.5799857732,0.452368128,0.03222031313,1,-0.2822929621,0.1748219103,0.2953745183
0.2,3.09,0.3558,-0.5936404617,0.7248659419,0.6123355353,0.4357379669,0.005006506781,0.4092096927,0.3163172597,0.5798678416,0.4499355243,0.03271020385,1,-0.2783770214,0.1795094362,0.2935365442
0.2,3.1,0.357,-0.5884089425,0.7391271735,0.6146444692,0.438856151,0.004987699659,0.4090440608,0.3145817489,0.5797497793,0.4474840836,0.03320108947,1,-0.2744632002,0.1842340708,0.2916878796
0.2,3.11,0.3582,-0.583185239,0.7533209353,0.6169482673,0.4419817387,0.004969074673,0.4088788,0.3128335252,0.5796315848,0.4450136324,0.03369296778,1,-0.2705514669,0.1889961617,0.2898283546
0.2,3.12,0.3594,-0.5779692628,0.7674486077,0.6192471873,0.4451148783,0.004950627265,0.4087139057,0.3110724664,0.5795132567,0.4425239952,0.03418583655,1,-0.26664179,0.1937960611,0.2879577987
0.2,3.13,0.3606,-0.5727609259,0.7815115284,0.6215414799,0.4482557153,0.004932353043,0.4085493736,0.3092984492,0.5793947937,0.4400149938,0.03467969359,1,-0.2627341379,0.1986341259,0.2860760416
0.2,3.14,0.3618,-0.5675601409,0.7955109946,0.6238313886,0.4514043928,0.00491424777,0.4083851991,0.3075113484,0.5792761941,0.4374864478,0.03517453675,1,-0.2588284792,0.2035107177,0.2841829122
0.2,3.15,0.363,-0.5623668213,0.8094482648,0.6261171505,0.4545610513,0.004896307356,0.4082213781,0.3057110371,0.5791574567,0.4349381744,0.0356703639,1,-0.2549247828,0.208426203,0.2822782393
0.2,3.16,0.3642,-0.5571808812,0.8233245601,0.6283989966,0.4577258291,0.004878527856,0.4080579061,0.303897387,0.5790385799,0.4323699881,0.03616717292,1,-0.2510230173,0.2133809533,0.2803618508
0.2,3.17,0.3654,-0.5520022352,0.8371410664,0.6306771517,0.4608988624,0.004860905459,0.4078947788,0.3020702679,0.5789195623,0.4297817011,0.03666496174,1,-0.2471231517,0.2183753449,0.2784335743
0.2,3.18,0.3666,-0.5468307987,0.8508989352,0.6329518349,0.4640802853,0.004843436484,0.4077319921,0.3002295478,0.5788004025,0.4271731229,0.0371637283,1,-0.2432251549,0.2234097593,0.2764932364
0.2,3.19,0.3678,-0.5416664876,0.8645992858,0.63522326,0.46727023,0.004826117372,0.4075695417,0.2983750931,0.578681099,0.4245440604,0.03766347057,1,-0.2393289961,0.2284845833,0.274540663
0.2,3.2,0.369,-0.5365092185,0.8782432063,0.6374916354,0.4704688269,0.004808944682,0.4074074235,0.2965067683,0.5785616504,0.421894318,0.03816418654,1,-0.2354346443,0.2336002087,0.2725756792
0.2,3.21,0.3702,-0.5313589085,0.8918317545,0.6397571645,0.4736762046,0.004791915089,0.4072456333,0.2946244362,0.5784420551,0.4192236972,0.03866587424,1,-0.2315420687,0.2387570328,0.2705981089
0.2,3.22,0.3714,-0.5262154754,0.9053659599,0.6420200462,0.4768924903,0.004775025372,0.407084167,0.2927279576,0.5783223118,0.416531997,0.0391685317,1,-0.2276512388,0.2439554583,0.2686077752
0.2,3.23,0.3726,-0.5210788376,0.9188468243,0.6442804746,0.4801178096,0.004758272415,0.4069230206,0.2908171915,0.578202419,0.4138190135,0.039672157,1,-0.2237621239,0.2491958933,0.2666044999
0.2,3.24,0.3738,-0.5159489139,0.932275323,0.6465386393,0.4833522867,0.004741653203,0.4067621901,0.288891995,0.5780823751,0.4110845399,0.04017674822,1,-0.2198746935,0.2544787518,0.2645881036
0.2,3.25,0.375,-0.5108256238,0.9456524061,0.648794726,0.4865960445,0.004725164812,0.4066016714,0.2869522232,0.5779621788,0.4083283666,0.0406823035,1,-0.215988917,0.2598044531,0.2625584058
0.2,3.26,0.3762,-0.5057088873,0.958978999,0.6510489162,0.4898492046,0.004708804413,0.4064414606,0.2849977293,0.5778418285,0.4055502812,0.04118882096,1,-0.2121047643,0.2651734227,0.2605152244
0.2,3.27,0.3774,-0.5005986251,0.9722560039,0.6533013876,0.4931118874,0.004692569261,0.4062815538,0.2830283643,0.5777213228,0.4027500682,0.04169629877,1,-0.2082222048,0.2705860918,0.2584583761
0.2,3.28,0.3786,-0.4954947582,0.9854843002,0.6555523143,0.4963842124,0.004676456696,0.4061219471,0.2810439775,0.5776006602,0.399927509,0.04220473512,1,-0.2043412085,0.2760428974,0.256387676
0.2,3.29,0.3798,-0.4903972083,0.9986647457,0.6578018665,0.4996662978,0.004660464139,0.4059626366,0.2790444157,0.5774798391,0.3970823822,0.04271412822,1,-0.2004617452,0.2815442831,0.2543029376
0.2,3.3,0.381,-0.4853058976,1.011888683,0.6600568954,0.5029633543,0.004644378912,0.4058036185,0.277029524,0.5773588582,0.394214463,0.0432244763,1,-0.1965837848,0.2870906981,0.252202636
0.2,3.31,0.3822,-0.4802207487,1.025291353,0.6623273521,0.5062830279,0.00462788969,0.405644889,0.274999145,0.5772377159,0.3913235236,0.04373577762,1,-0.1927072972,0.2926825985,0.2500846241
0.2,3.32,0.3834,-0.4751416848,1.03887791,0.6646134824,0.5096256183,0.004610989584,0.4054864443,0.2729531192,0.5771164107,0.3884093331,0.04424803047,1,-0.1888322526,0.2983204463,0.2479486931
0.2,3.33,0.3846,-0.4700686297,1.052652483,0.6669154493,0.5129913636,0.004593674323,0.4053282807,0.2708912851,0.5769949411,0.3854716569,0.04476123313,1,-0.184958621,0.3040047105,0.2457946486
0.2,3.34,0.3858,-0.4650015075,1.066619337,0.6692334179,0.5163805052,0.004575939579,0.4051703945,0.2688134786,0.5768733057,0.3825102574,0.04527538395,1,-0.1810863726,0.3097358662,0.2436222933
0.2,3.35,0.387,-0.4599402429,1.080782875,0.6715675556,0.519793288,0.004557780963,0.4050127819,0.2667195336,0.5767515028,0.3795248936,0.04579048126,1,-0.1772154776,0.3155143958,0.2414314267
0.2,3.36,0.3882,-0.454884761,1.095147641,0.6739180322,0.5232299602,0.004539194024,0.4048554394,0.2646092813,0.5766295309,0.3765153209,0.04630652343,1,-0.1733459065,0.3213407882,0.2392218454
0.2,3.37,0.3894,-0.4498349874,1.109718335,0.6762850198,0.5266907735,0.004520174248,0.4046983634,0.2624825509,0.5765073886,0.3734812913,0.04682350886,1,-0.1694776295,0.3272155395,0.2369933429
0.2,3.38,0.3906,-0.4447908481,1.124499812,0.6786686931,0.5301759831,0.00450071706,0.4045415501,0.2603391688,0.5763850743,0.3704225532,0.04734143595,1,-0.165610617,0.3331391527,0.2347457094
0.2,3.39,0.3918,-0.4397522697,1.139497091,0.6810692291,0.533685848,0.004480817818,0.4043849961,0.2581789593,0.5762625865,0.3673388513,0.04786030314,1,-0.1617448395,0.3391121383,0.2324787319
0.2,3.4,0.393,-0.4347191792,1.154715364,0.6834868074,0.5372206306,0.004460471814,0.4042286978,0.2560017439,0.5761399237,0.3642299266,0.04838010889,1,-0.1578802677,0.345135014,0.2301921943
0.2,3.41,0.3942,-0.4296915039,1.170160003,0.6859216101,0.5407805974,0.004439674273,0.4040726517,0.2538073417,0.5760170842,0.3610955165,0.04890085167,1,-0.154016872,0.351208305,0.227885877
0.2,3.42,0.3954,-0.4246691716,1.185836566,0.6883738219,0.5443660184,0.004418420353,0.4039168542,0.251595569,0.5758940666,0.3579353544,0.04942252998,1,-0.1501546231,0.3573325443,0.2255595569
0.2,3.43,0.3966,-0.4196521106,1.201750811,0.6908436303,0.5479771675,0.004396705141,0.403761302,0.2493662396,0.5757708693,0.3547491698,0.04994514233,1,-0.1462934917,0.3635082724,0.2232130075
0.2,3.44,0.3978,-0.4146402496,1.217908699,0.6933312252,0.5516143228,0.004374523655,0.4036059916,0.2471191647,0.5756474907,0.3515366884,0.05046868727,1,-0.1424334486,0.3697360379,0.2208459989
0.2,3.45,0.399,-0.4096335176,1.234316409,0.6958367996,0.5552777661,0.004351870839,0.4034509195,0.2448541525,0.5755239293,0.3482976316,0.05099316336,1,-0.1385744645,0.3760163975,0.2184582974
0.2,3.46,0.4002,-0.4046318442,1.250980345,0.6983605491,0.5589677835,0.004328741565,0.4032960823,0.2425710085,0.5754001835,0.345031717,0.05151856918,1,-0.1347165103,0.3823499158,0.2160496656
0.2,3.47,0.4014,-0.3996351591,1.267907147,0.7009026721,0.5626846651,0.00430513063,0.4031414767,0.2402695355,0.5752762517,0.3417386576,0.05204490332,1,-0.1308595569,0.3887371661,0.2136198625
0.2,3.48,0.4026,-0.3946433926,1.285103707,0.70346337,0.5664287055,0.004281032755,0.4029870994,0.2379495331,0.5751521324,0.3384181626,0.0525721644,1,-0.1270035752,0.39517873,0.2111686431
0.2,3.49,0.4038,-0.3896564754,1.302577175,0.7060428472,0.5702002034,0.004256442582,0.402832947,0.2356107983,0.5750278239,0.3350699365,0.05310035108,1,-0.1231485362,0.4016751978,0.2086957586
0.2,3.5,0.405,-0.3846743384,1.320334978,0.708641311,0.5739994619,0.004231354677,0.4026790161,0.2332531247,0.5749033247,0.3316936796,0.053629462,1,-0.1192944108,0.4082271686,0.2062009562
0.2,3.51,0.4062,-0.3796969132,1.338384831,0.7112589718,0.5778267887,0.004205763524,0.4025253036,0.2308763031,0.5747786331,0.3282890875,0.05415949585,1,-0.1154411703,0.4148352505,0.2036839791
0.2,3.52,0.4074,-0.3747241313,1.356734751,0.7138960432,0.581682496,0.004179663525,0.4023718061,0.2284801212,0.5746537476,0.3248558515,0.05469045133,1,-0.1115887856,0.4215000607,0.2011445661
0.2,3.53,0.4086,-0.369755925,1.375393075,0.7165527418,0.5855669006,0.004153048999,0.4022185204,0.2260643633,0.5745286665,0.3213936579,0.05522232716,1,-0.1077372279,0.4282222257,0.1985824522
0.2,3.54,0.4098,-0.3647922267,1.394368478,0.7192292876,0.5894803241,0.004125914182,0.4020654433,0.2236288107,0.5744033883,0.3179021884,0.05575512208,1,-0.1038864684,0.4350023816,0.1959973678
0.2,3.55,0.411,-0.3598329692,1.413669988,0.7219259037,0.5934230929,0.00409825322,0.4019125716,0.2211732412,0.5742779112,0.31438112,0.05628883484,1,-0.1000364783,0.4418411739,0.1933890388
0.2,3.56,0.4122,-0.3548780855,1.433307006,0.724642817,0.5973955383,0.004070060172,0.4017599021,0.2186974294,0.5741522337,0.3108301245,0.05682346422,1,-0.09618722876,0.4487392583,0.190757187
0.2,3.57,0.4134,-0.3499275093,1.453289329,0.7273802572,0.6013979967,0.00404132901,0.4016074316,0.2162011463,0.5740263541,0.3072488688,0.05735900902,1,-0.09233869118,0.4556973002,0.1881015292
0.2,3.58,0.4146,-0.3449811743,1.473627171,0.730138458,0.6054308094,0.004012053612,0.401455157,0.2136841595,0.5739002708,0.3036370148,0.05789546805,1,-0.08849083682,0.4627159754,0.1854217779
0.2,3.59,0.4158,-0.3400390145,1.494331184,0.7329176565,0.6094943231,0.003982227762,0.4013030752,0.2111462332,0.5737739821,0.2999942189,0.05843284015,1,-0.08464363701,0.4697959701,0.1827176407
0.2,3.6,0.417,-0.3351009646,1.515412487,0.7357180932,0.6135888897,0.003951845152,0.401151183,0.2085871276,0.5736474863,0.2963201324,0.05897112417,1,-0.08079706314,0.4769379811,0.1799888202
0.2,3.61,0.4182,-0.3301669591,1.536882692,0.7385400127,0.6177148666,0.003920899374,0.4009994774,0.2060065996,0.5735207818,0.2926144011,0.05951031899,1,-0.07695108659,0.4841427158,0.1772350142
0.2,3.62,0.4194,-0.3252369331,1.558753932,0.741383663,0.6218726165,0.003889383923,0.4008479553,0.2034044021,0.573393867,0.2888766653,0.06005042348,1,-0.07310567878,0.4914108931,0.1744559153
0.2,3.63,0.4206,-0.3203108221,1.581038897,0.7442492962,0.6260625079,0.003857292194,0.4006966137,0.2007802842,0.57326674,0.2851065596,0.06059143657,1,-0.06926081118,0.4987432425,0.1716512112
0.2,3.64,0.4218,-0.3153885615,1.60375086,0.747137168,0.630284915,0.003824617478,0.4005454494,0.1981339911,0.5731393993,0.281303713,0.06113335717,1,-0.06541645524,0.5061405056,0.1688205841
0.2,3.65,0.423,-0.3104700875,1.62690372,0.7500475385,0.6345402176,0.003791352963,0.4003944596,0.195465264,0.5730118431,0.2774677486,0.06167618423,1,-0.06157258247,0.5136034352,0.1659637108
0.2,3.66,0.4242,-0.305555336,1.650512039,0.7529806716,0.6388288018,0.003757491728,0.4002436411,0.1927738401,0.5728840698,0.2735982834,0.06221991672,1,-0.05772916438,0.5211327961,0.1630802628
0.2,3.67,0.4254,-0.3006442438,1.674591084,0.7559368354,0.6431510595,0.003723026747,0.4000929911,0.1900594523,0.5727560775,0.2696949285,0.06276455361,1,-0.05388617251,0.5287293655,0.1601699056
0.2,3.68,0.4266,-0.2957367474,1.699156876,0.7589163021,0.6475073889,0.003687950879,0.3999425065,0.1873218294,0.5726278646,0.2657572887,0.0633100939,1,-0.05004357841,0.5363939326,0.1572322995
0.2,3.69,0.4278,-0.290832784,1.724226234,0.7619193484,0.6518981945,0.003652256874,0.3997921843,0.184560696,0.5724994294,0.2617849625,0.06385653661,1,-0.04620135366,0.5441272994,0.1542670985
0.2,3.7,0.429,-0.2859322907,1.749816834,0.7649462554,0.6563238871,0.003615937364,0.3996420217,0.1817757719,0.5723707701,0.257777542,0.06440388077,1,-0.04235946985,0.5519302808,0.1512739507
0.2,3.71,0.4302,-0.2810352052,1.775947265,0.7679973085,0.6607848842,0.003578984864,0.3994920157,0.1789667729,0.572241885,0.2537346126,0.06495212544,1,-0.03851789858,0.5598037047,0.1482524983
0.2,3.72,0.4314,-0.2761414653,1.802637094,0.7710727979,0.66528161,0.00354139177,0.3993421633,0.1761334098,0.5721127722,0.2496557531,0.06550126968,1,-0.03467661147,0.5677484126,0.1452023771
0.2,3.73,0.4326,-0.2712510089,1.829906933,0.7741730182,0.6698144954,0.003503150356,0.3991924618,0.173275389,0.5719834302,0.2455405354,0.06605131258,1,-0.03083558015,0.5757652593,0.1421232166
0.2,3.74,0.4338,-0.2663637743,1.857778517,0.7772982691,0.6743839782,0.003464252768,0.3990429082,0.1703924121,0.5718538569,0.2413885246,0.06660225325,1,-0.02699477627,0.583855114,0.1390146395
0.2,3.75,0.435,-0.2614797001,1.886274784,0.7804488547,0.6789905036,0.00342469103,0.3988934996,0.1674841757,0.5717240508,0.2371992784,0.0671540908,1,-0.02315417148,0.5920188597,0.1358762623
0.2,3.76,0.4362,-0.2565987249,1.915419966,0.7836250846,0.6836345238,0.003384457031,0.3987442332,0.1645503716,0.5715940099,0.2329723473,0.06770682437,1,-0.01931373744,0.6002573941,0.1327076943
0.2,3.77,0.4374,-0.2517207878,1.945239687,0.786827273,0.6883164985,0.003343542531,0.3985951062,0.1615906865,0.5714637326,0.2287072747,0.06826045313,1,-0.01547344582,0.6085716296,0.129508538
0.2,3.78,0.4386,-0.2468458279,1.975761073,0.7900557396,0.6930368947,0.003301939153,0.3984461156,0.1586048019,0.5713332169,0.224403596,0.06881497623,1,-0.01163326829,0.6169624939,0.1262783889
0.2,3.79,0.4398,-0.2419737847,2.007012866,0.793310809,0.6977961876,0.003259638382,0.3982972588,0.155592394,0.571202461,0.2200608391,0.06937039288,1,-0.007793176538,0.6254309298,0.123016835
0.2,3.8,0.441,-0.2371045977,2.039025561,0.7965928114,0.7025948597,0.003216631563,0.3981485328,0.1525531337,0.5710714632,0.215678524,0.06992670227,1,-0.003953142244,0.6339778961,0.119723457
0.2,3.81,0.4422,-0.2322382068,2.071831544,0.7999020826,0.7074334019,0.003172909896,0.3979999349,0.1494866863,0.5709402216,0.2112561627,0.07048390363,1,-0.0001131370961,0.6426043675,0.116397828
0.2,3.82,0.4434,-0.2273745519,2.105465254,0.8032389638,0.7123123131,0.003128464435,0.3978514623,0.1463927117,0.5708087343,0.2067932589,0.0710419962,1,0.003726867218,0.6513113351,0.1130395133
0.2,3.83,0.4446,-0.2225135733,2.139963362,0.806603802,0.7172321007,0.003075029604,0.3977031123,0.1432708639,0.5706769995,0.202289308,0.07160097924,1,0.007566899009,0.660099807,0.1096480702
0.2,3.84,0.4458,-0.2176552115,2.175364961,0.8099969499,0.7221932806,0.003021078025,0.397554882,0.1401207911,0.5705450152,0.1977437967,0.07216085202,1,0.01140698659,0.6689708079,0.106223048
0.2,3.85,0.447,-0.2127994069,2.211711785,0.8134187665,0.7271963772,0.00296667061,0.3974067687,0.1369421355,0.5704127797,0.1931562032,0.07272161383,1,0.01524715828,0.6779253804,0.1027639876
0.2,3.86,0.4482,-0.2079461004,2.249048455,0.8168696164,0.7322419242,0.002911801559,0.3972587697,0.1337345332,0.5702802911,0.1885259967,0.07328326397,1,0.01908744239,0.6869645847,0.09927042128
0.2,3.87,0.4494,-0.203095233,2.287422747,0.8203498709,0.737330464,0.002856464971,0.3971108823,0.1304976143,0.5701475473,0.183852637,0.07384580178,1,0.02292786726,0.6960894991,0.09574187285
0.2,3.88,0.4506,-0.1982467457,2.326885893,0.8238599074,0.7424625486,0.002800654846,0.3969631037,0.1272310022,0.5700145466,0.1791355751,0.07440922657,1,0.0267684612,0.7053012207,0.09217785705
0.2,3.89,0.4518,-0.1934005798,2.367492926,0.8274001098,0.7476387392,0.002744365077,0.3968154312,0.1239343141,0.569881287,0.174374252,0.07497353772,1,0.03060925256,0.7146008655,0.08857787955
0.2,3.9,0.453,-0.1885566769,2.409303061,0.8309708687,0.752859607,0.002687589457,0.3966678622,0.1206071604,0.5697477666,0.1695680993,0.0755387346,1,0.03445026969,0.7239895689,0.08494143668
0.2,3.91,0.4542,-0.1837149786,2.452380129,0.8345725813,0.7581257329,0.002630321666,0.3965203939,0.1172491447,0.5696139833,0.1647165387,0.07610481658,1,0.03829154094,0.7334684861,0.08126801522
0.2,3.92,0.4554,-0.1788754266,2.496793067,0.838205652,0.7634377078,0.002572555278,0.3963730236,0.1138598638,0.5694799353,0.1598189814,0.07667178308,1,0.04213309468,0.7430387925,0.07755709219
0.2,3.93,0.4566,-0.1740379629,2.542616475,0.841870492,0.7687961333,0.002514283752,0.3962257487,0.1104389073,0.5693456206,0.1548748288,0.07723963351,1,0.04597495929,0.7527016843,0.07380813457
0.2,3.94,0.4578,-0.1692025295,2.589931253,0.8455675199,0.7742016212,0.002455500434,0.3960785665,0.1069858577,0.5692110373,0.1498834712,0.07780836732,1,0.04981716316,0.7624583787,0.07002059913
0.2,3.95,0.459,-0.1643690688,2.638825331,0.8492971616,0.7796547944,0.002396198551,0.3959314744,0.1035002901,0.5690761832,0.1448442885,0.07837798394,1,0.0536597347,0.7723101146,0.0661939321
0.2,3.96,0.4602,-0.159537523,2.689394497,0.8530598506,0.7851562865,0.002336371211,0.3957844696,0.09998177188,0.5689410565,0.1397566491,0.07894848285,1,0.05750270235,0.782258153,0.062327569
0.2,3.97,0.4614,-0.1547078346,2.74174337,0.8568560281,0.7907067427,0.002276011399,0.3956375497,0.09642986286,0.5688056551,0.1346199105,0.07951986354,1,0.06134609453,0.7923037774,0.05842093431
0.2,3.98,0.4626,-0.1498799464,2.795986509,0.8606861431,0.7963068196,0.002215111975,0.3954907118,0.09284411493,0.5686699769,0.1294334184,0.0800921255,1,0.06518993972,0.8024482945,0.05447344126
0.2,3.99,0.4638,-0.145053801,2.852249713,0.8645506528,0.8019571856,0.00215366567,0.3953439535,0.08922407186,0.56853402,0.1241965069,0.08066526824,1,0.0690342664,0.8126930345,0.05048449151
0.2,4,0.465,-0.1402293413,2.91067154,0.8684500226,0.807658521,0.002091665085,0.3951972721,0.08556926923,0.5683977823,0.1189084978,0.08123929131,1,0.07287910307,0.8230393517,0.04645347486
0.2,4.01,0.4662,-0.1354065104,2.971405084,0.8723847263,0.8134115188,0.002029102684,0.3950506649,0.08187923414,0.5682612618,0.1135687006,0.08181419423,1,0.07672447825,0.8334886252,0.04237976902
0.2,4.02,0.4674,-0.1305852513,3.034620083,0.8763552464,0.8192168843,0.001965970799,0.3949041294,0.07815348506,0.5681244562,0.1081764123,0.08238997659,1,0.08057042049,0.8440422593,0.03826273922
0.2,4.03,0.4686,-0.1257655073,3.100505415,0.880362074,0.8250753358,0.001902261616,0.394757663,0.07439153164,0.5679873637,0.1027309168,0.08296663795,1,0.08441695838,0.8547016841,0.03410173798
0.2,4.04,0.4698,-0.1209472216,3.169272083,0.8844057096,0.8309876048,0.001837967181,0.394611263,0.0705928745,0.5678499819,0.09723148489,0.08354417791,1,0.0882641205,0.865468356,0.02989610472
0.2,4.05,0.471,-0.1161303378,3.241156809,0.8884866627,0.8369544363,0.001773079394,0.3944649269,0.06675700501,0.567712309,0.09167737385,0.08412259607,1,0.0921119355,0.8763437586,0.0256451655
0.2,4.06,0.4722,-0.1113147994,3.31642638,0.8926054522,0.842976589,0.00170759,0.3943186522,0.06288340508,0.5675743426,0.08606782705,0.08470189206,1,0.09596043203,0.8873294032,0.02147890956
0.2,4.07,0.4734,-0.10650055,3.395382961,0.8967626068,0.8490548361,0.001641490596,0.3941724361,0.05897154696,0.5674360807,0.08040207374,0.08528206553,1,0.09980963878,0.898426829,0.02064747865
0.2,4.08,0.4746,-0.1016875332,3.478370634,0.900958665,0.8551899648,0.001574772619,0.3940262762,0.05502089299,0.5672975212,0.07467932868,0.08586311612,1,0.1036595845,0.9096376046,0.019808267
0.2,4.09,0.4758,-0.09687569302,3.565783517,0.9051941755,0.8613827774,0.001507427343,0.3938801699,0.05103089536,0.5671586618,0.0688987918,0.08644504351,1,0.1075102978,0.920963328,0.01896116489
0.2,4.1,0.477,-0.09206497318,3.658075951,0.9094696974,0.8676340913,0.001439445881,0.3937341147,0.04700099591,0.5670195003,0.06305964783,0.08702784739,1,0.1113618077,0.9324056276,0.01810606052
0.2,4.11,0.4782,-0.08725531768,3.755775423,0.9137858003,0.8739447394,0.001370819174,0.3935881079,0.04293062584,0.5668800346,0.05716106598,0.08761152745,1,0.1152141429,0.9439661628,0.01724283994
0.2,4.12,0.4794,-0.08244667056,3.859499146,0.9181430647,0.8803155704,0.001301537993,0.393442147,0.0388192055,0.5667402625,0.05120219955,0.08819608341,1,0.1190673322,0.9556466248,0.01637138707
0.2,4.13,0.4806,-0.07763897593,3.969975625,0.9225420822,0.8867474494,0.001231592931,0.3932962294,0.03466614407,0.5666001817,0.04518218554,0.088781515,1,0.1229214046,0.9674487374,0.01549158356
0.2,4.14,0.4818,-0.07283217795,4.088073117,0.9269834559,0.8932412581,0.001160974399,0.3931503527,0.03047083936,0.5664597899,0.03910014428,0.08936782198,1,0.126776389,0.9793742578,0.01460330882
0.2,4.15,0.483,-0.06802622086,4.21483781,0.9314678005,0.8997978953,0.001089672623,0.3930045143,0.02623267749,0.566319085,0.03295517901,0.0899550041,1,0.1306323143,0.9914249771,0.0137064399
0.2,4.16,0.4842,-0.06322104894,4.351546006,0.9359957426,0.9064182772,0.001017677639,0.3928587116,0.02205618839,0.5661780647,0.02767921283,0.09054306114,1,0.1715379693,1,0.01280085147
0.2,4.17,0.4854,-0.05841660656,4.499776956,0.9405679212,0.9131033379,0.0009449792891,0.3927129421,0.01899660197,0.5660367266,0.02428190119,0.09113199289,1,0.2717990641,1,0.01188641576
0.2,4.18,0.4866,-0.05361283809,4.661517003,0.9451849877,0.91985403,0.0008715672147,0.3925672033,0.01659663596,0.5658950684,0.02151184612,0.09172179918,1,0.3499849998,1,0.01096300246
0.2,4.19,0.4878,-0.04880968798,4.839312724,0.9498476063,0.9266713247,0.0007974308536,0.3924214926,0.01453734855,0.565753088,0.01906263725,0.0923124798,1,0.4166573578,1,0.01003047873
0.2,4.2,0.489,-0.04400710073,5.036503622,0.9545564546,0.9335562126,0.0007225594338,0.3922758076,0.01269438313,0.5656107828,0.0168151067,0.09290403462,1,0.4759436132,1,0.009088709074
0.2,4.21,0.4902,-0.03920502085,5.257589783,0.9593122236,0.940509704,0.0006469419686,0.3921301456,0.01100382192,0.5654681506,0.01470814701,0.09349646347,1,0.5299698346,1,0.008137555287
0.2,4.22,0.4914,-0.0344033929,5.508840889,0.9641156179,0.9475328293,0.0005705672516,0.3919845042,0.009427667812,0.565325189,0.01270551193,0.09408976623,1,0.5800025429,1,0.007176876412
0.2,4.23,0.4926,-0.02960216148,5.799365894,0.9689673568,0.9546266399,0.0004934238504,0.3918388808,0.007941162732,0.5651818956,0.01078363352,0.09468394279,1,0.6268686448,1,0.00620652865
0.2,4.24,0.4938,-0.0248012712,6.14313726,0.9738681736,0.9617922082,0.0004155001017,0.3916932729,0.006527115038,0.565038268,0.008926178812,0.09527899304,1,0.6711434571,1,0.00522636529
0.2,4.25,0.495,-0.02000066671,6.563218805,0.9788188168,0.9690306286,0.0003367841047,0.3915476781,0.005173013815,0.5648943038,0.007121283677,0.09587491689,1,0.7132464499,1,0.00423623664
0.2,4.26,0.4962,-0.01520029266,7.101899599,0.9838200503,0.9763430179,0.0002572637155,0.3914020937,0.003869419868,0.5647500006,0.005360012277,0.09647171429,1,0.7534946808,1,0.003235989949
0.2,4.27,0.4974,-0.01040009374,7.850633731,0.9888726534,0.9837305156,0.0001769265409,0.3912565173,0.002609004409,0.5646053558,0.003635437586,0.09706938516,1,0.7921347511,1,0.002225469328
0.2,4.28,0.4986,-0.005600014635,9.078414285,0.9939774217,0.9911942849,9.575993153e-05,0.3911109463,0.001385942785,0.5644603672,0.001942062145,0.09766792947,1,0.8293629773,1,0.001204515667
0.25,2.37,0.2694,-0.9976688504,-0.9010861301,0.3586962277,0.1932655275,0.01068335047,0.4371652111,0.4330832403,0.6023462913,0.6000684697,0.0001569114628,0.8712224465,-0.9010861301,0,0.432813076
0.25,2.38,0.2706,-0.9915805626,-0.8079367936,0.3741310303,0.2024797136,0.01024260808,0.436905282,0.4292245397,0.6022059297,0.5977649232,0.000568377743,0.8712224465,-0.8079367936,0,0.4282432245
0.25,2.39,0.2718,-0.985509234,-0.7444632067,0.3844901196,0.209008829,0.009966647561,0.4366464381,0.4266347674,0.6020655331,0.5961318233,0.0009810890731,0.8712224465,-0.7444632067,0,0.424936206
0.25,2.4,0.273,-0.9794546823,-0.6922908572,0.3929172277,0.2145328063,0.009752887485,0.4363886664,0.4245279903,0.6019250992,0.5946274361,0.001395040275,0.8712224465,-0.6922908572,0,0.4221060454
0.25,2.41,0.2742,-0.9734167277,-0.6466063283,0.4002363572,0.2194896183,0.009574536255,0.4361319539,0.422698208,0.6017846264,0.5931129033,0.001810226235,0.8712224465,-0.6466063283,0,0.4195466999
0.25,2.42,0.2754,-0.9673951922,-0.6052771373,0.4068127647,0.2240724708,0.009419757306,0.4358762878,0.4210541061,0.6016441125,0.591588194,0.002226641898,0.8712224465,-0.6052771373,0,0.4171668123
0.25,2.43,0.2766,-0.9613899003,-0.5671351857,0.4128466369,0.2283867595,0.009282084847,0.4356216555,0.419545638,0.6015035557,0.5900532774,0.002644282271,0.8712224465,-0.5671351857,0,0.4149162923
0.25,2.44,0.2778,-0.9554006785,-0.531458125,0.4184618404,0.2324973985,0.009157531564,0.4353680447,0.4181418372,0.601362954,0.5885081222,0.003063142424,0.8712224465,-0.531458125,0,0.4127641292
0.25,2.45,0.279,-0.9494273555,-0.4977622385,0.4237413713,0.2364476852,0.009043434915,0.435115443,0.4168219544,0.6012223056,0.5869526971,0.003483217482,0.8712224465,-0.4977622385,0,0.4106895293
0.25,2.46,0.2802,-0.9434697617,-0.4657047454,0.4287440798,0.2402681823,0.008937913532,0.4348638384,0.4155712773,0.6010816085,0.5853869705,0.00390450263,0.8712224465,-0.4657047454,0,0.4086777345
0.25,2.47,0.2814,-0.93752773,-0.4350322095,0.4335135043,0.2439814002,0.008839580485,0.434613219,0.4143557958,0.6009408608,0.5838109106,0.004326993111,0.8766091052,-0.4574970411,0,0.4067178144
0.25,2.48,0.2826,-0.9316010948,-0.4055509569,0.4380829378,0.2476044764,0.00874737905,0.434363573,0.4131358143,0.6008000607,0.5822244853,0.004750684224,0.8827374233,-0.4523705682,0,0.4048013991
0.25,2.49,0.2838,-0.9256896928,-0.3771090107,0.4424785226,0.2511508094,0.008660482524,0.4341148889,0.411910895,0.6006592062,0.5806276622,0.005175571324,0.8888892002,-0.4472482323,0,0.4029219057
0.25,2.5,0.285,-0.9197933624,-0.3495844951,0.4467212369,0.254631105,0.008578229991,0.4338671553,0.4106810325,0.6005182955,0.579020409,0.005601649823,0.8950643123,-0.4421300401,0,0.4010740419
0.25,2.51,0.2862,-0.9139119439,-0.3228778835,0.4508282236,0.2580540752,0.008500083428,0.4336203609,0.4094462212,0.6003773267,0.5774026928,0.006028915185,0.9012626363,-0.4370159981,0,0.3992534735
0.25,2.52,0.2874,-0.9080452795,-0.2969066395,0.4548137086,0.2614269197,0.008425598085,0.4333744945,0.4082064553,0.600236298,0.5757744806,0.006457362928,0.9074840485,-0.431906113,0,0.3974565947
0.25,2.53,0.2886,-0.9021932132,-0.2716014054,0.4586896547,0.2647556687,0.008354401441,0.4331295453,0.4069617289,0.6000952074,0.5741357392,0.006886988624,0.9137284256,-0.426800391,0,0.3956803652
0.25,2.54,0.2898,-0.8963555906,-0.2469032245,0.4624662377,0.2680454314,0.008286177887,0.4328855023,0.4057120357,0.5999540531,0.572486435,0.007317787897,0.9199956443,-0.4216988385,0,0.3939221903
0.25,2.55,0.291,-0.8905322594,-0.2227614742,0.4661522011,0.271300581,0.008220657337,0.432642355,0.4044573695,0.5998128334,0.5708265345,0.007749756422,0.9262855814,-0.4166014618,0,0.3921798332
0.25,2.56,0.2922,-0.8847230686,-0.1991322989,0.4697551249,0.274524895,0.008157606611,0.4324000928,0.4031977236,0.5996715462,0.5691560034,0.008182889926,0.9325981136,-0.4115082669,0,0.3904513468
0.25,2.57,0.2934,-0.8789278692,-0.1759774029,0.4732816329,0.2777216622,0.008096822792,0.4321587053,0.4019330913,0.5995301899,0.5674748077,0.008617184186,0.9389331182,-0.4064192597,0,0.3887350228
0.25,2.58,0.2946,-0.8731465138,-0.153263107,0.4767375545,0.2808937671,0.008038128056,0.4319181822,0.4006634656,0.5993887625,0.5657829128,0.009052635026,0.9452904722,-0.4013344463,0,0.3870293505
0.25,2.59,0.2958,-0.8673788564,-0.1309596013,0.4801280533,0.2840437563,0.007981365567,0.4316785134,0.3993888393,0.5992472622,0.5640802838,0.009489238323,0.951670053,-0.3962538322,0,0.385332985
0.25,2.6,0.297,-0.861624753,-0.1090403471,0.4834577292,0.2871738912,0.007926396209,0.431439689,0.398109205,0.5991056873,0.5623668859,0.00992699,0.9580717383,-0.391177423,0,0.3836447216
0.25,2.61,0.2982,-0.8558840608,-0.08748159271,0.4867307026,0.2902861911,0.007873095926,0.4312016991,0.3968245551,0.5989640358,0.5606423674,0.01036588603,0.9644954057,-0.3861052243,0,0.3819634748
0.25,2.62,0.2994,-0.8501566388,-0.0662619774,0.4899506816,0.2933824681,0.00782135357,0.4309645338,0.3955348817,0.598822306,0.5589053145,0.01080592242,0.9709409334,-0.3810372411,0,0.3802882614
0.25,2.63,0.3006,-0.8444423473,-0.04536220534,0.4931210182,0.2964643561,0.007771069111,0.4307281837,0.3942401768,0.5986804961,0.5571554803,0.01124709525,0.9774081996,-0.3759734786,0,0.3786181865
0.25,2.64,0.3018,-0.8387410483,-0.02476477454,0.4962447553,0.2995333343,0.007722152167,0.4304926392,0.3929404321,0.5985386043,0.5553927697,0.01168940062,0.9838970828,-0.3709139417,0,0.3769524317
0.25,2.65,0.303,-0.8330526053,-0.004453749835,0.4993246655,0.3025907473,0.007674520762,0.430257891,0.3916356389,0.5983966287,0.5536170862,0.0121328347,0.990407462,-0.3658586352,0,0.3752902453
0.25,2.66,0.3042,-0.8273768829,0.01558542828,0.5023632839,0.305637822,0.007628100291,0.4300239297,0.3903257887,0.5982545676,0.5518283322,0.01257739367,0.9969392163,-0.3608075635,0,0.3736309342
0.25,2.67,0.3054,-0.8217137475,0.03536610593,0.5053629364,0.3086756815,0.007582822634,0.4297907463,0.3890103687,0.5981124191,0.5500264087,0.01302307378,1,-0.3564687719,0.001828025942,0.3719738571
0.25,2.68,0.3066,-0.8160630668,0.0549005542,0.5083257628,0.3117053578,0.00753862541,0.4295583318,0.3876866854,0.5979701816,0.5482112157,0.01346987132,1,-0.3527544055,0.005280550741,0.3703184181
0.25,2.69,0.3078,-0.8104247098,0.07420008784,0.5112537383,0.3147278013,0.007495451329,0.4293266771,0.3863542805,0.5978278531,0.5463826519,0.01391778263,1,-0.3490424461,0.008758985886,0.3686640616
0.25,2.7,0.309,-0.8047985469,0.09327516761,0.51414869,0.3177438904,0.007453247644,0.4290957735,0.3850130808,0.5976854319,0.5445406144,0.01436680408,1,-0.3453328657,0.01226354063,0.3670102686
0.25,2.71,0.3102,-0.7991844498,0.1121354889,0.517012313,0.320754439,0.007411965664,0.4288656123,0.3836630123,0.5975429162,0.5426849994,0.01481693207,1,-0.3416256365,0.01579442673,0.3653565517
0.25,2.72,0.3114,-0.7935822915,0.1307900589,0.5198461835,0.3237602031,0.007371560345,0.4286361849,0.3823040001,0.5974003043,0.5408157017,0.01526816308,1,-0.3379207308,0.01935185849,0.3637024528
0.25,2.73,0.3126,-0.7879919464,0.149247264,0.5226517702,0.3267618867,0.007331989923,0.4284074828,0.3809359683,0.5972575943,0.5389326146,0.01572049359,1,-0.3342181211,0.02293605278,0.3620475398
0.25,2.74,0.3138,-0.7824132901,0.1675149289,0.5254304445,0.329760147,0.007293215595,0.4281794976,0.3795588402,0.5971147846,0.5370356302,0.01617392015,1,-0.3305177799,0.02654722908,0.3603914036
0.25,2.75,0.315,-0.7768461994,0.1856003685,0.52818349,0.3327555987,0.007255201241,0.427952221,0.3781725383,0.5969718732,0.5351246392,0.01662843933,1,-0.3268196798,0.03018560952,0.3587336568
0.25,2.76,0.3162,-0.7712905524,0.2035104342,0.5309121098,0.3357488182,0.007217913176,0.4277256449,0.3767769841,0.5968288585,0.533199531,0.01708404776,1,-0.3231237935,0.03385141893,0.3570739308
0.25,2.77,0.3174,-0.7657462284,0.2212515547,0.5336174338,0.338740347,0.00718131993,0.4274997611,0.3753720982,0.5966857386,0.5312601935,0.01754074209,1,-0.3194300937,0.03754488485,0.3554118744
0.25,2.78,0.3186,-0.7602131078,0.2388297717,0.5363005252,0.3417306946,0.007145392056,0.4272745616,0.3739578002,0.5965425119,0.5293065131,0.01799851901,1,-0.3157385534,0.04126623758,0.3537471524
0.25,2.79,0.3198,-0.7546910722,0.2562507732,0.5389623856,0.3447203419,0.007110101956,0.4270500385,0.3725340088,0.5963991765,0.527338375,0.01845737527,1,-0.3120491455,0.04501571023,0.3520794437
0.25,2.8,0.321,-0.7491800044,0.2735199214,0.5416039606,0.3477097427,0.007075423724,0.426826184,0.3711006417,0.5962557306,0.5253556628,0.01891730763,1,-0.3083618431,0.04879353876,0.3504084406
0.25,2.81,0.3222,-0.7436797884,0.2906422794,0.5442261437,0.350699327,0.007041333013,0.4266029903,0.3696576157,0.5961121726,0.5233582586,0.0193783129,1,-0.3046766194,0.052599962,0.3487338473
0.25,2.82,0.3234,-0.7381903092,0.3076226345,0.5468297807,0.3536895022,0.007007806903,0.4263804499,0.3682048465,0.5959685007,0.5213460431,0.01984038793,1,-0.3009934475,0.05643522171,0.347055379
0.25,2.83,0.3246,-0.7327114529,0.3244655189,0.5494156732,0.3566806551,0.006974823797,0.4261585551,0.3667422489,0.595824713,0.5193188953,0.0203035296,1,-0.2973123009,0.06029956262,0.3453727607
0.25,2.84,0.3258,-0.7272431066,0.3411752287,0.5519845822,0.3596731537,0.006942363312,0.4259372985,0.3652697366,0.5956808078,0.5172766929,0.02076773483,1,-0.2936331529,0.06419323247,0.3436857268
0.25,2.85,0.327,-0.7217851587,0.3577558418,0.5545372304,0.3626673487,0.006910406195,0.4257166728,0.3637872223,0.5955367834,0.5152193119,0.02123300058,1,-0.289955977,0.06811648206,0.3419940203
0.25,2.86,0.3282,-0.7163374985,0.3742112326,0.5570743057,0.3656635743,0.006878934233,0.4254966705,0.3622946175,0.595392638,0.5131466267,0.02169932383,1,-0.2862807468,0.07206956528,0.3402973916
0.25,2.87,0.3294,-0.7109000163,0.390545087,0.5595964632,0.36866215,0.006847930185,0.4252772844,0.3607918329,0.5952483699,0.5110585102,0.02216670161,1,-0.282607436,0.07605273918,0.3385955984
0.25,2.88,0.3306,-0.7054726034,0.406760915,0.5621043276,0.3716633814,0.006817377708,0.4250585075,0.359278778,0.5951039773,0.5089548335,0.02263513098,1,-0.2789360182,0.08006626398,0.3368884049
0.25,2.89,0.3318,-0.7000551522,0.4228620624,0.564598495,0.3746675613,0.006787261294,0.4248403326,0.357755361,0.5949594583,0.5068354663,0.02310460903,1,-0.2752664673,0.08411040317,0.3351755814
0.25,2.9,0.333,-0.6946475559,0.4388517221,0.5670795354,0.3776749706,0.00675756622,0.4246227528,0.3562214893,0.5948148114,0.5047002764,0.02357513289,1,-0.2715987572,0.08818542351,0.3334569036
0.25,2.91,0.3342,-0.689249709,0.4547329435,0.5695479935,0.3806858789,0.006728278487,0.4244057612,0.3546770689,0.5946700347,0.5025491299,0.02404669971,1,-0.2679328618,0.09229159509,0.3317321522
0.25,2.92,0.3354,-0.6838615065,0.470508642,0.5720043913,0.3837005457,0.006699384778,0.4241893508,0.3531220048,0.5945251264,0.5003818915,0.0245193067,1,-0.2642687552,0.09642919141,0.3300011128
0.25,2.93,0.3366,-0.6784828448,0.486181607,0.5744492287,0.3867192208,0.006670872413,0.423973515,0.3515562009,0.5943800848,0.4981984236,0.02499295108,1,-0.2606064115,0.1005984894,0.328263575
0.25,2.94,0.3378,-0.6731136207,0.5017545101,0.5768829853,0.3897421449,0.006642729305,0.423758247,0.3499795596,0.5942349082,0.4959985874,0.0254676301,1,-0.2569458049,0.1047997694,0.3265193326
0.25,2.95,0.339,-0.6677537325,0.5172299117,0.5793061216,0.3927695505,0.006614943929,0.4235435402,0.3483919825,0.5940895948,0.4937822418,0.02594334107,1,-0.2532869096,0.1090333155,0.3247681827
0.25,2.96,0.3402,-0.6624030788,0.5326102679,0.58171908,0.395801662,0.006587505282,0.423329388,0.3467933697,0.5939441427,0.4915492444,0.02642008128,1,-0.2496297,0.1132994151,0.3230099259
0.25,2.97,0.3414,-0.6570615596,0.5478979364,0.584122286,0.3988386968,0.006560402855,0.423115784,0.34518362,0.5937985504,0.4892994503,0.02689784812,1,-0.2459741505,0.1175983595,0.3212443658
0.25,2.98,0.3426,-0.6517290753,0.5630951821,0.5865161489,0.4018808652,0.006533626601,0.4229027217,0.3435626313,0.5936528159,0.4870327134,0.02737663895,1,-0.2423202354,0.1219304435,0.3194713086
0.25,2.99,0.3438,-0.6464055276,0.5782041827,0.5889010631,0.404928371,0.006507166911,0.4226901948,0.3419302997,0.5935069375,0.4847488851,0.02785645119,1,-0.2386679294,0.126295966,0.3176905631
0.25,3,0.345,-0.6410908186,0.5932270329,0.5912774089,0.4079814121,0.006481014587,0.422478197,0.3402865206,0.5933609135,0.4824478153,0.02833728228,1,-0.235017207,0.1306952292,0.3159019403
0.25,3.01,0.3462,-0.6357848515,0.6081657494,0.5936455528,0.4110401808,0.006455160818,0.422266722,0.3386311875,0.5932147421,0.4801293517,0.02881912971,1,-0.231368043,0.1351285397,0.3141052533
0.25,3.02,0.3474,-0.6304875304,0.6230222749,0.5960058488,0.4141048638,0.006429597159,0.4220557637,0.3369641929,0.5930684215,0.47779334,0.02930199098,1,-0.2277204119,0.1395962078,0.3123003171
0.25,3.03,0.3486,-0.6251987598,0.637798482,0.5983586389,0.417175643,0.006404315511,0.4218453159,0.335285428,0.59292195,0.475439624,0.02978586362,1,-0.2240742886,0.1440985477,0.3104869481
0.25,3.04,0.3498,-0.6199184453,0.6524961768,0.6007042534,0.4202526957,0.006379308104,0.4216353727,0.3335947822,0.5927753257,0.4730680454,0.03027074519,1,-0.220429648,0.1486358778,0.3086649645
0.25,3.05,0.351,-0.6146464932,0.6671171024,0.6030430122,0.4233361946,0.006354567476,0.421425928,0.3318921439,0.592628547,0.4706784437,0.0307566333,1,-0.216786465,0.1532085206,0.3068341855
0.25,3.06,0.3522,-0.6093828107,0.6816629422,0.6053752247,0.4264263083,0.006330086459,0.4212169759,0.3301774,0.592481612,0.4682706563,0.03124352555,1,-0.2131447144,0.1578168029,0.3049944317
0.25,3.07,0.3534,-0.6041273054,0.6961353224,0.6077011905,0.4295232014,0.006305858162,0.4210085105,0.3284504357,0.5923345189,0.4658445187,0.0317314196,1,-0.2095043714,0.1624610555,0.3031455244
0.25,3.08,0.3546,-0.598879886,0.7105358154,0.6100212001,0.4326270351,0.00628187596,0.4208005261,0.3267111351,0.592187266,0.4633998639,0.03222031313,1,-0.205865411,0.1671416139,0.3012872859
0.25,3.09,0.3558,-0.5936404617,0.7248659419,0.6123355353,0.4357379669,0.006258133476,0.4205930168,0.3249593805,0.5920398515,0.4609365228,0.03271020385,1,-0.2022278083,0.1718588176,0.2994195392
0.25,3.1,0.357,-0.5884089425,0.7391271735,0.6146444692,0.438856151,0.006234624574,0.4203859769,0.3231950527,0.5918922736,0.4584543241,0.03320108947,1,-0.1985915385,0.1766130108,0.2975421078
0.25,3.11,0.3582,-0.583185239,0.7533209353,0.6169482673,0.4419817387,0.006211343341,0.4201794009,0.3214180312,0.5917445305,0.4559530941,0.03369296778,1,-0.1949565769,0.1814045422,0.2956548157
0.25,3.12,0.3594,-0.5779692628,0.7674486077,0.6192471873,0.4451148783,0.006188284082,0.4199732831,0.3196281936,0.5915966204,0.4534326567,0.03418583655,1,-0.1913228988,0.1862337651,0.2937574871
0.25,3.13,0.3606,-0.5727609259,0.7815115284,0.6215414799,0.4482557153,0.006165441304,0.4197676179,0.3178254162,0.5914485416,0.4508928338,0.03467969359,1,-0.1876904795,0.1911010373,0.2918499465
0.25,3.14,0.3618,-0.5675601409,0.7955109946,0.6238313886,0.4514043928,0.006142809712,0.4195623998,0.3160095735,0.5913002921,0.4483334444,0.03517453675,1,-0.1840592944,0.1960067218,0.2899320184
0.25,3.15,0.363,-0.5623668213,0.8094482648,0.6261171505,0.4545610513,0.006120384195,0.4193576235,0.3141805383,0.5911518704,0.4457543055,0.0356703639,1,-0.1804293189,0.200951186,0.2880035274
0.25,3.16,0.3642,-0.5571808812,0.8233245601,0.6283989966,0.4577258291,0.00609815982,0.4191532835,0.312338182,0.5910032744,0.4431552313,0.03616717292,1,-0.1768005285,0.2059348024,0.2860642978
0.25,3.17,0.3654,-0.5520022352,0.8371410664,0.6306771517,0.4608988624,0.006076131824,0.4189493744,0.3104823739,0.5908545024,0.4405360337,0.03666496174,1,-0.1731728988,0.2109579485,0.2841141539
0.25,3.18,0.3666,-0.5468307987,0.8508989352,0.6329518349,0.4640802853,0.006054295605,0.418745891,0.3086129819,0.5907055526,0.4378965218,0.0371637283,1,-0.1695464054,0.2160210068,0.2821529194
0.25,3.19,0.3678,-0.5416664876,0.8645992858,0.63522326,0.46727023,0.006032646714,0.418542828,0.306729872,0.5905564233,0.4352365024,0.03766347057,1,-0.1659210239,0.221124365,0.2801804178
0.25,3.2,0.369,-0.5365092185,0.8782432063,0.6374916354,0.4704688269,0.006011180853,0.4183401802,0.3048329085,0.5904071125,0.4325557795,0.03816418654,1,-0.1622967299,0.2262684162,0.278196472
0.25,3.21,0.3702,-0.5313589085,0.8918317545,0.6397571645,0.4736762046,0.005989893861,0.4181379425,0.3029219536,0.5902576184,0.4298541543,0.03866587424,1,-0.1586734992,0.2314535585,0.2762009043
0.25,3.22,0.3714,-0.5262154754,0.9053659599,0.6420200462,0.4768924903,0.005968781714,0.4179361097,0.300996868,0.5901079392,0.4271314254,0.0391685317,1,-0.1550513076,0.2366801957,0.2741935364
0.25,3.23,0.3726,-0.5210788376,0.9188468243,0.6442804746,0.4801178096,0.005947840519,0.4177346767,0.2990575103,0.5899580732,0.4243873887,0.039672157,1,-0.1514301308,0.241948737,0.272174189
0.25,3.24,0.3738,-0.5159489139,0.932275323,0.6465386393,0.4833522867,0.005927066503,0.4175336385,0.2971037374,0.5898080184,0.421621837,0.04017674822,1,-0.1478099446,0.2472595971,0.2701426822
0.25,3.25,0.375,-0.5108256238,0.9456524061,0.648794726,0.4865960445,0.005906456015,0.4173329901,0.295135404,0.589657773,0.4188345607,0.0406823035,1,-0.1441907251,0.2526131967,0.2680988351
0.25,3.26,0.3762,-0.5057088873,0.958978999,0.6510489162,0.4898492046,0.005886005516,0.4171327266,0.2931523629,0.5895073351,0.4160253467,0.04118882096,1,-0.140572448,0.258009962,0.2660424657
0.25,3.27,0.3774,-0.5005986251,0.9722560039,0.6533013876,0.4931118874,0.005865711576,0.4169328431,0.291154465,0.589356703,0.4131939794,0.04169629877,1,-0.1369550894,0.2634503252,0.2639733909
0.25,3.28,0.3786,-0.4954947582,0.9854843002,0.6555523143,0.4963842124,0.00584557087,0.4167333347,0.2891415591,0.5892058747,0.4103402399,0.04220473512,1,-0.1333386251,0.2689347244,0.2618914266
0.25,3.29,0.3798,-0.4903972083,0.9986647457,0.6578018665,0.4996662978,0.005825580174,0.4165341966,0.2871134919,0.5890548484,0.4074639065,0.04271412822,1,-0.1297230314,0.2744636041,0.2597963873
0.25,3.3,0.381,-0.4853058976,1.011888683,0.6600568954,0.5029633543,0.00580547364,0.416335424,0.2850701079,0.5889036223,0.4045647541,0.0432244763,1,-0.1261082842,0.2800374145,0.2576864153
0.25,3.31,0.3822,-0.4802207487,1.025291353,0.6623273521,0.5062830279,0.005784862113,0.4161370121,0.2830112496,0.5887521944,0.4016425546,0.04373577762,1,-0.1224943595,0.2856566125,0.2555588755
0.25,3.32,0.3834,-0.4751416848,1.03887791,0.6646134824,0.5096256183,0.005763736979,0.4159389563,0.2809367572,0.5886005629,0.3986970766,0.04424803047,1,-0.1188812337,0.2913216613,0.2534135571
0.25,3.33,0.3846,-0.4700686297,1.052652483,0.6669154493,0.5129913636,0.005742092903,0.4157412518,0.2788464687,0.5884487259,0.3957280855,0.04476123313,1,-0.1152688827,0.2970330306,0.2512502675
0.25,3.34,0.3858,-0.4650015075,1.066619337,0.6692334179,0.5163805052,0.005719924474,0.415543894,0.27674022,0.5882966816,0.3927353433,0.04527538395,1,-0.1116572828,0.3027911966,0.2490688113
0.25,3.35,0.387,-0.4599402429,1.080782875,0.6715675556,0.519793288,0.005697226203,0.4153468783,0.2746178443,0.5881444279,0.3897186086,0.04579048126,1,-0.1080464102,0.3085966425,0.2468689903
0.25,3.36,0.3882,-0.454884761,1.095147641,0.6739180322,0.5232299602,0.00567399253,0.4151502002,0.2724791729,0.5879919631,0.3866776366,0.04630652343,1,-0.1044362412,0.3144498583,0.2446506031
0.25,3.37,0.3894,-0.4498349874,1.109718335,0.6762850198,0.5266907735,0.005650217811,0.4149538551,0.2703240344,0.5878392852,0.3836121789,0.04682350886,1,-0.100826752,0.3203513408,0.2424134452
0.25,3.38,0.3906,-0.4447908481,1.124499812,0.6786686931,0.5301759831,0.005625896326,0.4147578386,0.2681522552,0.5876863924,0.3805219836,0.04734143595,1,-0.09721791891,0.3263015941,0.2401573092
0.25,3.39,0.3918,-0.4397522697,1.139497091,0.6810692291,0.533685848,0.005601022272,0.4145621461,0.2659636589,0.5875332826,0.3774067953,0.04786030314,1,-0.0936097183,0.3323011294,0.2378819844
0.25,3.4,0.393,-0.4347191792,1.154715364,0.6834868074,0.5372206306,0.005575589767,0.4143667732,0.263758067,0.5873799541,0.3742663545,0.04838010889,1,-0.0900021265,0.3383504655,0.2355872567
0.25,3.41,0.3942,-0.4296915039,1.170160003,0.6859216101,0.5407805974,0.005549592841,0.4141717155,0.2615352981,0.5872264047,0.3711003983,0.04890085167,1,-0.08639511989,0.3444501285,0.233272909
0.25,3.42,0.3954,-0.4246691716,1.185836566,0.6883738219,0.5443660184,0.005523025441,0.4139769687,0.2592951684,0.5870726327,0.3679086598,0.04942252998,1,-0.08278867487,0.350600652,0.2309387207
0.25,3.43,0.3966,-0.4196521106,1.201750811,0.6908436303,0.5479771675,0.005495881427,0.4137825284,0.2570374913,0.5869186361,0.3646908683,0.04994514233,1,-0.07918276785,0.3568025777,0.2285844677
0.25,3.44,0.3978,-0.4146402496,1.217908699,0.6933312252,0.5516143228,0.005468154569,0.4135883904,0.2547620777,0.5867644129,0.3614467491,0.05046868727,1,-0.07557737528,0.3630564549,0.2262099224
0.25,3.45,0.399,-0.4096335176,1.234316409,0.6958367996,0.5552777661,0.005439838549,0.4133945502,0.2524687354,0.5866099611,0.3581760234,0.05099316336,1,-0.07197247362,0.3693628411,0.2238148538
0.25,3.46,0.4002,-0.4046318442,1.250980345,0.6983605491,0.5589677835,0.005410926957,0.4132010038,0.2501572698,0.5864552789,0.3548784083,0.05151856918,1,-0.06836803936,0.3757223021,0.2213990272
0.25,3.47,0.4014,-0.3996351591,1.267907147,0.7009026721,0.5626846651,0.005381413288,0.4130077468,0.2478274833,0.5863003641,0.3515536167,0.05204490332,1,-0.06476404898,0.3821354117,0.2189622041
0.25,3.48,0.4026,-0.3946433926,1.285103707,0.70346337,0.5664287055,0.005351290943,0.4128147752,0.2454791752,0.586145215,0.3482013573,0.0525721644,1,-0.061160479,0.3886027526,0.2165041423
0.25,3.49,0.4038,-0.3896564754,1.302577175,0.7060428472,0.5702002034,0.005320553227,0.4126220846,0.2431121421,0.5859898294,0.3448213345,0.05310035108,1,-0.05755730597,0.3951249158,0.2140245957
0.25,3.5,0.405,-0.3846743384,1.320334978,0.708641311,0.5739994619,0.005289193346,0.4124296711,0.2407261775,0.5858342053,0.3414132481,0.053629462,1,-0.05395450642,0.4017025013,0.2115233145
0.25,3.51,0.4062,-0.3796969132,1.338384831,0.7112589718,0.5778267887,0.005257204405,0.4122375304,0.2383210718,0.5856783409,0.3379767936,0.05415949585,1,-0.05035205693,0.408336118,0.2090000446
0.25,3.52,0.4074,-0.3747241313,1.356734751,0.7138960432,0.581682496,0.005224579406,0.4120456585,0.2358966123,0.585522234,0.3345116617,0.05469045133,1,-0.04674993406,0.4150263839,0.2064545281
0.25,3.53,0.4086,-0.369755925,1.375393075,0.7165527418,0.5855669006,0.005191311249,0.4118540514,0.2334525833,0.5853658826,0.3310175386,0.05522232716,1,-0.04314811441,0.4217739265,0.2038865026
0.25,3.54,0.4098,-0.3647922267,1.394368478,0.7192292876,0.5894803241,0.005157392727,0.4116627051,0.2309887654,0.5852092848,0.3274941058,0.05575512208,1,-0.03954657458,0.4285793826,0.2012957018
0.25,3.55,0.411,-0.3598329692,1.413669988,0.7219259037,0.5934230929,0.005122816524,0.4114716154,0.2285049365,0.5850524385,0.3239410397,0.05628883484,1,-0.03594529117,0.4354433985,0.1986818549
0.25,3.56,0.4122,-0.3548780855,1.433307006,0.724642817,0.5973955383,0.005087575216,0.4112807785,0.2260008706,0.5848953416,0.3203580119,0.05682346422,1,-0.03234424082,0.4423666308,0.1960446867
0.25,3.57,0.4134,-0.3499275093,1.453289329,0.7273802572,0.6013979967,0.005051661263,0.4110901904,0.2234763385,0.5847379921,0.3167446891,0.05735900902,1,-0.02874340015,0.4493497457,0.1933839176
0.25,3.58,0.4146,-0.3449811743,1.473627171,0.730138458,0.6054308094,0.005015067015,0.4108998472,0.2209311077,0.584580388,0.3131007328,0.05789546805,1,-0.0251427458,0.4563934198,0.1906992632
0.25,3.59,0.4158,-0.3400390145,1.494331184,0.7329176565,0.6094943231,0.004977784703,0.4107097449,0.2183649418,0.5844225271,0.309425799,0.05843284015,1,-0.02154225442,0.46349834,0.1879904346
0.25,3.6,0.417,-0.3351009646,1.515412487,0.7357180932,0.6135888897,0.00493980644,0.4105198797,0.2157776009,0.5842644074,0.3057195389,0.05897112417,1,-0.01794190266,0.4706652039,0.1852571381
0.25,3.61,0.4182,-0.3301669591,1.536882692,0.7385400127,0.6177148666,0.004901124217,0.4103302477,0.2131688415,0.5841060268,0.3019815977,0.05951031899,1,-0.01434166719,0.47789472,0.182499075
0.25,3.62,0.4194,-0.3252369331,1.558753932,0.741383663,0.6218726165,0.004861729904,0.4101408451,0.2105384163,0.5839473832,0.2982116157,0.06005042348,1,-0.01074152465,0.4851876076,0.1797159417
0.25,3.63,0.4206,-0.3203108221,1.581038897,0.7442492962,0.6260625079,0.004821615242,0.409951668,0.207886074,0.5837884745,0.294409227,0.06059143657,1,-0.007141451721,0.4925445972,0.1769074295
0.25,3.64,0.4218,-0.3153885615,1.60375086,0.747137168,0.630284915,0.004780771848,0.4097627127,0.2052115596,0.5836292986,0.2905740603,0.06113335717,1,-0.003541425071,0.4999664311,0.1740732246
0.25,3.65,0.423,-0.3104700875,1.62690372,0.7500475385,0.6345402176,0.004739191203,0.4095739754,0.202514614,0.5834698534,0.2867057384,0.06167618423,1,5.857863002e-05,0.5074538629,0.1712130078
0.25,3.66,0.4242,-0.305555336,1.650512039,0.7529806716,0.6388288018,0.00469686466,0.4093854523,0.199794974,0.5833101367,0.2828038779,0.06221991672,1,0.003658582711,0.5150076583,0.1683264544
0.25,3.67,0.4254,-0.3006442438,1.674591084,0.7559368354,0.6431510595,0.004653783433,0.4091971398,0.1970523724,0.5831501464,0.2788680897,0.06276455361,1,0.0072586105,0.522628595,0.1654132343
0.25,3.68,0.4266,-0.2957367474,1.699156876,0.7589163021,0.6475073889,0.004609938599,0.409009034,0.1942865375,0.5829898803,0.2748979783,0.0633100939,1,0.01085868533,0.5303174632,0.1624730119
0.25,3.69,0.4278,-0.290832784,1.724226234,0.7619193484,0.6518981945,0.004565321092,0.4088211313,0.1914971937,0.5828293363,0.2708931418,0.06385653661,1,0.01445883052,0.5380750656,0.1595054455
0.25,3.7,0.429,-0.2859322907,1.749816834,0.7649462554,0.6563238871,0.004519921705,0.408633428,0.1886840605,0.5826685121,0.2668531719,0.06440388077,1,0.01805906941,0.5459022178,0.1565101878
0.25,3.71,0.4302,-0.2810352052,1.775947265,0.7679973085,0.6607848842,0.00447373108,0.4084459205,0.1858468534,0.5825074057,0.2627776539,0.06495212544,1,0.02165942535,0.5537997486,0.1534868854
0.25,3.72,0.4314,-0.2761414653,1.802637094,0.7710727979,0.66528161,0.004426739713,0.4082586051,0.1829852829,0.5823460148,0.2586661661,0.06550126968,1,0.02525992166,0.5617685001,0.1504351787
0.25,3.73,0.4326,-0.2712510089,1.829906933,0.7741730182,0.6698144954,0.004378937944,0.4080714782,0.1800990552,0.5821843372,0.2545182802,0.06605131258,1,0.02886058171,0.569809328,0.1473547019
0.25,3.74,0.4338,-0.2663637743,1.857778517,0.7772982691,0.6743839782,0.004330315961,0.4078845362,0.1771878715,0.5820223706,0.2503335608,0.06660225325,1,0.03246142883,0.577923102,0.1442450827
0.25,3.75,0.435,-0.2614797001,1.886274784,0.7804488547,0.6789905036,0.004280863787,0.4076977754,0.1742514281,0.581860113,0.2461115654,0.0671540908,1,0.0360624864,0.5861107061,0.1411059425
0.25,3.76,0.4362,-0.2565987249,1.915419966,0.7836250846,0.6836345238,0.004230571289,0.4075111924,0.1712894166,0.5816975619,0.2418518442,0.06770682437,1,0.03966377778,0.5943730386,0.1379368956
0.25,3.77,0.4374,-0.2517207878,1.945239687,0.786827273,0.6883164985,0.004179428164,0.4073247836,0.1683015233,0.5815347152,0.2375539402,0.06826045313,1,0.04326532636,0.6027110127,0.1347375498
0.25,3.78,0.4386,-0.2468458279,1.975761073,0.7900557396,0.6930368947,0.004127423941,0.4071385454,0.1652874294,0.5813715706,0.2332173885,0.06881497623,1,0.04686715551,0.6111255568,0.1315075059
0.25,3.79,0.4398,-0.2419737847,2.007012866,0.793310809,0.6977961876,0.004074547977,0.4069524744,0.1622468109,0.5812081258,0.2288417166,0.06937039288,1,0.05046928864,0.6196176144,0.1282463572
0.25,3.8,0.441,-0.2371045977,2.039025561,0.7965928114,0.7025948597,0.004020789453,0.4067665669,0.1591793384,0.5810443785,0.2244264444,0.06992670227,1,0.05407174915,0.6281881451,0.1249536902
0.25,3.81,0.4422,-0.2322382068,2.071831544,0.7999020826,0.7074334019,0.00396613737,0.4065808195,0.1560846769,0.5808803265,0.2199710833,0.07048390363,1,0.05767456049,0.6368381243,0.1216290836
0.25,3.82,0.4434,-0.2273745519,2.105465254,0.8032389638,0.7123123131,0.003910580544,0.4063952288,0.152962486,0.5807159673,0.2154751368,0.0710419962,1,0.06127774607,0.645568544,0.1182721085
0.25,3.83,0.4446,-0.2225135733,2.139963362,0.806603802,0.7172321007,0.003843787006,0.4062097912,0.1498124193,0.5805512988,0.2109380999,0.07160097924,1,0.06488132935,0.6543804126,0.1148823282
0.25,3.84,0.4458,-0.2176552115,2.175364961,0.8099969499,0.7221932806,0.003776347531,0.4060245034,0.1466341248,0.5803863185,0.2063594591,0.07216085202,1,0.06848533381,0.6632747559,0.1114592981
0.25,3.85,0.447,-0.2127994069,2.211711785,0.8134187665,0.7271963772,0.003708338262,0.4058393618,0.1434272444,0.5802210242,0.2017386921,0.07272161383,1,0.07208978292,0.6722526169,0.1080025654
0.25,3.86,0.4482,-0.2079461004,2.249048455,0.8168696164,0.7322419242,0.003639751949,0.4056543631,0.1401914141,0.5800554133,0.1970752677,0.07328326397,1,0.07569470018,0.6813150568,0.1045116689
0.25,3.87,0.4494,-0.203095233,2.287422747,0.8203498709,0.737330464,0.003570581214,0.4054695038,0.1369262633,0.5798894837,0.1923686457,0.07384580178,1,0.07930010912,0.6904631545,0.1009861389
0.25,3.88,0.4506,-0.1982467457,2.326885893,0.8238599074,0.7424625486,0.003500818557,0.4052847805,0.1336314154,0.5797232328,0.1876182764,0.07440922657,1,0.08290603328,0.6996980078,0.09742549677
0.25,3.89,0.4518,-0.1934005798,2.367492926,0.8274001098,0.7476387392,0.003430456347,0.4051001899,0.1303064871,0.5795566582,0.1828236008,0.07497353772,1,0.08651249621,0.7090207334,0.09382925521
0.25,3.9,0.453,-0.1885566769,2.409303061,0.8309708687,0.752859607,0.003359486821,0.4049157286,0.1269510887,0.5793897577,0.1779840499,0.0755387346,1,0.09011952149,0.7184324674,0.09019691759
0.25,3.91,0.4542,-0.1837149786,2.452380129,0.8345725813,0.7581257329,0.003287902082,0.4047313932,0.1235648235,0.5792225286,0.173099045,0.07610481658,1,0.09372713272,0.7279343657,0.08652797794
0.25,3.92,0.4554,-0.1788754266,2.496793067,0.838205652,0.7634377078,0.003215694097,0.4045471804,0.1201472879,0.5790549686,0.1681679973,0.07667178308,1,0.09733535354,0.7375276044,0.08282192068
0.25,3.93,0.4566,-0.1740379629,2.542616475,0.841870492,0.7687961333,0.00314285469,0.4043630868,0.1166980712,0.5788870753,0.1631903075,0.07723963351,1,0.1009442076,0.7472133804,0.07907822041
0.25,3.94,0.4578,-0.1692025295,2.589931253,0.8455675199,0.7742016212,0.003069375542,0.404179109,0.1132167557,0.5787188461,0.1581653658,0.07780836732,1,0.1045537185,0.7569929116,0.07529634169
0.25,3.95,0.459,-0.1643690688,2.638825331,0.8492971616,0.7796547944,0.002995248188,0.4039952439,0.1097029161,0.5785502785,0.1530925515,0.07837798394,1,0.1081639101,0.7668674376,0.07147573874
0.25,3.96,0.4602,-0.159537523,2.689394497,0.8530598506,0.7851562865,0.002920464014,0.403811488,0.1061561196,0.5783813701,0.147971233,0.07894848285,1,0.111774806,0.7768382201,0.06761585527
0.25,3.97,0.4614,-0.1547078346,2.74174337,0.8568560281,0.7907067427,0.002845014249,0.403627838,0.1025759256,0.5782121183,0.1428007671,0.07951986354,1,0.1153864299,0.7869065433,0.06371612416
0.25,3.98,0.4626,-0.1498799464,2.795986509,0.8606861431,0.7963068196,0.002768889969,0.4034442907,0.09896188577,0.5780425207,0.1375804994,0.0800921255,1,0.1189988058,0.7970737146,0.05977596724
0.25,3.99,0.4638,-0.145053801,2.852249713,0.8645506528,0.8019571856,0.002692082088,0.4032608428,0.09531354357,0.5778725745,0.1323097635,0.08066526824,1,0.1226119573,0.8073410647,0.05579479499
0.25,4,0.465,-0.1402293413,2.91067154,0.8684500226,0.807658521,0.002614581356,0.403077491,0.09163043426,0.5777022774,0.1269878809,0.08123929131,1,0.1262259083,0.8177099489,0.05177200627
0.25,4.01,0.4662,-0.1354065104,2.971405084,0.8723847263,0.8134115188,0.002536378355,0.4028942321,0.08791208465,0.5775316267,0.1216141607,0.08181419423,1,0.1298406827,0.8281817467,0.04770698806
0.25,4.02,0.4674,-0.1305852513,3.034620083,0.8763552464,0.8192168843,0.002457463498,0.4027110627,0.08415801292,0.5773606198,0.1161878996,0.08238997659,1,0.1334563044,0.8387578632,0.04359911512
0.25,4.03,0.4686,-0.1257655073,3.100505415,0.880362074,0.8250753358,0.00237782702,0.4025279796,0.08036772843,0.577189254,0.1107083812,0.08296663795,1,0.1370727973,0.8494397291,0.03944774973
0.25,4.04,0.4698,-0.1209472216,3.169272083,0.8844057096,0.8309876048,0.002297458977,0.4023449797,0.07654073148,0.5770175269,0.1051748758,0.08354417791,1,0.1406901855,0.8602288016,0.03525224133
0.25,4.05,0.471,-0.1161303378,3.241156809,0.8884866627,0.8369544363,0.002216349242,0.4021620596,0.07267651314,0.5768454357,0.0995866404,0.08412259607,1,0.1443084929,0.871126565,0.03101192624
0.25,4.06,0.4722,-0.1113147994,3.31642638,0.8926054522,0.842976589,0.002134487501,0.4019792161,0.06877455504,0.5766729778,0.09394291797,0.08470189206,1,0.1479277435,0.8821345311,0.02684863695
0.25,4.07,0.4734,-0.10650055,3.395382961,0.8967626068,0.8490548361,0.002051863246,0.4017964461,0.06483432911,0.5765001504,0.0882429374,0.08528206553,1,0.1515479615,0.8932542399,0.02580934831
0.25,4.08,0.4746,-0.1016875332,3.478370634,0.900958665,0.8551899648,0.001968465773,0.4016137462,0.06085529738,0.576326951,0.0824859131,0.08586311612,1,0.1551691709,0.9044872606,0.02476033375
0.25,4.09,0.4758,-0.09687569302,3.565783517,0.9051941755,0.8613827774,0.001884284179,0.4014311133,0.05683691177,0.5761533767,0.07667104461,0.08644504351,1,0.158791396,0.915835192,0.02370145612
0.25,4.1,0.477,-0.09206497318,3.658075951,0.9094696974,0.8676340913,0.001799307351,0.4012485442,0.0527786138,0.5759794249,0.07079751631,0.08702784739,1,0.1624146609,0.927299663,0.02263257565
0.25,4.11,0.4782,-0.08725531768,3.755775423,0.9137858003,0.8739447394,0.001713523968,0.4010660357,0.04867983437,0.5758050928,0.06486449705,0.08761152745,1,0.1660389899,0.9388823337,0.02155354993
0.25,4.12,0.4794,-0.08244667056,3.859499146,0.9181430647,0.8803155704,0.001626922492,0.4008835846,0.04453999351,0.5756303776,0.05887113974,0.08819608341,1,0.1696644072,0.9505848961,0.02046423384
0.25,4.13,0.4806,-0.07763897593,3.969975625,0.9225420822,0.8867474494,0.001539491164,0.4007011877,0.04035850011,0.5754552766,0.05281658102,0.088781515,1,0.1732909373,0.9624090746,0.01936447945
0.25,4.14,0.4818,-0.07283217795,4.088073117,0.9269834559,0.8932412581,0.001451217998,0.4005188418,0.03613475168,0.5752797869,0.04669994083,0.08936782198,1,0.1769186043,0.9743566269,0.01825413603
0.25,4.15,0.483,-0.06802622086,4.21483781,0.9314678005,0.8997978953,0.001362090778,0.4003365438,0.03186813403,0.5751039058,0.04052032203,0.0899550041,1,0.1805474329,0.986429345,0.01713304988
0.25,4.16,0.4842,-0.06322104894,4.351546006,0.9359957426,0.9064182772,0.001272097049,0.4001542904,0.02755802099,0.5749276303,0.03459901604,0.09054306114,1,0.1841774473,0.9986290558,0.01600106434
0.25,4.17,0.4854,-0.05841660656,4.499776956,0.9405679212,0.9131033379,0.001181224111,0.3999720786,0.02374575246,0.5747509577,0.03035237649,0.09113199289,1,0.2717990641,1,0.0148580197
0.25,4.18,0.4866,-0.05361283809,4.661517003,0.9451849877,0.91985403,0.001089459018,0.3997899051,0.02074579496,0.574573885,0.02688980765,0.09172179918,1,0.3499849998,1,0.01370375308
0.25,4.19,0.4878,-0.04880968798,4.839312724,0.9498476063,0.9266713247,0.000996788567,0.3996077667,0.01817168569,0.5743964094,0.02382829656,0.0923124798,1,0.4166573578,1,0.01253809842
0.25,4.2,0.489,-0.04400710073,5.036503622,0.9545564546,0.9335562126,0.0009031992922,0.3994256604,0.01586797891,0.574218528,0.02101888337,0.09290403462,1,0.4759436132,1,0.01136088634
0.25,4.21,0.4902,-0.03920502085,5.257589783,0.9593122236,0.940509704,0.0008086774608,0.3992435829,0.0137547774,0.5740402377,0.01838518376,0.09349646347,1,0.5299698346,1,0.01017194411
0.25,4.22,0.4914,-0.0344033929,5.508840889,0.9641156179,0.9475328293,0.0007132090645,0.3990615311,0.01178458477,0.5738615357,0.01588188991,0.09408976623,1,0.5800025429,1,0.008971095516
0.25,4.23,0.4926,-0.02960216148,5.799365894,0.9689673568,0.9546266399,0.000616779813,0.3988795019,0.009926453415,0.5736824189,0.0134795419,0.09468394279,1,0.6268686448,1,0.007758160812
0.25,4.24,0.4938,-0.0248012712,6.14313726,0.9738681736,0.9617922082,0.0005193751271,0.3986974921,0.008158893798,0.5735028845,0.01115772351,0.09527899304,1,0.6711434571,1,0.006532956612
0.25,4.25,0.495,-0.02000066671,6.563218805,0.9788188168,0.9690306286,0.0004209801308,0.3985154985,0.006466267268,0.5733229292,0.008901604596,0.09587491689,1,0.7132464499,1,0.0052952958
0.25,4.26,0.4962,-0.01520029266,7.101899599,0.9838200503,0.9763430179,0.0003215796444,0.398333518,0.004836774835,0.5731425502,0.006700015346,0.09647171429,1,0.7534946808,1,0.004044987437
0.25,4.27,0.4974,-0.01040009374,7.850633731,0.9888726534,0.9837305156,0.0002211581761,0.3981515475,0.003261255511,0.5729617443,0.004544296983,0.09706938516,1,0.7921347511,1,0.00278183666
0.25,4.28,0.4986,-0.005600014635,9.078414285,0.9939774217,0.9911942849,0.0001196999144,0.3979695838,0.001732428481,0.5727805084,0.002427577682,0.09766792947,1,0.8293629773,1,0.001505644584
0.3,2.37,0.2694,-0.9976688504,-0.9010861301,0.3586962277,0.1932655275,0.01282002056,0.4518629741,0.4469646091,0.6165795891,0.6138462032,0.0001569114628,0.8712224465,-0.9010861301,0,0.4467124557
0.3,2.38,0.2706,-0.9915805626,-0.8079367936,0.3741310303,0.2024797136,0.01229112969,0.4515510591,0.4423341684,0.6164111553,0.6110819474,0.000568377743,0.8712224465,-0.8079367936,0,0.4414182742
0.3,2.39,0.2718,-0.985509234,-0.7444632067,0.3844901196,0.209008829,0.01195997707,0.4512404465,0.4392264416,0.6162426792,0.6091232128,0.0009810890731,0.8712224465,-0.7444632067,0,0.4376411176
0.3,2.4,0.273,-0.9794546823,-0.6922908572,0.3929172277,0.2145328063,0.01170346498,0.4509311204,0.4366983091,0.6160741587,0.6074660196,0.001395040275,0.8712224465,-0.6922908572,0,0.4344378272
0.3,2.41,0.2742,-0.9734167277,-0.6466063283,0.4002363572,0.2194896183,0.01148944351,0.4506230654,0.4345025703,0.6159055912,0.60591862,0.001810226235,0.8712224465,-0.6466063283,0,0.4315611628
0.3,2.42,0.2754,-0.9673951922,-0.6052771373,0.4068127647,0.2240724708,0.01130370877,0.4503162661,0.432529648,0.6157369746,0.6043619122,0.002226641898,0.8712224465,-0.6052771373,0,0.4289015071
0.3,2.43,0.2766,-0.9613899003,-0.5671351857,0.4128466369,0.2283867595,0.01113850182,0.4500107074,0.4307194864,0.6155683064,0.602794975,0.002644282271,0.8712224465,-0.5671351857,0,0.4263987637
0.3,2.44,0.2778,-0.9554006785,-0.531458125,0.4184618404,0.2324973985,0.01098903788,0.4497063743,0.4290349253,0.6153995844,0.6012177768,0.003063142424,0.8712224465,-0.531458125,0,0.4240157313
0.3,2.45,0.279,-0.9494273555,-0.4977622385,0.4237413713,0.2364476852,0.0108521219,0.4494032523,0.4274510661,0.6152308063,0.5996302856,0.003483217482,0.8712224465,-0.4977622385,0,0.4217274693
0.3,2.46,0.2802,-0.9434697617,-0.4657047454,0.4287440798,0.2402681823,0.01072549624,0.4491013268,0.4259502535,0.6150619698,0.5980324696,0.00390450263,0.8712224465,-0.4657047454,0,0.4195162803
0.3,2.47,0.2814,-0.93752773,-0.4350322095,0.4335135043,0.2439814002,0.01060749658,0.4488005835,0.4245194262,0.6148930726,0.5964242963,0.004326993111,0.8712224465,-0.4350322095,0,0.4173690598
0.3,2.48,0.2826,-0.9316010948,-0.4055509569,0.4380829378,0.2476044764,0.01049685486,0.4485010083,0.4231485961,0.6147241124,0.5948057333,0.004750684224,0.8712224465,-0.4055509569,0,0.4152757766
0.3,2.49,0.2838,-0.9256896928,-0.3771090107,0.4424785226,0.2511508094,0.01039257903,0.4482025874,0.4218299207,0.6145550871,0.5931767479,0.005175571324,0.8712224465,-0.3771090107,0,0.4132285438
0.3,2.5,0.285,-0.9197933624,-0.3495844951,0.4467212369,0.254631105,0.01029387599,0.4479053071,0.4205527593,0.6143859942,0.591537307,0.005601649823,0.8739042485,-0.3591421946,0,0.4112210233
0.3,2.51,0.2862,-0.9139119439,-0.3228778835,0.4508282236,0.2580540752,0.01020010011,0.4476091538,0.4192785805,0.6142168317,0.5898873776,0.006028915185,0.8801508237,-0.3540690241,0,0.409248027
0.3,2.52,0.2874,-0.9080452795,-0.2969066395,0.4548137086,0.2614269197,0.0101107177,0.4473141141,0.4179994935,0.6140475972,0.588226926,0.006457362928,0.8864201743,-0.3489986741,0,0.4073052412
0.3,2.53,0.2886,-0.9021932132,-0.2716014054,0.4586896547,0.2647556687,0.01002528173,0.447020175,0.4167154922,0.6138782885,0.5865559188,0.006886988624,0.8927121834,-0.3439311684,0,0.4053890305
0.3,2.54,0.2898,-0.8963555906,-0.2469032245,0.4624662377,0.2680454314,0.009943413464,0.4467273235,0.4154265703,0.6137089034,0.5848743219,0.007317787897,0.8990267342,-0.3388665308,0,0.4034962951
0.3,2.55,0.291,-0.8905322594,-0.2227614742,0.4661522011,0.271300581,0.009864788805,0.4464355467,0.4141327212,0.6135394396,0.5831821012,0.007749756422,0.9053637098,-0.3338047845,0,0.4016243642
0.3,2.56,0.2922,-0.8847230686,-0.1991322989,0.4697551249,0.274524895,0.009789127933,0.4461448321,0.4128339382,0.613369895,0.5814792223,0.008182889926,0.9117229936,-0.3287459531,0,0.3997709154
0.3,2.57,0.2934,-0.8789278692,-0.1759774029,0.4732816329,0.2777216622,0.00971618735,0.445855167,0.4115302143,0.6132002674,0.5797656505,0.008617184186,0.9181044689,-0.3236900596,0,0.3979339124
0.3,2.58,0.2946,-0.8731465138,-0.153263107,0.4767375545,0.2808937671,0.009645753667,0.4455665394,0.4102215424,0.6130305545,0.5780413508,0.009052635026,0.9245080191,-0.3186371268,0,0.3961115568
0.3,2.59,0.2958,-0.8673788564,-0.1309596013,0.4801280533,0.2840437563,0.009577638681,0.4452789369,0.4089079151,0.6128607542,0.5763062881,0.009489238323,0.9309335277,-0.3135871775,0,0.3943022491
0.3,2.6,0.297,-0.861624753,-0.1090403471,0.4834577292,0.2871738912,0.00951167545,0.4449923476,0.4075893249,0.6126908643,0.574560427,0.00992699,0.9373808784,-0.3085402342,0,0.3925045582
0.3,2.61,0.2982,-0.8558840608,-0.08748159271,0.4867307026,0.2902861911,0.009447715112,0.4447067596,0.4062657638,0.6125208825,0.5728037317,0.01036588603,0.9438499551,-0.303496319,0,0.3907171963
0.3,2.62,0.2994,-0.8501566388,-0.0662619774,0.4899506816,0.2933824681,0.009385624284,0.4444221613,0.404937224,0.6123508068,0.5710359276,0.01080592242,0.9503406418,-0.2984554541,0,0.3889389986
0.3,2.63,0.3006,-0.8444423473,-0.04536220534,0.4931210182,0.2964643561,0.009325282933,0.4441385412,0.4036036971,0.6121806349,0.5692555633,0.01124709525,0.9568528226,-0.2934176612,0,0.3871689062
0.3,2.64,0.3018,-0.8387410483,-0.02476477454,0.4962447553,0.2995333343,0.0092665826,0.4438558878,0.4022651747,0.6120103647,0.5674623198,0.01168940062,0.963386382,-0.2883829618,0,0.3854059526
0.3,2.65,0.303,-0.8330526053,-0.004453749835,0.4993246655,0.3025907473,0.009209424914,0.4435741899,0.4009216481,0.611839994,0.5656561002,0.0121328347,0.9699412045,-0.2833513771,0,0.3836492512
0.3,2.66,0.3042,-0.8273768829,0.01558542828,0.5023632839,0.305637822,0.009153720349,0.4432934364,0.3995731082,0.6116695207,0.5638368066,0.01257739367,0.9765171751,-0.2783229282,0,0.3818979864
0.3,2.67,0.3054,-0.8217137475,0.03536610593,0.5053629364,0.3086756815,0.009099387161,0.4430136163,0.398219546,0.6114989426,0.5620043397,0.01302307378,0.9831141789,-0.2732976357,0,0.3801514042
0.3,2.68,0.3066,-0.8160630668,0.0549005542,0.5083257628,0.3117053578,0.009046350492,0.4427347188,0.396860952,0.6113282575,0.5601585992,0.01346987132,0.9897321013,-0.2682755201,0,0.378408806
0.3,2.69,0.3078,-0.8104247098,0.07420008784,0.5112537383,0.3147278013,0.008994541595,0.4424567332,0.3954973165,0.6111574633,0.5582994833,0.01391778263,0.996370828,-0.2632566014,0,0.3766695417
0.3,2.7,0.309,-0.8047985469,0.09327516761,0.51414869,0.3177438904,0.008943897173,0.4421796489,0.3941282404,0.6109865579,0.5564268891,0.01436680408,1,-0.2589673491,0.00161423492,0.3749330047
0.3,2.71,0.3102,-0.7991844498,0.1121354889,0.517012313,0.320754439,0.008894358797,0.4419034555,0.3927508743,0.6108155391,0.5545407122,0.01481693207,1,-0.2555514478,0.005183819086,0.3731986274
0.3,2.72,0.3114,-0.7935822915,0.1307900589,0.5198461835,0.3237602031,0.008845872415,0.4416281426,0.391364586,0.6106444048,0.5526408471,0.01526816308,1,-0.2521370287,0.008779791686,0.3714658771
0.3,2.73,0.3126,-0.7879919464,0.149247264,0.5226517702,0.3267618867,0.008798387908,0.4413537001,0.3899692996,0.6104731528,0.5507271869,0.01572049359,1,-0.2487240711,0.01240237093,0.3697342524
0.3,2.74,0.3138,-0.7824132901,0.1675149289,0.5254304445,0.329760147,0.008751858714,0.4410801179,0.3885649381,0.6103017811,0.5487996233,0.01617392015,1,-0.2453125539,0.01605177765,0.3680032804
0.3,2.75,0.315,-0.7768461994,0.1856003685,0.52818349,0.3327555987,0.00870624149,0.440807386,0.3871514236,0.6101302874,0.5468580468,0.01662843933,1,-0.2419024567,0.01972823528,0.3662725137
0.3,2.76,0.3162,-0.7712905524,0.2035104342,0.5309121098,0.3357488182,0.008661495811,0.4405354946,0.3857286773,0.6099586698,0.5449023463,0.01708404776,1,-0.2384937585,0.02343196995,0.3645415281
0.3,2.77,0.3174,-0.7657462284,0.2212515547,0.5336174338,0.338740347,0.008617583916,0.440264434,0.3842966196,0.6097869259,0.5429324094,0.01754074209,1,-0.2350864388,0.02716321052,0.3628099205
0.3,2.78,0.3186,-0.7602131078,0.2388297717,0.5363005252,0.3417306946,0.008574470467,0.4399941946,0.3828551698,0.6096150539,0.5409481224,0.01799851901,1,-0.231680477,0.03092218858,0.3610773072
0.3,2.79,0.3198,-0.7546910722,0.2562507732,0.5389623856,0.3447203419,0.008532122347,0.4397247669,0.3814042463,0.6094430514,0.53894937,0.01845737527,1,-0.2282758525,0.03470913851,0.3593433217
0.3,2.8,0.321,-0.7491800044,0.2735199214,0.5416039606,0.3477097427,0.008490508469,0.4394561415,0.3799437666,0.6092709164,0.5369360355,0.01891730763,1,-0.2248725448,0.03852429754,0.3576076139
0.3,2.81,0.3222,-0.7436797884,0.2906422794,0.5442261437,0.350699327,0.008449599616,0.4391883091,0.3784736471,0.6090986467,0.5349080008,0.0193783129,1,-0.2214705334,0.04236790576,0.3558698479
0.3,2.82,0.3234,-0.7381903092,0.3076226345,0.5468297807,0.3536895022,0.008409368284,0.4389212606,0.3769938033,0.6089262404,0.5328651462,0.01984038793,1,-0.218069798,0.04624020619,0.3541297016
0.3,2.83,0.3246,-0.7327114529,0.3244655189,0.5494156732,0.3566806551,0.008369788556,0.4386549869,0.3755041498,0.6087536951,0.5308073504,0.0203035296,1,-0.2146703181,0.0501414448,0.3523868651
0.3,2.84,0.3258,-0.7272431066,0.3411752287,0.5519845822,0.3596731537,0.008330835975,0.438389479,0.3740045999,0.608581009,0.5287344908,0.02076773483,1,-0.2112720734,0.05407187056,0.3506410395
0.3,2.85,0.327,-0.7217851587,0.3577558418,0.5545372304,0.3626673487,0.008292487434,0.438124728,0.3724950661,0.6084081797,0.5266464431,0.02123300058,1,-0.2078750437,0.05803173549,0.3488919369
0.3,2.86,0.3282,-0.7163374985,0.3742112326,0.5570743057,0.3656635743,0.00825472108,0.4378607253,0.3709754596,0.6082352052,0.5245430814,0.02169932383,1,-0.2044792086,0.0620212947,0.3471392784
0.3,2.87,0.3294,-0.7109000163,0.390545087,0.5595964632,0.36866215,0.008217516222,0.437597462,0.3694456909,0.6080620835,0.5224242783,0.02216670161,1,-0.2010845481,0.06604080643,0.3453827943
0.3,2.88,0.3306,-0.7054726034,0.406760915,0.5621043276,0.3716633814,0.008180853249,0.4373349297,0.3679056691,0.6078888123,0.5202899046,0.02263513098,1,-0.1976910419,0.07009053213,0.3436222227
0.3,2.89,0.3318,-0.7000551522,0.4228620624,0.564598495,0.3746675613,0.008144713553,0.4370731199,0.3663553022,0.6077153896,0.5181398296,0.02310460903,1,-0.19429867,0.07417073644,0.3418573096
0.3,2.9,0.333,-0.6946475559,0.4388517221,0.5670795354,0.3776749706,0.008109079464,0.4368120241,0.3647944974,0.6075418133,0.5159739209,0.02357513289,1,-0.1909074121,0.0782816873,0.3400878076
0.3,2.91,0.3342,-0.689249709,0.4547329435,0.5695479935,0.3806858789,0.008073934184,0.4365516341,0.3632231604,0.6073680812,0.5137920444,0.02404669971,1,-0.1875172484,0.082423656,0.3383134758
0.3,2.92,0.3354,-0.6838615065,0.470508642,0.5720043913,0.3837005457,0.008039261734,0.4362919417,0.3616411959,0.6071941913,0.5115940642,0.0245193067,1,-0.1841281588,0.08659691717,0.3365340792
0.3,2.93,0.3366,-0.6784828448,0.486181607,0.5744492287,0.3867192208,0.008005046895,0.4360329387,0.3600485075,0.6070201414,0.5093798428,0.02499295108,1,-0.1807401233,0.09080174888,0.3347493881
0.3,2.94,0.3378,-0.6731136207,0.5017545101,0.5768829853,0.3897421449,0.007971275166,0.4357746171,0.3584449975,0.6068459295,0.5071492407,0.0254676301,1,-0.1773531221,0.09503843271,0.3329591781
0.3,2.95,0.339,-0.6677537325,0.5172299117,0.5793061216,0.3927695505,0.007937932715,0.4355169689,0.356830567,0.6066715533,0.5049021168,0.02594334107,1,-0.1739671351,0.09930725373,0.3311632291
0.3,2.96,0.3402,-0.6624030788,0.5326102679,0.58171908,0.395801662,0.007905006338,0.4352599863,0.3552051159,0.6064970109,0.5026383282,0.02642008128,1,-0.1705821426,0.1036085006,0.3293613255
0.3,2.97,0.3414,-0.6570615596,0.5478979364,0.584122286,0.3988386968,0.007872483426,0.4350036615,0.353568543,0.6063223,0.5003577299,0.02689784812,1,-0.1671981248,0.1079424657,0.3275532557
0.3,2.98,0.3426,-0.6517290753,0.5630951821,0.5865161489,0.4018808652,0.007840351921,0.4347479868,0.3519207456,0.6061474186,0.4980601753,0.02737663895,1,-0.1638150618,0.112309445,0.3257388114
0.3,2.99,0.3438,-0.6464055276,0.5782041827,0.5889010631,0.404928371,0.007808600294,0.4344929545,0.3502616198,0.6059723646,0.4957455157,0.02785645119,1,-0.1604329339,0.1167097384,0.323917788
0.3,3,0.345,-0.6410908186,0.5932270329,0.5912774089,0.4079814121,0.007777217505,0.4342385571,0.3485910604,0.6057971358,0.4934136005,0.02833728228,1,-0.1570517213,0.1211436493,0.3220899837
0.3,3.01,0.3462,-0.6357848515,0.6081657494,0.5936455528,0.4110401808,0.007746192981,0.4339847871,0.3469089611,0.6056217301,0.4910642773,0.02881912971,1,-0.1536714044,0.1256114852,0.3202551996
0.3,3.02,0.3474,-0.6304875304,0.6230222749,0.5960058488,0.4141048638,0.00771551659,0.4337316371,0.3452152138,0.6054461454,0.4886973914,0.02930199098,1,-0.1502919636,0.1301135576,0.3184132393
0.3,3.03,0.3486,-0.6251987598,0.637798482,0.5983586389,0.417175643,0.007685178613,0.4334790998,0.3435097095,0.6052703795,0.4863127863,0.02978586362,1,-0.1469133791,0.1346501819,0.316563909
0.3,3.04,0.3498,-0.6199184453,0.6524961768,0.6007042534,0.4202526957,0.007655169725,0.4332271679,0.3417923374,0.6050944304,0.4839103034,0.03027074519,1,-0.1435356315,0.1392216774,0.3147070166
0.3,3.05,0.351,-0.6146464932,0.6671171024,0.6030430122,0.4233361946,0.007625480971,0.4329758343,0.3400629857,0.6049182959,0.481489782,0.0307566333,1,-0.140158701,0.1438283678,0.3128423723
0.3,3.06,0.3522,-0.6093828107,0.6816629422,0.6053752247,0.4264263083,0.00759610375,0.4327250918,0.338321541,0.6047419739,0.4790510593,0.03124352555,1,-0.1367825682,0.1484705808,0.3109697879
0.3,3.07,0.3534,-0.6041273054,0.6961353224,0.6077011905,0.4295232014,0.007567029794,0.4324749334,0.3365678882,0.6045654623,0.4765939702,0.0317314196,1,-0.1334072135,0.1531486484,0.3090890767
0.3,3.08,0.3546,-0.598879886,0.7105358154,0.6100212001,0.4326270351,0.007538251152,0.432225352,0.3348019111,0.6043887588,0.4741183477,0.03222031313,1,-0.1300326176,0.1578629069,0.3072000535
0.3,3.09,0.3558,-0.5936404617,0.7248659419,0.6123355353,0.4357379669,0.007509760172,0.4319763409,0.3330234918,0.6042118614,0.4716240222,0.03271020385,1,-0.1266587608,0.1626136971,0.3053025342
0.3,3.1,0.357,-0.5884089425,0.7391271735,0.6146444692,0.438856151,0.007481549489,0.4317278931,0.331232511,0.6040347679,0.4691108222,0.03320108947,1,-0.1232856237,0.1674013641,0.303396336
0.3,3.11,0.3582,-0.583185239,0.7533209353,0.6169482673,0.4419817387,0.00745361201,0.4314800018,0.3294288477,0.6038574762,0.4665785736,0.03369296778,1,-0.119913187,0.1722262576,0.3014812768
0.3,3.12,0.3594,-0.5779692628,0.7674486077,0.6192471873,0.4451148783,0.007425940898,0.4312326604,0.3276123795,0.6036799841,0.4640271004,0.03418583655,1,-0.1165414313,0.177088732,0.2995571755
0.3,3.13,0.3606,-0.5727609259,0.7815115284,0.6215414799,0.4482557153,0.007398529565,0.4309858622,0.3257829822,0.6035022895,0.4614562237,0.03467969359,1,-0.1131703371,0.1819891461,0.2976238514
0.3,3.14,0.3618,-0.5675601409,0.7955109946,0.6238313886,0.4514043928,0.007371371654,0.4307396005,0.3239405301,0.6033243902,0.4588657626,0.03517453675,1,-0.1097998852,0.1869278637,0.2956811246
0.3,3.15,0.363,-0.5623668213,0.8094482648,0.6261171505,0.4545610513,0.007344461034,0.4304938689,0.322084896,0.603146284,0.4562555335,0.0356703639,1,-0.1064300562,0.1919052535,0.2937288155
0.3,3.16,0.3642,-0.5571808812,0.8233245601,0.6283989966,0.4577258291,0.007317791784,0.4302486609,0.3202159506,0.6029679688,0.4536253506,0.03616717292,1,-0.1030608309,0.1969216888,0.2917667449
0.3,3.17,0.3654,-0.5520022352,0.8371410664,0.6306771517,0.4608988624,0.007291358189,0.43000397,0.3183335634,0.6027894425,0.4509750254,0.03666496174,1,-0.09969218984,0.2019775481,0.2897947335
0.3,3.18,0.3666,-0.5468307987,0.8508989352,0.6329518349,0.4640802853,0.007265154726,0.42975979,0.3164376018,0.6026107028,0.4483043667,0.0371637283,1,-0.09632411389,0.2070732149,0.2878126025
0.3,3.19,0.3678,-0.5416664876,0.8645992858,0.63522326,0.46727023,0.007239176057,0.4295161144,0.3145279316,0.6024317475,0.445613181,0.03766347057,1,-0.09295658377,0.2122090779,0.2858201726
0.3,3.2,0.369,-0.5365092185,0.8782432063,0.6374916354,0.4704688269,0.007213417023,0.429272937,0.3126044168,0.6022525745,0.442901272,0.03816418654,1,-0.08958958027,0.217385531,0.2838172649
0.3,3.21,0.3702,-0.5313589085,0.8918317545,0.6397571645,0.4736762046,0.007187872633,0.4290302517,0.3106669195,0.6020731817,0.4401684407,0.03866587424,1,-0.08622308418,0.2226029735,0.2818036998
0.3,3.22,0.3714,-0.5262154754,0.9053659599,0.6420200462,0.4768924903,0.007162538057,0.4287880523,0.3087153001,0.6018935667,0.4374144853,0.0391685317,1,-0.08285707631,0.2278618101,0.2797792975
0.3,3.23,0.3726,-0.5210788376,0.9188468243,0.6442804746,0.4801178096,0.007137408623,0.4285463327,0.3067494169,0.6017137274,0.4346392015,0.039672157,1,-0.0794915375,0.2331624507,0.2777438781
0.3,3.24,0.3738,-0.5159489139,0.932275323,0.6465386393,0.4833522867,0.007112479804,0.4283050869,0.3047691265,0.6015336616,0.4318423819,0.04017674822,1,-0.07612644858,0.2385053114,0.2756972608
0.3,3.25,0.375,-0.5108256238,0.9456524061,0.648794726,0.4865960445,0.007087747219,0.4280643089,0.3027742835,0.6013533671,0.4290238164,0.0406823035,1,-0.07276179042,0.2438908133,0.2736392643
0.3,3.26,0.3762,-0.5057088873,0.958978999,0.6510489162,0.4898492046,0.00706320662,0.4278239927,0.3007647404,0.6011728417,0.4261832918,0.04118882096,1,-0.0693975439,0.2493193839,0.2715697069
0.3,3.27,0.3774,-0.5005986251,0.9722560039,0.6533013876,0.4931118874,0.007038853891,0.4275841325,0.2987403478,0.6009920831,0.4233205921,0.04169629877,1,-0.06603368989,0.2547914563,0.2694884057
0.3,3.28,0.3786,-0.4954947582,0.9854843002,0.6555523143,0.4963842124,0.007014685044,0.4273447224,0.2967009543,0.6008110892,0.4204354982,0.04220473512,1,-0.06267020932,0.2603074694,0.2673951772
0.3,3.29,0.3798,-0.4903972083,0.9986647457,0.6578018665,0.4996662978,0.006990696209,0.4271057567,0.2946464062,0.6006298577,0.417527788,0.04271412822,1,-0.05930708308,0.2658678685,0.2652898371
0.3,3.3,0.381,-0.4853058976,1.011888683,0.6600568954,0.5029633543,0.006966568368,0.4268672295,0.2925765481,0.6004483863,0.4145972362,0.0432244763,1,-0.05594429211,0.2714731051,0.2631701946
0.3,3.31,0.3822,-0.4802207487,1.025291353,0.6623273521,0.5062830279,0.006941834535,0.4266291353,0.290491222,0.6002666729,0.4116436144,0.04373577762,1,-0.05258181735,0.2771236367,0.261033127
0.3,3.32,0.3834,-0.4751416848,1.03887791,0.6646134824,0.5096256183,0.006916484375,0.4263914682,0.2883902679,0.6000847151,0.408666691,0.04424803047,1,-0.04921963975,0.2828199274,0.2588784211
0.3,3.33,0.3846,-0.4700686297,1.052652483,0.6669154493,0.5129913636,0.006890511484,0.4261542228,0.2862735236,0.5999025107,0.405666231,0.04476123313,1,-0.04585774026,0.2885624479,0.2567058864
0.3,3.34,0.3858,-0.4650015075,1.066619337,0.6692334179,0.5163805052,0.006863909368,0.4259173935,0.2841408247,0.5997200575,0.4026419962,0.04527538395,1,-0.04249609986,0.2943516753,0.2545153294
0.3,3.35,0.387,-0.4599402429,1.080782875,0.6715675556,0.519793288,0.006836671444,0.4256809747,0.2819920042,0.5995373531,0.3995937448,0.04579048126,1,-0.03913469953,0.3001880936,0.2523065539
0.3,3.36,0.3882,-0.454884761,1.095147641,0.6739180322,0.5232299602,0.006808791035,0.425444961,0.2798268931,0.5993543953,0.3965212318,0.04630652343,1,-0.03577352024,0.3060721936,0.2500793607
0.3,3.37,0.3894,-0.4498349874,1.109718335,0.6762850198,0.5266907735,0.006780261373,0.4252093469,0.2776453199,0.5991711819,0.3934242085,0.04682350886,1,-0.03241254299,0.3120044733,0.2478335475
0.3,3.38,0.3906,-0.4447908481,1.124499812,0.6786686931,0.5301759831,0.006751075591,0.424974127,0.2754471105,0.5989877105,0.3903024228,0.04734143595,1,-0.02905174879,0.3179854373,0.2455689091
0.3,3.39,0.3918,-0.4397522697,1.139497091,0.6810692291,0.533685848,0.006721226727,0.424739296,0.2732320886,0.5988039787,0.3871556188,0.04786030314,1,-0.02569111863,0.324015598,0.2432852368
0.3,3.4,0.393,-0.4347191792,1.154715364,0.6834868074,0.5372206306,0.00669070772,0.4245048485,0.2710000751,0.5986199845,0.383983537,0.04838010889,1,-0.02233063354,0.3300954748,0.2409823191
0.3,3.41,0.3942,-0.4296915039,1.170160003,0.6859216101,0.5407805974,0.006659511409,0.4242707793,0.2687508886,0.5984357253,0.380785914,0.04890085167,1,-0.01897027453,0.3362255948,0.2386599411
0.3,3.42,0.3954,-0.4246691716,1.185836566,0.6883738219,0.5443660184,0.006627630529,0.4240370832,0.266484345,0.5982511988,0.3775624827,0.04942252998,1,-0.01561002261,0.3424064924,0.2363178845
0.3,3.43,0.3966,-0.4196521106,1.201750811,0.6908436303,0.5479771675,0.006595057712,0.4238037548,0.2642002575,0.5980664029,0.3743129722,0.04994514233,1,-0.01224985883,0.3486387101,0.2339559278
0.3,3.44,0.3978,-0.4146402496,1.217908699,0.6933312252,0.5516143228,0.006561785483,0.4235707892,0.2618984366,0.597881335,0.3710371073,0.05046868727,1,-0.008889764188,0.3549227982,0.2315738459
0.3,3.45,0.399,-0.4096335176,1.234316409,0.6958367996,0.5552777661,0.006527806259,0.423338181,0.2595786901,0.5976959929,0.367734609,0.05099316336,1,-0.005529719735,0.361259315,0.2291714103
0.3,3.46,0.4002,-0.4046318442,1.250980345,0.6983605491,0.5589677835,0.006493112348,0.4231059253,0.2572408229,0.5975103742,0.3644051941,0.05151856918,1,-0.002169706495,0.367648827,0.2267483888
0.3,3.47,0.4014,-0.3996351591,1.267907147,0.7009026721,0.5626846651,0.006457695945,0.4228740169,0.2548846373,0.5973244765,0.3610485754,0.05204490332,1,0.001190294497,0.374091909,0.2243045456
0.3,3.48,0.4026,-0.3946433926,1.285103707,0.70346337,0.5664287055,0.006421549132,0.4226424509,0.2525099324,0.5971382975,0.3576644612,0.0525721644,1,0.004550302207,0.3805891443,0.2218396414
0.3,3.49,0.4038,-0.3896564754,1.302577175,0.7060428472,0.5702002034,0.006384663873,0.4224112223,0.2501165044,0.5969518348,0.3542525555,0.05310035108,1,0.007910335604,0.387141125,0.2193534329
0.3,3.5,0.405,-0.3846743384,1.320334978,0.708641311,0.5739994619,0.006347032015,0.422180326,0.2477041468,0.596765086,0.3508125579,0.053629462,1,0.01127041365,0.3937484518,0.2168456728
0.3,3.51,0.4062,-0.3796969132,1.338384831,0.7112589718,0.5778267887,0.006308645286,0.4219497572,0.2452726496,0.5965780486,0.3473441636,0.05415949585,1,0.01463055533,0.4004117344,0.2143161102
0.3,3.52,0.4074,-0.3747241313,1.356734751,0.7138960432,0.581682496,0.006269495287,0.421719511,0.2428217999,0.5963907204,0.3438470632,0.05469045133,1,0.01799077959,0.4071315917,0.21176449
0.3,3.53,0.4086,-0.369755925,1.375393075,0.7165527418,0.5855669006,0.006229573499,0.4214895825,0.2403513816,0.5962030988,0.3403209423,0.05522232716,1,0.02135110543,0.4139086519,0.209190553
0.3,3.54,0.4098,-0.3647922267,1.394368478,0.7192292876,0.5894803241,0.006188871273,0.4212599668,0.2378611753,0.5960151814,0.3367654823,0.05575512208,1,0.02471155181,0.4207435526,0.2065940358
0.3,3.55,0.411,-0.3598329692,1.413669988,0.7219259037,0.5934230929,0.006147379829,0.4210306592,0.2353509585,0.5958269658,0.3331803593,0.05628883484,1,0.02807213772,0.4276369411,0.203974671
0.3,3.56,0.4122,-0.3548780855,1.433307006,0.724642817,0.5973955383,0.006105090259,0.4208016549,0.2328205051,0.5956384495,0.3295652446,0.05682346422,1,0.03143288214,0.4345894746,0.2013321865
0.3,3.57,0.4134,-0.3499275093,1.453289329,0.7273802572,0.6013979967,0.006061993516,0.4205729492,0.2302695856,0.5954496301,0.3259198045,0.05735900902,1,0.03479380407,0.4416018201,0.1986663059
0.3,3.58,0.4146,-0.3449811743,1.473627171,0.730138458,0.6054308094,0.006018080418,0.4203445373,0.2276979672,0.5952605051,0.3222437003,0.05789546805,1,0.0381549225,0.4486746551,0.1959767485
0.3,3.59,0.4158,-0.3400390145,1.494331184,0.7329176565,0.6094943231,0.005973341644,0.4201164146,0.2251054133,0.5950710721,0.3185365879,0.05843284015,1,0.04151625645,0.4558086673,0.1932632285
0.3,3.6,0.417,-0.3351009646,1.515412487,0.7357180932,0.6135888897,0.005927767728,0.4198885763,0.2224916838,0.5948813284,0.3147981178,0.05897112417,1,0.04487782491,0.4630045551,0.190525456
0.3,3.61,0.4182,-0.3301669591,1.536882692,0.7385400127,0.6177148666,0.005881349061,0.4196610179,0.2198565349,0.5946912717,0.3110279354,0.05951031899,1,0.04823964691,0.4702630276,0.1877631358
0.3,3.62,0.4194,-0.3252369331,1.558753932,0.741383663,0.6218726165,0.005834075885,0.4194337348,0.217199719,0.5945008994,0.3072256803,0.06005042348,1,0.05160174148,0.4775848051,0.184975968
0.3,3.63,0.4206,-0.3203108221,1.581038897,0.7442492962,0.6260625079,0.005785938291,0.4192067223,0.2145209847,0.594310209,0.3033909865,0.06059143657,1,0.05496412765,0.4849706188,0.1821636478
0.3,3.64,0.4218,-0.3153885615,1.60375086,0.747137168,0.630284915,0.005736926217,0.418979976,0.2118200767,0.5941191979,0.2995234823,0.06113335717,1,0.05832682448,0.4924212117,0.1793258651
0.3,3.65,0.423,-0.3104700875,1.62690372,0.7500475385,0.6345402176,0.005687029444,0.4187534912,0.2090967357,0.5939278636,0.2956227903,0.06167618423,1,0.06168985102,0.4999373383,0.1764623047
0.3,3.66,0.4242,-0.305555336,1.650512039,0.7529806716,0.6388288018,0.005636237592,0.4185272635,0.2063506982,0.5937362036,0.2916885269,0.06221991672,1,0.06505322633,0.507519765,0.173572646
0.3,3.67,0.4254,-0.3006442438,1.674591084,0.7559368354,0.6431510595,0.00558454012,0.4183012885,0.2035816967,0.5935442152,0.2877203026,0.06276455361,1,0.06841696951,0.5151692703,0.170656563
0.3,3.68,0.4266,-0.2957367474,1.699156876,0.7589163021,0.6475073889,0.005531926319,0.4180755615,0.2007894595,0.5933518959,0.2837177215,0.0633100939,1,0.07178109965,0.5228866452,0.1677137243
0.3,3.69,0.4278,-0.290832784,1.724226234,0.7619193484,0.6518981945,0.005478385311,0.4178500783,0.1979737104,0.5931592431,0.2796803815,0.06385653661,1,0.07514563585,0.530672693,0.1647437926
0.3,3.7,0.429,-0.2859322907,1.749816834,0.7649462554,0.6563238871,0.005423906045,0.4176248344,0.1951341691,0.5929662541,0.2756078741,0.06440388077,1,0.07851059723,0.5385282303,0.161746425
0.3,3.71,0.4302,-0.2810352052,1.775947265,0.7679973085,0.6607848842,0.005368477296,0.4173998253,0.1922705504,0.5927729264,0.2714997842,0.06495212544,1,0.08187600292,0.5464540865,0.1587212725
0.3,3.72,0.4314,-0.2761414653,1.802637094,0.7710727979,0.66528161,0.005312087655,0.4171750468,0.1893825649,0.5925792573,0.2673556898,0.06550126968,1,0.08524187209,0.5544511044,0.1556679803
0.3,3.73,0.4326,-0.2712510089,1.829906933,0.7741730182,0.6698144954,0.005254725533,0.4169504946,0.1864699184,0.5923852442,0.2631751624,0.06605131258,1,0.08860822389,0.5625201407,0.1525861872
0.3,3.74,0.4338,-0.2663637743,1.857778517,0.7772982691,0.6743839782,0.005196379153,0.4167261641,0.1835323118,0.5921908844,0.2589577662,0.06660225325,1,0.0919750775,0.5706620656,0.149475526
0.3,3.75,0.435,-0.2614797001,1.886274784,0.7804488547,0.6789905036,0.005137036545,0.4165020513,0.1805694414,0.5919961751,0.2547030584,0.0671540908,1,0.09534245213,0.578877764,0.1463356227
0.3,3.76,0.4362,-0.2565987249,1.915419966,0.7836250846,0.6836345238,0.005076685547,0.4162781517,0.1775809983,0.5918011139,0.2504105891,0.06770682437,1,0.09871036699,0.5871681349,0.1431660969
0.3,3.77,0.4374,-0.2517207878,1.945239687,0.786827273,0.6883164985,0.005015313797,0.4160544611,0.1745666687,0.5916056978,0.2460799006,0.06826045313,1,0.1020788413,0.5955340922,0.1399665616
0.3,3.78,0.4386,-0.2468458279,1.975761073,0.7900557396,0.6930368947,0.004952908729,0.4158309753,0.1715261336,0.5914099243,0.2417105281,0.06881497623,1,0.1054478944,0.6039765651,0.1367366228
0.3,3.79,0.4398,-0.2419737847,2.007012866,0.793310809,0.6977961876,0.004889457573,0.41560769,0.1684590686,0.5912137905,0.2373019987,0.06937039288,1,0.1088175454,0.6124964979,0.1334758795
0.3,3.8,0.441,-0.2371045977,2.039025561,0.7965928114,0.7025948597,0.004824947344,0.415384601,0.1653651441,0.5910172938,0.2328538318,0.06992670227,1,0.1121878138,0.6210948508,0.1301839235
0.3,3.81,0.4422,-0.2322382068,2.071831544,0.7999020826,0.7074334019,0.004759364844,0.4151617042,0.162244025,0.5908204313,0.2283655388,0.07048390363,1,0.1155587187,0.6297726001,0.1268603392
0.3,3.82,0.4434,-0.2273745519,2.105465254,0.8032389638,0.7123123131,0.004692696652,0.4149389953,0.1590953704,0.5906232004,0.2238366226,0.0710419962,1,0.1189302796,0.6385307383,0.1235047037
0.3,3.83,0.4446,-0.2225135733,2.139963362,0.806603802,0.7172321007,0.004612544407,0.4147164702,0.155918834,0.5904255982,0.2192665782,0.07160097924,1,0.1223025158,0.6473702747,0.1201165862
0.3,3.84,0.4458,-0.2176552115,2.175364961,0.8099969499,0.7221932806,0.004531617037,0.4144941248,0.1527140633,0.5902276218,0.2146548915,0.07216085202,1,0.1256754467,0.6562922359,0.1166955483
0.3,3.85,0.447,-0.2127994069,2.211711785,0.8134187665,0.7271963772,0.004450005915,0.4142719549,0.1494807,0.5900292686,0.2100010402,0.07272161383,1,0.1290490917,0.6652976656,0.1132411433
0.3,3.86,0.4482,-0.2079461004,2.249048455,0.8168696164,0.7322419242,0.004367702339,0.4140499564,0.1462183798,0.5898305356,0.2053044925,0.07328326397,1,0.1324234702,0.6743876255,0.1097529166
0.3,3.87,0.4494,-0.203095233,2.287422747,0.8203498709,0.737330464,0.004284697457,0.4138281253,0.142926732,0.58963142,0.2005647081,0.07384580178,1,0.1357986017,0.6835631954,0.1062304049
0.3,3.88,0.4506,-0.1982467457,2.326885893,0.8238599074,0.7424625486,0.004200982269,0.4136064574,0.1396053797,0.5894319189,0.1957811369,0.07440922657,1,0.1391745056,0.6928254739,0.1026731365
0.3,3.89,0.4518,-0.1934005798,2.367492926,0.8274001098,0.7476387392,0.004116547616,0.4133849487,0.1362539394,0.5892320295,0.1909532196,0.07497353772,1,0.1425512016,0.7021755784,0.09908063088
0.3,3.9,0.453,-0.1885566769,2.409303061,0.8309708687,0.752859607,0.004031384185,0.4131635951,0.132872021,0.5890317488,0.1860803869,0.0755387346,1,0.145928709,0.7116146456,0.09545239851
0.3,3.91,0.4542,-0.1837149786,2.452380129,0.8345725813,0.7581257329,0.003945482499,0.4129423926,0.1294592277,0.5888310739,0.1811620599,0.07610481658,1,0.1493070475,0.7211438322,0.09178794065
0.3,3.92,0.4554,-0.1788754266,2.496793067,0.838205652,0.7634377078,0.003858832917,0.4127213372,0.1260151556,0.588630002,0.1761976493,0.07667178308,1,0.1526862367,0.730764315,0.08808674916
0.3,3.93,0.4566,-0.1740379629,2.542616475,0.841870492,0.7687961333,0.003771425628,0.4125004249,0.1225393938,0.5884285299,0.1711865556,0.07723963351,1,0.1560662962,0.7404772916,0.08434830625
0.3,3.94,0.4578,-0.1692025295,2.589931253,0.8455675199,0.7742016212,0.00368325065,0.4122796516,0.1190315242,0.5882266549,0.1661281686,0.07780836732,1,0.1594472456,0.7502839807,0.08057208424
0.3,3.95,0.459,-0.1643690688,2.638825331,0.8492971616,0.7796547944,0.003594297826,0.4120590134,0.1154911214,0.5880243738,0.1610218674,0.07837798394,1,0.1628291047,0.7601856226,0.07675754538
0.3,3.96,0.4602,-0.159537523,2.689394497,0.8530598506,0.7851562865,0.003504556816,0.4118385063,0.1119177524,0.5878216837,0.15586702,0.07894848285,1,0.1662118931,0.7701834796,0.07290414154
0.3,3.97,0.4614,-0.1547078346,2.74174337,0.8568560281,0.7907067427,0.003414017099,0.4116181263,0.1083109762,0.5876185816,0.1506629831,0.07951986354,1,0.1695956306,0.7802788368,0.06901131401
0.3,3.98,0.4626,-0.1498799464,2.795986509,0.8606861431,0.7963068196,0.003322667963,0.4113978696,0.1046703443,0.5874150644,0.1454091017,0.0800921255,1,0.1729803369,0.790473002,0.06507849322
0.3,3.99,0.4638,-0.145053801,2.852249713,0.8645506528,0.8019571856,0.003230498505,0.4111777321,0.1009953998,0.587211129,0.1401047092,0.08066526824,1,0.176366032,0.8007673071,0.06110509846
0.3,4,0.465,-0.1402293413,2.91067154,0.8684500226,0.807658521,0.003137497627,0.4109577099,0.09728567794,0.5870067725,0.1347491267,0.08123929131,1,0.1797527355,0.8111631076,0.05709053768
0.3,4.01,0.4662,-0.1354065104,2.971405084,0.8723847263,0.8134115188,0.003043654026,0.4107377992,0.0935407051,0.5868019916,0.1293416632,0.08181419423,1,0.1831404675,0.8216617841,0.0530342071
0.3,4.02,0.4674,-0.1305852513,3.034620083,0.8763552464,0.8192168843,0.002948956198,0.4105179959,0.08975999926,0.5865967833,0.1238816149,0.08238997659,1,0.1865292477,0.8322647422,0.04893549102
0.3,4.03,0.4686,-0.1257655073,3.100505415,0.880362074,0.8250753358,0.002853392424,0.4102982963,0.08594306952,0.5863911444,0.1183682651,0.08296663795,1,0.1899190963,0.8429734134,0.04479376148
0.3,4.04,0.4698,-0.1209472216,3.169272083,0.8844057096,0.8309876048,0.002756950772,0.4100786964,0.08208941594,0.5861850719,0.1128008839,0.08354417791,1,0.1933100331,0.8537892556,0.04060837793
0.3,4.05,0.471,-0.1161303378,3.241156809,0.8884866627,0.8369544363,0.00265961909,0.4098591922,0.07819852933,0.5859785624,0.1071787278,0.08412259607,1,0.1967020783,0.8647137536,0.03637868698
0.3,4.06,0.4722,-0.1113147994,3.31642638,0.8926054522,0.842976589,0.002561385001,0.4096397801,0.07426989106,0.5857716129,0.1015010395,0.08470189206,1,0.2000952518,0.8757484202,0.03221836434
0.3,4.07,0.4734,-0.10650055,3.395382961,0.8967626068,0.8490548361,0.002462235895,0.409420456,0.07030297282,0.5855642201,0.09576704765,0.08528206553,1,0.2034895737,0.8868947961,0.03097121797
0.3,4.08,0.4746,-0.1016875332,3.478370634,0.900958665,0.8551899648,0.002362158928,0.4092012162,0.06629723639,0.5853563807,0.08997596626,0.08586311612,1,0.2068850643,0.898154451,0.0297124005
0.3,4.09,0.4758,-0.09687569302,3.565783517,0.9051941755,0.8613827774,0.002261141014,0.4089820567,0.06225213342,0.5851480916,0.08412699457,0.08644504351,1,0.2102817437,0.9095289845,0.02844174734
0.3,4.1,0.477,-0.09206497318,3.658075951,0.9094696974,0.8676340913,0.002159168821,0.4087629738,0.05816710517,0.5849393494,0.07821931662,0.08702784739,1,0.2136796321,0.9210200262,0.02715909078
0.3,4.11,0.4782,-0.08725531768,3.755775423,0.9137858003,0.8739447394,0.002056228761,0.4085439636,0.0540415823,0.5847301509,0.07225210094,0.08761152745,1,0.2170787499,0.932629237,0.02586425992
0.3,4.12,0.4794,-0.08244667056,3.859499146,0.9181430647,0.8803155704,0.00195230699,0.4083250223,0.04987498458,0.5845204927,0.06622450011,0.08819608341,1,0.2204791172,0.9443583095,0.0245570806
0.3,4.13,0.4806,-0.07763897593,3.969975625,0.9225420822,0.8867474494,0.001847389397,0.408106146,0.04566672065,0.5843103715,0.06013565042,0.088781515,1,0.2238807546,0.9562089688,0.02323737534
0.3,4.14,0.4818,-0.07283217795,4.088073117,0.9269834559,0.8932412581,0.001741461598,0.4078873309,0.04141618775,0.5840997839,0.05398467151,0.08936782198,1,0.2272836823,0.9681829734,0.02190496323
0.3,4.15,0.483,-0.06802622086,4.21483781,0.9314678005,0.8997978953,0.001634508934,0.4076685733,0.03712277142,0.5838887265,0.04777066588,0.0899550041,1,0.2306879209,0.980282116,0.02055965985
0.3,4.16,0.4842,-0.06322104894,4.351546006,0.9359957426,0.9064182772,0.001526516459,0.4074498693,0.03278584526,0.583677196,0.04151881925,0.09054306114,1,0.2340934908,0.992508224,0.01920127721
0.3,4.17,0.4854,-0.05841660656,4.499776956,0.9405679212,0.9131033379,0.001417468934,0.407231215,0.02849490295,0.5834651888,0.03642285178,0.09113199289,1,0.2717990641,1,0.01782962364
0.3,4.18,0.4866,-0.05361283809,4.661517003,0.9451849877,0.91985403,0.001307350822,0.4070126068,0.02489495395,0.5832527016,0.03226776918,0.09172179918,1,0.3499849998,1,0.0164445037
0.3,4.19,0.4878,-0.04880968798,4.839312724,0.9498476063,0.9266713247,0.00119614628,0.4067940408,0.02180602283,0.5830397309,0.02859395587,0.0923124798,1,0.4166573578,1,0.0150457181
0.3,4.2,0.489,-0.04400710073,5.036503622,0.9545564546,0.9335562126,0.001083839151,0.4065755132,0.01904157469,0.5828262732,0.02522266005,0.09290403462,1,0.4759436132,1,0.01363306361
0.3,4.21,0.4902,-0.03920502085,5.257589783,0.9593122236,0.940509704,0.0009704129529,0.4063570202,0.01650573288,0.5826123248,0.02206222051,0.09349646347,1,0.5299698346,1,0.01220633293
0.3,4.22,0.4914,-0.0344033929,5.508840889,0.9641156179,0.9475328293,0.0008558508774,0.4061385581,0.01414150172,0.5823978824,0.01905826789,0.09408976623,1,0.5800025429,1,0.01076531462
0.3,4.23,0.4926,-0.02960216148,5.799365894,0.9689673568,0.9546266399,0.0007401357756,0.405920123,0.0119117441,0.5821829423,0.01617545029,0.09468394279,1,0.6268686448,1,0.009309792974
0.3,4.24,0.4938,-0.0248012712,6.14313726,0.9738681736,0.9617922082,0.0006232501525,0.4057017112,0.009790672557,0.5819675009,0.01338926822,0.09527899304,1,0.6711434571,1,0.007839547934
0.3,4.25,0.495,-0.02000066671,6.563218805,0.9788188168,0.9690306286,0.000505176157,0.4054833189,0.007759520722,0.5817515547,0.01068192551,0.09587491689,1,0.7132464499,1,0.00635435496
0.3,4.26,0.4962,-0.01520029266,7.101899599,0.9838200503,0.9763430179,0.0003858955733,0.4052649424,0.005804129801,0.5815350998,0.008040018415,0.09647171429,1,0.7534946808,1,0.004853984924
0.3,4.27,0.4974,-0.01040009374,7.850633731,0.9888726534,0.9837305156,0.0002653898113,0.4050465778,0.003913506613,0.5813181327,0.005453156379,0.09706938516,1,0.7921347511,1,0.003338203992
0.3,4.28,0.4986,-0.005600014635,9.078414285,0.9939774217,0.9911942849,0.0001436398973,0.4048282213,0.002078914178,0.5811006497,0.002913093218,0.09766792947,1,0.8293629773,1,0.001806773501
0.35,2.37,0.2694,-0.9976688504,-0.9010861301,0.3586962277,0.1932655275,0.01495669066,0.4665607371,0.4608459779,0.630812887,0.6276239367,0.0001569114628,0.8712224465,-0.9010861301,0,0.4606118355
0.35,2.38,0.2706,-0.9915805626,-0.8079367936,0.3741310303,0.2024797136,0.01433965131,0.4661968362,0.455443797,0.6306163808,0.6243989716,0.000568377743,0.8712224465,-0.8079367936,0,0.4545933239
0.35,2.39,0.2718,-0.985509234,-0.7444632067,0.3844901196,0.209008829,0.01395330658,0.4658344548,0.4518181158,0.6304198254,0.6221137812,0.0009810890731,0.8712224465,-0.7444632067,0,0.4503460292
0.35,2.4,0.273,-0.9794546823,-0.6922908572,0.3929172277,0.2145328063,0.01365404248,0.4654735744,0.4488686279,0.6302232181,0.6201803891,0.001395040275,0.8712224465,-0.6922908572,0,0.446769609
0.35,2.41,0.2742,-0.9734167277,-0.6466063283,0.4002363572,0.2194896183,0.01340435076,0.4651141769,0.4463069326,0.6300265561,0.6184455049,0.001810226235,0.8712224465,-0.6466063283,0,0.4435756256
0.35,2.42,0.2754,-0.9673951922,-0.6052771373,0.4068127647,0.2240724708,0.01318766023,0.4647562444,0.44400519,0.6298298367,0.616833111,0.002226641898,0.8712224465,-0.6052771373,0,0.440636202
0.35,2.43,0.2766,-0.9613899003,-0.5671351857,0.4128466369,0.2283867595,0.01299491879,0.4643997592,0.4418933347,0.6296330571,0.6152332606,0.002644282271,0.8712224465,-0.5671351857,0,0.4378812351
0.35,2.44,0.2778,-0.9554006785,-0.531458125,0.4184618404,0.2324973985,0.01282054419,0.464044704,0.4399280135,0.6294362148,0.6136231228,0.003063142424,0.8712224465,-0.531458125,0,0.4352673333
0.35,2.45,0.279,-0.9494273555,-0.4977622385,0.4237413713,0.2364476852,0.01266080888,0.4636910616,0.4380801777,0.629239307,0.6120026651,0.003483217482,0.8712224465,-0.4977622385,0,0.4327654092
0.35,2.46,0.2802,-0.9434697617,-0.4657047454,0.4287440798,0.2402681823,0.01251307894,0.4633388152,0.4363292297,0.6290423311,0.6103718552,0.00390450263,0.8712224465,-0.4657047454,0,0.430354826
0.35,2.47,0.2814,-0.93752773,-0.4350322095,0.4335135043,0.2439814002,0.01237541268,0.462987948,0.4346599311,0.6288452844,0.6087306601,0.004326993111,0.8712224465,-0.4350322095,0,0.4280203053
0.35,2.48,0.2826,-0.9316010948,-0.4055509569,0.4380829378,0.2476044764,0.01224633067,0.4626384437,0.4330606294,0.6286481642,0.607079047,0.004750684224,0.8712224465,-0.4055509569,0,0.4257501541
0.35,2.49,0.2838,-0.9256896928,-0.3771090107,0.4424785226,0.2511508094,0.01212467553,0.462290286,0.4315221747,0.6284509679,0.6054169827,0.005175571324,0.8712224465,-0.3771090107,0,0.4235351819
0.35,2.5,0.285,-0.9197933624,-0.3495844951,0.4467212369,0.254631105,0.01200952199,0.4619434589,0.4300372247,0.6282536929,0.6037444337,0.005601649823,0.8712224465,-0.3495844951,0,0.4213680047
0.35,2.51,0.2862,-0.9139119439,-0.3228778835,0.4508282236,0.2580540752,0.0119001168,0.4615979467,0.4285997794,0.6280563366,0.6020613664,0.006028915185,0.8712224465,-0.3228778835,0,0.4192425805
0.35,2.52,0.2874,-0.9080452795,-0.2969066395,0.4548137086,0.2614269197,0.01179583732,0.4612537338,0.4272048596,0.6278588964,0.6003677469,0.006457362928,0.8712224465,-0.2969066395,0,0.4171538876
0.35,2.53,0.2886,-0.9021932132,-0.2716014054,0.4586896547,0.2647556687,0.01169616202,0.4609108048,0.4258482785,0.6276613695,0.5986635411,0.006886988624,0.8712224465,-0.2716014054,0,0.4150976959
0.35,2.54,0.2898,-0.8963555906,-0.2469032245,0.4624662377,0.2680454314,0.01160064904,0.4605691447,0.4245182881,0.6274637536,0.5969487147,0.007317787897,0.8754051732,-0.2597539056,0,0.4130703999
0.35,2.55,0.291,-0.8905322594,-0.2227614742,0.4661522011,0.271300581,0.01150892027,0.4602287385,0.4231856827,0.6272660459,0.5952232329,0.007749756422,0.8817843412,-0.2546994457,0,0.4110688953
0.35,2.56,0.2922,-0.8847230686,-0.1991322989,0.4697551249,0.274524895,0.01142064925,0.4598895713,0.4218481754,0.6270682439,0.5934870611,0.008182889926,0.888185544,-0.2496467141,0,0.4090904839
0.35,2.57,0.2934,-0.8789278692,-0.1759774029,0.4732816329,0.2777216622,0.01133555191,0.4595516288,0.4205057593,0.626870345,0.5917401639,0.008617184186,0.8946086713,-0.2445957486,0,0.407132802
0.35,2.58,0.2946,-0.8731465138,-0.153263107,0.4767375545,0.2808937671,0.01125337928,0.4592148965,0.4191584271,0.6266723466,0.5899825063,0.009052635026,0.9010536131,-0.2395465868,0,0.4051937631
0.35,2.59,0.2958,-0.8673788564,-0.1309596013,0.4801280533,0.2840437563,0.01117391179,0.4588793603,0.4178061715,0.6264742463,0.5882140524,0.009489238323,0.9075202592,-0.2344992661,0,0.4032715132
0.35,2.6,0.297,-0.861624753,-0.1090403471,0.4834577292,0.2871738912,0.01109695469,0.4585450061,0.4164489849,0.6262760413,0.5864347664,0.00992699,0.9140084997,-0.2294538236,0,0.4013643948
0.35,2.61,0.2982,-0.8558840608,-0.08748159271,0.4867307026,0.2902861911,0.0110223343,0.4582118202,0.4150868593,0.6260777293,0.5846446122,0.01036588603,0.9205182246,-0.224410296,0,0.3994709178
0.35,2.62,0.2994,-0.8501566388,-0.0662619774,0.4899506816,0.2933824681,0.010949895,0.4578797888,0.4137197868,0.6258793076,0.5828435534,0.01080592242,0.9270493243,-0.2193687201,0,0.3975897357
0.35,2.63,0.3006,-0.8444423473,-0.04536220534,0.4931210182,0.2964643561,0.01087949676,0.4575488987,0.412347759,0.6256807737,0.5810315385,0.01124709525,0.9336016889,-0.214329132,0,0.3957196259
0.35,2.64,0.3018,-0.8387410483,-0.02476477454,0.4962447553,0.2995333343,0.01081101303,0.4572191364,0.4109707675,0.6254821252,0.5792073633,0.01168940062,0.9401752092,-0.2092915677,0,0.3938594734
0.35,2.65,0.303,-0.8330526053,-0.004453749835,0.4993246655,0.3025907473,0.01074432907,0.4568904889,0.4095888034,0.6252833594,0.5773702127,0.0121328347,0.9467697757,-0.2042560631,0,0.3920082572
0.35,2.66,0.3042,-0.8273768829,0.01558542828,0.5023632839,0.305637822,0.01067934041,0.4565629431,0.4082018578,0.6250844738,0.5755199883,0.01257739367,0.9533852793,-0.1992226534,0,0.3901650385
0.35,2.67,0.3054,-0.8217137475,0.03536610593,0.5053629364,0.3086756815,0.01061595169,0.4562364863,0.4068099214,0.624885466,0.5736565906,0.01302307378,0.9600216111,-0.1941913737,0,0.3883289513
0.35,2.68,0.3066,-0.8160630668,0.0549005542,0.5083257628,0.3117053578,0.01055407557,0.4559111059,0.4054129848,0.6246863334,0.5717799188,0.01346987132,0.9666786624,-0.1891622589,0,0.3864991939
0.35,2.69,0.3078,-0.8104247098,0.07420008784,0.5112537383,0.3147278013,0.01049363186,0.4555867894,0.4040110383,0.6244870735,0.569889871,0.01391778263,0.9733563248,-0.1841353434,0,0.3846750217
0.35,2.7,0.309,-0.8047985469,0.09327516761,0.51414869,0.3177438904,0.0104345467,0.4552635243,0.4026040718,0.6242876838,0.5679863437,0.01436680408,0.9800544901,-0.1791106612,0,0.3828557408
0.35,2.71,0.3102,-0.7991844498,0.1121354889,0.517012313,0.320754439,0.01037675193,0.4549412987,0.4011920752,0.6240881619,0.5660692324,0.01481693207,0.9867730504,-0.1740882461,0,0.3810407031
0.35,2.72,0.3114,-0.7935822915,0.1307900589,0.5198461835,0.3237602031,0.01032018448,0.4546201003,0.3997750379,0.6238885052,0.5641384313,0.01526816308,0.9935118979,-0.1690681315,0,0.3792293013
0.35,2.73,0.3126,-0.7879919464,0.149247264,0.5226517702,0.3267618867,0.01026478589,0.4542999174,0.3983529461,0.6236887113,0.5621938331,0.01572049359,1,-0.1641254228,0.0001471663631,0.3774209651
0.35,2.74,0.3138,-0.7824132901,0.1675149289,0.5254304445,0.329760147,0.01021050183,0.4539807381,0.396923624,0.6234887776,0.5602353292,0.01617392015,1,-0.1609847659,0.003837819457,0.3756151572
0.35,2.75,0.315,-0.7768461994,0.1856003685,0.52818349,0.3327555987,0.01015728174,0.4536625509,0.3954851613,0.6232887017,0.5582628098,0.01662843933,1,-0.1578449011,0.007555386514,0.3738113706
0.35,2.76,0.3162,-0.7712905524,0.2035104342,0.5309121098,0.3357488182,0.01010507845,0.4533453443,0.3940374791,0.623088481,0.5562761635,0.01708404776,1,-0.1547058125,0.01130009479,0.3720091254
0.35,2.77,0.3174,-0.7657462284,0.2212515547,0.5336174338,0.338740347,0.0100538479,0.453029107,0.3925804976,0.6228881133,0.5542752776,0.01754074209,1,-0.1515674844,0.01507217424,0.3702079666
0.35,2.78,0.3186,-0.7602131078,0.2388297717,0.5363005252,0.3417306946,0.01000354888,0.4527138277,0.3911141358,0.6226875958,0.5522600381,0.01799851901,1,-0.1484299012,0.01887185759,0.368407462
0.35,2.79,0.3198,-0.7546910722,0.2562507732,0.5389623856,0.3447203419,0.009954142738,0.4523994954,0.389638312,0.6224869262,0.5502303293,0.01845737527,1,-0.145293047,0.02269938031,0.3666071998
0.35,2.8,0.321,-0.7491800044,0.2735199214,0.5416039606,0.3477097427,0.009905593214,0.4520860991,0.3881529434,0.6222861021,0.5481860344,0.01891730763,1,-0.1421569063,0.02655498074,0.3648067871
0.35,2.81,0.3222,-0.7436797884,0.2906422794,0.5442261437,0.350699327,0.009857866218,0.4517736279,0.3866579463,0.6220851208,0.5461270347,0.0193783129,1,-0.1390214633,0.03043890006,0.3630058485
0.35,2.82,0.3234,-0.7381903092,0.3076226345,0.5468297807,0.3536895022,0.009810929665,0.4514620713,0.385153236,0.6218839801,0.5440532104,0.01984038793,1,-0.1358867024,0.03435138235,0.3612040243
0.35,2.83,0.3246,-0.7327114529,0.3244655189,0.5494156732,0.3566806551,0.009764753316,0.4511514187,0.3836387266,0.6216826773,0.54196444,0.0203035296,1,-0.132752608,0.03829267468,0.3594009695
0.35,2.84,0.3258,-0.7272431066,0.3411752287,0.5519845822,0.3596731537,0.009719308637,0.4508416594,0.3821143316,0.6214812101,0.5398606004,0.02076773483,1,-0.1296191645,0.04226302709,0.3575963523
0.35,2.85,0.327,-0.7217851587,0.3577558418,0.5545372304,0.3626673487,0.009674568673,0.4505327833,0.3805799629,0.621279576,0.5377415671,0.02123300058,1,-0.1264863564,0.04626269265,0.3557898535
0.35,2.86,0.3282,-0.7163374985,0.3742112326,0.5570743057,0.3656635743,0.009630507927,0.4502247801,0.379035532,0.6210777724,0.5356072139,0.02169932383,1,-0.1233541679,0.05029192754,0.3539811652
0.35,2.87,0.3294,-0.7109000163,0.390545087,0.5595964632,0.36866215,0.00958710226,0.4499176396,0.3774809487,0.620875797,0.5334574131,0.02216670161,1,-0.1202225837,0.05435099106,0.3521699902
0.35,2.88,0.3306,-0.7054726034,0.406760915,0.5621043276,0.3716633814,0.009544328791,0.449611352,0.3759161221,0.6206736473,0.5312920352,0.02263513098,1,-0.1170915882,0.05844014567,0.3503560406
0.35,2.89,0.3318,-0.7000551522,0.4228620624,0.564598495,0.3746675613,0.009502165812,0.4493059072,0.3743409601,0.6204713209,0.5291109492,0.02310460903,1,-0.1139611658,0.06255965708,0.3485390379
0.35,2.9,0.333,-0.6946475559,0.4388517221,0.5670795354,0.3776749706,0.009460592708,0.4490012954,0.3727553694,0.6202688151,0.5269140224,0.02357513289,1,-0.1108313011,0.06670979426,0.3467187117
0.35,2.91,0.3342,-0.689249709,0.4547329435,0.5695479935,0.3806858789,0.009419589882,0.4486975071,0.3711592558,0.6200661277,0.5247011205,0.02404669971,1,-0.1077019787,0.07089082951,0.3448947994
0.35,2.92,0.3354,-0.6838615065,0.470508642,0.5720043913,0.3837005457,0.00937913869,0.4483945326,0.3695525238,0.6198632562,0.5224721071,0.0245193067,1,-0.1045731829,0.07510303848,0.3430670456
0.35,2.93,0.3366,-0.6784828448,0.486181607,0.5744492287,0.3867192208,0.009339221378,0.4480923624,0.3679350765,0.619660198,0.5202268446,0.02499295108,1,-0.1014448985,0.07934670029,0.3412352012
0.35,2.94,0.3378,-0.6731136207,0.5017545101,0.5768829853,0.3897421449,0.009299821027,0.4477909872,0.3663068163,0.6194569507,0.5179651932,0.0254676301,1,-0.09831710995,0.08362209748,0.3393990235
0.35,2.95,0.339,-0.6677537325,0.5172299117,0.5793061216,0.3927695505,0.009260921501,0.4474903977,0.3646676439,0.6192535118,0.5156870115,0.02594334107,1,-0.09518980186,0.08792951615,0.3375582755
0.35,2.96,0.3402,-0.6624030788,0.5326102679,0.58171908,0.395801662,0.009222507395,0.4471905847,0.3630174592,0.619049879,0.5133921562,0.02642008128,1,-0.09206295883,0.09226924598,0.3357127251
0.35,2.97,0.3414,-0.6570615596,0.5478979364,0.584122286,0.3988386968,0.009184563996,0.4468915391,0.3613561605,0.6188460497,0.5110804822,0.02689784812,1,-0.08893656548,0.09664158029,0.3338621456
0.35,2.98,0.3426,-0.6517290753,0.5630951821,0.5865161489,0.4018808652,0.009147077241,0.4465932519,0.3596836452,0.6186420214,0.5087518425,0.02737663895,1,-0.08581060642,0.1010468161,0.3320063143
0.35,2.99,0.3438,-0.6464055276,0.5782041827,0.5889010631,0.404928371,0.009110033676,0.4462957142,0.3579998091,0.6184377917,0.5064060881,0.02785645119,1,-0.08268506631,0.1054852541,0.3301450129
0.35,3,0.345,-0.6410908186,0.5932270329,0.5912774089,0.4079814121,0.009073420422,0.4459989172,0.3563045468,0.6182333581,0.5040430682,0.02833728228,1,-0.07955992979,0.1099571989,0.3282780271
0.35,3.01,0.3462,-0.6357848515,0.6081657494,0.5936455528,0.4110401808,0.009037225145,0.4457028522,0.3545977516,0.6180287181,0.50166263,0.02881912971,1,-0.07643518153,0.114462959,0.3264051458
0.35,3.02,0.3474,-0.6304875304,0.6230222749,0.5960058488,0.4141048638,0.009001436022,0.4454075106,0.3528793156,0.6178238693,0.4992646187,0.02930199098,1,-0.0733108062,0.1190028467,0.3245261616
0.35,3.03,0.3486,-0.6251987598,0.637798482,0.5983586389,0.417175643,0.008966041716,0.4451128837,0.3511491292,0.6176188091,0.4968488774,0.02978586362,1,-0.07018678849,0.1235771783,0.3226408698
0.35,3.04,0.3498,-0.6199184453,0.6524961768,0.6007042534,0.4202526957,0.008931031346,0.4448189632,0.3494070818,0.6174135352,0.4944152473,0.03027074519,1,-0.0670631131,0.1281862742,0.3207490688
0.35,3.05,0.351,-0.6146464932,0.6671171024,0.6030430122,0.4233361946,0.008896394466,0.4445257406,0.3476530611,0.6172080449,0.4919635673,0.0307566333,1,-0.06393976473,0.132830459,0.3188505592
0.35,3.06,0.3522,-0.6093828107,0.6816629422,0.6053752247,0.4264263083,0.008862121042,0.4442332077,0.3458869534,0.6170023359,0.4894936744,0.03124352555,1,-0.06081672809,0.1375100614,0.3169451442
0.35,3.07,0.3534,-0.6041273054,0.6961353224,0.6077011905,0.4295232014,0.008828201427,0.4439413562,0.3441086438,0.6167964056,0.4870054032,0.0317314196,1,-0.05769398793,0.1422254143,0.3150326291
0.35,3.08,0.3546,-0.598879886,0.7105358154,0.6100212001,0.4326270351,0.008794626344,0.443650178,0.3423180156,0.6165902516,0.4844985864,0.03222031313,1,-0.05457152896,0.1469768549,0.3131128211
0.35,3.09,0.3558,-0.5936404617,0.7248659419,0.6123355353,0.4357379669,0.008761386867,0.443359665,0.3405149509,0.6163838713,0.4819730542,0.03271020385,1,-0.05144933593,0.151764725,0.3111855293
0.35,3.1,0.357,-0.5884089425,0.7391271735,0.6146444692,0.438856151,0.008728474404,0.4430698092,0.33869933,0.6161772622,0.4794286348,0.03320108947,1,-0.04832739359,0.1565893706,0.3092505642
0.35,3.11,0.3582,-0.583185239,0.7533209353,0.6169482673,0.4419817387,0.008695880678,0.4427806027,0.3368710319,0.6159704219,0.4768651539,0.03369296778,1,-0.0452056867,0.1614511422,0.307307738
0.35,3.12,0.3594,-0.5779692628,0.7674486077,0.6192471873,0.4451148783,0.008663597715,0.4424920377,0.3350299338,0.6157633478,0.4742824349,0.03418583655,1,-0.04208420002,0.1663503952,0.3053568638
0.35,3.13,0.3606,-0.5727609259,0.7815115284,0.6215414799,0.4482557153,0.008631617826,0.4422041065,0.3331759114,0.6155560374,0.4716802991,0.03467969359,1,-0.03896291833,0.1712874895,0.3033977563
0.35,3.14,0.3618,-0.5675601409,0.7955109946,0.6238313886,0.4514043928,0.008599933597,0.4419168012,0.3313088389,0.6153484882,0.469058565,0.03517453675,1,-0.0358418264,0.1762627896,0.3014302308
0.35,3.15,0.363,-0.5623668213,0.8094482648,0.6261171505,0.4545610513,0.008568537873,0.4416301144,0.3294285888,0.6151406977,0.4664170489,0.0356703639,1,-0.03272090901,0.181276665,0.2994541037
0.35,3.16,0.3642,-0.5571808812,0.8233245601,0.6283989966,0.4577258291,0.008537423748,0.4413440383,0.3275350317,0.6149326633,0.4637555646,0.03616717292,1,-0.02960015096,0.1863294901,0.2974691919
0.35,3.17,0.3654,-0.5520022352,0.8371410664,0.6306771517,0.4608988624,0.008506584554,0.4410585656,0.3256280367,0.6147243825,0.4610739233,0.03666496174,1,-0.02647953702,0.1914216442,0.2954753132
0.35,3.18,0.3666,-0.5468307987,0.8508989352,0.6329518349,0.4640802853,0.008476013847,0.4407736889,0.3237074712,0.6145158529,0.4583719337,0.0371637283,1,-0.02335905201,0.1965535118,0.2934722855
0.35,3.19,0.3678,-0.5416664876,0.8645992858,0.63522326,0.46727023,0.0084457054,0.4404894007,0.3217732007,0.6143070718,0.4556494019,0.03766347057,1,-0.02023868071,0.2017254823,0.2914599275
0.35,3.2,0.369,-0.5365092185,0.8782432063,0.6374916354,0.4704688269,0.008415653194,0.4402056938,0.319825089,0.6140980366,0.4529061314,0.03816418654,1,-0.01711840794,0.2069379507,0.2894380577
0.35,3.21,0.3702,-0.5313589085,0.8918317545,0.6397571645,0.4736762046,0.008385851405,0.4399225609,0.3178629981,0.6138887449,0.4501419229,0.03866587424,1,-0.01399821849,0.212191317,0.2874064952
0.35,3.22,0.3714,-0.5262154754,0.9053659599,0.6420200462,0.4768924903,0.0083562944,0.439639995,0.3158867881,0.6136791941,0.4473565744,0.0391685317,1,-0.01087809719,0.2174859867,0.2853650587
0.35,3.23,0.3726,-0.5210788376,0.9188468243,0.6442804746,0.4801178096,0.008326976727,0.4393579888,0.3138963173,0.6134693816,0.4445498812,0.039672157,1,-0.007758028829,0.2228223709,0.2833135672
0.35,3.24,0.3738,-0.5159489139,0.932275323,0.6465386393,0.4833522867,0.008297893105,0.4390765353,0.3118914418,0.6132593049,0.4417216358,0.04017674822,1,-0.004637998232,0.2282008862,0.2812518393
0.35,3.25,0.375,-0.5108256238,0.9456524061,0.648794726,0.4865960445,0.008269038422,0.4387956276,0.3098720162,0.6130489613,0.4388716276,0.0406823035,1,-0.001517990209,0.2336219549,0.2791796936
0.35,3.26,0.3762,-0.5057088873,0.958978999,0.6510489162,0.4898492046,0.008240407723,0.4385152588,0.3078378928,0.6128383483,0.4359996433,0.04118882096,1,0.001602010425,0.2390860051,0.2770969481
0.35,3.27,0.3774,-0.5005986251,0.9722560039,0.6533013876,0.4931118874,0.008211996207,0.4382354219,0.305788922,0.6126274633,0.4331054666,0.04169629877,1,0.004722018856,0.2445934707,0.2750034204
0.35,3.28,0.3786,-0.4954947582,0.9854843002,0.6555523143,0.4963842124,0.008183799219,0.4379561101,0.3037249522,0.6124163037,0.4301888782,0.04220473512,1,0.007842050271,0.2501447918,0.2728989278
0.35,3.29,0.3798,-0.4903972083,0.9986647457,0.6578018665,0.4996662978,0.008155812244,0.4376773167,0.3016458295,0.612204867,0.4272496557,0.04271412822,1,0.01096211986,0.2557404143,0.2707832868
0.35,3.3,0.381,-0.4853058976,1.011888683,0.6600568954,0.5029633543,0.008127663096,0.437399035,0.2995513982,0.6119931504,0.4242875734,0.0432244763,1,0.0140822428,0.2613807904,0.2686539739
0.35,3.31,0.3822,-0.4802207487,1.025291353,0.6623273521,0.5062830279,0.008098806958,0.4371212584,0.2974415002,0.6117811513,0.4213024028,0.04373577762,1,0.01720243429,0.2670663788,0.2665073785
0.35,3.32,0.3834,-0.4751416848,1.03887791,0.6646134824,0.5096256183,0.008069231771,0.4368439802,0.2953159754,0.6115688672,0.418293912,0.04424803047,1,0.02032270951,0.2727976442,0.2643432852
0.35,3.33,0.3846,-0.4700686297,1.052652483,0.6669154493,0.5129913636,0.008038930065,0.4365671939,0.2931746613,0.6113562955,0.4152618657,0.04476123313,1,0.02344308367,0.2785750581,0.2621615053
0.35,3.34,0.3858,-0.4650015075,1.066619337,0.6692334179,0.5163805052,0.008007894263,0.436290893,0.2910173933,0.6111434333,0.4122060253,0.04527538395,1,0.02656357196,0.2843990986,0.2599618474
0.35,3.35,0.387,-0.4599402429,1.080782875,0.6715675556,0.519793288,0.007976116685,0.4360150711,0.2888440043,0.6109302783,0.4091261491,0.04579048126,1,0.02968418958,0.2902702504,0.2577441175
0.35,3.36,0.3882,-0.454884761,1.095147641,0.6739180322,0.5232299602,0.007943589541,0.4357397218,0.286654325,0.6107168275,0.4060219915,0.04630652343,1,0.03280495173,0.2961890053,0.2555081184
0.35,3.37,0.3894,-0.4498349874,1.109718335,0.6762850198,0.5266907735,0.007910304935,0.4354648386,0.2844481836,0.6105030785,0.4028933037,0.04682350886,1,0.03592587362,0.3021558618,0.2532536499
0.35,3.38,0.3906,-0.4447908481,1.124499812,0.6786686931,0.5301759831,0.007876254856,0.4351904154,0.2822254061,0.6102890285,0.3997398333,0.04734143595,1,0.03904697046,0.3081713256,0.2509805089
0.35,3.39,0.3918,-0.4397522697,1.139497091,0.6810692291,0.533685848,0.007841431181,0.4349164459,0.2799858158,0.6100746749,0.3965613241,0.04786030314,1,0.04216825747,0.3142359098,0.2486884892
0.35,3.4,0.393,-0.4347191792,1.154715364,0.6834868074,0.5372206306,0.007805825674,0.4346429239,0.2777292335,0.6098600149,0.3933575163,0.04838010889,1,0.04528974988,0.3203501346,0.2463773815
0.35,3.41,0.3942,-0.4296915039,1.170160003,0.6859216101,0.5407805974,0.007769429978,0.4343698432,0.2754554775,0.6096450458,0.3901281464,0.04890085167,1,0.04841146291,0.3265145278,0.2440469732
0.35,3.42,0.3954,-0.4246691716,1.185836566,0.6883738219,0.5443660184,0.007732235618,0.4340971976,0.2731643636,0.609429765,0.3868729469,0.04942252998,1,0.0515334118,0.3327296249,0.2416970484
0.35,3.43,0.3966,-0.4196521106,1.201750811,0.6908436303,0.5479771675,0.007694233997,0.4338249813,0.2708557047,0.6092141697,0.3835916466,0.04994514233,1,0.05465561179,0.338995969,0.239327388
0.35,3.44,0.3978,-0.4146402496,1.217908699,0.6933312252,0.5516143228,0.007655416397,0.433553188,0.2685293113,0.6089982572,0.3802839702,0.05046868727,1,0.05777807813,0.3453141113,0.2369377694
0.35,3.45,0.399,-0.4096335176,1.234316409,0.6958367996,0.5552777661,0.007615773969,0.4332818118,0.2661849908,0.6087820247,0.3769496383,0.05099316336,1,0.06090082608,0.3516846107,0.2345279667
0.35,3.46,0.4002,-0.4046318442,1.250980345,0.6983605491,0.5589677835,0.007575297739,0.4330108468,0.2638225481,0.6085654696,0.3735883676,0.05151856918,1,0.06402387091,0.3581080347,0.2320977504
0.35,3.47,0.4014,-0.3996351591,1.267907147,0.7009026721,0.5626846651,0.007533978603,0.432740287,0.2614417851,0.608348589,0.3701998704,0.05204490332,1,0.06714722789,0.3645849588,0.2296468872
0.35,3.48,0.4026,-0.3946433926,1.285103707,0.70346337,0.5664287055,0.00749180732,0.4324701267,0.2590425008,0.6081313801,0.3667838549,0.0525721644,1,0.0702709123,0.3711159671,0.2271751406
0.35,3.49,0.4038,-0.3896564754,1.302577175,0.7060428472,0.5702002034,0.007448774518,0.4322003599,0.2566244913,0.6079138403,0.3633400248,0.05310035108,1,0.07339493944,0.3777016525,0.22468227
0.35,3.5,0.405,-0.3846743384,1.320334978,0.708641311,0.5739994619,0.007404870685,0.431930981,0.2541875497,0.6076959666,0.3598680794,0.053629462,1,0.07651932461,0.3843426165,0.2221680311
0.35,3.51,0.4062,-0.3796969132,1.338384831,0.7112589718,0.5778267887,0.007360086167,0.431661984,0.251731466,0.6074777564,0.3563677137,0.05415949585,1,0.07964408312,0.3910394695,0.2196321758
0.35,3.52,0.4074,-0.3747241313,1.356734751,0.7138960432,0.581682496,0.007314411169,0.4313933634,0.249256027,0.6072592068,0.352838618,0.05469045133,1,0.08276923031,0.3977928313,0.2170744519
0.35,3.53,0.4086,-0.369755925,1.375393075,0.7165527418,0.5855669006,0.007267835749,0.4311251135,0.2467610165,0.6070403149,0.3492804777,0.05522232716,1,0.0858947815,0.4046033307,0.2144946033
0.35,3.54,0.4098,-0.3647922267,1.394368478,0.7192292876,0.5894803241,0.007220349818,0.4308572286,0.2442462149,0.6068210779,0.3456929737,0.05575512208,1,0.08902075205,0.4114716063,0.2118923699
0.35,3.55,0.411,-0.3598329692,1.413669988,0.7219259037,0.5934230929,0.007171943134,0.430589703,0.2417113993,0.6066014931,0.3420757822,0.05628883484,1,0.09214715732,0.418398306,0.2092674871
0.35,3.56,0.4122,-0.3548780855,1.433307006,0.724642817,0.5973955383,0.007122605302,0.4303225314,0.2391563435,0.6063815574,0.338428574,0.05682346422,1,0.09527401267,0.4253840878,0.2066196862
0.35,3.57,0.4134,-0.3499275093,1.453289329,0.7273802572,0.6013979967,0.007072325768,0.430055708,0.236580818,0.6061612681,0.3347510152,0.05735900902,1,0.0984013335,0.4324296196,0.2039486943
0.35,3.58,0.4146,-0.3449811743,1.473627171,0.730138458,0.6054308094,0.007021093821,0.4297892275,0.2339845896,0.6059406223,0.3310427668,0.05789546805,1,0.1015291352,0.4395355795,0.2012542337
0.35,3.59,0.4158,-0.3400390145,1.494331184,0.7329176565,0.6094943231,0.006968898584,0.4295230843,0.2313674215,0.6057196171,0.3273034845,0.05843284015,1,0.1046574332,0.4467026561,0.1985360225
0.35,3.6,0.417,-0.3351009646,1.515412487,0.7357180932,0.6135888897,0.006915729016,0.429257273,0.2287290736,0.6054982495,0.3235328185,0.05897112417,1,0.1077862429,0.4539315484,0.1957937739
0.35,3.61,0.4182,-0.3301669591,1.536882692,0.7385400127,0.6177148666,0.006861573904,0.4289917882,0.2260693017,0.6052765167,0.3197304139,0.05951031899,1,0.1109155798,0.4612229663,0.1930271966
0.35,3.62,0.4194,-0.3252369331,1.558753932,0.741383663,0.6218726165,0.006806421865,0.4287266246,0.2233878581,0.6050544156,0.3158959101,0.06005042348,1,0.1140454593,0.4685776309,0.1902359944
0.35,3.63,0.4206,-0.3203108221,1.581038897,0.7442492962,0.6260625079,0.006750261339,0.4284617767,0.2206844912,0.6048319435,0.3120289408,0.06059143657,1,0.1171758969,0.4759962743,0.1874198661
0.35,3.64,0.4218,-0.3153885615,1.60375086,0.747137168,0.630284915,0.006693080587,0.4281972393,0.2179589454,0.6046090972,0.3081291341,0.06113335717,1,0.1203069081,0.4834796401,0.1845785056
0.35,3.65,0.423,-0.3104700875,1.62690372,0.7500475385,0.6345402176,0.006634867684,0.427933007,0.2152109613,0.6043858739,0.3041961122,0.06167618423,1,0.1234385083,0.4910284835,0.1817116016
0.35,3.66,0.4242,-0.305555336,1.650512039,0.7529806716,0.6388288018,0.006575610524,0.4276690747,0.2124402752,0.6041622705,0.3002294913,0.06221991672,1,0.1265707133,0.4986435717,0.1788188376
0.35,3.67,0.4254,-0.3006442438,1.674591084,0.7559368354,0.6431510595,0.006515296806,0.4274054371,0.2096466194,0.6039382841,0.2962288817,0.06276455361,1,0.1297035383,0.506325684,0.1758998917
0.35,3.68,0.4266,-0.2957367474,1.699156876,0.7589163021,0.6475073889,0.006453914038,0.4271420891,0.206829722,0.6037139116,0.2921938871,0.0633100939,1,0.1328369992,0.514075612,0.1729544367
0.35,3.69,0.4278,-0.290832784,1.724226234,0.7619193484,0.6518981945,0.006391449529,0.4268790253,0.2039893067,0.6034891499,0.2881241054,0.06385653661,1,0.1359711113,0.5218941601,0.1699821397
0.35,3.7,0.429,-0.2859322907,1.749816834,0.7649462554,0.6563238871,0.006327890386,0.4266162407,0.2011250927,0.6032639962,0.2840191275,0.06440388077,1,0.1391058903,0.5297821452,0.1669826621
0.35,3.71,0.4302,-0.2810352052,1.775947265,0.7679973085,0.6607848842,0.006263223512,0.4263537302,0.198236795,0.6030384472,0.2798785382,0.06495212544,1,0.1422413519,0.5377403977,0.1639556596
0.35,3.72,0.4314,-0.2761414653,1.802637094,0.7710727979,0.66528161,0.006197435598,0.4260914886,0.1953241237,0.6028124999,0.2757019153,0.06550126968,1,0.1453775117,0.5457697612,0.1609007818
0.35,3.73,0.4326,-0.2712510089,1.829906933,0.7741730182,0.6698144954,0.006130513122,0.4258295109,0.1923867845,0.6025861512,0.2714888298,0.06605131258,1,0.1485143852,0.5538710929,0.1578176725
0.35,3.74,0.4338,-0.2663637743,1.857778517,0.7772982691,0.6743839782,0.006062442345,0.4255677921,0.1894244782,0.6023593981,0.2672388459,0.06660225325,1,0.1516519883,0.562045264,0.1547059692
0.35,3.75,0.435,-0.2614797001,1.886274784,0.7804488547,0.6789905036,0.005993209302,0.4253063271,0.1864369007,0.6021322373,0.2629515204,0.0671540908,1,0.1547903367,0.5702931598,0.1515653028
0.35,3.76,0.4362,-0.2565987249,1.915419966,0.7836250846,0.6836345238,0.005922799805,0.4250451109,0.1834237431,0.6019046658,0.2586264031,0.06770682437,1,0.157929446,0.5786156804,0.1483952982
0.35,3.77,0.4374,-0.2517207878,1.945239687,0.786827273,0.6883164985,0.005851199429,0.4247841385,0.1803846912,0.6016766804,0.2542630362,0.06826045313,1,0.1610693319,0.5870137403,0.1451955734
0.35,3.78,0.4386,-0.2468458279,1.975761073,0.7900557396,0.6930368947,0.005778393517,0.4245234051,0.177319426,0.601448278,0.2498609544,0.06881497623,1,0.1642100104,0.5954882694,0.1419657398
0.35,3.79,0.4398,-0.2419737847,2.007012866,0.793310809,0.6977961876,0.005704367168,0.4242629056,0.1742276228,0.6012194553,0.2454196847,0.06937039288,1,0.1673514971,0.6040402127,0.1387054018
0.35,3.8,0.441,-0.2371045977,2.039025561,0.7965928114,0.7025948597,0.005629105235,0.4240026351,0.1711089518,0.6009902091,0.2409387462,0.06992670227,1,0.1704938079,0.6126705313,0.1354141567
0.35,3.81,0.4422,-0.2322382068,2.071831544,0.7999020826,0.7074334019,0.005552592317,0.4237425888,0.1679630777,0.6007605362,0.2364176499,0.07048390363,1,0.1736369586,0.6213802019,0.1320915948
0.35,3.82,0.4434,-0.2273745519,2.105465254,0.8032389638,0.7123123131,0.005474812761,0.4234827618,0.1647896595,0.6005304335,0.2318558986,0.0710419962,1,0.1767809652,0.6301702181,0.1287372988
0.35,3.83,0.4446,-0.2225135733,2.139963362,0.806603802,0.7172321007,0.005381301808,0.4232231492,0.1615883504,0.6002998975,0.2272529869,0.07160097924,1,0.1799258434,0.6390415898,0.1253508442
0.35,3.84,0.4458,-0.2176552115,2.175364961,0.8099969499,0.7221932806,0.005286886543,0.4229637462,0.1583587981,0.6000689251,0.2226084006,0.07216085202,1,0.1830716092,0.6479953443,0.1219317984
0.35,3.85,0.447,-0.2127994069,2.211711785,0.8134187665,0.7271963772,0.005191673567,0.422704548,0.1551006438,0.599837513,0.2179216169,0.07272161383,1,0.1862182786,0.6570325259,0.1184797212
0.35,3.86,0.4482,-0.2079461004,2.249048455,0.8168696164,0.7322419242,0.005095652728,0.4224455498,0.1518135231,0.5996056578,0.2131921041,0.07328326397,1,0.1893658676,0.6661541973,0.1149941642
0.35,3.87,0.4494,-0.203095233,2.287422747,0.8203498709,0.737330464,0.0049988137,0.4221867468,0.1484970652,0.5993733563,0.2084193211,0.07384580178,1,0.1925143921,0.6753614389,0.1114746709
0.35,3.88,0.4506,-0.1982467457,2.326885893,0.8238599074,0.7424625486,0.00490114598,0.4219281342,0.1451508928,0.5991406051,0.2036027179,0.07440922657,1,0.1956638681,0.68465535,0.1079207762
0.35,3.89,0.4518,-0.1934005798,2.367492926,0.8274001098,0.7476387392,0.004802638886,0.4216697074,0.1417746223,0.5989074007,0.1987417348,0.07497353772,1,0.1988143118,0.6940370486,0.1043320065
0.35,3.9,0.453,-0.1885566769,2.409303061,0.8309708687,0.752859607,0.004703281549,0.4214114615,0.1383678634,0.5986737399,0.1938358023,0.0755387346,1,0.2019657392,0.7035076724,0.1007078794
0.35,3.91,0.4542,-0.1837149786,2.452380129,0.8345725813,0.7581257329,0.004603062915,0.421153392,0.1349302191,0.5984396192,0.1888843411,0.07610481658,1,0.2051181664,0.7130683787,0.09704790337
0.35,3.92,0.4554,-0.1788754266,2.496793067,0.838205652,0.7634377078,0.004501971736,0.420895494,0.1314612852,0.5982050353,0.1838867618,0.07667178308,1,0.2082716096,0.722720345,0.09335157765
0.35,3.93,0.4566,-0.1740379629,2.542616475,0.841870492,0.7687961333,0.004399996566,0.4206377629,0.1279606507,0.5979699846,0.1788424645,0.07723963351,1,0.211426085,0.7324647696,0.08961839209
0.35,3.94,0.4578,-0.1692025295,2.589931253,0.8455675199,0.7742016212,0.004297125759,0.4203801941,0.1244278974,0.5977344637,0.1737508388,0.07780836732,1,0.2145816087,0.742302872,0.0858478268
0.35,3.95,0.459,-0.1643690688,2.638825331,0.8492971616,0.7796547944,0.004193347464,0.4201227829,0.1208625994,0.5974984691,0.1686112634,0.07837798394,1,0.2177381971,0.7522358932,0.08203935202
0.35,3.96,0.4602,-0.159537523,2.689394497,0.8530598506,0.7851562865,0.004088649619,0.4198655246,0.1172643236,0.5972619973,0.1634231061,0.07894848285,1,0.2208958663,0.7622650962,0.07819242782
0.35,3.97,0.4614,-0.1547078346,2.74174337,0.8568560281,0.7907067427,0.003983019948,0.4196084147,0.113632629,0.5970250448,0.1581857233,0.07951986354,1,0.2240546327,0.7723917667,0.07430650386
0.35,3.98,0.4626,-0.1498799464,2.795986509,0.8606861431,0.7963068196,0.003876445956,0.4193514485,0.1099670666,0.5967876081,0.1528984598,0.0800921255,1,0.2272145126,0.7826172136,0.07038101919
0.35,3.99,0.4638,-0.145053801,2.852249713,0.8645506528,0.8019571856,0.003768914923,0.4190946214,0.1062671796,0.5965496835,0.1475606486,0.08066526824,1,0.2303755225,0.792942769,0.06641540194
0.35,4,0.465,-0.1402293413,2.91067154,0.8684500226,0.807658521,0.003660413898,0.4188379289,0.1025325028,0.5963112675,0.1421716107,0.08123929131,1,0.2335376786,0.8033697896,0.06240906908
0.35,4.01,0.4662,-0.1354065104,2.971405084,0.8723847263,0.8134115188,0.003550929698,0.4185813663,0.09876256235,0.5960723565,0.1367306546,0.08181419423,1,0.2367009975,0.8138996565,0.05836142614
0.35,4.02,0.4674,-0.1305852513,3.034620083,0.8763552464,0.8192168843,0.003440448897,0.4183249292,0.09495687614,0.5958329468,0.1312370764,0.08238997659,1,0.2398654957,0.824533776,0.05427186692
0.35,4.03,0.4686,-0.1257655073,3.100505415,0.880362074,0.8250753358,0.003328957828,0.418068613,0.09111495302,0.5955930348,0.125690159,0.08296663795,1,0.2430311895,0.8352735804,0.05013977323
0.35,4.04,0.4698,-0.1209472216,3.169272083,0.8844057096,0.8309876048,0.003216442567,0.417812413,0.08723629284,0.5953526169,0.1200891721,0.08354417791,1,0.2461980957,0.8461205282,0.04596451453
0.35,4.05,0.471,-0.1161303378,3.241156809,0.8884866627,0.8369544363,0.003102888939,0.4175563249,0.0833203862,0.5951116892,0.1144333722,0.08412259607,1,0.2493662307,0.8570761052,0.04174544771
0.35,4.06,0.4722,-0.1113147994,3.31642638,0.8926054522,0.842976589,0.002988282501,0.417300344,0.07936671426,0.594870248,0.1087220017,0.08470189206,1,0.2525356112,0.8681418246,0.03758809174
0.35,4.07,0.4734,-0.10650055,3.395382961,0.8967626068,0.8490548361,0.002872608544,0.417044466,0.07537474849,0.5946282898,0.1029542887,0.08528206553,1,0.2557062539,0.879319228,0.03613308763
0.35,4.08,0.4746,-0.1016875332,3.478370634,0.900958665,0.8551899648,0.002755852082,0.4167886862,0.07134395046,0.5943858105,0.09712944711,0.08586311612,1,0.2588781755,0.8906098858,0.03466446725
0.35,4.09,0.4758,-0.09687569302,3.565783517,0.9051941755,0.8613827774,0.00263799785,0.4165330001,0.0672737716,0.5941428065,0.09124667586,0.08644504351,1,0.2620513926,0.9020153983,0.03318203856
0.35,4.1,0.477,-0.09206497318,3.658075951,0.9094696974,0.8676340913,0.002519030291,0.4162774034,0.06316365298,0.593899274,0.08530515869,0.08702784739,1,0.2652259222,0.9135373958,0.03168560591
0.35,4.11,0.4782,-0.08725531768,3.755775423,0.9137858003,0.8739447394,0.002398933555,0.4160218915,0.05901302502,0.593655209,0.07930406384,0.08761152745,1,0.2684017809,0.9251775401,0.0301749699
0.35,4.12,0.4794,-0.08244667056,3.859499146,0.9181430647,0.8803155704,0.002277691488,0.4157664599,0.05482130728,0.5934106078,0.0732425436,0.08819608341,1,0.2715789857,0.9369375242,0.02864992737
0.35,4.13,0.4806,-0.07763897593,3.969975625,0.9225420822,0.8867474494,0.002155287629,0.4155111043,0.05058790819,0.5931654664,0.06711973398,0.088781515,1,0.2747575535,0.9488190742,0.02711027124
0.35,4.14,0.4818,-0.07283217795,4.088073117,0.9269834559,0.8932412581,0.002031705198,0.41525582,0.04631222476,0.5929197808,0.06093475431,0.08936782198,1,0.2779375012,0.9608239493,0.02555579044
0.35,4.15,0.483,-0.06802622086,4.21483781,0.9314678005,0.8997978953,0.00190692709,0.4150006028,0.04199364233,0.5926735472,0.05468670683,0.0899550041,1,0.2811188458,0.9729539427,0.02398626983
0.35,4.16,0.4842,-0.06322104894,4.351546006,0.9359957426,0.9064182772,0.001780935868,0.4147454481,0.03763153428,0.5924267616,0.04837467626,0.09054306114,1,0.2843016043,0.9852108829,0.02240149008
0.35,4.17,0.4854,-0.05841660656,4.499776956,0.9405679212,0.9131033379,0.001653713756,0.4144903515,0.03322526172,0.59217942,0.04249332708,0.09113199289,1,0.2874857938,0.9975966339,0.02080122758
0.35,4.18,0.4866,-0.05361283809,4.661517003,0.9451849877,0.91985403,0.001525242626,0.4142353085,0.02904411294,0.5919315182,0.03764573071,0.09172179918,1,0.3499849998,1,0.01918525431
0.35,4.19,0.4878,-0.04880968798,4.839312724,0.9498476063,0.9266713247,0.001395503994,0.4139803148,0.02544035997,0.5916830524,0.03335961518,0.0923124798,1,0.4166573578,1,0.01755333779
0.35,4.2,0.489,-0.04400710073,5.036503622,0.9545564546,0.9335562126,0.001264479009,0.413725366,0.02221517047,0.5914340183,0.02942643672,0.09290403462,1,0.4759436132,1,0.01590524088
0.35,4.21,0.4902,-0.03920502085,5.257589783,0.9593122236,0.940509704,0.001132148445,0.4134704575,0.01925668835,0.591184412,0.02573925726,0.09349646347,1,0.5299698346,1,0.01424072175
0.35,4.22,0.4914,-0.0344033929,5.508840889,0.9641156179,0.9475328293,0.0009984926903,0.413215585,0.01649841867,0.5909342292,0.02223464587,0.09408976623,1,0.5800025429,1,0.01255953372
0.35,4.23,0.4926,-0.02960216148,5.799365894,0.9689673568,0.9546266399,0.0008634917382,0.4129607441,0.01389703478,0.5906834657,0.01887135867,0.09468394279,1,0.6268686448,1,0.01086142514
0.35,4.24,0.4938,-0.0248012712,6.14313726,0.9738681736,0.9617922082,0.0007271251779,0.4127059304,0.01142245132,0.5904321174,0.01562081292,0.09527899304,1,0.6711434571,1,0.009146139257
0.35,4.25,0.495,-0.02000066671,6.563218805,0.9788188168,0.9690306286,0.0005893721832,0.4124511394,0.009052774176,0.5901801801,0.01246224643,0.09587491689,1,0.7132464499,1,0.00741341412
0.35,4.26,0.4962,-0.01520029266,7.101899599,0.9838200503,0.9763430179,0.0004502115021,0.4121963667,0.006771484768,0.5899276494,0.009380021484,0.09647171429,1,0.7534946808,1,0.005662982412
0.35,4.27,0.4974,-0.01040009374,7.850633731,0.9888726534,0.9837305156,0.0003096214466,0.411941608,0.004565757716,0.5896745212,0.006362015776,0.09706938516,1,0.7921347511,1,0.003894571324
0.35,4.28,0.4986,-0.005600014635,9.078414285,0.9939774217,0.9911942849,0.0001675798802,0.4116868588,0.002425399874,0.589420791,0.003398608754,0.09766792947,1,0.8293629773,1,0.002107902418
0.5,2.37,0.2694,-0.9976688504,-0.9010861301,0.3586962277,0.1932655275,0.02136670094,0.5106540259,0.5024900843,0.6735127805,0.6689571373,0.0001569114628,0.8712224465,-0.9010861301,0,0.5023099748
0.5,2.38,0.2706,-0.9915805626,-0.8079367936,0.3741310303,0.2024797136,0.02048521615,0.5101341676,0.494772683,0.6732320574,0.6643500442,0.000568377743,0.8712224465,-0.8079367936,0,0.4941184729
0.5,2.39,0.2718,-0.985509234,-0.7444632067,0.3844901196,0.209008829,0.01993329512,0.5096164799,0.4895931384,0.672951264,0.6610854865,0.0009810890731,0.8712224465,-0.7444632067,0,0.4884607641
0.5,2.4,0.273,-0.9794546823,-0.6922908572,0.3929172277,0.2145328063,0.01950577497,0.5091009365,0.4853795843,0.6726703964,0.6583234979,0.001395040275,0.8712224465,-0.6922908572,0,0.4837649544
0.5,2.41,0.2742,-0.9734167277,-0.6466063283,0.4002363572,0.2194896183,0.01914907251,0.5085875114,0.4817200196,0.6723894507,0.6558450919,0.001810226235,0.8712224465,-0.6466063283,0,0.4796190142
0.5,2.42,0.2754,-0.9673951922,-0.6052771373,0.4068127647,0.2240724708,0.01883951461,0.5080761792,0.4784318158,0.6721084229,0.6535536656,0.002226641898,0.8712224465,-0.6052771373,0,0.4758402866
0.5,2.43,0.2766,-0.9613899003,-0.5671351857,0.4128466369,0.2283867595,0.01856416969,0.5075669147,0.4754148797,0.6718273093,0.6513965213,0.002644282271,0.8712224465,-0.5671351857,0,0.4723286493
0.5,2.44,0.2778,-0.9554006785,-0.531458125,0.4184618404,0.2324973985,0.01831506313,0.507059693,0.472607278,0.671546106,0.6493412018,0.003063142424,0.8712224465,-0.531458125,0,0.4690221394
0.5,2.45,0.279,-0.9494273555,-0.4977622385,0.4237413713,0.2364476852,0.01808686983,0.5065544896,0.4699675125,0.6712648091,0.6473660584,0.003483217482,0.8712224465,-0.4977622385,0,0.4658792291
0.5,2.46,0.2802,-0.9434697617,-0.4657047454,0.4287440798,0.2402681823,0.01787582706,0.5060512804,0.4674661583,0.6709834149,0.6454558099,0.00390450263,0.8712224465,-0.4657047454,0,0.4628704631
0.5,2.47,0.2814,-0.93752773,-0.4350322095,0.4335135043,0.2439814002,0.01767916097,0.5055500416,0.465081446,0.6707019196,0.6435992009,0.004326993111,0.8712224465,-0.4350322095,0,0.4599740415
0.5,2.48,0.2826,-0.9316010948,-0.4055509569,0.4380829378,0.2476044764,0.0174947581,0.5050507497,0.4627967293,0.6704203194,0.6417876628,0.004750684224,0.8712224465,-0.4055509569,0,0.4571732868
0.5,2.49,0.2838,-0.9256896928,-0.3771090107,0.4424785226,0.2511508094,0.01732096505,0.5045533815,0.4605989369,0.6701386104,0.6400112023,0.005175571324,0.8712224465,-0.3771090107,0,0.4544550963
0.5,2.5,0.285,-0.9197933624,-0.3495844951,0.4467212369,0.254631105,0.01715645998,0.5040579143,0.4584775797,0.669856789,0.6382329789,0.005601649823,0.8712224465,-0.3495844951,0,0.451808949
0.5,2.51,0.2862,-0.9139119439,-0.3228778835,0.4508282236,0.2580540752,0.01700016686,0.5035643254,0.4564240864,0.6695748514,0.6364441151,0.006028915185,0.8712224465,-0.3228778835,0,0.4492262411
0.5,2.52,0.2874,-0.9080452795,-0.2969066395,0.4548137086,0.2614269197,0.01685119617,0.5030725927,0.4544313439,0.6692927939,0.6346445755,0.006457362928,0.8712224465,-0.2969066395,0,0.446699827
0.5,2.53,0.2886,-0.9021932132,-0.2716014054,0.4586896547,0.2647556687,0.01670880288,0.5025826942,0.4524933708,0.6690106127,0.6328343245,0.006886988624,0.8712224465,-0.2716014054,0,0.4442236919
0.5,2.54,0.2898,-0.8963555906,-0.2469032245,0.4624662377,0.2680454314,0.01657235577,0.5020946083,0.4506050793,0.6687283042,0.6310133264,0.007317787897,0.8712224465,-0.2469032245,0,0.4417927143
0.5,2.55,0.291,-0.8905322594,-0.2227614742,0.4661522011,0.271300581,0.01644131467,0.5016083136,0.4487620976,0.6684458647,0.6291815451,0.007749756422,0.8712224465,-0.2227614742,0,0.4394024884
0.5,2.56,0.2922,-0.8847230686,-0.1991322989,0.4697551249,0.274524895,0.01631521322,0.5011237892,0.4469606357,0.6681632904,0.6273389445,0.008182889926,0.8712224465,-0.1991322989,0,0.4370491896
0.5,2.57,0.2934,-0.8789278692,-0.1759774029,0.4732816329,0.2777216622,0.01619364558,0.5006410142,0.4451973817,0.6678805776,0.6254854879,0.008617184186,0.8712224465,-0.1759774029,0,0.4347294709
0.5,2.58,0.2946,-0.8731465138,-0.153263107,0.4767375545,0.2808937671,0.01607625611,0.500159968,0.4434694209,0.6675977229,0.6236211387,0.009052635026,0.8712224465,-0.153263107,0,0.4324403821
0.5,2.59,0.2958,-0.8673788564,-0.1309596013,0.4801280533,0.2840437563,0.01596273113,0.4996806305,0.4417741715,0.6673147223,0.6217458599,0.009489238323,0.8712224465,-0.1309596013,0,0.4301793056
0.5,2.6,0.297,-0.861624753,-0.1090403471,0.4834577292,0.2871738912,0.01585279242,0.4992029817,0.4401093335,0.6670315724,0.6198596143,0.00992699,0.8712224465,-0.1090403471,0,0.4279439046
0.5,2.61,0.2982,-0.8558840608,-0.08748159271,0.4867307026,0.2902861911,0.01574619185,0.4987270018,0.4384728469,0.6667482695,0.6179623644,0.01036588603,0.8712224465,-0.08748159271,0,0.4257320823
0.5,2.62,0.2994,-0.8501566388,-0.0662619774,0.4899506816,0.2933824681,0.01564270714,0.4982526713,0.4368628574,0.66646481,0.6160540725,0.01080592242,0.8712224465,-0.0662619774,0,0.4235419471
0.5,2.63,0.3006,-0.8444423473,-0.04536220534,0.4931210182,0.2964643561,0.01554213822,0.4977799711,0.4352776891,0.6661811902,0.6141347006,0.01124709525,0.8712224465,-0.04536220534,0,0.421371785
0.5,2.64,0.3018,-0.8387410483,-0.02476477454,0.4962447553,0.2995333343,0.01544430433,0.4973088821,0.4337158205,0.6658974065,0.6122042103,0.01168940062,0.8712224465,-0.02476477454,0,0.419220036
0.5,2.65,0.303,-0.8330526053,-0.004453749835,0.4993246655,0.3025907473,0.01534904152,0.4968393856,0.4321758654,0.6656134553,0.6102625633,0.0121328347,0.8712224465,-0.004453749835,0,0.417085275
0.5,2.66,0.3042,-0.8273768829,0.01558542828,0.5023632839,0.305637822,0.01525620058,0.4963714631,0.4306565562,0.6653293331,0.6083097207,0.01257739367,0.8712224465,0.01558542828,0,0.4149661948
0.5,2.67,0.3054,-0.8217137475,0.03536610593,0.5053629364,0.3086756815,0.01516564527,0.4959050963,0.4291482954,0.6650450362,0.6063456433,0.01302307378,0.8768471152,0.02313791244,0,0.4128615926
0.5,2.68,0.3066,-0.8160630668,0.0549005542,0.5083257628,0.3117053578,0.01507725082,0.4954402672,0.4276353763,0.6647605611,0.6043702919,0.01346987132,0.8835694689,0.02832460616,0,0.4107703578
0.5,2.69,0.3078,-0.8104247098,0.07420008784,0.5112537383,0.3147278013,0.01499090266,0.4949769578,0.4261174744,0.6644759041,0.6023836267,0.01391778263,0.890311827,0.03351217304,0,0.4086914617
0.5,2.7,0.309,-0.8047985469,0.09327516761,0.51414869,0.3177438904,0.01490649529,0.4945151506,0.42459458,0.6641910617,0.6003851164,0.01436680408,0.8970741003,0.03870054636,0,0.406623949
0.5,2.71,0.3102,-0.7991844498,0.1121354889,0.517012313,0.320754439,0.01482393133,0.4940548282,0.4230666835,0.6639060304,0.598373156,0.01481693207,0.9038562,0.04388965969,0,0.4045669301
0.5,2.72,0.3114,-0.7935822915,0.1307900589,0.5198461835,0.3237602031,0.01474312069,0.4935959734,0.4215337747,0.6636208066,0.5963475296,0.01526816308,0.9106580376,0.04907944694,0,0.402519574
0.5,2.73,0.3126,-0.7879919464,0.149247264,0.5226517702,0.3267618867,0.01466397985,0.4931385693,0.4199958433,0.6633353866,0.5943081289,0.01572049359,0.9174795248,0.05426984231,0,0.4004811031
0.5,2.74,0.3138,-0.7824132901,0.1675149289,0.5254304445,0.329760147,0.01458643119,0.4926825989,0.4184528787,0.6630497671,0.5922548445,0.01617392015,0.9243205732,0.05946078033,0,0.3984507876
0.5,2.75,0.315,-0.7768461994,0.1856003685,0.52818349,0.3327555987,0.01451040248,0.4922280458,0.4169048699,0.6627639443,0.5901875657,0.01662843933,0.9311810952,0.06465219591,0,0.3964279412
0.5,2.76,0.3162,-0.7712905524,0.2035104342,0.5309121098,0.3357488182,0.01443582635,0.4917748935,0.4153518059,0.6624779149,0.5881061803,0.01708404776,0.938061003,0.06984402426,0,0.3944119173
0.5,2.77,0.3174,-0.7657462284,0.2212515547,0.5336174338,0.338740347,0.01436263986,0.4913231258,0.4137936751,0.6621916752,0.5860105747,0.01754074209,0.9449602092,0.07503620099,0,0.392402105
0.5,2.78,0.3186,-0.7602131078,0.2388297717,0.5363005252,0.3417306946,0.01429078411,0.4908727268,0.4122304659,0.6619052217,0.5839006339,0.01799851901,0.9518786269,0.08022866206,0,0.3903979265
0.5,2.79,0.3198,-0.7546910722,0.2562507732,0.5389623856,0.3447203419,0.01422020391,0.4904236806,0.4106621663,0.6616185509,0.5817762415,0.01845737527,0.9588161692,0.08542134381,0,0.3883988339
0.5,2.8,0.321,-0.7491800044,0.2735199214,0.5416039606,0.3477097427,0.01415084745,0.4899759716,0.4090887639,0.6613316592,0.5796372796,0.01891730763,0.9657727498,0.09061418299,0,0.3864043069
0.5,2.81,0.3222,-0.7436797884,0.2906422794,0.5442261437,0.350699327,0.01408266603,0.4895295843,0.4075102462,0.6610445432,0.577483629,0.0193783129,0.9727482824,0.09580711672,0,0.3844138503
0.5,2.82,0.3234,-0.7381903092,0.3076226345,0.5468297807,0.3536895022,0.01401561381,0.4890845035,0.4059266004,0.6607571992,0.5753151688,0.01984038793,0.9797426813,0.1010000826,0,0.3824269924
0.5,2.83,0.3246,-0.7327114529,0.3244655189,0.5494156732,0.3566806551,0.01394964759,0.4886407139,0.4043378131,0.6604696239,0.5731317768,0.0203035296,0.9867558611,0.1061930184,0,0.3804432827
0.5,2.84,0.3258,-0.7272431066,0.3411752287,0.5519845822,0.3596731537,0.01388472662,0.4881982008,0.402743871,0.6601818135,0.5709333289,0.02076773483,0.9937877367,0.1113858627,0,0.3784622905
0.5,2.85,0.327,-0.7217851587,0.3577558418,0.5545372304,0.3626673487,0.01382081239,0.4877569492,0.401144726,0.6598937648,0.5687196999,0.02123300058,1,0.116247891,0.0004926865895,0.3764836034
0.5,2.86,0.3282,-0.7163374985,0.3742112326,0.5570743057,0.3656635743,0.01375786847,0.4873169446,0.3995374025,0.659605474,0.5664907627,0.02169932383,1,0.1186561777,0.004658027482,0.3745068258
0.5,2.87,0.3294,-0.7109000163,0.390545087,0.5595964632,0.36866215,0.01369586037,0.4868781725,0.3979199284,0.6593169377,0.5642463887,0.02216670161,1,0.1210648083,0.008852936644,0.3725315778
0.5,2.88,0.3306,-0.7054726034,0.406760915,0.5621043276,0.3716633814,0.01363475542,0.4864406187,0.3962922124,0.6590281524,0.5619864478,0.02263513098,1,0.1234737896,0.0130776789,0.3705574941
0.5,2.89,0.3318,-0.7000551522,0.4228620624,0.564598495,0.3746675613,0.01357452259,0.4860042689,0.3946541618,0.6587391146,0.5597108081,0.02310460903,1,0.1258831288,0.01733252229,0.3685842226
0.5,2.9,0.333,-0.6946475559,0.4388517221,0.5670795354,0.3776749706,0.01351513244,0.4855691093,0.3930056833,0.6584498207,0.557419336,0.02357513289,1,0.128292833,0.02161773813,0.3666114239
0.5,2.91,0.3342,-0.689249709,0.4547329435,0.5695479935,0.3806858789,0.01345655697,0.485135126,0.3913466819,0.6581602673,0.5551118964,0.02404669971,1,0.1307029092,0.02593360103,0.3646387703
0.5,2.92,0.3354,-0.6838615065,0.470508642,0.5720043913,0.3837005457,0.01339876956,0.4847023053,0.389677062,0.6578704508,0.5527883522,0.0245193067,1,0.1331133644,0.03028038898,0.3626659448
0.5,2.93,0.3366,-0.6784828448,0.486181607,0.5744492287,0.3867192208,0.01334174483,0.4842706336,0.3879967263,0.6575803676,0.5504485649,0.02499295108,1,0.1355242059,0.03465838338,0.3606926405
0.5,2.94,0.3378,-0.6731136207,0.5017545101,0.5768829853,0.3897421449,0.01328545861,0.4838400976,0.3863055767,0.6572900144,0.548092394,0.0254676301,1,0.1379354407,0.03906786911,0.35871856
0.5,2.95,0.339,-0.6677537325,0.5172299117,0.5793061216,0.3927695505,0.01322988786,0.483410684,0.3846035138,0.6569993875,0.5457196973,0.02594334107,1,0.140347076,0.04350913455,0.3567434146
0.5,2.96,0.3402,-0.6624030788,0.5326102679,0.58171908,0.395801662,0.01317501056,0.4829823797,0.3828904368,0.6567084834,0.5433303306,0.02642008128,1,0.1427591187,0.04798247167,0.3547669239
0.5,2.97,0.3414,-0.6570615596,0.5478979364,0.584122286,0.3988386968,0.01312080571,0.4825551716,0.381166244,0.6564172986,0.5409241481,0.02689784812,1,0.1451715761,0.05248817606,0.3527888152
0.5,2.98,0.3426,-0.6517290753,0.5630951821,0.5865161489,0.4018808652,0.0130672532,0.4821290471,0.3794308321,0.6561258297,0.538501002,0.02737663895,1,0.1475844553,0.05702654702,0.3508088228
0.5,2.99,0.3438,-0.6464055276,0.5782041827,0.5889010631,0.404928371,0.01301433382,0.4817039933,0.3776840966,0.6558340729,0.5360607426,0.02785645119,1,0.1499977634,0.06159788757,0.3488266877
0.5,3,0.345,-0.6410908186,0.5932270329,0.5912774089,0.4079814121,0.01296202917,0.4812799976,0.3759259319,0.6555420249,0.5336032183,0.02833728228,1,0.1524115075,0.06620250453,0.3468421572
0.5,3.01,0.3462,-0.6357848515,0.6081657494,0.5936455528,0.4110401808,0.01291032164,0.4808570476,0.3741562309,0.6552496821,0.5311282754,0.02881912971,1,0.1548256949,0.0708407086,0.3448549846
0.5,3.02,0.3474,-0.6304875304,0.6230222749,0.5960058488,0.4141048638,0.01285919432,0.480435131,0.3723748851,0.6549570409,0.5286357585,0.02930199098,1,0.1572403326,0.07551281438,0.3428649284
0.5,3.03,0.3486,-0.6251987598,0.637798482,0.5983586389,0.417175643,0.01280863102,0.4800142355,0.3705817849,0.6546640979,0.5261255098,0.02978586362,1,0.1596554279,0.08021914048,0.3408717524
0.5,3.04,0.3498,-0.6199184453,0.6524961768,0.6007042534,0.4202526957,0.01275861621,0.479594349,0.3687768189,0.6543708494,0.5235973698,0.03027074519,1,0.1620709878,0.08496000952,0.3388752252
0.5,3.05,0.351,-0.6146464932,0.6671171024,0.6030430122,0.4233361946,0.01270913495,0.4791754596,0.3669598748,0.6540772919,0.5210511767,0.0307566333,1,0.1644870197,0.08973574827,0.3368751196
0.5,3.06,0.3522,-0.6093828107,0.6816629422,0.6053752247,0.4264263083,0.01266017292,0.4787575554,0.3651308384,0.6537834218,0.5184867667,0.03124352555,1,0.1669035307,0.09454668763,0.3348712129
0.5,3.07,0.3534,-0.6041273054,0.6961353224,0.6077011905,0.4295232014,0.01261171632,0.4783406247,0.3632895943,0.6534892357,0.5159039737,0.0317314196,1,0.1693205279,0.09939316278,0.3328632861
0.5,3.08,0.3546,-0.598879886,0.7105358154,0.6100212001,0.4326270351,0.01256375192,0.4779246558,0.3614360257,0.6531947299,0.5133026296,0.03222031313,1,0.1717380187,0.1042755132,0.3308511239
0.5,3.09,0.3558,-0.5936404617,0.7248659419,0.6123355353,0.4357379669,0.01251626695,0.4775096372,0.3595700141,0.6528999009,0.5106825638,0.03271020385,1,0.1741560102,0.1091940827,0.3288345144
0.5,3.1,0.357,-0.5884089425,0.7391271735,0.6146444692,0.438856151,0.01246924915,0.4770955576,0.3576914395,0.6526047451,0.5080436039,0.03320108947,1,0.1765745096,0.1141492196,0.3268132488
0.5,3.11,0.3582,-0.583185239,0.7533209353,0.6169482673,0.4419817387,0.01242268668,0.4766824055,0.3558001805,0.6523092589,0.5053855748,0.03369296778,1,0.1789935241,0.1191412768,0.3247871213
0.5,3.12,0.3594,-0.5779692628,0.7674486077,0.6192471873,0.4451148783,0.01237656816,0.4762701698,0.3538961141,0.6520134388,0.5027082992,0.03418583655,1,0.1814130612,0.1241706115,0.3227559289
0.5,3.13,0.3606,-0.5727609259,0.7815115284,0.6215414799,0.4482557153,0.01233088261,0.4758588394,0.3519791155,0.6517172811,0.5000115975,0.03467969359,1,0.1838331278,0.129237586,0.320719471
0.5,3.14,0.3618,-0.5675601409,0.7955109946,0.6238313886,0.4514043928,0.01228561942,0.4754484033,0.3500490585,0.6514207822,0.4972952877,0.03517453675,1,0.1862537315,0.134342567,0.3186775494
0.5,3.15,0.363,-0.5623668213,0.8094482648,0.6261171505,0.4545610513,0.01224076839,0.4750388507,0.3481058151,0.6511239386,0.4945591853,0.0356703639,1,0.1886748793,0.1394859262,0.3166299681
0.5,3.16,0.3642,-0.5571808812,0.8233245601,0.6283989966,0.4577258291,0.01219631964,0.4746301706,0.3461492559,0.6508267467,0.4918031033,0.03616717292,1,0.1910965786,0.14466804,0.314576533
0.5,3.17,0.3654,-0.5520022352,0.8371410664,0.6306771517,0.4608988624,0.01215226365,0.4742223525,0.3441792494,0.6505292028,0.4890268522,0.03666496174,1,0.1935188367,0.1498892901,0.312517052
0.5,3.18,0.3666,-0.5468307987,0.8508989352,0.6329518349,0.4640802853,0.01210859121,0.4738153857,0.3421956626,0.6502313032,0.4862302402,0.0371637283,1,0.1959416609,0.1551500629,0.3104513347
0.5,3.19,0.3678,-0.5416664876,0.8645992858,0.63522326,0.46727023,0.01206529343,0.4734092597,0.3401983607,0.6499330445,0.4834130724,0.03766347057,1,0.1983650585,0.1604507503,0.3083791919
0.5,3.2,0.369,-0.5365092185,0.8782432063,0.6374916354,0.4704688269,0.01202236171,0.4730039641,0.3381872072,0.6496344229,0.4805751517,0.03816418654,1,0.2007890368,0.1657917491,0.3063004362
0.5,3.21,0.3702,-0.5313589085,0.8918317545,0.6397571645,0.4736762046,0.01197978772,0.4725994886,0.3361620636,0.6493354347,0.4777162781,0.03866587424,1,0.2032136032,0.1711734616,0.3042148814
0.5,3.22,0.3714,-0.5262154754,0.9053659599,0.6420200462,0.4768924903,0.01193756343,0.472195823,0.3341227896,0.6490360764,0.4748362489,0.0391685317,1,0.205638765,0.1765962955,0.3021223422
0.5,3.23,0.3726,-0.5210788376,0.9188468243,0.6442804746,0.4801178096,0.01189568104,0.471792957,0.3320692432,0.6487363443,0.4719348587,0.039672157,1,0.2080645295,0.182060664,0.3000226345
0.5,3.24,0.3738,-0.5159489139,0.932275323,0.6465386393,0.4833522867,0.01185413301,0.4713908806,0.3300012802,0.6484362347,0.4690118991,0.04017674822,1,0.2104909041,0.1875669858,0.297915575
0.5,3.25,0.375,-0.5108256238,0.9456524061,0.648794726,0.4865960445,0.01181291203,0.4709895839,0.3279187547,0.6481357438,0.4660671591,0.0406823035,1,0.2129178963,0.1931156854,0.2958009814
0.5,3.26,0.3762,-0.5057088873,0.958978999,0.6510489162,0.4898492046,0.01177201103,0.470589057,0.3258215187,0.6478348681,0.4631004246,0.04118882096,1,0.2153455133,0.198707193,0.2936786717
0.5,3.27,0.3774,-0.5005986251,0.9722560039,0.6533013876,0.4931118874,0.01173142315,0.4701892899,0.3237094222,0.6475336039,0.4601114786,0.04169629877,1,0.2177737625,0.2043419446,0.2915484647
0.5,3.28,0.3786,-0.4954947582,0.9854843002,0.6555523143,0.4963842124,0.01169114174,0.4697902731,0.3215823132,0.6472319473,0.4571001011,0.04220473512,1,0.2202026515,0.2100203823,0.2894101797
0.5,3.29,0.3798,-0.4903972083,0.9986647457,0.6578018665,0.4996662978,0.01165116035,0.4693919969,0.3194400376,0.6469298948,0.4540660689,0.04271412822,1,0.2226321876,0.2157429544,0.287263636
0.5,3.3,0.381,-0.4853058976,1.011888683,0.6600568954,0.5029633543,0.01161094728,0.4689944516,0.317282439,0.6466274425,0.4510091558,0.0432244763,1,0.2250623782,0.2215101151,0.2851053117
0.5,3.31,0.3822,-0.4802207487,1.025291353,0.6623273521,0.5062830279,0.01156972423,0.4685976279,0.3151093593,0.6463245867,0.4479291325,0.04373577762,1,0.2274932307,0.227322325,0.282930133
0.5,3.32,0.3834,-0.4751416848,1.03887791,0.6646134824,0.5096256183,0.01152747396,0.4682015162,0.3129206377,0.6460213237,0.4448257664,0.04424803047,1,0.2299247527,0.2331800513,0.2807378773
0.5,3.33,0.3846,-0.4700686297,1.052652483,0.6669154493,0.5129913636,0.01148418581,0.4678061072,0.3107161115,0.6457176498,0.4416988216,0.04476123313,1,0.2323569517,0.2390837673,0.2785283619
0.5,3.34,0.3858,-0.4650015075,1.066619337,0.6692334179,0.5163805052,0.01143984895,0.4674113916,0.3084956156,0.645413561,0.4385480588,0.04527538395,1,0.234789835,0.2450339533,0.2763014016
0.5,3.35,0.387,-0.4599402429,1.080782875,0.6715675556,0.519793288,0.01139445241,0.4670173603,0.3062589827,0.6451090538,0.4353732355,0.04579048126,1,0.2372234101,0.2510310961,0.2740568083
0.5,3.36,0.3882,-0.454884761,1.095147641,0.6739180322,0.5232299602,0.01134798506,0.4666240041,0.3040060429,0.6448041242,0.4321741056,0.04630652343,1,0.2396576847,0.2570756895,0.2717943913
0.5,3.37,0.3894,-0.4498349874,1.109718335,0.6762850198,0.5266907735,0.01130043562,0.4662313139,0.3017366244,0.6444987684,0.4289504196,0.04682350886,1,0.2420926661,0.2631682343,0.2695139569
0.5,3.38,0.3906,-0.4447908481,1.124499812,0.6786686931,0.5301759831,0.01125179265,0.4658392808,0.2994505524,0.6441929827,0.4257019243,0.04734143595,1,0.244528362,0.2693092381,0.2672153084
0.5,3.39,0.3918,-0.4397522697,1.139497091,0.6810692291,0.533685848,0.01120204454,0.4654478958,0.29714765,0.6438867632,0.4224283628,0.04786030314,1,0.2469647798,0.2754992162,0.2648982465
0.5,3.4,0.393,-0.4347191792,1.154715364,0.6834868074,0.5372206306,0.01115117953,0.46505715,0.2948277376,0.6435801061,0.4191294749,0.04838010889,1,0.2494019272,0.2817386909,0.2625625687
0.5,3.41,0.3942,-0.4296915039,1.170160003,0.6859216101,0.5407805974,0.01109918568,0.4646670347,0.2924906333,0.6432730074,0.4158049961,0.04890085167,1,0.2518398116,0.288028192,0.2602080693
0.5,3.42,0.3954,-0.4246691716,1.185836566,0.6883738219,0.5443660184,0.01104605088,0.4642775411,0.2901361522,0.6429654634,0.4124546585,0.04942252998,1,0.2542784408,0.2943682571,0.2578345398
0.5,3.43,0.3966,-0.4196521106,1.201750811,0.6908436303,0.5479771675,0.01099176285,0.4638886605,0.287764107,0.6426574701,0.4090781901,0.04994514233,1,0.2567178222,0.3007594314,0.2554417684
0.5,3.44,0.3978,-0.4146402496,1.217908699,0.6933312252,0.5516143228,0.01093630914,0.4635003844,0.2853743078,0.6423490236,0.4056753149,0.05046868727,1,0.2591579635,0.3072022681,0.2530295399
0.5,3.45,0.399,-0.4096335176,1.234316409,0.6958367996,0.5552777661,0.0108796771,0.4631127041,0.2829665616,0.6420401201,0.402245753,0.05099316336,1,0.2615988722,0.3136973284,0.250597636
0.5,3.46,0.4002,-0.4046318442,1.250980345,0.6983605491,0.5589677835,0.01082185391,0.4627256112,0.280540673,0.6417307556,0.3987892202,0.05151856918,1,0.2640405562,0.3202451816,0.2481458351
0.5,3.47,0.4014,-0.3996351591,1.267907147,0.7009026721,0.5626846651,0.01076282658,0.4623390973,0.2780964434,0.6414209262,0.3953054284,0.05204490332,1,0.2664830229,0.3268464054,0.245673912
0.5,3.48,0.4026,-0.3946433926,1.285103707,0.70346337,0.5664287055,0.01070258189,0.461953154,0.2756336715,0.6411106279,0.3917940849,0.0525721644,1,0.26892628,0.333501586,0.2431816382
0.5,3.49,0.4038,-0.3896564754,1.302577175,0.7060428472,0.5702002034,0.01064110645,0.4615677729,0.273152153,0.6407998567,0.3882548929,0.05310035108,1,0.2713703353,0.3402113183,0.2406687814
0.5,3.5,0.405,-0.3846743384,1.320334978,0.708641311,0.5739994619,0.01057838669,0.4611829458,0.2706516806,0.6404886086,0.3846875511,0.053629462,1,0.2738151965,0.3469762059,0.238135106
0.5,3.51,0.4062,-0.3796969132,1.338384831,0.7112589718,0.5778267887,0.01051440881,0.4607986645,0.2681320438,0.6401768797,0.3810917536,0.05415949585,1,0.2762608712,0.3537968613,0.2355803725
0.5,3.52,0.4074,-0.3747241313,1.356734751,0.7138960432,0.581682496,0.01044915881,0.4604149207,0.2655930293,0.6398646659,0.3774671902,0.05469045133,1,0.2787073671,0.3606739063,0.2330043376
0.5,3.53,0.4086,-0.369755925,1.375393075,0.7165527418,0.5855669006,0.0103826225,0.4600317065,0.2630344202,0.6395519632,0.3738135457,0.05522232716,1,0.281154692,0.3676079718,0.2304067545
0.5,3.54,0.4098,-0.3647922267,1.394368478,0.7192292876,0.5894803241,0.01031478545,0.4596490138,0.2604559967,0.6392387676,0.3701305003,0.05575512208,1,0.2836028537,0.3745996984,0.227787372
0.5,3.55,0.411,-0.3598329692,1.413669988,0.7219259037,0.5934230929,0.01024563305,0.4592668345,0.2578575355,0.6389250749,0.3664177294,0.05628883484,1,0.28605186,0.3816497362,0.2251459354
0.5,3.56,0.4122,-0.3548780855,1.433307006,0.724642817,0.5973955383,0.01017515043,0.4588851607,0.25523881,0.6386108811,0.3626749034,0.05682346422,1,0.2885017185,0.3887587452,0.2224821855
0.5,3.57,0.4134,-0.3499275093,1.453289329,0.7273802572,0.6013979967,0.01010332253,0.4585039845,0.2525995902,0.6382961822,0.3589016877,0.05735900902,1,0.2909524372,0.3959273953,0.2197958593
0.5,3.58,0.4146,-0.3449811743,1.473627171,0.730138458,0.6054308094,0.01003013403,0.458123298,0.2499396426,0.6379809738,0.3550977425,0.05789546805,1,0.2934040238,0.4031563666,0.2170866895
0.5,3.59,0.4158,-0.3400390145,1.494331184,0.7329176565,0.6094943231,0.009955569406,0.4577430934,0.2472587301,0.6376652521,0.3512627229,0.05843284015,1,0.2958564861,0.4104463499,0.2143544043
0.5,3.6,0.417,-0.3351009646,1.515412487,0.7357180932,0.6135888897,0.009879612879,0.457363363,0.244556612,0.6373490127,0.3473962785,0.05897112417,1,0.2983098321,0.4177980462,0.2115987276
0.5,3.61,0.4182,-0.3301669591,1.536882692,0.7385400127,0.6177148666,0.009802248434,0.456984099,0.2418330439,0.6370322515,0.3434980538,0.05951031899,1,0.3007640695,0.4252121676,0.2088193791
0.5,3.62,0.4194,-0.3252369331,1.558753932,0.741383663,0.6218726165,0.009723459808,0.4566052938,0.2390877776,0.6367149643,0.3395676875,0.06005042348,1,0.3032192063,0.432689437,0.2060160735
0.5,3.63,0.4206,-0.3203108221,1.581038897,0.7442492962,0.6260625079,0.009643230485,0.4562269397,0.2363205612,0.636397147,0.3356048126,0.06059143657,1,0.3056752503,0.4402305887,0.203188521
0.5,3.64,0.4218,-0.3153885615,1.60375086,0.747137168,0.630284915,0.009561543695,0.4558490291,0.2335311387,0.6360787952,0.3316090567,0.06113335717,1,0.3081322095,0.4478363684,0.2003364271
0.5,3.65,0.423,-0.3104700875,1.62690372,0.7500475385,0.6345402176,0.009478382406,0.4554715545,0.2307192501,0.6357599047,0.3275800413,0.06167618423,1,0.3105900918,0.4555075332,0.1974594923
0.5,3.66,0.4242,-0.305555336,1.650512039,0.7529806716,0.6388288018,0.00939372932,0.4550945083,0.2278846316,0.6354404713,0.3235173819,0.06221991672,1,0.3130489052,0.4632448526,0.1945574124
0.5,3.67,0.4254,-0.3006442438,1.674591084,0.7559368354,0.6431510595,0.009307566866,0.4547178832,0.2250270149,0.6351204907,0.3194206882,0.06276455361,1,0.3155086576,0.4710491077,0.1916298778
0.5,3.68,0.4266,-0.2957367474,1.699156876,0.7589163021,0.6475073889,0.009219877198,0.4543416716,0.2221461277,0.6347999585,0.3152895633,0.0633100939,1,0.3179693569,0.4789210924,0.1886765739
0.5,3.69,0.4278,-0.290832784,1.724226234,0.7619193484,0.6518981945,0.009130642184,0.4539658663,0.2192416934,0.6344788705,0.3111236043,0.06385653661,1,0.3204310113,0.4868616129,0.1856971809
0.5,3.7,0.429,-0.2859322907,1.749816834,0.7649462554,0.6563238871,0.009039843409,0.4535904597,0.2163134308,0.6341572222,0.3069224017,0.06440388077,1,0.3228936287,0.4948714884,0.1826913734
0.5,3.71,0.4302,-0.2810352052,1.775947265,0.7679973085,0.6607848842,0.00894746216,0.4532154447,0.2133610544,0.6338350094,0.3026855395,0.06495212544,1,0.3253572172,0.5029515512,0.1796588208
0.5,3.72,0.4314,-0.2761414653,1.802637094,0.7710727979,0.66528161,0.008853479425,0.4528408139,0.210384274,0.6335122275,0.2984125949,0.06550126968,1,0.3278217847,0.511102647,0.1765991865
0.5,3.73,0.4326,-0.2712510089,1.829906933,0.7741730182,0.6698144954,0.008757875889,0.45246656,0.2073827949,0.6331888723,0.2941031383,0.06605131258,1,0.3302873395,0.5193256352,0.1735121285
0.5,3.74,0.4338,-0.2663637743,1.857778517,0.7772982691,0.6743839782,0.008660631921,0.452092676,0.2043563174,0.6328649392,0.2897567332,0.06660225325,1,0.3327538895,0.5276213888,0.1703972988
0.5,3.75,0.435,-0.2614797001,1.886274784,0.7804488547,0.6789905036,0.008561727575,0.4517191545,0.2013045371,0.6325404239,0.2853729358,0.0671540908,1,0.3352214429,0.5359907955,0.1672543434
0.5,3.76,0.4362,-0.2565987249,1.915419966,0.7836250846,0.6836345238,0.008461142578,0.4513459885,0.1982271446,0.6322153217,0.2809512953,0.06770682437,1,0.3376900078,0.5444347571,0.1640829022
0.5,3.77,0.4374,-0.2517207878,1.945239687,0.786827273,0.6883164985,0.008358856328,0.4509731709,0.1951238254,0.6318896283,0.2764913532,0.06826045313,1,0.3401595924,0.5529541904,0.1608826089
0.5,3.78,0.4386,-0.2468458279,1.975761073,0.7900557396,0.6930368947,0.008254847882,0.4506006945,0.1919942599,0.6315633391,0.2719926436,0.06881497623,1,0.3426302048,0.5615500272,0.1576530907
0.5,3.79,0.4398,-0.2419737847,2.007012866,0.793310809,0.6977961876,0.008149095955,0.4502285524,0.1888381233,0.6312364495,0.2674546928,0.06937039288,1,0.3451018532,0.5702232149,0.1543939685
0.5,3.8,0.441,-0.2371045977,2.039025561,0.7965928114,0.7025948597,0.008041578906,0.4498567374,0.1856550851,0.6309089549,0.2628770194,0.06992670227,1,0.3475745459,0.5789747162,0.1511048563
0.5,3.81,0.4422,-0.2322382068,2.071831544,0.7999020826,0.7074334019,0.007932274739,0.4494852427,0.1824448098,0.6305808509,0.2582591337,0.07048390363,1,0.350048291,0.5878055104,0.1477853615
0.5,3.82,0.4434,-0.2273745519,2.105465254,0.8032389638,0.7123123131,0.007821161087,0.4491140613,0.1792069558,0.6302521326,0.2536005378,0.0710419962,1,0.3525230968,0.5967165927,0.1444350844
0.5,3.83,0.4446,-0.2225135733,2.139963362,0.806603802,0.7172321007,0.007687574011,0.4487431861,0.1759411761,0.6299227956,0.2489007258,0.07160097924,1,0.3549989716,0.6057089754,0.1410536181
0.5,3.84,0.4458,-0.2176552115,2.175364961,0.8099969499,0.7221932806,0.007552695062,0.4483726104,0.1726471177,0.629592835,0.2441591827,0.07216085202,1,0.3574759236,0.6147836876,0.1376405488
0.5,3.85,0.447,-0.2127994069,2.211711785,0.8134187665,0.7271963772,0.007416676525,0.4480023273,0.1693244218,0.6292622463,0.2393753852,0.07272161383,1,0.3599539612,0.623941776,0.1341954548
0.5,3.86,0.4482,-0.2079461004,2.249048455,0.8168696164,0.7322419242,0.007279503898,0.4476323298,0.1659727232,0.6289310246,0.2345488009,0.07328326397,1,0.3624330926,0.6331843051,0.1307179071
0.5,3.87,0.4494,-0.203095233,2.287422747,0.8203498709,0.737330464,0.007141162429,0.4472626112,0.1625916508,0.6285991653,0.2296788882,0.07384580178,1,0.3649133263,0.6425123576,0.1272074689
0.5,3.88,0.4506,-0.1982467457,2.326885893,0.8238599074,0.7424625486,0.007001637114,0.4468931647,0.159180827,0.6282666635,0.2247650963,0.07440922657,1,0.3673946706,0.6519270347,0.1236636954
0.5,3.89,0.4518,-0.1934005798,2.367492926,0.8274001098,0.7476387392,0.006860912694,0.4465239836,0.1557398677,0.6279335144,0.2198068649,0.07497353772,1,0.3698771339,0.6614294567,0.1200861335
0.5,3.9,0.453,-0.1885566769,2.409303061,0.8309708687,0.752859607,0.006718973642,0.4461550609,0.1522683821,0.6275997133,0.2148036239,0.0755387346,1,0.3723607246,0.6710207632,0.1164743222
0.5,3.91,0.4542,-0.1837149786,2.452380129,0.8345725813,0.7581257329,0.006575804165,0.4457863901,0.1487659729,0.6272652552,0.2097547934,0.07610481658,1,0.3748454511,0.6807021137,0.1128277915
0.5,3.92,0.4554,-0.1788754266,2.496793067,0.838205652,0.7634377078,0.006431388194,0.4454179644,0.1452322354,0.6269301352,0.2046597833,0.07667178308,1,0.3773313219,0.6904746878,0.1091460631
0.5,3.93,0.4566,-0.1740379629,2.542616475,0.841870492,0.7687961333,0.00628570938,0.4450497772,0.1416667583,0.6265943485,0.1995179931,0.07723963351,1,0.3798183454,0.7003396859,0.1054286496
0.5,3.94,0.4578,-0.1692025295,2.589931253,0.8455675199,0.7742016212,0.006138751084,0.4446818217,0.1380691228,0.6262578901,0.1943288118,0.07780836732,1,0.3823065303,0.7102983296,0.1016750545
0.5,3.95,0.459,-0.1643690688,2.638825331,0.8492971616,0.7796547944,0.005990496377,0.4443140914,0.1344389027,0.625920755,0.1890916174,0.07837798394,1,0.3847958849,0.7203518619,0.09788477195
0.5,3.96,0.4602,-0.159537523,2.689394497,0.8530598506,0.7851562865,0.005840928027,0.4439465796,0.1307756644,0.6255829381,0.1838057772,0.07894848285,1,0.3872864178,0.7305015481,0.09405728663
0.5,3.97,0.4614,-0.1547078346,2.74174337,0.8568560281,0.7907067427,0.005690028498,0.4435792797,0.1270789665,0.6252444346,0.1784706468,0.07951986354,1,0.3897781377,0.7407486759,0.09019207341
0.5,3.98,0.4626,-0.1498799464,2.795986509,0.8606861431,0.7963068196,0.005537779938,0.4432121851,0.1233483597,0.6249052392,0.1730855704,0.0800921255,1,0.392271053,0.7510945563,0.08628859712
0.5,3.99,0.4638,-0.145053801,2.852249713,0.8645506528,0.8019571856,0.005384164175,0.4428452893,0.1195833865,0.624565347,0.1676498804,0.08066526824,1,0.3947651724,0.7615405237,0.08234631238
0.5,4,0.465,-0.1402293413,2.91067154,0.8684500226,0.807658521,0.005229162711,0.4424785857,0.1157835814,0.6242247527,0.1621628972,0.08123929131,1,0.3972605046,0.7720879367,0.07836466331
0.5,4.01,0.4662,-0.1354065104,2.971405084,0.8723847263,0.8134115188,0.005072756711,0.4421120678,0.1119484703,0.6238834513,0.1566239287,0.08181419423,1,0.3997570581,0.7827381786,0.07434308327
0.5,4.02,0.4674,-0.1305852513,3.034620083,0.8763552464,0.8192168843,0.004914926996,0.441745729,0.1080775704,0.6235414374,0.1510322702,0.08238997659,1,0.4022548417,0.793492658,0.07028099463
0.5,4.03,0.4686,-0.1257655073,3.100505415,0.880362074,0.8250753358,0.00475565404,0.4413795629,0.1041703902,0.623198706,0.1453872041,0.08296663795,1,0.4047538641,0.8043528091,0.06617780847
0.5,4.04,0.4698,-0.1209472216,3.169272083,0.8844057096,0.8309876048,0.004594917954,0.441013563,0.1002264291,0.6228552518,0.1396879996,0.08354417791,1,0.4072541341,0.8153200927,0.06203292434
0.5,4.05,0.471,-0.1161303378,3.241156809,0.8884866627,0.8369544363,0.004432698484,0.4406477228,0.09624517726,0.6225110693,0.1339339122,0.08412259607,1,0.4097556603,0.8263959967,0.05784572993
0.5,4.06,0.4722,-0.1113147994,3.31642638,0.8926054522,0.842976589,0.004268975001,0.4402820359,0.09222611545,0.6221661535,0.1281241839,0.08470189206,1,0.4122584515,0.8375820364,0.05369727391
0.5,4.07,0.4734,-0.10650055,3.395382961,0.8967626068,0.8490548361,0.004103726491,0.4399164958,0.08816871467,0.6218204988,0.1222580421,0.08528206553,1,0.4147625166,0.8488797556,0.05161869661
0.5,4.08,0.4746,-0.1016875332,3.478370634,0.900958665,0.8551899648,0.003936931546,0.4395510961,0.08407243604,0.6214740999,0.1163347002,0.08586311612,1,0.4172678644,0.860290727,0.0495206675
0.5,4.09,0.4758,-0.09687569302,3.565783517,0.9051941755,0.8613827774,0.003768568357,0.4391858303,0.07993673056,0.6211269513,0.1103533563,0.08644504351,1,0.4197745037,0.8718165528,0.04740291223
0.5,4.1,0.477,-0.09206497318,3.658075951,0.9094696974,0.8676340913,0.003598614701,0.4388206922,0.07576103883,0.6207790477,0.1043131937,0.08702784739,1,0.4222824434,0.8834588657,0.0452651513
0.5,4.11,0.4782,-0.08725531768,3.755775423,0.9137858003,0.8739447394,0.003427047935,0.4384556751,0.07154479085,0.6204303834,0.09821337985,0.08761152745,1,0.4247916925,0.8952193295,0.04310709986
0.5,4.12,0.4794,-0.08244667056,3.859499146,0.9181430647,0.8803155704,0.003253844983,0.4380907729,0.06728740572,0.6200809531,0.09205306646,0.08819608341,1,0.4273022598,0.9070996396,0.04092846767
0.5,4.13,0.4806,-0.07763897593,3.969975625,0.9225420822,0.8867474494,0.003078982328,0.4377259791,0.06298829141,0.6197307511,0.08583138889,0.088781515,1,0.4298141543,0.9191015241,0.03872895891
0.5,4.14,0.4818,-0.07283217795,4.088073117,0.9269834559,0.8932412581,0.002902435997,0.4373612873,0.0586468445,0.6193797717,0.07954746585,0.08936782198,1,0.432327385,0.9312267444,0.03650827205
0.5,4.15,0.483,-0.06802622086,4.21483781,0.9314678005,0.8997978953,0.002724181557,0.4369966913,0.05426244987,0.6190280094,0.07320039891,0.0899550041,1,0.4348419609,0.9434770961,0.03426609975
0.5,4.16,0.4842,-0.06322104894,4.351546006,0.9359957426,0.9064182772,0.002544194098,0.4366321845,0.04983448044,0.6186754586,0.06678927217,0.09054306114,1,0.4373578911,0.9558544096,0.03200212868
0.5,4.17,0.4854,-0.05841660656,4.499776956,0.9405679212,0.9131033379,0.002362448223,0.4362677608,0.04536229686,0.6183221133,0.06031315179,0.09113199289,1,0.4398751845,0.9683605514,0.02971603939
0.5,4.18,0.4866,-0.05361283809,4.661517003,0.9451849877,0.91985403,0.002178918037,0.4359034138,0.04084524725,0.617967968,0.0537796153,0.09172179918,1,0.4423938504,0.9809974246,0.02740750616
0.5,4.19,0.4878,-0.04880968798,4.839312724,0.9498476063,0.9266713247,0.001993577134,0.4355391371,0.03628266682,0.6176130168,0.04765659312,0.0923124798,1,0.4449138978,0.9937669697,0.02507619684
0.5,4.2,0.489,-0.04400710073,5.036503622,0.9545564546,0.9335562126,0.001806398584,0.4351749244,0.03173595781,0.6172572539,0.04203776674,0.09290403462,1,0.4759436132,1,0.02272177268
0.5,4.21,0.4902,-0.03920502085,5.257589783,0.9593122236,0.940509704,0.001617354922,0.4348107694,0.02750955479,0.6169006734,0.03677036752,0.09349646347,1,0.5299698346,1,0.02034388822
0.5,4.22,0.4914,-0.0344033929,5.508840889,0.9641156179,0.9475328293,0.001426418129,0.4344466659,0.02356916953,0.6165432693,0.03176377981,0.09408976623,1,0.5800025429,1,0.01794219103
0.5,4.23,0.4926,-0.02960216148,5.799365894,0.9689673568,0.9546266399,0.001233559626,0.4340826074,0.01985290683,0.6161850358,0.02695908381,0.09468394279,1,0.6268686448,1,0.01551632162
0.5,4.24,0.4938,-0.0248012712,6.14313726,0.9738681736,0.9617922082,0.001038750254,0.4337185878,0.0163177876,0.6158259669,0.02231544703,0.09527899304,1,0.6711434571,1,0.01306591322
0.5,4.25,0.495,-0.02000066671,6.563218805,0.9788188168,0.9690306286,0.0008419602616,0.4333546006,0.01293253454,0.6154660564,0.01780320919,0.09587491689,1,0.7132464499,1,0.0105905916
0.5,4.26,0.4962,-0.01520029266,7.101899599,0.9838200503,0.9763430179,0.0006431592888,0.4329906397,0.009673549669,0.6151052983,0.01340003069,0.09647171429,1,0.7534946808,1,0.008089974874
0.5,4.27,0.4974,-0.01040009374,7.850633731,0.9888726534,0.9837305156,0.0004423163522,0.4326266987,0.006522511022,0.6147436865,0.009088593965,0.09706938516,1,0.7921347511,1,0.00556367332
0.5,4.28,0.4986,-0.005600014635,9.078414285,0.9939774217,0.9911942849,0.0002393998288,0.4322627713,0.003464856963,0.6143812148,0.004855155363,0.09766792947,1,0.8293629773,1,0.003011289169
