noise,b,tau,tau_label,M_minus_tau,normalized_distance,x_star,alpha_H,alpha_L,posterior_upper_tail_mass,E,implied_c_H,noise_variance,flow_variance,threshold_noise_sd,full_order_margin,equilibrium_interpretation_valid,integration_error,status
Laplace,2,0.7310585786300049,grid,0.0,0.0,1.0,0.5,0.18393972058572117,0.3419698602928606,0.5064773952196454,6.217154821916708,8.0,9.0,0.35355339059327373,0.0024117851141662594,true,1.1102230246251565e-16,analytical (full-order equilibrium with c_H = implied_c_H); endpoint=plateau_tie_rule
Laplace,2,0.7304809321834299,grid,0.0005776464465749864,0.002499999999999888,0.9970639880194476,0.500733464498279,0.18420994349328576,0.3424717039957824,0.5068537779968368,6.212341101528583,8.0,9.0,0.35251535360272696,0.0024117851141662594,true,5.551115123125783e-17,analytical (full-order equilibrium with c_H = implied_c_H); endpoint=interior
Laplace,2,0.7299032857368549,grid,0.0011552928931499729,0.004999999999999776,0.9941319442391728,0.5014648639135662,0.18448019735346244,0.3429725306335143,0.5072293979751357,6.2075273811404585,8.0,9.0,0.3514787195828429,0.0024117851141662594,true,5.551115123125783e-17,analytical (full-order equilibrium with c_H = implied_c_H); endpoint=interior
Laplace,2,0.7293256392902798,grid,0.0017329393397250703,0.0075000000000001454,0.9912038480419504,0.5021942093030035,0.18475048304297573,0.3434723461729896,0.5076042596297422,6.202713660752332,8.0,9.0,0.3504434812443316,0.0024117851141662594,true,1.1102230246251565e-16,analytical (full-order equilibrium with c_H = implied_c_H); endpoint=interior
Laplace,2,0.7287479928437048,grid,0.0023105857863000567,0.010000000000000033,0.9882796789337277,0.5029215116422083,0.18502080143661673,0.3439711565394125,0.5079783674045594,6.197899940364207,8.0,9.0,0.3494096313414514,0.0024117851141662594,true,2.220446049250313e-16,analytical (full-order equilibrium with c_H = implied_c_H); endpoint=interior
Laplace,2,0.7281703463971299,grid,0.002888232232875043,0.012499999999999923,0.9853594165425462,0.503646781826051,0.18529115340726848,0.3444689676166598,0.5083517257124949,6.193086219976083,8.0,9.0,0.34837716267162716,0.0024117851141662594,true,1.1102230246251565e-16,analytical (full-order equilibrium with c_H = implied_c_H); endpoint=interior
Laplace,2,0.7275926999505549,grid,0.0034658786794500296,0.01499999999999981,0.9824430406174787,0.5043700306694241,0.1855615398259309,0.3449657852476775,0.5087243389357581,6.188272499587957,8.0,9.0,0.34734606807507495,0.0024117851141662594,true,5.551115123125783e-17,analytical (full-order equilibrium with c_H = implied_c_H); endpoint=interior
Laplace,2,0.7270150535039798,grid,0.004043525126025127,0.01750000000000018,0.9795305310275755,0.5050912689080023,0.18583196156174595,0.3454616152348741,0.5090962114261556,6.183458779199832,8.0,9.0,0.3463163404344292,0.0024117851141662594,true,0.0,analytical (full-order equilibrium with c_H = implied_c_H); endpoint=interior
Laplace,2,0.7264374070574048,grid,0.0046211715726001135,0.020000000000000066,0.9766218677608248,0.5058105071989932,0.18610241948202186,0.34595646334050756,0.5094673475053807,6.178645058811707,8.0,9.0,0.34528797267437544,0.0024117851141662594,true,8.326672684688674e-17,analytical (full-order equilibrium with c_H = implied_c_H); endpoint=interior
Laplace,2,0.7258597606108298,grid,0.0051988180191751,0.022499999999999954,0.973717030923118,0.5065277561218804,0.186372914452258,0.3464503352870692,0.5098377514653019,6.173831338423582,8.0,9.0,0.34426095776128396,0.0024117851141662594,true,2.220446049250313e-16,analytical (full-order equilibrium with c_H = implied_c_H); endpoint=interior
Laplace,2,0.7252821141642548,grid,0.005776464465750086,0.024999999999999845,0.970816000737231,0.5072430261791572,0.18664344733616922,0.3469432367576632,0.5102074275682473,6.169017618035457,8.0,9.0,0.34323528870285014,0.0024117851141662594,true,2.220446049250313e-16,analytical (full-order equilibrium with c_H = implied_c_H); endpoint=interior
Laplace,2,0.7247044677176797,grid,0.006354110912325184,0.027500000000000212,0.9679187575418139,0.507956327797052,0.18691401899570972,0.34743517339638086,0.5105763800472857,6.164203897647331,8.0,9.0,0.34221095854773714,0.0024117851141662594,true,1.1102230246251565e-16,analytical (full-order equilibrium with c_H = implied_c_H); endpoint=interior
Laplace,2,0.7241268212711047,grid,0.00693175735890017,0.0300000000000001,0.9650252817903936,0.5086676713262452,0.18718463029109708,0.3479261508086712,0.5109446131065034,6.159390177259207,8.0,9.0,0.3411879603852231,0.0024117851141662594,true,2.7755575615628914e-17,analytical (full-order equilibrium with c_H = implied_c_H); endpoint=interior
Laplace,2,0.7235491748245297,grid,0.007509403805475157,0.03249999999999999,0.9621355540503812,0.5093770670425788,0.18745528208083623,0.3484161745617075,0.5113121309212806,6.154576456871082,8.0,9.0,0.34016628734485027,0.0024117851141662594,true,1.1102230246251565e-16,analytical (full-order equilibrium with c_H = implied_c_H); endpoint=interior
Laplace,2,0.7229715283779548,grid,0.008087050252050143,0.03499999999999988,0.9592495550020957,0.5100845251477568,0.18772597522174284,0.3489052501847498,0.5116789376385624,6.149762736482956,8.0,9.0,0.33914593259608,0.0024117851141662594,true,2.220446049250313e-16,analytical (full-order equilibrium with c_H = implied_c_H); endpoint=interior
Laplace,2,0.7223938819313798,grid,0.00866469669862513,0.03749999999999976,0.9563672654377945,0.5107900557700378,0.18799671056896677,0.3493933831695023,0.5120450373771267,6.144949016094832,8.0,9.0,0.33812688934794966,0.0024117851141662594,true,1.3877787807814457e-16,analytical (full-order equilibrium with c_H = implied_c_H); endpoint=interior
Laplace,2,0.7218162354848047,grid,0.009242343145200227,0.04000000000000013,0.9534886662607138,0.5114936689649208,0.18826748897601556,0.34988057897046815,0.512410434227851,6.140135295706706,8.0,9.0,0.3371091508487338,0.0024117851141662594,true,1.1102230246251565e-16,analytical (full-order equilibrium with c_H = implied_c_H); endpoint=interior
Laplace,2,0.7212385890382297,grid,0.009819989591775213,0.042500000000000024,0.9506137384841229,0.5121953747158209,0.18853831129477694,0.3503668430052989,0.5127751322539742,6.1353215753185815,8.0,9.0,0.3360927103856093,0.0024117851141662594,true,5.551115123125783e-17,analytical (full-order equilibrium with c_H = implied_c_H); endpoint=interior
Laplace,2,0.7206609425916547,grid,0.0103976360383502,0.04499999999999991,0.9477424632303806,0.51289518293474,0.1888091783755423,0.3508521806551412,0.5131391354913559,6.130507854930456,8.0,9.0,0.33507756128432215,0.0024117851141662594,true,1.1102230246251565e-16,analytical (full-order equilibrium with c_H = implied_c_H); endpoint=interior
Laplace,2,0.7200832961450797,grid,0.010975282484925186,0.0474999999999998,0.9448748217300076,0.5135931034629284,0.1890800910670293,0.35133659726497884,0.5135024479487341,6.125694134542331,8.0,9.0,0.3340636969088593,0.0024117851141662594,true,1.1102230246251565e-16,analytical (full-order equilibrium with c_H = implied_c_H); endpoint=interior
Laplace,2,0.7195056496985046,grid,0.011552928931500284,0.05000000000000017,0.9420107953207661,0.5142891460715393,0.18935105021640428,0.3518200981439718,0.5138650736079788,6.120880414154206,8.0,9.0,0.33305111066112325,0.0024117851141662594,true,1.1102230246251565e-16,analytical (full-order equilibrium with c_H = implied_c_H); endpoint=interior
Laplace,2,0.7189280032519296,grid,0.01213057537807527,0.052500000000000054,0.939150365446751,0.5149833204622745,0.1896220566693047,0.3523026885657896,0.5142270164243422,6.116066693766081,8.0,9.0,0.33203979598061095,0.0024117851141662594,true,1.1102230246251565e-16,analytical (full-order equilibrium with c_H = implied_c_H); endpoint=interior
Laplace,2,0.7183503568053546,grid,0.012708221824650257,0.054999999999999945,0.9362935136574841,0.5156756362680264,0.1898931112698616,0.352784373768944,0.514588280326708,6.1112529733779555,8.0,9.0,0.33102974634409316,0.0024117851141662594,true,1.1102230246251565e-16,analytical (full-order equilibrium with c_H = implied_c_H); endpoint=interior
Laplace,2,0.7177727103587797,grid,0.013285868271225243,0.057499999999999836,0.9334402216070249,0.5163661030535089,0.19016421486072155,0.35326515895711524,0.5149488692178364,6.106439252989831,8.0,9.0,0.33002095526530045,0.0024117851141662594,true,1.1102230246251565e-16,analytical (full-order equilibrium with c_H = implied_c_H); endpoint=interior
Laplace,2,0.7171950639122046,grid,0.01386351471780034,0.0600000000000002,0.9305904710530852,0.5170547303158837,0.19043536828306865,0.35374504929947614,0.5153087869746071,6.101625532601705,8.0,9.0,0.32901341629461006,0.0024117851141662594,true,1.1102230246251565e-16,analytical (full-order equilibrium with c_H = implied_c_H); endpoint=interior
Laplace,2,0.7166174174656296,grid,0.014441161164375327,0.06250000000000008,0.9277442438561575,0.5177415274853778,0.1907065723766461,0.354224049931012,0.515668037448259,6.096811812213581,8.0,9.0,0.32800712301873747,0.0024117851141662594,true,1.1102230246251565e-16,analytical (full-order equilibrium with c_H = implied_c_H); endpoint=interior
Laplace,2,0.7160397710190546,grid,0.015018807610950313,0.06499999999999997,0.9249015219786453,0.5184265039258965,0.1909778279797783,0.35470216595283743,0.5160266244646281,6.091998091825455,8.0,9.0,0.32700206906042933,0.0024117851141662594,true,2.220446049250313e-16,analytical (full-order equilibrium with c_H = implied_c_H); endpoint=interior
Laplace,2,0.7154621245724796,grid,0.0155964540575253,0.06749999999999987,0.9220622874840086,0.5191096689356268,0.1912491359293919,0.35517940243250934,0.516384551824382,6.08718437143733,8.0,9.0,0.3259982480781612,0.0024117851141662594,true,2.7755575615628914e-17,analytical (full-order equilibrium with c_H = implied_c_H); endpoint=interior
Laplace,2,0.7148844781259045,grid,0.016174100504100397,0.07000000000000023,0.9192265225359139,0.5197910317476366,0.1915204970610374,0.355655764404337,0.5167418233032528,6.082370651049205,8.0,9.0,0.3249956537658367,0.0024117851141662594,true,2.220446049250313e-16,analytical (full-order equilibrium with c_H = implied_c_H); endpoint=interior
Laplace,2,0.7143068316793295,grid,0.016751746950675384,0.07250000000000012,0.9163942093973965,0.520470601530465,0.19179191220891018,0.3561312568696876,0.5170984426522657,6.077556930661079,8.0,9.0,0.323994279852492,0.0024117851141662594,true,1.1102230246251565e-16,analytical (full-order equilibrium with c_H = implied_c_H); endpoint=interior
Laplace,2,0.7137291852327545,grid,0.01732939339725037,0.07500000000000001,0.9135653304300256,0.5211483873887081,0.19206338220587169,0.3566058847972899,0.5174544135979674,6.072743210272955,8.0,9.0,0.322994120102,0.0024117851141662594,true,2.7755575615628914e-17,analytical (full-order equilibrium with c_H = implied_c_H); endpoint=interior
Laplace,2,0.7131515387861795,grid,0.017907039843825356,0.0774999999999999,0.9107398680930833,0.5218243983635971,0.19233490788347038,0.35707965312353374,0.5178097398426503,6.06792948988483,8.0,9.0,0.32199516831278047,0.0024117851141662594,true,8.326672684688674e-17,analytical (full-order equilibrium with c_H = implied_c_H); endpoint=interior
Laplace,2,0.7125738923396046,grid,0.018484686290400343,0.0799999999999998,0.9079178049427482,0.5224986434335701,0.19260649007196223,0.35755256675276614,0.5181644250645746,6.063115769496705,8.0,9.0,0.32099741831751116,0.0024117851141662594,true,1.1102230246251565e-16,analytical (full-order equilibrium with c_H = implied_c_H); endpoint=interior
Laplace,2,0.7119962458930295,grid,0.01906233273697544,0.08250000000000016,0.9050991236312882,0.5231711315148384,0.19287812960033185,0.35802463055758516,0.5185184729181889,6.058302049108579,8.0,9.0,0.3200008639828426,0.0024117851141662594,true,2.220446049250313e-16,analytical (full-order equilibrium with c_H = implied_c_H); endpoint=interior
Laplace,2,0.7114185994464545,grid,0.019639979183550427,0.08500000000000005,0.9022838069062633,0.523841871461945,0.1931498272963123,0.3584958493791287,0.5188718870343465,6.053488328720454,8.0,9.0,0.3190054992091161,0.0024117851141662594,true,1.1102230246251565e-16,analytical (full-order equilibrium with c_H = implied_c_H); endpoint=interior
Laplace,2,0.7108409529998795,grid,0.020217625630125413,0.08749999999999994,0.8994718376097308,0.5245108720683194,0.19342158398640613,0.3589662280273628,0.519224671020522,6.0486746083323295,8.0,9.0,0.31801131793008286,0.0024117851141662594,true,1.1102230246251565e-16,analytical (full-order equilibrium with c_H = implied_c_H); endpoint=interior
Laplace,2,0.7102633065533045,grid,0.0207952720767004,0.08999999999999982,0.896663198677464,0.5251781420668236,0.19369340049590528,0.3594357712813644,0.5195768284610233,6.043860887944205,8.0,9.0,0.31701831411262765,0.0024117851141662594,true,1.3877787807814457e-16,analytical (full-order equilibrium with c_H = implied_c_H); endpoint=interior
Laplace,2,0.7096856601067294,grid,0.021372918523275497,0.0925000000000002,0.8938578731381757,0.5258436901302945,0.1939652776489112,0.35990448388960283,0.5199283629172021,6.039047167556078,8.0,9.0,0.31602648175649434,0.0024117851141662594,true,1.1102230246251565e-16,analytical (full-order equilibrium with c_H = implied_c_H); endpoint=interior
Laplace,2,0.7091080136601544,grid,0.021950564969850483,0.09500000000000008,0.8910558441127511,0.526507524872079,0.19423721626835477,0.36037237057021687,0.5202792779276626,6.034233447167954,8.0,9.0,0.3150358148940147,0.0024117851141662594,true,2.220446049250313e-16,analytical (full-order equilibrium with c_H = implied_c_H); endpoint=interior
Laplace,2,0.7085303672135794,grid,0.02252821141642547,0.09749999999999996,0.8882570948134848,0.5271696548465632,0.1945092171760163,0.36083943601128976,0.5206295770084673,6.029419726779829,8.0,9.0,0.3140463075898386,0.0024117851141662594,true,2.220446049250313e-16,analytical (full-order equilibrium with c_H = implied_c_H); endpoint=interior
Laplace,2,0.7079527207670044,grid,0.023105857863000456,0.09999999999999985,0.8854616085433288,0.5278300885496974,0.1947812811925452,0.3613056848711213,0.520979263653341,6.024606006391704,8.0,9.0,0.313057953940668,0.0024117851141662594,true,1.3877787807814457e-16,analytical (full-order equilibrium with c_H = implied_c_H); endpoint=interior
Laplace,2,0.7073750743204293,grid,0.023683504309575554,0.10250000000000023,0.8826693686951459,0.5284888344195131,0.19505340913747957,0.36177112177849635,0.5213283413338723,6.019792286003578,8.0,9.0,0.31207074807499324,0.0024117851141662594,true,1.1102230246251565e-16,analytical (full-order equilibrium with c_H = implied_c_H); endpoint=interior
Laplace,2,0.7067974278738544,grid,0.02426115075615054,0.10500000000000011,0.8798803587509729,0.5291459008366366,0.1953256018292654,0.362235751332951,0.5216768134997132,6.014978565615453,8.0,9.0,0.3110846841528326,0.0024117851141662594,true,1.3877787807814457e-16,analytical (full-order equilibrium with c_H = implied_c_H); endpoint=interior
Laplace,2,0.7062197814272794,grid,0.024838797202725527,0.1075,0.8770945622812854,0.5298012961247955,0.19559786008527646,0.362699578105036,0.522024683578777,6.010164845227329,8.0,9.0,0.3100997563654717,0.0024117851141662594,true,1.1102230246251565e-16,analytical (full-order equilibrium with c_H = implied_c_H); endpoint=interior
Laplace,2,0.7056421349807044,grid,0.025416443649300513,0.10999999999999989,0.8743119629442756,0.5304550285513211,0.1958701847218331,0.36316260663657707,0.5223719549774328,6.005351124839204,8.0,9.0,0.3091159589352093,0.0024117851141662594,true,2.220446049250313e-16,analytical (full-order equilibrium with c_H = implied_c_H); endpoint=interior
Laplace,2,0.7050644885341294,grid,0.0259940900958755,0.11249999999999978,0.8715325444851343,0.5311071063276437,0.1961425765542215,0.3636248414409326,0.5227186310806995,6.000537404451078,8.0,9.0,0.3081332861151024,0.0024117851141662594,true,1.1102230246251565e-16,analytical (full-order equilibrium with c_H = implied_c_H); endpoint=interior
Laplace,2,0.7044868420875543,grid,0.026571736542450597,0.11500000000000014,0.8687562907353393,0.5317575376097845,0.19641503639671273,0.36408628700324863,0.5230647152524365,5.995723684062953,8.0,9.0,0.3071517321887151,0.0024117851141662594,true,3.3306690738754696e-16,analytical (full-order equilibrium with c_H = implied_c_H); endpoint=interior
Laplace,2,0.7039091956409793,grid,0.027149382989025583,0.11750000000000003,0.865983185611954,0.5324063304988402,0.19668756506258145,0.36454694778071084,0.5234102108355332,5.990909963674828,8.0,9.0,0.30617129146987065,0.0024117851141662594,true,1.1102230246251565e-16,analytical (full-order equilibrium with c_H = implied_c_H); endpoint=interior
Laplace,2,0.7033315491944043,grid,0.02772702943560057,0.11999999999999993,0.8632132131169266,0.5330534930414648,0.19696016336412492,0.36500682820279484,0.5237551211520961,5.9860962432867035,8.0,9.0,0.3051919583024036,0.0024117851141662594,true,1.1102230246251565e-16,analytical (full-order equilibrium with c_H = implied_c_H); endpoint=interior
Laplace,2,0.7027539027478293,grid,0.028304675882175556,0.12249999999999982,0.8604463573364018,0.5336990332303442,0.19723283211268147,0.36546593267151284,0.5240994495036346,5.981282522898578,8.0,9.0,0.30421372705991645,0.0024117851141662594,true,1.3877787807814457e-16,analytical (full-order equilibrium with c_H = implied_c_H); endpoint=interior
Laplace,2,0.7021762563012542,grid,0.028882322328750654,0.12500000000000017,0.8576826024400367,0.5343429590046668,0.19750557211864922,0.365924265561658,0.5244431991712435,5.976468802510452,8.0,9.0,0.30323659214553783,0.0024117851141662594,true,1.1102230246251565e-16,analytical (full-order equilibrium with c_H = implied_c_H); endpoint=interior
Laplace,2,0.7015986098546793,grid,0.02945996877532564,0.12750000000000006,0.8549219326803241,0.5349852782505882,0.19777838419150418,0.3663818312210462,0.5247863734157846,5.971655082122328,8.0,9.0,0.3022605479916831,0.0024117851141662594,true,1.1102230246251565e-16,analytical (full-order equilibrium with c_H = implied_c_H); endpoint=interior
Laplace,2,0.7010209634081043,grid,0.030037615221900626,0.12999999999999995,0.852164332391919,0.5356259988016928,0.19805126913981905,0.36683863397075595,0.525128975478067,5.966841361734203,8.0,9.0,0.3012855890598165,0.0024117851141662594,true,2.220446049250313e-16,analytical (full-order equilibrium with c_H = implied_c_H); endpoint=interior
Laplace,2,0.7004433169615293,grid,0.030615261668475613,0.13249999999999984,0.8494097859909762,0.5362651284394486,0.19832422777128111,0.36729467810536487,0.5254710085790236,5.9620276413460775,8.0,9.0,0.30031170984021666,0.0024117851141662594,true,1.1102230246251565e-16,analytical (full-order equilibrium with c_H = implied_c_H); endpoint=interior
Laplace,2,0.6998656705149542,grid,0.03119290811505071,0.1350000000000002,0.8466582779744906,0.5369026748936582,0.19859726089271057,0.36774996789318437,0.5258124759198883,5.957213920957952,8.0,9.0,0.2993389048517436,0.0024117851141662594,true,8.326672684688674e-17,analytical (full-order equilibrium with c_H = implied_c_H); endpoint=interior
Laplace,2,0.6992880240683792,grid,0.0317705545616257,0.1375000000000001,0.8439097929196478,0.5375386458429039,0.19887036931007823,0.36820450757649104,0.5261533806823683,5.952400200569827,8.0,9.0,0.298367168641609,0.0024117851141662594,true,1.1102230246251565e-16,analytical (full-order equilibrium with c_H = implied_c_H); endpoint=interior
Laplace,2,0.6987103776218042,grid,0.03234820100820068,0.13999999999999999,0.8411643154831735,0.5381730489149907,0.1991435538285238,0.36865830137175726,0.5264937260288179,5.947586480181702,8.0,9.0,0.29739649578514615,0.0024117851141662594,true,3.3306690738754696e-16,analytical (full-order equilibrium with c_H = implied_c_H); endpoint=interior
Laplace,2,0.6981327311752292,grid,0.03292584745477567,0.14249999999999988,0.8384218304006972,0.5388058916873815,0.19941681525237354,0.3691113534698775,0.5268335151024082,5.942772759793577,8.0,9.0,0.2964268808855852,0.0024117851141662594,true,3.3306690738754696e-16,analytical (full-order equilibrium with c_H = implied_c_H); endpoint=interior
Laplace,2,0.6975550847286542,grid,0.033503493901350656,0.14499999999999977,0.8356823224861165,0.5394371816876302,0.19969015438515794,0.36956366803639407,0.5271727510272955,5.937959039405452,8.0,9.0,0.2954583185738281,0.0024117851141662594,true,5.551115123125783e-17,analytical (full-order equilibrium with c_H = implied_c_H); endpoint=interior
Laplace,2,0.6969774382820791,grid,0.034081140347925754,0.14750000000000013,0.8329457766309694,0.5400669263938085,0.19996357202962953,0.370015249211719,0.5275114369087892,5.933145319017327,8.0,9.0,0.2944908035082269,0.0024117851141662594,true,8.326672684688674e-17,analytical (full-order equilibrium with c_H = implied_c_H); endpoint=interior
Laplace,2,0.6963997918355042,grid,0.03465878679450074,0.15000000000000002,0.8302121778038133,0.5406951332349292,0.20023706898778001,0.37046610111135464,0.527849575833516,5.928331598629201,8.0,9.0,0.29352433037436404,0.0024117851141662594,true,3.3306690738754696e-16,analytical (full-order equilibrium with c_H = implied_c_H); endpoint=interior
Laplace,2,0.6958221453889292,grid,0.035236433241075726,0.1524999999999999,0.8274815110496068,0.5413218095913658,0.2005106460608582,0.370916227826112,0.528187170869584,5.923517878241077,8.0,9.0,0.29255889388483397,0.0024117851141662594,true,2.220446049250313e-16,analytical (full-order equilibrium with c_H = implied_c_H); endpoint=interior
Laplace,2,0.6952444989423542,grid,0.03581407968765071,0.1549999999999998,0.8247537614890992,0.5419469627952656,0.200784304049387,0.37136563342232626,0.5285242250667447,5.918704157852952,8.0,9.0,0.2915944887790272,0.0024117851141662594,true,1.1102230246251565e-16,analytical (full-order equilibrium with c_H = implied_c_H); endpoint=interior
Laplace,2,0.6946668524957791,grid,0.03639172613422581,0.15750000000000017,0.8220289143182261,0.5425706001309605,0.20105804375318076,0.37181432194207065,0.5288607414565529,5.9138904374648265,8.0,9.0,0.29063110982291657,0.0024117851141662594,true,2.220446049250313e-16,analytical (full-order equilibrium with c_H = implied_c_H); endpoint=interior
Laplace,2,0.6940892060492041,grid,0.0369693725808008,0.16000000000000006,0.8193069548075111,0.5431927288353726,0.2013318659713624,0.3722622974033675,0.5291967230525256,5.909076717076701,8.0,9.0,0.28966875180884566,0.0024117851141662594,true,1.1102230246251565e-16,analytical (full-order equilibrium with c_H = implied_c_H); endpoint=interior
Laplace,2,0.6935115596026291,grid,0.03754701902737578,0.16249999999999995,0.8165878683014695,0.5438133560984162,0.20160577150238057,0.3727095638003984,0.5295321728502989,5.904262996688576,8.0,9.0,0.2887074095553182,0.0024117851141662594,true,1.1102230246251565e-16,analytical (full-order equilibrium with c_H = implied_c_H); endpoint=interior
Laplace,2,0.6929339131560541,grid,0.03812466547395077,0.16499999999999984,0.8138716402180203,0.5444324890633948,0.20187976114402661,0.3731561251037107,0.529867093827783,5.899449276300452,8.0,9.0,0.2877470779067901,0.0024117851141662594,true,1.1102230246251565e-16,analytical (full-order equilibrium with c_H = implied_c_H); endpoint=interior
Laplace,2,0.692356266709479,grid,0.03870231192052587,0.1675000000000002,0.8111582560479045,0.5450501348273951,0.20215383569345127,0.37360198526042315,0.5302014889453174,5.894635555912326,8.0,9.0,0.28678775173346355,0.0024117851141662594,true,2.220446049250313e-16,analytical (full-order equilibrium with c_H = implied_c_H); endpoint=interior
Laplace,2,0.691778620262904,grid,0.03927995836710085,0.1700000000000001,0.8084477013541075,0.5456663004416753,0.20242799594718164,0.37404714819442847,0.5305353611458213,5.8898218355242005,8.0,9.0,0.28582942593108307,0.0024117851141662594,true,1.1102230246251565e-16,analytical (full-order equilibrium with c_H = implied_c_H); endpoint=interior
Laplace,2,0.6912009738163291,grid,0.03985760481367584,0.1725,0.805739961771284,0.546280992912052,0.20270224270113799,0.374491617806595,0.5308687133549462,5.885008115136076,8.0,9.0,0.2848720954207322,0.0024117851141662594,true,1.1102230246251565e-16,analytical (full-order equilibrium with c_H = implied_c_H); endpoint=interior
Laplace,2,0.6906233273697541,grid,0.040435251260250826,0.17499999999999988,0.8030350230051936,0.5468942191992802,0.20297657675065015,0.37493539797496517,0.5312015484812238,5.880194394747951,8.0,9.0,0.28391575514863376,0.0024117851141662594,true,2.220446049250313e-16,analytical (full-order equilibrium with c_H = implied_c_H); endpoint=interior
Laplace,2,0.690045680923179,grid,0.041012897706825924,0.17750000000000024,0.8003328708321369,0.5475059862194318,0.20325099889047438,0.3753784925549531,0.5315338694162148,5.875380674359826,8.0,9.0,0.2829604000859506,0.0024117851141662594,true,1.1102230246251565e-16,analytical (full-order equilibrium with c_H = implied_c_H); endpoint=interior
Laplace,2,0.689468034476604,grid,0.04159054415340091,0.18000000000000013,0.7976334910984004,0.5481163008442687,0.20352550991480944,0.37582090537953905,0.5318656790346543,5.8705669539717,8.0,9.0,0.2820060252285893,0.0024117851141662594,true,8.326672684688674e-17,analytical (full-order equilibrium with c_H = implied_c_H); endpoint=interior
Laplace,2,0.688890388030029,grid,0.0421681905999759,0.18250000000000002,0.7949368697197026,0.5487251699016129,0.20380011061731335,0.3762626402594631,0.5321969801945974,5.865753233583575,8.0,9.0,0.28105262559700434,0.0024117851141662594,true,2.220446049250313e-16,analytical (full-order equilibrium with c_H = implied_c_H); endpoint=interior
Laplace,2,0.688312741583454,grid,0.04274583704655088,0.18499999999999991,0.7922429926806481,0.5493326001757128,0.20407480179111948,0.37670370098341616,0.5325277757375622,5.860939513195451,8.0,9.0,0.2801001962360053,0.0024117851141662594,true,1.1102230246251565e-16,analytical (full-order equilibrium with c_H = implied_c_H); endpoint=interior
Laplace,2,0.687735095136879,grid,0.04332348349312587,0.18749999999999978,0.7895518460341853,0.5499385984076057,0.20434958422885297,0.37714409131822935,0.532858068488672,5.856125792807326,8.0,9.0,0.27914873221456465,0.0024117851141662594,true,8.326672684688674e-17,analytical (full-order equilibrium with c_H = implied_c_H); endpoint=interior
Laplace,2,0.6871574486903039,grid,0.04390112993970097,0.19000000000000017,0.7868634159010688,0.550543171295476,0.20462445872264673,0.37758381500906135,0.533187861256796,5.8513120724192,8.0,9.0,0.27819822862562815,0.0024117851141662594,true,3.3306690738754696e-16,analytical (full-order equilibrium with c_H = implied_c_H); endpoint=interior
Laplace,2,0.6865798022437289,grid,0.04447877638627595,0.19250000000000006,0.7841776884693292,0.5511463254950102,0.20489942606415754,0.3780228757795839,0.5335171568346879,5.846498352031075,8.0,9.0,0.2772486805859273,0.0024117851141662594,true,8.326672684688674e-17,analytical (full-order equilibrium with c_H = implied_c_H); endpoint=interior
Laplace,2,0.686002155797154,grid,0.04505642283285094,0.19499999999999992,0.781494649993743,0.5517480676197496,0.2051744870445821,0.37846127733216584,0.5338459579991244,5.84168463164295,8.0,9.0,0.2763000832357916,0.0024117851141662594,true,3.3306690738754696e-16,analytical (full-order equilibrium with c_H = implied_c_H); endpoint=interior
Laplace,2,0.685424509350579,grid,0.045634069279425926,0.19749999999999981,0.7788142867953103,0.5523484042414372,0.2054496424546731,0.37889902334805514,0.5341742675110414,5.836870911254825,8.0,9.0,0.27535243173896423,0.0024117851141662594,true,2.220446049250313e-16,analytical (full-order equilibrium with c_H = implied_c_H); endpoint=interior
Laplace,2,0.6848468629040039,grid,0.046211715726001024,0.2000000000000002,0.7761365852607371,0.5529473418903628,0.20572489308475486,0.3793361174875588,0.5345020881156691,5.832057190866699,8.0,9.0,0.2744057212824191,0.0024117851141662594,true,2.7755575615628914e-17,analytical (full-order equilibrium with c_H = implied_c_H); endpoint=interior
Laplace,2,0.6842692164574289,grid,0.04678936217257601,0.20250000000000007,0.7734615318419232,0.5535448870557036,0.2060002397247392,0.37977256339022136,0.534829422542666,5.8272434704785745,8.0,9.0,0.2734599470761793,0.0024117851141662594,true,1.1102230246251565e-16,analytical (full-order equilibrium with c_H = implied_c_H); endpoint=interior
Laplace,2,0.6836915700108539,grid,0.047367008619150996,0.20499999999999996,0.7707891130554503,0.554141046185862,0.2062756831641412,0.38020836467500163,0.5351562735062512,5.82242975009045,8.0,9.0,0.27251510435313664,0.0024117851141662594,true,1.1102230246251565e-16,analytical (full-order equilibrium with c_H = implied_c_H); endpoint=interior
Laplace,2,0.6831139235642789,grid,0.04794465506572598,0.20749999999999985,0.7681193154820788,0.5547358256888006,0.20655122419209496,0.3806435249404478,0.5354826437053358,5.817616029702324,8.0,9.0,0.27157118836887345,0.0024117851141662594,true,2.220446049250313e-16,analytical (full-order equilibrium with c_H = implied_c_H); endpoint=interior
Laplace,2,0.6825362771177039,grid,0.04852230151230097,0.20999999999999974,0.7654521257662487,0.5553292319323717,0.20682686359736882,0.38107804776487025,0.5358085358236526,5.8128023093142,8.0,9.0,0.2706281944014862,0.0024117851141662594,true,1.3877787807814457e-16,analytical (full-order equilibrium with c_H = implied_c_H); endpoint=interior
Laplace,2,0.6819586306711288,grid,0.04909994795887607,0.2125000000000001,0.7627875306155819,0.5559212712446464,0.2071026021683815,0.38151193670651395,0.5361339525298855,5.807988588926074,8.0,9.0,0.2696861177514096,0.0024117851141662594,true,1.1102230246251565e-16,analytical (full-order equilibrium with c_H = implied_c_H); endpoint=interior
Laplace,2,0.6813809842245538,grid,0.04967759440545105,0.215,0.7601255168003941,0.5565119499142378,0.2073784406932168,0.3819451953037273,0.5364588964777954,5.803174868537949,8.0,9.0,0.2687449537412438,0.0024117851141662594,true,1.3877787807814457e-16,analytical (full-order equilibrium with c_H = implied_c_H); endpoint=interior
Laplace,2,0.6808033377779789,grid,0.05025524085202604,0.2174999999999999,0.7574660711532039,0.557101274190623,0.20765437995963956,0.3823778270751313,0.5367833703063485,5.798361148149824,8.0,9.0,0.2678046977155812,0.0024117851141662594,true,1.1102230246251565e-16,analytical (full-order equilibrium with c_H = implied_c_H); endpoint=interior
Laplace,2,0.6802256913314039,grid,0.050832887298601026,0.21999999999999978,0.754809180568253,0.5576892502844608,0.20793042075511084,0.3828098355197858,0.5371073766398393,5.793547427761699,8.0,9.0,0.2668653450408364,0.0024117851141662594,true,1.1102230246251565e-16,analytical (full-order equilibrium with c_H = implied_c_H); endpoint=interior
Laplace,2,0.6796480448848288,grid,0.051410533745176124,0.22250000000000014,0.7521548320010256,0.5582758843679068,0.2082065638668032,0.38324122411735495,0.5374309180880162,5.788733707373574,8.0,9.0,0.2659268911050768,0.0024117851141662594,true,5.551115123125783e-17,analytical (full-order equilibrium with c_H = implied_c_H); endpoint=interior
Laplace,2,0.6790703984382538,grid,0.05198818019175111,0.22500000000000003,0.749503012467778,0.5588611825749241,0.2084828100816156,0.38367199632826987,0.5377539972462024,5.783919986985449,8.0,9.0,0.2649893313178556,0.0024117851141662594,true,8.326672684688674e-17,analytical (full-order equilibrium with c_H = implied_c_H); endpoint=interior
Laplace,2,0.6784927519916788,grid,0.052565826638326096,0.22749999999999992,0.7468537090450627,0.5594451510015939,0.20875916018618898,0.38410215559389144,0.5380766166954185,5.779106266597323,8.0,9.0,0.2640526611100443,0.0024117851141662594,true,0.0,analytical (full-order equilibrium with c_H = implied_c_H); endpoint=interior
Laplace,2,0.6779151055451038,grid,0.05314347308490108,0.22999999999999982,0.7442069088692664,0.560027795706419,0.2090356149669212,0.38453170533667014,0.5383987790025027,5.774292546209199,8.0,9.0,0.2631168759336686,0.0024117851141662594,true,8.326672684688674e-17,analytical (full-order equilibrium with c_H = implied_c_H); endpoint=interior
Laplace,2,0.6773374590985287,grid,0.05372111953147618,0.23250000000000018,0.7415625991361467,0.5606091227106285,0.2093121752099819,0.3849606489603052,0.5387204867202289,5.769478825821073,8.0,9.0,0.26218197126174536,0.0024117851141662594,true,1.1102230246251565e-16,analytical (full-order equilibrium with c_H = implied_c_H); endpoint=interior
Laplace,2,0.6767598126519537,grid,0.05429876597805117,0.23500000000000007,0.7389207671003754,0.5611891379984756,0.20958884170132752,0.38538898984990155,0.5390417423874262,5.7646651054329485,8.0,9.0,0.26124794258812045,0.0024117851141662594,true,2.220446049250313e-16,analytical (full-order equilibrium with c_H = implied_c_H); endpoint=interior
Laplace,2,0.6761821662053787,grid,0.05487641242462615,0.23749999999999996,0.7362814000750803,0.5617678475175358,0.20986561522671654,0.3858167313721262,0.5393625485290947,5.759851385044823,8.0,9.0,0.2603147854273073,0.0024117851141662594,true,2.7755575615628914e-17,analytical (full-order equilibrium with c_H = implied_c_H); endpoint=interior
Laplace,2,0.6756045197588038,grid,0.05545405887120114,0.23999999999999985,0.7336444854314,0.5623452571790002,0.21014249657172374,0.386243876875362,0.5396829076565215,5.755037664656698,8.0,9.0,0.2593824953143291,0.0024117851141662594,true,0.0,analytical (full-order equilibrium with c_H = implied_c_H); endpoint=interior
Laplace,2,0.6750268733122287,grid,0.05603170531777624,0.24250000000000022,0.7310100105980337,0.5629213728579663,0.21041948652175554,0.38667042968986093,0.5400028222673957,5.750223944268573,8.0,9.0,0.2584510678045598,0.0024117851141662594,true,1.1102230246251565e-16,analytical (full-order equilibrium with c_H = implied_c_H); endpoint=interior
Laplace,2,0.6744492268656537,grid,0.05660935176435122,0.2450000000000001,0.7283779630608018,0.5634962003937264,0.2106965858620644,0.3870963931278954,0.5403222948459215,5.745410223880448,8.0,9.0,0.2575204984735688,0.0024117851141662594,true,1.3877787807814457e-16,analytical (full-order equilibrium with c_H = implied_c_H); endpoint=interior
Laplace,2,0.6738715804190787,grid,0.05718699821092621,0.2475,0.7257483303622045,0.5640697455900532,0.21097379537776365,0.3875217704839084,0.5406413278629313,5.7405965034923225,8.0,9.0,0.25659078291696474,0.0024117851141662594,true,1.1102230246251565e-16,analytical (full-order equilibrium with c_H = implied_c_H); endpoint=interior
Laplace,2,0.6732939339725037,grid,0.057764644657501196,0.2499999999999999,0.7231211001009876,0.564642014215482,0.21125111585384215,0.38794656503466207,0.5409599237759966,5.735782783104198,8.0,9.0,0.2556619167502423,0.0024117851141662594,true,3.3306690738754696e-16,analytical (full-order equilibrium with c_H = implied_c_H); endpoint=interior
Laplace,2,0.6727162875259287,grid,0.05834229110407618,0.2524999999999998,0.7204962599317117,0.565213012003591,0.21152854807517876,0.38837078003938486,0.5412780850295387,5.730969062716073,8.0,9.0,0.25473389560862936,0.0024117851141662594,true,1.1102230246251565e-16,analytical (full-order equilibrium with c_H = implied_c_H); endpoint=interior
Laplace,2,0.6721386410793536,grid,0.05891993755065128,0.2550000000000001,0.7178737975643236,0.5657827446532782,0.21180609282655707,0.3887944187399176,0.5415958140549382,5.726155342327947,8.0,9.0,0.25380671514693603,0.0024117851141662594,true,5.551115123125783e-17,analytical (full-order equilibrium with c_H = implied_c_H); endpoint=interior
Laplace,2,0.6715609946327786,grid,0.05949758399722627,0.2575,0.7152537007637341,0.566351217829036,0.2120837508926795,0.38921748436085774,0.5419131132706433,5.721341621939822,8.0,9.0,0.252880371039405,0.0024117851141662594,true,2.220446049250313e-16,analytical (full-order equilibrium with c_H = implied_c_H); endpoint=interior
Laplace,2,0.6709833481862036,grid,0.06007523044380125,0.2599999999999999,0.7126359573493954,0.5669184371612227,0.21236152305818218,0.38963998010970247,0.5422299850822768,5.716527901551697,8.0,9.0,0.2519548589795624,0.0024117851141662594,true,1.1102230246251565e-16,analytical (full-order equilibrium with c_H = implied_c_H); endpoint=interior
Laplace,2,0.6704057017396287,grid,0.06065287689037624,0.2624999999999998,0.7100205551948847,0.5674844082463328,0.21263941010764909,0.39006190917699096,0.5425464318827432,5.711714181163573,8.0,9.0,0.25103017468007016,0.0024117851141662594,true,5.551115123125783e-17,analytical (full-order equilibrium with c_H = implied_c_H); endpoint=interior
Laplace,2,0.6698280552930536,grid,0.06123052333695134,0.2650000000000002,0.7074074822274907,0.5680491366472628,0.2129174128256266,0.3904832747364447,0.5428624560523335,5.706900460775446,8.0,9.0,0.25010631387258037,0.0024117851141662594,true,5.551115123125783e-17,analytical (full-order equilibrium with c_H = implied_c_H); endpoint=interior
Laplace,2,0.6692504088464786,grid,0.06180816978352632,0.26750000000000007,0.7047967264278059,0.5686126278935751,0.2131955319966373,0.39090407994510623,0.5431780599588296,5.702086740387322,8.0,9.0,0.24918327230759074,0.0024117851141662594,true,3.3306690738754696e-16,analytical (full-order equilibrium with c_H = implied_c_H); endpoint=interior
Laplace,2,0.6686727623999036,grid,0.06238581623010131,0.26999999999999996,0.702188275829316,0.5691748874817608,0.21347376840519483,0.3913243279434778,0.5434932459576084,5.697273019999197,8.0,9.0,0.24826104575429958,0.0024117851141662594,true,5.551115123125783e-17,analytical (full-order equilibrium with c_H = implied_c_H); endpoint=interior
Laplace,2,0.6680951159533286,grid,0.0629634626766763,0.27249999999999985,0.6995821185179996,0.5697359208754977,0.2137521228358177,0.3917440218556577,0.5438080163917433,5.692459299611072,8.0,9.0,0.24733963000046422,0.0024117851141662594,true,1.1102230246251565e-16,analytical (full-order equilibrium with c_H = implied_c_H); endpoint=interior
Laplace,2,0.6675174695067535,grid,0.0635411091232514,0.2750000000000002,0.6969782426319276,0.5702957335059076,0.21403059607304364,0.3921631647894756,0.5441223735921067,5.687645579222946,8.0,9.0,0.24641902085225942,0.0024117851141662594,true,2.220446049250313e-16,analytical (full-order equilibrium with c_H = implied_c_H); endpoint=interior
Laplace,2,0.6669398230601785,grid,0.06411875556982638,0.2775000000000001,0.6943766363608678,0.5708543307718099,0.21430918890144351,0.3925817598366267,0.54443631987747,5.682831858834821,8.0,9.0,0.2454992141341375,0.0024117851141662594,true,3.3306690738754696e-16,analytical (full-order equilibrium with c_H = implied_c_H); endpoint=interior
Laplace,2,0.6663621766136035,grid,0.06469640201640137,0.27999999999999997,0.6917772879458893,0.571411718039974,0.21458790210563558,0.3929998100728048,0.5447498575546036,5.678018138446697,8.0,9.0,0.2445802056886886,0.0024117851141662594,true,1.1102230246251565e-16,analytical (full-order equilibrium with c_H = implied_c_H); endpoint=interior
Laplace,2,0.6657845301670285,grid,0.06527404846297635,0.28249999999999986,0.6891801856789747,0.571967900645369,0.21486673647029955,0.39341731855783424,0.5450629889183757,5.673204418058572,8.0,9.0,0.24366199137650343,0.0024117851141662594,true,2.220446049250313e-16,analytical (full-order equilibrium with c_H = implied_c_H); endpoint=interior
Laplace,2,0.6652068837204534,grid,0.06585169490955145,0.28500000000000025,0.6865853179026316,0.5725228838914096,0.21514569278019044,0.39383428833580003,0.54537571625185,5.6683906976704455,8.0,9.0,0.24274456707603612,0.0024117851141662594,true,0.0,analytical (full-order equilibrium with c_H = implied_c_H); endpoint=interior
Laplace,2,0.6646292372738785,grid,0.06642934135612644,0.28750000000000014,0.6839926730095123,0.5730766730502018,0.21542477182015238,0.3942507224351771,0.5456880418263829,5.663576977282321,8.0,9.0,0.24182792868346945,0.0024117851141662594,true,3.3306690738754696e-16,analytical (full-order equilibrium with c_H = implied_c_H); endpoint=interior
Laplace,2,0.6640515908273035,grid,0.06700698780270142,0.29000000000000004,0.6814022394420292,0.5736292733627852,0.21570397437513297,0.3946666238689591,0.5459999679017193,5.658763256894196,8.0,9.0,0.24091207211257917,0.0024117851141662594,true,1.3877787807814457e-16,analytical (full-order equilibrium with c_H = implied_c_H); endpoint=interior
Laplace,2,0.6634739443807285,grid,0.06758463424927641,0.2924999999999999,0.6788140056919802,0.5741806900393732,0.21598330123019677,0.39508199563478497,0.5463114967260887,5.6539495365060715,8.0,9.0,0.23999699329460145,0.0024117851141662594,true,1.3877787807814457e-16,analytical (full-order equilibrium with c_H = implied_c_H); endpoint=interior
Laplace,2,0.6628962979341535,grid,0.0681622806958514,0.2949999999999998,0.676227960300174,0.5747309282595904,0.21626275317053933,0.39549684071506486,0.5466226305362987,5.649135816117946,8.0,9.0,0.23908268817810022,0.0024117851141662594,true,1.1102230246251565e-16,analytical (full-order equilibrium with c_H = implied_c_H); endpoint=interior
Laplace,2,0.6623186514875784,grid,0.0687399271424265,0.29750000000000015,0.6736440918560577,0.575279993172709,0.21654233098150089,0.3959111620771049,0.5469333715578286,5.64432209572982,8.0,9.0,0.23816915272883593,0.0024117851141662594,true,1.1102230246251565e-16,analytical (full-order equilibrium with c_H = implied_c_H); endpoint=interior
Laplace,2,0.6617410050410034,grid,0.06931757358900148,0.30000000000000004,0.6710623889973519,0.5758278898978815,0.2168220354485801,0.3963249626732308,0.5472437220049231,5.639508375341696,8.0,9.0,0.23725638292963616,0.0024117851141662594,true,1.1102230246251565e-16,analytical (full-order equilibrium with c_H = implied_c_H); endpoint=interior
Laplace,2,0.6611633585944284,grid,0.06989522003557647,0.30249999999999994,0.6684828404096815,0.5763746235243727,0.21710186735744794,0.39673824544091035,0.5475536840806827,5.634694654953571,8.0,9.0,0.2363443747802652,0.0024117851141662594,true,2.220446049250313e-16,analytical (full-order equilibrium with c_H = implied_c_H); endpoint=interior
Laplace,2,0.6605857121478534,grid,0.07047286648215145,0.3049999999999998,0.665905434826216,0.5769201991117887,0.2173818274939612,0.39715101330287494,0.5478632599771562,5.6298809345654455,8.0,9.0,0.23543312429729693,0.0024117851141662594,true,8.326672684688674e-17,analytical (full-order equilibrium with c_H = implied_c_H); endpoint=interior
Laplace,2,0.6600080657012783,grid,0.07105051292872655,0.3075000000000002,0.6633301610273091,0.5774646216903039,0.21766191664417633,0.3975632691672401,0.5481724518754301,5.62506721417732,8.0,9.0,0.2345226275139874,0.0024117851141662594,true,1.1102230246251565e-16,analytical (full-order equilibrium with c_H = implied_c_H); endpoint=interior
Laplace,2,0.6594304192547034,grid,0.07162815937530154,0.3100000000000001,0.6607570078401444,0.5780078962608852,0.21794213559436282,0.397975015927624,0.548481261945718,5.620253493789195,8.0,9.0,0.2336128804801494,0.0024117851141662594,true,2.220446049250313e-16,analytical (full-order equilibrium with c_H = implied_c_H); endpoint=interior
Laplace,2,0.6588527728081284,grid,0.07220580582187652,0.31249999999999994,0.6581859641383787,0.5785500277955159,0.21822248513101702,0.3983862564632665,0.5487896923474498,5.615439773401071,8.0,9.0,0.23270387926202668,0.0024117851141662594,true,2.220446049250313e-16,analytical (full-order equilibrium with c_H = implied_c_H); endpoint=interior
Laplace,2,0.6582751263615534,grid,0.07278345226845151,0.31499999999999984,0.6556170188417938,0.5790910212374158,0.21850296604087568,0.3987969936391458,0.5490977452293593,5.610626053012945,8.0,9.0,0.23179561994217043,0.0024117851141662594,true,4.440892098500626e-16,analytical (full-order equilibrium with c_H = implied_c_H); endpoint=interior
Laplace,2,0.6576974799149784,grid,0.0733610987150265,0.3174999999999997,0.6530501609159471,0.5796308815012606,0.21878357911092935,0.399207230306095,0.5494054227295713,5.60581233262482,8.0,9.0,0.23088809861931614,0.0024117851141662594,true,3.3306690738754696e-16,analytical (full-order equilibrium with c_H = implied_c_H); endpoint=interior
Laplace,2,0.6571198334684033,grid,0.0739387451616016,0.3200000000000001,0.6504853793718274,0.5801696134733976,0.219064325128436,0.3996169693009168,0.5497127269756876,5.600998612236695,8.0,9.0,0.22998131140826153,0.0024117851141662594,true,1.1102230246251565e-16,analytical (full-order equilibrium with c_H = implied_c_H); endpoint=interior
Laplace,2,0.6565421870218283,grid,0.07451639160817658,0.3225,0.6479226632655133,0.580707222012061,0.21934520488093429,0.4000262134464977,0.5500196600848732,5.596184891848569,8.0,9.0,0.2290752544397462,0.0024117851141662594,true,2.220446049250313e-16,analytical (full-order equilibrium with c_H = implied_c_H); endpoint=interior
Laplace,2,0.6559645405752533,grid,0.07509403805475157,0.3249999999999999,0.6453620016978311,0.5812437119475847,0.21962621915625732,0.40043496555192104,0.5503262241639408,5.591371171460445,8.0,9.0,0.22816992386033028,0.0024117851141662594,true,2.220446049250313e-16,analytical (full-order equilibrium with c_H = implied_c_H); endpoint=interior
Laplace,2,0.6553868941286782,grid,0.07567168450132666,0.32750000000000024,0.6428033838140196,0.5817790880826132,0.21990736874254593,0.4008432284125796,0.5506324213094347,5.586557451072319,8.0,9.0,0.2272653158322761,0.0024117851141662594,true,1.1102230246251565e-16,analytical (full-order equilibrium with c_H = implied_c_H); endpoint=interior
Laplace,2,0.6548092476821032,grid,0.07624933094790165,0.3300000000000001,0.6402467988033969,0.5823133551923099,0.22018865442826172,0.4012510048102858,0.5509382536077143,5.581743730684194,8.0,9.0,0.22636142653343053,0.0024117851141662594,true,1.1102230246251565e-16,analytical (full-order equilibrium with c_H = implied_c_H); endpoint=interior
Laplace,2,0.6542316012355283,grid,0.07682697739447664,0.3325,0.6376922358990254,0.5828465180245646,0.22047007700220111,0.40165829751338283,0.5512437231350371,5.576930010296069,8.0,9.0,0.22545825215710616,0.0024117851141662594,true,2.220446049250313e-16,analytical (full-order equilibrium with c_H = implied_c_H); endpoint=interior
Laplace,2,0.6536539547889533,grid,0.07740462384105162,0.3349999999999999,0.6351396843773857,0.5833785813001982,0.22075163725350813,0.4020651092768531,0.5515488319576398,5.572116289907944,8.0,9.0,0.22455578891196643,0.0024117851141662594,true,8.326672684688674e-17,analytical (full-order equilibrium with c_H = implied_c_H); endpoint=interior
Laplace,2,0.6530763083423783,grid,0.07798227028762661,0.3374999999999998,0.6325891335580488,0.5839095497131663,0.22103333597168778,0.4024714428424271,0.5518535821318203,5.5673025695198195,8.0,9.0,0.22365403302190945,0.0024117851141662594,true,1.1102230246251565e-16,analytical (full-order equilibrium with c_H = implied_c_H); endpoint=interior
Laplace,2,0.6524986618958032,grid,0.0785599167342017,0.3400000000000002,0.6300405728033524,0.5844394279307603,0.2213151739466197,0.40287730093869,0.5521579757040175,5.562488849131694,8.0,9.0,0.22275298072595356,0.0024117851141662594,true,1.1102230246251565e-16,analytical (full-order equilibrium with c_H = implied_c_H); endpoint=interior
Laplace,2,0.6519210154492282,grid,0.0791375631807767,0.3425000000000001,0.6274939915180802,0.5849682205938067,0.22159715196857085,0.4032826862811888,0.5524620147108916,5.557675128743568,8.0,9.0,0.2218526282781242,0.0024117851141662594,true,4.440892098500626e-16,analytical (full-order equilibrium with c_H = implied_c_H); endpoint=interior
Laplace,2,0.6513433690026532,grid,0.07971520962735168,0.345,0.6249493791491417,0.5854959323168654,0.2218792708282092,0.4036876015725373,0.5527657011794029,5.552861408355444,8.0,9.0,0.22095297194734043,0.0024117851141662594,true,1.1102230246251565e-16,analytical (full-order equilibrium with c_H = implied_c_H); endpoint=interior
Laplace,2,0.6507657225560782,grid,0.08029285607392667,0.34749999999999986,0.6224067251852567,0.586022567688425,0.22216153131661678,0.40409204950252087,0.5530690371268907,5.548047687967319,8.0,9.0,0.22005400801730346,0.0024117851141662594,true,1.1102230246251565e-16,analytical (full-order equilibrium with c_H = implied_c_H); endpoint=interior
Laplace,2,0.6501880761095031,grid,0.08087050252050176,0.3500000000000002,0.6198660191566403,0.5865481312710974,0.22244393422530293,0.4044960327482002,0.5533720245611502,5.5432339675791935,8.0,9.0,0.21915573278638534,0.0024117851141662594,true,2.220446049250313e-16,analytical (full-order equilibrium with c_H = implied_c_H); endpoint=interior
Laplace,2,0.6496104296629281,grid,0.08144814896707675,0.3525000000000001,0.617327250634694,0.5870726276018099,0.2227264803462172,0.40489955397401356,0.5536746654805101,5.538420247191068,8.0,9.0,0.21825814256751974,0.0024117851141662594,true,3.3306690738754696e-16,analytical (full-order equilibrium with c_H = implied_c_H); endpoint=interior
Laplace,2,0.6490327832163532,grid,0.08202579541365174,0.355,0.6147904092316926,0.5875960611919964,0.2230091704717629,0.40530261583187965,0.5539769618739098,5.533606526802943,8.0,9.0,0.2173612336880912,0.0024117851141662594,true,2.7755575615628914e-17,analytical (full-order equilibrium with c_H = implied_c_H); endpoint=interior
Laplace,2,0.6484551367697782,grid,0.08260344186022672,0.3574999999999999,0.6122554846004803,0.5881184365277854,0.2232920053948101,0.40570522096129774,0.5542789157209733,5.528792806414819,8.0,9.0,0.2164650024898277,0.0024117851141662594,true,5.551115123125783e-16,analytical (full-order equilibrium with c_H = implied_c_H); endpoint=interior
Laplace,2,0.6478774903232032,grid,0.08318108830680171,0.35999999999999976,0.6097224664341657,0.5886397580701883,0.22357498590870853,0.4061073719894484,0.5545805289920863,5.523979086026694,8.0,9.0,0.21556944532869282,0.0024117851141662594,true,1.1102230246251565e-16,analytical (full-order equilibrium with c_H = implied_c_H); endpoint=interior
Laplace,2,0.6472998438766281,grid,0.0837587347533768,0.36250000000000016,0.6071913444658184,0.5891600302552846,0.22385811280730092,0.4065090715312928,0.5548818036484696,5.5191653656385675,8.0,9.0,0.2146745585747785,0.0024117851141662594,true,8.326672684688674e-17,analytical (full-order equilibrium with c_H = implied_c_H); endpoint=interior
Laplace,2,0.6467221974300531,grid,0.0843363811999518,0.36500000000000005,0.6046621084681719,0.5896792574944056,0.22414138688493584,0.4069103221896707,0.555182741642253,5.514351645250443,8.0,9.0,0.21378033861220003,0.0024117851141662594,true,1.1102230246251565e-16,analytical (full-order equilibrium with c_H = implied_c_H); endpoint=interior
Laplace,2,0.6461445509834781,grid,0.08491402764652678,0.36749999999999994,0.6021347482533229,0.5901974441743167,0.22442480893648106,0.4073111265553989,0.5554833449165492,5.509537924862318,8.0,9.0,0.21288678183898962,0.0024117851141662594,true,1.1102230246251565e-16,analytical (full-order equilibrium with c_H = implied_c_H); endpoint=interior
Laplace,2,0.6455669045369031,grid,0.08549167409310177,0.36999999999999983,0.5996092536724379,0.5907145946573987,0.22470837975733635,0.40771148720736755,0.5557836154055257,5.5047242044741935,8.0,9.0,0.2119938846669928,0.0024117851141662594,true,1.1102230246251565e-16,analytical (full-order equilibrium with c_H = implied_c_H); endpoint=interior
Laplace,2,0.644989258090328,grid,0.08606932053967686,0.37250000000000016,0.5970856146154597,0.5912307132818261,0.2249921001434465,0.4081114067126363,0.5560835550344772,5.499910484086067,8.0,9.0,0.21110164352176455,0.0024117851141662594,true,2.220446049250313e-16,analytical (full-order equilibrium with c_H = implied_c_H); endpoint=interior
Laplace,2,0.644411611643753,grid,0.08664696698625185,0.37500000000000006,0.5945638210108174,0.5917458043617447,0.22527597089131443,0.4085108876265296,0.5563831657198972,5.495096763697942,8.0,9.0,0.21021005484246683,0.0024117851141662594,true,3.3306690738754696e-16,analytical (full-order equilibrium with c_H = implied_c_H); endpoint=interior
Laplace,2,0.6438339651971781,grid,0.08722461343282684,0.37749999999999995,0.5920438628251361,0.5922598721874481,0.2255599927980142,0.40890993249273117,0.5566824493695484,5.490283043309818,8.0,9.0,0.20931911508176593,0.0024117851141662594,true,0.0,analytical (full-order equilibrium with c_H = implied_c_H); endpoint=interior
Laplace,2,0.6432563187506031,grid,0.08780225987940182,0.37999999999999984,0.5895257300629516,0.5927729210255515,0.22584416666120385,0.40930854384337767,0.5569814078825333,5.485469322921693,8.0,9.0,0.2084288207057316,0.0024117851141662594,true,0.0,analytical (full-order equilibrium with c_H = implied_c_H); endpoint=interior
Laplace,2,0.642678672304028,grid,0.08837990632597692,0.38250000000000023,0.5870094127664252,0.5932849551191643,0.22612849327913853,0.40970672419915144,0.5572800431493636,5.480655602533567,8.0,9.0,0.20753916819373616,0.0024117851141662594,true,2.220446049250313e-16,analytical (full-order equilibrium with c_H = implied_c_H); endpoint=interior
Laplace,2,0.642101025857453,grid,0.0889575527725519,0.3850000000000001,0.5844949010150637,0.593795978688062,0.22641297345068317,0.4101044760693726,0.5575783570520294,5.475841882145442,8.0,9.0,0.2066501540383557,0.0024117851141662594,true,1.1102230246251565e-16,analytical (full-order equilibrium with c_H = implied_c_H); endpoint=interior
Laplace,2,0.641523379410878,grid,0.08953519921912689,0.38749999999999996,0.5819821849254362,0.5943059959288554,0.22669760797532582,0.4105018019520906,0.5578763514640679,5.471028161757317,8.0,9.0,0.2057617747452696,0.0024117851141662594,true,1.1102230246251565e-16,analytical (full-order equilibrium with c_H = implied_c_H); endpoint=interior
Laplace,2,0.640945732964303,grid,0.09011284566570188,0.38999999999999985,0.5794712546508979,0.5948150110151594,0.2269823976531902,0.4108987043341748,0.5581740282506311,5.466214441369192,8.0,9.0,0.2048740268331633,0.0024117851141662594,true,2.220446049250313e-16,analytical (full-order equilibrium with c_H = implied_c_H); endpoint=interior
Laplace,2,0.6403680865177279,grid,0.09069049211227698,0.39250000000000024,0.5769621003813131,0.5953230280977595,0.22726734328504894,0.4112951856914042,0.5584713892685531,5.461400720981066,8.0,9.0,0.20398690683363002,0.0024117851141662594,true,1.1102230246251565e-16,analytical (full-order equilibrium with c_H = implied_c_H); endpoint=interior
Laplace,2,0.6397904400711529,grid,0.09126813855885196,0.39500000000000013,0.574454712342784,0.595830051304777,0.227552445672336,0.4116912484885565,0.5587684363664174,5.4565870005929415,8.0,9.0,0.20310041129107503,0.0024117851141662594,true,3.3306690738754696e-16,analytical (full-order equilibrium with c_H = implied_c_H); endpoint=interior
Laplace,2,0.639212793624578,grid,0.09184578500542695,0.3975,0.5719490807973743,0.596336084741833,0.22783770561716024,0.4120868951794966,0.5590651713846224,5.451773280204817,8.0,9.0,0.20221453676261794,0.0024117851141662594,true,2.220446049250313e-16,analytical (full-order equilibrium with c_H = implied_c_H); endpoint=interior
Laplace,2,0.638635147178003,grid,0.09242343145200194,0.3999999999999999,0.5694451960428428,0.5968411324922112,0.22812312392231765,0.4124821282072644,0.5593615961554483,5.446959559816691,8.0,9.0,0.20132927981799856,0.0024117851141662594,true,3.3306690738754696e-16,analytical (full-order equilibrium with c_H = implied_c_H); endpoint=interior
Laplace,2,0.638057500731428,grid,0.09300107789857692,0.4024999999999998,0.5669430484123742,0.5973451986170182,0.22840870139130467,0.4128769500041614,0.559657712503121,5.442145839428567,8.0,9.0,0.20044463703948143,0.0024117851141662594,true,2.220446049250313e-16,analytical (full-order equilibrium with c_H = implied_c_H); endpoint=interior
Laplace,2,0.6374798542848529,grid,0.09357872434515202,0.40500000000000014,0.5644426282743126,0.5978482871553443,0.22869443882833088,0.4132713629918376,0.5599535222438782,5.437332119040441,8.0,9.0,0.19956060502176204,0.0024117851141662594,true,2.220446049250313e-16,analytical (full-order equilibrium with c_H = implied_c_H); endpoint=interior
Laplace,2,0.6369022078382779,grid,0.094156370791727,0.40750000000000003,0.5619439260318996,0.5983504021244205,0.22898033703833168,0.41366536958137606,0.5602490271860321,5.4325183986523164,8.0,9.0,0.19867718037187393,0.0024117851141662594,true,4.440892098500626e-16,analytical (full-order equilibrium with c_H = implied_c_H); endpoint=interior
Laplace,2,0.6363245613917029,grid,0.09473401723830199,0.4099999999999999,0.5594469321230089,0.598851547519776,0.2292663968269815,0.4140589721733787,0.560544229130034,5.427704678264191,8.0,9.0,0.19779435970909487,0.0024117851141662594,true,3.3306690738754696e-16,analytical (full-order equilibrium with c_H = implied_c_H); endpoint=interior
Laplace,2,0.6357469149451279,grid,0.09531166368487698,0.4124999999999998,0.5569516370198885,0.5993517273153937,0.22955261900070645,0.41445217315805005,0.5608391298685376,5.422890957876066,8.0,9.0,0.19691213966485585,0.0024117851141662594,true,1.1102230246251565e-16,analytical (full-order equilibrium with c_H = implied_c_H); endpoint=interior
Laplace,2,0.6351692684985528,grid,0.09588931013145208,0.4150000000000002,0.5544580312289014,0.5998509454638645,0.2298390043666972,0.4148449749152809,0.5611337311864606,5.418077237487941,8.0,9.0,0.19603051688264933,0.0024117851141662594,true,1.1102230246251565e-16,analytical (full-order equilibrium with c_H = implied_c_H); endpoint=interior
Laplace,2,0.6345916220519778,grid,0.09646695657802706,0.4175000000000001,0.5519661052902698,0.6003492058965401,0.23012555373292162,0.41523737981473086,0.5614280348610481,5.413263517099816,8.0,9.0,0.19514948801793883,0.0024117851141662594,true,2.7755575615628914e-17,analytical (full-order equilibrium with c_H = implied_c_H); endpoint=interior
Laplace,2,0.6340139756054028,grid,0.09704460302460205,0.42,0.5494758497778194,0.6008465125236836,0.23041226790813787,0.4156293902159107,0.561722042661933,5.4084497967116905,8.0,9.0,0.19426904973806838,0.0024117851141662594,true,2.220446049250313e-16,analytical (full-order equilibrium with c_H = implied_c_H); endpoint=interior
Laplace,2,0.6334363291588279,grid,0.09762224947117704,0.4224999999999999,0.5469872552987274,0.6013428692346214,0.23069914770190716,0.4160210084682643,0.5620157563511983,5.403636076323566,8.0,9.0,0.1933891987221737,0.0024117851141662594,true,2.220446049250313e-16,analytical (full-order equilibrium with c_H = implied_c_H); endpoint=interior
Laplace,2,0.6328586827122529,grid,0.09819989591775202,0.42499999999999977,0.5445003124932705,0.6018382798978913,0.23098619392460648,0.4164122369112489,0.5623091776834367,5.398822355935441,8.0,9.0,0.19250993166109287,0.0024117851141662594,true,3.3306690738754696e-16,analytical (full-order equilibrium with c_H = implied_c_H); endpoint=interior
Laplace,2,0.6322810362656778,grid,0.09877754236432712,0.4275000000000001,0.5420150120345766,0.6023327483613896,0.23127340738744154,0.41680307787441556,0.5626023084058116,5.394008635547316,8.0,9.0,0.19163124525727862,0.0024117851141662594,true,2.220446049250313e-16,analytical (full-order equilibrium with c_H = implied_c_H); endpoint=interior
Laplace,2,0.6317033898191028,grid,0.0993551888109021,0.43,0.539531344628378,0.602826278452518,0.2315607889024592,0.4171935336774886,0.5628951502581165,5.38919491515919,8.0,9.0,0.19075313622471113,0.0024117851141662594,true,1.1102230246251565e-16,analytical (full-order equilibrium with c_H = implied_c_H); endpoint=interior
Laplace,2,0.6311257433725278,grid,0.09993283525747709,0.4324999999999999,0.5370493010127635,0.6033188739783295,0.23184833928256096,0.41758360663044525,0.563187704972834,5.384381194771065,8.0,9.0,0.1898756012888102,0.0024117851141662594,true,8.326672684688674e-17,analytical (full-order equilibrium with c_H = implied_c_H); endpoint=interior
Laplace,2,0.6305480969259527,grid,0.10051048170405219,0.4350000000000003,0.5345688719579356,0.6038105387256709,0.23213605934151518,0.41797329903359304,0.5634799742751948,5.37956747438294,8.0,9.0,0.18899863718634974,0.0024117851141662594,true,2.7755575615628914e-17,analytical (full-order equilibrium with c_H = implied_c_H); endpoint=interior
Laplace,2,0.6299704504793777,grid,0.10108812815062718,0.43750000000000017,0.5320900482659691,0.6043012764613265,0.23242394989397006,0.4183626131776483,0.5637719598832363,5.374753753994815,8.0,9.0,0.18812224066537203,0.0024117851141662594,true,2.220446049250313e-16,analytical (full-order equilibrium with c_H = implied_c_H); endpoint=interior
Laplace,2,0.6293928040328027,grid,0.10166577459720216,0.44000000000000006,0.5296128207705689,0.6047910909321588,0.23271201175546655,0.41875155134381264,0.5640636635078595,5.36994003360669,8.0,9.0,0.18724640848510243,0.0024117851141662594,true,2.220446049250313e-16,analytical (full-order equilibrium with c_H = implied_c_H); endpoint=interior
Laplace,2,0.6288151575862277,grid,0.10224342104377715,0.44249999999999995,0.5271371803368317,0.6052799858652498,0.23300024574245115,0.41914011580385047,0.5643550868528878,5.365126313218565,8.0,9.0,0.1863711374158648,0.0024117851141662594,true,2.220446049250313e-16,analytical (full-order equilibrium with c_H = implied_c_H); endpoint=interior
Laplace,2,0.6282375111396528,grid,0.10282106749035214,0.44499999999999984,0.5246631178610095,0.6057679649680391,0.23328865267228843,0.4195283088201638,0.5646462316151228,5.36031259283044,8.0,9.0,0.18549642423899831,0.0024117851141662594,true,3.3306690738754696e-16,analytical (full-order equilibrium with c_H = implied_c_H); endpoint=interior
Laplace,2,0.6276598646930777,grid,0.10339871393692723,0.4475000000000002,0.5221906242702723,0.6062550319284622,0.23357723336327432,0.41991613264586825,0.5649370994844012,5.355498872442314,8.0,9.0,0.18462226574677304,0.0024117851141662594,true,2.220446049250313e-16,analytical (full-order equilibrium with c_H = implied_c_H); endpoint=interior
Laplace,2,0.6270822182465027,grid,0.10397636038350222,0.45000000000000007,0.519719690522477,0.6067411904150872,0.2338659886346484,0.4203035895248678,0.5652276921436509,5.350685152054189,8.0,9.0,0.18374865874230867,0.0024117851141662594,true,2.220446049250313e-16,analytical (full-order equilibrium with c_H = implied_c_H); endpoint=interior
Laplace,2,0.6265045717999277,grid,0.1045540068300772,0.45249999999999996,0.5172503076059319,0.6072264440772502,0.23415491930660703,0.42069068169192864,0.5655180112689464,5.3458714316660645,8.0,9.0,0.18287560003949105,0.0024117851141662594,true,5.551115123125783e-17,analytical (full-order equilibrium with c_H = implied_c_H); endpoint=interior
Laplace,2,0.6259269253533527,grid,0.10513165327665219,0.45499999999999985,0.514782466539168,0.6077107965451903,0.23444402620031624,0.4210774113727533,0.565808058529565,5.34105771127794,8.0,9.0,0.18200308646289134,0.0024117851141662594,true,5.551115123125783e-17,analytical (full-order equilibrium with c_H = implied_c_H); endpoint=interior
Laplace,2,0.6253492789067776,grid,0.10570929972322729,0.45750000000000024,0.5123161583707081,0.6081942514301824,0.23473331013792428,0.42146378078405333,0.5660978355880399,5.336243990889813,8.0,9.0,0.18113111484768446,0.0024117851141662594,true,2.220446049250313e-16,analytical (full-order equilibrium with c_H = implied_c_H); endpoint=interior
Laplace,2,0.6247716324602026,grid,0.10628694616980228,0.46000000000000013,0.5098513741788425,0.6086768123246691,0.2350227719425745,0.4218497921336218,0.5663873441002163,5.331430270501689,8.0,9.0,0.18025968203956966,0.0024117851141662594,true,1.1102230246251565e-16,analytical (full-order equilibrium with c_H = implied_c_H); endpoint=interior
Laplace,2,0.6241939860136276,grid,0.10686459261637726,0.46249999999999997,0.507388105071399,0.6091584828023925,0.23531241243841833,0.42223544762040544,0.5666765857153041,5.326616550113564,8.0,9.0,0.17938878489468935,0.0024117851141662594,true,5.551115123125783e-17,analytical (full-order equilibrium with c_H = implied_c_H); endpoint=interior
Laplace,2,0.6236163395670526,grid,0.10744223906295225,0.46499999999999986,0.5049263421855206,0.609639266418524,0.235602232450628,0.42262074943457595,0.566965562075932,5.321802829725439,8.0,9.0,0.17851842027955034,0.0024117851141662594,true,2.220446049250313e-16,analytical (full-order equilibrium with c_H = implied_c_H); endpoint=interior
Laplace,2,0.6230386931204777,grid,0.10801988550952724,0.46749999999999975,0.5024660766874424,0.6101191667097927,0.23589223280540939,0.42300569975760105,0.5672542748182008,5.316989109337314,8.0,9.0,0.17764858507094514,0.0024117851141662594,true,2.220446049250313e-16,analytical (full-order equilibrium with c_H = implied_c_H); endpoint=interior
Laplace,2,0.6224610466739026,grid,0.10859753195610233,0.47000000000000014,0.5000072997722693,0.610598187194614,0.23618241433001486,0.42339030076231443,0.5675427255717358,5.312175388949188,8.0,9.0,0.17677927615587324,0.0024117851141662594,true,2.220446049250313e-16,analytical (full-order equilibrium with c_H = implied_c_H); endpoint=interior
Laplace,2,0.6218834002273276,grid,0.10917517840267732,0.47250000000000003,0.49755000266375804,0.6110763313732153,0.23647277785275608,0.4237745546129857,0.5678309159597392,5.307361668561064,8.0,9.0,0.17591049043146403,0.0024117851141662594,true,5.551115123125783e-17,analytical (full-order equilibrium with c_H = implied_c_H); endpoint=interior
Laplace,2,0.6213057537807526,grid,0.1097528248492523,0.4749999999999999,0.4950941766140959,0.6115536027277629,0.23676332420301693,0.42415846346538993,0.5681188475990424,5.302547948172939,8.0,9.0,0.1750422248048987,0.0024117851141662594,true,1.1102230246251565e-16,analytical (full-order equilibrium with c_H = implied_c_H); endpoint=interior
Laplace,2,0.6207281073341776,grid,0.11033047129582729,0.4774999999999998,0.49263981290368525,0.612030004722486,0.23705405421126638,0.4245420294668762,0.5684065221001571,5.297734227784813,8.0,9.0,0.17417447619333393,0.0024117851141662594,true,1.1102230246251565e-16,analytical (full-order equilibrium with c_H = implied_c_H); endpoint=interior
Laplace,2,0.6201504608876025,grid,0.11090811774240239,0.48000000000000015,0.4901869028409276,0.6125055408038003,0.23734496870907137,0.42492525475643583,0.5686939410673268,5.292920507396688,8.0,9.0,0.1733072415238256,0.0024117851141662594,true,2.220446049250313e-16,analytical (full-order equilibrium with c_H = implied_c_H); endpoint=interior
Laplace,2,0.6195728144410275,grid,0.11148576418897738,0.48250000000000004,0.48773543776201095,0.6129802144004304,0.23763606852910946,0.4253081414647699,0.5689811060985774,5.288106787008563,8.0,9.0,0.1724405177332536,0.0024117851141662594,true,1.1102230246251565e-16,analytical (full-order equilibrium with c_H = implied_c_H); endpoint=interior
Laplace,2,0.6189951679944525,grid,0.11206341063555236,0.48499999999999993,0.48528540903069417,0.6134540289235322,0.23792735450518201,0.4256906917143571,0.5692680187857678,5.2832930666204385,8.0,9.0,0.17157430176824562,0.0024117851141662594,true,1.1102230246251565e-16,analytical (full-order equilibrium with c_H = implied_c_H); endpoint=interior
Laplace,2,0.6184175215478775,grid,0.11264105708212735,0.4874999999999998,0.48283680803809775,0.613926987766813,0.23821882747222706,0.42607290761952,0.56955468071464,5.278479346232313,8.0,9.0,0.1707085905851031,0.0024117851141662594,true,1.1102230246251565e-16,analytical (full-order equilibrium with c_H = implied_c_H); endpoint=interior
Laplace,2,0.6178398751013026,grid,0.11321870352870234,0.4899999999999997,0.4803896262024936,0.6143990943066506,0.23851048826633198,0.42645479128649133,0.5698410934648686,5.273665625844188,8.0,9.0,0.169843381149727,0.0024117851141662594,true,1.1102230246251565e-16,analytical (full-order equilibrium with c_H = implied_c_H); endpoint=interior
Laplace,2,0.6172622286547275,grid,0.11379634997527743,0.4925000000000001,0.47794385496909525,0.6148703519022131,0.23880233772474674,0.4268363448134799,0.5701272586101099,5.268851905456063,8.0,9.0,0.1689786704375435,0.0024117851141662594,true,3.3306690738754696e-16,analytical (full-order equilibrium with c_H = implied_c_H); endpoint=interior
Laplace,2,0.6166845822081525,grid,0.11437399642185242,0.495,0.4754994858098537,0.6153407638955748,0.23909437668589636,0.4272175702907356,0.5704131777180517,5.264038185067938,8.0,9.0,0.16811445543343204,0.0024117851141662594,true,1.1102230246251565e-16,analytical (full-order equilibrium with c_H = implied_c_H); endpoint=interior
Laplace,2,0.6161069357615775,grid,0.1149516428684274,0.4974999999999999,0.4730565102232477,0.615810333611835,0.23938660598939449,0.4275984698006148,0.570698852350461,5.2592244646798125,8.0,9.0,0.16725073313165087,0.0024117851141662594,true,8.326672684688674e-17,analytical (full-order equilibrium with c_H = implied_c_H); endpoint=interior
Laplace,2,0.6155292893150024,grid,0.1155292893150025,0.5000000000000002,0.4706149197340809,0.616279064359232,0.23967902647605588,0.4279790454176439,0.5709842840632329,5.254410744291687,8.0,9.0,0.16638750053576568,0.0024117851141662594,true,3.3306690738754696e-16,analytical (full-order equilibrium with c_H = implied_c_H); endpoint=interior
Laplace,2,0.6149516428684274,grid,0.11610693576157749,0.5025000000000002,0.46817470589328114,0.6167469594292583,0.23997163898790935,0.42835929920858384,0.5712694744064379,5.249597023903562,8.0,9.0,0.16552475465857827,0.0024117851141662594,true,2.220446049250313e-16,analytical (full-order equilibrium with c_H = implied_c_H); endpoint=interior
Laplace,2,0.6143739964218524,grid,0.11668458220815248,0.505,0.4657358602776938,0.6172140220967753,0.24026444436821104,0.4287392332324932,0.5715544249243699,5.244783303515437,8.0,9.0,0.16466249252205384,0.0024117851141662594,true,2.220446049250313e-16,analytical (full-order equilibrium with c_H = implied_c_H); endpoint=interior
Laplace,2,0.6137963499752774,grid,0.11726222865472746,0.5075,0.4632983744898852,0.617680255620125,0.24055744346145724,0.4291188495407911,0.5718391371555933,5.239969583127312,8.0,9.0,0.1638007111572512,0.0024117851141662594,true,1.3877787807814457e-16,analytical (full-order equilibrium with c_H = implied_c_H); endpoint=interior
Laplace,2,0.6132187035287024,grid,0.11783987510130245,0.5099999999999998,0.460862240157941,0.6181456632412425,0.24085063711339755,0.42949815017732007,0.57212361263299,5.235155862739187,8.0,9.0,0.16293940760425166,0.0024117851141662594,true,2.220446049250313e-16,analytical (full-order equilibrium with c_H = implied_c_H); endpoint=interior
Laplace,2,0.6126410570821273,grid,0.11841752154787755,0.5125000000000002,0.45842744893526927,0.6186102481857678,0.24114402617104763,0.4298771371784077,0.5724078528838058,5.230342142351062,8.0,9.0,0.1620785789120893,0.0024117851141662594,true,2.220446049250313e-16,analytical (full-order equilibrium with c_H = implied_c_H); endpoint=interior
Laplace,2,0.6120634106355524,grid,0.11899516799445253,0.515,0.4559939925004047,0.6190740136631541,0.24143761148270232,0.4302558125729282,0.5726918594296961,5.225528421962936,8.0,9.0,0.16121822213868192,0.0024117851141662594,true,2.220446049250313e-16,analytical (full-order equilibrium with c_H = implied_c_H); endpoint=interior
Laplace,2,0.6114857641889774,grid,0.11957281444102752,0.5175,0.4535618625568102,0.6195369628667792,0.24173139389794895,0.43063417838236406,0.5729756337867731,5.220714701574812,8.0,9.0,0.16035833435076066,0.0024117851141662594,true,4.440892098500626e-16,analytical (full-order equilibrium with c_H = implied_c_H); endpoint=interior
Laplace,2,0.6109081177424024,grid,0.1201504608876025,0.5199999999999998,0.4511310508326855,0.6199990989740526,0.24202537426768012,0.43101223662086635,0.5732591774656497,5.215900981186687,8.0,9.0,0.1594989126238025,0.0024117851141662594,true,0.0,analytical (full-order equilibrium with c_H = implied_c_H); endpoint=interior
Laplace,2,0.6103304712958273,grid,0.1207281073341776,0.5225000000000002,0.4487015490807721,0.6204604251465237,0.2423195534441069,0.4313899892953153,0.5735424919714864,5.211087260798561,8.0,9.0,0.1586399540419612,0.0024117851141662594,true,2.220446049250313e-16,analytical (full-order equilibrium with c_H = implied_c_H); endpoint=interior
Laplace,2,0.6097528248492523,grid,0.12130575378075259,0.5250000000000001,0.44627334907816363,0.6209209445299877,0.24261393228077197,0.43176743840537984,0.573825578804035,5.206273540410436,8.0,9.0,0.1577814556980004,0.0024117851141662594,true,3.3306690738754696e-16,analytical (full-order equilibrium with c_H = implied_c_H); endpoint=interior
Laplace,2,0.6091751784026773,grid,0.12188340022732758,0.5275,0.4438464426261128,0.6213806602545922,0.24290851163256258,0.43214458594357735,0.574108439457683,5.201459820022311,8.0,9.0,0.15692341469322513,0.0024117851141662594,true,1.1102230246251565e-16,analytical (full-order equilibrium with c_H = implied_c_H); endpoint=interior
Laplace,2,0.6085975319561023,grid,0.12246104667390256,0.5299999999999999,0.4414208215498432,0.6218395754349417,0.24320329235572397,0.4325214338953328,0.5743910754214996,5.1966460996341866,8.0,9.0,0.15606582813741549,0.0024117851141662594,true,3.3306690738754696e-16,analytical (full-order equilibrium with c_H = implied_c_H); endpoint=interior
Laplace,2,0.6080198855095273,grid,0.12303869312047755,0.5324999999999998,0.43899647769836125,0.622297693170202,0.24349827530787224,0.43289798423903714,0.5746734881792779,5.191832379246062,8.0,9.0,0.1552086931487601,0.0024117851141662594,true,1.1102230246251565e-16,analytical (full-order equilibrium with c_H = implied_c_H); endpoint=interior
Laplace,2,0.6074422390629522,grid,0.12361633956705265,0.5350000000000001,0.4365734029442681,0.6227550165442034,0.24379346134800778,0.4332742389461056,0.5749556792095792,5.1870186588579354,8.0,9.0,0.1543520068537895,0.0024117851141662594,true,4.440892098500626e-16,analytical (full-order equilibrium with c_H = implied_c_H); endpoint=interior
Laplace,2,0.6068645926163773,grid,0.12419398601362763,0.5375,0.4341515891835759,0.6232115486255426,0.24408885133652813,0.4336501999810354,0.5752376499857765,5.182204938469811,8.0,9.0,0.15349576638731133,0.0024117851141662594,true,2.220446049250313e-16,analytical (full-order equilibrium with c_H = implied_c_H); endpoint=interior
Laplace,2,0.6062869461698023,grid,0.12477163246020262,0.5399999999999999,0.43173102833551946,0.6236672924676855,0.24438444613524168,0.4340258693014636,0.5755194019760976,5.177391218081686,8.0,9.0,0.15263996889234363,0.0024117851141662594,true,1.1102230246251565e-16,analytical (full-order equilibrium with c_H = implied_c_H); endpoint=interior
Laplace,2,0.6057092997232272,grid,0.12534927890677772,0.5425000000000003,0.42931171234237536,0.6241222511090668,0.24468024660738055,0.4344012488582237,0.5758009366436678,5.172577497693561,8.0,9.0,0.15178461152005102,0.0024117851141662594,true,1.1102230246251565e-16,analytical (full-order equilibrium with c_H = implied_c_H); endpoint=interior
Laplace,2,0.6051316532766522,grid,0.1259269253533527,0.5450000000000002,0.42689363316927914,0.624576427573191,0.24497625361761383,0.4347763405954024,0.5760822554465518,5.167763777305435,8.0,9.0,0.15092969142967985,0.0024117851141662594,true,1.6653345369377348e-16,analytical (full-order equilibrium with c_H = implied_c_H); endpoint=interior
Laplace,2,0.6045540068300772,grid,0.1265045717999277,0.5475,0.42447678280404255,0.6250298248687309,0.24527246803206118,0.43515114645039604,0.5763633598377971,5.16295005691731,8.0,9.0,0.15007520578849387,0.0024117851141662594,true,1.1102230246251565e-16,analytical (full-order equilibrium with c_H = implied_c_H); endpoint=interior
Laplace,2,0.6039763603835022,grid,0.12708221824650268,0.5499999999999999,0.4220611532569738,0.6254824459896267,0.24556889071830584,0.4355256683539662,0.5766442512654747,5.158136336529186,8.0,9.0,0.14922115177171041,0.0024117851141662594,true,1.1102230246251565e-16,analytical (full-order equilibrium with c_H = implied_c_H); endpoint=interior
Laplace,2,0.6033987139369272,grid,0.12765986469307766,0.5524999999999998,0.4196467365606988,0.625934293915183,0.24586552254540808,0.4358999082302955,0.5769249311727216,5.153322616141061,8.0,9.0,0.14836752656243737,0.0024117851141662594,true,2.220446049250313e-16,analytical (full-order equilibrium with c_H = implied_c_H); endpoint=interior
Laplace,2,0.6028210674903521,grid,0.12823751113965276,0.5550000000000002,0.4172335247699818,0.6263853716101664,0.24616236438391867,0.43627386799704254,0.5772054009977818,5.148508895752935,8.0,9.0,0.14751432735160974,0.0024117851141662594,true,1.1102230246251565e-16,analytical (full-order equilibrium with c_H = implied_c_H); endpoint=interior
Laplace,2,0.6022434210437771,grid,0.12881515758622775,0.5575000000000001,0.4148215099615505,0.626835682024901,0.24645941710589186,0.4366475495653964,0.5774856621740473,5.14369517536481,8.0,9.0,0.14666155133792766,0.0024117851141662594,true,2.220446049250313e-16,analytical (full-order equilibrium with c_H = implied_c_H); endpoint=interior
Laplace,2,0.6016657745972022,grid,0.12939280403280273,0.5599999999999999,0.41241068423391714,0.6272852280953642,0.24675668158489927,0.43702095484013176,0.5777657161300989,5.138881454976685,8.0,9.0,0.14580919572779338,0.0024117851141662594,true,5.551115123125783e-17,analytical (full-order equilibrium with c_H = implied_c_H); endpoint=interior
Laplace,2,0.6010881281506272,grid,0.12997045047937772,0.5624999999999999,0.410001039707205,0.6277340127432811,0.24705415869604305,0.4373940857196621,0.5780455642897466,5.134067734588561,8.0,9.0,0.14495725773524978,0.0024117851141662594,true,1.1102230246251565e-16,analytical (full-order equilibrium with c_H = implied_c_H); endpoint=interior
Laplace,2,0.6005104817040521,grid,0.13054809692595282,0.5650000000000002,0.4075925685229739,0.6281820388762185,0.24735184931596949,0.43776694409609396,0.5783252080720704,5.129254014200434,8.0,9.0,0.14410573458191867,0.0024117851141662594,true,5.551115123125783e-17,analytical (full-order equilibrium with c_H = implied_c_H); endpoint=interior
Laplace,2,0.5999328352574771,grid,0.1311257433725278,0.5675000000000001,0.4051852628440489,0.628629309387678,0.2476497543228821,0.4381395318552801,0.57860464889146,5.1244402938123095,8.0,9.0,0.1432546234969403,0.0024117851141662594,true,8.326672684688674e-17,analytical (full-order equilibrium with c_H = implied_c_H); endpoint=interior
Laplace,2,0.5993551888109021,grid,0.1317033898191028,0.57,0.4027791148543455,0.6290758271571886,0.24794787459655573,0.43851185087687217,0.5788838881576541,5.119626573424185,8.0,9.0,0.14240392171691146,0.0024117851141662594,true,3.3306690738754696e-16,analytical (full-order equilibrium with c_H = implied_c_H); endpoint=interior
Laplace,2,0.5987775423643271,grid,0.13228103626567778,0.5724999999999999,0.40037411675870055,0.6295215950503976,0.24824621101834962,0.43888390303437363,0.5791629272757802,5.114812853036059,8.0,9.0,0.14155362648582584,0.0024117851141662594,true,2.220446049250313e-16,analytical (full-order equilibrium with c_H = implied_c_H); endpoint=interior
Laplace,2,0.5981998959177521,grid,0.13285868271225276,0.5749999999999997,0.39797026078270176,0.6299666159191629,0.2485447644712212,0.43925569019519206,0.5794417676463941,5.109999132647935,8.0,9.0,0.14070373505501357,0.0024117851141662594,true,1.1102230246251565e-16,analytical (full-order equilibrium with c_H = implied_c_H); endpoint=interior
Laplace,2,0.597622249471177,grid,0.13343632915882786,0.5775000000000001,0.3955675391725184,0.6304108926016424,0.24884353583973964,0.439627214220691,0.5797204106655183,5.105185412259809,8.0,9.0,0.13985424468308152,0.0024117851141662594,true,2.220446049250313e-16,analytical (full-order equilibrium with c_H = implied_c_H); endpoint=interior
Laplace,2,0.597044603024602,grid,0.13401397560540285,0.5800000000000001,0.3931659441947348,0.6308544279223834,0.24914252601009934,0.4399984769662414,0.5799988577246811,5.100371691871684,8.0,9.0,0.13900515263585433,0.0024117851141662594,true,2.220446049250313e-16,analytical (full-order equilibrium with c_H = implied_c_H); endpoint=interior
Laplace,2,0.5964669565780271,grid,0.13459162205197783,0.5824999999999999,0.3907654681361808,0.6312972246924122,0.24944173587013374,0.440369480281273,0.5802771102109547,5.095557971483559,8.0,9.0,0.13815645618631459,0.0024117851141662594,true,5.551115123125783e-17,analytical (full-order equilibrium with c_H = implied_c_H); endpoint=interior
Laplace,2,0.5958893101314521,grid,0.13516926849855282,0.5849999999999999,0.3883661033037676,0.6317392857093216,0.24974116630932894,0.4407402260093253,0.5805551695069939,5.090744251095434,8.0,9.0,0.13730815261454463,0.0024117851141662594,true,1.1102230246251565e-16,analytical (full-order equilibrium with c_H = implied_c_H); endpoint=interior
Laplace,2,0.595311663684877,grid,0.13574691494512792,0.5875000000000001,0.3859678420243212,0.6321806137573589,0.25004081821883745,0.44111071598809815,0.5808330369910736,5.085930530707309,8.0,9.0,0.1364602392076678,0.0024117851141662594,true,0.0,analytical (full-order equilibrium with c_H = implied_c_H); endpoint=interior
Laplace,2,0.594734017238302,grid,0.1363245613917029,0.5900000000000001,0.38357067664442046,0.6326212116075125,0.2503406924914918,0.44148095204950216,0.5811107140371266,5.081116810319184,8.0,9.0,0.1356127132597911,0.0024117851141662594,true,2.220446049250313e-16,analytical (full-order equilibrium with c_H = implied_c_H); endpoint=interior
Laplace,2,0.594156370791727,grid,0.1369022078382779,0.5924999999999999,0.3811745995302308,0.6330610820175977,0.2506407900218185,0.4418509360197081,0.5813882020147811,5.076303089931058,8.0,9.0,0.1347655720719464,0.0024117851141662594,true,5.551115123125783e-17,analytical (full-order equilibrium with c_H = implied_c_H); endpoint=interior
Laplace,2,0.593578724345152,grid,0.13747985428485288,0.5949999999999999,0.3787796030673437,0.633500227732343,0.2509411117060516,0.4422206697191973,0.581665502289398,5.071489369542934,8.0,9.0,0.13391881295203376,0.0024117851141662594,true,2.220446049250313e-16,analytical (full-order equilibrium with c_H = implied_c_H); endpoint=interior
Laplace,2,0.5930010778985769,grid,0.13805750073142797,0.5975000000000003,0.3763856796606143,0.6339386514834746,0.2512416584421469,0.44259015496281073,0.5819426162221081,5.066675649154808,8.0,9.0,0.13307243321476397,0.0024117851141662594,true,1.1102230246251565e-16,analytical (full-order equilibrium with c_H = implied_c_H); endpoint=interior
Laplace,2,0.5924234314520019,grid,0.13863514717800296,0.6000000000000001,0.3739928217340025,0.6343763559897998,0.2515424311297953,0.4429593935597975,0.5822195451698482,5.0618619287666835,8.0,9.0,0.13222643018160238,0.0024117851141662594,true,3.3306690738754696e-16,analytical (full-order equilibrium with c_H = implied_c_H); endpoint=interior
Laplace,2,0.591845785005427,grid,0.13921279362457795,0.6025,0.3716010217304108,0.6348133439572918,0.2518434306704372,0.4433283873138645,0.5824962904853983,5.057048208378558,8.0,9.0,0.13138080118071155,0.0024117851141662594,true,1.1102230246251565e-16,analytical (full-order equilibrium with c_H = implied_c_H); endpoint=interior
Laplace,2,0.591268138558852,grid,0.13979044007115293,0.6049999999999999,0.36921027211152724,0.6352496180791718,0.25214465796727614,0.44369713802322397,0.5827728535174179,5.052234487990433,8.0,9.0,0.13053554354689567,0.0024117851141662594,true,1.1102230246251565e-16,analytical (full-order equilibrium with c_H = implied_c_H); endpoint=interior
Laplace,2,0.5906904921122769,grid,0.14036808651772803,0.6075000000000003,0.36682056535766594,0.6356851810359916,0.25244611392529304,0.4440656474806423,0.5830492356104817,5.047420767602308,8.0,9.0,0.12969065462154436,0.0024117851141662594,true,1.6653345369377348e-16,analytical (full-order equilibrium with c_H = implied_c_H); endpoint=interior
Laplace,2,0.5901128456657019,grid,0.14094573296430302,0.6100000000000001,0.36443189396761283,0.6361200354957146,0.25274779945125964,0.44443391747348715,0.5833254381051154,5.042607047214183,8.0,9.0,0.12884613175257795,0.0024117851141662594,true,3.3306690738754696e-16,analytical (full-order equilibrium with c_H = implied_c_H); endpoint=interior
Laplace,2,0.5895351992191269,grid,0.141523379410878,0.6125,0.3620442504584657,0.636554184113798,0.2530497154537532,0.44480194978377563,0.5836014623378317,5.0377933268260575,8.0,9.0,0.12800197229439095,0.0024117851141662594,true,5.551115123125783e-17,analytical (full-order equilibrium with c_H = implied_c_H); endpoint=interior
Laplace,2,0.5889575527725519,grid,0.142101025857453,0.6149999999999999,0.3596576273654817,0.6369876295332721,0.25335186284317035,0.44516974618822125,0.5838773096411659,5.032979606437933,8.0,9.0,0.12715817360779824,0.0024117851141662594,true,2.220446049250313e-16,analytical (full-order equilibrium with c_H = implied_c_H); endpoint=interior
Laplace,2,0.5883799063259769,grid,0.14267867230402798,0.6174999999999998,0.3572720172419208,0.6374203743848206,0.25365424253174096,0.44553730845828077,0.5841529813437105,5.028165886049808,8.0,9.0,0.12631473305997967,0.0024117851141662594,true,2.220446049250313e-16,analytical (full-order equilibrium with c_H = implied_c_H); endpoint=interior
Laplace,2,0.5878022598794018,grid,0.14325631875060307,0.6200000000000002,0.354887412658893,0.6378524212868595,0.25395685543354274,0.4459046383602011,0.5844284787701508,5.023352165661683,8.0,9.0,0.12547164802442592,0.0024117851141662594,true,2.220446049250313e-16,analytical (full-order equilibrium with c_H = implied_c_H); endpoint=interior
Laplace,2,0.5872246134328268,grid,0.14383396519717806,0.6225,0.35250380620520694,0.6382837728456159,0.25425970246451485,0.44627173765506534,0.584703803241299,5.018538445273557,8.0,9.0,0.1246289158808852,0.0024117851141662594,true,2.220446049250313e-16,analytical (full-order equilibrium with c_H = implied_c_H); endpoint=interior
Laplace,2,0.5866469669862518,grid,0.14441161164375305,0.6249999999999999,0.35012119048721435,0.638714431655206,0.2545627845424727,0.4466386080988394,0.5849789560741295,5.013724724885432,8.0,9.0,0.12378653401530809,0.0024117851141662594,true,1.1102230246251565e-16,analytical (full-order equilibrium with c_H = implied_c_H); endpoint=interior
Laplace,2,0.5860693205396769,grid,0.14498925809032803,0.6274999999999998,0.3477395581286611,0.6391444002977127,0.254866102587122,0.4470052514424173,0.585253938581813,5.008911004497308,8.0,9.0,0.12294449981979493,0.0024117851141662594,true,1.1102230246251565e-16,analytical (full-order equilibrium with c_H = implied_c_H); endpoint=interior
Laplace,2,0.5854916740931018,grid,0.14556690453690313,0.6300000000000002,0.34535890177053563,0.6395736813432615,0.25516965752007287,0.4473716694316672,0.5855287520737504,5.004097284109181,8.0,9.0,0.12210281069254224,0.0024117851141662594,true,1.1102230246251565e-16,analytical (full-order equilibrium with c_H = implied_c_H); endpoint=interior
Laplace,2,0.5849140276465268,grid,0.14614455098347812,0.6325000000000001,0.34297921407092147,0.640002277350098,0.2554734502648543,0.44773786380747616,0.5858033978556071,4.999283563721057,8.0,9.0,0.12126146403779055,0.0024117851141662594,true,2.220446049250313e-16,analytical (full-order equilibrium with c_H = implied_c_H); endpoint=interior
Laplace,2,0.5843363811999518,grid,0.1467221974300531,0.635,0.3406004877048447,0.6404301908646621,0.2557774817469289,0.44810383630579553,0.5860778772293467,4.994469843332932,8.0,9.0,0.12042045726577048,0.0024117851141662594,true,1.1102230246251565e-16,analytical (full-order equilibrium with c_H = implied_c_H); endpoint=interior
Laplace,2,0.5837587347533768,grid,0.1472998438766281,0.6374999999999998,0.3382227153641282,0.6408574244216649,0.25608175289370677,0.4484695886576858,0.5863521914932643,4.989656122944807,8.0,9.0,0.11957978779265126,0.0024117851141662594,true,3.3306690738754696e-16,analytical (full-order equilibrium with c_H = implied_c_H); endpoint=interior
Laplace,2,0.5831810883068018,grid,0.14787749032320308,0.6399999999999998,0.33584588975724355,0.6412839805441619,0.25638626463456027,0.4488351225893611,0.5866263419420208,4.984842402556682,8.0,9.0,0.11873945304048829,0.0024117851141662594,true,4.440892098500626e-16,analytical (full-order equilibrium with c_H = implied_c_H); endpoint=interior
Laplace,2,0.5826034418602267,grid,0.14845513676977817,0.6425000000000001,0.33347000360916423,0.641709861743627,0.2566910179008386,0.4492004398222328,0.5869003298666746,4.980028682168556,8.0,9.0,0.11789945043717125,0.0024117851141662594,true,1.1102230246251565e-16,analytical (full-order equilibrium with c_H = implied_c_H); endpoint=interior
Laplace,2,0.5820257954136517,grid,0.14903278321635316,0.645,0.3310950496612209,0.6421350705200264,0.2569960136258819,0.4495655420729542,0.5871741565547156,4.9752149617804315,8.0,9.0,0.117059777416373,0.0024117851141662594,true,1.1102230246251565e-16,analytical (full-order equilibrium with c_H = implied_c_H); endpoint=interior
Laplace,2,0.5814481489670768,grid,0.14961042966292815,0.6474999999999999,0.3287210206709537,0.6425596093618915,0.2573012527450366,0.4499304310534641,0.587447823290098,4.970401241392307,8.0,9.0,0.11622043141749731,0.0024117851141662594,true,3.3306690738754696e-16,analytical (full-order equilibrium with c_H = implied_c_H); endpoint=interior
Laplace,2,0.5808705025205017,grid,0.15018807610950324,0.6500000000000002,0.32634790941196967,0.642983480746391,0.2576067361956694,0.45029510847103016,0.5877213313532726,4.96558752100418,8.0,9.0,0.11538140988562842,0.0024117851141662594,true,1.1102230246251565e-16,analytical (full-order equilibrium with c_H = implied_c_H); endpoint=interior
Laplace,2,0.5802928560739267,grid,0.15076572255607823,0.6525000000000002,0.3239757086737993,0.6434066871394026,0.25791246491718217,0.45065957602829243,0.5879946820212193,4.960773800616056,8.0,9.0,0.11454271027148044,0.0024117851141662594,true,0.0,analytical (full-order equilibrium with c_H = implied_c_H); endpoint=interior
Laplace,2,0.5797152096273517,grid,0.15134336900265322,0.655,0.32160441126175204,0.6438292309955846,0.25821843985102677,0.4510238354233057,0.5882678765674793,4.955960080227931,8.0,9.0,0.11370433003134606,0.0024117851141662594,true,1.1102230246251565e-16,analytical (full-order equilibrium with c_H = implied_c_H); endpoint=interior
Laplace,2,0.5791375631807767,grid,0.1519210154492282,0.6575,0.3192340099967747,0.6442511147584463,0.25852466194071977,0.45138788834958304,0.5885409162621873,4.951146359839806,8.0,9.0,0.11286626662704674,0.0024117851141662594,true,3.3306690738754696e-16,analytical (full-order equilibrium with c_H = implied_c_H); endpoint=interior
Laplace,2,0.5785599167342017,grid,0.1524986618958032,0.6599999999999998,0.31686449771531017,0.6446723408604184,0.2588311321318572,0.45175173649613776,0.5888138023721033,4.946332639451681,8.0,9.0,0.11202851752588255,0.0024117851141662594,true,2.220446049250313e-16,analytical (full-order equilibrium with c_H = implied_c_H); endpoint=interior
Laplace,2,0.5779822702876267,grid,0.15307630834237818,0.6624999999999998,0.31449586726915546,0.6450929117229225,0.25913785137212964,0.45211538154752606,0.5890865361606445,4.941518919063556,8.0,9.0,0.11119108020058209,0.0024117851141662594,true,1.1102230246251565e-16,analytical (full-order equilibrium with c_H = implied_c_H); endpoint=interior
Laplace,2,0.5774046238410516,grid,0.15365395478895327,0.665,0.3121281115253224,0.645512829756441,0.2594448206113368,0.4524788251838889,0.5893591188879166,4.936705198675431,8.0,9.0,0.11035395212925321,0.0024117851141662594,true,2.220446049250313e-16,analytical (full-order equilibrium with c_H = implied_c_H); endpoint=interior
Laplace,2,0.5768269773944766,grid,0.15423160123552826,0.6675,0.3097612233658986,0.6459320973605841,0.2597520408014025,0.45284206908099334,0.589631551810745,4.931891478287306,8.0,9.0,0.10951713079533387,0.0024117851141662594,true,2.220446049250313e-16,analytical (full-order equilibrium with c_H = implied_c_H); endpoint=interior
Laplace,2,0.5762493309479015,grid,0.15480924768210336,0.6700000000000004,0.30739519568790624,0.6463507169241601,0.26005951289639034,0.45320511491027526,0.5899038361827065,4.92707775789918,8.0,9.0,0.10868061368754213,0.0024117851141662594,true,3.3306690738754696e-16,analytical (full-order equilibrium with c_H = implied_c_H); endpoint=interior
Laplace,2,0.5756716845013266,grid,0.15538689412867834,0.6725000000000002,0.3050300214031668,0.6467686908252415,0.2603672378525177,0.4535679643388796,0.5901759732541597,4.922264037511055,8.0,9.0,0.10784439829982849,0.0024117851141662594,true,3.3306690738754696e-16,analytical (full-order equilibrium with c_H = implied_c_H); endpoint=interior
Laplace,2,0.5750940380547516,grid,0.15596454057525333,0.6750000000000002,0.30266569343816085,0.6471860214312326,0.2606752166281717,0.45393061902970216,0.5904479642722766,4.91745031712293,8.0,9.0,0.10700848213132613,0.0024117851141662594,true,2.220446049250313e-16,analytical (full-order equilibrium with c_H = implied_c_H); endpoint=interior
Laplace,2,0.5745163916081766,grid,0.15654218702182832,0.6775,0.3003022047338925,0.6476027110989365,0.26098345018392405,0.45429308064143026,0.5907198104810727,4.912636596734806,8.0,9.0,0.10617286268630316,0.0024117851141662594,true,5.551115123125783e-17,analytical (full-order equilibrium with c_H = implied_c_H); endpoint=interior
Laplace,2,0.5739387451616016,grid,0.1571198334684033,0.6799999999999999,0.2979395482457531,0.6480187621746212,0.26129193948254614,0.45465535082858366,0.5909915131214377,4.90782287634668,8.0,9.0,0.10533753747411427,0.0024117851141662594,true,1.1102230246251565e-16,analytical (full-order equilibrium with c_H = implied_c_H); endpoint=interior
Laplace,2,0.5733610987150266,grid,0.1576974799149783,0.6824999999999998,0.29557771694338464,0.6484341769940845,0.26160068548902454,0.45501743124155447,0.5912630734311659,4.903009155958555,8.0,9.0,0.10450250400915258,0.0024117851141662594,true,2.220446049250313e-16,analytical (full-order equilibrium with c_H = implied_c_H); endpoint=interior
Laplace,2,0.5727834522684515,grid,0.1582751263615534,0.6850000000000002,0.29321670381054576,0.6488489578827206,0.2619096891705762,0.4553793235266484,0.5915344926449864,4.89819543557043,8.0,9.0,0.10366775981080215,0.0024117851141662594,true,2.220446049250313e-16,analytical (full-order equilibrium with c_H = implied_c_H); endpoint=interior
Laplace,2,0.5722058058218765,grid,0.15885277280812837,0.6875,0.2908565018449775,0.6492631071555834,0.2622189514966637,0.4557410293261236,0.5918057719945927,4.893381715182305,8.0,9.0,0.10283330240339059,0.0024117851141662594,true,2.220446049250313e-16,analytical (full-order equilibrium with c_H = implied_c_H); endpoint=interior
Laplace,2,0.5716281593753015,grid,0.15943041925470336,0.69,0.2884971040582681,0.6496766271174523,0.2625284734390108,0.45610255027823154,0.5920769127086737,4.88856799479418,8.0,9.0,0.1019991293161412,0.0024117851141662594,true,2.220446049250313e-16,analytical (full-order equilibrium with c_H = implied_c_H); endpoint=interior
Laplace,2,0.5710505129287264,grid,0.16000806570127846,0.6925000000000003,0.2861385034757206,0.6500895200628949,0.2628382559716181,0.45646388801725646,0.5923479160129423,4.883754274406054,8.0,9.0,0.10116523808312626,0.0024117851141662594,true,1.1102230246251565e-16,analytical (full-order equilibrium with c_H = implied_c_H); endpoint=interior
Laplace,2,0.5704728664821515,grid,0.16058571214785344,0.6950000000000002,0.28378069313622123,0.6505017882763301,0.263148300070778,0.4568250441735541,0.5926187831301656,4.878940554017929,8.0,9.0,0.10033162624322038,0.0024117851141662594,true,2.220446049250313e-16,analytical (full-order equilibrium with c_H = implied_c_H); endpoint=interior
Laplace,2,0.5698952200355765,grid,0.16116335859442843,0.6975,0.28142366609210523,0.6509134340320925,0.26345860671509086,0.4571860203735917,0.5928895152801937,4.874126833629804,8.0,9.0,0.09949829134005313,0.0024117851141662594,true,1.1102230246251565e-16,analytical (full-order equilibrium with c_H = implied_c_H); endpoint=interior
Laplace,2,0.5693175735890015,grid,0.16174100504100342,0.7,0.2790674154090276,0.6513244595944931,0.26376917688548035,0.4575468182399868,0.5931601136799901,4.869313113241679,8.0,9.0,0.0986652309219633,0.0024117851141662594,true,1.1102230246251565e-16,analytical (full-order equilibrium with c_H = implied_c_H); endpoint=interior
Laplace,2,0.5687399271424265,grid,0.1623186514875784,0.7024999999999998,0.27671193416583056,0.6517348672178831,0.26408001156520927,0.4579074393915462,0.5934305795436596,4.8644993928535545,8.0,9.0,0.09783244254195214,0.0024117851141662594,true,1.6653345369377348e-16,analytical (full-order equilibrium with c_H = implied_c_H); endpoint=interior
Laplace,2,0.5681622806958515,grid,0.1628962979341534,0.7049999999999997,0.27435721545441466,0.6521446591467134,0.26439111173989505,0.4582678854433042,0.5937009140824782,4.85968567246543,8.0,9.0,0.09699992375763762,0.0024117851141662594,true,5.551115123125783e-17,analytical (full-order equilibrium with c_H = implied_c_H); endpoint=interior
Laplace,2,0.5675846342492764,grid,0.1634739443807285,0.7075000000000001,0.2720032523796075,0.6525538376155975,0.2647024783975259,0.4586281580065617,0.5939711185049212,4.854871952077303,8.0,9.0,0.09616767213120818,0.0024117851141662594,true,3.3306690738754696e-16,analytical (full-order equilibrium with c_H = implied_c_H); endpoint=interior
Laplace,2,0.5670069878027014,grid,0.16405159082730347,0.71,0.26965003805903737,0.652962404849371,0.26501411252847623,0.45898825868892357,0.5942411940166927,4.850058231689179,8.0,9.0,0.09533568522937796,0.0024117851141662594,true,1.1102230246251565e-16,analytical (full-order equilibrium with c_H = implied_c_H); endpoint=interior
Laplace,2,0.5664293413561264,grid,0.16462923727387846,0.7124999999999999,0.2672975656230013,0.6533703630631525,0.2653260151255231,0.45934818909433783,0.5945111418207534,4.845244511301054,8.0,9.0,0.09450396062334018,0.0024117851141662594,true,2.220446049250313e-16,analytical (full-order equilibrium with c_H = implied_c_H); endpoint=interior
Laplace,2,0.5658516949095513,grid,0.16520688372045356,0.7150000000000002,0.2649458282143384,0.6537777144624033,0.2656381871838619,0.4597079508231326,0.5947809631173495,4.8404307909129285,8.0,9.0,0.09367249588872238,0.0024117851141662594,true,0.0,analytical (full-order equilibrium with c_H = implied_c_H); endpoint=interior
Laplace,2,0.5652740484629764,grid,0.16578453016702854,0.7175000000000001,0.26259481898830417,0.6541844612429863,0.26595062970112215,0.46006754547205425,0.5950506591040408,4.835617070524803,8.0,9.0,0.09284128860554192,0.0024117851141662594,true,1.1102230246251565e-16,analytical (full-order equilibrium with c_H = implied_c_H); endpoint=interior
Laplace,2,0.5646964020164014,grid,0.16636217661360353,0.72,0.2602445311124407,0.6545906055912257,0.2662633436773841,0.46042697463430493,0.5953202309757287,4.830803350136678,8.0,9.0,0.09201033635816014,0.0024117851141662594,true,1.1102230246251565e-16,analytical (full-order equilibrium with c_H = implied_c_H); endpoint=interior
Laplace,2,0.5641187555698264,grid,0.16693982306017852,0.7224999999999999,0.2578949577664518,0.6549961496839648,0.26657633011519455,0.4607862398995797,0.5955896799246847,4.825989629748554,8.0,9.0,0.09117963673523817,0.0024117851141662594,true,1.1102230246251565e-16,analytical (full-order equilibrium with c_H = implied_c_H); endpoint=interior
Laplace,2,0.5635411091232514,grid,0.1675174695067535,0.7249999999999998,0.2555460921420767,0.6554010956886245,0.26688959001958323,0.46114534285410386,0.5958590071405778,4.821175909360429,8.0,9.0,0.09034918732969235,0.0024117851141662594,true,3.3306690738754696e-16,analytical (full-order equilibrium with c_H = implied_c_H); endpoint=interior
Laplace,2,0.5629634626766763,grid,0.1680951159533286,0.7275000000000001,0.2531979274429645,0.6558054457632614,0.26720312439807886,0.4615042850806701,0.5961282138105026,4.8163621889723025,8.0,9.0,0.0895189857386498,0.0024117851141662594,true,4.440892098500626e-16,analytical (full-order equilibrium with c_H = implied_c_H); endpoint=interior
Laplace,2,0.5623858162301013,grid,0.1686727623999036,0.7300000000000001,0.25085045688455065,0.656209202056624,0.2675169342607258,0.46186306815867495,0.5963973011190062,4.811548468584178,8.0,9.0,0.08868902956340471,0.0024117851141662594,true,1.1102230246251565e-16,analytical (full-order equilibrium with c_H = implied_c_H); endpoint=interior
Laplace,2,0.5618081697835263,grid,0.16925040884647857,0.7324999999999999,0.2485036736939305,0.6566123667082109,0.26783102062010017,0.46222169366415555,0.5966662702481167,4.806734748196053,8.0,9.0,0.08785931640937365,0.0024117851141662594,true,1.1102230246251565e-16,analytical (full-order equilibrium with c_H = implied_c_H); endpoint=interior
Laplace,2,0.5612305233369513,grid,0.16982805529305356,0.7349999999999999,0.24615757110973652,0.6570149418483262,0.2681453844913266,0.4625801631698264,0.5969351223773698,4.8019210278079285,8.0,9.0,0.08702984388605223,0.0024117851141662594,true,1.6653345369377348e-16,analytical (full-order equilibrium with c_H = implied_c_H); endpoint=interior
Laplace,2,0.5606528768903762,grid,0.17040570173962866,0.7375000000000002,0.24381214238201485,0.6574169295981364,0.2684600268920944,0.46293847824511536,0.5972038586838365,4.797107307419802,8.0,9.0,0.08620060960697136,0.0024117851141662594,true,1.1102230246251565e-16,analytical (full-order equilibrium with c_H = implied_c_H); endpoint=interior
Laplace,2,0.5600752304438013,grid,0.17098334818620364,0.7400000000000001,0.24146738077210347,0.6578183320697254,0.26877494884267444,0.4632966404561999,0.59747248034215,4.792293587031677,8.0,9.0,0.08537161118965425,0.0024117851141662594,true,3.3306690738754696e-16,analytical (full-order equilibrium with c_H = implied_c_H); endpoint=interior
Laplace,2,0.5594975839972263,grid,0.17156099463277863,0.7424999999999999,0.23912327955250756,0.6582191513661504,0.26909015136593584,0.4636546513660431,0.5977409885245324,4.787479866643553,8.0,9.0,0.08454284625557229,0.0024117851141662594,true,2.220446049250313e-16,analytical (full-order equilibrium with c_H = implied_c_H); endpoint=interior
Laplace,2,0.5589199375506513,grid,0.17213864107935362,0.7449999999999999,0.23677983200677902,0.6586193895814968,0.2694056354873625,0.46401251253442966,0.5980093844008223,4.782666146255428,8.0,9.0,0.08371431243010248,0.0024117851141662594,true,2.220446049250313e-16,analytical (full-order equilibrium with c_H = implied_c_H); endpoint=interior
Laplace,2,0.5583422911040762,grid,0.1727162875259287,0.7475000000000003,0.23443703142939448,0.6590190488009322,0.2697214022350701,0.4643702255180011,0.5982776691385008,4.777852425867302,8.0,9.0,0.0828860073424843,0.0024117851141662594,true,1.1102230246251565e-16,analytical (full-order equilibrium with c_H = implied_c_H); endpoint=interior
Laplace,2,0.5577646446575012,grid,0.1732939339725037,0.7500000000000001,0.23209487112563615,0.6594181311007608,0.27003745263982254,0.4647277918702917,0.5985458439027187,4.773038705479177,8.0,9.0,0.08205792862577757,0.0024117851141662594,true,1.6653345369377348e-16,analytical (full-order equilibrium with c_H = implied_c_H); endpoint=interior
Laplace,2,0.5571869982109262,grid,0.1738715804190787,0.7525000000000001,0.22975334441146783,0.6598166385484774,0.2703537877350496,0.4650852131417635,0.5988139098563225,4.768224985091052,8.0,9.0,0.08123007391681863,0.0024117851141662594,true,4.440892098500626e-16,analytical (full-order equilibrium with c_H = implied_c_H); endpoint=interior
Laplace,2,0.5566093517643512,grid,0.17444922686565367,0.7549999999999999,0.22741244461341792,0.6602145732028211,0.27067040855686325,0.46544249087984213,0.5990818681598816,4.763411264702927,8.0,9.0,0.08040244085617898,0.0024117851141662594,true,4.440892098500626e-16,analytical (full-order equilibrium with c_H = implied_c_H); endpoint=interior
Laplace,2,0.5560317053177762,grid,0.17502687331222866,0.7574999999999998,0.225072165068458,0.6606119371138272,0.2709873161440752,0.46579962662895114,0.5993497199717134,4.758597544314802,8.0,9.0,0.07957502708812232,0.0024117851141662594,true,5.551115123125783e-17,analytical (full-order equilibrium with c_H = implied_c_H); endpoint=interior
Laplace,2,0.5554540588712011,grid,0.17560451975880376,0.7600000000000001,0.2227324991238843,0.661008732322881,0.2713045115382136,0.4661566219305473,0.5996174664479105,4.7537838239266765,8.0,9.0,0.07874783026056266,0.0024117851141662594,true,1.1102230246251565e-16,analytical (full-order equilibrium with c_H = implied_c_H); endpoint=interior
Laplace,2,0.5548764124246262,grid,0.17618216620537874,0.7625000000000001,0.2203934401371999,0.6614049608627698,0.2716219957835408,0.46651347832315526,0.5998851087423664,4.748970103538552,8.0,9.0,0.07792084802502272,0.0024117851141662594,true,1.1102230246251565e-16,analytical (full-order equilibrium with c_H = implied_c_H); endpoint=interior
Laplace,2,0.5542987659780512,grid,0.17675981265195373,0.7649999999999999,0.2180549814759946,0.6618006247577342,0.2719397699270699,0.46687019734240204,0.6001526480068016,4.744156383150426,8.0,9.0,0.07709407803659139,0.0024117851141662594,true,5.551115123125783e-17,analytical (full-order equilibrium with c_H = implied_c_H); endpoint=interior
Laplace,2,0.5537211195314762,grid,0.17733745909852872,0.7674999999999998,0.21571711651782763,0.6621957260235205,0.2722578350185831,0.4672267805210518,0.6004200853907888,4.739342662762302,8.0,9.0,0.07626751795388226,0.0024117851141662594,true,1.1102230246251565e-16,analytical (full-order equilibrium with c_H = implied_c_H); endpoint=interior
Laplace,2,0.5531434730849011,grid,0.1779151055451038,0.7700000000000002,0.21337983865011068,0.6625902666674319,0.272576192110648,0.46758322938903996,0.6006874220417799,4.734528942374176,8.0,9.0,0.0754411654389923,0.0024117851141662594,true,3.3306690738754696e-16,analytical (full-order equilibrium with c_H = implied_c_H); endpoint=interior
Laplace,2,0.5525658266383261,grid,0.1784927519916788,0.7725000000000001,0.2110431412699914,0.6629842486883786,0.2728948422586359,0.46793954547350725,0.6009546591051305,4.729715221986051,8.0,9.0,0.07461501815746072,0.0024117851141662594,true,1.1102230246251565e-16,analytical (full-order equilibrium with c_H = implied_c_H); endpoint=interior
Laplace,2,0.5519881801917511,grid,0.17907039843825379,0.7749999999999999,0.20870701778423487,0.6633776740769293,0.27321378652073924,0.46829573029883426,0.6012217977241257,4.724901501597926,8.0,9.0,0.07378907377822692,0.0024117851141662594,true,0.0,analytical (full-order equilibrium with c_H = implied_c_H); endpoint=interior
Laplace,2,0.5514105337451761,grid,0.17964804488482877,0.7774999999999999,0.20637146160910905,0.6637705448153601,0.27353302595798895,0.4686517853866745,0.6014888390400059,4.720087781209801,8.0,9.0,0.07296332997359013,0.0024117851141662594,true,5.551115123125783e-17,analytical (full-order equilibrium with c_H = implied_c_H); endpoint=interior
Laplace,2,0.550832887298601,grid,0.18022569133140387,0.7800000000000002,0.20403646617026727,0.6641628628777063,0.27385256163427263,0.4690077122559895,0.601755784191992,4.715274060821676,8.0,9.0,0.0721377844191678,0.0024117851141662594,true,1.1102230246251565e-16,analytical (full-order equilibrium with c_H = implied_c_H); endpoint=interior
Laplace,2,0.550255240852026,grid,0.18080333777797886,0.7825000000000001,0.201702024902636,0.6645546302298098,0.2741723946163516,0.4693635124230807,0.6020226343173105,4.710460340433551,8.0,9.0,0.07131243479385589,0.0024117851141662594,true,5.551115123125783e-17,analytical (full-order equilibrium with c_H = implied_c_H); endpoint=interior
Laplace,2,0.549677594405451,grid,0.18138098422455384,0.785,0.19936813125029568,0.6649458488293694,0.2744925259738798,0.46971918740162455,0.6022893905512184,4.705646620045425,8.0,9.0,0.07048727877978685,0.0024117851141662594,true,2.220446049250313e-16,analytical (full-order equilibrium with c_H = implied_c_H); endpoint=interior
Laplace,2,0.5490999479588761,grid,0.18195863067112883,0.7874999999999999,0.1970347786663685,0.6653365206259896,0.274812956779421,0.47007473870270533,0.6025560540270289,4.700832899657301,8.0,9.0,0.06966231406228983,0.0024117851141662594,true,1.1102230246251565e-16,analytical (full-order equilibrium with c_H = implied_c_H); endpoint=interior
Laplace,2,0.5485223015123011,grid,0.18253627711770382,0.7899999999999998,0.194701960612904,0.6657266475612287,0.27513368810846695,0.4704301678348478,0.6028226258761359,4.696019179269176,8.0,9.0,0.06883753832985025,0.0024117851141662594,true,3.3306690738754696e-16,analytical (full-order equilibrium with c_H = implied_c_H); endpoint=interior
Laplace,2,0.547944655065726,grid,0.1831139235642789,0.7925000000000001,0.1923696705607639,0.6661162315686472,0.27545472103945595,0.47078547630405154,0.6030891072280387,4.691205458881051,8.0,9.0,0.06801294927406915,0.0024117851141662594,true,0.0,analytical (full-order equilibrium with c_H = implied_c_H); endpoint=interior
Laplace,2,0.547367008619151,grid,0.1836915700108539,0.795,0.1900379019895108,0.6665052745738556,0.2757760566537901,0.47114066561382284,0.6033554992103671,4.686391738492925,8.0,9.0,0.06718854458962378,0.0024117851141662594,true,0.0,analytical (full-order equilibrium with c_H = implied_c_H); endpoint=interior
Laplace,2,0.546789362172576,grid,0.18426921645742889,0.7974999999999999,0.18770664838729217,0.6668937784945619,0.27609769603585477,0.4714957372652083,0.6036218029489062,4.6815780181048,8.0,9.0,0.0663643219742266,0.0024117851141662594,true,1.1102230246251565e-16,analytical (full-order equilibrium with c_H = implied_c_H); endpoint=interior
Laplace,2,0.5462117157260009,grid,0.18484686290400398,0.8000000000000003,0.18537590325072947,0.6672817452406186,0.27641964027303606,0.47185069275682734,0.6038880195676205,4.676764297716675,8.0,9.0,0.06554027912858608,0.0024117851141662594,true,2.220446049250313e-16,analytical (full-order equilibrium with c_H = implied_c_H); endpoint=interior
Laplace,2,0.5456340692794259,grid,0.18542450935057897,0.8025000000000002,0.1830456600848055,0.6676691767140699,0.2767418904557395,0.4722055335849047,0.6041541501886785,4.67195057732855,8.0,9.0,0.06471641375636686,0.0024117851141662594,true,1.1102230246251565e-16,analytical (full-order equilibrium with c_H = implied_c_H); endpoint=interior
Laplace,2,0.5450564228328509,grid,0.18600215579715396,0.805,0.18071591240275145,0.6680560748091982,0.2770644476774086,0.4725602612433034,0.6044201959324775,4.667136856940425,8.0,9.0,0.06389272356414982,0.0024117851141662594,true,0.0,analytical (full-order equilibrium with c_H = implied_c_H); endpoint=interior
Laplace,2,0.544478776386276,grid,0.18657980224372894,0.8075,0.1783866537259354,0.6684424414125697,0.2773873130345437,0.47291487722355674,0.6046861579176676,4.6623231365523,8.0,9.0,0.06306920626139272,0.0024117851141662594,true,2.220446049250313e-16,analytical (full-order equilibrium with c_H = implied_c_H); endpoint=interior
Laplace,2,0.543901129939701,grid,0.18715744869030393,0.8099999999999998,0.1760578775837513,0.6688282784030817,0.27771048762672007,0.47326938301490085,0.6049520372611756,4.657509416164175,8.0,9.0,0.0622458595603908,0.0024117851141662594,true,1.1102230246251565e-16,analytical (full-order equilibrium with c_H = implied_c_H); endpoint=interior
Laplace,2,0.543323483493126,grid,0.18773509513687892,0.8124999999999998,0.17372957751350707,0.6692135876520067,0.2780339725566073,0.47362378010430695,0.6052178350782302,4.652695695776051,8.0,9.0,0.06142268117623739,0.0024117851141662594,true,1.1102230246251565e-16,analytical (full-order equilibrium with c_H = implied_c_H); endpoint=interior
Laplace,2,0.5427458370465509,grid,0.188312741583454,0.8150000000000001,0.1714017470603146,0.6695983710230385,0.2783577689299877,0.47397806997651315,0.6054835524823848,4.647881975387924,8.0,9.0,0.06059966882678492,0.0024117851141662594,true,2.220446049250313e-16,analytical (full-order equilibrium with c_H = implied_c_H); endpoint=interior
Laplace,2,0.5421681905999759,grid,0.188890388030029,0.8175,0.16907437977697973,0.6699826303723375,0.27868187785577553,0.47433225411405655,0.6057491905855424,4.6430682549997995,8.0,9.0,0.05977682023260602,0.0024117851141662594,true,1.1102230246251565e-16,analytical (full-order equilibrium with c_H = implied_c_H); endpoint=interior
Laplace,2,0.5415905441534009,grid,0.18946803447660399,0.8199999999999998,0.16674746922389014,0.6703663675485745,0.27900630044603586,0.4746863339973052,0.6060147504979789,4.638254534611675,8.0,9.0,0.058954133116953925,0.0024117851141662594,true,3.3306690738754696e-16,analytical (full-order equilibrium with c_H = implied_c_H); endpoint=interior
Laplace,2,0.5410128977068258,grid,0.19004568092317908,0.8225000000000002,0.16442100896890655,0.670749584392976,0.2793310378160039,0.47504031110448997,0.6062802333283674,4.633440814223548,8.0,9.0,0.05813160520572398,0.0024117851141662594,true,0.0,analytical (full-order equilibrium with c_H = implied_c_H); endpoint=interior
Laplace,2,0.5404352512602508,grid,0.19062332736975407,0.8250000000000002,0.16209499258725524,0.671132282739368,0.2796560910841038,0.47539418691173585,0.6065456401838019,4.628627093835424,8.0,9.0,0.05730923422741566,0.0024117851141662594,true,2.220446049250313e-16,analytical (full-order equilibrium with c_H = implied_c_H); endpoint=interior
Laplace,2,0.5398576048136758,grid,0.19120097381632906,0.8275,0.15976941366141456,0.6715144644142195,0.27998146137196844,0.47574796289309396,0.6068109721698205,4.623813373447299,8.0,9.0,0.05648701791309243,0.0024117851141662594,true,2.220446049250313e-16,analytical (full-order equilibrium with c_H = implied_c_H); endpoint=interior
Laplace,2,0.5392799583671009,grid,0.19177862026290404,0.83,0.15744426578100987,0.6718961312366863,0.2803071498044586,0.47610164052057247,0.6070762303904293,4.618999653059174,8.0,9.0,0.055664953996344586,0.0024117851141662594,true,1.1102230246251565e-16,analytical (full-order equilibrium with c_H = implied_c_H); endpoint=interior
Laplace,2,0.5387023119205259,grid,0.19235626670947903,0.8324999999999998,0.15511954254270263,0.6722772850186548,0.2806331575096824,0.4764552212641686,0.6073414159481265,4.614185932671049,8.0,9.0,0.05484304021325009,0.0024117851141662594,true,1.1102230246251565e-16,analytical (full-order equilibrium with c_H = implied_c_H); endpoint=interior
Laplace,2,0.5381246654739509,grid,0.19293391315605402,0.8349999999999996,0.15279523755008334,0.6726579275647839,0.28095948561901474,0.47680870659189933,0.6076065299439245,4.609372212282924,8.0,9.0,0.054021274302336664,0.0024117851141662594,true,2.220446049250313e-16,analytical (full-order equilibrium with c_H = implied_c_H); endpoint=interior
Laplace,2,0.5375470190273758,grid,0.1935115596026291,0.8375,0.15047134441356208,0.6730380606725486,0.2812861352671175,0.477162097969833,0.6078715734773747,4.604558491894799,8.0,9.0,0.053199654004543136,0.0024117851141662594,true,2.220446049250313e-16,analytical (full-order equilibrium with c_H = implied_c_H); endpoint=interior
Laplace,2,0.5369693725808008,grid,0.1940892060492041,0.84,0.1481478567502631,0.6734176861322816,0.28161310759195857,0.4775153968621201,0.6081365476465901,4.599744771506674,8.0,9.0,0.05237817706318213,0.0024117851141662594,true,2.220446049250313e-16,analytical (full-order equilibrium with c_H = implied_c_H); endpoint=interior
Laplace,2,0.5363917261342257,grid,0.1946668524957792,0.8425000000000004,0.14582476818391413,0.6737968057272161,0.2819404037348322,0.47786860473102416,0.6084014535482681,4.5949310511185475,8.0,9.0,0.05155684122390099,0.0024117851141662594,true,4.440892098500626e-16,analytical (full-order equilibrium with c_H = implied_c_H); endpoint=interior
Laplace,2,0.5358140796876507,grid,0.19524449894235418,0.8450000000000002,0.14350207234474271,0.6741754212335277,0.28226802484037883,0.47822172303695326,0.608666292277715,4.590117330730423,8.0,9.0,0.05073564423464505,0.0024117851141662594,true,0.0,analytical (full-order equilibrium with c_H = implied_c_H); endpoint=interior
Laplace,2,0.5352364332410757,grid,0.19582214538892917,0.8475000000000001,0.14117976286936582,0.674553534420375,0.282595972056605,0.47857475323849,0.6089310649288675,4.585303610342298,8.0,9.0,0.04991458384561866,0.0024117851141662594,true,1.1102230246251565e-16,analytical (full-order equilibrium with c_H = implied_c_H); endpoint=interior
Laplace,2,0.5346587867945007,grid,0.19639979183550416,0.85,0.13885783340068492,0.6749311470499422,0.2829242465349039,0.47892769679242303,0.6091957725943173,4.5804898899541735,8.0,9.0,0.049093657809248084,0.0024117851141662594,true,4.440892098500626e-16,analytical (full-order equilibrium with c_H = implied_c_H); endpoint=interior
Laplace,2,0.5340811403479258,grid,0.19697743828207914,0.8524999999999998,0.1365362775877799,0.6753082608774791,0.28325284943007495,0.479280555153777,0.6094604163653328,4.575676169566048,8.0,9.0,0.04827286388014399,0.0024117851141662594,true,3.3306690738754696e-16,analytical (full-order equilibrium with c_H = implied_c_H); endpoint=interior
Laplace,2,0.5335034939013508,grid,0.19755508472865413,0.8549999999999998,0.1342150890858019,0.6756848776513424,0.2835817819003446,0.4796333297758435,0.6097249973318826,4.570862449177923,8.0,9.0,0.04745219981506355,0.0024117851141662594,true,2.220446049250313e-16,analytical (full-order equilibrium with c_H = implied_c_H); endpoint=interior
Laplace,2,0.5329258474547757,grid,0.19813273117522923,0.8575000000000002,0.13189426155586703,0.6760609991130364,0.2839110451073869,0.4799860221102117,0.6099895165826588,4.566048728789798,8.0,9.0,0.04663166337287287,0.0024117851141662594,true,2.220446049250313e-16,analytical (full-order equilibrium with c_H = implied_c_H); endpoint=interior
Laplace,2,0.5323482010082007,grid,0.1987103776218042,0.86,0.1295737886649533,0.6764366269972522,0.28424064021634343,0.4803386336067978,0.6102539752050984,4.561235008401673,8.0,9.0,0.045811252314510546,0.0024117851141662594,true,1.1102230246251565e-16,analytical (full-order equilibrium with c_H = implied_c_H); endpoint=interior
Laplace,2,0.5317705545616257,grid,0.1992880240683792,0.8624999999999999,0.12725366408579156,0.6768117630319088,0.28457056839584444,0.4806911657138766,0.6105183742854075,4.5564212880135475,8.0,9.0,0.04499096440294911,0.0024117851141662594,true,3.3306690738754696e-16,analytical (full-order equilibrium with c_H = implied_c_H); endpoint=interior
Laplace,2,0.5311929081150506,grid,0.1998656705149543,0.8650000000000002,0.12493388149676195,0.6771864089381927,0.28490083081802964,0.4810436198781112,0.6107827149085834,4.551607567625422,8.0,9.0,0.04417079740315845,0.0024117851141662594,true,2.220446049250313e-16,analytical (full-order equilibrium with c_H = implied_c_H); endpoint=interior
Laplace,2,0.5306152616684756,grid,0.20044331696152928,0.8675000000000002,0.12261443458179022,0.6775605664305964,0.2852314286585685,0.4813959975445824,0.6110469981584368,4.546793847237297,8.0,9.0,0.04335074908206909,0.0024117851141662594,true,2.220446049250313e-16,analytical (full-order equilibrium with c_H = implied_c_H); endpoint=interior
Laplace,2,0.5300376152219006,grid,0.20102096340810427,0.87,0.12029531703024042,0.6779342372169588,0.28556236309668176,0.48174830015682024,0.6113112251176152,4.541980126849173,8.0,9.0,0.042530817208534286,0.0024117851141662594,true,1.1102230246251565e-16,analytical (full-order equilibrium with c_H = implied_c_H); endpoint=interior
Laplace,2,0.5294599687753256,grid,0.20159860985467926,0.8724999999999999,0.11797652253681175,0.6783074229985036,0.2858936353151622,0.4821005291568329,0.6115753968676246,4.537166406461047,8.0,9.0,0.04171099955329357,0.0024117851141662594,true,1.1102230246251565e-16,analytical (full-order equilibrium with c_H = implied_c_H); endpoint=interior
Laplace,2,0.5288823223287507,grid,0.20217625630125424,0.8749999999999998,0.11565804480143439,0.6786801254698775,0.28622524650039594,0.48245268598513674,0.6118395144888525,4.532352686072922,8.0,9.0,0.040891293888935885,0.0024117851141662594,true,3.3306690738754696e-16,analytical (full-order equilibrium with c_H = implied_c_H); endpoint=interior
Laplace,2,0.5283046758821757,grid,0.20275390274782923,0.8774999999999997,0.11333987752916491,0.6790523463191902,0.28655719784238337,0.48280477208078676,0.6121035790605901,4.527538965684798,8.0,9.0,0.040071697989862654,0.0024117851141662594,true,0.0,analytical (full-order equilibrium with c_H = implied_c_H); endpoint=interior
Laplace,2,0.5277270294356006,grid,0.20333154919440433,0.8800000000000001,0.11102201443008178,0.6794240872280506,0.2868894905347611,0.48315678888140584,0.6123675916610544,4.522725245296671,8.0,9.0,0.039252209632250776,0.0024117851141662594,true,2.220446049250313e-16,analytical (full-order equilibrium with c_H = implied_c_H); endpoint=interior
Laplace,2,0.5271493829890256,grid,0.2039091956409793,0.8825,0.1087044492191838,0.6797953498716064,0.28722212577482276,0.4835087378232146,0.6126315533674109,4.517911524908547,8.0,9.0,0.038432826594016783,0.0024117851141662594,true,2.220446049250313e-16,analytical (full-order equilibrium with c_H = implied_c_H); endpoint=interior
Laplace,2,0.5265717365424506,grid,0.2044868420875543,0.8849999999999999,0.106387175616284,0.680166135918581,0.287555104763541,0.48386062034106103,0.6128954652557957,4.513097804520422,8.0,9.0,0.03761354665477926,0.0024117851141662594,true,3.3306690738754696e-16,analytical (full-order equilibrium with c_H = implied_c_H); endpoint=interior
Laplace,2,0.5259940900958755,grid,0.2050644885341294,0.8875000000000002,0.10407018734590723,0.6805364470313113,0.2878884287055893,0.4842124378684503,0.6131593284013377,4.508284084132296,8.0,9.0,0.03679436759582271,0.0024117851141662594,true,1.1102230246251565e-16,analytical (full-order equilibrium with c_H = implied_c_H); endpoint=interior
Laplace,2,0.5254164436493005,grid,0.20564213498070438,0.8900000000000001,0.10175347813718888,0.6809062848657847,0.28822209880936317,0.48456419183757393,0.6134231438781804,4.503470363744171,8.0,9.0,0.03597528720006168,0.0024117851141662594,true,1.1102230246251565e-16,analytical (full-order equilibrium with c_H = implied_c_H); endpoint=interior
Laplace,2,0.5248387972027255,grid,0.20621978142727937,0.8925,0.09943704172376874,0.6812756510716765,0.28855611628700284,0.4849158836793397,0.6136869127595048,4.498656643356046,8.0,9.0,0.035156303252003265,0.0024117851141662594,true,1.1102230246251565e-16,analytical (full-order equilibrium with c_H = implied_c_H); endpoint=interior
Laplace,2,0.5242611507561505,grid,0.20679742787385436,0.8949999999999999,0.09712087184369014,0.6816445472923863,0.2888904823544147,0.4852675148234005,0.6139506361175504,4.4938429229679215,8.0,9.0,0.03433741353771146,0.0024117851141662594,true,1.1102230246251565e-16,analytical (full-order equilibrium with c_H = implied_c_H); endpoint=interior
Laplace,2,0.5236835043095756,grid,0.20737507432042934,0.8974999999999997,0.09480496223929762,0.6820129751650748,0.2892251982312937,0.4856190866981842,0.6142143150236381,4.489029202579797,8.0,9.0,0.033518615844770956,0.0024117851141662594,true,0.0,analytical (full-order equilibrium with c_H = implied_c_H); endpoint=interior
Laplace,2,0.5231058578630005,grid,0.20795272076700444,0.9000000000000001,0.0924893066571331,0.6823809363206998,0.2895602651411457,0.4859706007309228,0.6144779505481921,4.48421548219167,8.0,9.0,0.03269990796225045,0.0024117851141662594,true,4.440892098500626e-16,analytical (full-order equilibrium with c_H = implied_c_H); endpoint=interior
Laplace,2,0.5225282114164255,grid,0.20853036721357943,0.9025000000000001,0.09017389884783611,0.6827484323840529,0.2898956843113092,0.48632205834768105,0.6147415437607608,4.479401761803546,8.0,9.0,0.03188128768066736,0.0024117851141662594,true,1.1102230246251565e-16,analytical (full-order equilibrium with c_H = implied_c_H); endpoint=interior
Laplace,2,0.5219505649698505,grid,0.2091080136601544,0.9049999999999999,0.08785873256603861,0.6831154649737945,0.29023145697297886,0.4866734609733867,0.61500509573004,4.474588041415421,8.0,9.0,0.03106275279195063,0.0024117851141662594,true,2.220446049250313e-16,analytical (full-order equilibrium with c_H = implied_c_H); endpoint=interior
Laplace,2,0.5213729185232755,grid,0.2096856601067294,0.9074999999999999,0.08554380157026535,0.6834820357024903,0.2905675843612273,0.4870248100318588,0.6152686075238941,4.469774321027296,8.0,9.0,0.03024430108940553,0.0024117851141662594,true,2.220446049250313e-16,analytical (full-order equilibrium with c_H = implied_c_H); endpoint=interior
Laplace,2,0.5207952720767004,grid,0.2102633065533045,0.9100000000000001,0.08322909962283058,0.6838481461766464,0.2909040677150282,0.4873761069458373,0.615532080209378,4.46496060063917,8.0,9.0,0.02942593036767711,0.0024117851141662594,true,1.1102230246251565e-16,analytical (full-order equilibrium with c_H = implied_c_H); endpoint=interior
Laplace,2,0.5202176256301254,grid,0.21084095299987948,0.9125000000000001,0.0809146204897387,0.6842137979967438,0.29124090827727883,0.4877273531370113,0.6157955148527585,4.460146880251045,8.0,9.0,0.028607638422715097,0.0024117851141662594,true,3.3306690738754696e-16,analytical (full-order equilibrium with c_H = implied_c_H); endpoint=interior
Laplace,2,0.5196399791835504,grid,0.21141859944645447,0.9149999999999999,0.07860035794058048,0.6845789927572747,0.2915781072948233,0.48807855002604905,0.6160589125195368,4.455333159862921,8.0,9.0,0.027789423051737178,0.0024117851141662594,true,1.1102230246251565e-16,analytical (full-order equilibrium with c_H = implied_c_H); endpoint=interior
Laplace,2,0.5190623327369754,grid,0.21199624589302946,0.9174999999999999,0.07628630574843281,0.6849437320467764,0.2919156660184756,0.488429699032626,0.6163222742744695,4.450519439474796,8.0,9.0,0.02697128205319357,0.0024117851141662594,true,3.3306690738754696e-16,analytical (full-order equilibrium with c_H = implied_c_H); endpoint=interior
Laplace,2,0.5184846862904003,grid,0.21257389233960455,0.9200000000000003,0.07397245768975655,0.6853080174478658,0.2922535857030428,0.48878080157545434,0.6165856011815908,4.44570571908667,8.0,9.0,0.026153213226730913,0.0024117851141662594,true,1.1102230246251565e-16,analytical (full-order equilibrium with c_H = implied_c_H); endpoint=interior
Laplace,2,0.5179070398438254,grid,0.21315153878617954,0.9225000000000001,0.07165880754429857,0.6856718505372741,0.29259186760734796,0.48913185907231105,0.6168488943042333,4.440891998698545,8.0,9.0,0.025335214373157625,0.0024117851141662594,true,3.3306690738754696e-16,analytical (full-order equilibrium with c_H = implied_c_H); endpoint=interior
Laplace,2,0.5173293933972504,grid,0.21372918523275453,0.9249999999999999,0.06934534909498631,0.6860352328858808,0.29293051299425443,0.4894828729400676,0.6171121547050507,4.43607827831042,8.0,9.0,0.024517283294406618,0.0024117851141662594,true,1.1102230246251565e-16,analytical (full-order equilibrium with c_H = implied_c_H); endpoint=interior
Laplace,2,0.5167517469506754,grid,0.2143068316793295,0.9274999999999999,0.0670320761278309,0.6863981660587473,0.29326952313068855,0.4898338445947179,0.6173753834460385,4.431264557922296,8.0,9.0,0.023699417793501057,0.0024117851141662594,true,1.1102230246251565e-16,analytical (full-order equilibrium with c_H = implied_c_H); endpoint=interior
Laplace,2,0.5161741005041003,grid,0.2148844781259046,0.9300000000000003,0.06471898243182346,0.6867606516151512,0.29360889928766404,0.4901847754514076,0.6176385815885557,4.426450837534169,8.0,9.0,0.0228816156745177,0.0024117851141662594,true,1.1102230246251565e-16,analytical (full-order equilibrium with c_H = implied_c_H); endpoint=interior
Laplace,2,0.5155964540575253,grid,0.2154621245724796,0.9325000000000001,0.06240606179883821,0.6871226911086195,0.2939486427403053,0.4905356669244624,0.6179017501933468,4.4216371171460445,8.0,9.0,0.022063874742552624,0.0024117851141662594,true,1.1102230246251565e-16,analytical (full-order equilibrium with c_H = implied_c_H); endpoint=interior
Laplace,2,0.5150188076109503,grid,0.21603977101905458,0.935,0.06009330802352818,0.6874842860869613,0.29428875476787164,0.4908865204274165,0.6181648903205623,4.41682339675792,8.0,9.0,0.02124619280368437,0.0024117851141662594,true,2.220446049250313e-16,analytical (full-order equilibrium with c_H = implied_c_H); endpoint=interior
Laplace,2,0.5144411611643753,grid,0.21661741746562957,0.9374999999999999,0.05778071490322718,0.6878454380923023,0.2946292366537815,0.49123733737304187,0.6184280030297814,4.412009676369795,8.0,9.0,0.020428567664939272,0.0024117851141662594,true,2.220446049250313e-16,analytical (full-order equilibrium with c_H = implied_c_H); endpoint=interior
Laplace,2,0.5138635147178003,grid,0.21719506391220456,0.9399999999999998,0.05546827623784962,0.6882061486611158,0.2949700896856362,0.491588119173376,0.618691089380032,4.40719595598167,8.0,9.0,0.019610997134256052,0.0024117851141662594,true,3.3306690738754696e-16,analytical (full-order equilibrium with c_H = implied_c_H); endpoint=interior
Laplace,2,0.5132858682712252,grid,0.21777271035877965,0.9425000000000001,0.053155985829788435,0.6885664193242576,0.2953113151552449,0.4919388672397512,0.6189541504298134,4.402382235593544,8.0,9.0,0.018793479020449713,0.0024117851141662594,true,1.6653345369377348e-16,analytical (full-order equilibrium with c_H = implied_c_H); endpoint=interior
Laplace,2,0.5127082218246503,grid,0.21835035680535464,0.9450000000000001,0.05084383748381929,0.688926251606996,0.2956529143586485,0.49228958298282227,0.6192171872371167,4.397568515205419,8.0,9.0,0.017976011133177695,0.0024117851141662594,true,1.1102230246251565e-16,analytical (full-order equilibrium with c_H = implied_c_H); endpoint=interior
Laplace,2,0.5121305753780753,grid,0.21892800325192963,0.9474999999999999,0.04853182500699562,0.6892856470290463,0.29599488859614453,0.4926402678125954,0.6194802008594466,4.392754794817294,8.0,9.0,0.017158591282902733,0.0024117851141662594,true,2.220446049250313e-16,analytical (full-order equilibrium with c_H = implied_c_H); endpoint=interior
Laplace,2,0.5115529289315003,grid,0.2195056496985046,0.9499999999999998,0.04621994220855207,0.6896446071046016,0.29633723917231214,0.4929909231384569,0.6197431923538427,4.387941074429169,8.0,9.0,0.01634121728085875,0.0024117851141662594,true,5.551115123125783e-17,analytical (full-order equilibrium with c_H = implied_c_H); endpoint=interior
Laplace,2,0.5109752824849252,grid,0.2200832961450797,0.9525000000000002,0.043908182899803506,0.6900031333423652,0.2966799673960365,0.49334155036920085,0.6200061627769007,4.383127354041044,8.0,9.0,0.015523886939015132,0.0024117851141662594,true,1.1102230246251565e-16,analytical (full-order equilibrium with c_H = implied_c_H); endpoint=interior
Laplace,2,0.5103976360383502,grid,0.2206609425916547,0.9550000000000001,0.04159654089404701,0.6903612272455819,0.2970230745805341,0.493692150913058,0.6202691131847935,4.378313633652919,8.0,9.0,0.014706598070042086,0.0024117851141662594,true,3.3306690738754696e-16,analytical (full-order equilibrium with c_H = implied_c_H); endpoint=interior
Laplace,2,0.5098199895917752,grid,0.22123858903822968,0.9575,0.0392850100064603,0.69071889031207,0.2973665620433778,0.49404272617772393,0.6205320446332929,4.373499913264793,8.0,9.0,0.013889348487274725,0.0024117851141662594,true,1.1102230246251565e-16,analytical (full-order equilibrium with c_H = implied_c_H); endpoint=interior
Laplace,2,0.5092423431452002,grid,0.22181623548480467,0.9599999999999999,0.036973584054002966,0.6910761240342523,0.29771043110652234,0.4943932775703873,0.6207949581777905,4.368686192876669,8.0,9.0,0.013072136004678148,0.0024117851141662594,true,2.220446049250313e-16,analytical (full-order equilibrium with c_H = implied_c_H); endpoint=interior
Laplace,2,0.5086646966986252,grid,0.22239388193137966,0.9624999999999998,0.03466225685531786,0.6914329298991875,0.2980546830963295,0.4947438064977585,0.6210578548733189,4.363872472488544,8.0,9.0,0.012254958436812576,0.0024117851141662594,true,2.220446049250313e-16,analytical (full-order equilibrium with c_H = implied_c_H); endpoint=interior
Laplace,2,0.5080870502520501,grid,0.22297152837795475,0.9650000000000001,0.032351022230629786,0.6917893093886007,0.298399319343594,0.49509431436609735,0.621320735774573,4.3590587521004185,8.0,9.0,0.011437813598797534,0.0024117851141662594,true,2.220446049250313e-16,analytical (full-order equilibrium with c_H = implied_c_H); endpoint=interior
Laplace,2,0.5075094038054752,grid,0.22354917482452974,0.9675,0.030039874001650164,0.6921452639789146,0.29874434118356863,0.49544480258124163,0.6215836019359312,4.354245031712293,8.0,9.0,0.01062069930627815,0.0024117851141662594,true,2.220446049250313e-16,analytical (full-order equilibrium with c_H = implied_c_H); endpoint=interior
Laplace,2,0.5069317573589002,grid,0.22412682127110473,0.9699999999999999,0.027728805991472618,0.6925007951412802,0.299089749955991,0.4957952725486356,0.6218464544114767,4.349431311324168,8.0,9.0,0.009803613375388228,0.0024117851141662594,true,1.1102230246251565e-16,analytical (full-order equilibrium with c_H = implied_c_H); endpoint=interior
Laplace,2,0.5063541109123251,grid,0.22470446771767982,0.9725000000000003,0.025417812024477616,0.6928559043416064,0.2994355470051088,0.4961457256733576,0.6221092942550182,4.344617590936043,8.0,9.0,0.008986553622716545,0.0024117851141662594,true,1.1102230246251565e-16,analytical (full-order equilibrium with c_H = implied_c_H); endpoint=interior
Laplace,2,0.5057764644657501,grid,0.2252821141642548,0.9750000000000002,0.023106885926232806,0.693210593040591,0.2997817336797063,0.4964961633601486,0.6223721225201115,4.339803870547918,8.0,9.0,0.008169517865271607,0.0024117851141662594,true,1.1102230246251565e-16,analytical (full-order equilibrium with c_H = implied_c_H); endpoint=interior
Laplace,2,0.5051988180191751,grid,0.2258597606108298,0.9775,0.02079602152339232,0.6935648626937507,0.3001283113331305,0.49684658701344064,0.6226349402600805,4.3349901501597925,8.0,9.0,0.0073525039204460525,0.0024117851141662594,true,2.220446049250313e-16,analytical (full-order equilibrium with c_H = implied_c_H); endpoint=interior
Laplace,2,0.5046211715726001,grid,0.22643740705740478,0.98,0.018485212643599414,0.6939187147514505,0.30047528132331774,0.49719699803738415,0.6228977485280381,4.330176429771668,8.0,9.0,0.006535509605982226,0.0024117851141662594,true,2.220446049250313e-16,analytical (full-order equilibrium with c_H = implied_c_H); endpoint=interior
Laplace,2,0.5040435251260251,grid,0.22701505350397977,0.9824999999999998,0.016174453115386563,0.6942721506589338,0.30082264501282036,0.4975473978358771,0.6231605483769078,4.325362709383543,8.0,9.0,0.0057185327399368584,0.0024117851141662594,true,1.1102230246251565e-16,analytical (full-order equilibrium with c_H = implied_c_H); endpoint=interior
Laplace,2,0.5034658786794501,grid,0.22759269995055476,0.9849999999999998,0.013863736768077038,0.6946251718563516,0.3011704037688331,0.49789778781259236,0.6234233408594443,4.3205489889954185,8.0,9.0,0.004901571140646271,0.0024117851141662594,true,2.220446049250313e-16,analytical (full-order equilibrium with c_H = implied_c_H); endpoint=interior
Laplace,2,0.502888232232875,grid,0.22817034639712985,0.9875,0.011553057431685498,0.6949777797787924,0.3015185589632204,0.49824816937100636,0.6236861270282548,4.315735268607292,8.0,9.0,0.004084622626691227,0.0024117851141662594,true,2.220446049250313e-16,analytical (full-order equilibrium with c_H = implied_c_H); endpoint=interior
Laplace,2,0.5023105857863001,grid,0.22874799284370484,0.99,0.00924240893682099,0.6953299758563103,0.30186711197254307,0.4985985439144267,0.62394890793582,4.310921548219167,8.0,9.0,0.003267685016862635,0.0024117851141662594,true,2.220446049250313e-16,analytical (full-order equilibrium with c_H = implied_c_H); endpoint=interior
Laplace,2,0.501732939339725,grid,0.22932563929027994,0.9925000000000004,0.0069317851145841766,0.6956817615139553,0.30221606417808605,0.4989489128460207,0.6242116846345156,4.306107827831042,8.0,9.0,0.00245075613012522,0.0024117851141662594,true,2.220446049250313e-16,analytical (full-order equilibrium with c_H = implied_c_H); endpoint=interior
Laplace,2,0.50115529289315,grid,0.22990328573685492,0.9950000000000002,0.004621179796473413,0.6960331381718012,0.3025654169658851,0.4992992775688432,0.6244744581766324,4.301294107442917,8.0,9.0,0.0016338337855843097,0.0024117851141662594,true,3.3306690738754696e-16,analytical (full-order equilibrium with c_H = implied_c_H); endpoint=interior
Laplace,2,0.500577646446575,grid,0.2304809321834299,0.9975000000000002,0.0023105868142815726,0.6963841072449746,0.30291517172675503,0.4996496394858648,0.6247372296143986,4.296480387054792,8.0,9.0,0.0008169158024493608,0.0024117851141662594,true,1.1102230246251565e-16,analytical (full-order equilibrium with c_H = implied_c_H); endpoint=interior
Laplace,2,0.5,grid,0.2310585786300049,1.0,0.0,0.6967346701436833,0.3032653298563167,0.5,0.625,4.291666666666667,8.0,9.0,0.0,0.0024117851141662594,true,1.1102230246251565e-16,analytical (full-order equilibrium with c_H = implied_c_H); endpoint=interior
Laplace,2,0.705,benchmark,0.026058578630004936,0.11277910036715257,0.8712224464724486,0.5311798020690419,0.19617299062359242,0.36367639634631715,0.5227572972597379,6.0,8.0,9.0,0.30802364991130116,0.0024117851141662594,true,1.1102230246251565e-16,analytical (full-order equilibrium with c_H = implied_c_H); endpoint=interior
Laplace,2,0.7309585786300049,M_minus_1e-4,9.999999999998899e-05,0.0004327906827476829,0.9994914436276807,0.5001271229301008,0.18398649839127013,0.34205681066068544,0.5065426079955141,6.216321488583374,8.0,9.0,0.3533735887635324,0.0024117851141662594,true,2.7755575615628914e-17,analytical (full-order equilibrium with c_H = implied_c_H); endpoint=interior
Laplace,2,0.7310575786300049,M_minus_1e-6,1.0000000000287557e-06,4.327906827601758e-06,0.9999949138447076,0.5000012715372063,0.18394018835930764,0.34197072994825695,0.5064780474611927,6.217146488583374,8.0,9.0,0.353551592365825,0.0024117851141662594,true,1.1102230246251565e-16,analytical (full-order equilibrium with c_H = implied_c_H); endpoint=interior
Laplace,2,0.7310595786300049,M_plus_1e-6,-1.0000000000287557e-06,-4.327906827601758e-06,unattainable,0.0,0.0,0.0,0.25,6.2171631552500415,8.0,9.0,unattainable,0.0024117851141662594,true,0.0,analytical (full-order equilibrium with c_H = implied_c_H); endpoint=unattainable
logistic,2,0.7310585786300049,grid,0.0,0.0,unattainable,0.0,0.0,0.0,0.25,6.217154821916708,13.159472534785811,14.159472534785811,unattainable,0.0024117851141662594,true,0.0,analytical (full-order equilibrium with c_H = implied_c_H); endpoint=unattainable_endpoint
logistic,2,0.7304809321834299,grid,0.0005776464465749864,0.002499999999999888,13.12717138332894,0.002320647503185868,0.0008549726908594069,0.0015878100970226374,0.251190857572767,6.212341101528583,13.159472534785811,14.159472534785811,3.6186944493916515,0.0024117851141662594,true,4.336808689942018e-19,analytical (full-order equilibrium with c_H = implied_c_H); endpoint=interior
logistic,2,0.7299032857368549,grid,0.0011552928931499729,0.004999999999999776,11.739050143313388,0.00463476117999011,0.0017100433143414841,0.003172402247165797,0.25237930168537437,6.2075273811404585,13.159472534785811,14.159472534785811,3.236038774407,0.0024117851141662594,true,3.469446951953614e-18,analytical (full-order equilibrium with c_H = implied_c_H); endpoint=interior
logistic,2,0.7293256392902798,grid,0.0017329393397250703,0.0075000000000001454,10.926289222806446,0.006942376014695045,0.0025652146443617568,0.004753795329528401,0.2535653464971463,6.202713660752332,13.159472534785811,14.159472534785811,3.011989484134454,0.0024117851141662594,true,1.734723475976807e-18,analytical (full-order equilibrium with c_H = implied_c_H); endpoint=interior
logistic,2,0.7287479928437048,grid,0.0023105857863000567,0.010000000000000033,10.349090543580635,0.009243526733642258,0.003420489448718565,0.006332008091180411,0.2547490060683853,6.197899940364207,13.159472534785811,14.159472534785811,2.8528763290062127,0.0024117851141662594,true,5.204170427930421e-18,analytical (full-order equilibrium with c_H = implied_c_H); endpoint=interior
logistic,2,0.7281703463971299,grid,0.002888232232875043,0.012499999999999923,9.900965071915016,0.011538247807694045,0.004275870489173032,0.007907059148433539,0.25593029436132514,6.193086219976083,13.159472534785811,14.159472534785811,2.7293440683543246,0.0024117851141662594,true,8.673617379884035e-18,analytical (full-order equilibrium with c_H = implied_c_H); endpoint=interior
logistic,2,0.7275926999505549,grid,0.0034658786794500296,0.01499999999999981,9.534479749844893,0.013826573454666908,0.005131360521528665,0.009478966988097786,0.2571092252410733,6.188272499587957,13.159472534785811,14.159472534785811,2.6283170944517145,0.0024117851141662594,true,6.938893903907228e-18,analytical (full-order equilibrium with c_H = implied_c_H); endpoint=interior
logistic,2,0.7270150535039798,grid,0.004043525126025127,0.01750000000000018,9.224332337486471,0.016108537641735504,0.00598696229570986,0.011047749968722683,0.25828581247654203,6.183458779199832,13.159472534785811,14.159472534785811,2.5428204793149667,0.0024117851141662594,true,6.938893903907228e-18,analytical (full-order equilibrium with c_H = implied_c_H); endpoint=interior
logistic,2,0.7264374070574048,grid,0.0046211715726001135,0.020000000000000066,8.955419650488667,0.018384174087807716,0.0068426785558394175,0.012613426321823567,0.25946006974136765,6.178645058811707,13.159472534785811,14.159472534785811,2.4686908119712636,0.0024117851141662594,true,1.0408340855860843e-17,analytical (full-order equilibrium with c_H = implied_c_H); endpoint=interior
logistic,2,0.7258597606108298,grid,0.0051988180191751,0.022499999999999954,8.717999823512192,0.020653516265877123,0.007698512040317275,0.014176014153097199,0.2606320106148229,6.173831338423582,13.159472534785811,14.159472534785811,2.4032426064921775,0.0024117851141662594,true,3.469446951953614e-18,analytical (full-order equilibrium with c_H = implied_c_H); endpoint=interior
logistic,2,0.7252821141642548,grid,0.005776464465750086,0.024999999999999845,8.505421177701136,0.022916597405343016,0.008554465481896664,0.01573553144361984,0.2618016485827149,6.169017618035457,13.159472534785811,14.159472534785811,2.3446422314995425,0.0024117851141662594,true,6.938893903907228e-18,analytical (full-order equilibrium with c_H = implied_c_H); endpoint=interior
logistic,2,0.7247044677176797,grid,0.006354110912325184,0.027500000000000212,8.31293933980187,0.025173450494306453,0.009410541607760708,0.01729199605103358,0.2629689970382752,6.164203897647331,13.159472534785811,14.159472534785811,2.2915818319606633,0.0024117851141662594,true,1.0408340855860843e-17,analytical (full-order equilibrium with c_H = implied_c_H); endpoint=interior
logistic,2,0.7241268212711047,grid,0.00693175735890017,0.0300000000000001,8.137051238726553,0.027424108281838323,0.01026674313959784,0.01884542571071808,0.26413406928303856,6.159390177259207,13.159472534785811,14.159472534785811,2.2430957357188177,0.0024117851141662594,true,1.3877787807814457e-17,analytical (full-order equilibrium with c_H = implied_c_H); endpoint=interior
logistic,2,0.7235491748245297,grid,0.007509403805475157,0.03249999999999999,7.975096602420902,0.029668603280223502,0.011123072793677443,0.020395838036950473,0.26529687852771283,6.154576456871082,13.159472534785811,14.159472534785811,2.1984506003474014,0.0024117851141662594,true,3.469446951953614e-18,analytical (full-order equilibrium with c_H = implied_c_H); endpoint=interior
logistic,2,0.7229715283779548,grid,0.008087050252050143,0.03499999999999988,7.825007558188405,0.03190696776717836,0.011979533280924541,0.02194325052405145,0.2664574378930386,6.149762736482956,13.159472534785811,14.159472534785811,2.157076386861594,0.0024117851141662594,true,1.0408340855860843e-17,analytical (full-order equilibrium with c_H = implied_c_H); endpoint=interior
logistic,2,0.7223938819313798,grid,0.00866469669862513,0.03749999999999976,7.685144831172182,0.034139233788041776,0.012836127306993567,0.02348768054751767,0.2676157604106383,6.144949016094832,13.159472534785811,14.159472534785811,2.1185212054633267,0.0024117851141662594,true,6.938893903907228e-18,analytical (full-order equilibrium with c_H = implied_c_H); endpoint=interior
logistic,2,0.7218162354848047,grid,0.009242343145200227,0.04000000000000013,7.554186915539715,0.03636543315794327,0.013692857572342234,0.025029145365142752,0.2687718590238571,6.140135295706706,13.159472534785811,14.159472534785811,2.0824207639771326,0.0024117851141662594,true,5.204170427930421e-18,analytical (full-order equilibrium with c_H = implied_c_H); endpoint=interior
logistic,2,0.7212385890382297,grid,0.009819989591775213,0.042500000000000024,7.43105290398991,0.0385855974639435,0.01454972677230387,0.026567662118123687,0.26992574658859275,6.1353215753185815,13.159472534785811,14.159472534785811,2.0484770946888284,0.0024117851141662594,true,1.3877787807814457e-17,analytical (full-order equilibrium with c_H = implied_c_H); endpoint=interior
logistic,2,0.7206609425916547,grid,0.0103976360383502,0.04499999999999991,7.314847408541792,0.04079975806715505,0.015406737597160906,0.02810324783215798,0.2710774358741185,6.130507854930456,13.159472534785811,14.159472534785811,2.016443370965152,0.0024117851141662594,true,1.3877787807814457e-17,analytical (full-order equilibrium with c_H = implied_c_H); endpoint=interior
logistic,2,0.7200832961450797,grid,0.010975282484925186,0.0474999999999998,7.2048203930430335,0.04300794610483525,0.01626389273221628,0.029635919418525766,0.2722269395638943,6.125694134542331,13.159472534785811,14.159472534785811,1.9861128345044086,0.0024117851141662594,true,6.938893903907228e-18,analytical (full-order equilibrium with c_H = implied_c_H); endpoint=interior
logistic,2,0.7195056496985046,grid,0.011552928931500284,0.05000000000000017,7.1003373207339555,0.04521019249245688,0.017121194857865004,0.031165693675160942,0.27337427025637073,6.120880414154206,13.159472534785811,14.159472534785811,1.9573105660811891,0.0024117851141662594,true,6.938893903907228e-18,analytical (full-order equilibrium with c_H = implied_c_H); endpoint=interior
logistic,2,0.7189280032519296,grid,0.01213057537807527,0.052500000000000054,7.00085659285251,0.04740652792575355,0.01797864664966442,0.032692587287708984,0.27451944046578175,6.116066693766081,13.159472534785811,14.159472534785811,1.9298872661718725,0.0024117851141662594,true,2.0816681711721685e-17,analytical (full-order equilibrium with c_H = implied_c_H); endpoint=interior
logistic,2,0.7183503568053546,grid,0.012708221824650257,0.054999999999999945,6.905912240551424,0.04959698288274767,0.01883625077840605,0.03421661683057686,0.27566246262293265,6.1112529733779555,13.159472534785811,14.159472534785811,1.9037144837315247,0.0024117851141662594,true,3.469446951953614e-18,analytical (full-order equilibrium with c_H = implied_c_H); endpoint=interior
logistic,2,0.7177727103587797,grid,0.013285868271225243,0.057499999999999836,6.815100467362452,0.05178158762574844,0.019694009910184215,0.03573779876796633,0.27680334907597476,6.106439252989831,13.159472534785811,14.159472534785811,1.8786809064297396,0.0024117851141662594,true,1.0408340855860843e-17,analytical (full-order equilibrium with c_H = implied_c_H); endpoint=interior
logistic,2,0.7171950639122046,grid,0.01386351471780034,0.0600000000000002,6.7280690578869615,0.05396037220333261,0.020551926706466214,0.03725614945489941,0.2779421120911746,6.101625532601705,13.159472534785811,14.159472534785811,1.8546894410031778,0.0024117851141662594,true,6.938893903907228e-18,analytical (full-order equilibrium with c_H = implied_c_H); endpoint=interior
logistic,2,0.7166174174656296,grid,0.014441161164375327,0.06250000000000008,6.644508949996077,0.05613336645229953,0.021410003824160515,0.038771685138230025,0.27907876385367253,6.096811812213581,13.159472534785811,14.159472534785811,1.8316548900107743,0.0024117851141662594,true,6.938893903907228e-18,analytical (full-order equilibrium with c_H = implied_c_H); endpoint=interior
logistic,2,0.7160397710190546,grid,0.015018807610950313,0.06499999999999997,6.564147460957325,0.05830059999960902,0.022268243915686388,0.040284421957647705,0.2802133164682358,6.091998091825455,13.159472534785811,14.159472534785811,1.8095020845176815,0.0024117851141662594,true,1.3877787807814457e-17,analytical (full-order equilibrium with c_H = implied_c_H); endpoint=interior
logistic,2,0.7154621245724796,grid,0.0155964540575253,0.06749999999999987,6.486742792660879,0.06046210226429192,0.02312664962904072,0.04179437594666632,0.28134578195999976,6.08718437143733,13.159472534785811,14.159472534785811,1.7881643693814964,0.0024117851141662594,true,4.85722573273506e-17,analytical (full-order equilibrium with c_H = implied_c_H); endpoint=interior
logistic,2,0.7148844781259045,grid,0.016174100504100397,0.07000000000000023,6.412079536625504,0.06261790245934487,0.023985223607866576,0.043301563033605724,0.2824761722752043,6.082370651049205,13.159472534785811,14.159472534785811,1.7675823641422077,0.0024117851141662594,true,2.7755575615628914e-17,analytical (full-order equilibrium with c_H = implied_c_H); endpoint=interior
logistic,2,0.7143068316793295,grid,0.016751746950675384,0.07250000000000012,6.33996496813464,0.06476802959359829,0.024843968491519,0.04480599904255864,0.283604499281919,6.077556930661079,13.159472534785811,14.159472534785811,1.747702941447264,0.0024117851141662594,true,3.469446951953614e-18,analytical (full-order equilibrium with c_H = implied_c_H); endpoint=interior
logistic,2,0.7137291852327545,grid,0.01732939339725037,0.07500000000000001,6.270225968880726,0.06691251247357036,0.025702886915133005,0.04630769969435168,0.28473077477076375,6.072743210272955,13.159472534785811,14.159472534785811,1.7284783787340232,0.0024117851141662594,true,4.163336342344337e-17,analytical (full-order equilibrium with c_H = implied_c_H); endpoint=interior
logistic,2,0.7131515387861795,grid,0.017907039843825356,0.0774999999999999,6.202706454390734,0.06905137970529515,0.02656198150968895,0.04780668060749205,0.285855010455619,6.06792948988483,13.159472534785811,14.159472534785811,1.7098656490624318,0.0024117851141662594,true,2.7755575615628914e-17,analytical (full-order equilibrium with c_H = implied_c_H); endpoint=interior
logistic,2,0.7125738923396046,grid,0.018484686290400343,0.0799999999999998,6.1372652100210825,0.07118465969613298,0.027421254902078498,0.04930295729910574,0.2869772179743293,6.063115769496705,13.159472534785811,14.159472534785811,1.691825824575758,0.0024117851141662594,true,4.163336342344337e-17,analytical (full-order equilibrium with c_H = implied_c_H); endpoint=interior
logistic,2,0.7119962458930295,grid,0.01906233273697544,0.08250000000000016,6.07377406004772,0.07331238065656043,0.028280709715169848,0.05079654518586514,0.28809740888939883,6.058302049108579,13.159472534785811,14.159472534785811,1.6743235717838214,0.0024117851141662594,true,4.163336342344337e-17,analytical (full-order equilibrium with c_H = implied_c_H); endpoint=interior
logistic,2,0.7114185994464545,grid,0.019639979183550427,0.08500000000000005,6.012116310158354,0.07543457060193931,0.02914034856787211,0.05228745958490571,0.2892155946886793,6.053488328720454,13.159472534785811,14.159472534785811,1.6573267222134727,0.0024117851141662594,true,2.7755575615628914e-17,analytical (full-order equilibrium with c_H = implied_c_H); endpoint=interior
logistic,2,0.7108409529998795,grid,0.020217625630125413,0.08749999999999994,5.952185415772858,0.0775512573542703,0.03000017407520078,0.05377571571473554,0.29033178678605165,6.0486746083323295,13.159472534785811,14.159472534785811,1.6408059053118749,0.0024117851141662594,true,2.7755575615628914e-17,analytical (full-order equilibrium with c_H = implied_c_H); endpoint=interior
logistic,2,0.7102633065533045,grid,0.0207952720767004,0.08999999999999982,5.893883838004558,0.07966246854392325,0.030860188848341165,0.055261328696132206,0.2914459965220991,6.043860887944205,13.159472534785811,14.159472534785811,1.6247342330757026,0.0024117851141662594,true,2.7755575615628914e-17,analytical (full-order equilibrium with c_H = implied_c_H); endpoint=interior
logistic,2,0.7096856601067294,grid,0.021372918523275497,0.0925000000000002,5.837122056402418,0.08176823161134962,0.03172039549471182,0.05674431355303072,0.29255823516477303,6.039047167556078,13.159472534785811,14.159472534785811,1.6090870278992622,0.0024117851141662594,true,5.551115123125783e-17,analytical (full-order equilibrium with c_H = implied_c_H); endpoint=interior
logistic,2,0.7091080136601544,grid,0.021950564969850483,0.09500000000000008,5.78181771337785,0.08386857380877669,0.03258079661802766,0.05822468521340217,0.2936685139100516,6.034233447167954,13.159472534785811,14.159472534785811,1.5938415867233808,0.0024117851141662594,true,1.3877787807814457e-17,analytical (full-order equilibrium with c_H = implied_c_H); endpoint=interior
logistic,2,0.7085303672135794,grid,0.02252821141642547,0.09749999999999996,5.727894869785056,0.08596352220188469,0.033441394818363376,0.05970245851012403,0.294776843882593,6.029419726779829,13.159472534785811,14.159472534785811,1.578976975825372,0.0024117851141662594,true,2.7755575615628914e-17,analytical (full-order equilibrium with c_H = implied_c_H); endpoint=interior
logistic,2,0.7079527207670044,grid,0.023105857863000456,0.09999999999999985,5.675283354764048,0.08805310367146381,0.034302192692215454,0.06117764818183963,0.29588323613637973,6.024606006391704,13.159472534785811,14.159472534785811,1.5644738515938725,0.0024117851141662594,true,6.938893903907228e-18,analytical (full-order equilibrium with c_H = implied_c_H); endpoint=interior
logistic,2,0.7073750743204293,grid,0.023683504309575554,0.10250000000000023,5.623918195876077,0.09013734491505375,0.03516319283256419,0.06265026887380896,0.2969877016553567,6.019792286003578,13.159472534785811,14.159472534785811,1.5503143034374376,0.0024117851141662594,true,1.3877787807814457e-17,analytical (full-order equilibrium with c_H = implied_c_H); endpoint=interior
logistic,2,0.7067974278738544,grid,0.02426115075615054,0.10500000000000011,5.573739117918705,0.09221627244856438,0.03602439782893469,0.06412033513874954,0.29809025135406214,6.014978565615453,13.159472534785811,14.159472534785811,1.5364817156256765,0.0024117851141662594,true,1.3877787807814457e-17,analytical (full-order equilibrium with c_H = implied_c_H); endpoint=interior
logistic,2,0.7062197814272794,grid,0.024838797202725527,0.1075,5.52469010072107,0.09428991260788333,0.03688581026745942,0.06558786143767137,0.29919089607825355,6.010164845227329,13.159472534785811,14.159472534785811,1.5229606453891285,0.0024117851141662594,true,5.551115123125783e-17,analytical (full-order equilibrium with c_H = implied_c_H); endpoint=interior
logistic,2,0.7056421349807044,grid,0.025416443649300513,0.10999999999999989,5.476718987781681,0.0963582915504605,0.03774743273093789,0.0670528621406992,0.3002896466055244,6.005351124839204,13.159472534785811,14.159472534785811,1.5097367150346146,0.0024117851141662594,true,1.3877787807814457e-17,analytical (full-order equilibrium with c_H = implied_c_H); endpoint=interior
logistic,2,0.7050644885341294,grid,0.0259940900958755,0.11249999999999978,5.429777138891172,0.09842143525687948,0.038609267798897666,0.06851535152788857,0.3013865136459164,6.000537404451078,13.159472534785811,14.159472534785811,1.4967965161856842,0.0024117851141662594,true,4.163336342344337e-17,analytical (full-order equilibrium with c_H = implied_c_H); endpoint=interior
logistic,2,0.7044868420875543,grid,0.026571736542450597,0.11500000000000014,5.383819120938163,0.1004793695324111,0.03947131804765454,0.06997534379003281,0.3024815078425246,5.995723684062953,13.159472534785811,14.159472534785811,1.4841275245487806,0.0024117851141662594,true,4.163336342344337e-17,analytical (full-order equilibrium with c_H = implied_c_H); endpoint=interior
logistic,2,0.7039091956409793,grid,0.027149382989025583,0.11750000000000003,5.338802431969972,0.10253212000854846,0.040333586050371566,0.07143285302946001,0.303574639772095,5.990909963674828,13.159472534785811,14.159472534785811,1.471718023846591,0.0024117851141662594,true,2.7755575615628914e-17,analytical (full-order equilibrium with c_H = implied_c_H); endpoint=interior
logistic,2,0.7033315491944043,grid,0.02772702943560057,0.11999999999999993,5.294687254306273,0.10457971214452932,0.04119607437711931,0.07288789326082432,0.30466591994561826,5.9860962432867035,13.159472534785811,14.159472534785811,1.4595570377602591,0.0024117851141662594,true,2.7755575615628914e-17,analytical (full-order equilibrium with c_H = implied_c_H); endpoint=interior
logistic,2,0.7027539027478293,grid,0.028304675882175556,0.12249999999999982,5.2514362331107085,0.1066221712288399,0.04205878559493471,0.0743404784118873,0.30575535880891547,5.981282522898578,13.159472534785811,14.159472534785811,1.4476342688894517,0.0024117851141662594,true,1.3877787807814457e-17,analytical (full-order equilibrium with c_H = implied_c_H); endpoint=interior
logistic,2,0.7021762563012542,grid,0.028882322328750654,0.12500000000000017,5.209014277333818,0.10865952238070206,0.042921722267879464,0.07579062232429076,0.3068429667432181,5.976468802510452,13.159472534785811,14.159472534785811,1.4359400438793992,0.0024117851141662594,true,2.7755575615628914e-17,analytical (full-order equilibrium with c_H = implied_c_H); endpoint=interior
logistic,2,0.7015986098546793,grid,0.02945996877532564,0.12750000000000006,5.167388380368636,0.11069179055154517,0.04378488695709802,0.0772383387543216,0.3079287540657412,5.971655082122328,13.159472534785811,14.159472534785811,1.4244652639820217,0.0024117851141662594,true,1.3877787807814457e-17,analytical (full-order equilibrium with c_H = implied_c_H); endpoint=interior
logistic,2,0.7010209634081043,grid,0.030037615221900626,0.12999999999999995,5.12652745812175,0.11271900052646523,0.04464828222087673,0.07868364137367098,0.30901273103025323,5.966841361734203,13.159472534785811,14.159472534785811,1.4132013604178757,0.0024117851141662594,true,4.163336342344337e-17,analytical (full-order equilibrium with c_H = implied_c_H); endpoint=interior
logistic,2,0.7004433169615293,grid,0.030615261668475613,0.13249999999999984,5.086402202509174,0.11474117692566448,0.045511910614700696,0.08012654377018258,0.31009490782763693,5.9620276413460775,13.159472534785811,14.159472534785811,1.4021402539901766,0.0024117851141662594,true,4.163336342344337e-17,analytical (full-order equilibrium with c_H = implied_c_H); endpoint=interior
logistic,2,0.6998656705149542,grid,0.03119290811505071,0.1350000000000002,5.046984948646666,0.11675834420587743,0.046375774691311086,0.08156705944859426,0.31117529458644566,5.957213920957952,13.159472534785811,14.159472534785811,1.3912743184738883,0.0024117851141662594,true,2.7755575615628914e-17,analytical (full-order equilibrium with c_H = implied_c_H); endpoint=interior
logistic,2,0.6992880240683792,grid,0.0317705545616257,0.1375000000000001,5.008249554226549,0.11877052666178202,0.04723987700076217,0.0830052018312721,0.3122539013734541,5.952400200569827,13.159472534785811,14.159472534785811,1.380596347364203,0.0024117851141662594,true,1.3877787807814457e-17,analytical (full-order equilibrium with c_H = implied_c_H); endpoint=interior
logistic,2,0.6987103776218042,grid,0.03234820100820068,0.13999999999999999,4.970171289763302,0.12077774842739747,0.04810422009047866,0.08444098425893806,0.31333073819420354,5.947586480181702,13.159472534785811,14.159472534785811,1.3700995236211524,0.0024117851141662594,true,2.0816681711721685e-17,analytical (full-order equilibrium with c_H = implied_c_H); endpoint=interior
logistic,2,0.6981327311752292,grid,0.03292584745477567,0.14249999999999988,4.93272673855358,0.12278003347746323,0.04896880650531105,0.08587441999138715,0.31440581499354037,5.942772759793577,13.159472534785811,14.159472534785811,1.359777392092142,0.0024117851141662594,true,4.163336342344337e-17,analytical (full-order equilibrium with c_H = implied_c_H); endpoint=interior
logistic,2,0.6975550847286542,grid,0.033503493901350656,0.14499999999999977,4.895893705336635,0.12477740562880912,0.049833638787592734,0.08730552220820093,0.3154791416561507,5.937959039405452,13.159472534785811,14.159472534785811,1.349623834332876,0.0024117851141662594,true,2.0816681711721685e-17,analytical (full-order equilibrium with c_H = implied_c_H); endpoint=interior
logistic,2,0.6969774382820791,grid,0.034081140347925754,0.14750000000000013,4.859651132762809,0.12676988854170557,0.05069871947719489,0.08873430400945023,0.31655072800708767,5.933145319017327,13.159472534785811,14.159472534785811,1.33963304558069,0.0024117851141662594,true,5.551115123125783e-17,analytical (full-order equilibrium with c_H = implied_c_H); endpoint=interior
logistic,2,0.6963997918355042,grid,0.03465878679450074,0.15000000000000002,4.823979024882435,0.12875750572120387,0.05156405111158236,0.09016077841639311,0.31762058381229485,5.928331598629201,13.159472534785811,14.159472534785811,1.3297995136631633,0.0024117851141662594,true,2.7755575615628914e-17,analytical (full-order equilibrium with c_H = implied_c_H); endpoint=interior
logistic,2,0.6958221453889292,grid,0.035236433241075726,0.1524999999999999,4.7888583769588955,0.1307402805184605,0.0524296362258687,0.0915849583721646,0.3186887187791234,5.923517878241077,13.159472534785811,14.159472534785811,1.3201179996500718,0.0024117851141662594,true,1.3877787807814457e-17,analytical (full-order equilibrium with c_H = implied_c_H); endpoint=interior
logistic,2,0.6952444989423542,grid,0.03581407968765071,0.1549999999999998,4.7542711109886895,0.13271823613204864,0.053295477352871184,0.09300685674245991,0.31975514255684495,5.918704157852952,13.159472534785811,14.159472534785811,1.3105835200785652,0.0024117851141662594,true,5.551115123125783e-17,analytical (full-order equilibrium with c_H = implied_c_H); endpoint=interior
logistic,2,0.6946668524957791,grid,0.03639172613422581,0.15750000000000017,4.720200016380586,0.13469139560925533,0.05416157702316528,0.09442648631621031,0.32081986473715773,5.9138904374648265,13.159472534785811,14.159472534785811,1.3011913306005165,0.0024117851141662594,true,2.7755575615628914e-17,analytical (full-order equilibrium with c_H = implied_c_H); endpoint=interior
logistic,2,0.6940892060492041,grid,0.0369693725808008,0.16000000000000006,4.686628695306304,0.13665978184736496,0.05502793776513861,0.09584385980625179,0.32188289485468885,5.909076717076701,13.159472534785811,14.159472534785811,1.2919369109176495,0.0024117851141662594,true,5.551115123125783e-17,analytical (full-order equilibrium with c_H = implied_c_H); endpoint=interior
logistic,2,0.6935115596026291,grid,0.03754701902737578,0.16249999999999995,4.653541512288063,0.13862341759493102,0.0558945621050455,0.09725898984998826,0.3229442423874912,5.904262996688576,13.159472534785811,14.159472534785811,1.2828159508846169,0.0024117851141662594,true,5.551115123125783e-17,analytical (full-order equilibrium with c_H = implied_c_H); endpoint=interior
logistic,2,0.6929339131560541,grid,0.03812466547395077,0.16499999999999984,4.620923547634894,0.14058232545303345,0.05676145256706041,0.09867188901004693,0.3240039167575352,5.899449276300452,13.159472534785811,14.159472534785811,1.2738243376730474,0.0024117851141662594,true,1.3877787807814457e-17,analytical (full-order equilibrium with c_H = implied_c_H); endpoint=interior
logistic,2,0.692356266709479,grid,0.03870231192052587,0.1675000000000002,4.588760554380365,0.1425365278765233,0.057628611673331456,0.10008256977492738,0.32506192733119554,5.894635555912326,13.159472534785811,14.159472534785811,1.2649581439008084,0.0024117851141662594,true,5.551115123125783e-17,analytical (full-order equilibrium with c_H = implied_c_H); endpoint=interior
logistic,2,0.691778620262904,grid,0.03927995836710085,0.1700000000000001,4.557038918410478,0.1444860471752537,0.0584960419440331,0.1014910445596434,0.32611828341973254,5.8898218355242005,13.159472534785811,14.159472534785811,1.2562136166406834,0.0024117851141662594,true,5.551115123125783e-17,analytical (full-order equilibrium with c_H = implied_c_H); endpoint=interior
logistic,2,0.6912009738163291,grid,0.03985760481367584,0.1725,4.525745621502192,0.1464309055153013,0.05936374589742003,0.10289732570636066,0.3271729942797705,5.885008115136076,13.159472534785811,14.159472534785811,1.2475871672314076,0.0024117851141662594,true,3.469446951953614e-17,analytical (full-order equilibrium with c_H = implied_c_H); endpoint=interior
logistic,2,0.6906233273697541,grid,0.040435251260250826,0.17499999999999988,4.494868207021389,0.14837112492017118,0.06023172604987886,0.10430142548502502,0.3282260691137688,5.880194394747951,13.159472534785811,14.159472534785811,1.2390753618218167,0.0024117851141662594,true,6.938893903907228e-18,analytical (full-order equilibrium with c_H = implied_c_H); endpoint=interior
logistic,2,0.690045680923179,grid,0.041012897706825924,0.17750000000000024,4.464394748053791,0.15030672727199262,0.06109998491598123,0.10570335609398693,0.3292775170704902,5.875380674359826,13.159472534785811,14.159472534785811,1.230674912585673,0.0024117851141662594,true,2.7755575615628914e-17,analytical (full-order equilibrium with c_H = implied_c_H); endpoint=interior
logistic,2,0.689468034476604,grid,0.04159054415340091,0.18000000000000013,4.434313817764753,0.15223773431269963,0.06196852500853494,0.10710312966061729,0.330327347245463,5.8705669539717,13.159472534785811,14.159472534785811,1.2223826695509155,0.0024117851141662594,true,8.326672684688674e-17,analytical (full-order equilibrium with c_H = implied_c_H); endpoint=interior
logistic,2,0.688890388030029,grid,0.0421681905999759,0.18250000000000002,4.404614461803321,0.1541641676452039,0.06283734883863719,0.10850075824192054,0.3313755686814404,5.865753233583575,13.159472534785811,14.159472534785811,1.214195612992438,0.0024117851141662594,true,5.551115123125783e-17,analytical (full-order equilibrium with c_H = implied_c_H); endpoint=interior
logistic,2,0.688312741583454,grid,0.04274583704655088,0.18499999999999991,4.375286172583811,0.15608604873455104,0.06370645891572503,0.10989625382513804,0.33242219036885357,5.860939513195451,13.159472534785811,14.159472534785811,1.2061108463424364,0.0024117851141662594,true,2.7755575615628914e-17,analytical (full-order equilibrium with c_H = implied_c_H); endpoint=interior
logistic,2,0.687735095136879,grid,0.04332348349312587,0.18749999999999978,4.346318865293554,0.15800339890906814,0.06457585774762735,0.11128962832834774,0.3334672212462608,5.856125792807326,13.159472534785811,14.159472534785811,1.1981255895765959,0.0024117851141662594,true,0.0,analytical (full-order equilibrium with c_H = implied_c_H); endpoint=interior
logistic,2,0.6871574486903039,grid,0.04390112993970097,0.19000000000000017,4.317702855489684,0.15991623936149865,0.06544554784061575,0.11268089360105721,0.3345106702007929,5.8513120724192,13.159472534785811,14.159472534785811,1.1902371730383225,0.0024117851141662594,true,2.7755575615628914e-17,analytical (full-order equilibrium with c_H = implied_c_H); endpoint=interior
logistic,2,0.6865798022437289,grid,0.04447877638627595,0.19250000000000006,4.2894288381603,0.1618245911501258,0.06631553169945544,0.11407006142479062,0.33555254606859297,5.846498352031075,13.159472534785811,14.159472534785811,1.1824430316666497,0.0024117851141662594,true,0.0,analytical (full-order equilibrium with c_H = implied_c_H); endpoint=interior
logistic,2,0.686002155797154,grid,0.04505642283285094,0.19499999999999992,4.261487868136617,0.16372847519988545,0.06718581182745616,0.11545714351367081,0.3365928576352531,5.84168463164295,13.159472534785811,14.159472534785811,1.1747406995965641,0.0024117851141662594,true,4.163336342344337e-17,analytical (full-order equilibrium with c_H = implied_c_H); endpoint=interior
logistic,2,0.685424509350579,grid,0.045634069279425926,0.19749999999999981,4.233871341752858,0.16562791230346618,0.06805639072652216,0.11684215151499416,0.3376316136362456,5.836870911254825,13.159472534785811,14.159472534785811,1.1671278051032918,0.0024117851141662594,true,0.0,analytical (full-order equilibrium with c_H = implied_c_H); endpoint=interior
logistic,2,0.6848468629040039,grid,0.046211715726001024,0.2000000000000002,4.206570979659668,0.16752292312240094,0.06892727089720307,0.11822509700980201,0.3386688227573515,5.832057190866699,13.159472534785811,14.159472534785811,1.1596020658645654,0.0024117851141662594,true,5.551115123125783e-17,analytical (full-order equilibrium with c_H = implied_c_H); endpoint=interior
logistic,2,0.6842692164574289,grid,0.04678936217257601,0.20250000000000007,4.179578810705132,0.1694135281881439,0.06979845483874302,0.11960599151344345,0.3397044936350826,5.8272434704785745,13.159472534785811,14.159472534785811,1.1521612845171938,0.0024117851141662594,true,2.7755575615628914e-17,analytical (full-order equilibrium with c_H = implied_c_H); endpoint=interior
logistic,2,0.6836915700108539,grid,0.047367008619150996,0.20499999999999996,4.1528871568047006,0.1712997479031405,0.07066994504913095,0.12098484647613572,0.34073863485710176,5.82242975009045,13.159472534785811,14.159472534785811,1.144803344486241,0.0024117851141662594,true,2.7755575615628914e-17,analytical (full-order equilibrium with c_H = implied_c_H); endpoint=interior
logistic,2,0.6831139235642789,grid,0.04794465506572598,0.20749999999999985,4.12648861872818,0.17318160254188458,0.07154174402515016,0.12236167328351738,0.34177125496263805,5.817616029702324,13.159472534785811,14.159472534785811,1.137526206067002,0.0024117851141662594,true,1.3877787807814457e-17,analytical (full-order equilibrium with c_H = implied_c_H); endpoint=interior
logistic,2,0.6825362771177039,grid,0.04852230151230097,0.20999999999999974,4.1003760627378405,0.17505911225196527,0.07241385426242741,0.12373648325719634,0.34280236244289725,5.8128023093142,13.159472534785811,14.159472534785811,1.130327902741605,0.0024117851141662594,true,1.3877787807814457e-17,analytical (full-order equilibrium with c_H = implied_c_H); endpoint=interior
logistic,2,0.6819586306711288,grid,0.04909994795887607,0.2125000000000001,4.0745426080172065,0.17693229705510435,0.07328627825548237,0.12510928765529336,0.34383196574147,5.807988588926074,13.159472534785811,14.159472534785811,1.1232065377135771,0.0024117851141662594,true,2.7755575615628914e-17,analytical (full-order equilibrium with c_H = implied_c_H); endpoint=interior
logistic,2,0.6813809842245538,grid,0.04967759440545105,0.215,4.048981614835078,0.1788011768481805,0.07415901849777554,0.12648009767297802,0.3448600732547335,5.803174868537949,13.159472534785811,14.159472534785811,1.1161602806450839,0.0024117851141662594,true,1.3877787807814457e-17,analytical (full-order equilibrium with c_H = implied_c_H); endpoint=interior
logistic,2,0.6808033377779789,grid,0.05025524085202604,0.2174999999999999,4.023686673393679,0.1806657714042486,0.07503207748175844,0.12784892444300353,0.34588669333225264,5.798361148149824,13.159472534785811,14.159472534785811,1.109187364582761,0.0024117851141662594,true,5.551115123125783e-17,analytical (full-order equilibrium with c_H = implied_c_H); endpoint=interior
logistic,2,0.6802256913314039,grid,0.050832887298601026,0.21999999999999978,3.998651593314152,0.18252610037354366,0.07590545769892107,0.12921577903623238,0.3469118342771743,5.793547427761699,13.159472534785811,14.159472534785811,1.1022860830592403,0.0024117851141662594,true,1.3877787807814457e-17,analytical (full-order equilibrium with c_H = implied_c_H); endpoint=interior
logistic,2,0.6796480448848288,grid,0.051410533745176124,0.22250000000000014,3.973870393716085,0.18438218328447764,0.0767791616398404,0.13058067246215901,0.34793550434661924,5.788733707373574,13.159472534785811,14.159472534785811,1.0954547873584255,0.0024117851141662594,true,5.551115123125783e-17,analytical (full-order equilibrium with c_H = implied_c_H); endpoint=interior
logistic,2,0.6790703984382538,grid,0.05198818019175111,0.22500000000000003,3.949337293851286,0.18623403954462545,0.07765319179422846,0.13194361566942694,0.34895771175207024,5.783919986985449,13.159472534785811,14.159472534785811,1.0886918839335593,0.0024117851141662594,true,5.551115123125783e-17,analytical (full-order equilibrium with c_H = implied_c_H); endpoint=interior
logistic,2,0.6784927519916788,grid,0.052565826638326096,0.22749999999999992,3.9250467042550357,0.18808168844170245,0.07852755065098051,0.13330461954634149,0.3499784646597561,5.779106266597323,13.159472534785811,14.159472534785811,1.081995831967937,0.0024117851141662594,true,2.7755575615628914e-17,analytical (full-order equilibrium with c_H = implied_c_H); endpoint=interior
logistic,2,0.6779151055451038,grid,0.05314347308490108,0.22999999999999982,3.900993218380911,0.18992514914453096,0.07940224069822249,0.13466369492137673,0.35099777119103254,5.774292546209199,13.159472534785811,14.159472534785811,1.0753651410689247,0.0024117851141662594,true,2.7755575615628914e-17,analytical (full-order equilibrium with c_H = implied_c_H); endpoint=interior
logistic,2,0.6773374590985287,grid,0.05372111953147618,0.23250000000000018,3.8771716046877835,0.19176444070399798,0.08027726442335884,0.1360208525636784,0.3520156394227588,5.769478825821073,13.159472534785811,14.159472534785811,1.0687983690866263,0.0024117851141662594,true,5.551115123125783e-17,analytical (full-order equilibrium with c_H = implied_c_H); endpoint=interior
logistic,2,0.6767598126519537,grid,0.05429876597805117,0.23500000000000007,3.8535767991500043,0.19359958205400238,0.08115262431311894,0.13737610318356067,0.3530320773876705,5.7646651054329485,13.159472534785811,14.159472534785811,1.0622941200492084,0.0024117851141662594,true,8.326672684688674e-17,analytical (full-order equilibrium with c_H = implied_c_H); endpoint=interior
logistic,2,0.6761821662053787,grid,0.05487641242462615,0.23749999999999996,3.8302038981638344,0.19543059201239626,0.08202832285360598,0.13872945743300114,0.35404709307475085,5.759851385044823,13.159472534785811,14.159472534785811,1.0558510422074545,0.0024117851141662594,true,5.551115123125783e-17,analytical (full-order equilibrium with c_H = implied_c_H); endpoint=interior
logistic,2,0.6756045197588038,grid,0.05545405887120114,0.23999999999999985,3.807048151825351,0.19725748928191172,0.08290436253034195,0.14008092590612684,0.3550606944295951,5.755037664656698,13.159472534785811,14.159472534785811,1.0494678261817227,0.0024117851141662594,true,5.551115123125783e-17,analytical (full-order equilibrium with c_H = implied_c_H); endpoint=interior
logistic,2,0.6750268733122287,grid,0.05603170531777624,0.24250000000000022,3.784104957556563,0.1990802924510852,0.08378074582831656,0.14143051913970087,0.35607288935477566,5.750223944268573,13.159472534785811,14.159472534785811,1.0431432032048935,0.0024117851141662594,true,2.7755575615628914e-17,analytical (full-order equilibrium with c_H = implied_c_H); endpoint=interior
logistic,2,0.6744492268656537,grid,0.05660935176435122,0.2450000000000001,3.761369854058507,0.2008990199951643,0.08465747523203143,0.14277824761359786,0.3570836857101984,5.745410223880448,13.159472534785811,14.159472534785811,1.036875943455452,0.0024117851141662594,true,5.551115123125783e-17,analytical (full-order equilibrium with c_H = implied_c_H); endpoint=interior
logistic,2,0.6738715804190787,grid,0.05718699821092621,0.2475,3.738838515571176,0.20271369027701563,0.08553455322554891,0.14412412175128228,0.3580930913134617,5.7405965034923225,13.159472534785811,14.159472534785811,1.0306648544751544,0.0024117851141662594,true,2.7755575615628914e-17,analytical (full-order equilibrium with c_H = implied_c_H); endpoint=interior
logistic,2,0.6732939339725037,grid,0.057764644657501196,0.2499999999999999,3.716506746421979,0.20452432154801684,0.08641198229253715,0.14546815192027698,0.3591011139402077,5.735782783104198,13.159472534785811,14.159472534785811,1.024508779666234,0.0024117851141662594,true,1.3877787807814457e-17,analytical (full-order equilibrium with c_H = implied_c_H); endpoint=interior
logistic,2,0.6727162875259287,grid,0.05834229110407618,0.2524999999999998,3.6943704758454046,0.20633093194894142,0.08728976491631617,0.1468103484326288,0.3601077613244716,5.730969062716073,13.159472534785811,14.159472534785811,1.0184065968633635,0.0024117851141662594,true,2.7755575615628914e-17,analytical (full-order equilibrium with c_H = implied_c_H); endpoint=interior
logistic,2,0.6721386410793536,grid,0.05891993755065128,0.2550000000000001,3.6724257530578384,0.20813353951083782,0.0881679035799048,0.14815072154537132,0.3611130411590285,5.726155342327947,13.159472534785811,14.159472534785811,1.0123572169759605,0.0024117851141662594,true,0.0,analytical (full-order equilibrium with c_H = implied_c_H); endpoint=interior
logistic,2,0.6715609946327786,grid,0.05949758399722627,0.2575,3.6506687425726936,0.2099321621558953,0.08904640076606499,0.14948928146098014,0.3621169610957351,5.721341621939822,13.159472534785811,14.159472534785811,1.0063595826967329,0.0024117851141662594,true,2.7755575615628914e-17,analytical (full-order equilibrium with c_H = implied_c_H); endpoint=interior
logistic,2,0.6709833481862036,grid,0.06007523044380125,0.2599999999999999,3.629095719741795,0.21172681769830617,0.08992525895734878,0.15082603832782748,0.3631195287458706,5.716527901551697,13.159472534785811,14.159472534785811,1.0004126672725986,0.0024117851141662594,true,2.7755575615628914e-17,analytical (full-order equilibrium with c_H = implied_c_H); endpoint=interior
logistic,2,0.6704057017396287,grid,0.06065287689037624,0.2624999999999998,3.6077030665101284,0.21351752384511746,0.0908044806361434,0.15216100224063042,0.3641207516804728,5.711714181163573,13.159472534785811,14.159472534785811,0.9945154733344206,0.0024117851141662594,true,8.326672684688674e-17,analytical (full-order equilibrium with c_H = implied_c_H); endpoint=interior
logistic,2,0.6698280552930536,grid,0.06123052333695134,0.2650000000000002,3.58648726737177,0.2153042981970751,0.09168406828471691,0.153494183240896,0.365120637430672,5.706900460775446,13.159472534785811,14.159472534785811,0.9886670317821997,0.0024117851141662594,true,4.163336342344337e-17,analytical (full-order equilibrium with c_H = implied_c_H); endpoint=interior
logistic,2,0.6692504088464786,grid,0.06180816978352632,0.26750000000000007,3.565444905515703,0.21708715824945704,0.0925640243852624,0.15482559131735973,0.3661191934880198,5.702086740387322,13.159472534785811,14.159472534785811,0.9828664007226142,0.0024117851141662594,true,5.551115123125783e-17,analytical (full-order equilibrium with c_H = implied_c_H); endpoint=interior
logistic,2,0.6686727623999036,grid,0.06238581623010131,0.26999999999999996,3.544572659150832,0.21886612139290448,0.0934443514199443,0.1561552364064244,0.3671164273048183,5.697273019999197,13.159472534785811,14.159472534785811,0.9771126644559562,0.0024117851141662594,true,2.7755575615628914e-17,analytical (full-order equilibrium with c_H = implied_c_H); endpoint=interior
logistic,2,0.6680951159533286,grid,0.0629634626766763,0.27249999999999985,3.5238672980003987,0.2206412049142399,0.09432505187094287,0.15748312839259138,0.36811234629444356,5.692459299611072,13.159472534785811,14.159472534785811,0.9714049325097673,0.0024117851141662594,true,2.7755575615628914e-17,analytical (full-order equilibrium with c_H = implied_c_H); endpoint=interior
logistic,2,0.6675174695067535,grid,0.0635411091232514,0.2750000000000002,3.5033256799564465,0.22241242599727912,0.09520612822049869,0.1588092771088889,0.3691069578316667,5.687645579222946,13.159472534785811,14.159472534785811,0.9657423387165931,0.0024117851141662594,true,8.326672684688674e-17,analytical (full-order equilibrium with c_H = implied_c_H); endpoint=interior
logistic,2,0.6669398230601785,grid,0.06411875556982638,0.2775000000000001,3.482944747885656,0.22417980172363566,0.09608758295095758,0.16013369233729663,0.37010026925297246,5.682831858834821,13.159472534785811,14.159472534785811,0.9601240403334653,0.0024117851141662594,true,5.551115123125783e-17,analytical (full-order equilibrium with c_H = implied_c_H); endpoint=interior
logistic,2,0.6663621766136035,grid,0.06469640201640137,0.27999999999999997,3.4627215265784033,0.22594334907351826,0.09696941854481518,0.16145638380916671,0.37109228785687504,5.678018138446697,13.159472534785811,14.159472534785811,0.9545492172008663,0.0024117851141662594,true,2.7755575615628914e-17,analytical (full-order equilibrium with c_H = implied_c_H); endpoint=interior
logistic,2,0.6657845301670285,grid,0.06527404846297635,0.28249999999999986,3.4426531198334214,0.22770308492651944,0.09785163748476138,0.1627773612056404,0.3720830209042303,5.673204418058572,13.159472534785811,14.159472534785811,0.9490170709390733,0.0024117851141662594,true,0.0,analytical (full-order equilibrium with c_H = implied_c_H); endpoint=interior
logistic,2,0.6652068837204534,grid,0.06585169490955145,0.28500000000000025,3.4227367076708712,0.2294590260623974,0.0987342422537245,0.16409663415806094,0.37307247561854573,5.6683906976704455,13.159472534785811,14.159472534785811,0.9435268241799013,0.0024117851141662594,true,8.326672684688674e-17,analytical (full-order equilibrium with c_H = implied_c_H); endpoint=interior
logistic,2,0.6646292372738785,grid,0.06642934135612644,0.28750000000000014,3.4029695436671186,0.2312111891618496,0.09961723533491507,0.16541421224838232,0.3740606591862867,5.663576977282321,13.159472534785811,14.159472534785811,0.9380777198319962,0.0024117851141662594,true,2.7755575615628914e-17,analytical (full-order equilibrium with c_H = implied_c_H); endpoint=interior
logistic,2,0.6640515908273035,grid,0.06700698780270142,0.29000000000000004,3.3833489524048534,0.23295959080728101,0.1005006192118704,0.1667301050095757,0.37504757875718175,5.658763256894196,13.159472534785811,14.159472534785811,0.9326690203779225,0.0024117851141662594,true,2.7755575615628914e-17,analytical (full-order equilibrium with c_H = implied_c_H); endpoint=interior
logistic,2,0.6634739443807285,grid,0.06758463424927641,0.2924999999999999,3.3638723270326523,0.23470424748356375,0.1013843963684984,0.16804432192603108,0.3760332414445233,5.6539495365060715,13.159472534785811,14.159472534785811,0.9273000072014227,0.0024117851141662594,true,0.0,analytical (full-order equilibrium with c_H = implied_c_H); endpoint=interior
logistic,2,0.6628962979341535,grid,0.0681622806958514,0.2949999999999998,3.344537126928385,0.23644517557878938,0.10226856928912113,0.16935687243395525,0.3770176543254664,5.649135816117946,13.159472534785811,14.159472534785811,0.9219699799433002,0.0024117851141662594,true,0.0,analytical (full-order equilibrium with c_H = implied_c_H); endpoint=interior
logistic,2,0.6623186514875784,grid,0.0687399271424265,0.29750000000000015,3.3253408754611877,0.23818239138501507,0.10315314045851864,0.17066776592176686,0.37800082444132516,5.64432209572982,13.159472534785811,14.159472534785811,0.9166782558844758,0.0024117851141662594,true,2.7755575615628914e-17,analytical (full-order equilibrium with c_H = implied_c_H); endpoint=interior
logistic,2,0.6617410050410034,grid,0.06931757358900148,0.30000000000000004,3.306281157847087,0.23991591109900076,0.1040381123619719,0.17197701173048632,0.37898275879786475,5.639508375341696,13.159472534785811,14.159472534785811,0.9114241693548591,0.0024117851141662594,true,2.7755575615628914e-17,analytical (full-order equilibrium with c_H = implied_c_H); endpoint=interior
logistic,2,0.6611633585944284,grid,0.06989522003557647,0.30249999999999994,3.2873556190935536,0.24164575082294343,0.1049234874853072,0.17328461915412532,0.37996346436559403,5.634694654953571,13.159472534785811,14.159472534785811,0.9062070711667352,0.0024117851141662594,true,1.1102230246251565e-16,analytical (full-order equilibrium with c_H = implied_c_H); endpoint=interior
logistic,2,0.6605857121478534,grid,0.07047286648215145,0.3049999999999998,3.2685619620286666,0.243371926565201,0.10580926831493906,0.17459059744007005,0.3809429480800525,5.6298809345654455,13.159472534785811,14.159472534785811,0.9010263280714751,0.0024117851141662594,true,0.0,analytical (full-order equilibrium with c_H = implied_c_H); endpoint=interior
logistic,2,0.6600080657012783,grid,0.07105051292872655,0.3075000000000002,3.249897945410698,0.2450944542410103,0.10669545733791334,0.17589495578946182,0.38192121684209634,5.62506721417732,13.159472534785811,14.159472534785811,0.8958813222384158,0.0024117851141662594,true,2.7755575615628914e-17,analytical (full-order equilibrium with c_H = implied_c_H); endpoint=interior
logistic,2,0.6594304192547034,grid,0.07162815937530154,0.3100000000000001,3.2313613821142226,0.24681334967319823,0.10758205704195008,0.17719770335757415,0.3828982775181806,5.620253493789195,13.159472534785811,14.159472534785811,0.8907714507548349,0.0024117851141662594,true,0.0,analytical (full-order equilibrium with c_H = implied_c_H); endpoint=interior
logistic,2,0.6588527728081284,grid,0.07220580582187652,0.31249999999999994,3.2129501373890443,0.24852862859288855,0.10846906991548734,0.17849884925418794,0.383874136940641,5.615439773401071,13.159472534785811,14.159472534785811,0.8856961251459984,0.0024117851141662594,true,2.7755575615628914e-17,analytical (full-order equilibrium with c_H = implied_c_H); endpoint=interior
logistic,2,0.6582751263615534,grid,0.07278345226845151,0.31499999999999984,3.1946621271885083,0.2502403066401984,0.10935649844772323,0.17979840254396082,0.3848488019079706,5.610626053012945,13.159472534785811,14.159472534785811,0.8806547709143364,0.0024117851141662594,true,5.551115123125783e-17,analytical (full-order equilibrium with c_H = implied_c_H); endpoint=interior
logistic,2,0.6576974799149784,grid,0.0733610987150265,0.3174999999999997,3.1764953165638476,0.25194839936493174,0.1102443451286591,0.18109637224679542,0.3858222791850966,5.60581233262482,13.159472534785811,14.159472534785811,0.875646827096821,0.0024117851141662594,true,5.551115123125783e-17,analytical (full-order equilibrium with c_H = implied_c_H); endpoint=interior
logistic,2,0.6571198334684033,grid,0.0739387451616016,0.3200000000000001,3.1584477181214923,0.25365292222726477,0.11113261244914287,0.1823927673382038,0.38679457550365287,5.600998612236695,13.159472534785811,14.159472534785811,0.870671745839701,0.0024117851141662594,true,5.551115123125783e-17,analytical (full-order equilibrium with c_H = implied_c_H); endpoint=interior
logistic,2,0.6565421870218283,grid,0.07451639160817658,0.3225,3.1405173905404147,0.2553538905984238,0.11202130290090986,0.18368759674966684,0.3877656975622501,5.596184891848569,13.159472534785811,14.159472534785811,0.8657289919897878,0.0024117851141662594,true,5.551115123125783e-17,analytical (full-order equilibrium with c_H = implied_c_H); endpoint=interior
logistic,2,0.6559645405752533,grid,0.07509403805475157,0.3249999999999999,3.1227024371466654,0.2570513197613604,0.11291041897662742,0.1849808693689939,0.3887356520267454,5.591371171460445,13.159472534785811,14.159472534785811,0.8608180427015045,0.0024117851141662594,true,5.551115123125783e-17,analytical (full-order equilibrium with c_H = implied_c_H); endpoint=interior
logistic,2,0.6553868941286782,grid,0.07567168450132666,0.32750000000000024,3.105001004542539,0.2587452249114181,0.11379996316993643,0.18627259404067725,0.3897044455305079,5.586557451072319,13.159472534785811,14.159472534785811,0.8559383870589964,0.0024117851141662594,true,5.551115123125783e-17,analytical (full-order equilibrium with c_H = implied_c_H); endpoint=interior
logistic,2,0.6548092476821032,grid,0.07624933094790165,0.3300000000000001,3.0874112812878627,0.2604356211569912,0.11468993797549286,0.18756277956624204,0.3906720846746815,5.581743730684194,13.159472534785811,14.159472534785811,0.8510895257126085,0.0024117851141662594,true,5.551115123125783e-17,analytical (full-order equilibrium with c_H = implied_c_H); endpoint=interior
logistic,2,0.6542316012355283,grid,0.07682697739447664,0.3325,3.0699314966309985,0.2621225235201816,0.11558034588901146,0.18885143470459653,0.3916385760284474,5.576930010296069,13.159472534785811,14.159472534785811,0.8462709705290686,0.0024117851141662594,true,5.551115123125783e-17,analytical (full-order equilibrium with c_H = implied_c_H); endpoint=interior
logistic,2,0.6536539547889533,grid,0.07740462384105162,0.3349999999999999,3.0525599192873774,0.26380594693744785,0.11647118940730741,0.19013856817237762,0.3926039261292832,5.572116289907944,13.159472534785811,14.159472534785811,0.8414822442547722,0.0024117851141662594,true,0.0,analytical (full-order equilibrium with c_H = implied_c_H); endpoint=interior
logistic,2,0.6530763083423783,grid,0.07798227028762661,0.3374999999999998,3.0352948562634494,0.26548590626024576,0.11736247102833781,0.19142418864429178,0.39356814148321884,5.5673025695198195,13.159472534785811,14.159472534785811,0.8367228801915874,0.0024117851141662594,true,5.551115123125783e-17,analytical (full-order equilibrium with c_H = implied_c_H); endpoint=interior
logistic,2,0.6524986618958032,grid,0.0785599167342017,0.3400000000000002,3.0181346517239716,0.26716241625566817,0.11825419325124487,0.19270830475345652,0.3945312285650924,5.562488849131694,13.159472534785811,14.159472534785811,0.8319924218846061,0.0024117851141662594,true,0.0,analytical (full-order equilibrium with c_H = implied_c_H); endpoint=interior
logistic,2,0.6519210154492282,grid,0.0791375631807767,0.3425000000000001,3.001077685900823,0.26883549160707376,0.11914635857639638,0.19399092509173507,0.3954931938188013,5.557675128743568,13.159472534785811,14.159472534785811,0.8272904228213442,0.0024117851141662594,true,5.551115123125783e-17,analytical (full-order equilibrium with c_H = implied_c_H); endpoint=interior
logistic,2,0.6513433690026532,grid,0.07971520962735168,0.345,2.984122374041436,0.2705051469147151,0.12003896950542918,0.19527205821007215,0.3964540436575541,5.552861408355444,13.159472534785811,14.159472534785811,0.8226164461418604,0.0024117851141662594,true,5.551115123125783e-17,analytical (full-order equilibrium with c_H = implied_c_H); endpoint=interior
logistic,2,0.6507657225560782,grid,0.08029285607392667,0.34749999999999986,2.967267165395222,0.2721713966963565,0.12093202854128987,0.19655171261882318,0.39741378446411735,5.548047687967319,13.159472534785811,14.159472534785811,0.8179700643593498,0.0024117851141662594,true,5.551115123125783e-17,analytical (full-order equilibrium with c_H = implied_c_H); endpoint=interior
logistic,2,0.6501880761095031,grid,0.08087050252050176,0.3500000000000002,2.9505105422362754,0.27383425538788986,0.12182553818827713,0.1978298967880835,0.39837242259106265,5.5432339675791935,13.159472534785811,14.159472534785811,0.8133508590907392,0.0024117851141662594,true,5.551115123125783e-17,analytical (full-order equilibrium with c_H = implied_c_H); endpoint=interior
logistic,2,0.6496104296629281,grid,0.08144814896707675,0.3525000000000001,2.933851018920882,0.27549373734394106,0.1227195009520824,0.19910661914801173,0.39932996436100876,5.538420247191068,13.159472534785811,14.159472534785811,0.8087584207968745,0.0024117851141662594,true,2.7755575615628914e-17,analytical (full-order equilibrium with c_H = implied_c_H); endpoint=interior
logistic,2,0.6490327832163532,grid,0.08202579541365174,0.355,2.917287140978263,0.27714985683847665,0.12361391933983304,0.20038188808915486,0.40028641606686616,5.533606526802943,13.159472534785811,14.159472534785811,0.8041923485318717,0.0024117851141662594,true,5.551115123125783e-17,analytical (full-order equilibrium with c_H = implied_c_H); endpoint=interior
logistic,2,0.6484551367697782,grid,0.08260344186022672,0.3574999999999999,2.9008174842332584,0.27880262806539935,0.12450879586013279,0.20165571196276608,0.40124178397207455,5.528792806414819,13.159472534785811,14.159472534785811,0.799652249701272,0.0024117851141662594,true,5.551115123125783e-17,analytical (full-order equilibrium with c_H = implied_c_H); endpoint=interior
logistic,2,0.6478774903232032,grid,0.08318108830680171,0.35999999999999976,2.884440653959547,0.2804520651391406,0.12540413302310313,0.20292809908112186,0.40219607431084137,5.523979086026694,13.159472534785811,14.159472534785811,0.7951377398286144,0.0024117851141662594,true,5.551115123125783e-17,analytical (full-order equilibrium with c_H = implied_c_H); endpoint=interior
logistic,2,0.6472998438766281,grid,0.0837587347533768,0.36250000000000016,2.8681552840621327,0.2820981820952496,0.12629993334042583,0.20419905771783772,0.4031492932883783,5.5191653656385675,13.159472534785811,14.159472534785811,0.7906484423300759,0.0024117851141662594,true,5.551115123125783e-17,analytical (full-order equilibrium with c_H = implied_c_H); endpoint=interior
logistic,2,0.6467221974300531,grid,0.0843363811999518,0.36500000000000005,2.851960036287956,0.2837409928909722,0.12719619932538245,0.20546859610817733,0.404101447081133,5.514351645250443,13.159472534785811,14.159472534785811,0.7861839882968663,0.0024117851141662594,true,5.551115123125783e-17,analytical (full-order equilibrium with c_H = implied_c_H); endpoint=interior
logistic,2,0.6461445509834781,grid,0.08491402764652678,0.36749999999999994,2.8358535994633707,0.2853805114058309,0.1280929334928977,0.20673672244936428,0.4050525418370232,5.509537924862318,13.159472534785811,14.159472534785811,0.7817440162850267,0.0024117851141662594,true,0.0,analytical (full-order equilibrium with c_H = implied_c_H); endpoint=interior
logistic,2,0.6455669045369031,grid,0.08549167409310177,0.36999999999999983,2.819834688757508,0.28701675144219474,0.1289901383595794,0.20800344490088707,0.40600258367566533,5.5047242044741935,13.159472534785811,14.159472534785811,0.7773281721123648,0.0024117851141662594,true,2.7755575615628914e-17,analytical (full-order equilibrium with c_H = implied_c_H); endpoint=interior
logistic,2,0.644989258090328,grid,0.08606932053967686,0.37250000000000016,2.8039020449704037,0.2886497267258459,0.12988781644375996,0.20926877158480292,0.4069515786886022,5.499910484086067,13.159472534785811,14.159472534785811,0.7729361086622183,0.0024117851141662594,true,5.551115123125783e-17,analytical (full-order equilibrium with c_H = implied_c_H); endpoint=interior
logistic,2,0.644411611643753,grid,0.08664696698625185,0.37500000000000006,2.7880544338449242,0.29027945090654095,0.13078597026553732,0.21053271058603912,0.40789953293952935,5.495096763697942,13.159472534785811,14.159472534785811,0.768567485693776,0.0024117851141662594,true,2.7755575615628914e-17,analytical (full-order equilibrium with c_H = implied_c_H); endpoint=interior
logistic,2,0.6438339651971781,grid,0.08722461343282684,0.37749999999999995,2.772290645401529,0.2919059375585685,0.13168460234681656,0.21179526995269252,0.4088464524645194,5.490283043309818,13.159472534785811,14.159472534785811,0.764221969658696,0.0024117851141662594,true,0.0,analytical (full-order equilibrium with c_H = implied_c_H); endpoint=interior
logistic,2,0.6432563187506031,grid,0.08780225987940182,0.37999999999999984,2.7566094932949823,0.2935292001812999,0.1325837152113507,0.2130564576963253,0.409792343272244,5.485469322921693,13.159472534785811,14.159472534785811,0.7598992335237742,0.0024117851141662594,true,5.551115123125783e-17,analytical (full-order equilibrium with c_H = implied_c_H); endpoint=interior
logistic,2,0.642678672304028,grid,0.08837990632597692,0.38250000000000023,2.741009814192134,0.295149252199737,0.133483311384782,0.21431628179225948,0.4107372113441946,5.480655602533567,13.159472534785811,14.159472534785811,0.7555989565994204,0.0024117851141662594,true,0.0,analytical (full-order equilibrium with c_H = implied_c_H); endpoint=interior
logistic,2,0.642101025857453,grid,0.0889575527725519,0.3850000000000001,2.725490467169979,0.2967661069650515,0.13438339339468164,0.21557475017986658,0.4116810626348999,5.475841882145442,13.159472534785811,14.159472534785811,0.7513208243737243,0.0024117851141662594,true,5.551115123125783e-17,analytical (full-order equilibrium with c_H = implied_c_H); endpoint=interior
logistic,2,0.641523379410878,grid,0.08953519921912689,0.38749999999999996,2.7100503331331254,0.29837977775512564,0.13528396377059262,0.21683187076285915,0.41262390307214436,5.471028161757317,13.159472534785811,14.159472534785811,0.7470645283518728,0.0024117851141662594,true,0.0,analytical (full-order equilibrium with c_H = implied_c_H); endpoint=interior
logistic,2,0.640945732964303,grid,0.09011284566570188,0.38999999999999985,2.6946883142500417,0.2999902777750816,0.1361850250440691,0.21808765140957534,0.4135657385571815,5.466214441369192,13.159472534785811,14.159472534785811,0.7428297659007432,0.0024117851141662594,true,2.7755575615628914e-17,analytical (full-order equilibrium with c_H = implied_c_H); endpoint=interior
logistic,2,0.6403680865177279,grid,0.09069049211227698,0.39250000000000024,2.6794033334072465,0.30159762015781194,0.1370865797487185,0.2193420999532652,0.4145065749649489,5.461400720981066,13.159472534785811,14.159472534785811,0.7386162400984424,0.0024117851141662594,true,1.1102230246251565e-16,analytical (full-order equilibrium with c_H = implied_c_H); endpoint=interior
logistic,2,0.6397904400711529,grid,0.09126813855885196,0.39500000000000013,2.6641943336808644,0.30320181796449935,0.13798863042024054,0.22059522419236993,0.41544641814427746,5.4565870005929415,13.159472534785811,14.159472534785811,0.7344236595886341,0.0024117851141662594,true,5.551115123125783e-17,analytical (full-order equilibrium with c_H = implied_c_H); endpoint=interior
logistic,2,0.639212793624578,grid,0.09184578500542695,0.3975,2.6490602778247747,0.3048028841851386,0.13889117959647,0.2218470318908043,0.4163852739181032,5.451773280204817,13.159472534785811,14.159472534785811,0.7302517384394394,0.0024117851141662594,true,1.1102230246251565e-16,analytical (full-order equilibrium with c_H = implied_c_H); endpoint=interior
logistic,2,0.638635147178003,grid,0.09242343145200194,0.3999999999999999,2.63400014777484,0.3064008317390484,0.1397942298174163,0.22309753077823236,0.41732314808367427,5.446959559816691,13.159472534785811,14.159472534785811,0.7261001960067698,0.0024117851141662594,true,5.551115123125783e-17,analytical (full-order equilibrium with c_H = implied_c_H); endpoint=interior
logistic,2,0.638057500731428,grid,0.09300107789857692,0.4024999999999998,2.619012944168537,0.307995673475382,0.1406977836253046,0.2243467285503433,0.4182600464127575,5.442145839428567,13.159472534785811,14.159472534785811,0.7219687568019074,0.0024117851141662594,true,2.7755575615628914e-17,analytical (full-order equilibrium with c_H = implied_c_H); endpoint=interior
logistic,2,0.6374798542848529,grid,0.09357872434515202,0.40500000000000014,2.604097685879452,0.30958742217363183,0.14160184356461658,0.2255946328691242,0.41919597465184316,5.437332119040441,13.159472534785811,14.159472534785811,0.7178571503631814,0.0024117851141662594,true,1.1102230246251565e-16,analytical (full-order equilibrium with c_H = implied_c_H); endpoint=interior
logistic,2,0.6369022078382779,grid,0.094156370791727,0.40750000000000003,2.589253409566096,0.3111760905441293,0.14250641218213028,0.2268412513631298,0.42013093852234734,5.4325183986523164,13.159472534785811,14.159472534785811,0.7137651111315924,0.0024117851141662594,true,5.551115123125783e-17,analytical (full-order equilibrium with c_H = implied_c_H); endpoint=interior
logistic,2,0.6363245613917029,grid,0.09473401723830199,0.4099999999999999,2.5744791692344617,0.31276169122854364,0.1434114920269623,0.22808659162775297,0.4210649437208147,5.427704678264191,13.159472534785811,14.159472534785811,0.7096923783302244,0.0024117851141662594,true,1.1102230246251565e-16,analytical (full-order equilibrium with c_H = implied_c_H); endpoint=interior
logistic,2,0.6357469149451279,grid,0.09531166368487698,0.4124999999999998,2.5597740358139087,0.31434423680037177,0.14431708565060722,0.2293306612254895,0.42199799591911713,5.422890957876066,13.159472534785811,14.159472534785811,0.7056386958473325,0.0024117851141662594,true,5.551115123125783e-17,analytical (full-order equilibrium with c_H = implied_c_H); endpoint=interior
logistic,2,0.6351692684985528,grid,0.09588931013145208,0.4150000000000002,2.5451370967458202,0.3159237397654264,0.1452231956069783,0.23057346768620235,0.42293010076465176,5.418077237487941,13.159472534785811,14.159472534785811,0.7016038121229499,0.0024117851141662594,true,2.7755575615628914e-17,analytical (full-order equilibrium with c_H = implied_c_H); endpoint=interior
logistic,2,0.6345916220519778,grid,0.09646695657802706,0.4175000000000001,2.5305674555845914,0.3175002125623208,0.1461298244524488,0.23181501850738478,0.4238612638805386,5.413263517099816,13.159472534785811,14.159472534785811,0.6975874800388938,0.0024117851141662594,true,1.1102230246251565e-16,analytical (full-order equilibrium with c_H = implied_c_H); endpoint=interior
logistic,2,0.6340139756054028,grid,0.09704460302460205,0.42,2.516064231610533,0.3190736675629464,0.14703697474589147,0.23305532115441896,0.42479149086581425,5.4084497967116905,13.159472534785811,14.159472534785811,0.6935894568120575,0.0024117851141662594,true,1.1102230246251565e-16,analytical (full-order equilibrium with c_H = implied_c_H); endpoint=interior
logistic,2,0.6334363291588279,grid,0.09762224947117704,0.4224999999999999,2.501626559454216,0.3206441170729505,0.14794464904872046,0.23429438306083547,0.42572078729562657,5.403636076323566,13.159472534785811,14.159472534785811,0.6896095038908555,0.0024117851141662594,true,5.551115123125783e-17,analytical (full-order equilibrium with c_H = implied_c_H); endpoint=interior
logistic,2,0.6328586827122529,grid,0.09819989591775202,0.42499999999999977,2.4872535887319107,0.32221157333220557,0.14885284992493084,0.2355322116285682,0.42664915872142617,5.398822355935441,13.159472534785811,14.159472534785811,0.6856473868547263,0.0024117851141662594,true,5.551115123125783e-17,analytical (full-order equilibrium with c_H = implied_c_H); endpoint=interior
logistic,2,0.6322810362656778,grid,0.09877754236432712,0.4275000000000001,2.472944483691684,0.32377604851527697,0.14976157994113937,0.23676881422820817,0.42757661067115615,5.394008635547316,13.159472534785811,14.159472534785811,0.681702875316575,0.0024117851141662594,true,5.551115123125783e-17,analytical (full-order equilibrium with c_H = implied_c_H); endpoint=interior
logistic,2,0.6317033898191028,grid,0.0993551888109021,0.43,2.4586984228698023,0.3253375547318859,0.150670841666625,0.23800419819925545,0.4285031486494416,5.38919491515919,13.159472534785811,14.159472534785811,0.6777757428280552,0.0024117851141662594,true,2.7755575615628914e-17,analytical (full-order equilibrium with c_H = implied_c_H); endpoint=interior
logistic,2,0.6311257433725278,grid,0.09993283525747709,0.4324999999999999,2.4445145987570682,0.32689610402736935,0.15158063767336974,0.23923837085036953,0.42942877813777713,5.384381194771065,13.159472534785811,14.159472534785811,0.6738657667875898,0.0024117851141662594,true,5.551115123125783e-17,analytical (full-order equilibrium with c_H = implied_c_H); endpoint=interior
logistic,2,0.6305480969259527,grid,0.10051048170405219,0.4350000000000003,2.430392217474765,0.3284517083831352,0.15249097053609903,0.24047133945961713,0.43035350459471283,5.37956747438294,13.159472534785811,14.159472534785811,0.669972728351041,0.0024117851141662594,true,5.551115123125783e-17,analytical (full-order equilibrium with c_H = implied_c_H); endpoint=interior
logistic,2,0.6299704504793777,grid,0.10108812815062718,0.43750000000000017,2.4163304984598777,0.3300043797171128,0.15340184283232178,0.24170311127471727,0.43127733345603797,5.374753753994815,13.159472534785811,14.159472534785811,0.6660964123449363,0.0024117851141662594,true,5.551115123125783e-17,analytical (full-order equilibrium with c_H = implied_c_H); endpoint=interior
logistic,2,0.6293928040328027,grid,0.10166577459720216,0.44000000000000006,2.4023286741592416,0.3315541298842014,0.15431325714237154,0.24293369351328647,0.43220027013496487,5.36994003360669,13.159472534785811,14.159472534785811,0.6622366071821564,0.0024117851141662594,true,5.551115123125783e-17,analytical (full-order equilibrium with c_H = implied_c_H); endpoint=interior
logistic,2,0.6288151575862277,grid,0.10224342104377715,0.44249999999999995,2.388385989732354,0.3331009706767143,0.1552252160494469,0.2441630933630806,0.43312232002231044,5.365126313218565,13.159472534785811,14.159472534785811,0.6583931047800111,0.0024117851141662594,true,5.551115123125783e-17,analytical (full-order equilibrium with c_H = implied_c_H); endpoint=interior
logistic,2,0.6282375111396528,grid,0.10282106749035214,0.44499999999999984,2.374501702762544,0.33464491382481754,0.1561377221396515,0.2453913179822345,0.4340434884866759,5.36031259283044,13.159472534785811,14.159472534785811,0.6545657004806189,0.0024117851141662594,true,5.551115123125783e-17,analytical (full-order equilibrium with c_H = implied_c_H); endpoint=interior
logistic,2,0.6276598646930777,grid,0.10339871393692723,0.4475000000000002,2.3606750829761998,0.3361859709969676,0.15705077800203537,0.2466183744995015,0.4349637808746261,5.355498872442314,13.159472534785811,14.159472534785811,0.6507541929735078,0.0024117851141662594,true,5.551115123125783e-17,analytical (full-order equilibrium with c_H = implied_c_H); endpoint=interior
logistic,2,0.6270822182465027,grid,0.10397636038350222,0.45000000000000007,2.346905411969821,0.33772415380034265,0.15796438622863435,0.2478442700144885,0.4358832025108664,5.350685152054189,13.159472534785811,14.159472534785811,0.6469583842203736,0.0024117851141662594,true,2.7755575615628914e-17,analytical (full-order equilibrium with c_H = implied_c_H); endpoint=interior
logistic,2,0.6265045717999277,grid,0.1045540068300772,0.45249999999999996,2.3331919829445855,0.3392594737812728,0.1588785494145118,0.2490690115978923,0.4368017586984192,5.3458714316660645,13.159472534785811,14.159472534785811,0.6431780793819095,0.0024117851141662594,true,5.551115123125783e-17,analytical (full-order equilibrium with c_H = implied_c_H); endpoint=interior
logistic,2,0.6259269253533527,grid,0.10513165327665219,0.45499999999999985,2.3195341004482404,0.3407919424256646,0.15979327015779834,0.25029260629173145,0.4377194547187986,5.34105771127794,13.159472534785811,14.159472534785811,0.6394130867466542,0.0024117851141662594,true,5.551115123125783e-17,analytical (full-order equilibrium with c_H = implied_c_H); endpoint=interior
logistic,2,0.6253492789067776,grid,0.10570929972322729,0.45750000000000024,2.3059310801240223,0.3423215711594237,0.16070855105973303,0.25151506110957833,0.4386362958321838,5.336243990889813,13.159472534785811,14.159472534785811,0.6356632176617786,0.0024117851141662594,true,2.7755575615628914e-17,analytical (full-order equilibrium with c_H = implied_c_H); endpoint=interior
logistic,2,0.6247716324602026,grid,0.10628694616980228,0.46000000000000013,2.2923822484664274,0.34384837134887153,0.16162439472470302,0.25273638303678725,0.43955228727759044,5.331430270501689,13.159472534785811,14.159472534785811,0.6319282864657597,0.0024117851141662594,true,0.0,analytical (full-order equilibrium with c_H = implied_c_H); endpoint=interior
logistic,2,0.6241939860136276,grid,0.10686459261637726,0.46249999999999997,2.2788869425835516,0.34537235430116187,0.1625408037602851,0.2539565790307235,0.44046743427304264,5.326616550113564,13.159472534785811,14.159472534785811,0.6282081104228672,0.0024117851141662594,true,5.551115123125783e-17,analytical (full-order equilibrium with c_H = implied_c_H); endpoint=interior
logistic,2,0.6236163395670526,grid,0.10744223906295225,0.46499999999999986,2.265444509965846,0.3468935312646905,0.16345778077728562,0.2551756560209881,0.44138174201574104,5.321802829725439,13.159472534785811,14.159472534785811,0.6245025096594164,0.0024117851141662594,true,2.7755575615628914e-17,analytical (full-order equilibrium with c_H = implied_c_H); endpoint=interior
logistic,2,0.6230386931204777,grid,0.10801988550952724,0.46749999999999975,2.252054308261033,0.3484119134295044,0.16437532838978156,0.25639362090964296,0.44229521568223223,5.316989109337314,13.159472534785811,14.159472534785811,0.6208113071017216,0.0024117851141662594,true,5.551115123125783e-17,analytical (full-order equilibrium with c_H = implied_c_H); endpoint=interior
logistic,2,0.6224610466739026,grid,0.10859753195610233,0.47000000000000014,2.238715705055021,0.34992751192770527,0.16529344921516098,0.2576104805714331,0.44320786042857485,5.312175388949188,13.159472534785811,14.159472534785811,0.6171343284157016,0.0024117851141662594,true,1.6653345369377348e-16,analytical (full-order equilibrium with c_H = implied_c_H); endpoint=interior
logistic,2,0.6218834002273276,grid,0.10917517840267732,0.47250000000000003,2.2254280776586106,0.3514403378338504,0.1662121458741633,0.2588262418540069,0.44411968139050517,5.307361668561064,13.159472534785811,14.159472534785811,0.6134714019480819,0.0024117851141662594,true,5.551115123125783e-17,analytical (full-order equilibrium with c_H = implied_c_H); endpoint=interior
logistic,2,0.6213057537807526,grid,0.1097528248492523,0.4749999999999999,2.2121908128998,0.35295040216535106,0.16713142099092046,0.26004091157813575,0.4450306836836018,5.302547948172939,13.159472534785811,14.159472534785811,0.6098223586691415,0.0024117851141662594,true,5.551115123125783e-17,analytical (full-order equilibrium with c_H = implied_c_H); endpoint=interior
logistic,2,0.6207281073341776,grid,0.11033047129582729,0.4774999999999998,2.1990033069215276,0.354457715882867,0.16805127719299764,0.2612544965379323,0.44594087240344926,5.297734227784813,13.159472534785811,14.159472534785811,0.6061870321169569,0.0024117851141662594,true,5.551115123125783e-17,analytical (full-order equilibrium with c_H = implied_c_H); endpoint=interior
logistic,2,0.6201504608876025,grid,0.11090811774240239,0.48000000000000015,2.1858649649846846,0.35596228989069706,0.1689717171114338,0.26246700350106544,0.4468502526257991,5.292920507396688,13.159472534785811,14.159472534785811,0.6025652583431002,0.0024117851141662594,true,5.551115123125783e-17,analytical (full-order equilibrium with c_H = implied_c_H); endpoint=interior
logistic,2,0.6195728144410275,grid,0.11148576418897738,0.48250000000000004,2.172775201276226,0.35746413503716645,0.1698927433807818,0.26367843920897416,0.4477588294067306,5.288106787008563,13.159472534785811,14.159472534785811,0.5989568758597418,0.0024117851141662594,true,5.551115123125783e-17,analytical (full-order equilibrium with c_H = implied_c_H); endpoint=interior
logistic,2,0.6189951679944525,grid,0.11206341063555236,0.48499999999999993,2.1597334387221934,0.3589632621150137,0.1708143586391509,0.26488881037708234,0.44866660778281175,5.2832930666204385,13.159472534785811,14.159472534785811,0.5953617255881077,0.0024117851141662594,true,2.7755575615628914e-17,analytical (full-order equilibrium with c_H = implied_c_H); endpoint=interior
logistic,2,0.6184175215478775,grid,0.11264105708212735,0.4874999999999998,2.1467391088055723,0.36045968186176963,0.17173656552824554,0.26609812369500757,0.4495735927712557,5.278479346232313,13.159472534785811,14.159472534785811,0.5917796508082692,0.0024117851141662594,true,5.551115123125783e-17,analytical (full-order equilibrium with c_H = implied_c_H); endpoint=interior
logistic,2,0.6178398751013026,grid,0.11321870352870234,0.4899999999999997,2.133791651388747,0.3619534049601375,0.17265936669340756,0.2673063858267725,0.4504797893700794,5.273665625844188,13.159472534785811,14.159472534785811,0.5882104971101997,0.0024117851141662594,true,5.551115123125783e-17,analytical (full-order equilibrium with c_H = implied_c_H); endpoint=interior
logistic,2,0.6172622286547275,grid,0.11379634997527743,0.4925000000000001,2.120890514540477,0.3634444420383673,0.17358276478365664,0.26851360341101194,0.451385202558259,5.268851905456063,13.159472534785811,14.159472534785811,0.5846541123460787,0.0024117851141662594,true,2.7755575615628914e-17,analytical (full-order equilibrium with c_H = implied_c_H); endpoint=interior
logistic,2,0.6166845822081525,grid,0.11437399642185242,0.495,2.1080351543672324,0.364932803670628,0.1745067624517308,0.2697197830611794,0.45228983729588457,5.264038185067938,13.159472534785811,14.159472534785811,0.5811103465837966,0.0024117851141662594,true,5.551115123125783e-17,analytical (full-order equilibrium with c_H = implied_c_H); endpoint=interior
logistic,2,0.6161069357615775,grid,0.1149516428684274,0.4974999999999999,2.0952250348487453,0.3664185003773774,0.17543136235412807,0.27092493136575274,0.45319369852431457,5.2592244646798125,13.159472534785811,14.159472534785811,0.5775790520616223,0.0024117851141662594,true,5.551115123125783e-17,analytical (full-order equilibrium with c_H = implied_c_H); endpoint=interior
logistic,2,0.6155292893150024,grid,0.1155292893150025,0.5000000000000002,2.0824596276776712,0.3679015426257286,0.17635656715114764,0.27212905488843814,0.4540967911663286,5.254410744291687,13.159472534785811,14.159472534785811,0.5740600831440034,0.0024117851141662594,true,2.7755575615628914e-17,analytical (full-order equilibrium with c_H = implied_c_H); endpoint=interior
logistic,2,0.6149516428684274,grid,0.11610693576157749,0.5025000000000002,2.069738412103255,0.3693819408298101,0.17728237950692896,0.27333216016836953,0.45499912012627713,5.249597023903562,13.159472534785811,14.159472534785811,0.5705532962784707,0.0024117851141662594,true,5.551115123125783e-17,analytical (full-order equilibrium with c_H = implied_c_H); endpoint=interior
logistic,2,0.6143739964218524,grid,0.11668458220815248,0.505,2.057060874778797,0.37085970535113033,0.1782088020894956,0.274534253720313,0.4559006902902347,5.244783303515437,13.159472534785811,14.159472534785811,0.5670585499535897,0.0024117851141662594,true,0.0,analytical (full-order equilibrium with c_H = implied_c_H); endpoint=interior
logistic,2,0.6137963499752774,grid,0.11726222865472746,0.5075,2.0444265096129253,0.3723348464989318,0.1791358375707943,0.27573534203486305,0.45680150652614726,5.239969583127312,13.159472534785811,14.159472534785811,0.5635757046579619,0.0024117851141662594,true,5.551115123125783e-17,analytical (full-order equilibrium with c_H = implied_c_H); endpoint=interior
logistic,2,0.6132187035287024,grid,0.11783987510130245,0.5099999999999998,2.0318348176244663,0.37380737453054685,0.18006348862673727,0.2769354315786421,0.45770157368398157,5.235155862739187,13.159472534785811,14.159472534785811,0.5601046228402177,0.0024117851141662594,true,5.551115123125783e-17,analytical (full-order equilibrium with c_H = implied_c_H); endpoint=interior
logistic,2,0.6126410570821273,grid,0.11841752154787755,0.5125000000000002,2.0192853068008607,0.3752772996517488,0.18099175793724281,0.2781345287944958,0.45860089659587183,5.230342142351062,13.159472534785811,14.159472534785811,0.5566451688699865,0.0024117851141662594,true,5.551115123125783e-17,analytical (full-order equilibrium with c_H = implied_c_H); endpoint=interior
logistic,2,0.6120634106355524,grid,0.11899516799445253,0.515,2.0067774919600065,0.37674463201709923,0.1819206481862761,0.2793326401016877,0.45949948007626573,5.225528421962936,13.159472534785811,14.159472534785811,0.5531972089998123,0.0024117851141662594,true,2.7755575615628914e-17,analytical (full-order equilibrium with c_H = implied_c_H); endpoint=interior
logistic,2,0.6114857641889774,grid,0.11957281444102752,0.5175,1.9943108946153976,0.37820938173029667,0.18285016206189217,0.2805297718960944,0.4603973289220708,5.220714701574812,13.159472534785811,14.159472534785811,0.5497606113279765,0.0024117851141662594,true,5.551115123125783e-17,analytical (full-order equilibrium with c_H = implied_c_H); endpoint=interior
logistic,2,0.6109081177424024,grid,0.1201504608876025,0.5199999999999998,1.9818850428445383,0.3796715588445164,0.18378030225627529,0.28172593055039585,0.4612944479127969,5.215900981186687,13.159472534785811,14.159472534785811,0.5463352457622251,0.0024117851141662594,true,2.7755575615628914e-17,analytical (full-order equilibrium with c_H = implied_c_H); endpoint=interior
logistic,2,0.6103304712958273,grid,0.1207281073341776,0.5225000000000002,1.9694994711604525,0.3811311733627531,0.18471107146578164,0.28292112241426737,0.4621908418107005,5.211087260798561,13.159472534785811,14.159472534785811,0.542920983984348,0.0024117851141662594,true,5.551115123125783e-17,analytical (full-order equilibrium with c_H = implied_c_H); endpoint=interior
logistic,2,0.6097528248492523,grid,0.12130575378075259,0.5250000000000001,1.957153720386263,0.38258823523815666,0.18564247239098036,0.28411535381456854,0.4630865153609264,5.206273540410436,13.159472534785811,14.159472534785811,0.5395176994156046,0.0024117851141662594,true,5.551115123125783e-17,analytical (full-order equilibrium with c_H = implied_c_H); endpoint=interior
logistic,2,0.6091751784026773,grid,0.12188340022732758,0.5275,1.944847337532713,0.38404275437436836,0.1865745077366953,0.28530863105553184,0.46398147329164885,5.201459820022311,13.159472534785811,14.159472534785811,0.5361252671829619,0.0024117851141662594,true,5.551115123125783e-17,analytical (full-order equilibrium with c_H = implied_c_H); endpoint=interior
logistic,2,0.6085975319561023,grid,0.12246104667390256,0.5299999999999999,1.9325798756785821,0.38549474062585176,0.18750718021204604,0.2865009604189489,0.46487572031421165,5.1966460996341866,13.159472534785811,14.159472534785811,0.5327435640861284,0.0024117851141662594,true,5.551115123125783e-17,analytical (full-order equilibrium with c_H = implied_c_H); endpoint=interior
logistic,2,0.6080198855095273,grid,0.12303869312047755,0.5324999999999998,1.9203508938538716,0.38694420379822303,0.18844049253049025,0.2876923481643566,0.46576926112326744,5.191832379246062,13.159472534785811,14.159472534785811,0.529372468565353,0.0024117851141662594,true,2.7755575615628914e-17,analytical (full-order equilibrium with c_H = implied_c_H); endpoint=interior
logistic,2,0.6074422390629522,grid,0.12361633956705265,0.5350000000000001,1.9081599569257215,0.38839115364857724,0.18937444740986517,0.2888828005292212,0.4666621003969159,5.1870186588579354,13.159472534785811,14.159472534785811,0.5260118606699762,0.0024117851141662594,true,2.7755575615628914e-17,analytical (full-order equilibrium with c_H = implied_c_H); endpoint=interior
logistic,2,0.6068645926163773,grid,0.12419398601362763,0.5375,1.8960066354869718,0.38983559988581157,0.19030904757242825,0.2900723237291199,0.46755424279683994,5.182204938469811,13.159472534785811,14.159472534785811,0.5226616220277103,0.0024117851141662594,true,2.7755575615628914e-17,analytical (full-order equilibrium with c_H = implied_c_H); endpoint=interior
logistic,2,0.6062869461698023,grid,0.12477163246020262,0.5399999999999999,1.8838905057472495,0.39127755217094984,0.19124429574490145,0.29126092395792563,0.46844569296844424,5.177391218081686,13.159472534785811,14.159472534785811,0.5193216358146161,0.0024117851141662594,true,2.7755575615628914e-17,analytical (full-order equilibrium with c_H = implied_c_H); endpoint=interior
logistic,2,0.6057092997232272,grid,0.12534927890677772,0.5425000000000003,1.8718111494266043,0.3927170201174583,0.19218019465851063,0.29244860738798445,0.46933645554098835,5.172577497693561,13.159472534785811,14.159472534785811,0.5159917867257824,0.0024117851141662594,true,5.551115123125783e-17,analytical (full-order equilibrium with c_H = implied_c_H); endpoint=interior
logistic,2,0.6051316532766522,grid,0.1259269253533527,0.5450000000000002,1.8597681536515274,0.39415401329156374,0.1931167470490289,0.29363538017029633,0.4702265351277223,5.167763777305435,13.159472534785811,14.159472534785811,0.5126719609466611,0.0024117851141662594,true,5.551115123125783e-17,analytical (full-order equilibrium with c_H = implied_c_H); endpoint=interior
logistic,2,0.6045540068300772,grid,0.1265045717999277,0.5475,1.8477611108533434,0.395588541212567,0.19405395565681807,0.29482124843469254,0.4711159363260194,5.16295005691731,13.159472534785811,14.159472534785811,0.5093620461250586,0.0024117851141662594,true,5.551115123125783e-17,analytical (full-order equilibrium with c_H = implied_c_H); endpoint=interior
logistic,2,0.6039763603835022,grid,0.12708221824650268,0.5499999999999999,1.8357896186688887,0.39702061335315536,0.19499182322687156,0.29600621829001345,0.4720046637175101,5.158136336529186,13.159472534785811,14.159472534785811,0.5060619313437557,0.0024117851141662594,true,5.551115123125783e-17,analytical (full-order equilibrium with c_H = implied_c_H); endpoint=interior
logistic,2,0.6033987139369272,grid,0.12765986469307766,0.5524999999999998,1.8238532798434341,0.3984502391397101,0.19593035250885527,0.2971902958242827,0.472892721868212,5.153322616141061,13.159472534785811,14.159472534785811,0.5027715070937465,0.0024117851141662594,true,5.551115123125783e-17,analytical (full-order equilibrium with c_H = implied_c_H); endpoint=interior
logistic,2,0.6028210674903521,grid,0.12823751113965276,0.5550000000000002,1.8119517021357563,0.3998774279526142,0.1968695462571512,0.2983734871048827,0.47378011532866204,5.148508895752935,13.159472534785811,14.159472534785811,0.49949066524807123,0.0024117851141662594,true,2.7755575615628914e-17,analytical (full-order equilibrium with c_H = implied_c_H); endpoint=interior
logistic,2,0.6022434210437771,grid,0.12881515758622775,0.5575000000000001,1.8000844982253403,0.4013021891265557,0.1978094072308986,0.29955579817872713,0.47466684863404535,5.14369517536481,13.159472534785811,14.159472534785811,0.49621929903623385,0.0024117851141662594,true,1.1102230246251565e-16,analytical (full-order equilibrium with c_H = implied_c_H); endpoint=interior
logistic,2,0.6016657745972022,grid,0.12939280403280273,0.5599999999999999,1.7882512856216153,0.4027245319508306,0.19874993819403738,0.300737235072434,0.4755529263043255,5.138881454976685,13.159472534785811,14.159472534785811,0.49295730301918234,0.0024117851141662594,true,5.551115123125783e-17,analytical (full-order equilibrium with c_H = implied_c_H); endpoint=interior
logistic,2,0.6010881281506272,grid,0.12997045047937772,0.5624999999999999,1.776451686575211,0.40414446566964074,0.19969114191534992,0.30191780379249533,0.4764383528443715,5.134067734588561,13.159472534785811,14.159472534785811,0.48970457306484527,0.0024117851141662594,true,5.551115123125783e-17,analytical (full-order equilibrium with c_H = implied_c_H); endpoint=interior
logistic,2,0.6005104817040521,grid,0.13054809692595282,0.5650000000000002,1.7646853279911396,0.4055619994823925,0.2006330211685041,0.3030975103254483,0.4773231327440862,5.129254014200434,13.159472534785811,14.159472534785811,0.4864610063241989,0.0024117851141662594,true,5.551115123125783e-17,analytical (full-order equilibrium with c_H = implied_c_H); endpoint=interior
logistic,2,0.5999328352574771,grid,0.1311257433725278,0.5675000000000001,1.7529518413438934,0.4069771425439894,0.20157557873209506,0.30427636063804225,0.4782072704785317,5.1244402938123095,13.159472534785811,14.159472534785811,0.4832265012078626,0.0024117851141662594,true,5.551115123125783e-17,analytical (full-order equilibrium with c_H = implied_c_H); endpoint=interior
logistic,2,0.5993551888109021,grid,0.1317033898191028,0.57,1.7412508625943528,0.408389903965127,0.20251881738968952,0.3054543606774083,0.4790907705080562,5.119626573424185,13.159472534785811,14.159472534785811,0.4800009573631936,0.0024117851141662594,true,2.7755575615628914e-17,analytical (full-order equilibrium with c_H = implied_c_H); endpoint=interior
logistic,2,0.5987775423643271,grid,0.13228103626567778,0.5724999999999999,1.7295820321085293,0.40980029281258074,0.20346273992986671,0.3066315163712237,0.4799736372784178,5.114812853036059,13.159472534785811,14.159472534785811,0.47678427565188697,0.0024117851141662594,true,5.551115123125783e-17,analytical (full-order equilibrium with c_H = implied_c_H); endpoint=interior
logistic,2,0.5981998959177521,grid,0.13285868271225276,0.5749999999999997,1.7179449945780167,0.4112083181094958,0.20440734914626332,0.30780783362787956,0.48085587522090967,5.109999132647935,13.159472534785811,14.159472534785811,0.47357635812804727,0.0024117851141662594,true,8.326672684688674e-17,analytical (full-order equilibrium with c_H = implied_c_H); endpoint=interior
logistic,2,0.597622249471177,grid,0.13343632915882786,0.5775000000000001,1.7063393989421765,0.41261398883567146,0.20535264783761473,0.3089833183366431,0.48173748875248235,5.105185412259809,13.159472534785811,14.159472534785811,0.4703771080167374,0.0024117851141662594,true,2.7755575615628914e-17,analytical (full-order equilibrium with c_H = implied_c_H); endpoint=interior
logistic,2,0.597044603024602,grid,0.13401397560540285,0.5800000000000001,1.694764898311971,0.4140173139278437,0.20629863880779853,0.3101579763678211,0.48261848227586585,5.100371691871684,13.159472534785811,14.159472534785811,0.46718642969298235,0.0024117851141662594,true,5.551115123125783e-17,analytical (full-order equilibrium with c_H = implied_c_H); endpoint=interior
logistic,2,0.5964669565780271,grid,0.13459162205197783,0.5824999999999999,1.683221149895388,0.41541830227996857,0.20724532486587857,0.31133181357292355,0.4834988601796927,5.095557971483559,13.159472534785811,14.159472534785811,0.46400422866121144,0.0024117851141662594,true,5.551115123125783e-17,analytical (full-order equilibrium with c_H = implied_c_H); endpoint=interior
logistic,2,0.5958893101314521,grid,0.13516926849855282,0.5849999999999999,1.671707814924473,0.4168169627434999,0.20819270882614754,0.3125048357848237,0.48437862683861777,5.090744251095434,13.159472534785811,14.159472534785811,0.46083041153514365,0.0024117851141662594,true,5.551115123125783e-17,analytical (full-order equilibrium with c_H = implied_c_H); endpoint=interior
logistic,2,0.595311663684877,grid,0.13574691494512792,0.5875000000000001,1.660224558583872,0.4182133041276662,0.2091407935081704,0.3136770488179183,0.4852577866134387,5.085930530707309,13.159472534785811,14.159472534785811,0.4576648860180892,0.0024117851141662594,true,5.551115123125783e-17,analytical (full-order equilibrium with c_H = implied_c_H); endpoint=interior
logistic,2,0.594734017238302,grid,0.1363245613917029,0.5900000000000001,1.648771049940879,0.4196073351997453,0.21008958173682757,0.31484845846828646,0.48613634385121485,5.081116810319184,13.159472534785811,14.159472534785811,0.45450756088366656,0.0024117851141662594,true,5.551115123125783e-17,analytical (full-order equilibrium with c_H = implied_c_H); endpoint=interior
logistic,2,0.594156370791727,grid,0.1369022078382779,0.5924999999999999,1.6373469618769243,0.42099906468533704,0.21103907634235908,0.31601907051384803,0.48701430288538605,5.076303089931058,13.159472534785811,14.159472534785811,0.4513583459569159,0.0024117851141662594,true,1.1102230246251565e-16,analytical (full-order equilibrium with c_H = implied_c_H); endpoint=interior
logistic,2,0.593578724345152,grid,0.13747985428485288,0.5949999999999999,1.6259519710204913,0.42238850126863436,0.21198928016040813,0.3171888907145213,0.48789166803589096,5.071489369542934,13.159472534785811,14.159472534785811,0.44821715209580654,0.0024117851141662594,true,5.551115123125783e-17,analytical (full-order equilibrium with c_H = implied_c_H); endpoint=interior
logistic,2,0.5930010778985769,grid,0.13805750073142797,0.5975000000000003,1.61458575768141,0.4237756535926911,0.2129401960320649,0.318357924812378,0.4887684436092835,5.066675649154808,13.159472534785811,14.159472534785811,0.44508389117312447,0.0024117851141662594,true,5.551115123125783e-17,analytical (full-order equilibrium with c_H = implied_c_H); endpoint=interior
logistic,2,0.5924234314520019,grid,0.13863514717800296,0.6000000000000001,1.6032480057865135,0.42516053025968753,0.21389182680390942,0.3195261785317985,0.4896446338988489,5.0618619287666835,13.159472534785811,14.159472534785811,0.4419584760587347,0.0024117851141662594,true,5.551115123125783e-17,analytical (full-order equilibrium with c_H = implied_c_H); endpoint=interior
logistic,2,0.591845785005427,grid,0.13921279362457795,0.6025,1.5919384028165722,0.4265431398311966,0.2148441753280572,0.3206936575796269,0.4905202431847202,5.057048208378558,13.159472534785811,14.159472534785811,0.4388408206021963,0.0024117851141662594,true,8.326672684688674e-17,analytical (full-order equilibrium with c_H = implied_c_H); endpoint=interior
logistic,2,0.591268138558852,grid,0.13979044007115293,0.6049999999999999,1.5806566397445476,0.42792349082844455,0.215797244462202,0.3218603676453233,0.49139527573399244,5.052234487990433,13.159472534785811,14.159472534785811,0.43573083961574144,0.0024117851141662594,true,5.551115123125783e-17,analytical (full-order equilibrium with c_H = implied_c_H); endpoint=interior
logistic,2,0.5906904921122769,grid,0.14036808651772803,0.6075000000000003,1.5694024109750604,0.42930159173257254,0.21675103706966128,0.3230263144011169,0.49226973580083766,5.047420767602308,13.159472534785811,14.159472534785811,0.43262844885758867,0.0024117851141662594,true,5.551115123125783e-17,analytical (full-order equilibrium with c_H = implied_c_H); endpoint=interior
logistic,2,0.5901128456657019,grid,0.14094573296430302,0.6100000000000001,1.5581754142851123,0.4306774509848931,0.21770555601941885,0.324191503502156,0.493143627626617,5.042607047214183,13.159472534785811,14.159472534785811,0.4295335650156021,0.0024117851141662594,true,5.551115123125783e-17,analytical (full-order equilibrium with c_H = implied_c_H); endpoint=interior
logistic,2,0.5895351992191269,grid,0.141523379410878,0.6125,1.5469753507659558,0.432051076987148,0.21866080418617087,0.32535594058665945,0.4940169554399946,5.0377933268260575,13.159472534785811,14.159472534785811,0.4264461056912669,0.0024117851141662594,true,5.551115123125783e-17,analytical (full-order equilibrium with c_H = implied_c_H); endpoint=interior
logistic,2,0.5889575527725519,grid,0.142101025857453,0.6149999999999999,1.5358019247661507,0.4334224781017622,0.21961678445036925,0.32651963127606576,0.4948897234570493,5.032979606437933,13.159472534785811,14.159472534785811,0.42336598938399206,0.0024117851141662594,true,5.551115123125783e-17,analytical (full-order equilibrium with c_H = implied_c_H); endpoint=interior
logistic,2,0.5883799063259769,grid,0.14267867230402798,0.6174999999999998,1.5246548438357284,0.4347916626520966,0.2205734996982677,0.3276825811751822,0.4957619358813866,5.028165886049808,13.159472534785811,14.159472534785811,0.4202931354757185,0.0024117851141662594,true,1.1102230246251565e-16,analytical (full-order equilibrium with c_H = implied_c_H); endpoint=interior
logistic,2,0.5878022598794018,grid,0.14325631875060307,0.6200000000000002,1.513533818671484,0.43615863892269785,0.22153095282196475,0.3288447958723313,0.49663359690424846,5.023352165661683,13.159472534785811,14.159472534785811,0.41722746421583806,0.0024117851141662594,true,5.551115123125783e-17,analytical (full-order equilibrium with c_H = implied_c_H); endpoint=interior
logistic,2,0.5872246134328268,grid,0.14383396519717806,0.6225,1.5024385630633206,0.43752341515954685,0.22248914671944955,0.3300062809394982,0.49750471070462365,5.018538445273557,13.159472534785811,14.159472534785811,0.4141688967064025,0.0024117851141662594,true,1.6653345369377348e-16,analytical (full-order equilibrium with c_H = implied_c_H); endpoint=interior
logistic,2,0.5866469669862518,grid,0.14441161164375305,0.6249999999999999,1.491368793841645,0.43888599957030633,0.2234480842946473,0.3311670419324768,0.4983752814493576,5.013724724885432,13.159472534785811,14.159472534785811,0.4111173548876222,0.0024117851141662594,true,5.551115123125783e-17,analytical (full-order equilibrium with c_H = implied_c_H); endpoint=interior
logistic,2,0.5860693205396769,grid,0.14498925809032803,0.6274999999999998,1.4803242308257942,0.4402464003245655,0.22440776845746374,0.33232708439101466,0.499245313293261,5.008911004497308,13.159472534785811,14.159472534785811,0.4080727615236495,0.0024117851141662594,true,1.1102230246251565e-16,analytical (full-order equilibrium with c_H = implied_c_H); endpoint=interior
logistic,2,0.5854916740931018,grid,0.14556690453690313,0.6300000000000002,1.4693045967734577,0.44160462555408353,0.22536820212383105,0.3334864138389573,0.5001148103792179,5.004097284109181,13.159472534785811,14.159472534785811,0.405035040188636,0.0024117851141662594,true,2.7755575615628914e-17,analytical (full-order equilibrium with c_H = implied_c_H); endpoint=interior
logistic,2,0.5849140276465268,grid,0.14614455098347812,0.6325000000000001,1.4583096173310854,0.4429606833530279,0.22632938821575121,0.33464503578438953,0.5009837768382921,4.999283563721057,13.159472534785811,14.159472534785811,0.4020041152530618,0.0024117851141662594,true,1.6653345369377348e-16,analytical (full-order equilibrium with c_H = implied_c_H); endpoint=interior
logistic,2,0.5843363811999518,grid,0.1467221974300531,0.635,1.4473390209852064,0.4443145817782185,0.22729132966134527,0.33580295571978186,0.5018522167898364,4.994469843332932,13.159472534785811,14.159472534785811,0.3989799118703159,0.0024117851141662594,true,2.7755575615628914e-17,analytical (full-order equilibrium with c_H = implied_c_H); endpoint=interior
logistic,2,0.5837587347533768,grid,0.1472998438766281,0.6374999999999998,1.4363925390147343,0.44566632884936125,0.2282540293948951,0.33696017912212817,0.5027201343415961,4.989656122944807,13.159472534785811,14.159472534785811,0.3959623559635484,0.0024117851141662594,true,5.551115123125783e-17,analytical (full-order equilibrium with c_H = implied_c_H); endpoint=interior
logistic,2,0.5831810883068018,grid,0.14787749032320308,0.6399999999999998,1.4254699054441262,0.44701593254928645,0.2292174903568922,0.3381167114530893,0.503587533589817,4.984842402556682,13.159472534785811,14.159472534785811,0.3929513742127582,0.0024117851141662594,true,5.551115123125783e-17,analytical (full-order equilibrium with c_H = implied_c_H); endpoint=interior
logistic,2,0.5826034418602267,grid,0.14845513676977817,0.6425000000000001,1.414570856997469,0.44836340082418097,0.2301817154940814,0.33927255815913115,0.5044544186193484,4.980028682168556,13.159472534785811,14.159472534785811,0.3899468940421362,0.0024117851141662594,true,5.551115123125783e-17,analytical (full-order equilibrium with c_H = implied_c_H); endpoint=interior
logistic,2,0.5820257954136517,grid,0.14903278321635316,0.645,1.4036951330533955,0.4497087415838215,0.231146707759508,0.34042772467166477,0.5053207935037486,4.9752149617804315,13.159472534785811,14.159472534785811,0.386948843607637,0.0024117851141662594,true,5.551115123125783e-17,analytical (full-order equilibrium with c_H = implied_c_H); endpoint=interior
logistic,2,0.5814481489670768,grid,0.14961042966292815,0.6474999999999999,1.3928424756008628,0.4510519627018053,0.23211247011256408,0.34158221640718467,0.5061866623053886,4.970401241392307,13.159472534785811,14.159472534785811,0.383957151784789,0.0024117851141662594,true,8.326672684688674e-17,analytical (full-order equilibrium with c_H = implied_c_H); endpoint=interior
logistic,2,0.5808705025205017,grid,0.15018807610950324,0.6500000000000002,1.382012629195748,0.45239307201577883,0.23307900551903446,0.34273603876740666,0.507052029075555,4.96558752100418,13.159472534785811,14.159472534785811,0.3809717481567292,0.0024117851141662594,true,1.1102230246251565e-16,analytical (full-order equilibrium with c_H = implied_c_H); endpoint=interior
logistic,2,0.5802928560739267,grid,0.15076572255607823,0.6525000000000002,1.3712053409182594,0.45373207732766385,0.23404631695114256,0.3438891971394032,0.5079168978545524,4.960773800616056,13.159472534785811,14.159472534785811,0.37799256300246287,0.0024117851141662594,true,5.551115123125783e-17,analytical (full-order equilibrium with c_H = implied_c_H); endpoint=interior
logistic,2,0.5797152096273517,grid,0.15134336900265322,0.655,1.360420360331104,0.4550689864038853,0.2350144073875988,0.34504169689574204,0.5087812726718065,4.955960080227931,13.159472534785811,14.159472534785811,0.37501952728533194,0.0024117851141662594,true,5.551115123125783e-17,analytical (full-order equilibrium with c_H = implied_c_H); endpoint=interior
logistic,2,0.5791375631807767,grid,0.1519210154492282,0.6575,1.349657439438465,0.4564038069755923,0.23598327981364506,0.34619354339461866,0.509645157545964,4.951146359839806,13.159472534785811,14.159472534785811,0.37205257264170655,0.0024117851141662594,true,5.551115123125783e-17,analytical (full-order equilibrium with c_H = implied_c_H); endpoint=interior
logistic,2,0.5785599167342017,grid,0.1524986618958032,0.6599999999999998,1.338916332645686,0.45773654673888264,0.23695293722110353,0.3473447419799931,0.5105085564849948,4.946332639451681,13.159472534785811,14.159472534785811,0.3690916313698714,0.0024117851141662594,true,5.551115123125783e-17,analytical (full-order equilibrium with c_H = implied_c_H); endpoint=interior
logistic,2,0.5779822702876267,grid,0.15307630834237818,0.6624999999999998,1.3281967967197201,0.4590672133550219,0.23792338260842277,0.3484952979817223,0.5113714734862917,4.941518919063556,13.159472534785811,14.159472534785811,0.36613663641912286,0.0024117851141662594,true,1.1102230246251565e-16,analytical (full-order equilibrium with c_H = implied_c_H); endpoint=interior
logistic,2,0.5774046238410516,grid,0.15365395478895327,0.665,1.3174985907502745,0.4603958144506627,0.23889461898072487,0.34964521671569376,0.5122339125367703,4.936705198675431,13.159472534785811,14.159472534785811,0.36318752137905824,0.0024117851141662594,true,1.6653345369377348e-16,analytical (full-order equilibrium with c_H = implied_c_H); endpoint=interior
logistic,2,0.5768269773944766,grid,0.15423160123552826,0.6675,1.3068214761116668,0.4617223576180615,0.23986664934985302,0.35079450348395724,0.5130958776129679,4.931891478287306,13.159472534785811,14.159472534785811,0.3602442204690605,0.0024117851141662594,true,5.551115123125783e-17,analytical (full-order equilibrium with c_H = implied_c_H); endpoint=interior
logistic,2,0.5762493309479015,grid,0.15480924768210336,0.6700000000000004,1.2961652164253494,0.46304685041529564,0.240839476734419,0.35194316357485733,0.513957372681143,4.92707775789918,13.159472534785811,14.159472534785811,0.357306668527968,0.0024117851141662594,true,8.326672684688674e-17,analytical (full-order equilibrium with c_H = implied_c_H); endpoint=interior
logistic,2,0.5756716845013266,grid,0.15538689412867834,0.6725000000000002,1.285529577523119,0.46436930036647545,0.2418131041598507,0.35309120226316304,0.5148184016973723,4.922264037511055,13.159472534785811,14.159472534785811,0.3543748010039321,0.0024117851141662594,true,1.1102230246251565e-16,analytical (full-order equilibrium with c_H = implied_c_H); endpoint=interior
logistic,2,0.5750940380547516,grid,0.15596454057525333,0.6750000000000002,1.274914327410957,0.4656897149619588,0.24278753465844036,0.3542386248101996,0.5156789686076497,4.91745031712293,13.159472534785811,14.159472534785811,0.3514485539444499,0.0024117851141662594,true,5.551115123125783e-17,analytical (full-order equilibrium with c_H = implied_c_H); endpoint=interior
logistic,2,0.5745163916081766,grid,0.15654218702182832,0.6775,1.2643192362335325,0.4670081016585605,0.24376277126939166,0.3553854364639761,0.5165390773479821,4.912636596734806,13.159472534785811,14.159472534785811,0.3485278639865786,0.0024117851141662594,true,5.551115123125783e-17,analytical (full-order equilibrium with c_H = implied_c_H); endpoint=interior
logistic,2,0.5739387451616016,grid,0.1571198334684033,0.6799999999999999,1.2537440762393024,0.4683244678797622,0.2447388170388689,0.35653164245931557,0.5173987318444867,4.90782287634668,13.159472534785811,14.159472534785811,0.3456126683473148,0.0024117851141662594,true,5.551115123125783e-17,analytical (full-order equilibrium with c_H = implied_c_H); endpoint=interior
logistic,2,0.5733610987150266,grid,0.1576974799149783,0.6824999999999998,1.2431886217462371,0.46963882101592086,0.2457156750200444,0.3576772480179826,0.5182579360134869,4.903009155958555,13.159472534785811,14.159472534785811,0.3427029048141465,0.0024117851141662594,true,1.1102230246251565e-16,analytical (full-order equilibrium with c_H = implied_c_H); endpoint=interior
logistic,2,0.5727834522684515,grid,0.1582751263615534,0.6850000000000002,1.2326526491081347,0.47095116842447476,0.2466933482731477,0.3588222583488112,0.5191166937616084,4.89819543557043,13.159472534785811,14.159472534785811,0.33979851173576686,0.0024117851141662594,true,5.551115123125783e-17,analytical (full-order equilibrium with c_H = implied_c_H); endpoint=interior
logistic,2,0.5722058058218765,grid,0.15885277280812837,0.6875,1.2221359366815259,0.4722615174301468,0.24767183986551292,0.3599666786478299,0.5199750089858723,4.893381715182305,13.159472534785811,14.159472534785811,0.3368994280129514,0.0024117851141662594,true,1.3877787807814457e-16,analytical (full-order equilibrium with c_H = implied_c_H); endpoint=interior
logistic,2,0.5716281593753015,grid,0.15943041925470336,0.69,1.2116382647931252,0.473569875325151,0.2486511528716292,0.3611105140983901,0.5208328855737926,4.88856799479418,13.159472534785811,14.159472534785811,0.3340055930895853,0.0024117851141662594,true,5.551115123125783e-17,analytical (full-order equilibrium with c_H = implied_c_H); endpoint=interior
logistic,2,0.5710505129287264,grid,0.16000806570127846,0.6925000000000003,1.2011594157078611,0.47487624936939227,0.24963129037318857,0.36225376987129043,0.5216903274034679,4.883754274406054,13.159472534785811,14.159472534785811,0.3311169469438501,0.0024117851141662594,true,1.6653345369377348e-16,analytical (full-order equilibrium with c_H = implied_c_H); endpoint=interior
logistic,2,0.5704728664821515,grid,0.16058571214785344,0.6950000000000002,1.190699173597446,0.47618064679066646,0.25061225545913485,0.36339645112490065,0.5225473383436755,4.878940554017929,13.159472534785811,14.159472534785811,0.32823343007956024,0.0024117851141662594,true,5.551115123125783e-17,analytical (full-order equilibrium with c_H = implied_c_H); endpoint=interior
logistic,2,0.5698952200355765,grid,0.16116335859442843,0.6975,1.180257324509454,0.4774830747848619,0.25159405122571454,0.3645385630052882,0.5234039222539661,4.874126833629804,13.159472534785811,14.159472534785811,0.3253549835176385,0.0024117851141662594,true,5.551115123125783e-17,analytical (full-order equilibrium with c_H = implied_c_H); endpoint=interior
logistic,2,0.5693175735890015,grid,0.16174100504100342,0.7,1.169833656336962,0.4787835405161536,0.2525766807765238,0.3656801106463387,0.524260082984754,4.869313113241679,13.159472534785811,14.159472534785811,0.32248154878774676,0.0024117851141662594,true,0.0,analytical (full-order equilibrium with c_H = implied_c_H); endpoint=interior
logistic,2,0.5687399271424265,grid,0.1623186514875784,0.7024999999999998,1.159427958788653,0.4800820511172024,0.2535601472225604,0.36682109916988137,0.525115824377411,4.8644993928535545,13.159472534785811,14.159472534785811,0.3196130679200455,0.0024117851141662594,true,0.0,analytical (full-order equilibrium with c_H = implied_c_H); endpoint=interior
logistic,2,0.5681622806958515,grid,0.1628962979341534,0.7049999999999997,1.1490400233594453,0.48137861368934753,0.25454445368227213,0.36796153368580986,0.5259711502643574,4.85968567246543,13.159472534785811,14.159472534785811,0.3167494834370966,0.0024117851141662594,true,5.551115123125783e-17,analytical (full-order equilibrium with c_H = implied_c_H); endpoint=interior
logistic,2,0.5675846342492764,grid,0.1634739443807285,0.7075000000000001,1.1386696433015966,0.4826732353028019,0.2555296032816077,0.36910141929220475,0.5268260644691536,4.854871952077303,13.159472534785811,14.159472534785811,0.3138907383458976,0.0024117851141662594,true,1.1102230246251565e-16,analytical (full-order equilibrium with c_H = implied_c_H); endpoint=interior
logistic,2,0.5670069878027014,grid,0.16405159082730347,0.71,1.1283166135962948,0.48396592299684116,0.25651559915406547,0.37024076107545334,0.52768057080659,4.850058231689179,13.159472534785811,14.159472534785811,0.3110367761300511,0.0024117851141662594,true,5.551115123125783e-17,analytical (full-order equilibrium with c_H = implied_c_H); endpoint=interior
logistic,2,0.5664293413561264,grid,0.16462923727387846,0.7124999999999999,1.1179807309256862,0.48525668377999814,0.25750244444074594,0.37137956411037204,0.528534673082779,4.845244511301054,13.159472534785811,14.159472534785811,0.3081875407420531,0.0024117851141662594,true,5.551115123125783e-17,analytical (full-order equilibrium with c_H = implied_c_H); endpoint=interior
logistic,2,0.5658516949095513,grid,0.16520688372045356,0.7150000000000002,1.1076617936453923,0.4865455246302491,0.2584901422904008,0.37251783346032497,0.5293883750952437,4.8404307909129285,13.159472534785811,14.159472534785811,0.3053429765957176,0.0024117851141662594,true,1.1102230246251565e-16,analytical (full-order equilibrium with c_H = implied_c_H); endpoint=interior
logistic,2,0.5652740484629764,grid,0.16578453016702854,0.7175000000000001,1.0973596017574556,0.48783245249520196,0.25947869585948347,0.37365557417734274,0.530241680633007,4.835617070524803,13.159472534785811,14.159472534785811,0.3025030285587178,0.0024117851141662594,true,1.1102230246251565e-16,analytical (full-order equilibrium with c_H = implied_c_H); endpoint=interior
logistic,2,0.5646964020164014,grid,0.16636217661360353,0.72,1.0870739568837084,0.4891174742922843,0.26046810831220113,0.37479279130224274,0.5310945934766821,4.830803350136678,13.159472534785811,14.159472534785811,0.29966764194524587,0.0024117851141662594,true,5.551115123125783e-17,analytical (full-order equilibrium with c_H = implied_c_H); endpoint=interior
logistic,2,0.5641187555698264,grid,0.16693982306017852,0.7224999999999999,1.0768046622395873,0.4904005969089277,0.2614583828205655,0.3759294898647466,0.5319471173985599,4.825989629748554,13.159472534785811,14.159472534785811,0.29683676250879376,0.0024117851141662594,true,5.551115123125783e-17,analytical (full-order equilibrium with c_H = implied_c_H); endpoint=interior
logistic,2,0.5635411091232514,grid,0.1675174695067535,0.7249999999999998,1.0665515226083582,0.4916818272027506,0.26244952256444337,0.377065674883597,0.5327992561626977,4.821175909360429,13.159472534785811,14.159472534785811,0.2940103364350483,0.0024117851141662594,true,2.220446049250313e-16,analytical (full-order equilibrium with c_H = implied_c_H); endpoint=interior
logistic,2,0.5629634626766763,grid,0.1680951159533286,0.7275000000000001,1.0563143443157392,0.4929611720017433,0.26344153073160914,0.3782013513666762,0.5336510135250072,4.8163621889723025,13.159472534785811,14.159472534785811,0.2911883103348955,0.0024117851141662594,true,1.1102230246251565e-16,analytical (full-order equilibrium with c_H = implied_c_H); endpoint=interior
logistic,2,0.5623858162301013,grid,0.1686727623999036,0.7300000000000001,1.046092935204936,0.4942386381044464,0.2644344105177957,0.3793365243111211,0.5345023932333408,4.811548468584178,13.159472534785811,14.159472534785811,0.2883706312375388,0.0024117851141662594,true,5.551115123125783e-17,analytical (full-order equilibrium with c_H = implied_c_H); endpoint=interior
logistic,2,0.5618081697835263,grid,0.16925040884647857,0.7324999999999999,1.035887104612051,0.4955142322801336,0.26542816512674716,0.38047119870344037,0.5353533990275803,4.806734748196053,13.159472534785811,14.159472534785811,0.2855572465837202,0.0024117851141662594,true,5.551115123125783e-17,analytical (full-order equilibrium with c_H = implied_c_H); endpoint=interior
logistic,2,0.5612305233369513,grid,0.16982805529305356,0.7349999999999999,1.0256966633418958,0.49678796126898767,0.2664227977702699,0.3816053795196288,0.5362040346397217,4.8019210278079285,13.159472534785811,14.159472534785811,0.28274810421905255,0.0024117851141662594,true,5.551115123125783e-17,analytical (full-order equilibrium with c_H = implied_c_H); endpoint=interior
logistic,2,0.5606528768903762,grid,0.17040570173962866,0.7375000000000002,1.015521423644148,0.49805983178228086,0.2674183116682862,0.38273907172528354,0.5370543037939627,4.797107307419802,13.159472534785811,14.159472534785811,0.27994315238744694,0.0024117851141662594,true,5.551115123125783e-17,analytical (full-order equilibrium with c_H = implied_c_H); endpoint=interior
logistic,2,0.5600752304438013,grid,0.17098334818620364,0.7400000000000001,1.0053611991899072,0.4993298505025478,0.2684147100488852,0.3838722802757165,0.5379042102067874,4.792293587031677,13.159472534785811,14.159472534785811,0.2771423397246499,0.0024117851141662594,true,1.1102230246251565e-16,analytical (full-order equilibrium with c_H = implied_c_H); endpoint=interior
logistic,2,0.5594975839972263,grid,0.17156099463277863,0.7424999999999999,0.9952158050485699,0.5005980240837644,0.2694119961483772,0.3850050101160708,0.5387537575870531,4.787479866643553,13.159472534785811,14.159472534785811,0.2743456152518688,0.0024117851141662594,true,0.0,analytical (full-order equilibrium with c_H = implied_c_H); endpoint=interior
logistic,2,0.5589199375506513,grid,0.17213864107935362,0.7449999999999999,0.9850850576650932,0.5018643591515182,0.27041017321134536,0.38613726618143174,0.5396029496360738,4.782666146255428,13.159472534785811,14.159472534785811,0.2715529283695041,0.0024117851141662594,true,1.1102230246251565e-16,analytical (full-order equilibrium with c_H = implied_c_H); endpoint=interior
logistic,2,0.5583422911040762,grid,0.1727162875259287,0.7475000000000003,0.9749687748375665,0.5031288623031827,0.2714092444906998,0.38726905339694123,0.5404517900477059,4.777852425867302,13.159472534785811,14.159472534785811,0.26876422885096674,0.0024117851141662594,true,5.551115123125783e-17,analytical (full-order equilibrium with c_H = implied_c_H); endpoint=interior
logistic,2,0.5577646446575012,grid,0.1732939339725037,0.7500000000000001,0.9648667756951487,0.5043915401080878,0.2724092132477298,0.38840037667790883,0.5413002825084317,4.773038705479177,13.159472534785811,14.159472534785811,0.2659794668365962,0.0024117851141662594,true,1.1102230246251565e-16,analytical (full-order equilibrium with c_H = implied_c_H); endpoint=interior
logistic,2,0.5571869982109262,grid,0.1738715804190787,0.7525000000000001,0.954778880676301,0.5056523991076917,0.27341008275215894,0.3895312409299253,0.542148430697444,4.768224985091052,13.159472534785811,14.159472534785811,0.26319859282766,0.0024117851141662594,true,1.1102230246251565e-16,analytical (full-order equilibrium with c_H = implied_c_H); endpoint=interior
logistic,2,0.5566093517643512,grid,0.17444922686565367,0.7549999999999999,0.9447049115073741,0.506911445815747,0.27441185628219694,0.390661651048972,0.542996238286729,4.763411264702927,13.159472534785811,14.159472534785811,0.26042155768045117,0.0024117851141662594,true,1.1102230246251565e-16,analytical (full-order equilibrium with c_H = implied_c_H); endpoint=interior
logistic,2,0.5560317053177762,grid,0.17502687331222866,0.7574999999999998,0.934644691181476,0.5081686867184713,0.2754145371245957,0.39179161192153344,0.5438437089411501,4.758597544314802,13.159472534785811,14.159472534785811,0.25764831260046256,0.0024117851141662594,true,1.1102230246251565e-16,analytical (full-order equilibrium with c_H = implied_c_H); endpoint=interior
logistic,2,0.5554540588712011,grid,0.17560451975880376,0.7600000000000001,0.9245980439376708,0.5094241282747126,0.27641812857470244,0.3929211284247075,0.5446908463185306,4.7537838239266765,13.159472534785811,14.159472534785811,0.2548788091366528,0.0024117851141662594,true,0.0,analytical (full-order equilibrium with c_H = implied_c_H); endpoint=interior
logistic,2,0.5548764124246262,grid,0.17618216620537874,0.7625000000000001,0.9145647952404807,0.510677776916114,0.27742263393651345,0.39405020542631375,0.5455376540697353,4.748970103538552,13.159472534785811,14.159472534785811,0.2521129991757958,0.0024117851141662594,true,5.551115123125783e-17,analytical (full-order equilibrium with c_H = implied_c_H); endpoint=interior
logistic,2,0.5542987659780512,grid,0.17675981265195373,0.7649999999999999,0.9045447717596531,0.5119296390472797,0.27842805652273045,0.3951788477850051,0.5463841358387538,4.744156383150426,13.159472534785811,14.159472534785811,0.24935083493690327,0.0024117851141662594,true,1.1102230246251565e-16,analytical (full-order equilibrium with c_H = implied_c_H); endpoint=interior
logistic,2,0.5537211195314762,grid,0.17733745909852872,0.7674999999999998,0.8945378013502439,0.5131797210459371,0.2794343996548144,0.3963070603503758,0.5472302952627819,4.739342662762302,13.159472534785811,14.159472534785811,0.2465922689657342,0.0024117851141662594,true,1.1102230246251565e-16,analytical (full-order equilibrium with c_H = implied_c_H); endpoint=interior
logistic,2,0.5531434730849011,grid,0.1779151055451038,0.7700000000000002,0.8845437130329739,0.5144280292630992,0.28044166666304116,0.39743484796307016,0.5480761359723026,4.734528942374176,13.159472534785811,14.159472534785811,0.24383725412938004,0.0024117851141662594,true,1.1102230246251565e-16,analytical (full-order equilibrium with c_H = implied_c_H); endpoint=interior
logistic,2,0.5525658266383261,grid,0.1784927519916788,0.7725000000000001,0.8745623369748616,0.5156745700232251,0.2814498608865559,0.3985622154548905,0.5489216615911678,4.729715221986051,13.159472534785811,14.159472534785811,0.24108574361092577,0.0024117851141662594,true,1.1102230246251565e-16,analytical (full-order equilibrium with c_H = implied_c_H); endpoint=interior
logistic,2,0.5519881801917511,grid,0.17907039843825379,0.7749999999999999,0.8645935044701188,0.516919349624381,0.28245898567343003,0.3996891676489055,0.5497668757366792,4.724901501597926,13.159472534785811,14.159472534785811,0.2383376909041834,0.0024117851141662594,true,0.0,analytical (full-order equilibrium with c_H = implied_c_H); endpoint=interior
logistic,2,0.5514105337451761,grid,0.17964804488482877,0.7774999999999999,0.8546370479213204,0.5181623743383978,0.2834690443807163,0.40081570935955707,0.5506117820196679,4.720087781209801,13.159472534785811,14.159472534785811,0.23559304980850138,0.0024117851141662594,true,0.0,analytical (full-order equilibrium with c_H = implied_c_H); endpoint=interior
logistic,2,0.550832887298601,grid,0.18022569133140387,0.7800000000000002,0.8446928008208254,0.5194036504110293,0.2844800403745052,0.4019418453927672,0.5514563840445754,4.715274060821676,13.159472534785811,14.159472534785811,0.23285177442364274,0.0024117851141662594,true,5.551115123125783e-17,analytical (full-order equilibrium with c_H = implied_c_H); endpoint=interior
logistic,2,0.550255240852026,grid,0.18080333777797886,0.7825000000000001,0.8347605977324642,0.5206431840621082,0.2854919770299802,0.4030675805460442,0.5523006854095331,4.710460340433551,13.159472534785811,14.159472534785811,0.2301138191447372,0.0024117851141662594,true,1.6653345369377348e-16,analytical (full-order equilibrium with c_H = implied_c_H); endpoint=interior
logistic,2,0.549677594405451,grid,0.18138098422455384,0.785,0.8248402742734455,0.521880981485703,0.28650485773147644,0.4041929196085897,0.5531446897064423,4.705646620045425,13.159472534785811,14.159472534785811,0.22737913865729337,0.0024117851141662594,true,0.0,analytical (full-order equilibrium with c_H = implied_c_H); endpoint=interior
logistic,2,0.5490999479588761,grid,0.18195863067112883,0.7874999999999999,0.8149316670965407,0.5231170488502709,0.28751868587253554,0.4053178673614032,0.5539884005210524,4.700832899657301,13.159472534785811,14.159472534785811,0.22464768793228768,0.0024117851141662594,true,1.1102230246251565e-16,analytical (full-order equilibrium with c_H = implied_c_H); endpoint=interior
logistic,2,0.5485223015123011,grid,0.18253627711770382,0.7899999999999998,0.80503461387248,0.5243513922988119,0.2885334648559635,0.40644242857738766,0.5548318214330408,4.696019179269176,13.159472534785811,14.159472534785811,0.22191942222131164,0.0024117851141662594,true,0.0,analytical (full-order equilibrium with c_H = implied_c_H); endpoint=interior
logistic,2,0.547944655065726,grid,0.1831139235642789,0.7925000000000001,0.795148953272587,0.5255840179490218,0.28954919809388835,0.40756660802145506,0.5556749560160913,4.691205458881051,13.159472534785811,14.159472534785811,0.21919429705178475,0.0024117851141662594,true,1.1102230246251565e-16,analytical (full-order equilibrium with c_H = implied_c_H); endpoint=interior
logistic,2,0.547367008619151,grid,0.1836915700108539,0.795,0.785274524951651,0.5268149318934421,0.290565889007817,0.40869041045062954,0.5565178078379722,4.686391738492925,13.159472534785811,14.159472534785811,0.2164722682222331,0.0024117851141662594,true,5.551115123125783e-17,analytical (full-order equilibrium with c_H = implied_c_H); endpoint=interior
logistic,2,0.546789362172576,grid,0.18426921645742889,0.7974999999999999,0.7754111695310067,0.5280441401996114,0.2915835410286932,0.4098138406141523,0.5573603804606142,4.6815780181048,13.159472534785811,14.159472534785811,0.21375329179762495,0.0024117851141662594,true,0.0,analytical (full-order equilibrium with c_H = implied_c_H); endpoint=interior
logistic,2,0.5462117157260009,grid,0.18484686290400398,0.8000000000000003,0.765558728581837,0.5292716489102148,0.29260215759695646,0.4109369032535857,0.5582026774401893,4.676764297716675,13.159472534785811,14.159472534785811,0.21103732410476786,0.0024117851141662594,true,0.0,analytical (full-order equilibrium with c_H = implied_c_H); endpoint=interior
logistic,2,0.5456340692794259,grid,0.18542450935057897,0.8025000000000002,0.7557170446086984,0.530497464043231,0.29362174216259884,0.4120596031029149,0.5590447023271862,4.67195057732855,13.159472534785811,14.159472534785811,0.2083243217277674,0.0024117851141662594,true,1.1102230246251565e-16,analytical (full-order equilibrium with c_H = implied_c_H); endpoint=interior
logistic,2,0.5450564228328509,grid,0.18600215579715396,0.805,0.7458859610332339,0.5317215915920808,0.2946422981852251,0.4131819448886529,0.5598864586664897,4.667136856940425,13.159472534785811,14.159472534785811,0.20561424150353733,0.0024117851141662594,true,1.1102230246251565e-16,analytical (full-order equilibrium with c_H = implied_c_H); endpoint=interior
logistic,2,0.544478776386276,grid,0.18657980224372894,0.8075,0.736065322178112,0.5329440375257731,0.29566382913411043,0.41430393332994175,0.5607279499974563,4.6623231365523,13.159472534785811,14.159472534785811,0.20290704051737202,0.0024117851141662594,true,1.1102230246251565e-16,analytical (full-order equilibrium with c_H = implied_c_H); endpoint=interior
logistic,2,0.543901129939701,grid,0.18715744869030393,0.8099999999999998,0.7262549732511507,0.5341648077890497,0.29668633848826037,0.415425573138655,0.5615691798539912,4.657509416164175,13.159472534785811,14.159472534785811,0.20020267609857004,0.0024117851141662594,true,1.6653345369377348e-16,analytical (full-order equilibrium with c_H = implied_c_H); endpoint=interior
logistic,2,0.543323483493126,grid,0.18773509513687892,0.8124999999999998,0.7164547603296372,0.5353839083025309,0.29770982973647003,0.41654686901950044,0.5624101517646254,4.652695695776051,13.159472534785811,14.159472534785811,0.1975011058161118,0.0024117851141662594,true,1.1102230246251565e-16,analytical (full-order equilibrium with c_H = implied_c_H); endpoint=interior
logistic,2,0.5427458370465509,grid,0.188312741583454,0.8150000000000001,0.70666453034485,0.5366013449628574,0.2987343063773834,0.4176678256701204,0.5632508692525903,4.647881975387924,13.159472534785811,14.159472534785811,0.1948022874743928,0.0024117851141662594,true,5.551115123125783e-17,analytical (full-order equilibrium with c_H = implied_c_H); endpoint=interior
logistic,2,0.5421681905999759,grid,0.188890388030029,0.8175,0.6968841310667621,0.5378171236428327,0.2997597719195529,0.41878844778119284,0.5640913358358947,4.6430682549997995,13.159472534785811,14.159472534785811,0.19210617910900665,0.0024117851141662594,true,1.1102230246251565e-16,analytical (full-order equilibrium with c_H = implied_c_H); endpoint=interior
logistic,2,0.5415905441534009,grid,0.18946803447660399,0.8199999999999998,0.6871134110889134,0.5390312501915664,0.300786229881501,0.41990874003653367,0.5649315550274002,4.638254534611675,13.159472534785811,14.159472534785811,0.18941273898257519,0.0024117851141662594,true,1.1102230246251565e-16,analytical (full-order equilibrium with c_H = implied_c_H); endpoint=interior
logistic,2,0.5410128977068258,grid,0.19004568092317908,0.8225000000000002,0.6773522198134805,0.540243730434613,0.30181368379177975,0.4210287071131964,0.5657715303348974,4.633440814223548,13.159472534785811,14.159472534785811,0.18672192558063255,0.0024117851141662594,true,2.220446049250313e-16,analytical (full-order equilibrium with c_H = implied_c_H); endpoint=interior
logistic,2,0.5404352512602508,grid,0.19062332736975407,0.8250000000000002,0.6676004074365199,0.5414545701741117,0.3028421371890312,0.42214835368157144,0.5666112652611786,4.628627093835424,13.159472534785811,14.159472534785811,0.18403369760755744,0.0024117851141662594,true,1.1102230246251565e-16,analytical (full-order equilibrium with c_H = implied_c_H); endpoint=interior
logistic,2,0.5398576048136758,grid,0.19120097381632906,0.8275,0.6578578249333626,0.5426637751889263,0.3038715936220498,0.423267684405488,0.567450763304116,4.623813373447299,13.159472534785811,14.159472534785811,0.18134801398254674,0.0024117851141662594,true,1.1102230246251565e-16,analytical (full-order equilibrium with c_H = implied_c_H); endpoint=interior
logistic,2,0.5392799583671009,grid,0.19177862026290404,0.83,0.6481243240442042,0.5438713512347813,0.3049020566498423,0.4243867039423118,0.5682900279567339,4.618999653059174,13.159472534785811,14.159472534785811,0.17866483383564336,0.0024117851141662594,true,0.0,analytical (full-order equilibrium with c_H = implied_c_H); endpoint=interior
logistic,2,0.5387023119205259,grid,0.19235626670947903,0.8324999999999998,0.6383997572598367,0.5450773040443999,0.30593352984169025,0.4255054169430451,0.5691290627072838,4.614185932671049,13.159472534785811,14.159472534785811,0.17598411650380297,0.0024117851141662594,true,0.0,analytical (full-order equilibrium with c_H = implied_c_H); endpoint=interior
logistic,2,0.5381246654739509,grid,0.19293391315605402,0.8349999999999996,0.6286839778075524,0.5462816393276391,0.30696601677721125,0.42662382805242516,0.5699678710393189,4.609372212282924,13.159472534785811,14.159472534785811,0.17330582152700813,0.0024117851141662594,true,5.551115123125783e-17,analytical (full-order equilibrium with c_H = implied_c_H); endpoint=interior
logistic,2,0.5375470190273758,grid,0.1935115596026291,0.8375,0.6189768396371884,0.5474843627716263,0.3079995210464226,0.4277419419090244,0.5708064564317683,4.604558491894799,13.159472534785811,14.159472534785811,0.1706299086444214,0.0024117851141662594,true,1.1102230246251565e-16,analytical (full-order equilibrium with c_H = implied_c_H); endpoint=interior
logistic,2,0.5369693725808008,grid,0.1940892060492041,0.84,0.6092781974073571,0.5486854800408905,0.3090340462498014,0.4288597631453459,0.5716448223590094,4.599744771506674,13.159472534785811,14.159472534785811,0.16795633779058938,0.0024117851141662594,true,1.1102230246251565e-16,analytical (full-order equilibrium with c_H = implied_c_H); endpoint=interior
logistic,2,0.5363917261342257,grid,0.1946668524957792,0.8425000000000004,0.5995879064717802,0.5498849967774989,0.31006959599834993,0.4299772963879244,0.5724829722909432,4.5949310511185475,13.159472534785811,14.159472534785811,0.16528506909167567,0.0024117851141662594,true,5.551115123125783e-17,analytical (full-order equilibrium with c_H = implied_c_H); endpoint=interior
logistic,2,0.5358140796876507,grid,0.19524449894235418,0.8450000000000002,0.5899058228658065,0.5510829186011879,0.31110617391365714,0.4310945462574225,0.5733209096930669,4.590117330730423,13.159472534785811,14.159472534785811,0.1626160628617442,0.0024117851141662594,true,5.551115123125783e-17,analytical (full-order equilibrium with c_H = implied_c_H); endpoint=interior
logistic,2,0.5352364332410757,grid,0.19582214538892917,0.8475000000000001,0.5802318032930613,0.5522792511094929,0.312143783627962,0.4322115173687275,0.5741586380265455,4.585303610342298,13.159472534785811,14.159472534785811,0.159949279599079,0.0024117851141662594,true,1.6653345369377348e-16,analytical (full-order equilibrium with c_H = implied_c_H); endpoint=interior
logistic,2,0.5346587867945007,grid,0.19639979183550416,0.85,0.5705657051122159,0.5534739998778828,0.313182428784219,0.4333282143310509,0.5749961607482882,4.5804898899541735,13.159472534785811,14.159472534785811,0.15728467998253698,0.0024117851141662594,true,1.1102230246251565e-16,analytical (full-order equilibrium with c_H = implied_c_H); endpoint=interior
logistic,2,0.5340811403479258,grid,0.19697743828207914,0.8524999999999998,0.5609073863239298,0.5546671704598863,0.31422211303615977,0.43444464174802305,0.5758334813110173,4.575676169566048,13.159472534785811,14.159472534785811,0.1546222248679483,0.0024117851141662594,true,1.1102230246251565e-16,analytical (full-order equilibrium with c_H = implied_c_H); endpoint=interior
logistic,2,0.5335034939013508,grid,0.19755508472865413,0.8549999999999998,0.5512567055578952,0.5558587683872226,0.3152628400483591,0.43556080421779086,0.5766706031633432,4.570862449177923,13.159472534785811,14.159472534785811,0.15196187528454522,0.0024117851141662594,true,5.551115123125783e-17,analytical (full-order equilibrium with c_H = implied_c_H); endpoint=interior
logistic,2,0.5329258474547757,grid,0.19813273117522923,0.8575000000000002,0.5416135220600237,0.5570487991699293,0.31630461349629907,0.4366767063331142,0.5775075297498357,4.566048728789798,13.159472534785811,14.159472534785811,0.14930359243142963,0.0024117851141662594,true,1.1102230246251565e-16,analytical (full-order equilibrium with c_H = implied_c_H); endpoint=interior
logistic,2,0.5323482010082007,grid,0.1987103776218042,0.86,0.5319776956797647,0.5582372682964892,0.31734743706643354,0.4377923526814614,0.5783442645110961,4.561235008401673,13.159472534785811,14.159472534785811,0.14664733767407745,0.0024117851141662594,true,5.551115123125783e-17,analytical (full-order equilibrium with c_H = implied_c_H); endpoint=interior
logistic,2,0.5317705545616257,grid,0.1992880240683792,0.8624999999999999,0.5223490868575338,0.5594241812339575,0.3183913144562544,0.438907747845106,0.5791808108838294,4.5564212880135475,13.159472534785811,14.159472534785811,0.1439930725408729,0.0024117851141662594,true,1.1102230246251565e-16,analytical (full-order equilibrium with c_H = implied_c_H); endpoint=interior
logistic,2,0.5311929081150506,grid,0.1998656705149543,0.8650000000000002,0.5127275566122721,0.5606095434280874,0.3194362493743568,0.4400228964012221,0.5800171723009167,4.551607567625422,13.159472534785811,14.159472534785811,0.14134075871967916,0.0024117851141662594,true,1.1102230246251565e-16,analytical (full-order equilibrium with c_H = implied_c_H); endpoint=interior
logistic,2,0.5306152616684756,grid,0.20044331696152928,0.8675000000000002,0.5031129665291301,0.5617933603034542,0.3204822455405043,0.44113780292197924,0.5808533521914845,4.546793847237297,13.159472534785811,14.159472534785811,0.13869035805444316,0.0024117851141662594,true,0.0,analytical (full-order equilibrium with c_H = implied_c_H); endpoint=interior
logistic,2,0.5300376152219006,grid,0.20102096340810427,0.87,0.49350517874724814,0.56297563726358,0.3215293066856964,0.44225247197463824,0.5816893539809787,4.541980126849173,13.159472534785811,14.159472534785811,0.1360418325418272,0.0024117851141662594,true,1.1102230246251565e-16,analytical (full-order equilibrium with c_H = implied_c_H); endpoint=interior
logistic,2,0.5294599687753256,grid,0.20159860985467926,0.8724999999999999,0.48390405594766295,0.5641563796910571,0.3225774365522346,0.44336690812164586,0.5825251810912344,4.537166406461047,13.159472534785811,14.159472534785811,0.13339514432787503,0.0024117851141662594,true,5.551115123125783e-17,analytical (full-order equilibrium with c_H = implied_c_H); endpoint=interior
logistic,2,0.5288823223287507,grid,0.20217625630125424,0.8749999999999998,0.4743094613413251,0.56533559294767,0.32362663889378873,0.44448111592072936,0.583360836940547,4.532352686072922,13.159472534785811,14.159472534785811,0.13075025570470897,0.0024117851141662594,true,5.551115123125783e-17,analytical (full-order equilibrium with c_H = implied_c_H); endpoint=interior
logistic,2,0.5283046758821757,grid,0.20275390274782923,0.8774999999999997,0.46472125865721553,0.5665132823745171,0.32467691747546507,0.44559509992499113,0.5841963249437434,4.527538965684798,13.159472534785811,14.159472534785811,0.12810712910725378,0.0024117851141662594,true,0.0,analytical (full-order equilibrium with c_H = implied_c_H); endpoint=interior
logistic,2,0.5277270294356006,grid,0.20333154919440433,0.8800000000000001,0.4551393121305644,0.5676894532921326,0.325728276073874,0.4467088646830033,0.5850316485122524,4.522725245296671,13.159472534785811,14.159472534785811,0.12546572710998916,0.0024117851141662594,true,2.220446049250313e-16,analytical (full-order equilibrium with c_H = implied_c_H); endpoint=interior
logistic,2,0.5271493829890256,grid,0.2039091956409793,0.8825,0.4455634864911921,0.5688641110006045,0.3267807184771967,0.4478224147389006,0.5858668110541755,4.517911524908547,13.159472534785811,14.159472534785811,0.12282601242373575,0.0024117851141662594,true,5.551115123125783e-17,analytical (full-order equilibrium with c_H = implied_c_H); endpoint=interior
logistic,2,0.5265717365424506,grid,0.2044868420875543,0.8849999999999999,0.4359936469519166,0.5700372607796965,0.32783424848525516,0.4489357546324758,0.5867018159743569,4.513097804520422,13.159472534785811,14.159472534785811,0.12018794789245948,0.0024117851141662594,true,5.551115123125783e-17,analytical (full-order equilibrium with c_H = implied_c_H); endpoint=interior
logistic,2,0.5259940900958755,grid,0.2050644885341294,0.8875000000000002,0.4264296591970852,0.5712089078889651,0.32888886990957966,0.45004888889927236,0.5875366666744543,4.508284084132296,13.159472534785811,14.159472534785811,0.11755149649011011,0.0024117851141662594,true,1.1102230246251565e-16,analytical (full-order equilibrium with c_H = implied_c_H); endpoint=interior
logistic,2,0.5254164436493005,grid,0.20564213498070438,0.8900000000000001,0.41687138937119267,0.572379057567877,0.3299445865734777,0.45116182207067734,0.588371366553008,4.503470363744171,13.159472534785811,14.159472534785811,0.11491662131748372,0.0024117851141662594,true,5.551115123125783e-17,analytical (full-order equilibrium with c_H = implied_c_H); endpoint=interior
logistic,2,0.5248387972027255,grid,0.20621978142727937,0.8925,0.40731870406757836,0.5735477150359277,0.3310014023121039,0.4522745586740158,0.5892059190055119,4.498656643356046,13.159472534785811,14.159472534785811,0.11228328559910689,0.0024117851141662594,true,1.1102230246251565e-16,analytical (full-order equilibrium with c_H = implied_c_H); endpoint=interior
logistic,2,0.5242611507561505,grid,0.20679742787385436,0.8949999999999999,0.397771470317225,0.5747148854927578,0.33205932097253005,0.453387103232644,0.590040327424483,4.4938429229679215,13.159472534785811,14.159472534785811,0.10965145268014889,0.0024117851141662594,true,1.1102230246251565e-16,analytical (full-order equilibrium with c_H = implied_c_H); endpoint=interior
logistic,2,0.5236835043095756,grid,0.20737507432042934,0.8974999999999997,0.38822955557764616,0.5758805741182669,0.33311834641381405,0.4544994602660405,0.5908745951995303,4.489029202579797,13.159472534785811,14.159472534785811,0.10702108602335844,0.0024117851141662594,true,1.1102230246251565e-16,analytical (full-order equilibrium with c_H = implied_c_H); endpoint=interior
logistic,2,0.5231058578630005,grid,0.20795272076700444,0.9000000000000001,0.37869282772184837,0.5770447860727302,0.3341784825070709,0.4556116342899006,0.5917087257174254,4.48421548219167,13.159472534785811,14.159472534785811,0.10439214920602083,0.0024117851141662594,true,0.0,analytical (full-order equilibrium with c_H = implied_c_H); endpoint=interior
logistic,2,0.5225282114164255,grid,0.20853036721357943,0.9025000000000001,0.36916115502738367,0.5782075264969115,0.3352397331355433,0.4567236298162274,0.5925427223621705,4.479401761803546,13.159472534785811,14.159472534785811,0.10176460591694018,0.0024117851141662594,true,5.551115123125783e-17,analytical (full-order equilibrium with c_H = implied_c_H); endpoint=interior
logistic,2,0.5219505649698505,grid,0.2091080136601544,0.9049999999999999,0.3596344061654723,0.5793688005121778,0.336302102194673,0.4578354513534254,0.593376588515069,4.474588041415421,13.159472534785811,14.159472534785811,0.09913841995344098,0.0024117851141662594,true,5.551115123125783e-17,analytical (full-order equilibrium with c_H = implied_c_H); endpoint=interior
logistic,2,0.5213729185232755,grid,0.2096856601067294,0.9074999999999999,0.3501124501902062,0.5805286132206117,0.3373655935921728,0.4589471034063922,0.5942103275547942,4.469774321027296,13.159472534785811,14.159472534785811,0.09651355521839179,0.0024117851141662594,true,1.1102230246251565e-16,analytical (full-order equilibrium with c_H = implied_c_H); endpoint=interior
logistic,2,0.5207952720767004,grid,0.2102633065533045,0.9100000000000001,0.3405951565278359,0.5816869697051228,0.33843021124809713,0.46005859047660996,0.5950439428574574,4.46496060063917,13.159472534785811,14.159472534785811,0.09388997571725206,0.0024117851141662594,true,0.0,analytical (full-order equilibrium with c_H = implied_c_H); endpoint=interior
logistic,2,0.5202176256301254,grid,0.21084095299987948,0.9125000000000001,0.33108239496611924,0.58284387502956,0.33949595909491564,0.46116991706223787,0.5958774377966785,4.460146880251045,13.159472534785811,14.159472534785811,0.091267645555136,0.0024117851141662594,true,1.1102230246251565e-16,analytical (full-order equilibrium with c_H = implied_c_H); endpoint=interior
logistic,2,0.5196399791835504,grid,0.21141859944645447,0.9149999999999999,0.3215740356437433,0.5839993342388216,0.34056284107758494,0.46228108765820325,0.5967108157436525,4.455333159862921,13.159472534785811,14.159472534785811,0.08864652893389649,0.0024117851141662594,true,1.1102230246251565e-16,analytical (full-order equilibrium with c_H = implied_c_H); endpoint=interior
logistic,2,0.5190623327369754,grid,0.21199624589302946,0.9174999999999999,0.31206994903982027,0.5851533523589647,0.3416308611536218,0.4633921067562933,0.5975440800672199,4.450519439474796,13.159472534785811,14.159472534785811,0.08602659014922952,0.0024117851141662594,true,5.551115123125783e-17,analytical (full-order equilibrium with c_H = implied_c_H); endpoint=interior
logistic,2,0.5184846862904003,grid,0.21257389233960455,0.9200000000000003,0.30257000596343164,0.5863059343973169,0.3427000232931776,0.46450297884524727,0.5983772341339355,4.44570571908667,13.159472534785811,14.159472534785811,0.0834077935877919,0.0024117851141662594,true,1.1102230246251565e-16,analytical (full-order equilibrium with c_H = implied_c_H); endpoint=interior
logistic,2,0.5179070398438254,grid,0.21315153878617954,0.9225000000000001,0.29307407754327225,0.5874570853425813,0.34377033147911007,0.4656137084108457,0.5992102813081343,4.440891998698545,13.159472534785811,14.159472534785811,0.08079010372434646,0.0024117851141662594,true,5.551115123125783e-17,analytical (full-order equilibrium with c_H = implied_c_H); endpoint=interior
logistic,2,0.5173293933972504,grid,0.21372918523275453,0.9249999999999999,0.2835820352173088,0.5886068101649476,0.3448417897070597,0.4667242999360037,0.6000432249520027,4.43607827831042,13.159472534785811,14.159472534785811,0.0781734851189113,0.0024117851141662594,true,1.1102230246251565e-16,analytical (full-order equilibrium with c_H = implied_c_H); endpoint=interior
logistic,2,0.5167517469506754,grid,0.2143068316793295,0.9274999999999999,0.27409375072254105,0.5897551138161975,0.34591440198552237,0.46783475790085993,0.6008760684256449,4.431264557922296,13.159472534785811,14.159472534785811,0.07555790241393728,0.0024117851141662594,true,1.6653345369377348e-16,analytical (full-order equilibrium with c_H = implied_c_H); endpoint=interior
logistic,2,0.5161741005041003,grid,0.2148844781259046,0.9300000000000003,0.2646090960847829,0.5909020012298131,0.3469881723359267,0.4689450867828699,0.6017088150871523,4.426450837534169,13.159472534785811,14.159472534785811,0.07294332033149109,0.0024117851141662594,true,0.0,analytical (full-order equilibrium with c_H = implied_c_H); endpoint=interior
logistic,2,0.5155964540575253,grid,0.2154621245724796,0.9325000000000001,0.25512794360854696,0.5920474773210798,0.34806310479270614,0.4700552910568929,0.6025414682926697,4.4216371171460445,13.159472534785811,14.159472534785811,0.07032970367046672,0.0024117851141662594,true,5.551115123125783e-17,analytical (full-order equilibrium with c_H = implied_c_H); endpoint=interior
logistic,2,0.5150188076109503,grid,0.21603977101905458,0.935,0.24565016586692093,0.5931915469871955,0.3491392034033783,0.4711653751952869,0.6033740313964652,4.41682339675792,13.159472534785811,14.159472534785811,0.06771701730379476,0.0024117851141662594,true,0.0,analytical (full-order equilibrium with c_H = implied_c_H); endpoint=interior
logistic,2,0.5144411611643753,grid,0.21661741746562957,0.9374999999999999,0.2361756356915516,0.5943342151073723,0.35021647222861885,0.47227534366799556,0.6042065077509966,4.412009676369795,13.159472534785811,14.159472534785811,0.06510522617568135,0.0024117851141662594,true,1.1102230246251565e-16,analytical (full-order equilibrium with c_H = implied_c_H); endpoint=interior
logistic,2,0.5138635147178003,grid,0.21719506391220456,0.9399999999999998,0.22670422616264602,0.5954754865429419,0.35129491534233886,0.47338520094264036,0.6050389007069803,4.40719595598167,13.159472534785811,14.159472534785811,0.06249429529885188,0.0024117851141662594,true,1.1102230246251565e-16,analytical (full-order equilibrium with c_H = implied_c_H); endpoint=interior
logistic,2,0.5132858682712252,grid,0.21777271035877965,0.9425000000000001,0.21723581059902974,0.5966153661374588,0.35237453683176195,0.4744949514846104,0.6058712136134579,4.402382235593544,13.159472534785811,14.159472534785811,0.05988418975181035,0.0024117851141662594,true,1.1102230246251565e-16,analytical (full-order equilibrium with c_H = implied_c_H); endpoint=interior
logistic,2,0.5127082218246503,grid,0.21835035680535464,0.9450000000000001,0.20777026254825698,0.5977538587168025,0.35345534079750096,0.47560459975715175,0.6067034498178638,4.397568515205419,13.159472534785811,14.159472534785811,0.05727487467611313,0.0024117851141662594,true,5.551115123125783e-17,analytical (full-order equilibrium with c_H = implied_c_H); endpoint=interior
logistic,2,0.5121305753780753,grid,0.21892800325192963,0.9474999999999999,0.19830745577674375,0.5988909690892809,0.3545373313536375,0.4767141502214592,0.6075356126660945,4.392754794817294,13.159472534785811,14.159472534785811,0.054666315273649,0.0024117851141662594,true,1.1102230246251565e-16,analytical (full-order equilibrium with c_H = implied_c_H); endpoint=interior
logistic,2,0.5115529289315003,grid,0.2195056496985046,0.9499999999999998,0.1888472642599732,0.6000267020457299,0.35562051262779826,0.4778236073367641,0.6083677055025731,4.387941074429169,13.159472534785811,14.159472534785811,0.052058476803939144,0.0024117851141662594,true,0.0,analytical (full-order equilibrium with c_H = implied_c_H); endpoint=interior
logistic,2,0.5109752824849252,grid,0.2200832961450797,0.9525000000000002,0.17938956217270863,0.6011610623596169,0.35670488876123563,0.47893297556042624,0.6091997316703197,4.383127354041044,13.159472534785811,14.159472534785811,0.04945132458143917,0.0024117851141662594,true,0.0,analytical (full-order equilibrium with c_H = implied_c_H); endpoint=interior
logistic,2,0.5103976360383502,grid,0.2206609425916547,0.9550000000000001,0.16993422387927407,0.6022940547871383,0.35779046390890495,0.4800422593480216,0.6100316945110162,4.378313633652919,13.159472534785811,14.159472534785811,0.04684482397285984,0.0024117851141662594,true,5.551115123125783e-17,analytical (full-order equilibrium with c_H = implied_c_H); endpoint=interior
logistic,2,0.5098199895917752,grid,0.22123858903822968,0.9575,0.16048112392384487,0.6034256840673216,0.35887724223954576,0.48115146315343366,0.6108635973650752,4.373499913264793,13.159472534785811,14.159472534785811,0.044238940394490556,0.0024117851141662594,true,0.0,analytical (full-order equilibrium with c_H = implied_c_H); endpoint=interior
logistic,2,0.5092423431452002,grid,0.22181623548480467,0.9599999999999999,0.15103013702079282,0.6045559549221228,0.35996522793576086,0.48226059142894184,0.6116954435717064,4.368686192876669,13.159472534785811,14.159472534785811,0.041633639309537805,0.0024117851141662594,true,5.551115123125783e-17,analytical (full-order equilibrium with c_H = implied_c_H); endpoint=interior
logistic,2,0.5086646966986252,grid,0.22239388193137966,0.9624999999999998,0.141581138045046,0.6056848720565263,0.36105442519409764,0.48336964862531195,0.612527236468984,4.363872472488544,13.159472534785811,14.159472534785811,0.039028886225467734,0.0024117851141662594,true,5.551115123125783e-17,analytical (full-order equilibrium with c_H = implied_c_H); endpoint=interior
logistic,2,0.5080870502520501,grid,0.22297152837795475,0.9650000000000001,0.13213400202249534,0.6068124401586419,0.36214483822512833,0.4844786391918851,0.6133589793939138,4.3590587521004185,13.159472534785811,14.159472534785811,0.0364246466913616,0.0024117851141662594,true,5.551115123125783e-17,analytical (full-order equilibrium with c_H = implied_c_H); endpoint=interior
logistic,2,0.5075094038054752,grid,0.22354917482452974,0.9675,0.12268860412042788,0.6079386638998016,0.3632364712535303,0.48558756757666593,0.6141906756824995,4.354245031712293,13.159472534785811,14.159472534785811,0.03382088629527852,0.0024117851141662594,true,1.1102230246251565e-16,analytical (full-order equilibrium with c_H = implied_c_H); endpoint=interior
logistic,2,0.5069317573589002,grid,0.22412682127110473,0.9699999999999999,0.11324481963795867,0.6090635479346583,0.36432932851817135,0.48669643822641484,0.6150223286698111,4.349431311324168,13.159472534785811,14.159472534785811,0.03121757066161791,0.0024117851141662594,true,1.1102230246251565e-16,analytical (full-order equilibrium with c_H = implied_c_H); endpoint=interior
logistic,2,0.5063541109123251,grid,0.22470446771767982,0.9725000000000003,0.10380252399653052,0.6101870969012806,0.36542341427218866,0.4878052555867346,0.6158539416900509,4.344617590936043,13.159472534785811,14.159472534785811,0.028614665448500616,0.0024117851141662594,true,0.0,analytical (full-order equilibrium with c_H = implied_c_H); endpoint=interior
logistic,2,0.5057764644657501,grid,0.2252821141642548,0.9750000000000002,0.09436159273041875,0.6113093154212476,0.3665187327830721,0.48891402410215984,0.6166855180766199,4.339803870547918,13.159472534785811,14.159472534785811,0.026012136345151385,0.0024117851141662594,true,5.551115123125783e-17,analytical (full-order equilibrium with c_H = implied_c_H); endpoint=interior
logistic,2,0.5051988180191751,grid,0.2258597606108298,0.9775,0.08492190147723454,0.6124302080997461,0.36761528833274904,0.4900227482162476,0.6175170611621856,4.3349901501597925,13.159472534785811,14.159472534785811,0.023409949069280983,0.0024117851141662594,true,1.1102230246251565e-16,analytical (full-order equilibrium with c_H = implied_c_H); endpoint=interior
logistic,2,0.5046211715726001,grid,0.22643740705740478,0.98,0.0754833259684831,0.613549779525664,0.368713085217667,0.4911314323716655,0.6183485742787491,4.330176429771668,13.159472534785811,14.159472534785811,0.02080806936448343,0.0024117851141662594,true,1.1102230246251565e-16,analytical (full-order equilibrium with c_H = implied_c_H); endpoint=interior
logistic,2,0.5040435251260251,grid,0.22701505350397977,0.9824999999999998,0.06604574202012178,0.6146680342716835,0.36981212774887756,0.4922400810102805,0.6191800607577104,4.325362709383543,13.159472534785811,14.159472534785811,0.01820646299763319,0.0024117851141662594,true,1.1102230246251565e-16,analytical (full-order equilibrium with c_H = implied_c_H); endpoint=interior
logistic,2,0.5034658786794501,grid,0.22759269995055476,0.9849999999999998,0.05660902552313604,0.615784976894376,0.3709124202521215,0.4933486985732487,0.6200115239299365,4.3205489889954185,13.159472534785811,14.159472534785811,0.015605095756287313,0.0024117851141662594,true,5.551115123125783e-17,analytical (full-order equilibrium with c_H = implied_c_H); endpoint=interior
logistic,2,0.502888232232875,grid,0.22817034639712985,0.9875,0.04717305243412809,0.6169006119342935,0.37201396706791395,0.4944572895011037,0.6208429671258278,4.315735268607292,13.159472534785811,14.159472534785811,0.013003933446091059,0.0024117851141662594,true,1.1102230246251565e-16,analytical (full-order equilibrium with c_H = implied_c_H); endpoint=interior
logistic,2,0.5023105857863001,grid,0.22874799284370484,0.99,0.0377376987659247,0.6180149439160616,0.37311677255162945,0.4955658582338455,0.6216743936753841,4.310921548219167,13.159472534785811,14.159472534785811,0.010402941888188794,0.0024117851141662594,true,1.1102230246251565e-16,analytical (full-order equilibrium with c_H = implied_c_H); endpoint=interior
logistic,2,0.501732939339725,grid,0.22932563929027994,0.9925000000000004,0.02830284057818352,0.6191279773484719,0.37422084107358883,0.49667440921103034,0.6225058069082727,4.306107827831042,13.159472534785811,14.159472534785811,0.007802086916634497,0.0024117851141662594,true,5.551115123125783e-17,analytical (full-order equilibrium with c_H = implied_c_H); endpoint=interior
logistic,2,0.50115529289315,grid,0.22990328573685492,0.9950000000000002,0.01886835396802701,0.6202397167245712,0.3753261770191447,0.497782946871858,0.6233372101538934,4.301294107442917,13.159472534785811,14.159472534785811,0.005201334375809859,0.0024117851141662594,true,0.0,analytical (full-order equilibrium with c_H = implied_c_H); endpoint=interior
logistic,2,0.500577646446575,grid,0.2304809321834299,0.9975000000000002,0.009434115060656082,0.6213501665217549,0.37643278478877046,0.4988914756552627,0.624168606741447,4.296480387054792,13.159472534785811,14.159472534785811,0.0026006501178368053,0.0024117851141662594,true,1.1102230246251565e-16,analytical (full-order equilibrium with c_H = implied_c_H); endpoint=interior
logistic,2,0.5,grid,0.2310585786300049,1.0,0.0,0.6224593312018546,0.3775406687981454,0.5,0.625,4.291666666666667,13.159472534785811,14.159472534785811,0.0,0.0024117851141662594,true,1.1102230246251565e-16,analytical (full-order equilibrium with c_H = implied_c_H); endpoint=interior
logistic,2,0.705,benchmark,0.026058578630004936,0.11277910036715257,5.4245983979398416,0.09865144119604084,0.03870549649750961,0.06867846884677523,0.3015088516350814,6.0,13.159472534785811,14.159472534785811,1.4953689214214978,0.0024117851141662594,true,2.7755575615628914e-17,analytical (full-order equilibrium with c_H = implied_c_H); endpoint=interior
logistic,2,0.7309585786300049,M_minus_1e-4,9.999999999998899e-05,0.0004327906827476829,16.63626273647244,0.0004022110286571175,0.00014800279755394774,0.0002751069131055326,0.25020633018482913,6.216321488583374,13.159472534785811,14.159472534785811,4.586026179223035,0.0024117851141662594,true,3.7947076036992655e-19,analytical (full-order equilibrium with c_H = implied_c_H); endpoint=interior
logistic,2,0.7310575786300049,M_minus_1e-6,1.0000000000287557e-06,4.327906827601758e-06,25.846915283512647,4.023084484481377e-06,1.4800138357218249e-06,2.751549160101601e-06,0.25000206366187006,6.217146488583374,13.159472534785811,14.159472534785811,7.125075626659831,0.0024117851141662594,true,2.541098841762901e-21,analytical (full-order equilibrium with c_H = implied_c_H); endpoint=interior
logistic,2,0.7310595786300049,M_plus_1e-6,-1.0000000000287557e-06,-4.327906827601758e-06,unattainable,0.0,0.0,0.0,0.25,6.2171631552500415,13.159472534785811,14.159472534785811,unattainable,0.0024117851141662594,true,0.0,analytical (full-order equilibrium with c_H = implied_c_H); endpoint=unattainable
