r,mu,Delta_T,B_r(mu),d_Delta_T_dr,d_B_r_mu_dr
1.005,0.2689414213699951,1.2437810945176153e-05,2.7936037756456105,0.004962748446820486,-0.37261262728607425
1.005,0.5,1.2437810945176153e-05,4.873128109452737,0.004962748446820486,-0.3737593128882949
1.005,0.7310585786300049,1.2437810945176153e-05,6.952652443259863,0.004962748446820486,-0.3749059984905155
1.01,0.2689414213699951,4.950495049504955e-05,2.791746607111076,0.009851975296539583,-0.3702606227671488
1.01,0.5,4.950495049504955e-05,4.871262376237623,0.009851975296539583,-0.3725370061758651
1.01,0.7310585786300049,4.950495049504955e-05,6.95077814536417,0.009851975296539583,-0.37481338958458144
1.015,0.2689414213699951,0.00011083743842377203,2.789901111630543,0.01466912567642975,-0.3679432912523518
1.015,0.5,0.00011083743842377203,4.869402709359606,0.01466912567642975,-0.37133271858089256
1.015,0.7310585786300049,0.00011083743842377203,6.948904307088669,0.01466912567642975,-0.3747221459094333
1.02,0.2689414213699951,0.00019607843137259273,2.788067117541452,0.01941560938100728,-0.36565995454793726
1.02,0.5,0.00019607843137259273,4.867549019607843,0.01941560938100728,-0.37014609765474815
1.02,0.7310585786300049,0.00019607843137259273,6.947030921674234,0.01941560938100728,-0.3746322407615591
1.025,0.2689414213699951,0.0003048780487805436,2.7862444565307576,0.02409280190362878,-0.3634099509610261
1.025,0.5,0.0003048780487805436,4.865701219512196,0.02409280190362878,-0.3689767995240928
1.025,0.7310585786300049,0.0003048780487805436,6.945157982493633,0.02409280190362878,-0.37454364808715956
1.03,0.2689414213699951,0.00043689320388362596,2.7844329635536296,0.028702045433122825,-0.3611926348201681
1.03,0.5,0.00043689320388362596,4.863859223300971,0.028702045433122825,-0.3678244886417193
1.03,0.7310585786300049,0.00043689320388362596,6.943285483048313,0.028702045433122825,-0.3744563424632705
1.035,0.2689414213699951,0.0005917874396135225,2.7826324767545074,0.03324464981679848,-0.35900737601207866
1.035,0.5,0.0005917874396135225,4.862022946859903,0.03324464981679848,-0.3666888375458004
1.035,0.7310585786300049,0.0005917874396135225,6.941413416965299,0.03324464981679848,-0.3743702990795221
1.04,0.2689414213699951,0.0007692307692308553,2.7808428373904404,0.037721893491124314,-0.3568535595339273
1.04,0.5,0.0007692307692308553,4.860192307692308,0.037721893491124314,-0.3655695266272189
1.04,0.7310585786300049,0.0007692307692308553,6.939541777994175,0.037721893491124314,-0.37428549372051056
1.045,0.2689414213699951,0.0009688995215311191,2.779063889756619,0.042135024381309893,-0.35473058506058647
1.045,0.5,0.0009688995215311191,4.858367224880383,0.042135024381309893,-0.3644662439046725
1.045,0.7310585786300049,0.0009688995215311191,6.937670560004147,0.042135024381309893,-0.3742019027487586
1.05,0.2689414213699951,0.0011904761904762973,2.7772954811140393,0.04648526077097509,-0.3526378665262696
1.05,0.5,0.0011904761904762973,4.8565476190476184,0.04648526077097509,-0.3633786848072562
1.05,0.7310585786300049,0.0011904761904762973,6.935799756981198,0.04648526077097509,-0.3741195030882429
1.055,0.2689414213699951,0.0014336492890995034,2.775537461619224,0.05077379214303357,-0.35057483172001697
1.055,0.5,0.0014336492890995034,4.854733412322275,0.05077379214303357,-0.3623065519642416
1.055,0.7310585786300049,0.0014336492890995034,6.933929363025326,0.05077379214303357,-0.37403827220846625
1.06,0.2689414213699951,0.0016981132075472027,2.7737896842559313,0.055001779992880084,-0.34854092189450486
1.06,0.5,0.0016981132075472027,4.8529245283018865,0.055001779992880084,-0.36124955500178
1.06,0.7310585786300049,0.0016981132075472027,6.932059372347842,0.055001779992880084,-0.3739581881090551
1.065,0.2689414213699951,0.001983568075117348,2.772052004768788,0.05917035861491321,-0.3465355913876822
1.065,0.5,0.001983568075117348,4.85112089201878,0.05917035861491321,-0.3602074103462717
1.065,0.7310585786300049,0.001983568075117348,6.930189779268772,0.05917035861491321,-0.3738792293048612
1.07,0.2689414213699951,0.0022897196261681962,2.7703242815987816,0.06328063586339422,-0.3445583072567527
1.07,0.5,0.0022897196261681962,4.849322429906542,0.06328063586339422,-0.35917984103415146
1.07,0.7310585786300049,0.0022897196261681962,6.9283205782143025,0.06328063586339422,-0.37380137481155024
1.075,0.2689414213699951,0.0026162790697673577,2.768606375820558,0.0673336938885884,-0.34260854892404785
1.075,0.5,0.0026162790697673577,4.847529069767441,0.0673336938885884,-0.3581665765278529
1.075,0.7310585786300049,0.0026162790697673577,6.926451763714326,0.0673336938885884,-0.373724604131658
1.08,0.2689414213699951,0.002962962962962945,2.7668981510814525,0.0713305898491084,-0.34068580783434804
1.08,0.5,0.002962962962962945,4.845740740740741,0.0713305898491084,-0.3571673525377229
1.08,0.7310585786300049,0.002962962962962945,6.924583330400029,0.0713305898491084,-0.37364889724109773
1.085,0.2689414213699951,0.003329493087557589,2.7651994735422143,0.07527235660132936,-0.33878958712323365
1.085,0.5,0.003329493087557589,4.843957373271889,0.07527235660132936,-0.35618191084966766
1.085,0.7310585786300049,0.003329493087557589,6.922715273001563,0.07527235660132936,-0.37357423457610167
1.09,0.2689414213699951,0.003715596330275295,2.7635102118193613,0.07916000336672002,-0.33691940129605924
1.09,0.5,0.003715596330275295,4.84217889908257,0.07916000336672002,-0.35520999915831997
1.09,0.7310585786300049,0.003715596330275295,6.920847586345778,0.07916000336672002,-0.37350059702058075
1.095,0.2689414213699951,0.004121004566210118,2.7618302369291046,0.08299451637789035,-0.3350747759171674
1.095,0.5,0.004121004566210118,4.8404052511415525,0.08299451637789035,-0.3542513709055274
1.095,0.7310585786300049,0.004121004566210118,6.9189802653540005,0.08299451637789035,-0.37342796589388744
1.1,0.2689414213699951,0.004545454545454519,2.760159422232819,0.08677685950413228,-0.3332552473089665
1.1,0.5,0.004545454545454519,4.838636363636363,0.08677685950413228,-0.35330578512396693
1.1,0.7310585786300049,0.004545454545454519,6.917113305039907,0.08677685950413228,-0.37335632293896737
1.105,0.2689414213699951,0.004988687782805479,2.7584976433839814,0.09050797485718964,-0.3314603622605201
1.105,0.5,0.004988687782805479,4.836872171945701,0.09050797485718964,-0.35237300628570256
1.105,0.7310585786300049,0.004988687782805479,6.915246700507421,0.09050797485718964,-0.37328565031088506
1.11,0.2689414213699951,0.00545045045045045,2.7568447782765424,0.09418878337797265,-0.32968967774530306
1.11,0.5,0.00545045045045045,4.835112612612612,0.09418878337797265,-0.35145280415550684
1.11,0.7310585786300049,0.00545045045045045,6.913380446948681,0.09418878337797265,-0.3732159305657106
1.115,0.2689414213699951,0.00593049327354267,2.7552007069947004,0.09782018540489451,-0.32794276064779787
1.115,0.5,0.00593049327354267,4.833357623318385,0.09782018540489451,-0.35054495364877636
1.115,0.7310585786300049,0.00593049327354267,6.911514539642069,0.09782018540489451,-0.37314714664975485
1.12,0.2689414213699951,0.00642857142857145,2.7535653117640058,0.10140306122448983,-0.32621918749861556
1.12,0.5,0.00642857142857145,4.831607142857143,0.10140306122448983,-0.34964923469387754
1.12,0.7310585786300049,0.00642857142857145,6.90964897395028,0.10140306122448983,-0.3730792818891395
1.125,0.2689414213699951,0.00694444444444442,2.7519384769037756,0.1049382716049383,-0.324518544217839
1.125,0.5,0.00694444444444442,4.829861111111111,0.1049382716049383,-0.3487654320987654
1.125,0.7310585786300049,0.00694444444444442,6.907783745318446,0.1049382716049383,-0.37301231997969186
1.13,0.2689414213699951,0.007477876106194659,2.750320088780773,0.10842665831310194,-0.32284042586629796
1.13,0.5,0.007477876106194659,4.828119469026548,0.10842665831310194,-0.3478933354217245
1.13,0.7310585786300049,0.007477876106194659,6.905918849272323,0.10842665831310194,-0.37294624497715106
1.135,0.2689414213699951,0.008028634361233467,2.748710035764111,0.11186904461565333,-0.32118443640449723
1.135,0.5,0.008028634361233467,4.826382158590309,0.11186904461565333,-0.34703273884608665
1.135,0.7310585786300049,0.008028634361233467,6.9040542814165065,0.11186904461565333,-0.37288104128767613
1.14,0.2689414213699951,0.008596491228070158,2.7471082081813365,0.11526623576485068,-0.3195501884589299
1.14,0.5,0.008596491228070158,4.824649122807017,0.11526623576485068,-0.3461834410587873
1.14,0.7310585786300049,0.008596491228070158,6.902190037432698,0.11526623576485068,-0.3728166936586448
1.145,0.2689414213699951,0.009181222707423609,2.7455144982756745,0.1186190194694991,-0.31793730309551793
1.145,0.5,0.009181222707423609,4.822920305676856,0.1186190194694991,-0.3453452451326252
1.145,0.7310585786300049,0.009181222707423609,6.900326113078037,0.1186190194694991,-0.3727531871697326
1.15,0.2689414213699951,0.009782608695652173,2.74392880016438,0.12192816635160675,-0.3163454095999333
1.15,0.5,0.009782608695652173,4.821195652173913,0.12192816635160675,-0.3445179584120983
1.15,0.7310585786300049,0.009782608695652173,6.898462504183446,0.12192816635160675,-0.37269050722426333
1.155,0.2689414213699951,0.01040043290043291,2.742351009798175,0.1251944303892356,-0.3147741452645612
1.155,0.5,0.01040043290043291,4.819475108225109,0.1251944303892356,-0.3437013924026911
1.155,0.7310585786300049,0.01040043290043291,6.896599206652042,0.1251944303892356,-0.372628639540821
1.16,0.2689414213699951,0.011034482758620623,2.740781024921735,0.1284185493460166,-0.3132231551818781
1.16,0.5,0.011034482758620623,4.817758620689655,0.1284185493460166,-0.34289536266349585
1.16,0.7310585786300049,0.011034482758620623,6.8947362164575745,0.1284185493460166,-0.3725675701451136
1.165,0.2689414213699951,0.011684549356223206,2.7392187450351932,0.13160124518779132,-0.3116920920440223
1.165,0.5,0.011684549356223206,4.816046137339057,0.13160124518779132,-0.3420996887030522
1.165,0.7310585786300049,0.011684549356223206,6.8928735296429196,0.13160124518779132,-0.372507285362082
1.17,0.2689414213699951,0.012350427350427351,2.7376640713566256,0.1347432244868142,-0.3101806159483495
1.17,0.5,0.012350427350427351,4.814337606837606,0.1347432244868142,-0.3413141938782965
1.17,0.7310585786300049,0.012350427350427351,6.891011142318587,0.1347432244868142,-0.37244777180824346
1.175,0.2689414213699951,0.013031914893616992,2.7361169067855062,0.13784517881394304,-0.3086883942087657
1.175,0.5,0.013031914893616992,4.8126329787234035,0.13784517881394304,-0.34053870529651425
1.175,0.7310585786300049,0.013031914893616992,6.889149050661301,0.13784517881394304,-0.3723890163842628
1.18,0.2689414213699951,0.013728813559322095,2.73457715586708,0.1409077851192186,-0.30721510117264655
1.18,0.5,0.013728813559322095,4.8109322033898305,0.1409077851192186,-0.3397730537201954
1.18,0.7310585786300049,0.013728813559322095,6.887287250912581,0.1409077851192186,-0.3723310062677442
1.185,0.2689414213699951,0.014440928270042175,2.73304472475764,0.14393170610123024,-0.3057604180431506
1.185,0.5,0.014440928270042175,4.80923523206751,0.14393170610123024,-0.33901707347469245
1.185,0.7310585786300049,0.014440928270042175,6.88542573937738,0.14393170610123024,-0.3722737289062343
1.19,0.2689414213699951,0.01516806722689068,2.7315195211906884,0.14691759056563802,-0.3043240327067492
1.19,0.5,0.01516806722689068,4.807542016806722,0.14691759056563802,-0.3382706023585905
1.19,0.7310585786300049,0.01516806722689068,6.8835645124227565,0.14691759056563802,-0.3722171720104318
1.195,0.2689414213699951,0.015910041841004197,2.730001454443933,0.14986607377321826,-0.3029056395657962
1.195,0.5,0.015910041841004197,4.805852510460251,0.14986607377321826,-0.33753348155669544
1.195,0.7310585786300049,0.015910041841004197,6.881703566476569,0.14986607377321826,-0.3721613235475947
1.2,0.2689414213699951,0.016666666666666607,2.728490435307123,0.1527777777777778,-0.3015049393759715
1.2,0.5,0.016666666666666607,4.804166666666667,0.1527777777777778,-0.3368055555555556
1.2,0.7310585786300049,0.016666666666666607,6.879842898026212,0.1527777777777778,-0.3721061717351396
1.205,0.2689414213699951,0.01743775933609959,2.7269863760506716,0.15565331175427422,-0.3001216390884358
1.205,0.5,0.01743775933609959,4.802484439834024,0.15565331175427422,-0.33608667206143145
1.205,0.7310585786300049,0.01743775933609959,6.8779825036173765,0.15565331175427422,-0.3720517050344271
1.21,0.2689414213699951,0.018223140495867707,2.7254891903950726,0.15849327231746463,-0.29875545169654216
1.21,0.5,0.018223140495867707,4.800805785123967,0.15849327231746463,-0.33537668192063386
1.21,0.7310585786300049,0.018223140495867707,6.876122379852861,0.15849327231746463,-0.3719979121447255
1.215,0.2689414213699951,0.01902263374485602,2.7239987934810554,0.1612982438313943,-0.2974060960869535
1.215,0.5,0.01902263374485602,4.799130658436213,0.1612982438313943,-0.33467543904215147
1.215,0.7310585786300049,0.01902263374485602,6.874262523391371,0.1612982438313943,-0.37194478199734937
1.22,0.2689414213699951,0.01983606557377038,2.722515101840486,0.16406879871002417,-0.29607329689502343
1.22,0.5,0.01983606557377038,4.797459016393443,0.16406879871002417,-0.33398280032249394
1.22,0.7310585786300049,0.01983606557377038,6.8724029309464,0.16406879871002417,-0.3718923037499645
1.225,0.2689414213699951,0.02066326530612239,2.721038033367974,0.16680549770928788,-0.2947567843642994
1.225,0.5,0.02066326530612239,4.79579081632653,0.16680549770928788,-0.33329862557267803
1.225,0.7310585786300049,0.02066326530612239,6.870543599285087,0.16680549770928788,-0.37184046678105664
1.23,0.2689414213699951,0.02150406504065039,2.719567507293178,0.1695088902108533,-0.29345629421001734
1.23,0.5,0.02150406504065039,4.794126016260162,0.1695088902108533,-0.33262277744728663
1.23,0.7310585786300049,0.02150406504065039,6.868684525227146,0.1695088902108533,-0.371789260684556
1.235,0.2689414213699951,0.022358299595141684,2.7181034441537792,0.172179514497861,-0.2921715674864547
1.235,0.5,0.022358299595141684,4.792464574898786,0.172179514497861,-0.33195512137553473
1.235,0.7310585786300049,0.022358299595141684,6.866825705643794,0.172179514497861,-0.37173867526461485
1.24,0.2689414213699951,0.023225806451612985,2.7166457657691043,0.17481789802289283,-0.29090235045802204
1.24,0.5,0.023225806451612985,4.790806451612903,0.17481789802289283,-0.3312955254942768
1.24,0.7310585786300049,0.023225806451612985,6.864967137456702,0.17481789802289283,-0.3716887005305316
1.245,0.2689414213699951,0.024106425702811296,2.7151943952144,0.17742455766842474,-0.2896483944739702
1.245,0.5,0.024106425702811296,4.789151606425703,0.17742455766842474,-0.3306438605828938
1.245,0.7310585786300049,0.024106425702811296,6.863108817637006,0.17742455766842474,-0.3716393266918174
1.25,0.2689414213699951,0.025000000000000022,2.713749256795706,0.18,-0.2884094558465991
1.25,0.5,0.025000000000000022,4.7875,0.18,-0.32999999999999996
1.25,0.7310585786300049,0.025000000000000022,6.861250743204294,0.18,-0.37159054415340087
1.255,0.2689414213699951,0.025906374501991958,2.712310276025341,0.1825447215123569,-0.28718529573285556
1.255,0.5,0.025906374501991958,4.785851593625497,0.1825447215123569,-0.3293638196219108
1.255,0.7310585786300049,0.025906374501991958,6.859392911225655,0.1825447215123569,-0.37154234351096604
1.26,0.2689414213699951,0.026825396825396863,2.7108773795979673,0.18505920886873273,-0.28597568001921425
1.26,0.5,0.026825396825396863,4.784206349206349,0.18505920886873273,-0.32873519778281685
1.26,0.7310585786300049,0.026825396825396863,6.857535318814731,0.18505920886873273,-0.37149471554641944
1.265,0.2689414213699951,0.02775691699604743,2.709450495367226,0.18754393913355932,-0.2847803792097378
1.265,0.5,0.02775691699604743,4.782564229249012,0.18754393913355932,-0.3281140152166102
1.265,0.7310585786300049,0.02775691699604743,6.855677963130798,0.18754393913355932,-0.37144765122348256
1.27,0.2689414213699951,0.02870078740157478,2.708029552322919,0.18999937999876,-0.2835991683172143
1.27,0.5,0.02870078740157478,4.780925196850394,0.18999937999876,-0.32750015500031
1.27,0.7310585786300049,0.02870078740157478,6.853820841377868,0.18999937999876,-0.37140114168340566
1.275,0.2689414213699951,0.029656862745098045,2.7066144805687373,0.19242599000384464,-0.28243182675727896
1.275,0.5,0.029656862745098045,4.779289215686274,0.19242599000384464,-0.32689350249903887
1.275,0.7310585786300049,0.029656862745098045,6.8519639508038095,0.19242599000384464,-0.3713551782407987
1.28,0.2689414213699951,0.030625000000000013,2.7052052113004996,0.19482421875,-0.28127813824542386
1.28,0.5,0.030625000000000013,4.77765625,0.19482421875,-0.3262939453125
1.28,0.7310585786300049,0.030625000000000013,6.850107288699499,0.19482421875,-0.37130975237957614
1.285,0.2689414213699951,0.031605058365758776,2.703801676784906,0.1971945071083589,-0.2801378906968085
1.285,0.5,0.031605058365758776,4.776026264591439,0.1971945071083589,-0.32570137322291026
1.285,0.7310585786300049,0.031605058365758776,6.848250852397973,0.1971945071083589,-0.37126485574901213
1.29,0.2689414213699951,0.03259689922480624,2.7024038103387866,0.19953728742263088,-0.27901087612878245
1.29,0.5,0.03259689922480624,4.774399224806201,0.19953728742263088,-0.3251156781443423
1.29,0.7310585786300049,0.03259689922480624,6.8463946392736155,0.19953728742263088,-0.3712204801599021
1.295,0.2689414213699951,0.03360038610038618,2.7010115463088273,0.20185298370626553,-0.2778968905660384
1.295,0.5,0.03360038610038618,4.772775096525097,0.20185298370626553,-0.32453675407343363
1.295,0.7310585786300049,0.03360038610038618,6.844538646741366,0.20185298370626553,-0.37117661758082887
1.3,0.2689414213699951,0.0346153846153846,2.699624820051764,0.20414201183431957,-0.2767957339483126
1.3,0.5,0.0346153846153846,4.7711538461538465,0.20414201183431957,-0.3239644970414201
1.3,0.7310585786300049,0.0346153846153846,6.842682872255929,0.20414201183431957,-0.37113326013452763
1.305,0.2689414213699951,0.03564176245210726,2.698243567915035,0.20640477973018595,-0.2757072100405575
1.305,0.5,0.03564176245210726,4.769535440613027,0.20640477973018595,-0.3233988050674535
1.305,0.7310585786300049,0.03564176245210726,6.840827313311019,0.20640477973018595,-0.37109040009434957
1.31,0.2689414213699951,0.036679389312977095,2.6968677272178736,0.20864168754734574,-0.27463112634550824
1.31,0.5,0.036679389312977095,4.767919847328245,0.20864168754734574,-0.32283957811316355
1.31,0.7310585786300049,0.036679389312977095,6.838971967438616,0.20864168754734574,-0.37104802988081886
1.315,0.2689414213699951,0.03772813688212928,2.6954972362328316,0.2108531278462895,-0.27356729401857327
1.315,0.5,0.03772813688212928,4.7663070342205325,0.2108531278462895,-0.3222867180384276
1.315,0.7310585786300049,0.03772813688212928,6.837116832208234,0.2108531278462895,-0.371006142058282
1.32,0.2689414213699951,0.038787878787878816,2.694132034167726,0.21303948576675852,-0.272515527784976
1.32,0.5,0.038787878787878816,4.7646969696969705,0.21303948576675852,-0.32174012855831036
1.32,0.7310585786300049,0.038787878787878816,6.835261905226215,0.21303948576675852,-0.37096472933164476
1.325,0.2689414213699951,0.03985849056603763,2.6927720611479917,0.2152011391954432,-0.27147564585908224
1.325,0.5,0.03985849056603763,4.763089622641509,0.2152011391954432,-0.3211997152011392
1.325,0.7310585786300049,0.03985849056603763,6.833407184135027,0.2152011391954432,-0.37092378454319613
1.33,0.2689414213699951,0.040939849624060165,2.6914172581994324,0.2173384589292781,-0.2704474698658458
1.33,0.5,0.040939849624060165,4.761484962406016,0.2173384589292781,-0.3206653852676805
1.33,0.7310585786300049,0.040939849624060165,6.831552666612598,0.2173384589292781,-0.3708833006695152
1.335,0.2689414213699951,0.04203183520599252,2.690067567231361,0.21945180883446253,-0.2694308247643099
1.335,0.5,0.04203183520599252,4.759882958801498,0.21945180883446253,-0.32013704779138435
1.335,0.7310585786300049,0.04203183520599252,6.829698350371634,0.21945180883446253,-0.3708432708184588
1.34,0.2689414213699951,0.04313432835820896,2.6887229310201155,0.22154154600133663,-0.26842553877310316
1.34,0.5,0.04313432835820896,4.758283582089551,0.22154154600133663,-0.3196146134996658
1.34,0.7310585786300049,0.04313432835820896,6.827844233158987,0.22154154600133663,-0.37080368822622856
1.345,0.2689414213699951,0.04424721189591074,2.6873832931929433,0.22360802089523363,-0.2674314432978705
1.345,0.5,0.04424721189591074,4.756686802973977,0.22360802089523363,-0.3190979947761916
1.345,0.7310585786300049,0.04424721189591074,6.825990312755011,0.22360802089523363,-0.3707645462545127
1.35,0.2689414213699951,0.04537037037037028,2.686048598212243,0.2256515775034294,-0.2664483728605819
1.35,0.5,0.04537037037037028,4.755092592592592,0.2256515775034294,-0.31858710562414266
1.35,0.7310585786300049,0.04537037037037028,6.824136586972942,0.2256515775034294,-0.37072583838770345
1.355,0.2689414213699951,0.04650369003690036,2.6847187913601576,0.2276725534783023,-0.2654761650306641
1.355,0.5,0.04650369003690036,4.753500922509225,0.2276725534783023,-0.3180818616304244
1.355,0.7310585786300049,0.04650369003690036,6.822283053658293,0.2276725534783023,-0.37068755823018473
1.36,0.2689414213699951,0.047647058823529376,2.6833938187235034,0.22967128027681666,-0.2645146603579011
1.36,0.5,0.047647058823529376,4.751911764705882,0.22967128027681666,-0.31758217993079585
1.36,0.7310585786300049,0.047647058823529376,6.820429710688262,0.22967128027681666,-0.37064969950369053
1.365,0.2689414213699951,0.04880036630036633,2.682073627179033,0.23164808329643494,-0.26356370230705206
1.365,0.5,0.04880036630036633,4.750325091575091,0.23164808329643494,-0.31708797917589127
1.365,0.7310585786300049,0.04880036630036633,6.818576555971148,0.23164808329643494,-0.37061225604473047
1.37,0.2689414213699951,0.04996350364963509,2.6807581643790246,0.2336032820075657,-0.2626231371941362
1.37,0.5,0.04996350364963509,4.748740875912408,0.2336032820075657,-0.31659917949810856
1.37,0.7310585786300049,0.04996350364963509,6.816723587445792,0.2336032820075657,-0.3705752218020809
1.375,0.2689414213699951,0.051136363636363646,2.679447378737172,0.23553719008264462,-0.2616928141243377
1.375,0.5,0.051136363636363646,4.74715909090909,0.23553719008264462,-0.31611570247933884
1.375,0.7310585786300049,0.051136363636363646,6.814870803081009,0.23553719008264462,-0.37053859083434
1.38,0.2689414213699951,0.052318840579710146,2.678141219414801,0.2374501155219491,-0.2607725849314807
1.38,0.5,0.052318840579710146,4.745579710144927,0.2374501155219491,-0.3156374711195127
1.38,0.7310585786300049,0.052318840579710146,6.813018200875053,0.2374501155219491,-0.37050235730754477
1.385,0.2689414213699951,0.053510830324909886,2.676839636307368,0.23934236077623844,-0.2598623041190329
1.385,0.5,0.053510830324909886,4.744002707581227,0.23934236077623844,-0.3151644098059404
1.385,0.7310585786300049,0.053510830324909886,6.811165778855086,0.23934236077623844,-0.37046651549284787
1.39,0.2689414213699951,0.054712230215827384,2.6755425800312596,0.24121422286631122,-0.2589618288025911
1.39,0.5,0.054712230215827384,4.742428057553957,0.24121422286631122,-0.3146964442834222
1.39,0.7310585786300049,0.054712230215827384,6.809313535076654,0.24121422286631122,-0.3704310597642533
1.395,0.2689414213699951,0.05592293906810031,2.6742500019108686,0.24306599349956964,-0.258071018653807
1.395,0.5,0.05592293906810031,4.740855734767025,0.24306599349956964,-0.31423350162510755
1.395,0.7310585786300049,0.05592293906810031,6.807461467623181,0.24306599349956964,-0.37039598459640816
1.4,0.2689414213699951,0.05714285714285705,2.672961853965956,0.2448979591836734,-0.2571897358457131
1.4,0.5,0.05714285714285705,4.739285714285715,0.2448979591836734,-0.3137755102040816
1.4,0.7310585786300049,0.05714285714285705,6.805609574605473,0.2448979591836734,-0.37036128456245015
1.405,0.2689414213699951,0.05837188612099642,2.671678088899275,0.2467104013373691,-0.25631784499940713
1.405,0.5,0.05837188612099642,4.737717971530249,0.2467104013373691,-0.3133223996656577
1.405,0.7310585786300049,0.05837188612099642,6.803757854161224,0.2467104013373691,-0.3703269543319083
1.41,0.2689414213699951,0.0596099290780141,2.6703986600844605,0.24850359639857145,-0.25545521313205877
1.41,0.5,0.0596099290780141,4.736152482269503,0.24850359639857145,-0.3128741009003571
1.41,0.7310585786300049,0.0596099290780141,6.801906304454546,0.24850359639857145,-0.37029298866865545
1.415,0.2689414213699951,0.06085689045936393,2.6691235215541793,0.25027781592977816,-0.25460170960619893
1.415,0.5,0.06085689045936393,4.734589222614841,0.25027781592977816,-0.3124305460175555
1.415,0.7310585786300049,0.06085689045936393,6.800054923675503,0.25027781592977816,-0.370259382428912
1.42,0.2689414213699951,0.06211267605633797,2.6678526279885237,0.25203332672088874,-0.25375720608025765
1.42,0.5,0.06211267605633797,4.7330281690140845,0.25203332672088874,-0.31199166831977787
1.42,0.7310585786300049,0.06211267605633797,6.798203710039645,0.25203332672088874,-0.37022613055929804
1.425,0.2689414213699951,0.06337719298245603,2.666585934703656,0.2537703908895045,-0.2529215764603142
1.425,0.5,0.06337719298245603,4.731469298245615,0.2537703908895045,-0.31155740227762385
1.425,0.7310585786300049,0.06337719298245603,6.796352661787573,0.2537703908895045,-0.3701932280949335
1.43,0.2689414213699951,0.06465034965034966,2.665323397640686,0.2554892659787764,-0.25209469685302655
1.43,0.5,0.06465034965034966,4.7299125874125885,0.2554892659787764,-0.31112768350530584
1.43,0.7310585786300049,0.06465034965034966,6.79450177718449,0.2554892659787764,-0.37016067015758525
1.435,0.2689414213699951,0.06593205574912897,2.6640649733547863,0.2571902050528718,-0.25127644551970596
1.435,0.5,0.06593205574912897,4.7283580139372825,0.2571902050528718,-0.310702448736782
1.435,0.7310585786300049,0.06593205574912897,6.792651054519779,0.2571902050528718,-0.3701284519538581
1.44,0.2689414213699951,0.0672222222222223,2.6628106190045284,0.2588734567901234,-0.2504667028315072
1.44,0.5,0.0672222222222223,4.726805555555556,0.2588734567901234,-0.31028163580246915
1.44,0.7310585786300049,0.0672222222222223,6.790800492106583,0.2588734567901234,-0.370096568773431
1.445,0.2689414213699951,0.06852076124567474,2.661560292341446,0.2605392655739275,-0.24966535122570105
1.445,0.5,0.06852076124567474,4.725255190311418,0.2605392655739275,-0.30986518360651816
1.445,0.7310585786300049,0.06852076124567474,6.78895008828139,0.2605392655739275,-0.3700650159873352
1.45,0.2689414213699951,0.06982758620689644,2.66031395169981,0.2621878715814506,-0.2488722751630011
1.45,0.5,0.06982758620689644,4.723706896551724,0.2621878715814506,-0.30945303210463737
1.45,0.7310585786300049,0.06982758620689644,6.787099841403639,0.2621878715814506,-0.3700337890462736
1.455,0.2689414213699951,0.07114261168384883,2.659071555986614,0.26381951087020705,-0.24808736108591506
1.455,0.5,0.07114261168384883,4.722160652920961,0.26381951087020705,-0.30904512228244824
1.455,0.7310585786300049,0.07114261168384883,6.785249749855309,0.26381951087020705,-0.3700028834789814
1.46,0.2689414213699951,0.07246575342465755,2.657833064671774,0.2654344154625633,-0.2473104973780931
1.46,0.5,0.07246575342465755,4.720616438356164,0.2654344154625633,-0.30864139613435915
1.46,0.7310585786300049,0.07246575342465755,6.783399812040555,0.2654344154625633,-0.3699722948906252
1.465,0.2689414213699951,0.07379692832764517,2.6565984377785137,0.26703281342822865,-0.24654157432464505
1.465,0.5,0.07379692832764517,4.719074232081912,0.26703281342822865,-0.3082417966429428
1.465,0.7310585786300049,0.07379692832764517,6.78155002638531,0.26703281342822865,-0.3699420189612407
1.47,0.2689414213699951,0.07513605442176863,2.655367635873959,0.2686149289647832,-0.2457804840734017
1.47,0.5,0.07513605442176863,4.717534013605442,0.2686149289647832,-0.3078462677588042
1.47,0.7310585786300049,0.07513605442176863,6.779700391336926,0.2686149289647832,-0.3699120514442068
1.475,0.2689414213699951,0.07648305084745766,2.6541406200599207,0.27018098247629996,-0.24502712059709292
1.475,0.5,0.07648305084745766,4.715995762711865,0.27018098247629996,-0.30745475438092507
1.475,0.7310585786300049,0.07648305084745766,6.777850905363809,0.27018098247629996,-0.36988238816475716
1.48,0.2689414213699951,0.07783783783783782,2.652917351963859,0.27173119065010953,-0.24428137965641944
1.48,0.5,0.07783783783783782,4.714459459459459,0.27173119065010953,-0.30706720233747264
1.48,0.7310585786300049,0.07783783783783782,6.776001566955059,0.27173119065010953,-0.3698530250185258
1.485,0.2689414213699951,0.07920033670033666,2.6516977937300377,0.2732657665317598,-0.24354315876399285
1.485,0.5,0.07920033670033666,4.712925084175084,0.2732657665317598,-0.30668355836706007
1.485,0.7310585786300049,0.07920033670033666,6.77415237462013,0.2732657665317598,-0.36982395797012724
1.49,0.2689414213699951,0.08057046979865778,2.6504819080108497,0.27478491959821627,-0.2428123571491219
1.49,0.5,0.08057046979865778,4.711392617449664,0.27478491959821627,-0.30630377010044596
1.49,0.7310585786300049,0.08057046979865778,6.772303326888478,0.27478491959821627,-0.36979518305176995
1.495,0.2689414213699951,0.08194816053511711,2.6492696579583224,0.27628885582935314,-0.24208887572342103
1.495,0.5,0.08194816053511711,4.709862040133778,0.27628885582935314,-0.3059277860426617
1.495,0.7310585786300049,0.08194816053511711,6.770454422309235,0.27628885582935314,-0.3697666963619024
1.5,0.2689414213699951,0.08333333333333337,2.6480610072157895,0.2777777777777778,-0.24137261704722085
1.5,0.5,0.08333333333333337,4.708333333333333,0.2777777777777778,-0.3055555555555556
1.5,0.7310585786300049,0.08333333333333337,6.768605659450877,0.2777777777777778,-0.36973849406389026
1.505,0.2689414213699951,0.08472591362126236,2.6468559199097292,0.2792518846370349,-0.2406634852967579
1.505,0.5,0.08472591362126236,4.706806478405316,0.2792518846370349,-0.3051870288407413
1.505,0.7310585786300049,0.08472591362126236,6.766757036900902,0.2792518846370349,-0.36971057238472466
1.51,0.2689414213699951,0.08612582781456957,2.6456543606417653,0.28071137230823207,-0.23996138623212376
1.51,0.5,0.08612582781456957,4.705281456953642,0.28071137230823207,-0.304822156922942
1.51,0.7310585786300049,0.08612582781456957,6.76490855326552,0.28071137230823207,-0.3696829276137602
1.515,0.2689414213699951,0.08753300330032998,2.6444562944808285,0.28215643346512864,-0.23926622716595364
1.515,0.5,0.08753300330032998,4.703758250825083,0.28215643346512864,-0.3044608916337178
1.515,0.7310585786300049,0.08753300330032998,6.763060207169337,0.28215643346512864,-0.36965555610148204
1.52,0.2689414213699951,0.08894736842105266,2.6432616869554666,0.2835872576177285,-0.23857791693283448
1.52,0.5,0.08894736842105266,4.702236842105263,0.2835872576177285,-0.30410318559556787
1.52,0.7310585786300049,0.08894736842105266,6.761211997255059,0.2835872576177285,-0.36962845425830126
1.525,0.2689414213699951,0.09036885245901638,2.642070504046315,0.2850040311744154,-0.2378963658594141
1.525,0.5,0.09036885245901638,4.700717213114753,0.2850040311744154,-0.3037489922063962
1.525,0.7310585786300049,0.09036885245901638,6.7593639221831925,0.2850040311744154,-0.3696016185533782
1.53,0.2689414213699951,0.0917973856209151,2.640882712178704,0.2864069375026699,-0.23722148573519297
1.53,0.5,0.0917973856209151,4.699199346405229,0.2864069375026699,-0.3033982656243325
1.53,0.7310585786300049,0.0917973856209151,6.757515980631754,0.2864069375026699,-0.3695750455134721
1.535,0.2689414213699951,0.0932328990228013,2.6396982782154197,0.28779615698840305,-0.2365531897839811
1.535,0.5,0.0932328990228013,4.6976832247557,0.28779615698840305,-0.3030509607528993
1.535,0.7310585786300049,0.0932328990228013,6.755668171295981,0.28779615698840305,-0.3695487317218174
1.54,0.2689414213699951,0.09467532467532469,2.6385171694496017,0.28917186709394505,-0.23589139263600212
1.54,0.5,0.09467532467532469,4.696168831168831,0.28917186709394505,-0.3027070332265137
1.54,0.7310585786300049,0.09467532467532469,6.75382049288806,0.28917186709394505,-0.36952267381702536
1.545,0.2689414213699951,0.09612459546925567,2.6373393535977803,0.29053424241472126,-0.2352360103006289
1.545,0.5,0.09612459546925567,4.694656148867314,0.29053424241472126,-0.3023664393963197
1.545,0.7310585786300049,0.09612459546925567,6.751972944136848,0.29053424241472126,-0.36949686849201047
1.55,0.2689414213699951,0.09758064516129039,2.636164798793045,0.29188345473465144,-0.2345869601397332
1.55,0.5,0.09758064516129039,4.693145161290323,0.29188345473465144,-0.3020291363163371
1.55,0.7310585786300049,0.09758064516129039,6.750125523787601,0.29188345473465144,-0.3694713124929411
1.555,0.2689414213699951,0.09904340836012859,2.634993473578351,0.2932196730803031,-0.2339441608416347
1.555,0.5,0.09904340836012859,4.691635852090032,0.2932196730803031,-0.3016950817299242
1.555,0.7310585786300049,0.09904340836012859,6.748278230601714,0.2932196730803031,-0.3694460026182138
1.56,0.2689414213699951,0.10051282051282051,2.6338253468999464,0.294543063773833,-0.233307532395633
1.56,0.5,0.10051282051282051,4.690128205128205,0.294543063773833,-0.3013642340565418
1.56,0.7310585786300049,0.10051282051282051,6.7464310633564635,0.294543063773833,-0.3694209357174505
1.565,0.2689414213699951,0.10198881789137382,2.632660388100935,0.29585379048474514,-0.23267699606710923
1.565,0.5,0.10198881789137382,4.688622204472844,0.29585379048474514,-0.3010365523788137
1.565,0.7310585786300049,0.10198881789137382,6.744584020844752,0.29585379048474514,-0.3693961086905182
1.57,0.2689414213699951,0.1034713375796179,2.631498566914952,0.2971520142804982,-0.2320524743731806
1.57,0.5,0.1034713375796179,4.687117834394904,0.2971520142804982,-0.30071199642987545
1.57,0.7310585786300049,0.1034713375796179,6.742737101874856,0.2971520142804982,-0.3693715184865703
1.575,0.2689414213699951,0.10496031746031753,2.630339853459971,0.29843789367598894,-0.23143389105889625
1.575,0.5,0.10496031746031753,4.68561507936508,0.29843789367598894,-0.30039052658100274
1.575,0.7310585786300049,0.10496031746031753,6.74089030527019,0.29843789367598894,-0.36934716210310925
1.58,0.2689414213699951,0.10645569620253159,2.629184218232213,0.29971158468194203,-0.2308211710739586
1.58,0.5,0.10645569620253159,4.684113924050632,0.29971158468194203,-0.3000721038295145
1.58,0.7310585786300049,0.10645569620253159,6.739043629869052,0.29971158468194203,-0.3693230365850704
1.585,0.2689414213699951,0.10795741324921126,2.628031632100194,0.30097324085223254,-0.23021424054995887
1.585,0.5,0.10795741324921126,4.682614353312304,0.30097324085223254,-0.2997566897869418
1.585,0.7310585786300049,0.10795741324921126,6.737197074524413,0.30097324085223254,-0.3692991390239248
1.59,0.2689414213699951,0.10946540880503142,2.6268820662988563,0.30222301333016893,-0.2296130267781119
1.59,0.5,0.10946540880503142,4.681116352201257,0.30222301333016893,-0.2994442466674577
1.59,0.7310585786300049,0.10946540880503142,6.735350638103657,0.30222301333016893,-0.3692754665568036
1.595,0.2689414213699951,0.11097962382445137,2.625735492423839,0.30346105089376085,-0.22901745818747982
1.595,0.5,0.11097962382445137,4.6796199059561125,0.30346105089376085,-0.2991347372765598
1.595,0.7310585786300049,0.11097962382445137,6.733504319488386,0.30346105089376085,-0.36925201636563976
1.6,0.2689414213699951,0.11250000000000004,2.624591882425831,0.3046875,-0.22842746432367034
1.6,0.5,0.11250000000000004,4.678125,0.3046875,-0.298828125
1.6,0.7310585786300049,0.11250000000000004,6.731658117574168,0.3046875,-0.36922878567632955
1.605,0.2689414213699951,0.11402647975077884,2.623451208605049,0.30590250482817516,-0.22784297582799984
1.605,0.5,0.11402647975077884,4.6766316199376945,0.30590250482817516,-0.29852437379295615
1.605,0.7310585786300049,0.11402647975077884,6.729812031270341,0.30590250482817516,-0.3692057717579126
1.61,0.2689414213699951,0.1155590062111802,2.622313443605802,0.30710620732224836,-0.22726392441710758
1.61,0.5,0.1155590062111802,4.675139751552795,0.30710620732224836,-0.2982234481694379
1.61,0.7310585786300049,0.1155590062111802,6.727966059499788,0.30710620732224836,-0.3691829719217682
1.615,0.2689414213699951,0.11709752321981426,2.621178560411174,0.30829874723231315,-0.22669024286301226
1.615,0.5,0.11709752321981426,4.673649380804954,0.30829874723231315,-0.2979253131919217
1.615,0.7310585786300049,0.11709752321981426,6.726120201198734,0.30829874723231315,-0.36916038352083114
1.62,0.2689414213699951,0.11864197530864196,2.6200465323377875,0.30948026215515934,-0.22612186497359776
1.62,0.5,0.11864197530864196,4.672160493827161,0.30948026215515934,-0.2976299344612102
1.62,0.7310585786300049,0.11864197530864196,6.724274455316534,0.30948026215515934,-0.36913800394882257
1.625,0.2689414213699951,0.12019230769230771,2.618917333030678,0.31065088757396453,-0.2255587255735192
1.625,0.5,0.12019230769230771,4.6706730769230775,0.31065088757396453,-0.2973372781065089
1.625,0.7310585786300049,0.12019230769230771,6.722428820815477,0.31065088757396453,-0.36911583063949854
1.63,0.2689414213699951,0.12174846625766866,2.6177909364582534,0.3118107568971358,-0.2250007604855179
1.63,0.5,0.12174846625766866,4.669187116564417,0.3118107568971358,-0.2970473107757161
1.63,0.7310585786300049,0.12174846625766866,6.720583296670581,0.3118107568971358,-0.36909386106591424
1.635,0.2689414213699951,0.1233103975535168,2.6166673169073515,0.31296000149632,-0.2244479065121361
1.635,0.5,0.1233103975535168,4.667702599388379,0.31296000149632,-0.29675999962592003
1.635,0.7310585786300049,0.1233103975535168,6.718737881869407,0.31296000149632,-0.36907209273970387
1.64,0.2689414213699951,0.1248780487804877,2.6155464489783857,0.31409875074360494,-0.22390010141782118
1.64,0.5,0.1248780487804877,4.666219512195122,0.31409875074360494,-0.29647531231409874
1.64,0.7310585786300049,0.1248780487804877,6.716892575411858,0.31409875074360494,-0.36905052321037635
1.645,0.2689414213699951,0.12645136778115507,2.6144283075805785,0.31522713204793007,-0.2233572839114099
1.645,0.5,0.12645136778115507,4.664737841945289,0.31522713204793007,-0.2961932169880175
1.645,0.7310585786300049,0.12645136778115507,6.715047376309999,0.31522713204793007,-0.36902915006462506
1.65,0.2689414213699951,0.12803030303030305,2.6133128679272826,0.3163452708907254,-0.2228193936289838
1.65,0.5,0.12803030303030305,4.6632575757575765,0.3163452708907254,-0.2959136822773186
1.65,0.7310585786300049,0.12803030303030305,6.71320228358787,0.3163452708907254,-0.3690079709256535
1.655,0.2689414213699951,0.1296148036253777,2.6122001055313877,0.317453290860799,-0.2222863711170865
1.655,0.5,0.1296148036253777,4.661778700906345,0.317453290860799,-0.29563667728480025
1.655,0.7310585786300049,0.1296148036253777,6.711357296281303,0.317453290860799,-0.36898698345251396
1.66,0.2689414213699951,0.13120481927710848,2.6110899962008083,0.3185513136884889,-0.2217581578162947
1.66,0.5,0.13120481927710848,4.660301204819277,0.3185513136884889,-0.2953621715778778
1.66,0.7310585786300049,0.13120481927710848,6.7095124134377455,0.3185513136884889,-0.36896618533946085
1.665,0.2689414213699951,0.13280030030030032,2.6099825160340564,0.3196394592790989,-0.22123469604513335
1.665,0.5,0.13280030030030032,4.658825075075075,0.3196394592790989,-0.2950901351802253
1.665,0.7310585786300049,0.13280030030030032,6.707667634116095,0.3196394592790989,-0.3689455743153172
1.67,0.2689414213699951,0.1344011976047904,2.6088776414158867,0.32071784574563444,-0.2207159289843279
1.67,0.5,0.1344011976047904,4.657350299401198,0.32071784574563444,-0.29482053856359136
1.67,0.7310585786300049,0.1344011976047904,6.705822957386509,0.32071784574563444,-0.3689251481428548
1.675,0.2689414213699951,0.13600746268656716,2.6077753490130293,0.3217865894408554,-0.22020180066138512
1.675,0.5,0.13600746268656716,4.655876865671642,0.3217865894408554,-0.2945533526397861
1.675,0.7310585786300049,0.13600746268656716,6.703978382330255,0.3217865894408554,-0.36890490461818715
1.68,0.2689414213699951,0.13761904761904753,2.6066756157699893,0.3228458049886621,-0.21969225593549446
1.68,0.5,0.13761904761904753,4.654404761904761,0.3228458049886621,-0.2942885487528345
1.68,0.7310585786300049,0.13761904761904753,6.702133908039532,0.3228458049886621,-0.3688848415701745
1.685,0.2689414213699951,0.13923590504451044,2.6055784189049307,0.32389560531483064,-0.21918724048274252
1.685,0.5,0.13923590504451044,4.652933976261128,0.32389560531483064,-0.29402609867129237
1.685,0.7310585786300049,0.13923590504451044,6.700289533617325,0.32389560531483064,-0.36886495685984216
1.69,0.2689414213699951,0.14085798816568051,2.60448373590562,0.3249361016771121,-0.2186867007816337
1.69,0.5,0.14085798816568051,4.651464497041419,0.3249361016771121,-0.29376597458072196
1.69,0.7310585786300049,0.14085798816568051,6.698445258177219,0.3249361016771121,-0.36884524837981025
1.695,0.2689414213699951,0.1424852507374632,2.6033915445254596,0.325967403694712,-0.2181905840989088
1.695,0.5,0.1424852507374632,4.649996312684365,0.325967403694712,-0.29350814907632194
1.695,0.7310585786300049,0.1424852507374632,6.696601080843271,0.325967403694712,-0.3688257140537351
1.7,0.2689414213699951,0.14411764705882346,2.6023018227795744,0.32698961937716264,-0.21769883847565585
1.7,0.5,0.14411764705882346,4.648529411764706,0.32698961937716264,-0.29325259515570934
1.7,0.7310585786300049,0.14411764705882346,6.694757000749838,0.32698961937716264,-0.3688063518357629
1.705,0.2689414213699951,0.14575513196480938,2.6012145489409755,0.3280028551526045,-0.2172114127137047
1.705,0.5,0.14575513196480938,4.647063782991202,0.3280028551526045,-0.2929992862118489
1.705,0.7310585786300049,0.14575513196480938,6.692913017041428,0.3280028551526045,-0.36878715970999304
1.71,0.2689414213699951,0.14739766081871342,2.6001297015367935,0.3290072158954892,-0.2167282563623008
1.71,0.5,0.14739766081871342,4.645599415204678,0.3290072158954892,-0.29274819602612767
1.71,0.7310585786300049,0.14739766081871342,6.691069128872562,0.3290072158954892,-0.3687681356899546
1.715,0.2689414213699951,0.1490451895043733,2.599047259344569,0.33000280495371825,-0.21624931970504951
1.715,0.5,0.1490451895043733,4.644136297376093,0.33000280495371825,-0.29249929876157044
1.715,0.7310585786300049,0.1490451895043733,6.689225335407617,0.33000280495371825,-0.3687492778180913
1.72,0.2689414213699951,0.1506976744186046,2.597967201388617,0.33098972417522987,-0.21577455374712656
1.72,0.5,0.1506976744186046,4.642674418604651,0.33098972417522987,-0.29225256895619256
1.72,0.7310585786300049,0.1506976744186046,6.687381635820684,0.33098972417522987,-0.3687305841652585
1.725,0.2689414213699951,0.15235507246376812,2.5968895069364475,0.3319680739340475,-0.21530391020274675
1.725,0.5,0.15235507246376812,4.641213768115942,0.3319680739340475,-0.2920079815164881
1.725,0.7310585786300049,0.15235507246376812,6.6855380292954365,0.3319680739340475,-0.3687120528302295
1.73,0.2689414213699951,0.15401734104046239,2.5958141554952534,0.3329379531558021,-0.21483734148288672
1.73,0.5,0.15401734104046239,4.639754335260116,0.3329379531558021,-0.2917655117110495
1.73,0.7310585786300049,0.15401734104046239,6.683694515024977,0.3329379531558021,-0.36869368193921226
1.735,0.2689414213699951,0.15568443804034593,2.5947411268084557,0.3338994593427402,-0.21437480068325432
1.735,0.5,0.15568443804034593,4.638296109510086,0.3338994593427402,-0.291525135164315
1.735,0.7310585786300049,0.15568443804034593,6.6818510922117165,0.3338994593427402,-0.3686754696453756
1.74,0.2689414213699951,0.15735632183908044,2.59367040085231,0.3348526885982296,-0.2139162415725
1.74,0.5,0.15735632183908044,4.636839080459771,0.3348526885982296,-0.2912868278504426
1.74,0.7310585786300049,0.15735632183908044,6.680007760067231,0.3348526885982296,-0.36865741412838515
1.745,0.2689414213699951,0.15903295128939832,2.5926019578325685,0.33579773565077464,-0.21346161858066423
1.745,0.5,0.15903295128939832,4.63538323782235,0.33579773565077464,-0.29105056608730634
1.745,0.7310585786300049,0.15903295128939832,6.678164517812132,0.33579773565077464,-0.3686395135939484
1.75,0.2689414213699951,0.1607142857142857,2.591535778181207,0.33673469387755106,-0.2130108867878555
1.75,0.5,0.1607142857142857,4.633928571428572,0.33673469387755106,-0.2908163265306123
1.75,0.7310585786300049,0.1607142857142857,6.676321364675937,0.33673469387755106,-0.368621766273369
1.755,0.2689414213699951,0.1624002849002849,2.590471842553195,0.337663655327473,-0.212564001913154
1.755,0.5,0.1624002849002849,4.6324750712250715,0.337663655327473,-0.2905840861681318
1.755,0.7310585786300049,0.1624002849002849,6.674478299896948,0.337663655327473,-0.36860417042310956
1.76,0.2689414213699951,0.16409090909090918,2.589410131823334,0.33858471074380164,-0.21212092030373542
1.76,0.5,0.16409090909090918,4.631022727272727,0.33858471074380164,-0.2903538223140496
1.76,0.7310585786300049,0.16409090909090918,6.672635322722121,0.33858471074380164,-0.36858672432436373
1.765,0.2689414213699951,0.16578611898016993,2.5883506270831416,0.33949794958630597,-0.21168159892421062
1.765,0.5,0.16578611898016993,4.629571529745042,0.33949794958630597,-0.2901255126034235
1.765,0.7310585786300049,0.16578611898016993,6.670792432406943,0.33949794958630597,-0.36856942628263645
1.77,0.2689414213699951,0.16748587570621465,2.587293309637789,0.34040346005298605,-0.2112459953461749
1.77,0.5,0.16748587570621465,4.628121468926554,0.34040346005298605,-0.2898991349867535
1.77,0.7310585786300049,0.16748587570621465,6.6689496282153184,0.34040346005298605,-0.36855227462733214
1.775,0.2689414213699951,0.16919014084507045,2.5862381610030964,0.3413013291013688,-0.21081406773796402
1.775,0.5,0.16919014084507045,4.626672535211268,0.3413013291013688,-0.2896746677246578
1.775,0.7310585786300049,0.16919014084507045,6.667106909419441,0.3413013291013688,-0.3685352677113516
1.78,0.2689414213699951,0.17089887640449442,2.5851851629025666,0.34219164246938516,-0.21038577485461074
1.78,0.5,0.17089887640449442,4.625224719101123,0.34219164246938516,-0.2894520893826537
1.78,0.7310585786300049,0.17089887640449442,6.66526427529968,0.34219164246938516,-0.3685184039106967
1.785,0.2689414213699951,0.17261204481792713,2.584134297264487,0.3430744846958391,-0.20996107602799827
1.785,0.5,0.17261204481792713,4.623778011204482,0.3430744846958391,-0.2892313788260402
1.785,0.7310585786300049,0.17261204481792713,6.663421725144477,0.3430744846958391,-0.3685016816240822
1.79,0.2689414213699951,0.17432960893854743,2.5830855462190585,0.3439499391404762,-0.20953993115720582
1.79,0.5,0.17432960893854743,4.622332402234638,0.3439499391404762,-0.2890125152148809
1.79,0.7310585786300049,0.17432960893854743,6.6615792582502165,0.3439499391404762,-0.36848509927255607
1.795,0.2689414213699951,0.17605153203342616,2.5820388920955906,0.3448180880036623,-0.20912230069904225
1.795,0.5,0.17605153203342616,4.620887883008357,0.3448180880036623,-0.2887954779990844
1.795,0.7310585786300049,0.17605153203342616,6.659736873921123,0.3448180880036623,-0.3684686552991266
1.8,0.2689414213699951,0.1777777777777777,2.5809943174197345,0.345679012345679,-0.20870814565876372
1.8,0.5,0.1777777777777777,4.619444444444444,0.345679012345679,-0.2885802469135802
1.8,0.7310585786300049,0.1777777777777777,6.6578945714691535,0.345679012345679,-0.3684523481683968
1.805,0.2689414213699951,0.17950831024930747,2.579951804910762,0.3465327921056468,-0.20829742758097058
1.805,0.5,0.17950831024930747,4.618002077562327,0.3465327921056468,-0.2883668019735883
1.805,0.7310585786300049,0.17950831024930747,6.656052350213892,0.3465327921056468,-0.36843617636620607
1.81,0.2689414213699951,0.18124309392265192,2.5789113374788917,0.34737950612008184,-0.20789010854068035
1.81,0.5,0.18124309392265192,4.616560773480663,0.34737950612008184,-0.2881551234699795
1.81,0.7310585786300049,0.18124309392265192,6.654210209482435,0.34737950612008184,-0.36842013839927873
1.815,0.2689414213699951,0.18298209366391183,2.5778728982226595,0.3482192321410954,-0.20748615113457292
1.815,0.5,0.18298209366391183,4.615120523415977,0.3482192321410954,-0.2879451919647261
1.815,0.7310585786300049,0.18298209366391183,6.652368148609296,0.3482192321410954,-0.3684042327948793
1.82,0.2689414213699951,0.18472527472527467,2.5768364704263336,0.3490520468542447,-0.2070855184724032
1.82,0.5,0.18472527472527467,4.613681318681318,0.3490520468542447,-0.2877369882864388
1.82,0.7310585786300049,0.18472527472527467,6.650526166936303,0.3490520468542447,-0.3683884581004745
1.825,0.2689414213699951,0.186472602739726,2.5758020375573665,0.34987802589604056,-0.2066881741685787
1.825,0.5,0.186472602739726,4.612243150684932,0.34987802589604056,-0.28753049352598986
1.825,0.7310585786300049,0.186472602739726,6.648684263812498,0.34987802589604056,-0.368372812883401
1.83,0.2689414213699951,0.188224043715847,2.5747695832638935,0.3506972438711219,-0.2062940823338979
1.83,0.5,0.188224043715847,4.610806010928962,0.3506972438711219,-0.28732568903221956
1.83,0.7310585786300049,0.188224043715847,6.646842438594031,0.3506972438711219,-0.3683572957305411
1.835,0.2689414213699951,0.18997956403269756,2.5737390913722735,0.35150977436910213,-0.205903207567446
1.835,0.5,0.18997956403269756,4.609369891008175,0.35150977436910213,-0.2871225564077245
1.835,0.7310585786300049,0.18997956403269756,6.645000690644076,0.35150977436910213,-0.3683419052480029
1.84,0.2689414213699951,0.19173913043478263,2.5727105458846653,0.3523156899810964,-0.20551551494864428
1.84,0.5,0.19173913043478263,4.607934782608695,0.3523156899810964,-0.2869210775047259
1.84,0.7310585786300049,0.19173913043478263,6.6431590193327255,0.3523156899810964,-0.3683266400608075
1.845,0.2689414213699951,0.1935027100271003,2.5716839309766466,0.3531150623159348,-0.2051309700294508
1.845,0.5,0.1935027100271003,4.606500677506775,0.3531150623159348,-0.28672123442101627
1.845,0.7310585786300049,0.1935027100271003,6.641317424036903,0.3531150623159348,-0.36831149881258185
1.85,0.2689414213699951,0.19527027027027022,2.570659230994869,0.3539079620160701,-0.20474953882670752
1.85,0.5,0.19527027027027022,4.605067567567567,0.3539079620160701,-0.2865230094959824
1.85,0.7310585786300049,0.19527027027027022,6.639475904140266,0.3539079620160701,-0.3682964801652574
1.855,0.2689414213699951,0.19704177897574116,2.5696364304547537,0.3546944587731853,-0.2043711878146326
1.855,0.5,0.19704177897574116,4.603635444743936,0.3546944587731853,-0.2863263853067037
1.855,0.7310585786300049,0.19704177897574116,6.6376344590331176,0.3546944587731853,-0.36828158279877476
1.86,0.2689414213699951,0.1988172043010754,2.5686155140382225,0.35547462134350793,-0.20399588391745288
1.86,0.5,0.1988172043010754,4.602204301075268,0.35547462134350793,-0.28613134466412304
1.86,0.7310585786300049,0.1988172043010754,6.635793088112314,0.35547462134350793,-0.36826680541079315
1.865,0.2689414213699951,0.20059651474530837,2.567596466591467,0.3562485175628374,-0.2036235945021751
1.865,0.5,0.20059651474530837,4.600774128686327,0.3562485175628374,-0.28593787060929066
1.865,0.7310585786300049,0.20059651474530837,6.633951790781187,0.3562485175628374,-0.3682521467164062
1.87,0.2689414213699951,0.20237967914438515,2.56657927312275,0.35701621436129144,-0.20325428737149198
1.87,0.5,0.20237967914438515,4.599344919786096,0.35701621436129144,-0.2857459464096771
1.87,0.7310585786300049,0.20237967914438515,6.632110566449441,0.35701621436129144,-0.36823760544786227
1.875,0.2689414213699951,0.2041666666666666,2.5655639188002493,0.35777777777777775,-0.2028879307568205
1.875,0.5,0.2041666666666666,4.597916666666667,0.35777777777777775,-0.28555555555555556
1.875,0.7310585786300049,0.2041666666666666,6.630269414533085,0.35777777777777775,-0.36822318035429064
1.88,0.2689414213699951,0.20595744680851058,2.5645503889499226,0.35853327297419646,-0.2025244933114695
1.88,0.5,0.20595744680851058,4.596489361702127,0.35853327297419646,-0.28536668175645086
1.88,0.7310585786300049,0.20595744680851058,6.628428334454331,0.35853327297419646,-0.3682088702014322
1.885,0.2689414213699951,0.20775198938992046,2.5635386690534268,0.3592827642493791,-0.20216394410393457
1.885,0.5,0.20775198938992046,4.59506299734748,0.3592827642493791,-0.2851793089376552
1.885,0.7310585786300049,0.20775198938992046,6.626587325641533,0.3592827642493791,-0.3681946737713759
1.89,0.2689414213699951,0.2095502645502645,2.562528744746048,0.36002631505277005,-0.20180625261131607
1.89,0.5,0.2095502645502645,4.593637566137566,0.36002631505277005,-0.2849934212368075
1.89,0.7310585786300049,0.2095502645502645,6.624746387529084,0.36002631505277005,-0.36818058986229885
1.895,0.2689414213699951,0.21135224274406328,2.5615206018146788,0.3607639879978558,-0.20145138871285934
1.895,0.5,0.21135224274406328,4.592213060686016,0.3607639879978558,-0.284809003000536
1.895,0.7310585786300049,0.21135224274406328,6.622905519557354,0.3607639879978558,-0.36816661728821276
1.9,0.2689414213699951,0.2131578947368422,2.560514226195825,0.36149584487534625,-0.2010993226836132
1.9,0.5,0.2131578947368422,4.590789473684211,0.36149584487534625,-0.28462603878116344
1.9,0.7310585786300049,0.2131578947368422,6.621064721172596,0.36149584487534625,-0.3681527548787137
1.905,0.2689414213699951,0.21496719160104993,2.559509603973641,0.3622219466661155,-0.200750025188205
1.905,0.5,0.21496719160104993,4.589366797900262,0.3622219466661155,-0.2844445133334711
1.905,0.7310585786300049,0.21496719160104993,6.619223991826884,0.3622219466661155,-0.36813900147873724
1.91,0.2689414213699951,0.2167801047120419,2.558506721377994,0.3629423535539048,-0.20040346727472985
1.91,0.5,0.2167801047120419,4.58794502617801,0.3629423535539048,-0.2842644116115238
1.91,0.7310585786300049,0.2167801047120419,6.617383330978027,0.3629423535539048,-0.36812535594831775
1.915,0.2689414213699951,0.21859660574412532,2.557505564782568,0.36365712493779356,-0.2000596203687509
1.915,0.5,0.21859660574412532,4.586524151436031,0.36365712493779356,-0.2840857187655516
1.915,0.7310585786300049,0.21859660574412532,6.615542738089493,0.36365712493779356,-0.3681118171623523
1.92,0.2689414213699951,0.2204166666666667,2.556506120702986,0.3643663194444444,-0.19971845626740925
1.92,0.5,0.2204166666666667,4.5851041666666665,0.3643663194444444,-0.2839084201388889
1.92,0.7310585786300049,0.2204166666666667,6.613702212630347,0.3643663194444444,-0.36809838401036854
1.925,0.2689414213699951,0.22224025974025974,2.555508375794968,0.3650699949401248,-0.1993799471336405
1.925,0.5,0.22224025974025974,4.5836850649350644,0.3650699949401248,-0.2837325012649688
1.925,0.7310585786300049,0.22224025974025974,6.611861754075161,0.3650699949401248,-0.3680850553962971
1.93,0.2689414213699951,0.22406735751295348,2.554512316852518,0.36576820854251124,-0.19904406549049636
1.93,0.5,0.22406735751295348,4.582266839378238,0.36576820854251124,-0.28355794786437216
1.93,0.7310585786300049,0.22406735751295348,6.610021361903957,0.36576820854251124,-0.368071830238248
1.935,0.2689414213699951,0.22589793281653747,2.5535179308061355,0.36646101663228037,-0.1987107842155686
1.935,0.5,0.22589793281653747,4.580849483204134,0.36646101663228037,-0.2833847458419299
1.935,0.7310585786300049,0.22589793281653747,6.608181035602133,0.36646101663228037,-0.36805870746829117
1.94,0.2689414213699951,0.22773195876288654,2.552525204721057,0.3671484748644914,-0.19838007653551368
1.94,0.5,0.22773195876288654,4.579432989690722,0.3671484748644914,-0.28321288128387717
1.94,0.7310585786300049,0.22773195876288654,6.606340774660387,0.3671484748644914,-0.36804568603224064
1.945,0.2689414213699951,0.22956940874035991,2.5515341257955244,0.3678306381797636,-0.19805191602067534
1.945,0.5,0.22956940874035991,4.578017352185091,0.3678306381797636,-0.2830423404550591
1.945,0.7310585786300049,0.22956940874035991,6.604500578574657,0.3678306381797636,-0.36803276488944286
1.95,0.2689414213699951,0.23141025641025648,2.5505446813590793,0.36850756081525315,-0.19772627657980424
1.95,0.5,0.23141025641025648,4.576602564102565,0.36850756081525315,-0.28287310979618674
1.95,0.7310585786300049,0.23141025641025648,6.60266044684605,0.36850756081525315,-0.3680199430125692
1.955,0.2689414213699951,0.23325447570332491,2.5495568588708846,0.3691792963154349,-0.19740313245487148
1.955,0.5,0.23325447570332491,4.575188618925831,0.3691792963154349,-0.2827051759211413
1.955,0.7310585786300049,0.23325447570332491,6.600820378980778,0.3691792963154349,-0.3680072193874111
1.96,0.2689414213699951,0.23510204081632646,2.5485706459180717,0.36984589754269054,-0.19708245821597487
1.96,0.5,0.23510204081632646,4.573775510204082,0.36984589754269054,-0.28253852561432735
1.96,0.7310585786300049,0.23510204081632646,6.598980374490092,0.36984589754269054,-0.3679945930126799
1.965,0.2689414213699951,0.23695292620865138,2.5475860302141102,0.37050741668770926,-0.19676422875633565
1.965,0.5,0.23695292620865138,4.5723632315521625,0.37050741668770926,-0.2823731458280727
1.965,0.7310585786300049,0.23695292620865138,6.597140432890215,0.37050741668770926,-0.3679820628998097
1.97,0.2689414213699951,0.23880710659898474,2.5466029995972077,0.37116390527970317,-0.1964484192873842
1.97,0.5,0.23880710659898474,4.570951776649747,0.37116390527970317,-0.2822090236800742
1.97,0.7310585786300049,0.23880710659898474,6.595300553702286,0.37116390527970317,-0.3679696280727642
1.975,0.2689414213699951,0.24066455696202527,2.5456215420287283,0.3718154141964429,-0.19613500533393263
1.975,0.5,0.24066455696202527,4.569541139240507,0.3718154141964429,-0.2820461464508893
1.975,0.7310585786300049,0.24066455696202527,6.593460736452286,0.3718154141964429,-0.36795728756784596
1.98,0.2689414213699951,0.2425252525252526,2.544641645591637,0.3724619936741149,-0.19582396272943242
1.98,0.5,0.2425252525252526,4.568131313131313,0.3724619936741149,-0.28188450158147127
1.98,0.7310585786300049,0.2425252525252526,6.59162098067099,0.3724619936741149,-0.3679450404335102
1.985,0.2689414213699951,0.24438916876574324,2.5436632984889727,0.373103693317006,-0.19551526761131582
1.985,0.5,0.24438916876574324,4.566722292191436,0.373103693317006,-0.2817240766707485
1.985,0.7310585786300049,0.24438916876574324,6.589781285893899,0.373103693317006,-0.3679328857301812
1.99,0.2689414213699951,0.24625628140703504,2.542686489042335,0.3737405621070175,-0.1952088964164191
1.99,0.5,0.24625628140703504,4.565314070351759,0.3737405621070175,-0.2815648594732456
1.99,0.7310585786300049,0.24625628140703504,6.587941651661183,0.3737405621070175,-0.3679208225300722
1.995,0.2689414213699951,0.24812656641604014,2.5417112056903997,0.3743726484130125,-0.19490482587648567
1.995,0.5,0.24812656641604014,4.56390664160401,0.3743726484130125,-0.28140683789674686
1.995,0.7310585786300049,0.24812656641604014,6.58610207751762,0.3743726484130125,-0.3679088499170081
2,0.2689414213699951,0.25,2.5407374369874574,0.375,-0.19460303301374815
2,0.5,0.25,4.5625,0.375,-0.28125
2,0.7310585786300049,0.25,6.584262563012543,0.375,-0.36789696698625185
2.005,0.2689414213699951,0.25187655860349123,2.5397651716019682,0.37562266403815897,-0.1943034951365874
2.005,0.5,0.25187655860349123,4.561094139650873,0.37562266403815897,-0.28109433399046024
2.005,0.7310585786300049,0.25187655860349123,6.582423107699777,0.37562266403815897,-0.36788517284433314
2.01,0.2689414213699951,0.2537562189054725,2.5387943983151473,0.3762406871117051,-0.19400618983526674
2.01,0.5,0.2537562189054725,4.559689054726368,0.3762406871117051,-0.28093982822207375
2.01,0.7310585786300049,0.2537562189054725,6.5805837111375896,0.3762406871117051,-0.3678734666088807
2.015,0.2689414213699951,0.25563895781637724,2.537825106019558,0.3768541152276044,-0.19371109497774053
2.015,0.5,0.25563895781637724,4.558284739454094,0.3768541152276044,-0.28078647119309885
2.015,0.7310585786300049,0.25563895781637724,6.57874437288863,0.3768541152276044,-0.3678618474084572
2.02,0.2689414213699951,0.25752475247524753,2.536857283717742,0.3774629938241349,-0.19341818870553534
2.02,0.5,0.25752475247524753,4.556881188118812,0.3774629938241349,-0.28063425154396626
2.02,0.7310585786300049,0.25752475247524753,6.5769050925198815,0.3774629938241349,-0.36785031438239724
2.025,0.2689414213699951,0.25941358024691363,2.5358909205208566,0.37806736777930194,-0.1931274494297017
2.025,0.5,0.25941358024691363,4.555478395061728,0.37806736777930194,-0.28048315805517454
2.025,0.7310585786300049,0.25941358024691363,6.575065869602599,0.37806736777930194,-0.36783886668064736
2.03,0.2689414213699951,0.26130541871921176,2.534926005647338,0.37866728141910744,-0.19283885582683613
2.03,0.5,0.26130541871921176,4.554076354679803,0.37866728141910744,-0.28033317964522314
2.03,0.7310585786300049,0.26130541871921176,6.573226703712268,0.37866728141910744,-0.36782750346361015
2.035,0.2689414213699951,0.2632002457002457,2.5339625284215845,0.3792627785256778,-0.1925523868351711
2.035,0.5,0.2632002457002457,4.552675061425061,0.3792627785256778,-0.2801843053685805
2.035,0.7310585786300049,0.2632002457002457,6.571387594428539,0.3792627785256778,-0.36781622390199
2.04,0.2689414213699951,0.2650980392156863,2.5330004782726547,0.37985390234525185,-0.19226802165073248
2.04,0.5,0.2650980392156863,4.551274509803921,0.37985390234525185,-0.28003652441368704
2.04,0.7310585786300049,0.2650980392156863,6.5695485413351875,0.37985390234525185,-0.3678050271766416
2.045,0.2689414213699951,0.26699877750611256,2.5320398447329953,0.380440695596033,-0.191985739723562
2.045,0.5,0.26699877750611256,4.549874694376529,0.380440695596033,-0.2798898261009918
2.045,0.7310585786300049,0.26699877750611256,6.567709544020062,0.380440695596033,-0.3677939124784215
2.05,0.2689414213699951,0.26890243902439026,2.5310806174371705,0.3810232004759072,-0.19170552075400465
2.05,0.5,0.26890243902439026,4.548475609756097,0.3810232004759072,-0.27974419988102317
2.05,0.7310585786300049,0.26890243902439026,6.565870602075024,0.3810232004759072,-0.3677828790080417
2.055,0.2689414213699951,0.27080900243309014,2.5301227861206277,0.3816014586700292,-0.1914273446890592
2.055,0.5,0.27080900243309014,4.547077250608273,0.3816014586700292,-0.2795996353324927
2.055,0.7310585786300049,0.27080900243309014,6.5640317150959175,0.3816014586700292,-0.3677719259759262
2.06,0.2689414213699951,0.2727184466019419,2.529166340618469,0.3821755113582807,-0.1911511917187902
2.06,0.5,0.2727184466019419,4.545679611650485,0.3821755113582807,-0.2794561221604298
2.06,0.7310585786300049,0.2727184466019419,6.562192882682501,0.3821755113582807,-0.3677610526020695
2.065,0.2689414213699951,0.2746307506053268,2.5282112708642455,0.382745399222602,-0.19087704227280128
2.065,0.5,0.2746307506053268,4.544282687651331,0.382745399222602,-0.2793136501943495
2.065,0.7310585786300049,0.2746307506053268,6.560354104438417,0.382745399222602,-0.3677502581158977
2.07,0.2689414213699951,0.27654589371980676,2.5272575668887707,0.3833111624541996,-0.19060487701676782
2.07,0.5,0.27654589371980676,4.542886473429952,0.3833111624541996,-0.2791722093864501
2.07,0.7310585786300049,0.27654589371980676,6.5585153799711335,0.3833111624541996,-0.3677395417561324
2.075,0.2689414213699951,0.27846385542168695,2.5263052188189437,0.38387284076063294,-0.19033467684902772
2.075,0.5,0.27846385542168695,4.541490963855421,0.38387284076063294,-0.2790317898098418
2.075,0.7310585786300049,0.27846385542168695,6.5566767088918985,0.38387284076063294,-0.36772890277065584
2.08,0.2689414213699951,0.28038461538461534,2.5253542168765994,0.3844304733727811,-0.19006642289722997
2.08,0.5,0.28038461538461534,4.540096153846154,0.3844304733727811,-0.27889238165680474
2.08,0.7310585786300049,0.28038461538461534,6.554838090815708,0.3844304733727811,-0.36771834041637946
2.085,0.2689414213699951,0.28230815347721827,2.5244045513773683,0.3849840990516939,-0.18980009651503912
2.085,0.5,0.28230815347721827,4.538702038369305,0.3849840990516939,-0.2787539752370765
2.085,0.7310585786300049,0.28230815347721827,6.552999525361241,0.3849840990516939,-0.36770785395911393
2.09,0.2689414213699951,0.2842344497607654,2.5234562127295517,0.3855337560953275,-0.18953567927889478
2.09,0.5,0.2842344497607654,4.537308612440191,0.3855337560953275,-0.27861656097616816
2.09,0.7310585786300049,0.2842344497607654,6.551161012150832,0.3855337560953275,-0.3676974426734415
2.095,0.2689414213699951,0.2861634844868737,2.5225091914330204,0.3860794823451678,-0.1892731529848255
2.095,0.5,0.2861634844868737,4.535915871121718,0.3860794823451678,-0.27848012941370803
2.095,0.7310585786300049,0.2861634844868737,6.549322550810415,0.3860794823451678,-0.3676871058425906
2.1,0.2689414213699951,0.2880952380952382,2.5215634780781238,0.3866213151927438,-0.18901249964531558
2.1,0.5,0.2880952380952382,4.53452380952381,0.3866213151927438,-0.27834467120181405
2.1,0.7310585786300049,0.2880952380952382,6.5474841409694955,0.3866213151927438,-0.3676768427583125
2.105,0.2689414213699951,0.29002969121140143,2.5206190633446117,0.3871592915860326,-0.18875370148622356
2.105,0.5,0.29002969121140143,4.533132422802851,0.3871592915860326,-0.27821017710349183
2.105,0.7310585786300049,0.29002969121140143,6.545645782261089,0.3871592915860326,-0.36766665272076016
2.11,0.2689414213699951,0.2919668246445497,2.519675938000579,0.3876934480357584,-0.1884967409437524
2.11,0.5,0.2919668246445497,4.531741706161137,0.3876934480357584,-0.2780766379910604
2.11,0.7310585786300049,0.2919668246445497,6.543807474321695,0.3876934480357584,-0.36765653503836837
2.115,0.2689414213699951,0.2939066193853428,2.518734092901419,0.38822382062158733,-0.1882416006614692
2.115,0.5,0.2939066193853428,4.530351654846336,0.38822382062158733,-0.27794404484460317
2.115,0.7310585786300049,0.2939066193853428,6.541969216791252,0.38822382062158733,-0.3676464890277371
2.12,0.2689414213699951,0.2958490566037735,2.517793518988795,0.38875044499822003,-0.18798826348737438
2.12,0.5,0.2958490566037735,4.528962264150944,0.38875044499822003,-0.277812388750445
2.12,0.7310585786300049,0.2958490566037735,6.540131009313092,0.38875044499822003,-0.3676365140135156
2.125,0.2689414213699951,0.2977941176470589,2.5168542072896267,0.38927335640138405,-0.18773671247101886
2.125,0.5,0.2977941176470589,4.527573529411765,0.38927335640138405,-0.27768166089965396
2.125,0.7310585786300049,0.2977941176470589,6.538292851533904,0.38927335640138405,-0.3676266093282891
2.13,0.2689414213699951,0.2997417840375587,2.5159161489150854,0.3897925896537283,-0.1874869308606687
2.13,0.5,0.2997417840375587,4.526185446009389,0.3897925896537283,-0.2775518525865679
2.13,0.7310585786300049,0.2997417840375587,6.536454743103693,0.3897925896537283,-0.36761677431246714
2.135,0.2689414213699951,0.3016920374707259,2.5149793350596137,0.3903081791706201,-0.1872389021005162
2.135,0.5,0.3016920374707259,4.524798009367681,0.3903081791706201,-0.277422955207345
2.135,0.7310585786300049,0.3016920374707259,6.5346166836757495,0.3903081791706201,-0.36760700831417376
2.14,0.2689414213699951,0.3036448598130841,2.5140437569999454,0.39082015896584854,-0.18699260982793633
2.14,0.5,0.3036448598130841,4.5234112149532715,0.39082015896584854,-0.27729496025853784
2.14,0.7310585786300049,0.3036448598130841,6.5327786729065975,0.39082015896584854,-0.36759731068913937
2.145,0.2689414213699951,0.305600233100233,2.5131094060941526,0.391328562657234,-0.1867480378707882
2.145,0.5,0.305600233100233,4.522025058275059,0.391328562657234,-0.2771678593356915
2.145,0.7310585786300049,0.305600233100233,6.5309407104559645,0.391328562657234,-0.36758768080059484
2.15,0.2689414213699951,0.30755813953488376,2.5121762737806956,0.3918334234721471,-0.1865051702447601
2.15,0.5,0.30755813953488376,4.520639534883721,0.3918334234721471,-0.2770416441319632
2.15,0.7310585786300049,0.30755813953488376,6.529102795986747,0.3918334234721471,-0.36757811801916634
2.155,0.2689414213699951,0.30951856148491874,2.511244351577495,0.3923347742529379,-0.18626399115075787
2.155,0.5,0.30951856148491874,4.51925464037123,0.3923347742529379,-0.2769163064367655
2.155,0.7310585786300049,0.30951856148491874,6.527264929164965,0.3923347742529379,-0.3675686217227732
2.16,0.2689414213699951,0.3114814814814817,2.5103136310810057,0.3928326474622771,-0.1860244849723352
2.16,0.5,0.3114814814814817,4.51787037037037,0.3928326474622771,-0.27679183813443076
2.16,0.7310585786300049,0.3114814814814817,6.525427109659735,0.3928326474622771,-0.3675591912965263
2.165,0.2689414213699951,0.31344688221709005,2.5093841039653157,0.39332707518841104,-0.1857866362731659
2.165,0.5,0.31344688221709005,4.516486720554273,0.39332707518841104,-0.27666823120289724
2.165,0.7310585786300049,0.31344688221709005,6.523589337143229,0.39332707518841104,-0.36754982613262854
2.17,0.2689414213699951,0.31541474654377866,2.5084557619812493,0.39381808915033234,-0.18555042979455658
2.17,0.5,0.31541474654377866,4.515103686635945,0.39381808915033234,-0.2765454777124169
2.17,0.7310585786300049,0.31541474654377866,6.52175161129064,0.39381808915033234,-0.3675405256302773
2.175,0.2689414213699951,0.31738505747126433,2.507528596955485,0.39430572070286696,-0.18531585045299914
2.175,0.5,0.31738505747126433,4.513721264367816,0.39430572070286696,-0.27642356982428323
2.175,0.7310585786300049,0.31738505747126433,6.519913931780147,0.39430572070286696,-0.3675312891955674
2.18,0.2689414213699951,0.31935779816513776,2.506602600789685,0.39479000084168003,-0.18508288333776296
2.18,0.5,0.31935779816513776,4.512339449541284,0.39479000084168003,-0.27630249978958
2.18,0.7310585786300049,0.31935779816513776,6.5180762982928835,0.39479000084168003,-0.367522116241397
2.185,0.2689414213699951,0.32133295194508005,2.50567776545964,0.39527096020820135,-0.18485151370852543
2.185,0.5,0.32133295194508005,4.51095823798627,0.39527096020820135,-0.27618225994794965
2.185,0.7310585786300049,0.32133295194508005,6.5162387105129005,0.39527096020820135,-0.3675130061873739
2.19,0.2689414213699951,0.3233105022831051,2.5047540830144195,0.3957486290944726,-0.18462172699304
2.19,0.5,0.3233105022831051,4.509577625570776,0.3957486290944726,-0.2760628427263818
2.19,0.7310585786300049,0.3233105022831051,6.514401168127133,0.3957486290944726,-0.36750395845972367
2.195,0.2689414213699951,0.32529043280182235,2.5038315455755393,0.3962230374479169,-0.1843935087848419
2.195,0.5,0.32529043280182235,4.508197608200455,0.3962230374479169,-0.27594424063802075
2.195,0.7310585786300049,0.32529043280182235,6.512563670825371,0.3962230374479169,-0.36749497249119967
2.2,0.2689414213699951,0.3272727272727274,2.5029101453361395,0.39669421487603307,-0.18416684484098977
2.2,0.5,0.3272727272727274,4.506818181818183,0.39669421487603307,-0.27582644628099173
2.2,0.7310585786300049,0.3272727272727274,6.510726218300225,0.39669421487603307,-0.3674860477209937
2.205,0.2689414213699951,0.32925736961451246,2.5019898745601674,0.39716219065101477,-0.18394172107984383
2.205,0.5,0.32925736961451246,4.505439342403628,0.39716219065101477,-0.2757094523372463
2.205,0.7310585786300049,0.32925736961451246,6.508888810247089,0.39716219065101477,-0.3674771835946488
2.21,0.2689414213699951,0.3312443438914028,2.5010707255815827,0.39762699371429744,-0.18371812357887818
2.21,0.5,0.3312443438914028,4.504061085972851,0.39762699371429744,-0.2755932515714256
2.21,0.7310585786300049,0.3312443438914028,6.50705144636412,0.39762699371429744,-0.3674683795639731
2.215,0.2689414213699951,0.3332336343115124,2.500152690803563,0.3980886526810328,-0.18349603857252872
2.215,0.5,0.3332336343115124,4.502683408577878,0.3980886526810328,-0.2754778368297418
2.215,0.7310585786300049,0.3332336343115124,6.505214126352194,0.3980886526810328,-0.36745963508695495
2.22,0.2689414213699951,0.33522522522522524,2.4992357626977255,0.39854719584449316,-0.18327545245007393
2.22,0.5,0.33522522522522524,4.501306306306306,0.39854719584449316,-0.2753632010388767
2.22,0.7310585786300049,0.33522522522522524,6.503376849914886,0.39854719584449316,-0.36745094962767955
2.225,0.2689414213699951,0.33721910112359543,2.4983199338033613,0.3990026511804065,-0.18305635175355
2.225,0.5,0.33721910112359543,4.4999297752809,0.3990026511804065,-0.2752493372048984
2.225,0.7310585786300049,0.33721910112359543,6.501539616758438,0.3990026511804065,-0.36744232265624677
2.23,0.2689414213699951,0.3392152466367714,2.497405196726668,0.39945504635122364,-0.18283872317569763
2.23,0.5,0.3392152466367714,4.498553811659193,0.39945504635122364,-0.2751362384121941
2.23,0.7310585786300049,0.3392152466367714,6.4997024265917185,0.39945504635122364,-0.3674337536486906
2.235,0.2689414213699951,0.34121364653243835,2.4964915441400115,0.39990440871031835,-0.1826225535579417
2.235,0.5,0.34121364653243835,4.49717841163311,0.39990440871031835,-0.2750238978224204
2.235,0.7310585786300049,0.34121364653243835,6.4978652791262075,0.39990440871031835,-0.3674252420868991
2.24,0.2689414213699951,0.3432142857142858,2.495578968781183,0.40035076530612246,-0.18240782988840204
2.24,0.5,0.3432142857142858,4.495803571428572,0.40035076530612246,-0.2749123086734694
2.24,0.7310585786300049,0.3432142857142858,6.496028174075961,0.40035076530612246,-0.36741678745853673
2.245,0.2689414213699951,0.34521714922048996,2.494667463452667,0.400794142886196,-0.18219453929993545
2.245,0.5,0.34521714922048996,4.494429287305122,0.400794142886196,-0.274801464278451
2.245,0.7310585786300049,0.34521714922048996,6.494191111157577,0.400794142886196,-0.36740838925696656
2.25,0.2689414213699951,0.3472222222222222,2.49375702102093,0.4012345679012346,-0.18198266906820793
2.25,0.5,0.3472222222222222,4.493055555555556,0.4012345679012346,-0.27469135802469136
2.25,0.7310585786300049,0.3472222222222222,6.492354090090182,0.4012345679012346,-0.3674000469811748
2.255,0.2689414213699951,0.34922949002217285,2.4928476344157042,0.4016720665090142,-0.18177220660979682
2.255,0.5,0.34922949002217285,4.491682372505543,0.4016720665090142,-0.2745819833727464
2.255,0.7310585786300049,0.34922949002217285,6.490517110595382,0.4016720665090142,-0.3673917601356961
2.26,0.2689414213699951,0.35123893805309714,2.4919392966292913,0.4021066645782755,-0.18156313948032266
2.26,0.5,0.35123893805309714,4.490309734513275,0.4021066645782755,-0.27447333385543116
2.26,0.7310585786300049,0.35123893805309714,6.488680172397258,0.4021066645782755,-0.36738352823053955
2.265,0.2689414213699951,0.35325055187637977,2.491032000715872,0.4025383876925476,-0.1813554553726092
2.265,0.5,0.35325055187637977,4.488937637969094,0.4025383876925476,-0.2743654030768631
2.265,0.7310585786300049,0.35325055187637977,6.486843275222317,0.4025383876925476,-0.367375350781117
2.27,0.2689414213699951,0.3552643171806169,2.4901257397908227,0.40296726115391335,-0.18114914211487246
2.27,0.5,0.3552643171806169,4.487566079295155,0.40296726115391335,-0.27425818471152164
2.27,0.7310585786300049,0.3552643171806169,6.485006418799486,0.40296726115391335,-0.36736722730817084
2.275,0.2689414213699951,0.35728021978021973,2.4892205070300446,0.4033933099867166,-0.18094418766893716
2.275,0.5,0.35728021978021973,4.486195054945056,0.4033933099867166,-0.27415167250332084
2.275,0.7310585786300049,0.35728021978021973,6.483169602860067,0.4033933099867166,-0.3673591573377046
2.28,0.2689414213699951,0.359298245614035,2.488316295669298,0.40381655894121266,-0.18074058012848063
2.28,0.5,0.359298245614035,4.484824561403509,0.40381655894121266,-0.2740458602646968
2.28,0.7310585786300049,0.359298245614035,6.48133282713772,0.40381655894121266,-0.367351140400913
2.285,0.2689414213699951,0.3613183807439826,2.4874130990035512,0.40423703249716303,-0.18053830771730367
2.285,0.5,0.3613183807439826,4.483454595185996,0.40423703249716303,-0.27394074187570927
2.285,0.7310585786300049,0.3613183807439826,6.47949609136844,0.40423703249716303,-0.3673431760341148
2.29,0.2689414213699951,0.3633406113537119,2.48651091038633,0.4046547548673748,-0.18033735878762763
2.29,0.5,0.3633406113537119,4.482085152838428,0.4046547548673748,-0.2738363112831563
2.29,0.7310585786300049,0.3633406113537119,6.477659395290527,0.4046547548673748,-0.367335263778685
2.295,0.2689414213699951,0.3653649237472766,2.4856097232290812,0.4050697500011866,-0.18013772181841775
2.295,0.5,0.3653649237472766,4.48071623093682,0.4050697500011866,-0.27373256249970335
2.295,0.7310585786300049,0.3653649237472766,6.475822738644559,0.4050697500011866,-0.36732740318098894
2.3,0.2689414213699951,0.3673913043478261,2.484709531000545,0.4054820415879017,-0.1799393854137315
2.3,0.5,0.3673913043478261,4.479347826086957,0.4054820415879017,-0.2736294896030246
2.3,0.7310585786300049,0.3673913043478261,6.473986121173369,0.4054820415879017,-0.36731959379231766
2.305,0.2689414213699951,0.36941973969631237,2.48381032722613,0.40589165306016817,-0.17974233830109243
2.305,0.5,0.36941973969631237,4.477979934924077,0.40589165306016817,-0.27352708673495796
2.305,0.7310585786300049,0.36941973969631237,6.472149542622025,0.40589165306016817,-0.3673118351688235
2.31,0.2689414213699951,0.3714502164502166,2.4829121054873045,0.4062986075973089,-0.17954656932988847
2.31,0.5,0.3714502164502166,4.476612554112553,0.4062986075973089,-0.27342534810067276
2.31,0.7310585786300049,0.3714502164502166,6.470313002737803,0.4062986075973089,-0.3673041268714571
2.315,0.2689414213699951,0.37348272138228933,2.482014859420986,0.40670292812860065,-0.17935206746979432
2.315,0.5,0.37348272138228933,4.475245680345572,0.40670292812860065,-0.27332426796784987
2.315,0.7310585786300049,0.37348272138228933,6.468476501270158,0.40670292812860065,-0.36729646846590536
2.32,0.2689414213699951,0.3755172413793103,2.4811185827189477,0.40710463733650415,-0.1791588218092177
2.32,0.5,0.3755172413793103,4.473879310344828,0.40710463733650415,-0.27322384066587396
2.32,0.7310585786300049,0.3755172413793103,6.466640037970708,0.40710463733650415,-0.3672888595225302
2.325,0.2689414213699951,0.3775537634408602,2.4802232691272246,0.4075037576598451,-0.17896682155376895
2.325,0.5,0.3775537634408602,4.472513440860214,0.4075037576598451,-0.2731240605850387
2.325,0.7310585786300049,0.3775537634408602,6.464803612593204,0.4075037576598451,-0.3672812996163085
2.33,0.2689414213699951,0.37959227467811174,2.4793289124455384,0.4079003112969478,-0.17877605602475377
2.33,0.5,0.37959227467811174,4.471148068669527,0.4079003112969478,-0.2730249221757631
2.33,0.7310585786300049,0.37959227467811174,6.462967224893516,0.4079003112969478,-0.3672737883267724
2.335,0.2689414213699951,0.38163276231263377,2.478435506526714,0.40829432020872214,-0.17858651465768804
2.335,0.5,0.38163276231263377,4.469783190578158,0.40829432020872214,-0.27292641994781947
2.335,0.7310585786300049,0.38163276231263377,6.461130874629602,0.40829432020872214,-0.3672663252379509
2.34,0.2689414213699951,0.3836752136752136,2.4775430452761174,0.4086858061217036,-0.17839818700083554
2.34,0.5,0.3836752136752136,4.468418803418803,0.4086858061217036,-0.27282854846957416
2.34,0.7310585786300049,0.3836752136752136,6.459294561561489,0.4086858061217036,-0.36725890993831267
2.345,0.2689414213699951,0.38571961620469075,2.476651522651095,0.40907479053104867,-0.17821106271376674
2.345,0.5,0.38571961620469075,4.467054904051172,0.40907479053104867,-0.27273130236723786
2.345,0.7310585786300049,0.38571961620469075,6.457458285451248,0.40907479053104867,-0.3672515420207089
2.35,0.2689414213699951,0.3877659574468084,2.4757609326604206,0.40946129470348575,-0.17802513156593958
2.35,0.5,0.3877659574468084,4.465691489361703,0.40946129470348575,-0.2726346763241286
2.35,0.7310585786300049,0.3877659574468084,6.4556220460629845,0.40946129470348575,-0.3672442210823175
2.355,0.2689414213699951,0.3898142250530785,2.474871269363747,0.4098453396802214,-0.17784038343530115
2.355,0.5,0.3898142250530785,4.46432855626327,0.4098453396802214,-0.2725386650799447
2.355,0.7310585786300049,0.3898142250530785,6.453785843162793,0.4098453396802214,-0.3672369467245882
2.36,0.2689414213699951,0.39186440677966095,2.47398252687107,0.41022694627980466,-0.1776568083069098
2.36,0.5,0.39186440677966095,4.462966101694915,0.41022694627980466,-0.2724432634300489
2.36,0.7310585786300049,0.39186440677966095,6.451949676518761,0.41022694627980466,-0.36722971855318787
2.365,0.2689414213699951,0.393916490486258,2.4730946993421945,0.410606135100948,-0.17747439627157816
2.365,0.5,0.393916490486258,4.461604122621564,0.410606135100948,-0.27234846622476294
2.365,0.7310585786300049,0.393916490486258,6.450113545900933,0.410606135100948,-0.36722253617794776
2.37,0.2689414213699951,0.395970464135021,2.4722077809862126,0.41098292652530755,-0.1772931375245358
2.37,0.5,0.395970464135021,4.460242616033756,0.41098292652530755,-0.2722542683686731
2.37,0.7310585786300049,0.395970464135021,6.448277451081299,0.41098292652530755,-0.36721539921281043
2.375,0.2689414213699951,0.3980263157894737,2.471321766060978,0.4113573407202216,-0.17711302236411156
2.375,0.5,0.3980263157894737,4.458881578947369,0.4113573407202216,-0.2721606648199446
2.375,0.7310585786300049,0.3980263157894737,6.44644139183376,0.4113573407202216,-0.3672083072757776
2.38,0.2689414213699951,0.40008403361344536,2.4704366488725986,0.4117293976414095,-0.1769340411904355
2.38,0.5,0.40008403361344536,4.457521008403361,0.4117293976414095,-0.27206765058964766
2.38,0.7310585786300049,0.40008403361344536,6.444605367934123,0.4117293976414095,-0.36720125998885983
2.385,0.2689414213699951,0.40214360587002074,2.469552423774933,0.4120991170356306,-0.17675618450415947
2.385,0.5,0.40214360587002074,4.456160901467505,0.4120991170356306,-0.2719752207410923
2.385,0.7310585786300049,0.40214360587002074,6.442769379160077,0.4120991170356306,-0.36719425697802516
2.39,0.2689414213699951,0.40420502092050226,2.468669085169084,0.41246651844330456,-0.17657944290519723
2.39,0.5,0.40420502092050226,4.454801255230126,0.41246651844330456,-0.2718833703891739
2.39,0.7310585786300049,0.40420502092050226,6.440933425291167,0.41246651844330456,-0.3671872978731505
2.395,0.2689414213699951,0.40626826722338205,2.4677866275029112,0.41283162120109307,-0.17640380709148157
2.395,0.5,0.40626826722338205,4.453442066805845,0.41283162120109307,-0.27179209469972676
2.395,0.7310585786300049,0.40626826722338205,6.43909750610878,0.41283162120109307,-0.3671803823079719
2.4,0.2689414213699951,0.4083333333333332,2.466905045270541,0.4131944444444444,-0.176229267857741
2.4,0.5,0.4083333333333332,4.452083333333333,0.4131944444444444,-0.2717013888888889
2.4,0.7310585786300049,0.4083333333333332,6.437261621396125,0.4131944444444444,-0.3671735099200367
2.405,0.2689414213699951,0.4104002079002078,2.4660243330118887,0.4135550071101006,-0.1760558160942934
2.405,0.5,0.4104002079002078,4.450725051975053,0.4135550071101006,-0.27161124822247484
2.405,0.7310585786300049,0.4104002079002078,6.435425770938217,0.4135550071101006,-0.36716668035065625
2.41,0.2689414213699951,0.4124688796680499,2.4651444853121784,0.41391332793856855,-0.1758834427858571
2.41,0.5,0.4124688796680499,4.449367219917013,0.41391332793856855,-0.2715216680153579
2.41,0.7310585786300049,0.4124688796680499,6.433589954521847,0.41391332793856855,-0.3671598932448586
2.415,0.2689414213699951,0.41453933747412,2.4642654968014805,0.4142694254765548,-0.1757121390103798
2.415,0.5,0.41453933747412,4.448009834368531,0.4142694254765548,-0.2714326436308613
2.415,0.7310585786300049,0.41453933747412,6.431754171935581,0.4142694254765548,-0.3671531482513428
2.42,0.2689414213699951,0.4166115702479338,2.4633873621542417,0.41462331807936614,-0.17554189593788372
2.42,0.5,0.4166115702479338,4.446652892561984,0.41462331807936614,-0.27134417048015846
2.42,0.7310585786300049,0.4166115702479338,6.429918422969726,0.41462331807936614,-0.3671464450224332
2.425,0.2689414213699951,0.41868556701030923,2.462510076088833,0.4149750239132745,-0.17537270482932787
2.425,0.5,0.41868556701030923,4.445296391752578,0.4149750239132745,-0.27125624402168136
2.425,0.7310585786300049,0.41868556701030923,6.428082707416323,0.4149750239132745,-0.3671397832140349
2.43,0.2689414213699951,0.420761316872428,2.461633633367095,0.4153245609578486,-0.17520455703548654
2.43,0.5,0.420761316872428,4.443940329218107,0.4153245609578486,-0.27116885976053784
2.43,0.7310585786300049,0.420761316872428,6.426247025069119,0.4153245609578486,-0.3671331624855892
2.435,0.2689414213699951,0.42283880903490767,2.4607580287938924,0.4156719470082515,-0.1750374439958438
2.435,0.5,0.42283880903490767,4.442584702258726,0.4156719470082515,-0.2710820132479371
2.435,0.7310585786300049,0.42283880903490767,6.42441137572356,0.4156719470082515,-0.36712658250003044
2.44,0.2689414213699951,0.4249180327868852,2.4598832572166724,0.41601719967750606,-0.17487135723750402
2.44,0.5,0.4249180327868852,4.441229508196721,0.41601719967750606,-0.27099570008062346
2.44,0.7310585786300049,0.4249180327868852,6.42257575917677,0.41601719967750606,-0.36712004292374295
2.445,0.2689414213699951,0.4269989775051124,2.459009313525031,0.416360336398727,-0.1747062883741177
2.445,0.5,0.4269989775051124,4.439874744376278,0.416360336398727,-0.27090991590031827
2.445,0.7310585786300049,0.4269989775051124,6.420740175227525,0.416360336398727,-0.3671135434265188
2.45,0.2689414213699951,0.4290816326530612,2.458136192650279,0.41670137442732197,-0.17454222910482303
2.45,0.5,0.4290816326530612,4.4385204081632645,0.41670137442732197,-0.2708246563931695
2.45,0.7310585786300049,0.4290816326530612,6.41890462367625,0.41670137442732197,-0.367107083681516
2.455,0.2689414213699951,0.4311659877800408,2.457263889565024,0.4170403308431606,-0.17437917121320215
2.455,0.5,0.4311659877800408,4.43716649694501,0.4170403308431606,-0.2707399172892098
2.455,0.7310585786300049,0.4311659877800408,6.417069104324995,0.4170403308431606,-0.3671006633652175
2.46,0.2689414213699951,0.4332520325203252,2.456392399282744,0.4173772225527133,-0.1742171065662525
2.46,0.5,0.4332520325203252,4.435813008130081,0.4173772225527133,-0.2706556943618217
2.46,0.7310585786300049,0.4332520325203252,6.415233616977418,0.4173772225527133,-0.3670942821573908
2.465,0.2689414213699951,0.43533975659229196,2.455521716857376,0.41771206629115937,-0.17405602711337248
2.465,0.5,0.43533975659229196,4.4344599391480735,0.41771206629115937,-0.2705719834272101
2.465,0.7310585786300049,0.43533975659229196,6.41339816143877,0.41771206629115937,-0.3670879397410478
2.47,0.2689414213699951,0.4374291497975711,2.4546518373829067,0.41804487862446527,-0.17389592488536182
2.47,0.5,0.4374291497975711,4.433107287449392,0.41804487862446527,-0.2704887803438837
2.47,0.7310585786300049,0.4374291497975711,6.411562737515878,0.41804487862446527,-0.36708163580240555
2.475,0.2689414213699951,0.43952020202020214,2.4537827559929664,0.41837567595143355,-0.17373679199343586
2.475,0.5,0.43952020202020214,4.43175505050505,0.41837567595143355,-0.2704060810121416
2.475,0.7310585786300049,0.43952020202020214,6.409727345017133,0.41837567595143355,-0.36707537003084734
2.48,0.2689414213699951,0.4416129032258064,2.4529144678604324,0.41870447450572323,-0.17357862062825366
2.48,0.5,0.4416129032258064,4.430403225806452,0.41870447450572323,-0.27032388137356916
2.48,0.7310585786300049,0.4416129032258064,6.407891983752471,0.41870447450572323,-0.3670691421188847
2.485,0.2689414213699951,0.4437072434607645,2.452046968197029,0.4190312903578412,-0.17342140305896003
2.485,0.5,0.4437072434607645,4.429051810865191,0.4190312903578412,-0.2702421774105397
2.485,0.7310585786300049,0.4437072434607645,6.406056653533353,0.4190312903578412,-0.3670629517621194
2.49,0.2689414213699951,0.4458032128514057,2.451180252252943,0.4193561394171062,-0.17326513163224072
2.49,0.5,0.4458032128514057,4.4277008032128515,0.4193561394171062,-0.27016096514572346
2.49,0.7310585786300049,0.4458032128514057,6.40422135417276,0.4193561394171062,-0.36705679865920615
2.495,0.2689414213699951,0.44790080160320644,2.4503143153164344,0.4196790374335846,-0.17310979877139115
2.495,0.5,0.44790080160320644,4.426350200400802,0.4196790374335846,-0.27008024064160385
2.495,0.7310585786300049,0.44790080160320644,6.402386085485169,0.4196790374335846,-0.36705068251181655
2.5,0.2689414213699951,0.45000000000000007,2.449449152713458,0.42,-0.17295539697539794
2.5,0.5,0.45000000000000007,4.425,0.42,-0.27
2.5,0.7310585786300049,0.45000000000000007,6.400550847286541,0.42,-0.36704460302460207
2.505,0.2689414213699951,0.4521007984031935,2.4485847598072867,0.4203190425536153,-0.17280191881803328
2.505,0.5,0.4521007984031935,4.423650199600798,0.4203190425536153,-0.2699202393615962
2.505,0.7310585786300049,0.4521007984031935,6.39871563939431,0.4203190425536153,-0.3670385599051591
2.51,0.2689414213699951,0.45420318725099584,2.447721131998138,0.42063618037808925,-0.17264935694696204
2.51,0.5,0.45420318725099584,4.422300796812749,0.42063618037808925,-0.26984095490547766
2.51,0.7310585786300049,0.45420318725099584,6.39688046162736,0.42063618037808925,-0.36703255286399333
2.515,0.2689414213699951,0.45630715705765423,2.4468582647228097,0.42095142860530654,-0.17249770408286125
2.515,0.5,0.45630715705765423,4.420951789264414,0.42095142860530654,-0.26976214284867334
2.515,0.7310585786300049,0.45630715705765423,6.395045313806019,0.42095142860530654,-0.3670265816144855
2.52,0.2689414213699951,0.4584126984126985,2.4459961534543133,0.4212648022171832,-0.17234695301855174
2.52,0.5,0.4584126984126985,4.419603174603174,0.4212648022171832,-0.2696837994457042
2.52,0.7310585786300049,0.4584126984126985,6.393210195752035,0.4212648022171832,-0.36702064587285677
2.525,0.2689414213699951,0.46051980198019804,2.4451347937015218,0.42157631604744633,-0.17219709661814175
2.525,0.5,0.46051980198019804,4.41825495049505,0.42157631604744633,-0.2696059209881384
2.525,0.7310585786300049,0.46051980198019804,6.391375107288578,0.42157631604744633,-0.3670147453581351
2.53,0.2689414213699951,0.4626284584980236,2.4442741810088053,0.42188598478338984,-0.17204812781618262
2.53,0.5,0.4626284584980236,4.416907114624506,0.42188598478338984,-0.2695285038041525
2.53,0.7310585786300049,0.4626284584980236,6.389540048240206,0.42188598478338984,-0.3670088797921225
2.535,0.2689414213699951,0.4647386587771204,2.443414310955693,0.42219382296760544,-0.17190003961683584
2.535,0.5,0.4647386587771204,4.415559664694281,0.42219382296760544,-0.26945154425809864
2.535,0.7310585786300049,0.4647386587771204,6.387705018432869,0.42219382296760544,-0.3670030488993615
2.54,0.2689414213699951,0.4668503937007873,2.4425551791565154,0.42249984499969,-0.17175282509305176
2.54,0.5,0.4668503937007873,4.414212598425197,0.42249984499969,-0.2693750387500775
2.54,0.7310585786300049,0.4668503937007873,6.38587001769388,0.42249984499969,-0.36699725240710324
2.545,0.2689414213699951,0.4689636542239686,2.4416967812600716,0.42280406513792984,-0.17160647738575946
2.545,0.5,0.4689636542239686,4.412865913555993,0.42280406513792984,-0.2692989837155175
2.545,0.7310585786300049,0.4689636542239686,6.384035045851913,0.42280406513792984,-0.36699149004527565
2.55,0.2689414213699951,0.471078431372549,2.440839112949287,0.4231064975009612,-0.1714609897030679
2.55,0.5,0.471078431372549,4.411519607843138,0.4231064975009612,-0.2692233756247597
2.55,0.7310585786300049,0.471078431372549,6.382200102736989,0.4231064975009612,-0.3669857615464515
2.555,0.2689414213699951,0.4731947162426615,2.4399821699408792,0.42340715606940843,-0.17131635531947773
2.555,0.5,0.4731947162426615,4.410173679060666,0.42340715606940843,-0.2691482109826479
2.555,0.7310585786300049,0.4731947162426615,6.380365188180452,0.42340715606940843,-0.36698006664581806
2.56,0.2689414213699951,0.4753125,2.4391259479850302,0.4237060546875,-0.17117256757510413
2.56,0.5,0.4753125,4.408828125,0.4237060546875,-0.269073486328125
2.56,0.7310585786300049,0.4753125,6.37853030201497,0.4237060546875,-0.36697440508114587
2.565,0.2689414213699951,0.47743177387914226,2.438270442865058,0.4240032070646619,-0.1710296198749101
2.565,0.5,0.47743177387914226,4.407482943469785,0.4240032070646619,-0.2689991982338345
2.565,0.7310585786300049,0.47743177387914226,6.376695444074512,0.4240032070646619,-0.36696877659275895
2.57,0.2689414213699951,0.4795525291828794,2.437415650397096,0.42429862677708974,-0.17088750568795028
2.57,0.5,0.4795525291828794,4.4061381322957205,0.42429862677708974,-0.26892534330572754
2.57,0.7310585786300049,0.4795525291828794,6.374860614194344,0.42429862677708974,-0.36696318092350483
2.575,0.2689414213699951,0.4816747572815534,2.4365615664297726,0.42459232726929963,-0.17074621854662483
2.575,0.5,0.4816747572815534,4.404793689320389,0.42459232726929963,-0.26885191818267506
2.575,0.7310585786300049,0.4816747572815534,6.373025812211004,0.42459232726929963,-0.3669576178187253
2.58,0.2689414213699951,0.48379844961240326,2.435708186843898,0.4248843218556577,-0.17060575204594378
2.58,0.5,0.48379844961240326,4.4034496124031,0.4248843218556577,-0.26877891953608557
2.58,0.7310585786300049,0.48379844961240326,6.371191037962302,0.4248843218556577,-0.3669520870262274
2.585,0.2689414213699951,0.4859235976789169,2.4348555075521534,0.425174623721889,-0.1704660998428009
2.585,0.5,0.4859235976789169,4.402105899419729,0.425174623721889,-0.26870634406952776
2.585,0.7310585786300049,0.4859235976789169,6.369356291287303,0.425174623721889,-0.3669465882962546
2.59,0.2689414213699951,0.48805019305019304,2.4340035244987814,0.42546324592656637,-0.17032725565525775
2.59,0.5,0.48805019305019304,4.4007625482625485,0.42546324592656637,-0.2686341885183584
2.59,0.7310585786300049,0.48805019305019304,6.367521572026316,0.42546324592656637,-0.36694112138145907
2.595,0.2689414213699951,0.49017822736030836,2.433152233659281,0.4257502014025787,-0.17018921326183717
2.595,0.5,0.49017822736030836,4.399419556840077,0.4257502014025787,-0.26856244964935533
2.595,0.7310585786300049,0.49017822736030836,6.365686880020873,0.4257502014025787,-0.3669356860368735
2.6,0.2689414213699951,0.49230769230769234,2.4323016310401115,0.4260355029585799,-0.17005196650082632
2.6,0.5,0.49230769230769234,4.398076923076922,0.4260355029585799,-0.26849112426035504
2.6,0.7310585786300049,0.49230769230769234,6.363852215113733,0.4260355029585799,-0.3669302820198837
2.605,0.2689414213699951,0.49443857965451055,2.4314517126783928,0.4263191632804182,-0.16991550926958904
2.605,0.5,0.49443857965451055,4.396734644913627,0.4263191632804182,-0.26842020917989545
2.605,0.7310585786300049,0.49443857965451055,6.362017577148861,0.4263191632804182,-0.36692490909020187
2.61,0.2689414213699951,0.49657088122605353,2.4306024746416104,0.4266011949325465,-0.16977983552388753
2.61,0.5,0.49657088122605353,4.395392720306513,0.4266011949325465,-0.26834970126686336
2.61,0.7310585786300049,0.49657088122605353,6.360182965971417,0.4266011949325465,-0.36691956700983924
2.615,0.2689414213699951,0.4987045889101339,2.4297539130273256,0.42688161035941347,-0.169644939277213
2.615,0.5,0.4987045889101339,4.3940511472275325,0.42688161035941347,-0.2682795974101466
2.615,0.7310585786300049,0.4987045889101339,6.3583483814277395,0.42688161035941347,-0.36691425554308027
2.62,0.2689414213699951,0.5008396946564886,2.4289060239628917,0.42716042188683645,-0.1695108146001252
2.62,0.5,0.5008396946564886,4.392709923664121,0.42716042188683645,-0.26820989452829086
2.62,0.7310585786300049,0.5008396946564886,6.356513823365351,0.42716042188683645,-0.36690897445645654
2.625,0.2689414213699951,0.5029761904761905,2.428058803605167,0.427437641723356,-0.16937745561960107
2.625,0.5,0.5029761904761905,4.391369047619048,0.427437641723356,-0.268140589569161
2.625,0.7310585786300049,0.5029761904761905,6.354679291632929,0.427437641723356,-0.3669037235187209
2.63,0.2689414213699951,0.5051140684410647,2.427212248140233,0.4277132819615724,-0.1692448565183915
2.63,0.5,0.5051140684410647,4.390028517110266,0.4277132819615724,-0.2680716795096069
2.63,0.7310585786300049,0.5051140684410647,6.352844786080298,0.4277132819615724,-0.36689850250082234
2.635,0.2689414213699951,0.5072533206831118,2.4263663537831235,0.42798735457946413,-0.16911301153438707
2.635,0.5,0.5072533206831118,4.388688330170778,0.42798735457946413,-0.26800316135513397
2.635,0.7310585786300049,0.5072533206831118,6.351010306558432,0.42798735457946413,-0.36689331117588087
2.64,0.2689414213699951,0.5093939393939395,2.425521116777543,0.42825987144168964,-0.16898191495999215
2.64,0.5,0.5093939393939395,4.387348484848484,0.42825987144168964,-0.2679350321395776
2.64,0.7310585786300049,0.5093939393939395,6.3491758529194255,0.42825987144168964,-0.366888149319163
2.645,0.2689414213699951,0.5115359168241966,2.4246765333956004,0.42853084430087085,-0.16885156114150712
2.645,0.5,0.5115359168241966,4.38600897920605,0.42853084430087085,-0.2678672889247823
2.645,0.7310585786300049,0.5115359168241966,6.347341425016499,0.42853084430087085,-0.36688301670805745
2.65,0.2689414213699951,0.5136792452830189,2.4238325999375387,0.4288002847988608,-0.16872194447851874
2.65,0.5,0.5136792452830189,4.384669811320755,0.4288002847988608,-0.2677999288002848
2.65,0.7310585786300049,0.5136792452830189,6.345507022703972,0.4288002847988608,-0.36687791312205087
2.655,0.2689414213699951,0.5158239171374764,2.4229893127314717,0.42906820446799376,-0.1685930594232986
2.655,0.5,0.5158239171374764,4.383330979284369,0.42906820446799376,-0.2677329488830016
2.655,0.7310585786300049,0.5158239171374764,6.343672645837266,0.42906820446799376,-0.3668728383427045
2.66,0.2689414213699951,0.5179699248120302,2.422146668133122,0.42933461473231954,-0.16846490048020962
2.66,0.5,0.5179699248120302,4.3819924812030076,0.42933461473231954,-0.2676663463169201
2.66,0.7310585786300049,0.5179699248120302,6.341838294272893,0.42933461473231954,-0.36686779215363063
2.665,0.2689414213699951,0.5201172607879925,2.4213046625255594,0.4295995269088208,-0.16833746220512014
2.665,0.5,0.5201172607879925,4.380654315196998,0.4295995269088208,-0.26760011827279484
2.665,0.7310585786300049,0.5201172607879925,6.340003967868437,0.4295995269088208,-0.36686277434046954
2.67,0.2689414213699951,0.5222659176029962,2.4204632923189484,0.42986295220861565,-0.16821073920482565
2.67,0.5,0.5222659176029962,4.379316479400749,0.42986295220861565,-0.2675342619478461
2.67,0.7310585786300049,0.5222659176029962,6.338169666482549,0.42986295220861565,-0.36685778469086655
2.675,0.2689414213699951,0.5244158878504673,2.4196225539502936,0.43012490173814305,-0.16808472613647837
2.675,0.5,0.5244158878504673,4.377978971962617,0.43012490173814305,-0.26746877456546425
2.675,0.7310585786300049,0.5244158878504673,6.3363353899749395,0.43012490173814305,-0.3668528229944501
2.68,0.2689414213699951,0.5265671641791045,2.418782443883188,0.43038538650033414,-0.16795941770702397
2.68,0.5,0.5265671641791045,4.376641791044777,0.43038538650033414,-0.26740365337491645
2.68,0.7310585786300049,0.5265671641791045,6.334501138206364,0.43038538650033414,-0.36684788904280896
2.685,0.2689414213699951,0.5287197392923649,2.4179429586075676,0.4306444173957672,-0.16783480867264566
2.685,0.5,0.5287197392923649,4.375304934823092,0.4306444173957672,-0.26733889565105823
2.685,0.7310585786300049,0.5287197392923649,6.332666911038615,0.4306444173957672,-0.36684298262947074
2.69,0.2689414213699951,0.5308736059479555,2.4171040946394644,0.4309020052238084,-0.16771089383821577
2.69,0.5,0.5308736059479555,4.373968401486988,0.4309020052238084,-0.2672744986940479
2.69,0.7310585786300049,0.5308736059479555,6.330832708334512,0.4309020052238084,-0.36683810354988
2.695,0.2689414213699951,0.5330287569573283,2.416265848520767,0.43115816068373713,-0.16758766805675415
2.695,0.5,0.5330287569573283,4.372632189239333,0.43115816068373713,-0.2672104598290657
2.695,0.7310585786300049,0.5330287569573283,6.328998529957898,0.43115816068373713,-0.36683325160137725
2.7,0.2689414213699951,0.5351851851851852,2.4154282168189773,0.43141289437585734,-0.16746512622889362
2.7,0.5,0.5351851851851852,4.371296296296297,0.43141289437585734,-0.2671467764060357
2.7,0.7310585786300049,0.5351851851851852,6.3271643757736165,0.43141289437585734,-0.36682842658317766
2.705,0.2689414213699951,0.5373428835489833,2.4145911961269784,0.431666216802594,-0.16734326330235264
2.705,0.5,0.5373428835489833,4.369960720887246,0.431666216802594,-0.2670834457993515
2.705,0.7310585786300049,0.5373428835489833,6.325330245647513,0.431666216802594,-0.3668236282963504
2.71,0.2689414213699951,0.5395018450184501,2.413754783062797,0.4319181383695756,-0.1672220742714142
2.71,0.5,0.5395018450184501,4.368625461254613,0.4319181383695756,-0.2670204654076061
2.71,0.7310585786300049,0.5395018450184501,6.323496139446429,0.4319181383695756,-0.36681885654379803
2.715,0.2689414213699951,0.5416620626151012,2.412918974269373,0.432168669386703,-0.16710155417641212
2.715,0.5,0.5416620626151012,4.367290515653775,0.432168669386703,-0.26695783265332423
2.715,0.7310585786300049,0.5416620626151012,6.321662057038178,0.432168669386703,-0.3668141111302364
2.72,0.2689414213699951,0.5438235294117647,2.4120837664143315,0.43241782006920415,-0.16698169810322344
2.72,0.5,0.5438235294117647,4.3659558823529405,0.43241782006920415,-0.26689554498269896
2.72,0.7310585786300049,0.5438235294117647,6.319827998291549,0.43241782006920415,-0.3668093918621745
2.725,0.2689414213699951,0.5459862385321101,2.411249156189756,0.4326656005386752,-0.1668625011827674
2.725,0.5,0.5459862385321101,4.3646215596330284,0.4326656005386752,-0.2668335998653312
2.725,0.7310585786300049,0.5459862385321101,6.317993963076301,0.4326656005386752,-0.366804698547895
2.73,0.2689414213699951,0.5481501831501832,2.41041514031196,0.43291202082410873,-0.16674395859051117
2.73,0.5,0.5481501831501832,4.363287545787546,0.43291202082410873,-0.26677199479397284
2.73,0.7310585786300049,0.5481501831501832,6.316159951263132,0.43291202082410873,-0.3668000309974344
2.735,0.2689414213699951,0.550315356489945,2.409581715521274,0.43315709086290854,-0.16662606554598136
2.735,0.5,0.550315356489945,4.361953839122487,0.43315709086290854,-0.26671072728427286
2.735,0.7310585786300049,0.550315356489945,6.3143259627237,0.43315709086290854,-0.36679538902256437
2.74,0.2689414213699951,0.5524817518248176,2.4087488785818176,0.43340082050189144,-0.1665088173122822
2.74,0.5,0.5524817518248176,4.360620437956205,0.43340082050189144,-0.2666497948745271
2.74,0.7310585786300049,0.5524817518248176,6.312491997330591,0.43340082050189144,-0.36679077243677205
2.745,0.2689414213699951,0.5546493624772313,2.4079166262812914,0.4336432194982764,-0.16639220919561992
2.745,0.5,0.5546493624772313,4.359287340619309,0.4336432194982764,-0.2665891951254309
2.745,0.7310585786300049,0.5546493624772313,6.310658054957326,0.4336432194982764,-0.3667861810552419
2.75,0.2689414213699951,0.5568181818181818,2.407084955430754,0.43388429752066116,-0.1662762365448326
2.75,0.5,0.5568181818181818,4.357954545454546,0.43388429752066116,-0.2665289256198347
2.75,0.7310585786300049,0.5568181818181818,6.308824135478337,0.43388429752066116,-0.36678161469483683
2.755,0.2689414213699951,0.5589882032667876,2.406253862864417,0.43412406414998633,-0.1661608947509265
2.755,0.5,0.5589882032667876,4.356622050816697,0.43412406414998633,-0.2664689839625034
2.755,0.7310585786300049,0.5589882032667876,6.306990238768977,0.43412406414998633,-0.3667770731740803
2.76,0.2689414213699951,0.5611594202898551,2.405423345439431,0.43436252888048726,-0.16604617924661835
2.76,0.5,0.5611594202898551,4.355289855072464,0.43436252888048726,-0.2664093677798782
2.76,0.7310585786300049,0.5611594202898551,6.305156364705497,0.43436252888048726,-0.3667725563131381
2.765,0.2689414213699951,0.5633318264014466,2.4045934000356803,0.4345997011206341,-0.1659320855058828
2.765,0.5,0.5633318264014466,4.353957956600362,0.4345997011206341,-0.26635007471984146
2.765,0.7310585786300049,0.5633318264014466,6.303322513165043,0.4345997011206341,-0.3667680639338001
2.77,0.2689414213699951,0.5655054151624549,2.4037640235555773,0.4348355901940596,-0.1658186090435064
2.77,0.5,0.5655054151624549,4.352626353790614,0.4348355901940596,-0.26629110245148513
2.77,0.7310585786300049,0.5655054151624549,6.301488684025649,0.4348355901940596,-0.36676359585946383
2.775,0.2689414213699951,0.5676801801801801,2.402935212923859,0.4350702053404756,-0.16570574541464644
2.775,0.5,0.5676801801801801,4.351295045045045,0.4350702053404756,-0.2662324486648811
2.775,0.7310585786300049,0.5676801801801801,6.299654877166232,0.4350702053404756,-0.36675915191511577
2.78,0.2689414213699951,0.5698561151079136,2.402106965087385,0.4353035557165778,-0.16559349021439596
2.78,0.5,0.5698561151079136,4.349964028776978,0.4353035557165778,-0.26617411107085553
2.78,0.7310585786300049,0.5698561151079136,6.297821092466571,0.4353035557165778,-0.36675473192731517
2.785,0.2689414213699951,0.5720332136445243,2.4012792770149445,0.43553565039693926,-0.16548183907735367
2.785,0.5,0.5720332136445243,4.34863330341113,0.43553565039693926,-0.2661160874007652
2.785,0.7310585786300049,0.5720332136445243,6.295987329807317,0.43553565039693926,-0.3667503357241767
2.79,0.2689414213699951,0.5742114695340502,2.4004521456970522,0.4357664983748924,-0.16537078767719993
2.79,0.5,0.5742114695340502,4.347302867383513,0.4357664983748924,-0.26605837540627686
2.79,0.7310585786300049,0.5742114695340502,6.294153589069973,0.4357664983748924,-0.36674596313535385
2.795,0.2689414213699951,0.5763908765652951,2.3996255681457597,0.43599610856340065,-0.1652603317262772
2.795,0.5,0.5763908765652951,4.345972719141324,0.43599610856340065,-0.2660009728591498
2.795,0.7310585786300049,0.5763908765652951,6.292319870136889,0.43599610856340065,-0.36674161399202254
2.8,0.2689414213699951,0.5785714285714285,2.3987995413944594,0.4362244897959183,-0.16515046697517644
2.8,0.5,0.5785714285714285,4.3446428571428575,0.4362244897959183,-0.26594387755102045
2.8,0.7310585786300049,0.5785714285714285,6.2904861728912564,0.4362244897959183,-0.3667372881268644
2.805,0.2689414213699951,0.5807531194295902,2.3979740624976964,0.43645165082724063,-0.1650411892123284
2.805,0.5,0.5807531194295902,4.343313279857398,0.43645165082724063,-0.2658870872931898
2.805,0.7310585786300049,0.5807531194295902,6.288652497217099,0.43645165082724063,-0.3667329853740513
2.81,0.2689414213699951,0.5829359430604981,2.3971491285309807,0.4366776003343423,-0.16493249426359996
2.81,0.5,0.5829359430604981,4.341983985765125,0.4366776003343423,-0.26583059991641445
2.81,0.7310585786300049,0.5829359430604981,6.286818842999269,0.4366776003343423,-0.3667287055692289
2.815,0.2689414213699951,0.5851198934280639,2.3963247365906004,0.4369023469172064,-0.1648243779918954
2.815,0.5,0.5851198934280639,4.340654973357017,0.4369023469172064,-0.2657744132706984
2.815,0.7310585786300049,0.5851198934280639,6.284985210123432,0.4369023469172064,-0.3667244485495014
2.82,0.2689414213699951,0.587304964539007,2.395500883793436,0.43712589909964283,-0.16471683629676287
2.82,0.5,0.587304964539007,4.339326241134752,0.43712589909964283,-0.2657185252250893
2.82,0.7310585786300049,0.587304964539007,6.283151598476068,0.43712589909964283,-0.3667202141534157
2.825,0.2689414213699951,0.589491150442478,2.3946775672767804,0.43734826533009635,-0.1646098651140056
2.825,0.5,0.589491150442478,4.337997787610619,0.43734826533009635,-0.26566293366747595
2.825,0.7310585786300049,0.589491150442478,6.281318007944457,0.43734826533009635,-0.36671600222094625
2.83,0.2689414213699951,0.5916784452296822,2.3938547841981586,0.4375694539824445,-0.1645034604152979
2.83,0.5,0.5916784452296822,4.336669611307421,0.4375694539824445,-0.2656076365043889
2.83,0.7310585786300049,0.5916784452296822,6.279484438416684,0.4375694539824445,-0.36671181259347985
2.835,0.2689414213699951,0.5938668430335097,2.393032531735144,0.4377894733567867,-0.1643976182078058
2.835,0.5,0.5938668430335097,4.335341710758377,0.4377894733567867,-0.26555263166080334
2.835,0.7310585786300049,0.5938668430335097,6.277650889781611,0.4377894733567867,-0.36670764511380083
2.84,0.2689414213699951,0.5960563380281689,2.3922108070851933,0.4380083316802222,-0.1642923345338126
2.84,0.5,0.5960563380281689,4.334014084507043,0.4380083316802222,-0.26549791707994447
2.84,0.7310585786300049,0.5960563380281689,6.275817361928893,0.4380083316802222,-0.36670349962607635
2.845,0.2689414213699951,0.5982469244288227,2.3913896074654573,0.43822603710761954,-0.16418760547034877
2.845,0.5,0.5982469244288227,4.332686731107207,0.43822603710761954,-0.2654434907230951
2.845,0.7310585786300049,0.5982469244288227,6.2739838547489555,0.43822603710761954,-0.36669937597584146
2.85,0.2689414213699951,0.600438596491228,2.390568930112621,0.43844259772237615,-0.1640834271288267
2.85,0.5,0.600438596491228,4.331359649122807,0.43844259772237615,-0.26538935056940594
2.85,0.7310585786300049,0.600438596491228,6.272150368132992,0.43844259772237615,-0.3666952740099852
2.855,0.2689414213699951,0.6026313485113836,2.3897487722827253,0.43865802153716865,-0.16397979565467957
2.855,0.5,0.6026313485113836,4.330032837127845,0.43865802153716865,-0.2653354946157078
2.855,0.7310585786300049,0.6026313485113836,6.270316901972966,0.43865802153716865,-0.36669119357673613
2.86,0.2689414213699951,0.6048251748251748,2.388929131250999,0.4388723164946941,-0.1638767072270048
2.86,0.5,0.6048251748251748,4.3287062937062935,0.4388723164946941,-0.26528192087632646
2.86,0.7310585786300049,0.6048251748251748,6.268483456161588,0.4388723164946941,-0.36668713452564816
2.865,0.2689414213699951,0.607020069808028,2.388110004311692,0.4390854904684021,-0.1637741580582119
2.865,0.5,0.607020069808028,4.327380017452007,0.4390854904684021,-0.2652286273828995
2.865,0.7310585786300049,0.607020069808028,6.266650030592322,0.4390854904684021,-0.36668309670758703
2.87,0.2689414213699951,0.6092160278745645,2.387291388777911,0.43929755126321796,-0.16367214439367464
2.87,0.5,0.6092160278745645,4.326054006968641,0.43929755126321796,-0.2651756121841955
2.87,0.7310585786300049,0.6092160278745645,6.26481662515937,0.43929755126321796,-0.3666790799747164
2.875,0.2689414213699951,0.6114130434782609,2.386473281981454,0.43950850661625707,-0.16357066251138727
2.875,0.5,0.6114130434782609,4.324728260869565,0.43950850661625707,-0.26512287334593576
2.875,0.7310585786300049,0.6114130434782609,6.262983239757677,0.43950850661625707,-0.3666750841804842
2.88,0.2689414213699951,0.613611111111111,2.385655681272645,0.43971836419753085,-0.16346970872162497
2.88,0.5,0.613611111111111,4.323402777777777,0.43971836419753085,-0.2650704089506173
2.88,0.7310585786300049,0.613611111111111,6.26114987428291,0.43971836419753085,-0.3666711091796096
2.885,0.2689414213699951,0.6158102253032929,2.384838584020181,0.4399271316106437,-0.16336927936660864
2.885,0.5,0.6158102253032929,4.322077556325824,0.4399271316106437,-0.2650182170973391
2.885,0.7310585786300049,0.6158102253032929,6.259316528631466,0.4399271316106437,-0.3666671548280695
2.89,0.2689414213699951,0.6180103806228373,2.3840219876109665,0.4401348163934819,-0.16326937082017345
2.89,0.5,0.6180103806228373,4.32075259515571,0.4401348163934819,-0.26496629590162957
2.89,0.7310585786300049,0.6180103806228373,6.257483202700453,0.4401348163934819,-0.3666632209830856
2.895,0.2689414213699951,0.6202115716753023,2.3832058894499584,0.44034142601889387,-0.16316997948744144
2.895,0.5,0.6202115716753023,4.319427892918825,0.44034142601889387,-0.26491464349527655
2.895,0.7310585786300049,0.6202115716753023,6.255649896387693,0.44034142601889387,-0.3666593075031116
2.9,0.2689414213699951,0.6224137931034482,2.382390286960011,0.4405469678953627,-0.1630711018044984
2.9,0.5,0.6224137931034482,4.3181034482758625,0.4405469678953627,-0.2648632580261593
2.9,0.7310585786300049,0.6224137931034482,6.253816609591714,0.4405469678953627,-0.3666554142478202
2.905,0.2689414213699951,0.6246170395869189,2.3815751775817207,0.44075144936766986,-0.16297273423807418
2.905,0.5,0.6246170395869189,4.316779259896729,0.44075144936766986,-0.26481213765808254
2.905,0.7310585786300049,0.6246170395869189,6.251983342211738,0.44075144936766986,-0.3666515410780909
2.91,0.2689414213699951,0.6268213058419245,2.3807605587732756,0.44095487771755176,-0.16287487328522693
2.91,0.5,0.6268213058419245,4.315455326460482,0.44095487771755176,-0.26476128057061205
2.91,0.7310585786300049,0.6268213058419245,6.250150094147687,0.44095487771755176,-0.3666476878559972
2.915,0.2689414213699951,0.6290265866209263,2.379946428010302,0.44115726016434775,-0.1627775154730316
2.915,0.5,0.6290265866209263,4.314131646655232,0.44115726016434775,-0.2647106849589131
2.915,0.7310585786300049,0.6290265866209263,6.248316865300161,0.44115726016434775,-0.3666438544447945
2.92,0.2689414213699951,0.6312328767123286,2.379132782785718,0.44135860386564085,-0.16268065735827145
2.92,0.5,0.6312328767123286,4.312808219178082,0.44135860386564085,-0.26466034903358976
2.92,0.7310585786300049,0.6312328767123286,6.246483655570446,0.44135860386564085,-0.36664004070890815
2.925,0.2689414213699951,0.6334401709401709,2.378319620609582,0.44155891591789026,-0.16258429552713385
2.925,0.5,0.6334401709401709,4.311485042735043,0.44155891591789026,-0.2646102710205274
2.925,0.7310585786300049,0.6334401709401709,6.244650464860504,0.44155891591789026,-0.366636246513921
2.93,0.2689414213699951,0.6356484641638227,2.3775069390089496,0.4417582033570572,-0.16248842659490942
2.93,0.5,0.6356484641638227,4.310162116040955,0.4417582033570572,-0.2645604491607357
2.93,0.7310585786300049,0.6356484641638227,6.24281729307296,0.4417582033570572,-0.366632471726562
2.935,0.2689414213699951,0.6378577512776831,2.37669473552773,0.4419564731592221,-0.1623930472056947
2.935,0.5,0.6378577512776831,4.3088394378194215,0.4419564731592221,-0.2645108817101945
2.935,0.7310585786300049,0.6378577512776831,6.240984140111113,0.4419564731592221,-0.36662871621469423
2.94,0.2689414213699951,0.6400680272108844,2.3758830077265354,0.4421537322411958,-0.16229815403209857
2.94,0.5,0.6400680272108844,4.307517006802722,0.4421537322411958,-0.264461566939701
2.94,0.7310585786300049,0.6400680272108844,6.239151005878908,0.4421537322411958,-0.3666249798473035
2.945,0.2689414213699951,0.6422792869269949,2.375071753182549,0.44234998746112225,-0.16220374377495206
2.945,0.5,0.6422792869269949,4.306194821731748,0.44234998746112225,-0.2644125031347194
2.945,0.7310585786300049,0.6422792869269949,6.237317890280948,0.44234998746112225,-0.3666212624944869
2.95,0.2689414213699951,0.6444915254237288,2.374260969489379,0.442545245619075,-0.1621098131630214
2.95,0.5,0.6444915254237288,4.304872881355933,0.442545245619075,-0.26436368859523124
2.95,0.7310585786300049,0.6444915254237288,6.235484793222486,0.442545245619075,-0.3666175640274411
2.955,0.2689414213699951,0.6467047377326567,2.3734506542569176,0.44273951345764584,-0.16201635895272498
2.955,0.5,0.6467047377326567,4.3035511844331635,0.44273951345764584,-0.26431512163558857
2.955,0.7310585786300049,0.6467047377326567,6.23365171460941,0.44273951345764584,-0.3666138843184521
2.96,0.2689414213699951,0.6489189189189191,2.3726408051112102,0.4429327976625274,-0.16192337792785302
2.96,0.5,0.6489189189189191,4.30222972972973,0.4429327976625274,-0.26426680058436813
2.96,0.7310585786300049,0.6489189189189191,6.231818654348249,0.4429327976625274,-0.3666102232408833
2.965,0.2689414213699951,0.6511340640809442,2.3718314196943133,0.44312510486308787,-0.16183086689929108
2.965,0.5,0.6511340640809442,4.300908516020236,0.44312510486308787,-0.26421872378422806
2.965,0.7310585786300049,0.6511340640809442,6.229985612346159,0.44312510486308787,-0.366606580669165
2.97,0.2689414213699951,0.6533501683501686,2.371022495664162,0.44331644163294,-0.16173882270474638
2.97,0.5,0.6533501683501686,4.299587542087542,0.44331644163294,-0.26417088959176505
2.97,0.7310585786300049,0.6533501683501686,6.2281525885109215,0.44331644163294,-0.36660295647878366
2.975,0.2689414213699951,0.6555672268907564,2.370214030694437,0.4435068144905021,-0.16164724220847781
2.975,0.5,0.6555672268907564,4.298266806722689,0.4435068144905021,-0.2641232963773745
2.975,0.7310585786300049,0.6555672268907564,6.226319582750941,0.4435068144905021,-0.36659935054627113
2.98,0.2689414213699951,0.6577852348993288,2.369406022474431,0.4436962298995541,-0.16155612230102864
2.98,0.5,0.6577852348993288,4.2969463087248325,0.4436962298995541,-0.26407594252511146
2.98,0.7310585786300049,0.6577852348993288,6.224486594975234,0.4436962298995541,-0.36659576274919436
2.985,0.2689414213699951,0.66000418760469,2.368598468708919,0.44388469426978555,-0.1614654598989627
2.985,0.5,0.66000418760469,4.295626046901173,0.44388469426978555,-0.2640288264325536
2.985,0.7310585786300049,0.66000418760469,6.222653625093426,0.44388469426978555,-0.36659219296614454
2.99,0.2689414213699951,0.6622240802675587,2.3677913671180293,0.4440722139573383,-0.16137525194460342
2.99,0.5,0.6622240802675587,4.294306020066889,0.4440722139573383,-0.2639819465106654
2.99,0.7310585786300049,0.6622240802675587,6.220820673015749,0.4440722139573383,-0.36658864107672745
2.995,0.2689414213699951,0.6644449081803006,2.3669847154371153,0.44425879526534207,-0.1612854954057762
2.995,0.5,0.6644449081803006,4.292986227045075,0.44425879526534207,-0.2639353011836645
2.995,0.7310585786300049,0.6644449081803006,6.218987738653035,0.44425879526534207,-0.3665851069615528
3,0.2689414213699951,0.6666666666666667,2.366178511416626,0.4444444444444444,-0.16119618727555338
3,0.5,0.6666666666666667,4.291666666666667,0.4444444444444444,-0.2638888888888889
3,0.7310585786300049,0.6666666666666667,6.217154821916708,0.4444444444444444,-0.3665815905022244
3.005,0.2689414213699951,0.6688893510815307,2.3653727528219832,0.44462916769333416,-0.16110732457200258
3.005,0.5,0.6688893510815307,4.290347337770382,0.44462916769333416,-0.2638427080766665
3.005,0.7310585786300049,0.6688893510815307,6.215321922718781,0.44462916769333416,-0.36657809158133037
3.01,0.2689414213699951,0.6711129568106312,2.364567437433458,0.4448129711592587,-0.16101890433793764
3.01,0.5,0.6711129568106312,4.289028239202658,0.4448129711592587,-0.2637967572101853
3.01,0.7310585786300049,0.6711129568106312,6.213489040971857,0.4448129711592587,-0.36657461008243303
3.015,0.2689414213699951,0.6733374792703151,2.363762563046044,0.4449958609385356,-0.16093092364067274
3.015,0.5,0.6733374792703151,4.287709369817579,0.4449958609385356,-0.2637510347653661
3.015,0.7310585786300049,0.6733374792703151,6.211656176589113,0.4449958609385356,-0.36657114589005946
3.02,0.2689414213699951,0.6755629139072847,2.3629581274693385,0.44517784307705804,-0.1608433795717791
3.02,0.5,0.6755629139072847,4.286390728476821,0.44517784307705804,-0.2637055392307355
3.02,0.7310585786300049,0.6755629139072847,6.209823329484303,0.44517784307705804,-0.3665676988896919
3.025,0.2689414213699951,0.6777892561983472,2.362154128527421,0.4453589235707943,-0.1607562692468447
3.025,0.5,0.6777892561983472,4.285072314049587,0.4453589235707943,-0.26366026910730145
3.025,0.7310585786300049,0.6777892561983472,6.2079904995717525,0.4453589235707943,-0.3665642689677582
3.03,0.2689414213699951,0.680016501650165,2.361350564058733,0.4455391083662822,-0.16066958980523657
3.03,0.5,0.680016501650165,4.283754125412541,0.4455391083662822,-0.2636152229084294
3.03,0.7310585786300049,0.680016501650165,6.20615768676635,0.4455391083662822,-0.3665608560116223
3.035,0.2689414213699951,0.6822446457990116,2.3605474319159594,0.44571840336111646,-0.16058333840986613
3.035,0.5,0.6822446457990116,4.282436161449753,0.44571840336111646,-0.2635703991597209
3.035,0.7310585786300049,0.6822446457990116,6.204324890983546,0.44571840336111646,-0.36655745990957567
3.04,0.2689414213699951,0.6844736842105263,2.3597447299659144,0.44589681440443213,-0.1604975122469568
3.04,0.5,0.6844736842105263,4.281118421052631,0.44589681440443213,-0.26352579639889195
3.04,0.7310585786300049,0.6844736842105263,6.202492112139348,0.44589681440443213,-0.36655408055082717
3.045,0.2689414213699951,0.6867036124794745,2.3589424560894217,0.4460743472973811,-0.1604121085258147
3.045,0.5,0.6867036124794745,4.2798009031198685,0.4460743472973811,-0.2634814131756547
3.045,0.7310585786300049,0.6867036124794745,6.200659350150316,0.4460743472973811,-0.36655071782549475
3.05,0.2689414213699951,0.6889344262295081,2.358140608181201,0.4462510077936039,-0.1603271244786017
3.05,0.5,0.6889344262295081,4.278483606557377,0.4462510077936039,-0.26343724805159907
3.05,0.7310585786300049,0.6889344262295081,6.198826604933553,0.4462510077936039,-0.3665473716245964
3.055,0.2689414213699951,0.6911661211129296,2.3573391841497555,0.4464268015996957,-0.1602425573601112
3.055,0.5,0.6911661211129296,4.277166530278232,0.4464268015996957,-0.26339329960007607
3.055,0.7310585786300049,0.6911661211129296,6.196993876406709,0.4464268015996957,-0.36654404184004097
3.06,0.2689414213699951,0.6933986928104576,2.3565381819172577,0.44660173437566747,-0.1601584044475464
3.06,0.5,0.6933986928104576,4.275849673202614,0.44660173437566747,-0.26334956640608315
3.06,0.7310585786300049,0.6933986928104576,6.19516116448797,0.44660173437566747,-0.3665407283646198
3.065,0.2689414213699951,0.6956321370309951,2.3557375994194394,0.44677581173540126,-0.1600746630403012
3.065,0.5,0.6956321370309951,4.274533034257749,0.44677581173540126,-0.2633060470661497
3.065,0.7310585786300049,0.6956321370309951,6.193328469096059,0.44677581173540126,-0.36653743109199816
3.07,0.2689414213699951,0.6978664495114006,2.3549374346054783,0.4469490392471008,-0.15999133045974342
3.07,0.5,0.6978664495114006,4.27321661237785,0.4469490392471008,-0.2632627401882248
3.07,0.7310585786300049,0.6978664495114006,6.191495790150222,0.4469490392471008,-0.3665341499167062
3.075,0.2689414213699951,0.7001016260162601,2.3541376854378937,0.44712142243373654,-0.1599084040490007
3.075,0.5,0.7001016260162601,4.2719004065040656,0.44712142243373654,-0.26321964439156587
3.075,0.7310585786300049,0.7001016260162601,6.189663127570237,0.44712142243373654,-0.36653088473413103
3.08,0.2689414213699951,0.7023376623376623,2.3533383498924323,0.44729296677348623,-0.1598258811727487
3.08,0.5,0.7023376623376623,4.270584415584416,0.44729296677348623,-0.26317675830662846
3.08,0.7310585786300049,0.7023376623376623,6.1878304812764,0.44729296677348623,-0.36652763544050815
3.085,0.2689414213699951,0.7045745542949757,2.352539425957966,0.4474636777001699,-0.15974375921700162
3.085,0.5,0.7045745542949757,4.269268638573744,0.4474636777001699,-0.2631340805749575
3.085,0.7310585786300049,0.7045745542949757,6.185997851189522,0.4474636777001699,-0.3665244019329134
3.09,0.2689414213699951,0.7068122977346276,2.351740911636384,0.4476335606036803,-0.1596620355889054
3.09,0.5,0.7068122977346276,4.267953074433657,0.4476335606036803,-0.2630916098490799
3.09,0.7310585786300049,0.7068122977346276,6.18416523723093,0.4476335606036803,-0.36652118410925444
3.095,0.2689414213699951,0.7090508885298871,2.350942804942485,0.4478026208304081,-0.15958070771653285
3.095,0.5,0.7090508885298871,4.266637722132471,0.4478026208304081,-0.26304934479239794
3.095,0.7310585786300049,0.7090508885298871,6.182332639322458,0.4478026208304081,-0.3665179818682631
3.1,0.2689414213699951,0.7112903225806452,2.3501451039038788,0.44797086368366285,-0.15949977304868146
3.1,0.5,0.7112903225806452,4.265322580645162,0.44797086368366285,-0.2630072840790843
3.1,0.7310585786300049,0.7112903225806452,6.180500057386444,0.44797086368366285,-0.3665147951094871
3.105,0.2689414213699951,0.7135305958132044,2.349347806560877,0.4481382944240887,-0.15941922905467326
3.105,0.5,0.7135305958132044,4.264007648953301,0.4481382944240887,-0.26296542639397785
3.105,0.7310585786300049,0.7135305958132044,6.178667491345726,0.4481382944240887,-0.36651162373328244
3.11,0.2689414213699951,0.7157717041800642,2.348550910966394,0.4483049182700758,-0.15933907322415686
3.11,0.5,0.7157717041800642,4.262692926045016,0.4483049182700758,-0.26292377043248105
3.11,0.7310585786300049,0.7157717041800642,6.176834941123638,0.4483049182700758,-0.3665084676408053
3.115,0.2689414213699951,0.7180136436597112,2.347754415185847,0.4484707403981666,-0.15925930306691208
3.115,0.5,0.7180136436597112,4.2613784109149275,0.4484707403981666,-0.2628823149004584
3.115,0.7310585786300049,0.7180136436597112,6.1750024066440075,0.4484707403981666,-0.36650532673400465
3.12,0.2689414213699951,0.7202564102564104,2.346958317297054,0.4486357659434583,-0.15917991611265642
3.12,0.5,0.7202564102564104,4.260064102564102,0.4486357659434583,-0.2628410585141354
3.12,0.7310585786300049,0.7202564102564104,6.17316988783115,0.4486357659434583,-0.3665022009156145
3.125,0.2689414213699951,0.7225,2.346162615390135,0.4488,-0.15910090991085382
3.125,0.5,0.7225,4.258750000000001,0.4488,-0.26280000000000003
3.125,0.7310585786300049,0.7225,6.171337384609867,0.4488,-0.3664990900891462
3.13,0.2689414213699951,0.7247444089456869,2.3453673075674106,0.4489634476211863,-0.15902228203052549
3.13,0.5,0.7247444089456869,4.257436102236421,0.4489634476211863,-0.2627591380947034
3.13,0.7310585786300049,0.7247444089456869,6.169504896905432,0.4489634476211863,-0.3664959941588814
3.135,0.2689414213699951,0.7269896331738437,2.3445723919433137,0.44912611382014556,-0.15894403006006297
3.135,0.5,0.7269896331738437,4.256122408293461,0.44912611382014556,-0.2627184715449636
3.135,0.7310585786300049,0.7269896331738437,6.167672424643608,0.44912611382014556,-0.36649291302986425
3.14,0.2689414213699951,0.729235668789809,2.3437778666442823,0.44928800357012455,-0.15886615160704332
3.14,0.5,0.729235668789809,4.254808917197453,0.44928800357012455,-0.26267799910746886
3.14,0.7310585786300049,0.729235668789809,6.165839967750623,0.44928800357012455,-0.3664898466078944
3.145,0.2689414213699951,0.7314825119236884,2.342983729808671,0.44944912180486857,-0.15878864429804598
3.145,0.5,0.7314825119236884,4.2534956279809215,0.44944912180486857,-0.26263771954878284
3.145,0.7310585786300049,0.7314825119236884,6.164007526153172,0.44944912180486857,-0.36648679479951973
3.15,0.2689414213699951,0.7337301587301588,2.342189979586654,0.4496094734189972,-0.15871150577847223
3.15,0.5,0.7337301587301588,4.252182539682539,0.4496094734189972,-0.26259763164525074
3.15,0.7310585786300049,0.7337301587301588,6.162175099778425,0.4496094734189972,-0.3664837575120292
3.155,0.2689414213699951,0.7359786053882724,2.3413966141401317,0.44976906326837635,-0.15863473371236614
3.155,0.5,0.7359786053882724,4.2508696513470685,0.44976906326837635,-0.2625577341829059
3.155,0.7310585786300049,0.7359786053882724,6.160342688554005,0.44976906326837635,-0.3664807346534457
3.16,0.2689414213699951,0.7382278481012658,2.3406036316426375,0.4499278961704855,-0.15855832578223783
3.16,0.5,0.7382278481012658,4.2495569620253155,0.4499278961704855,-0.2625180259573786
3.16,0.7310585786300049,0.7382278481012658,6.1585102924079935,0.4499278961704855,-0.36647772613251944
3.165,0.2689414213699951,0.7404778830963665,2.339811030279249,0.4500859769047815,-0.1584822796888886
3.165,0.5,0.7404778830963665,4.248244470774091,0.4500859769047815,-0.2624785057738046
3.165,0.7310585786300049,0.7404778830963665,6.156677911268934,0.4500859769047815,-0.36647473185872065
3.17,0.2689414213699951,0.7427287066246057,2.339018808246491,0.45024331021305813,-0.15840659315123787
3.17,0.5,0.7427287066246057,4.246932176656151,0.45024331021305813,-0.2624391724467355
3.17,0.7310585786300049,0.7427287066246057,6.154845545065812,0.45024331021305813,-0.366471751742233
3.175,0.2689414213699951,0.7449803149606298,2.33822696375225,0.4503999007998016,-0.15833126390615226
3.175,0.5,0.7449803149606298,4.245620078740157,0.4503999007998016,-0.26240002480004965
3.175,0.7310585786300049,0.7449803149606298,6.153013193728064,0.4503999007998016,-0.36646878569394703
3.18,0.2689414213699951,0.7472327044025158,2.3374354950156846,0.4505557533325422,-0.15825628970827615
3.18,0.5,0.7472327044025158,4.244308176100629,0.4505557533325422,-0.26236106166686446
3.18,0.7310585786300049,0.7472327044025158,6.151180857185573,0.4505557533325422,-0.3664658336254527
3.185,0.2689414213699951,0.7494858712715855,2.3366444002671356,0.4507108724422023,-0.15818166832986472
3.185,0.5,0.7494858712715855,4.242996467817897,0.4507108724422023,-0.26232228188944945
3.185,0.7310585786300049,0.7494858712715855,6.149348535368658,0.4507108724422023,-0.36646289544903415
3.19,0.2689414213699951,0.7517398119122256,2.3358536777480383,0.45086526272344024,-0.15810739756061812
3.19,0.5,0.7517398119122256,4.241684952978056,0.45086526272344024,-0.26228368431913995
3.19,0.7310585786300049,0.7517398119122256,6.147516228208073,0.45086526272344024,-0.36645997107766176
3.195,0.2689414213699951,0.7539945226917056,2.3350633257108373,0.4510189287349904,-0.15803347520751806
3.195,0.5,0.7539945226917056,4.240373630672926,0.4510189287349904,-0.2622452678162524
3.195,0.7310585786300049,0.7539945226917056,6.145683935635016,0.4510189287349904,-0.36645706042498677
3.2,0.2689414213699951,0.7562500000000001,2.3342733424188973,0.451171875,-0.15795989909466576
3.2,0.5,0.7562500000000001,4.2390625,0.451171875,-0.26220703125
3.2,0.7310585786300049,0.7562500000000001,6.143851657581103,0.451171875,-0.36645416340533427
3.205,0.2689414213699951,0.75850624024961,2.3334837261464227,0.45132410600636197,-0.15788666706312188
3.205,0.5,0.75850624024961,4.237751560062403,0.45132410600636197,-0.2621689734984095
3.205,0.7310585786300049,0.75850624024961,6.142019393978384,0.45132410600636197,-0.36645127993369714
3.21,0.2689414213699951,0.7607632398753893,2.3326944751783687,0.4514756262070438,-0.1578137769707481
3.21,0.5,0.7607632398753893,4.236440809968848,0.4514756262070438,-0.26213109344823904
3.21,0.7310585786300049,0.7607632398753893,6.140187144759328,0.4514756262070438,-0.36644840992572997
3.215,0.2689414213699951,0.7630209953343702,2.3319055878103594,0.45162644002041363,-0.15774122669205065
3.215,0.5,0.7630209953343702,4.235130248833593,0.45162644002041363,-0.2620933899948966
3.215,0.7310585786300049,0.7630209953343702,6.138354909856825,0.45162644002041363,-0.36644555329774253
3.22,0.2689414213699951,0.7652795031055902,2.331117062348608,0.4517765518305621,-0.15766901411802506
3.22,0.5,0.7652795031055902,4.2338198757763985,0.4517765518305621,-0.2620558620423595
3.22,0.7310585786300049,0.7652795031055902,6.136522689204189,0.4517765518305621,-0.36644270996669387
3.225,0.2689414213699951,0.7675387596899226,2.330328897109827,0.4519259659876209,-0.15759713715600313
3.225,0.5,0.7675387596899226,4.23250968992248,0.4519259659876209,-0.26201850850309477
3.225,0.7310585786300049,0.7675387596899226,6.134690482735134,0.4519259659876209,-0.3664398798501864
3.23,0.2689414213699951,0.7697987616099071,2.329541090421156,0.4520746868080783,-0.15752559372950123
3.23,0.5,0.7697987616099071,4.231199690402478,0.4520746868080783,-0.26198132829798043
3.23,0.7310585786300049,0.7697987616099071,6.1328582903837985,0.4520746868080783,-0.3664370628664596
3.235,0.2689414213699951,0.7720595054095826,2.3287536406200746,0.45222271857509033,-0.15745438177807033
3.235,0.5,0.7720595054095826,4.229889876352396,0.45222271857509033,-0.26194432035622744
3.235,0.7310585786300049,0.7720595054095826,6.131026112084718,0.45222271857509033,-0.3664342589343845
3.24,0.2689414213699951,0.7743209876543211,2.3279665460543253,0.45237006553878983,-0.15738349925714762
3.24,0.5,0.7743209876543211,4.22858024691358,0.45237006553878983,-0.2619074836153025
3.24,0.7310585786300049,0.7743209876543211,6.129193947772835,0.45237006553878983,-0.3664314679734575
3.245,0.2689414213699951,0.7765832049306627,2.327179805081834,0.4525167319165909,-0.1573129441379098
3.245,0.5,0.7765832049306627,4.227270801232665,0.4525167319165909,-0.26187081702085224
3.245,0.7310585786300049,0.7765832049306627,6.127361797383497,0.4525167319165909,-0.36642868990379474
3.25,0.2689414213699951,0.778846153846154,2.326393416070633,0.4526627218934911,-0.15724271440712795
3.25,0.5,0.778846153846154,4.225961538461538,0.4526627218934911,-0.2618343195266272
3.25,0.7310585786300049,0.778846153846154,6.125529660852444,0.4526627218934911,-0.3664259246461265
3.255,0.2689414213699951,0.781109831029186,2.325607377398779,0.45280803962236993,-0.15717280806702377
3.255,0.5,0.781109831029186,4.224652457757297,0.45280803962236993,-0.2617979900944075
3.255,0.7310585786300049,0.781109831029186,6.123697538115814,0.45280803962236993,-0.36642317212179126
3.26,0.2689414213699951,0.7833742331288344,2.3248216874542833,0.45295268922428394,-0.15710322313512765
3.26,0.5,0.7833742331288344,4.223343558282209,0.45295268922428394,-0.26176182769392903
3.26,0.7310585786300049,0.7833742331288344,6.121865429110135,0.45295268922428394,-0.3664204322527304
3.265,0.2689414213699951,0.7856393568147015,2.3240363446350276,0.45309667478875915,-0.15703395764413797
3.265,0.5,0.7856393568147015,4.222034839203676,0.45309667478875915,-0.26172583130281024
3.265,0.7310585786300049,0.7856393568147015,6.120033333772325,0.45309667478875915,-0.3664177049614825
3.27,0.2689414213699951,0.7879051987767584,2.323251347348695,0.45324000037407997,-0.15696500964178217
3.27,0.5,0.7879051987767584,4.22072629969419,0.45324000037407997,-0.26168999990648
3.27,0.7310585786300049,0.7879051987767584,6.118201252039685,0.45324000037407997,-0.3664149901711778
3.275,0.2689414213699951,0.7901717557251907,2.3224666940126912,0.4533826700075753,-0.15689637719067928
3.275,0.5,0.7901717557251907,4.219417938931297,0.4533826700075753,-0.26165433249810616
3.275,0.7310585786300049,0.7901717557251907,6.116369183849903,0.4533826700075753,-0.3664122878055331
3.28,0.2689414213699951,0.7924390243902438,2.3216823830540743,0.45352468768590126,-0.15682805836820346
3.28,0.5,0.7924390243902438,4.218109756097561,0.45352468768590126,-0.26161882807852466
3.28,0.7310585786300049,0.7924390243902438,6.1145371291410475,0.45352468768590126,-0.3664095977888459
3.285,0.2689414213699951,0.7947070015220701,2.320898412909476,0.4536660573753212,-0.15676005126634973
3.285,0.5,0.7947070015220701,4.216801750380517,0.4536660573753212,-0.2615834856561697
3.285,0.7310585786300049,0.7947070015220701,6.112705087851558,0.4536660573753212,-0.3664069200459897
3.29,0.2689414213699951,0.7969756838905775,2.320114782025034,0.4538067830119825,-0.15669235399160064
3.29,0.5,0.7969756838905775,4.215493920972645,0.4538067830119825,-0.26154830424700437
3.29,0.7310585786300049,0.7969756838905775,6.110873059920257,0.4538067830119825,-0.3664042545024081
3.295,0.2689414213699951,0.7992450682852806,2.3193314888563146,0.45394686850219096,-0.15662496466479428
3.295,0.5,0.7992450682852806,4.21418626707132,0.45394686850219096,-0.2615132828744523
3.295,0.7310585786300049,0.7992450682852806,6.109041045286326,0.45394686850219096,-0.36640160108411024
3.3,0.2689414213699951,0.8015151515151514,2.318548531868248,0.4540863177226814,-0.15655788142099408
3.3,0.5,0.8015151515151514,4.212878787878788,0.4540863177226814,-0.26147842056932963
3.3,0.7310585786300049,0.8015151515151514,6.107209043889328,0.4540863177226814,-0.36639895971766523
3.305,0.2689414213699951,0.803785930408472,2.3177659095350513,0.4542251345208859,-0.15649110240935984
3.305,0.5,0.803785930408472,4.211571482602118,0.4542251345208859,-0.26144371636977853
3.305,0.7310585786300049,0.803785930408472,6.105377055669185,0.4542251345208859,-0.3663963303301972
3.31,0.2689414213699951,0.8060574018126888,2.316983620340163,0.45436332271519975,-0.15642462579301977
3.31,0.5,0.8060574018126888,4.210264350453172,0.45436332271519975,-0.26140916932120006
3.31,0.7310585786300049,0.8060574018126888,6.103545080566181,0.45436332271519975,-0.3663937128493803
3.315,0.2689414213699951,0.8083295625942686,2.316201662776168,0.4545008860952433,-0.1563584497489445
3.315,0.5,0.8083295625942686,4.208957390648567,0.4545008860952433,-0.2613747784761892
3.315,0.7310585786300049,0.8083295625942686,6.101713118520966,0.4545008860952433,-0.3663911072034339
3.32,0.2689414213699951,0.8106024096385541,2.3154200353447356,0.4546378284221222,-0.15629257246782183
3.32,0.5,0.8106024096385541,4.207650602409639,0.4546378284221222,-0.26134054289446945
3.32,0.7310585786300049,0.8106024096385541,6.099881169474542,0.4546378284221222,-0.36638851332111705
3.325,0.2689414213699951,0.8128759398496241,2.3146387365565455,0.4547741534286845,-0.15622699215393326
3.325,0.5,0.8128759398496241,4.206343984962406,0.4547741534286845,-0.2613064616428289
3.325,0.7310585786300049,0.8128759398496241,6.0980492333682665,0.4547741534286845,-0.36638593113172446
3.33,0.2689414213699951,0.8151501501501501,2.313857764931222,0.45490986481977475,-0.1561617070250315
3.33,0.5,0.8151501501501501,4.205037537537537,0.45490986481977475,-0.2612725337950563
3.33,0.7310585786300049,0.8151501501501501,6.096217310143852,0.45490986481977475,-0.36638336056508114
3.335,0.2689414213699951,0.8174250374812594,2.3130771189972688,0.4550449662724859,-0.15609671531221941
3.335,0.5,0.8174250374812594,4.203731259370314,0.4550449662724859,-0.26123875843187855
3.335,0.7310585786300049,0.8174250374812594,6.094385399743359,0.4550449662724859,-0.3663808015515376
3.34,0.2689414213699951,0.8197005988023952,2.3122967972920003,0.45517946143640864,-0.15603201525983015
3.34,0.5,0.8197005988023952,4.202425149700598,0.45517946143640864,-0.26120513464089784
3.34,0.7310585786300049,0.8197005988023952,6.092553502109197,0.45517946143640864,-0.36637825402196555
3.345,0.2689414213699951,0.8219768310911809,2.3115167983614753,0.4553133539338772,-0.15596760512530872
3.345,0.5,0.8219768310911809,4.201119207772795,0.4553133539338772,-0.2611716615165307
3.345,0.7310585786300049,0.8219768310911809,6.090721617184115,0.4553133539338772,-0.3663757179077527
3.35,0.2689414213699951,0.8242537313432836,2.310737120760434,0.45544664736021384,-0.15590348317909447
3.35,0.5,0.8242537313432836,4.199813432835821,0.45544664736021384,-0.2611383381599466
3.35,0.7310585786300049,0.8242537313432836,6.088889744911208,0.45544664736021384,-0.36637319314079864
3.355,0.2689414213699951,0.8265312965722802,2.3099577630522323,0.45557934528397015,-0.1558396477045051
3.355,0.5,0.8265312965722802,4.1985078241430696,0.45557934528397015,-0.26110516367900743
3.355,0.7310585786300049,0.8265312965722802,6.087057885233907,0.45557934528397015,-0.36637067965350983
3.36,0.2689414213699951,0.8288095238095238,2.3091787238087766,0.4557114512471655,-0.1557760969976218
3.36,0.5,0.8288095238095238,4.1972023809523815,0.4557114512471655,-0.26107213718820865
3.36,0.7310585786300049,0.8288095238095238,6.0852260380959855,0.4557114512471655,-0.36636817737879546
3.365,0.2689414213699951,0.8310884101040121,2.308400001610462,0.45584296876552394,-0.15571282936717534
3.365,0.5,0.8310884101040121,4.195897102526002,0.45584296876552394,-0.26103925780861903
3.365,0.7310585786300049,0.8310884101040121,6.083394203441543,0.45584296876552394,-0.36636568625006266
3.37,0.2689414213699951,0.8333679525222553,2.3076215950461094,0.4559739013287077,-0.15564984313443378
3.37,0.5,0.8333679525222553,4.194591988130563,0.4559739013287077,-0.2610065246678231
3.37,0.7310585786300049,0.8333679525222553,6.081562381215018,0.4559739013287077,-0.3663632062012124
3.375,0.2689414213699951,0.8356481481481481,2.3068435027129004,0.4561042524005487,-0.15558713663309104
3.375,0.5,0.8356481481481481,4.193287037037037,0.4561042524005487,-0.2609739368998628
3.375,0.7310585786300049,0.8356481481481481,6.079730571361175,0.4561042524005487,-0.36636073716663464
3.38,0.2689414213699951,0.8379289940828402,2.306065723216317,0.45623402541927804,-0.1555247082091566
3.38,0.5,0.8379289940828402,4.191982248520711,0.45623402541927804,-0.2609414936451805
3.38,0.7310585786300049,0.8379289940828402,6.077898773825105,0.45623402541927804,-0.3663582790812044
3.385,0.2689414213699951,0.8402104874446084,2.305288255170083,0.4563632237977523,-0.15546255622084645
3.385,0.5,0.8402104874446084,4.190677621861153,0.4563632237977523,-0.2609091940505619
3.385,0.7310585786300049,0.8402104874446084,6.076066988552222,0.4563632237977523,-0.36635583188027737
3.39,0.2689414213699951,0.8424926253687316,2.304511097196099,0.456491850923678,-0.15540067903847538
3.39,0.5,0.8424926253687316,4.189373156342183,0.456491850923678,-0.2608770372690805
3.39,0.7310585786300049,0.8424926253687316,6.074235215488267,0.456491850923678,-0.3663533954996856
3.395,0.2689414213699951,0.8447754050073639,2.3037342479243854,0.45661991015983394,-0.15533907504434974
3.395,0.5,0.8447754050073639,4.188068851251841,0.45661991015983394,-0.2608450224600415
3.395,0.7310585786300049,0.8447754050073639,6.072403454579297,0.45661991015983394,-0.36635096987573323
3.4,0.2689414213699951,0.8470588235294119,2.3029577059930193,0.45674740484429066,-0.1552777426326621
3.4,0.5,0.8470588235294119,4.186764705882354,0.45674740484429066,-0.2608131487889273
3.4,0.7310585786300049,0.8470588235294119,6.070571705771688,0.45674740484429066,-0.36634855494519253
3.405,0.2689414213699951,0.8493428781204111,2.3021814700480783,0.4568743382906281,-0.15521668020938642
3.405,0.5,0.8493428781204111,4.185460719530102,0.4568743382906281,-0.260781415427343
3.405,0.7310585786300049,0.8493428781204111,6.068739969012126,0.4568743382906281,-0.3663461506452995
3.41,0.2689414213699951,0.8516275659824047,2.301405538743582,0.4570007137881511,-0.15515588619217435
3.41,0.5,0.8516275659824047,4.1841568914956015,0.4570007137881511,-0.2607498215529622
3.41,0.7310585786300049,0.8516275659824047,6.06690824424762,0.4570007137881511,-0.3663437569137501
3.415,0.2689414213699951,0.8539128843338213,2.300629910741432,0.45712653460210206,-0.155095359010253
3.415,0.5,0.8539128843338213,4.182853221083455,0.45712653460210206,-0.2607183663494745
3.415,0.7310585786300049,0.8539128843338213,6.065076531425479,0.45712653460210206,-0.36634137368869596
3.42,0.2689414213699951,0.8561988304093566,2.299854584711354,0.45725180397387233,-0.15503509710432337
3.42,0.5,0.8561988304093566,4.18154970760234,0.45725180397387233,-0.2606870490065319
3.42,0.7310585786300049,0.8561988304093566,6.063244830493325,0.45725180397387233,-0.36633900090874044
3.425,0.2689414213699951,0.858485401459854,2.2990795593308424,0.4573765251212105,-0.15497509892645975
3.425,0.5,0.858485401459854,4.180246350364964,0.4573765251212105,-0.26065586871969737
3.425,0.7310585786300049,0.858485401459854,6.061413141399085,0.4573765251212105,-0.366336638512935
3.43,0.2689414213699951,0.8607725947521866,2.2983048332851044,0.45750070123842956,-0.15491536294001054
3.43,0.5,0.8607725947521866,4.178943148688047,0.45750070123842956,-0.2606248246903926
3.43,0.7310585786300049,0.8607725947521866,6.05958146409099,0.45750070123842956,-0.36633428644077465
3.435,0.2689414213699951,0.8630604075691412,2.297530405267,0.457624335496611,-0.1548558876194998
3.435,0.5,0.8630604075691412,4.177640101892286,0.457624335496611,-0.26059391612584726
3.435,0.7310585786300049,0.8630604075691412,6.0577497985175714,0.457624335496611,-0.36633194463219465
3.44,0.2689414213699951,0.8653488372093022,2.2967562739769907,0.45774743104380744,-0.1547966714505298
3.44,0.5,0.8653488372093022,4.176337209302326,0.45774743104380744,-0.26056314223904814
3.44,0.7310585786300049,0.8653488372093022,6.055918144627661,0.45774743104380744,-0.36632961302756645
3.445,0.2689414213699951,0.8676378809869375,2.2959824381230813,0.45786999100524306,-0.15473771292968463
3.445,0.5,0.8676378809869375,4.175034470246735,0.45786999100524306,-0.26053250224868924
3.445,0.7310585786300049,0.8676378809869375,6.054086502370388,0.45786999100524306,-0.36632729156769384
3.45,0.2689414213699951,0.8699275362318841,2.2952088964207684,0.4579920184835119,-0.15467901056443484
3.45,0.5,0.8699275362318841,4.173731884057972,0.4579920184835119,-0.260501995379122
3.45,0.7310585786300049,0.8699275362318841,6.052254871695175,0.4579920184835119,-0.3663249801938092
3.455,0.2689414213699951,0.8722178002894356,2.294435647592981,0.4581135165587741,-0.15462056287304293
3.455,0.5,0.8722178002894356,4.172429450072359,0.4581135165587741,-0.26047162086030645
3.455,0.7310585786300049,0.8722178002894356,6.050423252551736,0.4581135165587741,-0.36632267884757
3.46,0.2689414213699951,0.8745086705202313,2.2936626903700335,0.4582344882889505,-0.15456236838446982
3.46,0.5,0.8745086705202313,4.171127167630058,0.4582344882889505,-0.26044137792776234
3.46,0.7310585786300049,0.8745086705202313,6.048591644890082,0.4582344882889505,-0.3663203874710549
3.465,0.2689414213699951,0.8768001443001443,2.2928900234895666,0.45835493670991506,-0.15450442563828243
3.465,0.5,0.8768001443001443,4.169825036075036,0.45835493670991506,-0.2604112658225212
3.465,0.7310585786300049,0.8768001443001443,6.046760048660505,0.45835493670991506,-0.36631810600676007
3.47,0.2689414213699951,0.8790922190201731,2.2921176456964973,0.45847486483568506,-0.15444673318456176
3.47,0.5,0.8790922190201731,4.168523054755044,0.45847486483568506,-0.2603812837910787
3.47,0.7310585786300049,0.8790922190201731,6.04492846381359,0.45847486483568506,-0.36631583439759574
3.475,0.2689414213699951,0.881384892086331,2.291345555742967,0.4585942756586098,-0.1543892895838125
3.475,0.5,0.881384892086331,4.167221223021583,0.4585942756586098,-0.2603514310853476
3.475,0.7310585786300049,0.881384892086331,6.043096890300199,0.4585942756586098,-0.3663135725868826
3.48,0.2689414213699951,0.8836781609195402,2.2905737523882865,0.4587131721495574,-0.15433209340687318
3.48,0.5,0.8836781609195402,4.1659195402298845,0.4587131721495574,-0.26032170696261064
3.48,0.7310585786300049,0.8836781609195402,6.041265328071483,0.4587131721495574,-0.36631132051834814
3.485,0.2689414213699951,0.8859720229555237,2.2898022343988904,0.4588315572580994,-0.154275143234827
3.485,0.5,0.8859720229555237,4.164618005738881,0.4588315572580994,-0.26029211068547514
3.485,0.7310585786300049,0.8859720229555237,6.039433777078872,0.4588315572580994,-0.36630907813612335
3.49,0.2689414213699951,0.8882664756446993,2.2890310005482792,0.45894943391269366,-0.15421843765891421
3.49,0.5,0.8882664756446993,4.163316618911175,0.45894943391269366,-0.2602626415218266
3.49,0.7310585786300049,0.8882664756446993,6.037602237274071,0.45894943391269366,-0.36630684538473895
3.495,0.2689414213699951,0.8905615164520744,2.288260049616973,0.4590668050208657,-0.15416197528044476
3.495,0.5,0.8905615164520744,4.1620153791130186,0.4590668050208657,-0.26023329874478357
3.495,0.7310585786300049,0.8905615164520744,6.035770708609065,0.4590668050208657,-0.3663046222091224
3.5,0.2689414213699951,0.8928571428571429,2.28748938039246,0.45918367346938777,-0.15410575471071203
3.5,0.5,0.8928571428571429,4.160714285714285,0.45918367346938777,-0.2602040816326531
3.5,0.7310585786300049,0.8928571428571429,6.03393919103611,0.45918367346938777,-0.36630240855459406
3.505,0.2689414213699951,0.8951533523537802,2.2867189916691495,0.4593000421244564,-0.15404977457090763
3.505,0.5,0.8951533523537802,4.159413338088445,0.4593000421244564,-0.2601749894688859
3.505,0.7310585786300049,0.8951533523537802,6.032107684507741,0.4593000421244564,-0.36630020436686417
3.51,0.2689414213699951,0.8974501424501424,2.2859488822483174,0.45941591383186825,-0.15399403349203666
3.51,0.5,0.8974501424501424,4.158112535612536,0.45941591383186825,-0.2601460215420329
3.51,0.7310585786300049,0.8974501424501424,6.030276188976755,0.45941591383186825,-0.36629800959202924
3.515,0.2689414213699951,0.8997475106685635,2.2851790509380603,0.45953129141719395,-0.1539385301148341
3.515,0.5,0.8997475106685635,4.156811877667141,0.45953129141719395,-0.2601171771457015
3.515,0.7310585786300049,0.8997475106685635,6.028444704396222,0.45953129141719395,-0.3662958241765689
3.52,0.2689414213699951,0.9020454545454545,2.284409496553249,0.4596461776859504,-0.15388326308968203
3.52,0.5,0.9020454545454545,4.155511363636363,0.4596461776859504,-0.2600884555785124
3.52,0.7310585786300049,0.9020454545454545,6.026613230719478,0.4596461776859504,-0.36629364806734277
3.525,0.2689414213699951,0.9043439716312056,2.283640217915477,0.45976057542377147,-0.15382823107652735
3.525,0.5,0.9043439716312056,4.154210992907801,0.45976057542377147,-0.26005985614405713
3.525,0.7310585786300049,0.9043439716312056,6.024781767900126,0.45976057542377147,-0.36629148121158694
3.53,0.2689414213699951,0.906643059490085,2.282871213853015,0.4598744873965765,-0.15377343274480082
3.53,0.5,0.906643059490085,4.152910764872521,0.4598744873965765,-0.26003137815085586
3.53,0.7310585786300049,0.906643059490085,6.022950315892027,0.4598744873965765,-0.36628932355691096
3.535,0.2689414213699951,0.9089427157001415,2.282102483200762,0.45998791635073794,-0.15371886677333643
3.535,0.5,0.9089427157001415,4.151610678925035,0.45998791635073794,-0.26000302091231553
3.535,0.7310585786300049,0.9089427157001415,6.021118874649308,0.45998791635073794,-0.3662871750512946
3.54,0.2689414213699951,0.9112429378531073,2.2813340248002016,0.46010086501324654,-0.15366453185029189
3.54,0.5,0.9112429378531073,4.150310734463277,0.46010086501324654,-0.25997478374668836
3.54,0.7310585786300049,0.9112429378531073,6.019287444126352,0.46010086501324654,-0.36628503564308484
3.545,0.2689414213699951,0.9135437235543018,2.2805658374993505,0.46021333609187537,-0.1536104266730697
3.545,0.5,0.9135437235543018,4.149010930888576,0.46021333609187537,-0.25994666597703114
3.545,0.7310585786300049,0.9135437235543018,6.0174560242778,0.46021333609187537,-0.3662829052809926
3.55,0.2689414213699951,0.915845070422535,2.2797979201527174,0.46032533227534217,-0.15355654994823917
3.55,0.5,0.915845070422535,4.147711267605633,0.46032533227534217,-0.25991866693116444
3.55,0.7310585786300049,0.915845070422535,6.015624615058549,0.46032533227534217,-0.36628078391408975
3.555,0.2689414213699951,0.9181469760900143,2.279030271621255,0.46043685623347,-0.153502900391459
3.555,0.5,0.9181469760900143,4.146411744022504,0.46043685623347,-0.2598907859416325
3.555,0.7310585786300049,0.9181469760900143,6.0137932164237515,0.46043685623347,-0.366278671491806
3.56,0.2689414213699951,0.9204494382022472,2.2782628907723157,0.4605479106173463,-0.15344947672740084
3.56,0.5,0.9204494382022472,4.145112359550563,0.4605479106173463,-0.25986302234566344
3.56,0.7310585786300049,0.9204494382022472,6.011961828328809,0.4605479106173463,-0.366276567963926
3.565,0.2689414213699951,0.9227524544179523,2.2774957764796047,0.46065849805948045,-0.15339627768967348
3.565,0.5,0.9227524544179523,4.143813113604488,0.46065849805948045,-0.25983537548512986
3.565,0.7310585786300049,0.9227524544179523,6.010130450729372,0.46065849805948045,-0.3662744732805863
3.57,0.2689414213699951,0.9250560224089636,2.276728927623138,0.4607686211739598,-0.15334330202074772
3.57,0.5,0.9250560224089636,4.142514005602241,0.4607686211739598,-0.2598078447065101
3.57,0.7310585786300049,0.9250560224089636,6.008299083581344,0.4607686211739598,-0.3662723873922724
3.575,0.2689414213699951,0.92736013986014,2.2759623430891973,0.46087828255660424,-0.15329054847188217
3.575,0.5,0.92736013986014,4.141215034965035,0.46087828255660424,-0.25978042936084894
3.575,0.7310585786300049,0.92736013986014,6.006467726840873,0.46087828255660424,-0.3662703102498157
3.58,0.2689414213699951,0.9296648044692739,2.2751960217702862,0.4609874847851191,-0.1532380158030496
3.58,0.5,0.9296648044692739,4.139916201117318,0.4609874847851191,-0.2597531288037202
3.58,0.7310585786300049,0.9296648044692739,6.00463638046435,0.4609874847851191,-0.3662682418043908
3.585,0.2689414213699951,0.9319700139470013,2.274429962565086,0.46109623041924647,-0.15318570278286406
3.585,0.5,0.9319700139470013,4.13861750348675,0.46109623041924647,-0.25972594239518837
3.585,0.7310585786300049,0.9319700139470013,6.002805044408414,0.46109623041924647,-0.3662661820075127
3.59,0.2689414213699951,0.9342757660167129,2.273664164378415,0.46120452200091555,-0.1531336081885087
3.59,0.5,0.9342757660167129,4.137318941504177,0.46120452200091555,-0.2596988694997711
3.59,0.7310585786300049,0.9342757660167129,6.000973718629941,0.46120452200091555,-0.3662641308110335
3.595,0.2689414213699951,0.9365820584144646,2.2728986261211825,0.46131236205439097,-0.15308173080566448
3.595,0.5,0.9365820584144646,4.136020514603617,0.46131236205439097,-0.25967190948640223
3.595,0.7310585786300049,0.9365820584144646,5.999142403086051,0.46131236205439097,-0.36626208816714
3.6,0.2689414213699951,0.938888888888889,2.2721333467103495,0.46141975308641975,-0.15303006942843908
3.6,0.5,0.938888888888889,4.134722222222223,0.46141975308641975,-0.2596450617283951
3.6,0.7310585786300049,0.938888888888889,5.997311097734096,0.46141975308641975,-0.366260054028351
3.605,0.2689414213699951,0.9411962552011095,2.271368325068885,0.4615266975863774,-0.1529786228592972
3.605,0.5,0.9411962552011095,4.133424063800278,0.4615266975863774,-0.25961832560340564
3.605,0.7310585786300049,0.9411962552011095,5.99547980253167,0.4615266975863774,-0.36625802834751414
3.61,0.2689414213699951,0.9435041551246537,2.2706035601257257,0.46163319802641173,-0.1529273899089908
3.61,0.5,0.9435041551246537,4.132126038781164,0.46163319802641173,-0.2595917004933971
3.61,0.7310585786300049,0.9435041551246537,5.993648517436601,0.46163319802641173,-0.36625601107780337
3.615,0.2689414213699951,0.9458125864453667,2.2698390508157327,0.461739256861586,-0.1528763693964907
3.615,0.5,0.9458125864453667,4.130828146611341,0.461739256861586,-0.2595651857846035
3.615,0.7310585786300049,0.9458125864453667,5.99181724240695,0.461739256861586,-0.3662540021727163
3.62,0.2689414213699951,0.948121546961326,2.2690747960796527,0.46184487653002043,-0.15282556014891827
3.62,0.5,0.948121546961326,4.129530386740331,0.46184487653002043,-0.25953878086749493
3.62,0.7310585786300049,0.948121546961326,5.98998597740101,0.46184487653002043,-0.3662520015860715
3.625,0.2689414213699951,0.9504310344827587,2.268310794864077,0.46195005945303214,-0.15277496100147814
3.625,0.5,0.9504310344827587,4.1282327586206895,0.46195005945303214,-0.25951248513674197
3.625,0.7310585786300049,0.9504310344827587,5.988154722377302,0.46195005945303214,-0.36625000927200585
3.63,0.2689414213699951,0.9527410468319559,2.2675470461214,0.4620548080352739,-0.15272457079739138
3.63,0.5,0.9527410468319559,4.12693526170799,0.4620548080352739,-0.2594862979911815
3.63,0.7310585786300049,0.9527410468319559,5.9863234772945795,0.4620548080352739,-0.3662480251849717
3.635,0.2689414213699951,0.9550515818431912,2.266783548809779,0.46215912466487175,-0.15267438838782957
3.635,0.5,0.9550515818431912,4.125637895460797,0.46215912466487175,-0.25946021883378206
3.635,0.7310585786300049,0.9550515818431912,5.984492242111815,0.46215912466487175,-0.3662460492797346
3.64,0.2689414213699951,0.9573626373626375,2.266020301893099,0.46226301171356116,-0.15262441263184895
3.64,0.5,0.9573626373626375,4.1243406593406595,0.46226301171356116,-0.2594342470716097
3.64,0.7310585786300049,0.9573626373626375,5.98266101678822,0.46226301171356116,-0.36624408151137045
3.645,0.2689414213699951,0.9596742112482853,2.2652573043409268,0.4623664715368216,-0.152574642396326
3.645,0.5,0.9596742112482853,4.123043552812071,0.4623664715368216,-0.2594083821157946
3.645,0.7310585786300049,0.9596742112482853,5.980829801283215,0.4623664715368216,-0.3662421218352632
3.65,0.2689414213699951,0.9619863013698629,2.264494555128478,0.46246950647401014,-0.15252507655589284
3.65,0.5,0.9619863013698629,4.121746575342465,0.46246950647401014,-0.2593826233814975
3.65,0.7310585786300049,0.9619863013698629,5.978998595556453,0.46246950647401014,-0.3662401702071021
3.655,0.2689414213699951,0.964298905608755,2.263732053236573,0.4625721188484938,-0.15247571399287385
3.655,0.5,0.964298905608755,4.12044972640219,0.4625721188484938,-0.2593569702878765
3.655,0.7310585786300049,0.964298905608755,5.977167399567806,0.4625721188484938,-0.3662382265828792
3.66,0.2689414213699951,0.9666120218579237,2.262969797651604,0.46267431096778044,-0.15242655359722262
3.66,0.5,0.9666120218579237,4.119153005464481,0.46267431096778044,-0.2593314222580549
3.66,0.7310585786300049,0.9666120218579237,5.975336213277358,0.46267431096778044,-0.3662362909188871
3.665,0.2689414213699951,0.9689256480218281,2.2622077873654933,0.46277608512364854,-0.15237759426645947
3.665,0.5,0.9689256480218281,4.117856412005458,0.46277608512364854,-0.2593059787190879
3.665,0.7310585786300049,0.9689256480218281,5.973505036645422,0.46277608512364854,-0.3662343631717162
3.67,0.2689414213699951,0.9712397820163486,2.2614460213756566,0.46287744359227556,-0.15232883490560967
3.67,0.5,0.9712397820163486,4.116559945504087,0.46287744359227556,-0.2592806391019311
3.67,0.7310585786300049,0.9712397820163486,5.971673869632518,0.46287744359227556,-0.36623244329825255
3.675,0.2689414213699951,0.9735544217687074,2.2606844986849666,0.4629783886343653,-0.1522802744271422
3.675,0.5,0.9735544217687074,4.115263605442177,0.4629783886343653,-0.2592554028414087
3.675,0.7310585786300049,0.9735544217687074,5.969842712199387,0.4629783886343653,-0.3662305312556751
3.68,0.2689414213699951,0.9758695652173914,2.259923218301715,0.4630789224952741,-0.15223191175090922
3.68,0.5,0.9758695652173914,4.113967391304349,0.4630789224952741,-0.2592302693761815
3.68,0.7310585786300049,0.9758695652173914,5.968011564306981,0.4630789224952741,-0.3662286270014537
3.685,0.2689414213699951,0.978185210312076,2.2591621792395755,0.46317904740513544,-0.1521837458040859
3.685,0.5,0.978185210312076,4.112671302578019,0.46317904740513544,-0.25920523814871615
3.685,0.7310585786300049,0.978185210312076,5.966180425916463,0.46317904740513544,-0.36622673049334636
3.69,0.2689414213699951,0.98050135501355,2.2584013805175682,0.46327876557898373,-0.15213577552111085
3.69,0.5,0.98050135501355,4.111375338753388,0.46327876557898373,-0.25918030860525404
3.69,0.7310585786300049,0.98050135501355,5.964349296989207,0.46327876557898373,-0.3662248416893973
3.695,0.2689414213699951,0.98281799729364,2.2576408211600225,0.46337807921687685,-0.15208799984362742
3.695,0.5,0.98281799729364,4.11007949932341,0.46337807921687685,-0.2591554801957808
3.695,0.7310585786300049,0.98281799729364,5.962518177486798,0.46337807921687685,-0.3662229605479342
3.7,0.2689414213699951,0.9851351351351352,2.2568805001965417,0.4634769905040175,-0.15204041772042504
3.7,0.5,0.9851351351351352,4.108783783783784,0.4634769905040175,-0.25913075237399563
3.7,0.7310585786300049,0.9851351351351352,5.960687067371026,0.4634769905040175,-0.3662210870275662
3.705,0.2689414213699951,0.9874527665317139,2.2561204166619686,0.46357550161087346,-0.15199302810738166
3.705,0.5,0.9874527665317139,4.107488191632928,0.46357550161087346,-0.2591061245972816
3.705,0.7310585786300049,0.9874527665317139,5.958855966603888,0.46357550161087346,-0.3662192210871816
3.71,0.2689414213699951,0.9897708894878706,2.255360569596347,0.4636736146932963,-0.1519458299674063
3.71,0.5,0.9897708894878706,4.106192722371968,0.4636736146932963,-0.25908159632667593
3.71,0.7310585786300049,0.9897708894878706,5.957024875147589,0.4636736146932963,-0.3662173626859455
3.715,0.2689414213699951,0.9920895020188425,2.2546009580448896,0.46377133189263997,-0.15189882227038237
3.715,0.5,0.9920895020188425,4.10489737550471,0.46377133189263997,-0.25905716702684
3.715,0.7310585786300049,0.9920895020188425,5.955193792964531,0.46377133189263997,-0.36621551178329764
3.72,0.2689414213699951,0.9944086021505378,2.253841581057943,0.46386865533587696,-0.15185200399311138
3.72,0.5,0.9944086021505378,4.103602150537633,0.46386865533587696,-0.2590328361660308
3.72,0.7310585786300049,0.9944086021505378,5.953362720017324,0.46386865533587696,-0.36621366833895014
3.725,0.2689414213699951,0.9967281879194632,2.2530824376909533,0.4639655871357146,-0.15180537411925746
3.725,0.5,0.9967281879194632,4.102307046979865,0.4639655871357146,-0.25900860321607133
3.725,0.7310585786300049,0.9967281879194632,5.951531656268777,0.4639655871357146,-0.3662118323128853
3.73,0.2689414213699951,0.999048257372654,2.252323527004428,0.46406212939070934,-0.15175893163929194
3.73,0.5,0.999048257372654,4.101012064343164,0.46406212939070934,-0.25898446765232264
3.73,0.7310585786300049,0.999048257372654,5.949700601681899,0.46406212939070934,-0.3662100036653534
3.735,0.2689414213699951,1.0013688085676038,2.2515648480639086,0.4641582841853805,-0.15171267555043896
3.735,0.5,1.0013688085676038,4.099717202141901,0.4641582841853805,-0.2589604289536549
3.735,0.7310585786300049,1.0013688085676038,5.947869556219893,0.4641582841853805,-0.3662081823568708
3.74,0.2689414213699951,1.0036898395721927,2.250806399939932,0.46425405359032285,-0.15166660485662115
3.74,0.5,1.0036898395721927,4.098422459893047,0.46425405359032285,-0.2589364866024193
3.74,0.7310585786300049,1.0036898395721927,5.946038519846163,0.46425405359032285,-0.3662063683482174
3.745,0.2689414213699951,1.0060113484646194,2.2500481817080003,0.4643494396623179,-0.15162071856840614
3.745,0.5,1.0060113484646194,4.0971278371161555,0.4643494396623179,-0.2589126400844205
3.745,0.7310585786300049,1.0060113484646194,5.94420749252431,0.4643494396623179,-0.3662045616004349
3.75,0.2689414213699951,1.0083333333333333,2.2492901924485444,0.46444444444444444,-0.1515750157029533
3.75,0.5,1.0083333333333333,4.095833333333333,0.46444444444444444,-0.2588888888888889
3.75,0.7310585786300049,1.0083333333333333,5.942376474218123,0.46444444444444444,-0.3662027620748245
3.755,0.2689414213699951,1.0106557922769641,2.2485324312468937,0.464539069966188,-0.1515294952839612
3.755,0.5,1.0106557922769641,4.094538948069241,0.464539069966188,-0.258865232508453
3.755,0.7310585786300049,1.0106557922769641,5.9405454648915885,0.464539069966188,-0.3662009697329448
3.76,0.2689414213699951,1.012978723404255,2.247774897193244,0.46463331824354914,-0.15148415634161555
3.76,0.5,1.012978723404255,4.093244680851064,0.46463331824354914,-0.2588416704391127
3.76,0.7310585786300049,1.012978723404255,5.938714464508885,0.46463331824354914,-0.3661991845366099
3.765,0.2689414213699951,1.0153021248339975,2.2470175893826227,0.4647271912791508,-0.15143899791253734
3.765,0.5,1.0153021248339975,4.0919505312085,0.4647271912791508,-0.25881820218021234
3.765,0.7310585786300049,1.0153021248339975,5.936883473034377,0.4647271912791508,-0.3661974064478873
3.77,0.2689414213699951,1.0176259946949602,2.246260506914858,0.46482069106234475,-0.1513940190397318
3.77,0.5,1.0176259946949602,4.09065649867374,0.46482069106234475,-0.25879482723441377
3.77,0.7310585786300049,1.0176259946949602,5.935052490432621,0.46482069106234475,-0.3661956354290958
3.775,0.2689414213699951,1.0199503311258278,2.2455036488945495,0.46491381956931715,-0.15134921877253774
3.775,0.5,1.0199503311258278,4.089362582781457,0.46491381956931715,-0.25877154510767075
3.775,0.7310585786300049,1.0199503311258278,5.933221516668365,0.46491381956931715,-0.3661938714428037
3.78,0.2689414213699951,1.0222751322751322,2.2447470144310318,0.4650065787631925,-0.15130459616657718
3.78,0.5,1.0222751322751322,4.088068783068784,0.4650065787631925,-0.25874835530920187
3.78,0.7310585786300049,1.0222751322751322,5.931390551706535,0.4650065787631925,-0.36619211445182653
3.785,0.2689414213699951,1.024600396301189,2.243990602638345,0.4650989705941377,-0.1512601502837057
3.785,0.5,1.024600396301189,4.086775099075297,0.4650989705941377,-0.25872525735146557
3.785,0.7310585786300049,1.024600396301189,5.929559595512249,0.4650989705941377,-0.3661903644192255
3.79,0.2689414213699951,1.0269261213720315,2.2432344126352097,0.4651909969994639,-0.151215880191963
3.79,0.5,1.0269261213720315,4.085481530343008,0.4651909969994639,-0.258702250750134
3.79,0.7310585786300049,1.0269261213720315,5.927728648050807,0.4651909969994639,-0.366188621308305
3.795,0.2689414213699951,1.029252305665349,2.242478443544984,0.4652826599037288,-0.15117178496552425
3.795,0.5,1.029252305665349,4.084188076416337,0.4652826599037288,-0.2586793350240678
3.795,0.7310585786300049,1.029252305665349,5.925897709287691,0.4652826599037288,-0.3661868850826113
3.8,0.2689414213699951,1.0315789473684212,2.2417226944956457,0.46537396121883656,-0.15112786368465148
3.8,0.5,1.0315789473684212,4.082894736842105,0.46537396121883656,-0.25865650969529086
3.8,0.7310585786300049,1.0315789473684212,5.924066779188566,0.46537396121883656,-0.36618515570593024
